_step,Agent/Lagrangian,Lag/mean_cost,Lag/pid_p,Lag/pid_i,Lag/pid_d,Diag/tv_post_prior,Diag/tv_post_prior_max_agent,Diag/bv_signed,Diag/bv_abs,Diag/v_post,steps
46,,,,,,0.9992035031318665,0.9999551177024841,-0.021799929440021515,0.10224761813879013,-1.5970278978347778,468.1111111111111
59,1.0001399517059326,,,,,,,,,,475.3333333333333
60,,8.0,,,,,,,,,475.8888888888889
61,,,0.20000000000000018,0.00014000000000000001,0.7999999999999998,,,,,,476.44444444444446
71,1.9101799726486206,,,,,,,,,,482.0
72,,8.0,,,,,,,,,482.55555555555554
73,,,0.39000000000000035,0.00018,1.5199999999999996,,,,,,483.1111111111111
81,2.738719940185547,,,,,,,,,,487.55555555555554
82,,8.0,,,,,,,,,488.1111111111111
83,,,0.5705000000000005,0.00022,2.1679999999999993,,,,,,488.6666666666667
95,3.4934349060058594,,,,,,,,,,495.3333333333333
96,,8.0,,,,,,,,,495.8888888888889
97,,,0.7419750000000006,0.00026000000000000003,2.751199999999999,,,,,,496.44444444444446
104,,,,,,0.9635304808616638,0.9758186936378479,0.00013575413322541863,0.005643398035317659,5.655891418457031,505.72727272727275
113,4.181256294250488,,,,,,,,,,525.3636363636364
114,,8.0,,,,,,,,,527.5454545454545
115,,,0.9048762500000007,0.00030000000000000003,3.276079999999999,,,,,,529.7272727272727
124,4.808444499969482,,,,,,,,,,549.3636363636364
125,,8.0,,,,,,,,,551.5454545454545
126,,,1.0596324375000008,0.00034,3.748471999999999,,,,,,553.7272727272727
144,5.380655765533447,,,,,,,,,,593.0
145,,8.0,,,,,,,,,595.1818181818181
146,,,1.2066508156250009,0.00038,4.173624799999999,,,,,,597.3636363636364
152,5.903000831604004,,,,,,,,,,610.4545454545455
153,,8.0,,,,,,,,,612.6363636363636
154,,,1.346318274843751,0.00042,4.556262319999998,,,,,,614.8181818181818
158,,,,,,0.6047986149787903,0.7072111964225769,-0.20510055124759674,0.26613038778305054,5.209970951080322,618.45
165,6.380098342895508,,,,,,,,,,628.6
166,,8.0,,,,,,,,,630.05
167,,,1.4790023611015635,0.00046,4.900636087999999,,,,,,631.5
174,6.81612491607666,,,,,,,,,,641.65
175,,8.0,,,,,,,,,643.1
176,,,1.6050522430464853,0.0005,5.210572479199999,,,,,,644.55
185,6.414855003356934,,,,,,,,,,657.6
186,,8.0,,,,,,,,,659.05
187,,,1.724799630894161,0.00054,4.689515231279999,,,,,,660.5
194,6.059703350067139,,,,,,,,,,670.65
195,,8.0,,,,,,,,,672.1
196,,,1.8385596493494532,0.00058,4.2205637081519995,,,,,,673.55
201,,,,,,0.5803846716880798,0.7214600443840027,0.0020199802238494158,0.3908531963825226,7.017496109008789,676.1836734693877
210,5.745759010314941,,,,,,,,,,681.5102040816327
211,,8.0,,,,,,,,,682.1020408163265
212,,,1.9466316668819805,0.00062,3.7985073373368,,,,,,682.6938775510204
221,5.468616485595703,,,,,,,,,,688.0204081632653
222,,8.0,,,,,,,,,688.6122448979592
223,,,2.0493000835378816,0.00066,3.4186566036031207,,,,,,689.204081632653
234,5.224326133728027,,,,,,,,,,695.7142857142857
235,,8.0,,,,,,,,,696.3061224489796
236,,,2.1468350793609874,0.0007,3.0767909432428087,,,,,,696.8979591836735
245,5.009345054626465,,,,,,,,,,702.2244897959183
246,,8.0,,,,,,,,,702.8163265306123
247,,,2.239493325392938,0.00074,2.7691118489185276,,,,,,703.4081632653061
252,,,,,,0.4782160222530365,0.5648207664489746,-0.3425101041793823,0.5183539986610413,6.539429664611816,704.7586206896551
259,,,,,,0.4590715169906616,0.5700875520706177,-0.2784271538257599,0.49302709102630615,5.926419734954834,707.4137931034483
270,4.820499420166016,,,,,,,,,,711.5862068965517
271,,8.0,,,,,,,,,711.9655172413793
272,,,2.327518659123291,0.00078,2.492200664026675,,,,,,712.3448275862069
283,4.654943466186523,,,,,,,,,,716.5172413793103
284,,8.0,,,,,,,,,716.8965517241379
285,,,2.4111427261671268,0.00082,2.2429805976240083,,,,,,717.2758620689655
292,4.510128021240234,,,,,,,,,,719.9310344827586
293,,8.0,,,,,,,,,720.3103448275862
294,,,2.4905855898587705,0.00086,2.018682537861607,,,,,,720.6896551724138
305,4.38377046585083,,,,,,,,,,724.8620689655172
306,,8.0,,,,,,,,,725.2413793103449
307,,,2.5660563103658323,0.0009,1.8168142840754467,,,,,,725.6206896551724
311,,,,,,0.48885270953178406,0.6232303380966187,-0.08652443438768387,0.3407517075538635,5.061121463775635,726.4772727272727
320,4.2738261222839355,,,,,,,,,,730.7727272727273
321,,8.0,,,,,,,,,731.25
322,,,2.6377534948475407,0.00094,1.6351328556679023,,,,,,731.7272727272727
332,4.178465366363525,,,,,,,,,,736.5
333,,8.0,,,,,,,,,736.9772727272727
334,,,2.705865820105164,0.00098,1.4716195701011117,,,,,,737.4545454545455
342,4.096050262451172,,,,,,,,,,741.2727272727273
343,,8.0,,,,,,,,,741.75
344,,,2.7705725290999057,0.00102,1.324457613091,,,,,,742.2272727272727
351,4.025115966796875,,,,,,,,,,745.5681818181819
352,,8.0,,,,,,,,,746.0454545454545
353,,,2.8320439026449105,0.0010600000000000002,1.1920118517819,,,,,,746.5227272727273
361,,,,,,0.4841160476207733,0.5563415288925171,-0.05868051201105118,0.23748677968978882,4.306081771850586,749.0652173913044
369,3.9643523693084717,,,,,,,,,,752.3695652173913
370,,8.0,,,,,,,,,752.7826086956521
371,,,2.890441707512665,0.0011000000000000003,1.0728106666037105,,,,,,753.195652173913
377,3.9125893115997314,,,,,,,,,,755.6739130434783
378,,8.0,,,,,,,,,756.0869565217391
379,,,2.9459196221370316,0.0011400000000000004,0.9655295999433395,,,,,,756.5
386,3.8687803745269775,,,,,,,,,,759.3913043478261
387,,8.0,,,,,,,,,759.804347826087
388,,,2.9986236410301803,0.0011800000000000005,0.8689766399490058,,,,,,760.2173913043479
399,3.83199143409729,,,,,,,,,,764.7608695652174
400,,8.0,,,,,,,,,765.1739130434783
401,,,3.0486924589786715,0.0012200000000000006,0.7820789759541054,,,,,,765.5869565217391
407,,,,,,0.47436586022377014,0.6111567616462708,0.020334407687187195,0.13908080756664276,2.5570459365844727,767.4651162790698
416,3.80138897895813,,,,,,,,,,771.8604651162791
417,,8.0,,,,,,,,,772.3488372093024
418,,,3.096257836029738,0.0012600000000000007,0.703871078358695,,,,,,772.8372093023256
425,3.776228904724121,,,,,,,,,,776.2558139534883
426,,8.0,,,,,,,,,776.7441860465116
427,,,3.141444944228251,0.0013000000000000008,0.6334839705228248,,,,,,777.2325581395348
436,3.7558481693267822,,,,,,,,,,781.6279069767442
437,,8.0,,,,,,,,,782.1162790697674
438,,,3.1843726970168387,0.001340000000000001,0.5701355734705418,,,,,,782.6046511627907
444,3.7396559715270996,,,,,,,,,,785.5348837209302
445,,8.0,,,,,,,,,786.0232558139535
446,,,3.2251540621659966,0.001380000000000001,0.5131220161234875,,,,,,786.5116279069767
452,,,,,,0.5291927456855774,0.6118782162666321,-0.0034070517867803574,0.14274753630161285,4.189045429229736,788.1632653061224
462,3.727126121520996,,,,,,,,,,792.0408163265306
463,,8.0,,,,,,,,,792.4285714285714
464,,,3.263896359057697,0.0014200000000000011,0.4618098145111391,,,,,,792.8163265306123
477,3.717790365219116,,,,,,,,,,797.8571428571429
478,,8.0,,,,,,,,,798.2448979591836
479,,,3.300701541104812,0.0014600000000000012,0.4156288330600244,,,,,,798.6326530612245
487,3.7112324237823486,,,,,,,,,,801.734693877551
488,,8.0,,,,,,,,,802.1224489795918
489,,,3.3356664640495715,0.0015000000000000013,0.37406594975402196,,,,,,802.5102040816327
495,3.707082509994507,,,,,,,,,,804.8367346938776
496,,8.0,,,,,,,,,805.2244897959183
497,,,3.368883140847093,0.0015400000000000014,0.33665935477861986,,,,,,805.6122448979592
503,,,,,,0.5764036178588867,0.6802120804786682,0.010706599801778793,0.2005312293767929,4.516956329345703,807.531914893617
506,,,,,,0.5974146127700806,0.6849352717399597,0.04770830273628235,0.1793215423822403,4.484248161315918,809.063829787234
512,3.705012321472168,,,,,,,,,,812.1276595744681
513,,8.0,,,,,,,,,812.6382978723404
514,,,3.4004389838047384,0.0015800000000000015,0.3029934193007575,,,,,,813.1489361702128
527,3.7047312259674072,,,,,,,,,,819.7872340425532
528,,8.0,,,,,,,,,820.2978723404256
529,,,3.4304170346145013,0.0016200000000000016,0.27269407737068185,,,,,,820.8085106382979
536,3.7059807777404785,,,,,,,,,,824.3829787234042
537,,8.0,,,,,,,,,824.8936170212766
538,,,3.4588961828837763,0.0016600000000000018,0.2454246696336133,,,,,,825.4042553191489
544,3.708533525466919,,,,,,,,,,828.468085106383
545,,8.0,,,,,,,,,828.9787234042553
546,,,3.4859513737395877,0.0017000000000000019,0.2208822026702526,,,,,,829.4893617021277
554,,,,,,0.5421361923217773,0.6860988736152649,0.1150537058711052,0.17297108471393585,3.787964344024658,832.0
563,3.7121877670288086,,,,,,,,,,835.6
564,,8.0,,,,,,,,,836.0
565,,,3.5116538050526085,0.001740000000000002,0.19879398240322743,,,,,,836.4
574,3.7167656421661377,,,,,,,,,,840.0
575,,8.0,,,,,,,,,840.4
576,,,3.536071114799978,0.001780000000000002,0.1789145841629045,,,,,,840.8
585,3.7221107482910156,,,,,,,,,,844.4
586,,8.0,,,,,,,,,844.8
587,,,3.5592675590599794,0.0018200000000000022,0.16102312574661415,,,,,,845.2
596,3.7280850410461426,,,,,,,,,,848.8
597,,8.0,,,,,,,,,849.2
598,,,3.5813041811069803,0.0018600000000000023,0.14492081317195282,,,,,,849.6
605,,,,,,0.4645308554172516,0.5708276629447937,0.018398933112621307,0.11022498458623886,1.6278055906295776,851.6153846153846
613,3.734567642211914,,,,,,,,,,854.8461538461538
614,,8.0,,,,,,,,,855.25
615,,,3.6022389720516315,0.0019000000000000024,0.13042873185475745,,,,,,855.6538461538462
625,3.741452932357788,,,,,,,,,,859.6923076923077
626,,8.0,,,,,,,,,860.0961538461538
627,,,3.6221270234490497,0.0019400000000000025,0.11738585866928197,,,,,,860.5
638,3.748647928237915,,,,,,,,,,864.9423076923077
639,,8.0,,,,,,,,,865.3461538461538
640,,,3.641020672276597,0.0019800000000000026,0.10564727280235431,,,,,,865.75
650,3.7560722827911377,,,,,,,,,,869.7884615384615
651,,8.0,,,,,,,,,870.1923076923077
652,,,3.6589696386627675,0.0020200000000000027,0.0950825455221187,,,,,,870.5961538461538
658,,,,,,0.5650251507759094,0.6948142051696777,0.005788578186184168,0.16226929426193237,3.0896077156066895,872.8139534883721
670,3.763655424118042,,,,,,,,,,880.0697674418604
671,,8.0,,,,,,,,,880.6744186046511
672,,,3.6760211567296293,0.002060000000000003,0.0855742909699071,,,,,,881.2790697674419
677,3.7713370323181152,,,,,,,,,,884.3023255813954
678,,8.0,,,,,,,,,884.9069767441861
679,,,3.6922200988931477,0.002100000000000003,0.07701686187291656,,,,,,885.5116279069767
684,3.779064178466797,,,,,,,,,,888.5348837209302
685,,8.0,,,,,,,,,889.1395348837209
686,,,3.7076090939484905,0.002140000000000003,0.06931517568562562,,,,,,889.7441860465116
695,3.786792278289795,,,,,,,,,,895.1860465116279
696,,8.0,,,,,,,,,895.7906976744187
697,,,3.722228639251066,0.002180000000000003,0.06238365811706359,,,,,,896.3953488372093
701,,,,,,0.48050302267074585,0.537667989730835,0.016353102400898933,0.11257439851760864,2.508547782897949,897.6136363636364
712,3.794482469558716,,,,,,,,,,904.3636363636364
713,,8.0,,,,,,,,,904.9772727272727
714,,,3.7361172072885127,0.0022200000000000032,0.0561452923053567,,,,,,905.5909090909091
721,3.8021020889282227,,,,,,,,,,909.8863636363636
722,,8.0,,,,,,,,,910.5
723,,,3.7493113469240873,0.0022600000000000033,0.050530763074821294,,,,,,911.1136363636364
730,3.8096234798431396,,,,,,,,,,915.4090909090909
731,,8.0,,,,,,,,,916.0227272727273
732,,,3.761845779577883,0.0023000000000000034,0.04547768676733899,,,,,,916.6363636363636
741,3.817023515701294,,,,,,,,,,922.1590909090909
742,,8.0,,,,,,,,,922.7727272727273
743,,,3.7737534905989887,0.0023400000000000035,0.040929918090604644,,,,,,923.3863636363636
748,,,,,,0.5002684593200684,0.6042596101760864,0.012076864950358868,0.13539114594459534,1.0964974164962769,929.2173913043479
753,,,,,,0.48099565505981445,0.6180357336997986,0.008475911803543568,0.13608692586421967,1.026754379272461,942.2608695652174
762,3.824282646179199,,,,,,,,,,965.7391304347826
763,,8.0,,,,,,,,,968.3478260869565
764,,,3.7850658160690394,0.0023800000000000036,0.036836926281544,,,,,,970.9565217391305
773,3.831385850906372,,,,,,,,,,994.4347826086956
774,,8.0,,,,,,,,,997.0434782608695
775,,,3.795812525265587,0.0024200000000000037,0.03315323365338951,,,,,,999.6521739130435
781,3.838319778442383,,,,,,,,,,1015.304347826087
782,,8.0,,,,,,,,,1017.9130434782609
783,,,3.806021899002308,0.002460000000000004,0.02983791028805083,,,,,,1020.5217391304348
789,3.8450748920440674,,,,,,,,,,1036.1739130434783
790,,8.0,,,,,,,,,1038.7826086956522
791,,,3.8157208040521926,0.002500000000000004,0.0268541192592453,,,,,,1041.391304347826
796,,,,,,0.4032004475593567,0.556938886642456,0.035700343549251556,0.13121604919433594,0.30184853076934814,1048.8979591836735
807,3.8516435623168945,,,,,,,,,,1075.8367346938776
808,,8.0,,,,,,,,,1078.2857142857142
809,,,3.824934763849583,0.002540000000000004,0.024168707333320327,,,,,,1080.734693877551
817,3.8580198287963867,,,,,,,,,,1100.3265306122448
818,,8.0,,,,,,,,,1102.7755102040817
819,,,3.833688025657104,0.002580000000000004,0.021751836599988472,,,,,,1105.2244897959183
830,3.8642003536224365,,,,,,,,,,1132.1632653061224
831,,8.0,,,,,,,,,1134.6122448979593
832,,,3.842003624374249,0.0026200000000000043,0.01957665293998989,,,,,,1137.061224489796
840,3.870182514190674,,,,,,,,,,1156.6530612244899
841,,8.0,,,,,,,,,1159.1020408163265
842,,,3.8499034431555366,0.0026600000000000044,0.017618987645991346,,,,,,1161.5510204081634
848,,,,,,0.42623379826545715,0.5844009518623352,0.01137626077979803,0.1252177655696869,-0.6542695760726929,1171.3469387755101
865,3.8759653568267822,,,,,,,,,,1212.9795918367347
866,,8.0,,,,,,,,,1215.4285714285713
867,,,3.8574082709977597,0.0027000000000000045,0.015857088881392478,,,,,,1217.8775510204082
871,3.881549119949341,,,,,,,,,,1227.6734693877552
872,,8.0,,,,,,,,,1230.1224489795918
873,,,3.8645378574478717,0.0027400000000000046,0.014271379993253674,,,,,,1232.5714285714287
882,3.886935234069824,,,,,,,,,,1254.6122448979593
883,,8.0,,,,,,,,,1257.061224489796
884,,,3.871310964575478,0.0027800000000000047,0.012844241993928307,,,,,,1259.5102040816328
891,3.892125129699707,,,,,,,,,,1276.6530612244899
892,,8.0,,,,,,,,,1279.1020408163265
893,,,3.877745416346704,0.002820000000000005,0.011559817794535299,,,,,,1281.5510204081634
897,,,,,,0.49599596858024597,0.6072762608528137,0.03264445438981056,0.13982155919075012,-0.7724526524543762,1286.5
911,3.8971219062805176,,,,,,,,,,1321.5
912,,8.0,,,,,,,,,1324.0
913,,,3.883858145529369,0.002860000000000005,0.010403836015081325,,,,,,1326.5
920,3.901928663253784,,,,,,,,,,1344.0
921,,8.0,,,,,,,,,1346.5
922,,,3.8896652382529004,0.002900000000000005,0.009363452413572837,,,,,,1349.0
930,3.9065489768981934,,,,,,,,,,1369.0
931,,8.0,,,,,,,,,1371.5
932,,,3.8951819763402553,0.002940000000000005,0.008427107172215287,,,,,,1374.0
941,3.910987377166748,,,,,,,,,,1396.5
942,,8.0,,,,,,,,,1399.0
943,,,3.9004228775232423,0.002980000000000005,0.007584396454993758,,,,,,1401.5
948,,,,,,0.47900527715682983,0.6360228657722473,0.060267604887485504,0.2008783370256424,-2.192018747329712,1408.8979591836735
962,3.915247678756714,,,,,,,,,,1443.1836734693877
963,,8.0,,,,,,,,,1445.6326530612246
964,,,3.9054017336470803,0.0030200000000000053,0.006825956809494826,,,,,,1448.0816326530612
970,3.919335126876831,,,,,,,,,,1462.7755102040817
971,,8.0,,,,,,,,,1465.2244897959183
972,,,3.9101316469647265,0.0030600000000000054,0.006143361128544633,,,,,,1467.6734693877552
979,3.9232540130615234,,,,,,,,,,1484.8163265306123
980,,8.0,,,,,,,,,1487.265306122449
981,,,3.91462506461649,0.0031000000000000055,0.005529025015690081,,,,,,1489.7142857142858
992,3.9270098209381104,,,,,,,,,,1516.6530612244899
993,,8.0,,,,,,,,,1519.1020408163265
994,,,3.9188938113856655,0.0031400000000000056,0.004976122514120718,,,,,,1521.5510204081634
998,,,,,,0.4635499119758606,0.6431721448898315,0.048655953258275986,0.18028700351715088,-2.3826229572296143,1524.5
1001,,,,,,0.5183168053627014,0.714663565158844,0.05013509467244148,0.16301067173480988,-2.4927945137023926,1526.0
1011,3.930607557296753,,,,,,,,,,1531.0
1012,,8.0,,,,,,,,,1531.5
1013,,,3.9229491208163823,0.0031800000000000057,0.004478510262708291,,,,,,1532.0
1023,3.9340522289276123,,,,,,,,,,1537.0
1024,,8.0,,,,,,,,,1537.5
1025,,,3.9268016647755632,0.003220000000000006,0.004030659236437195,,,,,,1538.0
1038,3.9373490810394287,,,,,,,,,,1544.5
1039,,8.0,,,,,,,,,1545.0
1040,,,3.930461581536785,0.003260000000000006,0.003627593312793387,,,,,,1545.5
1052,3.9405033588409424,,,,,,,,,,1551.5
1053,,8.0,,,,,,,,,1552.0
1054,,,3.933938502459946,0.003300000000000006,0.00326483398151467,,,,,,1552.5
1060,,,,,,0.5060735940933228,0.7035582065582275,0.03476966172456741,0.18034207820892334,-2.845339298248291,1559.5454545454545
1073,3.9435198307037354,,,,,,,,,,1587.909090909091
1074,,8.0,,,,,,,,,1590.090909090909
1075,,,3.9372415773369487,0.003340000000000006,0.002938350583363558,,,,,,1592.2727272727273
1084,3.946403980255127,,,,,,,,,,1611.909090909091
1085,,8.0,,,,,,,,,1614.090909090909
1086,,,3.9403794984701013,0.0033800000000000063,0.0026445155250272023,,,,,,1616.2727272727273
1094,3.949160575866699,,,,,,,,,,1633.7272727272727
1095,,8.0,,,,,,,,,1635.909090909091
1096,,,3.943360523546596,0.0034200000000000064,0.0023800639725237716,,,,,,1638.090909090909
1109,3.9517946243286133,,,,,,,,,,1666.4545454545455
1110,,8.0,,,,,,,,,1668.6363636363635
1111,,,3.946192497369266,0.0034600000000000065,0.0021420575752717497,,,,,,1670.8181818181818
1120,,,,,,0.49030596017837524,0.685488224029541,0.058370158076286316,0.17009945213794708,-1.7023848295211792,1677.3333333333333
1131,3.954310655593872,,,,,,,,,,1685.2777777777778
1132,,8.0,,,,,,,,,1686.0
1133,,,3.948882872500803,0.0035000000000000066,0.0019278518177445747,,,,,,1686.7222222222222
1139,3.9567136764526367,,,,,,,,,,1691.0555555555557
1140,,8.0,,,,,,,,,1691.7777777777778
1141,,,3.951438728875763,0.0035400000000000067,0.0017350666359705613,,,,,,1692.5
1154,3.9590084552764893,,,,,,,,,,1701.888888888889
1155,,8.0,,,,,,,,,1702.611111111111
1156,,,3.953866792431975,0.003580000000000007,0.0015615599723739493,,,,,,1703.3333333333333
1165,3.9611988067626953,,,,,,,,,,1709.8333333333333
1166,,8.0,,,,,,,,,1710.5555555555557
1167,,,3.956173452810376,0.003620000000000007,0.0014054039751369984,,,,,,1711.2777777777778
1171,,,,,,0.49481335282325745,0.726780116558075,0.08169565349817276,0.14565664529800415,-2.2254843711853027,1714.5531914893618
1180,3.963289737701416,,,,,,,,,,1737.531914893617
1181,,8.0,,,,,,,,,1740.0851063829787
1182,,,3.958364780169857,0.003660000000000007,0.001264863577623565,,,,,,1742.6382978723404
1193,3.965284824371338,,,,,,,,,,1770.723404255319
1194,,8.0,,,,,,,,,1773.276595744681
1195,,,3.9604465411613643,0.003700000000000007,0.0011383772198607645,,,,,,1775.8297872340427
1203,3.967188835144043,,,,,,,,,,1796.2553191489362
1204,,8.0,,,,,,,,,1798.8085106382978
1205,,,3.962424214103296,0.003740000000000007,0.0010245394978749545,,,,,,1801.3617021276596
1214,3.9690051078796387,,,,,,,,,,1824.340425531915
1215,,8.0,,,,,,,,,1826.8936170212767
1216,,,3.9643030033981312,0.0037800000000000073,0.0009220855480869261,,,,,,1829.4468085106382
1221,,,,,,0.5012935996055603,0.743363618850708,0.06022508069872856,0.17171260714530945,-1.7234586477279663,1834.88
1235,3.9707376956939697,,,,,,,,,,1855.04
1236,,8.0,,,,,,,,,1856.48
1237,,,3.966087853228225,0.0038200000000000074,0.0008298769932784111,,,,,,1857.92
1245,3.9723904132843018,,,,,,,,,,1869.44
1246,,8.0,,,,,,,,,1870.88
1247,,,3.967783460566814,0.0038600000000000075,0.0007468892939508365,,,,,,1872.32
1259,3.973966598510742,,,,,,,,,,1889.6
1260,,8.0,,,,,,,,,1891.04
1261,,,3.9693942875384733,0.0039000000000000076,0.0006722003645558416,,,,,,1892.48
1266,3.9754695892333984,,,,,,,,,,1899.68
1267,,8.0,,,,,,,,,1901.12
1268,,,3.97092457316155,0.003940000000000008,0.0006049803280996358,,,,,,1902.56
1273,,,,,,0.4729730486869812,0.6680750846862793,0.013534506782889366,0.13978417217731476,-1.501626968383789,1909.4545454545455
1276,,,,,,0.47609221935272217,0.5692374110221863,0.0670679435133934,0.17833755910396576,-1.4544345140457153,1917.6363636363637
1281,3.976902723312378,,,,,,,,,,1931.2727272727273
1282,,8.0,,,,,,,,,1934.0
1283,,,3.9723783445034724,0.003980000000000008,0.0005444822952895834,,,,,,1936.7272727272727
1291,3.978269577026367,,,,,,,,,,1958.5454545454545
1292,,8.0,,,,,,,,,1961.2727272727273
1293,,,3.973759427278299,0.004020000000000008,0.0004900340657600921,,,,,,1964.0
1301,3.9795725345611572,,,,,,,,,,1985.8181818181818
1302,,8.0,,,,,,,,,1988.5454545454545
1303,,,3.975071455914384,0.004060000000000008,0.0004410306591839941,,,,,,1991.2727272727273
1312,3.9808146953582764,,,,,,,,,,2015.8181818181818
1313,,8.0,,,,,,,,,2018.5454545454545
1314,,,3.9763178831186647,0.004100000000000008,0.0003969275932655947,,,,,,2021.2727272727273
1320,,,,,,0.4953291118144989,0.716361403465271,0.02049769088625908,0.16163747012615204,-1.493349552154541,2026.4666666666667
1330,3.981999158859253,,,,,,,,,,2034.6888888888889
1331,,8.0,,,,,,,,,2035.5111111111112
1332,,,3.9775019889627314,0.004140000000000008,0.00035723483393912403,,,,,,2036.3333333333333
1341,3.983128309249878,,,,,,,,,,2043.7333333333333
1342,,8.0,,,,,,,,,2044.5555555555557
1343,,,3.978626889514595,0.004180000000000008,0.0003215113505454781,,,,,,2045.3777777777777
1348,3.9842050075531006,,,,,,,,,,2049.488888888889
1349,,8.0,,,,,,,,,2050.311111111111
1350,,,3.979695545038865,0.0042200000000000085,0.00028936021549075264,,,,,,2051.133333333333
1359,3.9852311611175537,,,,,,,,,,2058.5333333333333
1360,,8.0,,,,,,,,,2059.3555555555554
1361,,,3.980710767786922,0.004260000000000009,0.0002604241939412333,,,,,,2060.177777777778
1368,,,,,,0.48355963826179504,0.6404390335083008,0.06363532692193985,0.16100753843784332,-1.5968024730682373,2070.230769230769
1382,3.9862096309661865,,,,,,,,,,2102.5384615384614
1383,,8.0,,,,,,,,,2104.846153846154
1384,,,3.9816752293975757,0.004300000000000009,0.00023438177454693232,,,,,,2107.153846153846
1395,3.987142324447632,,,,,,,,,,2132.5384615384614
1396,,8.0,,,,,,,,,2134.846153846154
1397,,,3.982591467927697,0.004340000000000009,0.00021094359709206145,,,,,,2137.153846153846
1403,3.9880316257476807,,,,,,,,,,2151.0
1404,,8.0,,,,,,,,,2153.3076923076924
1405,,,3.983461894531312,0.004380000000000009,0.00018984923738241122,,,,,,2155.6153846153848
1413,3.988879680633545,,,,,,,,,,2174.076923076923
1414,,8.0,,,,,,,,,2176.3846153846152
1415,,,3.9842887998047463,0.004420000000000009,0.00017086431364443655,,,,,,2178.6923076923076
1420,,,,,,0.4461590051651001,0.6533361673355103,0.04229895398020744,0.10911518335342407,-1.3745343685150146,2185.5283018867926
1435,3.9896881580352783,,,,,,,,,,2219.490566037736
1436,,8.0,,,,,,,,,2221.754716981132
1437,,,3.985074359814509,0.004460000000000009,0.00015377788228043698,,,,,,2224.0188679245284
1444,3.9904589653015137,,,,,,,,,,2239.867924528302
1445,,8.0,,,,,,,,,2242.132075471698
1446,,,3.9858206418237834,0.004500000000000009,0.00013840009405274856,,,,,,2244.396226415094
1456,3.991194248199463,,,,,,,,,,2267.0377358490564
1457,,8.0,,,,,,,,,2269.301886792453
1458,,,3.986529609732594,0.004540000000000009,0.00012456008464667434,,,,,,2271.566037735849
1468,3.9918951988220215,,,,,,,,,,2294.2075471698113
1469,,8.0,,,,,,,,,2296.4716981132074
1470,,,3.9872031292459647,0.004580000000000009,0.0001121040761820069,,,,,,2298.735849056604
1474,,,,,,0.4299059510231018,0.5810925364494324,0.010376007296144962,0.11888349056243896,-1.4374347925186157,2302.0188679245284
1488,3.9925639629364014,,,,,,,,,,2316.2830188679245
1489,,8.0,,,,,,,,,2317.301886792453
1490,,,3.9878429727836666,0.0046200000000000095,0.00010089366856380622,,,,,,2318.3207547169814
1500,3.993201732635498,,,,,,,,,,2328.509433962264
1501,,8.0,,,,,,,,,2329.5283018867926
1502,,,3.988450824144483,0.00466000000000001,9.080430170715914e-05,,,,,,2330.5471698113206
1511,3.993809938430786,,,,,,,,,,2339.7169811320755
1512,,8.0,,,,,,,,,2340.735849056604
1513,,,3.989028282937259,0.00470000000000001,8.17238715358215e-05,,,,,,2341.754716981132
1523,3.9943904876708984,,,,,,,,,,2351.943396226415
1524,,8.0,,,,,,,,,2352.9622641509436
1525,,,3.989576868790396,0.00474000000000001,7.355148438303871e-05,,,,,,2353.9811320754716
1530,,,,,,0.45761173963546753,0.6557565927505493,0.016831781715154648,0.10355141758918762,-1.5434455871582031,2356.1071428571427
1534,,,,,,0.4757397770881653,0.6611213684082031,0.03743353858590126,0.11615525186061859,-1.4619945287704468,2358.3214285714284
1543,3.9949443340301514,,,,,,,,,,2363.3035714285716
1544,,8.0,,,,,,,,,2363.8571428571427
1545,,,3.990098025350876,0.00478000000000001,6.619633594517893e-05,,,,,,2364.410714285714
1552,3.9954726696014404,,,,,,,,,,2368.285714285714
1553,,8.0,,,,,,,,,2368.839285714286
1554,,,3.9905931240833326,0.00482000000000001,5.957670235101631e-05,,,,,,2369.3928571428573
1566,3.9959771633148193,,,,,,,,,,2376.035714285714
1567,,8.0,,,,,,,,,2376.589285714286
1568,,,3.991063467879166,0.00486000000000001,5.3619032115648224e-05,,,,,,2377.1428571428573
1581,3.9964585304260254,,,,,,,,,,2384.339285714286
1582,,8.0,,,,,,,,,2384.8928571428573
1583,,,3.9915102944852077,0.00490000000000001,4.8257128903550495e-05,,,,,,2385.4464285714284
1591,,,,,,0.47535327076911926,0.7158268094062805,0.04093791916966438,0.1367635279893875,-1.7752068042755127,2396.909090909091
1605,3.996918201446533,,,,,,,,,,2427.4545454545455
1606,,8.0,,,,,,,,,2429.6363636363635
1607,,,3.9919347797609475,0.00494000000000001,4.343141601381717e-05,,,,,,2431.818181818182
1612,3.997357130050659,,,,,,,,,,2442.7272727272725
1613,,8.0,,,,,,,,,2444.909090909091
1614,,,3.9923380407729,0.0049800000000000105,3.9088274411902546e-05,,,,,,2447.090909090909
1623,3.9977762699127197,,,,,,,,,,2466.7272727272725
1624,,8.0,,,,,,,,,2468.909090909091
1625,,,3.9927211387342547,0.0050200000000000106,3.517944697151165e-05,,,,,,2471.090909090909
1638,3.9981768131256104,,,,,,,,,,2499.4545454545455
1639,,8.0,,,,,,,,,2501.6363636363635
1640,,,3.993085081797542,0.005060000000000011,3.166150227507103e-05,,,,,,2503.818181818182
1647,,,,,,0.4514176547527313,0.6892540454864502,0.04485085979104042,0.1133742555975914,-1.6482818126678467,2515.795918367347
1656,3.9985592365264893,,,,,,,,,,2537.8367346938776
1657,,8.0,,,,,,,,,2540.285714285714
1658,,,3.9934308277076647,0.005100000000000011,2.8495352047741562e-05,,,,,,2542.734693877551
1669,3.998924970626831,,,,,,,,,,2569.673469387755
1670,,8.0,,,,,,,,,2572.122448979592
1671,,,3.9937592863222813,0.005140000000000011,2.5645816842612135e-05,,,,,,2574.5714285714284
1678,3.999274492263794,,,,,,,,,,2591.714285714286
1679,,8.0,,,,,,,,,2594.1632653061224
1680,,,3.9940713220061674,0.005180000000000011,2.3081235158706193e-05,,,,,,2596.612244897959
1689,3.9996085166931152,,,,,,,,,,2618.6530612244896
1690,,8.0,,,,,,,,,2621.1020408163267
1691,,,3.9943677559058592,0.005220000000000011,2.0773111642391484e-05,,,,,,2623.5510204081634
1697,,,,,,0.4620186686515808,0.7369192838668823,0.06425322592258453,0.14588958024978638,-1.6640068292617798,2632.206896551724
1711,3.9999279975891113,,,,,,,,,,2661.1724137931033
1712,,8.0,,,,,,,,,2663.2413793103447
1713,,,3.9946493681105664,0.005260000000000011,1.869580047841879e-05,,,,,,2665.310344827586
1724,4.0002336502075195,,,,,,,,,,2688.0689655172414
1725,,8.0,,,,,,,,,2690.137931034483
1726,,,3.994916899705038,0.005300000000000011,1.6826220431198635e-05,,,,,,2692.206896551724
1735,4.000526428222656,,,,,,,,,,2710.8275862068967
1736,,8.0,,,,,,,,,2712.896551724138
1737,,,3.995171054719786,0.005340000000000011,1.51435983877235e-05,,,,,,2714.9655172413795
1749,4.0008063316345215,,,,,,,,,,2739.793103448276
1750,,8.0,,,,,,,,,2741.862068965517
1751,,,3.9954125019837967,0.0053800000000000115,1.3629238549306422e-05,,,,,,2743.9310344827586
1758,,,,,,0.46426352858543396,0.6179822683334351,0.040384721010923386,0.1347406506538391,-1.1952451467514038,2756.2127659574467
1768,4.001074314117432,,,,,,,,,,2781.744680851064
1769,,8.0,,,,,,,,,2784.2978723404253
1770,,,3.9956418768846067,0.005420000000000012,1.2266314693754055e-05,,,,,,2786.851063829787
1777,4.001330852508545,,,,,,,,,,2804.723404255319
1778,,8.0,,,,,,,,,2807.276595744681
1779,,,3.9958597830403764,0.005460000000000012,1.1039683224467467e-05,,,,,,2809.8297872340427
1787,4.001576900482178,,,,,,,,,,2830.255319148936
1788,,8.0,,,,,,,,,2832.808510638298
1789,,,3.9960667938883576,0.005500000000000012,9.935714902375992e-06,,,,,,2835.3617021276596
1798,4.00181245803833,,,,,,,,,,2858.340425531915
1799,,8.0,,,,,,,,,2860.8936170212764
1800,,,3.9962634541939397,0.005540000000000012,8.942143412404846e-06,,,,,,2863.446808510638
1804,,,,,,0.4149608612060547,0.7032615542411804,0.01882903091609478,0.09277454763650894,-2.1087806224823,2868.222222222222
1807,,,,,,0.5036933422088623,0.7116592526435852,0.014779807068407536,0.12582606077194214,-1.9169718027114868,2874.8888888888887
1819,4.002038478851318,,,,,,,,,,2901.5555555555557
1820,,8.0,,,,,,,,,2903.777777777778
1821,,,3.996450281484243,0.005580000000000012,8.047929070720272e-06,,,,,,2906.0
1831,4.002254962921143,,,,,,,,,,2928.222222222222
1832,,8.0,,,,,,,,,2930.4444444444443
1833,,,3.996627767410031,0.005620000000000012,7.243136163737063e-06,,,,,,2932.6666666666665
1843,4.002462863922119,,,,,,,,,,2954.8888888888887
1844,,8.0,,,,,,,,,2957.1111111111113
1845,,,3.9967963790395293,0.005660000000000012,6.518822546652814e-06,,,,,,2959.3333333333335
1854,4.002662658691406,,,,,,,,,,2979.3333333333335
1855,,8.0,,,,,,,,,2981.5555555555557
1856,,,3.9969565600875527,0.005700000000000012,5.866940291809897e-06,,,,,,2983.777777777778
1862,,,,,,0.44148916006088257,0.637308657169342,0.01243257150053978,0.14382988214492798,-1.8862802982330322,2994.0
1870,4.002853870391846,,,,,,,,,,3015.3333333333335
1871,,8.0,,,,,,,,,3018.0
1872,,,3.9971087320831753,0.0057400000000000125,5.280246262451271e-06,,,,,,3020.6666666666665
1879,4.003037929534912,,,,,,,,,,3039.3333333333335
1880,,8.0,,,,,,,,,3042.0
1881,,,3.9972532954790165,0.0057800000000000126,4.7522216366502334e-06,,,,,,3044.6666666666665
1891,4.0032148361206055,,,,,,,,,,3071.3333333333335
1892,,8.0,,,,,,,,,3074.0
1893,,,3.9973906307050657,0.005820000000000013,4.276999472807574e-06,,,,,,3076.6666666666665
1901,4.003385066986084,,,,,,,,,,3098.0
1902,,8.0,,,,,,,,,3100.6666666666665
1903,,,3.9975210991698122,0.005860000000000013,3.849299525349181e-06,,,,,,3103.3333333333335
1909,,,,,,0.47056663036346436,0.7193752527236938,0.04468782991170883,0.13123607635498047,-1.686754822731018,3107.764705882353
1918,4.003548622131348,,,,,,,,,,3113.0588235294117
1919,,8.0,,,,,,,,,3113.6470588235293
1920,,,3.9976450442113216,0.005900000000000013,3.4643695725478096e-06,,,,,,3114.235294117647
1930,4.003705978393555,,,,,,,,,,3120.1176470588234
1931,,8.0,,,,,,,,,3120.705882352941
1932,,,3.9977627920007555,0.005940000000000013,3.117932615204211e-06,,,,,,3121.294117647059
1943,4.003857612609863,,,,,,,,,,3127.764705882353
1944,,8.0,,,,,,,,,3128.3529411764707
1945,,,3.997874652400718,0.005980000000000013,2.8061393537726076e-06,,,,,,3128.9411764705883
1954,4.004003524780273,,,,,,,,,,3134.235294117647
1955,,8.0,,,,,,,,,3134.823529411765
1956,,,3.997980919780682,0.006020000000000013,2.5255254181288933e-06,,,,,,3135.4117647058824
1962,,,,,,0.46188727021217346,0.6851381659507751,0.02218671701848507,0.16484782099723816,-1.7281794548034668,3142.923076923077
1973,4.004144191741943,,,,,,,,,,3168.3076923076924
1974,,8.0,,,,,,,,,3170.6153846153848
1975,,,3.998081873791648,0.006060000000000013,2.2729728765824575e-06,,,,,,3172.923076923077
1987,4.004279613494873,,,,,,,,,,3200.6153846153848
1988,,8.0,,,,,,,,,3202.923076923077
1989,,,3.9981777801020657,0.006100000000000013,2.0456755889242118e-06,,,,,,3205.230769230769
1997,4.004410743713379,,,,,,,,,,3223.6923076923076
1998,,8.0,,,,,,,,,3226.0
1999,,,3.9982688910969624,0.0061400000000000135,1.8411080304758798e-06,,,,,,3228.3076923076924
2008,4.004537105560303,,,,,,,,,,3249.076923076923
2009,,8.0,,,,,,,,,3251.3846153846152
2010,,,3.998355446542114,0.006180000000000014,1.6569972274282918e-06,,,,,,3253.6923076923076
2016,,,,,,0.3949977457523346,0.6034509539604187,0.032455794513225555,0.10433432459831238,-1.5871111154556274,3262.5454545454545
2029,4.004659175872803,,,,,,,,,,3290.909090909091
2030,,8.0,,,,,,,,,3293.090909090909
2031,,,3.9984376742150083,0.006220000000000014,1.491297505040734e-06,,,,,,3295.2727272727275
2042,4.004776954650879,,,,,,,,,,3319.2727272727275
2043,,8.0,,,,,,,,,3321.4545454545455
2044,,,3.998515790504258,0.006260000000000014,1.3421677547142963e-06,,,,,,3323.6363636363635
2054,4.004891395568848,,,,,,,,,,3345.4545454545455
2055,,8.0,,,,,,,,,3347.6363636363635
2056,,,3.998590000979045,0.006300000000000014,1.2079509792428667e-06,,,,,,3349.818181818182
2065,4.005001544952393,,,,,,,,,,3369.4545454545455
2066,,8.0,,,,,,,,,3371.6363636363635
2067,,,3.9986605009300926,0.006340000000000014,1.0871558808744908e-06,,,,,,3373.818181818182
2071,,,,,,0.46683844923973083,0.6532880067825317,0.01976398378610611,0.12519782781600952,-0.5480506420135498,3378.1052631578946
2076,,,,,,0.4742254912853241,0.7126920223236084,0.02776549756526947,0.12082971632480621,-0.6946818828582764,3388.6315789473683
2087,4.00510835647583,,,,,,,,,,3411.7894736842104
2088,,8.0,,,,,,,,,3413.8947368421054
2089,,,3.998727475883588,0.006380000000000014,9.784402923429525e-07,,,,,,3416.0
2102,4.00521183013916,,,,,,,,,,3443.3684210526317
2103,,8.0,,,,,,,,,3445.4736842105262
2104,,,3.9987911020894082,0.006420000000000014,8.805962634639286e-07,,,,,,3447.5789473684213
2113,4.005312442779541,,,,,,,,,,3466.5263157894738
2114,,8.0,,,,,,,,,3468.6315789473683
2115,,,3.998851546984938,0.006460000000000014,7.925366372063536e-07,,,,,,3470.7368421052633
2124,4.0054097175598145,,,,,,,,,,3489.684210526316
2125,,8.0,,,,,,,,,3491.7894736842104
2126,,,3.998908969635691,0.0065000000000000144,7.132829731304469e-07,,,,,,3493.8947368421054
2132,,,,,,0.39946457743644714,0.6668890714645386,0.02332049421966076,0.08946708589792252,-0.11875490099191666,3498.232558139535
2142,4.005504131317139,,,,,,,,,,3505.6744186046512
2143,,8.0,,,,,,,,,3506.4186046511627
2144,,,3.9989635211539065,0.0065400000000000146,6.419546760838557e-07,,,,,,3507.1627906976746
2154,4.005596160888672,,,,,,,,,,3514.6046511627906
2155,,8.0,,,,,,,,,3515.3488372093025
2156,,,3.999015345096211,0.006580000000000015,5.777592084754701e-07,,,,,,3516.093023255814
2163,4.005685329437256,,,,,,,,,,3521.3023255813955
2164,,8.0,,,,,,,,,3522.046511627907
2165,,,3.9990645778414007,0.006620000000000015,5.199832875391053e-07,,,,,,3522.7906976744184
2169,4.005771636962891,,,,,,,,,,3525.767441860465
2170,,8.0,,,,,,,,,3526.5116279069766
2171,,,3.999111348949331,0.006660000000000015,4.6798495834110554e-07,,,,,,3527.2558139534885
2177,,,,,,0.4504770338535309,0.6119239926338196,0.015340580604970455,0.09116954356431961,-0.44527560472488403,3536.5714285714284
2182,4.005856037139893,,,,,,,,,,3550.8571428571427
2183,,8.0,,,,,,,,,3553.714285714286
2184,,,3.999155781501864,0.006700000000000015,4.2118646259581283e-07,,,,,,3556.5714285714284
2193,4.005938529968262,,,,,,,,,,3582.285714285714
2194,,8.0,,,,,,,,,3585.1428571428573
2195,,,3.999197992426771,0.006740000000000015,3.790678162474137e-07,,,,,,3588.0
2203,4.00601863861084,,,,,,,,,,3610.8571428571427
2204,,8.0,,,,,,,,,3613.714285714286
2205,,,3.9992380928054327,0.006780000000000015,3.411610354220329e-07,,,,,,3616.5714285714284
2213,4.006096363067627,,,,,,,,,,3639.4285714285716
2214,,8.0,,,,,,,,,3642.285714285714
2215,,,3.9992761881651613,0.006820000000000015,3.0704493170219394e-07,,,,,,3645.1428571428573
2221,,,,,,0.4408198595046997,0.6664561033248901,0.009460415691137314,0.09226550161838531,-0.5486834645271301,3655.659574468085
2235,4.0061726570129395,,,,,,,,,,3691.404255319149
2236,,8.0,,,,,,,,,3693.9574468085107
2237,,,3.9993123787569034,0.006860000000000015,2.7634043853197454e-07,,,,,,3696.5106382978724
2243,4.006247043609619,,,,,,,,,,3711.8297872340427
2244,,8.0,,,,,,,,,3714.3829787234044
2245,,,3.9993467598190584,0.0069000000000000155,2.4870639503404846e-07,,,,,,3716.936170212766
2252,4.006319522857666,,,,,,,,,,3734.808510638298
2253,,8.0,,,,,,,,,3737.3617021276596
2254,,,3.9993794218281056,0.006940000000000016,2.2383575526419008e-07,,,,,,3739.9148936170213
2262,4.006390571594238,,,,,,,,,,3760.340425531915
2263,,8.0,,,,,,,,,3762.8936170212764
2264,,,3.9994104507367,0.006980000000000016,2.014521793824997e-07,,,,,,3765.446808510638
2270,,,,,,0.44522765278816223,0.692067563533783,0.029736651107668877,0.09398334473371506,-1.0537992715835571,3774.7924528301887
2281,4.006460189819336,,,,,,,,,,3799.698113207547
2282,,8.0,,,,,,,,,3801.9622641509436
2283,,,3.999439928199865,0.007020000000000016,1.8130696144424974e-07,,,,,,3804.2264150943397
2294,4.006527900695801,,,,,,,,,,3829.132075471698
2295,,8.0,,,,,,,,,3831.396226415094
2296,,,3.999467931789872,0.007060000000000016,1.631762653886426e-07,,,,,,3833.6603773584907
2307,4.006594657897949,,,,,,,,,,3858.566037735849
2308,,8.0,,,,,,,,,3860.830188679245
2309,,,3.9994945352003786,0.007100000000000016,1.4685863902741403e-07,,,,,,3863.0943396226417
2317,4.006659984588623,,,,,,,,,,3881.2075471698113
2318,,8.0,,,,,,,,,3883.4716981132074
2319,,,3.99951980844036,0.007140000000000016,1.3217277583521536e-07,,,,,,3885.735849056604
2323,,,,,,0.46110379695892334,0.6679417490959167,0.04179995879530907,0.0923793837428093,-0.8597402572631836,3890.3076923076924
2325,,,,,,0.4140271246433258,0.7165612578392029,0.013472642749547958,0.07931926101446152,-0.9157204031944275,3894.923076923077
2335,4.006723880767822,,,,,,,,,,3918.0
2336,,8.0,,,,,,,,,3920.3076923076924
2337,,,3.999543818018342,0.007180000000000016,1.1895549789642246e-07,,,,,,3922.6153846153848
2347,4.006786823272705,,,,,,,,,,3945.6923076923076
2348,,8.0,,,,,,,,,3948.0
2349,,,3.999566627117425,0.007220000000000016,1.0705994846205158e-07,,,,,,3950.3076923076924
2359,4.006848335266113,,,,,,,,,,3973.3846153846152
2360,,8.0,,,,,,,,,3975.6923076923076
2361,,,3.9995882957615536,0.0072600000000000164,9.635395326057505e-08,,,,,,3978.0
2371,4.006908893585205,,,,,,,,,,4001.076923076923
2372,,8.0,,,,,,,,,4003.3846153846152
2373,,,3.9996088809734758,0.0073000000000000165,8.671855766806402e-08,,,,,,4005.6923076923076
2379,,,,,,0.45614007115364075,0.6873235106468201,0.04142593592405319,0.09752494841814041,-0.8337611556053162,4015.659574468085
2388,4.0069684982299805,,,,,,,,,,4038.6382978723404
2389,,8.0,,,,,,,,,4041.191489361702
2390,,,3.999628436924802,0.007340000000000017,7.804670154598625e-08,,,,,,4043.744680851064
2402,4.0070271492004395,,,,,,,,,,4074.3829787234044
2403,,8.0,,,,,,,,,4076.936170212766
2404,,,3.999647015078562,0.007380000000000017,7.0242031746659e-08,,,,,,4079.4893617021276
2411,4.007084846496582,,,,,,,,,,4097.36170212766
2412,,8.0,,,,,,,,,4099.914893617021
2413,,,3.9996646643246336,0.007420000000000017,6.321782830553957e-08,,,,,,4102.468085106383
2420,4.007141590118408,,,,,,,,,,4120.340425531915
2421,,8.0,,,,,,,,,4122.893617021276
2422,,,3.999681431108402,0.007460000000000017,5.6896045208532087e-08,,,,,,4125.446808510638
2428,,,,,,0.4450530409812927,0.6750079989433289,0.034863535314798355,0.08140602707862854,-0.7612507939338684,4135.826086956522
2433,4.007197380065918,,,,,,,,,,4148.869565217391
2434,,8.0,,,,,,,,,4151.478260869565
2435,,,3.999697359552982,0.007500000000000017,5.120644086531456e-08,,,,,,4154.086956521739
2447,4.0072526931762695,,,,,,,,,,4185.391304347826
2448,,8.0,,,,,,,,,4188.0
2449,,,3.9997124915753326,0.007540000000000017,4.608579651232958e-08,,,,,,4190.608695652174
2459,4.007307052612305,,,,,,,,,,4216.695652173913
2460,,8.0,,,,,,,,,4219.304347826087
2461,,,3.999726866996566,0.007580000000000017,4.147721721636799e-08,,,,,,4221.913043478261
2468,4.007360458374023,,,,,,,,,,4240.173913043478
2469,,8.0,,,,,,,,,4242.782608695652
2470,,,3.9997405236467376,0.007620000000000017,3.732949505064198e-08,,,,,,4245.391304347826
2475,,,,,,0.4676307439804077,0.6384493708610535,0.02894502691924572,0.0917600616812706,-0.3307305574417114,4250.636363636364
2489,4.007413387298584,,,,,,,,,,4269.090909090909
2490,,8.0,,,,,,,,,4270.409090909091
2491,,,3.999753497464401,0.0076600000000000175,3.359654598966699e-08,,,,,,4271.727272727273
2499,4.007465839385986,,,,,,,,,,4282.272727272727
2500,,8.0,,,,,,,,,4283.590909090909
2501,,,3.999765822591181,0.007700000000000018,3.023689121306461e-08,,,,,,4284.909090909091
2508,4.007517337799072,,,,,,,,,,4294.136363636364
2509,,8.0,,,,,,,,,4295.454545454545
2510,,,3.9997775314616217,0.007740000000000018,2.7213202358211674e-08,,,,,,4296.772727272727
2514,4.007568836212158,,,,,,,,,,4302.045454545455
2515,,8.0,,,,,,,,,4303.363636363636
2516,,,3.999788654888541,0.007780000000000018,2.449188141184777e-08,,,,,,4304.681818181818
2521,,,,,,0.4120650291442871,0.6736072897911072,0.018565615639090538,0.09385638684034348,-0.6697473526000977,4307.9047619047615
2531,4.007619380950928,,,,,,,,,,4317.428571428572
2532,,8.0,,,,,,,,,4318.380952380952
2533,,,3.9997992221441137,0.007820000000000018,2.2042693892387888e-08,,,,,,4319.333333333333
2540,4.007669448852539,,,,,,,,,,4326.0
2541,,8.0,,,,,,,,,4326.952380952381
2542,,,3.999809261036908,0.007860000000000018,1.9838425124873993e-08,,,,,,4327.9047619047615
2548,4.007719039916992,,,,,,,,,,4333.619047619048
2549,,8.0,,,,,,,,,4334.571428571428
2550,,,3.999818797985063,0.007900000000000018,1.7854582701204436e-08,,,,,,4335.523809523809
2558,4.007767677307129,,,,,,,,,,4343.142857142857
2559,,8.0,,,,,,,,,4344.0952380952385
2560,,,3.9998278580858098,0.007940000000000018,1.6069124697537518e-08,,,,,,4345.047619047619
2564,,,,,,0.4650551378726959,0.6839727163314819,0.061366718262434006,0.10958877205848694,-0.970479428768158,4348.4
2568,,,,,,0.43384653329849243,0.704571545124054,0.0372927188873291,0.09451448172330856,-1.1234228610992432,4358.0
2574,4.007816314697266,,,,,,,,,,4372.4
2575,,8.0,,,,,,,,,4374.8
2576,,,3.9998364651815193,0.007980000000000018,1.4462211872512398e-08,,,,,,4377.2
2584,4.007864475250244,,,,,,,,,,4396.4
2585,,8.0,,,,,,,,,4398.8
2586,,,3.999844641922443,0.008020000000000018,1.3015990951714684e-08,,,,,,4401.2
2597,4.007912635803223,,,,,,,,,,4427.6
2598,,8.0,,,,,,,,,4430.0
2599,,,3.999852409826321,0.008060000000000019,1.1714392122996742e-08,,,,,,4432.4
2610,4.007959842681885,,,,,,,,,,4458.8
2611,,8.0,,,,,,,,,4461.2
2612,,,3.999859789335005,0.008100000000000019,1.0542953177150594e-08,,,,,,4463.6
2616,,,,,,0.4096359610557556,0.6451238393783569,0.017296703532338142,0.09380758553743362,-1.1454654932022095,4468.553191489362
2625,4.008006572723389,,,,,,,,,,4491.531914893617
2626,,8.0,,,,,,,,,4494.085106382979
2627,,,3.999866799868255,0.008140000000000019,9.488657859435534e-09,,,,,,4496.63829787234
2639,4.008053302764893,,,,,,,,,,4527.276595744681
2640,,8.0,,,,,,,,,4529.829787234043
2641,,,3.999873459874842,0.008180000000000019,8.539791984674139e-09,,,,,,4532.382978723404
2649,4.0081000328063965,,,,,,,,,,4552.808510638298
2650,,8.0,,,,,,,,,4555.36170212766
2651,,,3.9998797868811002,0.008220000000000019,7.685812875024567e-09,,,,,,4557.914893617021
2659,4.008145809173584,,,,,,,,,,4578.340425531915
2660,,8.0,,,,,,,,,4580.893617021276
2661,,,3.999885797537045,0.008260000000000019,6.917231232250742e-09,,,,,,4583.446808510638
2667,,,,,,0.4948834180831909,0.734098494052887,0.04167255386710167,0.13292169570922852,-0.6776177883148193,4593.2
2677,4.0081915855407715,,,,,,,,,,4617.2
2678,,8.0,,,,,,,,,4619.6
2679,,,3.999891507660193,0.00830000000000002,6.225508109025668e-09,,,,,,4622.0
2686,4.008236885070801,,,,,,,,,,4638.8
2687,,8.0,,,,,,,,,4641.2
2688,,,3.999896932277183,0.00834000000000002,5.602957209305259e-09,,,,,,4643.6
2700,4.00828218460083,,,,,,,,,,4672.4
2701,,8.0,,,,,,,,,4674.8
2702,,,3.999902085663324,0.00838000000000002,5.042661399556891e-09,,,,,,4677.2
2711,4.008327007293701,,,,,,,,,,4698.8
2712,,8.0,,,,,,,,,4701.2
2713,,,3.9999069813801578,0.00842000000000002,4.538395437236886e-09,,,,,,4703.6
2721,,,,,,0.44458433985710144,0.6683414578437805,0.02512204274535179,0.0933586061000824,-0.045773062855005264,4716.526315789473
2732,4.008371829986572,,,,,,,,,,4739.684210526316
2733,,8.0,,,,,,,,,4741.789473684211
2734,,,3.99991163231115,0.00846000000000002,4.084555804695356e-09,,,,,,4743.894736842105
2744,4.008416175842285,,,,,,,,,,4764.9473684210525
2745,,8.0,,,,,,,,,4767.0526315789475
2746,,,3.9999160506955924,0.00850000000000002,3.676100313043662e-09,,,,,,4769.1578947368425
2758,4.00846004486084,,,,,,,,,,4794.421052631579
2759,,8.0,,,,,,,,,4796.526315789473
2760,,,3.9999202481608127,0.00854000000000002,3.308490370557138e-09,,,,,,4798.631578947368
2770,4.008504390716553,,,,,,,,,,4819.684210526316
2771,,8.0,,,,,,,,,4821.789473684211
2772,,,3.999924235752772,0.00858000000000002,2.9776421328620017e-09,,,,,,4823.894736842105
2779,,,,,,0.4601738154888153,0.6080607175827026,0.026957908645272255,0.09345933049917221,-0.2556617259979248,4836.212765957447
2791,4.008548259735107,,,,,,,,,,4866.851063829788
2792,,8.0,,,,,,,,,4869.404255319149
2793,,,3.9999280239651336,0.00862000000000002,2.6798776531222757e-09,,,,,,4871.95744680851
2801,4.008591651916504,,,,,,,,,,4892.382978723404
2802,,8.0,,,,,,,,,4894.936170212766
2803,,,3.999931622766877,0.00866000000000002,2.411890243081416e-09,,,,,,4897.489361702128
2807,4.0086350440979,,,,,,,,,,4907.702127659574
2808,,8.0,,,,,,,,,4910.255319148936
2809,,,3.999935041628533,0.00870000000000002,2.1707009523197485e-09,,,,,,4912.808510638298
2819,4.008678436279297,,,,,,,,,,4938.340425531915
2820,,8.0,,,,,,,,,4940.893617021276
2821,,,3.999938289547106,0.00874000000000002,1.953630146545038e-09,,,,,,4943.446808510638
2825,,,,,,0.4173934757709503,0.6220911741256714,0.026186758652329445,0.0978110283613205,-0.20695705711841583,4948.857142857143
2827,,,,,,0.4530447721481323,0.6287996172904968,0.05595456063747406,0.10851455479860306,-0.23198851943016052,4954.571428571428
2834,4.008721351623535,,,,,,,,,,4974.571428571428
2835,,8.0,,,,,,,,,4977.428571428572
2836,,,3.9999413750697506,0.00878000000000002,1.758267309526218e-09,,,,,,4980.285714285715
2843,4.008764266967773,,,,,,,,,,5000.285714285715
2844,,8.0,,,,,,,,,5003.142857142857
2845,,,3.999944306316263,0.00882000000000002,1.5824408450271221e-09,,,,,,5006.0
2855,4.008807182312012,,,,,,,,,,5034.571428571428
2856,,8.0,,,,,,,,,5037.428571428572
2857,,,3.99994709100045,0.00886000000000002,1.42419676052441e-09,,,,,,5040.285714285715
2863,4.008849620819092,,,,,,,,,,5057.428571428572
2864,,8.0,,,,,,,,,5060.285714285715
2865,,,3.9999497364504273,0.00890000000000002,1.2817773509254948e-09,,,,,,5063.142857142857
2870,,,,,,0.414697527885437,0.6428671479225159,0.0007314560934901237,0.08824482560157776,-0.1826055347919464,5071.0
2879,4.008892059326172,,,,,,,,,,5093.5
2880,,8.0,,,,,,,,,5096.0
2881,,,3.999952249627906,0.00894000000000002,1.1535998822864713e-09,,,,,,5098.5
2889,4.008934497833252,,,,,,,,,,5118.5
2890,,8.0,,,,,,,,,5121.0
2891,,,3.9999546371465104,0.008980000000000021,1.0382397164221402e-09,,,,,,5123.5
2899,4.008976936340332,,,,,,,,,,5143.5
2900,,8.0,,,,,,,,,5146.0
2901,,,3.999956905289185,0.009020000000000021,9.34416100051294e-10,,,,,,5148.5
2913,4.009018898010254,,,,,,,,,,5178.5
2914,,8.0,,,,,,,,,5181.0
2915,,,3.9999590600247257,0.009060000000000021,8.409744012283227e-10,,,,,,5183.5
2922,,,,,,0.4006734788417816,0.5595274567604065,0.00706799840554595,0.11080721020698547,0.760206401348114,5189.0204081632655
2929,4.009061336517334,,,,,,,,,,5194.306122448979
2930,,8.0,,,,,,,,,5195.061224489796
2931,,,3.9999611070234895,0.009100000000000021,7.568772275590163e-10,,,,,,5195.816326530612
2939,4.009102821350098,,,,,,,,,,5201.857142857143
2940,,8.0,,,,,,,,,5202.6122448979595
2941,,,3.999963051672315,0.009140000000000021,6.811902153458504e-10,,,,,,5203.367346938776
2954,4.0091447830200195,,,,,,,,,,5213.183673469388
2955,,8.0,,,,,,,,,5213.938775510204
2956,,,3.9999648990886993,0.009180000000000021,6.130713714469493e-10,,,,,,5214.693877551021
2964,4.009186744689941,,,,,,,,,,5220.734693877551
2965,,8.0,,,,,,,,,5221.489795918367
2966,,,3.999966654134264,0.009220000000000022,5.517639678487285e-10,,,,,,5222.244897959184
2970,,,,,,0.4300725758075714,0.6053182482719421,0.023631105199456215,0.0906222015619278,0.7415645122528076,5225.553191489362
2979,4.009228229522705,,,,,,,,,,5248.531914893617
2980,,8.0,,,,,,,,,5251.085106382979
2981,,,3.999968321427551,0.009260000000000022,4.965876598816976e-10,,,,,,5253.63829787234
2990,4.009269714355469,,,,,,,,,,5276.617021276596
2991,,8.0,,,,,,,,,5279.170212765957
2992,,,3.9999699053561737,0.009300000000000022,4.469287162578439e-10,,,,,,5281.723404255319
3004,4.009311199188232,,,,,,,,,,5312.36170212766
3005,,8.0,,,,,,,,,5314.914893617021
3006,,,3.999971410088365,0.009340000000000022,4.022355781785336e-10,,,,,,5317.468085106383
3013,4.009352684020996,,,,,,,,,,5335.340425531915
3014,,8.0,,,,,,,,,5337.893617021276
3015,,,3.999972839583947,0.009380000000000022,3.6201175390715434e-10,,,,,,5340.446808510638
3020,,,,,,0.43382084369659424,0.5480540990829468,0.0290732029825449,0.0722663477063179,0.49711692333221436,5344.543859649123
3030,4.00939416885376,,,,,,,,,,5352.263157894737
3031,,8.0,,,,,,,,,5353.035087719299
3032,,,3.9999741976047494,0.009420000000000022,3.2581048969859694e-10,,,,,,5353.80701754386
3043,4.009435653686523,,,,,,,,,,5362.298245614035
3044,,8.0,,,,,,,,,5363.070175438596
3045,,,3.999975487724512,0.009460000000000022,2.9322944072873725e-10,,,,,,5363.8421052631575
3056,4.009476661682129,,,,,,,,,,5372.333333333333
3057,,8.0,,,,,,,,,5373.105263157895
3058,,,3.9999767133382864,0.009500000000000022,2.639062302023376e-10,,,,,,5373.877192982456
3072,4.009517669677734,,,,,,,,,,5384.684210526316
3073,,8.0,,,,,,,,,5385.456140350877
3074,,,3.999977877671372,0.009540000000000022,2.375148966393681e-10,,,,,,5386.228070175439
3078,,,,,,0.37527287006378174,0.577171266078949,0.008195917122066021,0.07805509120225906,0.10383033752441406,5389.727272727273
3080,,,,,,0.45755526423454285,0.6320206522941589,0.014745131134986877,0.09195657819509506,0.41251200437545776,5395.181818181818
3086,4.009559154510498,,,,,,,,,,5411.545454545455
3087,,8.0,,,,,,,,,5414.272727272727
3088,,,3.9999789837878033,0.009580000000000023,2.1376322933974734e-10,,,,,,5417.0
3098,4.0096001625061035,,,,,,,,,,5444.272727272727
3099,,8.0,,,,,,,,,5447.0
3100,,,3.999980034598413,0.009620000000000023,1.9238655113440473e-10,,,,,,5449.727272727273
3107,4.009641170501709,,,,,,,,,,5468.818181818182
3108,,8.0,,,,,,,,,5471.545454545455
3109,,,3.9999810328684924,0.009660000000000023,1.7314771838528031e-10,,,,,,5474.272727272727
3118,4.0096821784973145,,,,,,,,,,5498.818181818182
3119,,8.0,,,,,,,,,5501.545454545455
3120,,,3.999981981225068,0.009700000000000023,1.5583268009322637e-10,,,,,,5504.272727272727
3126,,,,,,0.4374317228794098,0.6024982929229736,0.009661532938480377,0.07975548505783081,0.45250892639160156,5510.136363636364
3135,4.009722709655762,,,,,,,,,,5519.545454545455
3136,,8.0,,,,,,,,,5520.590909090909
3137,,,3.9999828821638146,0.009740000000000023,1.4024958971958768e-10,,,,,,5521.636363636364
3145,4.009763717651367,,,,,,,,,,5530.0
3146,,8.0,,,,,,,,,5531.045454545455
3147,,,3.999983738055624,0.009780000000000023,1.26224364294103e-10,,,,,,5532.090909090909
3153,4.009804725646973,,,,,,,,,,5538.363636363636
3154,,8.0,,,,,,,,,5539.409090909091
3155,,,3.999984551152843,0.009820000000000023,1.1360157259332482e-10,,,,,,5540.454545454545
3164,4.00984525680542,,,,,,,,,,5549.863636363636
3165,,8.0,,,,,,,,,5550.909090909091
3166,,,3.999985323595201,0.009860000000000023,1.0224088242694052e-10,,,,,,5551.954545454545
3171,,,,,,0.4546295404434204,0.6429584622383118,0.019201332703232765,0.0748373419046402,0.43397361040115356,5558.106382978724
3183,4.009886264801025,,,,,,,,,,5588.744680851064
3184,,8.0,,,,,,,,,5591.297872340426
3185,,,3.999986057415441,0.009900000000000023,9.201706063777237e-11,,,,,,5593.851063829788
3197,4.009926795959473,,,,,,,,,,5624.489361702128
3198,,8.0,,,,,,,,,5627.04255319149
3199,,,3.9999867545446692,0.009940000000000023,8.281553220967908e-11,,,,,,5629.595744680851
3204,4.00996732711792,,,,,,,,,,5642.36170212766
3205,,8.0,,,,,,,,,5644.914893617021
3206,,,3.9999874168174356,0.009980000000000024,7.453415662439511e-11,,,,,,5647.468085106383
3213,4.010007858276367,,,,,,,,,,5665.340425531915
3214,,8.0,,,,,,,,,5667.893617021276
3215,,,3.999988045976564,0.010020000000000024,6.708056332627166e-11,,,,,,5670.446808510638
3220,,,,,,0.4638017416000366,0.6999596357345581,0.012190375477075577,0.11177324503660202,1.2024691104888916,5675.545454545455
3231,4.010048866271973,,,,,,,,,,5689.545454545455
3232,,8.0,,,,,,,,,5690.818181818182
3233,,,3.9999886436777357,0.010060000000000024,6.037215172227661e-11,,,,,,5692.090909090909
3240,4.01008939743042,,,,,,,,,,5701.0
3241,,8.0,,,,,,,,,5702.272727272727
3242,,,3.999989211493849,0.010100000000000024,5.433520300357486e-11,,,,,,5703.545454545455
3250,4.010129928588867,,,,,,,,,,5713.727272727273
3251,,8.0,,,,,,,,,5715.0
3252,,,3.9999897509191564,0.010140000000000024,4.8901327431849495e-11,,,,,,5716.272727272727
3259,4.0101704597473145,,,,,,,,,,5725.181818181818
3260,,8.0,,,,,,,,,5726.454545454545
3261,,,3.9999902633731987,0.010180000000000024,4.4011905231400306e-11,,,,,,5727.727272727273
3267,,,,,,0.4459821581840515,0.6130844354629517,0.023566870018839836,0.08625979721546173,0.7271482348442078,5737.0
3278,4.0102105140686035,,,,,,,,,,5766.333333333333
3279,,8.0,,,,,,,,,5769.0
3280,,,3.999990750204539,0.010220000000000024,3.9610981161786185e-11,,,,,,5771.666666666667
3287,4.010251045227051,,,,,,,,,,5790.333333333333
3288,,8.0,,,,,,,,,5793.0
3289,,,3.999991212694312,0.010260000000000024,3.5649705409923627e-11,,,,,,5795.666666666667
3298,4.010291576385498,,,,,,,,,,5819.666666666667
3299,,8.0,,,,,,,,,5822.333333333333
3300,,,3.9999916520595966,0.010300000000000024,3.2084557233247324e-11,,,,,,5825.0
3306,4.010332107543945,,,,,,,,,,5841.0
3307,,8.0,,,,,,,,,5843.666666666667
3308,,,3.9999920694566167,0.010340000000000025,2.887645678129047e-11,,,,,,5846.333333333333
3313,,,,,,0.3750198781490326,0.653863251209259,0.03013155609369278,0.0742432102560997,0.6126469373703003,5853.897959183673
3317,,,,,,0.4337461292743683,0.6141660809516907,0.04786435142159462,0.09030185639858246,0.7723998427391052,5863.693877551021
3328,4.010372638702393,,,,,,,,,,5890.632653061224
3329,,8.0,,,,,,,,,5893.081632653061
3330,,,3.999992465983786,0.010380000000000025,2.5988100560425664e-11,,,,,,5895.530612244898
3339,4.010412693023682,,,,,,,,,,5917.571428571428
3340,,8.0,,,,,,,,,5920.0204081632655
3341,,,3.9999928426845965,0.010420000000000025,2.3389290504383098e-11,,,,,,5922.469387755102
3349,4.010453224182129,,,,,,,,,,5942.061224489796
3350,,8.0,,,,,,,,,5944.510204081633
3351,,,3.999993200550367,0.010460000000000025,2.1050716725312668e-11,,,,,,5946.959183673469
3357,4.010493755340576,,,,,,,,,,5961.65306122449
3358,,8.0,,,,,,,,,5964.102040816327
3359,,,3.9999935405228486,0.010500000000000025,1.894573387062337e-11,,,,,,5966.551020408163
3365,,,,,,0.41748982667922974,0.6072425246238708,0.03305144980549812,0.07019151002168655,0.15896333754062653,5973.022727272727
3374,4.010533809661865,,,,,,,,,,5985.090909090909
3375,,8.0,,,,,,,,,5986.431818181818
3376,,,3.999993863496706,0.010540000000000025,1.7051249301403004e-11,,,,,,5987.772727272727
3386,4.0105743408203125,,,,,,,,,,6001.181818181818
3387,,8.0,,,,,,,,,6002.522727272727
3388,,,3.999994170321871,0.010580000000000025,1.5345946735578764e-11,,,,,,6003.863636363636
3396,4.010614395141602,,,,,,,,,,6014.590909090909
3397,,8.0,,,,,,,,,6015.931818181818
3398,,,3.9999944618057772,0.010620000000000025,1.3811174426336947e-11,,,,,,6017.272727272727
3403,4.010654926300049,,,,,,,,,,6023.977272727273
3404,,8.0,,,,,,,,,6025.318181818182
3405,,,3.9999947387154884,0.010660000000000025,1.2430056983703253e-11,,,,,,6026.659090909091
3409,,,,,,0.45039960741996765,0.6683949828147888,0.03411349654197693,0.0985870286822319,0.32449400424957275,6028.872727272727
3423,4.010694980621338,,,,,,,,,,6041.090909090909
3424,,8.0,,,,,,,,,6041.963636363636
3425,,,3.999995001779714,0.010700000000000025,1.1186607196123077e-11,,,,,,6042.836363636364
3434,4.010735034942627,,,,,,,,,,6050.690909090909
3435,,8.0,,,,,,,,,6051.563636363637
3436,,,3.999995251690728,0.010740000000000026,1.006750238730092e-11,,,,,,6052.436363636363
3447,4.010775566101074,,,,,,,,,,6062.036363636364
3448,,8.0,,,,,,,,,6062.909090909091
3449,,,3.9999954891061917,0.010780000000000026,9.061196237780678e-12,,,,,,6063.781818181818
3460,4.010815620422363,,,,,,,,,,6073.381818181818
3461,,8.0,,,,,,,,,6074.254545454545
3462,,,3.999995714650882,0.010820000000000026,8.15525424968655e-12,,,,,,6075.127272727273
3469,,,,,,0.43548595905303955,0.5801294445991516,-0.0004304852627683431,0.08344496041536331,1.0721185207366943,6086.666666666667
3476,4.0108561515808105,,,,,,,,,,6105.333333333333
3477,,8.0,,,,,,,,,6108.0
3478,,,3.999995928918338,0.010860000000000026,7.339906460401835e-12,,,,,,6110.666666666667
3486,4.0108962059021,,,,,,,,,,6132.0
3487,,8.0,,,,,,,,,6134.666666666667
3488,,,3.999996132472421,0.010900000000000026,6.605382907309831e-12,,,,,,6137.333333333333
3498,4.010936260223389,,,,,,,,,,6164.0
3499,,8.0,,,,,,,,,6166.666666666667
3500,,,3.9999963258488,0.010940000000000026,5.944578163052938e-12,,,,,,6169.333333333333
3507,4.010976314544678,,,,,,,,,,6188.0
3508,,8.0,,,,,,,,,6190.666666666667
3509,,,3.9999965095563597,0.010980000000000026,5.349498621853854e-12,,,,,,6193.333333333333
3513,,,,,,0.41646435856819153,0.5679542422294617,0.015868548303842545,0.07889256626367569,0.8921032547950745,6198.790697674419
3521,4.011016845703125,,,,,,,,,,6221.116279069767
3522,,8.0,,,,,,,,,6223.906976744186
3523,,,3.9999966840785417,0.011020000000000026,4.814815213194379e-12,,,,,,6226.697674418605
3528,4.011056900024414,,,,,,,,,,6240.6511627906975
3529,,8.0,,,,,,,,,6243.441860465116
3530,,,3.9999968498746146,0.011060000000000026,4.333422509716911e-12,,,,,,6246.232558139535
3540,4.011096954345703,,,,,,,,,,6274.139534883721
3541,,8.0,,,,,,,,,6276.930232558139
3542,,,3.999997007380884,0.011100000000000027,3.89999144090325e-12,,,,,,6279.720930232558
3552,4.011137008666992,,,,,,,,,,6307.627906976744
3553,,8.0,,,,,,,,,6310.418604651163
3554,,,3.9999971570118396,0.011140000000000027,3.510081114654895e-12,,,,,,6313.209302325581
3559,,,,,,0.44512543082237244,0.6012827157974243,0.011794500052928925,0.056001368910074234,1.2233713865280151,6320.528301886792
3562,,,,,,0.5117329955101013,0.6323750019073486,0.01673869602382183,0.06935941427946091,1.490569829940796,6327.320754716981
3573,4.011177062988281,,,,,,,,,,6352.226415094339
3574,,8.0,,,,,,,,,6354.490566037736
3575,,,3.999997299161248,0.011180000000000027,3.1592506388733455e-12,,,,,,6356.754716981132
3582,4.0112175941467285,,,,,,,,,,6372.603773584906
3583,,8.0,,,,,,,,,6374.867924528302
3584,,,3.9999974342031854,0.011220000000000027,2.843947299879801e-12,,,,,,6377.132075471698
3593,4.011257648468018,,,,,,,,,,6397.509433962264
3594,,8.0,,,,,,,,,6399.773584905661
3595,,,3.999997562493026,0.011260000000000027,2.5588420271560608e-12,,,,,,6402.037735849057
3607,4.011297702789307,,,,,,,,,,6429.207547169812
3608,,8.0,,,,,,,,,6431.471698113208
3609,,,3.999997684368375,0.011300000000000027,2.3030466422824247e-12,,,,,,6433.735849056604
3618,,,,,,0.4296935200691223,0.7048629522323608,0.022219153121113777,0.08102567493915558,1.2892860174179077,6449.090909090909
3627,4.011337757110596,,,,,,,,,,6468.727272727273
3628,,8.0,,,,,,,,,6470.909090909091
3629,,,3.999997800149956,0.011340000000000027,2.0730084315800923e-12,,,,,,6473.090909090909
3642,4.011377811431885,,,,,,,,,,6501.454545454545
3643,,8.0,,,,,,,,,6503.636363636364
3644,,,3.9999979101424583,0.011380000000000027,1.866062859789963e-12,,,,,,6505.818181818182
3653,4.011417865753174,,,,,,,,,,6525.454545454545
3654,,8.0,,,,,,,,,6527.636363636364
3655,,,3.9999980146353353,0.011420000000000027,1.6795453916529368e-12,,,,,,6529.818181818182
3664,4.011457920074463,,,,,,,,,,6549.454545454545
3665,,8.0,,,,,,,,,6551.636363636364
3666,,,3.9999981139035685,0.011460000000000027,1.5116796703296131e-12,,,,,,6553.818181818182
3671,,,,,,0.46396923065185547,0.6612566113471985,0.0330594927072525,0.08946122229099274,0.8950731754302979,6562.0
3678,4.011497974395752,,,,,,,,,,6583.0
3679,,8.0,,,,,,,,,6586.0
3680,,,3.9999982082083902,0.011500000000000028,1.3606893389805919e-12,,,,,,6589.0
3689,4.011538505554199,,,,,,,,,,6616.0
3690,,8.0,,,,,,,,,6619.0
3691,,,3.999998297797971,0.011540000000000028,1.2247980407664727e-12,,,,,,6622.0
3697,4.011578559875488,,,,,,,,,,6640.0
3698,,8.0,,,,,,,,,6643.0
3699,,,3.9999983829080725,0.011580000000000028,1.1022294188478554e-12,,,,,,6646.0
3706,4.011618614196777,,,,,,,,,,6667.0
3707,,8.0,,,,,,,,,6670.0
3708,,,3.999998463762669,0.011620000000000028,9.912071163853398e-13,,,,,,6673.0
3712,,,,,,0.49683624505996704,0.6890845894813538,0.01864933781325817,0.09880443662405014,0.7726064324378967,6678.307692307692
3725,4.011658668518066,,,,,,,,,,6708.307692307692
3726,,8.0,,,,,,,,,6710.615384615385
3727,,,3.9999985405745355,0.011660000000000028,8.926193117986259e-13,,,,,,6712.923076923077
3738,4.0116987228393555,,,,,,,,,,6738.307692307692
3739,,8.0,,,,,,,,,6740.615384615385
3740,,,3.9999986135458085,0.011700000000000028,8.038014698286133e-13,,,,,,6742.923076923077
3745,4.0117387771606445,,,,,,,,,,6754.461538461538
3746,,8.0,,,,,,,,,6756.7692307692305
3747,,,3.9999986828685183,0.011740000000000028,7.229772336359019e-13,,,,,,6759.076923076923
3760,4.011778831481934,,,,,,,,,,6789.076923076923
3761,,8.0,,,,,,,,,6791.384615384615
3762,,,3.9999987487250923,0.011780000000000028,6.510347816401918e-13,,,,,,6793.692307692308
3767,,,,,,0.507368266582489,0.7196700572967529,0.026681721210479736,0.10789264738559723,0.37230226397514343,6798.6
3773,4.011818885803223,,,,,,,,,,6806.4
3774,,8.0,,,,,,,,,6807.7
3775,,,3.9999988112888376,0.011820000000000028,5.853095785823825e-13,,,,,,6809.0
3780,4.011858940124512,,,,,,,,,,6815.5
3781,,8.0,,,,,,,,,6816.8
3782,,,3.999998870724396,0.011860000000000029,5.266898028821743e-13,,,,,,6818.1
3793,4.011898994445801,,,,,,,,,,6832.4
3794,,8.0,,,,,,,,,6833.7
3795,,,3.999998927188176,0.011900000000000029,4.742872761198669e-13,,,,,,6835.0
3802,4.01193904876709,,,,,,,,,,6844.1
3803,,8.0,,,,,,,,,6845.4
3804,,,3.9999989808287673,0.011940000000000029,4.2721381987576024e-13,,,,,,6846.7
3809,,,,,,0.4149719476699829,0.6008986234664917,0.012104123830795288,0.06727517396211624,0.3104340434074402,6853.454545454545
3811,,,,,,0.5002370476722717,0.6285883188247681,0.03816141560673714,0.09926291555166245,0.7172231078147888,6858.909090909091
3817,4.011979103088379,,,,,,,,,,6875.272727272727
3818,,8.0,,,,,,,,,6878.0
3819,,,3.999999031787329,0.011980000000000029,3.8458125573015423e-13,,,,,,6880.727272727273
3827,4.012019157409668,,,,,,,,,,6902.545454545455
3828,,8.0,,,,,,,,,6905.272727272727
3829,,,3.999999080197963,0.012020000000000029,3.4638958368304884e-13,,,,,,6908.0
3838,4.012059211730957,,,,,,,,,,6932.545454545455
3839,,8.0,,,,,,,,,6935.272727272727
3840,,,3.9999991261880647,0.012060000000000029,3.1175062531474396e-13,,,,,,6938.0
3848,4.012099266052246,,,,,,,,,,6959.818181818182
3849,,8.0,,,,,,,,,6962.545454545455
3850,,,3.9999991698786617,0.01210000000000003,2.8066438062523957e-13,,,,,,6965.272727272727
3857,,,,,,0.4554208815097809,0.6833852529525757,0.0620400533080101,0.12109672278165817,0.9491857886314392,6977.2307692307695
3869,4.012139320373535,,,,,,,,,,7004.923076923077
3870,,8.0,,,,,,,,,7007.2307692307695
3871,,,3.9999992113847287,0.01214000000000003,2.531308496145357e-13,,,,,,7009.538461538462
3882,4.012179374694824,,,,,,,,,,7034.923076923077
3883,,8.0,,,,,,,,,7037.2307692307695
3884,,,3.9999992508154922,0.01218000000000003,2.2737367544323206e-13,,,,,,7039.538461538462
3892,4.012219429016113,,,,,,,,,,7058.0
3893,,8.0,,,,,,,,,7060.307692307692
3894,,,3.9999992882747177,0.01222000000000003,2.0516921495072893e-13,,,,,,7062.615384615385
3902,4.012259483337402,,,,,,,,,,7081.076923076923
3903,,8.0,,,,,,,,,7083.384615384615
3904,,,3.999999323860982,0.01226000000000003,1.8474111129762605e-13,,,,,,7085.692307692308
3911,,,,,,0.4732014238834381,0.6520768404006958,0.04743156209588051,0.10524771362543106,0.443057656288147,7097.2307692307695
3923,4.012299537658691,,,,,,,,,,7124.923076923077
3924,,8.0,,,,,,,,,7127.2307692307695
3925,,,3.999999357667933,0.01230000000000003,1.6608936448392342e-13,,,,,,7129.538461538462
3932,4.0123395919799805,,,,,,,,,,7145.692307692308
3933,,8.0,,,,,,,,,7148.0
3934,,,3.999999389784536,0.01234000000000003,1.4921397450962104e-13,,,,,,7150.307692307692
3946,4.0123796463012695,,,,,,,,,,7178.0
3947,,8.0,,,,,,,,,7180.307692307692
3948,,,3.999999420295309,0.01238000000000003,1.341149413747189e-13,,,,,,7182.615384615385
3956,4.0124192237854,,,,,,,,,,7201.076923076923
3957,,8.0,,,,,,,,,7203.384615384615
3958,,,3.9999994492805437,0.01242000000000003,1.2079226507921703e-13,,,,,,7205.692307692308
3963,,,,,,0.4298267066478729,0.6035349369049072,0.057816728949546814,0.11466698348522186,0.6425173282623291,7210.448979591837
3976,4.0124592781066895,,,,,,,,,,7226.367346938776
3977,,8.0,,,,,,,,,7227.591836734694
3978,,,3.9999994768165164,0.01246000000000003,1.0835776720341528e-13,,,,,,7228.816326530612
3985,4.0124993324279785,,,,,,,,,,7237.3877551020405
3986,,8.0,,,,,,,,,7238.6122448979595
3987,,,3.9999995029756907,0.01250000000000003,9.769962616701378e-14,,,,,,7239.836734693878
3998,4.012539386749268,,,,,,,,,,7253.306122448979
3999,,8.0,,,,,,,,,7254.530612244898
4000,,,3.999999527826906,0.01254000000000003,8.79296635503124e-14,,,,,,7255.755102040816
4007,4.012579441070557,,,,,,,,,,7264.326530612245
4008,,8.0,,,,,,,,,7265.551020408163
4009,,,3.9999995514355606,0.01258000000000003,7.904787935331115e-14,,,,,,7266.775510204082
4014,,,,,,0.4637560248374939,0.6487783193588257,0.02363688312470913,0.0874103531241417,0.6653250455856323,7273.333333333333
4025,4.012619495391846,,,,,,,,,,7302.666666666667
4026,,8.0,,,,,,,,,7305.333333333333
4027,,,3.9999995738637826,0.01262000000000003,7.105427357601002e-14,,,,,,7308.0
4033,4.012659549713135,,,,,,,,,,7324.0
4034,,8.0,,,,,,,,,7326.666666666667
4035,,,3.9999995951705936,0.01266000000000003,6.394884621840902e-14,,,,,,7329.333333333333
4043,4.012699604034424,,,,,,,,,,7350.666666666667
4044,,8.0,,,,,,,,,7353.333333333333
4045,,,3.999999615412064,0.01270000000000003,5.773159728050814e-14,,,,,,7356.0
4054,4.012739658355713,,,,,,,,,,7380.0
4055,,8.0,,,,,,,,,7382.666666666667
4056,,,3.9999996346414606,0.01274000000000003,5.1514348342607263e-14,,,,,,7385.333333333333
4061,,,,,,0.41075778007507324,0.6608487963676453,0.03223559260368347,0.06784233450889587,-0.06901444494724274,7393.333333333333
4063,,,,,,0.5072444081306458,0.7130323052406311,0.05285009741783142,0.09857809543609619,0.0204634889960289,7398.666666666667
4072,4.012779712677002,,,,,,,,,,7422.666666666667
4073,,8.0,,,,,,,,,7425.333333333333
4074,,,3.9999996529093877,0.012780000000000031,4.618527782440651e-14,,,,,,7428.0
4080,4.012819766998291,,,,,,,,,,7444.0
4081,,8.0,,,,,,,,,7446.666666666667
4082,,,3.9999996702639184,0.012820000000000031,4.1744385725905886e-14,,,,,,7449.333333333333
4092,4.01285982131958,,,,,,,,,,7476.0
4093,,8.0,,,,,,,,,7478.666666666667
4094,,,3.9999996867507224,0.012860000000000031,3.8191672047105385e-14,,,,,,7481.333333333333
4101,4.012899875640869,,,,,,,,,,7500.0
4102,,8.0,,,,,,,,,7502.666666666667
4103,,,3.999999702413186,0.012900000000000031,3.375077994860476e-14,,,,,,7505.333333333333
4111,,,,,,0.5069759488105774,0.6418663859367371,0.02770748734474182,0.07910759001970291,-0.3537423312664032,7519.764705882353
4117,4.012939929962158,,,,,,,,,,7533.882352941177
4118,,8.0,,,,,,,,,7536.235294117647
4119,,,3.999999717292527,0.012940000000000031,3.019806626980426e-14,,,,,,7538.588235294118
4128,4.012979507446289,,,,,,,,,,7559.764705882353
4129,,8.0,,,,,,,,,7562.117647058823
4130,,,3.9999997314279008,0.012980000000000031,2.7533531010703882e-14,,,,,,7564.470588235294
4144,4.013019561767578,,,,,,,,,,7597.411764705882
4145,,8.0,,,,,,,,,7599.764705882353
4146,,,3.9999997448565057,0.013020000000000032,2.4868995751603507e-14,,,,,,7602.117647058823
4154,4.013059616088867,,,,,,,,,,7620.941176470588
4155,,8.0,,,,,,,,,7623.294117647059
4156,,,3.9999997576136805,0.013060000000000032,2.220446049250313e-14,,,,,,7625.64705882353
4165,,,,,,0.47733741998672485,0.6323912739753723,0.06700651347637177,0.11533217132091522,-0.10162283480167389,7635.116279069767
4173,4.013099670410156,,,,,,,,,,7644.604651162791
4174,,8.0,,,,,,,,,7645.790697674419
4175,,,3.9999997697329963,0.013100000000000032,1.9539925233402755e-14,,,,,,7646.976744186047
4181,4.013139724731445,,,,,,,,,,7654.093023255814
4182,,8.0,,,,,,,,,7655.279069767442
4183,,,3.9999997812463466,0.013140000000000032,1.7763568394002505e-14,,,,,,7656.46511627907
4189,4.013179779052734,,,,,,,,,,7663.581395348837
4190,,8.0,,,,,,,,,7664.767441860465
4191,,,3.9999997921840293,0.013180000000000032,1.5987211554602254e-14,,,,,,7665.953488372093
4199,4.013219833374023,,,,,,,,,,7675.441860465116
4200,,8.0,,,,,,,,,7676.627906976744
4201,,,3.999999802574828,0.013220000000000032,1.4210854715202004e-14,,,,,,7677.813953488372
4205,,,,,,0.4969940483570099,0.7179662585258484,0.03739389777183533,0.12169754505157471,-0.04761623963713646,7679.877551020408
4213,4.0132598876953125,,,,,,,,,,7686.897959183673
4214,,8.0,,,,,,,,,7687.775510204082
4215,,,3.9999998124460863,0.013260000000000032,1.2434497875801753e-14,,,,,,7688.65306122449
4226,4.013299942016602,,,,,,,,,,7698.306122448979
4227,,8.0,,,,,,,,,7699.183673469388
4228,,,3.9999998218237818,0.013300000000000032,1.1546319456101628e-14,,,,,,7700.061224489796
4237,4.013339996337891,,,,,,,,,,7707.959183673469
4238,,8.0,,,,,,,,,7708.836734693878
4239,,,3.999999830732593,0.013340000000000032,1.0658141036401503e-14,,,,,,7709.714285714285
4250,4.01338005065918,,,,,,,,,,7719.367346938776
4251,,8.0,,,,,,,,,7720.244897959184
4252,,,3.9999998391959632,0.013380000000000032,9.769962616701378e-15,,,,,,7721.122448979592
4258,,,,,,0.5107460021972656,0.700961709022522,0.09805825352668762,0.1523609608411789,0.7119074463844299,7729.2
4265,4.0134196281433105,,,,,,,,,,7746.0
4266,,8.0,,,,,,,,,7748.4
4267,,,3.999999847236165,0.013420000000000033,8.881784197001252e-15,,,,,,7750.8
4281,4.0134596824646,,,,,,,,,,7784.4
4282,,8.0,,,,,,,,,7786.8
4283,,,3.999999854874357,0.013460000000000033,7.993605777301127e-15,,,,,,7789.2
4288,4.013499736785889,,,,,,,,,,7801.2
4289,,8.0,,,,,,,,,7803.6
4290,,,3.999999862130639,0.013500000000000033,7.105427357601002e-15,,,,,,7806.0
4302,4.013539791107178,,,,,,,,,,7834.8
4303,,8.0,,,,,,,,,7837.2
4304,,,3.999999869024107,0.013540000000000033,6.217248937900877e-15,,,,,,7839.6
4310,,,,,,0.4654523432254791,0.6338062286376953,0.02339583821594715,0.07661188393831253,0.7421888709068298,7849.2
4315,,,,,,0.4098915755748749,0.5894927978515625,0.01590000092983246,0.04269217327237129,0.5877125263214111,7861.2
4326,4.013579845428467,,,,,,,,,,7887.6
4327,,8.0,,,,,,,,,7890.0
4328,,,3.999999875572902,0.013580000000000033,5.329070518200751e-15,,,,,,7892.4
4336,4.013619899749756,,,,,,,,,,7911.6
4337,,8.0,,,,,,,,,7914.0
4338,,,3.999999881794257,0.013620000000000033,4.440892098500626e-15,,,,,,7916.4
4345,4.013659954071045,,,,,,,,,,7933.2
4346,,8.0,,,,,,,,,7935.6
4347,,,3.9999998877045444,0.013660000000000033,3.552713678800501e-15,,,,,,7938.0
4354,4.013700008392334,,,,,,,,,,7954.8
4355,,8.0,,,,,,,,,7957.2
4356,,,3.999999893319317,0.013700000000000033,2.6645352591003757e-15,,,,,,7959.6
4361,,,,,,0.5182950496673584,0.6543983817100525,0.04862688109278679,0.10613633692264557,1.3040930032730103,7967.106382978724
4371,4.013740062713623,,,,,,,,,,7992.63829787234
4372,,8.0,,,,,,,,,7995.191489361702
4373,,,3.999999898653351,0.013740000000000033,1.7763568394002505e-15,,,,,,7997.744680851064
4386,4.013780117034912,,,,,,,,,,8030.936170212766
4387,,8.0,,,,,,,,,8033.489361702128
4388,,,3.9999999037206835,0.013780000000000034,8.881784197001252e-16,,,,,,8036.04255319149
4395,4.013819694519043,,,,,,,,,,8053.914893617021
4396,,8.0,,,,,,,,,8056.468085106383
4397,,,3.999999908534649,0.013820000000000034,0.0,,,,,,8059.021276595745
4403,4.013859748840332,,,,,,,,,,8074.340425531915
4404,,8.0,,,,,,,,,8076.893617021276
4405,,,3.9999999131079167,0.013860000000000034,0.0,,,,,,8079.446808510638
4412,,,,,,0.5101979970932007,0.6740376353263855,0.05994585528969765,0.14127805829048157,0.830904483795166,8090.727272727273
4426,4.013899803161621,,,,,,,,,,8121.272727272727
4427,,8.0,,,,,,,,,8123.454545454545
4428,,,3.999999917452521,0.013900000000000034,0.0,,,,,,8125.636363636364
4440,4.01393985748291,,,,,,,,,,8151.818181818182
4441,,8.0,,,,,,,,,8154.0
4442,,,3.999999921579895,0.013940000000000034,0.0,,,,,,8156.181818181818
4450,4.013979911804199,,,,,,,,,,8173.636363636364
4451,,8.0,,,,,,,,,8175.818181818182
4452,,,3.9999999255009,0.013980000000000034,0.0,,,,,,8178.0
4460,4.014019966125488,,,,,,,,,,8195.454545454546
4461,,8.0,,,,,,,,,8197.636363636364
4462,,,3.9999999292258552,0.014020000000000034,0.0,,,,,,8199.818181818182
4469,,,,,,0.43714404106140137,0.64227294921875,0.035044435411691666,0.08679629862308502,1.0150929689407349,8212.0
4479,4.014060020446777,,,,,,,,,,8237.0
4480,,8.0,,,,,,,,,8239.5
4481,,,3.9999999327645623,0.014060000000000034,0.0,,,,,,8242.0
4489,4.014100074768066,,,,,,,,,,8262.0
4490,,8.0,,,,,,,,,8264.5
4491,,,3.999999936126334,0.014100000000000034,0.0,,,,,,8267.0
4499,4.0141401290893555,,,,,,,,,,8287.0
4500,,8.0,,,,,,,,,8289.5
4501,,,3.999999939320017,0.014140000000000034,0.0,,,,,,8292.0
4510,4.014179706573486,,,,,,,,,,8314.5
4511,,8.0,,,,,,,,,8317.0
4512,,,3.9999999423540165,0.014180000000000035,0.0,,,,,,8319.5
4516,,,,,,0.45955660939216614,0.6350569725036621,0.03705816715955734,0.09349415451288223,1.3886281251907349,8324.068965517241
4527,4.014219760894775,,,,,,,,,,8346.827586206897
4528,,8.0,,,,,,,,,8348.896551724138
4529,,,3.9999999452363157,0.014220000000000035,0.0,,,,,,8350.965517241379
4545,4.0142598152160645,,,,,,,,,,8384.068965517241
4546,,8.0,,,,,,,,,8386.137931034482
4547,,,3.9999999479745,0.014260000000000035,0.0,,,,,,8388.206896551725
4559,4.0142998695373535,,,,,,,,,,8413.034482758621
4560,,8.0,,,,,,,,,8415.103448275862
4561,,,3.9999999505757753,0.014300000000000035,0.0,,,,,,8417.172413793103
4570,4.014339923858643,,,,,,,,,,8435.793103448275
4571,,8.0,,,,,,,,,8437.862068965518
4572,,,3.9999999530469865,0.014340000000000035,0.0,,,,,,8439.931034482759
4576,,,,,,0.5383599996566772,0.791693389415741,0.08320699632167816,0.15520556271076202,1.3087822198867798,8444.448979591836
4579,,,,,,0.48485705256462097,0.6650581955909729,0.051993392407894135,0.13540957868099213,1.0178813934326172,8451.795918367347
4587,4.014379978179932,,,,,,,,,,8471.387755102041
4588,,8.0,,,,,,,,,8473.836734693878
4589,,,3.999999955394637,0.014380000000000035,0.0,,,,,,8476.285714285714
4600,4.014420032501221,,,,,,,,,,8503.224489795919
4601,,8.0,,,,,,,,,8505.673469387755
4602,,,3.999999957624905,0.014420000000000035,0.0,,,,,,8508.122448979591
4610,4.01446008682251,,,,,,,,,,8527.714285714286
4611,,8.0,,,,,,,,,8530.163265306122
4612,,,3.99999995974366,0.014460000000000035,0.0,,,,,,8532.612244897959
4621,4.014500141143799,,,,,,,,,,8554.65306122449
4622,,8.0,,,,,,,,,8557.102040816326
4623,,,3.999999961756477,0.014500000000000035,0.0,,,,,,8559.551020408164
4632,,,,,,0.49992993474006653,0.6890068650245667,0.058340832591056824,0.1265147626399994,0.09031383693218231,8577.0
4638,4.014540195465088,,,,,,,,,,8592.0
4639,,8.0,,,,,,,,,8594.5
4640,,,3.999999963668653,0.014540000000000036,0.0,,,,,,8597.0
4648,4.014579772949219,,,,,,,,,,8617.0
4649,,8.0,,,,,,,,,8619.5
4650,,,3.9999999654852205,0.014580000000000036,0.0,,,,,,8622.0
4658,4.014619827270508,,,,,,,,,,8642.0
4659,,8.0,,,,,,,,,8644.5
4660,,,3.9999999672109596,0.014620000000000036,0.0,,,,,,8647.0
4671,4.014659881591797,,,,,,,,,,8674.5
4672,,8.0,,,,,,,,,8677.0
4673,,,3.9999999688504118,0.014660000000000036,0.0,,,,,,8679.5
4679,,,,,,0.4134320318698883,0.6650623083114624,0.020520346239209175,0.06201977655291557,-0.35093867778778076,8689.34693877551
4691,4.014699935913086,,,,,,,,,,8718.734693877552
4692,,8.0,,,,,,,,,8721.183673469388
4693,,,3.9999999704078912,0.014700000000000036,0.0,,,,,,8723.632653061224
4703,4.014739990234375,,,,,,,,,,8748.122448979591
4704,,8.0,,,,,,,,,8750.57142857143
4705,,,3.9999999718874966,0.014740000000000036,0.0,,,,,,8753.020408163266
4709,4.014780044555664,,,,,,,,,,8762.816326530612
4710,,8.0,,,,,,,,,8765.265306122448
4711,,,3.999999973293122,0.014780000000000036,0.0,,,,,,8767.714285714286
4722,4.014820098876953,,,,,,,,,,8794.65306122449
4723,,8.0,,,,,,,,,8797.102040816326
4724,,,3.999999974628466,0.014820000000000036,0.0,,,,,,8799.551020408164
4731,,,,,,0.4828284680843353,0.6838696599006653,0.03930230811238289,0.10102451592683792,0.8655134439468384,8811.795918367347
4739,4.014860153198242,,,,,,,,,,8831.387755102041
4740,,8.0,,,,,,,,,8833.836734693878
4741,,,3.9999999758970426,0.014860000000000036,0.0,,,,,,8836.285714285714
4753,4.014900207519531,,,,,,,,,,8865.673469387755
4754,,8.0,,,,,,,,,8868.122448979591
4755,,,3.9999999771021906,0.014900000000000036,0.0,,,,,,8870.57142857143
4763,4.014939785003662,,,,,,,,,,8890.163265306122
4764,,8.0,,,,,,,,,8892.612244897959
4765,,,3.999999978247081,0.014940000000000037,0.0,,,,,,8895.061224489797
4773,4.014979839324951,,,,,,,,,,8914.65306122449
4774,,8.0,,,,,,,,,8917.102040816326
4775,,,3.999999979334727,0.014980000000000037,0.0,,,,,,8919.551020408164
4780,,,,,,0.4665265679359436,0.7383692264556885,0.02435356006026268,0.08772201836109161,0.940928041934967,8926.21052631579
4792,4.01501989364624,,,,,,,,,,8951.473684210527
4793,,8.0,,,,,,,,,8953.578947368422
4794,,,3.9999999803679906,0.015020000000000037,0.0,,,,,,8955.684210526315
4805,4.015059947967529,,,,,,,,,,8978.842105263158
4806,,8.0,,,,,,,,,8980.947368421053
4807,,,3.9999999813495912,0.015060000000000037,0.0,,,,,,8983.052631578947
4813,4.015100002288818,,,,,,,,,,8995.684210526315
4814,,8.0,,,,,,,,,8997.78947368421
4815,,,3.9999999822821115,0.015100000000000037,0.0,,,,,,8999.894736842105
4832,4.015140056610107,,,,,,,,,,9035.684210526315
4833,,8.0,,,,,,,,,9037.78947368421
4834,,,3.999999983168006,0.015140000000000037,0.0,,,,,,9039.894736842105
4838,,,,,,0.439513236284256,0.6682089567184448,0.02489619329571724,0.06394088268280029,0.277765691280365,9044.666666666666
4841,,,,,,0.4600621163845062,0.6447516083717346,0.045315761119127274,0.08374335616827011,0.3448680341243744,9052.666666666666
4850,4.0151801109313965,,,,,,,,,,9076.666666666666
4851,,8.0,,,,,,,,,9079.333333333334
4852,,,3.9999999840096057,0.015180000000000037,0.0,,,,,,9082.0
4861,4.0152201652526855,,,,,,,,,,9106.0
4862,,8.0,,,,,,,,,9108.666666666666
4863,,,3.999999984809125,0.015220000000000037,0.0,,,,,,9111.333333333334
4870,4.015260219573975,,,,,,,,,,9130.0
4871,,8.0,,,,,,,,,9132.666666666666
4872,,,3.9999999855686688,0.015260000000000037,0.0,,,,,,9135.333333333334
4879,4.0152997970581055,,,,,,,,,,9154.0
4880,,8.0,,,,,,,,,9156.666666666666
4881,,,3.999999986290235,0.015300000000000038,0.0,,,,,,9159.333333333334
4890,,,,,,0.44911304116249084,0.6417244672775269,0.047252677381038666,0.09241737425327301,0.3991704285144806,9169.0
4899,4.0153398513793945,,,,,,,,,,9179.5
4900,,8.0,,,,,,,,,9180.666666666666
4901,,,3.9999999869757232,0.015340000000000038,0.0,,,,,,9181.833333333334
4907,4.015379905700684,,,,,,,,,,9188.833333333334
4908,,8.0,,,,,,,,,9190.0
4909,,,3.999999987626937,0.015380000000000038,0.0,,,,,,9191.166666666666
4920,4.015419960021973,,,,,,,,,,9204.0
4921,,8.0,,,,,,,,,9205.166666666666
4922,,,3.99999998824559,0.015420000000000038,0.0,,,,,,9206.333333333334
4929,4.015460014343262,,,,,,,,,,9214.5
4930,,8.0,,,,,,,,,9215.666666666666
4931,,,3.9999999888333106,0.015460000000000038,0.0,,,,,,9216.833333333334
4936,,,,,,0.4567689895629883,0.7158493995666504,0.02142413705587387,0.06882451474666595,0.034702450037002563,9223.106382978724
4945,4.015500068664551,,,,,,,,,,9246.08510638298
4946,,8.0,,,,,,,,,9248.63829787234
4947,,,3.999999989391645,0.015500000000000038,0.0,,,,,,9251.191489361701
4958,4.01554012298584,,,,,,,,,,9279.27659574468
4959,,8.0,,,,,,,,,9281.829787234043
4960,,,3.999999989922063,0.015540000000000038,0.0,,,,,,9284.382978723404
4969,4.015580177307129,,,,,,,,,,9307.36170212766
4970,,8.0,,,,,,,,,9309.91489361702
4971,,,3.9999999904259598,0.015580000000000038,0.0,,,,,,9312.468085106382
4978,4.01561975479126,,,,,,,,,,9330.340425531915
4979,,8.0,,,,,,,,,9332.893617021276
4980,,,3.9999999909046617,0.015620000000000038,0.0,,,,,,9335.446808510638
4986,,,,,,0.44401755928993225,0.6536015272140503,0.03557537496089935,0.10266747325658798,-0.0792083665728569,9343.901639344262
5002,4.015659809112549,,,,,,,,,,9375.377049180328
5003,,8.0,,,,,,,,,9377.344262295082
5004,,,3.9999999913594286,0.01566000000000004,0.0,,,,,,9379.311475409837
5014,4.015699863433838,,,,,,,,,,9398.983606557376
5015,,8.0,,,,,,,,,9400.95081967213
5016,,,3.9999999917914573,0.015700000000000037,0.0,,,,,,9402.918032786885
5028,4.015739917755127,,,,,,,,,,9426.524590163934
5029,,8.0,,,,,,,,,9428.491803278688
5030,,,3.9999999922018845,0.015740000000000035,0.0,,,,,,9430.459016393443
5041,4.015779972076416,,,,,,,,,,9452.098360655738
5042,,8.0,,,,,,,,,9454.065573770491
5043,,,3.9999999925917904,0.015780000000000034,0.0,,,,,,9456.032786885246
5048,,,,,,0.45834898948669434,0.6638434529304504,0.02558198943734169,0.08990608155727386,-0.0749610885977745,9462.70588235294
5060,4.015820026397705,,,,,,,,,,9490.941176470587
5061,,8.0,,,,,,,,,9493.29411764706
5062,,,3.9999999929622008,0.015820000000000032,0.0,,,,,,9495.64705882353
5074,4.015860080718994,,,,,,,,,,9523.882352941177
5075,,8.0,,,,,,,,,9526.235294117647
5076,,,3.999999993314091,0.01586000000000003,0.0,,,,,,9528.588235294117
5083,4.015900135040283,,,,,,,,,,9545.058823529413
5084,,8.0,,,,,,,,,9547.411764705883
5085,,,3.999999993648386,0.01590000000000003,0.0,,,,,,9549.764705882353
5094,4.015940189361572,,,,,,,,,,9570.941176470587
5095,,8.0,,,,,,,,,9573.29411764706
5096,,,3.9999999939659667,0.015940000000000027,0.0,,,,,,9575.64705882353
5101,,,,,,0.44040796160697937,0.6792938113212585,0.01823105849325657,0.09710914641618729,0.17168232798576355,9582.615384615385
5107,,,,,,0.5136969089508057,0.6745295524597168,0.03944094479084015,0.14262206852436066,0.4039681851863861,9596.461538461539
5114,4.015979766845703,,,,,,,,,,9612.615384615385
5115,,8.0,,,,,,,,,9614.923076923076
5116,,,3.9999999942676685,0.015980000000000025,0.0,,,,,,9617.23076923077
5127,4.016019821166992,,,,,,,,,,9642.615384615385
5128,,8.0,,,,,,,,,9644.923076923076
5129,,,3.999999994554285,0.016020000000000024,0.0,,,,,,9647.23076923077
5138,4.016059875488281,,,,,,,,,,9668.0
5139,,8.0,,,,,,,,,9670.307692307691
5140,,,3.9999999948265708,0.016060000000000022,0.0,,,,,,9672.615384615385
5148,4.01609992980957,,,,,,,,,,9691.076923076924
5149,,8.0,,,,,,,,,9693.384615384615
5150,,,3.999999995085242,0.01610000000000002,0.0,,,,,,9695.692307692309
5154,,,,,,0.4693637490272522,0.6046965718269348,0.08027087897062302,0.16675640642642975,-0.27428075671195984,9700.35294117647
5164,4.016139984130859,,,,,,,,,,9723.882352941177
5165,,8.0,,,,,,,,,9726.235294117647
5166,,,3.99999999533098,0.01614000000000002,0.0,,,,,,9728.588235294117
5179,4.016180038452148,,,,,,,,,,9759.176470588236
5180,,8.0,,,,,,,,,9761.529411764706
5181,,,3.999999995564431,0.016180000000000017,0.0,,,,,,9763.882352941177
5189,4.0162200927734375,,,,,,,,,,9782.70588235294
5190,,8.0,,,,,,,,,9785.058823529413
5191,,,3.99999999578621,0.016220000000000016,0.0,,,,,,9787.411764705883
5201,4.016260147094727,,,,,,,,,,9810.941176470587
5202,,8.0,,,,,,,,,9813.29411764706
5203,,,3.9999999959968995,0.016260000000000014,0.0,,,,,,9815.64705882353
5207,,,,,,0.43731483817100525,0.5992838740348816,0.024236002936959267,0.09432859718799591,-0.28026077151298523,9819.5
5221,4.016300201416016,,,,,,,,,,9840.5
5222,,8.0,,,,,,,,,9842.0
5223,,,3.9999999961970545,0.016300000000000012,0.0,,,,,,9843.5
5231,4.0163397789001465,,,,,,,,,,9855.5
5232,,8.0,,,,,,,,,9857.0
5233,,,3.999999996387202,0.01634000000000001,0.0,,,,,,9858.5
5241,4.0163798332214355,,,,,,,,,,9870.5
5242,,8.0,,,,,,,,,9872.0
5243,,,3.999999996567842,0.01638000000000001,0.0,,,,,,9873.5
5253,4.016419887542725,,,,,,,,,,9888.5
5254,,8.0,,,,,,,,,9890.0
5255,,,3.99999999673945,0.016420000000000008,0.0,,,,,,9891.5
5261,,,,,,0.4616304039955139,0.6760812997817993,0.03102591447532177,0.07073301076889038,-0.31177476048469543,9899.792452830188
5271,4.016459941864014,,,,,,,,,,9922.433962264151
5272,,8.0,,,,,,,,,9924.698113207547
5273,,,3.9999999969024773,0.016460000000000006,0.0,,,,,,9926.962264150943
5283,4.016499996185303,,,,,,,,,,9949.603773584906
5284,,8.0,,,,,,,,,9951.867924528302
5285,,,3.9999999970573534,0.016500000000000004,0.0,,,,,,9954.132075471698
5296,4.016540050506592,,,,,,,,,,9979.037735849057
5297,,8.0,,,,,,,,,9981.301886792453
5298,,,3.999999997204486,0.016540000000000003,0.0,,,,,,9983.566037735849
5308,4.016580104827881,,,,,,,,,,10006.207547169812
5309,,8.0,,,,,,,,,10008.471698113208
5310,,,3.9999999973442617,0.01658,0.0,,,,,,10010.735849056604
5316,,,,,,0.49156755208969116,0.7287001013755798,0.03386989235877991,0.1009354516863823,0.39719831943511963,10020.34693877551
5326,4.01662015914917,,,,,,,,,,10044.836734693878
5327,,8.0,,,,,,,,,10047.285714285714
5328,,,3.999999997477049,0.01662,0.0,,,,,,10049.734693877552
5337,4.016660213470459,,,,,,,,,,10071.775510204081
5338,,8.0,,,,,,,,,10074.224489795919
5339,,,3.9999999976031964,0.016659999999999998,0.0,,,,,,10076.673469387755
5347,4.01669979095459,,,,,,,,,,10096.265306122448
5348,,8.0,,,,,,,,,10098.714285714286
5349,,,3.9999999977230365,0.016699999999999996,0.0,,,,,,10101.163265306122
5359,4.016739845275879,,,,,,,,,,10125.65306122449
5360,,8.0,,,,,,,,,10128.102040816326
5361,,,3.9999999978368845,0.016739999999999994,0.0,,,,,,10130.551020408164
5367,,,,,,0.4591037929058075,0.6849233508110046,0.027309715747833252,0.0798947736620903,-0.13225847482681274,10136.0
5370,,,,,,0.4944285452365875,0.6865525841712952,0.04584035277366638,0.10741742700338364,0.11045719683170319,10139.0
5380,4.016779899597168,,,,,,,,,,10149.0
5381,,8.0,,,,,,,,,10150.0
5382,,,3.9999999979450402,0.016779999999999993,0.0,,,,,,10151.0
5395,4.016819953918457,,,,,,,,,,10164.0
5396,,8.0,,,,,,,,,10165.0
5397,,,3.9999999980477883,0.01681999999999999,0.0,,,,,,10166.0
5403,4.016860008239746,,,,,,,,,,10172.0
5404,,8.0,,,,,,,,,10173.0
5405,,,3.999999998145399,0.01685999999999999,0.0,,,,,,10174.0
5413,4.016900062561035,,,,,,,,,,10182.0
5414,,8.0,,,,,,,,,10183.0
5415,,,3.9999999982381294,0.016899999999999988,0.0,,,,,,10184.0
5420,,,,,,0.4603007435798645,0.6840590238571167,0.013659032993018627,0.08267219364643097,-0.02103065326809883,10187.844444444445
5429,4.016940116882324,,,,,,,,,,10200.644444444444
5430,,8.0,,,,,,,,,10202.066666666668
5431,,,3.999999998326223,0.016939999999999986,0.0,,,,,,10203.488888888889
5441,4.016980171203613,,,,,,,,,,10217.711111111112
5442,,8.0,,,,,,,,,10219.133333333333
5443,,,3.999999998409912,0.016979999999999985,0.0,,,,,,10220.555555555555
5452,4.017020225524902,,,,,,,,,,10233.355555555556
5453,,8.0,,,,,,,,,10234.777777777777
5454,,,3.9999999984894163,0.017019999999999983,0.0,,,,,,10236.2
5460,4.017059803009033,,,,,,,,,,10244.733333333334
5461,,8.0,,,,,,,,,10246.155555555555
5462,,,3.9999999985649457,0.01705999999999998,0.0,,,,,,10247.577777777778
5471,,,,,,0.5076894760131836,0.6455246806144714,0.03298099711537361,0.08688289672136307,-0.3873589038848877,10262.09090909091
5485,4.017099857330322,,,,,,,,,,10292.636363636364
5486,,8.0,,,,,,,,,10294.818181818182
5487,,,3.9999999986366985,0.01709999999999998,0.0,,,,,,10297.0
5496,4.017139911651611,,,,,,,,,,10316.636363636364
5497,,8.0,,,,,,,,,10318.818181818182
5498,,,3.9999999987048636,0.017139999999999978,0.0,,,,,,10321.0
5508,4.0171799659729,,,,,,,,,,10342.818181818182
5509,,8.0,,,,,,,,,10345.0
5510,,,3.99999999876962,0.017179999999999977,0.0,,,,,,10347.181818181818
5517,4.0172200202941895,,,,,,,,,,10362.454545454546
5518,,8.0,,,,,,,,,10364.636363636364
5519,,,3.999999998831139,0.017219999999999975,0.0,,,,,,10366.818181818182
5525,,,,,,0.46991702914237976,0.7100741267204285,0.017664829269051552,0.0539473257958889,-0.0428173802793026,10372.0
5534,4.0172600746154785,,,,,,,,,,10381.0
5535,,8.0,,,,,,,,,10382.0
5536,,,3.999999998889582,0.017259999999999973,0.0,,,,,,10383.0
5544,4.017300128936768,,,,,,,,,,10391.0
5545,,8.0,,,,,,,,,10392.0
5546,,,3.999999998945103,0.01729999999999997,0.0,,,,,,10393.0
5556,4.017340183258057,,,,,,,,,,10403.0
5557,,8.0,,,,,,,,,10404.0
5558,,,3.999999998997848,0.01733999999999997,0.0,,,,,,10405.0
5566,4.0173797607421875,,,,,,,,,,10413.0
5567,,8.0,,,,,,,,,10414.0
5568,,,3.9999999990479553,0.01737999999999997,0.0,,,,,,10415.0
5573,,,,,,0.48820579051971436,0.6524163484573364,0.024536559358239174,0.07348424196243286,0.013701805844902992,10420.06779661017
5584,4.017419815063477,,,,,,,,,,10442.440677966102
5585,,8.0,,,,,,,,,10444.474576271186
5586,,,3.9999999990955577,0.017419999999999967,0.0,,,,,,10446.50847457627
5596,4.017459869384766,,,,,,,,,,10466.847457627118
5597,,8.0,,,,,,,,,10468.881355932202
5598,,,3.9999999991407797,0.017459999999999965,0.0,,,,,,10470.915254237289
5613,4.017499923706055,,,,,,,,,,10501.42372881356
5614,,8.0,,,,,,,,,10503.457627118643
5615,,,3.999999999183741,0.017499999999999964,0.0,,,,,,10505.49152542373
5627,4.017539978027344,,,,,,,,,,10529.898305084746
5628,,8.0,,,,,,,,,10531.93220338983
5629,,,3.999999999224554,0.017539999999999962,0.0,,,,,,10533.966101694916
5633,,,,,,0.5089758038520813,0.6997087597846985,0.033611930906772614,0.0925109013915062,0.1151466965675354,10536.807017543859
5635,,,,,,0.5021518468856812,0.7121255993843079,0.05479643866419792,0.11082689464092255,0.3237430453300476,10538.421052631578
5646,4.017580032348633,,,,,,,,,,10547.298245614034
5647,,8.0,,,,,,,,,10548.105263157895
5648,,,3.999999999263326,0.01757999999999996,0.0,,,,,,10548.912280701754
5660,4.017620086669922,,,,,,,,,,10558.59649122807
5661,,8.0,,,,,,,,,10559.40350877193
5662,,,3.99999999930016,0.01761999999999996,0.0,,,,,,10560.21052631579
5673,4.017660140991211,,,,,,,,,,10569.087719298246
5674,,8.0,,,,,,,,,10569.894736842105
5675,,,3.999999999335152,0.017659999999999957,0.0,,,,,,10570.701754385966
5686,4.0177001953125,,,,,,,,,,10579.578947368422
5687,,8.0,,,,,,,,,10580.38596491228
5688,,,3.999999999368394,0.017699999999999955,0.0,,,,,,10581.192982456141
5695,,,,,,0.48921844363212585,0.7064680457115173,0.04191341996192932,0.08551681786775589,-0.10612017661333084,10584.978723404256
5702,4.017739772796631,,,,,,,,,,10590.191489361701
5703,,8.0,,,,,,,,,10590.936170212766
5704,,,3.9999999993999746,0.017739999999999954,0.0,,,,,,10591.68085106383
5713,4.01777982711792,,,,,,,,,,10598.382978723404
5714,,8.0,,,,,,,,,10599.127659574468
5715,,,3.999999999429976,0.017779999999999952,0.0,,,,,,10599.872340425532
5725,4.017819881439209,,,,,,,,,,10607.31914893617
5726,,8.0,,,,,,,,,10608.063829787234
5727,,,3.999999999458477,0.01781999999999995,0.0,,,,,,10608.808510638299
5735,4.017859935760498,,,,,,,,,,10614.765957446809
5736,,8.0,,,,,,,,,10615.510638297872
5737,,,3.9999999994855533,0.01785999999999995,0.0,,,,,,10616.255319148937
5741,,,,,,0.5182337164878845,0.6975129842758179,0.024490946903824806,0.10745476186275482,0.035484470427036285,10619.181818181818
5756,4.017899990081787,,,,,,,,,,10651.90909090909
5757,,8.0,,,,,,,,,10654.09090909091
5758,,,3.999999999511276,0.017899999999999947,0.0,,,,,,10656.272727272728
5769,4.017940044403076,,,,,,,,,,10680.272727272728
5770,,8.0,,,,,,,,,10682.454545454546
5771,,,3.999999999535712,0.017939999999999946,0.0,,,,,,10684.636363636364
5780,4.017980098724365,,,,,,,,,,10704.272727272728
5781,,8.0,,,,,,,,,10706.454545454546
5782,,,3.999999999558926,0.017979999999999944,0.0,,,,,,10708.636363636364
5792,4.018020153045654,,,,,,,,,,10730.454545454546
5793,,8.0,,,,,,,,,10732.636363636364
5794,,,3.99999999958098,0.018019999999999942,0.0,,,,,,10734.818181818182
5799,,,,,,0.5101047158241272,0.7411432266235352,0.011096957139670849,0.11401955038309097,0.35670527815818787,10741.875
5814,4.018060207366943,,,,,,,,,,10778.4375
5815,,8.0,,,,,,,,,10780.875
5816,,,3.999999999601931,0.01805999999999994,0.0,,,,,,10783.3125
5821,4.018099784851074,,,,,,,,,,10795.5
5822,,8.0,,,,,,,,,10797.9375
5823,,,3.9999999996218345,0.01809999999999994,0.0,,,,,,10800.375
5831,4.018139839172363,,,,,,,,,,10819.875
5832,,8.0,,,,,,,,,10822.3125
5833,,,3.999999999640743,0.018139999999999937,0.0,,,,,,10824.75
5842,4.018179893493652,,,,,,,,,,10846.6875
5843,,8.0,,,,,,,,,10849.125
5844,,,3.999999999658706,0.018179999999999936,0.0,,,,,,10851.5625
5848,,,,,,0.4964633882045746,0.6864181756973267,0.02574145421385765,0.09600333124399185,0.5077547430992126,10854.709090909091
5864,4.018219947814941,,,,,,,,,,10866.054545454546
5865,,8.0,,,,,,,,,10866.763636363636
5866,,,3.9999999996757705,0.018219999999999934,0.0,,,,,,10867.472727272727
5873,4.0182600021362305,,,,,,,,,,10872.436363636363
5874,,8.0,,,,,,,,,10873.145454545454
5875,,,3.999999999691982,0.018259999999999933,0.0,,,,,,10873.854545454546
5886,4.0183000564575195,,,,,,,,,,10881.654545454545
5887,,8.0,,,,,,,,,10882.363636363636
5888,,,3.999999999707383,0.01829999999999993,0.0,,,,,,10883.072727272727
5899,4.018340110778809,,,,,,,,,,10890.872727272726
5900,,8.0,,,,,,,,,10891.581818181818
5901,,,3.999999999722014,0.01833999999999993,0.0,,,,,,10892.290909090909
5905,,,,,,0.47172507643699646,0.6742057800292969,0.017224064096808434,0.09472177922725677,-0.025068391114473343,10893.8
5909,,,,,,0.4850793778896332,0.655717670917511,0.0355687215924263,0.08143158257007599,0.09302134066820145,10897.0
5915,4.018380165100098,,,,,,,,,,10901.8
5916,,8.0,,,,,,,,,10902.6
5917,,,3.999999999735913,0.018379999999999928,0.0,,,,,,10903.4
5926,4.018420219421387,,,,,,,,,,10910.6
5927,,8.0,,,,,,,,,10911.4
5928,,,3.9999999997491176,0.018419999999999926,0.0,,,,,,10912.2
5935,4.018459796905518,,,,,,,,,,10917.8
5936,,8.0,,,,,,,,,10918.6
5937,,,3.9999999997616618,0.018459999999999924,0.0,,,,,,10919.4
5946,4.018499851226807,,,,,,,,,,10926.6
5947,,8.0,,,,,,,,,10927.4
5948,,,3.999999999773579,0.018499999999999923,0.0,,,,,,10928.2
5954,,,,,,0.4877185821533203,0.7440698146820068,0.030056340619921684,0.08680319786071777,-0.29961103200912476,10931.781818181818
5965,4.018539905548096,,,,,,,,,,10941.981818181817
5966,,8.0,,,,,,,,,10942.90909090909
5967,,,3.9999999997849,0.01853999999999992,0.0,,,,,,10943.836363636363
5974,4.018579959869385,,,,,,,,,,10950.327272727272
5975,,8.0,,,,,,,,,10951.254545454545
5976,,,3.999999999795655,0.01857999999999992,0.0,,,,,,10952.181818181818
5989,4.018620014190674,,,,,,,,,,10964.236363636364
5990,,8.0,,,,,,,,,10965.163636363637
5991,,,3.999999999805872,0.018619999999999918,0.0,,,,,,10966.09090909091
6003,4.018660068511963,,,,,,,,,,10977.218181818182
6004,,8.0,,,,,,,,,10978.145454545454
6005,,,3.9999999998155786,0.018659999999999916,0.0,,,,,,10979.072727272727
6010,,,,,,0.4767915904521942,0.5991281270980835,0.03174787014722824,0.08038794994354248,-1.1192036867141724,10981.68888888889
6020,4.018700122833252,,,,,,,,,,10990.133333333333
6021,,8.0,,,,,,,,,10990.977777777778
6022,,,3.9999999998247997,0.018699999999999915,0.0,,,,,,10991.822222222223
6030,4.018740177154541,,,,,,,,,,10998.577777777778
6031,,8.0,,,,,,,,,10999.422222222222
6032,,,3.99999999983356,0.018739999999999913,0.0,,,,,,11000.266666666666
6040,4.01878023147583,,,,,,,,,,11007.022222222222
6041,,8.0,,,,,,,,,11007.866666666667
6042,,,3.999999999841882,0.01877999999999991,0.0,,,,,,11008.711111111112
6050,4.018819808959961,,,,,,,,,,11015.466666666667
6051,,8.0,,,,,,,,,11016.31111111111
6052,,,3.999999999849788,0.01881999999999991,0.0,,,,,,11017.155555555555
6057,,,,,,0.45642903447151184,0.6331269145011902,0.019609255716204643,0.10201460868120193,-0.4470579922199249,11019.725490196079
6072,4.01885986328125,,,,,,,,,,11032.666666666666
6073,,8.0,,,,,,,,,11033.529411764706
6074,,,3.9999999998572986,0.018859999999999908,0.0,,,,,,11034.392156862745
6083,4.018899917602539,,,,,,,,,,11042.156862745098
6084,,8.0,,,,,,,,,11043.019607843138
6085,,,3.9999999998644338,0.018899999999999906,0.0,,,,,,11043.882352941177
6090,4.018939971923828,,,,,,,,,,11048.196078431372
6091,,8.0,,,,,,,,,11049.058823529413
6092,,,3.999999999871212,0.018939999999999905,0.0,,,,,,11049.921568627451
6103,4.018980026245117,,,,,,,,,,11059.411764705883
6104,,8.0,,,,,,,,,11060.274509803921
6105,,,3.999999999877651,0.018979999999999903,0.0,,,,,,11061.137254901962
6109,,,,,,0.4433501064777374,0.7096377015113831,0.01503491960465908,0.07109121978282928,-0.5257003903388977,11064.608695652174
6120,4.019020080566406,,,,,,,,,,11093.304347826086
6121,,8.0,,,,,,,,,11095.91304347826
6122,,,3.9999999998837685,0.0190199999999999,0.0,,,,,,11098.521739130434
6134,4.019060134887695,,,,,,,,,,11129.826086956522
6135,,8.0,,,,,,,,,11132.434782608696
6136,,,3.9999999998895803,0.0190599999999999,0.0,,,,,,11135.04347826087
6141,4.019100189208984,,,,,,,,,,11148.08695652174
6142,,8.0,,,,,,,,,11150.695652173914
6143,,,3.9999999998951012,0.0190999999999999,0.0,,,,,,11153.304347826086
6151,4.019139766693115,,,,,,,,,,11174.173913043478
6152,,8.0,,,,,,,,,11176.782608695652
6153,,,3.9999999999003464,0.019139999999999897,0.0,,,,,,11179.391304347826
6158,,,,,,0.5010771751403809,0.7281631827354431,0.024485886096954346,0.0765104815363884,0.258288711309433,11183.358490566037
6161,,,,,,0.506868302822113,0.7182723879814148,0.020884262397885323,0.06468171626329422,0.17610500752925873,11185.396226415094
6172,4.019179821014404,,,,,,,,,,11192.867924528302
6173,,8.0,,,,,,,,,11193.547169811322
6174,,,3.999999999905329,0.019179999999999895,0.0,,,,,,11194.22641509434
6181,4.019219875335693,,,,,,,,,,11198.981132075472
6182,,8.0,,,,,,,,,11199.66037735849
6183,,,3.9999999999100626,0.019219999999999893,0.0,,,,,,11200.33962264151
6191,4.019259929656982,,,,,,,,,,11205.77358490566
6192,,8.0,,,,,,,,,11206.452830188678
6193,,,3.9999999999145595,0.019259999999999892,0.0,,,,,,11207.132075471698
6206,4.0192999839782715,,,,,,,,,,11215.962264150943
6207,,8.0,,,,,,,,,11216.641509433963
6208,,,3.9999999999188316,0.01929999999999989,0.0,,,,,,11217.32075471698
6213,,,,,,0.5417958498001099,0.6712087392807007,0.05681856721639633,0.13166233897209167,0.31281840801239014,11219.772727272728
6223,4.0193400382995605,,,,,,,,,,11228.636363636364
6224,,8.0,,,,,,,,,11229.522727272728
6225,,,3.99999999992289,0.01933999999999989,0.0,,,,,,11230.40909090909
6232,4.01938009262085,,,,,,,,,,11236.613636363636
6233,,8.0,,,,,,,,,11237.5
6234,,,3.9999999999267457,0.019379999999999887,0.0,,,,,,11238.386363636364
6241,4.019420146942139,,,,,,,,,,11244.59090909091
6242,,8.0,,,,,,,,,11245.477272727272
6243,,,3.9999999999304086,0.019419999999999885,0.0,,,,,,11246.363636363636
6252,4.019460201263428,,,,,,,,,,11254.34090909091
6253,,8.0,,,,,,,,,11255.227272727272
6254,,,3.999999999933888,0.019459999999999884,0.0,,,,,,11256.113636363636
6258,,,,,,0.4630444049835205,0.637044370174408,0.028937235474586487,0.08637584745883942,0.5917105078697205,11259.5
6268,4.019499778747559,,,,,,,,,,11284.5
6269,,8.0,,,,,,,,,11287.0
6270,,,3.999999999937194,0.019499999999999882,0.0,,,,,,11289.5
6278,4.019539833068848,,,,,,,,,,11309.5
6279,,8.0,,,,,,,,,11312.0
6280,,,3.999999999940334,0.01953999999999988,0.0,,,,,,11314.5
6292,4.019579887390137,,,,,,,,,,11344.5
6293,,8.0,,,,,,,,,11347.0
6294,,,3.9999999999433173,0.01957999999999988,0.0,,,,,,11349.5
6302,4.019619941711426,,,,,,,,,,11369.5
6303,,8.0,,,,,,,,,11372.0
6304,,,3.9999999999461515,0.019619999999999877,0.0,,,,,,11374.5
6310,,,,,,0.48385825753211975,0.7542864084243774,0.016737142577767372,0.08297388255596161,0.3494105339050293,11385.372093023256
6320,4.019659996032715,,,,,,,,,,11413.279069767443
6321,,8.0,,,,,,,,,11416.06976744186
6322,,,3.999999999948844,0.019659999999999875,0.0,,,,,,11418.860465116279
6329,4.019700050354004,,,,,,,,,,11438.39534883721
6330,,8.0,,,,,,,,,11441.186046511628
6331,,,3.999999999951402,0.019699999999999874,0.0,,,,,,11443.976744186046
6337,4.019740104675293,,,,,,,,,,11460.720930232557
6338,,8.0,,,,,,,,,11463.511627906977
6339,,,3.999999999953832,0.019739999999999872,0.0,,,,,,11466.302325581395
6347,4.019780158996582,,,,,,,,,,11488.627906976744
6348,,8.0,,,,,,,,,11491.418604651162
6349,,,3.9999999999561404,0.01977999999999987,0.0,,,,,,11494.209302325582
6354,,,,,,0.5047557353973389,0.7262433171272278,0.028467057272791862,0.07811057567596436,0.016716664656996727,11498.942857142858
6362,4.019820213317871,,,,,,,,,,11506.714285714286
6363,,8.0,,,,,,,,,11507.685714285713
6364,,,3.9999999999583333,0.01981999999999987,0.0,,,,,,11508.657142857142
6371,4.019859790802002,,,,,,,,,,11515.457142857143
6372,,8.0,,,,,,,,,11516.42857142857
6373,,,3.9999999999604166,0.019859999999999867,0.0,,,,,,11517.4
6378,4.019899845123291,,,,,,,,,,11522.257142857143
6379,,8.0,,,,,,,,,11523.228571428572
6380,,,3.999999999962396,0.019899999999999866,0.0,,,,,,11524.2
6384,4.01993989944458,,,,,,,,,,11528.085714285715
6385,,8.0,,,,,,,,,11529.057142857142
6386,,,3.999999999964276,0.019939999999999864,0.0,,,,,,11530.028571428571
6390,,,,,,0.4539697766304016,0.6695106625556946,0.04586060345172882,0.09065809100866318,0.21706761419773102,11532.166666666666
6394,,,,,,0.5164257884025574,0.6661008596420288,0.04452584683895111,0.09359873831272125,0.35618603229522705,11536.833333333334
6401,4.019979953765869,,,,,,,,,,11545.0
6402,,8.0,,,,,,,,,11546.166666666666
6403,,,3.9999999999660623,0.019979999999999862,0.0,,,,,,11547.333333333334
6413,4.020020008087158,,,,,,,,,,11559.0
6414,,8.0,,,,,,,,,11560.166666666666
6415,,,3.999999999967759,0.02001999999999986,0.0,,,,,,11561.333333333334
6422,4.020060062408447,,,,,,,,,,11569.5
6423,,8.0,,,,,,,,,11570.666666666666
6424,,,3.999999999969371,0.02005999999999986,0.0,,,,,,11571.833333333334
6434,4.020100116729736,,,,,,,,,,11583.5
6435,,8.0,,,,,,,,,11584.666666666666
6436,,,3.999999999970903,0.020099999999999858,0.0,,,,,,11585.833333333334
6442,,,,,,0.4518982768058777,0.6449857950210571,0.029979029670357704,0.11648774892091751,0.062101561576128006,11589.716981132075
6451,4.020140171051025,,,,,,,,,,11597.867924528302
6452,,8.0,,,,,,,,,11598.77358490566
6453,,,3.9999999999723577,0.020139999999999856,0.0,,,,,,11599.67924528302
6465,4.0201802253723145,,,,,,,,,,11610.547169811322
6466,,8.0,,,,,,,,,11611.452830188678
6467,,,3.9999999999737397,0.020179999999999854,0.0,,,,,,11612.358490566037
6477,4.020219802856445,,,,,,,,,,11621.415094339623
6478,,8.0,,,,,,,,,11622.32075471698
6479,,,3.999999999975053,0.020219999999999853,0.0,,,,,,11623.22641509434
6489,4.020259857177734,,,,,,,,,,11632.283018867925
6490,,8.0,,,,,,,,,11633.188679245282
6491,,,3.9999999999763003,0.02025999999999985,0.0,,,,,,11634.094339622641
6495,,,,,,0.5112622976303101,0.7154973745346069,0.01798439770936966,0.09239674359560013,0.3100647032260895,11636.09756097561
6503,4.020299911499023,,,,,,,,,,11644.878048780487
6504,,8.0,,,,,,,,,11645.975609756097
6505,,,3.999999999977485,0.02029999999999985,0.0,,,,,,11647.073170731708
6510,4.0203399658203125,,,,,,,,,,11652.560975609756
6511,,8.0,,,,,,,,,11653.658536585366
6512,,,3.999999999978611,0.020339999999999848,0.0,,,,,,11654.756097560976
6525,4.020380020141602,,,,,,,,,,11669.024390243903
6526,,8.0,,,,,,,,,11670.121951219513
6527,,,3.9999999999796803,0.020379999999999846,0.0,,,,,,11671.219512195123
6532,4.020420074462891,,,,,,,,,,11676.707317073171
6533,,8.0,,,,,,,,,11677.80487804878
6534,,,3.9999999999806963,0.020419999999999845,0.0,,,,,,11678.90243902439
6538,,,,,,0.4988183081150055,0.7234408855438232,0.040181443095207214,0.13042914867401123,0.7936568260192871,11680.863636363636
6550,4.02046012878418,,,,,,,,,,11691.227272727272
6551,,8.0,,,,,,,,,11692.09090909091
6552,,,3.9999999999816613,0.020459999999999843,0.0,,,,,,11692.954545454546
6557,4.020500183105469,,,,,,,,,,11697.272727272728
6558,,8.0,,,,,,,,,11698.136363636364
6559,,,3.9999999999825784,0.02049999999999984,0.0,,,,,,11699.0
6567,4.020540237426758,,,,,,,,,,11705.90909090909
6568,,8.0,,,,,,,,,11706.772727272728
6569,,,3.9999999999834497,0.02053999999999984,0.0,,,,,,11707.636363636364
6578,4.020579814910889,,,,,,,,,,11715.40909090909
6579,,8.0,,,,,,,,,11716.272727272728
6580,,,3.999999999984277,0.020579999999999838,0.0,,,,,,11717.136363636364
6584,,,,,,0.42538613080978394,0.592837929725647,0.015953080728650093,0.08164330571889877,0.2094254493713379,11718.775510204081
6600,4.020619869232178,,,,,,,,,,11731.183673469388
6601,,8.0,,,,,,,,,11731.959183673469
6602,,,3.999999999985063,0.020619999999999836,0.0,,,,,,11732.734693877552
6611,4.020659923553467,,,,,,,,,,11739.714285714286
6612,,8.0,,,,,,,,,11740.489795918367
6613,,,3.99999999998581,0.020659999999999835,0.0,,,,,,11741.265306122448
6622,4.020699977874756,,,,,,,,,,11748.244897959185
6623,,8.0,,,,,,,,,11749.020408163266
6624,,,3.9999999999865197,0.020699999999999833,0.0,,,,,,11749.795918367347
6629,4.020740032196045,,,,,,,,,,11753.673469387755
6630,,8.0,,,,,,,,,11754.448979591836
6631,,,3.999999999987194,0.02073999999999983,0.0,,,,,,11755.224489795919
6635,,,,,,0.477886438369751,0.6510195136070251,0.03710378706455231,0.09997428208589554,0.47709518671035767,11758.553191489362
6639,,,,,,0.5029312372207642,0.6944172382354736,0.0180014967918396,0.08905437588691711,0.2434302568435669,11768.765957446809
6646,4.020780086517334,,,,,,,,,,11786.63829787234
6647,,8.0,,,,,,,,,11789.191489361701
6648,,,3.999999999987834,0.02077999999999983,0.0,,,,,,11791.744680851063
6656,4.020820140838623,,,,,,,,,,11812.170212765957
6657,,8.0,,,,,,,,,11814.72340425532
6658,,,3.9999999999884426,0.020819999999999828,0.0,,,,,,11817.27659574468
6666,4.020860195159912,,,,,,,,,,11837.702127659575
6667,,8.0,,,,,,,,,11840.255319148937
6668,,,3.9999999999890203,0.020859999999999827,0.0,,,,,,11842.808510638299
6678,4.020899772644043,,,,,,,,,,11868.340425531915
6679,,8.0,,,,,,,,,11870.893617021276
6680,,,3.9999999999895692,0.020899999999999825,0.0,,,,,,11873.446808510638
6685,,,,,,0.4406053125858307,0.6918141841888428,0.042129240930080414,0.09607627242803574,-0.2697656452655792,11881.714285714286
6693,4.020939826965332,,,,,,,,,,11904.57142857143
6694,,8.0,,,,,,,,,11907.42857142857
6695,,,3.9999999999900906,0.020939999999999823,0.0,,,,,,11910.285714285714
6700,4.020979881286621,,,,,,,,,,11924.57142857143
6701,,8.0,,,,,,,,,11927.42857142857
6702,,,3.999999999990586,0.02097999999999982,0.0,,,,,,11930.285714285714
6712,4.02101993560791,,,,,,,,,,11958.857142857143
6713,,8.0,,,,,,,,,11961.714285714286
6714,,,3.999999999991057,0.02101999999999982,0.0,,,,,,11964.57142857143
6722,4.021059989929199,,,,,,,,,,11987.42857142857
6723,,8.0,,,,,,,,,11990.285714285714
6724,,,3.999999999991504,0.02105999999999982,0.0,,,,,,11993.142857142857
6731,,,,,,0.4578417241573334,0.6385079622268677,0.028078213334083557,0.0792238712310791,-0.17500071227550507,11998.823529411764
6744,4.021100044250488,,,,,,,,,,12008.0
6745,,8.0,,,,,,,,,12008.70588235294
6746,,,3.999999999991929,0.021099999999999817,0.0,,,,,,12009.411764705883
6755,4.021140098571777,,,,,,,,,,12015.764705882353
6756,,8.0,,,,,,,,,12016.470588235294
6757,,,3.999999999992333,0.021139999999999815,0.0,,,,,,12017.176470588236
6767,4.021180152893066,,,,,,,,,,12024.235294117647
6768,,8.0,,,,,,,,,12024.941176470587
6769,,,3.999999999992716,0.021179999999999814,0.0,,,,,,12025.64705882353
6775,4.0212202072143555,,,,,,,,,,12029.882352941177
6776,,8.0,,,,,,,,,12030.588235294117
6777,,,3.99999999999308,0.021219999999999812,0.0,,,,,,12031.29411764706
6785,,,,,,0.428486168384552,0.688273549079895,0.033090077340602875,0.08688967674970627,-0.19306372106075287,12035.454545454546
6792,4.021259784698486,,,,,,,,,,12040.290909090909
6793,,8.0,,,,,,,,,12040.981818181817
6794,,,3.999999999993426,0.02125999999999981,0.0,,,,,,12041.672727272728
6808,4.021299839019775,,,,,,,,,,12051.345454545455
6809,,8.0,,,,,,,,,12052.036363636364
6810,,,3.9999999999937548,0.02129999999999981,0.0,,,,,,12052.727272727272
6817,4.0213398933410645,,,,,,,,,,12057.563636363637
6818,,8.0,,,,,,,,,12058.254545454545
6819,,,3.999999999994067,0.021339999999999807,0.0,,,,,,12058.945454545454
6832,4.0213799476623535,,,,,,,,,,12067.927272727273
6833,,8.0,,,,,,,,,12068.618181818181
6834,,,3.9999999999943636,0.021379999999999805,0.0,,,,,,12069.309090909092
6839,,,,,,0.42322105169296265,0.6432985067367554,0.05343988165259361,0.10579928755760193,0.5425611138343811,12074.70588235294
6852,4.021420001983643,,,,,,,,,,12105.29411764706
6853,,8.0,,,,,,,,,12107.64705882353
6854,,,3.9999999999946456,0.021419999999999804,0.0,,,,,,12110.0
6865,4.021460056304932,,,,,,,,,,12135.882352941177
6866,,8.0,,,,,,,,,12138.235294117647
6867,,,3.9999999999949134,0.021459999999999802,0.0,,,,,,12140.588235294117
6874,4.021500110626221,,,,,,,,,,12157.058823529413
6875,,8.0,,,,,,,,,12159.411764705883
6876,,,3.999999999995168,0.0214999999999998,0.0,,,,,,12161.764705882353
6885,4.02154016494751,,,,,,,,,,12182.941176470587
6886,,8.0,,,,,,,,,12185.29411764706
6887,,,3.9999999999954094,0.0215399999999998,0.0,,,,,,12187.64705882353
6891,,,,,,0.4935809373855591,0.6178740859031677,0.047018833458423615,0.13071408867835999,0.729159414768219,12190.875
6895,,,,,,0.5146092772483826,0.7191841006278992,0.05576770752668381,0.14600762724876404,0.3989362120628357,12194.375
6900,4.021580219268799,,,,,,,,,,12198.75
6901,,8.0,,,,,,,,,12199.625
6902,,,3.999999999995639,0.021579999999999797,0.0,,,,,,12200.5
6909,4.02161979675293,,,,,,,,,,12206.625
6910,,8.0,,,,,,,,,12207.5
6911,,,3.999999999995857,0.021619999999999796,0.0,,,,,,12208.375
6923,4.021659851074219,,,,,,,,,,12218.875
6924,,8.0,,,,,,,,,12219.75
6925,,,3.999999999996064,0.021659999999999794,0.0,,,,,,12220.625
6935,4.021699905395508,,,,,,,,,,12229.375
6936,,8.0,,,,,,,,,12230.25
6937,,,3.9999999999962608,0.021699999999999792,0.0,,,,,,12231.125
6947,,,,,,0.4447709619998932,0.6114877462387085,0.030881620943546295,0.09883740544319153,0.868571937084198,12248.470588235294
6958,4.021739959716797,,,,,,,,,,12274.35294117647
6959,,8.0,,,,,,,,,12276.70588235294
6960,,,3.9999999999964477,0.02173999999999979,0.0,,,,,,12279.058823529413
6968,4.021780014038086,,,,,,,,,,12297.882352941177
6969,,8.0,,,,,,,,,12300.235294117647
6970,,,3.9999999999966254,0.02177999999999979,0.0,,,,,,12302.588235294117
6980,4.021820068359375,,,,,,,,,,12326.117647058823
6981,,8.0,,,,,,,,,12328.470588235294
6982,,,3.999999999996794,0.021819999999999787,0.0,,,,,,12330.823529411764
6988,4.021860122680664,,,,,,,,,,12344.941176470587
6989,,8.0,,,,,,,,,12347.29411764706
6990,,,3.9999999999969544,0.021859999999999786,0.0,,,,,,12349.64705882353
6994,,,,,,0.4548904597759247,0.6521605253219604,0.06367398053407669,0.12717914581298828,1.030390739440918,12353.333333333334
7003,4.021900177001953,,,,,,,,,,12365.333333333334
7004,,8.0,,,,,,,,,12366.666666666666
7005,,,3.9999999999971068,0.021899999999999784,0.0,,,,,,12368.0
7014,4.021940231323242,,,,,,,,,,12380.0
7015,,8.0,,,,,,,,,12381.333333333334
7016,,,3.9999999999972515,0.021939999999999783,0.0,,,,,,12382.666666666666
7027,4.021979808807373,,,,,,,,,,12397.333333333334
7028,,8.0,,,,,,,,,12398.666666666666
7029,,,3.9999999999973888,0.02197999999999978,0.0,,,,,,12400.0
7038,4.022019863128662,,,,,,,,,,12412.0
7039,,8.0,,,,,,,,,12413.333333333334
7040,,,3.9999999999975193,0.02201999999999978,0.0,,,,,,12414.666666666666
7046,,,,,,0.5159845948219299,0.6862922310829163,0.026366690173745155,0.11057723313570023,0.5609174370765686,12422.545454545454
7058,4.022059917449951,,,,,,,,,,12448.727272727272
7059,,8.0,,,,,,,,,12450.90909090909
7060,,,3.999999999997643,0.022059999999999778,0.0,,,,,,12453.09090909091
7070,4.02209997177124,,,,,,,,,,12474.90909090909
7071,,8.0,,,,,,,,,12477.09090909091
7072,,,3.999999999997761,0.022099999999999776,0.0,,,,,,12479.272727272728
7084,4.022140026092529,,,,,,,,,,12505.454545454546
7085,,8.0,,,,,,,,,12507.636363636364
7086,,,3.999999999997873,0.022139999999999774,0.0,,,,,,12509.818181818182
7095,4.022180080413818,,,,,,,,,,12529.454545454546
7096,,8.0,,,,,,,,,12531.636363636364
7097,,,3.9999999999979794,0.022179999999999773,0.0,,,,,,12533.818181818182
7102,,,,,,0.44486331939697266,0.6218822002410889,0.01584921032190323,0.08403868228197098,-0.14797276258468628,12537.733333333334
7113,4.022220134735107,,,,,,,,,,12547.266666666666
7114,,8.0,,,,,,,,,12548.133333333333
7115,,,3.9999999999980806,0.02221999999999977,0.0,,,,,,12549.0
7121,4.0222601890563965,,,,,,,,,,12554.2
7122,,8.0,,,,,,,,,12555.066666666668
7123,,,3.9999999999981766,0.02225999999999977,0.0,,,,,,12555.933333333332
7131,4.022299766540527,,,,,,,,,,12562.866666666667
7132,,8.0,,,,,,,,,12563.733333333334
7133,,,3.9999999999982676,0.022299999999999768,0.0,,,,,,12564.6
7142,4.022339820861816,,,,,,,,,,12572.4
7143,,8.0,,,,,,,,,12573.266666666666
7144,,,3.999999999998354,0.022339999999999766,0.0,,,,,,12574.133333333333
7149,,,,,,0.4518977105617523,0.6687535047531128,0.030979765579104424,0.08860090374946594,-0.1386885941028595,12579.528301886792
7150,,,,,,0.5124094486236572,0.6947305202484131,0.029373692348599434,0.10549687594175339,0.0035818754695355892,12581.792452830188
7159,4.0223798751831055,,,,,,,,,,12602.169811320755
7160,,8.0,,,,,,,,,12604.433962264151
7161,,,3.9999999999984364,0.022379999999999765,0.0,,,,,,12606.698113207547
7169,4.0224199295043945,,,,,,,,,,12624.811320754718
7170,,8.0,,,,,,,,,12627.075471698114
7171,,,3.9999999999985145,0.022419999999999763,0.0,,,,,,12629.33962264151
7181,4.022459983825684,,,,,,,,,,12651.981132075472
7182,,8.0,,,,,,,,,12654.245283018869
7183,,,3.9999999999985887,0.02245999999999976,0.0,,,,,,12656.509433962265
7197,4.022500038146973,,,,,,,,,,12688.207547169812
7198,,8.0,,,,,,,,,12690.471698113208
7199,,,3.9999999999986593,0.02249999999999976,0.0,,,,,,12692.735849056604
7207,,,,,,0.46564164757728577,0.6856014132499695,0.020370492711663246,0.10129354149103165,0.15757328271865845,12699.468085106382
7214,4.022540092468262,,,,,,,,,,12705.72340425532
7215,,8.0,,,,,,,,,12706.617021276596
7216,,,3.9999999999987264,0.022539999999999758,0.0,,,,,,12707.510638297872
7224,4.022580146789551,,,,,,,,,,12714.659574468085
7225,,8.0,,,,,,,,,12715.553191489362
7226,,,3.99999999999879,0.022579999999999757,0.0,,,,,,12716.446808510638
7236,4.02262020111084,,,,,,,,,,12725.382978723404
7237,,8.0,,,,,,,,,12726.27659574468
7238,,,3.9999999999988503,0.022619999999999755,0.0,,,,,,12727.170212765957
7246,4.022659778594971,,,,,,,,,,12734.31914893617
7247,,8.0,,,,,,,,,12735.212765957447
7248,,,3.9999999999989075,0.022659999999999753,0.0,,,,,,12736.106382978724
7253,,,,,,0.5475904941558838,0.6719409823417664,0.027859168127179146,0.10871463268995285,0.3933059573173523,12741.444444444445
7267,4.02269983291626,,,,,,,,,,12772.555555555555
7268,,8.0,,,,,,,,,12774.777777777777
7269,,,3.999999999998962,0.02269999999999975,0.0,,,,,,12777.0
7277,4.022739887237549,,,,,,,,,,12794.777777777777
7278,,8.0,,,,,,,,,12797.0
7279,,,3.999999999999014,0.02273999999999975,0.0,,,,,,12799.222222222223
7289,4.022779941558838,,,,,,,,,,12821.444444444445
7290,,8.0,,,,,,,,,12823.666666666666
7291,,,3.9999999999990634,0.02277999999999975,0.0,,,,,,12825.888888888889
7302,4.022819995880127,,,,,,,,,,12850.333333333334
7303,,8.0,,,,,,,,,12852.555555555555
7304,,,3.99999999999911,0.022819999999999747,0.0,,,,,,12854.777777777777
7312,,,,,,0.48927900195121765,0.682561457157135,0.05586280673742294,0.10357256978750229,0.18953120708465576,12861.130434782608
7322,4.022860050201416,,,,,,,,,,12869.391304347826
7323,,8.0,,,,,,,,,12870.217391304348
7324,,,3.9999999999991545,0.022859999999999745,0.0,,,,,,12871.04347826087
7331,4.022900104522705,,,,,,,,,,12876.826086956522
7332,,8.0,,,,,,,,,12877.652173913044
7333,,,3.9999999999991966,0.022899999999999743,0.0,,,,,,12878.478260869566
7343,4.022940158843994,,,,,,,,,,12886.739130434782
7344,,8.0,,,,,,,,,12887.565217391304
7345,,,3.9999999999992366,0.022939999999999742,0.0,,,,,,12888.391304347826
7350,4.022980213165283,,,,,,,,,,12892.521739130434
7351,,8.0,,,,,,,,,12893.347826086956
7352,,,3.999999999999275,0.02297999999999974,0.0,,,,,,12894.173913043478
7356,,,,,,0.5154777765274048,0.6850711107254028,0.026428038254380226,0.07419601827859879,2.063938856124878,12896.0
7366,4.023019790649414,,,,,,,,,,12906.0
7367,,8.0,,,,,,,,,12907.0
7368,,,3.999999999999311,0.02301999999999974,0.0,,,,,,12908.0
7375,4.023059844970703,,,,,,,,,,12915.0
7376,,8.0,,,,,,,,,12916.0
7377,,,3.999999999999346,0.023059999999999737,0.0,,,,,,12917.0
7386,4.023099899291992,,,,,,,,,,12926.0
7387,,8.0,,,,,,,,,12927.0
7388,,,3.9999999999993787,0.023099999999999735,0.0,,,,,,12928.0
7398,4.023139953613281,,,,,,,,,,12938.0
7399,,8.0,,,,,,,,,12939.0
7400,,,3.99999999999941,0.023139999999999734,0.0,,,,,,12940.0
7404,,,,,,0.5492035746574402,0.6577698588371277,0.034338537603616714,0.0900576040148735,1.624265193939209,12943.35294117647
7408,,,,,,0.49684956669807434,0.6213580965995789,0.0989508330821991,0.1737591177225113,1.6443787813186646,12952.764705882353
7415,4.02318000793457,,,,,,,,,,12969.235294117647
7416,,8.0,,,,,,,,,12971.588235294117
7417,,,3.999999999999439,0.023179999999999732,0.0,,,,,,12973.941176470587
7428,4.023220062255859,,,,,,,,,,12999.823529411764
7429,,8.0,,,,,,,,,13002.176470588236
7430,,,3.999999999999467,0.02321999999999973,0.0,,,,,,13004.529411764706
7437,4.023260116577148,,,,,,,,,,13021.0
7438,,8.0,,,,,,,,,13023.35294117647
7439,,,3.9999999999994937,0.02325999999999973,0.0,,,,,,13025.70588235294
7451,4.0233001708984375,,,,,,,,,,13053.941176470587
7452,,8.0,,,,,,,,,13056.29411764706
7453,,,3.999999999999519,0.023299999999999727,0.0,,,,,,13058.64705882353
7458,,,,,,0.4865286946296692,0.6555810570716858,0.018902495503425598,0.05916845425963402,1.1533737182617188,13066.217391304348
7464,4.023340225219727,,,,,,,,,,13081.869565217392
7465,,8.0,,,,,,,,,13084.478260869566
7466,,,3.999999999999543,0.023339999999999726,0.0,,,,,,13087.08695652174
7476,4.023379802703857,,,,,,,,,,13113.173913043478
7477,,8.0,,,,,,,,,13115.782608695652
7478,,,3.9999999999995657,0.023379999999999724,0.0,,,,,,13118.391304347826
7488,4.0234198570251465,,,,,,,,,,13144.478260869566
7489,,8.0,,,,,,,,,13147.08695652174
7490,,,3.9999999999995874,0.023419999999999722,0.0,,,,,,13149.695652173914
7499,4.0234599113464355,,,,,,,,,,13173.173913043478
7500,,8.0,,,,,,,,,13175.782608695652
7501,,,3.999999999999608,0.02345999999999972,0.0,,,,,,13178.391304347826
7506,,,,,,0.5054214000701904,0.66209477186203,0.02834794484078884,0.07813665270805359,1.395217776298523,13183.074074074075
7518,4.023499965667725,,,,,,,,,,13195.518518518518
7519,,8.0,,,,,,,,,13196.555555555555
7520,,,3.9999999999996274,0.02349999999999972,0.0,,,,,,13197.592592592593
7530,4.023540019989014,,,,,,,,,,13207.962962962964
7531,,8.0,,,,,,,,,13209.0
7532,,,3.999999999999646,0.023539999999999717,0.0,,,,,,13210.037037037036
7543,4.023580074310303,,,,,,,,,,13221.444444444445
7544,,8.0,,,,,,,,,13222.481481481482
7545,,,3.999999999999664,0.023579999999999716,0.0,,,,,,13223.518518518518
7555,4.023620128631592,,,,,,,,,,13233.888888888889
7556,,8.0,,,,,,,,,13234.925925925925
7557,,,3.9999999999996807,0.023619999999999714,0.0,,,,,,13235.962962962964
7564,,,,,,0.4378839433193207,0.6669310927391052,0.012954935431480408,0.07395541667938232,1.1797070503234863,13246.411764705883
7580,4.023660182952881,,,,,,,,,,13284.058823529413
7581,,8.0,,,,,,,,,13286.411764705883
7582,,,3.9999999999996967,0.023659999999999713,0.0,,,,,,13288.764705882353
7591,4.02370023727417,,,,,,,,,,13309.941176470587
7592,,8.0,,,,,,,,,13312.29411764706
7593,,,3.999999999999712,0.02369999999999971,0.0,,,,,,13314.64705882353
7600,4.023739814758301,,,,,,,,,,13331.117647058823
7601,,8.0,,,,,,,,,13333.470588235294
7602,,,3.999999999999726,0.02373999999999971,0.0,,,,,,13335.823529411764
7608,4.02377986907959,,,,,,,,,,13349.941176470587
7609,,8.0,,,,,,,,,13352.29411764706
7610,,,3.9999999999997398,0.023779999999999708,0.0,,,,,,13354.64705882353
7614,,,,,,0.43703731894493103,0.5764133334159851,0.019241882488131523,0.06932438910007477,1.068898320198059,13359.4
7628,4.023819923400879,,,,,,,,,,13393.0
7629,,8.0,,,,,,,,,13395.4
7630,,,3.9999999999997526,0.023819999999999706,0.0,,,,,,13397.8
7644,4.023859977722168,,,,,,,,,,13431.4
7645,,8.0,,,,,,,,,13433.8
7646,,,3.999999999999765,0.023859999999999704,0.0,,,,,,13436.2
7653,4.023900032043457,,,,,,,,,,13453.0
7654,,8.0,,,,,,,,,13455.4
7655,,,3.9999999999997766,0.023899999999999703,0.0,,,,,,13457.8
7660,4.023940086364746,,,,,,,,,,13469.8
7661,,8.0,,,,,,,,,13472.2
7662,,,3.9999999999997877,0.0239399999999997,0.0,,,,,,13474.6
7667,,,,,,0.5121237635612488,0.6844516396522522,0.0355784110724926,0.11111872643232346,1.302828073501587,13481.285714285714
7672,,,,,,0.5268187522888184,0.6858557462692261,0.03355697914958,0.10900679975748062,1.5394420623779297,13492.0
7682,4.023980140686035,,,,,,,,,,13513.42857142857
7683,,8.0,,,,,,,,,13515.57142857143
7684,,,3.9999999999997984,0.0239799999999997,0.0,,,,,,13517.714285714286
7694,4.024020195007324,,,,,,,,,,13539.142857142857
7695,,8.0,,,,,,,,,13541.285714285714
7696,,,3.9999999999998086,0.024019999999999698,0.0,,,,,,13543.42857142857
7706,4.024059772491455,,,,,,,,,,13564.857142857143
7707,,8.0,,,,,,,,,13567.0
7708,,,3.9999999999998184,0.024059999999999696,0.0,,,,,,13569.142857142857
7718,4.024099826812744,,,,,,,,,,13590.57142857143
7719,,8.0,,,,,,,,,13592.714285714286
7720,,,3.9999999999998272,0.024099999999999695,0.0,,,,,,13594.857142857143
7727,,,,,,0.5190622210502625,0.6894534826278687,0.0205235593020916,0.10894577950239182,1.1746610403060913,13601.549019607843
7734,4.024139881134033,,,,,,,,,,13609.509803921568
7735,,8.0,,,,,,,,,13610.64705882353
7736,,,3.9999999999998357,0.024139999999999693,0.0,,,,,,13611.78431372549
7748,4.024179935455322,,,,,,,,,,13625.43137254902
7749,,8.0,,,,,,,,,13626.56862745098
7750,,,3.999999999999844,0.02417999999999969,0.0,,,,,,13627.70588235294
7759,4.024219989776611,,,,,,,,,,13637.941176470587
7760,,8.0,,,,,,,,,13639.078431372549
7761,,,3.999999999999852,0.02421999999999969,0.0,,,,,,13640.21568627451
7771,4.0242600440979,,,,,,,,,,13651.588235294117
7772,,8.0,,,,,,,,,13652.725490196079
7773,,,3.9999999999998597,0.024259999999999688,0.0,,,,,,13653.862745098038
7779,,,,,,0.4812012016773224,0.6839773058891296,0.03438305854797363,0.08116240799427032,1.0612438917160034,13661.315789473685
7792,4.0243000984191895,,,,,,,,,,13688.684210526315
7793,,8.0,,,,,,,,,13690.78947368421
7794,,,3.9999999999998668,0.024299999999999686,0.0,,,,,,13692.894736842105
7802,4.0243401527404785,,,,,,,,,,13709.736842105263
7803,,8.0,,,,,,,,,13711.842105263158
7804,,,3.9999999999998734,0.024339999999999685,0.0,,,,,,13713.947368421053
7815,4.024380207061768,,,,,,,,,,13737.105263157895
7816,,8.0,,,,,,,,,13739.21052631579
7817,,,3.9999999999998797,0.024379999999999683,0.0,,,,,,13741.315789473685
7830,4.024419784545898,,,,,,,,,,13768.684210526315
7831,,8.0,,,,,,,,,13770.78947368421
7832,,,3.999999999999886,0.02441999999999968,0.0,,,,,,13772.894736842105
7841,,,,,,0.4856085181236267,0.6865220665931702,0.02785693295300007,0.09822319447994232,0.9639610648155212,13779.625
7848,4.0244598388671875,,,,,,,,,,13785.020833333334
7849,,8.0,,,,,,,,,13785.791666666666
7850,,,3.9999999999998916,0.02445999999999968,0.0,,,,,,13786.5625
7859,4.024499893188477,,,,,,,,,,13793.5
7860,,8.0,,,,,,,,,13794.270833333334
7861,,,3.999999999999897,0.02449999999999968,0.0,,,,,,13795.041666666666
7871,4.024539947509766,,,,,,,,,,13802.75
7872,,8.0,,,,,,,,,13803.520833333334
7873,,,3.9999999999999023,0.024539999999999677,0.0,,,,,,13804.291666666666
7880,4.024580001831055,,,,,,,,,,13809.6875
7881,,8.0,,,,,,,,,13810.458333333334
7882,,,3.999999999999907,0.024579999999999675,0.0,,,,,,13811.229166666666
7886,,,,,,0.5176147222518921,0.7140255570411682,0.049024797976017,0.1116388812661171,1.0686012506484985,13814.553191489362
7895,4.024620056152344,,,,,,,,,,13837.531914893618
7896,,8.0,,,,,,,,,13840.08510638298
7897,,,3.9999999999999116,0.024619999999999673,0.0,,,,,,13842.63829787234
7908,4.024660110473633,,,,,,,,,,13870.72340425532
7909,,8.0,,,,,,,,,13873.27659574468
7910,,,3.999999999999916,0.024659999999999672,0.0,,,,,,13875.829787234043
7919,4.024700164794922,,,,,,,,,,13898.808510638299
7920,,8.0,,,,,,,,,13901.36170212766
7921,,,3.99999999999992,0.02469999999999967,0.0,,,,,,13903.91489361702
7929,4.024740219116211,,,,,,,,,,13924.340425531915
7930,,8.0,,,,,,,,,13926.893617021276
7931,,,3.999999999999924,0.02473999999999967,0.0,,,,,,13929.446808510638
7936,,,,,,0.46614018082618713,0.6625402569770813,0.0372798889875412,0.1291593313217163,0.3887917399406433,13936.285714285714
7939,,,,,,0.4742017090320587,0.6542144417762756,0.03606613352894783,0.12017810344696045,0.3662175238132477,13942.714285714286
7946,4.024779796600342,,,,,,,,,,13957.714285714286
7947,,8.0,,,,,,,,,13959.857142857143
7948,,,3.999999999999928,0.024779999999999667,0.0,,,,,,13962.0
7960,4.024819850921631,,,,,,,,,,13987.714285714286
7961,,8.0,,,,,,,,,13989.857142857143
7962,,,3.9999999999999316,0.024819999999999665,0.0,,,,,,13992.0
7976,4.02485990524292,,,,,,,,,,14022.0
7977,,8.0,,,,,,,,,14024.142857142857
7978,,,3.999999999999935,0.024859999999999664,0.0,,,,,,14026.285714285714
7987,4.024899959564209,,,,,,,,,,14045.57142857143
7988,,8.0,,,,,,,,,14047.714285714286
7989,,,3.9999999999999383,0.024899999999999662,0.0,,,,,,14049.857142857143
7999,,,,,,0.47547483444213867,0.6656442284584045,0.029878146946430206,0.11295706778764725,0.3108167052268982,14058.275862068966
8010,4.024940013885498,,,,,,,,,,14068.137931034482
8011,,8.0,,,,,,,,,14069.034482758621
8012,,,3.9999999999999414,0.02493999999999966,0.0,,,,,,14069.931034482759
8026,4.024980068206787,,,,,,,,,,14082.48275862069
8027,,8.0,,,,,,,,,14083.379310344828
8028,,,3.9999999999999445,0.02497999999999966,0.0,,,,,,14084.275862068966
8039,4.025020122528076,,,,,,,,,,14094.137931034482
8040,,8.0,,,,,,,,,14095.034482758621
8041,,,3.999999999999947,0.025019999999999657,0.0,,,,,,14095.931034482759
8047,4.025060176849365,,,,,,,,,,14101.310344827587
8048,,8.0,,,,,,,,,14102.206896551725
8049,,,3.99999999999995,0.025059999999999655,0.0,,,,,,14103.103448275862
8054,,,,,,0.5236446857452393,0.6901925206184387,0.04633021727204323,0.12602879106998444,-0.3444298207759857,14106.177777777777
8063,4.025100231170654,,,,,,,,,,14115.977777777778
8064,,8.0,,,,,,,,,14117.066666666668
8065,,,3.9999999999999525,0.025099999999999654,0.0,,,,,,14118.155555555555
8073,4.025139808654785,,,,,,,,,,14126.866666666667
8074,,8.0,,,,,,,,,14127.955555555556
8075,,,3.9999999999999547,0.025139999999999652,0.0,,,,,,14129.044444444444
8083,4.025179862976074,,,,,,,,,,14137.755555555555
8084,,8.0,,,,,,,,,14138.844444444445
8085,,,3.999999999999957,0.02517999999999965,0.0,,,,,,14139.933333333332
8094,4.025219917297363,,,,,,,,,,14149.733333333334
8095,,8.0,,,,,,,,,14150.822222222223
8096,,,3.999999999999959,0.02521999999999965,0.0,,,,,,14151.91111111111
8102,,,,,,0.5056111216545105,0.6639753580093384,0.06078560650348663,0.13242943584918976,-0.4448191225528717,14156.551020408164
8109,4.025259971618652,,,,,,,,,,14164.836734693878
8110,,8.0,,,,,,,,,14166.020408163266
8111,,,3.9999999999999614,0.025259999999999647,0.0,,,,,,14167.204081632653
8118,4.025300025939941,,,,,,,,,,14175.489795918367
8119,,8.0,,,,,,,,,14176.673469387755
8120,,,3.999999999999963,0.025299999999999646,0.0,,,,,,14177.857142857143
8132,4.0253400802612305,,,,,,,,,,14192.061224489797
8133,,8.0,,,,,,,,,14193.244897959185
8134,,,3.999999999999965,0.025339999999999644,0.0,,,,,,14194.42857142857
8145,4.0253801345825195,,,,,,,,,,14207.448979591836
8146,,8.0,,,,,,,,,14208.632653061224
8147,,,3.9999999999999667,0.025379999999999642,0.0,,,,,,14209.816326530612
8151,,,,,,0.48846104741096497,0.6936901211738586,0.062221676111221313,0.13161176443099976,0.028974313288927078,14213.264150943396
8165,4.025420188903809,,,,,,,,,,14244.962264150943
8166,,8.0,,,,,,,,,14247.22641509434
8167,,,3.9999999999999685,0.02541999999999964,0.0,,,,,,14249.490566037735
8177,4.0254597663879395,,,,,,,,,,14272.132075471698
8178,,8.0,,,,,,,,,14274.396226415094
8179,,,3.9999999999999702,0.02545999999999964,0.0,,,,,,14276.66037735849
8189,4.0254998207092285,,,,,,,,,,14299.301886792453
8190,,8.0,,,,,,,,,14301.566037735849
8191,,,3.9999999999999716,0.025499999999999638,0.0,,,,,,14303.830188679245
8200,4.025539875030518,,,,,,,,,,14324.207547169812
8201,,8.0,,,,,,,,,14326.471698113208
8202,,,3.999999999999973,0.025539999999999636,0.0,,,,,,14328.735849056604
8207,,,,,,0.4488302767276764,0.6204951405525208,0.024977240711450577,0.0927046686410904,-0.2505554258823395,14336.0
8211,,,,,,0.4555406868457794,0.6367970108985901,0.03108997270464897,0.10877922177314758,-0.11925844848155975,14346.0
8220,4.025579929351807,,,,,,,,,,14368.5
8221,,8.0,,,,,,,,,14371.0
8222,,,3.9999999999999742,0.025579999999999634,0.0,,,,,,14373.5
8229,4.025619983673096,,,,,,,,,,14391.0
8230,,8.0,,,,,,,,,14393.5
8231,,,3.9999999999999756,0.025619999999999633,0.0,,,,,,14396.0
8238,4.025660037994385,,,,,,,,,,14413.5
8239,,8.0,,,,,,,,,14416.0
8240,,,3.999999999999977,0.02565999999999963,0.0,,,,,,14418.5
8250,4.025700092315674,,,,,,,,,,14443.5
8251,,8.0,,,,,,,,,14446.0
8252,,,3.9999999999999782,0.02569999999999963,0.0,,,,,,14448.5
8260,,,,,,0.4902462363243103,0.6444920897483826,0.046511802822351456,0.14316383004188538,0.43956953287124634,14464.04347826087
8269,4.025740146636963,,,,,,,,,,14487.521739130434
8270,,8.0,,,,,,,,,14490.130434782608
8271,,,3.999999999999979,0.025739999999999628,0.0,,,,,,14492.739130434782
8277,4.025780200958252,,,,,,,,,,14508.391304347826
8278,,8.0,,,,,,,,,14511.0
8279,,,3.99999999999998,0.025779999999999626,0.0,,,,,,14513.608695652174
8287,4.025819778442383,,,,,,,,,,14534.478260869566
8288,,8.0,,,,,,,,,14537.08695652174
8289,,,3.999999999999981,0.025819999999999625,0.0,,,,,,14539.695652173914
8298,4.025859832763672,,,,,,,,,,14563.173913043478
8299,,8.0,,,,,,,,,14565.782608695652
8300,,,3.999999999999982,0.025859999999999623,0.0,,,,,,14568.391304347826
8306,,,,,,0.4198929965496063,0.6047879457473755,0.04319320246577263,0.10844883322715759,0.08022002875804901,14578.058823529413
8315,4.025899887084961,,,,,,,,,,14599.235294117647
8316,,8.0,,,,,,,,,14601.588235294117
8317,,,3.9999999999999827,0.02589999999999962,0.0,,,,,,14603.941176470587
8328,4.02593994140625,,,,,,,,,,14629.823529411764
8329,,8.0,,,,,,,,,14632.176470588236
8330,,,3.9999999999999836,0.02593999999999962,0.0,,,,,,14634.529411764706
8340,4.025979995727539,,,,,,,,,,14658.058823529413
8341,,8.0,,,,,,,,,14660.411764705883
8342,,,3.9999999999999845,0.025979999999999618,0.0,,,,,,14662.764705882353
8351,4.026020050048828,,,,,,,,,,14683.941176470587
8352,,8.0,,,,,,,,,14686.29411764706
8353,,,3.9999999999999853,0.026019999999999616,0.0,,,,,,14688.64705882353
8357,,,,,,0.5033244490623474,0.7361971139907837,0.06568227708339691,0.13763469457626343,0.7595688104629517,14692.07142857143
8365,4.026060104370117,,,,,,,,,,14700.642857142857
8366,,8.0,,,,,,,,,14701.714285714286
8367,,,3.9999999999999862,0.026059999999999615,0.0,,,,,,14702.785714285714
8379,4.026100158691406,,,,,,,,,,14715.642857142857
8380,,8.0,,,,,,,,,14716.714285714286
8381,,,3.999999999999987,0.026099999999999613,0.0,,,,,,14717.785714285714
8389,4.026140213012695,,,,,,,,,,14726.357142857143
8390,,8.0,,,,,,,,,14727.42857142857
8391,,,3.9999999999999876,0.02613999999999961,0.0,,,,,,14728.5
8395,4.026179790496826,,,,,,,,,,14732.785714285714
8396,,8.0,,,,,,,,,14733.857142857143
8397,,,3.999999999999988,0.02617999999999961,0.0,,,,,,14734.92857142857
8401,,,,,,0.4707397222518921,0.649074137210846,0.04210466518998146,0.10504946112632751,0.4432770609855652,14738.35294117647
8412,4.026219844818115,,,,,,,,,,14764.235294117647
8413,,8.0,,,,,,,,,14766.588235294117
8414,,,3.9999999999999885,0.026219999999999608,0.0,,,,,,14768.941176470587
8425,4.026259899139404,,,,,,,,,,14794.823529411764
8426,,8.0,,,,,,,,,14797.176470588236
8427,,,3.999999999999989,0.026259999999999607,0.0,,,,,,14799.529411764706
8437,4.026299953460693,,,,,,,,,,14823.058823529413
8438,,8.0,,,,,,,,,14825.411764705883
8439,,,3.9999999999999893,0.026299999999999605,0.0,,,,,,14827.764705882353
8448,4.026340007781982,,,,,,,,,,14848.941176470587
8449,,8.0,,,,,,,,,14851.29411764706
8450,,,3.99999999999999,0.026339999999999603,0.0,,,,,,14853.64705882353
8456,,,,,,0.5194332599639893,0.7523409128189087,0.02374526858329773,0.07183792442083359,0.3106280565261841,14857.881355932202
8457,,,,,,0.4734841585159302,0.6575457453727722,0.027826089411973953,0.08045833557844162,0.32562124729156494,14858.50847457627
8469,4.0263800621032715,,,,,,,,,,14866.033898305084
8470,,8.0,,,,,,,,,14866.661016949152
8471,,,3.9999999999999902,0.0263799999999996,0.0,,,,,,14867.28813559322
8481,4.0264201164245605,,,,,,,,,,14873.559322033898
8482,,8.0,,,,,,,,,14874.186440677966
8483,,,3.9999999999999907,0.0264199999999996,0.0,,,,,,14874.813559322034
8492,4.02646017074585,,,,,,,,,,14880.457627118643
8493,,8.0,,,,,,,,,14881.084745762711
8494,,,3.999999999999991,0.0264599999999996,0.0,,,,,,14881.71186440678
8509,4.026500225067139,,,,,,,,,,14891.118644067798
8510,,8.0,,,,,,,,,14891.745762711864
8511,,,3.9999999999999916,0.026499999999999597,0.0,,,,,,14892.372881355932
8515,,,,,,0.5168938040733337,0.6857761144638062,0.011923711746931076,0.10379578173160553,0.5591058731079102,14893.977777777778
8523,4.0265398025512695,,,,,,,,,,14901.8
8524,,8.0,,,,,,,,,14902.777777777777
8525,,,3.999999999999992,0.026539999999999595,0.0,,,,,,14903.755555555555
8531,4.026579856872559,,,,,,,,,,14909.622222222222
8532,,8.0,,,,,,,,,14910.6
8533,,,3.9999999999999925,0.026579999999999594,0.0,,,,,,14911.577777777778
8543,4.026619911193848,,,,,,,,,,14921.355555555556
8544,,8.0,,,,,,,,,14922.333333333334
8545,,,3.999999999999993,0.026619999999999592,0.0,,,,,,14923.31111111111
8556,4.026659965515137,,,,,,,,,,14934.066666666668
8557,,8.0,,,,,,,,,14935.044444444444
8558,,,3.9999999999999933,0.02665999999999959,0.0,,,,,,14936.022222222222
8562,,,,,,0.49178922176361084,0.7315234541893005,-0.0003062790201511234,0.07700733840465546,0.11760272830724716,14938.42857142857
8571,4.026700019836426,,,,,,,,,,14951.285714285714
8572,,8.0,,,,,,,,,14952.714285714286
8573,,,3.999999999999994,0.02669999999999959,0.0,,,,,,14954.142857142857
8580,4.026740074157715,,,,,,,,,,14964.142857142857
8581,,8.0,,,,,,,,,14965.57142857143
8582,,,3.9999999999999942,0.026739999999999587,0.0,,,,,,14967.0
8591,4.026780128479004,,,,,,,,,,14979.857142857143
8592,,8.0,,,,,,,,,14981.285714285714
8593,,,3.9999999999999947,0.026779999999999585,0.0,,,,,,14982.714285714286
8607,4.026820182800293,,,,,,,,,,15002.714285714286
8608,,8.0,,,,,,,,,15004.142857142857
8609,,,3.999999999999995,0.026819999999999584,0.0,,,,,,15005.57142857143
8615,,,,,,0.44009342789649963,0.5780103206634521,0.045847613364458084,0.13284727931022644,0.21222545206546783,15014.058823529413
8624,4.026860237121582,,,,,,,,,,15035.235294117647
8625,,8.0,,,,,,,,,15037.588235294117
8626,,,3.9999999999999956,0.026859999999999582,0.0,,,,,,15039.941176470587
8635,4.026899814605713,,,,,,,,,,15061.117647058823
8636,,8.0,,,,,,,,,15063.470588235294
8637,,,3.999999999999996,0.02689999999999958,0.0,,,,,,15065.823529411764
8645,4.026939868927002,,,,,,,,,,15084.64705882353
8646,,8.0,,,,,,,,,15087.0
8647,,,3.999999999999996,0.02693999999999958,0.0,,,,,,15089.35294117647
8660,4.026979923248291,,,,,,,,,,15119.941176470587
8661,,8.0,,,,,,,,,15122.29411764706
8662,,,3.999999999999996,0.026979999999999577,0.0,,,,,,15124.64705882353
8668,,,,,,0.5203713178634644,0.711462140083313,0.0550602488219738,0.12255367636680603,0.13809803128242493,15134.34693877551
8676,4.02701997756958,,,,,,,,,,15153.938775510203
8677,,8.0,,,,,,,,,15156.387755102041
8678,,,3.999999999999996,0.027019999999999576,0.0,,,,,,15158.836734693878
8686,4.027060031890869,,,,,,,,,,15178.42857142857
8687,,8.0,,,,,,,,,15180.877551020409
8688,,,3.999999999999996,0.027059999999999574,0.0,,,,,,15183.326530612245
8698,4.027100086212158,,,,,,,,,,15207.816326530612
8699,,8.0,,,,,,,,,15210.265306122448
8700,,,3.999999999999996,0.027099999999999572,0.0,,,,,,15212.714285714286
8711,4.027140140533447,,,,,,,,,,15239.65306122449
8712,,8.0,,,,,,,,,15242.102040816326
8713,,,3.999999999999996,0.02713999999999957,0.0,,,,,,15244.551020408164
8717,,,,,,0.46151217818260193,0.6130790114402771,0.06219061091542244,0.15074709057807922,-1.1798381805419922,15249.790697674418
8720,,,,,,0.4404265582561493,0.6069647073745728,0.06275743991136551,0.2617315649986267,-0.49108651280403137,15258.162790697674
8731,4.027180194854736,,,,,,,,,,15288.860465116279
8732,,8.0,,,,,,,,,15291.651162790698
8733,,,3.999999999999996,0.02717999999999957,0.0,,,,,,15294.441860465116
8741,4.027219772338867,,,,,,,,,,15316.767441860466
8742,,8.0,,,,,,,,,15319.558139534884
8743,,,3.999999999999996,0.027219999999999567,0.0,,,,,,15322.348837209302
8749,4.027259826660156,,,,,,,,,,15339.093023255815
8750,,8.0,,,,,,,,,15341.883720930233
8751,,,3.999999999999996,0.027259999999999566,0.0,,,,,,15344.67441860465
8756,4.027299880981445,,,,,,,,,,15358.627906976744
8757,,8.0,,,,,,,,,15361.418604651162
8758,,,3.999999999999996,0.027299999999999564,0.0,,,,,,15364.209302325582
8764,,,,,,0.48333796858787537,0.6636570692062378,0.05801978334784508,0.13162246346473694,-0.3551021218299866,15369.936170212766
8774,4.027339935302734,,,,,,,,,,15379.72340425532
8775,,8.0,,,,,,,,,15380.702127659575
8776,,,3.999999999999996,0.027339999999999563,0.0,,,,,,15381.68085106383
8782,4.027379989624023,,,,,,,,,,15387.553191489362
8783,,8.0,,,,,,,,,15388.531914893618
8784,,,3.999999999999996,0.02737999999999956,0.0,,,,,,15389.510638297872
8796,4.0274200439453125,,,,,,,,,,15401.255319148937
8797,,8.0,,,,,,,,,15402.234042553191
8798,,,3.999999999999996,0.02741999999999956,0.0,,,,,,15403.212765957447
8805,4.027460098266602,,,,,,,,,,15410.063829787234
8806,,8.0,,,,,,,,,15411.04255319149
8807,,,3.999999999999996,0.027459999999999558,0.0,,,,,,15412.021276595744
8812,,,,,,0.4642569124698639,0.6624649167060852,0.03143315389752388,0.08791077882051468,-0.38121554255485535,15416.0
8821,4.027500152587891,,,,,,,,,,15429.5
8822,,8.0,,,,,,,,,15431.0
8823,,,3.999999999999996,0.027499999999999556,0.0,,,,,,15432.5
8830,4.02754020690918,,,,,,,,,,15443.0
8831,,8.0,,,,,,,,,15444.5
8832,,,3.999999999999996,0.027539999999999554,0.0,,,,,,15446.0
8841,4.0275797843933105,,,,,,,,,,15459.5
8842,,8.0,,,,,,,,,15461.0
8843,,,3.999999999999996,0.027579999999999553,0.0,,,,,,15462.5
8853,4.0276198387146,,,,,,,,,,15477.5
8854,,8.0,,,,,,,,,15479.0
8855,,,3.999999999999996,0.02761999999999955,0.0,,,,,,15480.5
8862,,,,,,0.44167429208755493,0.60687655210495,0.03421793505549431,0.11652357876300812,-0.00887256395071745,15485.0
8874,4.027659893035889,,,,,,,,,,15494.0
8875,,8.0,,,,,,,,,15494.75
8876,,,3.999999999999996,0.02765999999999955,0.0,,,,,,15495.5
8889,4.027699947357178,,,,,,,,,,15505.25
8890,,8.0,,,,,,,,,15506.0
8891,,,3.999999999999996,0.027699999999999548,0.0,,,,,,15506.75
8898,4.027740001678467,,,,,,,,,,15512.0
8899,,8.0,,,,,,,,,15512.75
8900,,,3.999999999999996,0.027739999999999546,0.0,,,,,,15513.5
8907,4.027780055999756,,,,,,,,,,15518.75
8908,,8.0,,,,,,,,,15519.5
8909,,,3.999999999999996,0.027779999999999545,0.0,,,,,,15520.25
8913,,,,,,0.5006214380264282,0.6600736975669861,0.055097077041864395,0.13384869694709778,0.8240185379981995,15522.333333333334
8927,4.027820110321045,,,,,,,,,,15541.0
8928,,8.0,,,,,,,,,15542.333333333334
8929,,,3.999999999999996,0.027819999999999543,0.0,,,,,,15543.666666666666
8934,4.027860164642334,,,,,,,,,,15550.333333333334
8935,,8.0,,,,,,,,,15551.666666666666
8936,,,3.999999999999996,0.02785999999999954,0.0,,,,,,15553.0
8943,4.027900218963623,,,,,,,,,,15562.333333333334
8944,,8.0,,,,,,,,,15563.666666666666
8945,,,3.999999999999996,0.02789999999999954,0.0,,,,,,15565.0
8954,4.027939796447754,,,,,,,,,,15577.0
8955,,8.0,,,,,,,,,15578.333333333334
8956,,,3.999999999999996,0.027939999999999538,0.0,,,,,,15579.666666666666
8960,,,,,,0.4444429576396942,0.6379032731056213,0.030662700533866882,0.12166576087474823,0.7773046493530273,15583.857142857143
8963,,,,,,0.4622204303741455,0.6583154797554016,0.04435810446739197,0.11964404582977295,0.7944959998130798,15592.42857142857
8971,4.027979850769043,,,,,,,,,,15615.285714285714
8972,,8.0,,,,,,,,,15618.142857142857
8973,,,3.999999999999996,0.027979999999999536,0.0,,,,,,15621.0
8978,4.028019905090332,,,,,,,,,,15635.285714285714
8979,,8.0,,,,,,,,,15638.142857142857
8980,,,3.999999999999996,0.028019999999999535,0.0,,,,,,15641.0
8989,4.028059959411621,,,,,,,,,,15666.714285714286
8990,,8.0,,,,,,,,,15669.57142857143
8991,,,3.999999999999996,0.028059999999999533,0.0,,,,,,15672.42857142857
8998,4.02810001373291,,,,,,,,,,15692.42857142857
8999,,8.0,,,,,,,,,15695.285714285714
9000,,,3.999999999999996,0.02809999999999953,0.0,,,,,,15698.142857142857
9005,,,,,,0.6744529604911804,0.8367769122123718,-0.028747446835041046,0.10418568551540375,0.7933406233787537,15705.8
9015,4.028140068054199,,,,,,,,,,15729.8
9016,,8.0,,,,,,,,,15732.2
9017,,,3.999999999999996,0.02813999999999953,0.0,,,,,,15734.6
9023,4.028180122375488,,,,,,,,,,15749.0
9024,,8.0,,,,,,,,,15751.4
9025,,,3.999999999999996,0.02817999999999953,0.0,,,,,,15753.8
9040,4.028220176696777,,,,,,,,,,15789.8
9041,,8.0,,,,,,,,,15792.2
9042,,,3.999999999999996,0.028219999999999527,0.0,,,,,,15794.6
9050,4.028260231018066,,,,,,,,,,15813.8
9051,,8.0,,,,,,,,,15816.2
9052,,,3.999999999999996,0.028259999999999525,0.0,,,,,,15818.6
9058,,,,,,0.5085822343826294,0.7473422288894653,0.044954992830753326,0.1249937042593956,-0.2035345435142517,15828.826086956522
9067,4.028299808502197,,,,,,,,,,15852.304347826086
9068,,8.0,,,,,,,,,15854.91304347826
9069,,,3.999999999999996,0.028299999999999523,0.0,,,,,,15857.521739130434
9080,4.028339862823486,,,,,,,,,,15886.217391304348
9081,,8.0,,,,,,,,,15888.826086956522
9082,,,3.999999999999996,0.028339999999999522,0.0,,,,,,15891.434782608696
9090,4.028379917144775,,,,,,,,,,15912.304347826086
9091,,8.0,,,,,,,,,15914.91304347826
9092,,,3.999999999999996,0.02837999999999952,0.0,,,,,,15917.521739130434
9098,4.0284199714660645,,,,,,,,,,15933.173913043478
9099,,8.0,,,,,,,,,15935.782608695652
9100,,,3.999999999999996,0.02841999999999952,0.0,,,,,,15938.391304347826
9106,,,,,,0.5028328895568848,0.6473417282104492,0.05148668214678764,0.13721966743469238,0.19344086945056915,15947.206896551725
9118,4.0284600257873535,,,,,,,,,,15972.034482758621
9119,,8.0,,,,,,,,,15974.103448275862
9120,,,3.999999999999996,0.028459999999999517,0.0,,,,,,15976.172413793103
9133,4.028500080108643,,,,,,,,,,16003.068965517241
9134,,8.0,,,,,,,,,16005.137931034482
9135,,,3.999999999999996,0.028499999999999515,0.0,,,,,,16007.206896551725
9145,4.028540134429932,,,,,,,,,,16027.896551724138
9146,,8.0,,,,,,,,,16029.965517241379
9147,,,3.999999999999996,0.028539999999999514,0.0,,,,,,16032.034482758621
9158,4.028580188751221,,,,,,,,,,16054.793103448275
9159,,8.0,,,,,,,,,16056.862068965518
9160,,,3.999999999999996,0.028579999999999512,0.0,,,,,,16058.931034482759
9164,,,,,,0.5112787485122681,0.6609153151512146,0.07315713167190552,0.1508195400238037,0.09672366082668304,16062.142857142857
9176,4.028619766235352,,,,,,,,,,16075.857142857143
9177,,8.0,,,,,,,,,16077.0
9178,,,3.999999999999996,0.02861999999999951,0.0,,,,,,16078.142857142857
9188,4.028659820556641,,,,,,,,,,16089.57142857143
9189,,8.0,,,,,,,,,16090.714285714286
9190,,,3.999999999999996,0.02865999999999951,0.0,,,,,,16091.857142857143
9199,4.02869987487793,,,,,,,,,,16102.142857142857
9200,,8.0,,,,,,,,,16103.285714285714
9201,,,3.999999999999996,0.028699999999999507,0.0,,,,,,16104.42857142857
9209,4.028739929199219,,,,,,,,,,16113.57142857143
9210,,8.0,,,,,,,,,16114.714285714286
9211,,,3.999999999999996,0.028739999999999506,0.0,,,,,,16115.857142857143
9215,,,,,,0.4762257933616638,0.6417647004127502,0.04627532884478569,0.15628334879875183,0.1523919254541397,16118.478260869566
9216,,,,,,0.5595149993896484,0.7421437501907349,0.08138918876647949,0.18279492855072021,0.33107444643974304,16119.95652173913
9224,4.028779983520508,,,,,,,,,,16131.782608695652
9225,,8.0,,,,,,,,,16133.260869565218
9226,,,3.999999999999996,0.028779999999999504,0.0,,,,,,16134.739130434782
9238,4.028820037841797,,,,,,,,,,16152.478260869566
9239,,8.0,,,,,,,,,16153.95652173913
9240,,,3.999999999999996,0.028819999999999502,0.0,,,,,,16155.434782608696
9249,4.028860092163086,,,,,,,,,,16168.739130434782
9250,,8.0,,,,,,,,,16170.217391304348
9251,,,3.999999999999996,0.0288599999999995,0.0,,,,,,16171.695652173914
9257,4.028900146484375,,,,,,,,,,16180.565217391304
9258,,8.0,,,,,,,,,16182.04347826087
9259,,,3.999999999999996,0.0288999999999995,0.0,,,,,,16183.521739130434
9266,,,,,,0.4675411880016327,0.6012788414955139,0.059884779155254364,0.1342877894639969,0.6535838842391968,16194.795918367347
9276,4.028940200805664,,,,,,,,,,16219.285714285714
9277,,8.0,,,,,,,,,16221.734693877552
9278,,,3.999999999999996,0.028939999999999497,0.0,,,,,,16224.183673469388
9285,4.028979778289795,,,,,,,,,,16241.326530612245
9286,,8.0,,,,,,,,,16243.775510204081
9287,,,3.999999999999996,0.028979999999999496,0.0,,,,,,16246.224489795919
9296,4.029019832611084,,,,,,,,,,16268.265306122448
9297,,8.0,,,,,,,,,16270.714285714286
9298,,,3.999999999999996,0.029019999999999494,0.0,,,,,,16273.163265306122
9308,4.029059886932373,,,,,,,,,,16297.65306122449
9309,,8.0,,,,,,,,,16300.102040816326
9310,,,3.999999999999996,0.029059999999999492,0.0,,,,,,16302.551020408164
9316,,,,,,0.4579298794269562,0.6813378930091858,0.01629151590168476,0.08579525351524353,0.5609012246131897,16308.488372093023
9326,4.029099941253662,,,,,,,,,,16320.116279069767
9327,,8.0,,,,,,,,,16321.279069767443
9328,,,3.999999999999996,0.02909999999999949,0.0,,,,,,16322.441860465116
9338,4.029139995574951,,,,,,,,,,16334.06976744186
9339,,8.0,,,,,,,,,16335.232558139534
9340,,,3.999999999999996,0.02913999999999949,0.0,,,,,,16336.39534883721
9345,4.02918004989624,,,,,,,,,,16342.209302325582
9346,,8.0,,,,,,,,,16343.372093023256
9347,,,3.999999999999996,0.029179999999999488,0.0,,,,,,16344.53488372093
9353,4.029220104217529,,,,,,,,,,16351.511627906977
9354,,8.0,,,,,,,,,16352.67441860465
9355,,,3.999999999999996,0.029219999999999486,0.0,,,,,,16353.837209302326
9360,,,,,,0.4842448830604553,0.6577587127685547,0.03400656208395958,0.09934097528457642,0.42394110560417175,16360.853658536585
9369,4.029260158538818,,,,,,,,,,16387.19512195122
9370,,8.0,,,,,,,,,16390.121951219513
9371,,,3.999999999999996,0.029259999999999484,0.0,,,,,,16393.048780487807
9376,4.029300212860107,,,,,,,,,,16407.682926829268
9377,,8.0,,,,,,,,,16410.60975609756
9378,,,3.999999999999996,0.029299999999999483,0.0,,,,,,16413.536585365855
9385,4.029339790344238,,,,,,,,,,16434.024390243903
9386,,8.0,,,,,,,,,16436.951219512193
9387,,,3.999999999999996,0.02933999999999948,0.0,,,,,,16439.878048780487
9396,4.029379844665527,,,,,,,,,,16466.219512195123
9397,,8.0,,,,,,,,,16469.146341463416
9398,,,3.999999999999996,0.02937999999999948,0.0,,,,,,16472.073170731706
9403,,,,,,0.47783786058425903,0.6624728441238403,0.028002021834254265,0.09687230736017227,1.0169978141784668,16480.333333333332
9416,4.029419898986816,,,,,,,,,,16515.0
9417,,8.0,,,,,,,,,16517.666666666668
9418,,,3.999999999999996,0.029419999999999478,0.0,,,,,,16520.333333333332
9425,4.0294599533081055,,,,,,,,,,16539.0
9426,,8.0,,,,,,,,,16541.666666666668
9427,,,3.999999999999996,0.029459999999999476,0.0,,,,,,16544.333333333332
9433,4.0295000076293945,,,,,,,,,,16560.333333333332
9434,,8.0,,,,,,,,,16563.0
9435,,,3.999999999999996,0.029499999999999475,0.0,,,,,,16565.666666666668
9443,4.029540061950684,,,,,,,,,,16587.0
9444,,8.0,,,,,,,,,16589.666666666668
9445,,,3.999999999999996,0.029539999999999473,0.0,,,,,,16592.333333333332
9449,,,,,,0.5061835050582886,0.6899247765541077,0.02276715822517872,0.11595405638217926,0.9726614356040955,16596.244444444445
9451,,,,,,0.4833405613899231,0.6665367484092712,0.025330813601613045,0.07458072900772095,0.6126033067703247,16598.733333333334
9459,4.029580116271973,,,,,,,,,,16608.68888888889
9460,,8.0,,,,,,,,,16609.933333333334
9461,,,3.999999999999996,0.02957999999999947,0.0,,,,,,16611.17777777778
9467,4.029620170593262,,,,,,,,,,16618.644444444446
9468,,8.0,,,,,,,,,16619.88888888889
9469,,,3.999999999999996,0.02961999999999947,0.0,,,,,,16621.133333333335
9478,4.029660224914551,,,,,,,,,,16632.333333333332
9479,,8.0,,,,,,,,,16633.577777777777
9480,,,3.999999999999996,0.029659999999999468,0.0,,,,,,16634.82222222222
9490,4.029699802398682,,,,,,,,,,16647.266666666666
9491,,8.0,,,,,,,,,16648.51111111111
9492,,,3.999999999999996,0.029699999999999466,0.0,,,,,,16649.755555555555
9499,,,,,,0.5293750762939453,0.7481820583343506,0.04267968609929085,0.09937132149934769,0.7234101295471191,16660.41176470588
9511,4.029739856719971,,,,,,,,,,16688.647058823528
9512,,8.0,,,,,,,,,16691.0
9513,,,3.999999999999996,0.029739999999999465,0.0,,,,,,16693.352941176472
9524,4.02977991104126,,,,,,,,,,16719.235294117647
9525,,8.0,,,,,,,,,16721.58823529412
9526,,,3.999999999999996,0.029779999999999463,0.0,,,,,,16723.941176470587
9533,4.029819965362549,,,,,,,,,,16740.41176470588
9534,,8.0,,,,,,,,,16742.764705882353
9535,,,3.999999999999996,0.02981999999999946,0.0,,,,,,16745.117647058825
9543,4.029860019683838,,,,,,,,,,16763.941176470587
9544,,8.0,,,,,,,,,16766.29411764706
9545,,,3.999999999999996,0.02985999999999946,0.0,,,,,,16768.647058823528
9550,,,,,,0.5092335343360901,0.6890848278999329,0.03626488894224167,0.10519726574420929,0.6667712926864624,16776.106382978724
9561,4.029900074005127,,,,,,,,,,16804.191489361703
9562,,8.0,,,,,,,,,16806.744680851065
9563,,,3.999999999999996,0.029899999999999458,0.0,,,,,,16809.297872340427
9573,4.029940128326416,,,,,,,,,,16834.82978723404
9574,,8.0,,,,,,,,,16837.382978723403
9575,,,3.999999999999996,0.029939999999999457,0.0,,,,,,16839.936170212764
9584,4.029980182647705,,,,,,,,,,16862.91489361702
9585,,8.0,,,,,,,,,16865.468085106382
9586,,,3.999999999999996,0.029979999999999455,0.0,,,,,,16868.021276595744
9592,4.030020236968994,,,,,,,,,,16883.340425531915
9593,,8.0,,,,,,,,,16885.893617021276
9594,,,3.999999999999996,0.030019999999999453,0.0,,,,,,16888.44680851064
9599,,,,,,0.45440295338630676,0.614320695400238,0.039716687053442,0.14323817193508148,0.5406398773193359,16896.0
9610,4.030059814453125,,,,,,,,,,16923.5
9611,,8.0,,,,,,,,,16926.0
9612,,,3.999999999999996,0.030059999999999452,0.0,,,,,,16928.5
9624,4.030099868774414,,,,,,,,,,16958.5
9625,,8.0,,,,,,,,,16961.0
9626,,,3.999999999999996,0.03009999999999945,0.0,,,,,,16963.5
9634,4.030139923095703,,,,,,,,,,16983.5
9635,,8.0,,,,,,,,,16986.0
9636,,,3.999999999999996,0.03013999999999945,0.0,,,,,,16988.5
9642,4.030179977416992,,,,,,,,,,17003.5
9643,,8.0,,,,,,,,,17006.0
9644,,,3.999999999999996,0.030179999999999447,0.0,,,,,,17008.5
9649,,,,,,0.44401538372039795,0.5974382162094116,0.04763653129339218,0.11487995833158493,0.8796109557151794,17015.8
9658,4.030220031738281,,,,,,,,,,17037.4
9659,,8.0,,,,,,,,,17039.8
9660,,,3.999999999999996,0.030219999999999445,0.0,,,,,,17042.2
9672,4.03026008605957,,,,,,,,,,17071.0
9673,,8.0,,,,,,,,,17073.4
9674,,,3.999999999999996,0.030259999999999444,0.0,,,,,,17075.8
9684,4.030300140380859,,,,,,,,,,17099.8
9685,,8.0,,,,,,,,,17102.2
9686,,,3.999999999999996,0.030299999999999442,0.0,,,,,,17104.6
9694,4.030340194702148,,,,,,,,,,17123.8
9695,,8.0,,,,,,,,,17126.2
9696,,,3.999999999999996,0.03033999999999944,0.0,,,,,,17128.6
9700,,,,,,0.5225282907485962,0.7753698825836182,0.058444805443286896,0.15289728343486786,0.8751218914985657,17131.88679245283
9702,,,,,,0.43744999170303345,0.6131300926208496,0.0641821026802063,0.16144795715808868,0.6868905425071716,17133.66037735849
9712,4.030379772186279,,,,,,,,,,17142.528301886792
9713,,8.0,,,,,,,,,17143.415094339623
9714,,,3.999999999999996,0.03037999999999944,0.0,,,,,,17144.30188679245
9724,4.030419826507568,,,,,,,,,,17153.169811320753
9725,,8.0,,,,,,,,,17154.056603773584
9726,,,3.999999999999996,0.030419999999999437,0.0,,,,,,17154.943396226416
9736,4.030459880828857,,,,,,,,,,17163.811320754718
9737,,8.0,,,,,,,,,17164.69811320755
9738,,,3.999999999999996,0.030459999999999435,0.0,,,,,,17165.584905660377
9749,4.0304999351501465,,,,,,,,,,17175.33962264151
9750,,8.0,,,,,,,,,17176.22641509434
9751,,,3.999999999999996,0.030499999999999434,0.0,,,,,,17177.11320754717
9758,,,,,,0.5195013284683228,0.7220257520675659,0.056198228150606155,0.13395993411540985,0.410894513130188,17188.434782608696
9769,4.0305399894714355,,,,,,,,,,17217.130434782608
9770,,8.0,,,,,,,,,17219.739130434784
9771,,,3.999999999999996,0.030539999999999432,0.0,,,,,,17222.347826086956
9776,4.030580043792725,,,,,,,,,,17235.391304347828
9777,,8.0,,,,,,,,,17238.0
9778,,,3.999999999999996,0.03057999999999943,0.0,,,,,,17240.608695652172
9785,4.030620098114014,,,,,,,,,,17258.869565217392
9786,,8.0,,,,,,,,,17261.478260869564
9787,,,3.999999999999996,0.03061999999999943,0.0,,,,,,17264.08695652174
9797,4.030660152435303,,,,,,,,,,17290.17391304348
9798,,8.0,,,,,,,,,17292.782608695652
9799,,,3.999999999999996,0.030659999999999427,0.0,,,,,,17295.391304347828
9805,,,,,,0.4956778287887573,0.6940674185752869,0.02651842311024666,0.07365424185991287,0.2769162952899933,17301.0
9819,4.030700206756592,,,,,,,,,,17315.0
9820,,8.0,,,,,,,,,17316.0
9821,,,3.999999999999996,0.030699999999999426,0.0,,,,,,17317.0
9829,4.030739784240723,,,,,,,,,,17325.0
9830,,8.0,,,,,,,,,17326.0
9831,,,3.999999999999996,0.030739999999999424,0.0,,,,,,17327.0
9843,4.030779838562012,,,,,,,,,,17339.0
9844,,8.0,,,,,,,,,17340.0
9845,,,3.999999999999996,0.030779999999999422,0.0,,,,,,17341.0
9856,4.030819892883301,,,,,,,,,,17352.0
9857,,8.0,,,,,,,,,17353.0
9858,,,3.999999999999996,0.03081999999999942,0.0,,,,,,17354.0
9863,,,,,,0.4719047546386719,0.667982280254364,0.026290547102689743,0.08896350115537643,0.7271291017532349,17359.615384615383
9879,4.03085994720459,,,,,,,,,,17396.53846153846
9880,,8.0,,,,,,,,,17398.846153846152
9881,,,3.999999999999996,0.03085999999999942,0.0,,,,,,17401.153846153848
9890,4.030900001525879,,,,,,,,,,17421.923076923078
9891,,8.0,,,,,,,,,17424.23076923077
9892,,,3.999999999999996,0.030899999999999418,0.0,,,,,,17426.53846153846
9899,4.030940055847168,,,,,,,,,,17442.69230769231
9900,,8.0,,,,,,,,,17445.0
9901,,,3.999999999999996,0.030939999999999416,0.0,,,,,,17447.30769230769
9910,4.030980110168457,,,,,,,,,,17468.076923076922
9911,,8.0,,,,,,,,,17470.384615384617
9912,,,3.999999999999996,0.030979999999999414,0.0,,,,,,17472.69230769231
9917,,,,,,0.4631770849227905,0.5808119773864746,0.01757192611694336,0.09894729405641556,0.7240680456161499,17480.106382978724
9930,4.031020164489746,,,,,,,,,,17513.297872340427
9931,,8.0,,,,,,,,,17515.85106382979
9932,,,3.999999999999996,0.031019999999999413,0.0,,,,,,17518.40425531915
9938,4.031060218811035,,,,,,,,,,17533.72340425532
9939,,8.0,,,,,,,,,17536.27659574468
9940,,,3.999999999999996,0.03105999999999941,0.0,,,,,,17538.82978723404
9948,4.031099796295166,,,,,,,,,,17559.255319148935
9949,,8.0,,,,,,,,,17561.808510638297
9950,,,3.999999999999996,0.03109999999999941,0.0,,,,,,17564.36170212766
9959,4.031139850616455,,,,,,,,,,17587.340425531915
9960,,8.0,,,,,,,,,17589.893617021276
9961,,,3.999999999999996,0.031139999999999408,0.0,,,,,,17592.44680851064
9965,,,,,,0.4765906035900116,0.634529709815979,0.056703999638557434,0.14095047116279602,0.8337043523788452,17597.55319148936
9967,,,,,,0.46725475788116455,0.6167232990264893,0.03782248869538307,0.12992417812347412,0.8214808106422424,17602.659574468085
9974,4.031179904937744,,,,,,,,,,17620.531914893618
9975,,8.0,,,,,,,,,17623.08510638298
9976,,,3.999999999999996,0.031179999999999406,0.0,,,,,,17625.63829787234
9991,4.031219959259033,,,,,,,,,,17663.936170212764
9992,,8.0,,,,,,,,,17666.489361702126
9993,,,3.999999999999996,0.031219999999999404,0.0,,,,,,17669.042553191488
9999,4.031260013580322,,,,,,,,,,17684.36170212766
10000,,8.0,,,,,,,,,17686.91489361702
10001,,,3.999999999999996,0.031259999999999406,0.0,,,,,,17689.468085106382
10008,4.031300067901611,,,,,,,,,,17707.340425531915
10009,,8.0,,,,,,,,,17709.893617021276
10010,,,3.999999999999996,0.031299999999999405,0.0,,,,,,17712.44680851064
10016,,,,,,0.5366702079772949,0.6866909861564636,0.03951554372906685,0.11877073347568512,1.4233815670013428,17721.666666666668
10024,4.0313401222229,,,,,,,,,,17739.444444444445
10025,,8.0,,,,,,,,,17741.666666666668
10026,,,3.999999999999996,0.0313399999999994,0.0,,,,,,17743.88888888889
10043,4.0313801765441895,,,,,,,,,,17781.666666666668
10044,,8.0,,,,,,,,,17783.88888888889
10045,,,3.999999999999996,0.0313799999999994,0.0,,,,,,17786.11111111111
10053,4.0314202308654785,,,,,,,,,,17803.88888888889
10054,,8.0,,,,,,,,,17806.11111111111
10055,,,3.999999999999996,0.0314199999999994,0.0,,,,,,17808.333333333332
10064,4.031459808349609,,,,,,,,,,17828.333333333332
10065,,8.0,,,,,,,,,17830.555555555555
10066,,,3.999999999999996,0.0314599999999994,0.0,,,,,,17832.777777777777
10070,,,,,,0.49479326605796814,0.6615904569625854,0.03195219486951828,0.09681780636310577,0.954571545124054,17837.352941176472
10081,4.031499862670898,,,,,,,,,,17863.235294117647
10082,,8.0,,,,,,,,,17865.58823529412
10083,,,3.999999999999996,0.0314999999999994,0.0,,,,,,17867.941176470587
10095,4.0315399169921875,,,,,,,,,,17896.176470588234
10096,,8.0,,,,,,,,,17898.529411764706
10097,,,3.999999999999996,0.031539999999999395,0.0,,,,,,17900.882352941175
10104,4.031579971313477,,,,,,,,,,17917.352941176472
10105,,8.0,,,,,,,,,17919.70588235294
10106,,,3.999999999999996,0.03157999999999939,0.0,,,,,,17922.058823529413
10117,4.031620025634766,,,,,,,,,,17947.941176470587
10118,,8.0,,,,,,,,,17950.29411764706
10119,,,3.999999999999996,0.03161999999999939,0.0,,,,,,17952.647058823528
10125,,,,,,0.4590798318386078,0.6829864978790283,0.04548277333378792,0.10444721579551697,0.6437279582023621,17961.666666666668
10136,4.031660079956055,,,,,,,,,,17986.11111111111
10137,,8.0,,,,,,,,,17988.333333333332
10138,,,3.999999999999996,0.03165999999999939,0.0,,,,,,17990.555555555555
10146,4.031700134277344,,,,,,,,,,18008.333333333332
10147,,8.0,,,,,,,,,18010.555555555555
10148,,,3.999999999999996,0.03169999999999939,0.0,,,,,,18012.777777777777
10161,4.031740188598633,,,,,,,,,,18041.666666666668
10162,,8.0,,,,,,,,,18043.88888888889
10163,,,3.999999999999996,0.03173999999999939,0.0,,,,,,18046.11111111111
10173,4.031779766082764,,,,,,,,,,18068.333333333332
10174,,8.0,,,,,,,,,18070.555555555555
10175,,,3.999999999999996,0.031779999999999385,0.0,,,,,,18072.777777777777
10179,,,,,,0.5171425938606262,0.7164697647094727,0.024392420426011086,0.10175734013319016,1.2741700410842896,18075.910714285714
10189,4.031819820404053,,,,,,,,,,18085.01785714286
10190,,8.0,,,,,,,,,18085.928571428572
10191,,,3.999999999999996,0.031819999999999383,0.0,,,,,,18086.839285714286
10203,4.031859874725342,,,,,,,,,,18097.76785714286
10204,,8.0,,,,,,,,,18098.678571428572
10205,,,3.999999999999996,0.03185999999999938,0.0,,,,,,18099.589285714286
10213,4.031899929046631,,,,,,,,,,18106.875
10214,,8.0,,,,,,,,,18107.785714285714
10215,,,3.999999999999996,0.03189999999999938,0.0,,,,,,18108.696428571428
10231,4.03193998336792,,,,,,,,,,18123.26785714286
10232,,8.0,,,,,,,,,18124.178571428572
10233,,,3.999999999999996,0.03193999999999938,0.0,,,,,,18125.089285714286
10238,,,,,,0.5158281922340393,0.696902334690094,0.04178586229681969,0.13595867156982422,1.388528823852539,18131.0
10243,,,,,,0.4675499200820923,0.6749565005302429,0.048715438693761826,0.12075507640838623,1.1506764888763428,18143.5
10252,4.031980037689209,,,,,,,,,,18166.0
10253,,8.0,,,,,,,,,18168.5
10254,,,3.999999999999996,0.03197999999999938,0.0,,,,,,18171.0
10262,4.032020092010498,,,,,,,,,,18191.0
10263,,8.0,,,,,,,,,18193.5
10264,,,3.999999999999996,0.032019999999999375,0.0,,,,,,18196.0
10268,4.032060146331787,,,,,,,,,,18206.0
10269,,8.0,,,,,,,,,18208.5
10270,,,3.999999999999996,0.032059999999999374,0.0,,,,,,18211.0
10281,4.032100200653076,,,,,,,,,,18238.5
10282,,8.0,,,,,,,,,18241.0
10283,,,3.999999999999996,0.03209999999999937,0.0,,,,,,18243.5
10290,,,,,,0.5407744646072388,0.7011906504631042,0.01624727062880993,0.12128902226686478,1.169169306755066,18255.23076923077
10298,4.032139778137207,,,,,,,,,,18273.69230769231
10299,,8.0,,,,,,,,,18276.0
10300,,,3.999999999999996,0.03213999999999937,0.0,,,,,,18278.30769230769
10313,4.032179832458496,,,,,,,,,,18308.30769230769
10314,,8.0,,,,,,,,,18310.615384615383
10315,,,3.999999999999996,0.03217999999999937,0.0,,,,,,18312.923076923078
10322,4.032219886779785,,,,,,,,,,18329.076923076922
10323,,8.0,,,,,,,,,18331.384615384617
10324,,,3.999999999999996,0.03221999999999937,0.0,,,,,,18333.69230769231
10335,4.032259941101074,,,,,,,,,,18359.076923076922
10336,,8.0,,,,,,,,,18361.384615384617
10337,,,3.999999999999996,0.032259999999999366,0.0,,,,,,18363.69230769231
10342,,,,,,0.4940528869628906,0.6749138832092285,0.03592123091220856,0.15476465225219727,0.8550839424133301,18372.315789473683
10350,4.032299995422363,,,,,,,,,,18397.57894736842
10351,,8.0,,,,,,,,,18400.736842105263
10352,,,3.999999999999996,0.032299999999999364,0.0,,,,,,18403.894736842107
10359,4.032340049743652,,,,,,,,,,18426.0
10360,,8.0,,,,,,,,,18429.157894736843
10361,,,3.999999999999996,0.03233999999999936,0.0,,,,,,18432.315789473683
10368,4.032380104064941,,,,,,,,,,18454.42105263158
10369,,8.0,,,,,,,,,18457.57894736842
10370,,,3.999999999999996,0.03237999999999936,0.0,,,,,,18460.736842105263
10375,4.0324201583862305,,,,,,,,,,18476.526315789473
10376,,8.0,,,,,,,,,18479.684210526317
10377,,,3.999999999999996,0.03241999999999936,0.0,,,,,,18482.842105263157
10382,,,,,,0.5041670203208923,0.694842517375946,0.02957313135266304,0.09861808270215988,1.1056915521621704,18490.897959183672
10394,4.0324602127075195,,,,,,,,,,18520.285714285714
10395,,8.0,,,,,,,,,18522.73469387755
10396,,,3.999999999999996,0.03245999999999936,0.0,,,,,,18525.183673469386
10403,4.03249979019165,,,,,,,,,,18542.326530612245
10404,,8.0,,,,,,,,,18544.775510204083
10405,,,3.999999999999996,0.032499999999999356,0.0,,,,,,18547.224489795917
10415,4.0325398445129395,,,,,,,,,,18571.714285714286
10416,,8.0,,,,,,,,,18574.163265306124
10417,,,3.999999999999996,0.032539999999999354,0.0,,,,,,18576.61224489796
10426,4.0325798988342285,,,,,,,,,,18598.65306122449
10427,,8.0,,,,,,,,,18601.102040816328
10428,,,3.999999999999996,0.03257999999999935,0.0,,,,,,18603.551020408162
10432,,,,,,0.4644407331943512,0.6279776692390442,0.04332399740815163,0.11136774718761444,1.1401768922805786,18608.14285714286
10442,4.032619953155518,,,,,,,,,,18629.571428571428
10443,,8.0,,,,,,,,,18631.714285714286
10444,,,3.999999999999996,0.03261999999999935,0.0,,,,,,18633.85714285714
10456,4.032660007476807,,,,,,,,,,18659.571428571428
10457,,8.0,,,,,,,,,18661.714285714286
10458,,,3.999999999999996,0.03265999999999935,0.0,,,,,,18663.85714285714
10471,4.032700061798096,,,,,,,,,,18691.714285714286
10472,,8.0,,,,,,,,,18693.85714285714
10473,,,3.999999999999996,0.03269999999999935,0.0,,,,,,18696.0
10484,4.032740116119385,,,,,,,,,,18719.571428571428
10485,,8.0,,,,,,,,,18721.714285714286
10486,,,3.999999999999996,0.032739999999999346,0.0,,,,,,18723.85714285714
10490,,,,,,0.49162939190864563,0.6589584350585938,0.049320995807647705,0.1457192301750183,0.5965216755867004,18729.157894736843
10492,,,,,,0.4687636196613312,0.6657702922821045,0.03433845192193985,0.09645569324493408,0.6366258859634399,18735.473684210527
10496,4.032780170440674,,,,,,,,,,18748.105263157893
10497,,8.0,,,,,,,,,18751.263157894737
10498,,,3.999999999999996,0.032779999999999344,0.0,,,,,,18754.42105263158
10507,4.032820224761963,,,,,,,,,,18782.842105263157
10508,,8.0,,,,,,,,,18786.0
10509,,,3.999999999999996,0.03281999999999934,0.0,,,,,,18789.157894736843
10514,4.032859802246094,,,,,,,,,,18804.947368421053
10515,,8.0,,,,,,,,,18808.105263157893
10516,,,3.999999999999996,0.03285999999999934,0.0,,,,,,18811.263157894737
10524,4.032899856567383,,,,,,,,,,18836.526315789473
10525,,8.0,,,,,,,,,18839.684210526317
10526,,,3.999999999999996,0.03289999999999934,0.0,,,,,,18842.842105263157
10531,,,,,,0.4876305162906647,0.6672323346138,0.03312729671597481,0.10705661028623581,0.845718264579773,18850.8
10538,4.032939910888672,,,,,,,,,,18867.6
10539,,8.0,,,,,,,,,18870.0
10540,,,3.999999999999996,0.03293999999999934,0.0,,,,,,18872.4
10546,4.032979965209961,,,,,,,,,,18886.8
10547,,8.0,,,,,,,,,18889.2
10548,,,3.999999999999996,0.032979999999999336,0.0,,,,,,18891.6
10556,4.03302001953125,,,,,,,,,,18910.8
10557,,8.0,,,,,,,,,18913.2
10558,,,3.999999999999996,0.033019999999999335,0.0,,,,,,18915.6
10576,4.033060073852539,,,,,,,,,,18958.8
10577,,8.0,,,,,,,,,18961.2
10578,,,3.999999999999996,0.03305999999999933,0.0,,,,,,18963.6
10584,,,,,,0.4614717364311218,0.5770153999328613,0.011187341995537281,0.10669173300266266,0.4289094805717468,18974.0
10592,4.033100128173828,,,,,,,,,,18995.333333333332
10593,,8.0,,,,,,,,,18998.0
10594,,,3.999999999999996,0.03309999999999933,0.0,,,,,,19000.666666666668
10603,4.033140182495117,,,,,,,,,,19024.666666666668
10604,,8.0,,,,,,,,,19027.333333333332
10605,,,3.999999999999996,0.03313999999999933,0.0,,,,,,19030.0
10611,4.033180236816406,,,,,,,,,,19046.0
10612,,8.0,,,,,,,,,19048.666666666668
10613,,,3.999999999999996,0.03317999999999933,0.0,,,,,,19051.333333333332
10623,4.033219814300537,,,,,,,,,,19078.0
10624,,8.0,,,,,,,,,19080.666666666668
10625,,,3.999999999999996,0.033219999999999326,0.0,,,,,,19083.333333333332
10629,,,,,,0.5068739652633667,0.6735146045684814,0.04239241033792496,0.1367741823196411,0.653843343257904,19088.79069767442
10640,4.033259868621826,,,,,,,,,,19119.488372093023
10641,,8.0,,,,,,,,,19122.279069767443
10642,,,3.999999999999996,0.033259999999999325,0.0,,,,,,19125.06976744186
10651,4.033299922943115,,,,,,,,,,19150.18604651163
10652,,8.0,,,,,,,,,19152.976744186046
10653,,,3.999999999999996,0.03329999999999932,0.0,,,,,,19155.767441860466
10660,4.033339977264404,,,,,,,,,,19175.302325581397
10661,,8.0,,,,,,,,,19178.093023255813
10662,,,3.999999999999996,0.03333999999999932,0.0,,,,,,19180.883720930233
10668,4.033380031585693,,,,,,,,,,19197.627906976744
10669,,8.0,,,,,,,,,19200.418604651164
10670,,,3.999999999999996,0.03337999999999932,0.0,,,,,,19203.20930232558
10677,,,,,,0.4650351107120514,0.6151394248008728,0.004179626703262329,0.1132654920220375,0.2598832845687866,19215.056603773584
10690,4.033420085906982,,,,,,,,,,19244.490566037737
10691,,8.0,,,,,,,,,19246.754716981133
10692,,,3.999999999999996,0.03341999999999932,0.0,,,,,,19249.01886792453
10704,4.0334601402282715,,,,,,,,,,19276.188679245282
10705,,8.0,,,,,,,,,19278.45283018868
10706,,,3.999999999999996,0.03345999999999932,0.0,,,,,,19280.716981132075
10712,4.0335001945495605,,,,,,,,,,19294.30188679245
10713,,8.0,,,,,,,,,19296.56603773585
10714,,,3.999999999999996,0.033499999999999315,0.0,,,,,,19298.830188679247
10723,4.033539772033691,,,,,,,,,,19319.20754716981
10724,,8.0,,,,,,,,,19321.471698113208
10725,,,3.999999999999996,0.03353999999999931,0.0,,,,,,19323.735849056604
10729,,,,,,0.4802386164665222,0.6635844707489014,0.03331438824534416,0.0884336307644844,1.0895206928253174,19328.79069767442
10732,,,,,,0.4707549214363098,0.64692622423172,0.01202948484569788,0.09300489723682404,0.8718697428703308,19337.162790697676
10738,4.0335798263549805,,,,,,,,,,19353.906976744187
10739,,8.0,,,,,,,,,19356.697674418603
10740,,,3.999999999999996,0.03357999999999931,0.0,,,,,,19359.488372093023
10748,4.0336198806762695,,,,,,,,,,19381.81395348837
10749,,8.0,,,,,,,,,19384.60465116279
10750,,,3.999999999999996,0.03361999999999931,0.0,,,,,,19387.39534883721
10755,4.033659934997559,,,,,,,,,,19401.3488372093
10756,,8.0,,,,,,,,,19404.13953488372
10757,,,3.999999999999996,0.03365999999999931,0.0,,,,,,19406.93023255814
10768,4.033699989318848,,,,,,,,,,19437.627906976744
10769,,8.0,,,,,,,,,19440.418604651164
10770,,,3.999999999999996,0.03369999999999931,0.0,,,,,,19443.20930232558
10778,,,,,,0.47214022278785706,0.6681995391845703,0.047532979398965836,0.1288686841726303,0.9254012703895569,19456.909090909092
10787,4.033740043640137,,,,,,,,,,19476.545454545456
10788,,8.0,,,,,,,,,19478.727272727272
10789,,,3.999999999999996,0.033739999999999305,0.0,,,,,,19480.909090909092
10800,4.033780097961426,,,,,,,,,,19504.909090909092
10801,,8.0,,,,,,,,,19507.090909090908
10802,,,3.999999999999996,0.033779999999999304,0.0,,,,,,19509.272727272728
10812,4.033820152282715,,,,,,,,,,19531.090909090908
10813,,8.0,,,,,,,,,19533.272727272728
10814,,,3.999999999999996,0.0338199999999993,0.0,,,,,,19535.454545454544
10825,4.033860206604004,,,,,,,,,,19559.454545454544
10826,,8.0,,,,,,,,,19561.636363636364
10827,,,3.999999999999996,0.0338599999999993,0.0,,,,,,19563.81818181818
10832,,,,,,0.4324791729450226,0.6213805675506592,0.034028198570013046,0.08999129384756088,0.48800522089004517,19571.0
10843,4.033899784088135,,,,,,,,,,19598.5
10844,,8.0,,,,,,,,,19601.0
10845,,,3.999999999999996,0.0338999999999993,0.0,,,,,,19603.5
10854,4.033939838409424,,,,,,,,,,19626.0
10855,,8.0,,,,,,,,,19628.5
10856,,,3.999999999999996,0.0339399999999993,0.0,,,,,,19631.0
10863,4.033979892730713,,,,,,,,,,19648.5
10864,,8.0,,,,,,,,,19651.0
10865,,,3.999999999999996,0.033979999999999295,0.0,,,,,,19653.5
10875,4.034019947052002,,,,,,,,,,19678.5
10876,,8.0,,,,,,,,,19681.0
10877,,,3.999999999999996,0.034019999999999294,0.0,,,,,,19683.5
10885,,,,,,0.4646378457546234,0.6632110476493835,0.013825994916260242,0.10204921662807465,0.44434064626693726,19691.833333333332
10891,4.034060001373291,,,,,,,,,,19698.833333333332
10892,,8.0,,,,,,,,,19700.0
10893,,,3.999999999999996,0.03405999999999929,0.0,,,,,,19701.166666666668
10900,4.03410005569458,,,,,,,,,,19709.333333333332
10901,,8.0,,,,,,,,,19710.5
10902,,,3.999999999999996,0.03409999999999929,0.0,,,,,,19711.666666666668
10911,4.034140110015869,,,,,,,,,,19722.166666666668
10912,,8.0,,,,,,,,,19723.333333333332
10913,,,3.999999999999996,0.03413999999999929,0.0,,,,,,19724.5
10919,4.034180164337158,,,,,,,,,,19731.5
10920,,8.0,,,,,,,,,19732.666666666668
10921,,,3.999999999999996,0.03417999999999929,0.0,,,,,,19733.833333333332
10926,,,,,,0.46429717540740967,0.6306058764457703,0.020692545920610428,0.1302499920129776,0.8477320671081543,19740.106382978724
10932,4.034220218658447,,,,,,,,,,19755.425531914894
10933,,8.0,,,,,,,,,19757.978723404256
10934,,,3.999999999999996,0.034219999999999286,0.0,,,,,,19760.531914893618
10943,4.034259796142578,,,,,,,,,,19783.510638297874
10944,,8.0,,,,,,,,,19786.063829787236
10945,,,3.999999999999996,0.034259999999999284,0.0,,,,,,19788.617021276597
10955,4.034299850463867,,,,,,,,,,19814.14893617021
10956,,8.0,,,,,,,,,19816.702127659573
10957,,,3.999999999999996,0.03429999999999928,0.0,,,,,,19819.255319148935
10968,4.034339904785156,,,,,,,,,,19847.340425531915
10969,,8.0,,,,,,,,,19849.893617021276
10970,,,3.999999999999996,0.03433999999999928,0.0,,,,,,19852.44680851064
10974,,,,,,0.396222323179245,0.5384678244590759,0.035766907036304474,0.10393434017896652,0.8842564225196838,19855.69230769231
10980,,,,,,0.47312918305397034,0.625185489654541,0.033148445188999176,0.11616028100252151,0.9711993932723999,19859.846153846152
10990,4.034379959106445,,,,,,,,,,19866.76923076923
10991,,8.0,,,,,,,,,19867.46153846154
10992,,,3.999999999999996,0.03437999999999928,0.0,,,,,,19868.153846153848
10999,4.034420013427734,,,,,,,,,,19873.0
11000,,8.0,,,,,,,,,19873.69230769231
11001,,,3.999999999999996,0.03441999999999928,0.0,,,,,,19874.384615384617
11010,4.034460067749023,,,,,,,,,,19880.615384615383
11011,,8.0,,,,,,,,,19881.30769230769
11012,,,3.999999999999996,0.034459999999999276,0.0,,,,,,19882.0
11022,4.0345001220703125,,,,,,,,,,19888.923076923078
11023,,8.0,,,,,,,,,19889.615384615383
11024,,,3.999999999999996,0.034499999999999274,0.0,,,,,,19890.30769230769
11029,,,,,,0.4154517352581024,0.5789654850959778,0.025241559371352196,0.0727735161781311,0.5624562501907349,19896.581395348836
11038,4.034540176391602,,,,,,,,,,19921.697674418603
11039,,8.0,,,,,,,,,19924.488372093023
11040,,,3.999999999999996,0.03453999999999927,0.0,,,,,,19927.279069767443
11048,4.034580230712891,,,,,,,,,,19949.60465116279
11049,,8.0,,,,,,,,,19952.39534883721
11050,,,3.999999999999996,0.03457999999999927,0.0,,,,,,19955.18604651163
11056,4.0346198081970215,,,,,,,,,,19971.93023255814
11057,,8.0,,,,,,,,,19974.720930232557
11058,,,3.999999999999996,0.03461999999999927,0.0,,,,,,19977.511627906977
11067,4.0346598625183105,,,,,,,,,,20002.627906976744
11068,,8.0,,,,,,,,,20005.418604651164
11069,,,3.999999999999996,0.03465999999999927,0.0,,,,,,20008.20930232558
11075,,,,,,0.43903279304504395,0.6148421168327332,0.03612932190299034,0.09543193876743317,0.8102856874465942,20013.303571428572
11085,4.0346999168396,,,,,,,,,,20020.98214285714
11086,,8.0,,,,,,,,,20021.75
11087,,,3.999999999999996,0.034699999999999266,0.0,,,,,,20022.51785714286
11099,4.034739971160889,,,,,,,,,,20031.73214285714
11100,,8.0,,,,,,,,,20032.5
11101,,,3.999999999999996,0.034739999999999265,0.0,,,,,,20033.26785714286
11109,4.034780025482178,,,,,,,,,,20039.410714285714
11110,,8.0,,,,,,,,,20040.178571428572
11111,,,3.999999999999996,0.03477999999999926,0.0,,,,,,20040.946428571428
11125,4.034820079803467,,,,,,,,,,20051.696428571428
11126,,8.0,,,,,,,,,20052.464285714286
11127,,,3.999999999999996,0.03481999999999926,0.0,,,,,,20053.23214285714
11133,,,,,,0.4719613194465637,0.6212350130081177,0.009526322595775127,0.12370997667312622,0.5502122044563293,20061.34693877551
11144,4.034860134124756,,,,,,,,,,20088.285714285714
11145,,8.0,,,,,,,,,20090.73469387755
11146,,,3.999999999999996,0.03485999999999926,0.0,,,,,,20093.183673469386
11153,4.034900188446045,,,,,,,,,,20110.326530612245
11154,,8.0,,,,,,,,,20112.775510204083
11155,,,3.999999999999996,0.03489999999999926,0.0,,,,,,20115.224489795917
11166,4.034939765930176,,,,,,,,,,20142.163265306124
11167,,8.0,,,,,,,,,20144.61224489796
11168,,,3.999999999999996,0.034939999999999256,0.0,,,,,,20147.061224489797
11176,4.034979820251465,,,,,,,,,,20166.65306122449
11177,,8.0,,,,,,,,,20169.102040816328
11178,,,3.999999999999996,0.034979999999999255,0.0,,,,,,20171.551020408162
11183,,,,,,0.5377346873283386,0.7775409817695618,0.04050258919596672,0.12566785514354706,-0.2525142729282379,20175.854545454546
11196,4.035019874572754,,,,,,,,,,20187.909090909092
11197,,8.0,,,,,,,,,20188.836363636365
11198,,,3.999999999999996,0.03501999999999925,0.0,,,,,,20189.763636363637
11206,4.035059928894043,,,,,,,,,,20197.18181818182
11207,,8.0,,,,,,,,,20198.109090909093
11208,,,3.999999999999996,0.03505999999999925,0.0,,,,,,20199.036363636365
11222,4.035099983215332,,,,,,,,,,20212.01818181818
11223,,8.0,,,,,,,,,20212.945454545454
11224,,,3.999999999999996,0.03509999999999925,0.0,,,,,,20213.872727272726
11233,4.035140037536621,,,,,,,,,,20222.21818181818
11234,,8.0,,,,,,,,,20223.145454545454
11235,,,3.999999999999996,0.03513999999999925,0.0,,,,,,20224.072727272727
11240,,,,,,0.49914833903312683,0.6906612515449524,-0.020003043115139008,0.12370026856660843,-0.2949107885360718,20229.615384615383
11244,,,,,,0.46005305647850037,0.6683400869369507,0.056858986616134644,0.11717638373374939,-0.19600240886211395,20238.846153846152
11252,4.03518009185791,,,,,,,,,,20257.30769230769
11253,,8.0,,,,,,,,,20259.615384615383
11254,,,3.999999999999996,0.03517999999999925,0.0,,,,,,20261.923076923078
11262,4.035220146179199,,,,,,,,,,20280.384615384617
11263,,8.0,,,,,,,,,20282.69230769231
11264,,,3.999999999999996,0.035219999999999245,0.0,,,,,,20285.0
11276,4.035260200500488,,,,,,,,,,20312.69230769231
11277,,8.0,,,,,,,,,20315.0
11278,,,3.999999999999996,0.03525999999999924,0.0,,,,,,20317.30769230769
11287,4.035299777984619,,,,,,,,,,20338.076923076922
11288,,8.0,,,,,,,,,20340.384615384617
11289,,,3.999999999999996,0.03529999999999924,0.0,,,,,,20342.69230769231
11294,,,,,,0.46763673424720764,0.617620050907135,0.02053377404808998,0.12877315282821655,0.05386146530508995,20349.70588235294
11303,4.035339832305908,,,,,,,,,,20370.882352941175
11304,,8.0,,,,,,,,,20373.235294117647
11305,,,3.999999999999996,0.03533999999999924,0.0,,,,,,20375.58823529412
11314,4.035379886627197,,,,,,,,,,20396.764705882353
11315,,8.0,,,,,,,,,20399.117647058825
11316,,,3.999999999999996,0.03537999999999924,0.0,,,,,,20401.470588235294
11328,4.035419940948486,,,,,,,,,,20429.70588235294
11329,,8.0,,,,,,,,,20432.058823529413
11330,,,3.999999999999996,0.03541999999999924,0.0,,,,,,20434.41176470588
11340,4.035459995269775,,,,,,,,,,20457.941176470587
11341,,8.0,,,,,,,,,20460.29411764706
11342,,,3.999999999999996,0.035459999999999235,0.0,,,,,,20462.647058823528
11349,,,,,,0.42556774616241455,0.6349915266036987,0.02216009981930256,0.06711472570896149,-0.11516997218132019,20474.79591836735
11357,4.0355000495910645,,,,,,,,,,20494.38775510204
11358,,8.0,,,,,,,,,20496.836734693876
11359,,,3.999999999999996,0.035499999999999234,0.0,,,,,,20499.285714285714
11371,4.0355401039123535,,,,,,,,,,20528.673469387755
11372,,8.0,,,,,,,,,20531.122448979593
11373,,,3.999999999999996,0.03553999999999923,0.0,,,,,,20533.571428571428
11382,4.035580158233643,,,,,,,,,,20555.61224489796
11383,,8.0,,,,,,,,,20558.061224489797
11384,,,3.999999999999996,0.03557999999999923,0.0,,,,,,20560.51020408163
11391,4.035620212554932,,,,,,,,,,20577.65306122449
11392,,8.0,,,,,,,,,20580.102040816328
11393,,,3.999999999999996,0.03561999999999923,0.0,,,,,,20582.551020408162
11398,,,,,,0.3889050781726837,0.5247251391410828,0.025237957015633583,0.08241262286901474,0.05411716178059578,20590.106382978724
11406,4.0356597900390625,,,,,,,,,,20610.531914893618
11407,,8.0,,,,,,,,,20613.08510638298
11408,,,3.999999999999996,0.03565999999999923,0.0,,,,,,20615.63829787234
11418,4.035699844360352,,,,,,,,,,20641.17021276596
11419,,8.0,,,,,,,,,20643.72340425532
11420,,,3.999999999999996,0.035699999999999225,0.0,,,,,,20646.27659574468
11429,4.035739898681641,,,,,,,,,,20669.255319148935
11430,,8.0,,,,,,,,,20671.808510638297
11431,,,3.999999999999996,0.035739999999999224,0.0,,,,,,20674.36170212766
11440,4.03577995300293,,,,,,,,,,20697.340425531915
11441,,8.0,,,,,,,,,20699.893617021276
11442,,,3.999999999999996,0.03577999999999922,0.0,,,,,,20702.44680851064
11447,,,,,,0.4466554522514343,0.5684726238250732,0.035738587379455566,0.14335083961486816,0.8401053547859192,20709.8
11456,4.035820007324219,,,,,,,,,,20731.4
11457,,8.0,,,,,,,,,20733.8
11458,,,3.999999999999996,0.03581999999999922,0.0,,,,,,20736.2
11467,4.035860061645508,,,,,,,,,,20757.8
11468,,8.0,,,,,,,,,20760.2
11469,,,3.999999999999996,0.03585999999999922,0.0,,,,,,20762.6
11478,4.035900115966797,,,,,,,,,,20784.2
11479,,8.0,,,,,,,,,20786.6
11480,,,3.999999999999996,0.03589999999999922,0.0,,,,,,20789.0
11492,4.035940170288086,,,,,,,,,,20817.8
11493,,8.0,,,,,,,,,20820.2
11494,,,3.999999999999996,0.035939999999999216,0.0,,,,,,20822.6
11499,,,,,,0.46700870990753174,0.5934171676635742,0.03181629627943039,0.14531630277633667,0.5678234696388245,20830.106382978724
11501,,,,,,0.5008955597877502,0.6438591480255127,0.05702472850680351,0.1528303623199463,0.43233388662338257,20835.212765957447
11510,4.035980224609375,,,,,,,,,,20858.191489361703
11511,,8.0,,,,,,,,,20860.744680851065
11512,,,3.999999999999996,0.035979999999999214,0.0,,,,,,20863.297872340427
11519,4.036019802093506,,,,,,,,,,20881.17021276596
11520,,8.0,,,,,,,,,20883.72340425532
11521,,,3.999999999999996,0.03601999999999921,0.0,,,,,,20886.27659574468
11525,4.036059856414795,,,,,,,,,,20896.489361702126
11526,,8.0,,,,,,,,,20899.042553191488
11527,,,3.999999999999996,0.03605999999999921,0.0,,,,,,20901.59574468085
11541,4.036099910736084,,,,,,,,,,20937.340425531915
11542,,8.0,,,,,,,,,20939.893617021276
11543,,,3.999999999999996,0.03609999999999921,0.0,,,,,,20942.44680851064
11549,,,,,,0.44823259115219116,0.6004565954208374,0.03691951185464859,0.08753124624490738,0.6670266389846802,20952.2
11560,4.036139965057373,,,,,,,,,,20978.6
11561,,8.0,,,,,,,,,20981.0
11562,,,3.999999999999996,0.03613999999999921,0.0,,,,,,20983.4
11572,4.036180019378662,,,,,,,,,,21007.4
11573,,8.0,,,,,,,,,21009.8
11574,,,3.999999999999996,0.036179999999999206,0.0,,,,,,21012.2
11579,4.036220073699951,,,,,,,,,,21024.2
11580,,8.0,,,,,,,,,21026.6
11581,,,3.999999999999996,0.036219999999999204,0.0,,,,,,21029.0
11593,4.03626012802124,,,,,,,,,,21057.8
11594,,8.0,,,,,,,,,21060.2
11595,,,3.999999999999996,0.0362599999999992,0.0,,,,,,21062.6
11604,,,,,,0.4234773516654968,0.6532679200172424,0.010121585801243782,0.08045665919780731,0.152875155210495,21080.652173913044
11612,4.036300182342529,,,,,,,,,,21101.521739130436
11613,,8.0,,,,,,,,,21104.130434782608
11614,,,3.999999999999996,0.0362999999999992,0.0,,,,,,21106.739130434784
11621,4.036340236663818,,,,,,,,,,21125.0
11622,,8.0,,,,,,,,,21127.608695652172
11623,,,3.999999999999996,0.0363399999999992,0.0,,,,,,21130.217391304348
11629,4.036379814147949,,,,,,,,,,21145.869565217392
11630,,8.0,,,,,,,,,21148.478260869564
11631,,,3.999999999999996,0.0363799999999992,0.0,,,,,,21151.08695652174
11641,4.036419868469238,,,,,,,,,,21177.17391304348
11642,,8.0,,,,,,,,,21179.782608695652
11643,,,3.999999999999996,0.036419999999999196,0.0,,,,,,21182.391304347828
11649,,,,,,0.5462267398834229,0.6983898878097534,0.03083188273012638,0.10580240935087204,0.5841283798217773,21188.367346938776
11663,4.036459922790527,,,,,,,,,,21204.081632653062
11664,,8.0,,,,,,,,,21205.20408163265
11665,,,3.999999999999996,0.036459999999999194,0.0,,,,,,21206.326530612245
11672,4.036499977111816,,,,,,,,,,21214.183673469386
11673,,8.0,,,,,,,,,21215.30612244898
11674,,,3.999999999999996,0.03649999999999919,0.0,,,,,,21216.428571428572
11681,4.0365400314331055,,,,,,,,,,21224.285714285714
11682,,8.0,,,,,,,,,21225.408163265307
11683,,,3.999999999999996,0.03653999999999919,0.0,,,,,,21226.530612244896
11692,4.0365800857543945,,,,,,,,,,21236.632653061224
11693,,8.0,,,,,,,,,21237.755102040817
11694,,,3.999999999999996,0.03657999999999919,0.0,,,,,,21238.877551020407
11698,,,,,,0.4261437952518463,0.6272467374801636,0.025040624663233757,0.08150924742221832,0.38399022817611694,21242.926829268294
11707,4.036620140075684,,,,,,,,,,21269.268292682926
11708,,8.0,,,,,,,,,21272.19512195122
11709,,,3.999999999999996,0.03661999999999919,0.0,,,,,,21275.121951219513
11716,4.036660194396973,,,,,,,,,,21295.60975609756
11717,,8.0,,,,,,,,,21298.536585365855
11718,,,3.999999999999996,0.036659999999999186,0.0,,,,,,21301.463414634145
11727,4.0366997718811035,,,,,,,,,,21327.80487804878
11728,,8.0,,,,,,,,,21330.731707317074
11729,,,3.999999999999996,0.036699999999999185,0.0,,,,,,21333.658536585364
11735,4.036739826202393,,,,,,,,,,21351.219512195123
11736,,8.0,,,,,,,,,21354.146341463416
11737,,,3.999999999999996,0.03673999999999918,0.0,,,,,,21357.073170731706
11741,,,,,,0.42623934149742126,0.578635036945343,0.0361209511756897,0.07181865721940994,0.21590696275234222,21362.352941176472
11743,,,,,,0.4323877990245819,0.6024230718612671,0.028234869241714478,0.08290888369083405,0.2366153597831726,21367.058823529413
11752,4.036779880523682,,,,,,,,,,21388.235294117647
11753,,8.0,,,,,,,,,21390.58823529412
11754,,,3.999999999999996,0.03677999999999918,0.0,,,,,,21392.941176470587
11765,4.036819934844971,,,,,,,,,,21418.823529411766
11766,,8.0,,,,,,,,,21421.176470588234
11767,,,3.999999999999996,0.03681999999999918,0.0,,,,,,21423.529411764706
11778,4.03685998916626,,,,,,,,,,21449.41176470588
11779,,8.0,,,,,,,,,21451.764705882353
11780,,,3.999999999999996,0.03685999999999918,0.0,,,,,,21454.117647058825
11788,4.036900043487549,,,,,,,,,,21472.941176470587
11789,,8.0,,,,,,,,,21475.29411764706
11790,,,3.999999999999996,0.036899999999999177,0.0,,,,,,21477.647058823528
11800,,,,,,0.40093791484832764,0.58786541223526,0.040143076330423355,0.09268395602703094,0.4010744094848633,21495.555555555555
11806,4.036940097808838,,,,,,,,,,21508.88888888889
11807,,8.0,,,,,,,,,21511.11111111111
11808,,,3.999999999999996,0.036939999999999175,0.0,,,,,,21513.333333333332
11819,4.036980152130127,,,,,,,,,,21537.777777777777
11820,,8.0,,,,,,,,,21540.0
11821,,,3.999999999999996,0.03697999999999917,0.0,,,,,,21542.222222222223
11830,4.037020206451416,,,,,,,,,,21562.222222222223
11831,,8.0,,,,,,,,,21564.444444444445
11832,,,3.999999999999996,0.03701999999999917,0.0,,,,,,21566.666666666668
11844,4.037059783935547,,,,,,,,,,21593.333333333332
11845,,8.0,,,,,,,,,21595.555555555555
11846,,,3.999999999999996,0.03705999999999917,0.0,,,,,,21597.777777777777
11855,,,,,,0.4235770106315613,0.5874905586242676,0.03853846713900566,0.08090092986822128,0.3220517337322235,21615.652173913044
11865,4.037099838256836,,,,,,,,,,21641.739130434784
11866,,8.0,,,,,,,,,21644.347826086956
11867,,,3.999999999999996,0.03709999999999917,0.0,,,,,,21646.956521739132
11874,4.037139892578125,,,,,,,,,,21665.217391304348
11875,,8.0,,,,,,,,,21667.82608695652
11876,,,3.999999999999996,0.03713999999999917,0.0,,,,,,21670.434782608696
11882,4.037179946899414,,,,,,,,,,21686.08695652174
11883,,8.0,,,,,,,,,21688.695652173912
11884,,,3.999999999999996,0.037179999999999165,0.0,,,,,,21691.304347826088
11892,4.037220001220703,,,,,,,,,,21712.17391304348
11893,,8.0,,,,,,,,,21714.782608695652
11894,,,3.999999999999996,0.037219999999999163,0.0,,,,,,21717.391304347828
11900,,,,,,0.4200306832790375,0.572494387626648,0.04392864927649498,0.12059344351291656,0.274245947599411,21727.058823529413
11913,4.037260055541992,,,,,,,,,,21757.647058823528
11914,,8.0,,,,,,,,,21760.0
11915,,,3.999999999999996,0.03725999999999916,0.0,,,,,,21762.352941176472
11922,4.037300109863281,,,,,,,,,,21778.823529411766
11923,,8.0,,,,,,,,,21781.176470588234
11924,,,3.999999999999996,0.03729999999999916,0.0,,,,,,21783.529411764706
11936,4.03734016418457,,,,,,,,,,21811.764705882353
11937,,8.0,,,,,,,,,21814.117647058825
11938,,,3.999999999999996,0.03733999999999916,0.0,,,,,,21816.470588235294
11945,4.037380218505859,,,,,,,,,,21832.941176470587
11946,,8.0,,,,,,,,,21835.29411764706
11947,,,3.999999999999996,0.03737999999999916,0.0,,,,,,21837.647058823528
11951,,,,,,0.44904825091362,0.6109399795532227,0.03403043374419212,0.13048024475574493,0.8011301159858704,21840.88
11965,4.03741979598999,,,,,,,,,,21853.2
11966,,8.0,,,,,,,,,21854.08
11967,,,3.999999999999996,0.037419999999999155,0.0,,,,,,21854.96
11976,4.037459850311279,,,,,,,,,,21862.88
11977,,8.0,,,,,,,,,21863.76
11978,,,3.999999999999996,0.037459999999999154,0.0,,,,,,21864.64
11986,4.037499904632568,,,,,,,,,,21871.68
11987,,8.0,,,,,,,,,21872.56
11988,,,3.999999999999996,0.03749999999999915,0.0,,,,,,21873.44
11997,4.037539958953857,,,,,,,,,,21881.36
11998,,8.0,,,,,,,,,21882.24
11999,,,3.999999999999996,0.03753999999999915,0.0,,,,,,21883.12
12003,,,,,,0.4642416536808014,0.6666858792304993,0.0006946778739802539,0.08071398735046387,0.9599337577819824,21886.14285714286
12007,,,,,,0.43675532937049866,0.614040732383728,0.036167968064546585,0.10177045315504074,0.9505340456962585,21894.714285714286
12018,4.0375800132751465,,,,,,,,,,21918.285714285714
12019,,8.0,,,,,,,,,21920.428571428572
12020,,,3.999999999999996,0.03757999999999915,0.0,,,,,,21922.571428571428
12030,4.0376200675964355,,,,,,,,,,21944.0
12031,,8.0,,,,,,,,,21946.14285714286
12032,,,3.999999999999996,0.03761999999999915,0.0,,,,,,21948.285714285714
12042,4.037660121917725,,,,,,,,,,21969.714285714286
12043,,8.0,,,,,,,,,21971.85714285714
12044,,,3.999999999999996,0.037659999999999146,0.0,,,,,,21974.0
12055,4.037700176239014,,,,,,,,,,21997.571428571428
12056,,8.0,,,,,,,,,21999.714285714286
12057,,,3.999999999999996,0.037699999999999144,0.0,,,,,,22001.85714285714
12063,,,,,,0.47260582447052,0.6298183798789978,0.0285758376121521,0.08423370122909546,1.016229271888733,22012.780487804877
12068,4.037740230560303,,,,,,,,,,22027.414634146342
12069,,8.0,,,,,,,,,22030.341463414636
12070,,,3.999999999999996,0.03773999999999914,0.0,,,,,,22033.268292682926
12077,4.037779808044434,,,,,,,,,,22053.756097560974
12078,,8.0,,,,,,,,,22056.682926829268
12079,,,3.999999999999996,0.03777999999999914,0.0,,,,,,22059.60975609756
12090,4.037819862365723,,,,,,,,,,22091.80487804878
12091,,8.0,,,,,,,,,22094.731707317074
12092,,,3.999999999999996,0.03781999999999914,0.0,,,,,,22097.658536585364
12098,4.037859916687012,,,,,,,,,,22115.219512195123
12099,,8.0,,,,,,,,,22118.146341463416
12100,,,3.999999999999996,0.03785999999999914,0.0,,,,,,22121.073170731706
12106,,,,,,0.44769227504730225,0.5754438638687134,0.04449649155139923,0.09208238869905472,0.8927942514419556,22131.659574468085
12114,4.037899971008301,,,,,,,,,,22152.08510638298
12115,,8.0,,,,,,,,,22154.63829787234
12116,,,3.999999999999996,0.037899999999999136,0.0,,,,,,22157.191489361703
12128,4.03794002532959,,,,,,,,,,22187.82978723404
12129,,8.0,,,,,,,,,22190.382978723403
12130,,,3.999999999999996,0.037939999999999134,0.0,,,,,,22192.936170212764
12137,4.037980079650879,,,,,,,,,,22210.808510638297
12138,,8.0,,,,,,,,,22213.36170212766
12139,,,3.999999999999996,0.03797999999999913,0.0,,,,,,22215.91489361702
12147,4.038020133972168,,,,,,,,,,22236.340425531915
12148,,8.0,,,,,,,,,22238.893617021276
12149,,,3.999999999999996,0.03801999999999913,0.0,,,,,,22241.44680851064
12155,,,,,,0.5166605114936829,0.6802405118942261,0.015617361292243004,0.06063811853528023,0.2505371570587158,22249.8064516129
12171,4.038060188293457,,,,,,,,,,22280.774193548386
12172,,8.0,,,,,,,,,22282.709677419356
12173,,,3.999999999999996,0.03805999999999913,0.0,,,,,,22284.645161290322
12183,4.038099765777588,,,,,,,,,,22304.0
12184,,8.0,,,,,,,,,22305.935483870966
12185,,,3.999999999999996,0.03809999999999913,0.0,,,,,,22307.870967741936
12200,4.038139820098877,,,,,,,,,,22336.90322580645
12201,,8.0,,,,,,,,,22338.83870967742
12202,,,3.999999999999996,0.038139999999999126,0.0,,,,,,22340.774193548386
12211,4.038179874420166,,,,,,,,,,22358.1935483871
12212,,8.0,,,,,,,,,22360.129032258064
12213,,,3.999999999999996,0.038179999999999124,0.0,,,,,,22362.064516129034
12219,,,,,,0.4825766682624817,0.633333683013916,0.04984419047832489,0.10805319994688034,0.39169010519981384,22368.35714285714
12228,4.038219928741455,,,,,,,,,,22381.428571428572
12229,,8.0,,,,,,,,,22382.880952380954
12230,,,3.999999999999996,0.03821999999999912,0.0,,,,,,22384.333333333332
12241,4.038259983062744,,,,,,,,,,22400.309523809523
12242,,8.0,,,,,,,,,22401.761904761905
12243,,,3.999999999999996,0.03825999999999912,0.0,,,,,,22403.214285714286
12247,4.038300037384033,,,,,,,,,,22409.02380952381
12248,,8.0,,,,,,,,,22410.47619047619
12249,,,3.999999999999996,0.03829999999999912,0.0,,,,,,22411.928571428572
12255,4.038340091705322,,,,,,,,,,22420.64285714286
12256,,8.0,,,,,,,,,22422.095238095237
12257,,,3.999999999999996,0.03833999999999912,0.0,,,,,,22423.54761904762
12262,,,,,,0.4410296678543091,0.574634850025177,0.030399391427636147,0.10451477766036987,0.3812269866466522,22429.70588235294
12264,,,,,,0.4430180490016937,0.5494165420532227,0.028017869219183922,0.10245473682880402,0.47997114062309265,22434.41176470588
12277,4.038380146026611,,,,,,,,,,22465.0
12278,,8.0,,,,,,,,,22467.352941176472
12279,,,3.999999999999996,0.038379999999999116,0.0,,,,,,22469.70588235294
12290,4.0384202003479,,,,,,,,,,22495.58823529412
12291,,8.0,,,,,,,,,22497.941176470587
12292,,,3.999999999999996,0.038419999999999115,0.0,,,,,,22500.29411764706
12300,4.038459777832031,,,,,,,,,,22519.117647058825
12301,,8.0,,,,,,,,,22521.470588235294
12302,,,3.999999999999996,0.03845999999999911,0.0,,,,,,22523.823529411766
12308,4.03849983215332,,,,,,,,,,22537.941176470587
12309,,8.0,,,,,,,,,22540.29411764706
12310,,,3.999999999999996,0.03849999999999911,0.0,,,,,,22542.647058823528
12316,,,,,,0.5316900610923767,0.6812431812286377,0.050359971821308136,0.16157039999961853,1.0206242799758911,22547.478260869564
12329,4.038539886474609,,,,,,,,,,22558.217391304348
12330,,8.0,,,,,,,,,22559.043478260868
12331,,,3.999999999999996,0.03853999999999911,0.0,,,,,,22559.869565217392
12339,4.038579940795898,,,,,,,,,,22566.478260869564
12340,,8.0,,,,,,,,,22567.304347826088
12341,,,3.999999999999996,0.03857999999999911,0.0,,,,,,22568.130434782608
12349,4.0386199951171875,,,,,,,,,,22574.739130434784
12350,,8.0,,,,,,,,,22575.565217391304
12351,,,3.999999999999996,0.038619999999999106,0.0,,,,,,22576.391304347828
12356,4.038660049438477,,,,,,,,,,22580.521739130436
12357,,8.0,,,,,,,,,22581.347826086956
12358,,,3.999999999999996,0.038659999999999105,0.0,,,,,,22582.17391304348
12362,,,,,,0.48150745034217834,0.6333774328231812,0.029265230521559715,0.11168836802244186,0.9524489045143127,22585.448979591838
12372,4.038700103759766,,,,,,,,,,22609.938775510203
12373,,8.0,,,,,,,,,22612.38775510204
12374,,,3.999999999999996,0.0386999999999991,0.0,,,,,,22614.836734693876
12380,4.038740158081055,,,,,,,,,,22629.530612244896
12381,,8.0,,,,,,,,,22631.979591836734
12382,,,3.999999999999996,0.0387399999999991,0.0,,,,,,22634.428571428572
12391,4.038780212402344,,,,,,,,,,22656.469387755104
12392,,8.0,,,,,,,,,22658.918367346938
12393,,,3.999999999999996,0.0387799999999991,0.0,,,,,,22661.367346938776
12407,4.038819789886475,,,,,,,,,,22695.65306122449
12408,,8.0,,,,,,,,,22698.102040816328
12409,,,3.999999999999996,0.0388199999999991,0.0,,,,,,22700.551020408162
12415,,,,,,0.4907613694667816,0.7155183553695679,0.025539366528391838,0.08400490134954453,0.8189259171485901,22709.79245283019
12426,4.038859844207764,,,,,,,,,,22734.69811320755
12427,,8.0,,,,,,,,,22736.962264150945
12428,,,3.999999999999996,0.0388599999999991,0.0,,,,,,22739.22641509434
12439,4.038899898529053,,,,,,,,,,22764.132075471698
12440,,8.0,,,,,,,,,22766.396226415094
12441,,,3.999999999999996,0.038899999999999095,0.0,,,,,,22768.66037735849
12449,4.038939952850342,,,,,,,,,,22786.77358490566
12450,,8.0,,,,,,,,,22789.037735849055
12451,,,3.999999999999996,0.03893999999999909,0.0,,,,,,22791.30188679245
12462,4.038980007171631,,,,,,,,,,22816.20754716981
12463,,8.0,,,,,,,,,22818.471698113208
12464,,,3.999999999999996,0.03897999999999909,0.0,,,,,,22820.735849056604
12469,,,,,,0.4155946373939514,0.5288312435150146,0.024020696058869362,0.08531662076711655,-0.14000265300273895,22827.8
12477,4.03902006149292,,,,,,,,,,22847.0
12478,,8.0,,,,,,,,,22849.4
12479,,,3.999999999999996,0.03901999999999909,0.0,,,,,,22851.8
12489,4.039060115814209,,,,,,,,,,22875.8
12490,,8.0,,,,,,,,,22878.2
12491,,,3.999999999999996,0.03905999999999909,0.0,,,,,,22880.6
12502,4.039100170135498,,,,,,,,,,22907.0
12503,,8.0,,,,,,,,,22909.4
12504,,,3.999999999999996,0.03909999999999909,0.0,,,,,,22911.8
12514,4.039140224456787,,,,,,,,,,22935.8
12515,,8.0,,,,,,,,,22938.2
12516,,,3.999999999999996,0.039139999999999085,0.0,,,,,,22940.6
12520,,,,,,0.4328586757183075,0.5962372422218323,0.027970213443040848,0.12046469002962112,0.03711497038602829,22945.79069767442
12525,,,,,,0.4488372802734375,0.5844472050666809,0.04086899384856224,0.14674699306488037,0.11464448273181915,22959.74418604651
12533,4.039179801940918,,,,,,,,,,22982.06976744186
12534,,8.0,,,,,,,,,22984.86046511628
12535,,,3.999999999999996,0.039179999999999084,0.0,,,,,,22987.6511627907
12540,4.039219856262207,,,,,,,,,,23001.60465116279
12541,,8.0,,,,,,,,,23004.39534883721
12542,,,3.999999999999996,0.03921999999999908,0.0,,,,,,23007.18604651163
12551,4.039259910583496,,,,,,,,,,23032.302325581397
12552,,8.0,,,,,,,,,23035.093023255813
12553,,,3.999999999999996,0.03925999999999908,0.0,,,,,,23037.883720930233
12559,4.039299964904785,,,,,,,,,,23054.627906976744
12560,,8.0,,,,,,,,,23057.418604651164
12561,,,3.999999999999996,0.03929999999999908,0.0,,,,,,23060.20930232558
12571,,,,,,0.42973384261131287,0.6116869449615479,0.04913586378097534,0.10798052698373795,0.7382954359054565,23078.555555555555
12582,4.039340019226074,,,,,,,,,,23103.0
12583,,8.0,,,,,,,,,23105.222222222223
12584,,,3.999999999999996,0.03933999999999908,0.0,,,,,,23107.444444444445
12595,4.039380073547363,,,,,,,,,,23131.88888888889
12596,,8.0,,,,,,,,,23134.11111111111
12597,,,3.999999999999996,0.039379999999999075,0.0,,,,,,23136.333333333332
12605,4.039420127868652,,,,,,,,,,23154.11111111111
12606,,8.0,,,,,,,,,23156.333333333332
12607,,,3.999999999999996,0.039419999999999074,0.0,,,,,,23158.555555555555
12615,4.039460182189941,,,,,,,,,,23176.333333333332
12616,,8.0,,,,,,,,,23178.555555555555
12617,,,3.999999999999996,0.03945999999999907,0.0,,,,,,23180.777777777777
12622,,,,,,0.4200155735015869,0.5692558288574219,0.02628057822585106,0.09292194992303848,0.42492517828941345,23187.8
12636,4.0395002365112305,,,,,,,,,,23221.4
12637,,8.0,,,,,,,,,23223.8
12638,,,3.999999999999996,0.03949999999999907,0.0,,,,,,23226.2
12645,4.039539813995361,,,,,,,,,,23243.0
12646,,8.0,,,,,,,,,23245.4
12647,,,3.999999999999996,0.03953999999999907,0.0,,,,,,23247.8
12655,4.03957986831665,,,,,,,,,,23267.0
12656,,8.0,,,,,,,,,23269.4
12657,,,3.999999999999996,0.03957999999999907,0.0,,,,,,23271.8
12667,4.0396199226379395,,,,,,,,,,23295.8
12668,,8.0,,,,,,,,,23298.2
12669,,,3.999999999999996,0.039619999999999066,0.0,,,,,,23300.6
12676,,,,,,0.4147571325302124,0.633213460445404,0.04865366593003273,0.12059520930051804,1.6846665143966675,23312.41176470588
12686,4.0396599769592285,,,,,,,,,,23335.941176470587
12687,,8.0,,,,,,,,,23338.29411764706
12688,,,3.999999999999996,0.039659999999999064,0.0,,,,,,23340.647058823528
12696,4.039700031280518,,,,,,,,,,23359.470588235294
12697,,8.0,,,,,,,,,23361.823529411766
12698,,,3.999999999999996,0.03969999999999906,0.0,,,,,,23364.176470588234
12709,4.039740085601807,,,,,,,,,,23390.058823529413
12710,,8.0,,,,,,,,,23392.41176470588
12711,,,3.999999999999996,0.03973999999999906,0.0,,,,,,23394.764705882353
12720,4.039780139923096,,,,,,,,,,23415.941176470587
12721,,8.0,,,,,,,,,23418.29411764706
12722,,,3.999999999999996,0.03977999999999906,0.0,,,,,,23420.647058823528
12726,,,,,,0.4769972264766693,0.6613503098487854,0.042436063289642334,0.12813641130924225,1.493920922279358,23425.926829268294
12737,4.039820194244385,,,,,,,,,,23458.121951219513
12738,,8.0,,,,,,,,,23461.048780487807
12739,,,3.999999999999996,0.03981999999999906,0.0,,,,,,23463.975609756097
12747,4.039859771728516,,,,,,,,,,23487.39024390244
12748,,8.0,,,,,,,,,23490.317073170732
12749,,,3.999999999999996,0.039859999999999056,0.0,,,,,,23493.243902439026
12756,4.039899826049805,,,,,,,,,,23513.731707317074
12757,,8.0,,,,,,,,,23516.658536585364
12758,,,3.999999999999996,0.039899999999999054,0.0,,,,,,23519.585365853658
12763,4.039939880371094,,,,,,,,,,23534.219512195123
12764,,8.0,,,,,,,,,23537.146341463416
12765,,,3.999999999999996,0.03993999999999905,0.0,,,,,,23540.073170731706
12770,,,,,,0.4076453149318695,0.5368803143501282,0.03122057020664215,0.08110305666923523,0.6964366436004639,23548.714285714286
12773,,,,,,0.4484805166721344,0.6197325587272644,0.03771328181028366,0.09752063453197479,0.9427764415740967,23557.285714285714
12781,4.039979934692383,,,,,,,,,,23580.14285714286
12782,,8.0,,,,,,,,,23583.0
12783,,,3.999999999999996,0.03997999999999905,0.0,,,,,,23585.85714285714
12791,4.040019989013672,,,,,,,,,,23608.714285714286
12792,,8.0,,,,,,,,,23611.571428571428
12793,,,3.999999999999996,0.04001999999999905,0.0,,,,,,23614.428571428572
12801,4.040060043334961,,,,,,,,,,23637.285714285714
12802,,8.0,,,,,,,,,23640.14285714286
12803,,,3.999999999999996,0.04005999999999905,0.0,,,,,,23643.0
12807,4.04010009765625,,,,,,,,,,23654.428571428572
12808,,8.0,,,,,,,,,23657.285714285714
12809,,,3.999999999999996,0.040099999999999046,0.0,,,,,,23660.14285714286
12815,,,,,,0.43040385842323303,0.5610097646713257,0.03378676250576973,0.10663703829050064,1.0442224740982056,23671.571428571428
12826,4.040140151977539,,,,,,,,,,23703.0
12827,,8.0,,,,,,,,,23705.85714285714
12828,,,3.999999999999996,0.040139999999999044,0.0,,,,,,23708.714285714286
12836,4.040180206298828,,,,,,,,,,23731.571428571428
12837,,8.0,,,,,,,,,23734.428571428572
12838,,,3.999999999999996,0.04017999999999904,0.0,,,,,,23737.285714285714
12844,4.040219783782959,,,,,,,,,,23754.428571428572
12845,,8.0,,,,,,,,,23757.285714285714
12846,,,3.999999999999996,0.04021999999999904,0.0,,,,,,23760.14285714286
12851,4.040259838104248,,,,,,,,,,23774.428571428572
12852,,8.0,,,,,,,,,23777.285714285714
12853,,,3.999999999999996,0.04025999999999904,0.0,,,,,,23780.14285714286
12858,,,,,,0.3914842903614044,0.5513105392456055,0.041452761739492416,0.08535199612379074,0.7701048851013184,23786.870967741936
12872,4.040299892425537,,,,,,,,,,23813.967741935485
12873,,8.0,,,,,,,,,23815.90322580645
12874,,,3.999999999999996,0.04029999999999904,0.0,,,,,,23817.83870967742
12886,4.040339946746826,,,,,,,,,,23841.064516129034
12887,,8.0,,,,,,,,,23843.0
12888,,,3.999999999999996,0.040339999999999036,0.0,,,,,,23844.935483870966
12900,4.040380001068115,,,,,,,,,,23868.16129032258
12901,,8.0,,,,,,,,,23870.09677419355
12902,,,3.999999999999996,0.040379999999999035,0.0,,,,,,23872.032258064515
12915,4.040420055389404,,,,,,,,,,23897.1935483871
12916,,8.0,,,,,,,,,23899.129032258064
12917,,,3.999999999999996,0.04041999999999903,0.0,,,,,,23901.064516129034
12922,,,,,,0.397190123796463,0.5306442975997925,0.04092016816139221,0.08963677287101746,0.46099963784217834,23907.8
12931,4.040460109710693,,,,,,,,,,23929.4
12932,,8.0,,,,,,,,,23931.8
12933,,,3.999999999999996,0.04045999999999903,0.0,,,,,,23934.2
12945,4.040500164031982,,,,,,,,,,23963.0
12946,,8.0,,,,,,,,,23965.4
12947,,,3.999999999999996,0.04049999999999903,0.0,,,,,,23967.8
12957,4.0405402183532715,,,,,,,,,,23991.8
12958,,8.0,,,,,,,,,23994.2
12959,,,3.999999999999996,0.04053999999999903,0.0,,,,,,23996.6
12967,4.040579795837402,,,,,,,,,,24015.8
12968,,8.0,,,,,,,,,24018.2
12969,,,3.999999999999996,0.04057999999999903,0.0,,,,,,24020.6
12973,,,,,,0.4625018537044525,0.614812433719635,0.03883758559823036,0.09656692296266556,0.9853061437606812,24025.5
12987,4.040619850158691,,,,,,,,,,24060.5
12988,,8.0,,,,,,,,,24063.0
12989,,,3.999999999999996,0.040619999999999025,0.0,,,,,,24065.5
12996,4.0406599044799805,,,,,,,,,,24083.0
12997,,8.0,,,,,,,,,24085.5
12998,,,3.999999999999996,0.04065999999999902,0.0,,,,,,24088.0
13004,4.0406999588012695,,,,,,,,,,24103.0
13005,,8.0,,,,,,,,,24105.5
13006,,,3.999999999999996,0.04069999999999902,0.0,,,,,,24108.0
13017,4.040740013122559,,,,,,,,,,24135.5
13018,,8.0,,,,,,,,,24138.0
13019,,,3.999999999999996,0.04073999999999902,0.0,,,,,,24140.5
13023,,,,,,0.42346689105033875,0.571954071521759,0.014071589335799217,0.08833559602499008,0.9233814477920532,24145.222222222223
13026,,,,,,0.46041005849838257,0.6101897954940796,0.04454309493303299,0.11188487708568573,1.1552741527557373,24151.88888888889
13032,4.040780067443848,,,,,,,,,,24165.222222222223
13033,,8.0,,,,,,,,,24167.444444444445
13034,,,3.999999999999996,0.04077999999999902,0.0,,,,,,24169.666666666668
13048,4.040820121765137,,,,,,,,,,24200.777777777777
13049,,8.0,,,,,,,,,24203.0
13050,,,3.999999999999996,0.04081999999999902,0.0,,,,,,24205.222222222223
13061,4.040860176086426,,,,,,,,,,24229.666666666668
13062,,8.0,,,,,,,,,24231.88888888889
13063,,,3.999999999999996,0.040859999999999015,0.0,,,,,,24234.11111111111
13073,4.040900230407715,,,,,,,,,,24256.333333333332
13074,,8.0,,,,,,,,,24258.555555555555
13075,,,3.999999999999996,0.040899999999999014,0.0,,,,,,24260.777777777777
13080,,,,,,0.42960473895072937,0.6180291175842285,0.029902806505560875,0.09188295155763626,1.0057264566421509,24267.897959183672
13085,4.040939807891846,,,,,,,,,,24280.14285714286
13086,,8.0,,,,,,,,,24282.591836734693
13087,,,3.999999999999996,0.04093999999999901,0.0,,,,,,24285.04081632653
13098,4.040979862213135,,,,,,,,,,24311.979591836734
13099,,8.0,,,,,,,,,24314.428571428572
13100,,,3.999999999999996,0.04097999999999901,0.0,,,,,,24316.877551020407
13115,4.041019916534424,,,,,,,,,,24353.61224489796
13116,,8.0,,,,,,,,,24356.061224489797
13117,,,3.999999999999996,0.04101999999999901,0.0,,,,,,24358.51020408163
13124,4.041059970855713,,,,,,,,,,24375.65306122449
13125,,8.0,,,,,,,,,24378.102040816328
13126,,,3.999999999999996,0.04105999999999901,0.0,,,,,,24380.551020408162
13131,,,,,,0.5089107155799866,0.6464465260505676,0.05249698832631111,0.154369056224823,1.4252817630767822,24387.70588235294
13145,4.041100025177002,,,,,,,,,,24420.647058823528
13146,,8.0,,,,,,,,,24423.0
13147,,,3.999999999999996,0.041099999999999005,0.0,,,,,,24425.352941176472
13159,4.041140079498291,,,,,,,,,,24453.58823529412
13160,,8.0,,,,,,,,,24455.941176470587
13161,,,3.999999999999996,0.041139999999999004,0.0,,,,,,24458.29411764706
13169,4.04118013381958,,,,,,,,,,24477.117647058825
13170,,8.0,,,,,,,,,24479.470588235294
13171,,,3.999999999999996,0.041179999999999,0.0,,,,,,24481.823529411766
13177,4.041220188140869,,,,,,,,,,24495.941176470587
13178,,8.0,,,,,,,,,24498.29411764706
13179,,,3.999999999999996,0.041219999999999,0.0,,,,,,24500.647058823528
13186,,,,,,0.4072135090827942,0.5219630599021912,0.04154806211590767,0.11247020959854126,0.004907666705548763,24512.79591836735
13196,4.041259765625,,,,,,,,,,24537.285714285714
13197,,8.0,,,,,,,,,24539.73469387755
13198,,,3.999999999999996,0.041259999999999,0.0,,,,,,24542.183673469386
13206,4.041299819946289,,,,,,,,,,24561.775510204083
13207,,8.0,,,,,,,,,24564.224489795917
13208,,,3.999999999999996,0.041299999999999,0.0,,,,,,24566.673469387755
13218,4.041339874267578,,,,,,,,,,24591.163265306124
13219,,8.0,,,,,,,,,24593.61224489796
13220,,,3.999999999999996,0.041339999999998996,0.0,,,,,,24596.061224489797
13228,4.041379928588867,,,,,,,,,,24615.65306122449
13229,,8.0,,,,,,,,,24618.102040816328
13230,,,3.999999999999996,0.041379999999998994,0.0,,,,,,24620.551020408162
13235,,,,,,0.37980085611343384,0.49118325114250183,0.01897110790014267,0.09199618548154831,1.0555397272109985,24624.894736842107
13246,4.041419982910156,,,,,,,,,,24635.315789473683
13247,,8.0,,,,,,,,,24636.263157894737
13248,,,3.999999999999996,0.04141999999999899,0.0,,,,,,24637.21052631579
13260,4.041460037231445,,,,,,,,,,24648.57894736842
13261,,8.0,,,,,,,,,24649.526315789473
13262,,,3.999999999999996,0.04145999999999899,0.0,,,,,,24650.473684210527
13274,4.041500091552734,,,,,,,,,,24661.842105263157
13275,,8.0,,,,,,,,,24662.78947368421
13276,,,3.999999999999996,0.04149999999999899,0.0,,,,,,24663.736842105263
13287,4.041540145874023,,,,,,,,,,24674.157894736843
13288,,8.0,,,,,,,,,24675.105263157893
13289,,,3.999999999999996,0.04153999999999899,0.0,,,,,,24676.052631578947
13294,,,,,,0.47261613607406616,0.6446573138237,0.041478872299194336,0.10105416178703308,1.243292212486267,24678.377049180326
13300,,,,,,0.40111804008483887,0.4959219992160797,0.04125591740012169,0.1015172153711319,1.226104497909546,24682.508196721312
13314,4.0415802001953125,,,,,,,,,,24692.147540983606
13315,,8.0,,,,,,,,,24692.83606557377
13316,,,3.999999999999996,0.041579999999998986,0.0,,,,,,24693.524590163935
13324,4.041619777679443,,,,,,,,,,24699.032786885247
13325,,8.0,,,,,,,,,24699.72131147541
13326,,,3.999999999999996,0.041619999999998984,0.0,,,,,,24700.409836065573
13335,4.041659832000732,,,,,,,,,,24706.60655737705
13336,,8.0,,,,,,,,,24707.29508196721
13337,,,3.999999999999996,0.04165999999999898,0.0,,,,,,24707.983606557376
13350,4.0416998863220215,,,,,,,,,,24716.93442622951
13351,,8.0,,,,,,,,,24717.622950819674
13352,,,3.999999999999996,0.04169999999999898,0.0,,,,,,24718.311475409835
13362,,,,,,0.42868858575820923,0.5815130472183228,0.0365576446056366,0.08297877013683319,0.6359589695930481,24735.470588235294
13373,4.0417399406433105,,,,,,,,,,24761.352941176472
13374,,8.0,,,,,,,,,24763.70588235294
13375,,,3.999999999999996,0.04173999999999898,0.0,,,,,,24766.058823529413
13380,4.0417799949646,,,,,,,,,,24777.823529411766
13381,,8.0,,,,,,,,,24780.176470588234
13382,,,3.999999999999996,0.04177999999999898,0.0,,,,,,24782.529411764706
13390,4.041820049285889,,,,,,,,,,24801.352941176472
13391,,8.0,,,,,,,,,24803.70588235294
13392,,,3.999999999999996,0.041819999999998976,0.0,,,,,,24806.058823529413
13403,4.041860103607178,,,,,,,,,,24831.941176470587
13404,,8.0,,,,,,,,,24834.29411764706
13405,,,3.999999999999996,0.041859999999998974,0.0,,,,,,24836.647058823528
13409,,,,,,0.4300415515899658,0.6219685673713684,0.051328882575035095,0.1264890879392624,0.9592803120613098,24841.926829268294
13417,4.041900157928467,,,,,,,,,,24865.341463414636
13418,,8.0,,,,,,,,,24868.268292682926
13419,,,3.999999999999996,0.04189999999999897,0.0,,,,,,24871.19512195122
13425,4.041940212249756,,,,,,,,,,24888.756097560974
13426,,8.0,,,,,,,,,24891.682926829268
13427,,,3.999999999999996,0.04193999999999897,0.0,,,,,,24894.60975609756
13434,4.041979789733887,,,,,,,,,,24915.09756097561
13435,,8.0,,,,,,,,,24918.024390243903
13436,,,3.999999999999996,0.04197999999999897,0.0,,,,,,24920.951219512193
13446,4.042019844055176,,,,,,,,,,24950.219512195123
13447,,8.0,,,,,,,,,24953.146341463416
13448,,,3.999999999999996,0.04201999999999897,0.0,,,,,,24956.073170731706
13454,,,,,,0.46322742104530334,0.5891425609588623,0.024352725595235825,0.11556588113307953,1.0140200853347778,24966.34693877551
13466,4.042059898376465,,,,,,,,,,24995.73469387755
13467,,8.0,,,,,,,,,24998.183673469386
13468,,,3.999999999999996,0.042059999999998966,0.0,,,,,,25000.632653061224
13474,4.042099952697754,,,,,,,,,,25015.326530612245
13475,,8.0,,,,,,,,,25017.775510204083
13476,,,3.999999999999996,0.042099999999998965,0.0,,,,,,25020.224489795917
13485,4.042140007019043,,,,,,,,,,25042.26530612245
13486,,8.0,,,,,,,,,25044.714285714286
13487,,,3.999999999999996,0.04213999999999896,0.0,,,,,,25047.163265306124
13497,4.042180061340332,,,,,,,,,,25071.65306122449
13498,,8.0,,,,,,,,,25074.102040816328
13499,,,3.999999999999996,0.04217999999999896,0.0,,,,,,25076.551020408162
13503,,,,,,0.45746955275535583,0.5903814435005188,0.04564708098769188,0.11239133775234222,1.2660748958587646,25080.044444444444
13513,4.042220115661621,,,,,,,,,,25090.48888888889
13514,,8.0,,,,,,,,,25091.533333333333
13515,,,3.999999999999996,0.04221999999999896,0.0,,,,,,25092.577777777777
13525,4.04226016998291,,,,,,,,,,25103.022222222222
13526,,8.0,,,,,,,,,25104.066666666666
13527,,,3.999999999999996,0.04225999999999896,0.0,,,,,,25105.11111111111
13533,4.042300224304199,,,,,,,,,,25111.37777777778
13534,,8.0,,,,,,,,,25112.422222222223
13535,,,3.999999999999996,0.042299999999998956,0.0,,,,,,25113.466666666667
13544,4.04233980178833,,,,,,,,,,25122.866666666665
13545,,8.0,,,,,,,,,25123.911111111112
13546,,,3.999999999999996,0.042339999999998955,0.0,,,,,,25124.955555555556
13551,,,,,,0.41872429847717285,0.5988235473632812,0.022993678227066994,0.0627831444144249,0.9964047074317932,25130.444444444445
13555,,,,,,0.4188949465751648,0.5576887726783752,0.026196466758847237,0.09900438785552979,1.1598434448242188,25139.333333333332
13563,4.042379856109619,,,,,,,,,,25157.11111111111
13564,,8.0,,,,,,,,,25159.333333333332
13565,,,3.999999999999996,0.04237999999999895,0.0,,,,,,25161.555555555555
13575,4.042419910430908,,,,,,,,,,25183.777777777777
13576,,8.0,,,,,,,,,25186.0
13577,,,3.999999999999996,0.04241999999999895,0.0,,,,,,25188.222222222223
13587,4.042459964752197,,,,,,,,,,25210.444444444445
13588,,8.0,,,,,,,,,25212.666666666668
13589,,,3.999999999999996,0.04245999999999895,0.0,,,,,,25214.88888888889
13600,4.042500019073486,,,,,,,,,,25239.333333333332
13601,,8.0,,,,,,,,,25241.555555555555
13602,,,3.999999999999996,0.04249999999999895,0.0,,,,,,25243.777777777777
13607,,,,,,0.49586784839630127,0.6347326636314392,0.03969520330429077,0.07850483059883118,1.2603973150253296,25251.217391304348
13615,4.042540073394775,,,,,,,,,,25272.08695652174
13616,,8.0,,,,,,,,,25274.695652173912
13617,,,3.999999999999996,0.04253999999999895,0.0,,,,,,25277.304347826088
13628,4.0425801277160645,,,,,,,,,,25306.0
13629,,8.0,,,,,,,,,25308.608695652172
13630,,,3.999999999999996,0.042579999999998945,0.0,,,,,,25311.217391304348
13637,4.0426201820373535,,,,,,,,,,25329.478260869564
13638,,8.0,,,,,,,,,25332.08695652174
13639,,,3.999999999999996,0.04261999999999894,0.0,,,,,,25334.695652173912
13648,4.042660236358643,,,,,,,,,,25358.17391304348
13649,,8.0,,,,,,,,,25360.782608695652
13650,,,3.999999999999996,0.04265999999999894,0.0,,,,,,25363.391304347828
13656,,,,,,0.43715929985046387,0.6177942752838135,0.02479470707476139,0.066573366522789,1.4118142127990723,25373.2
13669,4.042699813842773,,,,,,,,,,25404.4
13670,,8.0,,,,,,,,,25406.8
13671,,,3.999999999999996,0.04269999999999894,0.0,,,,,,25409.2
13676,4.0427398681640625,,,,,,,,,,25421.2
13677,,8.0,,,,,,,,,25423.6
13678,,,3.999999999999996,0.04273999999999894,0.0,,,,,,25426.0
13687,4.042779922485352,,,,,,,,,,25447.6
13688,,8.0,,,,,,,,,25450.0
13689,,,3.999999999999996,0.04277999999999894,0.0,,,,,,25452.4
13700,4.042819976806641,,,,,,,,,,25478.8
13701,,8.0,,,,,,,,,25481.2
13702,,,3.999999999999996,0.042819999999998935,0.0,,,,,,25483.6
13707,,,,,,0.48453381657600403,0.6530104279518127,0.0381169356405735,0.08865071088075638,1.4273643493652344,25491.0
13715,4.04286003112793,,,,,,,,,,25511.0
13716,,8.0,,,,,,,,,25513.5
13717,,,3.999999999999996,0.042859999999998934,0.0,,,,,,25516.0
13726,4.042900085449219,,,,,,,,,,25538.5
13727,,8.0,,,,,,,,,25541.0
13728,,,3.999999999999996,0.04289999999999893,0.0,,,,,,25543.5
13737,4.042940139770508,,,,,,,,,,25566.0
13738,,8.0,,,,,,,,,25568.5
13739,,,3.999999999999996,0.04293999999999893,0.0,,,,,,25571.0
13750,4.042980194091797,,,,,,,,,,25598.5
13751,,8.0,,,,,,,,,25601.0
13752,,,3.999999999999996,0.04297999999999893,0.0,,,,,,25603.5
13758,,,,,,0.431784063577652,0.5957334637641907,0.0229062307626009,0.08145368844270706,0.8991777896881104,25612.545454545456
13771,4.043019771575928,,,,,,,,,,25640.909090909092
13772,,8.0,,,,,,,,,25643.090909090908
13773,,,3.999999999999996,0.04301999999999893,0.0,,,,,,25645.272727272728
13786,4.043059825897217,,,,,,,,,,25673.636363636364
13787,,8.0,,,,,,,,,25675.81818181818
13788,,,3.999999999999996,0.043059999999998926,0.0,,,,,,25678.0
13796,4.043099880218506,,,,,,,,,,25695.454545454544
13797,,8.0,,,,,,,,,25697.636363636364
13798,,,3.999999999999996,0.043099999999998924,0.0,,,,,,25699.81818181818
13807,4.043139934539795,,,,,,,,,,25719.454545454544
13808,,8.0,,,,,,,,,25721.636363636364
13809,,,3.999999999999996,0.04313999999999892,0.0,,,,,,25723.81818181818
13814,,,,,,0.43096300959587097,0.5995000004768372,0.01435612328350544,0.08717698603868484,1.2149485349655151,25730.06779661017
13820,,,,,,0.4312061369419098,0.6020191311836243,0.019463615491986275,0.07928887009620667,1.180357813835144,25742.271186440677
13832,4.043179988861084,,,,,,,,,,25766.677966101695
13833,,8.0,,,,,,,,,25768.71186440678
13834,,,3.999999999999996,0.04317999999999892,0.0,,,,,,25770.745762711864
13845,4.043220043182373,,,,,,,,,,25793.118644067796
13846,,8.0,,,,,,,,,25795.15254237288
13847,,,3.999999999999996,0.04321999999999892,0.0,,,,,,25797.186440677968
13856,4.043260097503662,,,,,,,,,,25815.491525423728
13857,,8.0,,,,,,,,,25817.525423728814
13858,,,3.999999999999996,0.04325999999999892,0.0,,,,,,25819.5593220339
13868,4.043300151824951,,,,,,,,,,25839.898305084746
13869,,8.0,,,,,,,,,25841.93220338983
13870,,,3.999999999999996,0.043299999999998916,0.0,,,,,,25843.966101694914
13881,,,,,,0.4392463266849518,0.6068768501281738,0.03213706240057945,0.0819661021232605,1.3958381414413452,25862.271186440677
13894,4.04334020614624,,,,,,,,,,25888.71186440678
13895,,8.0,,,,,,,,,25890.745762711864
13896,,,3.999999999999996,0.043339999999998914,0.0,,,,,,25892.77966101695
13905,4.043379783630371,,,,,,,,,,25911.084745762713
13906,,8.0,,,,,,,,,25913.118644067796
13907,,,3.999999999999996,0.04337999999999891,0.0,,,,,,25915.15254237288
13916,4.04341983795166,,,,,,,,,,25933.457627118645
13917,,8.0,,,,,,,,,25935.491525423728
13918,,,3.999999999999996,0.04341999999999891,0.0,,,,,,25937.525423728814
13929,4.043459892272949,,,,,,,,,,25959.898305084746
13930,,8.0,,,,,,,,,25961.93220338983
13931,,,3.999999999999996,0.04345999999999891,0.0,,,,,,25963.966101694914
13936,,,,,,0.4736934304237366,0.6089544296264648,0.014316997490823269,0.09444303810596466,1.5112942457199097,25970.444444444445
13945,4.043499946594238,,,,,,,,,,25990.444444444445
13946,,8.0,,,,,,,,,25992.666666666668
13947,,,3.999999999999996,0.04349999999999891,0.0,,,,,,25994.88888888889
13962,4.043540000915527,,,,,,,,,,26028.222222222223
13963,,8.0,,,,,,,,,26030.444444444445
13964,,,3.999999999999996,0.043539999999998906,0.0,,,,,,26032.666666666668
13972,4.043580055236816,,,,,,,,,,26050.444444444445
13973,,8.0,,,,,,,,,26052.666666666668
13974,,,3.999999999999996,0.043579999999998904,0.0,,,,,,26054.88888888889
13985,4.0436201095581055,,,,,,,,,,26079.333333333332
13986,,8.0,,,,,,,,,26081.555555555555
13987,,,3.999999999999996,0.0436199999999989,0.0,,,,,,26083.777777777777
13992,,,,,,0.4750906527042389,0.611187756061554,0.02027818001806736,0.10879427194595337,1.5911097526550293,26088.0
14001,4.0436601638793945,,,,,,,,,,26097.0
14002,,8.0,,,,,,,,,26098.0
14003,,,3.999999999999996,0.0436599999999989,0.0,,,,,,26099.0
14012,4.043700218200684,,,,,,,,,,26108.0
14013,,8.0,,,,,,,,,26109.0
14014,,,3.999999999999996,0.0436999999999989,0.0,,,,,,26110.0
14022,4.0437397956848145,,,,,,,,,,26118.0
14023,,8.0,,,,,,,,,26119.0
14024,,,3.999999999999996,0.0437399999999989,0.0,,,,,,26120.0
14034,4.0437798500061035,,,,,,,,,,26130.0
14035,,8.0,,,,,,,,,26131.0
14036,,,3.999999999999996,0.043779999999998896,0.0,,,,,,26132.0
14041,,,,,,0.522546648979187,0.6526020169258118,0.06757112592458725,0.16689030826091766,1.2253016233444214,26135.5
14048,4.043819904327393,,,,,,,,,,26144.25
14049,,8.0,,,,,,,,,26145.5
14050,,,3.999999999999996,0.043819999999998895,0.0,,,,,,26146.75
14059,4.043859958648682,,,,,,,,,,26158.0
14060,,8.0,,,,,,,,,26159.25
14061,,,3.999999999999996,0.04385999999999889,0.0,,,,,,26160.5
14068,4.043900012969971,,,,,,,,,,26169.25
14069,,8.0,,,,,,,,,26170.5
14070,,,3.999999999999996,0.04389999999999889,0.0,,,,,,26171.75
14080,4.04394006729126,,,,,,,,,,26184.25
14081,,8.0,,,,,,,,,26185.5
14082,,,3.999999999999996,0.04393999999999889,0.0,,,,,,26186.75
14086,,,,,,0.4183489680290222,0.5823100209236145,0.026753108948469162,0.07440130412578583,0.9882752299308777,26188.745454545453
14092,,,,,,0.4789985418319702,0.5872897505760193,0.024374542757868767,0.08997977524995804,1.4244283437728882,26193.21818181818
14103,4.043980121612549,,,,,,,,,,26201.418181818182
14104,,8.0,,,,,,,,,26202.163636363635
14105,,,3.999999999999996,0.04397999999999889,0.0,,,,,,26202.909090909092
14114,4.044020175933838,,,,,,,,,,26209.618181818183
14115,,8.0,,,,,,,,,26210.363636363636
14116,,,3.999999999999996,0.044019999999998886,0.0,,,,,,26211.109090909093
14128,4.044060230255127,,,,,,,,,,26220.054545454546
14129,,8.0,,,,,,,,,26220.8
14130,,,3.999999999999996,0.044059999999998885,0.0,,,,,,26221.545454545456
14137,4.044099807739258,,,,,,,,,,26226.763636363637
14138,,8.0,,,,,,,,,26227.50909090909
14139,,,3.999999999999996,0.04409999999999888,0.0,,,,,,26228.254545454547
14143,,,,,,0.4394993782043457,0.580109179019928,0.009427012875676155,0.06899705529212952,0.9669747948646545,26231.352941176472
14153,4.044139862060547,,,,,,,,,,26254.882352941175
14154,,8.0,,,,,,,,,26257.235294117647
14155,,,3.999999999999996,0.04413999999999888,0.0,,,,,,26259.58823529412
14164,4.044179916381836,,,,,,,,,,26280.764705882353
14165,,8.0,,,,,,,,,26283.117647058825
14166,,,3.999999999999996,0.04417999999999888,0.0,,,,,,26285.470588235294
14179,4.044219970703125,,,,,,,,,,26316.058823529413
14180,,8.0,,,,,,,,,26318.41176470588
14181,,,3.999999999999996,0.04421999999999888,0.0,,,,,,26320.764705882353
14190,4.044260025024414,,,,,,,,,,26341.941176470587
14191,,8.0,,,,,,,,,26344.29411764706
14192,,,3.999999999999996,0.04425999999999888,0.0,,,,,,26346.647058823528
14198,,,,,,0.5331726670265198,0.6874325275421143,0.01766710914671421,0.100679412484169,1.2294542789459229,26356.659574468085
14207,4.044300079345703,,,,,,,,,,26379.63829787234
14208,,8.0,,,,,,,,,26382.191489361703
14209,,,3.999999999999996,0.044299999999998875,0.0,,,,,,26384.744680851065
14217,4.044340133666992,,,,,,,,,,26405.17021276596
14218,,8.0,,,,,,,,,26407.72340425532
14219,,,3.999999999999996,0.04433999999999887,0.0,,,,,,26410.27659574468
14228,4.044380187988281,,,,,,,,,,26433.255319148935
14229,,8.0,,,,,,,,,26435.808510638297
14230,,,3.999999999999996,0.04437999999999887,0.0,,,,,,26438.36170212766
14239,4.044419765472412,,,,,,,,,,26461.340425531915
14240,,8.0,,,,,,,,,26463.893617021276
14241,,,3.999999999999996,0.04441999999999887,0.0,,,,,,26466.44680851064
14249,,,,,,0.3639960289001465,0.46646252274513245,0.024046532809734344,0.08296559751033783,0.8082258105278015,26481.76595744681
14257,4.044459819793701,,,,,,,,,,26502.191489361703
14258,,8.0,,,,,,,,,26504.744680851065
14259,,,3.999999999999996,0.04445999999999887,0.0,,,,,,26507.297872340427
14269,4.04449987411499,,,,,,,,,,26532.82978723404
14270,,8.0,,,,,,,,,26535.382978723403
14271,,,3.999999999999996,0.04449999999999887,0.0,,,,,,26537.936170212764
14278,4.044539928436279,,,,,,,,,,26555.808510638297
14279,,8.0,,,,,,,,,26558.36170212766
14280,,,3.999999999999996,0.044539999999998865,0.0,,,,,,26560.91489361702
14288,4.044579982757568,,,,,,,,,,26581.340425531915
14289,,8.0,,,,,,,,,26583.893617021276
14290,,,3.999999999999996,0.044579999999998864,0.0,,,,,,26586.44680851064
14297,,,,,,0.3905494511127472,0.5746800303459167,0.03181974217295647,0.09062281996011734,0.422229528427124,26600.162790697676
14302,4.044620037078857,,,,,,,,,,26614.116279069767
14303,,8.0,,,,,,,,,26616.906976744187
14304,,,3.999999999999996,0.04461999999999886,0.0,,,,,,26619.697674418603
14311,4.0446600914001465,,,,,,,,,,26639.232558139534
14312,,8.0,,,,,,,,,26642.023255813954
14313,,,3.999999999999996,0.04465999999999886,0.0,,,,,,26644.81395348837
14321,4.0447001457214355,,,,,,,,,,26667.13953488372
14322,,8.0,,,,,,,,,26669.93023255814
14323,,,3.999999999999996,0.04469999999999886,0.0,,,,,,26672.720930232557
14333,4.044740200042725,,,,,,,,,,26700.627906976744
14334,,8.0,,,,,,,,,26703.418604651164
14335,,,3.999999999999996,0.04473999999999886,0.0,,,,,,26706.20930232558
14340,,,,,,0.40703085064888,0.555905818939209,0.02040354162454605,0.08929319679737091,0.40963271260261536,26712.93442622951
14342,,,,,,0.4359874129295349,0.547745406627655,0.04074011370539665,0.08224088698625565,0.5627554059028625,26716.868852459018
14354,4.0447797775268555,,,,,,,,,,26740.475409836065
14355,,8.0,,,,,,,,,26742.44262295082
14356,,,3.999999999999996,0.044779999999998855,0.0,,,,,,26744.409836065573
14366,4.0448198318481445,,,,,,,,,,26764.081967213115
14367,,8.0,,,,,,,,,26766.049180327867
14368,,,3.999999999999996,0.044819999999998854,0.0,,,,,,26768.016393442624
14382,4.044859886169434,,,,,,,,,,26795.55737704918
14383,,8.0,,,,,,,,,26797.524590163935
14384,,,3.999999999999996,0.04485999999999885,0.0,,,,,,26799.491803278688
14396,4.044899940490723,,,,,,,,,,26823.09836065574
14397,,8.0,,,,,,,,,26825.06557377049
14398,,,3.999999999999996,0.04489999999999885,0.0,,,,,,26827.032786885247
14404,,,,,,0.42811575531959534,0.5415970087051392,-0.0019575529731810093,0.10052145272493362,0.07646815478801727,26836.659574468085
14411,4.044939994812012,,,,,,,,,,26854.531914893618
14412,,8.0,,,,,,,,,26857.08510638298
14413,,,3.999999999999996,0.04493999999999885,0.0,,,,,,26859.63829787234
14425,4.044980049133301,,,,,,,,,,26890.27659574468
14426,,8.0,,,,,,,,,26892.82978723404
14427,,,3.999999999999996,0.04497999999999885,0.0,,,,,,26895.382978723403
14438,4.04502010345459,,,,,,,,,,26923.468085106382
14439,,8.0,,,,,,,,,26926.021276595744
14440,,,3.999999999999996,0.045019999999998846,0.0,,,,,,26928.574468085106
14445,4.045060157775879,,,,,,,,,,26941.340425531915
14446,,8.0,,,,,,,,,26943.893617021276
14447,,,3.999999999999996,0.045059999999998844,0.0,,,,,,26946.44680851064
14454,,,,,,0.41331931948661804,0.5507495999336243,0.023212341591715813,0.0859512984752655,0.1873653680086136,26958.6
14465,4.045100212097168,,,,,,,,,,26985.0
14466,,8.0,,,,,,,,,26987.4
14467,,,3.999999999999996,0.04509999999999884,0.0,,,,,,26989.8
14474,4.045139789581299,,,,,,,,,,27006.6
14475,,8.0,,,,,,,,,27009.0
14476,,,3.999999999999996,0.04513999999999884,0.0,,,,,,27011.4
14488,4.045179843902588,,,,,,,,,,27040.2
14489,,8.0,,,,,,,,,27042.6
14490,,,3.999999999999996,0.04517999999999884,0.0,,,,,,27045.0
14497,4.045219898223877,,,,,,,,,,27061.8
14498,,8.0,,,,,,,,,27064.2
14499,,,3.999999999999996,0.04521999999999884,0.0,,,,,,27066.6
14504,,,,,,0.3986445963382721,0.567639946937561,0.020778661593794823,0.06623754650354385,0.43053239583969116,27073.70588235294
14517,4.045259952545166,,,,,,,,,,27104.29411764706
14518,,8.0,,,,,,,,,27106.647058823528
14519,,,3.999999999999996,0.045259999999998836,0.0,,,,,,27109.0
14529,4.045300006866455,,,,,,,,,,27132.529411764706
14530,,8.0,,,,,,,,,27134.882352941175
14531,,,3.999999999999996,0.045299999999998834,0.0,,,,,,27137.235294117647
14539,4.045340061187744,,,,,,,,,,27156.058823529413
14540,,8.0,,,,,,,,,27158.41176470588
14541,,,3.999999999999996,0.04533999999999883,0.0,,,,,,27160.764705882353
14550,4.045380115509033,,,,,,,,,,27181.941176470587
14551,,8.0,,,,,,,,,27184.29411764706
14552,,,3.999999999999996,0.04537999999999883,0.0,,,,,,27186.647058823528
14556,,,,,,0.426078200340271,0.625203013420105,0.03478069230914116,0.09390994161367416,1.002684235572815,27191.30769230769
14573,4.045420169830322,,,,,,,,,,27230.53846153846
14574,,8.0,,,,,,,,,27232.846153846152
14575,,,3.999999999999996,0.04541999999999883,0.0,,,,,,27235.153846153848
14585,4.045460224151611,,,,,,,,,,27258.23076923077
14586,,8.0,,,,,,,,,27260.53846153846
14587,,,3.999999999999996,0.04545999999999883,0.0,,,,,,27262.846153846152
14594,4.045499801635742,,,,,,,,,,27279.0
14595,,8.0,,,,,,,,,27281.30769230769
14596,,,3.999999999999996,0.045499999999998826,0.0,,,,,,27283.615384615383
14604,4.045539855957031,,,,,,,,,,27302.076923076922
14605,,8.0,,,,,,,,,27304.384615384617
14606,,,3.999999999999996,0.045539999999998824,0.0,,,,,,27306.69230769231
14612,,,,,,0.4947817623615265,0.6734606623649597,0.037371907383203506,0.08573047071695328,0.8562875986099243,27311.618181818183
14615,,,,,,0.4726187586784363,0.5789845585823059,0.012941870838403702,0.07548104971647263,0.9267288446426392,27314.236363636363
14627,4.04557991027832,,,,,,,,,,27324.70909090909
14628,,8.0,,,,,,,,,27325.581818181818
14629,,,3.999999999999996,0.04557999999999882,0.0,,,,,,27326.454545454544
14639,4.045619964599609,,,,,,,,,,27335.18181818182
14640,,8.0,,,,,,,,,27336.054545454546
14641,,,3.999999999999996,0.04561999999999882,0.0,,,,,,27336.927272727273
14649,4.045660018920898,,,,,,,,,,27343.909090909092
14650,,8.0,,,,,,,,,27344.78181818182
14651,,,3.999999999999996,0.04565999999999882,0.0,,,,,,27345.654545454545
14661,4.0457000732421875,,,,,,,,,,27354.381818181817
14662,,8.0,,,,,,,,,27355.254545454547
14663,,,3.999999999999996,0.04569999999999882,0.0,,,,,,27356.127272727274
14671,,,,,,0.4538350999355316,0.6222495436668396,0.0485001765191555,0.12191645801067352,0.7919593453407288,27361.18181818182
14681,4.045740127563477,,,,,,,,,,27369.545454545456
14682,,8.0,,,,,,,,,27370.381818181817
14683,,,3.999999999999996,0.045739999999998816,0.0,,,,,,27371.21818181818
14690,4.045780181884766,,,,,,,,,,27377.072727272727
14691,,8.0,,,,,,,,,27377.909090909092
14692,,,3.999999999999996,0.045779999999998815,0.0,,,,,,27378.745454545453
14706,4.045820236206055,,,,,,,,,,27390.454545454544
14707,,8.0,,,,,,,,,27391.29090909091
14708,,,3.999999999999996,0.04581999999999881,0.0,,,,,,27392.127272727274
14718,4.0458598136901855,,,,,,,,,,27400.49090909091
14719,,8.0,,,,,,,,,27401.327272727274
14720,,,3.999999999999996,0.04585999999999881,0.0,,,,,,27402.163636363635
14727,,,,,,0.6118287444114685,0.75239098072052,-0.11616271734237671,0.2861662805080414,1.8738456964492798,27411.571428571428
14738,4.045899868011475,,,,,,,,,,27435.14285714286
14739,,8.0,,,,,,,,,27437.285714285714
14740,,,3.999999999999996,0.04589999999999881,0.0,,,,,,27439.428571428572
14751,4.045939922332764,,,,,,,,,,27463.0
14752,,8.0,,,,,,,,,27465.14285714286
14753,,,3.999999999999996,0.04593999999999881,0.0,,,,,,27467.285714285714
14764,4.045979976654053,,,,,,,,,,27490.85714285714
14765,,8.0,,,,,,,,,27493.0
14766,,,3.999999999999996,0.04597999999999881,0.0,,,,,,27495.14285714286
14776,4.046020030975342,,,,,,,,,,27516.571428571428
14777,,8.0,,,,,,,,,27518.714285714286
14778,,,3.999999999999996,0.046019999999998805,0.0,,,,,,27520.85714285714
14784,,,,,,0.5487062931060791,0.7057440876960754,0.014365472830832005,0.09442754834890366,0.590454638004303,27529.79245283019
14796,4.046060085296631,,,,,,,,,,27556.962264150945
14797,,8.0,,,,,,,,,27559.22641509434
14798,,,3.999999999999996,0.0460599999999988,0.0,,,,,,27561.490566037737
14808,4.04610013961792,,,,,,,,,,27584.132075471698
14809,,8.0,,,,,,,,,27586.396226415094
14810,,,3.999999999999996,0.0460999999999988,0.0,,,,,,27588.66037735849
14817,4.046140193939209,,,,,,,,,,27604.509433962263
14818,,8.0,,,,,,,,,27606.77358490566
14819,,,3.999999999999996,0.0461399999999988,0.0,,,,,,27609.037735849055
14831,4.04617977142334,,,,,,,,,,27636.20754716981
14832,,8.0,,,,,,,,,27638.471698113208
14833,,,3.999999999999996,0.0461799999999988,0.0,,,,,,27640.735849056604
14839,,,,,,0.4916507601737976,0.6785423755645752,0.05792359635233879,0.15564729273319244,0.5003854632377625,27645.470588235294
14849,4.046219825744629,,,,,,,,,,27653.70588235294
14850,,8.0,,,,,,,,,27654.529411764706
14851,,,3.999999999999996,0.0462199999999988,0.0,,,,,,27655.352941176472
14859,4.046259880065918,,,,,,,,,,27661.941176470587
14860,,8.0,,,,,,,,,27662.764705882353
14861,,,3.999999999999996,0.046259999999998795,0.0,,,,,,27663.58823529412
14869,4.046299934387207,,,,,,,,,,27670.176470588234
14870,,8.0,,,,,,,,,27671.0
14871,,,3.999999999999996,0.046299999999998794,0.0,,,,,,27671.823529411766
14884,4.046339988708496,,,,,,,,,,27682.529411764706
14885,,8.0,,,,,,,,,27683.352941176472
14886,,,3.999999999999996,0.04633999999999879,0.0,,,,,,27684.176470588234
14891,,,,,,0.42046618461608887,0.6511220932006836,0.05686911195516586,0.1612263172864914,0.1749221533536911,27690.0
14894,,,,,,0.48811209201812744,0.6053779721260071,0.08124618977308273,0.16667817533016205,0.5240472555160522,27697.5
14902,4.046380043029785,,,,,,,,,,27717.5
14903,,8.0,,,,,,,,,27720.0
14904,,,3.999999999999996,0.04637999999999879,0.0,,,,,,27722.5
14911,4.046420097351074,,,,,,,,,,27740.0
14912,,8.0,,,,,,,,,27742.5
14913,,,3.999999999999996,0.04641999999999879,0.0,,,,,,27745.0
14923,4.046460151672363,,,,,,,,,,27770.0
14924,,8.0,,,,,,,,,27772.5
14925,,,3.999999999999996,0.04645999999999879,0.0,,,,,,27775.0
14934,4.046500205993652,,,,,,,,,,27797.5
14935,,8.0,,,,,,,,,27800.0
14936,,,3.999999999999996,0.046499999999998785,0.0,,,,,,27802.5
14945,,,,,,0.4216703474521637,0.5689489245414734,0.022824054583907127,0.11291838437318802,-0.0022769456263631582,27818.584905660377
14956,4.046539783477783,,,,,,,,,,27843.490566037737
14957,,8.0,,,,,,,,,27845.754716981133
14958,,,3.999999999999996,0.046539999999998784,0.0,,,,,,27848.01886792453
14970,4.046579837799072,,,,,,,,,,27875.188679245282
14971,,8.0,,,,,,,,,27877.45283018868
14972,,,3.999999999999996,0.04657999999999878,0.0,,,,,,27879.716981132075
14980,4.046619892120361,,,,,,,,,,27897.830188679247
14981,,8.0,,,,,,,,,27900.094339622643
14982,,,3.999999999999996,0.04661999999999878,0.0,,,,,,27902.35849056604
14989,4.04665994644165,,,,,,,,,,27918.20754716981
14990,,8.0,,,,,,,,,27920.471698113208
14991,,,3.999999999999996,0.04665999999999878,0.0,,,,,,27922.735849056604
14998,,,,,,0.4001587927341461,0.5389570593833923,0.05519843474030495,0.09223031997680664,7.67260353313759e-05,27928.555555555555
15009,4.0467000007629395,,,,,,,,,,27938.333333333332
15010,,8.0,,,,,,,,,27939.222222222223
15011,,,3.999999999999996,0.04669999999999878,0.0,,,,,,27940.11111111111
15023,4.0467400550842285,,,,,,,,,,27950.777777777777
15024,,8.0,,,,,,,,,27951.666666666668
15025,,,3.999999999999996,0.046739999999998776,0.0,,,,,,27952.555555555555
15033,4.046780109405518,,,,,,,,,,27959.666666666668
15034,,8.0,,,,,,,,,27960.555555555555
15035,,,3.999999999999996,0.046779999999998774,0.0,,,,,,27961.444444444445
15045,4.046820163726807,,,,,,,,,,27970.333333333332
15046,,8.0,,,,,,,,,27971.222222222223
15047,,,3.999999999999996,0.04681999999999877,0.0,,,,,,27972.11111111111
15054,,,,,,0.4115474820137024,0.546053409576416,0.02394811250269413,0.09775058180093765,0.1441139280796051,27984.428571428572
15062,4.046860218048096,,,,,,,,,,28007.285714285714
15063,,8.0,,,,,,,,,28010.14285714286
15064,,,3.999999999999996,0.04685999999999877,0.0,,,,,,28013.0
15070,4.046899795532227,,,,,,,,,,28030.14285714286
15071,,8.0,,,,,,,,,28033.0
15072,,,3.999999999999996,0.04689999999999877,0.0,,,,,,28035.85714285714
15080,4.046939849853516,,,,,,,,,,28058.714285714286
15081,,8.0,,,,,,,,,28061.571428571428
15082,,,3.999999999999996,0.04693999999999877,0.0,,,,,,28064.428571428572
15089,4.046979904174805,,,,,,,,,,28084.428571428572
15090,,8.0,,,,,,,,,28087.285714285714
15091,,,3.999999999999996,0.046979999999998766,0.0,,,,,,28090.14285714286
15095,,,,,,0.5144153237342834,0.6938276886940002,0.036113470792770386,0.08693142235279083,0.38024914264678955,28093.897435897437
15103,4.047019958496094,,,,,,,,,,28101.076923076922
15104,,8.0,,,,,,,,,28101.97435897436
15105,,,3.999999999999996,0.047019999999998764,0.0,,,,,,28102.871794871793
15111,4.047060012817383,,,,,,,,,,28108.25641025641
15112,,8.0,,,,,,,,,28109.153846153848
15113,,,3.999999999999996,0.04705999999999876,0.0,,,,,,28110.05128205128
15121,4.047100067138672,,,,,,,,,,28117.23076923077
15122,,8.0,,,,,,,,,28118.128205128207
15123,,,3.999999999999996,0.04709999999999876,0.0,,,,,,28119.02564102564
15130,4.047140121459961,,,,,,,,,,28125.30769230769
15131,,8.0,,,,,,,,,28126.20512820513
15132,,,3.999999999999996,0.04713999999999876,0.0,,,,,,28127.102564102563
15136,,,,,,0.4585714042186737,0.6364372372627258,0.02519696019589901,0.10827793926000595,0.23096582293510437,28130.666666666668
15141,,,,,,0.41836753487586975,0.5918403267860413,0.01997370831668377,0.0922008529305458,0.0797019824385643,28144.0
15146,4.04718017578125,,,,,,,,,,28157.333333333332
15147,,8.0,,,,,,,,,28160.0
15148,,,3.999999999999996,0.04717999999999876,0.0,,,,,,28162.666666666668
15155,4.047220230102539,,,,,,,,,,28181.333333333332
15156,,8.0,,,,,,,,,28184.0
15157,,,3.999999999999996,0.047219999999998756,0.0,,,,,,28186.666666666668
15168,4.04725980758667,,,,,,,,,,28216.0
15169,,8.0,,,,,,,,,28218.666666666668
15170,,,3.999999999999996,0.047259999999998754,0.0,,,,,,28221.333333333332
15177,4.047299861907959,,,,,,,,,,28240.0
15178,,8.0,,,,,,,,,28242.666666666668
15179,,,3.999999999999996,0.04729999999999875,0.0,,,,,,28245.333333333332
15187,,,,,,0.41538649797439575,0.5145029425621033,0.030764836817979813,0.08655057102441788,0.037790004163980484,28259.764705882353
15199,4.047339916229248,,,,,,,,,,28288.0
15200,,8.0,,,,,,,,,28290.352941176472
15201,,,3.999999999999996,0.04733999999999875,0.0,,,,,,28292.70588235294
15211,4.047379970550537,,,,,,,,,,28316.235294117647
15212,,8.0,,,,,,,,,28318.58823529412
15213,,,3.999999999999996,0.04737999999999875,0.0,,,,,,28320.941176470587
15219,4.047420024871826,,,,,,,,,,28335.058823529413
15220,,8.0,,,,,,,,,28337.41176470588
15221,,,3.999999999999996,0.04741999999999875,0.0,,,,,,28339.764705882353
15230,4.047460079193115,,,,,,,,,,28360.941176470587
15231,,8.0,,,,,,,,,28363.29411764706
15232,,,3.999999999999996,0.047459999999998746,0.0,,,,,,28365.647058823528
15238,,,,,,0.3942345678806305,0.5358166694641113,0.025523239746689796,0.10125512629747391,0.3160756826400757,28375.34693877551
15251,4.047500133514404,,,,,,,,,,28407.183673469386
15252,,8.0,,,,,,,,,28409.632653061224
15253,,,3.999999999999996,0.047499999999998745,0.0,,,,,,28412.081632653062
15260,4.047540187835693,,,,,,,,,,28429.224489795917
15261,,8.0,,,,,,,,,28431.673469387755
15262,,,3.999999999999996,0.04753999999999874,0.0,,,,,,28434.122448979593
15272,4.047579765319824,,,,,,,,,,28458.61224489796
15273,,8.0,,,,,,,,,28461.061224489797
15274,,,3.999999999999996,0.04757999999999874,0.0,,,,,,28463.51020408163
15281,4.047619819641113,,,,,,,,,,28480.65306122449
15282,,8.0,,,,,,,,,28483.102040816328
15283,,,3.999999999999996,0.04761999999999874,0.0,,,,,,28485.551020408162
15290,,,,,,0.40973931550979614,0.5211267471313477,0.02258584462106228,0.08068996667861938,0.3038097620010376,28498.0
15300,4.047659873962402,,,,,,,,,,28523.0
15301,,8.0,,,,,,,,,28525.5
15302,,,3.999999999999996,0.04765999999999874,0.0,,,,,,28528.0
15306,4.047699928283691,,,,,,,,,,28538.0
15307,,8.0,,,,,,,,,28540.5
15308,,,3.999999999999996,0.047699999999998736,0.0,,,,,,28543.0
15319,4.0477399826049805,,,,,,,,,,28570.5
15320,,8.0,,,,,,,,,28573.0
15321,,,3.999999999999996,0.047739999999998735,0.0,,,,,,28575.5
15331,4.0477800369262695,,,,,,,,,,28600.5
15332,,8.0,,,,,,,,,28603.0
15333,,,3.999999999999996,0.04777999999999873,0.0,,,,,,28605.5
15341,,,,,,0.45737090706825256,0.5688382983207703,0.005566174164414406,0.065592922270298,0.6912622451782227,28619.11111111111
15349,4.047820091247559,,,,,,,,,,28636.88888888889
15350,,8.0,,,,,,,,,28639.11111111111
15351,,,3.999999999999996,0.04781999999999873,0.0,,,,,,28641.333333333332
15360,4.047860145568848,,,,,,,,,,28661.333333333332
15361,,8.0,,,,,,,,,28663.555555555555
15362,,,3.999999999999996,0.04785999999999873,0.0,,,,,,28665.777777777777
15376,4.047900199890137,,,,,,,,,,28696.88888888889
15377,,8.0,,,,,,,,,28699.11111111111
15378,,,3.999999999999996,0.04789999999999873,0.0,,,,,,28701.333333333332
15387,4.047939777374268,,,,,,,,,,28721.333333333332
15388,,8.0,,,,,,,,,28723.555555555555
15389,,,3.999999999999996,0.04793999999999873,0.0,,,,,,28725.777777777777
15393,,,,,,0.43105804920196533,0.5591722726821899,0.012162303552031517,0.11439637839794159,0.8793731927871704,28728.64150943396
15399,,,,,,0.4632037580013275,0.541877806186676,0.05149305239319801,0.12962457537651062,1.1116211414337158,28732.490566037737
15412,4.047979831695557,,,,,,,,,,28740.830188679247
15413,,8.0,,,,,,,,,28741.471698113208
15414,,,3.999999999999996,0.047979999999998725,0.0,,,,,,28742.11320754717
15422,4.048019886016846,,,,,,,,,,28747.245283018867
15423,,8.0,,,,,,,,,28747.88679245283
15424,,,3.999999999999996,0.04801999999999872,0.0,,,,,,28748.528301886792
15431,4.048059940338135,,,,,,,,,,28753.01886792453
15432,,8.0,,,,,,,,,28753.66037735849
15433,,,3.999999999999996,0.04805999999999872,0.0,,,,,,28754.30188679245
15442,4.048099994659424,,,,,,,,,,28760.075471698114
15443,,8.0,,,,,,,,,28760.716981132075
15444,,,3.999999999999996,0.04809999999999872,0.0,,,,,,28761.35849056604
15451,,,,,,0.43123140931129456,0.6060398817062378,0.041376449167728424,0.10043399035930634,0.711833655834198,28765.92156862745
15461,4.048140048980713,,,,,,,,,,28775.725490196077
15462,,8.0,,,,,,,,,28776.70588235294
15463,,,3.999999999999996,0.04813999999999872,0.0,,,,,,28777.686274509804
15471,4.048180103302002,,,,,,,,,,28785.529411764706
15472,,8.0,,,,,,,,,28786.50980392157
15473,,,3.999999999999996,0.04817999999999872,0.0,,,,,,28787.49019607843
15483,4.048220157623291,,,,,,,,,,28797.29411764706
15484,,8.0,,,,,,,,,28798.274509803923
15485,,,3.999999999999996,0.048219999999998715,0.0,,,,,,28799.254901960783
15495,4.04826021194458,,,,,,,,,,28809.058823529413
15496,,8.0,,,,,,,,,28810.039215686276
15497,,,3.999999999999996,0.048259999999998714,0.0,,,,,,28811.019607843136
15501,,,,,,0.37335535883903503,0.5018957257270813,0.021015100181102753,0.08968698233366013,0.6010662317276001,28814.30769230769
15510,4.048299789428711,,,,,,,,,,28835.076923076922
15511,,8.0,,,,,,,,,28837.384615384617
15512,,,3.999999999999996,0.04829999999999871,0.0,,,,,,28839.69230769231
15523,4.04833984375,,,,,,,,,,28865.076923076922
15524,,8.0,,,,,,,,,28867.384615384617
15525,,,3.999999999999996,0.04833999999999871,0.0,,,,,,28869.69230769231
15533,4.048379898071289,,,,,,,,,,28888.153846153848
15534,,8.0,,,,,,,,,28890.46153846154
15535,,,3.999999999999996,0.04837999999999871,0.0,,,,,,28892.76923076923
15549,4.048419952392578,,,,,,,,,,28925.076923076922
15550,,8.0,,,,,,,,,28927.384615384617
15551,,,3.999999999999996,0.04841999999999871,0.0,,,,,,28929.69230769231
15557,,,,,,0.4219241440296173,0.546114981174469,0.03988427668809891,0.106781966984272,0.7584472894668579,28936.02
15567,4.048460006713867,,,,,,,,,,28949.42
15568,,8.0,,,,,,,,,28950.76
15569,,,3.999999999999996,0.048459999999998705,0.0,,,,,,28952.1
15579,4.048500061035156,,,,,,,,,,28965.5
15580,,8.0,,,,,,,,,28966.84
15581,,,3.999999999999996,0.048499999999998704,0.0,,,,,,28968.18
15590,4.048540115356445,,,,,,,,,,28980.24
15591,,8.0,,,,,,,,,28981.58
15592,,,3.999999999999996,0.0485399999999987,0.0,,,,,,28982.92
15601,4.048580169677734,,,,,,,,,,28994.98
15602,,8.0,,,,,,,,,28996.32
15603,,,3.999999999999996,0.0485799999999987,0.0,,,,,,28997.66
15607,,,,,,0.41421446204185486,0.5001155734062195,0.025752000510692596,0.09204685688018799,0.7139715552330017,29001.55319148936
15620,4.048620223999023,,,,,,,,,,29034.744680851065
15621,,8.0,,,,,,,,,29037.297872340427
15622,,,3.999999999999996,0.0486199999999987,0.0,,,,,,29039.85106382979
15632,4.048659801483154,,,,,,,,,,29065.382978723403
15633,,8.0,,,,,,,,,29067.936170212764
15634,,,3.999999999999996,0.0486599999999987,0.0,,,,,,29070.489361702126
15643,4.048699855804443,,,,,,,,,,29093.468085106382
15644,,8.0,,,,,,,,,29096.021276595744
15645,,,3.999999999999996,0.048699999999998696,0.0,,,,,,29098.574468085106
15650,4.048739910125732,,,,,,,,,,29111.340425531915
15651,,8.0,,,,,,,,,29113.893617021276
15652,,,3.999999999999996,0.048739999999998694,0.0,,,,,,29116.44680851064
15657,,,,,,0.46274009346961975,0.6256709694862366,0.013274974189698696,0.14698846638202667,0.9472935199737549,29120.454545454544
15660,,,,,,0.4659537374973297,0.6145498156547546,0.018941806629300117,0.1661340296268463,1.0515974760055542,29122.636363636364
15672,4.0487799644470215,,,,,,,,,,29131.363636363636
15673,,8.0,,,,,,,,,29132.090909090908
15674,,,3.999999999999996,0.04877999999999869,0.0,,,,,,29132.81818181818
15683,4.0488200187683105,,,,,,,,,,29139.363636363636
15684,,8.0,,,,,,,,,29140.090909090908
15685,,,3.999999999999996,0.04881999999999869,0.0,,,,,,29140.81818181818
15693,4.0488600730896,,,,,,,,,,29146.636363636364
15694,,8.0,,,,,,,,,29147.363636363636
15695,,,3.999999999999996,0.04885999999999869,0.0,,,,,,29148.090909090908
15707,4.048900127410889,,,,,,,,,,29156.81818181818
15708,,8.0,,,,,,,,,29157.545454545456
15709,,,3.999999999999996,0.04889999999999869,0.0,,,,,,29158.272727272728
15717,,,,,,0.38528668880462646,0.5751813054084778,0.015572763048112392,0.10584695637226105,0.4521562457084656,29163.150943396227
15729,4.048940181732178,,,,,,,,,,29173.11320754717
15730,,8.0,,,,,,,,,29173.943396226416
15731,,,3.999999999999996,0.048939999999998686,0.0,,,,,,29174.77358490566
15740,4.048980236053467,,,,,,,,,,29182.245283018867
15741,,8.0,,,,,,,,,29183.075471698114
15742,,,3.999999999999996,0.048979999999998684,0.0,,,,,,29183.905660377357
15751,4.049019813537598,,,,,,,,,,29191.377358490565
15752,,8.0,,,,,,,,,29192.20754716981
15753,,,3.999999999999996,0.04901999999999868,0.0,,,,,,29193.037735849055
15762,4.049059867858887,,,,,,,,,,29200.509433962263
15763,,8.0,,,,,,,,,29201.33962264151
15764,,,3.999999999999996,0.04905999999999868,0.0,,,,,,29202.169811320753
15770,,,,,,0.47460946440696716,0.6173492074012756,0.029087133705615997,0.09728026390075684,0.9598898887634277,29211.18181818182
15777,4.049099922180176,,,,,,,,,,29230.272727272728
15778,,8.0,,,,,,,,,29233.0
15779,,,3.999999999999996,0.04909999999999868,0.0,,,,,,29235.727272727272
15788,4.049139976501465,,,,,,,,,,29260.272727272728
15789,,8.0,,,,,,,,,29263.0
15790,,,3.999999999999996,0.04913999999999868,0.0,,,,,,29265.727272727272
15796,4.049180030822754,,,,,,,,,,29282.090909090908
15797,,8.0,,,,,,,,,29284.81818181818
15798,,,3.999999999999996,0.049179999999998676,0.0,,,,,,29287.545454545456
15808,4.049220085144043,,,,,,,,,,29314.81818181818
15809,,8.0,,,,,,,,,29317.545454545456
15810,,,3.999999999999996,0.049219999999998675,0.0,,,,,,29320.272727272728
15816,,,,,,0.3941624164581299,0.5031494498252869,0.018129609525203705,0.07557576149702072,0.5979393720626831,29325.14285714286
15825,4.049260139465332,,,,,,,,,,29331.571428571428
15826,,8.0,,,,,,,,,29332.285714285714
15827,,,3.999999999999996,0.04925999999999867,0.0,,,,,,29333.0
15838,4.049300193786621,,,,,,,,,,29340.85714285714
15839,,8.0,,,,,,,,,29341.571428571428
15840,,,3.999999999999996,0.04929999999999867,0.0,,,,,,29342.285714285714
15846,4.049339771270752,,,,,,,,,,29346.571428571428
15847,,8.0,,,,,,,,,29347.285714285714
15848,,,3.999999999999996,0.04933999999999867,0.0,,,,,,29348.0
15859,4.049379825592041,,,,,,,,,,29355.85714285714
15860,,8.0,,,,,,,,,29356.571428571428
15861,,,3.999999999999996,0.04937999999999867,0.0,,,,,,29357.285714285714
15866,,,,,,0.4081850051879883,0.5639327764511108,0.018793918192386627,0.059955038130283356,0.4936307966709137,29360.0
15874,4.04941987991333,,,,,,,,,,29368.0
15875,,8.0,,,,,,,,,29369.0
15876,,,3.999999999999996,0.049419999999998666,0.0,,,,,,29370.0
15882,4.049459934234619,,,,,,,,,,29376.0
15883,,8.0,,,,,,,,,29377.0
15884,,,3.999999999999996,0.049459999999998665,0.0,,,,,,29378.0
15896,4.049499988555908,,,,,,,,,,29390.0
15897,,8.0,,,,,,,,,29391.0
15898,,,3.999999999999996,0.04949999999999866,0.0,,,,,,29392.0
15909,4.049540042877197,,,,,,,,,,29403.0
15910,,8.0,,,,,,,,,29404.0
15911,,,3.999999999999996,0.04953999999999866,0.0,,,,,,29405.0
15917,,,,,,0.4023102819919586,0.5150836110115051,0.03135890141129494,0.10873035341501236,0.731590747833252,29409.3125
15918,,,,,,0.4241308569908142,0.5530094504356384,0.010921472683548927,0.11562463641166687,0.7404965758323669,29410.416666666668
15926,4.049580097198486,,,,,,,,,,29419.25
15927,,8.0,,,,,,,,,29420.354166666668
15928,,,3.999999999999996,0.04957999999999866,0.0,,,,,,29421.458333333332
15936,4.049620151519775,,,,,,,,,,29430.291666666668
15937,,8.0,,,,,,,,,29431.395833333332
15938,,,3.999999999999996,0.04961999999999866,0.0,,,,,,29432.5
15947,4.0496602058410645,,,,,,,,,,29442.4375
15948,,8.0,,,,,,,,,29443.541666666668
15949,,,3.999999999999996,0.04965999999999866,0.0,,,,,,29444.645833333332
15959,4.049699783325195,,,,,,,,,,29455.6875
15960,,8.0,,,,,,,,,29456.791666666668
15961,,,3.999999999999996,0.049699999999998655,0.0,,,,,,29457.895833333332
15967,,,,,,0.4520586133003235,0.593539297580719,0.0202227421104908,0.12222231924533844,0.7653153538703918,29465.923076923078
15978,4.049739837646484,,,,,,,,,,29491.30769230769
15979,,8.0,,,,,,,,,29493.615384615383
15980,,,3.999999999999996,0.04973999999999865,0.0,,,,,,29495.923076923078
15989,4.049779891967773,,,,,,,,,,29516.69230769231
15990,,8.0,,,,,,,,,29519.0
15991,,,3.999999999999996,0.04977999999999865,0.0,,,,,,29521.30769230769
16002,4.0498199462890625,,,,,,,,,,29546.69230769231
16003,,8.0,,,,,,,,,29549.0
16004,,,3.999999999999996,0.04981999999999865,0.0,,,,,,29551.30769230769
16013,4.049860000610352,,,,,,,,,,29572.076923076922
16014,,8.0,,,,,,,,,29574.384615384617
16015,,,3.999999999999996,0.04985999999999865,0.0,,,,,,29576.69230769231
16020,,,,,,0.43253791332244873,0.5510095953941345,0.029992496594786644,0.09541478008031845,0.6789796948432922,29584.853658536584
16030,4.049900054931641,,,,,,,,,,29614.121951219513
16031,,8.0,,,,,,,,,29617.048780487807
16032,,,3.999999999999996,0.04989999999999865,0.0,,,,,,29619.975609756097
16037,4.04994010925293,,,,,,,,,,29634.60975609756
16038,,8.0,,,,,,,,,29637.536585365855
16039,,,3.999999999999996,0.049939999999998645,0.0,,,,,,29640.463414634145
16045,4.049980163574219,,,,,,,,,,29658.024390243903
16046,,8.0,,,,,,,,,29660.951219512193
16047,,,3.999999999999996,0.049979999999998644,0.0,,,,,,29663.878048780487
16056,4.050020217895508,,,,,,,,,,29690.219512195123
16057,,8.0,,,,,,,,,29693.146341463416
16058,,,3.999999999999996,0.05001999999999864,0.0,,,,,,29696.073170731706
16064,,,,,,0.42099276185035706,0.5581199526786804,0.024771081283688545,0.0880676880478859,0.6222326159477234,29706.2
16070,4.050059795379639,,,,,,,,,,29720.6
16071,,8.0,,,,,,,,,29723.0
16072,,,3.999999999999996,0.05005999999999864,0.0,,,,,,29725.4
16081,4.050099849700928,,,,,,,,,,29747.0
16082,,8.0,,,,,,,,,29749.4
16083,,,3.999999999999996,0.05009999999999864,0.0,,,,,,29751.8
16096,4.050139904022217,,,,,,,,,,29783.0
16097,,8.0,,,,,,,,,29785.4
16098,,,3.999999999999996,0.05013999999999864,0.0,,,,,,29787.8
16108,4.050179958343506,,,,,,,,,,29811.8
16109,,8.0,,,,,,,,,29814.2
16110,,,3.999999999999996,0.050179999999998635,0.0,,,,,,29816.6
16114,,,,,,0.4160712957382202,0.5697290301322937,0.02628663182258606,0.09593295305967331,0.783315896987915,29820.066666666666
16121,4.050220012664795,,,,,,,,,,29827.533333333333
16122,,8.0,,,,,,,,,29828.6
16123,,,3.999999999999996,0.050219999999998634,0.0,,,,,,29829.666666666668
16131,4.050260066986084,,,,,,,,,,29838.2
16132,,8.0,,,,,,,,,29839.266666666666
16133,,,3.999999999999996,0.05025999999999863,0.0,,,,,,29840.333333333332
16144,4.050300121307373,,,,,,,,,,29852.066666666666
16145,,8.0,,,,,,,,,29853.133333333335
16146,,,3.999999999999996,0.05029999999999863,0.0,,,,,,29854.2
16155,4.050340175628662,,,,,,,,,,29863.8
16156,,8.0,,,,,,,,,29864.866666666665
16157,,,3.999999999999996,0.05033999999999863,0.0,,,,,,29865.933333333334
16162,,,,,,0.431561142206192,0.5783898830413818,0.012677821330726147,0.10091658681631088,0.444808691740036,29869.227272727272
16166,,,,,,0.4116702973842621,0.5301381945610046,0.018580248579382896,0.07724722474813461,0.32079532742500305,29873.68181818182
16172,4.050380229949951,,,,,,,,,,29880.363636363636
16173,,8.0,,,,,,,,,29881.477272727272
16174,,,3.999999999999996,0.05037999999999863,0.0,,,,,,29882.590909090908
16182,4.050419807434082,,,,,,,,,,29891.5
16183,,8.0,,,,,,,,,29892.613636363636
16184,,,3.999999999999996,0.050419999999998626,0.0,,,,,,29893.727272727272
16193,4.050459861755371,,,,,,,,,,29903.75
16194,,8.0,,,,,,,,,29904.863636363636
16195,,,3.999999999999996,0.050459999999998624,0.0,,,,,,29905.977272727272
16201,4.05049991607666,,,,,,,,,,29912.659090909092
16202,,8.0,,,,,,,,,29913.772727272728
16203,,,3.999999999999996,0.05049999999999862,0.0,,,,,,29914.886363636364
16211,,,,,,0.43936508893966675,0.5717728734016418,0.016188468784093857,0.10229896008968353,0.31825095415115356,29921.3125
16222,4.050539970397949,,,,,,,,,,29933.0
16223,,8.0,,,,,,,,,29934.0625
16224,,,3.999999999999996,0.05053999999999862,0.0,,,,,,29935.125
16231,4.050580024719238,,,,,,,,,,29942.5625
16232,,8.0,,,,,,,,,29943.625
16233,,,3.999999999999996,0.05057999999999862,0.0,,,,,,29944.6875
16242,4.050620079040527,,,,,,,,,,29954.25
16243,,8.0,,,,,,,,,29955.3125
16244,,,3.999999999999996,0.05061999999999862,0.0,,,,,,29956.375
16251,4.050660133361816,,,,,,,,,,29963.8125
16252,,8.0,,,,,,,,,29964.875
16253,,,3.999999999999996,0.050659999999998616,0.0,,,,,,29965.9375
16257,,,,,,0.44848090410232544,0.5722525119781494,0.047468576580286026,0.09169114381074905,0.6679836511611938,29968.093023255813
16266,4.0507001876831055,,,,,,,,,,29977.93023255814
16267,,8.0,,,,,,,,,29979.023255813954
16268,,,3.999999999999996,0.050699999999998614,0.0,,,,,,29980.116279069767
16277,4.050739765167236,,,,,,,,,,29989.95348837209
16278,,8.0,,,,,,,,,29991.04651162791
16279,,,3.999999999999996,0.05073999999999861,0.0,,,,,,29992.13953488372
16287,4.050779819488525,,,,,,,,,,30000.883720930233
16288,,8.0,,,,,,,,,30001.976744186046
16289,,,3.999999999999996,0.05077999999999861,0.0,,,,,,30003.06976744186
16296,4.0508198738098145,,,,,,,,,,30010.720930232557
16297,,8.0,,,,,,,,,30011.81395348837
16298,,,3.999999999999996,0.05081999999999861,0.0,,,,,,30012.906976744187
16303,,,,,,0.41323524713516235,0.5493847131729126,0.02815750613808632,0.09144112467765808,0.547059953212738,30018.444444444445
16319,4.0508599281311035,,,,,,,,,,30054.0
16320,,8.0,,,,,,,,,30056.222222222223
16321,,,3.999999999999996,0.05085999999999861,0.0,,,,,,30058.444444444445
16330,4.050899982452393,,,,,,,,,,30078.444444444445
16331,,8.0,,,,,,,,,30080.666666666668
16332,,,3.999999999999996,0.050899999999998606,0.0,,,,,,30082.88888888889
16343,4.050940036773682,,,,,,,,,,30107.333333333332
16344,,8.0,,,,,,,,,30109.555555555555
16345,,,3.999999999999996,0.050939999999998604,0.0,,,,,,30111.777777777777
16352,4.050980091094971,,,,,,,,,,30127.333333333332
16353,,8.0,,,,,,,,,30129.555555555555
16354,,,3.999999999999996,0.0509799999999986,0.0,,,,,,30131.777777777777
16358,,,,,,0.4107840657234192,0.5062551498413086,0.03139883279800415,0.09002408385276794,0.22083351016044617,30134.71153846154
16371,4.05102014541626,,,,,,,,,,30143.96153846154
16372,,8.0,,,,,,,,,30144.673076923078
16373,,,3.999999999999996,0.0510199999999986,0.0,,,,,,30145.384615384617
16382,4.051060199737549,,,,,,,,,,30151.78846153846
16383,,8.0,,,,,,,,,30152.5
16384,,,3.999999999999996,0.0510599999999986,0.0,,,,,,30153.21153846154
16394,4.05109977722168,,,,,,,,,,30160.326923076922
16395,,8.0,,,,,,,,,30161.03846153846
16396,,,3.999999999999996,0.0510999999999986,0.0,,,,,,30161.75
16406,4.051139831542969,,,,,,,,,,30168.865384615383
16407,,8.0,,,,,,,,,30169.576923076922
16408,,,3.999999999999996,0.051139999999998596,0.0,,,,,,30170.28846153846
16412,,,,,,0.4517543911933899,0.6106826663017273,0.028642814606428146,0.0952233225107193,0.717907726764679,30172.023255813954
16413,,,,,,0.4429382383823395,0.5684956312179565,0.010434670373797417,0.07907532155513763,0.6249144673347473,30173.04651162791
16419,4.051179885864258,,,,,,,,,,30179.18604651163
16420,,8.0,,,,,,,,,30180.20930232558
16421,,,3.999999999999996,0.051179999999998595,0.0,,,,,,30181.232558139534
16429,4.051219940185547,,,,,,,,,,30189.418604651164
16430,,8.0,,,,,,,,,30190.441860465115
16431,,,3.999999999999996,0.05121999999999859,0.0,,,,,,30191.46511627907
16440,4.051259994506836,,,,,,,,,,30200.674418604653
16441,,8.0,,,,,,,,,30201.697674418603
16442,,,3.999999999999996,0.05125999999999859,0.0,,,,,,30202.720930232557
16451,4.051300048828125,,,,,,,,,,30211.93023255814
16452,,8.0,,,,,,,,,30212.95348837209
16453,,,3.999999999999996,0.05129999999999859,0.0,,,,,,30213.976744186046
16461,,,,,,0.4463658630847931,0.5642446875572205,0.012279931455850601,0.07586497813463211,1.0075736045837402,30220.978260869564
16469,4.051340103149414,,,,,,,,,,30230.543478260868
16470,,8.0,,,,,,,,,30231.739130434784
16471,,,3.999999999999996,0.05133999999999859,0.0,,,,,,30232.934782608696
16478,4.051380157470703,,,,,,,,,,30241.304347826088
16479,,8.0,,,,,,,,,30242.5
16480,,,3.999999999999996,0.051379999999998587,0.0,,,,,,30243.695652173912
16490,4.051420211791992,,,,,,,,,,30255.652173913044
16491,,8.0,,,,,,,,,30256.847826086956
16492,,,3.999999999999996,0.051419999999998585,0.0,,,,,,30258.043478260868
16499,4.051459789276123,,,,,,,,,,30266.41304347826
16500,,8.0,,,,,,,,,30267.608695652172
16501,,,3.999999999999996,0.05145999999999858,0.0,,,,,,30268.804347826088
16506,,,,,,0.5768669247627258,0.7035258412361145,0.11215263605117798,0.18696379661560059,1.2921143770217896,30274.897959183672
16518,4.051499843597412,,,,,,,,,,30304.285714285714
16519,,8.0,,,,,,,,,30306.73469387755
16520,,,3.999999999999996,0.05149999999999858,0.0,,,,,,30309.183673469386
16529,4.051539897918701,,,,,,,,,,30331.224489795917
16530,,8.0,,,,,,,,,30333.673469387755
16531,,,3.999999999999996,0.05153999999999858,0.0,,,,,,30336.122448979593
16537,4.05157995223999,,,,,,,,,,30350.816326530614
16538,,8.0,,,,,,,,,30353.26530612245
16539,,,3.999999999999996,0.05157999999999858,0.0,,,,,,30355.714285714286
16550,4.051620006561279,,,,,,,,,,30382.65306122449
16551,,8.0,,,,,,,,,30385.102040816328
16552,,,3.999999999999996,0.05161999999999858,0.0,,,,,,30387.551020408162
16556,,,,,,0.45666956901550293,0.5494886040687561,0.016844497993588448,0.11475556343793869,0.7346227169036865,30392.18181818182
16563,4.051660060882568,,,,,,,,,,30407.454545454544
16564,,8.0,,,,,,,,,30409.636363636364
16565,,,3.999999999999996,0.051659999999998575,0.0,,,,,,30411.81818181818
16576,4.051700115203857,,,,,,,,,,30435.81818181818
16577,,8.0,,,,,,,,,30438.0
16578,,,3.999999999999996,0.051699999999998573,0.0,,,,,,30440.18181818182
16595,4.0517401695251465,,,,,,,,,,30477.272727272728
16596,,8.0,,,,,,,,,30479.454545454544
16597,,,3.999999999999996,0.05173999999999857,0.0,,,,,,30481.636363636364
16607,4.0517802238464355,,,,,,,,,,30503.454545454544
16608,,8.0,,,,,,,,,30505.636363636364
16609,,,3.999999999999996,0.05177999999999857,0.0,,,,,,30507.81818181818
16613,,,,,,0.41251203417778015,0.5533703565597534,0.038481004536151886,0.07248222082853317,0.7422263622283936,30510.78846153846
16624,4.051819801330566,,,,,,,,,,30519.46153846154
16625,,8.0,,,,,,,,,30520.25
16626,,,3.999999999999996,0.05181999999999857,0.0,,,,,,30521.03846153846
16640,4.0518598556518555,,,,,,,,,,30532.076923076922
16641,,8.0,,,,,,,,,30532.865384615383
16642,,,3.999999999999996,0.05185999999999857,0.0,,,,,,30533.653846153848
16651,4.0518999099731445,,,,,,,,,,30540.75
16652,,8.0,,,,,,,,,30541.53846153846
16653,,,3.999999999999996,0.051899999999998565,0.0,,,,,,30542.326923076922
16661,4.051939964294434,,,,,,,,,,30548.634615384617
16662,,8.0,,,,,,,,,30549.423076923078
16663,,,3.999999999999996,0.051939999999998564,0.0,,,,,,30550.21153846154
16669,,,,,,0.4865536093711853,0.6736934185028076,0.015093007124960423,0.09796512126922607,0.5664148330688477,30553.714285714286
16671,,,,,,0.3984870910644531,0.5515788197517395,0.025083167478442192,0.06943006813526154,0.36392760276794434,30555.52380952381
16678,4.051980018615723,,,,,,,,,,30561.85714285714
16679,,8.0,,,,,,,,,30562.761904761905
16680,,,3.999999999999996,0.05197999999999856,0.0,,,,,,30563.666666666668
16688,4.052020072937012,,,,,,,,,,30570.904761904763
16689,,8.0,,,,,,,,,30571.809523809523
16690,,,3.999999999999996,0.05201999999999856,0.0,,,,,,30572.714285714286
16698,4.052060127258301,,,,,,,,,,30579.95238095238
16699,,8.0,,,,,,,,,30580.85714285714
16700,,,3.999999999999996,0.05205999999999856,0.0,,,,,,30581.761904761905
16705,4.05210018157959,,,,,,,,,,30586.285714285714
16706,,8.0,,,,,,,,,30587.190476190477
16707,,,3.999999999999996,0.05209999999999856,0.0,,,,,,30588.095238095237
16711,,,,,,0.4788573384284973,0.6407778263092041,0.00689456844702363,0.07672304660081863,0.7867720723152161,30591.448979591838
16720,4.052140235900879,,,,,,,,,,30613.48979591837
16721,,8.0,,,,,,,,,30615.938775510203
16722,,,3.999999999999996,0.052139999999998556,0.0,,,,,,30618.38775510204
16734,4.05217981338501,,,,,,,,,,30647.775510204083
16735,,8.0,,,,,,,,,30650.224489795917
16736,,,3.999999999999996,0.052179999999998554,0.0,,,,,,30652.673469387755
16743,4.052219867706299,,,,,,,,,,30669.816326530614
16744,,8.0,,,,,,,,,30672.26530612245
16745,,,3.999999999999996,0.05221999999999855,0.0,,,,,,30674.714285714286
16756,4.052259922027588,,,,,,,,,,30701.65306122449
16757,,8.0,,,,,,,,,30704.102040816328
16758,,,3.999999999999996,0.05225999999999855,0.0,,,,,,30706.551020408162
16764,,,,,,0.48060646653175354,0.6237636804580688,0.05329803004860878,0.14449745416641235,1.0103530883789062,30713.60465116279
16774,4.052299976348877,,,,,,,,,,30728.95348837209
16775,,8.0,,,,,,,,,30730.488372093023
16776,,,3.999999999999996,0.05229999999999855,0.0,,,,,,30732.023255813954
16785,4.052340030670166,,,,,,,,,,30745.837209302324
16786,,8.0,,,,,,,,,30747.372093023256
16787,,,3.999999999999996,0.05233999999999855,0.0,,,,,,30748.906976744187
16796,4.052380084991455,,,,,,,,,,30762.720930232557
16797,,8.0,,,,,,,,,30764.25581395349
16798,,,3.999999999999996,0.052379999999998546,0.0,,,,,,30765.79069767442
16801,4.052420139312744,,,,,,,,,,30770.39534883721
16802,,8.0,,,,,,,,,30771.93023255814
16803,,,3.999999999999996,0.052419999999998544,0.0,,,,,,30773.46511627907
16808,,,,,,0.4660320580005646,0.5870187878608704,0.06308455765247345,0.12711842358112335,1.0623998641967773,30776.787234042553
16819,4.052460193634033,,,,,,,,,,30786.617021276597
16820,,8.0,,,,,,,,,30787.510638297874
16821,,,3.999999999999996,0.05245999999999854,0.0,,,,,,30788.40425531915
16831,4.052499771118164,,,,,,,,,,30797.340425531915
16832,,8.0,,,,,,,,,30798.23404255319
16833,,,3.999999999999996,0.05249999999999854,0.0,,,,,,30799.127659574468
16842,4.052539825439453,,,,,,,,,,30807.17021276596
16843,,8.0,,,,,,,,,30808.063829787236
16844,,,3.999999999999996,0.05253999999999854,0.0,,,,,,30808.957446808512
16850,4.052579879760742,,,,,,,,,,30814.31914893617
16851,,8.0,,,,,,,,,30815.212765957447
16852,,,3.999999999999996,0.05257999999999854,0.0,,,,,,30816.106382978724
16856,,,,,,0.4318079650402069,0.615112841129303,0.02542945370078087,0.08932981640100479,0.46267154812812805,30819.55319148936
16870,4.052619934082031,,,,,,,,,,30855.297872340427
16871,,8.0,,,,,,,,,30857.85106382979
16872,,,3.999999999999996,0.052619999999998536,0.0,,,,,,30860.40425531915
16880,4.05265998840332,,,,,,,,,,30880.82978723404
16881,,8.0,,,,,,,,,30883.382978723403
16882,,,3.999999999999996,0.052659999999998534,0.0,,,,,,30885.936170212764
16889,4.052700042724609,,,,,,,,,,30903.808510638297
16890,,8.0,,,,,,,,,30906.36170212766
16891,,,3.999999999999996,0.05269999999999853,0.0,,,,,,30908.91489361702
16899,4.052740097045898,,,,,,,,,,30929.340425531915
16900,,8.0,,,,,,,,,30931.893617021276
16901,,,3.999999999999996,0.05273999999999853,0.0,,,,,,30934.44680851064
16905,,,,,,0.4803100526332855,0.6044577360153198,0.05101177468895912,0.09788012504577637,0.5782794952392578,30937.782608695652
16907,,,,,,0.45496079325675964,0.6042805910110474,0.05896856635808945,0.09919646382331848,0.41698384284973145,30939.347826086956
16916,4.0527801513671875,,,,,,,,,,30946.391304347828
16917,,8.0,,,,,,,,,30947.17391304348
16918,,,3.999999999999996,0.05277999999999853,0.0,,,,,,30947.956521739132
16929,4.052820205688477,,,,,,,,,,30956.565217391304
16930,,8.0,,,,,,,,,30957.347826086956
16931,,,3.999999999999996,0.05281999999999853,0.0,,,,,,30958.130434782608
16936,4.052859783172607,,,,,,,,,,30962.043478260868
16937,,8.0,,,,,,,,,30962.82608695652
16938,,,3.999999999999996,0.052859999999998526,0.0,,,,,,30963.608695652172
16947,4.0528998374938965,,,,,,,,,,30970.652173913044
16948,,8.0,,,,,,,,,30971.434782608696
16949,,,3.999999999999996,0.052899999999998525,0.0,,,,,,30972.217391304348
16955,,,,,,0.4855659604072571,0.6539537906646729,0.0395725779235363,0.10734845697879791,0.8000713586807251,30974.846153846152
16969,4.0529398918151855,,,,,,,,,,30983.46153846154
16970,,8.0,,,,,,,,,30984.076923076922
16971,,,3.999999999999996,0.05293999999999852,0.0,,,,,,30984.69230769231
16981,4.052979946136475,,,,,,,,,,30990.846153846152
16982,,8.0,,,,,,,,,30991.46153846154
16983,,,3.999999999999996,0.05297999999999852,0.0,,,,,,30992.076923076922
16989,4.053020000457764,,,,,,,,,,30995.76923076923
16990,,8.0,,,,,,,,,30996.384615384617
16991,,,3.999999999999996,0.05301999999999852,0.0,,,,,,30997.0
17001,4.053060054779053,,,,,,,,,,31003.153846153848
17002,,8.0,,,,,,,,,31003.76923076923
17003,,,3.999999999999996,0.05305999999999852,0.0,,,,,,31004.384615384617
17009,,,,,,0.46466922760009766,0.5529223084449768,0.0175518486648798,0.09014450013637543,0.8225289583206177,31011.923076923078
17017,4.053100109100342,,,,,,,,,,31030.384615384617
17018,,8.0,,,,,,,,,31032.69230769231
17019,,,3.999999999999996,0.053099999999998516,0.0,,,,,,31035.0
17029,4.053140163421631,,,,,,,,,,31058.076923076922
17030,,8.0,,,,,,,,,31060.384615384617
17031,,,3.999999999999996,0.053139999999998515,0.0,,,,,,31062.69230769231
17043,4.05318021774292,,,,,,,,,,31090.384615384617
17044,,8.0,,,,,,,,,31092.69230769231
17045,,,3.999999999999996,0.05317999999999851,0.0,,,,,,31095.0
17055,4.053219795227051,,,,,,,,,,31118.076923076922
17056,,8.0,,,,,,,,,31120.384615384617
17057,,,3.999999999999996,0.05321999999999851,0.0,,,,,,31122.69230769231
17064,,,,,,0.43808513879776,0.5614005327224731,0.07770614326000214,0.13425131142139435,0.8548601269721985,31129.0
17076,4.05325984954834,,,,,,,,,,31141.0
17077,,8.0,,,,,,,,,31142.0
17078,,,3.999999999999996,0.05325999999999851,0.0,,,,,,31143.0
17089,4.053299903869629,,,,,,,,,,31154.0
17090,,8.0,,,,,,,,,31155.0
17091,,,3.999999999999996,0.05329999999999851,0.0,,,,,,31156.0
17096,4.053339958190918,,,,,,,,,,31161.0
17097,,8.0,,,,,,,,,31162.0
17098,,,3.999999999999996,0.05333999999999851,0.0,,,,,,31163.0
17105,4.053380012512207,,,,,,,,,,31170.0
17106,,8.0,,,,,,,,,31171.0
17107,,,3.999999999999996,0.053379999999998505,0.0,,,,,,31172.0
17113,,,,,,0.4391525983810425,0.5889067053794861,0.03441586717963219,0.1468348205089569,0.7963278293609619,31180.82608695652
17123,4.053420066833496,,,,,,,,,,31206.91304347826
17124,,8.0,,,,,,,,,31209.521739130436
17125,,,3.999999999999996,0.0534199999999985,0.0,,,,,,31212.130434782608
17134,4.053460121154785,,,,,,,,,,31235.608695652172
17135,,8.0,,,,,,,,,31238.217391304348
17136,,,3.999999999999996,0.0534599999999985,0.0,,,,,,31240.82608695652
17144,4.053500175476074,,,,,,,,,,31261.695652173912
17145,,8.0,,,,,,,,,31264.304347826088
17146,,,3.999999999999996,0.0534999999999985,0.0,,,,,,31266.91304347826
17153,4.053540229797363,,,,,,,,,,31285.17391304348
17154,,8.0,,,,,,,,,31287.782608695652
17155,,,3.999999999999996,0.0535399999999985,0.0,,,,,,31290.391304347828
17159,,,,,,0.4315325617790222,0.49712616205215454,0.05225664749741554,0.10427211970090866,0.594190776348114,31295.926829268294
17161,,,,,,0.4309644401073456,0.5969336032867432,0.03139939904212952,0.11275233328342438,0.35748836398124695,31301.780487804877
17171,4.053579807281494,,,,,,,,,,31331.048780487807
17172,,8.0,,,,,,,,,31333.975609756097
17173,,,3.999999999999996,0.0535799999999985,0.0,,,,,,31336.90243902439
17182,4.053619861602783,,,,,,,,,,31363.243902439026
17183,,8.0,,,,,,,,,31366.170731707316
17184,,,3.999999999999996,0.053619999999998495,0.0,,,,,,31369.09756097561
17188,4.053659915924072,,,,,,,,,,31380.80487804878
17189,,8.0,,,,,,,,,31383.731707317074
17190,,,3.999999999999996,0.053659999999998494,0.0,,,,,,31386.658536585364
17196,4.053699970245361,,,,,,,,,,31404.219512195123
17197,,8.0,,,,,,,,,31407.146341463416
17198,,,3.999999999999996,0.05369999999999849,0.0,,,,,,31410.073170731706
17204,,,,,,0.3907438814640045,0.49884799122810364,0.056253690272569656,0.13828144967556,0.4500713050365448,31415.17021276596
17211,4.05374002456665,,,,,,,,,,31420.23404255319
17212,,8.0,,,,,,,,,31420.957446808512
17213,,,3.999999999999996,0.05373999999999849,0.0,,,,,,31421.68085106383
17221,4.0537800788879395,,,,,,,,,,31427.468085106382
17222,,8.0,,,,,,,,,31428.191489361703
17223,,,3.999999999999996,0.05377999999999849,0.0,,,,,,31428.91489361702
17233,4.0538201332092285,,,,,,,,,,31436.14893617021
17234,,8.0,,,,,,,,,31436.872340425532
17235,,,3.999999999999996,0.05381999999999849,0.0,,,,,,31437.59574468085
17245,4.053860187530518,,,,,,,,,,31444.82978723404
17246,,8.0,,,,,,,,,31445.55319148936
17247,,,3.999999999999996,0.053859999999998485,0.0,,,,,,31446.27659574468
17253,,,,,,0.4491317868232727,0.5884547829627991,0.03851272538304329,0.13280656933784485,0.2381928265094757,31449.877551020407
17266,4.053899765014648,,,,,,,,,,31462.34693877551
17267,,8.0,,,,,,,,,31463.30612244898
17268,,,3.999999999999996,0.053899999999998484,0.0,,,,,,31464.26530612245
17276,4.0539398193359375,,,,,,,,,,31471.938775510203
17277,,8.0,,,,,,,,,31472.897959183672
17278,,,3.999999999999996,0.05393999999999848,0.0,,,,,,31473.85714285714
17284,4.053979873657227,,,,,,,,,,31479.61224489796
17285,,8.0,,,,,,,,,31480.571428571428
17286,,,3.999999999999996,0.05397999999999848,0.0,,,,,,31481.530612244896
17296,4.054019927978516,,,,,,,,,,31491.122448979593
17297,,8.0,,,,,,,,,31492.081632653062
17298,,,3.999999999999996,0.05401999999999848,0.0,,,,,,31493.04081632653
17302,,,,,,0.4161551296710968,0.524004340171814,0.05779800936579704,0.105710968375206,-0.1354272961616516,31495.02
17314,4.054059982299805,,,,,,,,,,31507.26
17315,,8.0,,,,,,,,,31508.28
17316,,,3.999999999999996,0.05405999999999848,0.0,,,,,,31509.3
17328,4.054100036621094,,,,,,,,,,31521.54
17329,,8.0,,,,,,,,,31522.56
17330,,,3.999999999999996,0.054099999999998476,0.0,,,,,,31523.58
17336,4.054140090942383,,,,,,,,,,31529.7
17337,,8.0,,,,,,,,,31530.72
17338,,,3.999999999999996,0.054139999999998474,0.0,,,,,,31531.74
17348,4.054180145263672,,,,,,,,,,31541.94
17349,,8.0,,,,,,,,,31542.96
17350,,,3.999999999999996,0.05417999999999847,0.0,,,,,,31543.98
17354,,,,,,0.40206605195999146,0.5106170177459717,0.03062773309648037,0.08415240049362183,-0.0853390097618103,31547.55319148936
17365,4.054220199584961,,,,,,,,,,31575.63829787234
17366,,8.0,,,,,,,,,31578.191489361703
17367,,,3.999999999999996,0.05421999999999847,0.0,,,,,,31580.744680851065
17376,4.054259777069092,,,,,,,,,,31603.72340425532
17377,,8.0,,,,,,,,,31606.27659574468
17378,,,3.999999999999996,0.05425999999999847,0.0,,,,,,31608.82978723404
17387,4.054299831390381,,,,,,,,,,31631.808510638297
17388,,8.0,,,,,,,,,31634.36170212766
17389,,,3.999999999999996,0.05429999999999847,0.0,,,,,,31636.91489361702
17397,4.05433988571167,,,,,,,,,,31657.340425531915
17398,,8.0,,,,,,,,,31659.893617021276
17399,,,3.999999999999996,0.054339999999998466,0.0,,,,,,31662.44680851064
17403,,,,,,0.49308571219444275,0.5948271155357361,0.021307170391082764,0.10075614601373672,0.6784703731536865,31667.30769230769
17409,,,,,,0.43802765011787415,0.5910045504570007,0.03450425714254379,0.12071087211370468,0.552502453327179,31681.153846153848
17417,4.054379940032959,,,,,,,,,,31699.615384615383
17418,,8.0,,,,,,,,,31701.923076923078
17419,,,3.999999999999996,0.054379999999998464,0.0,,,,,,31704.23076923077
17427,4.054419994354248,,,,,,,,,,31722.69230769231
17428,,8.0,,,,,,,,,31725.0
17429,,,3.999999999999996,0.05441999999999846,0.0,,,,,,31727.30769230769
17439,4.054460048675537,,,,,,,,,,31750.384615384617
17440,,8.0,,,,,,,,,31752.69230769231
17441,,,3.999999999999996,0.05445999999999846,0.0,,,,,,31755.0
17451,4.054500102996826,,,,,,,,,,31778.076923076922
17452,,8.0,,,,,,,,,31780.384615384617
17453,,,3.999999999999996,0.05449999999999846,0.0,,,,,,31782.69230769231
17461,,,,,,0.4999677240848541,0.604368269443512,0.03575221076607704,0.11573105305433273,0.6898809671401978,31788.91304347826
17471,4.054540157318115,,,,,,,,,,31796.739130434784
17472,,8.0,,,,,,,,,31797.521739130436
17473,,,3.999999999999996,0.05453999999999846,0.0,,,,,,31798.304347826088
17478,4.054580211639404,,,,,,,,,,31802.217391304348
17479,,8.0,,,,,,,,,31803.0
17480,,,3.999999999999996,0.054579999999998456,0.0,,,,,,31803.782608695652
17488,4.054619789123535,,,,,,,,,,31810.043478260868
17489,,8.0,,,,,,,,,31810.82608695652
17490,,,3.999999999999996,0.054619999999998455,0.0,,,,,,31811.608695652172
17499,4.054659843444824,,,,,,,,,,31818.652173913044
17500,,8.0,,,,,,,,,31819.434782608696
17501,,,3.999999999999996,0.05465999999999845,0.0,,,,,,31820.217391304348
17505,,,,,,0.4285637140274048,0.5741791129112244,-0.00737266568467021,0.11510013043880463,0.5511889457702637,31823.4
17521,4.054699897766113,,,,,,,,,,31861.8
17522,,8.0,,,,,,,,,31864.2
17523,,,3.999999999999996,0.05469999999999845,0.0,,,,,,31866.6
17533,4.054739952087402,,,,,,,,,,31890.6
17534,,8.0,,,,,,,,,31893.0
17535,,,3.999999999999996,0.05473999999999845,0.0,,,,,,31895.4
17543,4.054780006408691,,,,,,,,,,31914.6
17544,,8.0,,,,,,,,,31917.0
17545,,,3.999999999999996,0.05477999999999845,0.0,,,,,,31919.4
17551,4.0548200607299805,,,,,,,,,,31933.8
17552,,8.0,,,,,,,,,31936.2
17553,,,3.999999999999996,0.054819999999998446,0.0,,,,,,31938.6
17558,,,,,,0.45249509811401367,0.5827074646949768,0.02899167872965336,0.18404798209667206,0.5024747252464294,31943.117647058825
17571,4.0548601150512695,,,,,,,,,,31956.882352941175
17572,,8.0,,,,,,,,,31957.941176470587
17573,,,3.999999999999996,0.054859999999998445,0.0,,,,,,31959.0
17582,4.054900169372559,,,,,,,,,,31968.529411764706
17583,,8.0,,,,,,,,,31969.58823529412
17584,,,3.999999999999996,0.05489999999999844,0.0,,,,,,31970.647058823528
17593,4.054940223693848,,,,,,,,,,31980.176470588234
17594,,8.0,,,,,,,,,31981.235294117647
17595,,,3.999999999999996,0.05493999999999844,0.0,,,,,,31982.29411764706
17604,4.0549798011779785,,,,,,,,,,31991.823529411766
17605,,8.0,,,,,,,,,31992.882352941175
17606,,,3.999999999999996,0.05497999999999844,0.0,,,,,,31993.941176470587
17610,,,,,,0.3474409580230713,0.49076583981513977,0.018613168969750404,0.08116329461336136,0.2994690239429474,31996.3125
17625,4.055019855499268,,,,,,,,,,32016.0
17626,,8.0,,,,,,,,,32017.3125
17627,,,3.999999999999996,0.05501999999999844,0.0,,,,,,32018.625
17635,4.055059909820557,,,,,,,,,,32029.125
17636,,8.0,,,,,,,,,32030.4375
17637,,,3.999999999999996,0.05505999999999844,0.0,,,,,,32031.75
17644,4.055099964141846,,,,,,,,,,32040.9375
17645,,8.0,,,,,,,,,32042.25
17646,,,3.999999999999996,0.055099999999998435,0.0,,,,,,32043.5625
17654,4.055140018463135,,,,,,,,,,32054.0625
17655,,8.0,,,,,,,,,32055.375
17656,,,3.999999999999996,0.05513999999999843,0.0,,,,,,32056.6875
17660,,,,,,0.45567020773887634,0.6058768033981323,0.08327441662549973,0.18433961272239685,1.3293752670288086,32060.448979591838
17663,,,,,,0.5209025740623474,0.6792213320732117,0.02800655923783779,0.17924436926841736,1.6339271068572998,32067.79591836735
17671,4.055180072784424,,,,,,,,,,32087.38775510204
17672,,8.0,,,,,,,,,32089.836734693876
17673,,,3.999999999999996,0.05517999999999843,0.0,,,,,,32092.285714285714
17683,4.055220127105713,,,,,,,,,,32116.775510204083
17684,,8.0,,,,,,,,,32119.224489795917
17685,,,3.999999999999996,0.05521999999999843,0.0,,,,,,32121.673469387755
17693,4.055260181427002,,,,,,,,,,32141.26530612245
17694,,8.0,,,,,,,,,32143.714285714286
17695,,,3.999999999999996,0.05525999999999843,0.0,,,,,,32146.163265306124
17705,4.055300235748291,,,,,,,,,,32170.65306122449
17706,,8.0,,,,,,,,,32173.102040816328
17707,,,3.999999999999996,0.05529999999999843,0.0,,,,,,32175.551020408162
17714,,,,,,0.45762112736701965,0.5977334380149841,0.03561178222298622,0.16293999552726746,1.53615140914917,32180.962962962964
17724,4.055339813232422,,,,,,,,,,32188.37037037037
17725,,8.0,,,,,,,,,32189.11111111111
17726,,,3.999999999999996,0.055339999999998425,0.0,,,,,,32189.85185185185
17736,4.055379867553711,,,,,,,,,,32197.25925925926
17737,,8.0,,,,,,,,,32198.0
17738,,,3.999999999999996,0.055379999999998424,0.0,,,,,,32198.74074074074
17749,4.055419921875,,,,,,,,,,32206.88888888889
17750,,8.0,,,,,,,,,32207.62962962963
17751,,,3.999999999999996,0.05541999999999842,0.0,,,,,,32208.37037037037
17761,4.055459976196289,,,,,,,,,,32215.777777777777
17762,,8.0,,,,,,,,,32216.51851851852
17763,,,3.999999999999996,0.05545999999999842,0.0,,,,,,32217.25925925926
17771,,,,,,0.4461739957332611,0.6195095777511597,0.01319414284080267,0.07148156315088272,0.9391481280326843,32228.169491525423
17782,4.055500030517578,,,,,,,,,,32250.542372881355
17783,,8.0,,,,,,,,,32252.57627118644
17784,,,3.999999999999996,0.05549999999999842,0.0,,,,,,32254.610169491527
17792,4.055540084838867,,,,,,,,,,32270.881355932204
17793,,8.0,,,,,,,,,32272.915254237287
17794,,,3.999999999999996,0.05553999999999842,0.0,,,,,,32274.949152542373
17806,4.055580139160156,,,,,,,,,,32299.35593220339
17807,,8.0,,,,,,,,,32301.389830508473
17808,,,3.999999999999996,0.055579999999998415,0.0,,,,,,32303.42372881356
17822,4.055620193481445,,,,,,,,,,32331.898305084746
17823,,8.0,,,,,,,,,32333.93220338983
17824,,,3.999999999999996,0.055619999999998414,0.0,,,,,,32335.966101694914
17830,,,,,,0.44716498255729675,0.5532506108283997,0.025730367749929428,0.08248189836740494,0.9758735299110413,32344.666666666668
17842,4.055659770965576,,,,,,,,,,32371.333333333332
17843,,8.0,,,,,,,,,32373.555555555555
17844,,,3.999999999999996,0.05565999999999841,0.0,,,,,,32375.777777777777
17854,4.055699825286865,,,,,,,,,,32398.0
17855,,8.0,,,,,,,,,32400.222222222223
17856,,,3.999999999999996,0.05569999999999841,0.0,,,,,,32402.444444444445
17865,4.055739879608154,,,,,,,,,,32422.444444444445
17866,,8.0,,,,,,,,,32424.666666666668
17867,,,3.999999999999996,0.05573999999999841,0.0,,,,,,32426.88888888889
17878,4.055779933929443,,,,,,,,,,32451.333333333332
17879,,8.0,,,,,,,,,32453.555555555555
17880,,,3.999999999999996,0.05577999999999841,0.0,,,,,,32455.777777777777
17885,,,,,,0.47123563289642334,0.5946340560913086,0.03189695253968239,0.08607620745897293,0.9337966442108154,32459.739130434784
17895,4.055819988250732,,,,,,,,,,32468.434782608696
17896,,8.0,,,,,,,,,32469.304347826088
17897,,,3.999999999999996,0.055819999999998406,0.0,,,,,,32470.17391304348
17904,4.0558600425720215,,,,,,,,,,32476.260869565216
17905,,8.0,,,,,,,,,32477.130434782608
17906,,,3.999999999999996,0.055859999999998404,0.0,,,,,,32478.0
17912,4.0559000968933105,,,,,,,,,,32483.217391304348
17913,,8.0,,,,,,,,,32484.08695652174
17914,,,3.999999999999996,0.0558999999999984,0.0,,,,,,32484.956521739132
17926,4.0559401512146,,,,,,,,,,32495.391304347828
17927,,8.0,,,,,,,,,32496.260869565216
17928,,,3.999999999999996,0.0559399999999984,0.0,,,,,,32497.130434782608
17932,,,,,,0.42593663930892944,0.5995402932167053,0.012077958323061466,0.09088310599327087,1.280625343322754,32500.55319148936
17937,,,,,,0.3862903118133545,0.5175232887268066,0.021219266578555107,0.0661153718829155,0.9990100860595703,32513.31914893617
17944,4.055980205535889,,,,,,,,,,32531.191489361703
17945,,8.0,,,,,,,,,32533.744680851065
17946,,,3.999999999999996,0.0559799999999984,0.0,,,,,,32536.297872340427
17951,4.0560197830200195,,,,,,,,,,32549.063829787236
17952,,8.0,,,,,,,,,32551.617021276597
17953,,,3.999999999999996,0.0560199999999984,0.0,,,,,,32554.17021276596
17963,4.056059837341309,,,,,,,,,,32579.702127659573
17964,,8.0,,,,,,,,,32582.255319148935
17965,,,3.999999999999996,0.056059999999998396,0.0,,,,,,32584.808510638297
17975,4.056099891662598,,,,,,,,,,32610.340425531915
17976,,8.0,,,,,,,,,32612.893617021276
17977,,,3.999999999999996,0.056099999999998394,0.0,,,,,,32615.44680851064
17983,,,,,,0.408402681350708,0.4990607798099518,0.03967828303575516,0.11047190427780151,1.2074350118637085,32625.2
17994,4.056139945983887,,,,,,,,,,32651.6
17995,,8.0,,,,,,,,,32654.0
17996,,,3.999999999999996,0.05613999999999839,0.0,,,,,,32656.4
18006,4.056180000305176,,,,,,,,,,32680.4
18007,,8.0,,,,,,,,,32682.8
18008,,,3.999999999999996,0.05617999999999839,0.0,,,,,,32685.2
18014,4.056220054626465,,,,,,,,,,32699.6
18015,,8.0,,,,,,,,,32702.0
18016,,,3.999999999999996,0.05621999999999839,0.0,,,,,,32704.4
18027,4.056260108947754,,,,,,,,,,32730.8
18028,,8.0,,,,,,,,,32733.2
18029,,,3.999999999999996,0.05625999999999839,0.0,,,,,,32735.6
18034,,,,,,0.4430057108402252,0.5675190091133118,0.032197270542383194,0.10871300846338272,1.7003095149993896,32742.285714285714
18047,4.056300163269043,,,,,,,,,,32770.142857142855
18048,,8.0,,,,,,,,,32772.28571428572
18049,,,3.999999999999996,0.056299999999998386,0.0,,,,,,32774.42857142857
18060,4.056340217590332,,,,,,,,,,32798.0
18061,,8.0,,,,,,,,,32800.142857142855
18062,,,3.999999999999996,0.056339999999998384,0.0,,,,,,32802.28571428572
18069,4.056379795074463,,,,,,,,,,32817.28571428572
18070,,8.0,,,,,,,,,32819.42857142857
18071,,,3.999999999999996,0.05637999999999838,0.0,,,,,,32821.57142857143
18085,4.056419849395752,,,,,,,,,,32851.57142857143
18086,,8.0,,,,,,,,,32853.71428571428
18087,,,3.999999999999996,0.05641999999999838,0.0,,,,,,32855.857142857145
18092,,,,,,0.4013737738132477,0.560393214225769,0.03639966621994972,0.08337895572185516,0.9386884570121765,32863.85365853659
18104,4.056459903717041,,,,,,,,,,32898.9756097561
18105,,8.0,,,,,,,,,32901.90243902439
18106,,,3.999999999999996,0.05645999999999838,0.0,,,,,,32904.829268292684
18111,4.05649995803833,,,,,,,,,,32919.46341463415
18112,,8.0,,,,,,,,,32922.39024390244
18113,,,3.999999999999996,0.05649999999999838,0.0,,,,,,32925.31707317073
18119,4.056540012359619,,,,,,,,,,32942.87804878049
18120,,8.0,,,,,,,,,32945.80487804878
18121,,,3.999999999999996,0.056539999999998376,0.0,,,,,,32948.73170731707
18128,4.056580066680908,,,,,,,,,,32969.21951219512
18129,,8.0,,,,,,,,,32972.14634146341
18130,,,3.999999999999996,0.056579999999998375,0.0,,,,,,32975.07317073171
18136,,,,,,0.37030038237571716,0.4902159571647644,0.00700205797329545,0.06021377071738243,0.7392511367797852,32985.05882352941
18147,4.056620121002197,,,,,,,,,,33010.94117647059
18148,,8.0,,,,,,,,,33013.294117647056
18149,,,3.999999999999996,0.05661999999999837,0.0,,,,,,33015.64705882353
18157,4.056660175323486,,,,,,,,,,33034.470588235294
18158,,8.0,,,,,,,,,33036.82352941176
18159,,,3.999999999999996,0.05665999999999837,0.0,,,,,,33039.17647058824
18167,4.056700229644775,,,,,,,,,,33058.0
18168,,8.0,,,,,,,,,33060.35294117647
18169,,,3.999999999999996,0.05669999999999837,0.0,,,,,,33062.705882352944
18181,4.056739807128906,,,,,,,,,,33090.94117647059
18182,,8.0,,,,,,,,,33093.294117647056
18183,,,3.999999999999996,0.05673999999999837,0.0,,,,,,33095.64705882353
18187,,,,,,0.3670215606689453,0.5129501223564148,0.035189442336559296,0.08612651377916336,0.5958127975463867,33100.608695652176
18190,,,,,,0.3885563910007477,0.47820279002189636,0.0311212670058012,0.09708763659000397,0.7327832579612732,33108.434782608696
18197,4.056779861450195,,,,,,,,,,33126.69565217391
18198,,8.0,,,,,,,,,33129.30434782609
18199,,,3.999999999999996,0.056779999999998366,0.0,,,,,,33131.913043478264
18206,4.056819915771484,,,,,,,,,,33150.17391304348
18207,,8.0,,,,,,,,,33152.782608695656
18208,,,3.999999999999996,0.056819999999998365,0.0,,,,,,33155.391304347824
18215,4.056859970092773,,,,,,,,,,33173.65217391304
18216,,8.0,,,,,,,,,33176.260869565216
18217,,,3.999999999999996,0.05685999999999836,0.0,,,,,,33178.86956521739
18229,4.0569000244140625,,,,,,,,,,33210.17391304348
18230,,8.0,,,,,,,,,33212.782608695656
18231,,,3.999999999999996,0.05689999999999836,0.0,,,,,,33215.391304347824
18242,,,,,,0.33471569418907166,0.5131354928016663,0.024212077260017395,0.0769527405500412,0.5252233147621155,33234.84210526316
18252,4.056940078735352,,,,,,,,,,33255.89473684211
18253,,8.0,,,,,,,,,33258.0
18254,,,3.999999999999996,0.05693999999999836,0.0,,,,,,33260.10526315789
18265,4.056980133056641,,,,,,,,,,33283.26315789474
18266,,8.0,,,,,,,,,33285.36842105263
18267,,,3.999999999999996,0.05697999999999836,0.0,,,,,,33287.47368421053
18277,4.05702018737793,,,,,,,,,,33308.52631578947
18278,,8.0,,,,,,,,,33310.63157894737
18279,,,3.999999999999996,0.05701999999999836,0.0,,,,,,33312.73684210526
18288,4.0570597648620605,,,,,,,,,,33331.68421052631
18289,,8.0,,,,,,,,,33333.78947368421
18290,,,3.999999999999996,0.057059999999998355,0.0,,,,,,33335.89473684211
18296,,,,,,0.44542157649993896,0.597139298915863,0.0292794331908226,0.07389303296804428,0.7722916007041931,33347.0
18303,4.05709981918335,,,,,,,,,,33368.0
18304,,8.0,,,,,,,,,33371.0
18305,,,3.999999999999996,0.05709999999999835,0.0,,,,,,33374.0
18310,4.057139873504639,,,,,,,,,,33389.0
18311,,8.0,,,,,,,,,33392.0
18312,,,3.999999999999996,0.05713999999999835,0.0,,,,,,33395.0
18321,4.057179927825928,,,,,,,,,,33422.0
18322,,8.0,,,,,,,,,33425.0
18323,,,3.999999999999996,0.05717999999999835,0.0,,,,,,33428.0
18330,4.057219982147217,,,,,,,,,,33449.0
18331,,8.0,,,,,,,,,33452.0
18332,,,3.999999999999996,0.05721999999999835,0.0,,,,,,33455.0
18337,,,,,,0.38283491134643555,0.5163268446922302,0.005121811758726835,0.045535434037446976,0.5448294281959534,33463.333333333336
18350,4.057260036468506,,,,,,,,,,33498.0
18351,,8.0,,,,,,,,,33500.666666666664
18352,,,3.999999999999996,0.05725999999999835,0.0,,,,,,33503.333333333336
18361,4.057300090789795,,,,,,,,,,33527.333333333336
18362,,8.0,,,,,,,,,33530.0
18363,,,3.999999999999996,0.057299999999998345,0.0,,,,,,33532.666666666664
18369,4.057340145111084,,,,,,,,,,33548.666666666664
18370,,8.0,,,,,,,,,33551.333333333336
18371,,,3.999999999999996,0.057339999999998344,0.0,,,,,,33554.0
18377,4.057380199432373,,,,,,,,,,33570.0
18378,,8.0,,,,,,,,,33572.666666666664
18379,,,3.999999999999996,0.05737999999999834,0.0,,,,,,33575.333333333336
18383,,,,,,0.4822324812412262,0.5836223363876343,0.04418382793664932,0.1256212294101715,1.3519214391708374,33580.35294117647
18393,4.057419776916504,,,,,,,,,,33603.882352941175
18394,,8.0,,,,,,,,,33606.23529411765
18395,,,3.999999999999996,0.05741999999999834,0.0,,,,,,33608.58823529412
18405,4.057459831237793,,,,,,,,,,33632.117647058825
18406,,8.0,,,,,,,,,33634.470588235294
18407,,,3.999999999999996,0.05745999999999834,0.0,,,,,,33636.82352941176
18415,4.057499885559082,,,,,,,,,,33655.64705882353
18416,,8.0,,,,,,,,,33658.0
18417,,,3.999999999999996,0.05749999999999834,0.0,,,,,,33660.35294117647
18430,4.057539939880371,,,,,,,,,,33690.94117647059
18431,,8.0,,,,,,,,,33693.294117647056
18432,,,3.999999999999996,0.057539999999998336,0.0,,,,,,33695.64705882353
18436,,,,,,0.48141053318977356,0.6049465537071228,0.02782338112592697,0.0716060996055603,0.6574345827102661,33700.181818181816
18439,,,,,,0.4133683443069458,0.5008185505867004,0.022065656259655952,0.06656953692436218,0.590955913066864,33706.72727272727
18452,4.05757999420166,,,,,,,,,,33735.09090909091
18453,,8.0,,,,,,,,,33737.27272727273
18454,,,3.999999999999996,0.057579999999998334,0.0,,,,,,33739.454545454544
18467,4.057620048522949,,,,,,,,,,33767.818181818184
18468,,8.0,,,,,,,,,33770.0
18469,,,3.999999999999996,0.05761999999999833,0.0,,,,,,33772.181818181816
18475,4.057660102844238,,,,,,,,,,33785.27272727273
18476,,8.0,,,,,,,,,33787.454545454544
18477,,,3.999999999999996,0.05765999999999833,0.0,,,,,,33789.63636363636
18487,4.057700157165527,,,,,,,,,,33811.454545454544
18488,,8.0,,,,,,,,,33813.63636363636
18489,,,3.999999999999996,0.05769999999999833,0.0,,,,,,33815.818181818184
18496,,,,,,0.4009939730167389,0.49833571910858154,0.05427325889468193,0.08822347968816757,0.6149023175239563,33822.186046511626
18501,4.057740211486816,,,,,,,,,,33827.41860465116
18502,,8.0,,,,,,,,,33828.46511627907
18503,,,3.999999999999996,0.05773999999999833,0.0,,,,,,33829.51162790698
18512,4.057779788970947,,,,,,,,,,33838.93023255814
18513,,8.0,,,,,,,,,33839.976744186046
18514,,,3.999999999999996,0.057779999999998326,0.0,,,,,,33841.023255813954
18520,4.057819843292236,,,,,,,,,,33847.3023255814
18521,,8.0,,,,,,,,,33848.348837209305
18522,,,3.999999999999996,0.057819999999998324,0.0,,,,,,33849.395348837206
18532,4.057859897613525,,,,,,,,,,33859.86046511628
18533,,8.0,,,,,,,,,33860.90697674418
18534,,,3.999999999999996,0.05785999999999832,0.0,,,,,,33861.95348837209
18538,,,,,,0.3769737184047699,0.49055251479148865,0.04250524193048477,0.08205095678567886,0.5657260417938232,33863.83928571428
18547,4.0578999519348145,,,,,,,,,,33871.392857142855
18548,,8.0,,,,,,,,,33872.232142857145
18549,,,3.999999999999996,0.05789999999999832,0.0,,,,,,33873.07142857143
18563,4.0579400062561035,,,,,,,,,,33884.82142857143
18564,,8.0,,,,,,,,,33885.66071428572
18565,,,3.999999999999996,0.05793999999999832,0.0,,,,,,33886.5
18577,4.057980060577393,,,,,,,,,,33896.57142857143
18578,,8.0,,,,,,,,,33897.41071428572
18579,,,3.999999999999996,0.05797999999999832,0.0,,,,,,33898.25
18590,4.058020114898682,,,,,,,,,,33907.482142857145
18591,,8.0,,,,,,,,,33908.32142857143
18592,,,3.999999999999996,0.058019999999998316,0.0,,,,,,33909.16071428572
18597,,,,,,0.4399738013744354,0.5356612205505371,0.027364522218704224,0.09196078032255173,0.632403552532196,33914.897959183676
18605,4.058060169219971,,,,,,,,,,33934.489795918365
18606,,8.0,,,,,,,,,33936.93877551021
18607,,,3.999999999999996,0.058059999999998314,0.0,,,,,,33939.38775510204
18617,4.05810022354126,,,,,,,,,,33963.87755102041
18618,,8.0,,,,,,,,,33966.32653061225
18619,,,3.999999999999996,0.05809999999999831,0.0,,,,,,33968.77551020408
18628,4.058139801025391,,,,,,,,,,33990.816326530614
18629,,8.0,,,,,,,,,33993.26530612245
18630,,,3.999999999999996,0.05813999999999831,0.0,,,,,,33995.71428571428
18641,4.05817985534668,,,,,,,,,,34022.65306122449
18642,,8.0,,,,,,,,,34025.102040816324
18643,,,3.999999999999996,0.05817999999999831,0.0,,,,,,34027.551020408166
18650,,,,,,0.4406248927116394,0.5427729487419128,0.02506646141409874,0.08507858961820602,0.29576343297958374,34039.6
18662,4.058219909667969,,,,,,,,,,34068.4
18663,,8.0,,,,,,,,,34070.8
18664,,,3.999999999999996,0.05821999999999831,0.0,,,,,,34073.2
18671,4.058259963989258,,,,,,,,,,34090.0
18672,,8.0,,,,,,,,,34092.4
18673,,,3.999999999999996,0.058259999999998306,0.0,,,,,,34094.8
18682,4.058300018310547,,,,,,,,,,34116.4
18683,,8.0,,,,,,,,,34118.8
18684,,,3.999999999999996,0.058299999999998305,0.0,,,,,,34121.2
18693,4.058340072631836,,,,,,,,,,34142.8
18694,,8.0,,,,,,,,,34145.2
18695,,,3.999999999999996,0.0583399999999983,0.0,,,,,,34147.6
18699,,,,,,0.36866962909698486,0.5123833417892456,0.02635456994175911,0.06338831037282944,0.47327765822410583,34152.5
18701,,,,,,0.37005212903022766,0.48579904437065125,0.014468999579548836,0.04260564595460892,0.5457330346107483,34157.5
18709,4.058380126953125,,,,,,,,,,34177.5
18710,,8.0,,,,,,,,,34180.0
18711,,,3.999999999999996,0.0583799999999983,0.0,,,,,,34182.5
18721,4.058420181274414,,,,,,,,,,34207.5
18722,,8.0,,,,,,,,,34210.0
18723,,,3.999999999999996,0.0584199999999983,0.0,,,,,,34212.5
18730,4.058460235595703,,,,,,,,,,34230.0
18731,,8.0,,,,,,,,,34232.5
18732,,,3.999999999999996,0.0584599999999983,0.0,,,,,,34235.0
18743,4.058499813079834,,,,,,,,,,34262.5
18744,,8.0,,,,,,,,,34265.0
18745,,,3.999999999999996,0.058499999999998296,0.0,,,,,,34267.5
18750,,,,,,0.4599677324295044,0.5679468512535095,0.019888825714588165,0.081053726375103,1.1355481147766113,34274.61538461538
18759,4.058539867401123,,,,,,,,,,34295.38461538462
18760,,8.0,,,,,,,,,34297.692307692305
18761,,,3.999999999999996,0.058539999999998295,0.0,,,,,,34300.0
18773,4.058579921722412,,,,,,,,,,34327.692307692305
18774,,8.0,,,,,,,,,34330.0
18775,,,3.999999999999996,0.05857999999999829,0.0,,,,,,34332.307692307695
18786,4.058619976043701,,,,,,,,,,34357.692307692305
18787,,8.0,,,,,,,,,34360.0
18788,,,3.999999999999996,0.05861999999999829,0.0,,,,,,34362.307692307695
18797,4.05866003036499,,,,,,,,,,34383.07692307692
18798,,8.0,,,,,,,,,34385.38461538462
18799,,,3.999999999999996,0.05865999999999829,0.0,,,,,,34387.692307692305
18806,,,,,,0.40658247470855713,0.5447944402694702,0.0032253852114081383,0.07392238825559616,0.9040718078613281,34393.52542372881
18816,4.058700084686279,,,,,,,,,,34402.338983050846
18817,,8.0,,,,,,,,,34403.220338983054
18818,,,3.999999999999996,0.05869999999999829,0.0,,,,,,34404.101694915254
18831,4.058740139007568,,,,,,,,,,34415.5593220339
18832,,8.0,,,,,,,,,34416.4406779661
18833,,,3.999999999999996,0.05873999999999829,0.0,,,,,,34417.32203389831
18845,4.058780193328857,,,,,,,,,,34427.898305084746
18846,,8.0,,,,,,,,,34428.779661016946
18847,,,3.999999999999996,0.058779999999998285,0.0,,,,,,34429.661016949154
18858,4.058819770812988,,,,,,,,,,34439.35593220339
18859,,8.0,,,,,,,,,34440.23728813559
18860,,,3.999999999999996,0.05881999999999828,0.0,,,,,,34441.1186440678
18867,,,,,,0.4587954878807068,0.5770881175994873,0.019521180540323257,0.08226553350687027,0.8874045014381409,34453.42857142857
18873,4.058859825134277,,,,,,,,,,34470.57142857143
18874,,8.0,,,,,,,,,34473.42857142857
18875,,,3.999999999999996,0.05885999999999828,0.0,,,,,,34476.28571428572
18884,4.058899879455566,,,,,,,,,,34502.0
18885,,8.0,,,,,,,,,34504.857142857145
18886,,,3.999999999999996,0.05889999999999828,0.0,,,,,,34507.71428571428
18892,4.0589399337768555,,,,,,,,,,34524.857142857145
18893,,8.0,,,,,,,,,34527.71428571428
18894,,,3.999999999999996,0.05893999999999828,0.0,,,,,,34530.57142857143
18902,4.0589799880981445,,,,,,,,,,34553.42857142857
18903,,8.0,,,,,,,,,34556.28571428572
18904,,,3.999999999999996,0.05897999999999828,0.0,,,,,,34559.142857142855
18908,,,,,,0.4138747453689575,0.5905203223228455,0.011795442551374435,0.1010146215558052,0.5656132698059082,34563.21428571428
18917,4.059020042419434,,,,,,,,,,34574.142857142855
18918,,8.0,,,,,,,,,34575.357142857145
18919,,,3.999999999999996,0.059019999999998275,0.0,,,,,,34576.57142857143
18926,4.059060096740723,,,,,,,,,,34585.07142857143
18927,,8.0,,,,,,,,,34586.28571428572
18928,,,3.999999999999996,0.059059999999998274,0.0,,,,,,34587.5
18936,4.059100151062012,,,,,,,,,,34597.21428571428
18937,,8.0,,,,,,,,,34598.42857142857
18938,,,3.999999999999996,0.05909999999999827,0.0,,,,,,34599.642857142855
18946,4.059140205383301,,,,,,,,,,34609.357142857145
18947,,8.0,,,,,,,,,34610.57142857143
18948,,,3.999999999999996,0.05913999999999827,0.0,,,,,,34611.78571428572
18952,,,,,,0.32281336188316345,0.4822694659233093,0.028017118573188782,0.08630840480327606,0.3641320765018463,34615.35294117647
18953,,,,,,0.40200796723365784,0.5246049761772156,0.03127303346991539,0.06740174442529678,0.5193964242935181,34617.705882352944
18965,4.059179782867432,,,,,,,,,,34645.94117647059
18966,,8.0,,,,,,,,,34648.294117647056
18967,,,3.999999999999996,0.05917999999999827,0.0,,,,,,34650.64705882353
18975,4.059219837188721,,,,,,,,,,34669.470588235294
18976,,8.0,,,,,,,,,34671.82352941176
18977,,,3.999999999999996,0.05921999999999827,0.0,,,,,,34674.17647058824
18990,4.05925989151001,,,,,,,,,,34704.76470588235
18991,,8.0,,,,,,,,,34707.117647058825
18992,,,3.999999999999996,0.059259999999998265,0.0,,,,,,34709.470588235294
18999,4.059299945831299,,,,,,,,,,34725.94117647059
19000,,8.0,,,,,,,,,34728.294117647056
19001,,,3.999999999999996,0.059299999999998264,0.0,,,,,,34730.64705882353
19008,,,,,,0.4062325060367584,0.5009331703186035,0.030163608491420746,0.10357771068811417,0.7142051458358765,34742.41176470588
19017,4.059340000152588,,,,,,,,,,34763.58823529412
19018,,8.0,,,,,,,,,34765.94117647059
19019,,,3.999999999999996,0.05933999999999826,0.0,,,,,,34768.294117647056
19026,4.059380054473877,,,,,,,,,,34784.76470588235
19027,,8.0,,,,,,,,,34787.117647058825
19028,,,3.999999999999996,0.05937999999999826,0.0,,,,,,34789.470588235294
19038,4.059420108795166,,,,,,,,,,34813.0
19039,,8.0,,,,,,,,,34815.35294117647
19040,,,3.999999999999996,0.05941999999999826,0.0,,,,,,34817.705882352944
19052,4.059460163116455,,,,,,,,,,34845.94117647059
19053,,8.0,,,,,,,,,34848.294117647056
19054,,,3.999999999999996,0.05945999999999826,0.0,,,,,,34850.64705882353
19061,,,,,,0.47749924659729004,0.6232644319534302,0.016215547919273376,0.10652704536914825,1.1997425556182861,34862.056603773584
19071,4.059500217437744,,,,,,,,,,34884.698113207545
19072,,8.0,,,,,,,,,34886.96226415094
19073,,,3.999999999999996,0.059499999999998256,0.0,,,,,,34889.22641509434
19083,4.059539794921875,,,,,,,,,,34911.8679245283
19084,,8.0,,,,,,,,,34914.1320754717
19085,,,3.999999999999996,0.059539999999998254,0.0,,,,,,34916.3962264151
19094,4.059579849243164,,,,,,,,,,34936.77358490566
19095,,8.0,,,,,,,,,34939.03773584906
19096,,,3.999999999999996,0.05957999999999825,0.0,,,,,,34941.301886792455
19107,4.059619903564453,,,,,,,,,,34966.20754716981
19108,,8.0,,,,,,,,,34968.47169811321
19109,,,3.999999999999996,0.05961999999999825,0.0,,,,,,34970.735849056604
19113,,,,,,0.4386993646621704,0.5362153053283691,0.014732000418007374,0.11185836046934128,0.40566301345825195,34975.92682926829
19122,4.059659957885742,,,,,,,,,,35002.26829268293
19123,,8.0,,,,,,,,,35005.19512195122
19124,,,3.999999999999996,0.05965999999999825,0.0,,,,,,35008.12195121951
19131,4.059700012207031,,,,,,,,,,35028.60975609756
19132,,8.0,,,,,,,,,35031.53658536585
19133,,,3.999999999999996,0.05969999999999825,0.0,,,,,,35034.46341463415
19140,4.05974006652832,,,,,,,,,,35054.95121951219
19141,,8.0,,,,,,,,,35057.87804878049
19142,,,3.999999999999996,0.059739999999998246,0.0,,,,,,35060.80487804878
19150,4.059780120849609,,,,,,,,,,35084.21951219512
19151,,8.0,,,,,,,,,35087.14634146341
19152,,,3.999999999999996,0.059779999999998244,0.0,,,,,,35090.07317073171
19156,,,,,,0.431058794260025,0.5182713866233826,0.019171321764588356,0.09461507201194763,0.21352507174015045,35095.448979591834
19168,4.059820175170898,,,,,,,,,,35124.836734693876
19169,,8.0,,,,,,,,,35127.28571428572
19170,,,3.999999999999996,0.05981999999999824,0.0,,,,,,35129.73469387755
19183,4.0598602294921875,,,,,,,,,,35161.57142857143
19184,,8.0,,,,,,,,,35164.02040816326
19185,,,3.999999999999996,0.05985999999999824,0.0,,,,,,35166.4693877551
19190,4.059899806976318,,,,,,,,,,35178.71428571428
19191,,8.0,,,,,,,,,35181.163265306124
19192,,,3.999999999999996,0.05989999999999824,0.0,,,,,,35183.61224489796
19201,4.059939861297607,,,,,,,,,,35205.65306122449
19202,,8.0,,,,,,,,,35208.102040816324
19203,,,3.999999999999996,0.05993999999999824,0.0,,,,,,35210.551020408166
19207,,,,,,0.4394108057022095,0.5892175436019897,0.03479756787419319,0.1362621784210205,0.6213010549545288,35214.03636363636
19213,,,,,,0.35796862840652466,0.46786820888519287,0.036846160888671875,0.0991031751036644,0.17409850656986237,35220.25454545455
19225,4.0599799156188965,,,,,,,,,,35232.69090909091
19226,,8.0,,,,,,,,,35233.72727272727
19227,,,3.999999999999996,0.059979999999998236,0.0,,,,,,35234.763636363634
19238,4.0600199699401855,,,,,,,,,,35246.163636363635
19239,,8.0,,,,,,,,,35247.2
19240,,,3.999999999999996,0.060019999999998234,0.0,,,,,,35248.236363636366
19247,4.060060024261475,,,,,,,,,,35255.490909090906
19248,,8.0,,,,,,,,,35256.527272727275
19249,,,3.999999999999996,0.06005999999999823,0.0,,,,,,35257.56363636364
19258,4.060100078582764,,,,,,,,,,35266.89090909091
19259,,8.0,,,,,,,,,35267.92727272727
19260,,,3.999999999999996,0.06009999999999823,0.0,,,,,,35268.96363636364
19266,,,,,,0.4206767678260803,0.5503607988357544,0.018067022785544395,0.079774409532547,0.7577767968177795,35277.65957446808
19276,4.060140132904053,,,,,,,,,,35303.1914893617
19277,,8.0,,,,,,,,,35305.744680851065
19278,,,3.999999999999996,0.06013999999999823,0.0,,,,,,35308.29787234042
19286,4.060180187225342,,,,,,,,,,35328.72340425532
19287,,8.0,,,,,,,,,35331.27659574468
19288,,,3.999999999999996,0.06017999999999823,0.0,,,,,,35333.82978723404
19300,4.060219764709473,,,,,,,,,,35364.46808510638
19301,,8.0,,,,,,,,,35367.02127659575
19302,,,3.999999999999996,0.060219999999998226,0.0,,,,,,35369.574468085106
19307,4.060259819030762,,,,,,,,,,35382.34042553192
19308,,8.0,,,,,,,,,35384.89361702128
19309,,,3.999999999999996,0.060259999999998225,0.0,,,,,,35387.44680851064
19313,,,,,,0.3854036331176758,0.5346457958221436,0.029729068279266357,0.08577881008386612,1.0170223712921143,35392.264150943396
19326,4.060299873352051,,,,,,,,,,35421.698113207545
19327,,8.0,,,,,,,,,35423.96226415094
19328,,,3.999999999999996,0.06029999999999822,0.0,,,,,,35426.22641509434
19337,4.06033992767334,,,,,,,,,,35446.6037735849
19338,,8.0,,,,,,,,,35448.8679245283
19339,,,3.999999999999996,0.06033999999999822,0.0,,,,,,35451.1320754717
19350,4.060379981994629,,,,,,,,,,35476.03773584906
19351,,8.0,,,,,,,,,35478.301886792455
19352,,,3.999999999999996,0.06037999999999822,0.0,,,,,,35480.56603773585
19362,4.060420036315918,,,,,,,,,,35503.20754716981
19363,,8.0,,,,,,,,,35505.47169811321
19364,,,3.999999999999996,0.06041999999999822,0.0,,,,,,35507.735849056604
19372,,,,,,0.4168331027030945,0.5181684494018555,0.016729170456528664,0.05179129168391228,0.884094774723053,35521.53846153846
19385,4.060460090637207,,,,,,,,,,35551.53846153846
19386,,8.0,,,,,,,,,35553.846153846156
19387,,,3.999999999999996,0.06045999999999822,0.0,,,,,,35556.153846153844
19397,4.060500144958496,,,,,,,,,,35579.230769230766
19398,,8.0,,,,,,,,,35581.53846153846
19399,,,3.999999999999996,0.060499999999998215,0.0,,,,,,35583.846153846156
19405,4.060540199279785,,,,,,,,,,35597.692307692305
19406,,8.0,,,,,,,,,35600.0
19407,,,3.999999999999996,0.06053999999999821,0.0,,,,,,35602.307692307695
19416,4.060579776763916,,,,,,,,,,35623.07692307692
19417,,8.0,,,,,,,,,35625.38461538462
19418,,,3.999999999999996,0.06057999999999821,0.0,,,,,,35627.692307692305
19423,,,,,,0.5877379775047302,0.7378761172294617,-0.017388101667165756,0.08239451795816422,0.9059926867485046,35634.61538461538
19432,4.060619831085205,,,,,,,,,,35655.38461538462
19433,,8.0,,,,,,,,,35657.692307692305
19434,,,3.999999999999996,0.06061999999999821,0.0,,,,,,35660.0
19445,4.060659885406494,,,,,,,,,,35685.38461538462
19446,,8.0,,,,,,,,,35687.692307692305
19447,,,3.999999999999996,0.06065999999999821,0.0,,,,,,35690.0
19458,4.060699939727783,,,,,,,,,,35715.38461538462
19459,,8.0,,,,,,,,,35717.692307692305
19460,,,3.999999999999996,0.06069999999999821,0.0,,,,,,35720.0
19470,4.060739994049072,,,,,,,,,,35743.07692307692
19471,,8.0,,,,,,,,,35745.38461538462
19472,,,3.999999999999996,0.060739999999998205,0.0,,,,,,35747.692307692305
19478,,,,,,0.44555437564849854,0.5541006922721863,0.039509788155555725,0.09821780025959015,1.2882153987884521,35756.42857142857
19481,,,,,,0.40492817759513855,0.5153721570968628,0.013277145102620125,0.08774711191654205,1.2540152072906494,35762.857142857145
19490,4.060780048370361,,,,,,,,,,35782.142857142855
19491,,8.0,,,,,,,,,35784.28571428572
19492,,,3.999999999999996,0.060779999999998204,0.0,,,,,,35786.42857142857
19502,4.06082010269165,,,,,,,,,,35807.857142857145
19503,,8.0,,,,,,,,,35810.0
19504,,,3.999999999999996,0.0608199999999982,0.0,,,,,,35812.142857142855
19515,4.0608601570129395,,,,,,,,,,35835.71428571428
19516,,8.0,,,,,,,,,35837.857142857145
19517,,,3.999999999999996,0.0608599999999982,0.0,,,,,,35840.0
19528,4.0609002113342285,,,,,,,,,,35863.57142857143
19529,,8.0,,,,,,,,,35865.71428571428
19530,,,3.999999999999996,0.0608999999999982,0.0,,,,,,35867.857142857145
19535,,,,,,0.4451052248477936,0.5394076704978943,0.027853036299347878,0.1157703697681427,0.8327842354774475,35874.61538461538
19545,4.060939788818359,,,,,,,,,,35897.692307692305
19546,,8.0,,,,,,,,,35900.0
19547,,,3.999999999999996,0.0609399999999982,0.0,,,,,,35902.307692307695
19557,4.060979843139648,,,,,,,,,,35925.38461538462
19558,,8.0,,,,,,,,,35927.692307692305
19559,,,3.999999999999996,0.060979999999998195,0.0,,,,,,35930.0
19571,4.0610198974609375,,,,,,,,,,35957.692307692305
19572,,8.0,,,,,,,,,35960.0
19573,,,3.999999999999996,0.061019999999998194,0.0,,,,,,35962.307692307695
19582,4.061059951782227,,,,,,,,,,35983.07692307692
19583,,8.0,,,,,,,,,35985.38461538462
19584,,,3.999999999999996,0.06105999999999819,0.0,,,,,,35987.692307692305
19592,,,,,,0.413295716047287,0.49293291568756104,0.031065501272678375,0.07899316400289536,0.5323612689971924,36003.333333333336
19600,4.061100006103516,,,,,,,,,,36024.666666666664
19601,,8.0,,,,,,,,,36027.333333333336
19602,,,3.999999999999996,0.06109999999999819,0.0,,,,,,36030.0
19610,4.061140060424805,,,,,,,,,,36051.333333333336
19611,,8.0,,,,,,,,,36054.0
19612,,,3.999999999999996,0.06113999999999819,0.0,,,,,,36056.666666666664
19619,4.061180114746094,,,,,,,,,,36075.333333333336
19620,,8.0,,,,,,,,,36078.0
19621,,,3.999999999999996,0.06117999999999819,0.0,,,,,,36080.666666666664
19629,4.061220169067383,,,,,,,,,,36102.0
19630,,8.0,,,,,,,,,36104.666666666664
19631,,,3.999999999999996,0.061219999999998186,0.0,,,,,,36107.333333333336
19640,,,,,,0.6085603833198547,0.8018733859062195,0.04642747715115547,0.11774523556232452,0.8955284357070923,36122.857142857145
19651,4.061260223388672,,,,,,,,,,36146.42857142857
19652,,8.0,,,,,,,,,36148.57142857143
19653,,,3.999999999999996,0.061259999999998184,0.0,,,,,,36150.71428571428
19664,4.061299800872803,,,,,,,,,,36174.28571428572
19665,,8.0,,,,,,,,,36176.42857142857
19666,,,3.999999999999996,0.06129999999999818,0.0,,,,,,36178.57142857143
19678,4.061339855194092,,,,,,,,,,36204.28571428572
19679,,8.0,,,,,,,,,36206.42857142857
19680,,,3.999999999999996,0.06133999999999818,0.0,,,,,,36208.57142857143
19687,4.061379909515381,,,,,,,,,,36223.57142857143
19688,,8.0,,,,,,,,,36225.71428571428
19689,,,3.999999999999996,0.06137999999999818,0.0,,,,,,36227.857142857145
19694,,,,,,0.454159677028656,0.5996312499046326,0.05687524378299713,0.09047449380159378,0.6824221611022949,36235.454545454544
19707,4.06141996383667,,,,,,,,,,36270.90909090909
19708,,8.0,,,,,,,,,36273.63636363636
19709,,,3.999999999999996,0.06141999999999818,0.0,,,,,,36276.36363636364
19715,4.061460018157959,,,,,,,,,,36292.72727272727
19716,,8.0,,,,,,,,,36295.454545454544
19717,,,3.999999999999996,0.061459999999998176,0.0,,,,,,36298.181818181816
19726,4.061500072479248,,,,,,,,,,36322.72727272727
19727,,8.0,,,,,,,,,36325.454545454544
19728,,,3.999999999999996,0.061499999999998174,0.0,,,,,,36328.181818181816
19733,4.061540126800537,,,,,,,,,,36341.818181818184
19734,,8.0,,,,,,,,,36344.545454545456
19735,,,3.999999999999996,0.06153999999999817,0.0,,,,,,36347.27272727273
19740,,,,,,0.5033442974090576,0.6515703797340393,0.04451539367437363,0.09307702630758286,1.0444680452346802,36354.52830188679
19746,,,,,,0.45569849014282227,0.5869008302688599,0.03163536265492439,0.08768024295568466,1.0854408740997314,36368.11320754717
19761,4.061580181121826,,,,,,,,,,36402.07547169811
19762,,8.0,,,,,,,,,36404.339622641506
19763,,,3.999999999999996,0.06157999999999817,0.0,,,,,,36406.6037735849
19772,4.061620235443115,,,,,,,,,,36426.981132075474
19773,,8.0,,,,,,,,,36429.24528301887
19774,,,3.999999999999996,0.06161999999999817,0.0,,,,,,36431.50943396227
19781,4.061659812927246,,,,,,,,,,36447.35849056604
19782,,8.0,,,,,,,,,36449.622641509435
19783,,,3.999999999999996,0.06165999999999817,0.0,,,,,,36451.88679245283
19788,4.061699867248535,,,,,,,,,,36463.20754716981
19789,,8.0,,,,,,,,,36465.47169811321
19790,,,3.999999999999996,0.061699999999998166,0.0,,,,,,36467.735849056604
19796,,,,,,0.40772438049316406,0.5793868899345398,0.025545863434672356,0.10051140934228897,0.8059682250022888,36477.5
19804,4.061739921569824,,,,,,,,,,36497.5
19805,,8.0,,,,,,,,,36500.0
19806,,,3.999999999999996,0.061739999999998164,0.0,,,,,,36502.5
19813,4.061779975891113,,,,,,,,,,36520.0
19814,,8.0,,,,,,,,,36522.5
19815,,,3.999999999999996,0.06177999999999816,0.0,,,,,,36525.0
19822,4.061820030212402,,,,,,,,,,36542.5
19823,,8.0,,,,,,,,,36545.0
19824,,,3.999999999999996,0.06181999999999816,0.0,,,,,,36547.5
19838,4.061860084533691,,,,,,,,,,36582.5
19839,,8.0,,,,,,,,,36585.0
19840,,,3.999999999999996,0.06185999999999816,0.0,,,,,,36587.5
19844,,,,,,0.42673012614250183,0.49459731578826904,0.03334237262606621,0.06507442146539688,1.1158603429794312,36592.55319148936
19852,4.0619001388549805,,,,,,,,,,36612.97872340425
19853,,8.0,,,,,,,,,36615.53191489362
19854,,,3.999999999999996,0.06189999999999816,0.0,,,,,,36618.085106382976
19865,4.0619401931762695,,,,,,,,,,36646.17021276596
19866,,8.0,,,,,,,,,36648.72340425532
19867,,,3.999999999999996,0.061939999999998156,0.0,,,,,,36651.27659574468
19875,4.0619797706604,,,,,,,,,,36671.70212765958
19876,,8.0,,,,,,,,,36674.255319148935
19877,,,3.999999999999996,0.061979999999998155,0.0,,,,,,36676.8085106383
19887,4.0620198249816895,,,,,,,,,,36702.34042553192
19888,,8.0,,,,,,,,,36704.89361702128
19889,,,3.999999999999996,0.06201999999999815,0.0,,,,,,36707.44680851064
19894,,,,,,0.419697105884552,0.5800948143005371,0.02106545679271221,0.0987815335392952,0.9325327277183533,36711.72727272727
19899,4.0620598793029785,,,,,,,,,,36716.045454545456
19900,,8.0,,,,,,,,,36716.90909090909
19901,,,3.999999999999996,0.06205999999999815,0.0,,,,,,36717.77272727273
19908,4.062099933624268,,,,,,,,,,36723.818181818184
19909,,8.0,,,,,,,,,36724.681818181816
19910,,,3.999999999999996,0.06209999999999815,0.0,,,,,,36725.545454545456
19921,4.062139987945557,,,,,,,,,,36735.045454545456
19922,,8.0,,,,,,,,,36735.90909090909
19923,,,3.999999999999996,0.06213999999999815,0.0,,,,,,36736.77272727273
19933,4.062180042266846,,,,,,,,,,36745.40909090909
19934,,8.0,,,,,,,,,36746.27272727273
19935,,,3.999999999999996,0.062179999999998146,0.0,,,,,,36747.13636363636
19941,,,,,,0.4372538924217224,0.5329625010490417,0.030994838103652,0.09668712317943573,0.9811773300170898,36750.83018867925
19949,4.062220096588135,,,,,,,,,,36758.377358490565
19950,,8.0,,,,,,,,,36759.32075471698
19951,,,3.999999999999996,0.062219999999998145,0.0,,,,,,36760.264150943396
19963,4.062260150909424,,,,,,,,,,36771.58490566038
19964,,8.0,,,,,,,,,36772.52830188679
19965,,,3.999999999999996,0.06225999999999814,0.0,,,,,,36773.47169811321
19977,4.062300205230713,,,,,,,,,,36784.79245283019
19978,,8.0,,,,,,,,,36785.735849056604
19979,,,3.999999999999996,0.06229999999999814,0.0,,,,,,36786.67924528302
19988,4.062339782714844,,,,,,,,,,36795.16981132075
19989,,8.0,,,,,,,,,36796.11320754717
19990,,,3.999999999999996,0.06233999999999814,0.0,,,,,,36797.056603773584
19995,,,,,,0.44114434719085693,0.5431798100471497,0.030194051563739777,0.07603509724140167,0.8852823376655579,36802.444444444445
19998,,,,,,0.44224607944488525,0.5902911424636841,0.01811837963759899,0.07857707142829895,0.6764085292816162,36809.11111111111
20009,4.062379837036133,,,,,,,,,,36833.555555555555
20010,,8.0,,,,,,,,,36835.77777777778
20011,,,3.999999999999996,0.06237999999999814,0.0,,,,,,36838.0
20020,4.062419891357422,,,,,,,,,,36858.0
20021,,8.0,,,,,,,,,36860.22222222222
20022,,,3.999999999999996,0.06241999999999814,0.0,,,,,,36862.444444444445
20030,4.062459945678711,,,,,,,,,,36880.22222222222
20031,,8.0,,,,,,,,,36882.444444444445
20032,,,3.999999999999996,0.062459999999998135,0.0,,,,,,36884.666666666664
20044,4.0625,,,,,,,,,,36911.333333333336
20045,,8.0,,,,,,,,,36913.555555555555
20046,,,3.999999999999996,0.06249999999999813,0.0,,,,,,36915.77777777778
20052,,,,,,0.40818947553634644,0.533730685710907,0.009381413459777832,0.1041995957493782,1.102962851524353,36925.5
20060,4.062540054321289,,,,,,,,,,36945.5
20061,,8.0,,,,,,,,,36948.0
20062,,,3.999999999999996,0.06253999999999814,0.0,,,,,,36950.5
20069,4.062580108642578,,,,,,,,,,36968.0
20070,,8.0,,,,,,,,,36970.5
20071,,,3.999999999999996,0.06257999999999814,0.0,,,,,,36973.0
20084,4.062620162963867,,,,,,,,,,37005.5
20085,,8.0,,,,,,,,,37008.0
20086,,,3.999999999999996,0.06261999999999814,0.0,,,,,,37010.5
20094,4.062660217285156,,,,,,,,,,37030.5
20095,,8.0,,,,,,,,,37033.0
20096,,,3.999999999999996,0.06265999999999813,0.0,,,,,,37035.5
20103,,,,,,0.3759206533432007,0.44194328784942627,0.029754286631941795,0.08005731552839279,1.1245654821395874,37048.0
20112,4.062699794769287,,,,,,,,,,37070.5
20113,,8.0,,,,,,,,,37073.0
20114,,,3.999999999999996,0.06269999999999813,0.0,,,,,,37075.5
20123,4.062739849090576,,,,,,,,,,37098.0
20124,,8.0,,,,,,,,,37100.5
20125,,,3.999999999999996,0.06273999999999813,0.0,,,,,,37103.0
20133,4.062779903411865,,,,,,,,,,37123.0
20134,,8.0,,,,,,,,,37125.5
20135,,,3.999999999999996,0.06277999999999813,0.0,,,,,,37128.0
20144,4.062819957733154,,,,,,,,,,37150.5
20145,,8.0,,,,,,,,,37153.0
20146,,,3.999999999999996,0.06281999999999813,0.0,,,,,,37155.5
20151,,,,,,0.40130019187927246,0.5320131182670593,0.045958008617162704,0.09825564920902252,1.020232081413269,37162.705882352944
20163,4.062860012054443,,,,,,,,,,37190.94117647059
20164,,8.0,,,,,,,,,37193.294117647056
20165,,,3.999999999999996,0.06285999999999813,0.0,,,,,,37195.64705882353
20173,4.062900066375732,,,,,,,,,,37214.470588235294
20174,,8.0,,,,,,,,,37216.82352941176
20175,,,3.999999999999996,0.06289999999999812,0.0,,,,,,37219.17647058824
20185,4.0629401206970215,,,,,,,,,,37242.705882352944
20186,,8.0,,,,,,,,,37245.05882352941
20187,,,3.999999999999996,0.06293999999999812,0.0,,,,,,37247.41176470588
20197,4.0629801750183105,,,,,,,,,,37270.94117647059
20198,,8.0,,,,,,,,,37273.294117647056
20199,,,3.999999999999996,0.06297999999999812,0.0,,,,,,37275.64705882353
20203,,,,,,0.40676960349082947,0.5032073855400085,0.032493192702531815,0.11018317192792892,1.3801639080047607,37278.80434782609
20211,4.0630202293396,,,,,,,,,,37285.239130434784
20212,,8.0,,,,,,,,,37286.04347826087
20213,,,3.999999999999996,0.06301999999999812,0.0,,,,,,37286.84782608696
20220,4.0630598068237305,,,,,,,,,,37292.47826086957
20221,,8.0,,,,,,,,,37293.282608695656
20222,,,3.999999999999996,0.06305999999999812,0.0,,,,,,37294.086956521736
20232,4.0630998611450195,,,,,,,,,,37302.13043478261
20233,,8.0,,,,,,,,,37302.934782608696
20234,,,3.999999999999996,0.06309999999999812,0.0,,,,,,37303.739130434784
20245,4.063139915466309,,,,,,,,,,37312.586956521736
20246,,8.0,,,,,,,,,37313.391304347824
20247,,,3.999999999999996,0.06313999999999811,0.0,,,,,,37314.19565217391
20251,,,,,,0.4486583173274994,0.5679532289505005,0.026590773835778236,0.08481602370738983,1.0740671157836914,37317.55319148936
20256,,,,,,0.4362265169620514,0.4969583749771118,0.0505998395383358,0.10229019075632095,1.1650080680847168,37330.31914893617
20262,4.063179969787598,,,,,,,,,,37345.63829787234
20263,,8.0,,,,,,,,,37348.1914893617
20264,,,3.999999999999996,0.06317999999999811,0.0,,,,,,37350.744680851065
20274,4.063220024108887,,,,,,,,,,37376.27659574468
20275,,8.0,,,,,,,,,37378.82978723404
20276,,,3.999999999999996,0.06321999999999811,0.0,,,,,,37381.382978723406
20284,4.063260078430176,,,,,,,,,,37401.8085106383
20285,,8.0,,,,,,,,,37404.36170212766
20286,,,3.999999999999996,0.06325999999999811,0.0,,,,,,37406.914893617024
20294,4.063300132751465,,,,,,,,,,37427.34042553192
20295,,8.0,,,,,,,,,37429.89361702128
20296,,,3.999999999999996,0.06329999999999811,0.0,,,,,,37432.44680851064
20301,,,,,,0.4293435215950012,0.5300263166427612,0.009985480457544327,0.059957295656204224,0.9000252485275269,37438.75
20308,4.063340187072754,,,,,,,,,,37451.875
20309,,8.0,,,,,,,,,37453.75
20310,,,3.999999999999996,0.0633399999999981,0.0,,,,,,37455.625
20319,4.063379764556885,,,,,,,,,,37472.5
20320,,8.0,,,,,,,,,37474.375
20321,,,3.999999999999996,0.0633799999999981,0.0,,,,,,37476.25
20327,4.063419818878174,,,,,,,,,,37487.5
20328,,8.0,,,,,,,,,37489.375
20329,,,3.999999999999996,0.0634199999999981,0.0,,,,,,37491.25
20336,4.063459873199463,,,,,,,,,,37504.375
20337,,8.0,,,,,,,,,37506.25
20338,,,3.999999999999996,0.0634599999999981,0.0,,,,,,37508.125
20344,,,,,,0.4354373514652252,0.5691332221031189,-0.0011577119585126638,0.08138134330511093,0.7957264184951782,37517.5
20355,4.063499927520752,,,,,,,,,,37545.0
20356,,8.0,,,,,,,,,37547.5
20357,,,3.999999999999996,0.0634999999999981,0.0,,,,,,37550.0
20366,4.063539981842041,,,,,,,,,,37572.5
20367,,8.0,,,,,,,,,37575.0
20368,,,3.999999999999996,0.0635399999999981,0.0,,,,,,37577.5
20376,4.06358003616333,,,,,,,,,,37597.5
20377,,8.0,,,,,,,,,37600.0
20378,,,3.999999999999996,0.0635799999999981,0.0,,,,,,37602.5
20386,4.063620090484619,,,,,,,,,,37622.5
20387,,8.0,,,,,,,,,37625.0
20388,,,3.999999999999996,0.0636199999999981,0.0,,,,,,37627.5
20395,,,,,,0.49788087606430054,0.6097517609596252,0.029899805784225464,0.1012372300028801,1.1038051843643188,37633.84905660377
20406,4.063660144805908,,,,,,,,,,37644.43396226415
20407,,8.0,,,,,,,,,37645.3962264151
20408,,,3.999999999999996,0.0636599999999981,0.0,,,,,,37646.35849056604
20420,4.063700199127197,,,,,,,,,,37657.90566037736
20421,,8.0,,,,,,,,,37658.8679245283
20422,,,3.999999999999996,0.06369999999999809,0.0,,,,,,37659.83018867925
20431,4.063739776611328,,,,,,,,,,37668.49056603773
20432,,8.0,,,,,,,,,37669.45283018868
20433,,,3.999999999999996,0.06373999999999809,0.0,,,,,,37670.41509433962
20441,4.063779830932617,,,,,,,,,,37678.11320754717
20442,,8.0,,,,,,,,,37679.07547169811
20443,,,3.999999999999996,0.06377999999999809,0.0,,,,,,37680.03773584906
20448,,,,,,0.35780012607574463,0.49921944737434387,0.010712080635130405,0.0540899932384491,0.8603171706199646,37686.333333333336
20458,4.063819885253906,,,,,,,,,,37713.0
20459,,8.0,,,,,,,,,37715.666666666664
20460,,,3.999999999999996,0.06381999999999809,0.0,,,,,,37718.333333333336
20468,4.063859939575195,,,,,,,,,,37739.666666666664
20469,,8.0,,,,,,,,,37742.333333333336
20470,,,3.999999999999996,0.06385999999999808,0.0,,,,,,37745.0
20475,4.063899993896484,,,,,,,,,,37758.333333333336
20476,,8.0,,,,,,,,,37761.0
20477,,,3.999999999999996,0.06389999999999808,0.0,,,,,,37763.666666666664
20488,4.063940048217773,,,,,,,,,,37793.0
20489,,8.0,,,,,,,,,37795.666666666664
20490,,,3.999999999999996,0.06393999999999808,0.0,,,,,,37798.333333333336
20495,,,,,,0.47995004057884216,0.5752926468849182,0.043998800218105316,0.11157499998807907,1.1660572290420532,37805.28571428572
20499,,,,,,0.46243539452552795,0.5745946168899536,0.025928368791937828,0.08230303972959518,1.0388479232788086,37813.857142857145
20509,4.0639801025390625,,,,,,,,,,37835.28571428572
20510,,8.0,,,,,,,,,37837.42857142857
20511,,,3.999999999999996,0.06397999999999808,0.0,,,,,,37839.57142857143
20521,4.064020156860352,,,,,,,,,,37861.0
20522,,8.0,,,,,,,,,37863.142857142855
20523,,,3.999999999999996,0.06401999999999808,0.0,,,,,,37865.28571428572
20534,4.064060211181641,,,,,,,,,,37888.857142857145
20535,,8.0,,,,,,,,,37891.0
20536,,,3.999999999999996,0.06405999999999808,0.0,,,,,,37893.142857142855
20546,4.0640997886657715,,,,,,,,,,37914.57142857143
20547,,8.0,,,,,,,,,37916.71428571428
20548,,,3.999999999999996,0.06409999999999808,0.0,,,,,,37918.857142857145
20556,,,,,,0.382394403219223,0.47734859585762024,0.04013741388916969,0.08118416368961334,0.6859578490257263,37925.489795918365
20566,4.0641398429870605,,,,,,,,,,37934.4693877551
20567,,8.0,,,,,,,,,37935.36734693877
20568,,,3.999999999999996,0.06413999999999807,0.0,,,,,,37936.26530612245
20576,4.06417989730835,,,,,,,,,,37943.448979591834
20577,,8.0,,,,,,,,,37944.34693877551
20578,,,3.999999999999996,0.06417999999999807,0.0,,,,,,37945.244897959186
20586,4.064219951629639,,,,,,,,,,37952.42857142857
20587,,8.0,,,,,,,,,37953.32653061225
20588,,,3.999999999999996,0.06421999999999807,0.0,,,,,,37954.22448979592
20597,4.064260005950928,,,,,,,,,,37962.30612244898
20598,,8.0,,,,,,,,,37963.204081632655
20599,,,3.999999999999996,0.06425999999999807,0.0,,,,,,37964.102040816324
20603,,,,,,0.4293147325515747,0.5322796106338501,0.03550754860043526,0.09594672173261642,0.6992645859718323,37967.608695652176
20616,4.064300060272217,,,,,,,,,,38001.52173913043
20617,,8.0,,,,,,,,,38004.13043478261
20618,,,3.999999999999996,0.06429999999999807,0.0,,,,,,38006.739130434784
20626,4.064340114593506,,,,,,,,,,38027.608695652176
20627,,8.0,,,,,,,,,38030.217391304344
20628,,,3.999999999999996,0.06433999999999807,0.0,,,,,,38032.82608695652
20635,4.064380168914795,,,,,,,,,,38051.086956521736
20636,,8.0,,,,,,,,,38053.69565217391
20637,,,3.999999999999996,0.06437999999999806,0.0,,,,,,38056.30434782609
20645,4.064420223236084,,,,,,,,,,38077.17391304348
20646,,8.0,,,,,,,,,38079.782608695656
20647,,,3.999999999999996,0.06441999999999806,0.0,,,,,,38082.391304347824
20651,,,,,,0.4618319571018219,0.5585406422615051,0.0433211587369442,0.09290391206741333,0.7608771920204163,38087.448979591834
20661,4.064459800720215,,,,,,,,,,38111.93877551021
20662,,8.0,,,,,,,,,38114.38775510204
20663,,,3.999999999999996,0.06445999999999806,0.0,,,,,,38116.836734693876
20674,4.064499855041504,,,,,,,,,,38143.77551020408
20675,,8.0,,,,,,,,,38146.22448979592
20676,,,3.999999999999996,0.06449999999999806,0.0,,,,,,38148.67346938775
20689,4.064539909362793,,,,,,,,,,38180.510204081635
20690,,8.0,,,,,,,,,38182.95918367347
20691,,,3.999999999999996,0.06453999999999806,0.0,,,,,,38185.4081632653
20696,4.064579963684082,,,,,,,,,,38197.65306122449
20697,,8.0,,,,,,,,,38200.102040816324
20698,,,3.999999999999996,0.06457999999999806,0.0,,,,,,38202.551020408166
20702,,,,,,0.41046765446662903,0.49627935886383057,0.017720626667141914,0.09690447896718979,0.8476675152778625,38205.93877551021
20712,4.064620018005371,,,,,,,,,,38215.32653061225
20713,,8.0,,,,,,,,,38216.26530612245
20714,,,3.999999999999996,0.06461999999999805,0.0,,,,,,38217.204081632655
20722,4.06466007232666,,,,,,,,,,38224.71428571428
20723,,8.0,,,,,,,,,38225.65306122449
20724,,,3.999999999999996,0.06465999999999805,0.0,,,,,,38226.5918367347
20732,4.064700126647949,,,,,,,,,,38234.102040816324
20733,,8.0,,,,,,,,,38235.04081632653
20734,,,3.999999999999996,0.06469999999999805,0.0,,,,,,38235.97959183674
20747,4.064740180969238,,,,,,,,,,38248.183673469386
20748,,8.0,,,,,,,,,38249.12244897959
20749,,,3.999999999999996,0.06473999999999805,0.0,,,,,,38250.06122448979
20754,,,,,,0.5247198343276978,0.6536245346069336,0.04067603126168251,0.11275559663772583,0.8573618531227112,38256.454545454544
20759,,,,,,0.40704238414764404,0.5333090424537659,0.01717768795788288,0.09948178380727768,0.4244620203971863,38270.09090909091
20765,4.064780235290527,,,,,,,,,,38286.454545454544
20766,,8.0,,,,,,,,,38289.181818181816
20767,,,3.999999999999996,0.06477999999999805,0.0,,,,,,38291.90909090909
20773,4.064819812774658,,,,,,,,,,38308.27272727273
20774,,8.0,,,,,,,,,38311.0
20775,,,3.999999999999996,0.06481999999999805,0.0,,,,,,38313.72727272727
20781,4.064859867095947,,,,,,,,,,38330.09090909091
20782,,8.0,,,,,,,,,38332.818181818184
20783,,,3.999999999999996,0.06485999999999804,0.0,,,,,,38335.545454545456
20793,4.064899921417236,,,,,,,,,,38362.818181818184
20794,,8.0,,,,,,,,,38365.545454545456
20795,,,3.999999999999996,0.06489999999999804,0.0,,,,,,38368.27272727273
20803,,,,,,0.41066330671310425,0.5542105436325073,0.018886318430304527,0.07763418555259705,0.488532155752182,38383.0
20813,4.064939975738525,,,,,,,,,,38407.0
20814,,8.0,,,,,,,,,38409.4
20815,,,3.999999999999996,0.06493999999999804,0.0,,,,,,38411.8
20823,4.0649800300598145,,,,,,,,,,38431.0
20824,,8.0,,,,,,,,,38433.4
20825,,,3.999999999999996,0.06497999999999804,0.0,,,,,,38435.8
20834,4.0650200843811035,,,,,,,,,,38457.4
20835,,8.0,,,,,,,,,38459.8
20836,,,3.999999999999996,0.06501999999999804,0.0,,,,,,38462.2
20845,4.065060138702393,,,,,,,,,,38483.8
20846,,8.0,,,,,,,,,38486.2
20847,,,3.999999999999996,0.06505999999999804,0.0,,,,,,38488.6
20851,,,,,,0.37366682291030884,0.5185135006904602,0.008023221977055073,0.09320041537284851,0.7634285688400269,38492.38
20863,4.065100193023682,,,,,,,,,,38508.94
20864,,8.0,,,,,,,,,38510.32
20865,,,3.999999999999996,0.06509999999999803,0.0,,,,,,38511.7
20871,4.0651397705078125,,,,,,,,,,38519.98
20872,,8.0,,,,,,,,,38521.36
20873,,,3.999999999999996,0.06513999999999803,0.0,,,,,,38522.74
20882,4.065179824829102,,,,,,,,,,38535.16
20883,,8.0,,,,,,,,,38536.54
20884,,,3.999999999999996,0.06517999999999803,0.0,,,,,,38537.92
20897,4.065219879150391,,,,,,,,,,38555.86
20898,,8.0,,,,,,,,,38557.24
20899,,,3.999999999999996,0.06521999999999803,0.0,,,,,,38558.62
20906,,,,,,0.33817288279533386,0.4547075927257538,0.03335494548082352,0.06639156490564346,0.2970433235168457,38568.42105263158
20921,4.06525993347168,,,,,,,,,,38600.0
20922,,8.0,,,,,,,,,38602.10526315789
20923,,,3.999999999999996,0.06525999999999803,0.0,,,,,,38604.21052631579
20932,4.065299987792969,,,,,,,,,,38623.15789473684
20933,,8.0,,,,,,,,,38625.26315789474
20934,,,3.999999999999996,0.06529999999999803,0.0,,,,,,38627.36842105263
20945,4.065340042114258,,,,,,,,,,38650.52631578947
20946,,8.0,,,,,,,,,38652.63157894737
20947,,,3.999999999999996,0.06533999999999802,0.0,,,,,,38654.73684210526
20956,4.065380096435547,,,,,,,,,,38673.68421052631
20957,,8.0,,,,,,,,,38675.78947368421
20958,,,3.999999999999996,0.06537999999999802,0.0,,,,,,38677.89473684211
20964,,,,,,0.43033143877983093,0.5267543792724609,0.01980259269475937,0.110958531498909,1.3094813823699951,38687.34693877551
20975,4.065420150756836,,,,,,,,,,38714.28571428572
20976,,8.0,,,,,,,,,38716.73469387755
20977,,,3.999999999999996,0.06541999999999802,0.0,,,,,,38719.183673469386
20990,4.065460205078125,,,,,,,,,,38751.02040816326
20991,,8.0,,,,,,,,,38753.4693877551
20992,,,3.999999999999996,0.06545999999999802,0.0,,,,,,38755.91836734694
21000,4.065499782562256,,,,,,,,,,38775.510204081635
21001,,8.0,,,,,,,,,38777.95918367347
21002,,,3.999999999999996,0.06549999999999802,0.0,,,,,,38780.4081632653
21007,4.065539836883545,,,,,,,,,,38792.65306122449
21008,,8.0,,,,,,,,,38795.102040816324
21009,,,3.999999999999996,0.06553999999999802,0.0,,,,,,38797.551020408166
21014,,,,,,0.47404295206069946,0.5822230577468872,0.049954853951931,0.1339944303035736,1.3493461608886719,38804.28571428572
21018,,,,,,0.4113161861896515,0.5596016645431519,0.03155135735869408,0.08453314751386642,1.0541131496429443,38812.857142857145
21029,4.065579891204834,,,,,,,,,,38836.42857142857
21030,,8.0,,,,,,,,,38838.57142857143
21031,,,3.999999999999996,0.06557999999999801,0.0,,,,,,38840.71428571428
21042,4.065619945526123,,,,,,,,,,38864.28571428572
21043,,8.0,,,,,,,,,38866.42857142857
21044,,,3.999999999999996,0.06561999999999801,0.0,,,,,,38868.57142857143
21052,4.065659999847412,,,,,,,,,,38885.71428571428
21053,,8.0,,,,,,,,,38887.857142857145
21054,,,3.999999999999996,0.06565999999999801,0.0,,,,,,38890.0
21065,4.065700054168701,,,,,,,,,,38913.57142857143
21066,,8.0,,,,,,,,,38915.71428571428
21067,,,3.999999999999996,0.06569999999999801,0.0,,,,,,38917.857142857145
21072,,,,,,0.45779427886009216,0.6084936857223511,0.040270015597343445,0.11057047545909882,1.1720330715179443,38921.26530612245
21085,4.06574010848999,,,,,,,,,,38929.489795918365
21086,,8.0,,,,,,,,,38930.12244897959
21087,,,3.999999999999996,0.06573999999999801,0.0,,,,,,38930.755102040814
21097,4.065780162811279,,,,,,,,,,38937.08163265306
21098,,8.0,,,,,,,,,38937.71428571428
21099,,,3.999999999999996,0.065779999999998,0.0,,,,,,38938.34693877551
21106,4.065820217132568,,,,,,,,,,38942.77551020408
21107,,8.0,,,,,,,,,38943.4081632653
21108,,,3.999999999999996,0.065819999999998,0.0,,,,,,38944.04081632653
21116,4.065859794616699,,,,,,,,,,38949.102040816324
21117,,8.0,,,,,,,,,38949.73469387755
21118,,,3.999999999999996,0.065859999999998,0.0,,,,,,38950.36734693877
21124,,,,,,0.440518319606781,0.5453014969825745,0.06599560379981995,0.1282970905303955,0.9715909361839294,38959.0
21138,4.065899848937988,,,,,,,,,,38996.333333333336
21139,,8.0,,,,,,,,,38999.0
21140,,,3.999999999999996,0.065899999999998,0.0,,,,,,39001.666666666664
21146,4.065939903259277,,,,,,,,,,39017.666666666664
21147,,8.0,,,,,,,,,39020.333333333336
21148,,,3.999999999999996,0.065939999999998,0.0,,,,,,39023.0
21154,4.065979957580566,,,,,,,,,,39039.0
21155,,8.0,,,,,,,,,39041.666666666664
21156,,,3.999999999999996,0.065979999999998,0.0,,,,,,39044.333333333336
21163,4.0660200119018555,,,,,,,,,,39063.0
21164,,8.0,,,,,,,,,39065.666666666664
21165,,,3.999999999999996,0.066019999999998,0.0,,,,,,39068.333333333336
21170,,,,,,0.46064484119415283,0.5502473711967468,0.020669901743531227,0.09142569452524185,0.5917462706565857,39076.217391304344
21178,4.0660600662231445,,,,,,,,,,39097.086956521736
21179,,8.0,,,,,,,,,39099.69565217391
21180,,,3.999999999999996,0.066059999999998,0.0,,,,,,39102.30434782609
21191,4.066100120544434,,,,,,,,,,39131.0
21192,,8.0,,,,,,,,,39133.608695652176
21193,,,3.999999999999996,0.066099999999998,0.0,,,,,,39136.217391304344
21201,4.066140174865723,,,,,,,,,,39157.086956521736
21202,,8.0,,,,,,,,,39159.69565217391
21203,,,3.999999999999996,0.06613999999999799,0.0,,,,,,39162.30434782609
21211,4.066180229187012,,,,,,,,,,39183.17391304348
21212,,8.0,,,,,,,,,39185.782608695656
21213,,,3.999999999999996,0.06617999999999799,0.0,,,,,,39188.391304347824
21217,,,,,,0.466187447309494,0.5543970465660095,-0.00888716708868742,0.1110834926366806,0.467668354511261,39193.5
21229,4.066219806671143,,,,,,,,,,39223.5
21230,,8.0,,,,,,,,,39226.0
21231,,,3.999999999999996,0.06621999999999799,0.0,,,,,,39228.5
21238,4.066259860992432,,,,,,,,,,39246.0
21239,,8.0,,,,,,,,,39248.5
21240,,,3.999999999999996,0.06625999999999799,0.0,,,,,,39251.0
21252,4.066299915313721,,,,,,,,,,39281.0
21253,,8.0,,,,,,,,,39283.5
21254,,,3.999999999999996,0.06629999999999799,0.0,,,,,,39286.0
21261,4.06633996963501,,,,,,,,,,39303.5
21262,,8.0,,,,,,,,,39306.0
21263,,,3.999999999999996,0.06633999999999798,0.0,,,,,,39308.5
21267,,,,,,0.5026441216468811,0.5861945152282715,0.04991403594613075,0.1452023833990097,1.0368589162826538,39313.22222222222
21270,,,,,,0.41845840215682983,0.5249534249305725,0.030438385903835297,0.116523377597332,0.5699236392974854,39319.88888888889
21280,4.066380023956299,,,,,,,,,,39342.11111111111
21281,,8.0,,,,,,,,,39344.333333333336
21282,,,3.999999999999996,0.06637999999999798,0.0,,,,,,39346.555555555555
21291,4.066420078277588,,,,,,,,,,39366.555555555555
21292,,8.0,,,,,,,,,39368.77777777778
21293,,,3.999999999999996,0.06641999999999798,0.0,,,,,,39371.0
21301,4.066460132598877,,,,,,,,,,39388.77777777778
21302,,8.0,,,,,,,,,39391.0
21303,,,3.999999999999996,0.06645999999999798,0.0,,,,,,39393.22222222222
21317,4.066500186920166,,,,,,,,,,39424.333333333336
21318,,8.0,,,,,,,,,39426.555555555555
21319,,,3.999999999999996,0.06649999999999798,0.0,,,,,,39428.77777777778
21326,,,,,,0.40814048051834106,0.5621110796928406,0.041743144392967224,0.11079750210046768,0.6624289751052856,39439.42105263158
21337,4.066539764404297,,,,,,,,,,39462.57894736842
21338,,8.0,,,,,,,,,39464.68421052631
21339,,,3.999999999999996,0.06653999999999798,0.0,,,,,,39466.78947368421
21347,4.066579818725586,,,,,,,,,,39483.63157894737
21348,,8.0,,,,,,,,,39485.73684210526
21349,,,3.999999999999996,0.06657999999999797,0.0,,,,,,39487.84210526316
21365,4.066619873046875,,,,,,,,,,39521.52631578947
21366,,8.0,,,,,,,,,39523.63157894737
21367,,,3.999999999999996,0.06661999999999797,0.0,,,,,,39525.73684210526
21376,4.066659927368164,,,,,,,,,,39544.68421052631
21377,,8.0,,,,,,,,,39546.78947368421
21378,,,3.999999999999996,0.06665999999999797,0.0,,,,,,39548.89473684211
21385,,,,,,0.503898024559021,0.5614447593688965,0.06672310829162598,0.13473305106163025,1.2289396524429321,39559.0
21399,4.066699981689453,,,,,,,,,,39587.0
21400,,8.0,,,,,,,,,39589.0
21401,,,3.999999999999996,0.06669999999999797,0.0,,,,,,39591.0
21413,4.066740036010742,,,,,,,,,,39615.0
21414,,8.0,,,,,,,,,39617.0
21415,,,3.999999999999996,0.06673999999999797,0.0,,,,,,39619.0
21426,4.066780090332031,,,,,,,,,,39641.0
21427,,8.0,,,,,,,,,39643.0
21428,,,3.999999999999996,0.06677999999999797,0.0,,,,,,39645.0
21438,4.06682014465332,,,,,,,,,,39665.0
21439,,8.0,,,,,,,,,39667.0
21440,,,3.999999999999996,0.06681999999999796,0.0,,,,,,39669.0
21445,,,,,,0.4947981536388397,0.5727651715278625,0.028150537982583046,0.11273887008428574,0.8972201943397522,39675.897959183676
21452,4.066860198974609,,,,,,,,,,39693.04081632653
21453,,8.0,,,,,,,,,39695.489795918365
21454,,,3.999999999999996,0.06685999999999796,0.0,,,,,,39697.93877551021
21464,4.06689977645874,,,,,,,,,,39722.42857142857
21465,,8.0,,,,,,,,,39724.87755102041
21466,,,3.999999999999996,0.06689999999999796,0.0,,,,,,39727.32653061225
21480,4.066939830780029,,,,,,,,,,39761.61224489796
21481,,8.0,,,,,,,,,39764.06122448979
21482,,,3.999999999999996,0.06693999999999796,0.0,,,,,,39766.510204081635
21489,4.066979885101318,,,,,,,,,,39783.65306122449
21490,,8.0,,,,,,,,,39786.102040816324
21491,,,3.999999999999996,0.06697999999999796,0.0,,,,,,39788.551020408166
21496,,,,,,0.45674145221710205,0.6037370562553406,0.043469708412885666,0.11238828301429749,0.6636090874671936,39796.0
21507,4.067019939422607,,,,,,,,,,39823.5
21508,,8.0,,,,,,,,,39826.0
21509,,,3.999999999999996,0.06701999999999796,0.0,,,,,,39828.5
21515,4.0670599937438965,,,,,,,,,,39843.5
21516,,8.0,,,,,,,,,39846.0
21517,,,3.999999999999996,0.06705999999999795,0.0,,,,,,39848.5
21528,4.0671000480651855,,,,,,,,,,39876.0
21529,,8.0,,,,,,,,,39878.5
21530,,,3.999999999999996,0.06709999999999795,0.0,,,,,,39881.0
21539,4.067140102386475,,,,,,,,,,39903.5
21540,,8.0,,,,,,,,,39906.0
21541,,,3.999999999999996,0.06713999999999795,0.0,,,,,,39908.5
21546,,,,,,0.490815669298172,0.5675310492515564,0.02901417575776577,0.16652923822402954,0.2158019095659256,39915.21052631579
21549,,,,,,0.45664024353027344,0.5299220085144043,0.02372538112103939,0.13776639103889465,0.08162223547697067,39921.52631578947
21561,4.067180156707764,,,,,,,,,,39946.78947368421
21562,,8.0,,,,,,,,,39948.89473684211
21563,,,3.999999999999996,0.06717999999999795,0.0,,,,,,39951.0
21575,4.067220211029053,,,,,,,,,,39976.26315789474
21576,,8.0,,,,,,,,,39978.36842105263
21577,,,3.999999999999996,0.06721999999999795,0.0,,,,,,39980.47368421053
21589,4.067259788513184,,,,,,,,,,40005.73684210526
21590,,8.0,,,,,,,,,40007.84210526316
21591,,,3.999999999999996,0.06725999999999795,0.0,,,,,,40009.94736842105
21598,4.067299842834473,,,,,,,,,,40024.68421052631
21599,,8.0,,,,,,,,,40026.78947368421
21600,,,3.999999999999996,0.06729999999999794,0.0,,,,,,40028.89473684211
21607,,,,,,0.44828537106513977,0.5462905764579773,0.020387161523103714,0.11908134073019028,0.3802005648612976,40040.795918367345
21618,4.067339897155762,,,,,,,,,,40067.73469387755
21619,,8.0,,,,,,,,,40070.183673469386
21620,,,3.999999999999996,0.06733999999999794,0.0,,,,,,40072.63265306123
21630,4.067379951477051,,,,,,,,,,40097.12244897959
21631,,8.0,,,,,,,,,40099.57142857143
21632,,,3.999999999999996,0.06737999999999794,0.0,,,,,,40102.02040816326
21640,4.06742000579834,,,,,,,,,,40121.61224489796
21641,,8.0,,,,,,,,,40124.06122448979
21642,,,3.999999999999996,0.06741999999999794,0.0,,,,,,40126.510204081635
21649,4.067460060119629,,,,,,,,,,40143.65306122449
21650,,8.0,,,,,,,,,40146.102040816324
21651,,,3.999999999999996,0.06745999999999794,0.0,,,,,,40148.551020408166
21657,,,,,,0.43498942255973816,0.5580739974975586,0.021004216745495796,0.08543486893177032,0.08213261514902115,40157.92307692308
21666,4.067500114440918,,,,,,,,,,40178.692307692305
21667,,8.0,,,,,,,,,40181.0
21668,,,3.999999999999996,0.06749999999999794,0.0,,,,,,40183.307692307695
21681,4.067540168762207,,,,,,,,,,40213.307692307695
21682,,8.0,,,,,,,,,40215.61538461538
21683,,,3.999999999999996,0.06753999999999794,0.0,,,,,,40217.92307692308
21692,4.067580223083496,,,,,,,,,,40238.692307692305
21693,,8.0,,,,,,,,,40241.0
21694,,,3.999999999999996,0.06757999999999793,0.0,,,,,,40243.307692307695
21703,4.067619800567627,,,,,,,,,,40264.07692307692
21704,,8.0,,,,,,,,,40266.38461538462
21705,,,3.999999999999996,0.06761999999999793,0.0,,,,,,40268.692307692305
21711,,,,,,0.498660683631897,0.5866059064865112,0.023566938936710358,0.0959581658244133,0.16767141222953796,40278.82608695652
21721,4.067659854888916,,,,,,,,,,40304.913043478264
21722,,8.0,,,,,,,,,40307.52173913043
21723,,,3.999999999999996,0.06765999999999793,0.0,,,,,,40310.13043478261
21731,4.067699909210205,,,,,,,,,,40331.0
21732,,8.0,,,,,,,,,40333.608695652176
21733,,,3.999999999999996,0.06769999999999793,0.0,,,,,,40336.217391304344
21739,4.067739963531494,,,,,,,,,,40351.86956521739
21740,,8.0,,,,,,,,,40354.47826086957
21741,,,3.999999999999996,0.06773999999999793,0.0,,,,,,40357.086956521736
21751,4.067780017852783,,,,,,,,,,40383.17391304348
21752,,8.0,,,,,,,,,40385.782608695656
21753,,,3.999999999999996,0.06777999999999793,0.0,,,,,,40388.391304347824
21758,,,,,,0.4222966432571411,0.5598471164703369,0.04579925164580345,0.08962660282850266,0.15520831942558289,40395.52830188679
21772,4.067820072174072,,,,,,,,,,40427.22641509434
21773,,8.0,,,,,,,,,40429.49056603773
21774,,,3.999999999999996,0.06781999999999792,0.0,,,,,,40431.75471698113
21783,4.067860126495361,,,,,,,,,,40452.1320754717
21784,,8.0,,,,,,,,,40454.3962264151
21785,,,3.999999999999996,0.06785999999999792,0.0,,,,,,40456.660377358494
21793,4.06790018081665,,,,,,,,,,40474.77358490566
21794,,8.0,,,,,,,,,40477.03773584906
21795,,,3.999999999999996,0.06789999999999792,0.0,,,,,,40479.301886792455
21806,4.0679402351379395,,,,,,,,,,40504.20754716981
21807,,8.0,,,,,,,,,40506.47169811321
21808,,,3.999999999999996,0.06793999999999792,0.0,,,,,,40508.735849056604
21812,,,,,,0.45866480469703674,0.5289586186408997,0.02009882591664791,0.10973881185054779,0.440046489238739,40513.72727272727
21814,,,,,,0.384700745344162,0.5099667310714722,0.0213839840143919,0.0724167674779892,0.2355959117412567,40519.181818181816
21820,4.06797981262207,,,,,,,,,,40535.545454545456
21821,,8.0,,,,,,,,,40538.27272727273
21822,,,3.999999999999996,0.06797999999999792,0.0,,,,,,40541.0
21830,4.068019866943359,,,,,,,,,,40562.818181818184
21831,,8.0,,,,,,,,,40565.545454545456
21832,,,3.999999999999996,0.06801999999999792,0.0,,,,,,40568.27272727273
21840,4.068059921264648,,,,,,,,,,40590.09090909091
21841,,8.0,,,,,,,,,40592.818181818184
21842,,,3.999999999999996,0.06805999999999791,0.0,,,,,,40595.545454545456
21852,4.0680999755859375,,,,,,,,,,40622.818181818184
21853,,8.0,,,,,,,,,40625.545454545456
21854,,,3.999999999999996,0.06809999999999791,0.0,,,,,,40628.27272727273
21864,,,,,,0.45058682560920715,0.607268750667572,0.021789472550153732,0.0944543108344078,0.6213759779930115,40645.73684210526
21874,4.068140029907227,,,,,,,,,,40666.78947368421
21875,,8.0,,,,,,,,,40668.89473684211
21876,,,3.999999999999996,0.06813999999999791,0.0,,,,,,40671.0
21886,4.068180084228516,,,,,,,,,,40692.05263157895
21887,,8.0,,,,,,,,,40694.15789473684
21888,,,3.999999999999996,0.06817999999999791,0.0,,,,,,40696.26315789474
21897,4.068220138549805,,,,,,,,,,40715.21052631579
21898,,8.0,,,,,,,,,40717.31578947369
21899,,,3.999999999999996,0.06821999999999791,0.0,,,,,,40719.42105263158
21911,4.068260192871094,,,,,,,,,,40744.68421052631
21912,,8.0,,,,,,,,,40746.78947368421
21913,,,3.999999999999996,0.0682599999999979,0.0,,,,,,40748.89473684211
21919,,,,,,0.5213835835456848,0.6486362218856812,0.013387278653681278,0.13545668125152588,1.234084129333496,40759.37209302326
21928,4.068299770355225,,,,,,,,,,40784.48837209302
21929,,8.0,,,,,,,,,40787.27906976744
21930,,,3.999999999999996,0.0682999999999979,0.0,,,,,,40790.06976744186
21937,4.068339824676514,,,,,,,,,,40809.604651162794
21938,,8.0,,,,,,,,,40812.395348837206
21939,,,3.999999999999996,0.0683399999999979,0.0,,,,,,40815.186046511626
21944,4.068379878997803,,,,,,,,,,40829.13953488372
21945,,8.0,,,,,,,,,40831.93023255814
21946,,,3.999999999999996,0.0683799999999979,0.0,,,,,,40834.72093023256
21956,4.068419933319092,,,,,,,,,,40862.62790697674
21957,,8.0,,,,,,,,,40865.41860465116
21958,,,3.999999999999996,0.0684199999999979,0.0,,,,,,40868.20930232558
21964,,,,,,0.3925425708293915,0.5101647973060608,0.0015467152697965503,0.09572447836399078,0.4864676594734192,40879.0
21972,4.068459987640381,,,,,,,,,,40900.333333333336
21973,,8.0,,,,,,,,,40903.0
21974,,,3.999999999999996,0.0684599999999979,0.0,,,,,,40905.666666666664
21982,4.06850004196167,,,,,,,,,,40927.0
21983,,8.0,,,,,,,,,40929.666666666664
21984,,,3.999999999999996,0.0684999999999979,0.0,,,,,,40932.333333333336
21990,4.068540096282959,,,,,,,,,,40948.333333333336
21991,,8.0,,,,,,,,,40951.0
21992,,,3.999999999999996,0.0685399999999979,0.0,,,,,,40953.666666666664
22003,4.068580150604248,,,,,,,,,,40983.0
22004,,8.0,,,,,,,,,40985.666666666664
22005,,,3.999999999999996,0.06857999999999789,0.0,,,,,,40988.333333333336
22009,,,,,,0.4686445891857147,0.5874630212783813,-0.001761886989697814,0.10685717314481735,0.7367525100708008,40993.4
22019,4.068620204925537,,,,,,,,,,41017.4
22020,,8.0,,,,,,,,,41019.8
22021,,,3.999999999999996,0.06861999999999789,0.0,,,,,,41022.2
22029,4.068659782409668,,,,,,,,,,41041.4
22030,,8.0,,,,,,,,,41043.8
22031,,,3.999999999999996,0.06865999999999789,0.0,,,,,,41046.2
22043,4.068699836730957,,,,,,,,,,41075.0
22044,,8.0,,,,,,,,,41077.4
22045,,,3.999999999999996,0.06869999999999789,0.0,,,,,,41079.8
22055,4.068739891052246,,,,,,,,,,41103.8
22056,,8.0,,,,,,,,,41106.2
22057,,,3.999999999999996,0.06873999999999789,0.0,,,,,,41108.6
22062,,,,,,0.4563564360141754,0.5806850790977478,0.002039776649326086,0.11881937831640244,0.4716988801956177,41115.705882352944
22068,,,,,,0.4507748782634735,0.5424661040306091,-0.00548878638073802,0.11204686760902405,0.5500901341438293,41129.82352941176
22076,4.068779945373535,,,,,,,,,,41148.64705882353
22077,,8.0,,,,,,,,,41151.0
22078,,,3.999999999999996,0.06877999999999788,0.0,,,,,,41153.35294117647
22088,4.068819999694824,,,,,,,,,,41176.882352941175
22089,,8.0,,,,,,,,,41179.23529411765
22090,,,3.999999999999996,0.06881999999999788,0.0,,,,,,41181.58823529412
22098,4.068860054016113,,,,,,,,,,41200.41176470588
22099,,8.0,,,,,,,,,41202.76470588235
22100,,,3.999999999999996,0.06885999999999788,0.0,,,,,,41205.117647058825
22108,4.068900108337402,,,,,,,,,,41223.94117647059
22109,,8.0,,,,,,,,,41226.294117647056
22110,,,3.999999999999996,0.06889999999999788,0.0,,,,,,41228.64705882353
22116,,,,,,0.4747447967529297,0.6037182211875916,0.004217497538775206,0.08846012502908707,1.0241495370864868,41237.79245283019
22121,4.068940162658691,,,,,,,,,,41249.11320754717
22122,,8.0,,,,,,,,,41251.377358490565
22123,,,3.999999999999996,0.06893999999999788,0.0,,,,,,41253.64150943396
22138,4.0689802169799805,,,,,,,,,,41287.6037735849
22139,,8.0,,,,,,,,,41289.8679245283
22140,,,3.999999999999996,0.06897999999999788,0.0,,,,,,41292.1320754717
22149,4.069019794464111,,,,,,,,,,41312.50943396227
22150,,8.0,,,,,,,,,41314.77358490566
22151,,,3.999999999999996,0.06901999999999787,0.0,,,,,,41317.03773584906
22163,4.0690598487854,,,,,,,,,,41344.20754716981
22164,,8.0,,,,,,,,,41346.47169811321
22165,,,3.999999999999996,0.06905999999999787,0.0,,,,,,41348.735849056604
22170,,,,,,0.4713638126850128,0.5553796887397766,0.009344719350337982,0.08513451367616653,0.8223108649253845,41356.454545454544
22179,4.0690999031066895,,,,,,,,,,41381.0
22180,,8.0,,,,,,,,,41383.72727272727
22181,,,3.999999999999996,0.06909999999999787,0.0,,,,,,41386.454545454544
22187,4.0691399574279785,,,,,,,,,,41402.818181818184
22188,,8.0,,,,,,,,,41405.545454545456
22189,,,3.999999999999996,0.06913999999999787,0.0,,,,,,41408.27272727273
22200,4.069180011749268,,,,,,,,,,41438.27272727273
22201,,8.0,,,,,,,,,41441.0
22202,,,3.999999999999996,0.06917999999999787,0.0,,,,,,41443.72727272727
22209,4.069220066070557,,,,,,,,,,41462.818181818184
22210,,8.0,,,,,,,,,41465.545454545456
22211,,,3.999999999999996,0.06921999999999787,0.0,,,,,,41468.27272727273
22216,,,,,,0.41684818267822266,0.5336441993713379,0.006234309170395136,0.08635735511779785,0.582790732383728,41475.8
22228,4.069260120391846,,,,,,,,,,41504.6
22229,,8.0,,,,,,,,,41507.0
22230,,,3.999999999999996,0.06925999999999786,0.0,,,,,,41509.4
22239,4.069300174713135,,,,,,,,,,41531.0
22240,,8.0,,,,,,,,,41533.4
22241,,,3.999999999999996,0.06929999999999786,0.0,,,,,,41535.8
22252,4.069340229034424,,,,,,,,,,41562.2
22253,,8.0,,,,,,,,,41564.6
22254,,,3.999999999999996,0.06933999999999786,0.0,,,,,,41567.0
22261,4.069379806518555,,,,,,,,,,41583.8
22262,,8.0,,,,,,,,,41586.2
22263,,,3.999999999999996,0.06937999999999786,0.0,,,,,,41588.6
22269,,,,,,0.42827263474464417,0.5230371952056885,0.02079271711409092,0.09827834367752075,0.890470564365387,41597.0
22281,4.069419860839844,,,,,,,,,,41621.0
22282,,8.0,,,,,,,,,41623.0
22283,,,3.999999999999996,0.06941999999999786,0.0,,,,,,41625.0
22298,4.069459915161133,,,,,,,,,,41655.0
22299,,8.0,,,,,,,,,41657.0
22300,,,3.999999999999996,0.06945999999999786,0.0,,,,,,41659.0
22312,4.069499969482422,,,,,,,,,,41683.0
22313,,8.0,,,,,,,,,41685.0
22314,,,3.999999999999996,0.06949999999999786,0.0,,,,,,41687.0
22323,4.069540023803711,,,,,,,,,,41705.0
22324,,8.0,,,,,,,,,41707.0
22325,,,3.999999999999996,0.06953999999999785,0.0,,,,,,41709.0
22329,,,,,,0.46291810274124146,0.5625020265579224,0.021209167316555977,0.08964275568723679,1.0616554021835327,41713.72727272727
22333,,,,,,0.42085525393486023,0.5470945835113525,0.006597203202545643,0.10217293351888657,0.7450700998306274,41724.63636363636
22338,4.069580078125,,,,,,,,,,41738.27272727273
22339,,8.0,,,,,,,,,41741.0
22340,,,3.999999999999996,0.06957999999999785,0.0,,,,,,41743.72727272727
22346,4.069620132446289,,,,,,,,,,41760.09090909091
22347,,8.0,,,,,,,,,41762.818181818184
22348,,,3.999999999999996,0.06961999999999785,0.0,,,,,,41765.545454545456
22357,4.069660186767578,,,,,,,,,,41790.09090909091
22358,,8.0,,,,,,,,,41792.818181818184
22359,,,3.999999999999996,0.06965999999999785,0.0,,,,,,41795.545454545456
22369,4.069699764251709,,,,,,,,,,41822.818181818184
22370,,8.0,,,,,,,,,41825.545454545456
22371,,,3.999999999999996,0.06969999999999785,0.0,,,,,,41828.27272727273
22377,,,,,,0.43511176109313965,0.5582959055900574,0.018864953890442848,0.10876426100730896,0.8578978776931763,41839.37209302326
22382,4.069739818572998,,,,,,,,,,41853.32558139535
22383,,8.0,,,,,,,,,41856.11627906977
22384,,,3.999999999999996,0.06973999999999785,0.0,,,,,,41858.90697674418
22394,4.069779872894287,,,,,,,,,,41886.813953488374
22395,,8.0,,,,,,,,,41889.604651162794
22396,,,3.999999999999996,0.06977999999999784,0.0,,,,,,41892.395348837206
22403,4.069819927215576,,,,,,,,,,41911.93023255814
22404,,8.0,,,,,,,,,41914.72093023256
22405,,,3.999999999999996,0.06981999999999784,0.0,,,,,,41917.51162790698
22414,4.069859981536865,,,,,,,,,,41942.62790697674
22415,,8.0,,,,,,,,,41945.41860465116
22416,,,3.999999999999996,0.06985999999999784,0.0,,,,,,41948.20930232558
22422,,,,,,0.49899646639823914,0.6009528040885925,0.020010029897093773,0.10719731450080872,1.0398385524749756,41958.34693877551
22431,4.069900035858154,,,,,,,,,,41980.38775510204
22432,,8.0,,,,,,,,,41982.836734693876
22433,,,3.999999999999996,0.06989999999999784,0.0,,,,,,41985.28571428572
22441,4.069940090179443,,,,,,,,,,42004.87755102041
22442,,8.0,,,,,,,,,42007.32653061225
22443,,,3.999999999999996,0.06993999999999784,0.0,,,,,,42009.77551020408
22453,4.069980144500732,,,,,,,,,,42034.26530612245
22454,,8.0,,,,,,,,,42036.71428571428
22455,,,3.999999999999996,0.06997999999999784,0.0,,,,,,42039.163265306124
22465,4.0700201988220215,,,,,,,,,,42063.65306122449
22466,,8.0,,,,,,,,,42066.102040816324
22467,,,3.999999999999996,0.07001999999999783,0.0,,,,,,42068.551020408166
22473,,,,,,0.43014246225357056,0.5422396063804626,0.03277735412120819,0.08493266999721527,1.270491600036621,42078.34693877551
22480,4.070059776306152,,,,,,,,,,42095.489795918365
22481,,8.0,,,,,,,,,42097.93877551021
22482,,,3.999999999999996,0.07005999999999783,0.0,,,,,,42100.38775510204
22491,4.070099830627441,,,,,,,,,,42122.42857142857
22492,,8.0,,,,,,,,,42124.87755102041
22493,,,3.999999999999996,0.07009999999999783,0.0,,,,,,42127.32653061225
22504,4.0701398849487305,,,,,,,,,,42154.26530612245
22505,,8.0,,,,,,,,,42156.71428571428
22506,,,3.999999999999996,0.07013999999999783,0.0,,,,,,42159.163265306124
22516,4.0701799392700195,,,,,,,,,,42183.65306122449
22517,,8.0,,,,,,,,,42186.102040816324
22518,,,3.999999999999996,0.07017999999999783,0.0,,,,,,42188.551020408166
22523,,,,,,0.4448665380477905,0.5633718967437744,0.021157968789339066,0.08917540311813354,0.7654309272766113,42195.61538461538
22532,4.070219993591309,,,,,,,,,,42216.38461538462
22533,,8.0,,,,,,,,,42218.692307692305
22534,,,3.999999999999996,0.07021999999999783,0.0,,,,,,42221.0
22545,4.070260047912598,,,,,,,,,,42246.38461538462
22546,,8.0,,,,,,,,,42248.692307692305
22547,,,3.999999999999996,0.07025999999999782,0.0,,,,,,42251.0
22559,4.070300102233887,,,,,,,,,,42278.692307692305
22560,,8.0,,,,,,,,,42281.0
22561,,,3.999999999999996,0.07029999999999782,0.0,,,,,,42283.307692307695
22570,4.070340156555176,,,,,,,,,,42304.07692307692
22571,,8.0,,,,,,,,,42306.38461538462
22572,,,3.999999999999996,0.07033999999999782,0.0,,,,,,42308.692307692305
22577,,,,,,0.5169554948806763,0.6398483514785767,0.03995579853653908,0.10116161406040192,1.0923107862472534,42315.8
22579,,,,,,0.5340907573699951,0.6591140031814575,0.03302066773176193,0.12097427994012833,1.181738018989563,42320.6
22590,4.070380210876465,,,,,,,,,,42347.0
22591,,8.0,,,,,,,,,42349.4
22592,,,3.999999999999996,0.07037999999999782,0.0,,,,,,42351.8
22600,4.070419788360596,,,,,,,,,,42371.0
22601,,8.0,,,,,,,,,42373.4
22602,,,3.999999999999996,0.07041999999999782,0.0,,,,,,42375.8
22609,4.070459842681885,,,,,,,,,,42392.6
22610,,8.0,,,,,,,,,42395.0
22611,,,3.999999999999996,0.07045999999999782,0.0,,,,,,42397.4
22622,4.070499897003174,,,,,,,,,,42423.8
22623,,8.0,,,,,,,,,42426.2
22624,,,3.999999999999996,0.07049999999999781,0.0,,,,,,42428.6
22631,,,,,,0.5319540500640869,0.6243893504142761,0.030818404629826546,0.13848595321178436,0.9559786319732666,42439.42105263158
22640,4.070539951324463,,,,,,,,,,42458.36842105263
22641,,8.0,,,,,,,,,42460.47368421053
22642,,,3.999999999999996,0.07053999999999781,0.0,,,,,,42462.57894736842
22657,4.070580005645752,,,,,,,,,,42494.15789473684
22658,,8.0,,,,,,,,,42496.26315789474
22659,,,3.999999999999996,0.07057999999999781,0.0,,,,,,42498.36842105263
22668,4.070620059967041,,,,,,,,,,42517.31578947369
22669,,8.0,,,,,,,,,42519.42105263158
22670,,,3.999999999999996,0.07061999999999781,0.0,,,,,,42521.52631578947
22681,4.07066011428833,,,,,,,,,,42544.68421052631
22682,,8.0,,,,,,,,,42546.78947368421
22683,,,3.999999999999996,0.07065999999999781,0.0,,,,,,42548.89473684211
22689,,,,,,0.39879292249679565,0.5066545605659485,0.02101764641702175,0.09724020212888718,0.5171105265617371,42557.79245283019
22700,4.070700168609619,,,,,,,,,,42582.698113207545
22701,,8.0,,,,,,,,,42584.96226415094
22702,,,3.999999999999996,0.0706999999999978,0.0,,,,,,42587.22641509434
22711,4.070740222930908,,,,,,,,,,42607.6037735849
22712,,8.0,,,,,,,,,42609.8679245283
22713,,,3.999999999999996,0.0707399999999978,0.0,,,,,,42612.1320754717
22720,4.070779800415039,,,,,,,,,,42627.981132075474
22721,,8.0,,,,,,,,,42630.24528301887
22722,,,3.999999999999996,0.0707799999999978,0.0,,,,,,42632.50943396227
22736,4.070819854736328,,,,,,,,,,42664.20754716981
22737,,8.0,,,,,,,,,42666.47169811321
22738,,,3.999999999999996,0.0708199999999978,0.0,,,,,,42668.735849056604
22744,,,,,,0.43019551038742065,0.5028284192085266,0.02528155781328678,0.07541720569133759,0.630395770072937,42677.79245283019
22755,4.070859909057617,,,,,,,,,,42702.698113207545
22756,,8.0,,,,,,,,,42704.96226415094
22757,,,3.999999999999996,0.0708599999999978,0.0,,,,,,42707.22641509434
22770,4.070899963378906,,,,,,,,,,42736.660377358494
22771,,8.0,,,,,,,,,42738.92452830189
22772,,,3.999999999999996,0.0708999999999978,0.0,,,,,,42741.188679245286
22780,4.070940017700195,,,,,,,,,,42759.301886792455
22781,,8.0,,,,,,,,,42761.56603773585
22782,,,3.999999999999996,0.0709399999999978,0.0,,,,,,42763.83018867925
22791,4.070980072021484,,,,,,,,,,42784.20754716981
22792,,8.0,,,,,,,,,42786.47169811321
22793,,,3.999999999999996,0.0709799999999978,0.0,,,,,,42788.735849056604
22799,,,,,,0.5255588889122009,0.5935866236686707,0.023495109751820564,0.12526927888393402,1.005252480506897,42798.5
22809,4.071020126342773,,,,,,,,,,42823.5
22810,,8.0,,,,,,,,,42826.0
22811,,,3.999999999999996,0.0710199999999978,0.0,,,,,,42828.5
22818,4.0710601806640625,,,,,,,,,,42846.0
22819,,8.0,,,,,,,,,42848.5
22820,,,3.999999999999996,0.07105999999999779,0.0,,,,,,42851.0
22828,4.071100234985352,,,,,,,,,,42871.0
22829,,8.0,,,,,,,,,42873.5
22830,,,3.999999999999996,0.07109999999999779,0.0,,,,,,42876.0
22841,4.071139812469482,,,,,,,,,,42903.5
22842,,8.0,,,,,,,,,42906.0
22843,,,3.999999999999996,0.07113999999999779,0.0,,,,,,42908.5
22847,,,,,,0.41680610179901123,0.5401229858398438,0.02762792818248272,0.08110125362873077,0.7449063062667847,42913.55319148936
22849,,,,,,0.42658737301826477,0.5017609596252441,0.023525934666395187,0.09381911158561707,0.6264126896858215,42918.65957446808
22856,4.0711798667907715,,,,,,,,,,42936.53191489362
22857,,8.0,,,,,,,,,42939.085106382976
22858,,,3.999999999999996,0.07117999999999779,0.0,,,,,,42941.63829787234
22874,4.0712199211120605,,,,,,,,,,42982.48936170213
22875,,8.0,,,,,,,,,42985.04255319149
22876,,,3.999999999999996,0.07121999999999779,0.0,,,,,,42987.59574468085
22881,4.07125997543335,,,,,,,,,,43000.36170212766
22882,,8.0,,,,,,,,,43002.914893617024
22883,,,3.999999999999996,0.07125999999999778,0.0,,,,,,43005.46808510638
22890,4.071300029754639,,,,,,,,,,43023.34042553192
22891,,8.0,,,,,,,,,43025.89361702128
22892,,,3.999999999999996,0.07129999999999778,0.0,,,,,,43028.44680851064
22898,,,,,,0.3958514630794525,0.5035439729690552,0.016718465834856033,0.09073259681463242,0.5271313786506653,43039.37209302326
22907,4.071340084075928,,,,,,,,,,43064.48837209302
22908,,8.0,,,,,,,,,43067.27906976744
22909,,,3.999999999999996,0.07133999999999778,0.0,,,,,,43070.06976744186
22916,4.071380138397217,,,,,,,,,,43089.604651162794
22917,,8.0,,,,,,,,,43092.395348837206
22918,,,3.999999999999996,0.07137999999999778,0.0,,,,,,43095.186046511626
22926,4.071420192718506,,,,,,,,,,43117.51162790698
22927,,8.0,,,,,,,,,43120.3023255814
22928,,,3.999999999999996,0.07141999999999778,0.0,,,,,,43123.09302325582
22935,4.071459770202637,,,,,,,,,,43142.62790697674
22936,,8.0,,,,,,,,,43145.41860465116
22937,,,3.999999999999996,0.07145999999999778,0.0,,,,,,43148.20930232558
22945,,,,,,0.4242149889469147,0.521278977394104,0.020772235468029976,0.09099747240543365,0.7796973586082458,43162.53846153846
22955,4.071499824523926,,,,,,,,,,43185.61538461538
22956,,8.0,,,,,,,,,43187.92307692308
22957,,,3.999999999999996,0.07149999999999777,0.0,,,,,,43190.230769230766
22966,4.071539878845215,,,,,,,,,,43211.0
22967,,8.0,,,,,,,,,43213.307692307695
22968,,,3.999999999999996,0.07153999999999777,0.0,,,,,,43215.61538461538
22979,4.071579933166504,,,,,,,,,,43241.0
22980,,8.0,,,,,,,,,43243.307692307695
22981,,,3.999999999999996,0.07157999999999777,0.0,,,,,,43245.61538461538
22989,4.071619987487793,,,,,,,,,,43264.07692307692
22990,,8.0,,,,,,,,,43266.38461538462
22991,,,3.999999999999996,0.07161999999999777,0.0,,,,,,43268.692307692305
22996,,,,,,0.4697265923023224,0.5998187065124512,0.0017938045784831047,0.09879234433174133,0.8845301866531372,43275.444444444445
23005,4.071660041809082,,,,,,,,,,43295.444444444445
23006,,8.0,,,,,,,,,43297.666666666664
23007,,,3.999999999999996,0.07165999999999777,0.0,,,,,,43299.88888888889
23020,4.071700096130371,,,,,,,,,,43328.77777777778
23021,,8.0,,,,,,,,,43331.0
23022,,,3.999999999999996,0.07169999999999777,0.0,,,,,,43333.22222222222
23031,4.07174015045166,,,,,,,,,,43353.22222222222
23032,,8.0,,,,,,,,,43355.444444444445
23033,,,3.999999999999996,0.07173999999999776,0.0,,,,,,43357.666666666664
23045,4.071780204772949,,,,,,,,,,43384.333333333336
23046,,8.0,,,,,,,,,43386.555555555555
23047,,,3.999999999999996,0.07177999999999776,0.0,,,,,,43388.77777777778
23053,,,,,,0.5058927536010742,0.5971618890762329,0.014264234341681004,0.11990787088871002,1.05939781665802,43398.05882352941
23064,4.07181978225708,,,,,,,,,,43423.94117647059
23065,,8.0,,,,,,,,,43426.294117647056
23066,,,3.999999999999996,0.07181999999999776,0.0,,,,,,43428.64705882353
23074,4.071859836578369,,,,,,,,,,43447.470588235294
23075,,8.0,,,,,,,,,43449.82352941176
23076,,,3.999999999999996,0.07185999999999776,0.0,,,,,,43452.17647058824
23084,4.071899890899658,,,,,,,,,,43471.0
23085,,8.0,,,,,,,,,43473.35294117647
23086,,,3.999999999999996,0.07189999999999776,0.0,,,,,,43475.705882352944
23098,4.071939945220947,,,,,,,,,,43503.94117647059
23099,,8.0,,,,,,,,,43506.294117647056
23100,,,3.999999999999996,0.07193999999999776,0.0,,,,,,43508.64705882353
23104,,,,,,0.4379255473613739,0.5329023599624634,0.02111801691353321,0.0969204306602478,0.5779988765716553,43513.264150943396
23108,,,,,,0.4824542999267578,0.5995261073112488,0.013863341882824898,0.09267386049032211,0.8622293472290039,43522.32075471698
23117,4.071979999542236,,,,,,,,,,43542.698113207545
23118,,8.0,,,,,,,,,43544.96226415094
23119,,,3.999999999999996,0.07197999999999775,0.0,,,,,,43547.22641509434
23124,4.072020053863525,,,,,,,,,,43558.54716981132
23125,,8.0,,,,,,,,,43560.811320754714
23126,,,3.999999999999996,0.07201999999999775,0.0,,,,,,43563.07547169811
23138,4.0720601081848145,,,,,,,,,,43590.24528301887
23139,,8.0,,,,,,,,,43592.50943396227
23140,,,3.999999999999996,0.07205999999999775,0.0,,,,,,43594.77358490566
23153,4.0721001625061035,,,,,,,,,,43624.20754716981
23154,,8.0,,,,,,,,,43626.47169811321
23155,,,3.999999999999996,0.07209999999999775,0.0,,,,,,43628.735849056604
23162,,,,,,0.4688839316368103,0.5604078769683838,0.01612403802573681,0.07916774600744247,0.8555158376693726,43641.90909090909
23170,4.072140216827393,,,,,,,,,,43663.72727272727
23171,,8.0,,,,,,,,,43666.454545454544
23172,,,3.999999999999996,0.07213999999999775,0.0,,,,,,43669.181818181816
23178,4.072179794311523,,,,,,,,,,43685.545454545456
23179,,8.0,,,,,,,,,43688.27272727273
23180,,,3.999999999999996,0.07217999999999775,0.0,,,,,,43691.0
23187,4.0722198486328125,,,,,,,,,,43710.09090909091
23188,,8.0,,,,,,,,,43712.818181818184
23189,,,3.999999999999996,0.07221999999999774,0.0,,,,,,43715.545454545456
23199,4.072259902954102,,,,,,,,,,43742.818181818184
23200,,8.0,,,,,,,,,43745.545454545456
23201,,,3.999999999999996,0.07225999999999774,0.0,,,,,,43748.27272727273
23206,,,,,,0.4372932016849518,0.5767228007316589,0.026571311056613922,0.10042066872119904,0.7963032722473145,43755.444444444445
23217,4.072299957275391,,,,,,,,,,43779.88888888889
23218,,8.0,,,,,,,,,43782.11111111111
23219,,,3.999999999999996,0.07229999999999774,0.0,,,,,,43784.333333333336
23232,4.07234001159668,,,,,,,,,,43813.22222222222
23233,,8.0,,,,,,,,,43815.444444444445
23234,,,3.999999999999996,0.07233999999999774,0.0,,,,,,43817.666666666664
23244,4.072380065917969,,,,,,,,,,43839.88888888889
23245,,8.0,,,,,,,,,43842.11111111111
23246,,,3.999999999999996,0.07237999999999774,0.0,,,,,,43844.333333333336
23255,4.072420120239258,,,,,,,,,,43864.333333333336
23256,,8.0,,,,,,,,,43866.555555555555
23257,,,3.999999999999996,0.07241999999999774,0.0,,,,,,43868.77777777778
23262,,,,,,0.4695521891117096,0.5108947157859802,0.016577642410993576,0.07410193234682083,1.2468273639678955,43875.705882352944
23272,4.072460174560547,,,,,,,,,,43899.23529411765
23273,,8.0,,,,,,,,,43901.58823529412
23274,,,3.999999999999996,0.07245999999999773,0.0,,,,,,43903.94117647059
23283,4.072500228881836,,,,,,,,,,43925.117647058825
23284,,8.0,,,,,,,,,43927.470588235294
23285,,,3.999999999999996,0.07249999999999773,0.0,,,,,,43929.82352941176
23293,4.072539806365967,,,,,,,,,,43948.64705882353
23294,,8.0,,,,,,,,,43951.0
23295,,,3.999999999999996,0.07253999999999773,0.0,,,,,,43953.35294117647
23308,4.072579860687256,,,,,,,,,,43983.94117647059
23309,,8.0,,,,,,,,,43986.294117647056
23310,,,3.999999999999996,0.07257999999999773,0.0,,,,,,43988.64705882353
23316,,,,,,0.4427928924560547,0.5016685128211975,0.015765683725476265,0.08172926306724548,1.1176745891571045,43997.42857142857
23325,4.072619915008545,,,,,,,,,,44016.71428571428
23326,,8.0,,,,,,,,,44018.857142857145
23327,,,3.999999999999996,0.07261999999999773,0.0,,,,,,44021.0
23339,4.072659969329834,,,,,,,,,,44046.71428571428
23340,,8.0,,,,,,,,,44048.857142857145
23341,,,3.999999999999996,0.07265999999999773,0.0,,,,,,44051.0
23350,4.072700023651123,,,,,,,,,,44070.28571428572
23351,,8.0,,,,,,,,,44072.42857142857
23352,,,3.999999999999996,0.07269999999999772,0.0,,,,,,44074.57142857143
23366,4.072740077972412,,,,,,,,,,44104.57142857143
23367,,8.0,,,,,,,,,44106.71428571428
23368,,,3.999999999999996,0.07273999999999772,0.0,,,,,,44108.857142857145
23372,,,,,,0.42665794491767883,0.5111232995986938,0.03060399740934372,0.07937261462211609,0.5356612801551819,44114.15789473684
23378,,,,,,0.4921890199184418,0.5766926407814026,0.027527974918484688,0.0802147313952446,0.9551786184310913,44133.10526315789
23383,4.072780132293701,,,,,,,,,,44148.89473684211
23384,,8.0,,,,,,,,,44152.05263157895
23385,,,3.999999999999996,0.07277999999999772,0.0,,,,,,44155.21052631579
23388,4.07282018661499,,,,,,,,,,44164.68421052631
23389,,8.0,,,,,,,,,44167.84210526316
23390,,,3.999999999999996,0.07281999999999772,0.0,,,,,,44171.0
23396,4.072859764099121,,,,,,,,,,44189.94736842105
23397,,8.0,,,,,,,,,44193.10526315789
23398,,,3.999999999999996,0.07285999999999772,0.0,,,,,,44196.26315789474
23406,4.07289981842041,,,,,,,,,,44221.52631578947
23407,,8.0,,,,,,,,,44224.68421052631
23408,,,3.999999999999996,0.07289999999999772,0.0,,,,,,44227.84210526316
23414,,,,,,0.5176356434822083,0.5977336764335632,0.027782758697867393,0.09803067892789841,0.9226518273353577,44238.2
23425,4.072939872741699,,,,,,,,,,44264.6
23426,,8.0,,,,,,,,,44267.0
23427,,,3.999999999999996,0.07293999999999771,0.0,,,,,,44269.4
23439,4.072979927062988,,,,,,,,,,44298.2
23440,,8.0,,,,,,,,,44300.6
23441,,,3.999999999999996,0.07297999999999771,0.0,,,,,,44303.0
23447,4.073019981384277,,,,,,,,,,44317.4
23448,,8.0,,,,,,,,,44319.8
23449,,,3.999999999999996,0.07301999999999771,0.0,,,,,,44322.2
23458,4.073060035705566,,,,,,,,,,44343.8
23459,,8.0,,,,,,,,,44346.2
23460,,,3.999999999999996,0.07305999999999771,0.0,,,,,,44348.6
23464,,,,,,0.44408538937568665,0.5381773114204407,0.015142867341637611,0.05237956717610359,0.493619441986084,44353.608695652176
23471,4.0731000900268555,,,,,,,,,,44371.86956521739
23472,,8.0,,,,,,,,,44374.47826086957
23473,,,3.999999999999996,0.07309999999999771,0.0,,,,,,44377.086956521736
23485,4.0731401443481445,,,,,,,,,,44408.391304347824
23486,,8.0,,,,,,,,,44411.0
23487,,,3.999999999999996,0.0731399999999977,0.0,,,,,,44413.608695652176
23497,4.073180198669434,,,,,,,,,,44439.69565217391
23498,,8.0,,,,,,,,,44442.30434782609
23499,,,3.999999999999996,0.0731799999999977,0.0,,,,,,44444.913043478264
23506,4.0732197761535645,,,,,,,,,,44463.17391304348
23507,,8.0,,,,,,,,,44465.782608695656
23508,,,3.999999999999996,0.0732199999999977,0.0,,,,,,44468.391304347824
23514,,,,,,0.49953019618988037,0.5930259227752686,0.0074266670271754265,0.0865430012345314,0.6910030841827393,44477.92307692308
23523,4.0732598304748535,,,,,,,,,,44498.692307692305
23524,,8.0,,,,,,,,,44501.0
23525,,,3.999999999999996,0.0732599999999977,0.0,,,,,,44503.307692307695
23537,4.073299884796143,,,,,,,,,,44531.0
23538,,8.0,,,,,,,,,44533.307692307695
23539,,,3.999999999999996,0.0732999999999977,0.0,,,,,,44535.61538461538
23549,4.073339939117432,,,,,,,,,,44558.692307692305
23550,,8.0,,,,,,,,,44561.0
23551,,,3.999999999999996,0.0733399999999977,0.0,,,,,,44563.307692307695
23560,4.073379993438721,,,,,,,,,,44584.07692307692
23561,,8.0,,,,,,,,,44586.38461538462
23562,,,3.999999999999996,0.0733799999999977,0.0,,,,,,44588.692307692305
23566,,,,,,0.48835405707359314,0.5886953473091125,0.02073090896010399,0.10020966827869415,0.8460314869880676,44591.65573770492
23581,4.07342004776001,,,,,,,,,,44601.49180327869
23582,,8.0,,,,,,,,,44602.147540983606
23583,,,3.999999999999996,0.0734199999999977,0.0,,,,,,44602.80327868852
23592,4.073460102081299,,,,,,,,,,44608.70491803279
23593,,8.0,,,,,,,,,44609.360655737706
23594,,,3.999999999999996,0.0734599999999977,0.0,,,,,,44610.016393442624
23608,4.073500156402588,,,,,,,,,,44619.19672131148
23609,,8.0,,,,,,,,,44619.852459016394
23610,,,3.999999999999996,0.07349999999999769,0.0,,,,,,44620.50819672131
23623,4.073540210723877,,,,,,,,,,44629.03278688525
23624,,8.0,,,,,,,,,44629.688524590165
23625,,,3.999999999999996,0.07353999999999769,0.0,,,,,,44630.34426229508
23631,,,,,,0.5341934561729431,0.6263347268104553,0.027579421177506447,0.12793348729610443,1.1299333572387695,44637.79245283019
23635,,,,,,0.4225066602230072,0.5137982368469238,0.011366366408765316,0.09234916418790817,0.6334845423698425,44646.84905660377
23641,4.073579788208008,,,,,,,,,,44660.43396226415
23642,,8.0,,,,,,,,,44662.698113207545
23643,,,3.999999999999996,0.07357999999999769,0.0,,,,,,44664.96226415094
23654,4.073619842529297,,,,,,,,,,44689.8679245283
23655,,8.0,,,,,,,,,44692.1320754717
23656,,,3.999999999999996,0.07361999999999769,0.0,,,,,,44694.3962264151
23667,4.073659896850586,,,,,,,,,,44719.301886792455
23668,,8.0,,,,,,,,,44721.56603773585
23669,,,3.999999999999996,0.07365999999999769,0.0,,,,,,44723.83018867925
23678,4.073699951171875,,,,,,,,,,44744.20754716981
23679,,8.0,,,,,,,,,44746.47169811321
23680,,,3.999999999999996,0.07369999999999768,0.0,,,,,,44748.735849056604
23685,,,,,,0.4843694269657135,0.5916405916213989,0.013427733443677425,0.07301527261734009,0.7888123393058777,44755.36363636364
23696,4.073740005493164,,,,,,,,,,44779.36363636364
23697,,8.0,,,,,,,,,44781.545454545456
23698,,,3.999999999999996,0.07373999999999768,0.0,,,,,,44783.72727272727
23709,4.073780059814453,,,,,,,,,,44807.72727272727
23710,,8.0,,,,,,,,,44809.90909090909
23711,,,3.999999999999996,0.07377999999999768,0.0,,,,,,44812.09090909091
23720,4.073820114135742,,,,,,,,,,44831.72727272727
23721,,8.0,,,,,,,,,44833.90909090909
23722,,,3.999999999999996,0.07381999999999768,0.0,,,,,,44836.09090909091
23735,4.073860168457031,,,,,,,,,,44864.454545454544
23736,,8.0,,,,,,,,,44866.63636363636
23737,,,3.999999999999996,0.07385999999999768,0.0,,,,,,44868.818181818184
23744,,,,,,0.4678950905799866,0.5448564887046814,0.03686056286096573,0.0895438864827156,1.0244550704956055,44881.0
23758,4.07390022277832,,,,,,,,,,44916.0
23759,,8.0,,,,,,,,,44918.5
23760,,,3.999999999999996,0.07389999999999768,0.0,,,,,,44921.0
23766,4.073939800262451,,,,,,,,,,44936.0
23767,,8.0,,,,,,,,,44938.5
23768,,,3.999999999999996,0.07393999999999767,0.0,,,,,,44941.0
23776,4.07397985458374,,,,,,,,,,44961.0
23777,,8.0,,,,,,,,,44963.5
23778,,,3.999999999999996,0.07397999999999767,0.0,,,,,,44966.0
23785,4.074019908905029,,,,,,,,,,44983.5
23786,,8.0,,,,,,,,,44986.0
23787,,,3.999999999999996,0.07401999999999767,0.0,,,,,,44988.5
23792,,,,,,0.5245893597602844,0.628521740436554,0.03447839990258217,0.14174029231071472,0.8830720782279968,44993.58536585366
23798,4.074059963226318,,,,,,,,,,45001.34146341463
23799,,8.0,,,,,,,,,45002.634146341465
23800,,,3.999999999999996,0.07405999999999767,0.0,,,,,,45003.92682926829
23807,4.074100017547607,,,,,,,,,,45012.9756097561
23808,,8.0,,,,,,,,,45014.26829268293
23809,,,3.999999999999996,0.07409999999999767,0.0,,,,,,45015.560975609755
23816,4.0741400718688965,,,,,,,,,,45024.60975609756
23817,,8.0,,,,,,,,,45025.90243902439
23818,,,3.999999999999996,0.07413999999999767,0.0,,,,,,45027.19512195122
23828,4.0741801261901855,,,,,,,,,,45040.12195121951
23829,,8.0,,,,,,,,,45041.41463414634
23830,,,3.999999999999996,0.07417999999999766,0.0,,,,,,45042.70731707317
23836,,,,,,0.46478837728500366,0.5276911854743958,0.006882204208523035,0.093323715031147,0.5858176350593567,45052.78048780488
23845,4.074220180511475,,,,,,,,,,45079.12195121951
23846,,8.0,,,,,,,,,45082.04878048781
23847,,,3.999999999999996,0.07421999999999766,0.0,,,,,,45084.9756097561
23853,4.074260234832764,,,,,,,,,,45102.53658536585
23854,,8.0,,,,,,,,,45105.46341463415
23855,,,3.999999999999996,0.07425999999999766,0.0,,,,,,45108.39024390244
23862,4.0742998123168945,,,,,,,,,,45128.87804878049
23863,,8.0,,,,,,,,,45131.80487804878
23864,,,3.999999999999996,0.07429999999999766,0.0,,,,,,45134.73170731707
23871,4.074339866638184,,,,,,,,,,45155.21951219512
23872,,8.0,,,,,,,,,45158.14634146341
23873,,,3.999999999999996,0.07433999999999766,0.0,,,,,,45161.07317073171
23877,,,,,,0.44368019700050354,0.5298300385475159,0.014872685074806213,0.07642097026109695,0.5400447845458984,45166.72727272727
23881,,,,,,0.41250908374786377,0.4963545501232147,0.0207001194357872,0.07133053988218307,0.38678985834121704,45177.63636363636
23887,4.074379920959473,,,,,,,,,,45194.0
23888,,8.0,,,,,,,,,45196.72727272727
23889,,,3.999999999999996,0.07437999999999766,0.0,,,,,,45199.454545454544
23896,4.074419975280762,,,,,,,,,,45218.545454545456
23897,,8.0,,,,,,,,,45221.27272727273
23898,,,3.999999999999996,0.07441999999999765,0.0,,,,,,45224.0
23907,4.074460029602051,,,,,,,,,,45248.545454545456
23908,,8.0,,,,,,,,,45251.27272727273
23909,,,3.999999999999996,0.07445999999999765,0.0,,,,,,45254.0
23917,4.07450008392334,,,,,,,,,,45275.818181818184
23918,,8.0,,,,,,,,,45278.545454545456
23919,,,3.999999999999996,0.07449999999999765,0.0,,,,,,45281.27272727273
23924,,,,,,0.3925231099128723,0.48420724272727966,0.023640956729650497,0.05976344645023346,0.16550135612487793,45285.92
23930,4.074540138244629,,,,,,,,,,45291.68
23931,,8.0,,,,,,,,,45292.64
23932,,,3.999999999999996,0.07453999999999765,0.0,,,,,,45293.6
23940,4.074580192565918,,,,,,,,,,45301.28
23941,,8.0,,,,,,,,,45302.24
23942,,,3.999999999999996,0.07457999999999765,0.0,,,,,,45303.2
23952,4.074619770050049,,,,,,,,,,45312.8
23953,,8.0,,,,,,,,,45313.76
23954,,,3.999999999999996,0.07461999999999765,0.0,,,,,,45314.72
23969,4.074659824371338,,,,,,,,,,45329.12
23970,,8.0,,,,,,,,,45330.08
23971,,,3.999999999999996,0.07465999999999764,0.0,,,,,,45331.04
23978,,,,,,0.5357311964035034,0.6633160710334778,0.05231676250696182,0.13092917203903198,0.5416969656944275,45334.77551020408
23985,4.074699878692627,,,,,,,,,,45339.63265306123
23986,,8.0,,,,,,,,,45340.32653061225
23987,,,3.999999999999996,0.07469999999999764,0.0,,,,,,45341.02040816326
23995,4.074739933013916,,,,,,,,,,45346.57142857143
23996,,8.0,,,,,,,,,45347.26530612245
23997,,,3.999999999999996,0.07473999999999764,0.0,,,,,,45347.95918367347
24011,4.074779987335205,,,,,,,,,,45357.67346938775
24012,,8.0,,,,,,,,,45358.36734693877
24013,,,3.999999999999996,0.07477999999999764,0.0,,,,,,45359.06122448979
24020,4.074820041656494,,,,,,,,,,45363.91836734694
24021,,8.0,,,,,,,,,45364.61224489796
24022,,,3.999999999999996,0.07481999999999764,0.0,,,,,,45365.30612244898
24028,,,,,,0.45134231448173523,0.6031550168991089,0.02743549831211567,0.10249484330415726,0.11090551316738129,45369.12765957447
24038,4.074860095977783,,,,,,,,,,45379.55319148936
24039,,8.0,,,,,,,,,45380.59574468085
24040,,,3.999999999999996,0.07485999999999764,0.0,,,,,,45381.63829787234
24051,4.074900150299072,,,,,,,,,,45393.10638297872
24052,,8.0,,,,,,,,,45394.14893617021
24053,,,3.999999999999996,0.07489999999999764,0.0,,,,,,45395.1914893617
24059,4.074940204620361,,,,,,,,,,45401.44680851064
24060,,8.0,,,,,,,,,45402.48936170213
24061,,,3.999999999999996,0.07493999999999763,0.0,,,,,,45403.53191489362
24069,4.074979782104492,,,,,,,,,,45411.87234042553
24070,,8.0,,,,,,,,,45412.914893617024
24071,,,3.999999999999996,0.07497999999999763,0.0,,,,,,45413.95744680851
24076,,,,,,0.47302567958831787,0.5551508069038391,0.02514883503317833,0.08326619863510132,0.24010683596134186,45420.10638297872
24081,4.075019836425781,,,,,,,,,,45432.87234042553
24082,,8.0,,,,,,,,,45435.425531914894
24083,,,3.999999999999996,0.07501999999999763,0.0,,,,,,45437.97872340425
24094,4.07505989074707,,,,,,,,,,45466.063829787236
24095,,8.0,,,,,,,,,45468.617021276594
24096,,,3.999999999999996,0.07505999999999763,0.0,,,,,,45471.17021276596
24108,4.075099945068359,,,,,,,,,,45501.8085106383
24109,,8.0,,,,,,,,,45504.36170212766
24110,,,3.999999999999996,0.07509999999999763,0.0,,,,,,45506.914893617024
24118,4.075139999389648,,,,,,,,,,45527.34042553192
24119,,8.0,,,,,,,,,45529.89361702128
24120,,,3.999999999999996,0.07513999999999763,0.0,,,,,,45532.44680851064
24125,,,,,,0.4640566408634186,0.5906637907028198,0.01358993910253048,0.09602969884872437,0.49027037620544434,45539.36363636364
24130,,,,,,0.5435858368873596,0.6093565225601196,0.0011691151885315776,0.10360747575759888,0.607966423034668,45550.27272727273
24139,4.0751800537109375,,,,,,,,,,45569.90909090909
24140,,8.0,,,,,,,,,45572.09090909091
24141,,,3.999999999999996,0.07517999999999762,0.0,,,,,,45574.27272727273
24148,4.075220108032227,,,,,,,,,,45589.545454545456
24149,,8.0,,,,,,,,,45591.72727272727
24150,,,3.999999999999996,0.07521999999999762,0.0,,,,,,45593.90909090909
24161,4.075260162353516,,,,,,,,,,45617.90909090909
24162,,8.0,,,,,,,,,45620.09090909091
24163,,,3.999999999999996,0.07525999999999762,0.0,,,,,,45622.27272727273
24175,4.075300216674805,,,,,,,,,,45648.454545454544
24176,,8.0,,,,,,,,,45650.63636363636
24177,,,3.999999999999996,0.07529999999999762,0.0,,,,,,45652.818181818184
24183,,,,,,0.5357996821403503,0.5958435535430908,-0.007319233845919371,0.10769184678792953,0.2564206123352051,45659.02272727273
24196,4.0753397941589355,,,,,,,,,,45676.454545454544
24197,,8.0,,,,,,,,,45677.795454545456
24198,,,3.999999999999996,0.07533999999999762,0.0,,,,,,45679.13636363636
24206,4.075379848480225,,,,,,,,,,45689.86363636364
24207,,8.0,,,,,,,,,45691.204545454544
24208,,,3.999999999999996,0.07537999999999762,0.0,,,,,,45692.545454545456
24213,4.075419902801514,,,,,,,,,,45699.25
24214,,8.0,,,,,,,,,45700.59090909091
24215,,,3.999999999999996,0.07541999999999761,0.0,,,,,,45701.931818181816
24221,4.075459957122803,,,,,,,,,,45709.97727272727
24222,,8.0,,,,,,,,,45711.318181818184
24223,,,3.999999999999996,0.07545999999999761,0.0,,,,,,45712.65909090909
24229,,,,,,0.5003580451011658,0.6177297234535217,0.036367788910865784,0.06983151286840439,0.20964382588863373,45720.31578947369
24242,4.075500011444092,,,,,,,,,,45747.68421052631
24243,,8.0,,,,,,,,,45749.78947368421
24244,,,3.999999999999996,0.07549999999999761,0.0,,,,,,45751.89473684211
24256,4.075540065765381,,,,,,,,,,45777.15789473684
24257,,8.0,,,,,,,,,45779.26315789474
24258,,,3.999999999999996,0.07553999999999761,0.0,,,,,,45781.36842105263
24269,4.07558012008667,,,,,,,,,,45804.52631578947
24270,,8.0,,,,,,,,,45806.63157894737
24271,,,3.999999999999996,0.07557999999999761,0.0,,,,,,45808.73684210526
24280,4.075620174407959,,,,,,,,,,45827.68421052631
24281,,8.0,,,,,,,,,45829.78947368421
24282,,,3.999999999999996,0.0756199999999976,0.0,,,,,,45831.89473684211
24288,,,,,,0.5347246527671814,0.6154839992523193,0.006816503591835499,0.13412712514400482,0.5489397048950195,45841.82608695652
24297,4.075660228729248,,,,,,,,,,45865.30434782609
24298,,8.0,,,,,,,,,45867.913043478264
24299,,,3.999999999999996,0.0756599999999976,0.0,,,,,,45870.52173913043
24311,4.075699806213379,,,,,,,,,,45901.82608695652
24312,,8.0,,,,,,,,,45904.434782608696
24313,,,3.999999999999996,0.0756999999999976,0.0,,,,,,45907.04347826087
24321,4.075739860534668,,,,,,,,,,45927.913043478264
24322,,8.0,,,,,,,,,45930.52173913043
24323,,,3.999999999999996,0.0757399999999976,0.0,,,,,,45933.13043478261
24328,4.075779914855957,,,,,,,,,,45946.17391304348
24329,,8.0,,,,,,,,,45948.782608695656
24330,,,3.999999999999996,0.0757799999999976,0.0,,,,,,45951.391304347824
24336,,,,,,0.41073012351989746,0.5197988152503967,0.00467079458758235,0.07778198271989822,0.14334189891815186,45960.79245283019
24344,4.075819969177246,,,,,,,,,,45978.90566037736
24345,,8.0,,,,,,,,,45981.16981132075
24346,,,3.999999999999996,0.0758199999999976,0.0,,,,,,45983.43396226415
24355,4.075860023498535,,,,,,,,,,46003.811320754714
24356,,8.0,,,,,,,,,46006.07547169811
24357,,,3.999999999999996,0.0758599999999976,0.0,,,,,,46008.339622641506
24368,4.075900077819824,,,,,,,,,,46033.24528301887
24369,,8.0,,,,,,,,,46035.50943396227
24370,,,3.999999999999996,0.0758999999999976,0.0,,,,,,46037.77358490566
24383,4.075940132141113,,,,,,,,,,46067.20754716981
24384,,8.0,,,,,,,,,46069.47169811321
24385,,,3.999999999999996,0.07593999999999759,0.0,,,,,,46071.735849056604
24392,,,,,,0.40744131803512573,0.5319779515266418,-0.018031327053904533,0.06969023495912552,-0.20118166506290436,46081.05882352941
24396,,,,,,0.4509987235069275,0.5604649186134338,0.005983582232147455,0.07653071731328964,0.04346231743693352,46088.117647058825
24410,4.075980186462402,,,,,,,,,,46112.82352941176
24411,,8.0,,,,,,,,,46114.58823529412
24412,,,3.999999999999996,0.07597999999999759,0.0,,,,,,46116.35294117647
24420,4.076019763946533,,,,,,,,,,46130.470588235294
24421,,8.0,,,,,,,,,46132.23529411765
24422,,,3.999999999999996,0.07601999999999759,0.0,,,,,,46134.0
24435,4.076059818267822,,,,,,,,,,46156.94117647059
24436,,8.0,,,,,,,,,46158.705882352944
24437,,,3.999999999999996,0.07605999999999759,0.0,,,,,,46160.470588235294
24453,4.076099872589111,,,,,,,,,,46188.705882352944
24454,,8.0,,,,,,,,,46190.470588235294
24455,,,3.999999999999996,0.07609999999999759,0.0,,,,,,46192.23529411765
24461,,,,,,0.5162879228591919,0.6192436814308167,0.014974121935665607,0.07640692591667175,0.4092463254928589,46201.5
24471,4.0761399269104,,,,,,,,,,46226.5
24472,,8.0,,,,,,,,,46229.0
24473,,,3.999999999999996,0.07613999999999758,0.0,,,,,,46231.5
24479,4.0761799812316895,,,,,,,,,,46246.5
24480,,8.0,,,,,,,,,46249.0
24481,,,3.999999999999996,0.07617999999999758,0.0,,,,,,46251.5
24490,4.0762200355529785,,,,,,,,,,46274.0
24491,,8.0,,,,,,,,,46276.5
24492,,,3.999999999999996,0.07621999999999758,0.0,,,,,,46279.0
24503,4.076260089874268,,,,,,,,,,46306.5
24504,,8.0,,,,,,,,,46309.0
24505,,,3.999999999999996,0.07625999999999758,0.0,,,,,,46311.5
24512,,,,,,0.4181109368801117,0.5197952389717102,0.023610105738043785,0.10437460988759995,0.36378785967826843,46323.795918367345
24521,4.076300144195557,,,,,,,,,,46345.836734693876
24522,,8.0,,,,,,,,,46348.28571428572
24523,,,3.999999999999996,0.07629999999999758,0.0,,,,,,46350.73469387755
24534,4.076340198516846,,,,,,,,,,46377.67346938775
24535,,8.0,,,,,,,,,46380.12244897959
24536,,,3.999999999999996,0.07633999999999758,0.0,,,,,,46382.57142857143
24542,4.076379776000977,,,,,,,,,,46397.26530612245
24543,,8.0,,,,,,,,,46399.71428571428
24544,,,3.999999999999996,0.07637999999999757,0.0,,,,,,46402.163265306124
24554,4.076419830322266,,,,,,,,,,46426.65306122449
24555,,8.0,,,,,,,,,46429.102040816324
24556,,,3.999999999999996,0.07641999999999757,0.0,,,,,,46431.551020408166
24562,,,,,,0.49129223823547363,0.5817678570747375,0.016643879935145378,0.08971834927797318,0.35544729232788086,46442.181818181816
24570,4.076459884643555,,,,,,,,,,46464.0
24571,,8.0,,,,,,,,,46466.72727272727
24572,,,3.999999999999996,0.07645999999999757,0.0,,,,,,46469.454545454544
24583,4.076499938964844,,,,,,,,,,46499.454545454544
24584,,8.0,,,,,,,,,46502.181818181816
24585,,,3.999999999999996,0.07649999999999757,0.0,,,,,,46504.90909090909
24593,4.076539993286133,,,,,,,,,,46526.72727272727
24594,,8.0,,,,,,,,,46529.454545454544
24595,,,3.999999999999996,0.07653999999999757,0.0,,,,,,46532.181818181816
24600,4.076580047607422,,,,,,,,,,46545.818181818184
24601,,8.0,,,,,,,,,46548.545454545456
24602,,,3.999999999999996,0.07657999999999757,0.0,,,,,,46551.27272727273
24606,,,,,,0.44839298725128174,0.5322592854499817,0.014335870742797852,0.07561292499303818,0.39880695939064026,46556.5
24617,4.076620101928711,,,,,,,,,,46584.0
24618,,8.0,,,,,,,,,46586.5
24619,,,3.999999999999996,0.07661999999999757,0.0,,,,,,46589.0
24629,4.07666015625,,,,,,,,,,46614.0
24630,,8.0,,,,,,,,,46616.5
24631,,,3.999999999999996,0.07665999999999756,0.0,,,,,,46619.0
24638,4.076700210571289,,,,,,,,,,46636.5
24639,,8.0,,,,,,,,,46639.0
24640,,,3.999999999999996,0.07669999999999756,0.0,,,,,,46641.5
24650,4.07673978805542,,,,,,,,,,46666.5
24651,,8.0,,,,,,,,,46669.0
24652,,,3.999999999999996,0.07673999999999756,0.0,,,,,,46671.5
24657,,,,,,0.4835117757320404,0.569720983505249,0.01574641279876232,0.09666918218135834,0.621005117893219,46678.705882352944
24662,,,,,,0.44262370467185974,0.509649932384491,0.017424719408154488,0.0924774557352066,0.12121453136205673,46690.470588235294
24670,4.076779842376709,,,,,,,,,,46709.294117647056
24671,,8.0,,,,,,,,,46711.64705882353
24672,,,3.999999999999996,0.07677999999999756,0.0,,,,,,46714.0
24685,4.076819896697998,,,,,,,,,,46744.58823529412
24686,,8.0,,,,,,,,,46746.94117647059
24687,,,3.999999999999996,0.07681999999999756,0.0,,,,,,46749.294117647056
24691,4.076859951019287,,,,,,,,,,46758.705882352944
24692,,8.0,,,,,,,,,46761.05882352941
24693,,,3.999999999999996,0.07685999999999756,0.0,,,,,,46763.41176470588
24703,4.076900005340576,,,,,,,,,,46786.94117647059
24704,,8.0,,,,,,,,,46789.294117647056
24705,,,3.999999999999996,0.07689999999999755,0.0,,,,,,46791.64705882353
24711,,,,,,0.4252285957336426,0.5459813475608826,0.018372798338532448,0.10509953647851944,0.6484014391899109,46801.2
24722,4.076940059661865,,,,,,,,,,46827.6
24723,,8.0,,,,,,,,,46830.0
24724,,,3.999999999999996,0.07693999999999755,0.0,,,,,,46832.4
24736,4.076980113983154,,,,,,,,,,46861.2
24737,,8.0,,,,,,,,,46863.6
24738,,,3.999999999999996,0.07697999999999755,0.0,,,,,,46866.0
24749,4.077020168304443,,,,,,,,,,46892.4
24750,,8.0,,,,,,,,,46894.8
24751,,,3.999999999999996,0.07701999999999755,0.0,,,,,,46897.2
24755,4.077060222625732,,,,,,,,,,46906.8
24756,,8.0,,,,,,,,,46909.2
24757,,,3.999999999999996,0.07705999999999755,0.0,,,,,,46911.6
24764,,,,,,0.46962636709213257,0.5622855424880981,0.00988197885453701,0.06318322569131851,0.40042904019355774,46924.0
24775,4.077099800109863,,,,,,,,,,46951.5
24776,,8.0,,,,,,,,,46954.0
24777,,,3.999999999999996,0.07709999999999755,0.0,,,,,,46956.5
24783,4.077139854431152,,,,,,,,,,46971.5
24784,,8.0,,,,,,,,,46974.0
24785,,,3.999999999999996,0.07713999999999754,0.0,,,,,,46976.5
24792,4.077179908752441,,,,,,,,,,46994.0
24793,,8.0,,,,,,,,,46996.5
24794,,,3.999999999999996,0.07717999999999754,0.0,,,,,,46999.0
24805,4.0772199630737305,,,,,,,,,,47026.5
24806,,8.0,,,,,,,,,47029.0
24807,,,3.999999999999996,0.07721999999999754,0.0,,,,,,47031.5
24813,,,,,,0.3930860459804535,0.5053227543830872,0.000212851504329592,0.05115257203578949,-0.2365180253982544,47040.79245283019
24826,4.0772600173950195,,,,,,,,,,47070.22641509434
24827,,8.0,,,,,,,,,47072.49056603773
24828,,,3.999999999999996,0.07725999999999754,0.0,,,,,,47074.75471698113
24834,4.077300071716309,,,,,,,,,,47088.339622641506
24835,,8.0,,,,,,,,,47090.6037735849
24836,,,3.999999999999996,0.07729999999999754,0.0,,,,,,47092.8679245283
24843,4.077340126037598,,,,,,,,,,47108.71698113208
24844,,8.0,,,,,,,,,47110.981132075474
24845,,,3.999999999999996,0.07733999999999754,0.0,,,,,,47113.24528301887
24860,4.077380180358887,,,,,,,,,,47147.20754716981
24861,,8.0,,,,,,,,,47149.47169811321
24862,,,3.999999999999996,0.07737999999999753,0.0,,,,,,47151.735849056604
24868,,,,,,0.4365270137786865,0.5665704607963562,-0.002583671361207962,0.06720855087041855,0.028019798919558525,47161.2
24880,4.077420234680176,,,,,,,,,,47190.0
24881,,8.0,,,,,,,,,47192.4
24882,,,3.999999999999996,0.07741999999999753,0.0,,,,,,47194.8
24889,4.077459812164307,,,,,,,,,,47211.6
24890,,8.0,,,,,,,,,47214.0
24891,,,3.999999999999996,0.07745999999999753,0.0,,,,,,47216.4
24899,4.077499866485596,,,,,,,,,,47235.6
24900,,8.0,,,,,,,,,47238.0
24901,,,3.999999999999996,0.07749999999999753,0.0,,,,,,47240.4
24912,4.077539920806885,,,,,,,,,,47266.8
24913,,8.0,,,,,,,,,47269.2
24914,,,3.999999999999996,0.07753999999999753,0.0,,,,,,47271.6
24918,,,,,,0.41741567850112915,0.563599705696106,-0.0021875028032809496,0.06612065434455872,0.3016473352909088,47276.0
24922,,,,,,0.45701172947883606,0.5609734654426575,0.014506107196211815,0.055125586688518524,0.08680208772420883,47284.0
24934,4.077579975128174,,,,,,,,,,47308.0
24935,,8.0,,,,,,,,,47310.0
24936,,,3.999999999999996,0.07757999999999753,0.0,,,,,,47312.0
24946,4.077620029449463,,,,,,,,,,47332.0
24947,,8.0,,,,,,,,,47334.0
24948,,,3.999999999999996,0.07761999999999752,0.0,,,,,,47336.0
24962,4.077660083770752,,,,,,,,,,47364.0
24963,,8.0,,,,,,,,,47366.0
24964,,,3.999999999999996,0.07765999999999752,0.0,,,,,,47368.0
24974,4.077700138092041,,,,,,,,,,47388.0
24975,,8.0,,,,,,,,,47390.0
24976,,,3.999999999999996,0.07769999999999752,0.0,,,,,,47392.0
24982,,,,,,0.42820921540260315,0.5364603400230408,0.006054308265447617,0.07953140139579773,0.3674592077732086,47401.5
24994,4.07774019241333,,,,,,,,,,47431.5
24995,,8.0,,,,,,,,,47434.0
24996,,,3.999999999999996,0.07773999999999752,0.0,,,,,,47436.5
25004,4.077779769897461,,,,,,,,,,47456.5
25005,,8.0,,,,,,,,,47459.0
25006,,,3.999999999999996,0.07777999999999752,0.0,,,,,,47461.5
25012,4.07781982421875,,,,,,,,,,47476.5
25013,,8.0,,,,,,,,,47479.0
25014,,,3.999999999999996,0.07781999999999752,0.0,,,,,,47481.5
25024,4.077859878540039,,,,,,,,,,47506.5
25025,,8.0,,,,,,,,,47509.0
25026,,,3.999999999999996,0.07785999999999751,0.0,,,,,,47511.5
25033,,,,,,0.4186198115348816,0.5206949710845947,0.00456309923902154,0.09189566969871521,0.5553727149963379,47524.0
25041,4.077899932861328,,,,,,,,,,47544.0
25042,,8.0,,,,,,,,,47546.5
25043,,,3.999999999999996,0.07789999999999751,0.0,,,,,,47549.0
25049,4.077939987182617,,,,,,,,,,47564.0
25050,,8.0,,,,,,,,,47566.5
25051,,,3.999999999999996,0.07793999999999751,0.0,,,,,,47569.0
25063,4.077980041503906,,,,,,,,,,47599.0
25064,,8.0,,,,,,,,,47601.5
25065,,,3.999999999999996,0.07797999999999751,0.0,,,,,,47604.0
25074,4.078020095825195,,,,,,,,,,47626.5
25075,,8.0,,,,,,,,,47629.0
25076,,,3.999999999999996,0.07801999999999751,0.0,,,,,,47631.5
25080,,,,,,0.4274625778198242,0.5243992209434509,-0.002707666950300336,0.07076799869537354,0.4760667383670807,47636.307692307695
25090,4.078060150146484,,,,,,,,,,47659.38461538462
25091,,8.0,,,,,,,,,47661.692307692305
25092,,,3.999999999999996,0.0780599999999975,0.0,,,,,,47664.0
25106,4.078100204467773,,,,,,,,,,47696.307692307695
25107,,8.0,,,,,,,,,47698.61538461538
25108,,,3.999999999999996,0.0780999999999975,0.0,,,,,,47700.92307692308
25115,4.078139781951904,,,,,,,,,,47717.07692307692
25116,,8.0,,,,,,,,,47719.38461538462
25117,,,3.999999999999996,0.0781399999999975,0.0,,,,,,47721.692307692305
25128,4.078179836273193,,,,,,,,,,47747.07692307692
25129,,8.0,,,,,,,,,47749.38461538462
25130,,,3.999999999999996,0.0781799999999975,0.0,,,,,,47751.692307692305
25135,,,,,,0.611556887626648,0.6865193843841553,-0.009079799056053162,0.10445301979780197,0.9331666827201843,47759.71428571428
25141,4.078219890594482,,,,,,,,,,47776.857142857145
25142,,8.0,,,,,,,,,47779.71428571428
25143,,,3.999999999999996,0.0782199999999975,0.0,,,,,,47782.57142857143
25150,4.0782599449157715,,,,,,,,,,47802.57142857143
25151,,8.0,,,,,,,,,47805.42857142857
25152,,,3.999999999999996,0.0782599999999975,0.0,,,,,,47808.28571428572
25162,4.0782999992370605,,,,,,,,,,47836.857142857145
25163,,8.0,,,,,,,,,47839.71428571428
25164,,,3.999999999999996,0.0782999999999975,0.0,,,,,,47842.57142857143
25172,4.07834005355835,,,,,,,,,,47865.42857142857
25173,,8.0,,,,,,,,,47868.28571428572
25174,,,3.999999999999996,0.0783399999999975,0.0,,,,,,47871.142857142855
25179,,,,,,0.6024550795555115,0.7629393935203552,-0.019786173477768898,0.10627682507038116,-0.015024618245661259,47879.0
25182,,,,,,0.4979914724826813,0.5852190256118774,0.005644828546792269,0.05522334203124046,0.19666989147663116,47886.5
25186,4.078380107879639,,,,,,,,,,47896.5
25187,,8.0,,,,,,,,,47899.0
25188,,,3.999999999999996,0.0783799999999975,0.0,,,,,,47901.5
25197,4.078420162200928,,,,,,,,,,47924.0
25198,,8.0,,,,,,,,,47926.5
25199,,,3.999999999999996,0.07841999999999749,0.0,,,,,,47929.0
25208,4.078460216522217,,,,,,,,,,47951.5
25209,,8.0,,,,,,,,,47954.0
25210,,,3.999999999999996,0.07845999999999749,0.0,,,,,,47956.5
25222,4.078499794006348,,,,,,,,,,47986.5
25223,,8.0,,,,,,,,,47989.0
25224,,,3.999999999999996,0.07849999999999749,0.0,,,,,,47991.5
25232,,,,,,0.46428221464157104,0.5557500720024109,0.002667793072760105,0.07758054882287979,-0.10107332468032837,48007.63636363636
25240,4.078539848327637,,,,,,,,,,48029.454545454544
25241,,8.0,,,,,,,,,48032.181818181816
25242,,,3.999999999999996,0.07853999999999749,0.0,,,,,,48034.90909090909
25250,4.078579902648926,,,,,,,,,,48056.72727272727
25251,,8.0,,,,,,,,,48059.454545454544
25252,,,3.999999999999996,0.07857999999999749,0.0,,,,,,48062.181818181816
25260,4.078619956970215,,,,,,,,,,48084.0
25261,,8.0,,,,,,,,,48086.72727272727
25262,,,3.999999999999996,0.07861999999999748,0.0,,,,,,48089.454545454544
25268,4.078660011291504,,,,,,,,,,48105.818181818184
25269,,8.0,,,,,,,,,48108.545454545456
25270,,,3.999999999999996,0.07865999999999748,0.0,,,,,,48111.27272727273
25276,,,,,,0.4386924207210541,0.539692223072052,0.003771756775677204,0.04265666753053665,-0.023608649149537086,48120.92307692308
25290,4.078700065612793,,,,,,,,,,48153.230769230766
25291,,8.0,,,,,,,,,48155.53846153846
25292,,,3.999999999999996,0.07869999999999748,0.0,,,,,,48157.846153846156
25300,4.078740119934082,,,,,,,,,,48176.307692307695
25301,,8.0,,,,,,,,,48178.61538461538
25302,,,3.999999999999996,0.07873999999999748,0.0,,,,,,48180.92307692308
25312,4.078780174255371,,,,,,,,,,48204.0
25313,,8.0,,,,,,,,,48206.307692307695
25314,,,3.999999999999996,0.07877999999999748,0.0,,,,,,48208.61538461538
25322,4.07882022857666,,,,,,,,,,48227.07692307692
25323,,8.0,,,,,,,,,48229.38461538462
25324,,,3.999999999999996,0.07881999999999748,0.0,,,,,,48231.692307692305
25333,,,,,,0.4594424068927765,0.5603592991828918,0.005669204518198967,0.07655979692935944,0.284209668636322,48248.117647058825
25344,4.078859806060791,,,,,,,,,,48274.0
25345,,8.0,,,,,,,,,48276.35294117647
25346,,,3.999999999999996,0.07885999999999747,0.0,,,,,,48278.705882352944
25355,4.07889986038208,,,,,,,,,,48299.882352941175
25356,,8.0,,,,,,,,,48302.23529411765
25357,,,3.999999999999996,0.07889999999999747,0.0,,,,,,48304.58823529412
25364,4.078939914703369,,,,,,,,,,48321.05882352941
25365,,8.0,,,,,,,,,48323.41176470588
25366,,,3.999999999999996,0.07893999999999747,0.0,,,,,,48325.76470588235
25375,4.078979969024658,,,,,,,,,,48346.94117647059
25376,,8.0,,,,,,,,,48349.294117647056
25377,,,3.999999999999996,0.07897999999999747,0.0,,,,,,48351.64705882353
25382,,,,,,0.47478026151657104,0.5673143863677979,0.01109848078340292,0.06682559847831726,0.5172464847564697,48358.61538461538
25396,4.079020023345947,,,,,,,,,,48390.92307692308
25397,,8.0,,,,,,,,,48393.230769230766
25398,,,3.999999999999996,0.07901999999999747,0.0,,,,,,48395.53846153846
25408,4.079060077667236,,,,,,,,,,48418.61538461538
25409,,8.0,,,,,,,,,48420.92307692308
25410,,,3.999999999999996,0.07905999999999747,0.0,,,,,,48423.230769230766
25421,4.079100131988525,,,,,,,,,,48448.61538461538
25422,,8.0,,,,,,,,,48450.92307692308
25423,,,3.999999999999996,0.07909999999999746,0.0,,,,,,48453.230769230766
25429,4.0791401863098145,,,,,,,,,,48467.07692307692
25430,,8.0,,,,,,,,,48469.38461538462
25431,,,3.999999999999996,0.07913999999999746,0.0,,,,,,48471.692307692305
25435,,,,,,0.45042818784713745,0.6170288920402527,0.008202927187085152,0.0585196278989315,0.607554018497467,48476.307692307695
25439,,,,,,0.44287019968032837,0.5107336044311523,-0.0007047777180559933,0.059457384049892426,0.4512161314487457,48485.53846153846
25449,4.079179763793945,,,,,,,,,,48508.61538461538
25450,,8.0,,,,,,,,,48510.92307692308
25451,,,3.999999999999996,0.07917999999999746,0.0,,,,,,48513.230769230766
25459,4.079219818115234,,,,,,,,,,48531.692307692305
25460,,8.0,,,,,,,,,48534.0
25461,,,3.999999999999996,0.07921999999999746,0.0,,,,,,48536.307692307695
25470,4.079259872436523,,,,,,,,,,48557.07692307692
25471,,8.0,,,,,,,,,48559.38461538462
25472,,,3.999999999999996,0.07925999999999746,0.0,,,,,,48561.692307692305
25483,4.0792999267578125,,,,,,,,,,48587.07692307692
25484,,8.0,,,,,,,,,48589.38461538462
25485,,,3.999999999999996,0.07929999999999746,0.0,,,,,,48591.692307692305
25490,,,,,,0.43015843629837036,0.532300591468811,0.014288011007010937,0.05834900960326195,0.4779623746871948,48599.454545454544
25498,4.079339981079102,,,,,,,,,,48621.27272727273
25499,,8.0,,,,,,,,,48624.0
25500,,,3.999999999999996,0.07933999999999745,0.0,,,,,,48626.72727272727
25506,4.079380035400391,,,,,,,,,,48643.09090909091
25507,,8.0,,,,,,,,,48645.818181818184
25508,,,3.999999999999996,0.07937999999999745,0.0,,,,,,48648.545454545456
25520,4.07942008972168,,,,,,,,,,48681.27272727273
25521,,8.0,,,,,,,,,48684.0
25522,,,3.999999999999996,0.07941999999999745,0.0,,,,,,48686.72727272727
25529,4.079460144042969,,,,,,,,,,48705.818181818184
25530,,8.0,,,,,,,,,48708.545454545456
25531,,,3.999999999999996,0.07945999999999745,0.0,,,,,,48711.27272727273
25536,,,,,,0.42209169268608093,0.48261502385139465,0.00627115648239851,0.05438802391290665,0.41363728046417236,48718.705882352944
25548,4.079500198364258,,,,,,,,,,48746.94117647059
25549,,8.0,,,,,,,,,48749.294117647056
25550,,,3.999999999999996,0.07949999999999745,0.0,,,,,,48751.64705882353
25558,4.079539775848389,,,,,,,,,,48770.470588235294
25559,,8.0,,,,,,,,,48772.82352941176
25560,,,3.999999999999996,0.07953999999999745,0.0,,,,,,48775.17647058824
25570,4.079579830169678,,,,,,,,,,48798.705882352944
25571,,8.0,,,,,,,,,48801.05882352941
25572,,,3.999999999999996,0.07957999999999744,0.0,,,,,,48803.41176470588
25582,4.079619884490967,,,,,,,,,,48826.94117647059
25583,,8.0,,,,,,,,,48829.294117647056
25584,,,3.999999999999996,0.07961999999999744,0.0,,,,,,48831.64705882353
25592,,,,,,0.41246896982192993,0.4917009174823761,0.0022473218850791454,0.0594891756772995,0.6819986701011658,48845.53846153846
25602,4.079659938812256,,,,,,,,,,48868.61538461538
25603,,8.0,,,,,,,,,48870.92307692308
25604,,,3.999999999999996,0.07965999999999744,0.0,,,,,,48873.230769230766
25613,4.079699993133545,,,,,,,,,,48894.0
25614,,8.0,,,,,,,,,48896.307692307695
25615,,,3.999999999999996,0.07969999999999744,0.0,,,,,,48898.61538461538
25624,4.079740047454834,,,,,,,,,,48919.38461538462
25625,,8.0,,,,,,,,,48921.692307692305
25626,,,3.999999999999996,0.07973999999999744,0.0,,,,,,48924.0
25636,4.079780101776123,,,,,,,,,,48947.07692307692
25637,,8.0,,,,,,,,,48949.38461538462
25638,,,3.999999999999996,0.07977999999999744,0.0,,,,,,48951.692307692305
25644,,,,,,0.44096046686172485,0.5358251929283142,0.005240015219897032,0.05346755310893059,0.7233155965805054,48961.65957446808
25654,4.079820156097412,,,,,,,,,,48987.1914893617
25655,,8.0,,,,,,,,,48989.744680851065
25656,,,3.999999999999996,0.07981999999999743,0.0,,,,,,48992.29787234042
25667,4.079860210418701,,,,,,,,,,49020.382978723406
25668,,8.0,,,,,,,,,49022.936170212764
25669,,,3.999999999999996,0.07985999999999743,0.0,,,,,,49025.48936170213
25677,4.079899787902832,,,,,,,,,,49045.914893617024
25678,,8.0,,,,,,,,,49048.46808510638
25679,,,3.999999999999996,0.07989999999999743,0.0,,,,,,49051.02127659575
25685,4.079939842224121,,,,,,,,,,49066.34042553192
25686,,8.0,,,,,,,,,49068.89361702128
25687,,,3.999999999999996,0.07993999999999743,0.0,,,,,,49071.44680851064
25692,,,,,,0.4510698914527893,0.5236437320709229,0.006775361951440573,0.06383644044399261,0.558222770690918,49078.8
25697,,,,,,0.47908902168273926,0.5490452647209167,0.0008301775087602437,0.07963722944259644,0.6259685158729553,49090.8
25705,4.07997989654541,,,,,,,,,,49110.0
25706,,8.0,,,,,,,,,49112.4
25707,,,3.999999999999996,0.07997999999999743,0.0,,,,,,49114.8
25714,4.080019950866699,,,,,,,,,,49131.6
25715,,8.0,,,,,,,,,49134.0
25716,,,3.999999999999996,0.08001999999999743,0.0,,,,,,49136.4
25728,4.080060005187988,,,,,,,,,,49165.2
25729,,8.0,,,,,,,,,49167.6
25730,,,3.999999999999996,0.08005999999999742,0.0,,,,,,49170.0
25737,4.080100059509277,,,,,,,,,,49186.8
25738,,8.0,,,,,,,,,49189.2
25739,,,3.999999999999996,0.08009999999999742,0.0,,,,,,49191.6
25745,,,,,,0.46426597237586975,0.5550625324249268,0.005943064112216234,0.05973642319440842,0.3424006998538971,49200.206896551725
25755,4.080140113830566,,,,,,,,,,49220.89655172414
25756,,8.0,,,,,,,,,49222.96551724138
25757,,,3.999999999999996,0.08013999999999742,0.0,,,,,,49225.03448275862
25771,4.0801801681518555,,,,,,,,,,49254.0
25772,,8.0,,,,,,,,,49256.06896551724
25773,,,3.999999999999996,0.08017999999999742,0.0,,,,,,49258.137931034486
25784,4.0802202224731445,,,,,,,,,,49280.89655172414
25785,,8.0,,,,,,,,,49282.96551724138
25786,,,3.999999999999996,0.08021999999999742,0.0,,,,,,49285.03448275862
25797,4.080259799957275,,,,,,,,,,49307.793103448275
25798,,8.0,,,,,,,,,49309.862068965514
25799,,,3.999999999999996,0.08025999999999742,0.0,,,,,,49311.93103448276
25807,,,,,,0.4544677734375,0.5590529441833496,0.001589382765814662,0.0801878497004509,0.7417501211166382,49327.63636363636
25815,4.0802998542785645,,,,,,,,,,49349.454545454544
25816,,8.0,,,,,,,,,49352.181818181816
25817,,,3.999999999999996,0.08029999999999742,0.0,,,,,,49354.90909090909
25821,4.0803399085998535,,,,,,,,,,49365.818181818184
25822,,8.0,,,,,,,,,49368.545454545456
25823,,,3.999999999999996,0.08033999999999741,0.0,,,,,,49371.27272727273
25834,4.080379962921143,,,,,,,,,,49401.27272727273
25835,,8.0,,,,,,,,,49404.0
25836,,,3.999999999999996,0.08037999999999741,0.0,,,,,,49406.72727272727
25843,4.080420017242432,,,,,,,,,,49425.818181818184
25844,,8.0,,,,,,,,,49428.545454545456
25845,,,3.999999999999996,0.08041999999999741,0.0,,,,,,49431.27272727273
25850,,,,,,0.4531976878643036,0.5432507395744324,0.02374848537147045,0.07123643159866333,0.5908094048500061,49438.36363636364
25861,4.080460071563721,,,,,,,,,,49462.36363636364
25862,,8.0,,,,,,,,,49464.545454545456
25863,,,3.999999999999996,0.08045999999999741,0.0,,,,,,49466.72727272727
25872,4.08050012588501,,,,,,,,,,49486.36363636364
25873,,8.0,,,,,,,,,49488.545454545456
25874,,,3.999999999999996,0.08049999999999741,0.0,,,,,,49490.72727272727
25883,4.080540180206299,,,,,,,,,,49510.36363636364
25884,,8.0,,,,,,,,,49512.545454545456
25885,,,3.999999999999996,0.0805399999999974,0.0,,,,,,49514.72727272727
25900,4.080580234527588,,,,,,,,,,49547.454545454544
25901,,8.0,,,,,,,,,49549.63636363636
25902,,,3.999999999999996,0.0805799999999974,0.0,,,,,,49551.818181818184
25907,,,,,,0.43069928884506226,0.5183886885643005,0.0037392214871942997,0.07038189470767975,0.3917074501514435,49559.217391304344
25915,4.080619812011719,,,,,,,,,,49580.086956521736
25916,,8.0,,,,,,,,,49582.69565217391
25917,,,3.999999999999996,0.0806199999999974,0.0,,,,,,49585.30434782609
25928,4.080659866333008,,,,,,,,,,49614.0
25929,,8.0,,,,,,,,,49616.608695652176
25930,,,3.999999999999996,0.0806599999999974,0.0,,,,,,49619.217391304344
25939,4.080699920654297,,,,,,,,,,49642.69565217391
25940,,8.0,,,,,,,,,49645.30434782609
25941,,,3.999999999999996,0.0806999999999974,0.0,,,,,,49647.913043478264
25948,4.080739974975586,,,,,,,,,,49666.17391304348
25949,,8.0,,,,,,,,,49668.782608695656
25950,,,3.999999999999996,0.0807399999999974,0.0,,,,,,49671.391304347824
25954,,,,,,0.4598323702812195,0.6087232828140259,0.00046495761489495635,0.03924337401986122,0.3161155581474304,49676.35294117647
25957,,,,,,0.5369804501533508,0.612208366394043,0.006094441283494234,0.06892937421798706,0.44542691111564636,49683.41176470588
25963,4.080780029296875,,,,,,,,,,49697.529411764706
25964,,8.0,,,,,,,,,49699.882352941175
25965,,,3.999999999999996,0.0807799999999974,0.0,,,,,,49702.23529411765
25976,4.080820083618164,,,,,,,,,,49728.117647058825
25977,,8.0,,,,,,,,,49730.470588235294
25978,,,3.999999999999996,0.0808199999999974,0.0,,,,,,49732.82352941176
25987,4.080860137939453,,,,,,,,,,49754.0
25988,,8.0,,,,,,,,,49756.35294117647
25989,,,3.999999999999996,0.08085999999999739,0.0,,,,,,49758.705882352944
26001,4.080900192260742,,,,,,,,,,49786.94117647059
26002,,8.0,,,,,,,,,49789.294117647056
26003,,,3.999999999999996,0.08089999999999739,0.0,,,,,,49791.64705882353
26010,,,,,,0.5216047763824463,0.6118524074554443,0.0014275157591328025,0.070236437022686,0.6424322128295898,49802.275862068964
26019,4.080939769744873,,,,,,,,,,49820.89655172414
26020,,8.0,,,,,,,,,49822.96551724138
26021,,,3.999999999999996,0.08093999999999739,0.0,,,,,,49825.03448275862
26034,4.080979824066162,,,,,,,,,,49851.93103448276
26035,,8.0,,,,,,,,,49854.0
26036,,,3.999999999999996,0.08097999999999739,0.0,,,,,,49856.06896551724
26048,4.081019878387451,,,,,,,,,,49880.89655172414
26049,,8.0,,,,,,,,,49882.96551724138
26050,,,3.999999999999996,0.08101999999999739,0.0,,,,,,49885.03448275862
26061,4.08105993270874,,,,,,,,,,49907.793103448275
26062,,8.0,,,,,,,,,49909.862068965514
26063,,,3.999999999999996,0.08105999999999738,0.0,,,,,,49911.93103448276
26068,,,,,,0.4160439670085907,0.5542013645172119,0.015836143866181374,0.058408454060554504,0.44866371154785156,49919.10638297872
26077,4.081099987030029,,,,,,,,,,49942.085106382976
26078,,8.0,,,,,,,,,49944.63829787234
26079,,,3.999999999999996,0.08109999999999738,0.0,,,,,,49947.1914893617
26087,4.081140041351318,,,,,,,,,,49967.617021276594
26088,,8.0,,,,,,,,,49970.17021276596
26089,,,3.999999999999996,0.08113999999999738,0.0,,,,,,49972.72340425532
26100,4.081180095672607,,,,,,,,,,50000.8085106383
26101,,8.0,,,,,,,,,50003.36170212766
26102,,,3.999999999999996,0.08117999999999738,0.0,,,,,,50005.914893617024
26110,4.0812201499938965,,,,,,,,,,50026.34042553192
26111,,8.0,,,,,,,,,50028.89361702128
26112,,,3.999999999999996,0.08121999999999738,0.0,,,,,,50031.44680851064
26117,,,,,,0.46151185035705566,0.568893313407898,0.0032192841172218323,0.07233642786741257,0.8055588603019714,50038.897959183676
26131,4.0812602043151855,,,,,,,,,,50073.183673469386
26132,,8.0,,,,,,,,,50075.63265306123
26133,,,3.999999999999996,0.08125999999999738,0.0,,,,,,50078.08163265306
26144,4.081299781799316,,,,,,,,,,50105.02040816326
26145,,8.0,,,,,,,,,50107.4693877551
26146,,,3.999999999999996,0.08129999999999737,0.0,,,,,,50109.91836734694
26153,4.0813398361206055,,,,,,,,,,50127.06122448979
26154,,8.0,,,,,,,,,50129.510204081635
26155,,,3.999999999999996,0.08133999999999737,0.0,,,,,,50131.95918367347
26161,4.0813798904418945,,,,,,,,,,50146.65306122449
26162,,8.0,,,,,,,,,50149.102040816324
26163,,,3.999999999999996,0.08137999999999737,0.0,,,,,,50151.551020408166
26167,,,,,,0.4710257947444916,0.5361440181732178,0.02128024585545063,0.06682446599006653,0.6083256006240845,50156.448979591834
26180,4.081419944763184,,,,,,,,,,50188.28571428572
26181,,8.0,,,,,,,,,50190.73469387755
26182,,,3.999999999999996,0.08141999999999737,0.0,,,,,,50193.183673469386
26188,4.081459999084473,,,,,,,,,,50207.87755102041
26189,,8.0,,,,,,,,,50210.32653061225
26190,,,3.999999999999996,0.08145999999999737,0.0,,,,,,50212.77551020408
26200,4.081500053405762,,,,,,,,,,50237.26530612245
26201,,8.0,,,,,,,,,50239.71428571428
26202,,,3.999999999999996,0.08149999999999737,0.0,,,,,,50242.163265306124
26212,4.081540107727051,,,,,,,,,,50266.65306122449
26213,,8.0,,,,,,,,,50269.102040816324
26214,,,3.999999999999996,0.08153999999999736,0.0,,,,,,50271.551020408166
26218,,,,,,0.5145876407623291,0.5888537168502808,0.011101710610091686,0.054001133888959885,0.7801705598831177,50276.03389830508
26224,,,,,,0.45725172758102417,0.5494955778121948,0.010206392966210842,0.05360705032944679,0.787339448928833,50288.23728813559
26239,4.08158016204834,,,,,,,,,,50318.745762711864
26240,,8.0,,,,,,,,,50320.779661016946
26241,,,3.999999999999996,0.08157999999999736,0.0,,,,,,50322.813559322036
26248,4.081620216369629,,,,,,,,,,50337.05084745763
26249,,8.0,,,,,,,,,50339.08474576271
26250,,,3.999999999999996,0.08161999999999736,0.0,,,,,,50341.1186440678
26262,4.08165979385376,,,,,,,,,,50365.52542372881
26263,,8.0,,,,,,,,,50367.5593220339
26264,,,3.999999999999996,0.08165999999999736,0.0,,,,,,50369.59322033898
26273,4.081699848175049,,,,,,,,,,50387.898305084746
26274,,8.0,,,,,,,,,50389.93220338983
26275,,,3.999999999999996,0.08169999999999736,0.0,,,,,,50391.96610169492
26282,,,,,,0.4249618947505951,0.517827033996582,0.014082148671150208,0.03423842787742615,0.4814186096191406,50403.41176470588
26294,4.081739902496338,,,,,,,,,,50431.64705882353
26295,,8.0,,,,,,,,,50434.0
26296,,,3.999999999999996,0.08173999999999736,0.0,,,,,,50436.35294117647
26301,4.081779956817627,,,,,,,,,,50448.117647058825
26302,,8.0,,,,,,,,,50450.470588235294
26303,,,3.999999999999996,0.08177999999999735,0.0,,,,,,50452.82352941176
26315,4.081820011138916,,,,,,,,,,50481.05882352941
26316,,8.0,,,,,,,,,50483.41176470588
26317,,,3.999999999999996,0.08181999999999735,0.0,,,,,,50485.76470588235
26326,4.081860065460205,,,,,,,,,,50506.94117647059
26327,,8.0,,,,,,,,,50509.294117647056
26328,,,3.999999999999996,0.08185999999999735,0.0,,,,,,50511.64705882353
26332,,,,,,0.4806521236896515,0.5705764293670654,0.004918680991977453,0.06908383965492249,0.6093893051147461,50516.4
26343,4.081900119781494,,,,,,,,,,50542.8
26344,,8.0,,,,,,,,,50545.2
26345,,,3.999999999999996,0.08189999999999735,0.0,,,,,,50547.6
26357,4.081940174102783,,,,,,,,,,50576.4
26358,,8.0,,,,,,,,,50578.8
26359,,,3.999999999999996,0.08193999999999735,0.0,,,,,,50581.2
26370,4.081980228424072,,,,,,,,,,50607.6
26371,,8.0,,,,,,,,,50610.0
26372,,,3.999999999999996,0.08197999999999735,0.0,,,,,,50612.4
26378,4.082019805908203,,,,,,,,,,50626.8
26379,,8.0,,,,,,,,,50629.2
26380,,,3.999999999999996,0.08201999999999735,0.0,,,,,,50631.6
26386,,,,,,0.3974595367908478,0.498045414686203,0.009759992361068726,0.0594986192882061,0.2124062329530716,50640.545454545456
26398,4.082059860229492,,,,,,,,,,50666.72727272727
26399,,8.0,,,,,,,,,50668.90909090909
26400,,,3.999999999999996,0.08205999999999734,0.0,,,,,,50671.09090909091
26411,4.082099914550781,,,,,,,,,,50695.09090909091
26412,,8.0,,,,,,,,,50697.27272727273
26413,,,3.999999999999996,0.08209999999999734,0.0,,,,,,50699.454545454544
26426,4.08213996887207,,,,,,,,,,50727.818181818184
26427,,8.0,,,,,,,,,50730.0
26428,,,3.999999999999996,0.08213999999999734,0.0,,,,,,50732.181818181816
26435,4.082180023193359,,,,,,,,,,50747.454545454544
26436,,8.0,,,,,,,,,50749.63636363636
26437,,,3.999999999999996,0.08217999999999734,0.0,,,,,,50751.818181818184
26441,,,,,,0.42516663670539856,0.5155853629112244,0.002058336976915598,0.05009133368730545,0.20309068262577057,50756.448979591834
26457,4.082220077514648,,,,,,,,,,50795.63265306123
26458,,8.0,,,,,,,,,50798.08163265306
26459,,,3.999999999999996,0.08221999999999734,0.0,,,,,,50800.5306122449
26467,4.0822601318359375,,,,,,,,,,50820.12244897959
26468,,8.0,,,,,,,,,50822.57142857143
26469,,,3.999999999999996,0.08225999999999734,0.0,,,,,,50825.02040816326
26477,4.082300186157227,,,,,,,,,,50844.61224489796
26478,,8.0,,,,,,,,,50847.06122448979
26479,,,3.999999999999996,0.08229999999999733,0.0,,,,,,50849.510204081635
26486,4.082339763641357,,,,,,,,,,50866.65306122449
26487,,8.0,,,,,,,,,50869.102040816324
26488,,,3.999999999999996,0.08233999999999733,0.0,,,,,,50871.551020408166
26492,,,,,,0.4784620404243469,0.528735876083374,0.014331430196762085,0.04439201578497887,0.1522255539894104,50876.22222222222
26495,,,,,,0.4604596197605133,0.5718180537223816,0.0010353850666433573,0.0445551760494709,0.08106079697608948,50882.88888888889
26504,4.0823798179626465,,,,,,,,,,50902.88888888889
26505,,8.0,,,,,,,,,50905.11111111111
26506,,,3.999999999999996,0.08237999999999733,0.0,,,,,,50907.333333333336
26515,4.0824198722839355,,,,,,,,,,50927.333333333336
26516,,8.0,,,,,,,,,50929.555555555555
26517,,,3.999999999999996,0.08241999999999733,0.0,,,,,,50931.77777777778
26531,4.082459926605225,,,,,,,,,,50962.88888888889
26532,,8.0,,,,,,,,,50965.11111111111
26533,,,3.999999999999996,0.08245999999999733,0.0,,,,,,50967.333333333336
26542,4.082499980926514,,,,,,,,,,50987.333333333336
26543,,8.0,,,,,,,,,50989.555555555555
26544,,,3.999999999999996,0.08249999999999733,0.0,,,,,,50991.77777777778
26553,,,,,,0.5043534636497498,0.5957226753234863,-0.0032265225891023874,0.06330602616071701,0.30891093611717224,51010.36363636364
26563,4.082540035247803,,,,,,,,,,51037.63636363636
26564,,8.0,,,,,,,,,51040.36363636364
26565,,,3.999999999999996,0.08253999999999732,0.0,,,,,,51043.09090909091
26570,4.082580089569092,,,,,,,,,,51056.72727272727
26571,,8.0,,,,,,,,,51059.454545454544
26572,,,3.999999999999996,0.08257999999999732,0.0,,,,,,51062.181818181816
26581,4.082620143890381,,,,,,,,,,51086.72727272727
26582,,8.0,,,,,,,,,51089.454545454544
26583,,,3.999999999999996,0.08261999999999732,0.0,,,,,,51092.181818181816
26588,4.08266019821167,,,,,,,,,,51105.818181818184
26589,,8.0,,,,,,,,,51108.545454545456
26590,,,3.999999999999996,0.08265999999999732,0.0,,,,,,51111.27272727273
26595,,,,,,0.45725545287132263,0.5653792023658752,0.00868356041610241,0.05937179923057556,0.16209454834461212,51119.0
26602,4.082699775695801,,,,,,,,,,51136.5
26603,,8.0,,,,,,,,,51139.0
26604,,,3.999999999999996,0.08269999999999732,0.0,,,,,,51141.5
26610,4.08273983001709,,,,,,,,,,51156.5
26611,,8.0,,,,,,,,,51159.0
26612,,,3.999999999999996,0.08273999999999732,0.0,,,,,,51161.5
26624,4.082779884338379,,,,,,,,,,51191.5
26625,,8.0,,,,,,,,,51194.0
26626,,,3.999999999999996,0.08277999999999731,0.0,,,,,,51196.5
26638,4.082819938659668,,,,,,,,,,51226.5
26639,,8.0,,,,,,,,,51229.0
26640,,,3.999999999999996,0.08281999999999731,0.0,,,,,,51231.5
26648,,,,,,0.44998735189437866,0.5386391282081604,0.007274816744029522,0.04371688514947891,0.45644545555114746,51247.333333333336
26658,4.082859992980957,,,,,,,,,,51274.0
26659,,8.0,,,,,,,,,51276.666666666664
26660,,,3.999999999999996,0.08285999999999731,0.0,,,,,,51279.333333333336
26668,4.082900047302246,,,,,,,,,,51300.666666666664
26669,,8.0,,,,,,,,,51303.333333333336
26670,,,3.999999999999996,0.08289999999999731,0.0,,,,,,51306.0
26678,4.082940101623535,,,,,,,,,,51327.333333333336
26679,,8.0,,,,,,,,,51330.0
26680,,,3.999999999999996,0.08293999999999731,0.0,,,,,,51332.666666666664
26685,4.082980155944824,,,,,,,,,,51346.0
26686,,8.0,,,,,,,,,51348.666666666664
26687,,,3.999999999999996,0.0829799999999973,0.0,,,,,,51351.333333333336
26691,,,,,,0.4663495719432831,0.5441573262214661,0.020810505375266075,0.10381272435188293,0.5244127511978149,51356.608695652176
26705,4.083020210266113,,,,,,,,,,51393.13043478261
26706,,8.0,,,,,,,,,51395.739130434784
26707,,,3.999999999999996,0.0830199999999973,0.0,,,,,,51398.34782608696
26714,4.083059787750244,,,,,,,,,,51416.608695652176
26715,,8.0,,,,,,,,,51419.217391304344
26716,,,3.999999999999996,0.0830599999999973,0.0,,,,,,51421.82608695652
26724,4.083099842071533,,,,,,,,,,51442.69565217391
26725,,8.0,,,,,,,,,51445.30434782609
26726,,,3.999999999999996,0.0830999999999973,0.0,,,,,,51447.913043478264
26733,4.083139896392822,,,,,,,,,,51466.17391304348
26734,,8.0,,,,,,,,,51468.782608695656
26735,,,3.999999999999996,0.0831399999999973,0.0,,,,,,51471.391304347824
26739,,,,,,0.5132758617401123,0.5664163827896118,0.00020274048438295722,0.07583549618721008,0.5514039993286133,51476.448979591834
26742,,,,,,0.4571031332015991,0.5272881984710693,0.012148807756602764,0.06697028130292892,0.34821274876594543,51483.795918367345
26752,4.083179950714111,,,,,,,,,,51508.28571428572
26753,,8.0,,,,,,,,,51510.73469387755
26754,,,3.999999999999996,0.0831799999999973,0.0,,,,,,51513.183673469386
26764,4.0832200050354,,,,,,,,,,51537.67346938775
26765,,8.0,,,,,,,,,51540.12244897959
26766,,,3.999999999999996,0.0832199999999973,0.0,,,,,,51542.57142857143
26772,4.0832600593566895,,,,,,,,,,51557.26530612245
26773,,8.0,,,,,,,,,51559.71428571428
26774,,,3.999999999999996,0.0832599999999973,0.0,,,,,,51562.163265306124
26784,4.0833001136779785,,,,,,,,,,51586.65306122449
26785,,8.0,,,,,,,,,51589.102040816324
26786,,,3.999999999999996,0.08329999999999729,0.0,,,,,,51591.551020408166
26795,,,,,,0.4247209429740906,0.5211160778999329,0.005212727002799511,0.05287455394864082,0.484671026468277,51609.31914893617
26802,4.083340167999268,,,,,,,,,,51627.1914893617
26803,,8.0,,,,,,,,,51629.744680851065
26804,,,3.999999999999996,0.08333999999999729,0.0,,,,,,51632.29787234042
26810,4.083380222320557,,,,,,,,,,51647.617021276594
26811,,8.0,,,,,,,,,51650.17021276596
26812,,,3.999999999999996,0.08337999999999729,0.0,,,,,,51652.72340425532
26821,4.0834197998046875,,,,,,,,,,51675.70212765958
26822,,8.0,,,,,,,,,51678.255319148935
26823,,,3.999999999999996,0.08341999999999729,0.0,,,,,,51680.8085106383
26833,4.083459854125977,,,,,,,,,,51706.34042553192
26834,,8.0,,,,,,,,,51708.89361702128
26835,,,3.999999999999996,0.08345999999999729,0.0,,,,,,51711.44680851064
26841,,,,,,0.4519736170768738,0.5692827701568604,0.011549822986125946,0.06072103604674339,0.6164361238479614,51720.92307692308
26851,4.083499908447266,,,,,,,,,,51744.0
26852,,8.0,,,,,,,,,51746.307692307695
26853,,,3.999999999999996,0.08349999999999728,0.0,,,,,,51748.61538461538
26862,4.083539962768555,,,,,,,,,,51769.38461538462
26863,,8.0,,,,,,,,,51771.692307692305
26864,,,3.999999999999996,0.08353999999999728,0.0,,,,,,51774.0
26872,4.083580017089844,,,,,,,,,,51792.46153846154
26873,,8.0,,,,,,,,,51794.769230769234
26874,,,3.999999999999996,0.08357999999999728,0.0,,,,,,51797.07692307692
26887,4.083620071411133,,,,,,,,,,51827.07692307692
26888,,8.0,,,,,,,,,51829.38461538462
26889,,,3.999999999999996,0.08361999999999728,0.0,,,,,,51831.692307692305
26893,,,,,,0.41686856746673584,0.5108729004859924,-0.0033460641279816628,0.04224131628870964,0.44047313928604126,51836.448979591834
26904,4.083660125732422,,,,,,,,,,51863.38775510204
26905,,8.0,,,,,,,,,51865.836734693876
26906,,,3.999999999999996,0.08365999999999728,0.0,,,,,,51868.28571428572
26916,4.083700180053711,,,,,,,,,,51892.77551020408
26917,,8.0,,,,,,,,,51895.22448979592
26918,,,3.999999999999996,0.08369999999999728,0.0,,,,,,51897.67346938775
26928,4.083740234375,,,,,,,,,,51922.163265306124
26929,,8.0,,,,,,,,,51924.61224489796
26930,,,3.999999999999996,0.08373999999999727,0.0,,,,,,51927.06122448979
26938,4.083779811859131,,,,,,,,,,51946.65306122449
26939,,8.0,,,,,,,,,51949.102040816324
26940,,,3.999999999999996,0.08377999999999727,0.0,,,,,,51951.551020408166
26945,,,,,,0.5096524953842163,0.5776125192642212,0.001699426444247365,0.03939966484904289,1.2878538370132446,51959.58139534884
26954,4.08381986618042,,,,,,,,,,51984.6976744186
26955,,8.0,,,,,,,,,51987.48837209302
26956,,,3.999999999999996,0.08381999999999727,0.0,,,,,,51990.27906976744
26966,4.083859920501709,,,,,,,,,,52018.186046511626
26967,,8.0,,,,,,,,,52020.976744186046
26968,,,3.999999999999996,0.08385999999999727,0.0,,,,,,52023.767441860466
26973,4.083899974822998,,,,,,,,,,52037.72093023256
26974,,8.0,,,,,,,,,52040.51162790698
26975,,,3.999999999999996,0.08389999999999727,0.0,,,,,,52043.3023255814
26983,4.083940029144287,,,,,,,,,,52065.62790697674
26984,,8.0,,,,,,,,,52068.41860465116
26985,,,3.999999999999996,0.08393999999999727,0.0,,,,,,52071.20930232558
26989,,,,,,0.4795042872428894,0.5746703743934631,0.006269419565796852,0.03523785248398781,1.304356575012207,52076.5
26994,,,,,,0.39620158076286316,0.4569743871688843,0.0037915462162345648,0.03543872386217117,1.309822678565979,52089.0
26999,4.083980083465576,,,,,,,,,,52101.5
27000,,8.0,,,,,,,,,52104.0
27001,,,3.999999999999996,0.08397999999999727,0.0,,,,,,52106.5
27011,4.084020137786865,,,,,,,,,,52131.5
27012,,8.0,,,,,,,,,52134.0
27013,,,3.999999999999996,0.08401999999999726,0.0,,,,,,52136.5
27024,4.084060192108154,,,,,,,,,,52164.0
27025,,8.0,,,,,,,,,52166.5
27026,,,3.999999999999996,0.08405999999999726,0.0,,,,,,52169.0
27033,4.084099769592285,,,,,,,,,,52186.5
27034,,8.0,,,,,,,,,52189.0
27035,,,3.999999999999996,0.08409999999999726,0.0,,,,,,52191.5
27040,,,,,,0.46513572335243225,0.5209038257598877,0.01180134154856205,0.06394300609827042,1.390092372894287,52198.52830188679
27052,4.084139823913574,,,,,,,,,,52225.698113207545
27053,,8.0,,,,,,,,,52227.96226415094
27054,,,3.999999999999996,0.08413999999999726,0.0,,,,,,52230.22641509434
27062,4.084179878234863,,,,,,,,,,52248.339622641506
27063,,8.0,,,,,,,,,52250.6037735849
27064,,,3.999999999999996,0.08417999999999726,0.0,,,,,,52252.8679245283
27073,4.084219932556152,,,,,,,,,,52273.24528301887
27074,,8.0,,,,,,,,,52275.50943396227
27075,,,3.999999999999996,0.08421999999999726,0.0,,,,,,52277.77358490566
27088,4.084259986877441,,,,,,,,,,52307.20754716981
27089,,8.0,,,,,,,,,52309.47169811321
27090,,,3.999999999999996,0.08425999999999725,0.0,,,,,,52311.735849056604
27099,,,,,,0.4952493906021118,0.5668850541114807,0.0164194218814373,0.05331828072667122,1.2402842044830322,52329.31914893617
27108,4.0843000411987305,,,,,,,,,,52352.29787234042
27109,,8.0,,,,,,,,,52354.85106382979
27110,,,3.999999999999996,0.08429999999999725,0.0,,,,,,52357.40425531915
27120,4.0843400955200195,,,,,,,,,,52382.936170212764
27121,,8.0,,,,,,,,,52385.48936170213
27122,,,3.999999999999996,0.08433999999999725,0.0,,,,,,52388.04255319149
27126,4.084380149841309,,,,,,,,,,52398.255319148935
27127,,8.0,,,,,,,,,52400.8085106383
27128,,,3.999999999999996,0.08437999999999725,0.0,,,,,,52403.36170212766
27137,4.084420204162598,,,,,,,,,,52426.34042553192
27138,,8.0,,,,,,,,,52428.89361702128
27139,,,3.999999999999996,0.08441999999999725,0.0,,,,,,52431.44680851064
27144,,,,,,0.47669416666030884,0.5805606245994568,0.00612915912643075,0.04186606407165527,0.8366873264312744,52438.61538461538
27155,4.0844597816467285,,,,,,,,,,52464.0
27156,,8.0,,,,,,,,,52466.307692307695
27157,,,3.999999999999996,0.08445999999999725,0.0,,,,,,52468.61538461538
27164,4.084499835968018,,,,,,,,,,52484.769230769234
27165,,8.0,,,,,,,,,52487.07692307692
27166,,,3.999999999999996,0.08449999999999724,0.0,,,,,,52489.38461538462
27176,4.084539890289307,,,,,,,,,,52512.46153846154
27177,,8.0,,,,,,,,,52514.769230769234
27178,,,3.999999999999996,0.08453999999999724,0.0,,,,,,52517.07692307692
27191,4.084579944610596,,,,,,,,,,52547.07692307692
27192,,8.0,,,,,,,,,52549.38461538462
27193,,,3.999999999999996,0.08457999999999724,0.0,,,,,,52551.692307692305
27197,,,,,,0.5622165203094482,0.7057017087936401,-0.0029157912358641624,0.06864146888256073,1.1719050407409668,52556.5
27206,4.084619998931885,,,,,,,,,,52579.0
27207,,8.0,,,,,,,,,52581.5
27208,,,3.999999999999996,0.08461999999999724,0.0,,,,,,52584.0
27217,4.084660053253174,,,,,,,,,,52606.5
27218,,8.0,,,,,,,,,52609.0
27219,,,3.999999999999996,0.08465999999999724,0.0,,,,,,52611.5
27229,4.084700107574463,,,,,,,,,,52636.5
27230,,8.0,,,,,,,,,52639.0
27231,,,3.999999999999996,0.08469999999999724,0.0,,,,,,52641.5
27241,4.084740161895752,,,,,,,,,,52666.5
27242,,8.0,,,,,,,,,52669.0
27243,,,3.999999999999996,0.08473999999999723,0.0,,,,,,52671.5
27247,,,,,,0.5952426195144653,0.6971260905265808,0.04424072057008743,0.10960542410612106,1.3080096244812012,52676.4
27250,,,,,,0.5202280879020691,0.6240509152412415,0.01100651454180479,0.06876493990421295,0.7947410345077515,52683.6
27260,4.084780216217041,,,,,,,,,,52707.6
27261,,8.0,,,,,,,,,52710.0
27262,,,3.999999999999996,0.08477999999999723,0.0,,,,,,52712.4
27270,4.084819793701172,,,,,,,,,,52731.6
27271,,8.0,,,,,,,,,52734.0
27272,,,3.999999999999996,0.08481999999999723,0.0,,,,,,52736.4
27278,4.084859848022461,,,,,,,,,,52750.8
27279,,8.0,,,,,,,,,52753.2
27280,,,3.999999999999996,0.08485999999999723,0.0,,,,,,52755.6
27293,4.08489990234375,,,,,,,,,,52786.8
27294,,8.0,,,,,,,,,52789.2
27295,,,3.999999999999996,0.08489999999999723,0.0,,,,,,52791.6
27301,,,,,,0.3927189111709595,0.510376513004303,0.006435089278966188,0.057475972920656204,0.48585245013237,52802.0
27307,4.084939956665039,,,,,,,,,,52818.0
27308,,8.0,,,,,,,,,52820.666666666664
27309,,,3.999999999999996,0.08493999999999723,0.0,,,,,,52823.333333333336
27318,4.084980010986328,,,,,,,,,,52847.333333333336
27319,,8.0,,,,,,,,,52850.0
27320,,,3.999999999999996,0.08497999999999722,0.0,,,,,,52852.666666666664
27330,4.085020065307617,,,,,,,,,,52879.333333333336
27331,,8.0,,,,,,,,,52882.0
27332,,,3.999999999999996,0.08501999999999722,0.0,,,,,,52884.666666666664
27340,4.085060119628906,,,,,,,,,,52906.0
27341,,8.0,,,,,,,,,52908.666666666664
27342,,,3.999999999999996,0.08505999999999722,0.0,,,,,,52911.333333333336
27347,,,,,,0.5590461492538452,0.667900562286377,0.014983979985117912,0.0647725760936737,0.450447142124176,52918.705882352944
27355,4.085100173950195,,,,,,,,,,52937.529411764706
27356,,8.0,,,,,,,,,52939.882352941175
27357,,,3.999999999999996,0.08509999999999722,0.0,,,,,,52942.23529411765
27367,4.085140228271484,,,,,,,,,,52965.76470588235
27368,,8.0,,,,,,,,,52968.117647058825
27369,,,3.999999999999996,0.08513999999999722,0.0,,,,,,52970.470588235294
27382,4.085179805755615,,,,,,,,,,53001.05882352941
27383,,8.0,,,,,,,,,53003.41176470588
27384,,,3.999999999999996,0.08517999999999722,0.0,,,,,,53005.76470588235
27393,4.085219860076904,,,,,,,,,,53026.94117647059
27394,,8.0,,,,,,,,,53029.294117647056
27395,,,3.999999999999996,0.08521999999999721,0.0,,,,,,53031.64705882353
27401,,,,,,0.45689961314201355,0.5423959493637085,0.015883613377809525,0.04395445063710213,0.5769023895263672,53042.0
27412,4.085259914398193,,,,,,,,,,53071.333333333336
27413,,8.0,,,,,,,,,53074.0
27414,,,3.999999999999996,0.08525999999999721,0.0,,,,,,53076.666666666664
27422,4.085299968719482,,,,,,,,,,53098.0
27423,,8.0,,,,,,,,,53100.666666666664
27424,,,3.999999999999996,0.08529999999999721,0.0,,,,,,53103.333333333336
27429,4.0853400230407715,,,,,,,,,,53116.666666666664
27430,,8.0,,,,,,,,,53119.333333333336
27431,,,3.999999999999996,0.08533999999999721,0.0,,,,,,53122.0
27440,4.0853800773620605,,,,,,,,,,53146.0
27441,,8.0,,,,,,,,,53148.666666666664
27442,,,3.999999999999996,0.08537999999999721,0.0,,,,,,53151.333333333336
27446,,,,,,0.432382196187973,0.5118770003318787,0.009950687177479267,0.04479724541306496,0.3898690342903137,53156.666666666664
27456,4.08542013168335,,,,,,,,,,53183.333333333336
27457,,8.0,,,,,,,,,53186.0
27458,,,3.999999999999996,0.0854199999999972,0.0,,,,,,53188.666666666664
27465,4.085460186004639,,,,,,,,,,53207.333333333336
27466,,8.0,,,,,,,,,53210.0
27467,,,3.999999999999996,0.0854599999999972,0.0,,,,,,53212.666666666664
27476,4.0854997634887695,,,,,,,,,,53236.666666666664
27477,,8.0,,,,,,,,,53239.333333333336
27478,,,3.999999999999996,0.0854999999999972,0.0,,,,,,53242.0
27487,4.085539817810059,,,,,,,,,,53266.0
27488,,8.0,,,,,,,,,53268.666666666664
27489,,,3.999999999999996,0.0855399999999972,0.0,,,,,,53271.333333333336
27493,,,,,,0.4252196252346039,0.4998568296432495,0.007593883667141199,0.025955701246857643,0.21462251245975494,53276.72727272727
27498,,,,,,0.4655868113040924,0.5799912810325623,0.002029988681897521,0.048671819269657135,0.2959003448486328,53290.36363636364
27503,4.085579872131348,,,,,,,,,,53304.0
27504,,8.0,,,,,,,,,53306.72727272727
27505,,,3.999999999999996,0.0855799999999972,0.0,,,,,,53309.454545454544
27517,4.085619926452637,,,,,,,,,,53342.181818181816
27518,,8.0,,,,,,,,,53344.90909090909
27519,,,3.999999999999996,0.0856199999999972,0.0,,,,,,53347.63636363636
27525,4.085659980773926,,,,,,,,,,53364.0
27526,,8.0,,,,,,,,,53366.72727272727
27527,,,3.999999999999996,0.0856599999999972,0.0,,,,,,53369.454545454544
27533,4.085700035095215,,,,,,,,,,53385.818181818184
27534,,8.0,,,,,,,,,53388.545454545456
27535,,,3.999999999999996,0.0856999999999972,0.0,,,,,,53391.27272727273
27541,,,,,,0.49611392617225647,0.5847892165184021,0.02158936858177185,0.08628825098276138,0.6314953565597534,53402.37209302326
27549,4.085740089416504,,,,,,,,,,53424.6976744186
27550,,8.0,,,,,,,,,53427.48837209302
27551,,,3.999999999999996,0.0857399999999972,0.0,,,,,,53430.27906976744
27561,4.085780143737793,,,,,,,,,,53458.186046511626
27562,,8.0,,,,,,,,,53460.976744186046
27563,,,3.999999999999996,0.08577999999999719,0.0,,,,,,53463.767441860466
27570,4.085820198059082,,,,,,,,,,53483.3023255814
27571,,8.0,,,,,,,,,53486.09302325582
27572,,,3.999999999999996,0.08581999999999719,0.0,,,,,,53488.88372093023
27578,4.085859775543213,,,,,,,,,,53505.62790697674
27579,,8.0,,,,,,,,,53508.41860465116
27580,,,3.999999999999996,0.08585999999999719,0.0,,,,,,53511.20930232558
27588,,,,,,0.49056246876716614,0.5628143548965454,0.0017911503091454506,0.0726897343993187,0.6951621174812317,53525.11111111111
27601,4.085899829864502,,,,,,,,,,53554.0
27602,,8.0,,,,,,,,,53556.22222222222
27603,,,3.999999999999996,0.08589999999999719,0.0,,,,,,53558.444444444445
27614,4.085939884185791,,,,,,,,,,53582.88888888889
27615,,8.0,,,,,,,,,53585.11111111111
27616,,,3.999999999999996,0.08593999999999719,0.0,,,,,,53587.333333333336
27626,4.08597993850708,,,,,,,,,,53609.555555555555
27627,,8.0,,,,,,,,,53611.77777777778
27628,,,3.999999999999996,0.08597999999999718,0.0,,,,,,53614.0
27634,4.086019992828369,,,,,,,,,,53627.333333333336
27635,,8.0,,,,,,,,,53629.555555555555
27636,,,3.999999999999996,0.08601999999999718,0.0,,,,,,53631.77777777778
27642,,,,,,0.509797990322113,0.5965175032615662,0.009590652771294117,0.046478431671857834,0.4760092794895172,53641.2
27649,4.086060047149658,,,,,,,,,,53658.0
27650,,8.0,,,,,,,,,53660.4
27651,,,3.999999999999996,0.08605999999999718,0.0,,,,,,53662.8
27659,4.086100101470947,,,,,,,,,,53682.0
27660,,8.0,,,,,,,,,53684.4
27661,,,3.999999999999996,0.08609999999999718,0.0,,,,,,53686.8
27670,4.086140155792236,,,,,,,,,,53708.4
27671,,8.0,,,,,,,,,53710.8
27672,,,3.999999999999996,0.08613999999999718,0.0,,,,,,53713.2
27686,4.086180210113525,,,,,,,,,,53746.8
27687,,8.0,,,,,,,,,53749.2
27688,,,3.999999999999996,0.08617999999999718,0.0,,,,,,53751.6
27694,,,,,,0.493814080953598,0.5805439352989197,0.005637344438582659,0.024979140609502792,0.43191730976104736,53761.05882352941
27708,4.086219787597656,,,,,,,,,,53794.0
27709,,8.0,,,,,,,,,53796.35294117647
27710,,,3.999999999999996,0.08621999999999717,0.0,,,,,,53798.705882352944
27717,4.086259841918945,,,,,,,,,,53815.17647058824
27718,,8.0,,,,,,,,,53817.529411764706
27719,,,3.999999999999996,0.08625999999999717,0.0,,,,,,53819.882352941175
27728,4.086299896240234,,,,,,,,,,53841.05882352941
27729,,8.0,,,,,,,,,53843.41176470588
27730,,,3.999999999999996,0.08629999999999717,0.0,,,,,,53845.76470588235
27739,4.086339950561523,,,,,,,,,,53866.94117647059
27740,,8.0,,,,,,,,,53869.294117647056
27741,,,3.999999999999996,0.08633999999999717,0.0,,,,,,53871.64705882353
27745,,,,,,0.45376038551330566,0.5370298027992249,0.01678098551928997,0.06876321136951447,0.7810032963752747,53876.264150943396
27747,,,,,,0.45371130108833313,0.5262218117713928,0.01781303808093071,0.05403359979391098,0.6450843214988708,53880.79245283019
27764,4.0863800048828125,,,,,,,,,,53919.28301886792
27765,,8.0,,,,,,,,,53921.54716981132
27766,,,3.999999999999996,0.08637999999999717,0.0,,,,,,53923.811320754714
27775,4.086420059204102,,,,,,,,,,53944.188679245286
27776,,8.0,,,,,,,,,53946.45283018868
27777,,,3.999999999999996,0.08641999999999717,0.0,,,,,,53948.71698113208
27782,4.086460113525391,,,,,,,,,,53960.03773584906
27783,,8.0,,,,,,,,,53962.301886792455
27784,,,3.999999999999996,0.08645999999999716,0.0,,,,,,53964.56603773585
27794,4.08650016784668,,,,,,,,,,53987.20754716981
27795,,8.0,,,,,,,,,53989.47169811321
27796,,,3.999999999999996,0.08649999999999716,0.0,,,,,,53991.735849056604
27807,,,,,,0.4276920258998871,0.4888104200363159,0.0023402150254696608,0.054257214069366455,0.5100006461143494,54009.23809523809
27820,4.086540222167969,,,,,,,,,,54034.0
27821,,8.0,,,,,,,,,54035.90476190476
27822,,,3.999999999999996,0.08653999999999716,0.0,,,,,,54037.80952380953
27830,4.0865797996521,,,,,,,,,,54053.04761904762
27831,,8.0,,,,,,,,,54054.95238095238
27832,,,3.999999999999996,0.08657999999999716,0.0,,,,,,54056.857142857145
27847,4.086619853973389,,,,,,,,,,54085.42857142857
27848,,8.0,,,,,,,,,54087.333333333336
27849,,,3.999999999999996,0.08661999999999716,0.0,,,,,,54089.23809523809
27859,4.086659908294678,,,,,,,,,,54108.28571428572
27860,,8.0,,,,,,,,,54110.19047619047
27861,,,3.999999999999996,0.08665999999999716,0.0,,,,,,54112.09523809524
27867,,,,,,0.4961203634738922,0.6219657063484192,0.005983161740005016,0.049710921943187714,0.6369863152503967,54121.05882352941
27882,4.086699962615967,,,,,,,,,,54156.35294117647
27883,,8.0,,,,,,,,,54158.705882352944
27884,,,3.999999999999996,0.08669999999999715,0.0,,,,,,54161.05882352941
27892,4.086740016937256,,,,,,,,,,54179.882352941175
27893,,8.0,,,,,,,,,54182.23529411765
27894,,,3.999999999999996,0.08673999999999715,0.0,,,,,,54184.58823529412
27902,4.086780071258545,,,,,,,,,,54203.41176470588
27903,,8.0,,,,,,,,,54205.76470588235
27904,,,3.999999999999996,0.08677999999999715,0.0,,,,,,54208.117647058825
27912,4.086820125579834,,,,,,,,,,54226.94117647059
27913,,8.0,,,,,,,,,54229.294117647056
27914,,,3.999999999999996,0.08681999999999715,0.0,,,,,,54231.64705882353
27920,,,,,,0.4827113151550293,0.5787298083305359,0.005762878805398941,0.04316478222608566,0.2995045781135559,54240.79245283019
27934,4.086860179901123,,,,,,,,,,54272.49056603773
27935,,8.0,,,,,,,,,54274.75471698113
27936,,,3.999999999999996,0.08685999999999715,0.0,,,,,,54277.018867924526
27945,4.086900234222412,,,,,,,,,,54297.3962264151
27946,,8.0,,,,,,,,,54299.660377358494
27947,,,3.999999999999996,0.08689999999999715,0.0,,,,,,54301.92452830189
27957,4.086939811706543,,,,,,,,,,54324.56603773585
27958,,8.0,,,,,,,,,54326.83018867925
27959,,,3.999999999999996,0.08693999999999714,0.0,,,,,,54329.09433962264
27967,4.086979866027832,,,,,,,,,,54347.20754716981
27968,,8.0,,,,,,,,,54349.47169811321
27969,,,3.999999999999996,0.08697999999999714,0.0,,,,,,54351.735849056604
27973,,,,,,0.48739123344421387,0.6059945821762085,0.015398566611111164,0.04801144823431969,0.3144146203994751,54357.15789473684
27981,4.087019920349121,,,,,,,,,,54382.42105263158
27982,,8.0,,,,,,,,,54385.57894736842
27983,,,3.999999999999996,0.08701999999999714,0.0,,,,,,54388.73684210526
27989,4.08705997467041,,,,,,,,,,54407.68421052631
27990,,8.0,,,,,,,,,54410.84210526316
27991,,,3.999999999999996,0.08705999999999714,0.0,,,,,,54414.0
28000,4.087100028991699,,,,,,,,,,54442.42105263158
28001,,8.0,,,,,,,,,54445.57894736842
28002,,,3.999999999999996,0.08709999999999714,0.0,,,,,,54448.73684210526
28007,4.087140083312988,,,,,,,,,,54464.52631578947
28008,,8.0,,,,,,,,,54467.68421052631
28009,,,3.999999999999996,0.08713999999999714,0.0,,,,,,54470.84210526316
28014,,,,,,0.4791712164878845,0.634917140007019,0.014284987933933735,0.044405076652765274,0.5638973116874695,54478.52830188679
28020,,,,,,0.4512850344181061,0.5104016661643982,0.006343842949718237,0.05840460583567619,0.6147034764289856,54492.11320754717
28030,4.087180137634277,,,,,,,,,,54514.75471698113
28031,,8.0,,,,,,,,,54517.018867924526
28032,,,3.999999999999996,0.08717999999999713,0.0,,,,,,54519.28301886792
28043,4.087220191955566,,,,,,,,,,54544.188679245286
28044,,8.0,,,,,,,,,54546.45283018868
28045,,,3.999999999999996,0.08721999999999713,0.0,,,,,,54548.71698113208
28053,4.087259769439697,,,,,,,,,,54566.83018867925
28054,,8.0,,,,,,,,,54569.09433962264
28055,,,3.999999999999996,0.08725999999999713,0.0,,,,,,54571.35849056604
28062,4.087299823760986,,,,,,,,,,54587.20754716981
28063,,8.0,,,,,,,,,54589.47169811321
28064,,,3.999999999999996,0.08729999999999713,0.0,,,,,,54591.735849056604
28070,,,,,,0.48639804124832153,0.5431827306747437,0.02006855234503746,0.04578351229429245,0.664292573928833,54600.92307692308
28078,4.087339878082275,,,,,,,,,,54619.38461538462
28079,,8.0,,,,,,,,,54621.692307692305
28080,,,3.999999999999996,0.08733999999999713,0.0,,,,,,54624.0
28090,4.0873799324035645,,,,,,,,,,54647.07692307692
28091,,8.0,,,,,,,,,54649.38461538462
28092,,,3.999999999999996,0.08737999999999713,0.0,,,,,,54651.692307692305
28102,4.0874199867248535,,,,,,,,,,54674.769230769234
28103,,8.0,,,,,,,,,54677.07692307692
28104,,,3.999999999999996,0.08741999999999713,0.0,,,,,,54679.38461538462
28116,4.087460041046143,,,,,,,,,,54707.07692307692
28117,,8.0,,,,,,,,,54709.38461538462
28118,,,3.999999999999996,0.08745999999999712,0.0,,,,,,54711.692307692305
28124,,,,,,0.5202549695968628,0.5820433497428894,0.021205851808190346,0.09410029649734497,0.947114109992981,54721.2
28134,4.087500095367432,,,,,,,,,,54745.2
28135,,8.0,,,,,,,,,54747.6
28136,,,3.999999999999996,0.08749999999999712,0.0,,,,,,54750.0
28146,4.087540149688721,,,,,,,,,,54774.0
28147,,8.0,,,,,,,,,54776.4
28148,,,3.999999999999996,0.08753999999999712,0.0,,,,,,54778.8
28154,4.08758020401001,,,,,,,,,,54793.2
28155,,8.0,,,,,,,,,54795.6
28156,,,3.999999999999996,0.08757999999999712,0.0,,,,,,54798.0
28168,4.087619781494141,,,,,,,,,,54826.8
28169,,8.0,,,,,,,,,54829.2
28170,,,3.999999999999996,0.08761999999999712,0.0,,,,,,54831.6
28178,,,,,,0.4795342683792114,0.5772393345832825,0.012282615527510643,0.045446500182151794,0.4493316113948822,54845.76470588235
28183,4.08765983581543,,,,,,,,,,54857.529411764706
28184,,8.0,,,,,,,,,54859.882352941175
28185,,,3.999999999999996,0.08765999999999712,0.0,,,,,,54862.23529411765
28198,4.087699890136719,,,,,,,,,,54892.82352941176
28199,,8.0,,,,,,,,,54895.17647058824
28200,,,3.999999999999996,0.08769999999999711,0.0,,,,,,54897.529411764706
28208,4.087739944458008,,,,,,,,,,54916.35294117647
28209,,8.0,,,,,,,,,54918.705882352944
28210,,,3.999999999999996,0.08773999999999711,0.0,,,,,,54921.05882352941
28221,4.087779998779297,,,,,,,,,,54946.94117647059
28222,,8.0,,,,,,,,,54949.294117647056
28223,,,3.999999999999996,0.08777999999999711,0.0,,,,,,54951.64705882353
28228,,,,,,0.49672919511795044,0.5792725682258606,0.013619918376207352,0.05394313856959343,0.3801814317703247,54958.36363636364
28239,4.087820053100586,,,,,,,,,,54982.36363636364
28240,,8.0,,,,,,,,,54984.545454545456
28241,,,3.999999999999996,0.08781999999999711,0.0,,,,,,54986.72727272727
28252,4.087860107421875,,,,,,,,,,55010.72727272727
28253,,8.0,,,,,,,,,55012.90909090909
28254,,,3.999999999999996,0.08785999999999711,0.0,,,,,,55015.09090909091
28263,4.087900161743164,,,,,,,,,,55034.72727272727
28264,,8.0,,,,,,,,,55036.90909090909
28265,,,3.999999999999996,0.0878999999999971,0.0,,,,,,55039.09090909091
28278,4.087940216064453,,,,,,,,,,55067.454545454544
28279,,8.0,,,,,,,,,55069.63636363636
28280,,,3.999999999999996,0.0879399999999971,0.0,,,,,,55071.818181818184
28285,,,,,,0.5371693968772888,0.6270665526390076,0.008666947484016418,0.053154949098825455,0.3164520561695099,55078.444444444445
28289,,,,,,0.6023658514022827,0.6883765459060669,0.006025898270308971,0.0565665028989315,0.32958850264549255,55087.333333333336
28297,4.087979793548584,,,,,,,,,,55105.11111111111
28298,,8.0,,,,,,,,,55107.333333333336
28299,,,3.999999999999996,0.0879799999999971,0.0,,,,,,55109.555555555555
28312,4.088019847869873,,,,,,,,,,55138.444444444445
28313,,8.0,,,,,,,,,55140.666666666664
28314,,,3.999999999999996,0.0880199999999971,0.0,,,,,,55142.88888888889
28322,4.088059902191162,,,,,,,,,,55160.666666666664
28323,,8.0,,,,,,,,,55162.88888888889
28324,,,3.999999999999996,0.0880599999999971,0.0,,,,,,55165.11111111111
28334,4.088099956512451,,,,,,,,,,55187.333333333336
28335,,8.0,,,,,,,,,55189.555555555555
28336,,,3.999999999999996,0.0880999999999971,0.0,,,,,,55191.77777777778
28342,,,,,,0.5324800610542297,0.6455661058425903,-0.00545808020979166,0.04590212553739548,1.0799399614334106,55201.65957446808
28356,4.08814001083374,,,,,,,,,,55237.40425531915
28357,,8.0,,,,,,,,,55239.95744680851
28358,,,3.999999999999996,0.0881399999999971,0.0,,,,,,55242.51063829787
28364,4.088180065155029,,,,,,,,,,55257.82978723404
28365,,8.0,,,,,,,,,55260.382978723406
28366,,,3.999999999999996,0.0881799999999971,0.0,,,,,,55262.936170212764
28375,4.088220119476318,,,,,,,,,,55285.914893617024
28376,,8.0,,,,,,,,,55288.46808510638
28377,,,3.999999999999996,0.08821999999999709,0.0,,,,,,55291.02127659575
28383,4.088260173797607,,,,,,,,,,55306.34042553192
28384,,8.0,,,,,,,,,55308.89361702128
28385,,,3.999999999999996,0.08825999999999709,0.0,,,,,,55311.44680851064
28390,,,,,,0.517444908618927,0.6325015425682068,0.021324319764971733,0.06721361726522446,1.6475919485092163,55319.85365853659
28399,4.0883002281188965,,,,,,,,,,55346.19512195122
28400,,8.0,,,,,,,,,55349.12195121951
28401,,,3.999999999999996,0.08829999999999709,0.0,,,,,,55352.04878048781
28409,4.088339805603027,,,,,,,,,,55375.46341463415
28410,,8.0,,,,,,,,,55378.39024390244
28411,,,3.999999999999996,0.08833999999999709,0.0,,,,,,55381.31707317073
28417,4.088379859924316,,,,,,,,,,55398.87804878049
28418,,8.0,,,,,,,,,55401.80487804878
28419,,,3.999999999999996,0.08837999999999709,0.0,,,,,,55404.73170731707
28426,4.0884199142456055,,,,,,,,,,55425.21951219512
28427,,8.0,,,,,,,,,55428.14634146341
28428,,,3.999999999999996,0.08841999999999708,0.0,,,,,,55431.07317073171
28433,,,,,,0.3712872862815857,0.474504292011261,0.010907059535384178,0.06052876636385918,1.098817229270935,55439.217391304344
28438,4.0884599685668945,,,,,,,,,,55452.260869565216
28439,,8.0,,,,,,,,,55454.86956521739
28440,,,3.999999999999996,0.08845999999999708,0.0,,,,,,55457.47826086957
28453,4.088500022888184,,,,,,,,,,55491.391304347824
28454,,8.0,,,,,,,,,55494.0
28455,,,3.999999999999996,0.08849999999999708,0.0,,,,,,55496.608695652176
28465,4.088540077209473,,,,,,,,,,55522.69565217391
28466,,8.0,,,,,,,,,55525.30434782609
28467,,,3.999999999999996,0.08853999999999708,0.0,,,,,,55527.913043478264
28474,4.088580131530762,,,,,,,,,,55546.17391304348
28475,,8.0,,,,,,,,,55548.782608695656
28476,,,3.999999999999996,0.08857999999999708,0.0,,,,,,55551.391304347824
28480,,,,,,0.47196996212005615,0.5625708699226379,0.0065377322025597095,0.03976595401763916,1.0456050634384155,55556.72727272727
28486,4.088620185852051,,,,,,,,,,55573.09090909091
28487,,8.0,,,,,,,,,55575.818181818184
28488,,,3.999999999999996,0.08861999999999708,0.0,,,,,,55578.545454545456
28498,4.088659763336182,,,,,,,,,,55605.818181818184
28499,,8.0,,,,,,,,,55608.545454545456
28500,,,3.999999999999996,0.08865999999999707,0.0,,,,,,55611.27272727273
28512,4.088699817657471,,,,,,,,,,55644.0
28513,,8.0,,,,,,,,,55646.72727272727
28514,,,3.999999999999996,0.08869999999999707,0.0,,,,,,55649.454545454544
28520,4.08873987197876,,,,,,,,,,55665.818181818184
28521,,8.0,,,,,,,,,55668.545454545456
28522,,,3.999999999999996,0.08873999999999707,0.0,,,,,,55671.27272727273
28526,,,,,,0.4017108976840973,0.47506558895111084,-0.0007754799444228411,0.018251901492476463,0.7184467315673828,55676.03389830508
28529,,,,,,0.46205297112464905,0.52077716588974,0.006898388732224703,0.033914487808942795,0.9169599413871765,55682.13559322034
28540,4.088779926300049,,,,,,,,,,55704.50847457627
28541,,8.0,,,,,,,,,55706.542372881355
28542,,,3.999999999999996,0.08877999999999707,0.0,,,,,,55708.57627118644
28554,4.088819980621338,,,,,,,,,,55732.983050847455
28555,,8.0,,,,,,,,,55735.016949152545
28556,,,3.999999999999996,0.08881999999999707,0.0,,,,,,55737.05084745763
28569,4.088860034942627,,,,,,,,,,55763.49152542373
28570,,8.0,,,,,,,,,55765.52542372881
28571,,,3.999999999999996,0.08885999999999707,0.0,,,,,,55767.5593220339
28581,4.088900089263916,,,,,,,,,,55787.898305084746
28582,,8.0,,,,,,,,,55789.93220338983
28583,,,3.999999999999996,0.08889999999999706,0.0,,,,,,55791.96610169492
28591,,,,,,0.530779242515564,0.6144686341285706,-0.010716523975133896,0.05416866019368172,0.6148539781570435,55806.0
28599,4.088940143585205,,,,,,,,,,55825.2
28600,,8.0,,,,,,,,,55827.6
28601,,,3.999999999999996,0.08893999999999706,0.0,,,,,,55830.0
28609,4.088980197906494,,,,,,,,,,55849.2
28610,,8.0,,,,,,,,,55851.6
28611,,,3.999999999999996,0.08897999999999706,0.0,,,,,,55854.0
28620,4.089019775390625,,,,,,,,,,55875.6
28621,,8.0,,,,,,,,,55878.0
28622,,,3.999999999999996,0.08901999999999706,0.0,,,,,,55880.4
28633,4.089059829711914,,,,,,,,,,55906.8
28634,,8.0,,,,,,,,,55909.2
28635,,,3.999999999999996,0.08905999999999706,0.0,,,,,,55911.6
28641,,,,,,0.49363383650779724,0.5653553605079651,0.012450804002583027,0.057460423558950424,0.28771159052848816,55922.181818181816
28648,4.089099884033203,,,,,,,,,,55941.27272727273
28649,,8.0,,,,,,,,,55944.0
28650,,,3.999999999999996,0.08909999999999706,0.0,,,,,,55946.72727272727
28662,4.089139938354492,,,,,,,,,,55979.454545454544
28663,,8.0,,,,,,,,,55982.181818181816
28664,,,3.999999999999996,0.08913999999999705,0.0,,,,,,55984.90909090909
28672,4.089179992675781,,,,,,,,,,56006.72727272727
28673,,8.0,,,,,,,,,56009.454545454544
28674,,,3.999999999999996,0.08917999999999705,0.0,,,,,,56012.181818181816
28679,4.08922004699707,,,,,,,,,,56025.818181818184
28680,,8.0,,,,,,,,,56028.545454545456
28681,,,3.999999999999996,0.08921999999999705,0.0,,,,,,56031.27272727273
28687,,,,,,0.5264416337013245,0.6023467183113098,0.0036198643501847982,0.04273979738354683,0.2862902879714966,56041.05882352941
28699,4.089260101318359,,,,,,,,,,56069.294117647056
28700,,8.0,,,,,,,,,56071.64705882353
28701,,,3.999999999999996,0.08925999999999705,0.0,,,,,,56074.0
28708,4.089300155639648,,,,,,,,,,56090.470588235294
28709,,8.0,,,,,,,,,56092.82352941176
28710,,,3.999999999999996,0.08929999999999705,0.0,,,,,,56095.17647058824
28718,4.0893402099609375,,,,,,,,,,56114.0
28719,,8.0,,,,,,,,,56116.35294117647
28720,,,3.999999999999996,0.08933999999999705,0.0,,,,,,56118.705882352944
28732,4.089379787445068,,,,,,,,,,56146.94117647059
28733,,8.0,,,,,,,,,56149.294117647056
28734,,,3.999999999999996,0.08937999999999705,0.0,,,,,,56151.64705882353
28738,,,,,,0.4387493431568146,0.48972493410110474,0.013633936643600464,0.04712643101811409,0.255758672952652,56156.10526315789
28755,4.089419841766357,,,,,,,,,,56191.89473684211
28756,,8.0,,,,,,,,,56194.0
28757,,,3.999999999999996,0.08941999999999704,0.0,,,,,,56196.10526315789
28767,4.0894598960876465,,,,,,,,,,56217.15789473684
28768,,8.0,,,,,,,,,56219.26315789474
28769,,,3.999999999999996,0.08945999999999704,0.0,,,,,,56221.36842105263
28779,4.0894999504089355,,,,,,,,,,56242.42105263158
28780,,8.0,,,,,,,,,56244.52631578947
28781,,,3.999999999999996,0.08949999999999704,0.0,,,,,,56246.63157894737
28791,4.089540004730225,,,,,,,,,,56267.68421052631
28792,,8.0,,,,,,,,,56269.78947368421
28793,,,3.999999999999996,0.08953999999999704,0.0,,,,,,56271.89473684211
28797,,,,,,0.49202072620391846,0.6001699566841125,-0.0009615610470063984,0.04491763934493065,0.06422256678342819,56276.5
28802,,,,,,0.4595612585544586,0.5687211751937866,0.009058479219675064,0.05067896097898483,0.11158963292837143,56289.0
28812,4.089580059051514,,,,,,,,,,56314.0
28813,,8.0,,,,,,,,,56316.5
28814,,,3.999999999999996,0.08957999999999704,0.0,,,,,,56319.0
28824,4.089620113372803,,,,,,,,,,56344.0
28825,,8.0,,,,,,,,,56346.5
28826,,,3.999999999999996,0.08961999999999704,0.0,,,,,,56349.0
28830,4.089660167694092,,,,,,,,,,56359.0
28831,,8.0,,,,,,,,,56361.5
28832,,,3.999999999999996,0.08965999999999703,0.0,,,,,,56364.0
28841,4.089700222015381,,,,,,,,,,56386.5
28842,,8.0,,,,,,,,,56389.0
28843,,,3.999999999999996,0.08969999999999703,0.0,,,,,,56391.5
28849,,,,,,0.5008306503295898,0.5437437295913696,0.00185087276622653,0.0451667495071888,0.07202406227588654,56402.0
28857,4.089739799499512,,,,,,,,,,56423.333333333336
28858,,8.0,,,,,,,,,56426.0
28859,,,3.999999999999996,0.08973999999999703,0.0,,,,,,56428.666666666664
28868,4.089779853820801,,,,,,,,,,56452.666666666664
28869,,8.0,,,,,,,,,56455.333333333336
28870,,,3.999999999999996,0.08977999999999703,0.0,,,,,,56458.0
28879,4.08981990814209,,,,,,,,,,56482.0
28880,,8.0,,,,,,,,,56484.666666666664
28881,,,3.999999999999996,0.08981999999999703,0.0,,,,,,56487.333333333336
28888,4.089859962463379,,,,,,,,,,56506.0
28889,,8.0,,,,,,,,,56508.666666666664
28890,,,3.999999999999996,0.08985999999999703,0.0,,,,,,56511.333333333336
28895,,,,,,0.4497081935405731,0.5102598071098328,0.00902593694627285,0.0317770317196846,0.47484123706817627,56518.8
28902,4.089900016784668,,,,,,,,,,56535.6
28903,,8.0,,,,,,,,,56538.0
28904,,,3.999999999999996,0.08989999999999702,0.0,,,,,,56540.4
28915,4.089940071105957,,,,,,,,,,56566.8
28916,,8.0,,,,,,,,,56569.2
28917,,,3.999999999999996,0.08993999999999702,0.0,,,,,,56571.6
28927,4.089980125427246,,,,,,,,,,56595.6
28928,,8.0,,,,,,,,,56598.0
28929,,,3.999999999999996,0.08997999999999702,0.0,,,,,,56600.4
28940,4.090020179748535,,,,,,,,,,56626.8
28941,,8.0,,,,,,,,,56629.2
28942,,,3.999999999999996,0.09001999999999702,0.0,,,,,,56631.6
28952,,,,,,0.46010729670524597,0.5232482552528381,0.009028062224388123,0.04234006628394127,0.41502845287323,56650.470588235294
28961,4.090060234069824,,,,,,,,,,56671.64705882353
28962,,8.0,,,,,,,,,56674.0
28963,,,3.999999999999996,0.09005999999999702,0.0,,,,,,56676.35294117647
28971,4.090099811553955,,,,,,,,,,56695.17647058824
28972,,8.0,,,,,,,,,56697.529411764706
28973,,,3.999999999999996,0.09009999999999702,0.0,,,,,,56699.882352941175
28982,4.090139865875244,,,,,,,,,,56721.05882352941
28983,,8.0,,,,,,,,,56723.41176470588
28984,,,3.999999999999996,0.09013999999999701,0.0,,,,,,56725.76470588235
28993,4.090179920196533,,,,,,,,,,56746.94117647059
28994,,8.0,,,,,,,,,56749.294117647056
28995,,,3.999999999999996,0.09017999999999701,0.0,,,,,,56751.64705882353
29001,,,,,,0.49647560715675354,0.6067622900009155,0.008818931877613068,0.06059519201517105,0.6766483783721924,56760.666666666664
29012,4.090219974517822,,,,,,,,,,56785.11111111111
29013,,8.0,,,,,,,,,56787.333333333336
29014,,,3.999999999999996,0.09021999999999701,0.0,,,,,,56789.555555555555
29028,4.090260028839111,,,,,,,,,,56820.666666666664
29029,,8.0,,,,,,,,,56822.88888888889
29030,,,3.999999999999996,0.09025999999999701,0.0,,,,,,56825.11111111111
29039,4.0903000831604,,,,,,,,,,56845.11111111111
29040,,8.0,,,,,,,,,56847.333333333336
29041,,,3.999999999999996,0.09029999999999701,0.0,,,,,,56849.555555555555
29049,4.0903401374816895,,,,,,,,,,56867.333333333336
29050,,8.0,,,,,,,,,56869.555555555555
29051,,,3.999999999999996,0.090339999999997,0.0,,,,,,56871.77777777778
29055,,,,,,0.42822563648223877,0.4985653758049011,0.012750519439578056,0.040896061807870865,0.5353617072105408,56876.264150943396
29063,,,,,,0.4898470342159271,0.5864768624305725,0.013097611255943775,0.05963883921504021,0.5409020185470581,56894.377358490565
29070,4.0903801918029785,,,,,,,,,,56910.22641509434
29071,,8.0,,,,,,,,,56912.49056603773
29072,,,3.999999999999996,0.090379999999997,0.0,,,,,,56914.75471698113
29083,4.090419769287109,,,,,,,,,,56939.660377358494
29084,,8.0,,,,,,,,,56941.92452830189
29085,,,3.999999999999996,0.090419999999997,0.0,,,,,,56944.188679245286
29095,4.090459823608398,,,,,,,,,,56966.83018867925
29096,,8.0,,,,,,,,,56969.09433962264
29097,,,3.999999999999996,0.090459999999997,0.0,,,,,,56971.35849056604
29104,4.0904998779296875,,,,,,,,,,56987.20754716981
29105,,8.0,,,,,,,,,56989.47169811321
29106,,,3.999999999999996,0.090499999999997,0.0,,,,,,56991.735849056604
29114,,,,,,0.49364784359931946,0.5717544555664062,0.0018858758267015219,0.07735229283571243,0.533525288105011,57004.52631578947
29123,4.090539932250977,,,,,,,,,,57023.47368421053
29124,,8.0,,,,,,,,,57025.57894736842
29125,,,3.999999999999996,0.090539999999997,0.0,,,,,,57027.68421052631
29137,4.090579986572266,,,,,,,,,,57052.94736842105
29138,,8.0,,,,,,,,,57055.05263157895
29139,,,3.999999999999996,0.090579999999997,0.0,,,,,,57057.15789473684
29152,4.090620040893555,,,,,,,,,,57084.52631578947
29153,,8.0,,,,,,,,,57086.63157894737
29154,,,3.999999999999996,0.090619999999997,0.0,,,,,,57088.73684210526
29163,4.090660095214844,,,,,,,,,,57107.68421052631
29164,,8.0,,,,,,,,,57109.78947368421
29165,,,3.999999999999996,0.09065999999999699,0.0,,,,,,57111.89473684211
29170,,,,,,0.511910080909729,0.5885534882545471,0.012473205104470253,0.08438559621572495,0.5975645780563354,57118.705882352944
29180,4.090700149536133,,,,,,,,,,57142.23529411765
29181,,8.0,,,,,,,,,57144.58823529412
29182,,,3.999999999999996,0.09069999999999699,0.0,,,,,,57146.94117647059
29194,4.090740203857422,,,,,,,,,,57175.17647058824
29195,,8.0,,,,,,,,,57177.529411764706
29196,,,3.999999999999996,0.09073999999999699,0.0,,,,,,57179.882352941175
29204,4.090779781341553,,,,,,,,,,57198.705882352944
29205,,8.0,,,,,,,,,57201.05882352941
29206,,,3.999999999999996,0.09077999999999699,0.0,,,,,,57203.41176470588
29216,4.090819835662842,,,,,,,,,,57226.94117647059
29217,,8.0,,,,,,,,,57229.294117647056
29218,,,3.999999999999996,0.09081999999999699,0.0,,,,,,57231.64705882353
29224,,,,,,0.46702083945274353,0.568455159664154,-0.0007013597059994936,0.03711840882897377,0.3643912672996521,57242.0
29230,4.090859889984131,,,,,,,,,,57258.0
29231,,8.0,,,,,,,,,57260.666666666664
29232,,,3.999999999999996,0.09085999999999698,0.0,,,,,,57263.333333333336
29240,4.09089994430542,,,,,,,,,,57284.666666666664
29241,,8.0,,,,,,,,,57287.333333333336
29242,,,3.999999999999996,0.09089999999999698,0.0,,,,,,57290.0
29250,4.090939998626709,,,,,,,,,,57311.333333333336
29251,,8.0,,,,,,,,,57314.0
29252,,,3.999999999999996,0.09093999999999698,0.0,,,,,,57316.666666666664
29263,4.090980052947998,,,,,,,,,,57346.0
29264,,8.0,,,,,,,,,57348.666666666664
29265,,,3.999999999999996,0.09097999999999698,0.0,,,,,,57351.333333333336
29270,,,,,,0.4480201303958893,0.5493146777153015,0.011663690209388733,0.04470325633883476,0.31611838936805725,57359.333333333336
29282,4.091020107269287,,,,,,,,,,57391.333333333336
29283,,8.0,,,,,,,,,57394.0
29284,,,3.999999999999996,0.09101999999999698,0.0,,,,,,57396.666666666664
29291,4.091060161590576,,,,,,,,,,57415.333333333336
29292,,8.0,,,,,,,,,57418.0
29293,,,3.999999999999996,0.09105999999999698,0.0,,,,,,57420.666666666664
29301,4.091100215911865,,,,,,,,,,57442.0
29302,,8.0,,,,,,,,,57444.666666666664
29303,,,3.999999999999996,0.09109999999999698,0.0,,,,,,57447.333333333336
29310,4.091139793395996,,,,,,,,,,57466.0
29311,,8.0,,,,,,,,,57468.666666666664
29312,,,3.999999999999996,0.09113999999999697,0.0,,,,,,57471.333333333336
29318,,,,,,0.45308083295822144,0.5608056783676147,0.004567410331219435,0.07221736758947372,0.48741546273231506,57480.92307692308
29322,,,,,,0.4845469295978546,0.5491598844528198,0.024019818753004074,0.08029317855834961,0.492702454328537,57490.153846153844
29330,4.091179847717285,,,,,,,,,,57508.61538461538
29331,,8.0,,,,,,,,,57510.92307692308
29332,,,3.999999999999996,0.09117999999999697,0.0,,,,,,57513.230769230766
29341,4.091219902038574,,,,,,,,,,57534.0
29342,,8.0,,,,,,,,,57536.307692307695
29343,,,3.999999999999996,0.09121999999999697,0.0,,,,,,57538.61538461538
29348,4.091259956359863,,,,,,,,,,57550.153846153844
29349,,8.0,,,,,,,,,57552.46153846154
29350,,,3.999999999999996,0.09125999999999697,0.0,,,,,,57554.769230769234
29364,4.091300010681152,,,,,,,,,,57587.07692307692
29365,,8.0,,,,,,,,,57589.38461538462
29366,,,3.999999999999996,0.09129999999999697,0.0,,,,,,57591.692307692305
29373,,,,,,0.5036203861236572,0.5724298357963562,-0.008457438088953495,0.05049276724457741,0.39375266432762146,57602.57142857143
29386,4.091340065002441,,,,,,,,,,57630.42857142857
29387,,8.0,,,,,,,,,57632.57142857143
29388,,,3.999999999999996,0.09133999999999697,0.0,,,,,,57634.71428571428
29398,4.0913801193237305,,,,,,,,,,57656.142857142855
29399,,8.0,,,,,,,,,57658.28571428572
29400,,,3.999999999999996,0.09137999999999696,0.0,,,,,,57660.42857142857
29414,4.0914201736450195,,,,,,,,,,57690.42857142857
29415,,8.0,,,,,,,,,57692.57142857143
29416,,,3.999999999999996,0.09141999999999696,0.0,,,,,,57694.71428571428
29422,4.091460227966309,,,,,,,,,,57707.57142857143
29423,,8.0,,,,,,,,,57709.71428571428
29424,,,3.999999999999996,0.09145999999999696,0.0,,,,,,57711.857142857145
29432,,,,,,0.4819766581058502,0.5586627125740051,0.010585514828562737,0.05046510696411133,0.5106765031814575,57723.67741935484
29449,4.0914998054504395,,,,,,,,,,57756.58064516129
29450,,8.0,,,,,,,,,57758.51612903226
29451,,,3.999999999999996,0.09149999999999696,0.0,,,,,,57760.45161290323
29458,4.0915398597717285,,,,,,,,,,57774.0
29459,,8.0,,,,,,,,,57775.93548387097
29460,,,3.999999999999996,0.09153999999999696,0.0,,,,,,57777.87096774193
29471,4.091579914093018,,,,,,,,,,57799.16129032258
29472,,8.0,,,,,,,,,57801.096774193546
29473,,,3.999999999999996,0.09157999999999696,0.0,,,,,,57803.032258064515
29486,4.091619968414307,,,,,,,,,,57828.1935483871
29487,,8.0,,,,,,,,,57830.12903225807
29488,,,3.999999999999996,0.09161999999999695,0.0,,,,,,57832.06451612903
29495,,,,,,0.49735158681869507,0.5581309795379639,0.018236622214317322,0.06546301394701004,0.6952887773513794,57843.230769230766
29506,4.091660022735596,,,,,,,,,,57868.61538461538
29507,,8.0,,,,,,,,,57870.92307692308
29508,,,3.999999999999996,0.09165999999999695,0.0,,,,,,57873.230769230766
29512,4.091700077056885,,,,,,,,,,57882.46153846154
29513,,8.0,,,,,,,,,57884.769230769234
29514,,,3.999999999999996,0.09169999999999695,0.0,,,,,,57887.07692307692
29525,4.091740131378174,,,,,,,,,,57912.46153846154
29526,,8.0,,,,,,,,,57914.769230769234
29527,,,3.999999999999996,0.09173999999999695,0.0,,,,,,57917.07692307692
29540,4.091780185699463,,,,,,,,,,57947.07692307692
29541,,8.0,,,,,,,,,57949.38461538462
29542,,,3.999999999999996,0.09177999999999695,0.0,,,,,,57951.692307692305
29547,,,,,,0.5090107917785645,0.595691978931427,0.02649754285812378,0.073809914290905,0.6383382081985474,57959.58139534884
29556,4.091819763183594,,,,,,,,,,57984.6976744186
29557,,8.0,,,,,,,,,57987.48837209302
29558,,,3.999999999999996,0.09181999999999695,0.0,,,,,,57990.27906976744
29567,4.091859817504883,,,,,,,,,,58015.395348837206
29568,,8.0,,,,,,,,,58018.186046511626
29569,,,3.999999999999996,0.09185999999999694,0.0,,,,,,58020.976744186046
29578,4.091899871826172,,,,,,,,,,58046.09302325582
29579,,8.0,,,,,,,,,58048.88372093023
29580,,,3.999999999999996,0.09189999999999694,0.0,,,,,,58051.67441860465
29585,4.091939926147461,,,,,,,,,,58065.62790697674
29586,,8.0,,,,,,,,,58068.41860465116
29587,,,3.999999999999996,0.09193999999999694,0.0,,,,,,58071.20930232558
29592,,,,,,0.4945683777332306,0.5401596426963806,0.011541735380887985,0.08154997229576111,0.723384439945221,58078.36363636364
29597,,,,,,0.5482387542724609,0.6290271282196045,0.007572936359792948,0.09087780863046646,0.84624183177948,58089.27272727273
29612,4.09197998046875,,,,,,,,,,58122.0
29613,,8.0,,,,,,,,,58124.181818181816
29614,,,3.999999999999996,0.09197999999999694,0.0,,,,,,58126.36363636364
29624,4.092020034790039,,,,,,,,,,58148.181818181816
29625,,8.0,,,,,,,,,58150.36363636364
29626,,,3.999999999999996,0.09201999999999694,0.0,,,,,,58152.545454545456
29636,4.092060089111328,,,,,,,,,,58174.36363636364
29637,,8.0,,,,,,,,,58176.545454545456
29638,,,3.999999999999996,0.09205999999999694,0.0,,,,,,58178.72727272727
29642,4.092100143432617,,,,,,,,,,58187.454545454544
29643,,8.0,,,,,,,,,58189.63636363636
29644,,,3.999999999999996,0.09209999999999693,0.0,,,,,,58191.818181818184
29648,,,,,,0.4485498368740082,0.5031569004058838,0.0015035817632451653,0.03348630666732788,0.5819157361984253,58196.608695652176
29659,4.092140197753906,,,,,,,,,,58225.30434782609
29660,,8.0,,,,,,,,,58227.913043478264
29661,,,3.999999999999996,0.09213999999999693,0.0,,,,,,58230.52173913043
29669,4.092179775238037,,,,,,,,,,58251.391304347824
29670,,8.0,,,,,,,,,58254.0
29671,,,3.999999999999996,0.09217999999999693,0.0,,,,,,58256.608695652176
29679,4.092219829559326,,,,,,,,,,58277.47826086957
29680,,8.0,,,,,,,,,58280.086956521736
29681,,,3.999999999999996,0.09221999999999693,0.0,,,,,,58282.69565217391
29690,4.092259883880615,,,,,,,,,,58306.17391304348
29691,,8.0,,,,,,,,,58308.782608695656
29692,,,3.999999999999996,0.09225999999999693,0.0,,,,,,58311.391304347824
29697,,,,,,0.47155457735061646,0.5144344568252563,0.018896356225013733,0.06572996079921722,0.7255154848098755,58318.28571428572
29710,4.092299938201904,,,,,,,,,,58346.142857142855
29711,,8.0,,,,,,,,,58348.28571428572
29712,,,3.999999999999996,0.09229999999999693,0.0,,,,,,58350.42857142857
29728,4.092339992523193,,,,,,,,,,58384.71428571428
29729,,8.0,,,,,,,,,58386.857142857145
29730,,,3.999999999999996,0.09233999999999692,0.0,,,,,,58389.0
29738,4.092380046844482,,,,,,,,,,58406.142857142855
29739,,8.0,,,,,,,,,58408.28571428572
29740,,,3.999999999999996,0.09237999999999692,0.0,,,,,,58410.42857142857
29748,4.0924201011657715,,,,,,,,,,58427.57142857143
29749,,8.0,,,,,,,,,58429.71428571428
29750,,,3.999999999999996,0.09241999999999692,0.0,,,,,,58431.857142857145
29754,,,,,,0.475665420293808,0.5599474906921387,0.003549068234860897,0.07169295847415924,0.5917410254478455,58436.92682926829
29762,4.0924601554870605,,,,,,,,,,58460.34146341463
29763,,8.0,,,,,,,,,58463.26829268293
29764,,,3.999999999999996,0.09245999999999692,0.0,,,,,,58466.19512195122
29772,4.09250020980835,,,,,,,,,,58489.60975609756
29773,,8.0,,,,,,,,,58492.53658536585
29774,,,3.999999999999996,0.09249999999999692,0.0,,,,,,58495.46341463415
29782,4.0925397872924805,,,,,,,,,,58518.87804878049
29783,,8.0,,,,,,,,,58521.80487804878
29784,,,3.999999999999996,0.09253999999999692,0.0,,,,,,58524.73170731707
29791,4.0925798416137695,,,,,,,,,,58545.21951219512
29792,,8.0,,,,,,,,,58548.14634146341
29793,,,3.999999999999996,0.09257999999999691,0.0,,,,,,58551.07317073171
29797,,,,,,0.4826411008834839,0.570618212223053,0.015481150709092617,0.07081956416368484,0.5700623393058777,58556.4
29809,4.092619895935059,,,,,,,,,,58585.2
29810,,8.0,,,,,,,,,58587.6
29811,,,3.999999999999996,0.09261999999999691,0.0,,,,,,58590.0
29822,4.092659950256348,,,,,,,,,,58616.4
29823,,8.0,,,,,,,,,58618.8
29824,,,3.999999999999996,0.09265999999999691,0.0,,,,,,58621.2
29834,4.092700004577637,,,,,,,,,,58645.2
29835,,8.0,,,,,,,,,58647.6
29836,,,3.999999999999996,0.09269999999999691,0.0,,,,,,58650.0
29843,4.092740058898926,,,,,,,,,,58666.8
29844,,8.0,,,,,,,,,58669.2
29845,,,3.999999999999996,0.09273999999999691,0.0,,,,,,58671.6
29851,,,,,,0.5033443570137024,0.5961568355560303,0.026351897045969963,0.07647772878408432,0.5057558417320251,58680.0
29855,,,,,,0.5160576105117798,0.5962793827056885,0.023371487855911255,0.07648534327745438,0.5643138885498047,58688.0
29871,4.092780113220215,,,,,,,,,,58720.0
29872,,8.0,,,,,,,,,58722.0
29873,,,3.999999999999996,0.0927799999999969,0.0,,,,,,58724.0
29884,4.092820167541504,,,,,,,,,,58746.0
29885,,8.0,,,,,,,,,58748.0
29886,,,3.999999999999996,0.0928199999999969,0.0,,,,,,58750.0
29896,4.092860221862793,,,,,,,,,,58770.0
29897,,8.0,,,,,,,,,58772.0
29898,,,3.999999999999996,0.0928599999999969,0.0,,,,,,58774.0
29905,4.092899799346924,,,,,,,,,,58788.0
29906,,8.0,,,,,,,,,58790.0
29907,,,3.999999999999996,0.0928999999999969,0.0,,,,,,58792.0
29916,,,,,,0.44843655824661255,0.4980887770652771,0.010654658079147339,0.039951812475919724,0.2620891332626343,58808.117647058825
29923,4.092939853668213,,,,,,,,,,58824.58823529412
29924,,8.0,,,,,,,,,58826.94117647059
29925,,,3.999999999999996,0.0929399999999969,0.0,,,,,,58829.294117647056
29934,4.092979907989502,,,,,,,,,,58850.470588235294
29935,,8.0,,,,,,,,,58852.82352941176
29936,,,3.999999999999996,0.0929799999999969,0.0,,,,,,58855.17647058824
29947,4.093019962310791,,,,,,,,,,58881.05882352941
29948,,8.0,,,,,,,,,58883.41176470588
29949,,,3.999999999999996,0.0930199999999969,0.0,,,,,,58885.76470588235
29958,4.09306001663208,,,,,,,,,,58906.94117647059
29959,,8.0,,,,,,,,,58909.294117647056
29960,,,3.999999999999996,0.0930599999999969,0.0,,,,,,58911.64705882353
29966,,,,,,0.4469296634197235,0.5037639737129211,0.0075262244790792465,0.051195476204156876,0.16631624102592468,58922.37209302326
29976,4.093100070953369,,,,,,,,,,58950.27906976744
29977,,8.0,,,,,,,,,58953.06976744186
29978,,,3.999999999999996,0.0930999999999969,0.0,,,,,,58955.86046511628
29983,4.093140125274658,,,,,,,,,,58969.813953488374
29984,,8.0,,,,,,,,,58972.604651162794
29985,,,3.999999999999996,0.09313999999999689,0.0,,,,,,58975.395348837206
29993,4.093180179595947,,,,,,,,,,58997.72093023256
29994,,8.0,,,,,,,,,59000.51162790698
29995,,,3.999999999999996,0.09317999999999689,0.0,,,,,,59003.3023255814
30003,4.093220233917236,,,,,,,,,,59025.62790697674
30004,,8.0,,,,,,,,,59028.41860465116
30005,,,3.999999999999996,0.09321999999999689,0.0,,,,,,59031.20930232558
30010,,,,,,0.516254186630249,0.6148038506507874,0.011940463446080685,0.11211302876472473,0.4334362745285034,59039.58139534884
30020,4.093259811401367,,,,,,,,,,59067.48837209302
30021,,8.0,,,,,,,,,59070.27906976744
30022,,,3.999999999999996,0.09325999999999689,0.0,,,,,,59073.06976744186
30029,4.093299865722656,,,,,,,,,,59092.604651162794
30030,,8.0,,,,,,,,,59095.395348837206
30031,,,3.999999999999996,0.09329999999999689,0.0,,,,,,59098.186046511626
30038,4.093339920043945,,,,,,,,,,59117.72093023256
30039,,8.0,,,,,,,,,59120.51162790698
30040,,,3.999999999999996,0.09333999999999688,0.0,,,,,,59123.3023255814
30048,4.093379974365234,,,,,,,,,,59145.62790697674
30049,,8.0,,,,,,,,,59148.41860465116
30050,,,3.999999999999996,0.09337999999999688,0.0,,,,,,59151.20930232558
30054,,,,,,0.5329216718673706,0.6276136040687561,0.00984127912670374,0.053718071430921555,0.17283013463020325,59156.35294117647
30069,4.093420028686523,,,,,,,,,,59191.64705882353
30070,,8.0,,,,,,,,,59194.0
30071,,,3.999999999999996,0.09341999999999688,0.0,,,,,,59196.35294117647
30081,4.0934600830078125,,,,,,,,,,59219.882352941175
30082,,8.0,,,,,,,,,59222.23529411765
30083,,,3.999999999999996,0.09345999999999688,0.0,,,,,,59224.58823529412
30093,4.093500137329102,,,,,,,,,,59248.117647058825
30094,,8.0,,,,,,,,,59250.470588235294
30095,,,3.999999999999996,0.09349999999999688,0.0,,,,,,59252.82352941176
30101,4.093540191650391,,,,,,,,,,59266.94117647059
30102,,8.0,,,,,,,,,59269.294117647056
30103,,,3.999999999999996,0.09353999999999688,0.0,,,,,,59271.64705882353
30107,,,,,,0.45220062136650085,0.5144772529602051,0.011336401104927063,0.07588045299053192,0.33929434418678284,59276.142857142855
30117,,,,,,0.4994617700576782,0.5460208654403687,0.01991637796163559,0.06599506735801697,0.349584698677063,59297.57142857143
30128,4.0935797691345215,,,,,,,,,,59321.142857142855
30129,,8.0,,,,,,,,,59323.28571428572
30130,,,3.999999999999996,0.09357999999999687,0.0,,,,,,59325.42857142857
30142,4.0936198234558105,,,,,,,,,,59351.142857142855
30143,,8.0,,,,,,,,,59353.28571428572
30144,,,3.999999999999996,0.09361999999999687,0.0,,,,,,59355.42857142857
30149,4.0936598777771,,,,,,,,,,59366.142857142855
30150,,8.0,,,,,,,,,59368.28571428572
30151,,,3.999999999999996,0.09365999999999687,0.0,,,,,,59370.42857142857
30159,4.093699932098389,,,,,,,,,,59387.57142857143
30160,,8.0,,,,,,,,,59389.71428571428
30161,,,3.999999999999996,0.09369999999999687,0.0,,,,,,59391.857142857145
30167,,,,,,0.48517993092536926,0.5784785151481628,0.007234055083245039,0.0818428173661232,0.4269064664840698,59402.57142857143
30178,4.093739986419678,,,,,,,,,,59434.0
30179,,8.0,,,,,,,,,59436.857142857145
30180,,,3.999999999999996,0.09373999999999687,0.0,,,,,,59439.71428571428
30186,4.093780040740967,,,,,,,,,,59456.857142857145
30187,,8.0,,,,,,,,,59459.71428571428
30188,,,3.999999999999996,0.09377999999999687,0.0,,,,,,59462.57142857143
30194,4.093820095062256,,,,,,,,,,59479.71428571428
30195,,8.0,,,,,,,,,59482.57142857143
30196,,,3.999999999999996,0.09381999999999686,0.0,,,,,,59485.42857142857
30203,4.093860149383545,,,,,,,,,,59505.42857142857
30204,,8.0,,,,,,,,,59508.28571428572
30205,,,3.999999999999996,0.09385999999999686,0.0,,,,,,59511.142857142855
30209,,,,,,0.42040368914604187,0.519023597240448,0.020237430930137634,0.045072901993989944,0.18894270062446594,59516.448979591834
30219,4.093900203704834,,,,,,,,,,59540.93877551021
30220,,8.0,,,,,,,,,59543.38775510204
30221,,,3.999999999999996,0.09389999999999686,0.0,,,,,,59545.836734693876
30232,4.093939781188965,,,,,,,,,,59572.77551020408
30233,,8.0,,,,,,,,,59575.22448979592
30234,,,3.999999999999996,0.09393999999999686,0.0,,,,,,59577.67346938775
30246,4.093979835510254,,,,,,,,,,59607.06122448979
30247,,8.0,,,,,,,,,59609.510204081635
30248,,,3.999999999999996,0.09397999999999686,0.0,,,,,,59611.95918367347
30254,4.094019889831543,,,,,,,,,,59626.65306122449
30255,,8.0,,,,,,,,,59629.102040816324
30256,,,3.999999999999996,0.09401999999999686,0.0,,,,,,59631.551020408166
30260,,,,,,0.4940853714942932,0.5684464573860168,0.01984265446662903,0.04288504272699356,0.30152496695518494,59636.5
30268,4.094059944152832,,,,,,,,,,59656.5
30269,,8.0,,,,,,,,,59659.0
30270,,,3.999999999999996,0.09405999999999685,0.0,,,,,,59661.5
30280,4.094099998474121,,,,,,,,,,59686.5
30281,,8.0,,,,,,,,,59689.0
30282,,,3.999999999999996,0.09409999999999685,0.0,,,,,,59691.5
30292,4.09414005279541,,,,,,,,,,59716.5
30293,,8.0,,,,,,,,,59719.0
30294,,,3.999999999999996,0.09413999999999685,0.0,,,,,,59721.5
30304,4.094180107116699,,,,,,,,,,59746.5
30305,,8.0,,,,,,,,,59749.0
30306,,,3.999999999999996,0.09417999999999685,0.0,,,,,,59751.5
30310,,,,,,0.5912852883338928,0.6855570077896118,0.019664935767650604,0.060640089213848114,0.646405041217804,59756.448979591834
30321,4.094220161437988,,,,,,,,,,59783.38775510204
30322,,8.0,,,,,,,,,59785.836734693876
30323,,,3.999999999999996,0.09421999999999685,0.0,,,,,,59788.28571428572
30330,4.094260215759277,,,,,,,,,,59805.42857142857
30331,,8.0,,,,,,,,,59807.87755102041
30332,,,3.999999999999996,0.09425999999999685,0.0,,,,,,59810.32653061225
30342,4.094299793243408,,,,,,,,,,59834.816326530614
30343,,8.0,,,,,,,,,59837.26530612245
30344,,,3.999999999999996,0.09429999999999684,0.0,,,,,,59839.71428571428
30355,4.094339847564697,,,,,,,,,,59866.65306122449
30356,,8.0,,,,,,,,,59869.102040816324
30357,,,3.999999999999996,0.09433999999999684,0.0,,,,,,59871.551020408166
30361,,,,,,0.7728036046028137,0.8914738893508911,0.024430803954601288,0.05180642753839493,-0.43252649903297424,59876.608695652176
30365,,,,,,0.5348695516586304,0.6240441203117371,0.008894553408026695,0.03137515112757683,-0.49256035685539246,59887.04347826087
30371,4.094379901885986,,,,,,,,,,59902.69565217391
30372,,8.0,,,,,,,,,59905.30434782609
30373,,,3.999999999999996,0.09437999999999684,0.0,,,,,,59907.913043478264
30381,4.094419956207275,,,,,,,,,,59928.782608695656
30382,,8.0,,,,,,,,,59931.391304347824
30383,,,3.999999999999996,0.09441999999999684,0.0,,,,,,59934.0
30392,4.0944600105285645,,,,,,,,,,59957.47826086957
30393,,8.0,,,,,,,,,59960.086956521736
30394,,,3.999999999999996,0.09445999999999684,0.0,,,,,,59962.69565217391
30403,4.0945000648498535,,,,,,,,,,59986.17391304348
30404,,8.0,,,,,,,,,59988.782608695656
30405,,,3.999999999999996,0.09449999999999684,0.0,,,,,,59991.391304347824
30413,,,,,,0.46035635471343994,0.5511429309844971,0.017446793615818024,0.06280123442411423,-0.05174761265516281,60004.16949152543
30426,4.094540119171143,,,,,,,,,,60030.61016949153
30427,,8.0,,,,,,,,,60032.64406779661
30428,,,3.999999999999996,0.09453999999999683,0.0,,,,,,60034.67796610169
30437,4.094580173492432,,,,,,,,,,60052.983050847455
30438,,8.0,,,,,,,,,60055.016949152545
30439,,,3.999999999999996,0.09457999999999683,0.0,,,,,,60057.05084745763
30451,4.094620227813721,,,,,,,,,,60081.457627118645
30452,,8.0,,,,,,,,,60083.49152542373
30453,,,3.999999999999996,0.09461999999999683,0.0,,,,,,60085.52542372881
30464,4.094659805297852,,,,,,,,,,60107.898305084746
30465,,8.0,,,,,,,,,60109.93220338983
30466,,,3.999999999999996,0.09465999999999683,0.0,,,,,,60111.96610169492
30470,,,,,,0.5014100670814514,0.5828000903129578,0.020919930189847946,0.07046742737293243,0.07952930778265,60116.03389830508
30482,4.094699859619141,,,,,,,,,,60140.4406779661
30483,,8.0,,,,,,,,,60142.47457627119
30484,,,3.999999999999996,0.09469999999999683,0.0,,,,,,60144.50847457627
30498,4.09473991394043,,,,,,,,,,60172.983050847455
30499,,8.0,,,,,,,,,60175.016949152545
30500,,,3.999999999999996,0.09473999999999683,0.0,,,,,,60177.05084745763
30513,4.094779968261719,,,,,,,,,,60203.49152542373
30514,,8.0,,,,,,,,,60205.52542372881
30515,,,3.999999999999996,0.09477999999999683,0.0,,,,,,60207.5593220339
30525,4.094820022583008,,,,,,,,,,60227.898305084746
30526,,8.0,,,,,,,,,60229.93220338983
30527,,,3.999999999999996,0.09481999999999682,0.0,,,,,,60231.96610169492
30534,,,,,,0.561433732509613,0.615299642086029,0.013280568644404411,0.05929209291934967,0.4161393940448761,60243.230769230766
30548,4.094860076904297,,,,,,,,,,60275.53846153846
30549,,8.0,,,,,,,,,60277.846153846156
30550,,,3.999999999999996,0.09485999999999682,0.0,,,,,,60280.153846153844
30555,4.094900131225586,,,,,,,,,,60291.692307692305
30556,,8.0,,,,,,,,,60294.0
30557,,,3.999999999999996,0.09489999999999682,0.0,,,,,,60296.307692307695
30568,4.094940185546875,,,,,,,,,,60321.692307692305
30569,,8.0,,,,,,,,,60324.0
30570,,,3.999999999999996,0.09493999999999682,0.0,,,,,,60326.307692307695
30579,4.094979763031006,,,,,,,,,,60347.07692307692
30580,,8.0,,,,,,,,,60349.38461538462
30581,,,3.999999999999996,0.09497999999999682,0.0,,,,,,60351.692307692305
30587,,,,,,0.5429741144180298,0.6438975930213928,0.011477427557110786,0.05606081336736679,0.40032023191452026,60362.181818181816
30596,4.095019817352295,,,,,,,,,,60386.72727272727
30597,,8.0,,,,,,,,,60389.454545454544
30598,,,3.999999999999996,0.09501999999999682,0.0,,,,,,60392.181818181816
30607,4.095059871673584,,,,,,,,,,60416.72727272727
30608,,8.0,,,,,,,,,60419.454545454544
30609,,,3.999999999999996,0.09505999999999681,0.0,,,,,,60422.181818181816
30615,4.095099925994873,,,,,,,,,,60438.545454545456
30616,,8.0,,,,,,,,,60441.27272727273
30617,,,3.999999999999996,0.09509999999999681,0.0,,,,,,60444.0
30625,4.095139980316162,,,,,,,,,,60465.818181818184
30626,,8.0,,,,,,,,,60468.545454545456
30627,,,3.999999999999996,0.09513999999999681,0.0,,,,,,60471.27272727273
30631,,,,,,0.454963356256485,0.5372788906097412,0.009282166138291359,0.05196143686771393,0.35067877173423767,60476.35294117647
30636,,,,,,0.45128902792930603,0.5088203549385071,0.015552913770079613,0.061684586107730865,0.33744704723358154,60488.117647058825
30645,4.095180034637451,,,,,,,,,,60509.294117647056
30646,,8.0,,,,,,,,,60511.64705882353
30647,,,3.999999999999996,0.09517999999999681,0.0,,,,,,60514.0
30659,4.09522008895874,,,,,,,,,,60542.23529411765
30660,,8.0,,,,,,,,,60544.58823529412
30661,,,3.999999999999996,0.09521999999999681,0.0,,,,,,60546.94117647059
30668,4.095260143280029,,,,,,,,,,60563.41176470588
30669,,8.0,,,,,,,,,60565.76470588235
30670,,,3.999999999999996,0.0952599999999968,0.0,,,,,,60568.117647058825
30678,4.095300197601318,,,,,,,,,,60586.94117647059
30679,,8.0,,,,,,,,,60589.294117647056
30680,,,3.999999999999996,0.0952999999999968,0.0,,,,,,60591.64705882353
30686,,,,,,0.5118395090103149,0.5898553133010864,0.020213903859257698,0.05983590707182884,0.20721836388111115,60600.545454545456
30699,4.095339775085449,,,,,,,,,,60628.90909090909
30700,,8.0,,,,,,,,,60631.09090909091
30701,,,3.999999999999996,0.0953399999999968,0.0,,,,,,60633.27272727273
30709,4.095379829406738,,,,,,,,,,60650.72727272727
30710,,8.0,,,,,,,,,60652.90909090909
30711,,,3.999999999999996,0.0953799999999968,0.0,,,,,,60655.09090909091
30721,4.095419883728027,,,,,,,,,,60676.90909090909
30722,,8.0,,,,,,,,,60679.09090909091
30723,,,3.999999999999996,0.0954199999999968,0.0,,,,,,60681.27272727273
30735,4.095459938049316,,,,,,,,,,60707.454545454544
30736,,8.0,,,,,,,,,60709.63636363636
30737,,,3.999999999999996,0.0954599999999968,0.0,,,,,,60711.818181818184
30742,,,,,,0.4670560956001282,0.5223883390426636,0.01013815775513649,0.051767490804195404,0.20679473876953125,60719.10638297872
30752,4.0954999923706055,,,,,,,,,,60744.63829787234
30753,,8.0,,,,,,,,,60747.1914893617
30754,,,3.999999999999996,0.0954999999999968,0.0,,,,,,60749.744680851065
30766,4.0955400466918945,,,,,,,,,,60780.382978723406
30767,,8.0,,,,,,,,,60782.936170212764
30768,,,3.999999999999996,0.0955399999999968,0.0,,,,,,60785.48936170213
30775,4.095580101013184,,,,,,,,,,60803.36170212766
30776,,8.0,,,,,,,,,60805.914893617024
30777,,,3.999999999999996,0.09557999999999679,0.0,,,,,,60808.46808510638
30784,4.095620155334473,,,,,,,,,,60826.34042553192
30785,,8.0,,,,,,,,,60828.89361702128
30786,,,3.999999999999996,0.09561999999999679,0.0,,,,,,60831.44680851064
30791,,,,,,0.50433349609375,0.5990369915962219,0.017833158373832703,0.07583151757717133,0.21693266928195953,60840.0
30796,4.095660209655762,,,,,,,,,,60855.0
30797,,8.0,,,,,,,,,60858.0
30798,,,3.999999999999996,0.09565999999999679,0.0,,,,,,60861.0
30809,4.095699787139893,,,,,,,,,,60894.0
30810,,8.0,,,,,,,,,60897.0
30811,,,3.999999999999996,0.09569999999999679,0.0,,,,,,60900.0
30818,4.095739841461182,,,,,,,,,,60921.0
30819,,8.0,,,,,,,,,60924.0
30820,,,3.999999999999996,0.09573999999999679,0.0,,,,,,60927.0
30826,4.095779895782471,,,,,,,,,,60945.0
30827,,8.0,,,,,,,,,60948.0
30828,,,3.999999999999996,0.09577999999999678,0.0,,,,,,60951.0
30832,,,,,,0.4613303244113922,0.5352635979652405,0.01358314324170351,0.04327993839979172,0.16989247500896454,60956.4
30842,4.09581995010376,,,,,,,,,,60980.4
30843,,8.0,,,,,,,,,60982.8
30844,,,3.999999999999996,0.09581999999999678,0.0,,,,,,60985.2
30852,4.095860004425049,,,,,,,,,,61004.4
30853,,8.0,,,,,,,,,61006.8
30854,,,3.999999999999996,0.09585999999999678,0.0,,,,,,61009.2
30864,4.095900058746338,,,,,,,,,,61033.2
30865,,8.0,,,,,,,,,61035.6
30866,,,3.999999999999996,0.09589999999999678,0.0,,,,,,61038.0
30878,4.095940113067627,,,,,,,,,,61066.8
30879,,8.0,,,,,,,,,61069.2
30880,,,3.999999999999996,0.09593999999999678,0.0,,,,,,61071.6
30884,,,,,,0.5090622901916504,0.5786080956459045,0.00932389311492443,0.06290487945079803,0.4800863564014435,61076.4
30889,,,,,,0.4552907347679138,0.5301398634910583,0.009999388828873634,0.06951186805963516,0.5301872491836548,61088.4
30899,4.095980167388916,,,,,,,,,,61112.4
30900,,8.0,,,,,,,,,61114.8
30901,,,3.999999999999996,0.09597999999999678,0.0,,,,,,61117.2
30908,4.096020221710205,,,,,,,,,,61134.0
30909,,8.0,,,,,,,,,61136.4
30910,,,3.999999999999996,0.09601999999999677,0.0,,,,,,61138.8
30921,4.096059799194336,,,,,,,,,,61165.2
30922,,8.0,,,,,,,,,61167.6
30923,,,3.999999999999996,0.09605999999999677,0.0,,,,,,61170.0
30930,4.096099853515625,,,,,,,,,,61186.8
30931,,8.0,,,,,,,,,61189.2
30932,,,3.999999999999996,0.09609999999999677,0.0,,,,,,61191.6
30940,,,,,,0.432795912027359,0.5379557609558105,0.013443795964121819,0.048266779631376266,0.4295184910297394,61206.5
30948,4.096139907836914,,,,,,,,,,61226.5
30949,,8.0,,,,,,,,,61229.0
30950,,,3.999999999999996,0.09613999999999677,0.0,,,,,,61231.5
30959,4.096179962158203,,,,,,,,,,61254.0
30960,,8.0,,,,,,,,,61256.5
30961,,,3.999999999999996,0.09617999999999677,0.0,,,,,,61259.0
30970,4.096220016479492,,,,,,,,,,61281.5
30971,,8.0,,,,,,,,,61284.0
30972,,,3.999999999999996,0.09621999999999677,0.0,,,,,,61286.5
30980,4.096260070800781,,,,,,,,,,61306.5
30981,,8.0,,,,,,,,,61309.0
30982,,,3.999999999999996,0.09625999999999676,0.0,,,,,,61311.5
30988,,,,,,0.4853268563747406,0.5591578483581543,0.0035124453715980053,0.07173672318458557,0.7022871971130371,61322.0
31000,4.09630012512207,,,,,,,,,,61354.0
31001,,8.0,,,,,,,,,61356.666666666664
31002,,,3.999999999999996,0.09629999999999676,0.0,,,,,,61359.333333333336
31011,4.096340179443359,,,,,,,,,,61383.333333333336
31012,,8.0,,,,,,,,,61386.0
31013,,,3.999999999999996,0.09633999999999676,0.0,,,,,,61388.666666666664
31019,4.096380233764648,,,,,,,,,,61404.666666666664
31020,,8.0,,,,,,,,,61407.333333333336
31021,,,3.999999999999996,0.09637999999999676,0.0,,,,,,61410.0
31027,4.096419811248779,,,,,,,,,,61426.0
31028,,8.0,,,,,,,,,61428.666666666664
31029,,,3.999999999999996,0.09641999999999676,0.0,,,,,,61431.333333333336
31033,,,,,,0.509372889995575,0.5689988136291504,0.00727631663903594,0.04915381222963333,0.7101743221282959,61436.72727272727
31042,4.096459865570068,,,,,,,,,,61461.27272727273
31043,,8.0,,,,,,,,,61464.0
31044,,,3.999999999999996,0.09645999999999676,0.0,,,,,,61466.72727272727
31053,4.096499919891357,,,,,,,,,,61491.27272727273
31054,,8.0,,,,,,,,,61494.0
31055,,,3.999999999999996,0.09649999999999676,0.0,,,,,,61496.72727272727
31060,4.0965399742126465,,,,,,,,,,61510.36363636364
31061,,8.0,,,,,,,,,61513.09090909091
31062,,,3.999999999999996,0.09653999999999675,0.0,,,,,,61515.818181818184
31073,4.0965800285339355,,,,,,,,,,61545.818181818184
31074,,8.0,,,,,,,,,61548.545454545456
31075,,,3.999999999999996,0.09657999999999675,0.0,,,,,,61551.27272727273
31080,,,,,,0.48301154375076294,0.5298115015029907,0.003820618847385049,0.037765469402074814,0.3719180226325989,61558.444444444445
31090,4.096620082855225,,,,,,,,,,61580.666666666664
31091,,8.0,,,,,,,,,61582.88888888889
31092,,,3.999999999999996,0.09661999999999675,0.0,,,,,,61585.11111111111
31106,4.096660137176514,,,,,,,,,,61616.22222222222
31107,,8.0,,,,,,,,,61618.444444444445
31108,,,3.999999999999996,0.09665999999999675,0.0,,,,,,61620.666666666664
31119,4.096700191497803,,,,,,,,,,61645.11111111111
31120,,8.0,,,,,,,,,61647.333333333336
31121,,,3.999999999999996,0.09669999999999675,0.0,,,,,,61649.555555555555
31129,4.096739768981934,,,,,,,,,,61667.333333333336
31130,,8.0,,,,,,,,,61669.555555555555
31131,,,3.999999999999996,0.09673999999999675,0.0,,,,,,61671.77777777778
31135,,,,,,0.4347783029079437,0.48812055587768555,0.009541845880448818,0.0460086353123188,0.4348789155483246,61676.448979591834
31142,,,,,,0.45383015275001526,0.5384650230407715,0.016953811049461365,0.07113085687160492,0.6220017075538635,61693.5918367347
31152,4.096779823303223,,,,,,,,,,61718.08163265306
31153,,8.0,,,,,,,,,61720.5306122449
31154,,,3.999999999999996,0.09677999999999674,0.0,,,,,,61722.97959183674
31161,4.096819877624512,,,,,,,,,,61740.12244897959
31162,,8.0,,,,,,,,,61742.57142857143
31163,,,3.999999999999996,0.09681999999999674,0.0,,,,,,61745.02040816326
31167,4.096859931945801,,,,,,,,,,61754.816326530614
31168,,8.0,,,,,,,,,61757.26530612245
31169,,,3.999999999999996,0.09685999999999674,0.0,,,,,,61759.71428571428
31180,4.09689998626709,,,,,,,,,,61786.65306122449
31181,,8.0,,,,,,,,,61789.102040816324
31182,,,3.999999999999996,0.09689999999999674,0.0,,,,,,61791.551020408166
31188,,,,,,0.4610784351825714,0.5384374856948853,0.011590580455958843,0.04816340655088425,0.4192502200603485,61800.79245283019
31203,4.096940040588379,,,,,,,,,,61834.75471698113
31204,,8.0,,,,,,,,,61837.018867924526
31205,,,3.999999999999996,0.09693999999999674,0.0,,,,,,61839.28301886792
31213,4.096980094909668,,,,,,,,,,61857.3962264151
31214,,8.0,,,,,,,,,61859.660377358494
31215,,,3.999999999999996,0.09697999999999674,0.0,,,,,,61861.92452830189
31225,4.097020149230957,,,,,,,,,,61884.56603773585
31226,,8.0,,,,,,,,,61886.83018867925
31227,,,3.999999999999996,0.09701999999999673,0.0,,,,,,61889.09433962264
31235,4.097060203552246,,,,,,,,,,61907.20754716981
31236,,8.0,,,,,,,,,61909.47169811321
31237,,,3.999999999999996,0.09705999999999673,0.0,,,,,,61911.735849056604
31243,,,,,,0.5015284419059753,0.5847029685974121,0.01288888044655323,0.04484910890460014,0.425649493932724,61920.42857142857
31253,4.097099781036377,,,,,,,,,,61941.857142857145
31254,,8.0,,,,,,,,,61944.0
31255,,,3.999999999999996,0.09709999999999673,0.0,,,,,,61946.142857142855
31266,4.097139835357666,,,,,,,,,,61969.71428571428
31267,,8.0,,,,,,,,,61971.857142857145
31268,,,3.999999999999996,0.09713999999999673,0.0,,,,,,61974.0
31282,4.097179889678955,,,,,,,,,,62004.0
31283,,8.0,,,,,,,,,62006.142857142855
31284,,,3.999999999999996,0.09717999999999673,0.0,,,,,,62008.28571428572
31293,4.097219944000244,,,,,,,,,,62027.57142857143
31294,,8.0,,,,,,,,,62029.71428571428
31295,,,3.999999999999996,0.09721999999999673,0.0,,,,,,62031.857142857145
31300,,,,,,0.4418178200721741,0.5433803200721741,0.0038359714671969414,0.035055242478847504,0.19120381772518158,62039.333333333336
31314,4.097259998321533,,,,,,,,,,62076.666666666664
31315,,8.0,,,,,,,,,62079.333333333336
31316,,,3.999999999999996,0.09725999999999672,0.0,,,,,,62082.0
31321,4.097300052642822,,,,,,,,,,62095.333333333336
31322,,8.0,,,,,,,,,62098.0
31323,,,3.999999999999996,0.09729999999999672,0.0,,,,,,62100.666666666664
31333,4.097340106964111,,,,,,,,,,62127.333333333336
31334,,8.0,,,,,,,,,62130.0
31335,,,3.999999999999996,0.09733999999999672,0.0,,,,,,62132.666666666664
31340,4.0973801612854,,,,,,,,,,62146.0
31341,,8.0,,,,,,,,,62148.666666666664
31342,,,3.999999999999996,0.09737999999999672,0.0,,,,,,62151.333333333336
31348,,,,,,0.4652721881866455,0.5245725512504578,0.005920614115893841,0.03661017119884491,0.25237739086151123,62161.2
31361,4.0974202156066895,,,,,,,,,,62192.4
31362,,8.0,,,,,,,,,62194.8
31363,,,3.999999999999996,0.09741999999999672,0.0,,,,,,62197.2
31370,4.09745979309082,,,,,,,,,,62214.0
31371,,8.0,,,,,,,,,62216.4
31372,,,3.999999999999996,0.09745999999999672,0.0,,,,,,62218.8
31381,4.097499847412109,,,,,,,,,,62240.4
31382,,8.0,,,,,,,,,62242.8
31383,,,3.999999999999996,0.09749999999999671,0.0,,,,,,62245.2
31392,4.097539901733398,,,,,,,,,,62266.8
31393,,8.0,,,,,,,,,62269.2
31394,,,3.999999999999996,0.09753999999999671,0.0,,,,,,62271.6
31400,,,,,,0.4971608817577362,0.5484757423400879,0.004604496527463198,0.03983897715806961,0.07902280241250992,62281.05882352941
31402,,,,,,0.4079057276248932,0.5221639275550842,-0.001564689795486629,0.05937358736991882,0.044901978224515915,62285.76470588235
31407,4.0975799560546875,,,,,,,,,,62297.529411764706
31408,,8.0,,,,,,,,,62299.882352941175
31409,,,3.999999999999996,0.09757999999999671,0.0,,,,,,62302.23529411765
31420,4.097620010375977,,,,,,,,,,62328.117647058825
31421,,8.0,,,,,,,,,62330.470588235294
31422,,,3.999999999999996,0.09761999999999671,0.0,,,,,,62332.82352941176
31430,4.097660064697266,,,,,,,,,,62351.64705882353
31431,,8.0,,,,,,,,,62354.0
31432,,,3.999999999999996,0.09765999999999671,0.0,,,,,,62356.35294117647
31445,4.097700119018555,,,,,,,,,,62386.94117647059
31446,,8.0,,,,,,,,,62389.294117647056
31447,,,3.999999999999996,0.0976999999999967,0.0,,,,,,62391.64705882353
31454,,,,,,0.42232128977775574,0.511317253112793,0.004949694499373436,0.05113822966814041,0.28307196497917175,62404.434782608696
31462,4.097740173339844,,,,,,,,,,62425.30434782609
31463,,8.0,,,,,,,,,62427.913043478264
31464,,,3.999999999999996,0.0977399999999967,0.0,,,,,,62430.52173913043
31470,4.097780227661133,,,,,,,,,,62446.17391304348
31471,,8.0,,,,,,,,,62448.782608695656
31472,,,3.999999999999996,0.0977799999999967,0.0,,,,,,62451.391304347824
31482,4.097819805145264,,,,,,,,,,62477.47826086957
31483,,8.0,,,,,,,,,62480.086956521736
31484,,,3.999999999999996,0.0978199999999967,0.0,,,,,,62482.69565217391
31493,4.097859859466553,,,,,,,,,,62506.17391304348
31494,,8.0,,,,,,,,,62508.782608695656
31495,,,3.999999999999996,0.0978599999999967,0.0,,,,,,62511.391304347824
31502,,,,,,0.4865269064903259,0.5531262755393982,0.005305221304297447,0.03967747837305069,0.04216368496417999,62522.72727272727
31512,4.097899913787842,,,,,,,,,,62544.545454545456
31513,,8.0,,,,,,,,,62546.72727272727
31514,,,3.999999999999996,0.0978999999999967,0.0,,,,,,62548.90909090909
31524,4.097939968109131,,,,,,,,,,62570.72727272727
31525,,8.0,,,,,,,,,62572.90909090909
31526,,,3.999999999999996,0.0979399999999967,0.0,,,,,,62575.09090909091
31538,4.09798002243042,,,,,,,,,,62601.27272727273
31539,,8.0,,,,,,,,,62603.454545454544
31540,,,3.999999999999996,0.0979799999999967,0.0,,,,,,62605.63636363636
31550,4.098020076751709,,,,,,,,,,62627.454545454544
31551,,8.0,,,,,,,,,62629.63636363636
31552,,,3.999999999999996,0.0980199999999967,0.0,,,,,,62631.818181818184
31558,,,,,,0.49555230140686035,0.5982967019081116,0.0038870577700436115,0.06710551679134369,0.28632035851478577,62642.181818181816
31568,4.098060131072998,,,,,,,,,,62669.454545454544
31569,,8.0,,,,,,,,,62672.181818181816
31570,,,3.999999999999996,0.09805999999999669,0.0,,,,,,62674.90909090909
31576,4.098100185394287,,,,,,,,,,62691.27272727273
31577,,8.0,,,,,,,,,62694.0
31578,,,3.999999999999996,0.09809999999999669,0.0,,,,,,62696.72727272727
31585,4.098139762878418,,,,,,,,,,62715.818181818184
31586,,8.0,,,,,,,,,62718.545454545456
31587,,,3.999999999999996,0.09813999999999669,0.0,,,,,,62721.27272727273
31596,4.098179817199707,,,,,,,,,,62745.818181818184
31597,,8.0,,,,,,,,,62748.545454545456
31598,,,3.999999999999996,0.09817999999999669,0.0,,,,,,62751.27272727273
31604,,,,,,0.49456095695495605,0.5573548674583435,0.014918248169124126,0.046309441328048706,0.24030205607414246,62761.05882352941
31614,4.098219871520996,,,,,,,,,,62784.58823529412
31615,,8.0,,,,,,,,,62786.94117647059
31616,,,3.999999999999996,0.09821999999999668,0.0,,,,,,62789.294117647056
31629,4.098259925842285,,,,,,,,,,62819.882352941175
31630,,8.0,,,,,,,,,62822.23529411765
31631,,,3.999999999999996,0.09825999999999668,0.0,,,,,,62824.58823529412
31637,4.098299980163574,,,,,,,,,,62838.705882352944
31638,,8.0,,,,,,,,,62841.05882352941
31639,,,3.999999999999996,0.09829999999999668,0.0,,,,,,62843.41176470588
31649,4.098340034484863,,,,,,,,,,62866.94117647059
31650,,8.0,,,,,,,,,62869.294117647056
31651,,,3.999999999999996,0.09833999999999668,0.0,,,,,,62871.64705882353
31655,,,,,,0.5347775220870972,0.6141818761825562,0.006309698801487684,0.05244244635105133,0.6012181043624878,62876.5
31658,,,,,,0.4818638265132904,0.5468855500221252,0.0033266604878008366,0.03708655759692192,0.36193373799324036,62884.0
31665,4.098380088806152,,,,,,,,,,62901.5
31666,,8.0,,,,,,,,,62904.0
31667,,,3.999999999999996,0.09837999999999668,0.0,,,,,,62906.5
31677,4.098420143127441,,,,,,,,,,62931.5
31678,,8.0,,,,,,,,,62934.0
31679,,,3.999999999999996,0.09841999999999668,0.0,,,,,,62936.5
31690,4.0984601974487305,,,,,,,,,,62964.0
31691,,8.0,,,,,,,,,62966.5
31692,,,3.999999999999996,0.09845999999999668,0.0,,,,,,62969.0
31699,4.098499774932861,,,,,,,,,,62986.5
31700,,8.0,,,,,,,,,62989.0
31701,,,3.999999999999996,0.09849999999999667,0.0,,,,,,62991.5
31706,,,,,,0.5094926953315735,0.571766197681427,0.005842105019837618,0.03542175143957138,0.19685806334018707,63000.666666666664
31712,4.09853982925415,,,,,,,,,,63020.666666666664
31713,,8.0,,,,,,,,,63024.0
31714,,,3.999999999999996,0.09853999999999667,0.0,,,,,,63027.333333333336
31720,4.0985798835754395,,,,,,,,,,63047.333333333336
31721,,8.0,,,,,,,,,63050.666666666664
31722,,,3.999999999999996,0.09857999999999667,0.0,,,,,,63054.0
31728,4.0986199378967285,,,,,,,,,,63074.0
31729,,8.0,,,,,,,,,63077.333333333336
31730,,,3.999999999999996,0.09861999999999667,0.0,,,,,,63080.666666666664
31737,4.098659992218018,,,,,,,,,,63104.0
31738,,8.0,,,,,,,,,63107.333333333336
31739,,,3.999999999999996,0.09865999999999667,0.0,,,,,,63110.666666666664
31748,,,,,,0.4786687195301056,0.5537990927696228,-0.00508954469114542,0.0519726537168026,0.37289080023765564,63126.857142857145
31759,4.098700046539307,,,,,,,,,,63150.42857142857
31760,,8.0,,,,,,,,,63152.57142857143
31761,,,3.999999999999996,0.09869999999999667,0.0,,,,,,63154.71428571428
31773,4.098740100860596,,,,,,,,,,63180.42857142857
31774,,8.0,,,,,,,,,63182.57142857143
31775,,,3.999999999999996,0.09873999999999666,0.0,,,,,,63184.71428571428
31782,4.098780155181885,,,,,,,,,,63199.71428571428
31783,,8.0,,,,,,,,,63201.857142857145
31784,,,3.999999999999996,0.09877999999999666,0.0,,,,,,63204.0
31795,4.098820209503174,,,,,,,,,,63227.57142857143
31796,,8.0,,,,,,,,,63229.71428571428
31797,,,3.999999999999996,0.09881999999999666,0.0,,,,,,63231.857142857145
31801,,,,,,0.5265435576438904,0.5614023804664612,0.010552977211773396,0.042544636875391006,0.562317430973053,63234.936170212764
31810,4.098859786987305,,,,,,,,,,63243.36170212766
31811,,8.0,,,,,,,,,63244.29787234042
31812,,,3.999999999999996,0.09885999999999666,0.0,,,,,,63245.234042553195
31824,4.098899841308594,,,,,,,,,,63256.46808510638
31825,,8.0,,,,,,,,,63257.40425531915
31826,,,3.999999999999996,0.09889999999999666,0.0,,,,,,63258.34042553192
31835,4.098939895629883,,,,,,,,,,63266.765957446805
31836,,8.0,,,,,,,,,63267.70212765958
31837,,,3.999999999999996,0.09893999999999666,0.0,,,,,,63268.63829787234
31844,4.098979949951172,,,,,,,,,,63275.1914893617
31845,,8.0,,,,,,,,,63276.12765957447
31846,,,3.999999999999996,0.09897999999999665,0.0,,,,,,63277.063829787236
31850,,,,,,0.4602734446525574,0.5101221799850464,-0.0014424199471250176,0.045755866914987564,0.6388193964958191,63280.22222222222
31862,4.099020004272461,,,,,,,,,,63306.88888888889
31863,,8.0,,,,,,,,,63309.11111111111
31864,,,3.999999999999996,0.09901999999999665,0.0,,,,,,63311.333333333336
31877,4.09906005859375,,,,,,,,,,63340.22222222222
31878,,8.0,,,,,,,,,63342.444444444445
31879,,,3.999999999999996,0.09905999999999665,0.0,,,,,,63344.666666666664
31886,4.099100112915039,,,,,,,,,,63360.22222222222
31887,,8.0,,,,,,,,,63362.444444444445
31888,,,3.999999999999996,0.09909999999999665,0.0,,,,,,63364.666666666664
31900,4.099140167236328,,,,,,,,,,63391.333333333336
31901,,8.0,,,,,,,,,63393.555555555555
31902,,,3.999999999999996,0.09913999999999665,0.0,,,,,,63395.77777777778
31907,,,,,,0.5108001232147217,0.605918288230896,0.011931931599974632,0.04240613430738449,0.7541357278823853,63402.8
31909,,,,,,0.48240453004837036,0.5904155373573303,-0.0008672884432598948,0.04401879757642746,0.717808723449707,63407.6
31920,4.099180221557617,,,,,,,,,,63434.0
31921,,8.0,,,,,,,,,63436.4
31922,,,3.999999999999996,0.09917999999999665,0.0,,,,,,63438.8
31930,4.099219799041748,,,,,,,,,,63458.0
31931,,8.0,,,,,,,,,63460.4
31932,,,3.999999999999996,0.09921999999999664,0.0,,,,,,63462.8
31942,4.099259853363037,,,,,,,,,,63486.8
31943,,8.0,,,,,,,,,63489.2
31944,,,3.999999999999996,0.09925999999999664,0.0,,,,,,63491.6
31952,4.099299907684326,,,,,,,,,,63510.8
31953,,8.0,,,,,,,,,63513.2
31954,,,3.999999999999996,0.09929999999999664,0.0,,,,,,63515.6
31962,,,,,,0.4502147138118744,0.5334681868553162,0.0052490681409835815,0.04906187579035759,0.7177554965019226,63529.32075471698
31973,4.099339962005615,,,,,,,,,,63554.22641509434
31974,,8.0,,,,,,,,,63556.49056603773
31975,,,3.999999999999996,0.09933999999999664,0.0,,,,,,63558.75471698113
31986,4.099380016326904,,,,,,,,,,63583.660377358494
31987,,8.0,,,,,,,,,63585.92452830189
31988,,,3.999999999999996,0.09937999999999664,0.0,,,,,,63588.188679245286
31995,4.099420070648193,,,,,,,,,,63604.03773584906
31996,,8.0,,,,,,,,,63606.301886792455
31997,,,3.999999999999996,0.09941999999999664,0.0,,,,,,63608.56603773585
32007,4.099460124969482,,,,,,,,,,63631.20754716981
32008,,8.0,,,,,,,,,63633.47169811321
32009,,,3.999999999999996,0.09945999999999663,0.0,,,,,,63635.735849056604
32015,,,,,,0.4949502646923065,0.5619671940803528,0.009021512232720852,0.06066346913576126,0.5397600531578064,63645.34693877551
32022,4.0995001792907715,,,,,,,,,,63662.489795918365
32023,,8.0,,,,,,,,,63664.93877551021
32024,,,3.999999999999996,0.09949999999999663,0.0,,,,,,63667.38775510204
32034,4.0995402336120605,,,,,,,,,,63691.87755102041
32035,,8.0,,,,,,,,,63694.32653061225
32036,,,3.999999999999996,0.09953999999999663,0.0,,,,,,63696.77551020408
32045,4.099579811096191,,,,,,,,,,63718.816326530614
32046,,8.0,,,,,,,,,63721.26530612245
32047,,,3.999999999999996,0.09957999999999663,0.0,,,,,,63723.71428571428
32058,4.0996198654174805,,,,,,,,,,63750.65306122449
32059,,8.0,,,,,,,,,63753.102040816324
32060,,,3.999999999999996,0.09961999999999663,0.0,,,,,,63755.551020408166
32066,,,,,,0.4579601585865021,0.579817533493042,0.004943161271512508,0.049205806106328964,0.5577556490898132,63764.545454545456
32081,4.0996599197387695,,,,,,,,,,63797.27272727273
32082,,8.0,,,,,,,,,63799.454545454544
32083,,,3.999999999999996,0.09965999999999663,0.0,,,,,,63801.63636363636
32092,4.099699974060059,,,,,,,,,,63821.27272727273
32093,,8.0,,,,,,,,,63823.454545454544
32094,,,3.999999999999996,0.09969999999999662,0.0,,,,,,63825.63636363636
32102,4.099740028381348,,,,,,,,,,63843.09090909091
32103,,8.0,,,,,,,,,63845.27272727273
32104,,,3.999999999999996,0.09973999999999662,0.0,,,,,,63847.454545454544
32115,4.099780082702637,,,,,,,,,,63871.454545454544
32116,,8.0,,,,,,,,,63873.63636363636
32117,,,3.999999999999996,0.09977999999999662,0.0,,,,,,63875.818181818184
32121,,,,,,0.53069007396698,0.6046030521392822,0.008716960437595844,0.040583714842796326,0.7833042144775391,63880.181818181816
32133,4.099820137023926,,,,,,,,,,63906.36363636364
32134,,8.0,,,,,,,,,63908.545454545456
32135,,,3.999999999999996,0.09981999999999662,0.0,,,,,,63910.72727272727
32146,4.099860191345215,,,,,,,,,,63934.72727272727
32147,,8.0,,,,,,,,,63936.90909090909
32148,,,3.999999999999996,0.09985999999999662,0.0,,,,,,63939.09090909091
32161,4.099899768829346,,,,,,,,,,63967.454545454544
32162,,8.0,,,,,,,,,63969.63636363636
32163,,,3.999999999999996,0.09989999999999662,0.0,,,,,,63971.818181818184
32172,4.099939823150635,,,,,,,,,,63991.454545454544
32173,,8.0,,,,,,,,,63993.63636363636
32174,,,3.999999999999996,0.09993999999999661,0.0,,,,,,63995.818181818184
32179,,,,,,0.530739426612854,0.6103944182395935,0.00884551927447319,0.044272489845752716,0.8035089373588562,64002.06779661017
32182,,,,,,0.4556649327278137,0.585182785987854,-0.0019490595441311598,0.05544096231460571,0.8559480905532837,64008.16949152543
32196,4.099979877471924,,,,,,,,,,64036.64406779661
32197,,8.0,,,,,,,,,64038.67796610169
32198,,,3.999999999999996,0.09997999999999661,0.0,,,,,,64040.71186440678
32209,4.100019931793213,,,,,,,,,,64063.08474576271
32210,,8.0,,,,,,,,,64065.1186440678
32211,,,3.999999999999996,0.10001999999999661,0.0,,,,,,64067.15254237288
32224,4.100059986114502,,,,,,,,,,64093.59322033898
32225,,8.0,,,,,,,,,64095.627118644064
32226,,,3.999999999999996,0.10005999999999661,0.0,,,,,,64097.661016949154
32233,4.100100040435791,,,,,,,,,,64111.898305084746
32234,,8.0,,,,,,,,,64113.93220338983
32235,,,3.999999999999996,0.10009999999999661,0.0,,,,,,64115.96610169492
32241,,,,,,0.5281411409378052,0.5905542969703674,0.013979229144752026,0.05271871015429497,0.9062287211418152,64124.79245283019
32256,4.10014009475708,,,,,,,,,,64158.75471698113
32257,,8.0,,,,,,,,,64161.018867924526
32258,,,3.999999999999996,0.1001399999999966,0.0,,,,,,64163.28301886792
32267,4.100180149078369,,,,,,,,,,64183.660377358494
32268,,8.0,,,,,,,,,64185.92452830189
32269,,,3.999999999999996,0.1001799999999966,0.0,,,,,,64188.188679245286
32279,4.100220203399658,,,,,,,,,,64210.83018867925
32280,,8.0,,,,,,,,,64213.09433962264
32281,,,3.999999999999996,0.1002199999999966,0.0,,,,,,64215.35849056604
32288,4.100259780883789,,,,,,,,,,64231.20754716981
32289,,8.0,,,,,,,,,64233.47169811321
32290,,,3.999999999999996,0.1002599999999966,0.0,,,,,,64235.735849056604
32296,,,,,,0.5701205730438232,0.6586318612098694,0.019318344071507454,0.05231765657663345,0.6315563321113586,64245.34693877551
32307,4.100299835205078,,,,,,,,,,64272.28571428572
32308,,8.0,,,,,,,,,64274.73469387755
32309,,,3.999999999999996,0.1002999999999966,0.0,,,,,,64277.183673469386
32319,4.100339889526367,,,,,,,,,,64301.67346938775
32320,,8.0,,,,,,,,,64304.12244897959
32321,,,3.999999999999996,0.1003399999999966,0.0,,,,,,64306.57142857143
32328,4.100379943847656,,,,,,,,,,64323.71428571428
32329,,8.0,,,,,,,,,64326.163265306124
32330,,,3.999999999999996,0.1003799999999966,0.0,,,,,,64328.61224489796
32339,4.100419998168945,,,,,,,,,,64350.65306122449
32340,,8.0,,,,,,,,,64353.102040816324
32341,,,3.999999999999996,0.1004199999999966,0.0,,,,,,64355.551020408166
32348,,,,,,0.41666582226753235,0.49266141653060913,0.019045313820242882,0.05049022659659386,0.32357755303382874,64368.21276595745
32356,4.100460052490234,,,,,,,,,,64388.63829787234
32357,,8.0,,,,,,,,,64391.1914893617
32358,,,3.999999999999996,0.1004599999999966,0.0,,,,,,64393.744680851065
32366,4.100500106811523,,,,,,,,,,64414.17021276596
32367,,8.0,,,,,,,,,64416.72340425532
32368,,,3.999999999999996,0.10049999999999659,0.0,,,,,,64419.27659574468
32376,4.1005401611328125,,,,,,,,,,64439.70212765958
32377,,8.0,,,,,,,,,64442.255319148935
32378,,,3.999999999999996,0.10053999999999659,0.0,,,,,,64444.8085106383
32388,4.100580215454102,,,,,,,,,,64470.34042553192
32389,,8.0,,,,,,,,,64472.89361702128
32390,,,3.999999999999996,0.10057999999999659,0.0,,,,,,64475.44680851064
32396,,,,,,0.47136685252189636,0.5568847060203552,0.011226399801671505,0.05807902291417122,0.42714282870292664,64484.92307692308
32408,4.100619792938232,,,,,,,,,,64512.61538461538
32409,,8.0,,,,,,,,,64514.92307692308
32410,,,3.999999999999996,0.10061999999999659,0.0,,,,,,64517.230769230766
32418,4.1006598472595215,,,,,,,,,,64535.692307692305
32419,,8.0,,,,,,,,,64538.0
32420,,,3.999999999999996,0.10065999999999659,0.0,,,,,,64540.307692307695
32431,4.1006999015808105,,,,,,,,,,64565.692307692305
32432,,8.0,,,,,,,,,64568.0
32433,,,3.999999999999996,0.10069999999999658,0.0,,,,,,64570.307692307695
32442,4.1007399559021,,,,,,,,,,64591.07692307692
32443,,8.0,,,,,,,,,64593.38461538462
32444,,,3.999999999999996,0.10073999999999658,0.0,,,,,,64595.692307692305
32449,,,,,,0.5094290375709534,0.594741940498352,0.0043576438911259174,0.04866566136479378,0.48372671008110046,64601.934426229505
32454,,,,,,0.45279914140701294,0.5679734349250793,0.0014890553429722786,0.04151637479662895,0.406370609998703,64611.770491803276
32467,4.100780010223389,,,,,,,,,,64637.34426229508
32468,,8.0,,,,,,,,,64639.311475409835
32469,,,3.999999999999996,0.10077999999999658,0.0,,,,,,64641.27868852459
32479,4.100820064544678,,,,,,,,,,64660.95081967213
32480,,8.0,,,,,,,,,64662.91803278688
32481,,,3.999999999999996,0.10081999999999658,0.0,,,,,,64664.88524590164
32492,4.100860118865967,,,,,,,,,,64686.524590163935
32493,,8.0,,,,,,,,,64688.49180327869
32494,,,3.999999999999996,0.10085999999999658,0.0,,,,,,64690.45901639344
32505,4.100900173187256,,,,,,,,,,64712.098360655735
32506,,8.0,,,,,,,,,64714.065573770495
32507,,,3.999999999999996,0.10089999999999658,0.0,,,,,,64716.03278688525
32513,,,,,,0.5164797306060791,0.5943059325218201,0.0025598478969186544,0.0648258775472641,0.6586129069328308,64725.5
32521,4.100940227508545,,,,,,,,,,64745.5
32522,,8.0,,,,,,,,,64748.0
32523,,,3.999999999999996,0.10093999999999657,0.0,,,,,,64750.5
32533,4.100979804992676,,,,,,,,,,64775.5
32534,,8.0,,,,,,,,,64778.0
32535,,,3.999999999999996,0.10097999999999657,0.0,,,,,,64780.5
32545,4.101019859313965,,,,,,,,,,64805.5
32546,,8.0,,,,,,,,,64808.0
32547,,,3.999999999999996,0.10101999999999657,0.0,,,,,,64810.5
32555,4.101059913635254,,,,,,,,,,64830.5
32556,,8.0,,,,,,,,,64833.0
32557,,,3.999999999999996,0.10105999999999657,0.0,,,,,,64835.5
32563,,,,,,0.5083033442497253,0.5875992774963379,0.0071859052404761314,0.04884821176528931,0.5161473155021667,64844.79245283019
32575,4.101099967956543,,,,,,,,,,64871.96226415094
32576,,8.0,,,,,,,,,64874.22641509434
32577,,,3.999999999999996,0.10109999999999657,0.0,,,,,,64876.49056603773
32587,4.101140022277832,,,,,,,,,,64899.1320754717
32588,,8.0,,,,,,,,,64901.3962264151
32589,,,3.999999999999996,0.10113999999999657,0.0,,,,,,64903.660377358494
32599,4.101180076599121,,,,,,,,,,64926.301886792455
32600,,8.0,,,,,,,,,64928.56603773585
32601,,,3.999999999999996,0.10117999999999656,0.0,,,,,,64930.83018867925
32610,4.10122013092041,,,,,,,,,,64951.20754716981
32611,,8.0,,,,,,,,,64953.47169811321
32612,,,3.999999999999996,0.10121999999999656,0.0,,,,,,64955.735849056604
32617,,,,,,0.4794389605522156,0.5265273451805115,0.005231442395597696,0.038166534155607224,0.47357654571533203,64963.0
32629,4.101260185241699,,,,,,,,,,64993.0
32630,,8.0,,,,,,,,,64995.5
32631,,,3.999999999999996,0.10125999999999656,0.0,,,,,,64998.0
32636,4.10129976272583,,,,,,,,,,65010.5
32637,,8.0,,,,,,,,,65013.0
32638,,,3.999999999999996,0.10129999999999656,0.0,,,,,,65015.5
32644,4.101339817047119,,,,,,,,,,65030.5
32645,,8.0,,,,,,,,,65033.0
32646,,,3.999999999999996,0.10133999999999656,0.0,,,,,,65035.5
32660,4.101379871368408,,,,,,,,,,65070.5
32661,,8.0,,,,,,,,,65073.0
32662,,,3.999999999999996,0.10137999999999656,0.0,,,,,,65075.5
32667,,,,,,0.5144769549369812,0.5901776552200317,-0.004822941496968269,0.049245525151491165,0.48942655324935913,65083.10638297872
32677,4.101419925689697,,,,,,,,,,65108.63829787234
32678,,8.0,,,,,,,,,65111.1914893617
32679,,,3.999999999999996,0.10141999999999655,0.0,,,,,,65113.744680851065
32687,4.101459980010986,,,,,,,,,,65134.17021276596
32688,,8.0,,,,,,,,,65136.72340425532
32689,,,3.999999999999996,0.10145999999999655,0.0,,,,,,65139.27659574468
32699,4.101500034332275,,,,,,,,,,65164.8085106383
32700,,8.0,,,,,,,,,65167.36170212766
32701,,,3.999999999999996,0.10149999999999655,0.0,,,,,,65169.914893617024
32709,4.1015400886535645,,,,,,,,,,65190.34042553192
32710,,8.0,,,,,,,,,65192.89361702128
32711,,,3.999999999999996,0.10153999999999655,0.0,,,,,,65195.44680851064
32715,,,,,,0.49616843461990356,0.574027955532074,0.006839551962912083,0.045606840401887894,0.4297693967819214,65200.4
32721,,,,,,0.46337664127349854,0.5050326585769653,-0.0002450822794344276,0.038346827030181885,0.40569958090782166,65214.8
32727,4.1015801429748535,,,,,,,,,,65229.2
32728,,8.0,,,,,,,,,65231.6
32729,,,3.999999999999996,0.10157999999999655,0.0,,,,,,65234.0
32737,4.101620197296143,,,,,,,,,,65253.2
32738,,8.0,,,,,,,,,65255.6
32739,,,3.999999999999996,0.10161999999999655,0.0,,,,,,65258.0
32749,4.101659774780273,,,,,,,,,,65282.0
32750,,8.0,,,,,,,,,65284.4
32751,,,3.999999999999996,0.10165999999999654,0.0,,,,,,65286.8
32761,4.1016998291015625,,,,,,,,,,65310.8
32762,,8.0,,,,,,,,,65313.2
32763,,,3.999999999999996,0.10169999999999654,0.0,,,,,,65315.6
32770,,,,,,0.44369110465049744,0.5117071866989136,0.0009068381623364985,0.04740458354353905,0.5308693051338196,65327.6
32781,4.101739883422852,,,,,,,,,,65354.0
32782,,8.0,,,,,,,,,65356.4
32783,,,3.999999999999996,0.10173999999999654,0.0,,,,,,65358.8
32790,4.101779937744141,,,,,,,,,,65375.6
32791,,8.0,,,,,,,,,65378.0
32792,,,3.999999999999996,0.10177999999999654,0.0,,,,,,65380.4
32799,4.10181999206543,,,,,,,,,,65397.2
32800,,8.0,,,,,,,,,65399.6
32801,,,3.999999999999996,0.10181999999999654,0.0,,,,,,65402.0
32813,4.101860046386719,,,,,,,,,,65430.8
32814,,8.0,,,,,,,,,65433.2
32815,,,3.999999999999996,0.10185999999999654,0.0,,,,,,65435.6
32826,,,,,,0.4297243058681488,0.5405876636505127,0.010906273499131203,0.050559405237436295,0.38092076778411865,65454.84210526316
32835,4.101900100708008,,,,,,,,,,65473.78947368421
32836,,8.0,,,,,,,,,65475.89473684211
32837,,,3.999999999999996,0.10189999999999654,0.0,,,,,,65478.0
32848,4.101940155029297,,,,,,,,,,65501.15789473684
32849,,8.0,,,,,,,,,65503.26315789474
32850,,,3.999999999999996,0.10193999999999653,0.0,,,,,,65505.36842105263
32861,4.101980209350586,,,,,,,,,,65528.52631578947
32862,,8.0,,,,,,,,,65530.63157894737
32863,,,3.999999999999996,0.10197999999999653,0.0,,,,,,65532.73684210526
32872,4.102019786834717,,,,,,,,,,65551.68421052632
32873,,8.0,,,,,,,,,65553.78947368421
32874,,,3.999999999999996,0.10201999999999653,0.0,,,,,,65555.8947368421
32880,,,,,,0.5076882839202881,0.584642767906189,0.006324657704681158,0.03812549263238907,0.31033268570899963,65564.54545454546
32891,4.102059841156006,,,,,,,,,,65588.54545454546
32892,,8.0,,,,,,,,,65590.72727272728
32893,,,3.999999999999996,0.10205999999999653,0.0,,,,,,65592.90909090909
32906,4.102099895477295,,,,,,,,,,65621.27272727272
32907,,8.0,,,,,,,,,65623.45454545454
32908,,,3.999999999999996,0.10209999999999653,0.0,,,,,,65625.63636363637
32919,4.102139949798584,,,,,,,,,,65649.63636363637
32920,,8.0,,,,,,,,,65651.81818181818
32921,,,3.999999999999996,0.10213999999999653,0.0,,,,,,65654.0
32929,4.102180004119873,,,,,,,,,,65671.45454545454
32930,,8.0,,,,,,,,,65673.63636363637
32931,,,3.999999999999996,0.10217999999999652,0.0,,,,,,65675.81818181818
32935,,,,,,0.41689205169677734,0.5265518426895142,0.015540962107479572,0.05125688761472702,0.4048456847667694,65680.66666666667
32942,4.102220058441162,,,,,,,,,,65699.33333333333
32943,,8.0,,,,,,,,,65702.0
32944,,,3.999999999999996,0.10221999999999652,0.0,,,,,,65704.66666666667
32953,4.102260112762451,,,,,,,,,,65728.66666666667
32954,,8.0,,,,,,,,,65731.33333333333
32955,,,3.999999999999996,0.10225999999999652,0.0,,,,,,65734.0
32964,4.10230016708374,,,,,,,,,,65758.0
32965,,8.0,,,,,,,,,65760.66666666667
32966,,,3.999999999999996,0.10229999999999652,0.0,,,,,,65763.33333333333
32976,4.102340221405029,,,,,,,,,,65790.0
32977,,8.0,,,,,,,,,65792.66666666667
32978,,,3.999999999999996,0.10233999999999652,0.0,,,,,,65795.33333333333
32982,,,,,,0.4311247766017914,0.5390585064888,0.0059931050054728985,0.033499132841825485,0.49977952241897583,65800.14285714286
32987,,,,,,0.44147899746894836,0.5095942616462708,-0.007480294909328222,0.03297397121787071,0.4097859561443329,65810.85714285714
32996,4.10237979888916,,,,,,,,,,65830.14285714286
32997,,8.0,,,,,,,,,65832.28571428571
32998,,,3.999999999999996,0.10237999999999652,0.0,,,,,,65834.42857142857
33010,4.102419853210449,,,,,,,,,,65860.14285714286
33011,,8.0,,,,,,,,,65862.28571428571
33012,,,3.999999999999996,0.10241999999999651,0.0,,,,,,65864.42857142857
33024,4.102459907531738,,,,,,,,,,65890.14285714286
33025,,8.0,,,,,,,,,65892.28571428571
33026,,,3.999999999999996,0.10245999999999651,0.0,,,,,,65894.42857142857
33034,4.102499961853027,,,,,,,,,,65911.57142857143
33035,,8.0,,,,,,,,,65913.71428571429
33036,,,3.999999999999996,0.10249999999999651,0.0,,,,,,65915.85714285714
33041,,,,,,0.4364016354084015,0.5433778762817383,0.014576088637113571,0.05925856530666351,0.559628963470459,65922.70588235294
33048,4.102540016174316,,,,,,,,,,65939.17647058824
33049,,8.0,,,,,,,,,65941.5294117647
33050,,,3.999999999999996,0.10253999999999651,0.0,,,,,,65943.88235294117
33061,4.1025800704956055,,,,,,,,,,65969.76470588235
33062,,8.0,,,,,,,,,65972.11764705883
33063,,,3.999999999999996,0.10257999999999651,0.0,,,,,,65974.4705882353
33076,4.1026201248168945,,,,,,,,,,66005.05882352941
33077,,8.0,,,,,,,,,66007.41176470589
33078,,,3.999999999999996,0.1026199999999965,0.0,,,,,,66009.76470588235
33087,4.102660179138184,,,,,,,,,,66030.94117647059
33088,,8.0,,,,,,,,,66033.29411764706
33089,,,3.999999999999996,0.1026599999999965,0.0,,,,,,66035.64705882352
33094,,,,,,0.4593352973461151,0.5513140559196472,0.0006972300470806658,0.04279478266835213,0.6875865459442139,66044.0
33104,4.102700233459473,,,,,,,,,,66074.0
33105,,8.0,,,,,,,,,66077.0
33106,,,3.999999999999996,0.1026999999999965,0.0,,,,,,66080.0
33112,4.1027398109436035,,,,,,,,,,66098.0
33113,,8.0,,,,,,,,,66101.0
33114,,,3.999999999999996,0.1027399999999965,0.0,,,,,,66104.0
33120,4.102779865264893,,,,,,,,,,66122.0
33121,,8.0,,,,,,,,,66125.0
33122,,,3.999999999999996,0.1027799999999965,0.0,,,,,,66128.0
33129,4.102819919586182,,,,,,,,,,66149.0
33130,,8.0,,,,,,,,,66152.0
33131,,,3.999999999999996,0.1028199999999965,0.0,,,,,,66155.0
33137,,,,,,0.602532684803009,0.6521097421646118,0.0006882164743728936,0.04121838137507439,0.7282259464263916,66164.92307692308
33148,4.102859973907471,,,,,,,,,,66190.30769230769
33149,,8.0,,,,,,,,,66192.61538461539
33150,,,3.999999999999996,0.1028599999999965,0.0,,,,,,66194.92307692308
33159,4.10290002822876,,,,,,,,,,66215.69230769231
33160,,8.0,,,,,,,,,66218.0
33161,,,3.999999999999996,0.1028999999999965,0.0,,,,,,66220.30769230769
33172,4.102940082550049,,,,,,,,,,66245.69230769231
33173,,8.0,,,,,,,,,66248.0
33174,,,3.999999999999996,0.10293999999999649,0.0,,,,,,66250.30769230769
33183,4.102980136871338,,,,,,,,,,66271.07692307692
33184,,8.0,,,,,,,,,66273.38461538461
33185,,,3.999999999999996,0.10297999999999649,0.0,,,,,,66275.69230769231
33189,,,,,,0.4872414767742157,0.5650268793106079,0.006606529001146555,0.039681077003479004,0.6760271191596985,66280.18181818182
33199,4.103020191192627,,,,,,,,,,66302.0
33200,,8.0,,,,,,,,,66304.18181818182
33201,,,3.999999999999996,0.10301999999999649,0.0,,,,,,66306.36363636363
33212,4.103059768676758,,,,,,,,,,66330.36363636363
33213,,8.0,,,,,,,,,66332.54545454546
33214,,,3.999999999999996,0.10305999999999649,0.0,,,,,,66334.72727272728
33226,4.103099822998047,,,,,,,,,,66360.90909090909
33227,,8.0,,,,,,,,,66363.09090909091
33228,,,3.999999999999996,0.10309999999999649,0.0,,,,,,66365.27272727272
33240,4.103139877319336,,,,,,,,,,66391.45454545454
33241,,8.0,,,,,,,,,66393.63636363637
33242,,,3.999999999999996,0.10313999999999648,0.0,,,,,,66395.81818181818
33246,,,,,,0.4799426794052124,0.56671142578125,0.008633384481072426,0.06056628376245499,0.5923574566841125,66400.55319148937
33248,,,,,,0.5085254311561584,0.5520082712173462,0.003999955020844936,0.06590204685926437,0.7653942704200745,66405.65957446808
33259,4.103179931640625,,,,,,,,,,66433.74468085106
33260,,8.0,,,,,,,,,66436.29787234042
33261,,,3.999999999999996,0.10317999999999648,0.0,,,,,,66438.85106382979
33269,4.103219985961914,,,,,,,,,,66459.27659574468
33270,,8.0,,,,,,,,,66461.82978723405
33271,,,3.999999999999996,0.10321999999999648,0.0,,,,,,66464.3829787234
33279,4.103260040283203,,,,,,,,,,66484.8085106383
33280,,8.0,,,,,,,,,66487.36170212766
33281,,,3.999999999999996,0.10325999999999648,0.0,,,,,,66489.91489361702
33289,4.103300094604492,,,,,,,,,,66510.34042553192
33290,,8.0,,,,,,,,,66512.89361702128
33291,,,3.999999999999996,0.10329999999999648,0.0,,,,,,66515.44680851063
33296,,,,,,0.5000523328781128,0.5685075521469116,0.005995707120746374,0.046645186841487885,0.45221665501594543,66522.44444444444
33305,4.103340148925781,,,,,,,,,,66542.44444444444
33306,,8.0,,,,,,,,,66544.66666666667
33307,,,3.999999999999996,0.10333999999999648,0.0,,,,,,66546.88888888889
33318,4.10338020324707,,,,,,,,,,66571.33333333333
33319,,8.0,,,,,,,,,66573.55555555556
33320,,,3.999999999999996,0.10337999999999647,0.0,,,,,,66575.77777777778
33333,4.103419780731201,,,,,,,,,,66604.66666666667
33334,,8.0,,,,,,,,,66606.88888888889
33335,,,3.999999999999996,0.10341999999999647,0.0,,,,,,66609.11111111111
33345,4.10345983505249,,,,,,,,,,66631.33333333333
33346,,8.0,,,,,,,,,66633.55555555556
33347,,,3.999999999999996,0.10345999999999647,0.0,,,,,,66635.77777777778
33355,,,,,,0.41868144273757935,0.5014806389808655,0.00027020234847441316,0.04526292160153389,0.25601133704185486,66651.63636363637
33364,4.103499889373779,,,,,,,,,,66676.18181818182
33365,,8.0,,,,,,,,,66678.90909090909
33366,,,3.999999999999996,0.10349999999999647,0.0,,,,,,66681.63636363637
33371,4.103539943695068,,,,,,,,,,66695.27272727272
33372,,8.0,,,,,,,,,66698.0
33373,,,3.999999999999996,0.10353999999999647,0.0,,,,,,66700.72727272728
33380,4.103579998016357,,,,,,,,,,66719.81818181818
33381,,8.0,,,,,,,,,66722.54545454546
33382,,,3.999999999999996,0.10357999999999647,0.0,,,,,,66725.27272727272
33391,4.1036200523376465,,,,,,,,,,66749.81818181818
33392,,8.0,,,,,,,,,66752.54545454546
33393,,,3.999999999999996,0.10361999999999646,0.0,,,,,,66755.27272727272
33398,,,,,,0.44871702790260315,0.5122724771499634,0.011037305928766727,0.037217944860458374,0.25103381276130676,66763.33333333333
33406,4.1036601066589355,,,,,,,,,,66784.66666666667
33407,,8.0,,,,,,,,,66787.33333333333
33408,,,3.999999999999996,0.10365999999999646,0.0,,,,,,66790.0
33419,4.103700160980225,,,,,,,,,,66819.33333333333
33420,,8.0,,,,,,,,,66822.0
33421,,,3.999999999999996,0.10369999999999646,0.0,,,,,,66824.66666666667
33428,4.103740215301514,,,,,,,,,,66843.33333333333
33429,,8.0,,,,,,,,,66846.0
33430,,,3.999999999999996,0.10373999999999646,0.0,,,,,,66848.66666666667
33438,4.1037797927856445,,,,,,,,,,66870.0
33439,,8.0,,,,,,,,,66872.66666666667
33440,,,3.999999999999996,0.10377999999999646,0.0,,,,,,66875.33333333333
33444,,,,,,0.42230281233787537,0.5225032567977905,0.0022819440346211195,0.03260919824242592,-0.04265119880437851,66880.0
33459,4.103819847106934,,,,,,,,,,66910.0
33460,,8.0,,,,,,,,,66912.0
33461,,,3.999999999999996,0.10381999999999646,0.0,,,,,,66914.0
33473,4.103859901428223,,,,,,,,,,66938.0
33474,,8.0,,,,,,,,,66940.0
33475,,,3.999999999999996,0.10385999999999646,0.0,,,,,,66942.0
33485,4.103899955749512,,,,,,,,,,66962.0
33486,,8.0,,,,,,,,,66964.0
33487,,,3.999999999999996,0.10389999999999645,0.0,,,,,,66966.0
33500,4.103940010070801,,,,,,,,,,66992.0
33501,,8.0,,,,,,,,,66994.0
33502,,,3.999999999999996,0.10393999999999645,0.0,,,,,,66996.0
33507,,,,,,0.5142504572868347,0.59894198179245,0.0008227641810663044,0.0460108183324337,0.10999353229999542,67002.89795918367
33509,,,,,,0.4185124337673187,0.46613144874572754,0.00267916196025908,0.04165351018309593,0.15430676937103271,67007.79591836735
33515,4.10398006439209,,,,,,,,,,67022.48979591837
33516,,8.0,,,,,,,,,67024.9387755102
33517,,,3.999999999999996,0.10397999999999645,0.0,,,,,,67027.38775510204
33524,4.104020118713379,,,,,,,,,,67044.5306122449
33525,,8.0,,,,,,,,,67046.97959183673
33526,,,3.999999999999996,0.10401999999999645,0.0,,,,,,67049.42857142857
33537,4.104060173034668,,,,,,,,,,67076.36734693877
33538,,8.0,,,,,,,,,67078.8163265306
33539,,,3.999999999999996,0.10405999999999645,0.0,,,,,,67081.26530612246
33551,4.104100227355957,,,,,,,,,,67110.6530612245
33552,,8.0,,,,,,,,,67113.10204081633
33553,,,3.999999999999996,0.10409999999999645,0.0,,,,,,67115.55102040817
33558,,,,,,0.4247087240219116,0.502903938293457,0.007538334466516972,0.0517837330698967,-0.0054377224296331406,67122.44444444444
33568,4.104139804840088,,,,,,,,,,67144.66666666667
33569,,8.0,,,,,,,,,67146.88888888889
33570,,,3.999999999999996,0.10413999999999644,0.0,,,,,,67149.11111111111
33581,4.104179859161377,,,,,,,,,,67173.55555555556
33582,,8.0,,,,,,,,,67175.77777777778
33583,,,3.999999999999996,0.10417999999999644,0.0,,,,,,67178.0
33590,4.104219913482666,,,,,,,,,,67193.55555555556
33591,,8.0,,,,,,,,,67195.77777777778
33592,,,3.999999999999996,0.10421999999999644,0.0,,,,,,67198.0
33607,4.104259967803955,,,,,,,,,,67231.33333333333
33608,,8.0,,,,,,,,,67233.55555555556
33609,,,3.999999999999996,0.10425999999999644,0.0,,,,,,67235.77777777778
33616,,,,,,0.4859212040901184,0.541406512260437,0.012129048816859722,0.06875572353601456,0.030563758686184883,67248.0
33626,4.104300022125244,,,,,,,,,,67273.0
33627,,8.0,,,,,,,,,67275.5
33628,,,3.999999999999996,0.10429999999999644,0.0,,,,,,67278.0
33636,4.104340076446533,,,,,,,,,,67298.0
33637,,8.0,,,,,,,,,67300.5
33638,,,3.999999999999996,0.10433999999999644,0.0,,,,,,67303.0
33644,4.104380130767822,,,,,,,,,,67318.0
33645,,8.0,,,,,,,,,67320.5
33646,,,3.999999999999996,0.10437999999999643,0.0,,,,,,67323.0
33657,4.104420185089111,,,,,,,,,,67350.5
33658,,8.0,,,,,,,,,67353.0
33659,,,3.999999999999996,0.10441999999999643,0.0,,,,,,67355.5
33664,,,,,,0.5050273537635803,0.5943624973297119,-0.0018008803017437458,0.03392890468239784,-0.14251521229743958,67363.33333333333
33669,4.104459762573242,,,,,,,,,,67376.66666666667
33670,,8.0,,,,,,,,,67379.33333333333
33671,,,3.999999999999996,0.10445999999999643,0.0,,,,,,67382.0
33680,4.104499816894531,,,,,,,,,,67406.0
33681,,8.0,,,,,,,,,67408.66666666667
33682,,,3.999999999999996,0.10449999999999643,0.0,,,,,,67411.33333333333
33693,4.10453987121582,,,,,,,,,,67440.66666666667
33694,,8.0,,,,,,,,,67443.33333333333
33695,,,3.999999999999996,0.10453999999999643,0.0,,,,,,67446.0
33704,4.104579925537109,,,,,,,,,,67470.0
33705,,8.0,,,,,,,,,67472.66666666667
33706,,,3.999999999999996,0.10457999999999643,0.0,,,,,,67475.33333333333
33711,,,,,,0.5321711897850037,0.6094006299972534,-0.007284617982804775,0.05556371062994003,0.28014257550239563,67481.80952380953
33726,4.104619979858398,,,,,,,,,,67510.38095238095
33727,,8.0,,,,,,,,,67512.28571428571
33728,,,3.999999999999996,0.10461999999999642,0.0,,,,,,67514.19047619047
33739,4.1046600341796875,,,,,,,,,,67535.14285714286
33740,,8.0,,,,,,,,,67537.04761904762
33741,,,3.999999999999996,0.10465999999999642,0.0,,,,,,67538.95238095238
33750,4.104700088500977,,,,,,,,,,67556.09523809524
33751,,8.0,,,,,,,,,67558.0
33752,,,3.999999999999996,0.10469999999999642,0.0,,,,,,67559.90476190476
33769,4.104740142822266,,,,,,,,,,67592.28571428571
33770,,8.0,,,,,,,,,67594.19047619047
33771,,,3.999999999999996,0.10473999999999642,0.0,,,,,,67596.09523809524
33775,,,,,,0.5519802570343018,0.6386192440986633,0.0023937015794217587,0.04788810759782791,0.586017370223999,67600.79069767441
33776,,,,,,0.4809384346008301,0.5517866611480713,0.006249743048101664,0.026987722143530846,0.3488122820854187,67603.58139534884
33786,4.104780197143555,,,,,,,,,,67631.48837209302
33787,,8.0,,,,,,,,,67634.27906976744
33788,,,3.999999999999996,0.10477999999999642,0.0,,,,,,67637.06976744186
33799,4.1048197746276855,,,,,,,,,,67667.76744186046
33800,,8.0,,,,,,,,,67670.55813953489
33801,,,3.999999999999996,0.10481999999999642,0.0,,,,,,67673.3488372093
33808,4.104859828948975,,,,,,,,,,67692.88372093023
33809,,8.0,,,,,,,,,67695.67441860466
33810,,,3.999999999999996,0.10485999999999641,0.0,,,,,,67698.46511627907
33814,4.104899883270264,,,,,,,,,,67709.62790697675
33815,,8.0,,,,,,,,,67712.41860465116
33816,,,3.999999999999996,0.10489999999999641,0.0,,,,,,67715.20930232559
33820,,,,,,0.4720813035964966,0.5547988414764404,0.006920370273292065,0.04651312530040741,0.8653333187103271,67720.72727272728
33825,4.104939937591553,,,,,,,,,,67734.36363636363
33826,,8.0,,,,,,,,,67737.09090909091
33827,,,3.999999999999996,0.10493999999999641,0.0,,,,,,67739.81818181818
33839,4.104979991912842,,,,,,,,,,67772.54545454546
33840,,8.0,,,,,,,,,67775.27272727272
33841,,,3.999999999999996,0.10497999999999641,0.0,,,,,,67778.0
33847,4.105020046234131,,,,,,,,,,67794.36363636363
33848,,8.0,,,,,,,,,67797.09090909091
33849,,,3.999999999999996,0.10501999999999641,0.0,,,,,,67799.81818181818
33860,4.10506010055542,,,,,,,,,,67829.81818181818
33861,,8.0,,,,,,,,,67832.54545454546
33862,,,3.999999999999996,0.1050599999999964,0.0,,,,,,67835.27272727272
33869,,,,,,0.5081177353858948,0.5667555928230286,0.007532097399234772,0.04247505962848663,0.6748504042625427,67847.41176470589
33883,4.105100154876709,,,,,,,,,,67880.35294117648
33884,,8.0,,,,,,,,,67882.70588235294
33885,,,3.999999999999996,0.1050999999999964,0.0,,,,,,67885.05882352941
33892,4.105140209197998,,,,,,,,,,67901.5294117647
33893,,8.0,,,,,,,,,67903.88235294117
33894,,,3.999999999999996,0.1051399999999964,0.0,,,,,,67906.23529411765
33903,4.105179786682129,,,,,,,,,,67927.41176470589
33904,,8.0,,,,,,,,,67929.76470588235
33905,,,3.999999999999996,0.1051799999999964,0.0,,,,,,67932.11764705883
33913,4.105219841003418,,,,,,,,,,67950.94117647059
33914,,8.0,,,,,,,,,67953.29411764706
33915,,,3.999999999999996,0.1052199999999964,0.0,,,,,,67955.64705882352
33923,,,,,,0.4474232792854309,0.5277765393257141,0.00414461363106966,0.04627218842506409,0.7567203640937805,67969.76470588235
33933,4.105259895324707,,,,,,,,,,67993.29411764706
33934,,8.0,,,,,,,,,67995.64705882352
33935,,,3.999999999999996,0.1052599999999964,0.0,,,,,,67998.0
33944,4.105299949645996,,,,,,,,,,68019.17647058824
33945,,8.0,,,,,,,,,68021.5294117647
33946,,,3.999999999999996,0.1052999999999964,0.0,,,,,,68023.88235294117
33954,4.105340003967285,,,,,,,,,,68042.70588235294
33955,,8.0,,,,,,,,,68045.05882352941
33956,,,3.999999999999996,0.1053399999999964,0.0,,,,,,68047.41176470589
33966,4.105380058288574,,,,,,,,,,68070.94117647059
33967,,8.0,,,,,,,,,68073.29411764706
33968,,,3.999999999999996,0.1053799999999964,0.0,,,,,,68075.64705882352
33973,,,,,,0.4807736575603485,0.5884573459625244,0.002838744316250086,0.038024935871362686,0.4168030917644501,68083.33333333333
33984,4.105420112609863,,,,,,,,,,68112.66666666667
33985,,8.0,,,,,,,,,68115.33333333333
33986,,,3.999999999999996,0.10541999999999639,0.0,,,,,,68118.0
33992,4.105460166931152,,,,,,,,,,68134.0
33993,,8.0,,,,,,,,,68136.66666666667
33994,,,3.999999999999996,0.10545999999999639,0.0,,,,,,68139.33333333333
34001,4.105500221252441,,,,,,,,,,68158.0
34002,,8.0,,,,,,,,,68160.66666666667
34003,,,3.999999999999996,0.10549999999999639,0.0,,,,,,68163.33333333333
34013,4.105539798736572,,,,,,,,,,68190.0
34014,,8.0,,,,,,,,,68192.66666666667
34015,,,3.999999999999996,0.10553999999999639,0.0,,,,,,68195.33333333333
34019,,,,,,0.44943153858184814,0.4864087402820587,0.007011449430137873,0.03495248779654503,0.28896868228912354,68200.14285714286
34023,,,,,,0.48247256875038147,0.5399150848388672,0.015458362177014351,0.054023779928684235,0.5978072881698608,68208.71428571429
34036,4.105579853057861,,,,,,,,,,68236.57142857143
34037,,8.0,,,,,,,,,68238.71428571429
34038,,,3.999999999999996,0.10557999999999639,0.0,,,,,,68240.85714285714
34046,4.10561990737915,,,,,,,,,,68258.0
34047,,8.0,,,,,,,,,68260.14285714286
34048,,,3.999999999999996,0.10561999999999638,0.0,,,,,,68262.28571428571
34062,4.1056599617004395,,,,,,,,,,68292.28571428571
34063,,8.0,,,,,,,,,68294.42857142857
34064,,,3.999999999999996,0.10565999999999638,0.0,,,,,,68296.57142857143
34071,4.1057000160217285,,,,,,,,,,68311.57142857143
34072,,8.0,,,,,,,,,68313.71428571429
34073,,,3.999999999999996,0.10569999999999638,0.0,,,,,,68315.85714285714
34079,,,,,,0.48940321803092957,0.5879863500595093,0.0011913902126252651,0.04017006605863571,0.389933705329895,68325.65957446808
34090,4.105740070343018,,,,,,,,,,68353.74468085106
34091,,8.0,,,,,,,,,68356.29787234042
34092,,,3.999999999999996,0.10573999999999638,0.0,,,,,,68358.85106382979
34102,4.105780124664307,,,,,,,,,,68384.3829787234
34103,,8.0,,,,,,,,,68386.93617021276
34104,,,3.999999999999996,0.10577999999999638,0.0,,,,,,68389.48936170213
34114,4.105820178985596,,,,,,,,,,68415.02127659574
34115,,8.0,,,,,,,,,68417.5744680851
34116,,,3.999999999999996,0.10581999999999638,0.0,,,,,,68420.12765957447
34120,4.105860233306885,,,,,,,,,,68430.34042553192
34121,,8.0,,,,,,,,,68432.89361702128
34122,,,3.999999999999996,0.10585999999999637,0.0,,,,,,68435.44680851063
34127,,,,,,0.5460134744644165,0.6108297109603882,-0.0025772240478545427,0.05103212594985962,0.7648823857307434,68442.8
34134,4.105899810791016,,,,,,,,,,68459.6
34135,,8.0,,,,,,,,,68462.0
34136,,,3.999999999999996,0.10589999999999637,0.0,,,,,,68464.4
34150,4.105939865112305,,,,,,,,,,68498.0
34151,,8.0,,,,,,,,,68500.4
34152,,,3.999999999999996,0.10593999999999637,0.0,,,,,,68502.8
34165,4.105979919433594,,,,,,,,,,68534.0
34166,,8.0,,,,,,,,,68536.4
34167,,,3.999999999999996,0.10597999999999637,0.0,,,,,,68538.8
34172,4.106019973754883,,,,,,,,,,68550.8
34173,,8.0,,,,,,,,,68553.2
34174,,,3.999999999999996,0.10601999999999637,0.0,,,,,,68555.6
34178,,,,,,0.5054827928543091,0.5627917647361755,0.004653322510421276,0.02990538813173771,0.6341968774795532,68560.44897959183
34188,4.106060028076172,,,,,,,,,,68584.9387755102
34189,,8.0,,,,,,,,,68587.38775510204
34190,,,3.999999999999996,0.10605999999999637,0.0,,,,,,68589.83673469388
34204,4.106100082397461,,,,,,,,,,68624.12244897959
34205,,8.0,,,,,,,,,68626.57142857143
34206,,,3.999999999999996,0.10609999999999636,0.0,,,,,,68629.02040816327
34215,4.10614013671875,,,,,,,,,,68651.0612244898
34216,,8.0,,,,,,,,,68653.51020408163
34217,,,3.999999999999996,0.10613999999999636,0.0,,,,,,68655.95918367348
34223,4.106180191040039,,,,,,,,,,68670.6530612245
34224,,8.0,,,,,,,,,68673.10204081633
34225,,,3.999999999999996,0.10617999999999636,0.0,,,,,,68675.55102040817
34230,,,,,,0.46158355474472046,0.5170053839683533,0.0026750254910439253,0.04376697167754173,0.8428748250007629,68682.70588235294
34243,4.10621976852417,,,,,,,,,,68713.29411764706
34244,,8.0,,,,,,,,,68715.64705882352
34245,,,3.999999999999996,0.10621999999999636,0.0,,,,,,68718.0
34253,4.106259822845459,,,,,,,,,,68736.82352941176
34254,,8.0,,,,,,,,,68739.17647058824
34255,,,3.999999999999996,0.10625999999999636,0.0,,,,,,68741.5294117647
34266,4.106299877166748,,,,,,,,,,68767.41176470589
34267,,8.0,,,,,,,,,68769.76470588235
34268,,,3.999999999999996,0.10629999999999636,0.0,,,,,,68772.11764705883
34276,4.106339931488037,,,,,,,,,,68790.94117647059
34277,,8.0,,,,,,,,,68793.29411764706
34278,,,3.999999999999996,0.10633999999999635,0.0,,,,,,68795.64705882352
34283,,,,,,0.5307315587997437,0.5816134810447693,0.0025523591320961714,0.027418803423643112,0.6810979247093201,68802.44444444444
34286,,,,,,0.4779251217842102,0.5800955891609192,0.003702858928591013,0.036563362926244736,0.7958171963691711,68809.11111111111
34296,4.106379985809326,,,,,,,,,,68831.33333333333
34297,,8.0,,,,,,,,,68833.55555555556
34298,,,3.999999999999996,0.10637999999999635,0.0,,,,,,68835.77777777778
34310,4.106420040130615,,,,,,,,,,68862.44444444444
34311,,8.0,,,,,,,,,68864.66666666667
34312,,,3.999999999999996,0.10641999999999635,0.0,,,,,,68866.88888888889
34325,4.106460094451904,,,,,,,,,,68895.77777777778
34326,,8.0,,,,,,,,,68898.0
34327,,,3.999999999999996,0.10645999999999635,0.0,,,,,,68900.22222222222
34332,4.106500148773193,,,,,,,,,,68911.33333333333
34333,,8.0,,,,,,,,,68913.55555555556
34334,,,3.999999999999996,0.10649999999999635,0.0,,,,,,68915.77777777778
34340,,,,,,0.4748680591583252,0.5622187256813049,0.0006758695235475898,0.05153299868106842,0.8619687557220459,68924.54545454546
34353,4.106540203094482,,,,,,,,,,68952.90909090909
34354,,8.0,,,,,,,,,68955.09090909091
34355,,,3.999999999999996,0.10653999999999635,0.0,,,,,,68957.27272727272
34366,4.106579780578613,,,,,,,,,,68981.27272727272
34367,,8.0,,,,,,,,,68983.45454545454
34368,,,3.999999999999996,0.10657999999999634,0.0,,,,,,68985.63636363637
34376,4.106619834899902,,,,,,,,,,69003.09090909091
34377,,8.0,,,,,,,,,69005.27272727272
34378,,,3.999999999999996,0.10661999999999634,0.0,,,,,,69007.45454545454
34389,4.106659889221191,,,,,,,,,,69031.45454545454
34390,,8.0,,,,,,,,,69033.63636363637
34391,,,3.999999999999996,0.10665999999999634,0.0,,,,,,69035.81818181818
34396,,,,,,0.4886645972728729,0.5470702052116394,0.0032483222894370556,0.05179116874933243,0.946148693561554,69043.33333333333
34406,4.1066999435424805,,,,,,,,,,69070.0
34407,,8.0,,,,,,,,,69072.66666666667
34408,,,3.999999999999996,0.10669999999999634,0.0,,,,,,69075.33333333333
34414,4.1067399978637695,,,,,,,,,,69091.33333333333
34415,,8.0,,,,,,,,,69094.0
34416,,,3.999999999999996,0.10673999999999634,0.0,,,,,,69096.66666666667
34423,4.106780052185059,,,,,,,,,,69115.33333333333
34424,,8.0,,,,,,,,,69118.0
34425,,,3.999999999999996,0.10677999999999634,0.0,,,,,,69120.66666666667
34436,4.106820106506348,,,,,,,,,,69150.0
34437,,8.0,,,,,,,,,69152.66666666667
34438,,,3.999999999999996,0.10681999999999633,0.0,,,,,,69155.33333333333
34445,,,,,,0.46148571372032166,0.548743486404419,0.007415346335619688,0.0567043162882328,0.7690964937210083,69168.0
34454,4.106860160827637,,,,,,,,,,69190.5
34455,,8.0,,,,,,,,,69193.0
34456,,,3.999999999999996,0.10685999999999633,0.0,,,,,,69195.5
34465,4.106900215148926,,,,,,,,,,69218.0
34466,,8.0,,,,,,,,,69220.5
34467,,,3.999999999999996,0.10689999999999633,0.0,,,,,,69223.0
34473,4.106939792633057,,,,,,,,,,69238.0
34474,,8.0,,,,,,,,,69240.5
34475,,,3.999999999999996,0.10693999999999633,0.0,,,,,,69243.0
34486,4.106979846954346,,,,,,,,,,69270.5
34487,,8.0,,,,,,,,,69273.0
34488,,,3.999999999999996,0.10697999999999633,0.0,,,,,,69275.5
34493,,,,,,0.44392868876457214,0.5001172423362732,0.001772404764778912,0.02709989994764328,0.49988317489624023,69283.33333333333
34503,4.107019901275635,,,,,,,,,,69310.0
34504,,8.0,,,,,,,,,69312.66666666667
34505,,,3.999999999999996,0.10701999999999633,0.0,,,,,,69315.33333333333
34515,4.107059955596924,,,,,,,,,,69342.0
34516,,8.0,,,,,,,,,69344.66666666667
34517,,,3.999999999999996,0.10705999999999632,0.0,,,,,,69347.33333333333
34525,4.107100009918213,,,,,,,,,,69368.66666666667
34526,,8.0,,,,,,,,,69371.33333333333
34527,,,3.999999999999996,0.10709999999999632,0.0,,,,,,69374.0
34533,4.107140064239502,,,,,,,,,,69390.0
34534,,8.0,,,,,,,,,69392.66666666667
34535,,,3.999999999999996,0.10713999999999632,0.0,,,,,,69395.33333333333
34539,,,,,,0.40991148352622986,0.4936177432537079,-0.0016560009680688381,0.03348217159509659,0.47916528582572937,69400.5
34543,,,,,,0.4900849759578705,0.5533700585365295,-0.000379775621695444,0.0465020090341568,0.6374284625053406,69410.5
34556,4.107180118560791,,,,,,,,,,69443.0
34557,,8.0,,,,,,,,,69445.5
34558,,,3.999999999999996,0.10717999999999632,0.0,,,,,,69448.0
34566,4.10722017288208,,,,,,,,,,69468.0
34567,,8.0,,,,,,,,,69470.5
34568,,,3.999999999999996,0.10721999999999632,0.0,,,,,,69473.0
34575,4.107260227203369,,,,,,,,,,69490.5
34576,,8.0,,,,,,,,,69493.0
34577,,,3.999999999999996,0.10725999999999632,0.0,,,,,,69495.5
34583,4.1072998046875,,,,,,,,,,69510.5
34584,,8.0,,,,,,,,,69513.0
34585,,,3.999999999999996,0.10729999999999631,0.0,,,,,,69515.5
34590,,,,,,0.45365095138549805,0.5423069596290588,0.008613958954811096,0.047509051859378815,0.44766905903816223,69523.0
34601,4.107339859008789,,,,,,,,,,69550.5
34602,,8.0,,,,,,,,,69553.0
34603,,,3.999999999999996,0.10733999999999631,0.0,,,,,,69555.5
34610,4.107379913330078,,,,,,,,,,69573.0
34611,,8.0,,,,,,,,,69575.5
34612,,,3.999999999999996,0.10737999999999631,0.0,,,,,,69578.0
34619,4.107419967651367,,,,,,,,,,69595.5
34620,,8.0,,,,,,,,,69598.0
34621,,,3.999999999999996,0.10741999999999631,0.0,,,,,,69600.5
34633,4.107460021972656,,,,,,,,,,69630.5
34634,,8.0,,,,,,,,,69633.0
34635,,,3.999999999999996,0.10745999999999631,0.0,,,,,,69635.5
34639,,,,,,0.5309467911720276,0.5921634435653687,0.0008781587239354849,0.04004891589283943,0.47566694021224976,69640.72727272728
34652,4.107500076293945,,,,,,,,,,69676.18181818182
34653,,8.0,,,,,,,,,69678.90909090909
34654,,,3.999999999999996,0.1074999999999963,0.0,,,,,,69681.63636363637
34658,4.107540130615234,,,,,,,,,,69692.54545454546
34659,,8.0,,,,,,,,,69695.27272727272
34660,,,3.999999999999996,0.1075399999999963,0.0,,,,,,69698.0
34667,4.107580184936523,,,,,,,,,,69717.09090909091
34668,,8.0,,,,,,,,,69719.81818181818
34669,,,3.999999999999996,0.1075799999999963,0.0,,,,,,69722.54545454546
34679,4.107619762420654,,,,,,,,,,69749.81818181818
34680,,8.0,,,,,,,,,69752.54545454546
34681,,,3.999999999999996,0.1076199999999963,0.0,,,,,,69755.27272727272
34687,,,,,,0.499072790145874,0.5532828569412231,-0.0012864075833931565,0.04593460261821747,0.2555120289325714,69765.65957446808
34697,4.107659816741943,,,,,,,,,,69791.1914893617
34698,,8.0,,,,,,,,,69793.74468085106
34699,,,3.999999999999996,0.1076599999999963,0.0,,,,,,69796.29787234042
34705,4.107699871063232,,,,,,,,,,69811.6170212766
34706,,8.0,,,,,,,,,69814.17021276595
34707,,,3.999999999999996,0.1076999999999963,0.0,,,,,,69816.72340425532
34717,4.1077399253845215,,,,,,,,,,69842.25531914894
34718,,8.0,,,,,,,,,69844.8085106383
34719,,,3.999999999999996,0.1077399999999963,0.0,,,,,,69847.36170212766
34728,4.1077799797058105,,,,,,,,,,69870.34042553192
34729,,8.0,,,,,,,,,69872.89361702128
34730,,,3.999999999999996,0.1077799999999963,0.0,,,,,,69875.44680851063
34735,,,,,,0.47123268246650696,0.5424688458442688,0.007938682101666927,0.031365226954221725,0.22602619230747223,69882.70588235294
34749,4.1078200340271,,,,,,,,,,69915.64705882352
34750,,8.0,,,,,,,,,69918.0
34751,,,3.999999999999996,0.1078199999999963,0.0,,,,,,69920.35294117648
34759,4.107860088348389,,,,,,,,,,69939.17647058824
34760,,8.0,,,,,,,,,69941.5294117647
34761,,,3.999999999999996,0.10785999999999629,0.0,,,,,,69943.88235294117
34770,4.107900142669678,,,,,,,,,,69965.05882352941
34771,,8.0,,,,,,,,,69967.41176470589
34772,,,3.999999999999996,0.10789999999999629,0.0,,,,,,69969.76470588235
34781,4.107940196990967,,,,,,,,,,69990.94117647059
34782,,8.0,,,,,,,,,69993.29411764706
34783,,,3.999999999999996,0.10793999999999629,0.0,,,,,,69995.64705882352
34787,,,,,,0.4851255714893341,0.5619933009147644,0.02567252889275551,0.06661145389080048,0.2825673818588257,70000.35294117648
34790,,,,,,0.5489639639854431,0.6161403656005859,-0.001446407288312912,0.04689748212695122,0.20183221995830536,70007.41176470589
34799,4.107979774475098,,,,,,,,,,70028.58823529411
34800,,8.0,,,,,,,,,70030.94117647059
34801,,,3.999999999999996,0.10797999999999629,0.0,,,,,,70033.29411764706
34809,4.108019828796387,,,,,,,,,,70052.11764705883
34810,,8.0,,,,,,,,,70054.4705882353
34811,,,3.999999999999996,0.10801999999999629,0.0,,,,,,70056.82352941176
34822,4.108059883117676,,,,,,,,,,70082.70588235294
34823,,8.0,,,,,,,,,70085.05882352941
34824,,,3.999999999999996,0.10805999999999628,0.0,,,,,,70087.41176470589
34834,4.108099937438965,,,,,,,,,,70110.94117647059
34835,,8.0,,,,,,,,,70113.29411764706
34836,,,3.999999999999996,0.10809999999999628,0.0,,,,,,70115.64705882352
34842,,,,,,0.4862491488456726,0.5626192688941956,0.004126484971493483,0.031739141792058945,0.0947406068444252,70124.92307692308
34856,4.108139991760254,,,,,,,,,,70157.23076923077
34857,,8.0,,,,,,,,,70159.53846153847
34858,,,3.999999999999996,0.10813999999999628,0.0,,,,,,70161.84615384616
34866,4.108180046081543,,,,,,,,,,70180.30769230769
34867,,8.0,,,,,,,,,70182.61538461539
34868,,,3.999999999999996,0.10817999999999628,0.0,,,,,,70184.92307692308
34876,4.108220100402832,,,,,,,,,,70203.38461538461
34877,,8.0,,,,,,,,,70205.69230769231
34878,,,3.999999999999996,0.10821999999999628,0.0,,,,,,70208.0
34888,4.108260154724121,,,,,,,,,,70231.07692307692
34889,,8.0,,,,,,,,,70233.38461538461
34890,,,3.999999999999996,0.10825999999999628,0.0,,,,,,70235.69230769231
34896,,,,,,0.4935760796070099,0.5553190112113953,0.00573950307443738,0.02487105503678322,0.1029353216290474,70246.57142857143
34906,4.10830020904541,,,,,,,,,,70275.14285714286
34907,,8.0,,,,,,,,,70278.0
34908,,,3.999999999999996,0.10829999999999627,0.0,,,,,,70280.85714285714
34915,4.108339786529541,,,,,,,,,,70300.85714285714
34916,,8.0,,,,,,,,,70303.71428571429
34917,,,3.999999999999996,0.10833999999999627,0.0,,,,,,70306.57142857143
34922,4.10837984085083,,,,,,,,,,70320.85714285714
34923,,8.0,,,,,,,,,70323.71428571429
34924,,,3.999999999999996,0.10837999999999627,0.0,,,,,,70326.57142857143
34932,4.108419895172119,,,,,,,,,,70349.42857142857
34933,,8.0,,,,,,,,,70352.28571428571
34934,,,3.999999999999996,0.10841999999999627,0.0,,,,,,70355.14285714286
34938,,,,,,0.4623945653438568,0.5535251498222351,0.00537145184352994,0.038680195808410645,0.2008770853281021,70360.4
34947,4.108459949493408,,,,,,,,,,70382.0
34948,,8.0,,,,,,,,,70384.4
34949,,,3.999999999999996,0.10845999999999627,0.0,,,,,,70386.8
34958,4.108500003814697,,,,,,,,,,70408.4
34959,,8.0,,,,,,,,,70410.8
34960,,,3.999999999999996,0.10849999999999627,0.0,,,,,,70413.2
34972,4.108540058135986,,,,,,,,,,70442.0
34973,,8.0,,,,,,,,,70444.4
34974,,,3.999999999999996,0.10853999999999626,0.0,,,,,,70446.8
34984,4.108580112457275,,,,,,,,,,70470.8
34985,,8.0,,,,,,,,,70473.2
34986,,,3.999999999999996,0.10857999999999626,0.0,,,,,,70475.6
34990,,,,,,0.4663305878639221,0.5333923101425171,0.009393647313117981,0.030216200277209282,0.4342231750488281,70480.14285714286
35002,4.1086201667785645,,,,,,,,,,70505.85714285714
35003,,8.0,,,,,,,,,70508.0
35004,,,3.999999999999996,0.10861999999999626,0.0,,,,,,70510.14285714286
35016,4.1086602210998535,,,,,,,,,,70535.85714285714
35017,,8.0,,,,,,,,,70538.0
35018,,,3.999999999999996,0.10865999999999626,0.0,,,,,,70540.14285714286
35030,4.108699798583984,,,,,,,,,,70565.85714285714
35031,,8.0,,,,,,,,,70568.0
35032,,,3.999999999999996,0.10869999999999626,0.0,,,,,,70570.14285714286
35042,4.108739852905273,,,,,,,,,,70591.57142857143
35043,,8.0,,,,,,,,,70593.71428571429
35044,,,3.999999999999996,0.10873999999999626,0.0,,,,,,70595.85714285714
35050,,,,,,0.4745340943336487,0.5326243042945862,0.015403796918690205,0.06239273399114609,0.7465437054634094,70605.65957446808
35053,,,,,,0.4168531000614166,0.4659219980239868,-0.0009254041942767799,0.03140389174222946,0.3534929156303406,70613.31914893616
35063,4.1087799072265625,,,,,,,,,,70638.85106382979
35064,,8.0,,,,,,,,,70641.40425531915
35065,,,3.999999999999996,0.10877999999999625,0.0,,,,,,70643.9574468085
35072,4.108819961547852,,,,,,,,,,70661.82978723405
35073,,8.0,,,,,,,,,70664.3829787234
35074,,,3.999999999999996,0.10881999999999625,0.0,,,,,,70666.93617021276
35081,4.108860015869141,,,,,,,,,,70684.8085106383
35082,,8.0,,,,,,,,,70687.36170212766
35083,,,3.999999999999996,0.10885999999999625,0.0,,,,,,70689.91489361702
35091,4.10890007019043,,,,,,,,,,70710.34042553192
35092,,8.0,,,,,,,,,70712.89361702128
35093,,,3.999999999999996,0.10889999999999625,0.0,,,,,,70715.44680851063
35099,,,,,,0.48372766375541687,0.5588763356208801,-0.006545635871589184,0.0513426810503006,0.594118595123291,70725.3469387755
35109,4.108940124511719,,,,,,,,,,70749.83673469388
35110,,8.0,,,,,,,,,70752.28571428571
35111,,,3.999999999999996,0.10893999999999625,0.0,,,,,,70754.73469387754
35118,4.108980178833008,,,,,,,,,,70771.87755102041
35119,,8.0,,,,,,,,,70774.32653061225
35120,,,3.999999999999996,0.10897999999999625,0.0,,,,,,70776.77551020408
35131,4.109020233154297,,,,,,,,,,70803.71428571429
35132,,8.0,,,,,,,,,70806.16326530612
35133,,,3.999999999999996,0.10901999999999624,0.0,,,,,,70808.61224489796
35142,4.109059810638428,,,,,,,,,,70830.6530612245
35143,,8.0,,,,,,,,,70833.10204081633
35144,,,3.999999999999996,0.10905999999999624,0.0,,,,,,70835.55102040817
35151,,,,,,0.4866825342178345,0.5363652110099792,0.0054631661623716354,0.04421086981892586,0.45140594244003296,70848.21276595745
35160,4.109099864959717,,,,,,,,,,70871.1914893617
35161,,8.0,,,,,,,,,70873.74468085106
35162,,,3.999999999999996,0.10909999999999624,0.0,,,,,,70876.29787234042
35173,4.109139919281006,,,,,,,,,,70904.3829787234
35174,,8.0,,,,,,,,,70906.93617021276
35175,,,3.999999999999996,0.10913999999999624,0.0,,,,,,70909.48936170213
35182,4.109179973602295,,,,,,,,,,70927.36170212766
35183,,8.0,,,,,,,,,70929.91489361702
35184,,,3.999999999999996,0.10917999999999624,0.0,,,,,,70932.46808510639
35191,4.109220027923584,,,,,,,,,,70950.34042553192
35192,,8.0,,,,,,,,,70952.89361702128
35193,,,3.999999999999996,0.10921999999999624,0.0,,,,,,70955.44680851063
35198,,,,,,0.4743114113807678,0.5605137944221497,0.006400261539965868,0.055027399212121964,0.6278098225593567,70962.44444444444
35207,4.109260082244873,,,,,,,,,,70982.44444444444
35208,,8.0,,,,,,,,,70984.66666666667
35209,,,3.999999999999996,0.10925999999999624,0.0,,,,,,70986.88888888889
35223,4.109300136566162,,,,,,,,,,71018.0
35224,,8.0,,,,,,,,,71020.22222222222
35225,,,3.999999999999996,0.10929999999999623,0.0,,,,,,71022.44444444444
35233,4.109340190887451,,,,,,,,,,71040.22222222222
35234,,8.0,,,,,,,,,71042.44444444444
35235,,,3.999999999999996,0.10933999999999623,0.0,,,,,,71044.66666666667
35247,4.109379768371582,,,,,,,,,,71071.33333333333
35248,,8.0,,,,,,,,,71073.55555555556
35249,,,3.999999999999996,0.10937999999999623,0.0,,,,,,71075.77777777778
35256,,,,,,0.4816354215145111,0.5365704298019409,0.0029149672482162714,0.03249816223978996,0.516205370426178,71088.66666666667
35267,4.109419822692871,,,,,,,,,,71118.0
35268,,8.0,,,,,,,,,71120.66666666667
35269,,,3.999999999999996,0.10941999999999623,0.0,,,,,,71123.33333333333
35276,4.10945987701416,,,,,,,,,,71142.0
35277,,8.0,,,,,,,,,71144.66666666667
35278,,,3.999999999999996,0.10945999999999623,0.0,,,,,,71147.33333333333
35286,4.109499931335449,,,,,,,,,,71168.66666666667
35287,,8.0,,,,,,,,,71171.33333333333
35288,,,3.999999999999996,0.10949999999999623,0.0,,,,,,71174.0
35294,4.109539985656738,,,,,,,,,,71190.0
35295,,8.0,,,,,,,,,71192.66666666667
35296,,,3.999999999999996,0.10953999999999622,0.0,,,,,,71195.33333333333
35300,,,,,,0.5254204273223877,0.6325802803039551,0.006773804314434528,0.04512816667556763,0.8230473399162292,71200.72727272728
35303,,,,,,0.500750720500946,0.5610699653625488,-1.9980874640168622e-05,0.0396992564201355,0.8630239963531494,71208.90909090909
35312,4.109580039978027,,,,,,,,,,71233.45454545454
35313,,8.0,,,,,,,,,71236.18181818182
35314,,,3.999999999999996,0.10957999999999622,0.0,,,,,,71238.90909090909
35321,4.109620094299316,,,,,,,,,,71258.0
35322,,8.0,,,,,,,,,71260.72727272728
35323,,,3.999999999999996,0.10961999999999622,0.0,,,,,,71263.45454545454
35331,4.1096601486206055,,,,,,,,,,71285.27272727272
35332,,8.0,,,,,,,,,71288.0
35333,,,3.999999999999996,0.10965999999999622,0.0,,,,,,71290.72727272728
35340,4.1097002029418945,,,,,,,,,,71309.81818181818
35341,,8.0,,,,,,,,,71312.54545454546
35342,,,3.999999999999996,0.10969999999999622,0.0,,,,,,71315.27272727272
35348,,,,,,0.45587703585624695,0.5169790983200073,0.009657084941864014,0.03450547903776169,0.6235485672950745,71321.6724137931
35364,4.109739780426025,,,,,,,,,,71341.25862068965
35365,,8.0,,,,,,,,,71342.4827586207
35366,,,3.999999999999996,0.10973999999999622,0.0,,,,,,71343.70689655172
35376,4.1097798347473145,,,,,,,,,,71355.94827586207
35377,,8.0,,,,,,,,,71357.1724137931
35378,,,3.999999999999996,0.10977999999999621,0.0,,,,,,71358.39655172414
35390,4.1098198890686035,,,,,,,,,,71373.08620689655
35391,,8.0,,,,,,,,,71374.31034482758
35392,,,3.999999999999996,0.10981999999999621,0.0,,,,,,71375.53448275862
35400,4.109859943389893,,,,,,,,,,71385.3275862069
35401,,8.0,,,,,,,,,71386.55172413793
35402,,,3.999999999999996,0.10985999999999621,0.0,,,,,,71387.77586206897
35407,,,,,,0.5748869180679321,0.6288237571716309,0.0009052259847521782,0.05475785583257675,0.7171404361724854,71393.8
35417,4.109899997711182,,,,,,,,,,71417.8
35418,,8.0,,,,,,,,,71420.2
35419,,,3.999999999999996,0.10989999999999621,0.0,,,,,,71422.6
35428,4.109940052032471,,,,,,,,,,71444.2
35429,,8.0,,,,,,,,,71446.6
35430,,,3.999999999999996,0.10993999999999621,0.0,,,,,,71449.0
35442,4.10998010635376,,,,,,,,,,71477.8
35443,,8.0,,,,,,,,,71480.2
35444,,,3.999999999999996,0.1099799999999962,0.0,,,,,,71482.6
35452,4.110020160675049,,,,,,,,,,71501.8
35453,,8.0,,,,,,,,,71504.2
35454,,,3.999999999999996,0.1100199999999962,0.0,,,,,,71506.6
35461,,,,,,0.5024471282958984,0.5792124271392822,-0.0016374135157093406,0.048511601984500885,0.03845059871673584,71518.41176470589
35472,4.110060214996338,,,,,,,,,,71544.29411764706
35473,,8.0,,,,,,,,,71546.64705882352
35474,,,3.999999999999996,0.1100599999999962,0.0,,,,,,71549.0
35482,4.110099792480469,,,,,,,,,,71567.82352941176
35483,,8.0,,,,,,,,,71570.17647058824
35484,,,3.999999999999996,0.1100999999999962,0.0,,,,,,71572.5294117647
35495,4.110139846801758,,,,,,,,,,71598.41176470589
35496,,8.0,,,,,,,,,71600.76470588235
35497,,,3.999999999999996,0.1101399999999962,0.0,,,,,,71603.11764705883
35505,4.110179901123047,,,,,,,,,,71621.94117647059
35506,,8.0,,,,,,,,,71624.29411764706
35507,,,3.999999999999996,0.1101799999999962,0.0,,,,,,71626.64705882352
35511,,,,,,0.5027022361755371,0.5618783831596375,0.0016055916203185916,0.06260085850954056,0.4133343994617462,71631.4
35527,4.110219955444336,,,,,,,,,,71669.8
35528,,8.0,,,,,,,,,71672.2
35529,,,3.999999999999996,0.1102199999999962,0.0,,,,,,71674.6
35538,4.110260009765625,,,,,,,,,,71696.2
35539,,8.0,,,,,,,,,71698.6
35540,,,3.999999999999996,0.1102599999999962,0.0,,,,,,71701.0
35548,4.110300064086914,,,,,,,,,,71720.2
35549,,8.0,,,,,,,,,71722.6
35550,,,3.999999999999996,0.11029999999999619,0.0,,,,,,71725.0
35557,4.110340118408203,,,,,,,,,,71741.8
35558,,8.0,,,,,,,,,71744.2
35559,,,3.999999999999996,0.11033999999999619,0.0,,,,,,71746.6
35563,,,,,,0.443129301071167,0.5019381642341614,0.005715501494705677,0.032814521342515945,0.1868116557598114,71751.44897959183
35565,,,,,,0.47618794441223145,0.5407796502113342,0.015950681641697884,0.05988844484090805,0.3609617054462433,71756.3469387755
35570,4.110380172729492,,,,,,,,,,71768.59183673469
35571,,8.0,,,,,,,,,71771.04081632652
35572,,,3.999999999999996,0.11037999999999619,0.0,,,,,,71773.48979591837
35584,4.110420227050781,,,,,,,,,,71802.87755102041
35585,,8.0,,,,,,,,,71805.32653061225
35586,,,3.999999999999996,0.11041999999999619,0.0,,,,,,71807.77551020408
35596,4.110459804534912,,,,,,,,,,71832.26530612246
35597,,8.0,,,,,,,,,71834.71428571429
35598,,,3.999999999999996,0.11045999999999619,0.0,,,,,,71837.16326530612
35608,4.110499858856201,,,,,,,,,,71861.6530612245
35609,,8.0,,,,,,,,,71864.10204081633
35610,,,3.999999999999996,0.11049999999999618,0.0,,,,,,71866.55102040817
35616,,,,,,0.4403820335865021,0.5162306427955627,0.005464484449476004,0.02482639253139496,-0.027346771210432053,71876.65957446808
35627,4.11053991317749,,,,,,,,,,71904.74468085106
35628,,8.0,,,,,,,,,71907.29787234042
35629,,,3.999999999999996,0.11053999999999618,0.0,,,,,,71909.85106382979
35637,4.110579967498779,,,,,,,,,,71930.27659574468
35638,,8.0,,,,,,,,,71932.82978723405
35639,,,3.999999999999996,0.11057999999999618,0.0,,,,,,71935.3829787234
35648,4.110620021820068,,,,,,,,,,71958.36170212766
35649,,8.0,,,,,,,,,71960.91489361702
35650,,,3.999999999999996,0.11061999999999618,0.0,,,,,,71963.46808510639
35657,4.110660076141357,,,,,,,,,,71981.34042553192
35658,,8.0,,,,,,,,,71983.89361702128
35659,,,3.999999999999996,0.11065999999999618,0.0,,,,,,71986.44680851063
35667,,,,,,0.4803943336009979,0.5922401547431946,0.0067749167792499065,0.04749709367752075,0.06694602221250534,72001.24489795919
35676,4.1107001304626465,,,,,,,,,,72023.28571428571
35677,,8.0,,,,,,,,,72025.73469387754
35678,,,3.999999999999996,0.11069999999999618,0.0,,,,,,72028.1836734694
35683,4.1107401847839355,,,,,,,,,,72040.42857142857
35684,,8.0,,,,,,,,,72042.87755102041
35685,,,3.999999999999996,0.11073999999999617,0.0,,,,,,72045.32653061225
35695,4.110779762268066,,,,,,,,,,72069.8163265306
35696,,8.0,,,,,,,,,72072.26530612246
35697,,,3.999999999999996,0.11077999999999617,0.0,,,,,,72074.71428571429
35708,4.1108198165893555,,,,,,,,,,72101.6530612245
35709,,8.0,,,,,,,,,72104.10204081633
35710,,,3.999999999999996,0.11081999999999617,0.0,,,,,,72106.55102040817
35714,,,,,,0.47298842668533325,0.5707566142082214,0.004944430664181709,0.038176294416189194,0.2371135950088501,72111.2641509434
35723,4.1108598709106445,,,,,,,,,,72131.64150943396
35724,,8.0,,,,,,,,,72133.90566037736
35725,,,3.999999999999996,0.11085999999999617,0.0,,,,,,72136.16981132075
35735,4.110899925231934,,,,,,,,,,72158.81132075471
35736,,8.0,,,,,,,,,72161.07547169812
35737,,,3.999999999999996,0.11089999999999617,0.0,,,,,,72163.3396226415
35745,4.110939979553223,,,,,,,,,,72181.45283018867
35746,,8.0,,,,,,,,,72183.71698113208
35747,,,3.999999999999996,0.11093999999999617,0.0,,,,,,72185.98113207547
35763,4.110980033874512,,,,,,,,,,72222.2075471698
35764,,8.0,,,,,,,,,72224.47169811321
35765,,,3.999999999999996,0.11097999999999617,0.0,,,,,,72226.7358490566
35772,,,,,,0.5858278274536133,0.6742323040962219,0.022633036598563194,0.057529810816049576,0.4148412048816681,72239.21276595745
35780,4.111020088195801,,,,,,,,,,72259.63829787234
35781,,8.0,,,,,,,,,72262.1914893617
35782,,,3.999999999999996,0.11101999999999616,0.0,,,,,,72264.74468085106
35789,4.11106014251709,,,,,,,,,,72282.6170212766
35790,,8.0,,,,,,,,,72285.17021276595
35791,,,3.999999999999996,0.11105999999999616,0.0,,,,,,72287.72340425532
35799,4.111100196838379,,,,,,,,,,72308.14893617021
35800,,8.0,,,,,,,,,72310.70212765958
35801,,,3.999999999999996,0.11109999999999616,0.0,,,,,,72313.25531914894
35812,4.11113977432251,,,,,,,,,,72341.34042553192
35813,,8.0,,,,,,,,,72343.89361702128
35814,,,3.999999999999996,0.11113999999999616,0.0,,,,,,72346.44680851063
35819,,,,,,0.4952223300933838,0.5589187145233154,0.005215912591665983,0.043797798454761505,0.6281242370605469,72353.70588235294
35822,,,,,,0.45789873600006104,0.5425474643707275,0.0015761432005092502,0.05360833555459976,0.7369244694709778,72360.76470588235
35828,4.111179828643799,,,,,,,,,,72374.88235294117
35829,,8.0,,,,,,,,,72377.23529411765
35830,,,3.999999999999996,0.11117999999999616,0.0,,,,,,72379.58823529411
35844,4.111219882965088,,,,,,,,,,72412.5294117647
35845,,8.0,,,,,,,,,72414.88235294117
35846,,,3.999999999999996,0.11121999999999616,0.0,,,,,,72417.23529411765
35856,4.111259937286377,,,,,,,,,,72440.76470588235
35857,,8.0,,,,,,,,,72443.11764705883
35858,,,3.999999999999996,0.11125999999999615,0.0,,,,,,72445.4705882353
35865,4.111299991607666,,,,,,,,,,72461.94117647059
35866,,8.0,,,,,,,,,72464.29411764706
35867,,,3.999999999999996,0.11129999999999615,0.0,,,,,,72466.64705882352
35873,,,,,,0.5759124755859375,0.6276959180831909,-0.000663149927277118,0.05193473398685455,0.7977336049079895,72475.7924528302
35886,4.111340045928955,,,,,,,,,,72505.22641509434
35887,,8.0,,,,,,,,,72507.49056603774
35888,,,3.999999999999996,0.11133999999999615,0.0,,,,,,72509.75471698113
35896,4.111380100250244,,,,,,,,,,72527.8679245283
35897,,8.0,,,,,,,,,72530.1320754717
35898,,,3.999999999999996,0.11137999999999615,0.0,,,,,,72532.39622641509
35910,4.111420154571533,,,,,,,,,,72559.56603773584
35911,,8.0,,,,,,,,,72561.83018867925
35912,,,3.999999999999996,0.11141999999999615,0.0,,,,,,72564.09433962264
35920,4.111460208892822,,,,,,,,,,72582.2075471698
35921,,8.0,,,,,,,,,72584.47169811321
35922,,,3.999999999999996,0.11145999999999615,0.0,,,,,,72586.7358490566
35927,,,,,,0.4731004536151886,0.586181640625,0.005991291254758835,0.02757822722196579,0.5103505253791809,72594.33333333333
35936,4.111499786376953,,,,,,,,,,72618.33333333333
35937,,8.0,,,,,,,,,72621.0
35938,,,3.999999999999996,0.11149999999999614,0.0,,,,,,72623.66666666667
35946,4.111539840698242,,,,,,,,,,72645.0
35947,,8.0,,,,,,,,,72647.66666666667
35948,,,3.999999999999996,0.11153999999999614,0.0,,,,,,72650.33333333333
35953,4.111579895019531,,,,,,,,,,72663.66666666667
35954,,8.0,,,,,,,,,72666.33333333333
35955,,,3.999999999999996,0.11157999999999614,0.0,,,,,,72669.0
35967,4.11161994934082,,,,,,,,,,72701.0
35968,,8.0,,,,,,,,,72703.66666666667
35969,,,3.999999999999996,0.11161999999999614,0.0,,,,,,72706.33333333333
35974,,,,,,0.4594726264476776,0.5643412470817566,0.005081485491245985,0.05105902999639511,0.46898192167282104,72714.33333333333
35984,4.111660003662109,,,,,,,,,,72741.0
35985,,8.0,,,,,,,,,72743.66666666667
35986,,,3.999999999999996,0.11165999999999614,0.0,,,,,,72746.33333333333
35995,4.111700057983398,,,,,,,,,,72770.33333333333
35996,,8.0,,,,,,,,,72773.0
35997,,,3.999999999999996,0.11169999999999614,0.0,,,,,,72775.66666666667
36003,4.1117401123046875,,,,,,,,,,72791.66666666667
36004,,8.0,,,,,,,,,72794.33333333333
36005,,,3.999999999999996,0.11173999999999613,0.0,,,,,,72797.0
36014,4.111780166625977,,,,,,,,,,72821.0
36015,,8.0,,,,,,,,,72823.66666666667
36016,,,3.999999999999996,0.11177999999999613,0.0,,,,,,72826.33333333333
36021,,,,,,0.5015552639961243,0.5838685035705566,-0.0034551937133073807,0.06345991045236588,0.5407344698905945,72833.8
36031,4.111820220947266,,,,,,,,,,72857.8
36032,,8.0,,,,,,,,,72860.2
36033,,,3.999999999999996,0.11181999999999613,0.0,,,,,,72862.6
36043,4.1118597984313965,,,,,,,,,,72886.6
36044,,8.0,,,,,,,,,72889.0
36045,,,3.999999999999996,0.11185999999999613,0.0,,,,,,72891.4
36058,4.1118998527526855,,,,,,,,,,72922.6
36059,,8.0,,,,,,,,,72925.0
36060,,,3.999999999999996,0.11189999999999613,0.0,,,,,,72927.4
36066,4.111939907073975,,,,,,,,,,72941.8
36067,,8.0,,,,,,,,,72944.2
36068,,,3.999999999999996,0.11193999999999613,0.0,,,,,,72946.6
36072,,,,,,0.5174932479858398,0.5577132701873779,0.010568639263510704,0.05340515449643135,0.6434880495071411,72951.66666666667
36075,,,,,,0.5331555604934692,0.5716226100921631,-0.002026318572461605,0.06094253808259964,0.776512622833252,72959.66666666667
36085,4.111979961395264,,,,,,,,,,72986.33333333333
36086,,8.0,,,,,,,,,72989.0
36087,,,3.999999999999996,0.11197999999999612,0.0,,,,,,72991.66666666667
36094,4.112020015716553,,,,,,,,,,73010.33333333333
36095,,8.0,,,,,,,,,73013.0
36096,,,3.999999999999996,0.11201999999999612,0.0,,,,,,73015.66666666667
36106,4.112060070037842,,,,,,,,,,73042.33333333333
36107,,8.0,,,,,,,,,73045.0
36108,,,3.999999999999996,0.11205999999999612,0.0,,,,,,73047.66666666667
36113,4.112100124359131,,,,,,,,,,73061.0
36114,,8.0,,,,,,,,,73063.66666666667
36115,,,3.999999999999996,0.11209999999999612,0.0,,,,,,73066.33333333333
36121,,,,,,0.508040189743042,0.5804712772369385,0.013836437836289406,0.05314043164253235,0.6708629727363586,73077.37209302325
36132,4.11214017868042,,,,,,,,,,73108.06976744186
36133,,8.0,,,,,,,,,73110.86046511628
36134,,,3.999999999999996,0.11213999999999612,0.0,,,,,,73113.6511627907
36141,4.112180233001709,,,,,,,,,,73133.18604651163
36142,,8.0,,,,,,,,,73135.97674418605
36143,,,3.999999999999996,0.11217999999999612,0.0,,,,,,73138.76744186046
36148,4.11221981048584,,,,,,,,,,73152.72093023256
36149,,8.0,,,,,,,,,73155.51162790698
36150,,,3.999999999999996,0.11221999999999611,0.0,,,,,,73158.30232558139
36158,4.112259864807129,,,,,,,,,,73180.62790697675
36159,,8.0,,,,,,,,,73183.41860465116
36160,,,3.999999999999996,0.11225999999999611,0.0,,,,,,73186.20930232559
36169,,,,,,0.5351875424385071,0.5720879435539246,0.009831389412283897,0.03464069589972496,0.4686318337917328,73202.84615384616
36183,4.112299919128418,,,,,,,,,,73235.15384615384
36184,,8.0,,,,,,,,,73237.46153846153
36185,,,3.999999999999996,0.11229999999999611,0.0,,,,,,73239.76923076923
36195,4.112339973449707,,,,,,,,,,73262.84615384616
36196,,8.0,,,,,,,,,73265.15384615384
36197,,,3.999999999999996,0.11233999999999611,0.0,,,,,,73267.46153846153
36204,4.112380027770996,,,,,,,,,,73283.61538461539
36205,,8.0,,,,,,,,,73285.92307692308
36206,,,3.999999999999996,0.11237999999999611,0.0,,,,,,73288.23076923077
36212,4.112420082092285,,,,,,,,,,73302.07692307692
36213,,8.0,,,,,,,,,73304.38461538461
36214,,,3.999999999999996,0.1124199999999961,0.0,,,,,,73306.69230769231
36219,,,,,,0.45539912581443787,0.48601171374320984,-0.002982674166560173,0.02987452782690525,0.2734992206096649,73313.8
36230,4.112460136413574,,,,,,,,,,73340.2
36231,,8.0,,,,,,,,,73342.6
36232,,,3.999999999999996,0.1124599999999961,0.0,,,,,,73345.0
36245,4.112500190734863,,,,,,,,,,73376.2
36246,,8.0,,,,,,,,,73378.6
36247,,,3.999999999999996,0.1124999999999961,0.0,,,,,,73381.0
36253,4.112539768218994,,,,,,,,,,73395.4
36254,,8.0,,,,,,,,,73397.8
36255,,,3.999999999999996,0.1125399999999961,0.0,,,,,,73400.2
36264,4.112579822540283,,,,,,,,,,73421.8
36265,,8.0,,,,,,,,,73424.2
36266,,,3.999999999999996,0.1125799999999961,0.0,,,,,,73426.6
36271,,,,,,0.4801616966724396,0.5754607915878296,0.0022460611071437597,0.039077334105968475,0.4829617738723755,73433.44444444444
36284,4.112619876861572,,,,,,,,,,73462.33333333333
36285,,8.0,,,,,,,,,73464.55555555556
36286,,,3.999999999999996,0.1126199999999961,0.0,,,,,,73466.77777777778
36300,4.112659931182861,,,,,,,,,,73497.88888888889
36301,,8.0,,,,,,,,,73500.11111111111
36302,,,3.999999999999996,0.1126599999999961,0.0,,,,,,73502.33333333333
36308,4.11269998550415,,,,,,,,,,73515.66666666667
36309,,8.0,,,,,,,,,73517.88888888889
36310,,,3.999999999999996,0.1126999999999961,0.0,,,,,,73520.11111111111
36320,4.1127400398254395,,,,,,,,,,73542.33333333333
36321,,8.0,,,,,,,,,73544.55555555556
36322,,,3.999999999999996,0.1127399999999961,0.0,,,,,,73546.77777777778
36327,,,,,,0.5308057069778442,0.6224444508552551,0.004283203277736902,0.04250921308994293,0.33538126945495605,73554.45454545454
36331,,,,,,0.4831952452659607,0.565838634967804,-0.0004920894862152636,0.027409259229898453,0.20940455794334412,73565.36363636363
36342,4.1127800941467285,,,,,,,,,,73595.36363636363
36343,,8.0,,,,,,,,,73598.09090909091
36344,,,3.999999999999996,0.11277999999999609,0.0,,,,,,73600.81818181818
36350,4.112820148468018,,,,,,,,,,73617.18181818182
36351,,8.0,,,,,,,,,73619.90909090909
36352,,,3.999999999999996,0.11281999999999609,0.0,,,,,,73622.63636363637
36357,4.112860202789307,,,,,,,,,,73636.27272727272
36358,,8.0,,,,,,,,,73639.0
36359,,,3.999999999999996,0.11285999999999609,0.0,,,,,,73641.72727272728
36366,4.1128997802734375,,,,,,,,,,73660.81818181818
36367,,8.0,,,,,,,,,73663.54545454546
36368,,,3.999999999999996,0.11289999999999609,0.0,,,,,,73666.27272727272
36373,,,,,,0.4772982597351074,0.5523036122322083,0.009762190282344818,0.04075095057487488,0.45441746711730957,73674.0
36385,4.112939834594727,,,,,,,,,,73704.0
36386,,8.0,,,,,,,,,73706.5
36387,,,3.999999999999996,0.11293999999999609,0.0,,,,,,73709.0
36394,4.112979888916016,,,,,,,,,,73726.5
36395,,8.0,,,,,,,,,73729.0
36396,,,3.999999999999996,0.11297999999999608,0.0,,,,,,73731.5
36405,4.113019943237305,,,,,,,,,,73754.0
36406,,8.0,,,,,,,,,73756.5
36407,,,3.999999999999996,0.11301999999999608,0.0,,,,,,73759.0
36416,4.113059997558594,,,,,,,,,,73781.5
36417,,8.0,,,,,,,,,73784.0
36418,,,3.999999999999996,0.11305999999999608,0.0,,,,,,73786.5
36425,,,,,,0.5143117308616638,0.5717798471450806,0.009653418324887753,0.0310918428003788,0.6220415234565735,73798.23076923077
36436,4.113100051879883,,,,,,,,,,73823.61538461539
36437,,8.0,,,,,,,,,73825.92307692308
36438,,,3.999999999999996,0.11309999999999608,0.0,,,,,,73828.23076923077
36448,4.113140106201172,,,,,,,,,,73851.30769230769
36449,,8.0,,,,,,,,,73853.61538461539
36450,,,3.999999999999996,0.11313999999999608,0.0,,,,,,73855.92307692308
36460,4.113180160522461,,,,,,,,,,73879.0
36461,,8.0,,,,,,,,,73881.30769230769
36462,,,3.999999999999996,0.11317999999999608,0.0,,,,,,73883.61538461539
36470,4.11322021484375,,,,,,,,,,73902.07692307692
36471,,8.0,,,,,,,,,73904.38461538461
36472,,,3.999999999999996,0.11321999999999607,0.0,,,,,,73906.69230769231
36478,,,,,,0.4963611960411072,0.5669301152229309,0.009172140620648861,0.04492337629199028,0.4320134222507477,73915.0
36495,4.113259792327881,,,,,,,,,,73949.0
36496,,8.0,,,,,,,,,73951.0
36497,,,3.999999999999996,0.11325999999999607,0.0,,,,,,73953.0
36505,4.11329984664917,,,,,,,,,,73969.0
36506,,8.0,,,,,,,,,73971.0
36507,,,3.999999999999996,0.11329999999999607,0.0,,,,,,73973.0
36519,4.113339900970459,,,,,,,,,,73997.0
36520,,8.0,,,,,,,,,73999.0
36521,,,3.999999999999996,0.11333999999999607,0.0,,,,,,74001.0
36532,4.113379955291748,,,,,,,,,,74023.0
36533,,8.0,,,,,,,,,74025.0
36534,,,3.999999999999996,0.11337999999999607,0.0,,,,,,74027.0
36540,,,,,,0.47614166140556335,0.5550345182418823,0.012016789056360722,0.05939972400665283,0.4868241846561432,74035.20689655172
36551,4.113420009613037,,,,,,,,,,74057.96551724138
36552,,8.0,,,,,,,,,74060.03448275862
36553,,,3.999999999999996,0.11341999999999607,0.0,,,,,,74062.10344827586
36566,4.113460063934326,,,,,,,,,,74089.0
36567,,8.0,,,,,,,,,74091.06896551725
36568,,,3.999999999999996,0.11345999999999606,0.0,,,,,,74093.13793103448
36581,4.113500118255615,,,,,,,,,,74120.03448275862
36582,,8.0,,,,,,,,,74122.10344827586
36583,,,3.999999999999996,0.11349999999999606,0.0,,,,,,74124.1724137931
36592,4.113540172576904,,,,,,,,,,74142.79310344828
36593,,8.0,,,,,,,,,74144.86206896552
36594,,,3.999999999999996,0.11353999999999606,0.0,,,,,,74146.93103448275
36598,,,,,,0.48135602474212646,0.5519115328788757,0.00024555245181545615,0.03852086514234543,0.37621060013771057,74151.55319148937
36601,,,,,,0.4778235852718353,0.5352879762649536,0.01284778956323862,0.04585020989179611,0.4383403956890106,74159.21276595745
36610,4.113580226898193,,,,,,,,,,74182.1914893617
36611,,8.0,,,,,,,,,74184.74468085106
36612,,,3.999999999999996,0.11357999999999606,0.0,,,,,,74187.29787234042
36619,4.113619804382324,,,,,,,,,,74205.17021276595
36620,,8.0,,,,,,,,,74207.72340425532
36621,,,3.999999999999996,0.11361999999999606,0.0,,,,,,74210.27659574468
36634,4.113659858703613,,,,,,,,,,74243.46808510639
36635,,8.0,,,,,,,,,74246.02127659574
36636,,,3.999999999999996,0.11365999999999606,0.0,,,,,,74248.5744680851
36641,4.113699913024902,,,,,,,,,,74261.34042553192
36642,,8.0,,,,,,,,,74263.89361702128
36643,,,3.999999999999996,0.11369999999999605,0.0,,,,,,74266.44680851063
36649,,,,,,0.4563414752483368,0.5471461415290833,0.0039011312182992697,0.029295168817043304,0.5046849846839905,74275.7924528302
36662,4.113739967346191,,,,,,,,,,74305.22641509434
36663,,8.0,,,,,,,,,74307.49056603774
36664,,,3.999999999999996,0.11373999999999605,0.0,,,,,,74309.75471698113
36671,4.1137800216674805,,,,,,,,,,74325.60377358491
36672,,8.0,,,,,,,,,74327.8679245283
36673,,,3.999999999999996,0.11377999999999605,0.0,,,,,,74330.1320754717
36683,4.1138200759887695,,,,,,,,,,74352.77358490566
36684,,8.0,,,,,,,,,74355.03773584905
36685,,,3.999999999999996,0.11381999999999605,0.0,,,,,,74357.30188679245
36696,4.113860130310059,,,,,,,,,,74382.2075471698
36697,,8.0,,,,,,,,,74384.47169811321
36698,,,3.999999999999996,0.11385999999999605,0.0,,,,,,74386.7358490566
36703,,,,,,0.5485089421272278,0.614172101020813,0.013307063840329647,0.048277322202920914,0.3382902145385742,74393.61538461539
36719,4.113900184631348,,,,,,,,,,74430.53846153847
36720,,8.0,,,,,,,,,74432.84615384616
36721,,,3.999999999999996,0.11389999999999605,0.0,,,,,,74435.15384615384
36729,4.1139397621154785,,,,,,,,,,74453.61538461539
36730,,8.0,,,,,,,,,74455.92307692308
36731,,,3.999999999999996,0.11393999999999604,0.0,,,,,,74458.23076923077
36740,4.113979816436768,,,,,,,,,,74479.0
36741,,8.0,,,,,,,,,74481.30769230769
36742,,,3.999999999999996,0.11397999999999604,0.0,,,,,,74483.61538461539
36750,4.114019870758057,,,,,,,,,,74502.07692307692
36751,,8.0,,,,,,,,,74504.38461538461
36752,,,3.999999999999996,0.11401999999999604,0.0,,,,,,74506.69230769231
36756,,,,,,0.48267680406570435,0.5439179539680481,0.002442669589072466,0.025412091985344887,0.14691349864006042,74511.44897959183
36766,4.114059925079346,,,,,,,,,,74535.9387755102
36767,,8.0,,,,,,,,,74538.38775510204
36768,,,3.999999999999996,0.11405999999999604,0.0,,,,,,74540.83673469388
36778,4.114099979400635,,,,,,,,,,74565.32653061225
36779,,8.0,,,,,,,,,74567.77551020408
36780,,,3.999999999999996,0.11409999999999604,0.0,,,,,,74570.22448979592
36789,4.114140033721924,,,,,,,,,,74592.26530612246
36790,,8.0,,,,,,,,,74594.71428571429
36791,,,3.999999999999996,0.11413999999999604,0.0,,,,,,74597.16326530612
36801,4.114180088043213,,,,,,,,,,74621.6530612245
36802,,8.0,,,,,,,,,74624.10204081633
36803,,,3.999999999999996,0.11417999999999603,0.0,,,,,,74626.55102040817
36808,,,,,,0.4635500907897949,0.5700159072875977,0.014538470655679703,0.07176249474287033,0.610464870929718,74634.21739130435
36814,4.114220142364502,,,,,,,,,,74649.86956521739
36815,,8.0,,,,,,,,,74652.47826086957
36816,,,3.999999999999996,0.11421999999999603,0.0,,,,,,74655.08695652174
36824,4.114260196685791,,,,,,,,,,74675.95652173914
36825,,8.0,,,,,,,,,74678.56521739131
36826,,,3.999999999999996,0.11425999999999603,0.0,,,,,,74681.17391304347
36839,4.114299774169922,,,,,,,,,,74715.08695652174
36840,,8.0,,,,,,,,,74717.69565217392
36841,,,3.999999999999996,0.11429999999999603,0.0,,,,,,74720.30434782608
36849,4.114339828491211,,,,,,,,,,74741.17391304347
36850,,8.0,,,,,,,,,74743.78260869565
36851,,,3.999999999999996,0.11433999999999603,0.0,,,,,,74746.39130434782
36856,,,,,,0.5265064835548401,0.5919537544250488,0.018612820655107498,0.053812284022569656,0.6711214184761047,74753.8
36857,,,,,,0.4092116355895996,0.4658159911632538,0.001658516121096909,0.023622244596481323,0.4002315104007721,74756.2
36865,4.1143798828125,,,,,,,,,,74775.4
36866,,8.0,,,,,,,,,74777.8
36867,,,3.999999999999996,0.11437999999999603,0.0,,,,,,74780.2
36880,4.114419937133789,,,,,,,,,,74811.4
36881,,8.0,,,,,,,,,74813.8
36882,,,3.999999999999996,0.11441999999999602,0.0,,,,,,74816.2
36892,4.114459991455078,,,,,,,,,,74840.2
36893,,8.0,,,,,,,,,74842.6
36894,,,3.999999999999996,0.11445999999999602,0.0,,,,,,74845.0
36901,4.114500045776367,,,,,,,,,,74861.8
36902,,8.0,,,,,,,,,74864.2
36903,,,3.999999999999996,0.11449999999999602,0.0,,,,,,74866.6
36909,,,,,,0.5175264477729797,0.6154865622520447,0.011616170406341553,0.029899045825004578,0.3289731740951538,74876.82608695653
36916,4.114540100097656,,,,,,,,,,74895.08695652174
36917,,8.0,,,,,,,,,74897.69565217392
36918,,,3.999999999999996,0.11453999999999602,0.0,,,,,,74900.30434782608
36927,4.114580154418945,,,,,,,,,,74923.78260869565
36928,,8.0,,,,,,,,,74926.39130434782
36929,,,3.999999999999996,0.11457999999999602,0.0,,,,,,74929.0
36939,4.114620208740234,,,,,,,,,,74955.08695652174
36940,,8.0,,,,,,,,,74957.69565217392
36941,,,3.999999999999996,0.11461999999999602,0.0,,,,,,74960.30434782608
36949,4.114659786224365,,,,,,,,,,74981.17391304347
36950,,8.0,,,,,,,,,74983.78260869565
36951,,,3.999999999999996,0.11465999999999602,0.0,,,,,,74986.39130434782
36957,,,,,,0.5201331973075867,0.5948078036308289,0.0073050945065915585,0.02749202586710453,0.12972380220890045,74997.57142857143
36964,4.114699840545654,,,,,,,,,,75017.57142857143
36965,,8.0,,,,,,,,,75020.42857142857
36966,,,3.999999999999996,0.11469999999999601,0.0,,,,,,75023.28571428571
36975,4.114739894866943,,,,,,,,,,75049.0
36976,,8.0,,,,,,,,,75051.85714285714
36977,,,3.999999999999996,0.11473999999999601,0.0,,,,,,75054.71428571429
36984,4.114779949188232,,,,,,,,,,75074.71428571429
36985,,8.0,,,,,,,,,75077.57142857143
36986,,,3.999999999999996,0.11477999999999601,0.0,,,,,,75080.42857142857
36993,4.1148200035095215,,,,,,,,,,75100.42857142857
36994,,8.0,,,,,,,,,75103.28571428571
36995,,,3.999999999999996,0.11481999999999601,0.0,,,,,,75106.14285714286
37002,,,,,,0.556013822555542,0.6252250671386719,0.005553787108510733,0.03034907393157482,-0.13628506660461426,75116.86885245901
37015,4.1148600578308105,,,,,,,,,,75142.44262295082
37016,,8.0,,,,,,,,,75144.40983606558
37017,,,3.999999999999996,0.11485999999999601,0.0,,,,,,75146.37704918033
37031,4.1149001121521,,,,,,,,,,75173.91803278688
37032,,8.0,,,,,,,,,75175.88524590163
37033,,,3.999999999999996,0.114899999999996,0.0,,,,,,75177.85245901639
37045,4.114940166473389,,,,,,,,,,75201.45901639345
37046,,8.0,,,,,,,,,75203.4262295082
37047,,,3.999999999999996,0.114939999999996,0.0,,,,,,75205.39344262295
37056,4.114980220794678,,,,,,,,,,75223.09836065574
37057,,8.0,,,,,,,,,75225.0655737705
37058,,,3.999999999999996,0.114979999999996,0.0,,,,,,75227.03278688525
37063,,,,,,0.6591885089874268,0.8897177577018738,-0.05607648193836212,0.13233612477779388,0.006648840382695198,75234.71428571429
37067,4.115019798278809,,,,,,,,,,75246.14285714286
37068,,8.0,,,,,,,,,75249.0
37069,,,3.999999999999996,0.115019999999996,0.0,,,,,,75251.85714285714
37080,4.115059852600098,,,,,,,,,,75283.28571428571
37081,,8.0,,,,,,,,,75286.14285714286
37082,,,3.999999999999996,0.115059999999996,0.0,,,,,,75289.0
37090,4.115099906921387,,,,,,,,,,75311.85714285714
37091,,8.0,,,,,,,,,75314.71428571429
37092,,,3.999999999999996,0.115099999999996,0.0,,,,,,75317.57142857143
37100,4.115139961242676,,,,,,,,,,75340.42857142857
37101,,8.0,,,,,,,,,75343.28571428571
37102,,,3.999999999999996,0.115139999999996,0.0,,,,,,75346.14285714286
37107,,,,,,0.6524179577827454,0.731312096118927,0.022111093625426292,0.10040688514709473,0.6551587581634521,75354.45454545454
37111,,,,,,0.5362130999565125,0.6325861811637878,0.005862230900675058,0.06982042640447617,0.39195501804351807,75365.36363636363
37119,4.115180015563965,,,,,,,,,,75387.18181818182
37120,,8.0,,,,,,,,,75389.90909090909
37121,,,3.999999999999996,0.115179999999996,0.0,,,,,,75392.63636363637
37125,4.115220069885254,,,,,,,,,,75403.54545454546
37126,,8.0,,,,,,,,,75406.27272727272
37127,,,3.999999999999996,0.11521999999999599,0.0,,,,,,75409.0
37135,4.115260124206543,,,,,,,,,,75430.81818181818
37136,,8.0,,,,,,,,,75433.54545454546
37137,,,3.999999999999996,0.11525999999999599,0.0,,,,,,75436.27272727272
37146,4.115300178527832,,,,,,,,,,75460.81818181818
37147,,8.0,,,,,,,,,75463.54545454546
37148,,,3.999999999999996,0.11529999999999599,0.0,,,,,,75466.27272727272
37154,,,,,,0.5127592086791992,0.6027935743331909,0.007750608492642641,0.06641332805156708,0.3092685639858246,75477.78048780488
37163,4.115340232849121,,,,,,,,,,75504.12195121951
37164,,8.0,,,,,,,,,75507.0487804878
37165,,,3.999999999999996,0.11533999999999599,0.0,,,,,,75509.9756097561
37171,4.115379810333252,,,,,,,,,,75527.53658536586
37172,,8.0,,,,,,,,,75530.46341463414
37173,,,3.999999999999996,0.11537999999999599,0.0,,,,,,75533.39024390244
37179,4.115419864654541,,,,,,,,,,75550.9512195122
37180,,8.0,,,,,,,,,75553.87804878049
37181,,,3.999999999999996,0.11541999999999598,0.0,,,,,,75556.80487804877
37189,4.11545991897583,,,,,,,,,,75580.21951219512
37190,,8.0,,,,,,,,,75583.14634146342
37191,,,3.999999999999996,0.11545999999999598,0.0,,,,,,75586.0731707317
37198,,,,,,0.5166976451873779,0.5875957608222961,0.0173437912017107,0.06236061453819275,0.5264288187026978,75596.86885245901
37210,4.115499973297119,,,,,,,,,,75620.47540983607
37211,,8.0,,,,,,,,,75622.44262295082
37212,,,3.999999999999996,0.11549999999999598,0.0,,,,,,75624.40983606558
37224,4.115540027618408,,,,,,,,,,75648.01639344262
37225,,8.0,,,,,,,,,75649.98360655738
37226,,,3.999999999999996,0.11553999999999598,0.0,,,,,,75651.95081967213
37236,4.115580081939697,,,,,,,,,,75671.62295081967
37237,,8.0,,,,,,,,,75673.59016393442
37238,,,3.999999999999996,0.11557999999999598,0.0,,,,,,75675.55737704918
37252,4.115620136260986,,,,,,,,,,75703.09836065574
37253,,8.0,,,,,,,,,75705.0655737705
37254,,,3.999999999999996,0.11561999999999598,0.0,,,,,,75707.03278688525
37261,,,,,,0.5111916661262512,0.5821722149848938,0.006505557801574469,0.04123122617602348,0.349797785282135,75716.86885245901
37276,4.115660190582275,,,,,,,,,,75746.37704918033
37277,,8.0,,,,,,,,,75748.34426229508
37278,,,3.999999999999996,0.11565999999999597,0.0,,,,,,75750.31147540984
37290,4.115699768066406,,,,,,,,,,75773.91803278688
37291,,8.0,,,,,,,,,75775.88524590163
37292,,,3.999999999999996,0.11569999999999597,0.0,,,,,,75777.85245901639
37302,4.115739822387695,,,,,,,,,,75797.52459016393
37303,,8.0,,,,,,,,,75799.4918032787
37304,,,3.999999999999996,0.11573999999999597,0.0,,,,,,75801.45901639345
37315,4.115779876708984,,,,,,,,,,75823.09836065574
37316,,8.0,,,,,,,,,75825.0655737705
37317,,,3.999999999999996,0.11577999999999597,0.0,,,,,,75827.03278688525
37322,,,,,,0.5736762881278992,0.6467582583427429,0.008396701887249947,0.048530060797929764,0.33706900477409363,75834.85365853658
37333,4.115819931030273,,,,,,,,,,75867.0487804878
37334,,8.0,,,,,,,,,75869.9756097561
37335,,,3.999999999999996,0.11581999999999597,0.0,,,,,,75872.90243902439
37341,4.1158599853515625,,,,,,,,,,75890.46341463414
37342,,8.0,,,,,,,,,75893.39024390244
37343,,,3.999999999999996,0.11585999999999597,0.0,,,,,,75896.31707317074
37347,4.115900039672852,,,,,,,,,,75908.0243902439
37348,,8.0,,,,,,,,,75910.9512195122
37349,,,3.999999999999996,0.11589999999999596,0.0,,,,,,75913.87804878049
37358,4.115940093994141,,,,,,,,,,75940.21951219512
37359,,8.0,,,,,,,,,75943.14634146342
37360,,,3.999999999999996,0.11593999999999596,0.0,,,,,,75946.0731707317
37364,,,,,,0.4904968738555908,0.5619308948516846,0.011863678693771362,0.040016546845436096,0.1083889976143837,75951.2641509434
37366,,,,,,0.5710071921348572,0.6242316365242004,0.005440907087177038,0.03952297195792198,0.12134120613336563,75955.7924528302
37376,4.11598014831543,,,,,,,,,,75978.43396226416
37377,,8.0,,,,,,,,,75980.69811320755
37378,,,3.999999999999996,0.11597999999999596,0.0,,,,,,75982.96226415095
37388,4.116020202636719,,,,,,,,,,76005.60377358491
37389,,8.0,,,,,,,,,76007.8679245283
37390,,,3.999999999999996,0.11601999999999596,0.0,,,,,,76010.1320754717
37400,4.11605978012085,,,,,,,,,,76032.77358490566
37401,,8.0,,,,,,,,,76035.03773584905
37402,,,3.999999999999996,0.11605999999999596,0.0,,,,,,76037.30188679245
37413,4.116099834442139,,,,,,,,,,76062.2075471698
37414,,8.0,,,,,,,,,76064.47169811321
37415,,,3.999999999999996,0.11609999999999596,0.0,,,,,,76066.7358490566
37420,,,,,,0.5792351365089417,0.6565498113632202,0.0036104212049394846,0.04176769778132439,0.23625217378139496,76074.33333333333
37427,4.116139888763428,,,,,,,,,,76093.0
37428,,8.0,,,,,,,,,76095.66666666667
37429,,,3.999999999999996,0.11613999999999595,0.0,,,,,,76098.33333333333
37437,4.116179943084717,,,,,,,,,,76119.66666666667
37438,,8.0,,,,,,,,,76122.33333333333
37439,,,3.999999999999996,0.11617999999999595,0.0,,,,,,76125.0
37450,4.116219997406006,,,,,,,,,,76154.33333333333
37451,,8.0,,,,,,,,,76157.0
37452,,,3.999999999999996,0.11621999999999595,0.0,,,,,,76159.66666666667
37460,4.116260051727295,,,,,,,,,,76181.0
37461,,8.0,,,,,,,,,76183.66666666667
37462,,,3.999999999999996,0.11625999999999595,0.0,,,,,,76186.33333333333
37466,,,,,,0.49946820735931396,0.5681363940238953,0.000969714776147157,0.032099414616823196,0.122611403465271,76191.35294117648
37476,4.116300106048584,,,,,,,,,,76214.88235294117
37477,,8.0,,,,,,,,,76217.23529411765
37478,,,3.999999999999996,0.11629999999999595,0.0,,,,,,76219.58823529411
37489,4.116340160369873,,,,,,,,,,76245.4705882353
37490,,8.0,,,,,,,,,76247.82352941176
37491,,,3.999999999999996,0.11633999999999595,0.0,,,,,,76250.17647058824
37500,4.116380214691162,,,,,,,,,,76271.35294117648
37501,,8.0,,,,,,,,,76273.70588235294
37502,,,3.999999999999996,0.11637999999999595,0.0,,,,,,76276.05882352941
37513,4.116419792175293,,,,,,,,,,76301.94117647059
37514,,8.0,,,,,,,,,76304.29411764706
37515,,,3.999999999999996,0.11641999999999594,0.0,,,,,,76306.64705882352
37519,,,,,,0.6164114475250244,0.6912152171134949,-0.00027501932345330715,0.028000090271234512,0.22301264107227325,76311.35294117648
37531,4.116459846496582,,,,,,,,,,76339.58823529411
37532,,8.0,,,,,,,,,76341.94117647059
37533,,,3.999999999999996,0.11645999999999594,0.0,,,,,,76344.29411764706
37542,4.116499900817871,,,,,,,,,,76365.4705882353
37543,,8.0,,,,,,,,,76367.82352941176
37544,,,3.999999999999996,0.11649999999999594,0.0,,,,,,76370.17647058824
37557,4.11653995513916,,,,,,,,,,76400.76470588235
37558,,8.0,,,,,,,,,76403.11764705883
37559,,,3.999999999999996,0.11653999999999594,0.0,,,,,,76405.4705882353
37566,4.116580009460449,,,,,,,,,,76421.94117647059
37567,,8.0,,,,,,,,,76424.29411764706
37568,,,3.999999999999996,0.11657999999999594,0.0,,,,,,76426.64705882352
37574,,,,,,0.5489794015884399,0.6028931140899658,0.005660252645611763,0.04324173554778099,0.2492426633834839,76435.20689655172
37588,4.116620063781738,,,,,,,,,,76464.1724137931
37589,,8.0,,,,,,,,,76466.24137931035
37590,,,3.999999999999996,0.11661999999999594,0.0,,,,,,76468.31034482758
37603,4.116660118103027,,,,,,,,,,76495.20689655172
37604,,8.0,,,,,,,,,76497.27586206897
37605,,,3.999999999999996,0.11665999999999593,0.0,,,,,,76499.3448275862
37615,4.116700172424316,,,,,,,,,,76520.03448275862
37616,,8.0,,,,,,,,,76522.10344827586
37617,,,3.999999999999996,0.11669999999999593,0.0,,,,,,76524.1724137931
37626,4.1167402267456055,,,,,,,,,,76542.79310344828
37627,,8.0,,,,,,,,,76544.86206896552
37628,,,3.999999999999996,0.11673999999999593,0.0,,,,,,76546.93103448275
37634,,,,,,0.46250638365745544,0.5143455862998962,-0.0018972893012687564,0.025401562452316284,0.1451554149389267,76555.42857142857
37639,,,,,,0.5720819234848022,0.6071078777313232,0.010558011010289192,0.043590955436229706,0.41958528757095337,76566.14285714286
37649,4.116779804229736,,,,,,,,,,76587.57142857143
37650,,8.0,,,,,,,,,76589.71428571429
37651,,,3.999999999999996,0.11677999999999593,0.0,,,,,,76591.85714285714
37662,4.116819858551025,,,,,,,,,,76615.42857142857
37663,,8.0,,,,,,,,,76617.57142857143
37664,,,3.999999999999996,0.11681999999999593,0.0,,,,,,76619.71428571429
37673,4.1168599128723145,,,,,,,,,,76639.0
37674,,8.0,,,,,,,,,76641.14285714286
37675,,,3.999999999999996,0.11685999999999593,0.0,,,,,,76643.28571428571
37684,4.1168999671936035,,,,,,,,,,76662.57142857143
37685,,8.0,,,,,,,,,76664.71428571429
37686,,,3.999999999999996,0.11689999999999592,0.0,,,,,,76666.85714285714
37693,,,,,,0.5206910967826843,0.563800036907196,-0.001098188804462552,0.03816600888967514,0.290951669216156,76677.42105263157
37706,4.116940021514893,,,,,,,,,,76704.78947368421
37707,,8.0,,,,,,,,,76706.8947368421
37708,,,3.999999999999996,0.11693999999999592,0.0,,,,,,76709.0
37721,4.116980075836182,,,,,,,,,,76736.36842105263
37722,,8.0,,,,,,,,,76738.47368421052
37723,,,3.999999999999996,0.11697999999999592,0.0,,,,,,76740.57894736843
37734,4.117020130157471,,,,,,,,,,76763.73684210527
37735,,8.0,,,,,,,,,76765.84210526316
37736,,,3.999999999999996,0.11701999999999592,0.0,,,,,,76767.94736842105
37743,4.11706018447876,,,,,,,,,,76782.68421052632
37744,,8.0,,,,,,,,,76784.78947368421
37745,,,3.999999999999996,0.11705999999999592,0.0,,,,,,76786.8947368421
37752,,,,,,0.5177052617073059,0.5866047143936157,0.0008680160390213132,0.0351092591881752,0.3801352083683014,76798.79591836735
37760,4.117099761962891,,,,,,,,,,76818.38775510204
37761,,8.0,,,,,,,,,76820.83673469388
37762,,,3.999999999999996,0.11709999999999592,0.0,,,,,,76823.28571428571
37771,4.11713981628418,,,,,,,,,,76845.32653061225
37772,,8.0,,,,,,,,,76847.77551020408
37773,,,3.999999999999996,0.11713999999999591,0.0,,,,,,76850.22448979592
37781,4.117179870605469,,,,,,,,,,76869.8163265306
37782,,8.0,,,,,,,,,76872.26530612246
37783,,,3.999999999999996,0.11717999999999591,0.0,,,,,,76874.71428571429
37794,4.117219924926758,,,,,,,,,,76901.6530612245
37795,,8.0,,,,,,,,,76904.10204081633
37796,,,3.999999999999996,0.11721999999999591,0.0,,,,,,76906.55102040817
37800,,,,,,0.5302337408065796,0.5822367668151855,0.0023516379296779633,0.040014926344156265,0.2111988663673401,76911.72727272728
37810,4.117259979248047,,,,,,,,,,76939.0
37811,,8.0,,,,,,,,,76941.72727272728
37812,,,3.999999999999996,0.11725999999999591,0.0,,,,,,76944.45454545454
37819,4.117300033569336,,,,,,,,,,76963.54545454546
37820,,8.0,,,,,,,,,76966.27272727272
37821,,,3.999999999999996,0.11729999999999591,0.0,,,,,,76969.0
37830,4.117340087890625,,,,,,,,,,76993.54545454546
37831,,8.0,,,,,,,,,76996.27272727272
37832,,,3.999999999999996,0.1173399999999959,0.0,,,,,,76999.0
37840,4.117380142211914,,,,,,,,,,77020.81818181818
37841,,8.0,,,,,,,,,77023.54545454546
37842,,,3.999999999999996,0.1173799999999959,0.0,,,,,,77026.27272727272
37847,,,,,,0.4623456597328186,0.5472857356071472,-0.002082169521600008,0.02908765710890293,0.3235074579715729,77034.0
37858,4.117420196533203,,,,,,,,,,77061.5
37859,,8.0,,,,,,,,,77064.0
37860,,,3.999999999999996,0.1174199999999959,0.0,,,,,,77066.5
37867,4.117459774017334,,,,,,,,,,77084.0
37868,,8.0,,,,,,,,,77086.5
37869,,,3.999999999999996,0.1174599999999959,0.0,,,,,,77089.0
37878,4.117499828338623,,,,,,,,,,77111.5
37879,,8.0,,,,,,,,,77114.0
37880,,,3.999999999999996,0.1174999999999959,0.0,,,,,,77116.5
37890,4.117539882659912,,,,,,,,,,77141.5
37891,,8.0,,,,,,,,,77144.0
37892,,,3.999999999999996,0.1175399999999959,0.0,,,,,,77146.5
37898,,,,,,0.5148847103118896,0.5757739543914795,0.01364109292626381,0.04481658712029457,0.4932572841644287,77155.92307692308
37901,,,,,,0.5141900777816772,0.5779155492782593,0.0063202111050486565,0.03459356725215912,0.3293371796607971,77162.84615384616
37910,4.117579936981201,,,,,,,,,,77183.61538461539
37911,,8.0,,,,,,,,,77185.92307692308
37912,,,3.999999999999996,0.1175799999999959,0.0,,,,,,77188.23076923077
37921,4.11761999130249,,,,,,,,,,77209.0
37922,,8.0,,,,,,,,,77211.30769230769
37923,,,3.999999999999996,0.1176199999999959,0.0,,,,,,77213.61538461539
37934,4.117660045623779,,,,,,,,,,77239.0
37935,,8.0,,,,,,,,,77241.30769230769
37936,,,3.999999999999996,0.11765999999999589,0.0,,,,,,77243.61538461539
37944,4.117700099945068,,,,,,,,,,77262.07692307692
37945,,8.0,,,,,,,,,77264.38461538461
37946,,,3.999999999999996,0.11769999999999589,0.0,,,,,,77266.69230769231
37952,,,,,,0.4884359538555145,0.6008951663970947,0.011687799356877804,0.037889719009399414,0.26594141125679016,77277.37209302325
37960,4.117740154266357,,,,,,,,,,77299.69767441861
37961,,8.0,,,,,,,,,77302.48837209302
37962,,,3.999999999999996,0.11773999999999589,0.0,,,,,,77305.27906976744
37971,4.1177802085876465,,,,,,,,,,77330.3953488372
37972,,8.0,,,,,,,,,77333.18604651163
37973,,,3.999999999999996,0.11777999999999589,0.0,,,,,,77335.97674418605
37978,4.117819786071777,,,,,,,,,,77349.93023255814
37979,,8.0,,,,,,,,,77352.72093023256
37980,,,3.999999999999996,0.11781999999999589,0.0,,,,,,77355.51162790698
37989,4.117859840393066,,,,,,,,,,77380.62790697675
37990,,8.0,,,,,,,,,77383.41860465116
37991,,,3.999999999999996,0.11785999999999588,0.0,,,,,,77386.20930232559
37997,,,,,,0.45454341173171997,0.5097419619560242,0.0022398983128368855,0.04060094431042671,0.5057963728904724,77396.05882352941
38010,4.1178998947143555,,,,,,,,,,77426.64705882352
38011,,8.0,,,,,,,,,77429.0
38012,,,3.999999999999996,0.11789999999999588,0.0,,,,,,77431.35294117648
38022,4.1179399490356445,,,,,,,,,,77454.88235294117
38023,,8.0,,,,,,,,,77457.23529411765
38024,,,3.999999999999996,0.11793999999999588,0.0,,,,,,77459.58823529411
38031,4.117980003356934,,,,,,,,,,77476.05882352941
38032,,8.0,,,,,,,,,77478.41176470589
38033,,,3.999999999999996,0.11797999999999588,0.0,,,,,,77480.76470588235
38042,4.118020057678223,,,,,,,,,,77501.94117647059
38043,,8.0,,,,,,,,,77504.29411764706
38044,,,3.999999999999996,0.11801999999999588,0.0,,,,,,77506.64705882352
38050,,,,,,0.5682765245437622,0.6518911719322205,0.003152953926473856,0.015419986099004745,0.10129108279943466,77515.92307692308
38062,4.118060111999512,,,,,,,,,,77543.61538461539
38063,,8.0,,,,,,,,,77545.92307692308
38064,,,3.999999999999996,0.11805999999999588,0.0,,,,,,77548.23076923077
38069,4.118100166320801,,,,,,,,,,77559.76923076923
38070,,8.0,,,,,,,,,77562.07692307692
38071,,,3.999999999999996,0.11809999999999587,0.0,,,,,,77564.38461538461
38082,4.11814022064209,,,,,,,,,,77589.76923076923
38083,,8.0,,,,,,,,,77592.07692307692
38084,,,3.999999999999996,0.11813999999999587,0.0,,,,,,77594.38461538461
38096,4.118179798126221,,,,,,,,,,77622.07692307692
38097,,8.0,,,,,,,,,77624.38461538461
38098,,,3.999999999999996,0.11817999999999587,0.0,,,,,,77626.69230769231
38103,,,,,,0.5202587246894836,0.5711166262626648,0.003644486190751195,0.03908673673868179,0.3580284118652344,77634.33333333333
38115,4.11821985244751,,,,,,,,,,77666.33333333333
38116,,8.0,,,,,,,,,77669.0
38117,,,3.999999999999996,0.11821999999999587,0.0,,,,,,77671.66666666667
38123,4.118259906768799,,,,,,,,,,77687.66666666667
38124,,8.0,,,,,,,,,77690.33333333333
38125,,,3.999999999999996,0.11825999999999587,0.0,,,,,,77693.0
38134,4.118299961090088,,,,,,,,,,77717.0
38135,,8.0,,,,,,,,,77719.66666666667
38136,,,3.999999999999996,0.11829999999999587,0.0,,,,,,77722.33333333333
38143,4.118340015411377,,,,,,,,,,77741.0
38144,,8.0,,,,,,,,,77743.66666666667
38145,,,3.999999999999996,0.11833999999999587,0.0,,,,,,77746.33333333333
38149,,,,,,0.4818304181098938,0.5372691750526428,0.0055472892709076405,0.04370468854904175,0.3651496469974518,77750.09090909091
38152,,,,,,0.4786675274372101,0.5390377044677734,0.011796980164945126,0.041470982134342194,0.33599841594696045,77753.36363636363
38162,4.118380069732666,,,,,,,,,,77764.27272727272
38163,,8.0,,,,,,,,,77765.36363636363
38164,,,3.999999999999996,0.11837999999999586,0.0,,,,,,77766.45454545454
38173,4.118420124053955,,,,,,,,,,77776.27272727272
38174,,8.0,,,,,,,,,77777.36363636363
38175,,,3.999999999999996,0.11841999999999586,0.0,,,,,,77778.45454545454
38179,4.118460178375244,,,,,,,,,,77782.81818181818
38180,,8.0,,,,,,,,,77783.90909090909
38181,,,3.999999999999996,0.11845999999999586,0.0,,,,,,77785.0
38189,4.118500232696533,,,,,,,,,,77793.72727272728
38190,,8.0,,,,,,,,,77794.81818181818
38191,,,3.999999999999996,0.11849999999999586,0.0,,,,,,77795.90909090909
38199,,,,,,0.5062555074691772,0.5541238784790039,0.003949326928704977,0.023533770814538002,0.2541641294956207,77808.53846153847
38208,4.118539810180664,,,,,,,,,,77829.30769230769
38209,,8.0,,,,,,,,,77831.61538461539
38210,,,3.999999999999996,0.11853999999999586,0.0,,,,,,77833.92307692308
38221,4.118579864501953,,,,,,,,,,77859.30769230769
38222,,8.0,,,,,,,,,77861.61538461539
38223,,,3.999999999999996,0.11857999999999586,0.0,,,,,,77863.92307692308
38231,4.118619918823242,,,,,,,,,,77882.38461538461
38232,,8.0,,,,,,,,,77884.69230769231
38233,,,3.999999999999996,0.11861999999999585,0.0,,,,,,77887.0
38243,4.118659973144531,,,,,,,,,,77910.07692307692
38244,,8.0,,,,,,,,,77912.38461538461
38245,,,3.999999999999996,0.11865999999999585,0.0,,,,,,77914.69230769231
38250,,,,,,0.5126610994338989,0.5626789927482605,0.008073127828538418,0.0456901453435421,0.40691521763801575,77921.70588235294
38260,4.11870002746582,,,,,,,,,,77945.23529411765
38261,,8.0,,,,,,,,,77947.58823529411
38262,,,3.999999999999996,0.11869999999999585,0.0,,,,,,77949.94117647059
38270,4.118740081787109,,,,,,,,,,77968.76470588235
38271,,8.0,,,,,,,,,77971.11764705883
38272,,,3.999999999999996,0.11873999999999585,0.0,,,,,,77973.4705882353
38281,4.118780136108398,,,,,,,,,,77994.64705882352
38282,,8.0,,,,,,,,,77997.0
38283,,,3.999999999999996,0.11877999999999585,0.0,,,,,,77999.35294117648
38296,4.1188201904296875,,,,,,,,,,78029.94117647059
38297,,8.0,,,,,,,,,78032.29411764706
38298,,,3.999999999999996,0.11881999999999585,0.0,,,,,,78034.64705882352
38304,,,,,,0.5151238441467285,0.5956926345825195,0.007769752759486437,0.030304022133350372,0.469682902097702,78043.66666666667
38316,4.118859767913818,,,,,,,,,,78070.33333333333
38317,,8.0,,,,,,,,,78072.55555555556
38318,,,3.999999999999996,0.11885999999999584,0.0,,,,,,78074.77777777778
38329,4.118899822235107,,,,,,,,,,78099.22222222222
38330,,8.0,,,,,,,,,78101.44444444444
38331,,,3.999999999999996,0.11889999999999584,0.0,,,,,,78103.66666666667
38342,4.1189398765563965,,,,,,,,,,78128.11111111111
38343,,8.0,,,,,,,,,78130.33333333333
38344,,,3.999999999999996,0.11893999999999584,0.0,,,,,,78132.55555555556
38352,4.1189799308776855,,,,,,,,,,78150.33333333333
38353,,8.0,,,,,,,,,78152.55555555556
38354,,,3.999999999999996,0.11897999999999584,0.0,,,,,,78154.77777777778
38358,,,,,,0.5072029829025269,0.6101012825965881,0.011505227535963058,0.03962808474898338,0.37268146872520447,78159.22222222222
38369,4.119019985198975,,,,,,,,,,78183.66666666667
38370,,8.0,,,,,,,,,78185.88888888889
38371,,,3.999999999999996,0.11901999999999584,0.0,,,,,,78188.11111111111
38382,4.119060039520264,,,,,,,,,,78212.55555555556
38383,,8.0,,,,,,,,,78214.77777777778
38384,,,3.999999999999996,0.11905999999999584,0.0,,,,,,78217.0
38397,4.119100093841553,,,,,,,,,,78245.88888888889
38398,,8.0,,,,,,,,,78248.11111111111
38399,,,3.999999999999996,0.11909999999999583,0.0,,,,,,78250.33333333333
38408,4.119140148162842,,,,,,,,,,78270.33333333333
38409,,8.0,,,,,,,,,78272.55555555556
38410,,,3.999999999999996,0.11913999999999583,0.0,,,,,,78274.77777777778
38414,,,,,,0.4708958864212036,0.5206606388092041,0.007385974284261465,0.05786813050508499,0.3025418519973755,78279.22222222222
38417,,,,,,0.4816838204860687,0.568297803401947,0.003303444478660822,0.05072365701198578,0.2250729352235794,78285.88888888889
38424,4.119180202484131,,,,,,,,,,78301.44444444444
38425,,8.0,,,,,,,,,78303.66666666667
38426,,,3.999999999999996,0.11917999999999583,0.0,,,,,,78305.88888888889
38435,4.119219779968262,,,,,,,,,,78325.88888888889
38436,,8.0,,,,,,,,,78328.11111111111
38437,,,3.999999999999996,0.11921999999999583,0.0,,,,,,78330.33333333333
38446,4.119259834289551,,,,,,,,,,78350.33333333333
38447,,8.0,,,,,,,,,78352.55555555556
38448,,,3.999999999999996,0.11925999999999583,0.0,,,,,,78354.77777777778
38464,4.11929988861084,,,,,,,,,,78390.33333333333
38465,,8.0,,,,,,,,,78392.55555555556
38466,,,3.999999999999996,0.11929999999999583,0.0,,,,,,78394.77777777778
38474,,,,,,0.5034482479095459,0.5807573795318604,-0.0006349889445118606,0.04271547868847847,0.3259490132331848,78411.28571428571
38482,4.119339942932129,,,,,,,,,,78434.14285714286
38483,,8.0,,,,,,,,,78437.0
38484,,,3.999999999999996,0.11933999999999582,0.0,,,,,,78439.85714285714
38489,4.119379997253418,,,,,,,,,,78454.14285714286
38490,,8.0,,,,,,,,,78457.0
38491,,,3.999999999999996,0.11937999999999582,0.0,,,,,,78459.85714285714
38499,4.119420051574707,,,,,,,,,,78482.71428571429
38500,,8.0,,,,,,,,,78485.57142857143
38501,,,3.999999999999996,0.11941999999999582,0.0,,,,,,78488.42857142857
38508,4.119460105895996,,,,,,,,,,78508.42857142857
38509,,8.0,,,,,,,,,78511.28571428571
38510,,,3.999999999999996,0.11945999999999582,0.0,,,,,,78514.14285714286
38517,,,,,,0.5227540731430054,0.5804710984230042,0.01621486432850361,0.05922387167811394,0.22156819701194763,78528.16279069768
38524,4.119500160217285,,,,,,,,,,78547.69767441861
38525,,8.0,,,,,,,,,78550.48837209302
38526,,,3.999999999999996,0.11949999999999582,0.0,,,,,,78553.27906976744
38532,4.119540214538574,,,,,,,,,,78570.02325581395
38533,,8.0,,,,,,,,,78572.81395348837
38534,,,3.999999999999996,0.11953999999999582,0.0,,,,,,78575.6046511628
38540,4.119579792022705,,,,,,,,,,78592.3488372093
38541,,8.0,,,,,,,,,78595.13953488372
38542,,,3.999999999999996,0.11957999999999581,0.0,,,,,,78597.93023255814
38553,4.119619846343994,,,,,,,,,,78628.62790697675
38554,,8.0,,,,,,,,,78631.41860465116
38555,,,3.999999999999996,0.11961999999999581,0.0,,,,,,78634.20930232559
38561,,,,,,0.46944472193717957,0.5834148526191711,0.0014064175775274634,0.06409899890422821,0.3146684467792511,78646.0
38571,4.119659900665283,,,,,,,,,,78676.0
38572,,8.0,,,,,,,,,78679.0
38573,,,3.999999999999996,0.11965999999999581,0.0,,,,,,78682.0
38580,4.119699954986572,,,,,,,,,,78703.0
38581,,8.0,,,,,,,,,78706.0
38582,,,3.999999999999996,0.11969999999999581,0.0,,,,,,78709.0
38587,4.119740009307861,,,,,,,,,,78724.0
38588,,8.0,,,,,,,,,78727.0
38589,,,3.999999999999996,0.11973999999999581,0.0,,,,,,78730.0
38595,4.11978006362915,,,,,,,,,,78748.0
38596,,8.0,,,,,,,,,78751.0
38597,,,3.999999999999996,0.1197799999999958,0.0,,,,,,78754.0
38602,,,,,,0.4498837888240814,0.5346861481666565,0.000833994010463357,0.03212602064013481,0.0005619965377263725,78761.70588235294
38614,4.1198201179504395,,,,,,,,,,78789.94117647059
38615,,8.0,,,,,,,,,78792.29411764706
38616,,,3.999999999999996,0.1198199999999958,0.0,,,,,,78794.64705882352
38628,4.1198601722717285,,,,,,,,,,78822.88235294117
38629,,8.0,,,,,,,,,78825.23529411765
38630,,,3.999999999999996,0.1198599999999958,0.0,,,,,,78827.58823529411
38638,4.119900226593018,,,,,,,,,,78846.41176470589
38639,,8.0,,,,,,,,,78848.76470588235
38640,,,3.999999999999996,0.1198999999999958,0.0,,,,,,78851.11764705883
38648,4.119939804077148,,,,,,,,,,78869.94117647059
38649,,8.0,,,,,,,,,78872.29411764706
38650,,,3.999999999999996,0.1199399999999958,0.0,,,,,,78874.64705882352
38654,,,,,,0.4788820445537567,0.5356577038764954,0.021366849541664124,0.06245517358183861,0.21684259176254272,78879.30769230769
38657,,,,,,0.46391159296035767,0.5616231560707092,-0.004123525694012642,0.02922217920422554,0.05054275318980217,78886.23076923077
38667,4.1199798583984375,,,,,,,,,,78909.30769230769
38668,,8.0,,,,,,,,,78911.61538461539
38669,,,3.999999999999996,0.1199799999999958,0.0,,,,,,78913.92307692308
38678,4.120019912719727,,,,,,,,,,78934.69230769231
38679,,8.0,,,,,,,,,78937.0
38680,,,3.999999999999996,0.1200199999999958,0.0,,,,,,78939.30769230769
38691,4.120059967041016,,,,,,,,,,78964.69230769231
38692,,8.0,,,,,,,,,78967.0
38693,,,3.999999999999996,0.1200599999999958,0.0,,,,,,78969.30769230769
38702,4.120100021362305,,,,,,,,,,78990.07692307692
38703,,8.0,,,,,,,,,78992.38461538461
38704,,,3.999999999999996,0.1200999999999958,0.0,,,,,,78994.69230769231
38709,,,,,,0.5231297016143799,0.6073312759399414,0.010823533870279789,0.041600242257118225,0.15086069703102112,79002.0
38720,4.120140075683594,,,,,,,,,,79029.5
38721,,8.0,,,,,,,,,79032.0
38722,,,3.999999999999996,0.12013999999999579,0.0,,,,,,79034.5
38729,4.120180130004883,,,,,,,,,,79052.0
38730,,8.0,,,,,,,,,79054.5
38731,,,3.999999999999996,0.12017999999999579,0.0,,,,,,79057.0
38742,4.120220184326172,,,,,,,,,,79084.5
38743,,8.0,,,,,,,,,79087.0
38744,,,3.999999999999996,0.12021999999999579,0.0,,,,,,79089.5
38752,4.120259761810303,,,,,,,,,,79109.5
38753,,8.0,,,,,,,,,79112.0
38754,,,3.999999999999996,0.12025999999999579,0.0,,,,,,79114.5
38759,,,,,,0.4466254413127899,0.4970592260360718,0.00815889984369278,0.042019519954919815,0.3391430079936981,79122.0
38767,4.120299816131592,,,,,,,,,,79142.0
38768,,8.0,,,,,,,,,79144.5
38769,,,3.999999999999996,0.12029999999999579,0.0,,,,,,79147.0
38779,4.120339870452881,,,,,,,,,,79172.0
38780,,8.0,,,,,,,,,79174.5
38781,,,3.999999999999996,0.12033999999999578,0.0,,,,,,79177.0
38791,4.12037992477417,,,,,,,,,,79202.0
38792,,8.0,,,,,,,,,79204.5
38793,,,3.999999999999996,0.12037999999999578,0.0,,,,,,79207.0
38802,4.120419979095459,,,,,,,,,,79229.5
38803,,8.0,,,,,,,,,79232.0
38804,,,3.999999999999996,0.12041999999999578,0.0,,,,,,79234.5
38809,,,,,,0.4829311668872833,0.5574352145195007,0.00689286831766367,0.03189443424344063,0.3319539427757263,79241.70588235294
38821,4.120460033416748,,,,,,,,,,79269.94117647059
38822,,8.0,,,,,,,,,79272.29411764706
38823,,,3.999999999999996,0.12045999999999578,0.0,,,,,,79274.64705882352
38834,4.120500087738037,,,,,,,,,,79300.5294117647
38835,,8.0,,,,,,,,,79302.88235294117
38836,,,3.999999999999996,0.12049999999999578,0.0,,,,,,79305.23529411765
38847,4.120540142059326,,,,,,,,,,79331.11764705883
38848,,8.0,,,,,,,,,79333.4705882353
38849,,,3.999999999999996,0.12053999999999578,0.0,,,,,,79335.82352941176
38855,4.120580196380615,,,,,,,,,,79349.94117647059
38856,,8.0,,,,,,,,,79352.29411764706
38857,,,3.999999999999996,0.12057999999999577,0.0,,,,,,79354.64705882352
38862,,,,,,0.499472051858902,0.5614051222801208,-0.0007925789686851203,0.04475200176239014,0.3313038647174835,79361.44444444444
38874,4.120619773864746,,,,,,,,,,79388.11111111111
38875,,8.0,,,,,,,,,79390.33333333333
38876,,,3.999999999999996,0.12061999999999577,0.0,,,,,,79392.55555555556
38886,4.120659828186035,,,,,,,,,,79414.77777777778
38887,,8.0,,,,,,,,,79417.0
38888,,,3.999999999999996,0.12065999999999577,0.0,,,,,,79419.22222222222
38898,4.120699882507324,,,,,,,,,,79441.44444444444
38899,,8.0,,,,,,,,,79443.66666666667
38900,,,3.999999999999996,0.12069999999999577,0.0,,,,,,79445.88888888889
38911,4.120739936828613,,,,,,,,,,79470.33333333333
38912,,8.0,,,,,,,,,79472.55555555556
38913,,,3.999999999999996,0.12073999999999577,0.0,,,,,,79474.77777777778
38917,,,,,,0.5139172077178955,0.5513803362846375,0.014762716367840767,0.042526207864284515,0.27256080508232117,79479.66666666667
38922,,,,,,0.4955362379550934,0.5243366360664368,-0.0011960492702201009,0.03547215089201927,0.2868514358997345,79493.0
38930,4.120779991149902,,,,,,,,,,79514.33333333333
38931,,8.0,,,,,,,,,79517.0
38932,,,3.999999999999996,0.12077999999999577,0.0,,,,,,79519.66666666667
38939,4.120820045471191,,,,,,,,,,79538.33333333333
38940,,8.0,,,,,,,,,79541.0
38941,,,3.999999999999996,0.12081999999999576,0.0,,,,,,79543.66666666667
38947,4.1208600997924805,,,,,,,,,,79559.66666666667
38948,,8.0,,,,,,,,,79562.33333333333
38949,,,3.999999999999996,0.12085999999999576,0.0,,,,,,79565.0
38958,4.1209001541137695,,,,,,,,,,79589.0
38959,,8.0,,,,,,,,,79591.66666666667
38960,,,3.999999999999996,0.12089999999999576,0.0,,,,,,79594.33333333333
38965,,,,,,0.511044979095459,0.557654857635498,-0.017214708030223846,0.0670604556798935,0.41339197754859924,79602.58139534884
38976,4.120940208435059,,,,,,,,,,79633.27906976744
38977,,8.0,,,,,,,,,79636.06976744186
38978,,,3.999999999999996,0.12093999999999576,0.0,,,,,,79638.86046511628
38984,4.1209797859191895,,,,,,,,,,79655.6046511628
38985,,8.0,,,,,,,,,79658.3953488372
38986,,,3.999999999999996,0.12097999999999576,0.0,,,,,,79661.18604651163
38995,4.1210198402404785,,,,,,,,,,79686.30232558139
38996,,8.0,,,,,,,,,79689.09302325582
38997,,,3.999999999999996,0.12101999999999576,0.0,,,,,,79691.88372093023
39003,4.121059894561768,,,,,,,,,,79708.62790697675
39004,,8.0,,,,,,,,,79711.41860465116
39005,,,3.999999999999996,0.12105999999999575,0.0,,,,,,79714.20930232559
39012,,,,,,0.5531603693962097,0.62330561876297,0.006251184269785881,0.03879307955503464,0.6114112734794617,79725.13559322034
39023,4.121099948883057,,,,,,,,,,79747.50847457627
39024,,8.0,,,,,,,,,79749.54237288136
39025,,,3.999999999999996,0.12109999999999575,0.0,,,,,,79751.57627118644
39040,4.121140003204346,,,,,,,,,,79782.08474576271
39041,,8.0,,,,,,,,,79784.1186440678
39042,,,3.999999999999996,0.12113999999999575,0.0,,,,,,79786.15254237287
39048,4.121180057525635,,,,,,,,,,79798.35593220338
39049,,8.0,,,,,,,,,79800.38983050847
39050,,,3.999999999999996,0.12117999999999575,0.0,,,,,,79802.42372881356
39064,4.121220111846924,,,,,,,,,,79830.89830508475
39065,,8.0,,,,,,,,,79832.93220338984
39066,,,3.999999999999996,0.12121999999999575,0.0,,,,,,79834.96610169491
39072,,,,,,0.4665296673774719,0.5567757487297058,0.006294416729360819,0.05559786409139633,0.3167783319950104,79844.82608695653
39083,4.121260166168213,,,,,,,,,,79873.52173913043
39084,,8.0,,,,,,,,,79876.13043478261
39085,,,3.999999999999996,0.12125999999999575,0.0,,,,,,79878.73913043478
39095,4.121300220489502,,,,,,,,,,79904.82608695653
39096,,8.0,,,,,,,,,79907.43478260869
39097,,,3.999999999999996,0.12129999999999574,0.0,,,,,,79910.04347826086
39103,4.121339797973633,,,,,,,,,,79925.69565217392
39104,,8.0,,,,,,,,,79928.30434782608
39105,,,3.999999999999996,0.12133999999999574,0.0,,,,,,79930.91304347826
39112,4.121379852294922,,,,,,,,,,79949.17391304347
39113,,8.0,,,,,,,,,79951.78260869565
39114,,,3.999999999999996,0.12137999999999574,0.0,,,,,,79954.39130434782
39118,,,,,,0.49951767921447754,0.6139978170394897,-0.004078634083271027,0.0389939621090889,0.1523614376783371,79959.30769230769
39126,4.121419906616211,,,,,,,,,,79977.76923076923
39127,,8.0,,,,,,,,,79980.07692307692
39128,,,3.999999999999996,0.12141999999999574,0.0,,,,,,79982.38461538461
39140,4.1214599609375,,,,,,,,,,80010.07692307692
39141,,8.0,,,,,,,,,80012.38461538461
39142,,,3.999999999999996,0.12145999999999574,0.0,,,,,,80014.69230769231
39155,4.121500015258789,,,,,,,,,,80044.69230769231
39156,,8.0,,,,,,,,,80047.0
39157,,,3.999999999999996,0.12149999999999574,0.0,,,,,,80049.30769230769
39166,4.121540069580078,,,,,,,,,,80070.07692307692
39167,,8.0,,,,,,,,,80072.38461538461
39168,,,3.999999999999996,0.12153999999999573,0.0,,,,,,80074.69230769231
39172,,,,,,0.49029773473739624,0.5640771985054016,-0.004881025291979313,0.053495049476623535,0.4471798539161682,80079.44897959183
39176,,,,,,0.5316617488861084,0.582024097442627,0.0014516504015773535,0.07154250144958496,0.4762495160102844,80089.24489795919
39187,4.121580123901367,,,,,,,,,,80116.1836734694
39188,,8.0,,,,,,,,,80118.63265306123
39189,,,3.999999999999996,0.12157999999999573,0.0,,,,,,80121.08163265306
39197,4.121620178222656,,,,,,,,,,80140.67346938775
39198,,8.0,,,,,,,,,80143.12244897959
39199,,,3.999999999999996,0.12161999999999573,0.0,,,,,,80145.57142857143
39207,4.121660232543945,,,,,,,,,,80165.16326530612
39208,,8.0,,,,,,,,,80167.61224489796
39209,,,3.999999999999996,0.12165999999999573,0.0,,,,,,80170.0612244898
39217,4.121699810028076,,,,,,,,,,80189.6530612245
39218,,8.0,,,,,,,,,80192.10204081633
39219,,,3.999999999999996,0.12169999999999573,0.0,,,,,,80194.55102040817
39224,,,,,,0.4597032964229584,0.5137869119644165,0.0023851091973483562,0.03272634372115135,0.6355783939361572,80201.52830188679
39230,4.121739864349365,,,,,,,,,,80215.11320754717
39231,,8.0,,,,,,,,,80217.37735849057
39232,,,3.999999999999996,0.12173999999999573,0.0,,,,,,80219.64150943396
39248,4.121779918670654,,,,,,,,,,80255.8679245283
39249,,8.0,,,,,,,,,80258.1320754717
39250,,,3.999999999999996,0.12177999999999573,0.0,,,,,,80260.39622641509
39260,4.121819972991943,,,,,,,,,,80283.03773584905
39261,,8.0,,,,,,,,,80285.30188679245
39262,,,3.999999999999996,0.12181999999999572,0.0,,,,,,80287.56603773584
39272,4.121860027313232,,,,,,,,,,80310.2075471698
39273,,8.0,,,,,,,,,80312.47169811321
39274,,,3.999999999999996,0.12185999999999572,0.0,,,,,,80314.7358490566
39278,,,,,,0.49909159541130066,0.5418181419372559,0.003266972489655018,0.028445560485124588,0.5134164690971375,80319.5
39287,4.1219000816345215,,,,,,,,,,80342.0
39288,,8.0,,,,,,,,,80344.5
39289,,,3.999999999999996,0.12189999999999572,0.0,,,,,,80347.0
39299,4.1219401359558105,,,,,,,,,,80372.0
39300,,8.0,,,,,,,,,80374.5
39301,,,3.999999999999996,0.12193999999999572,0.0,,,,,,80377.0
39312,4.1219801902771,,,,,,,,,,80404.5
39313,,8.0,,,,,,,,,80407.0
39314,,,3.999999999999996,0.12197999999999572,0.0,,,,,,80409.5
39322,4.1220197677612305,,,,,,,,,,80429.5
39323,,8.0,,,,,,,,,80432.0
39324,,,3.999999999999996,0.12201999999999572,0.0,,,,,,80434.5
39329,,,,,,0.44856587052345276,0.5177256464958191,0.0031487627420574427,0.031204398721456528,0.476466566324234,80442.0
39340,4.1220598220825195,,,,,,,,,,80469.5
39341,,8.0,,,,,,,,,80472.0
39342,,,3.999999999999996,0.12205999999999571,0.0,,,,,,80474.5
39349,4.122099876403809,,,,,,,,,,80492.0
39350,,8.0,,,,,,,,,80494.5
39351,,,3.999999999999996,0.12209999999999571,0.0,,,,,,80497.0
39358,4.122139930725098,,,,,,,,,,80514.5
39359,,8.0,,,,,,,,,80517.0
39360,,,3.999999999999996,0.12213999999999571,0.0,,,,,,80519.5
39372,4.122179985046387,,,,,,,,,,80549.5
39373,,8.0,,,,,,,,,80552.0
39374,,,3.999999999999996,0.12217999999999571,0.0,,,,,,80554.5
39378,,,,,,0.45051634311676025,0.5489700436592102,0.001013853121548891,0.05163723975419998,0.2856711149215698,80559.79069767441
39390,4.122220039367676,,,,,,,,,,80593.27906976744
39391,,8.0,,,,,,,,,80596.06976744186
39392,,,3.999999999999996,0.12221999999999571,0.0,,,,,,80598.86046511628
39396,4.122260093688965,,,,,,,,,,80610.02325581395
39397,,8.0,,,,,,,,,80612.81395348837
39398,,,3.999999999999996,0.1222599999999957,0.0,,,,,,80615.6046511628
39406,4.122300148010254,,,,,,,,,,80637.93023255814
39407,,8.0,,,,,,,,,80640.72093023256
39408,,,3.999999999999996,0.1222999999999957,0.0,,,,,,80643.51162790698
39417,4.122340202331543,,,,,,,,,,80668.62790697675
39418,,8.0,,,,,,,,,80671.41860465116
39419,,,3.999999999999996,0.1223399999999957,0.0,,,,,,80674.20930232559
39424,,,,,,0.5276467800140381,0.5604025721549988,0.011666039936244488,0.04542886093258858,0.2945176362991333,80681.89795918367
39428,,,,,,0.5439639091491699,0.6053440570831299,0.0016848962986841798,0.04644671082496643,0.2970787584781647,80691.69387755102
39435,4.122379779815674,,,,,,,,,,80708.83673469388
39436,,8.0,,,,,,,,,80711.28571428571
39437,,,3.999999999999996,0.1223799999999957,0.0,,,,,,80713.73469387754
39443,4.122419834136963,,,,,,,,,,80728.42857142857
39444,,8.0,,,,,,,,,80730.87755102041
39445,,,3.999999999999996,0.1224199999999957,0.0,,,,,,80733.32653061225
39453,4.122459888458252,,,,,,,,,,80752.91836734694
39454,,8.0,,,,,,,,,80755.36734693877
39455,,,3.999999999999996,0.1224599999999957,0.0,,,,,,80757.8163265306
39468,4.122499942779541,,,,,,,,,,80789.6530612245
39469,,8.0,,,,,,,,,80792.10204081633
39470,,,3.999999999999996,0.1224999999999957,0.0,,,,,,80794.55102040817
39478,,,,,,0.5101025104522705,0.5570796728134155,0.027603572234511375,0.06032523140311241,0.3631001114845276,80807.71428571429
39489,4.12253999710083,,,,,,,,,,80831.28571428571
39490,,8.0,,,,,,,,,80833.42857142857
39491,,,3.999999999999996,0.1225399999999957,0.0,,,,,,80835.57142857143
39504,4.122580051422119,,,,,,,,,,80863.42857142857
39505,,8.0,,,,,,,,,80865.57142857143
39506,,,3.999999999999996,0.12257999999999569,0.0,,,,,,80867.71428571429
39518,4.122620105743408,,,,,,,,,,80893.42857142857
39519,,8.0,,,,,,,,,80895.57142857143
39520,,,3.999999999999996,0.12261999999999569,0.0,,,,,,80897.71428571429
39526,4.122660160064697,,,,,,,,,,80910.57142857143
39527,,8.0,,,,,,,,,80912.71428571429
39528,,,3.999999999999996,0.12265999999999569,0.0,,,,,,80914.85714285714
39534,,,,,,0.49454769492149353,0.5737454295158386,0.002716240007430315,0.0299843680113554,0.10584066063165665,80924.3469387755
39542,4.122700214385986,,,,,,,,,,80943.9387755102
39543,,8.0,,,,,,,,,80946.38775510204
39544,,,3.999999999999996,0.12269999999999569,0.0,,,,,,80948.83673469388
39556,4.122739791870117,,,,,,,,,,80978.22448979592
39557,,8.0,,,,,,,,,80980.67346938775
39558,,,3.999999999999996,0.12273999999999569,0.0,,,,,,80983.12244897959
39568,4.122779846191406,,,,,,,,,,81007.61224489796
39569,,8.0,,,,,,,,,81010.0612244898
39570,,,3.999999999999996,0.12277999999999568,0.0,,,,,,81012.51020408163
39577,4.122819900512695,,,,,,,,,,81029.6530612245
39578,,8.0,,,,,,,,,81032.10204081633
39579,,,3.999999999999996,0.12281999999999568,0.0,,,,,,81034.55102040817
39583,,,,,,0.4717196524143219,0.564018964767456,0.0042847623117268085,0.041591301560401917,0.1295941174030304,81039.66666666667
39591,4.122859954833984,,,,,,,,,,81061.0
39592,,8.0,,,,,,,,,81063.66666666667
39593,,,3.999999999999996,0.12285999999999568,0.0,,,,,,81066.33333333333
39604,4.122900009155273,,,,,,,,,,81095.66666666667
39605,,8.0,,,,,,,,,81098.33333333333
39606,,,3.999999999999996,0.12289999999999568,0.0,,,,,,81101.0
39614,4.1229400634765625,,,,,,,,,,81122.33333333333
39615,,8.0,,,,,,,,,81125.0
39616,,,3.999999999999996,0.12293999999999568,0.0,,,,,,81127.66666666667
39624,4.122980117797852,,,,,,,,,,81149.0
39625,,8.0,,,,,,,,,81151.66666666667
39626,,,3.999999999999996,0.12297999999999568,0.0,,,,,,81154.33333333333
39631,,,,,,0.606864869594574,0.6806706786155701,0.00709876324981451,0.061928167939186096,-0.44056132435798645,81162.33333333333
39642,4.123020172119141,,,,,,,,,,81191.66666666667
39643,,8.0,,,,,,,,,81194.33333333333
39644,,,3.999999999999996,0.12301999999999567,0.0,,,,,,81197.0
39654,4.12306022644043,,,,,,,,,,81223.66666666667
39655,,8.0,,,,,,,,,81226.33333333333
39656,,,3.999999999999996,0.12305999999999567,0.0,,,,,,81229.0
39662,4.1230998039245605,,,,,,,,,,81245.0
39663,,8.0,,,,,,,,,81247.66666666667
39664,,,3.999999999999996,0.12309999999999567,0.0,,,,,,81250.33333333333
39671,4.12313985824585,,,,,,,,,,81269.0
39672,,8.0,,,,,,,,,81271.66666666667
39673,,,3.999999999999996,0.12313999999999567,0.0,,,,,,81274.33333333333
39678,,,,,,0.5309397578239441,0.5982407331466675,0.015353432856500149,0.04084952175617218,-0.4211297035217285,81281.61538461539
39680,,,,,,0.568581223487854,0.674309253692627,0.01518719457089901,0.06334260106086731,-0.0706893652677536,81286.23076923077
39689,4.123179912567139,,,,,,,,,,81307.0
39690,,8.0,,,,,,,,,81309.30769230769
39691,,,3.999999999999996,0.12317999999999567,0.0,,,,,,81311.61538461539
39703,4.123219966888428,,,,,,,,,,81339.30769230769
39704,,8.0,,,,,,,,,81341.61538461539
39705,,,3.999999999999996,0.12321999999999567,0.0,,,,,,81343.92307692308
39713,4.123260021209717,,,,,,,,,,81362.38461538461
39714,,8.0,,,,,,,,,81364.69230769231
39715,,,3.999999999999996,0.12325999999999566,0.0,,,,,,81367.0
39725,4.123300075531006,,,,,,,,,,81390.07692307692
39726,,8.0,,,,,,,,,81392.38461538461
39727,,,3.999999999999996,0.12329999999999566,0.0,,,,,,81394.69230769231
39736,,,,,,0.49240994453430176,0.5481266975402832,0.0033733276650309563,0.04475991800427437,-0.20880024135112762,81410.58490566038
39743,4.123340129852295,,,,,,,,,,81426.43396226416
39744,,8.0,,,,,,,,,81428.69811320755
39745,,,3.999999999999996,0.12333999999999566,0.0,,,,,,81430.96226415095
39752,4.123380184173584,,,,,,,,,,81446.81132075471
39753,,8.0,,,,,,,,,81449.07547169812
39754,,,3.999999999999996,0.12337999999999566,0.0,,,,,,81451.3396226415
39769,4.123419761657715,,,,,,,,,,81485.30188679245
39770,,8.0,,,,,,,,,81487.56603773584
39771,,,3.999999999999996,0.12341999999999566,0.0,,,,,,81489.83018867925
39780,4.123459815979004,,,,,,,,,,81510.2075471698
39781,,8.0,,,,,,,,,81512.47169811321
39782,,,3.999999999999996,0.12345999999999566,0.0,,,,,,81514.7358490566
39787,,,,,,0.45641401410102844,0.525351345539093,0.009326181374490261,0.04903542995452881,0.04586643725633621,81521.44444444444
39798,4.123499870300293,,,,,,,,,,81545.88888888889
39799,,8.0,,,,,,,,,81548.11111111111
39800,,,3.999999999999996,0.12349999999999565,0.0,,,,,,81550.33333333333
39809,4.123539924621582,,,,,,,,,,81570.33333333333
39810,,8.0,,,,,,,,,81572.55555555556
39811,,,3.999999999999996,0.12353999999999565,0.0,,,,,,81574.77777777778
39825,4.123579978942871,,,,,,,,,,81605.88888888889
39826,,8.0,,,,,,,,,81608.11111111111
39827,,,3.999999999999996,0.12357999999999565,0.0,,,,,,81610.33333333333
39836,4.12362003326416,,,,,,,,,,81630.33333333333
39837,,8.0,,,,,,,,,81632.55555555556
39838,,,3.999999999999996,0.12361999999999565,0.0,,,,,,81634.77777777778
39843,,,,,,0.5084632039070129,0.5563827157020569,0.008324055932462215,0.04908059537410736,-0.18390201032161713,81641.8
39856,4.123660087585449,,,,,,,,,,81673.0
39857,,8.0,,,,,,,,,81675.4
39858,,,3.999999999999996,0.12365999999999565,0.0,,,,,,81677.8
39868,4.123700141906738,,,,,,,,,,81701.8
39869,,8.0,,,,,,,,,81704.2
39870,,,3.999999999999996,0.12369999999999565,0.0,,,,,,81706.6
39875,4.123740196228027,,,,,,,,,,81718.6
39876,,8.0,,,,,,,,,81721.0
39877,,,3.999999999999996,0.12373999999999565,0.0,,,,,,81723.4
39888,4.123779773712158,,,,,,,,,,81749.8
39889,,8.0,,,,,,,,,81752.2
39890,,,3.999999999999996,0.12377999999999564,0.0,,,,,,81754.6
39896,,,,,,0.5006824135780334,0.6028919219970703,0.002724702935665846,0.056726496666669846,0.16030262410640717,81764.65957446808
39904,4.123819828033447,,,,,,,,,,81785.08510638298
39905,,8.0,,,,,,,,,81787.63829787234
39906,,,3.999999999999996,0.12381999999999564,0.0,,,,,,81790.1914893617
39917,4.123859882354736,,,,,,,,,,81818.27659574468
39918,,8.0,,,,,,,,,81820.82978723405
39919,,,3.999999999999996,0.12385999999999564,0.0,,,,,,81823.3829787234
39928,4.123899936676025,,,,,,,,,,81846.36170212766
39929,,8.0,,,,,,,,,81848.91489361702
39930,,,3.999999999999996,0.12389999999999564,0.0,,,,,,81851.46808510639
39937,4.1239399909973145,,,,,,,,,,81869.34042553192
39938,,8.0,,,,,,,,,81871.89361702128
39939,,,3.999999999999996,0.12393999999999564,0.0,,,,,,81874.44680851063
39944,,,,,,0.5088310837745667,0.579528272151947,0.006409078370779753,0.0528721921145916,0.00859646126627922,81882.0
39947,,,,,,0.47583508491516113,0.5793064832687378,0.0020977535750716925,0.04257310926914215,-0.19768869876861572,81889.5
39957,4.1239800453186035,,,,,,,,,,81914.5
39958,,8.0,,,,,,,,,81917.0
39959,,,3.999999999999996,0.12397999999999564,0.0,,,,,,81919.5
39969,4.124020099639893,,,,,,,,,,81944.5
39970,,8.0,,,,,,,,,81947.0
39971,,,3.999999999999996,0.12401999999999563,0.0,,,,,,81949.5
39977,4.124060153961182,,,,,,,,,,81964.5
39978,,8.0,,,,,,,,,81967.0
39979,,,3.999999999999996,0.12405999999999563,0.0,,,,,,81969.5
39987,4.124100208282471,,,,,,,,,,81989.5
39988,,8.0,,,,,,,,,81992.0
39989,,,3.999999999999996,0.12409999999999563,0.0,,,,,,81994.5
39996,,,,,,0.4809761941432953,0.5576990246772766,0.00422751996666193,0.017093215137720108,-0.2385125458240509,82005.72727272728
40009,4.124139785766602,,,,,,,,,,82034.09090909091
40010,,8.0,,,,,,,,,82036.27272727272
40011,,,3.999999999999996,0.12413999999999563,0.0,,,,,,82038.45454545454
40021,4.124179840087891,,,,,,,,,,82060.27272727272
40022,,8.0,,,,,,,,,82062.45454545454
40023,,,3.999999999999996,0.12417999999999563,0.0,,,,,,82064.63636363637
40034,4.12421989440918,,,,,,,,,,82088.63636363637
40035,,8.0,,,,,,,,,82090.81818181818
40036,,,3.999999999999996,0.12421999999999563,0.0,,,,,,82093.0
40044,4.124259948730469,,,,,,,,,,82110.45454545454
40045,,8.0,,,,,,,,,82112.63636363637
40046,,,3.999999999999996,0.12425999999999562,0.0,,,,,,82114.81818181818
40052,,,,,,0.5492249131202698,0.6049546003341675,0.008566117845475674,0.030237754806876183,-0.11640768498182297,82124.2
40063,4.124300003051758,,,,,,,,,,82150.6
40064,,8.0,,,,,,,,,82153.0
40065,,,3.999999999999996,0.12429999999999562,0.0,,,,,,82155.4
40071,4.124340057373047,,,,,,,,,,82169.8
40072,,8.0,,,,,,,,,82172.2
40073,,,3.999999999999996,0.12433999999999562,0.0,,,,,,82174.6
40085,4.124380111694336,,,,,,,,,,82203.4
40086,,8.0,,,,,,,,,82205.8
40087,,,3.999999999999996,0.12437999999999562,0.0,,,,,,82208.2
40096,4.124420166015625,,,,,,,,,,82229.8
40097,,8.0,,,,,,,,,82232.2
40098,,,3.999999999999996,0.12441999999999562,0.0,,,,,,82234.6
40105,,,,,,0.5620123147964478,0.6253202557563782,0.01017020270228386,0.052217621356248856,0.3122016191482544,82246.41176470589
40118,4.124460220336914,,,,,,,,,,82277.0
40119,,8.0,,,,,,,,,82279.35294117648
40120,,,3.999999999999996,0.12445999999999562,0.0,,,,,,82281.70588235294
40129,4.124499797821045,,,,,,,,,,82302.88235294117
40130,,8.0,,,,,,,,,82305.23529411765
40131,,,3.999999999999996,0.12449999999999561,0.0,,,,,,82307.58823529411
40141,4.124539852142334,,,,,,,,,,82331.11764705883
40142,,8.0,,,,,,,,,82333.4705882353
40143,,,3.999999999999996,0.12453999999999561,0.0,,,,,,82335.82352941176
40149,4.124579906463623,,,,,,,,,,82349.94117647059
40150,,8.0,,,,,,,,,82352.29411764706
40151,,,3.999999999999996,0.12457999999999561,0.0,,,,,,82354.64705882352
40155,,,,,,0.4488006830215454,0.5464019179344177,-0.006950679700821638,0.04084287956357002,0.34327298402786255,82359.2641509434
40170,4.124619960784912,,,,,,,,,,82393.22641509434
40171,,8.0,,,,,,,,,82395.49056603774
40172,,,3.999999999999996,0.12461999999999561,0.0,,,,,,82397.75471698113
40180,4.124660015106201,,,,,,,,,,82415.8679245283
40181,,8.0,,,,,,,,,82418.1320754717
40182,,,3.999999999999996,0.12465999999999561,0.0,,,,,,82420.39622641509
40194,4.12470006942749,,,,,,,,,,82447.56603773584
40195,,8.0,,,,,,,,,82449.83018867925
40196,,,3.999999999999996,0.1246999999999956,0.0,,,,,,82452.09433962264
40204,4.124740123748779,,,,,,,,,,82470.2075471698
40205,,8.0,,,,,,,,,82472.47169811321
40206,,,3.999999999999996,0.1247399999999956,0.0,,,,,,82474.7358490566
40210,,,,,,0.5002261400222778,0.5783733129501343,0.006708070170134306,0.05267222598195076,0.4640653729438782,82479.5
40213,,,,,,0.4750850200653076,0.5588412880897522,-0.0016384030459448695,0.024609608575701714,0.15636257827281952,82487.0
40225,4.124780178070068,,,,,,,,,,82517.0
40226,,8.0,,,,,,,,,82519.5
40227,,,3.999999999999996,0.1247799999999956,0.0,,,,,,82522.0
40237,4.124820232391357,,,,,,,,,,82547.0
40238,,8.0,,,,,,,,,82549.5
40239,,,3.999999999999996,0.1248199999999956,0.0,,,,,,82552.0
40245,4.124859809875488,,,,,,,,,,82567.0
40246,,8.0,,,,,,,,,82569.5
40247,,,3.999999999999996,0.1248599999999956,0.0,,,,,,82572.0
40254,4.124899864196777,,,,,,,,,,82589.5
40255,,8.0,,,,,,,,,82592.0
40256,,,3.999999999999996,0.1248999999999956,0.0,,,,,,82594.5
40263,,,,,,0.5449098348617554,0.5973579287528992,0.006472521927207708,0.0617985799908638,0.645084798336029,82605.42105263157
40275,4.124939918518066,,,,,,,,,,82630.68421052632
40276,,8.0,,,,,,,,,82632.78947368421
40277,,,3.999999999999996,0.1249399999999956,0.0,,,,,,82634.8947368421
40289,4.1249799728393555,,,,,,,,,,82660.15789473684
40290,,8.0,,,,,,,,,82662.26315789473
40291,,,3.999999999999996,0.1249799999999956,0.0,,,,,,82664.36842105263
40301,4.1250200271606445,,,,,,,,,,82685.42105263157
40302,,8.0,,,,,,,,,82687.52631578948
40303,,,3.999999999999996,0.1250199999999956,0.0,,,,,,82689.63157894737
40313,4.125060081481934,,,,,,,,,,82710.68421052632
40314,,8.0,,,,,,,,,82712.78947368421
40315,,,3.999999999999996,0.12505999999999562,0.0,,,,,,82714.8947368421
40319,,,,,,0.4764574468135834,0.5608744025230408,0.0025456929579377174,0.055827099829912186,0.5685762166976929,82720.0
40326,4.125100135803223,,,,,,,,,,82741.0
40327,,8.0,,,,,,,,,82744.0
40328,,,3.999999999999996,0.12509999999999563,0.0,,,,,,82747.0
40332,4.125140190124512,,,,,,,,,,82759.0
40333,,8.0,,,,,,,,,82762.0
40334,,,3.999999999999996,0.12513999999999564,0.0,,,,,,82765.0
40345,4.125179767608643,,,,,,,,,,82798.0
40346,,8.0,,,,,,,,,82801.0
40347,,,3.999999999999996,0.12517999999999566,0.0,,,,,,82804.0
40355,4.125219821929932,,,,,,,,,,82828.0
40356,,8.0,,,,,,,,,82831.0
40357,,,3.999999999999996,0.12521999999999567,0.0,,,,,,82834.0
40361,,,,,,0.5064875483512878,0.5772700309753418,0.014689170755445957,0.062360577285289764,0.561627984046936,82839.60869565218
40370,4.125259876251221,,,,,,,,,,82863.08695652174
40371,,8.0,,,,,,,,,82865.69565217392
40372,,,3.999999999999996,0.12525999999999568,0.0,,,,,,82868.30434782608
40380,4.12529993057251,,,,,,,,,,82889.17391304347
40381,,8.0,,,,,,,,,82891.78260869565
40382,,,3.999999999999996,0.1252999999999957,0.0,,,,,,82894.39130434782
40391,4.125339984893799,,,,,,,,,,82917.86956521739
40392,,8.0,,,,,,,,,82920.47826086957
40393,,,3.999999999999996,0.1253399999999957,0.0,,,,,,82923.08695652174
40403,4.125380039215088,,,,,,,,,,82949.17391304347
40404,,8.0,,,,,,,,,82951.78260869565
40405,,,3.999999999999996,0.12537999999999572,0.0,,,,,,82954.39130434782
40409,,,,,,0.49961376190185547,0.5698660612106323,-0.0028685214929282665,0.04576850309967995,0.38053667545318604,82959.66666666667
40418,4.125420093536377,,,,,,,,,,82983.66666666667
40419,,8.0,,,,,,,,,82986.33333333333
40420,,,3.999999999999996,0.12541999999999573,0.0,,,,,,82989.0
40426,4.125460147857666,,,,,,,,,,83005.0
40427,,8.0,,,,,,,,,83007.66666666667
40428,,,3.999999999999996,0.12545999999999574,0.0,,,,,,83010.33333333333
40437,4.125500202178955,,,,,,,,,,83034.33333333333
40438,,8.0,,,,,,,,,83037.0
40439,,,3.999999999999996,0.12549999999999575,0.0,,,,,,83039.66666666667
40450,4.125539779663086,,,,,,,,,,83069.0
40451,,8.0,,,,,,,,,83071.66666666667
40452,,,3.999999999999996,0.12553999999999577,0.0,,,,,,83074.33333333333
40456,,,,,,0.4785193204879761,0.5908269286155701,0.01265819650143385,0.06493620574474335,0.5738286972045898,83077.98214285714
40462,,,,,,0.5273503661155701,0.5973135828971863,0.006129744462668896,0.062106650322675705,0.6336725950241089,83083.875
40471,4.125579833984375,,,,,,,,,,83092.71428571429
40472,,8.0,,,,,,,,,83093.69642857143
40473,,,3.999999999999996,0.12557999999999578,0.0,,,,,,83094.67857142857
40484,4.125619888305664,,,,,,,,,,83105.48214285714
40485,,8.0,,,,,,,,,83106.46428571429
40486,,,3.999999999999996,0.1256199999999958,0.0,,,,,,83107.44642857143
40496,4.125659942626953,,,,,,,,,,83117.26785714286
40497,,8.0,,,,,,,,,83118.25
40498,,,3.999999999999996,0.1256599999999958,0.0,,,,,,83119.23214285714
40508,4.125699996948242,,,,,,,,,,83129.05357142857
40509,,8.0,,,,,,,,,83130.03571428571
40510,,,3.999999999999996,0.12569999999999582,0.0,,,,,,83131.01785714286
40514,,,,,,0.48760178685188293,0.5289446711540222,0.010757746174931526,0.03908657655119896,0.4009518027305603,83134.44897959183
40527,4.125740051269531,,,,,,,,,,83166.28571428571
40528,,8.0,,,,,,,,,83168.73469387754
40529,,,3.999999999999996,0.12573999999999583,0.0,,,,,,83171.1836734694
40538,4.12578010559082,,,,,,,,,,83193.22448979592
40539,,8.0,,,,,,,,,83195.67346938775
40540,,,3.999999999999996,0.12577999999999584,0.0,,,,,,83198.12244897959
40547,4.125820159912109,,,,,,,,,,83215.26530612246
40548,,8.0,,,,,,,,,83217.71428571429
40549,,,3.999999999999996,0.12581999999999585,0.0,,,,,,83220.16326530612
40559,4.125860214233398,,,,,,,,,,83244.6530612245
40560,,8.0,,,,,,,,,83247.10204081633
40561,,,3.999999999999996,0.12585999999999586,0.0,,,,,,83249.55102040817
40568,,,,,,0.5377917885780334,0.580722987651825,0.008424432016909122,0.02680654078722,0.5524364709854126,83262.21276595745
40580,4.125899791717529,,,,,,,,,,83292.85106382979
40581,,8.0,,,,,,,,,83295.40425531915
40582,,,3.999999999999996,0.12589999999999588,0.0,,,,,,83297.9574468085
40589,4.125939846038818,,,,,,,,,,83315.82978723405
40590,,8.0,,,,,,,,,83318.3829787234
40591,,,3.999999999999996,0.1259399999999959,0.0,,,,,,83320.93617021276
40597,4.125979900360107,,,,,,,,,,83336.25531914894
40598,,8.0,,,,,,,,,83338.8085106383
40599,,,3.999999999999996,0.1259799999999959,0.0,,,,,,83341.36170212766
40608,4.1260199546813965,,,,,,,,,,83364.34042553192
40609,,8.0,,,,,,,,,83366.89361702128
40610,,,3.999999999999996,0.1260199999999959,0.0,,,,,,83369.44680851063
40617,,,,,,0.4879034161567688,0.5514534711837769,-0.0022852132096886635,0.026361068710684776,0.16248519718647003,83380.57142857143
40630,4.1260600090026855,,,,,,,,,,83408.42857142857
40631,,8.0,,,,,,,,,83410.57142857143
40632,,,3.999999999999996,0.12605999999999593,0.0,,,,,,83412.71428571429
40640,4.126100063323975,,,,,,,,,,83429.85714285714
40641,,8.0,,,,,,,,,83432.0
40642,,,3.999999999999996,0.12609999999999594,0.0,,,,,,83434.14285714286
40655,4.126140117645264,,,,,,,,,,83462.0
40656,,8.0,,,,,,,,,83464.14285714286
40657,,,3.999999999999996,0.12613999999999595,0.0,,,,,,83466.28571428571
40666,4.126180171966553,,,,,,,,,,83485.57142857143
40667,,8.0,,,,,,,,,83487.71428571429
40668,,,3.999999999999996,0.12617999999999596,0.0,,,,,,83489.85714285714
40674,,,,,,0.4974691569805145,0.5501682758331299,-0.001971777528524399,0.05391288176178932,0.22876684367656708,83499.82608695653
40688,4.126220226287842,,,,,,,,,,83536.34782608696
40689,,8.0,,,,,,,,,83538.95652173914
40690,,,3.999999999999996,0.12621999999999597,0.0,,,,,,83541.56521739131
40695,4.126259803771973,,,,,,,,,,83554.60869565218
40696,,8.0,,,,,,,,,83557.21739130435
40697,,,3.999999999999996,0.126259999999996,0.0,,,,,,83559.82608695653
40703,4.126299858093262,,,,,,,,,,83575.47826086957
40704,,8.0,,,,,,,,,83578.08695652174
40705,,,3.999999999999996,0.126299999999996,0.0,,,,,,83580.69565217392
40714,4.126339912414551,,,,,,,,,,83604.17391304347
40715,,8.0,,,,,,,,,83606.78260869565
40716,,,3.999999999999996,0.126339999999996,0.0,,,,,,83609.39130434782
40721,,,,,,0.4878820478916168,0.555650532245636,0.008505350910127163,0.07731792330741882,0.6454195976257324,83617.33333333333
40723,,,,,,0.5508702397346497,0.6142293214797974,0.002774688880890608,0.03838402032852173,0.44473639130592346,83622.66666666667
40734,4.12637996673584,,,,,,,,,,83652.0
40735,,8.0,,,,,,,,,83654.66666666667
40736,,,3.999999999999996,0.12637999999999602,0.0,,,,,,83657.33333333333
40743,4.126420021057129,,,,,,,,,,83676.0
40744,,8.0,,,,,,,,,83678.66666666667
40745,,,3.999999999999996,0.12641999999999604,0.0,,,,,,83681.33333333333
40755,4.126460075378418,,,,,,,,,,83708.0
40756,,8.0,,,,,,,,,83710.66666666667
40757,,,3.999999999999996,0.12645999999999605,0.0,,,,,,83713.33333333333
40761,4.126500129699707,,,,,,,,,,83724.0
40762,,8.0,,,,,,,,,83726.66666666667
40763,,,3.999999999999996,0.12649999999999606,0.0,,,,,,83729.33333333333
40770,,,,,,0.5270559787750244,0.5769383311271667,-0.0022024321369826794,0.05083852261304855,0.26413631439208984,83741.79591836735
40780,4.126540184020996,,,,,,,,,,83766.28571428571
40781,,8.0,,,,,,,,,83768.73469387754
40782,,,3.999999999999996,0.12653999999999607,0.0,,,,,,83771.1836734694
40789,4.126580238342285,,,,,,,,,,83788.32653061225
40790,,8.0,,,,,,,,,83790.77551020408
40791,,,3.999999999999996,0.12657999999999608,0.0,,,,,,83793.22448979592
40800,4.126619815826416,,,,,,,,,,83815.26530612246
40801,,8.0,,,,,,,,,83817.71428571429
40802,,,3.999999999999996,0.1266199999999961,0.0,,,,,,83820.16326530612
40812,4.126659870147705,,,,,,,,,,83844.6530612245
40813,,8.0,,,,,,,,,83847.10204081633
40814,,,3.999999999999996,0.1266599999999961,0.0,,,,,,83849.55102040817
40823,,,,,,0.5203295946121216,0.5569078326225281,0.006450567860156298,0.03780089318752289,0.2056622952222824,83865.84615384616
40833,4.126699924468994,,,,,,,,,,83888.92307692308
40834,,8.0,,,,,,,,,83891.23076923077
40835,,,3.999999999999996,0.12669999999999612,0.0,,,,,,83893.53846153847
40845,4.126739978790283,,,,,,,,,,83916.61538461539
40846,,8.0,,,,,,,,,83918.92307692308
40847,,,3.999999999999996,0.12673999999999613,0.0,,,,,,83921.23076923077
40857,4.126780033111572,,,,,,,,,,83944.30769230769
40858,,8.0,,,,,,,,,83946.61538461539
40859,,,3.999999999999996,0.12677999999999615,0.0,,,,,,83948.92307692308
40866,4.126820087432861,,,,,,,,,,83965.07692307692
40867,,8.0,,,,,,,,,83967.38461538461
40868,,,3.999999999999996,0.12681999999999616,0.0,,,,,,83969.69230769231
40876,,,,,,0.5350145697593689,0.6118316054344177,0.011017589829862118,0.060053009539842606,0.40021583437919617,83983.76470588235
40886,4.12686014175415,,,,,,,,,,84007.29411764706
40887,,8.0,,,,,,,,,84009.64705882352
40888,,,3.999999999999996,0.12685999999999617,0.0,,,,,,84012.0
40899,4.1269001960754395,,,,,,,,,,84037.88235294117
40900,,8.0,,,,,,,,,84040.23529411765
40901,,,3.999999999999996,0.12689999999999618,0.0,,,,,,84042.58823529411
40909,4.12693977355957,,,,,,,,,,84061.41176470589
40910,,8.0,,,,,,,,,84063.76470588235
40911,,,3.999999999999996,0.1269399999999962,0.0,,,,,,84066.11764705883
40919,4.126979827880859,,,,,,,,,,84084.94117647059
40920,,8.0,,,,,,,,,84087.29411764706
40921,,,3.999999999999996,0.1269799999999962,0.0,,,,,,84089.64705882352
40925,,,,,,0.4931648373603821,0.529787540435791,-0.00033774806070141494,0.02321965992450714,0.22155198454856873,84094.2641509434
40933,4.127019882202148,,,,,,,,,,84112.37735849057
40934,,8.0,,,,,,,,,84114.64150943396
40935,,,3.999999999999996,0.12701999999999622,0.0,,,,,,84116.90566037736
40946,4.1270599365234375,,,,,,,,,,84141.81132075471
40947,,8.0,,,,,,,,,84144.07547169812
40948,,,3.999999999999996,0.12705999999999623,0.0,,,,,,84146.3396226415
40959,4.127099990844727,,,,,,,,,,84171.24528301887
40960,,8.0,,,,,,,,,84173.50943396226
40961,,,3.999999999999996,0.12709999999999624,0.0,,,,,,84175.77358490566
40974,4.127140045166016,,,,,,,,,,84205.2075471698
40975,,8.0,,,,,,,,,84207.47169811321
40976,,,3.999999999999996,0.12713999999999626,0.0,,,,,,84209.7358490566
40980,,,,,,0.5499517321586609,0.6272983551025391,0.0054651242680847645,0.042302001267671585,0.37581709027290344,84214.18181818182
40985,,,,,,0.5417367815971375,0.5927721858024597,0.004555101506412029,0.02230994589626789,0.2173292338848114,84225.09090909091
40993,4.127180099487305,,,,,,,,,,84242.54545454546
40994,,8.0,,,,,,,,,84244.72727272728
40995,,,3.999999999999996,0.12717999999999627,0.0,,,,,,84246.90909090909
41005,4.127220153808594,,,,,,,,,,84268.72727272728
41006,,8.0,,,,,,,,,84270.90909090909
41007,,,3.999999999999996,0.12721999999999628,0.0,,,,,,84273.09090909091
41020,4.127260208129883,,,,,,,,,,84301.45454545454
41021,,8.0,,,,,,,,,84303.63636363637
41022,,,3.999999999999996,0.1272599999999963,0.0,,,,,,84305.81818181818
41031,4.127299785614014,,,,,,,,,,84325.45454545454
41032,,8.0,,,,,,,,,84327.63636363637
41033,,,3.999999999999996,0.1272999999999963,0.0,,,,,,84329.81818181818
41039,,,,,,0.5611598491668701,0.6419909596443176,-0.003956187982112169,0.04833287373185158,0.4032250642776489,84339.82608695653
41047,4.127339839935303,,,,,,,,,,84360.69565217392
41048,,8.0,,,,,,,,,84363.30434782608
41049,,,3.999999999999996,0.12733999999999632,0.0,,,,,,84365.91304347826
41056,4.127379894256592,,,,,,,,,,84384.17391304347
41057,,8.0,,,,,,,,,84386.78260869565
41058,,,3.999999999999996,0.12737999999999633,0.0,,,,,,84389.39130434782
41068,4.127419948577881,,,,,,,,,,84415.47826086957
41069,,8.0,,,,,,,,,84418.08695652174
41070,,,3.999999999999996,0.12741999999999634,0.0,,,,,,84420.69565217392
41079,4.12746000289917,,,,,,,,,,84444.17391304347
41080,,8.0,,,,,,,,,84446.78260869565
41081,,,3.999999999999996,0.12745999999999635,0.0,,,,,,84449.39130434782
41087,,,,,,0.5339952111244202,0.6072536706924438,0.01479948591440916,0.0649956688284874,0.2591269910335541,84458.7924528302
41095,4.127500057220459,,,,,,,,,,84476.90566037736
41096,,8.0,,,,,,,,,84479.16981132075
41097,,,3.999999999999996,0.12749999999999637,0.0,,,,,,84481.43396226416
41105,4.127540111541748,,,,,,,,,,84499.54716981133
41106,,8.0,,,,,,,,,84501.81132075471
41107,,,3.999999999999996,0.12753999999999638,0.0,,,,,,84504.07547169812
41121,4.127580165863037,,,,,,,,,,84535.77358490566
41122,,8.0,,,,,,,,,84538.03773584905
41123,,,3.999999999999996,0.1275799999999964,0.0,,,,,,84540.30188679245
41134,4.127620220184326,,,,,,,,,,84565.2075471698
41135,,8.0,,,,,,,,,84567.47169811321
41136,,,3.999999999999996,0.1276199999999964,0.0,,,,,,84569.7358490566
41141,,,,,,0.5602239966392517,0.6263525485992432,-6.205526005942374e-05,0.060877226293087006,0.061707932502031326,84577.45454545454
41149,4.127659797668457,,,,,,,,,,84599.27272727272
41150,,8.0,,,,,,,,,84602.0
41151,,,3.999999999999996,0.12765999999999642,0.0,,,,,,84604.72727272728
41157,4.127699851989746,,,,,,,,,,84621.09090909091
41158,,8.0,,,,,,,,,84623.81818181818
41159,,,3.999999999999996,0.12769999999999643,0.0,,,,,,84626.54545454546
41166,4.127739906311035,,,,,,,,,,84645.63636363637
41167,,8.0,,,,,,,,,84648.36363636363
41168,,,3.999999999999996,0.12773999999999644,0.0,,,,,,84651.09090909091
41180,4.127779960632324,,,,,,,,,,84683.81818181818
41181,,8.0,,,,,,,,,84686.54545454546
41182,,,3.999999999999996,0.12777999999999645,0.0,,,,,,84689.27272727272
41188,,,,,,0.5479299426078796,0.6140421628952026,0.0059140934608876705,0.05285848677158356,0.20624040067195892,84698.42857142857
41198,4.127820014953613,,,,,,,,,,84719.85714285714
41199,,8.0,,,,,,,,,84722.0
41200,,,3.999999999999996,0.12781999999999646,0.0,,,,,,84724.14285714286
41210,4.127860069274902,,,,,,,,,,84745.57142857143
41211,,8.0,,,,,,,,,84747.71428571429
41212,,,3.999999999999996,0.12785999999999648,0.0,,,,,,84749.85714285714
41225,4.127900123596191,,,,,,,,,,84777.71428571429
41226,,8.0,,,,,,,,,84779.85714285714
41227,,,3.999999999999996,0.1278999999999965,0.0,,,,,,84782.0
41238,4.1279401779174805,,,,,,,,,,84805.57142857143
41239,,8.0,,,,,,,,,84807.71428571429
41240,,,3.999999999999996,0.1279399999999965,0.0,,,,,,84809.85714285714
41244,,,,,,0.49030163884162903,0.5655646324157715,0.004254862666130066,0.048766642808914185,-0.010786894708871841,84814.55319148937
41247,,,,,,0.5430452227592468,0.6175354719161987,0.019492825493216515,0.048591919243335724,0.018708964809775352,84822.21276595745
41256,4.1279802322387695,,,,,,,,,,84845.1914893617
41257,,8.0,,,,,,,,,84847.74468085106
41258,,,3.999999999999996,0.1279799999999965,0.0,,,,,,84850.29787234042
41268,4.1280198097229,,,,,,,,,,84875.82978723405
41269,,8.0,,,,,,,,,84878.3829787234
41270,,,3.999999999999996,0.12801999999999653,0.0,,,,,,84880.93617021276
41278,4.1280598640441895,,,,,,,,,,84901.36170212766
41279,,8.0,,,,,,,,,84903.91489361702
41280,,,3.999999999999996,0.12805999999999654,0.0,,,,,,84906.46808510639
41287,4.1280999183654785,,,,,,,,,,84924.34042553192
41288,,8.0,,,,,,,,,84926.89361702128
41289,,,3.999999999999996,0.12809999999999655,0.0,,,,,,84929.44680851063
41297,,,,,,0.5206108689308167,0.5848835706710815,0.0052565354853868484,0.024967219680547714,0.6802173852920532,84942.90909090909
41307,4.128139972686768,,,,,,,,,,84964.72727272728
41308,,8.0,,,,,,,,,84966.90909090909
41309,,,3.999999999999996,0.12813999999999656,0.0,,,,,,84969.09090909091
41317,4.128180027008057,,,,,,,,,,84986.54545454546
41318,,8.0,,,,,,,,,84988.72727272728
41319,,,3.999999999999996,0.12817999999999657,0.0,,,,,,84990.90909090909
41330,4.128220081329346,,,,,,,,,,85014.90909090909
41331,,8.0,,,,,,,,,85017.09090909091
41332,,,3.999999999999996,0.1282199999999966,0.0,,,,,,85019.27272727272
41344,4.128260135650635,,,,,,,,,,85045.45454545454
41345,,8.0,,,,,,,,,85047.63636363637
41346,,,3.999999999999996,0.1282599999999966,0.0,,,,,,85049.81818181818
41351,,,,,,0.49621090292930603,0.5629562735557556,-0.0031939675100147724,0.038971465080976486,0.6754909753799438,85057.33333333333
41358,4.128300189971924,,,,,,,,,,85076.0
41359,,8.0,,,,,,,,,85078.66666666667
41360,,,3.999999999999996,0.1282999999999966,0.0,,,,,,85081.33333333333
41371,4.128339767456055,,,,,,,,,,85110.66666666667
41372,,8.0,,,,,,,,,85113.33333333333
41373,,,3.999999999999996,0.12833999999999662,0.0,,,,,,85116.0
41379,4.128379821777344,,,,,,,,,,85132.0
41380,,8.0,,,,,,,,,85134.66666666667
41381,,,3.999999999999996,0.12837999999999664,0.0,,,,,,85137.33333333333
41391,4.128419876098633,,,,,,,,,,85164.0
41392,,8.0,,,,,,,,,85166.66666666667
41393,,,3.999999999999996,0.12841999999999665,0.0,,,,,,85169.33333333333
41399,,,,,,0.533409833908081,0.5694447755813599,0.014865430071949959,0.02876349724829197,0.6379441618919373,85179.2
41407,4.128459930419922,,,,,,,,,,85198.4
41408,,8.0,,,,,,,,,85200.8
41409,,,3.999999999999996,0.12845999999999666,0.0,,,,,,85203.2
41416,4.128499984741211,,,,,,,,,,85220.0
41417,,8.0,,,,,,,,,85222.4
41418,,,3.999999999999996,0.12849999999999667,0.0,,,,,,85224.8
41434,4.1285400390625,,,,,,,,,,85263.2
41435,,8.0,,,,,,,,,85265.6
41436,,,3.999999999999996,0.12853999999999668,0.0,,,,,,85268.0
41443,4.128580093383789,,,,,,,,,,85284.8
41444,,8.0,,,,,,,,,85287.2
41445,,,3.999999999999996,0.1285799999999967,0.0,,,,,,85289.6
41450,,,,,,0.508056640625,0.5470360517501831,-0.004969339817762375,0.030990134924650192,0.6739729046821594,85297.58139534884
41461,4.128620147705078,,,,,,,,,,85328.27906976744
41462,,8.0,,,,,,,,,85331.06976744186
41463,,,3.999999999999996,0.1286199999999967,0.0,,,,,,85333.86046511628
41472,4.128660202026367,,,,,,,,,,85358.97674418605
41473,,8.0,,,,,,,,,85361.76744186046
41474,,,3.999999999999996,0.12865999999999672,0.0,,,,,,85364.55813953489
41481,4.128699779510498,,,,,,,,,,85384.09302325582
41482,,8.0,,,,,,,,,85386.88372093023
41483,,,3.999999999999996,0.12869999999999673,0.0,,,,,,85389.67441860466
41488,4.128739833831787,,,,,,,,,,85403.62790697675
41489,,8.0,,,,,,,,,85406.41860465116
41490,,,3.999999999999996,0.12873999999999675,0.0,,,,,,85409.20930232559
41500,,,,,,0.4749516248703003,0.5515626668930054,0.0015737074427306652,0.047966714948415756,0.8689244389533997,85425.77049180328
41503,,,,,,0.5802025198936462,0.6428748965263367,-0.00018632660794537514,0.04117823392152786,0.8009869456291199,85431.67213114754
41517,4.128779888153076,,,,,,,,,,85459.2131147541
41518,,8.0,,,,,,,,,85461.18032786885
41519,,,3.999999999999996,0.12877999999999676,0.0,,,,,,85463.14754098361
41528,4.128819942474365,,,,,,,,,,85480.85245901639
41529,,8.0,,,,,,,,,85482.81967213115
41530,,,3.999999999999996,0.12881999999999677,0.0,,,,,,85484.7868852459
41539,4.128859996795654,,,,,,,,,,85502.4918032787
41540,,8.0,,,,,,,,,85504.45901639345
41541,,,3.999999999999996,0.12885999999999678,0.0,,,,,,85506.4262295082
41551,4.128900051116943,,,,,,,,,,85526.09836065574
41552,,8.0,,,,,,,,,85528.0655737705
41553,,,3.999999999999996,0.1288999999999968,0.0,,,,,,85530.03278688525
41560,,,,,,0.5090362429618835,0.5406098365783691,-0.0018574838759377599,0.04339892044663429,0.7280239462852478,85542.0
41574,4.128940105438232,,,,,,,,,,85577.0
41575,,8.0,,,,,,,,,85579.5
41576,,,3.999999999999996,0.1289399999999968,0.0,,,,,,85582.0
41583,4.1289801597595215,,,,,,,,,,85599.5
41584,,8.0,,,,,,,,,85602.0
41585,,,3.999999999999996,0.12897999999999682,0.0,,,,,,85604.5
41593,4.1290202140808105,,,,,,,,,,85624.5
41594,,8.0,,,,,,,,,85627.0
41595,,,3.999999999999996,0.12901999999999683,0.0,,,,,,85629.5
41601,4.129059791564941,,,,,,,,,,85644.5
41602,,8.0,,,,,,,,,85647.0
41603,,,3.999999999999996,0.12905999999999684,0.0,,,,,,85649.5
41610,,,,,,0.48874080181121826,0.5255441665649414,0.011714392341673374,0.04576779156923294,0.5267771482467651,85661.41176470589
41617,4.1290998458862305,,,,,,,,,,85677.88235294117
41618,,8.0,,,,,,,,,85680.23529411765
41619,,,3.999999999999996,0.12909999999999686,0.0,,,,,,85682.58823529411
41630,4.1291399002075195,,,,,,,,,,85708.4705882353
41631,,8.0,,,,,,,,,85710.82352941176
41632,,,3.999999999999996,0.12913999999999687,0.0,,,,,,85713.17647058824
41642,4.129179954528809,,,,,,,,,,85736.70588235294
41643,,8.0,,,,,,,,,85739.05882352941
41644,,,3.999999999999996,0.12917999999999688,0.0,,,,,,85741.41176470589
41654,4.129220008850098,,,,,,,,,,85764.94117647059
41655,,8.0,,,,,,,,,85767.29411764706
41656,,,3.999999999999996,0.1292199999999969,0.0,,,,,,85769.64705882352
41660,,,,,,0.543606162071228,0.6654309034347534,0.01235610619187355,0.04016203433275223,0.27913999557495117,85774.44897959183
41672,4.129260063171387,,,,,,,,,,85803.83673469388
41673,,8.0,,,,,,,,,85806.28571428571
41674,,,3.999999999999996,0.1292599999999969,0.0,,,,,,85808.73469387754
41683,4.129300117492676,,,,,,,,,,85830.77551020408
41684,,8.0,,,,,,,,,85833.22448979592
41685,,,3.999999999999996,0.12929999999999692,0.0,,,,,,85835.67346938775
41695,4.129340171813965,,,,,,,,,,85860.16326530612
41696,,8.0,,,,,,,,,85862.61224489796
41697,,,3.999999999999996,0.12933999999999693,0.0,,,,,,85865.0612244898
41705,4.129380226135254,,,,,,,,,,85884.6530612245
41706,,8.0,,,,,,,,,85887.10204081633
41707,,,3.999999999999996,0.12937999999999694,0.0,,,,,,85889.55102040817
41711,,,,,,0.503786027431488,0.5932349562644958,0.004973811097443104,0.0490085706114769,0.6306626200675964,85894.79069767441
41718,4.129419803619385,,,,,,,,,,85914.32558139534
41719,,8.0,,,,,,,,,85917.11627906977
41720,,,3.999999999999996,0.12941999999999695,0.0,,,,,,85919.90697674418
41726,4.129459857940674,,,,,,,,,,85936.6511627907
41727,,8.0,,,,,,,,,85939.44186046511
41728,,,3.999999999999996,0.12945999999999697,0.0,,,,,,85942.23255813954
41739,4.129499912261963,,,,,,,,,,85972.93023255814
41740,,8.0,,,,,,,,,85975.72093023256
41741,,,3.999999999999996,0.12949999999999698,0.0,,,,,,85978.51162790698
41750,4.129539966583252,,,,,,,,,,86003.62790697675
41751,,8.0,,,,,,,,,86006.41860465116
41752,,,3.999999999999996,0.129539999999997,0.0,,,,,,86009.20930232559
41757,,,,,,0.43493080139160156,0.4895336627960205,0.018688630312681198,0.06608875840902328,0.6076963543891907,86016.70588235294
41763,,,,,,0.48015642166137695,0.5638105869293213,0.007394739892333746,0.04125230759382248,0.3157166540622711,86030.82352941176
41775,4.129580020904541,,,,,,,,,,86059.05882352941
41776,,8.0,,,,,,,,,86061.41176470589
41777,,,3.999999999999996,0.129579999999997,0.0,,,,,,86063.76470588235
41784,4.12962007522583,,,,,,,,,,86080.23529411765
41785,,8.0,,,,,,,,,86082.58823529411
41786,,,3.999999999999996,0.12961999999999702,0.0,,,,,,86084.94117647059
41794,4.129660129547119,,,,,,,,,,86103.76470588235
41795,,8.0,,,,,,,,,86106.11764705883
41796,,,3.999999999999996,0.12965999999999703,0.0,,,,,,86108.4705882353
41803,4.129700183868408,,,,,,,,,,86124.94117647059
41804,,8.0,,,,,,,,,86127.29411764706
41805,,,3.999999999999996,0.12969999999999704,0.0,,,,,,86129.64705882352
41815,,,,,,0.5726428031921387,0.654132604598999,0.007572262082248926,0.05096031725406647,0.5111247301101685,86146.4827586207
41826,4.129740238189697,,,,,,,,,,86169.24137931035
41827,,8.0,,,,,,,,,86171.31034482758
41828,,,3.999999999999996,0.12973999999999705,0.0,,,,,,86173.37931034483
41836,4.129779815673828,,,,,,,,,,86189.93103448275
41837,,8.0,,,,,,,,,86192.0
41838,,,3.999999999999996,0.12977999999999706,0.0,,,,,,86194.06896551725
41853,4.129819869995117,,,,,,,,,,86225.10344827586
41854,,8.0,,,,,,,,,86227.1724137931
41855,,,3.999999999999996,0.12981999999999708,0.0,,,,,,86229.24137931035
41863,4.129859924316406,,,,,,,,,,86245.79310344828
41864,,8.0,,,,,,,,,86247.86206896552
41865,,,3.999999999999996,0.1298599999999971,0.0,,,,,,86249.93103448275
41872,,,,,,0.5408185124397278,0.6090567708015442,0.006040998734533787,0.03338848054409027,0.20148076117038727,86262.21276595745
41879,4.129899978637695,,,,,,,,,,86280.08510638298
41880,,8.0,,,,,,,,,86282.63829787234
41881,,,3.999999999999996,0.1298999999999971,0.0,,,,,,86285.1914893617
41891,4.129940032958984,,,,,,,,,,86310.72340425532
41892,,8.0,,,,,,,,,86313.27659574468
41893,,,3.999999999999996,0.1299399999999971,0.0,,,,,,86315.82978723405
41901,4.129980087280273,,,,,,,,,,86336.25531914894
41902,,8.0,,,,,,,,,86338.8085106383
41903,,,3.999999999999996,0.12997999999999713,0.0,,,,,,86341.36170212766
41912,4.1300201416015625,,,,,,,,,,86364.34042553192
41913,,8.0,,,,,,,,,86366.89361702128
41914,,,3.999999999999996,0.13001999999999714,0.0,,,,,,86369.44680851063
41918,,,,,,0.5676023960113525,0.6140644550323486,0.00937299057841301,0.02462065778672695,0.24171818792819977,86374.44897959183
41929,4.130060195922852,,,,,,,,,,86401.38775510204
41930,,8.0,,,,,,,,,86403.83673469388
41931,,,3.999999999999996,0.13005999999999715,0.0,,,,,,86406.28571428571
41940,4.130099773406982,,,,,,,,,,86428.32653061225
41941,,8.0,,,,,,,,,86430.77551020408
41942,,,3.999999999999996,0.13009999999999716,0.0,,,,,,86433.22448979592
41949,4.1301398277282715,,,,,,,,,,86450.36734693877
41950,,8.0,,,,,,,,,86452.8163265306
41951,,,3.999999999999996,0.13013999999999717,0.0,,,,,,86455.26530612246
41963,4.1301798820495605,,,,,,,,,,86484.6530612245
41964,,8.0,,,,,,,,,86487.10204081633
41965,,,3.999999999999996,0.1301799999999972,0.0,,,,,,86489.55102040817
41970,,,,,,0.5191448926925659,0.5795579552650452,-0.00023989321198314428,0.03404426574707031,0.3693337142467499,86496.70588235294
41979,4.13021993637085,,,,,,,,,,86517.88235294117
41980,,8.0,,,,,,,,,86520.23529411765
41981,,,3.999999999999996,0.1302199999999972,0.0,,,,,,86522.58823529411
41994,4.130259990692139,,,,,,,,,,86553.17647058824
41995,,8.0,,,,,,,,,86555.5294117647
41996,,,3.999999999999996,0.1302599999999972,0.0,,,,,,86557.88235294117
42003,4.130300045013428,,,,,,,,,,86574.35294117648
42004,,8.0,,,,,,,,,86576.70588235294
42005,,,3.999999999999996,0.13029999999999722,0.0,,,,,,86579.05882352941
42016,4.130340099334717,,,,,,,,,,86604.94117647059
42017,,8.0,,,,,,,,,86607.29411764706
42018,,,3.999999999999996,0.13033999999999724,0.0,,,,,,86609.64705882352
42024,,,,,,0.5530610084533691,0.6107879877090454,0.012198175303637981,0.04452592134475708,0.6672227382659912,86618.54545454546
42028,,,,,,0.6120895147323608,0.6911662817001343,0.0035446134861558676,0.021192071959376335,0.5346184968948364,86627.27272727272
42040,4.130380153656006,,,,,,,,,,86653.45454545454
42041,,8.0,,,,,,,,,86655.63636363637
42042,,,3.999999999999996,0.13037999999999725,0.0,,,,,,86657.81818181818
42050,4.130420207977295,,,,,,,,,,86675.27272727272
42051,,8.0,,,,,,,,,86677.45454545454
42052,,,3.999999999999996,0.13041999999999726,0.0,,,,,,86679.63636363637
42061,4.130459785461426,,,,,,,,,,86699.27272727272
42062,,8.0,,,,,,,,,86701.45454545454
42063,,,3.999999999999996,0.13045999999999727,0.0,,,,,,86703.63636363637
42073,4.130499839782715,,,,,,,,,,86725.45454545454
42074,,8.0,,,,,,,,,86727.63636363637
42075,,,3.999999999999996,0.13049999999999728,0.0,,,,,,86729.81818181818
42081,,,,,,0.5120049118995667,0.6056219339370728,0.0009120465256273746,0.04821281135082245,0.6157753467559814,86739.3469387755
42089,4.130539894104004,,,,,,,,,,86758.9387755102
42090,,8.0,,,,,,,,,86761.38775510204
42091,,,3.999999999999996,0.1305399999999973,0.0,,,,,,86763.83673469388
42098,4.130579948425293,,,,,,,,,,86780.97959183673
42099,,8.0,,,,,,,,,86783.42857142857
42100,,,3.999999999999996,0.1305799999999973,0.0,,,,,,86785.87755102041
42109,4.130620002746582,,,,,,,,,,86807.91836734694
42110,,8.0,,,,,,,,,86810.36734693877
42111,,,3.999999999999996,0.13061999999999732,0.0,,,,,,86812.8163265306
42124,4.130660057067871,,,,,,,,,,86844.6530612245
42125,,8.0,,,,,,,,,86847.10204081633
42126,,,3.999999999999996,0.13065999999999733,0.0,,,,,,86849.55102040817
42134,,,,,,0.5472360849380493,0.5747759342193604,0.013213807716965675,0.06707163900136948,0.8633329272270203,86865.95348837209
42147,4.13070011138916,,,,,,,,,,86902.23255813954
42148,,8.0,,,,,,,,,86905.02325581395
42149,,,3.999999999999996,0.13069999999999735,0.0,,,,,,86907.81395348837
42153,4.130740165710449,,,,,,,,,,86918.97674418605
42154,,8.0,,,,,,,,,86921.76744186046
42155,,,3.999999999999996,0.13073999999999736,0.0,,,,,,86924.55813953489
42160,4.130780220031738,,,,,,,,,,86938.51162790698
42161,,8.0,,,,,,,,,86941.30232558139
42162,,,3.999999999999996,0.13077999999999737,0.0,,,,,,86944.09302325582
42169,4.130819797515869,,,,,,,,,,86963.62790697675
42170,,8.0,,,,,,,,,86966.41860465116
42171,,,3.999999999999996,0.13081999999999738,0.0,,,,,,86969.20930232559
42176,,,,,,0.4976239800453186,0.542092502117157,0.013037540018558502,0.046813059598207474,0.3084196150302887,86977.45454545454
42186,4.130859851837158,,,,,,,,,,87004.72727272728
42187,,8.0,,,,,,,,,87007.45454545454
42188,,,3.999999999999996,0.1308599999999974,0.0,,,,,,87010.18181818182
42194,4.130899906158447,,,,,,,,,,87026.54545454546
42195,,8.0,,,,,,,,,87029.27272727272
42196,,,3.999999999999996,0.1308999999999974,0.0,,,,,,87032.0
42204,4.130939960479736,,,,,,,,,,87053.81818181818
42205,,8.0,,,,,,,,,87056.54545454546
42206,,,3.999999999999996,0.13093999999999742,0.0,,,,,,87059.27272727272
42215,4.130980014801025,,,,,,,,,,87083.81818181818
42216,,8.0,,,,,,,,,87086.54545454546
42217,,,3.999999999999996,0.13097999999999743,0.0,,,,,,87089.27272727272
42222,,,,,,0.5163527727127075,0.5871095657348633,0.0071296957321465015,0.02652987465262413,0.25984176993370056,87096.52830188679
42232,4.1310200691223145,,,,,,,,,,87119.16981132075
42233,,8.0,,,,,,,,,87121.43396226416
42234,,,3.999999999999996,0.13101999999999744,0.0,,,,,,87123.69811320755
42247,4.1310601234436035,,,,,,,,,,87153.1320754717
42248,,8.0,,,,,,,,,87155.39622641509
42249,,,3.999999999999996,0.13105999999999746,0.0,,,,,,87157.6603773585
42258,4.131100177764893,,,,,,,,,,87178.03773584905
42259,,8.0,,,,,,,,,87180.30188679245
42260,,,3.999999999999996,0.13109999999999747,0.0,,,,,,87182.56603773584
42270,4.131140232086182,,,,,,,,,,87205.2075471698
42271,,8.0,,,,,,,,,87207.47169811321
42272,,,3.999999999999996,0.13113999999999748,0.0,,,,,,87209.7358490566
42276,,,,,,0.5695088505744934,0.6287750601768494,0.0022077616304159164,0.03289295360445976,0.35054048895835876,87214.9268292683
42278,,,,,,0.5010401010513306,0.5666730999946594,0.0027415950316935778,0.03472365438938141,0.2955835163593292,87220.78048780488
42288,4.1311798095703125,,,,,,,,,,87250.0487804878
42289,,8.0,,,,,,,,,87252.9756097561
42290,,,3.999999999999996,0.1311799999999975,0.0,,,,,,87255.90243902439
42299,4.131219863891602,,,,,,,,,,87282.24390243902
42300,,8.0,,,,,,,,,87285.17073170732
42301,,,3.999999999999996,0.1312199999999975,0.0,,,,,,87288.09756097561
42306,4.131259918212891,,,,,,,,,,87302.73170731707
42307,,8.0,,,,,,,,,87305.65853658537
42308,,,3.999999999999996,0.13125999999999752,0.0,,,,,,87308.58536585367
42313,4.13129997253418,,,,,,,,,,87323.21951219512
42314,,8.0,,,,,,,,,87326.14634146342
42315,,,3.999999999999996,0.13129999999999753,0.0,,,,,,87329.0731707317
42322,,,,,,0.5370524525642395,0.6091699004173279,0.0031552789732813835,0.047454047948122025,0.47817355394363403,87341.23076923077
42333,4.131340026855469,,,,,,,,,,87366.61538461539
42334,,8.0,,,,,,,,,87368.92307692308
42335,,,3.999999999999996,0.13133999999999754,0.0,,,,,,87371.23076923077
42342,4.131380081176758,,,,,,,,,,87387.38461538461
42343,,8.0,,,,,,,,,87389.69230769231
42344,,,3.999999999999996,0.13137999999999755,0.0,,,,,,87392.0
42352,4.131420135498047,,,,,,,,,,87410.46153846153
42353,,8.0,,,,,,,,,87412.76923076923
42354,,,3.999999999999996,0.13141999999999757,0.0,,,,,,87415.07692307692
42367,4.131460189819336,,,,,,,,,,87445.07692307692
42368,,8.0,,,,,,,,,87447.38461538461
42369,,,3.999999999999996,0.13145999999999758,0.0,,,,,,87449.69230769231
42374,,,,,,0.5400156378746033,0.6029461622238159,0.00033863174030557275,0.02460511587560177,0.42541202902793884,87456.8
42380,4.131499767303467,,,,,,,,,,87471.2
42381,,8.0,,,,,,,,,87473.6
42382,,,3.999999999999996,0.1314999999999976,0.0,,,,,,87476.0
42393,4.131539821624756,,,,,,,,,,87502.4
42394,,8.0,,,,,,,,,87504.8
42395,,,3.999999999999996,0.1315399999999976,0.0,,,,,,87507.2
42406,4.131579875946045,,,,,,,,,,87533.6
42407,,8.0,,,,,,,,,87536.0
42408,,,3.999999999999996,0.13157999999999762,0.0,,,,,,87538.4
42419,4.131619930267334,,,,,,,,,,87564.8
42420,,8.0,,,,,,,,,87567.2
42421,,,3.999999999999996,0.13161999999999763,0.0,,,,,,87569.6
42427,,,,,,0.5248636603355408,0.548079252243042,0.004288779571652412,0.04132712259888649,0.651980459690094,87579.65957446808
42438,4.131659984588623,,,,,,,,,,87607.74468085106
42439,,8.0,,,,,,,,,87610.29787234042
42440,,,3.999999999999996,0.13165999999999764,0.0,,,,,,87612.85106382979
42446,4.131700038909912,,,,,,,,,,87628.17021276595
42447,,8.0,,,,,,,,,87630.72340425532
42448,,,3.999999999999996,0.13169999999999765,0.0,,,,,,87633.27659574468
42457,4.131740093231201,,,,,,,,,,87656.25531914894
42458,,8.0,,,,,,,,,87658.8085106383
42459,,,3.999999999999996,0.13173999999999766,0.0,,,,,,87661.36170212766
42468,4.13178014755249,,,,,,,,,,87684.34042553192
42469,,8.0,,,,,,,,,87686.89361702128
42470,,,3.999999999999996,0.13177999999999768,0.0,,,,,,87689.44680851063
42474,,,,,,0.5053766369819641,0.5923860669136047,0.008743601851165295,0.020702330395579338,0.1621679812669754,87694.44897959183
42485,4.131820201873779,,,,,,,,,,87721.38775510204
42486,,8.0,,,,,,,,,87723.83673469388
42487,,,3.999999999999996,0.1318199999999977,0.0,,,,,,87726.28571428571
42494,4.13185977935791,,,,,,,,,,87743.42857142857
42495,,8.0,,,,,,,,,87745.87755102041
42496,,,3.999999999999996,0.1318599999999977,0.0,,,,,,87748.32653061225
42510,4.131899833679199,,,,,,,,,,87782.61224489796
42511,,8.0,,,,,,,,,87785.0612244898
42512,,,3.999999999999996,0.1318999999999977,0.0,,,,,,87787.51020408163
42519,4.131939888000488,,,,,,,,,,87804.6530612245
42520,,8.0,,,,,,,,,87807.10204081633
42521,,,3.999999999999996,0.13193999999999773,0.0,,,,,,87809.55102040817
42526,,,,,,0.58558189868927,0.6351690292358398,0.005628128070384264,0.036075592041015625,0.5878967642784119,87816.52830188679
42529,,,,,,0.5625596642494202,0.6151589155197144,0.010128719732165337,0.05924384668469429,0.6048505902290344,87823.32075471699
42540,4.131979942321777,,,,,,,,,,87848.22641509434
42541,,8.0,,,,,,,,,87850.49056603774
42542,,,3.999999999999996,0.13197999999999774,0.0,,,,,,87852.75471698113
42555,4.132019996643066,,,,,,,,,,87882.18867924529
42556,,8.0,,,,,,,,,87884.45283018867
42557,,,3.999999999999996,0.13201999999999775,0.0,,,,,,87886.71698113208
42565,4.1320600509643555,,,,,,,,,,87904.83018867925
42566,,8.0,,,,,,,,,87907.09433962264
42567,,,3.999999999999996,0.13205999999999776,0.0,,,,,,87909.35849056604
42574,4.1321001052856445,,,,,,,,,,87925.2075471698
42575,,8.0,,,,,,,,,87927.47169811321
42576,,,3.999999999999996,0.13209999999999777,0.0,,,,,,87929.7358490566
42583,,,,,,0.523115873336792,0.5977751612663269,0.010672314092516899,0.0427837148308754,0.6797785758972168,87942.43478260869
42592,4.132140159606934,,,,,,,,,,87965.91304347826
42593,,8.0,,,,,,,,,87968.52173913043
42594,,,3.999999999999996,0.1321399999999978,0.0,,,,,,87971.13043478261
42603,4.132180213928223,,,,,,,,,,87994.60869565218
42604,,8.0,,,,,,,,,87997.21739130435
42605,,,3.999999999999996,0.1321799999999978,0.0,,,,,,87999.82608695653
42613,4.1322197914123535,,,,,,,,,,88020.69565217392
42614,,8.0,,,,,,,,,88023.30434782608
42615,,,3.999999999999996,0.1322199999999978,0.0,,,,,,88025.91304347826
42622,4.132259845733643,,,,,,,,,,88044.17391304347
42623,,8.0,,,,,,,,,88046.78260869565
42624,,,3.999999999999996,0.13225999999999782,0.0,,,,,,88049.39130434782
42628,,,,,,0.5591938495635986,0.5822778940200806,-0.00185879145283252,0.05668848007917404,0.45701131224632263,88054.72727272728
42635,4.132299900054932,,,,,,,,,,88073.81818181818
42636,,8.0,,,,,,,,,88076.54545454546
42637,,,3.999999999999996,0.13229999999999784,0.0,,,,,,88079.27272727272
42648,4.132339954376221,,,,,,,,,,88109.27272727272
42649,,8.0,,,,,,,,,88112.0
42650,,,3.999999999999996,0.13233999999999785,0.0,,,,,,88114.72727272728
42660,4.13238000869751,,,,,,,,,,88142.0
42661,,8.0,,,,,,,,,88144.72727272728
42662,,,3.999999999999996,0.13237999999999786,0.0,,,,,,88147.45454545454
42668,4.132420063018799,,,,,,,,,,88163.81818181818
42669,,8.0,,,,,,,,,88166.54545454546
42670,,,3.999999999999996,0.13241999999999787,0.0,,,,,,88169.27272727272
42675,,,,,,0.59266597032547,0.6340136528015137,-0.003689420875161886,0.038009993731975555,0.48548513650894165,88178.48648648648
42684,4.132460117340088,,,,,,,,,,88207.67567567568
42685,,8.0,,,,,,,,,88210.91891891892
42686,,,3.999999999999996,0.13245999999999788,0.0,,,,,,88214.16216216216
42693,4.132500171661377,,,,,,,,,,88236.86486486487
42694,,8.0,,,,,,,,,88240.1081081081
42695,,,3.999999999999996,0.1324999999999979,0.0,,,,,,88243.35135135135
42700,4.132540225982666,,,,,,,,,,88259.56756756757
42701,,8.0,,,,,,,,,88262.81081081081
42702,,,3.999999999999996,0.1325399999999979,0.0,,,,,,88266.05405405405
42707,4.132579803466797,,,,,,,,,,88282.27027027027
42708,,8.0,,,,,,,,,88285.51351351352
42709,,,3.999999999999996,0.13257999999999792,0.0,,,,,,88288.75675675676
42714,,,,,,0.5112406611442566,0.5795081257820129,0.001350098056718707,0.04277624189853668,0.3245476484298706,88296.21052631579
42730,4.132619857788086,,,,,,,,,,88329.8947368421
42731,,8.0,,,,,,,,,88332.0
42732,,,3.999999999999996,0.13261999999999793,0.0,,,,,,88334.1052631579
42742,4.132659912109375,,,,,,,,,,88355.15789473684
42743,,8.0,,,,,,,,,88357.26315789473
42744,,,3.999999999999996,0.13265999999999795,0.0,,,,,,88359.36842105263
42755,4.132699966430664,,,,,,,,,,88382.52631578948
42756,,8.0,,,,,,,,,88384.63157894737
42757,,,3.999999999999996,0.13269999999999796,0.0,,,,,,88386.73684210527
42766,4.132740020751953,,,,,,,,,,88405.68421052632
42767,,8.0,,,,,,,,,88407.78947368421
42768,,,3.999999999999996,0.13273999999999797,0.0,,,,,,88409.8947368421
42772,,,,,,0.5733054876327515,0.6235103011131287,0.015142995864152908,0.06056844815611839,0.5808273553848267,88414.60869565218
42775,,,,,,0.5691331624984741,0.6164038181304932,0.023638347163796425,0.08110219985246658,0.45891788601875305,88422.43478260869
42787,4.132780075073242,,,,,,,,,,88453.73913043478
42788,,8.0,,,,,,,,,88456.34782608696
42789,,,3.999999999999996,0.13277999999999798,0.0,,,,,,88458.95652173914
42794,4.132820129394531,,,,,,,,,,88472.0
42795,,8.0,,,,,,,,,88474.60869565218
42796,,,3.999999999999996,0.132819999999998,0.0,,,,,,88477.21739130435
42805,4.13286018371582,,,,,,,,,,88500.69565217392
42806,,8.0,,,,,,,,,88503.30434782608
42807,,,3.999999999999996,0.132859999999998,0.0,,,,,,88505.91304347826
42814,4.132900238037109,,,,,,,,,,88524.17391304347
42815,,8.0,,,,,,,,,88526.78260869565
42816,,,3.999999999999996,0.13289999999999802,0.0,,,,,,88529.39130434782
42822,,,,,,0.567740797996521,0.618797779083252,0.008638483472168446,0.056589994579553604,0.3923792541027069,88539.3469387755
42832,4.13293981552124,,,,,,,,,,88563.83673469388
42833,,8.0,,,,,,,,,88566.28571428571
42834,,,3.999999999999996,0.13293999999999803,0.0,,,,,,88568.73469387754
42845,4.132979869842529,,,,,,,,,,88595.67346938775
42846,,8.0,,,,,,,,,88598.12244897959
42847,,,3.999999999999996,0.13297999999999804,0.0,,,,,,88600.57142857143
42855,4.133019924163818,,,,,,,,,,88620.16326530612
42856,,8.0,,,,,,,,,88622.61224489796
42857,,,3.999999999999996,0.13301999999999806,0.0,,,,,,88625.0612244898
42865,4.133059978485107,,,,,,,,,,88644.6530612245
42866,,8.0,,,,,,,,,88647.10204081633
42867,,,3.999999999999996,0.13305999999999807,0.0,,,,,,88649.55102040817
42874,,,,,,0.5248540043830872,0.5825181007385254,0.018264194950461388,0.06983578950166702,0.19229017198085785,88662.43478260869
42887,4.1331000328063965,,,,,,,,,,88696.34782608696
42888,,8.0,,,,,,,,,88698.95652173914
42889,,,3.999999999999996,0.13309999999999808,0.0,,,,,,88701.56521739131
42897,4.1331400871276855,,,,,,,,,,88722.43478260869
42898,,8.0,,,,,,,,,88725.04347826086
42899,,,3.999999999999996,0.1331399999999981,0.0,,,,,,88727.65217391304
42907,4.133180141448975,,,,,,,,,,88748.52173913043
42908,,8.0,,,,,,,,,88751.13043478261
42909,,,3.999999999999996,0.1331799999999981,0.0,,,,,,88753.73913043478
42913,4.133220195770264,,,,,,,,,,88764.17391304347
42914,,8.0,,,,,,,,,88766.78260869565
42915,,,3.999999999999996,0.13321999999999812,0.0,,,,,,88769.39130434782
42920,,,,,,0.5439134240150452,0.5952576994895935,0.027352090924978256,0.07488875836133957,0.12498349696397781,88776.44444444444
42935,4.1332597732543945,,,,,,,,,,88809.77777777778
42936,,8.0,,,,,,,,,88812.0
42937,,,3.999999999999996,0.13325999999999813,0.0,,,,,,88814.22222222222
42949,4.133299827575684,,,,,,,,,,88840.88888888889
42950,,8.0,,,,,,,,,88843.11111111111
42951,,,3.999999999999996,0.13329999999999814,0.0,,,,,,88845.33333333333
42957,4.133339881896973,,,,,,,,,,88858.66666666667
42958,,8.0,,,,,,,,,88860.88888888889
42959,,,3.999999999999996,0.13333999999999815,0.0,,,,,,88863.11111111111
42969,4.133379936218262,,,,,,,,,,88885.33333333333
42970,,8.0,,,,,,,,,88887.55555555556
42971,,,3.999999999999996,0.13337999999999817,0.0,,,,,,88889.77777777778
42977,,,,,,0.5034341812133789,0.6113736033439636,-0.0018763350090011954,0.06753718852996826,0.23272529244422913,88899.2
42988,4.133419990539551,,,,,,,,,,88925.6
42989,,8.0,,,,,,,,,88928.0
42990,,,3.999999999999996,0.13341999999999818,0.0,,,,,,88930.4
42999,4.13346004486084,,,,,,,,,,88952.0
43000,,8.0,,,,,,,,,88954.4
43001,,,3.999999999999996,0.1334599999999982,0.0,,,,,,88956.8
43014,4.133500099182129,,,,,,,,,,88988.0
43015,,8.0,,,,,,,,,88990.4
43016,,,3.999999999999996,0.1334999999999982,0.0,,,,,,88992.8
43021,4.133540153503418,,,,,,,,,,89004.8
43022,,8.0,,,,,,,,,89007.2
43023,,,3.999999999999996,0.13353999999999822,0.0,,,,,,89009.6
43028,,,,,,0.5452325344085693,0.5961315631866455,0.008953624404966831,0.060933686792850494,0.1149512529373169,89016.89795918367
43034,,,,,,0.5289647579193115,0.6052231788635254,0.02676980197429657,0.06609077751636505,0.18752600252628326,89031.59183673469
43039,4.133580207824707,,,,,,,,,,89043.83673469388
43040,,8.0,,,,,,,,,89046.28571428571
43041,,,3.999999999999996,0.13357999999999823,0.0,,,,,,89048.73469387754
43050,4.133619785308838,,,,,,,,,,89070.77551020408
43051,,8.0,,,,,,,,,89073.22448979592
43052,,,3.999999999999996,0.13361999999999824,0.0,,,,,,89075.67346938775
43061,4.133659839630127,,,,,,,,,,89097.71428571429
43062,,8.0,,,,,,,,,89100.16326530612
43063,,,3.999999999999996,0.13365999999999825,0.0,,,,,,89102.61224489796
43072,4.133699893951416,,,,,,,,,,89124.6530612245
43073,,8.0,,,,,,,,,89127.10204081633
43074,,,3.999999999999996,0.13369999999999826,0.0,,,,,,89129.55102040817
43083,,,,,,0.5025903582572937,0.5876908898353577,0.02953086793422699,0.0881114974617958,0.3722088038921356,89148.36363636363
43092,4.133739948272705,,,,,,,,,,89172.90909090909
43093,,8.0,,,,,,,,,89175.63636363637
43094,,,3.999999999999996,0.13373999999999828,0.0,,,,,,89178.36363636363
43102,4.133780002593994,,,,,,,,,,89200.18181818182
43103,,8.0,,,,,,,,,89202.90909090909
43104,,,3.999999999999996,0.1337799999999983,0.0,,,,,,89205.63636363637
43110,4.133820056915283,,,,,,,,,,89222.0
43111,,8.0,,,,,,,,,89224.72727272728
43112,,,3.999999999999996,0.1338199999999983,0.0,,,,,,89227.45454545454
43118,4.133860111236572,,,,,,,,,,89243.81818181818
43119,,8.0,,,,,,,,,89246.54545454546
43120,,,3.999999999999996,0.1338599999999983,0.0,,,,,,89249.27272727272
43127,,,,,,0.6140652298927307,0.6666107773780823,0.004389339126646519,0.058515340089797974,0.09703605622053146,89262.43478260869
43135,4.133900165557861,,,,,,,,,,89283.30434782608
43136,,8.0,,,,,,,,,89285.91304347826
43137,,,3.999999999999996,0.13389999999999833,0.0,,,,,,89288.52173913043
43148,4.13394021987915,,,,,,,,,,89317.21739130435
43149,,8.0,,,,,,,,,89319.82608695653
43150,,,3.999999999999996,0.13393999999999834,0.0,,,,,,89322.43478260869
43157,4.133979797363281,,,,,,,,,,89340.69565217392
43158,,8.0,,,,,,,,,89343.30434782608
43159,,,3.999999999999996,0.13397999999999835,0.0,,,,,,89345.91304347826
43166,4.13401985168457,,,,,,,,,,89364.17391304347
43167,,8.0,,,,,,,,,89366.78260869565
43168,,,3.999999999999996,0.13401999999999836,0.0,,,,,,89369.39130434782
43173,,,,,,0.5849699974060059,0.6413663625717163,0.01676739566028118,0.060910165309906006,0.1907820850610733,89376.89795918367
43181,4.134059906005859,,,,,,,,,,89396.48979591837
43182,,8.0,,,,,,,,,89398.9387755102
43183,,,3.999999999999996,0.13405999999999837,0.0,,,,,,89401.38775510204
43192,4.134099960327148,,,,,,,,,,89423.42857142857
43193,,8.0,,,,,,,,,89425.87755102041
43194,,,3.999999999999996,0.1340999999999984,0.0,,,,,,89428.32653061225
43205,4.1341400146484375,,,,,,,,,,89455.26530612246
43206,,8.0,,,,,,,,,89457.71428571429
43207,,,3.999999999999996,0.1341399999999984,0.0,,,,,,89460.16326530612
43217,4.134180068969727,,,,,,,,,,89484.6530612245
43218,,8.0,,,,,,,,,89487.10204081633
43219,,,3.999999999999996,0.1341799999999984,0.0,,,,,,89489.55102040817
43224,,,,,,0.553692102432251,0.6271688938140869,0.021639157086610794,0.10032054036855698,0.324670672416687,89497.33333333333
43232,4.134220123291016,,,,,,,,,,89518.66666666667
43233,,8.0,,,,,,,,,89521.33333333333
43234,,,3.999999999999996,0.13421999999999842,0.0,,,,,,89524.0
43242,4.134260177612305,,,,,,,,,,89545.33333333333
43243,,8.0,,,,,,,,,89548.0
43244,,,3.999999999999996,0.13425999999999844,0.0,,,,,,89550.66666666667
43251,4.134300231933594,,,,,,,,,,89569.33333333333
43252,,8.0,,,,,,,,,89572.0
43253,,,3.999999999999996,0.13429999999999845,0.0,,,,,,89574.66666666667
43264,4.134339809417725,,,,,,,,,,89604.0
43265,,8.0,,,,,,,,,89606.66666666667
43266,,,3.999999999999996,0.13433999999999846,0.0,,,,,,89609.33333333333
43270,,,,,,0.5109595060348511,0.563094437122345,0.00992471445351839,0.060308560729026794,0.13772909343242645,89614.18181818182
43274,,,,,,0.5589386820793152,0.607983410358429,0.00987926870584488,0.05461440980434418,0.11888118088245392,89622.90909090909
43284,4.134379863739014,,,,,,,,,,89644.72727272728
43285,,8.0,,,,,,,,,89646.90909090909
43286,,,3.999999999999996,0.13437999999999847,0.0,,,,,,89649.09090909091
43296,4.134419918060303,,,,,,,,,,89670.90909090909
43297,,8.0,,,,,,,,,89673.09090909091
43298,,,3.999999999999996,0.13441999999999849,0.0,,,,,,89675.27272727272
43310,4.134459972381592,,,,,,,,,,89701.45454545454
43311,,8.0,,,,,,,,,89703.63636363637
43312,,,3.999999999999996,0.1344599999999985,0.0,,,,,,89705.81818181818
43321,4.134500026702881,,,,,,,,,,89725.45454545454
43322,,8.0,,,,,,,,,89727.63636363637
43323,,,3.999999999999996,0.1344999999999985,0.0,,,,,,89729.81818181818
43329,,,,,,0.48772406578063965,0.5579171180725098,0.0016590256709605455,0.04045240581035614,0.07304051518440247,89738.7924528302
43344,4.13454008102417,,,,,,,,,,89772.75471698113
43345,,8.0,,,,,,,,,89775.01886792453
43346,,,3.999999999999996,0.13453999999999852,0.0,,,,,,89777.28301886792
43354,4.134580135345459,,,,,,,,,,89795.39622641509
43355,,8.0,,,,,,,,,89797.6603773585
43356,,,3.999999999999996,0.13457999999999853,0.0,,,,,,89799.92452830188
43363,4.134620189666748,,,,,,,,,,89815.77358490566
43364,,8.0,,,,,,,,,89818.03773584905
43365,,,3.999999999999996,0.13461999999999855,0.0,,,,,,89820.30188679245
43376,4.134659767150879,,,,,,,,,,89845.2075471698
43377,,8.0,,,,,,,,,89847.47169811321
43378,,,3.999999999999996,0.13465999999999856,0.0,,,,,,89849.7358490566
43386,,,,,,0.5072947144508362,0.55821293592453,0.01891595683991909,0.05248350650072098,0.09306245297193527,89864.24489795919
43392,4.134699821472168,,,,,,,,,,89878.9387755102
43393,,8.0,,,,,,,,,89881.38775510204
43394,,,3.999999999999996,0.13469999999999857,0.0,,,,,,89883.83673469388
43407,4.134739875793457,,,,,,,,,,89915.67346938775
43408,,8.0,,,,,,,,,89918.12244897959
43409,,,3.999999999999996,0.13473999999999858,0.0,,,,,,89920.57142857143
43416,4.134779930114746,,,,,,,,,,89937.71428571429
43417,,8.0,,,,,,,,,89940.16326530612
43418,,,3.999999999999996,0.1347799999999986,0.0,,,,,,89942.61224489796
43427,4.134819984436035,,,,,,,,,,89964.6530612245
43428,,8.0,,,,,,,,,89967.10204081633
43429,,,3.999999999999996,0.1348199999999986,0.0,,,,,,89969.55102040817
43435,,,,,,0.5210559964179993,0.5640871524810791,0.007389158010482788,0.055798135697841644,0.05599813163280487,89977.71428571429
43448,4.134860038757324,,,,,,,,,,90002.47619047618
43449,,8.0,,,,,,,,,90004.38095238095
43450,,,3.999999999999996,0.13485999999999862,0.0,,,,,,90006.28571428571
43459,4.134900093078613,,,,,,,,,,90023.42857142857
43460,,8.0,,,,,,,,,90025.33333333333
43461,,,3.999999999999996,0.13489999999999863,0.0,,,,,,90027.23809523809
43476,4.134940147399902,,,,,,,,,,90055.80952380953
43477,,8.0,,,,,,,,,90057.71428571429
43478,,,3.999999999999996,0.13493999999999864,0.0,,,,,,90059.61904761905
43492,4.134980201721191,,,,,,,,,,90086.28571428571
43493,,8.0,,,,,,,,,90088.19047619047
43494,,,3.999999999999996,0.13497999999999866,0.0,,,,,,90090.09523809524
43500,,,,,,0.4767138957977295,0.5323927998542786,-0.0007873783470131457,0.04245444014668465,-0.05935025215148926,90098.92307692308
43510,4.135019779205322,,,,,,,,,,90122.0
43511,,8.0,,,,,,,,,90124.30769230769
43512,,,3.999999999999996,0.13501999999999867,0.0,,,,,,90126.61538461539
43522,4.135059833526611,,,,,,,,,,90149.69230769231
43523,,8.0,,,,,,,,,90152.0
43524,,,3.999999999999996,0.13505999999999868,0.0,,,,,,90154.30769230769
43533,4.1350998878479,,,,,,,,,,90175.07692307692
43534,,8.0,,,,,,,,,90177.38461538461
43535,,,3.999999999999996,0.1350999999999987,0.0,,,,,,90179.69230769231
43546,4.1351399421691895,,,,,,,,,,90205.07692307692
43547,,8.0,,,,,,,,,90207.38461538461
43548,,,3.999999999999996,0.1351399999999987,0.0,,,,,,90209.69230769231
43553,,,,,,0.5129387378692627,0.5586624145507812,0.010032592341303825,0.05798778682947159,0.39974236488342285,90216.61538461539
43557,,,,,,0.4669666588306427,0.5132313966751099,0.018838603049516678,0.04340824857354164,0.33454567193984985,90225.84615384616
43566,4.1351799964904785,,,,,,,,,,90246.61538461539
43567,,8.0,,,,,,,,,90248.92307692308
43568,,,3.999999999999996,0.13517999999999872,0.0,,,,,,90251.23076923077
43577,4.135220050811768,,,,,,,,,,90272.0
43578,,8.0,,,,,,,,,90274.30769230769
43579,,,3.999999999999996,0.13521999999999873,0.0,,,,,,90276.61538461539
43587,4.135260105133057,,,,,,,,,,90295.07692307692
43588,,8.0,,,,,,,,,90297.38461538461
43589,,,3.999999999999996,0.13525999999999874,0.0,,,,,,90299.69230769231
43600,4.135300159454346,,,,,,,,,,90325.07692307692
43601,,8.0,,,,,,,,,90327.38461538461
43602,,,3.999999999999996,0.13529999999999875,0.0,,,,,,90329.69230769231
43611,,,,,,0.529274046421051,0.5801323652267456,0.013748410157859325,0.07104475051164627,0.4390280544757843,90345.33333333333
43617,4.135340213775635,,,,,,,,,,90358.66666666667
43618,,8.0,,,,,,,,,90360.88888888889
43619,,,3.999999999999996,0.13533999999999877,0.0,,,,,,90363.11111111111
43626,4.135379791259766,,,,,,,,,,90378.66666666667
43627,,8.0,,,,,,,,,90380.88888888889
43628,,,3.999999999999996,0.13537999999999878,0.0,,,,,,90383.11111111111
43643,4.135419845581055,,,,,,,,,,90416.44444444444
43644,,8.0,,,,,,,,,90418.66666666667
43645,,,3.999999999999996,0.1354199999999988,0.0,,,,,,90420.88888888889
43656,4.135459899902344,,,,,,,,,,90445.33333333333
43657,,8.0,,,,,,,,,90447.55555555556
43658,,,3.999999999999996,0.1354599999999988,0.0,,,,,,90449.77777777778
43665,,,,,,0.501735508441925,0.5477182269096375,0.006506783422082663,0.045978691428899765,0.2567140758037567,90463.16279069768
43672,4.135499954223633,,,,,,,,,,90482.69767441861
43673,,8.0,,,,,,,,,90485.48837209302
43674,,,3.999999999999996,0.13549999999999882,0.0,,,,,,90488.27906976744
43682,4.135540008544922,,,,,,,,,,90510.6046511628
43683,,8.0,,,,,,,,,90513.3953488372
43684,,,3.999999999999996,0.13553999999999883,0.0,,,,,,90516.18604651163
43689,4.135580062866211,,,,,,,,,,90530.13953488372
43690,,8.0,,,,,,,,,90532.93023255814
43691,,,3.999999999999996,0.13557999999999884,0.0,,,,,,90535.72093023256
43701,4.1356201171875,,,,,,,,,,90563.62790697675
43702,,8.0,,,,,,,,,90566.41860465116
43703,,,3.999999999999996,0.13561999999999885,0.0,,,,,,90569.20930232559
43709,,,,,,0.4606848955154419,0.5446382164955139,0.0085661131888628,0.03454446792602539,0.04830527305603027,90580.78048780488
43716,4.135660171508789,,,,,,,,,,90601.26829268293
43717,,8.0,,,,,,,,,90604.19512195123
43718,,,3.999999999999996,0.13565999999999886,0.0,,,,,,90607.12195121951
43725,4.135700225830078,,,,,,,,,,90627.60975609756
43726,,8.0,,,,,,,,,90630.53658536586
43727,,,3.999999999999996,0.13569999999999888,0.0,,,,,,90633.46341463414
43732,4.135739803314209,,,,,,,,,,90648.09756097561
43733,,8.0,,,,,,,,,90651.0243902439
43734,,,3.999999999999996,0.1357399999999989,0.0,,,,,,90653.9512195122
43744,4.135779857635498,,,,,,,,,,90683.21951219512
43745,,8.0,,,,,,,,,90686.14634146342
43746,,,3.999999999999996,0.1357799999999989,0.0,,,,,,90689.0731707317
43754,,,,,,0.5056777000427246,0.5388420224189758,0.0428890623152256,0.08567831665277481,0.3209783732891083,90703.53846153847
43764,4.135819911956787,,,,,,,,,,90726.61538461539
43765,,8.0,,,,,,,,,90728.92307692308
43766,,,3.999999999999996,0.1358199999999989,0.0,,,,,,90731.23076923077
43775,4.135859966278076,,,,,,,,,,90752.0
43776,,8.0,,,,,,,,,90754.30769230769
43777,,,3.999999999999996,0.13585999999999893,0.0,,,,,,90756.61538461539
43783,4.135900020599365,,,,,,,,,,90770.46153846153
43784,,8.0,,,,,,,,,90772.76923076923
43785,,,3.999999999999996,0.13589999999999894,0.0,,,,,,90775.07692307692
43798,4.135940074920654,,,,,,,,,,90805.07692307692
43799,,8.0,,,,,,,,,90807.38461538461
43800,,,3.999999999999996,0.13593999999999895,0.0,,,,,,90809.69230769231
43804,,,,,,0.5539143681526184,0.5934011340141296,0.001861143158748746,0.06244512274861336,0.17398473620414734,90814.44897959183
43810,,,,,,0.5156267285346985,0.5669277906417847,0.0024928580969572067,0.05611731484532356,0.10230705142021179,90829.14285714286
43821,4.135980129241943,,,,,,,,,,90856.08163265306
43822,,8.0,,,,,,,,,90858.5306122449
43823,,,3.999999999999996,0.13597999999999896,0.0,,,,,,90860.97959183673
43832,4.136020183563232,,,,,,,,,,90883.02040816327
43833,,8.0,,,,,,,,,90885.4693877551
43834,,,3.999999999999996,0.13601999999999898,0.0,,,,,,90887.91836734694
43842,4.1360602378845215,,,,,,,,,,90907.51020408163
43843,,8.0,,,,,,,,,90909.95918367348
43844,,,3.999999999999996,0.136059999999999,0.0,,,,,,90912.40816326531
43849,4.136099815368652,,,,,,,,,,90924.6530612245
43850,,8.0,,,,,,,,,90927.10204081633
43851,,,3.999999999999996,0.136099999999999,0.0,,,,,,90929.55102040817
43859,,,,,,0.48552924394607544,0.5412607192993164,0.02572692185640335,0.055834803730249405,0.07032925635576248,90944.5
43865,4.136139869689941,,,,,,,,,,90959.5
43866,,8.0,,,,,,,,,90962.0
43867,,,3.999999999999996,0.136139999999999,0.0,,,,,,90964.5
43880,4.1361799240112305,,,,,,,,,,90997.0
43881,,8.0,,,,,,,,,90999.5
43882,,,3.999999999999996,0.13617999999999902,0.0,,,,,,91002.0
43889,4.1362199783325195,,,,,,,,,,91019.5
43890,,8.0,,,,,,,,,91022.0
43891,,,3.999999999999996,0.13621999999999904,0.0,,,,,,91024.5
43899,4.136260032653809,,,,,,,,,,91044.5
43900,,8.0,,,,,,,,,91047.0
43901,,,3.999999999999996,0.13625999999999905,0.0,,,,,,91049.5
43909,,,,,,0.5613860487937927,0.6000968217849731,0.02721700258553028,0.053005069494247437,0.2518135905265808,91061.375
43923,4.136300086975098,,,,,,,,,,91087.625
43924,,8.0,,,,,,,,,91089.5
43925,,,3.999999999999996,0.13629999999999906,0.0,,,,,,91091.375
43936,4.136340141296387,,,,,,,,,,91112.0
43937,,8.0,,,,,,,,,91113.875
43938,,,3.999999999999996,0.13633999999999907,0.0,,,,,,91115.75
43954,4.136380195617676,,,,,,,,,,91145.75
43955,,8.0,,,,,,,,,91147.625
43956,,,3.999999999999996,0.13637999999999909,0.0,,,,,,91149.5
43965,4.136419773101807,,,,,,,,,,91166.375
43966,,8.0,,,,,,,,,91168.25
43967,,,3.999999999999996,0.1364199999999991,0.0,,,,,,91170.125
43972,,,,,,0.568147599697113,0.6101071834564209,0.022836623713374138,0.07213985174894333,0.47130662202835083,91177.10638297872
43986,4.136459827423096,,,,,,,,,,91212.85106382979
43987,,8.0,,,,,,,,,91215.40425531915
43988,,,3.999999999999996,0.1364599999999991,0.0,,,,,,91217.9574468085
43994,4.136499881744385,,,,,,,,,,91233.27659574468
43995,,8.0,,,,,,,,,91235.82978723405
43996,,,3.999999999999996,0.13649999999999912,0.0,,,,,,91238.3829787234
44006,4.136539936065674,,,,,,,,,,91263.91489361702
44007,,8.0,,,,,,,,,91266.46808510639
44008,,,3.999999999999996,0.13653999999999913,0.0,,,,,,91269.02127659574
44014,4.136579990386963,,,,,,,,,,91284.34042553192
44015,,8.0,,,,,,,,,91286.89361702128
44016,,,3.999999999999996,0.13657999999999915,0.0,,,,,,91289.44680851063
44021,,,,,,0.6130786538124084,0.6731139421463013,0.009369335137307644,0.06755746901035309,0.1588435024023056,91296.44444444444
44035,4.136620044708252,,,,,,,,,,91327.55555555556
44036,,8.0,,,,,,,,,91329.77777777778
44037,,,3.999999999999996,0.13661999999999916,0.0,,,,,,91332.0
44044,4.136660099029541,,,,,,,,,,91347.55555555556
44045,,8.0,,,,,,,,,91349.77777777778
44046,,,3.999999999999996,0.13665999999999917,0.0,,,,,,91352.0
44055,4.13670015335083,,,,,,,,,,91372.0
44056,,8.0,,,,,,,,,91374.22222222222
44057,,,3.999999999999996,0.13669999999999918,0.0,,,,,,91376.44444444444
44070,4.136740207672119,,,,,,,,,,91405.33333333333
44071,,8.0,,,,,,,,,91407.55555555556
44072,,,3.999999999999996,0.1367399999999992,0.0,,,,,,91409.77777777778
44076,,,,,,0.6697511672973633,0.7621052861213684,0.0052532316185534,0.08747241646051407,-0.8662040829658508,91414.30769230769
44081,,,,,,0.599962055683136,0.6645418405532837,0.04241427779197693,0.09112206846475601,-0.8318309187889099,91425.84615384616
44091,4.13677978515625,,,,,,,,,,91448.92307692308
44092,,8.0,,,,,,,,,91451.23076923077
44093,,,3.999999999999996,0.1367799999999992,0.0,,,,,,91453.53846153847
44106,4.136819839477539,,,,,,,,,,91483.53846153847
44107,,8.0,,,,,,,,,91485.84615384616
44108,,,3.999999999999996,0.13681999999999922,0.0,,,,,,91488.15384615384
44115,4.136859893798828,,,,,,,,,,91504.30769230769
44116,,8.0,,,,,,,,,91506.61538461539
44117,,,3.999999999999996,0.13685999999999923,0.0,,,,,,91508.92307692308
44124,4.136899948120117,,,,,,,,,,91525.07692307692
44125,,8.0,,,,,,,,,91527.38461538461
44126,,,3.999999999999996,0.13689999999999924,0.0,,,,,,91529.69230769231
44131,,,,,,0.5310570001602173,0.5728845596313477,0.008056765422224998,0.08107756078243256,-0.6637588739395142,91537.21739130435
44137,4.136940002441406,,,,,,,,,,91552.86956521739
44138,,8.0,,,,,,,,,91555.47826086957
44139,,,3.999999999999996,0.13693999999999926,0.0,,,,,,91558.08695652174
44148,4.136980056762695,,,,,,,,,,91581.56521739131
44149,,8.0,,,,,,,,,91584.17391304347
44150,,,3.999999999999996,0.13697999999999927,0.0,,,,,,91586.78260869565
44162,4.137020111083984,,,,,,,,,,91618.08695652174
44163,,8.0,,,,,,,,,91620.69565217392
44164,,,3.999999999999996,0.13701999999999928,0.0,,,,,,91623.30434782608
44172,4.137060165405273,,,,,,,,,,91644.17391304347
44173,,8.0,,,,,,,,,91646.78260869565
44174,,,3.999999999999996,0.1370599999999993,0.0,,,,,,91649.39130434782
44181,,,,,,0.5336092710494995,0.5785838961601257,0.02731374278664589,0.07530780136585236,-0.046828676015138626,91661.41176470589
44191,4.1371002197265625,,,,,,,,,,91684.94117647059
44192,,8.0,,,,,,,,,91687.29411764706
44193,,,3.999999999999996,0.1370999999999993,0.0,,,,,,91689.64705882352
44203,4.137139797210693,,,,,,,,,,91713.17647058824
44204,,8.0,,,,,,,,,91715.5294117647
44205,,,3.999999999999996,0.13713999999999932,0.0,,,,,,91717.88235294117
44212,4.137179851531982,,,,,,,,,,91734.35294117648
44213,,8.0,,,,,,,,,91736.70588235294
44214,,,3.999999999999996,0.13717999999999933,0.0,,,,,,91739.05882352941
44225,4.1372199058532715,,,,,,,,,,91764.94117647059
44226,,8.0,,,,,,,,,91767.29411764706
44227,,,3.999999999999996,0.13721999999999934,0.0,,,,,,91769.64705882352
44231,,,,,,0.5361182689666748,0.6091440320014954,0.016049690544605255,0.07588839530944824,0.5577563643455505,91774.18181818182
44243,4.1372599601745605,,,,,,,,,,91800.36363636363
44244,,8.0,,,,,,,,,91802.54545454546
44245,,,3.999999999999996,0.13725999999999935,0.0,,,,,,91804.72727272728
44254,4.13730001449585,,,,,,,,,,91824.36363636363
44255,,8.0,,,,,,,,,91826.54545454546
44256,,,3.999999999999996,0.13729999999999937,0.0,,,,,,91828.72727272728
44269,4.137340068817139,,,,,,,,,,91857.09090909091
44270,,8.0,,,,,,,,,91859.27272727272
44271,,,3.999999999999996,0.13733999999999938,0.0,,,,,,91861.45454545454
44282,4.137380123138428,,,,,,,,,,91885.45454545454
44283,,8.0,,,,,,,,,91887.63636363637
44284,,,3.999999999999996,0.1373799999999994,0.0,,,,,,91889.81818181818
44289,,,,,,0.5646064877510071,0.6162971258163452,0.017126930877566338,0.06893604248762131,0.14898736774921417,91897.45454545454
44299,4.137420177459717,,,,,,,,,,91924.72727272728
44300,,8.0,,,,,,,,,91927.45454545454
44301,,,3.999999999999996,0.1374199999999994,0.0,,,,,,91930.18181818182
44312,4.137460231781006,,,,,,,,,,91960.18181818182
44313,,8.0,,,,,,,,,91962.90909090909
44314,,,3.999999999999996,0.13745999999999942,0.0,,,,,,91965.63636363637
44322,4.137499809265137,,,,,,,,,,91987.45454545454
44323,,8.0,,,,,,,,,91990.18181818182
44324,,,3.999999999999996,0.13749999999999943,0.0,,,,,,91992.90909090909
44328,4.137539863586426,,,,,,,,,,92003.81818181818
44329,,8.0,,,,,,,,,92006.54545454546
44330,,,3.999999999999996,0.13753999999999944,0.0,,,,,,92009.27272727272
44334,,,,,,0.523553729057312,0.5997995734214783,0.016859928146004677,0.05535764619708061,0.3099626302719116,92014.30769230769
44338,,,,,,0.5279831886291504,0.6132495403289795,0.02344946749508381,0.07085517793893814,0.5708197355270386,92023.53846153847
44346,4.137579917907715,,,,,,,,,,92042.0
44347,,8.0,,,,,,,,,92044.30769230769
44348,,,3.999999999999996,0.13757999999999945,0.0,,,,,,92046.61538461539
44357,4.137619972229004,,,,,,,,,,92067.38461538461
44358,,8.0,,,,,,,,,92069.69230769231
44359,,,3.999999999999996,0.13761999999999946,0.0,,,,,,92072.0
44372,4.137660026550293,,,,,,,,,,92102.0
44373,,8.0,,,,,,,,,92104.30769230769
44374,,,3.999999999999996,0.13765999999999948,0.0,,,,,,92106.61538461539
44382,4.137700080871582,,,,,,,,,,92125.07692307692
44383,,8.0,,,,,,,,,92127.38461538461
44384,,,3.999999999999996,0.1376999999999995,0.0,,,,,,92129.69230769231
44391,,,,,,0.525895893573761,0.5933994054794312,0.01185423694550991,0.05058947205543518,0.8010218143463135,92141.79591836735
44401,4.137740135192871,,,,,,,,,,92166.28571428571
44402,,8.0,,,,,,,,,92168.73469387754
44403,,,3.999999999999996,0.1377399999999995,0.0,,,,,,92171.1836734694
44410,4.13778018951416,,,,,,,,,,92188.32653061225
44411,,8.0,,,,,,,,,92190.77551020408
44412,,,3.999999999999996,0.13777999999999951,0.0,,,,,,92193.22448979592
44418,4.137819766998291,,,,,,,,,,92207.91836734694
44419,,8.0,,,,,,,,,92210.36734693877
44420,,,3.999999999999996,0.13781999999999953,0.0,,,,,,92212.8163265306
44433,4.13785982131958,,,,,,,,,,92244.6530612245
44434,,8.0,,,,,,,,,92247.10204081633
44435,,,3.999999999999996,0.13785999999999954,0.0,,,,,,92249.55102040817
44442,,,,,,0.5245761871337891,0.5863779783248901,0.01929151453077793,0.06089812517166138,0.8730175495147705,92262.0
44454,4.137899875640869,,,,,,,,,,92292.0
44455,,8.0,,,,,,,,,92294.5
44456,,,3.999999999999996,0.13789999999999955,0.0,,,,,,92297.0
44462,4.137939929962158,,,,,,,,,,92312.0
44463,,8.0,,,,,,,,,92314.5
44464,,,3.999999999999996,0.13793999999999956,0.0,,,,,,92317.0
44477,4.137979984283447,,,,,,,,,,92349.5
44478,,8.0,,,,,,,,,92352.0
44479,,,3.999999999999996,0.13797999999999958,0.0,,,,,,92354.5
44483,4.138020038604736,,,,,,,,,,92364.5
44484,,8.0,,,,,,,,,92367.0
44485,,,3.999999999999996,0.1380199999999996,0.0,,,,,,92369.5
44492,,,,,,0.4748047888278961,0.5219746828079224,0.02901175618171692,0.07879722118377686,0.9987820386886597,92382.0
44501,4.138060092926025,,,,,,,,,,92404.5
44502,,8.0,,,,,,,,,92407.0
44503,,,3.999999999999996,0.1380599999999996,0.0,,,,,,92409.5
44512,4.1381001472473145,,,,,,,,,,92432.0
44513,,8.0,,,,,,,,,92434.5
44514,,,3.999999999999996,0.1380999999999996,0.0,,,,,,92437.0
44525,4.1381402015686035,,,,,,,,,,92464.5
44526,,8.0,,,,,,,,,92467.0
44527,,,3.999999999999996,0.13813999999999962,0.0,,,,,,92469.5
44533,4.138179779052734,,,,,,,,,,92484.5
44534,,8.0,,,,,,,,,92487.0
44535,,,3.999999999999996,0.13817999999999964,0.0,,,,,,92489.5
44542,,,,,,0.5147110819816589,0.548603892326355,0.020170006901025772,0.055919136852025986,0.6214761734008789,92501.41176470589
44555,4.138219833374023,,,,,,,,,,92532.0
44556,,8.0,,,,,,,,,92534.35294117648
44557,,,3.999999999999996,0.13821999999999965,0.0,,,,,,92536.70588235294
44563,4.1382598876953125,,,,,,,,,,92550.82352941176
44564,,8.0,,,,,,,,,92553.17647058824
44565,,,3.999999999999996,0.13825999999999966,0.0,,,,,,92555.5294117647
44573,4.138299942016602,,,,,,,,,,92574.35294117648
44574,,8.0,,,,,,,,,92576.70588235294
44575,,,3.999999999999996,0.13829999999999967,0.0,,,,,,92579.05882352941
44586,4.138339996337891,,,,,,,,,,92604.94117647059
44587,,8.0,,,,,,,,,92607.29411764706
44588,,,3.999999999999996,0.13833999999999969,0.0,,,,,,92609.64705882352
44592,,,,,,0.523145854473114,0.5986577868461609,0.01688152179121971,0.07701829820871353,0.7412644028663635,92614.79069767441
44593,,,,,,0.4679136872291565,0.5358811020851135,0.016896940767765045,0.059426549822092056,0.5302852392196655,92617.58139534884
44603,4.13838005065918,,,,,,,,,,92645.48837209302
44604,,8.0,,,,,,,,,92648.27906976744
44605,,,3.999999999999996,0.1383799999999997,0.0,,,,,,92651.06976744186
44612,4.138420104980469,,,,,,,,,,92670.6046511628
44613,,8.0,,,,,,,,,92673.3953488372
44614,,,3.999999999999996,0.1384199999999997,0.0,,,,,,92676.18604651163
44623,4.138460159301758,,,,,,,,,,92701.30232558139
44624,,8.0,,,,,,,,,92704.09302325582
44625,,,3.999999999999996,0.13845999999999972,0.0,,,,,,92706.88372093023
44631,4.138500213623047,,,,,,,,,,92723.62790697675
44632,,8.0,,,,,,,,,92726.41860465116
44633,,,3.999999999999996,0.13849999999999973,0.0,,,,,,92729.20930232559
44642,,,,,,0.49461308121681213,0.534157395362854,0.0190513227134943,0.0542638935148716,0.5816013813018799,92747.31914893616
44649,4.138539791107178,,,,,,,,,,92765.1914893617
44650,,8.0,,,,,,,,,92767.74468085106
44651,,,3.999999999999996,0.13853999999999975,0.0,,,,,,92770.29787234042
44659,4.138579845428467,,,,,,,,,,92790.72340425532
44660,,8.0,,,,,,,,,92793.27659574468
44661,,,3.999999999999996,0.13857999999999976,0.0,,,,,,92795.82978723405
44670,4.138619899749756,,,,,,,,,,92818.8085106383
44671,,8.0,,,,,,,,,92821.36170212766
44672,,,3.999999999999996,0.13861999999999977,0.0,,,,,,92823.91489361702
44680,4.138659954071045,,,,,,,,,,92844.34042553192
44681,,8.0,,,,,,,,,92846.89361702128
44682,,,3.999999999999996,0.13865999999999978,0.0,,,,,,92849.44680851063
44688,,,,,,0.4843352437019348,0.5500119924545288,0.018787510693073273,0.05276322364807129,0.819325864315033,92860.0
44700,4.138700008392334,,,,,,,,,,92892.0
44701,,8.0,,,,,,,,,92894.66666666667
44702,,,3.999999999999996,0.1386999999999998,0.0,,,,,,92897.33333333333
44710,4.138740062713623,,,,,,,,,,92918.66666666667
44711,,8.0,,,,,,,,,92921.33333333333
44712,,,3.999999999999996,0.1387399999999998,0.0,,,,,,92924.0
44718,4.138780117034912,,,,,,,,,,92940.0
44719,,8.0,,,,,,,,,92942.66666666667
44720,,,3.999999999999996,0.13877999999999982,0.0,,,,,,92945.33333333333
44727,4.138820171356201,,,,,,,,,,92964.0
44728,,8.0,,,,,,,,,92966.66666666667
44729,,,3.999999999999996,0.13881999999999983,0.0,,,,,,92969.33333333333
44733,,,,,,0.47040194272994995,0.5191037654876709,0.010378194972872734,0.0651925802230835,0.8681363463401794,92974.5
44745,4.13886022567749,,,,,,,,,,93004.5
44746,,8.0,,,,,,,,,93007.0
44747,,,3.999999999999996,0.13885999999999984,0.0,,,,,,93009.5
44756,4.138899803161621,,,,,,,,,,93032.0
44757,,8.0,,,,,,,,,93034.5
44758,,,3.999999999999996,0.13889999999999986,0.0,,,,,,93037.0
44767,4.13893985748291,,,,,,,,,,93059.5
44768,,8.0,,,,,,,,,93062.0
44769,,,3.999999999999996,0.13893999999999987,0.0,,,,,,93064.5
44777,4.138979911804199,,,,,,,,,,93084.5
44778,,8.0,,,,,,,,,93087.0
44779,,,3.999999999999996,0.13897999999999988,0.0,,,,,,93089.5
44783,,,,,,0.5041122436523438,0.551182210445404,0.017571212723851204,0.08086060732603073,0.8021794557571411,93094.5
44796,4.139019966125488,,,,,,,,,,93127.0
44797,,8.0,,,,,,,,,93129.5
44798,,,3.999999999999996,0.1390199999999999,0.0,,,,,,93132.0
44809,4.139060020446777,,,,,,,,,,93159.5
44810,,8.0,,,,,,,,,93162.0
44811,,,3.999999999999996,0.1390599999999999,0.0,,,,,,93164.5
44817,4.139100074768066,,,,,,,,,,93179.5
44818,,8.0,,,,,,,,,93182.0
44819,,,3.999999999999996,0.13909999999999992,0.0,,,,,,93184.5
44827,4.1391401290893555,,,,,,,,,,93204.5
44828,,8.0,,,,,,,,,93207.0
44829,,,3.999999999999996,0.13913999999999993,0.0,,,,,,93209.5
44834,,,,,,0.5083702802658081,0.5622984766960144,0.023844769224524498,0.07633714377880096,0.8370799422264099,93213.73076923077
44838,,,,,,0.5033079385757446,0.5684494972229004,0.014460762031376362,0.0622171126306057,0.7541224956512451,93217.19230769231
44850,4.1391801834106445,,,,,,,,,,93227.57692307692
44851,,8.0,,,,,,,,,93228.44230769231
44852,,,3.999999999999996,0.13917999999999994,0.0,,,,,,93229.30769230769
44861,4.139220237731934,,,,,,,,,,93237.09615384616
44862,,8.0,,,,,,,,,93237.96153846153
44863,,,3.999999999999996,0.13921999999999995,0.0,,,,,,93238.82692307692
44869,4.1392598152160645,,,,,,,,,,93244.01923076923
44870,,8.0,,,,,,,,,93244.88461538461
44871,,,3.999999999999996,0.13925999999999997,0.0,,,,,,93245.75
44881,4.1392998695373535,,,,,,,,,,93254.40384615384
44882,,8.0,,,,,,,,,93255.26923076923
44883,,,3.999999999999996,0.13929999999999998,0.0,,,,,,93256.13461538461
44890,,,,,,0.5127843618392944,0.5762547254562378,0.041628398001194,0.07535891979932785,0.6875333786010742,93267.0
44896,4.139339923858643,,,,,,,,,,93282.0
44897,,8.0,,,,,,,,,93284.5
44898,,,3.999999999999996,0.13934,0.0,,,,,,93287.0
44908,4.139379978179932,,,,,,,,,,93312.0
44909,,8.0,,,,,,,,,93314.5
44910,,,3.999999999999996,0.13938,0.0,,,,,,93317.0
44921,4.139420032501221,,,,,,,,,,93344.5
44922,,8.0,,,,,,,,,93347.0
44923,,,3.999999999999996,0.13942000000000002,0.0,,,,,,93349.5
44931,4.13946008682251,,,,,,,,,,93369.5
44932,,8.0,,,,,,,,,93372.0
44933,,,3.999999999999996,0.13946000000000003,0.0,,,,,,93374.5
44937,,,,,,0.45492592453956604,0.566851019859314,0.031856928020715714,0.07017681747674942,0.4334729313850403,93379.55319148937
44947,4.139500141143799,,,,,,,,,,93405.08510638298
44948,,8.0,,,,,,,,,93407.63829787234
44949,,,3.999999999999996,0.13950000000000004,0.0,,,,,,93410.1914893617
44959,4.139540195465088,,,,,,,,,,93435.72340425532
44960,,8.0,,,,,,,,,93438.27659574468
44961,,,3.999999999999996,0.13954000000000005,0.0,,,,,,93440.82978723405
44969,4.139579772949219,,,,,,,,,,93461.25531914894
44970,,8.0,,,,,,,,,93463.8085106383
44971,,,3.999999999999996,0.13958000000000007,0.0,,,,,,93466.36170212766
44980,4.139619827270508,,,,,,,,,,93489.34042553192
44981,,8.0,,,,,,,,,93491.89361702128
44982,,,3.999999999999996,0.13962000000000008,0.0,,,,,,93494.44680851063
44987,,,,,,0.5908918380737305,0.6253148317337036,0.033083464950323105,0.09687021374702454,0.7334239482879639,93502.71428571429
44992,4.139659881591797,,,,,,,,,,93517.0
44993,,8.0,,,,,,,,,93519.85714285714
44994,,,3.999999999999996,0.1396600000000001,0.0,,,,,,93522.71428571429
45004,4.139699935913086,,,,,,,,,,93551.28571428571
45005,,8.0,,,,,,,,,93554.14285714286
45006,,,3.999999999999996,0.1397000000000001,0.0,,,,,,93557.0
45014,4.139739990234375,,,,,,,,,,93579.85714285714
45015,,8.0,,,,,,,,,93582.71428571429
45016,,,3.999999999999996,0.13974000000000011,0.0,,,,,,93585.57142857143
45024,4.139780044555664,,,,,,,,,,93608.42857142857
45025,,8.0,,,,,,,,,93611.28571428571
45026,,,3.999999999999996,0.13978000000000013,0.0,,,,,,93614.14285714286
45031,,,,,,0.5126587152481079,0.595070481300354,0.03177143633365631,0.09090214222669601,0.586566686630249,93622.33333333333
45045,4.139820098876953,,,,,,,,,,93659.66666666667
45046,,8.0,,,,,,,,,93662.33333333333
45047,,,3.999999999999996,0.13982000000000014,0.0,,,,,,93665.0
45054,4.139860153198242,,,,,,,,,,93683.66666666667
45055,,8.0,,,,,,,,,93686.33333333333
45056,,,3.999999999999996,0.13986000000000015,0.0,,,,,,93689.0
45061,4.139900207519531,,,,,,,,,,93702.33333333333
45062,,8.0,,,,,,,,,93705.0
45063,,,3.999999999999996,0.13990000000000016,0.0,,,,,,93707.66666666667
45071,4.139939785003662,,,,,,,,,,93729.0
45072,,8.0,,,,,,,,,93731.66666666667
45073,,,3.999999999999996,0.13994000000000018,0.0,,,,,,93734.33333333333
45077,,,,,,0.47929367423057556,0.5371752381324768,0.026659470051527023,0.07969173789024353,0.42376500368118286,93739.30769230769
45081,,,,,,0.47656893730163574,0.5415239334106445,0.022941669449210167,0.06654757261276245,0.3276013433933258,93748.53846153847
45092,4.139979839324951,,,,,,,,,,93773.92307692308
45093,,8.0,,,,,,,,,93776.23076923077
45094,,,3.999999999999996,0.1399800000000002,0.0,,,,,,93778.53846153847
45103,4.14001989364624,,,,,,,,,,93799.30769230769
45104,,8.0,,,,,,,,,93801.61538461539
45105,,,3.999999999999996,0.1400200000000002,0.0,,,,,,93803.92307692308
45116,4.140059947967529,,,,,,,,,,93829.30769230769
45117,,8.0,,,,,,,,,93831.61538461539
45118,,,3.999999999999996,0.1400600000000002,0.0,,,,,,93833.92307692308
45125,4.140100002288818,,,,,,,,,,93850.07692307692
45126,,8.0,,,,,,,,,93852.38461538461
45127,,,3.999999999999996,0.14010000000000022,0.0,,,,,,93854.69230769231
45133,,,,,,0.4885842204093933,0.5680291652679443,0.010722614824771881,0.051101457327604294,0.190348282456398,93865.18181818182
45139,4.140140056610107,,,,,,,,,,93881.54545454546
45140,,8.0,,,,,,,,,93884.27272727272
45141,,,3.999999999999996,0.14014000000000024,0.0,,,,,,93887.0
45150,4.1401801109313965,,,,,,,,,,93911.54545454546
45151,,8.0,,,,,,,,,93914.27272727272
45152,,,3.999999999999996,0.14018000000000025,0.0,,,,,,93917.0
45161,4.1402201652526855,,,,,,,,,,93941.54545454546
45162,,8.0,,,,,,,,,93944.27272727272
45163,,,3.999999999999996,0.14022000000000026,0.0,,,,,,93947.0
45171,4.140260219573975,,,,,,,,,,93968.81818181818
45172,,8.0,,,,,,,,,93971.54545454546
45173,,,3.999999999999996,0.14026000000000027,0.0,,,,,,93974.27272727272
45180,,,,,,0.47218912839889526,0.5325247645378113,0.0154867647215724,0.054683439433574677,0.21411608159542084,93985.88888888889
45191,4.1402997970581055,,,,,,,,,,94010.33333333333
45192,,8.0,,,,,,,,,94012.55555555556
45193,,,3.999999999999996,0.14030000000000029,0.0,,,,,,94014.77777777778
45203,4.1403398513793945,,,,,,,,,,94037.0
45204,,8.0,,,,,,,,,94039.22222222222
45205,,,3.999999999999996,0.1403400000000003,0.0,,,,,,94041.44444444444
45217,4.140379905700684,,,,,,,,,,94068.11111111111
45218,,8.0,,,,,,,,,94070.33333333333
45219,,,3.999999999999996,0.1403800000000003,0.0,,,,,,94072.55555555556
45227,4.140419960021973,,,,,,,,,,94090.33333333333
45228,,8.0,,,,,,,,,94092.55555555556
45229,,,3.999999999999996,0.14042000000000032,0.0,,,,,,94094.77777777778
45235,,,,,,0.4847315549850464,0.510838508605957,0.022869586944580078,0.0567568875849247,-0.01583043485879898,94103.0
45245,4.140460014343262,,,,,,,,,,94123.0
45246,,8.0,,,,,,,,,94125.0
45247,,,3.999999999999996,0.14046000000000033,0.0,,,,,,94127.0
45261,4.140500068664551,,,,,,,,,,94155.0
45262,,8.0,,,,,,,,,94157.0
45263,,,3.999999999999996,0.14050000000000035,0.0,,,,,,94159.0
45274,4.14054012298584,,,,,,,,,,94181.0
45275,,8.0,,,,,,,,,94183.0
45276,,,3.999999999999996,0.14054000000000036,0.0,,,,,,94185.0
45289,4.140580177307129,,,,,,,,,,94211.0
45290,,8.0,,,,,,,,,94213.0
45291,,,3.999999999999996,0.14058000000000037,0.0,,,,,,94215.0
45295,,,,,,0.5168790221214294,0.563647449016571,0.0026634125970304012,0.04613792523741722,-0.02039474807679653,94219.72727272728
45305,4.140620231628418,,,,,,,,,,94247.0
45306,,8.0,,,,,,,,,94249.72727272728
45307,,,3.999999999999996,0.14062000000000038,0.0,,,,,,94252.45454545454
45314,4.140659809112549,,,,,,,,,,94271.54545454546
45315,,8.0,,,,,,,,,94274.27272727272
45316,,,3.999999999999996,0.1406600000000004,0.0,,,,,,94277.0
45328,4.140699863433838,,,,,,,,,,94309.72727272728
45329,,8.0,,,,,,,,,94312.45454545454
45330,,,3.999999999999996,0.1407000000000004,0.0,,,,,,94315.18181818182
45335,4.140739917755127,,,,,,,,,,94328.81818181818
45336,,8.0,,,,,,,,,94331.54545454546
45337,,,3.999999999999996,0.14074000000000042,0.0,,,,,,94334.27272727272
45341,,,,,,0.4840930104255676,0.5068318247795105,0.01703793555498123,0.04295099899172783,0.02831316739320755,94339.44897959183
45342,,,,,,0.45199987292289734,0.5186403393745422,0.02680744044482708,0.07089802622795105,0.21673832833766937,94341.89795918367
45352,4.140779972076416,,,,,,,,,,94366.38775510204
45353,,8.0,,,,,,,,,94368.83673469388
45354,,,3.999999999999996,0.14078000000000043,0.0,,,,,,94371.28571428571
45362,4.140820026397705,,,,,,,,,,94390.87755102041
45363,,8.0,,,,,,,,,94393.32653061225
45364,,,3.999999999999996,0.14082000000000044,0.0,,,,,,94395.77551020408
45371,4.140860080718994,,,,,,,,,,94412.91836734694
45372,,8.0,,,,,,,,,94415.36734693877
45373,,,3.999999999999996,0.14086000000000046,0.0,,,,,,94417.8163265306
45386,4.140900135040283,,,,,,,,,,94449.6530612245
45387,,8.0,,,,,,,,,94452.10204081633
45388,,,3.999999999999996,0.14090000000000047,0.0,,,,,,94454.55102040817
45393,,,,,,0.48032960295677185,0.5850050449371338,0.028081195428967476,0.06282367557287216,0.22637999057769775,94462.10638297872
45400,4.140940189361572,,,,,,,,,,94479.97872340426
45401,,8.0,,,,,,,,,94482.53191489361
45402,,,3.999999999999996,0.14094000000000048,0.0,,,,,,94485.08510638298
45409,4.140979766845703,,,,,,,,,,94502.9574468085
45410,,8.0,,,,,,,,,94505.51063829787
45411,,,3.999999999999996,0.1409800000000005,0.0,,,,,,94508.06382978724
45423,4.141019821166992,,,,,,,,,,94538.70212765958
45424,,8.0,,,,,,,,,94541.25531914894
45425,,,3.999999999999996,0.1410200000000005,0.0,,,,,,94543.8085106383
45435,4.141059875488281,,,,,,,,,,94569.34042553192
45436,,8.0,,,,,,,,,94571.89361702128
45437,,,3.999999999999996,0.14106000000000052,0.0,,,,,,94574.44680851063
45442,,,,,,0.5003886818885803,0.543265700340271,0.030581152066588402,0.058107562363147736,0.0399201475083828,94581.89795918367
45456,4.14109992980957,,,,,,,,,,94616.1836734694
45457,,8.0,,,,,,,,,94618.63265306123
45458,,,3.999999999999996,0.14110000000000053,0.0,,,,,,94621.08163265306
45464,4.141139984130859,,,,,,,,,,94635.77551020408
45465,,8.0,,,,,,,,,94638.22448979592
45466,,,3.999999999999996,0.14114000000000054,0.0,,,,,,94640.67346938775
45475,4.141180038452148,,,,,,,,,,94662.71428571429
45476,,8.0,,,,,,,,,94665.16326530612
45477,,,3.999999999999996,0.14118000000000056,0.0,,,,,,94667.61224489796
45486,4.1412200927734375,,,,,,,,,,94689.6530612245
45487,,8.0,,,,,,,,,94692.10204081633
45488,,,3.999999999999996,0.14122000000000057,0.0,,,,,,94694.55102040817
45492,,,,,,0.4907013475894928,0.606065034866333,0.033400002866983414,0.0784541442990303,0.398635596036911,94700.33333333333
45501,4.141260147094727,,,,,,,,,,94730.33333333333
45502,,8.0,,,,,,,,,94733.66666666667
45503,,,3.999999999999996,0.14126000000000058,0.0,,,,,,94737.0
45506,4.141300201416016,,,,,,,,,,94747.0
45507,,8.0,,,,,,,,,94750.33333333333
45508,,,3.999999999999996,0.1413000000000006,0.0,,,,,,94753.66666666667
45512,4.1413397789001465,,,,,,,,,,94767.0
45513,,8.0,,,,,,,,,94770.33333333333
45514,,,3.999999999999996,0.1413400000000006,0.0,,,,,,94773.66666666667
45524,4.1413798332214355,,,,,,,,,,94807.0
45525,,8.0,,,,,,,,,94810.33333333333
45526,,,3.999999999999996,0.14138000000000062,0.0,,,,,,94813.66666666667
45530,,,,,,0.553109347820282,0.6348585486412048,0.018960652872920036,0.07575006783008575,0.41988587379455566,94819.66666666667
45540,4.141419887542725,,,,,,,,,,94846.33333333333
45541,,8.0,,,,,,,,,94849.0
45542,,,3.999999999999996,0.14142000000000063,0.0,,,,,,94851.66666666667
45547,4.141459941864014,,,,,,,,,,94865.0
45548,,8.0,,,,,,,,,94867.66666666667
45549,,,3.999999999999996,0.14146000000000064,0.0,,,,,,94870.33333333333
45561,4.141499996185303,,,,,,,,,,94902.33333333333
45562,,8.0,,,,,,,,,94905.0
45563,,,3.999999999999996,0.14150000000000065,0.0,,,,,,94907.66666666667
45571,4.141540050506592,,,,,,,,,,94929.0
45572,,8.0,,,,,,,,,94931.66666666667
45573,,,3.999999999999996,0.14154000000000067,0.0,,,,,,94934.33333333333
45578,,,,,,0.5280643105506897,0.611728847026825,0.027043838053941727,0.08194101601839066,0.37810778617858887,94941.89795918367
45580,,,,,,0.534060537815094,0.5810938477516174,0.02098795585334301,0.0654950737953186,0.4543057978153229,94946.79591836735
45589,4.141580104827881,,,,,,,,,,94968.83673469388
45590,,8.0,,,,,,,,,94971.28571428571
45591,,,3.999999999999996,0.14158000000000068,0.0,,,,,,94973.73469387754
45605,4.14162015914917,,,,,,,,,,95008.02040816327
45606,,8.0,,,,,,,,,95010.4693877551
45607,,,3.999999999999996,0.1416200000000007,0.0,,,,,,95012.91836734694
45615,4.141660213470459,,,,,,,,,,95032.51020408163
45616,,8.0,,,,,,,,,95034.95918367348
45617,,,3.999999999999996,0.1416600000000007,0.0,,,,,,95037.40816326531
45622,4.14169979095459,,,,,,,,,,95049.6530612245
45623,,8.0,,,,,,,,,95052.10204081633
45624,,,3.999999999999996,0.14170000000000071,0.0,,,,,,95054.55102040817
45633,,,,,,0.5438891649246216,0.6021986603736877,0.024223005399107933,0.06836703419685364,0.520662784576416,95070.09090909091
45645,4.141739845275879,,,,,,,,,,95096.27272727272
45646,,8.0,,,,,,,,,95098.45454545454
45647,,,3.999999999999996,0.14174000000000073,0.0,,,,,,95100.63636363637
45658,4.141779899597168,,,,,,,,,,95124.63636363637
45659,,8.0,,,,,,,,,95126.81818181818
45660,,,3.999999999999996,0.14178000000000074,0.0,,,,,,95129.0
45669,4.141819953918457,,,,,,,,,,95148.63636363637
45670,,8.0,,,,,,,,,95150.81818181818
45671,,,3.999999999999996,0.14182000000000075,0.0,,,,,,95153.0
45679,4.141860008239746,,,,,,,,,,95170.45454545454
45680,,8.0,,,,,,,,,95172.63636363637
45681,,,3.999999999999996,0.14186000000000076,0.0,,,,,,95174.81818181818
45686,,,,,,0.4576629102230072,0.49182265996932983,0.01199202798306942,0.05730503052473068,0.38115909695625305,95182.21739130435
45696,4.141900062561035,,,,,,,,,,95208.30434782608
45697,,8.0,,,,,,,,,95210.91304347826
45698,,,3.999999999999996,0.14190000000000078,0.0,,,,,,95213.52173913043
45708,4.141940116882324,,,,,,,,,,95239.60869565218
45709,,8.0,,,,,,,,,95242.21739130435
45710,,,3.999999999999996,0.1419400000000008,0.0,,,,,,95244.82608695653
45717,4.141980171203613,,,,,,,,,,95263.08695652174
45718,,8.0,,,,,,,,,95265.69565217392
45719,,,3.999999999999996,0.1419800000000008,0.0,,,,,,95268.30434782608
45727,4.142020225524902,,,,,,,,,,95289.17391304347
45728,,8.0,,,,,,,,,95291.78260869565
45729,,,3.999999999999996,0.1420200000000008,0.0,,,,,,95294.39130434782
45733,,,,,,0.4598403871059418,0.5244000554084778,0.04071870073676109,0.07675635069608688,0.721961259841919,95300.24324324324
45741,4.142059803009033,,,,,,,,,,95326.18918918919
45742,,8.0,,,,,,,,,95329.43243243243
45743,,,3.999999999999996,0.14206000000000082,0.0,,,,,,95332.67567567568
45747,4.142099857330322,,,,,,,,,,95345.64864864865
45748,,8.0,,,,,,,,,95348.8918918919
45749,,,3.999999999999996,0.14210000000000084,0.0,,,,,,95352.13513513513
45758,4.142139911651611,,,,,,,,,,95381.32432432432
45759,,8.0,,,,,,,,,95384.56756756757
45760,,,3.999999999999996,0.14214000000000085,0.0,,,,,,95387.81081081081
45766,4.1421799659729,,,,,,,,,,95407.27027027027
45767,,8.0,,,,,,,,,95410.51351351352
45768,,,3.999999999999996,0.14218000000000086,0.0,,,,,,95413.75675675676
45772,,,,,,0.47028934955596924,0.5496476888656616,0.029971880838274956,0.08652475476264954,0.4684827923774719,95419.4
45782,4.1422200202941895,,,,,,,,,,95443.4
45783,,8.0,,,,,,,,,95445.8
45784,,,3.999999999999996,0.14222000000000087,0.0,,,,,,95448.2
45789,4.1422600746154785,,,,,,,,,,95460.2
45790,,8.0,,,,,,,,,95462.6
45791,,,3.999999999999996,0.14226000000000089,0.0,,,,,,95465.0
45807,4.142300128936768,,,,,,,,,,95503.4
45808,,8.0,,,,,,,,,95505.8
45809,,,3.999999999999996,0.1423000000000009,0.0,,,,,,95508.2
45818,4.142340183258057,,,,,,,,,,95529.8
45819,,8.0,,,,,,,,,95532.2
45820,,,3.999999999999996,0.1423400000000009,0.0,,,,,,95534.6
45824,,,,,,0.4991852343082428,0.5574479699134827,0.026533620432019234,0.05801675096154213,0.5535032153129578,95539.55319148937
45828,,,,,,0.47112229466438293,0.5469673275947571,0.011892958544194698,0.05297984555363655,0.5062987804412842,95549.76595744681
45835,4.142380237579346,,,,,,,,,,95567.63829787234
45836,,8.0,,,,,,,,,95570.1914893617
45837,,,3.999999999999996,0.14238000000000092,0.0,,,,,,95572.74468085106
45845,4.142419815063477,,,,,,,,,,95593.17021276595
45846,,8.0,,,,,,,,,95595.72340425532
45847,,,3.999999999999996,0.14242000000000093,0.0,,,,,,95598.27659574468
45859,4.142459869384766,,,,,,,,,,95628.91489361702
45860,,8.0,,,,,,,,,95631.46808510639
45861,,,3.999999999999996,0.14246000000000095,0.0,,,,,,95634.02127659574
45867,4.142499923706055,,,,,,,,,,95649.34042553192
45868,,8.0,,,,,,,,,95651.89361702128
45869,,,3.999999999999996,0.14250000000000096,0.0,,,,,,95654.44680851063
45873,,,,,,0.5306289196014404,0.5509814023971558,0.04660538211464882,0.09958814829587936,0.8307705521583557,95659.4
45882,4.142539978027344,,,,,,,,,,95681.0
45883,,8.0,,,,,,,,,95683.4
45884,,,3.999999999999996,0.14254000000000097,0.0,,,,,,95685.8
45893,4.142580032348633,,,,,,,,,,95707.4
45894,,8.0,,,,,,,,,95709.8
45895,,,3.999999999999996,0.14258000000000098,0.0,,,,,,95712.2
45906,4.142620086669922,,,,,,,,,,95738.6
45907,,8.0,,,,,,,,,95741.0
45908,,,3.999999999999996,0.142620000000001,0.0,,,,,,95743.4
45919,4.142660140991211,,,,,,,,,,95769.8
45920,,8.0,,,,,,,,,95772.2
45921,,,3.999999999999996,0.142660000000001,0.0,,,,,,95774.6
45927,,,,,,0.4702593982219696,0.508265495300293,0.02099979668855667,0.06883751600980759,0.5086983442306519,95783.42857142857
45935,4.1427001953125,,,,,,,,,,95800.57142857143
45936,,8.0,,,,,,,,,95802.71428571429
45937,,,3.999999999999996,0.14270000000000102,0.0,,,,,,95804.85714285714
45950,4.142739772796631,,,,,,,,,,95832.71428571429
45951,,8.0,,,,,,,,,95834.85714285714
45952,,,3.999999999999996,0.14274000000000103,0.0,,,,,,95837.0
45967,4.14277982711792,,,,,,,,,,95869.14285714286
45968,,8.0,,,,,,,,,95871.28571428571
45969,,,3.999999999999996,0.14278000000000104,0.0,,,,,,95873.42857142857
45977,4.142819881439209,,,,,,,,,,95890.57142857143
45978,,8.0,,,,,,,,,95892.71428571429
45979,,,3.999999999999996,0.14282000000000106,0.0,,,,,,95894.85714285714
45983,,,,,,0.48621588945388794,0.5203517079353333,0.0308368057012558,0.07952122390270233,0.6833646297454834,95899.9268292683
45991,4.142859935760498,,,,,,,,,,95923.34146341463
45992,,8.0,,,,,,,,,95926.26829268293
45993,,,3.999999999999996,0.14286000000000107,0.0,,,,,,95929.19512195123
45998,4.142899990081787,,,,,,,,,,95943.82926829268
45999,,8.0,,,,,,,,,95946.75609756098
46000,,,3.999999999999996,0.14290000000000108,0.0,,,,,,95949.68292682926
46007,4.142940044403076,,,,,,,,,,95970.17073170732
46008,,8.0,,,,,,,,,95973.09756097561
46009,,,3.999999999999996,0.1429400000000011,0.0,,,,,,95976.0243902439
46020,4.142980098724365,,,,,,,,,,96008.21951219512
46021,,8.0,,,,,,,,,96011.14634146342
46022,,,3.999999999999996,0.1429800000000011,0.0,,,,,,96014.0731707317
46026,,,,,,0.49853214621543884,0.545634388923645,0.03462371602654457,0.07234954088926315,0.5246342420578003,96019.85714285714
46033,4.143020153045654,,,,,,,,,,96039.85714285714
46034,,8.0,,,,,,,,,96042.71428571429
46035,,,3.999999999999996,0.14302000000000112,0.0,,,,,,96045.57142857143
46043,4.143060207366943,,,,,,,,,,96068.42857142857
46044,,8.0,,,,,,,,,96071.28571428571
46045,,,3.999999999999996,0.14306000000000113,0.0,,,,,,96074.14285714286
46054,4.143099784851074,,,,,,,,,,96099.85714285714
46055,,8.0,,,,,,,,,96102.71428571429
46056,,,3.999999999999996,0.14310000000000114,0.0,,,,,,96105.57142857143
46064,4.143139839172363,,,,,,,,,,96128.42857142857
46065,,8.0,,,,,,,,,96131.28571428571
46066,,,3.999999999999996,0.14314000000000116,0.0,,,,,,96134.14285714286
46071,,,,,,0.5288897752761841,0.5761914849281311,0.003735210280865431,0.06349772959947586,0.18224585056304932,96141.61538461539
46074,,,,,,0.45027056336402893,0.48866239190101624,0.03475439175963402,0.08774631470441818,0.29303035140037537,96148.53846153847
46083,4.143179893493652,,,,,,,,,,96169.30769230769
46084,,8.0,,,,,,,,,96171.61538461539
46085,,,3.999999999999996,0.14318000000000117,0.0,,,,,,96173.92307692308
46095,4.143219947814941,,,,,,,,,,96197.0
46096,,8.0,,,,,,,,,96199.30769230769
46097,,,3.999999999999996,0.14322000000000118,0.0,,,,,,96201.61538461539
46110,4.1432600021362305,,,,,,,,,,96231.61538461539
46111,,8.0,,,,,,,,,96233.92307692308
46112,,,3.999999999999996,0.1432600000000012,0.0,,,,,,96236.23076923077
46118,4.1433000564575195,,,,,,,,,,96250.07692307692
46119,,8.0,,,,,,,,,96252.38461538461
46120,,,3.999999999999996,0.1433000000000012,0.0,,,,,,96254.69230769231
46126,,,,,,0.4858039915561676,0.5615101456642151,0.006875734310597181,0.044094838201999664,-0.023478707298636436,96264.2
46142,4.143340110778809,,,,,,,,,,96302.6
46143,,8.0,,,,,,,,,96305.0
46144,,,3.999999999999996,0.14334000000000122,0.0,,,,,,96307.4
46150,4.143380165100098,,,,,,,,,,96321.8
46151,,8.0,,,,,,,,,96324.2
46152,,,3.999999999999996,0.14338000000000123,0.0,,,,,,96326.6
46158,4.143420219421387,,,,,,,,,,96341.0
46159,,8.0,,,,,,,,,96343.4
46160,,,3.999999999999996,0.14342000000000124,0.0,,,,,,96345.8
46170,4.143459796905518,,,,,,,,,,96369.8
46171,,8.0,,,,,,,,,96372.2
46172,,,3.999999999999996,0.14346000000000125,0.0,,,,,,96374.6
46177,,,,,,0.4723147451877594,0.5413512587547302,0.012410197407007217,0.046383317559957504,0.0011728588724508882,96381.61538461539
46185,4.143499851226807,,,,,,,,,,96400.07692307692
46186,,8.0,,,,,,,,,96402.38461538461
46187,,,3.999999999999996,0.14350000000000127,0.0,,,,,,96404.69230769231
46197,4.143539905548096,,,,,,,,,,96427.76923076923
46198,,8.0,,,,,,,,,96430.07692307692
46199,,,3.999999999999996,0.14354000000000128,0.0,,,,,,96432.38461538461
46209,4.143579959869385,,,,,,,,,,96455.46153846153
46210,,8.0,,,,,,,,,96457.76923076923
46211,,,3.999999999999996,0.1435800000000013,0.0,,,,,,96460.07692307692
46224,4.143620014190674,,,,,,,,,,96490.07692307692
46225,,8.0,,,,,,,,,96492.38461538461
46226,,,3.999999999999996,0.1436200000000013,0.0,,,,,,96494.69230769231
46232,,,,,,0.5307342410087585,0.5745503902435303,0.018798766657710075,0.06761357188224792,0.5231053233146667,96504.2
46242,4.143660068511963,,,,,,,,,,96528.2
46243,,8.0,,,,,,,,,96530.6
46244,,,3.999999999999996,0.14366000000000131,0.0,,,,,,96533.0
46255,4.143700122833252,,,,,,,,,,96559.4
46256,,8.0,,,,,,,,,96561.8
46257,,,3.999999999999996,0.14370000000000133,0.0,,,,,,96564.2
46264,4.143740177154541,,,,,,,,,,96581.0
46265,,8.0,,,,,,,,,96583.4
46266,,,3.999999999999996,0.14374000000000134,0.0,,,,,,96585.8
46276,4.14378023147583,,,,,,,,,,96609.8
46277,,8.0,,,,,,,,,96612.2
46278,,,3.999999999999996,0.14378000000000135,0.0,,,,,,96614.6
46282,,,,,,0.5188201069831848,0.5596505999565125,0.01032332144677639,0.038585562258958817,0.49099671840667725,96619.18181818182
46288,4.143819808959961,,,,,,,,,,96632.27272727272
46289,,8.0,,,,,,,,,96634.45454545454
46290,,,3.999999999999996,0.14382000000000136,0.0,,,,,,96636.63636363637
46305,4.14385986328125,,,,,,,,,,96669.36363636363
46306,,8.0,,,,,,,,,96671.54545454546
46307,,,3.999999999999996,0.14386000000000138,0.0,,,,,,96673.72727272728
46321,4.143899917602539,,,,,,,,,,96704.27272727272
46322,,8.0,,,,,,,,,96706.45454545454
46323,,,3.999999999999996,0.1439000000000014,0.0,,,,,,96708.63636363637
46333,4.143939971923828,,,,,,,,,,96730.45454545454
46334,,8.0,,,,,,,,,96732.63636363637
46335,,,3.999999999999996,0.1439400000000014,0.0,,,,,,96734.81818181818
46339,,,,,,0.48359689116477966,0.5440822243690491,0.011572165414690971,0.030830366536974907,0.3409266471862793,96739.1052631579
46346,,,,,,0.46644362807273865,0.540423572063446,0.00966146681457758,0.04463642090559006,0.3029943108558655,96753.84210526316
46353,4.143980026245117,,,,,,,,,,96768.57894736843
46354,,8.0,,,,,,,,,96770.68421052632
46355,,,3.999999999999996,0.1439800000000014,0.0,,,,,,96772.78947368421
46367,4.144020080566406,,,,,,,,,,96798.05263157895
46368,,8.0,,,,,,,,,96800.15789473684
46369,,,3.999999999999996,0.14402000000000142,0.0,,,,,,96802.26315789473
46379,4.144060134887695,,,,,,,,,,96823.31578947368
46380,,8.0,,,,,,,,,96825.42105263157
46381,,,3.999999999999996,0.14406000000000144,0.0,,,,,,96827.52631578948
46392,4.144100189208984,,,,,,,,,,96850.68421052632
46393,,8.0,,,,,,,,,96852.78947368421
46394,,,3.999999999999996,0.14410000000000145,0.0,,,,,,96854.8947368421
46402,,,,,,0.5453590154647827,0.6034599542617798,0.01651776023209095,0.04560353606939316,0.32517799735069275,96871.28571428571
46410,4.144139766693115,,,,,,,,,,96894.14285714286
46411,,8.0,,,,,,,,,96897.0
46412,,,3.999999999999996,0.14414000000000146,0.0,,,,,,96899.85714285714
46420,4.144179821014404,,,,,,,,,,96922.71428571429
46421,,8.0,,,,,,,,,96925.57142857143
46422,,,3.999999999999996,0.14418000000000147,0.0,,,,,,96928.42857142857
46426,4.144219875335693,,,,,,,,,,96939.85714285714
46427,,8.0,,,,,,,,,96942.71428571429
46428,,,3.999999999999996,0.14422000000000149,0.0,,,,,,96945.57142857143
46436,4.144259929656982,,,,,,,,,,96968.42857142857
46437,,8.0,,,,,,,,,96971.28571428571
46438,,,3.999999999999996,0.1442600000000015,0.0,,,,,,96974.14285714286
46446,,,,,,0.46259620785713196,0.5002234578132629,0.016439901664853096,0.06443936377763748,0.4816727042198181,96989.76595744681
46455,4.1442999839782715,,,,,,,,,,97012.74468085106
46456,,8.0,,,,,,,,,97015.29787234042
46457,,,3.999999999999996,0.1443000000000015,0.0,,,,,,97017.85106382979
46466,4.1443400382995605,,,,,,,,,,97040.82978723405
46467,,8.0,,,,,,,,,97043.3829787234
46468,,,3.999999999999996,0.14434000000000152,0.0,,,,,,97045.93617021276
46475,4.14438009262085,,,,,,,,,,97063.8085106383
46476,,8.0,,,,,,,,,97066.36170212766
46477,,,3.999999999999996,0.14438000000000153,0.0,,,,,,97068.91489361702
46485,4.144420146942139,,,,,,,,,,97089.34042553192
46486,,8.0,,,,,,,,,97091.89361702128
46487,,,3.999999999999996,0.14442000000000155,0.0,,,,,,97094.44680851063
46493,,,,,,0.531075656414032,0.6197022199630737,0.007965762168169022,0.05039766803383827,0.19378061592578888,97103.54545454546
46503,4.144460201263428,,,,,,,,,,97125.36363636363
46504,,8.0,,,,,,,,,97127.54545454546
46505,,,3.999999999999996,0.14446000000000156,0.0,,,,,,97129.72727272728
46518,4.144499778747559,,,,,,,,,,97158.09090909091
46519,,8.0,,,,,,,,,97160.27272727272
46520,,,3.999999999999996,0.14450000000000157,0.0,,,,,,97162.45454545454
46530,4.144539833068848,,,,,,,,,,97184.27272727272
46531,,8.0,,,,,,,,,97186.45454545454
46532,,,3.999999999999996,0.14454000000000158,0.0,,,,,,97188.63636363637
46542,4.144579887390137,,,,,,,,,,97210.45454545454
46543,,8.0,,,,,,,,,97212.63636363637
46544,,,3.999999999999996,0.1445800000000016,0.0,,,,,,97214.81818181818
46548,,,,,,0.5414150953292847,0.6379031538963318,0.011711418628692627,0.047214142978191376,0.06624605506658554,97217.68518518518
46561,4.144619941711426,,,,,,,,,,97226.5925925926
46562,,8.0,,,,,,,,,97227.27777777778
46563,,,3.999999999999996,0.1446200000000016,0.0,,,,,,97227.96296296296
46572,4.144659996032715,,,,,,,,,,97234.12962962964
46573,,8.0,,,,,,,,,97234.81481481482
46574,,,3.999999999999996,0.14466000000000162,0.0,,,,,,97235.5
46584,4.144700050354004,,,,,,,,,,97242.35185185185
46585,,8.0,,,,,,,,,97243.03703703704
46586,,,3.999999999999996,0.14470000000000163,0.0,,,,,,97243.72222222222
46598,4.144740104675293,,,,,,,,,,97251.94444444444
46599,,8.0,,,,,,,,,97252.62962962964
46600,,,3.999999999999996,0.14474000000000165,0.0,,,,,,97253.31481481482
46604,,,,,,0.46077147126197815,0.521486759185791,0.008690275251865387,0.033208757638931274,0.11871470510959625,97256.55319148937
46607,,,,,,0.5340948104858398,0.5989281535148621,-0.00039805503911338747,0.04679788649082184,0.21056056022644043,97264.21276595745
46613,4.144780158996582,,,,,,,,,,97279.53191489361
46614,,8.0,,,,,,,,,97282.08510638298
46615,,,3.999999999999996,0.14478000000000166,0.0,,,,,,97284.63829787234
46623,4.144820213317871,,,,,,,,,,97305.06382978724
46624,,8.0,,,,,,,,,97307.6170212766
46625,,,3.999999999999996,0.14482000000000167,0.0,,,,,,97310.17021276595
46636,4.144859790802002,,,,,,,,,,97338.25531914894
46637,,8.0,,,,,,,,,97340.8085106383
46638,,,3.999999999999996,0.14486000000000168,0.0,,,,,,97343.36170212766
46647,4.144899845123291,,,,,,,,,,97366.34042553192
46648,,8.0,,,,,,,,,97368.89361702128
46649,,,3.999999999999996,0.1449000000000017,0.0,,,,,,97371.44680851063
46658,,,,,,0.5606871843338013,0.6162539720535278,0.0001362394104944542,0.035130489617586136,0.15490081906318665,97387.58490566038
46672,4.14493989944458,,,,,,,,,,97419.28301886792
46673,,8.0,,,,,,,,,97421.54716981133
46674,,,3.999999999999996,0.1449400000000017,0.0,,,,,,97423.81132075471
46685,4.144979953765869,,,,,,,,,,97448.71698113208
46686,,8.0,,,,,,,,,97450.98113207547
46687,,,3.999999999999996,0.14498000000000172,0.0,,,,,,97453.24528301887
46692,4.145020008087158,,,,,,,,,,97464.56603773584
46693,,8.0,,,,,,,,,97466.83018867925
46694,,,3.999999999999996,0.14502000000000173,0.0,,,,,,97469.09433962264
46702,4.145060062408447,,,,,,,,,,97487.2075471698
46703,,8.0,,,,,,,,,97489.47169811321
46704,,,3.999999999999996,0.14506000000000174,0.0,,,,,,97491.7358490566
46709,,,,,,0.513800323009491,0.57798171043396,0.0009536804282106459,0.03894611820578575,0.36252033710479736,97499.45454545454
46720,4.145100116729736,,,,,,,,,,97529.45454545454
46721,,8.0,,,,,,,,,97532.18181818182
46722,,,3.999999999999996,0.14510000000000176,0.0,,,,,,97534.90909090909
46731,4.145140171051025,,,,,,,,,,97559.45454545454
46732,,8.0,,,,,,,,,97562.18181818182
46733,,,3.999999999999996,0.14514000000000177,0.0,,,,,,97564.90909090909
46739,4.1451802253723145,,,,,,,,,,97581.27272727272
46740,,8.0,,,,,,,,,97584.0
46741,,,3.999999999999996,0.14518000000000178,0.0,,,,,,97586.72727272728
46748,4.145219802856445,,,,,,,,,,97605.81818181818
46749,,8.0,,,,,,,,,97608.54545454546
46750,,,3.999999999999996,0.1452200000000018,0.0,,,,,,97611.27272727272
46755,,,,,,0.5114792585372925,0.5771633982658386,0.011426405981183052,0.050553034991025925,0.47053977847099304,97618.36363636363
46767,4.145259857177734,,,,,,,,,,97644.54545454546
46768,,8.0,,,,,,,,,97646.72727272728
46769,,,3.999999999999996,0.1452600000000018,0.0,,,,,,97648.90909090909
46780,4.145299911499023,,,,,,,,,,97672.90909090909
46781,,8.0,,,,,,,,,97675.09090909091
46782,,,3.999999999999996,0.14530000000000182,0.0,,,,,,97677.27272727272
46794,4.1453399658203125,,,,,,,,,,97703.45454545454
46795,,8.0,,,,,,,,,97705.63636363637
46796,,,3.999999999999996,0.14534000000000183,0.0,,,,,,97707.81818181818
46805,4.145380020141602,,,,,,,,,,97727.45454545454
46806,,8.0,,,,,,,,,97729.63636363637
46807,,,3.999999999999996,0.14538000000000184,0.0,,,,,,97731.81818181818
46812,,,,,,0.512661337852478,0.5796111226081848,0.032623302191495895,0.1006065085530281,1.0948894023895264,97740.0
46816,4.145420074462891,,,,,,,,,,97752.0
46817,,8.0,,,,,,,,,97755.0
46818,,,3.999999999999996,0.14542000000000185,0.0,,,,,,97758.0
46828,4.14546012878418,,,,,,,,,,97788.0
46829,,8.0,,,,,,,,,97791.0
46830,,,3.999999999999996,0.14546000000000187,0.0,,,,,,97794.0
46836,4.145500183105469,,,,,,,,,,97812.0
46837,,8.0,,,,,,,,,97815.0
46838,,,3.999999999999996,0.14550000000000188,0.0,,,,,,97818.0
46847,4.145540237426758,,,,,,,,,,97845.0
46848,,8.0,,,,,,,,,97848.0
46849,,,3.999999999999996,0.1455400000000019,0.0,,,,,,97851.0
46853,,,,,,0.48668986558914185,0.5759561061859131,0.016224026679992676,0.0768563449382782,0.7121280431747437,97856.55319148937
46856,,,,,,0.48710897564888,0.5669786334037781,0.012160884216427803,0.08689842373132706,0.8785048127174377,97864.21276595745
46866,4.145579814910889,,,,,,,,,,97889.74468085106
46867,,8.0,,,,,,,,,97892.29787234042
46868,,,3.999999999999996,0.1455800000000019,0.0,,,,,,97894.85106382979
46876,4.145619869232178,,,,,,,,,,97915.27659574468
46877,,8.0,,,,,,,,,97917.82978723405
46878,,,3.999999999999996,0.14562000000000191,0.0,,,,,,97920.3829787234
46886,4.145659923553467,,,,,,,,,,97940.8085106383
46887,,8.0,,,,,,,,,97943.36170212766
46888,,,3.999999999999996,0.14566000000000193,0.0,,,,,,97945.91489361702
46896,4.145699977874756,,,,,,,,,,97966.34042553192
46897,,8.0,,,,,,,,,97968.89361702128
46898,,,3.999999999999996,0.14570000000000194,0.0,,,,,,97971.44680851063
46907,,,,,,0.5160109400749207,0.5734010338783264,0.015129114501178265,0.05847411975264549,0.7243936657905579,97987.58490566038
46914,4.145740032196045,,,,,,,,,,98003.43396226416
46915,,8.0,,,,,,,,,98005.69811320755
46916,,,3.999999999999996,0.14574000000000195,0.0,,,,,,98007.96226415095
46930,4.145780086517334,,,,,,,,,,98039.6603773585
46931,,8.0,,,,,,,,,98041.92452830188
46932,,,3.999999999999996,0.14578000000000196,0.0,,,,,,98044.18867924529
46938,4.145820140838623,,,,,,,,,,98057.77358490566
46939,,8.0,,,,,,,,,98060.03773584905
46940,,,3.999999999999996,0.14582000000000198,0.0,,,,,,98062.30188679245
46951,4.145860195159912,,,,,,,,,,98087.2075471698
46952,,8.0,,,,,,,,,98089.47169811321
46953,,,3.999999999999996,0.145860000000002,0.0,,,,,,98091.7358490566
46958,,,,,,0.5267560482025146,0.5585153102874756,0.00013685425801668316,0.053841374814510345,0.26441454887390137,98098.44444444444
46973,4.145899772644043,,,,,,,,,,98131.77777777778
46974,,8.0,,,,,,,,,98134.0
46975,,,3.999999999999996,0.145900000000002,0.0,,,,,,98136.22222222222
46985,4.145939826965332,,,,,,,,,,98158.44444444444
46986,,8.0,,,,,,,,,98160.66666666667
46987,,,3.999999999999996,0.145940000000002,0.0,,,,,,98162.88888888889
46996,4.145979881286621,,,,,,,,,,98182.88888888889
46997,,8.0,,,,,,,,,98185.11111111111
46998,,,3.999999999999996,0.14598000000000202,0.0,,,,,,98187.33333333333
47007,4.14601993560791,,,,,,,,,,98207.33333333333
47008,,8.0,,,,,,,,,98209.55555555556
47009,,,3.999999999999996,0.14602000000000204,0.0,,,,,,98211.77777777778
47013,,,,,,0.5687293410301208,0.6066420674324036,-0.009826253168284893,0.08371749520301819,0.664880633354187,98216.85714285714
47018,4.146059989929199,,,,,,,,,,98231.14285714286
47019,,8.0,,,,,,,,,98234.0
47020,,,3.999999999999996,0.14606000000000205,0.0,,,,,,98236.85714285714
47028,4.146100044250488,,,,,,,,,,98259.71428571429
47029,,8.0,,,,,,,,,98262.57142857143
47030,,,3.999999999999996,0.14610000000000206,0.0,,,,,,98265.42857142857
47043,4.146140098571777,,,,,,,,,,98302.57142857143
47044,,8.0,,,,,,,,,98305.42857142857
47045,,,3.999999999999996,0.14614000000000207,0.0,,,,,,98308.28571428571
47051,4.146180152893066,,,,,,,,,,98325.42857142857
47052,,8.0,,,,,,,,,98328.28571428571
47053,,,3.999999999999996,0.14618000000000209,0.0,,,,,,98331.14285714286
47058,,,,,,0.4748016595840454,0.5460498929023743,0.008561590686440468,0.02979085221886635,0.43769675493240356,98339.85365853658
47067,4.1462202072143555,,,,,,,,,,98366.19512195123
47068,,8.0,,,,,,,,,98369.12195121951
47069,,,3.999999999999996,0.1462200000000021,0.0,,,,,,98372.0487804878
47074,4.146259784698486,,,,,,,,,,98386.68292682926
47075,,8.0,,,,,,,,,98389.60975609756
47076,,,3.999999999999996,0.1462600000000021,0.0,,,,,,98392.53658536586
47083,4.146299839019775,,,,,,,,,,98413.0243902439
47084,,8.0,,,,,,,,,98415.9512195122
47085,,,3.999999999999996,0.14630000000000212,0.0,,,,,,98418.87804878049
47094,4.1463398933410645,,,,,,,,,,98445.21951219512
47095,,8.0,,,,,,,,,98448.14634146342
47096,,,3.999999999999996,0.14634000000000214,0.0,,,,,,98451.0731707317
47100,,,,,,0.5359135270118713,0.6003207564353943,0.005923749879002571,0.04690111428499222,0.5437253713607788,98456.55319148937
47102,,,,,,0.4981709420681,0.549892246723175,0.007296563591808081,0.042413901537656784,0.3881685733795166,98461.65957446808
47108,4.1463799476623535,,,,,,,,,,98476.97872340426
47109,,8.0,,,,,,,,,98479.53191489361
47110,,,3.999999999999996,0.14638000000000215,0.0,,,,,,98482.08510638298
47121,4.146420001983643,,,,,,,,,,98510.17021276595
47122,,8.0,,,,,,,,,98512.72340425532
47123,,,3.999999999999996,0.14642000000000216,0.0,,,,,,98515.27659574468
47132,4.146460056304932,,,,,,,,,,98538.25531914894
47133,,8.0,,,,,,,,,98540.8085106383
47134,,,3.999999999999996,0.14646000000000217,0.0,,,,,,98543.36170212766
47143,4.146500110626221,,,,,,,,,,98566.34042553192
47144,,8.0,,,,,,,,,98568.89361702128
47145,,,3.999999999999996,0.14650000000000218,0.0,,,,,,98571.44680851063
47153,,,,,,0.5399420857429504,0.5943738222122192,0.01288498006761074,0.07405820488929749,0.9561167359352112,98586.24489795919
47158,4.14654016494751,,,,,,,,,,98598.48979591837
47159,,8.0,,,,,,,,,98600.9387755102
47160,,,3.999999999999996,0.1465400000000022,0.0,,,,,,98603.38775510204
47171,4.146580219268799,,,,,,,,,,98630.32653061225
47172,,8.0,,,,,,,,,98632.77551020408
47173,,,3.999999999999996,0.1465800000000022,0.0,,,,,,98635.22448979592
47184,4.14661979675293,,,,,,,,,,98662.16326530612
47185,,8.0,,,,,,,,,98664.61224489796
47186,,,3.999999999999996,0.14662000000000222,0.0,,,,,,98667.0612244898
47194,4.146659851074219,,,,,,,,,,98686.6530612245
47195,,8.0,,,,,,,,,98689.10204081633
47196,,,3.999999999999996,0.14666000000000223,0.0,,,,,,98691.55102040817
47201,,,,,,0.5456852316856384,0.5831360816955566,0.00520362239331007,0.02918422222137451,0.46387723088264465,98700.0
47207,4.146699905395508,,,,,,,,,,98718.0
47208,,8.0,,,,,,,,,98721.0
47209,,,3.999999999999996,0.14670000000000225,0.0,,,,,,98724.0
47218,4.146739959716797,,,,,,,,,,98751.0
47219,,8.0,,,,,,,,,98754.0
47220,,,3.999999999999996,0.14674000000000226,0.0,,,,,,98757.0
47229,4.146780014038086,,,,,,,,,,98784.0
47230,,8.0,,,,,,,,,98787.0
47231,,,3.999999999999996,0.14678000000000227,0.0,,,,,,98790.0
47236,4.146820068359375,,,,,,,,,,98805.0
47237,,8.0,,,,,,,,,98808.0
47238,,,3.999999999999996,0.14682000000000228,0.0,,,,,,98811.0
47243,,,,,,0.5918897986412048,0.6456433534622192,0.0030094007961452007,0.05336356908082962,0.5425010919570923,98818.52830188679
47260,4.146860122680664,,,,,,,,,,98857.01886792453
47261,,8.0,,,,,,,,,98859.28301886792
47262,,,3.999999999999996,0.1468600000000023,0.0,,,,,,98861.54716981133
47270,4.146900177001953,,,,,,,,,,98879.6603773585
47271,,8.0,,,,,,,,,98881.92452830188
47272,,,3.999999999999996,0.1469000000000023,0.0,,,,,,98884.18867924529
47281,4.146940231323242,,,,,,,,,,98904.56603773584
47282,,8.0,,,,,,,,,98906.83018867925
47283,,,3.999999999999996,0.14694000000000232,0.0,,,,,,98909.09433962264
47291,4.146979808807373,,,,,,,,,,98927.2075471698
47292,,8.0,,,,,,,,,98929.47169811321
47293,,,3.999999999999996,0.14698000000000233,0.0,,,,,,98931.7358490566
47299,,,,,,0.624254584312439,0.6859510540962219,0.0076573691330850124,0.07402332872152328,0.7843965291976929,98941.3469387755
47308,4.147019863128662,,,,,,,,,,98963.38775510204
47309,,8.0,,,,,,,,,98965.83673469388
47310,,,3.999999999999996,0.14702000000000234,0.0,,,,,,98968.28571428571
47317,4.147059917449951,,,,,,,,,,98985.42857142857
47318,,8.0,,,,,,,,,98987.87755102041
47319,,,3.999999999999996,0.14706000000000236,0.0,,,,,,98990.32653061225
47328,4.14709997177124,,,,,,,,,,99012.36734693877
47329,,8.0,,,,,,,,,99014.8163265306
47330,,,3.999999999999996,0.14710000000000237,0.0,,,,,,99017.26530612246
47342,4.147140026092529,,,,,,,,,,99046.6530612245
47343,,8.0,,,,,,,,,99049.10204081633
47344,,,3.999999999999996,0.14714000000000238,0.0,,,,,,99051.55102040817
47349,,,,,,0.48576393723487854,0.5324022769927979,0.003821565071120858,0.024374157190322876,0.43998488783836365,99055.48
47352,,,,,,0.5419666767120361,0.5834549069404602,0.002052272204309702,0.035583723336458206,0.6143144965171814,99057.7
47363,4.147180080413818,,,,,,,,,,99065.84
47364,,8.0,,,,,,,,,99066.58
47365,,,3.999999999999996,0.1471800000000024,0.0,,,,,,99067.32
47372,4.147220134735107,,,,,,,,,,99072.5
47373,,8.0,,,,,,,,,99073.24
47374,,,3.999999999999996,0.1472200000000024,0.0,,,,,,99073.98
47383,4.1472601890563965,,,,,,,,,,99080.64
47384,,8.0,,,,,,,,,99081.38
47385,,,3.999999999999996,0.14726000000000242,0.0,,,,,,99082.12
47394,4.147299766540527,,,,,,,,,,99088.78
47395,,8.0,,,,,,,,,99089.52
47396,,,3.999999999999996,0.14730000000000243,0.0,,,,,,99090.26
47403,,,,,,0.5421552658081055,0.6128193140029907,0.02170945331454277,0.051288630813360214,0.580482006072998,99101.0
47412,4.147339820861816,,,,,,,,,,99123.5
47413,,8.0,,,,,,,,,99126.0
47414,,,3.999999999999996,0.14734000000000244,0.0,,,,,,99128.5
47425,4.1473798751831055,,,,,,,,,,99156.0
47426,,8.0,,,,,,,,,99158.5
47427,,,3.999999999999996,0.14738000000000245,0.0,,,,,,99161.0
47433,4.1474199295043945,,,,,,,,,,99176.0
47434,,8.0,,,,,,,,,99178.5
47435,,,3.999999999999996,0.14742000000000247,0.0,,,,,,99181.0
47444,4.147459983825684,,,,,,,,,,99203.5
47445,,8.0,,,,,,,,,99206.0
47446,,,3.999999999999996,0.14746000000000248,0.0,,,,,,99208.5
47452,,,,,,0.46707409620285034,0.5170549750328064,0.007633873727172613,0.031030060723423958,0.10342288017272949,99219.0
47460,4.147500038146973,,,,,,,,,,99240.33333333333
47461,,8.0,,,,,,,,,99243.0
47462,,,3.999999999999996,0.1475000000000025,0.0,,,,,,99245.66666666667
47469,4.147540092468262,,,,,,,,,,99264.33333333333
47470,,8.0,,,,,,,,,99267.0
47471,,,3.999999999999996,0.1475400000000025,0.0,,,,,,99269.66666666667
47480,4.147580146789551,,,,,,,,,,99293.66666666667
47481,,8.0,,,,,,,,,99296.33333333333
47482,,,3.999999999999996,0.14758000000000251,0.0,,,,,,99299.0
47491,4.14762020111084,,,,,,,,,,99323.0
47492,,8.0,,,,,,,,,99325.66666666667
47493,,,3.999999999999996,0.14762000000000253,0.0,,,,,,99328.33333333333
47498,,,,,,0.48499515652656555,0.5317573547363281,0.01712990738451481,0.051382821053266525,0.42913004755973816,99336.0
47506,4.147659778594971,,,,,,,,,,99356.0
47507,,8.0,,,,,,,,,99358.5
47508,,,3.999999999999996,0.14766000000000254,0.0,,,,,,99361.0
47518,4.14769983291626,,,,,,,,,,99386.0
47519,,8.0,,,,,,,,,99388.5
47520,,,3.999999999999996,0.14770000000000255,0.0,,,,,,99391.0
47529,4.147739887237549,,,,,,,,,,99413.5
47530,,8.0,,,,,,,,,99416.0
47531,,,3.999999999999996,0.14774000000000256,0.0,,,,,,99418.5
47541,4.147779941558838,,,,,,,,,,99443.5
47542,,8.0,,,,,,,,,99446.0
47543,,,3.999999999999996,0.14778000000000258,0.0,,,,,,99448.5
47547,,,,,,0.5397583246231079,0.5668245553970337,0.016297733411192894,0.053221434354782104,0.46755510568618774,99453.2641509434
47560,4.147819995880127,,,,,,,,,,99482.69811320755
47561,,8.0,,,,,,,,,99484.96226415095
47562,,,3.999999999999996,0.1478200000000026,0.0,,,,,,99487.22641509434
47570,4.147860050201416,,,,,,,,,,99505.3396226415
47571,,8.0,,,,,,,,,99507.60377358491
47572,,,3.999999999999996,0.1478600000000026,0.0,,,,,,99509.8679245283
47582,4.147900104522705,,,,,,,,,,99532.50943396226
47583,,8.0,,,,,,,,,99534.77358490566
47584,,,3.999999999999996,0.1479000000000026,0.0,,,,,,99537.03773584905
47596,4.147940158843994,,,,,,,,,,99564.2075471698
47597,,8.0,,,,,,,,,99566.47169811321
47598,,,3.999999999999996,0.14794000000000262,0.0,,,,,,99568.7358490566
47602,,,,,,0.5177234411239624,0.5897811651229858,0.020785508677363396,0.05186895653605461,0.3202672004699707,99573.79069767441
47606,,,,,,0.48188385367393494,0.5535227656364441,0.007772709242999554,0.03193055838346481,0.22636432945728302,99584.95348837209
47611,4.147980213165283,,,,,,,,,,99598.90697674418
47612,,8.0,,,,,,,,,99601.69767441861
47613,,,3.999999999999996,0.14798000000000264,0.0,,,,,,99604.48837209302
47620,4.148019790649414,,,,,,,,,,99624.02325581395
47621,,8.0,,,,,,,,,99626.81395348837
47622,,,3.999999999999996,0.14802000000000265,0.0,,,,,,99629.6046511628
47631,4.148059844970703,,,,,,,,,,99654.72093023256
47632,,8.0,,,,,,,,,99657.51162790698
47633,,,3.999999999999996,0.14806000000000266,0.0,,,,,,99660.30232558139
47641,4.148099899291992,,,,,,,,,,99682.62790697675
47642,,8.0,,,,,,,,,99685.41860465116
47643,,,3.999999999999996,0.14810000000000267,0.0,,,,,,99688.20930232559
47648,,,,,,0.47112947702407837,0.5344741344451904,0.0065724533051252365,0.053894419223070145,0.4154931306838989,99696.21739130435
47656,4.148139953613281,,,,,,,,,,99717.08695652174
47657,,8.0,,,,,,,,,99719.69565217392
47658,,,3.999999999999996,0.1481400000000027,0.0,,,,,,99722.30434782608
47670,4.14818000793457,,,,,,,,,,99753.60869565218
47671,,8.0,,,,,,,,,99756.21739130435
47672,,,3.999999999999996,0.1481800000000027,0.0,,,,,,99758.82608695653
47680,4.148220062255859,,,,,,,,,,99779.69565217392
47681,,8.0,,,,,,,,,99782.30434782608
47682,,,3.999999999999996,0.1482200000000027,0.0,,,,,,99784.91304347826
47689,4.148260116577148,,,,,,,,,,99803.17391304347
47690,,8.0,,,,,,,,,99805.78260869565
47691,,,3.999999999999996,0.14826000000000272,0.0,,,,,,99808.39130434782
47697,,,,,,0.5100926756858826,0.5609148144721985,0.013831702060997486,0.058157388120889664,0.5839822888374329,99818.5
47704,4.1483001708984375,,,,,,,,,,99836.0
47705,,8.0,,,,,,,,,99838.5
47706,,,3.999999999999996,0.14830000000000274,0.0,,,,,,99841.0
47719,4.148340225219727,,,,,,,,,,99873.5
47720,,8.0,,,,,,,,,99876.0
47721,,,3.999999999999996,0.14834000000000275,0.0,,,,,,99878.5
47729,4.148379802703857,,,,,,,,,,99898.5
47730,,8.0,,,,,,,,,99901.0
47731,,,3.999999999999996,0.14838000000000276,0.0,,,,,,99903.5
47739,4.1484198570251465,,,,,,,,,,99923.5
47740,,8.0,,,,,,,,,99926.0
47741,,,3.999999999999996,0.14842000000000277,0.0,,,,,,99928.5
47746,,,,,,0.5081719756126404,0.5706002712249756,0.011377129703760147,0.05019810050725937,0.7365443110466003,99935.70588235294
47756,4.1484599113464355,,,,,,,,,,99959.23529411765
47757,,8.0,,,,,,,,,99961.58823529411
47758,,,3.999999999999996,0.14846000000000278,0.0,,,,,,99963.94117647059
47770,4.148499965667725,,,,,,,,,,99992.17647058824
47771,,8.0,,,,,,,,,99994.5294117647
47772,,,3.999999999999996,0.1485000000000028,0.0,,,,,,99996.88235294117
47785,4.148540019989014,,,,,,,,,,100027.4705882353
47786,,8.0,,,,,,,,,100029.82352941176
47787,,,3.999999999999996,0.1485400000000028,0.0,,,,,,100032.17647058824
47792,4.148580074310303,,,,,,,,,,100043.94117647059
47793,,8.0,,,,,,,,,100046.29411764706
47794,,,3.999999999999996,0.14858000000000282,0.0,,,,,,100048.64705882352
47798,,,,,,0.5301837921142578,0.5790956020355225,0.005683999042958021,0.04352142661809921,0.6983925104141235,100053.85714285714
47808,4.148620128631592,,,,,,,,,,100082.42857142857
47809,,8.0,,,,,,,,,100085.28571428571
47810,,,3.999999999999996,0.14862000000000283,0.0,,,,,,100088.14285714286
47816,4.148660182952881,,,,,,,,,,100105.28571428571
47817,,8.0,,,,,,,,,100108.14285714286
47818,,,3.999999999999996,0.14866000000000285,0.0,,,,,,100111.0
47827,4.14870023727417,,,,,,,,,,100136.71428571429
47828,,8.0,,,,,,,,,100139.57142857143
47829,,,3.999999999999996,0.14870000000000286,0.0,,,,,,100142.42857142857
47836,4.148739814758301,,,,,,,,,,100162.42857142857
47837,,8.0,,,,,,,,,100165.28571428571
47838,,,3.999999999999996,0.14874000000000287,0.0,,,,,,100168.14285714286
47845,,,,,,0.42837485671043396,0.5293477773666382,0.002624042797833681,0.04243241995573044,0.6295297741889954,100180.23076923077
47850,,,,,,0.42982470989227295,0.4976944923400879,0.006123006343841553,0.04908629134297371,0.7291104793548584,100191.76923076923
47857,4.14877986907959,,,,,,,,,,100207.92307692308
47858,,8.0,,,,,,,,,100210.23076923077
47859,,,3.999999999999996,0.14878000000000288,0.0,,,,,,100212.53846153847
47865,4.148819923400879,,,,,,,,,,100226.38461538461
47866,,8.0,,,,,,,,,100228.69230769231
47867,,,3.999999999999996,0.1488200000000029,0.0,,,,,,100231.0
47882,4.148859977722168,,,,,,,,,,100265.61538461539
47883,,8.0,,,,,,,,,100267.92307692308
47884,,,3.999999999999996,0.1488600000000029,0.0,,,,,,100270.23076923077
47890,4.148900032043457,,,,,,,,,,100284.07692307692
47891,,8.0,,,,,,,,,100286.38461538461
47892,,,3.999999999999996,0.14890000000000292,0.0,,,,,,100288.69230769231
47896,,,,,,0.44358858466148376,0.5020372271537781,-0.0009576293523423374,0.03442088142037392,0.6701462864875793,100294.07692307692
47903,4.148940086364746,,,,,,,,,,100315.61538461539
47904,,8.0,,,,,,,,,100318.69230769231
47905,,,3.999999999999996,0.14894000000000293,0.0,,,,,,100321.76923076923
47913,4.148980140686035,,,,,,,,,,100346.38461538461
47914,,8.0,,,,,,,,,100349.46153846153
47915,,,3.999999999999996,0.14898000000000294,0.0,,,,,,100352.53846153847
47923,4.149020195007324,,,,,,,,,,100377.15384615384
47924,,8.0,,,,,,,,,100380.23076923077
47925,,,3.999999999999996,0.14902000000000296,0.0,,,,,,100383.30769230769
47931,4.149059772491455,,,,,,,,,,100401.76923076923
47932,,8.0,,,,,,,,,100404.84615384616
47933,,,3.999999999999996,0.14906000000000297,0.0,,,,,,100407.92307692308
47938,,,,,,0.5126984715461731,0.574164628982544,0.001984603237360716,0.04917403310537338,0.7312225103378296,100415.8
47947,4.149099826812744,,,,,,,,,,100437.4
47948,,8.0,,,,,,,,,100439.8
47949,,,3.999999999999996,0.14910000000000298,0.0,,,,,,100442.2
47957,4.149139881134033,,,,,,,,,,100461.4
47958,,8.0,,,,,,,,,100463.8
47959,,,3.999999999999996,0.149140000000003,0.0,,,,,,100466.2
47970,4.149179935455322,,,,,,,,,,100492.6
47971,,8.0,,,,,,,,,100495.0
47972,,,3.999999999999996,0.149180000000003,0.0,,,,,,100497.4
47983,4.149219989776611,,,,,,,,,,100523.8
47984,,8.0,,,,,,,,,100526.2
47985,,,3.999999999999996,0.14922000000000302,0.0,,,,,,100528.6
47990,,,,,,0.4482865631580353,0.5007179379463196,-0.0036889638286083937,0.0265318863093853,0.22694337368011475,100535.8
48004,4.1492600440979,,,,,,,,,,100569.4
48005,,8.0,,,,,,,,,100571.8
48006,,,3.999999999999996,0.14926000000000303,0.0,,,,,,100574.2
48016,4.1493000984191895,,,,,,,,,,100598.2
48017,,8.0,,,,,,,,,100600.6
48018,,,3.999999999999996,0.14930000000000304,0.0,,,,,,100603.0
48024,4.1493401527404785,,,,,,,,,,100617.4
48025,,8.0,,,,,,,,,100619.8
48026,,,3.999999999999996,0.14934000000000305,0.0,,,,,,100622.2
48035,4.149380207061768,,,,,,,,,,100643.8
48036,,8.0,,,,,,,,,100646.2
48037,,,3.999999999999996,0.14938000000000307,0.0,,,,,,100648.6
48042,,,,,,0.4921770989894867,0.5207961797714233,0.0023854372557252645,0.020121129229664803,0.12621380388736725,100654.87096774194
48055,4.149419784545898,,,,,,,,,,100680.03225806452
48056,,8.0,,,,,,,,,100681.96774193548
48057,,,3.999999999999996,0.14942000000000308,0.0,,,,,,100683.90322580645
48068,4.1494598388671875,,,,,,,,,,100705.19354838709
48069,,8.0,,,,,,,,,100707.12903225806
48070,,,3.999999999999996,0.1494600000000031,0.0,,,,,,100709.06451612903
48084,4.149499893188477,,,,,,,,,,100736.16129032258
48085,,8.0,,,,,,,,,100738.09677419355
48086,,,3.999999999999996,0.1495000000000031,0.0,,,,,,100740.03225806452
48099,4.149539947509766,,,,,,,,,,100765.19354838709
48100,,8.0,,,,,,,,,100767.12903225806
48101,,,3.999999999999996,0.14954000000000311,0.0,,,,,,100769.06451612903
48105,,,,,,0.5498796105384827,0.5994415879249573,0.002499738009646535,0.049199722707271576,0.3606266379356384,100773.4
48111,,,,,,0.49474406242370605,0.5464929938316345,0.010040655732154846,0.051846906542778015,0.4606119692325592,100787.8
48120,4.149580001831055,,,,,,,,,,100809.4
48121,,8.0,,,,,,,,,100811.8
48122,,,3.999999999999996,0.14958000000000313,0.0,,,,,,100814.2
48132,4.149620056152344,,,,,,,,,,100838.2
48133,,8.0,,,,,,,,,100840.6
48134,,,3.999999999999996,0.14962000000000314,0.0,,,,,,100843.0
48139,4.149660110473633,,,,,,,,,,100855.0
48140,,8.0,,,,,,,,,100857.4
48141,,,3.999999999999996,0.14966000000000315,0.0,,,,,,100859.8
48151,4.149700164794922,,,,,,,,,,100883.8
48152,,8.0,,,,,,,,,100886.2
48153,,,3.999999999999996,0.14970000000000316,0.0,,,,,,100888.6
48159,,,,,,0.44415536522865295,0.49014320969581604,0.012007995508611202,0.043418217450380325,0.24745292961597443,100898.5
48170,4.149740219116211,,,,,,,,,,100926.0
48171,,8.0,,,,,,,,,100928.5
48172,,,3.999999999999996,0.14974000000000318,0.0,,,,,,100931.0
48179,4.149779796600342,,,,,,,,,,100948.5
48180,,8.0,,,,,,,,,100951.0
48181,,,3.999999999999996,0.1497800000000032,0.0,,,,,,100953.5
48191,4.149819850921631,,,,,,,,,,100978.5
48192,,8.0,,,,,,,,,100981.0
48193,,,3.999999999999996,0.1498200000000032,0.0,,,,,,100983.5
48201,4.14985990524292,,,,,,,,,,101003.5
48202,,8.0,,,,,,,,,101006.0
48203,,,3.999999999999996,0.1498600000000032,0.0,,,,,,101008.5
48208,,,,,,0.5078511834144592,0.5835583209991455,-0.001165454974398017,0.04202187433838844,0.2425771951675415,101015.89795918367
48220,4.149899959564209,,,,,,,,,,101045.28571428571
48221,,8.0,,,,,,,,,101047.73469387754
48222,,,3.999999999999996,0.14990000000000323,0.0,,,,,,101050.1836734694
48230,4.149940013885498,,,,,,,,,,101069.77551020408
48231,,8.0,,,,,,,,,101072.22448979592
48232,,,3.999999999999996,0.14994000000000324,0.0,,,,,,101074.67346938775
48240,4.149980068206787,,,,,,,,,,101094.26530612246
48241,,8.0,,,,,,,,,101096.71428571429
48242,,,3.999999999999996,0.14998000000000325,0.0,,,,,,101099.16326530612
48252,4.150020122528076,,,,,,,,,,101123.6530612245
48253,,8.0,,,,,,,,,101126.10204081633
48254,,,3.999999999999996,0.15002000000000326,0.0,,,,,,101128.55102040817
48260,,,,,,0.5298199653625488,0.5842268466949463,-0.009757718071341515,0.05185394361615181,0.35068970918655396,101137.66666666667
48273,4.150060176849365,,,,,,,,,,101166.55555555556
48274,,8.0,,,,,,,,,101168.77777777778
48275,,,3.999999999999996,0.15006000000000327,0.0,,,,,,101171.0
48286,4.150100231170654,,,,,,,,,,101195.44444444444
48287,,8.0,,,,,,,,,101197.66666666667
48288,,,3.999999999999996,0.1501000000000033,0.0,,,,,,101199.88888888889
48296,4.150139808654785,,,,,,,,,,101217.66666666667
48297,,8.0,,,,,,,,,101219.88888888889
48298,,,3.999999999999996,0.1501400000000033,0.0,,,,,,101222.11111111111
48308,4.150179862976074,,,,,,,,,,101244.33333333333
48309,,8.0,,,,,,,,,101246.55555555556
48310,,,3.999999999999996,0.1501800000000033,0.0,,,,,,101248.77777777778
48316,,,,,,0.5317734479904175,0.6184831857681274,-0.005964325740933418,0.05593809485435486,0.6951858401298523,101259.0
48324,4.150219917297363,,,,,,,,,,101280.33333333333
48325,,8.0,,,,,,,,,101283.0
48326,,,3.999999999999996,0.15022000000000332,0.0,,,,,,101285.66666666667
48338,4.150259971618652,,,,,,,,,,101317.66666666667
48339,,8.0,,,,,,,,,101320.33333333333
48340,,,3.999999999999996,0.15026000000000334,0.0,,,,,,101323.0
48346,4.150300025939941,,,,,,,,,,101339.0
48347,,8.0,,,,,,,,,101341.66666666667
48348,,,3.999999999999996,0.15030000000000335,0.0,,,,,,101344.33333333333
48355,4.1503400802612305,,,,,,,,,,101363.0
48356,,8.0,,,,,,,,,101365.66666666667
48357,,,3.999999999999996,0.15034000000000336,0.0,,,,,,101368.33333333333
48361,,,,,,0.45665663480758667,0.5193354487419128,0.009649560786783695,0.04584886133670807,0.3836075961589813,101373.60869565218
48365,,,,,,0.5092747211456299,0.5707148909568787,0.004209787119179964,0.06108246371150017,0.353843092918396,101384.04347826086
48376,4.1503801345825195,,,,,,,,,,101412.73913043478
48377,,8.0,,,,,,,,,101415.34782608696
48378,,,3.999999999999996,0.15038000000000337,0.0,,,,,,101417.95652173914
48385,4.150420188903809,,,,,,,,,,101436.21739130435
48386,,8.0,,,,,,,,,101438.82608695653
48387,,,3.999999999999996,0.15042000000000338,0.0,,,,,,101441.43478260869
48397,4.1504597663879395,,,,,,,,,,101467.52173913043
48398,,8.0,,,,,,,,,101470.13043478261
48399,,,3.999999999999996,0.1504600000000034,0.0,,,,,,101472.73913043478
48403,4.1504998207092285,,,,,,,,,,101483.17391304347
48404,,8.0,,,,,,,,,101485.78260869565
48405,,,3.999999999999996,0.1505000000000034,0.0,,,,,,101488.39130434782
48412,,,,,,0.5009613633155823,0.5535370707511902,-0.007037317380309105,0.045481931418180466,0.5175768136978149,101499.72727272728
48421,4.150539875030518,,,,,,,,,,101519.36363636363
48422,,8.0,,,,,,,,,101521.54545454546
48423,,,3.999999999999996,0.15054000000000342,0.0,,,,,,101523.72727272728
48435,4.150579929351807,,,,,,,,,,101549.90909090909
48436,,8.0,,,,,,,,,101552.09090909091
48437,,,3.999999999999996,0.15058000000000343,0.0,,,,,,101554.27272727272
48449,4.150619983673096,,,,,,,,,,101580.45454545454
48450,,8.0,,,,,,,,,101582.63636363637
48451,,,3.999999999999996,0.15062000000000345,0.0,,,,,,101584.81818181818
48460,4.150660037994385,,,,,,,,,,101604.45454545454
48461,,8.0,,,,,,,,,101606.63636363637
48462,,,3.999999999999996,0.15066000000000346,0.0,,,,,,101608.81818181818
48468,,,,,,0.5469766855239868,0.6022560000419617,0.0022343250457197428,0.039958566427230835,0.4292932450771332,101617.54545454546
48485,4.150700092315674,,,,,,,,,,101654.63636363637
48486,,8.0,,,,,,,,,101656.81818181818
48487,,,3.999999999999996,0.15070000000000347,0.0,,,,,,101659.0
48496,4.150740146636963,,,,,,,,,,101678.63636363637
48497,,8.0,,,,,,,,,101680.81818181818
48498,,,3.999999999999996,0.15074000000000348,0.0,,,,,,101683.0
48508,4.150780200958252,,,,,,,,,,101704.81818181818
48509,,8.0,,,,,,,,,101707.0
48510,,,3.999999999999996,0.1507800000000035,0.0,,,,,,101709.18181818182
48517,4.150819778442383,,,,,,,,,,101724.45454545454
48518,,8.0,,,,,,,,,101726.63636363637
48519,,,3.999999999999996,0.1508200000000035,0.0,,,,,,101728.81818181818
48523,,,,,,0.4828470051288605,0.5247800350189209,0.0019023269414901733,0.037275925278663635,0.022984297946095467,101733.4
48535,4.150859832763672,,,,,,,,,,101762.2
48536,,8.0,,,,,,,,,101764.6
48537,,,3.999999999999996,0.15086000000000352,0.0,,,,,,101767.0
48542,4.150899887084961,,,,,,,,,,101779.0
48543,,8.0,,,,,,,,,101781.4
48544,,,3.999999999999996,0.15090000000000353,0.0,,,,,,101783.8
48560,4.15093994140625,,,,,,,,,,101822.2
48561,,8.0,,,,,,,,,101824.6
48562,,,3.999999999999996,0.15094000000000354,0.0,,,,,,101827.0
48569,4.150979995727539,,,,,,,,,,101843.8
48570,,8.0,,,,,,,,,101846.2
48571,,,3.999999999999996,0.15098000000000356,0.0,,,,,,101848.6
48576,,,,,,0.5206971764564514,0.583478569984436,0.002258969470858574,0.05378872528672218,0.0026593911461532116,101855.89795918367
48586,4.151020050048828,,,,,,,,,,101880.38775510204
48587,,8.0,,,,,,,,,101882.83673469388
48588,,,3.999999999999996,0.15102000000000357,0.0,,,,,,101885.28571428571
48596,4.151060104370117,,,,,,,,,,101904.87755102041
48597,,8.0,,,,,,,,,101907.32653061225
48598,,,3.999999999999996,0.15106000000000358,0.0,,,,,,101909.77551020408
48608,4.151100158691406,,,,,,,,,,101934.26530612246
48609,,8.0,,,,,,,,,101936.71428571429
48610,,,3.999999999999996,0.1511000000000036,0.0,,,,,,101939.16326530612
48620,4.151140213012695,,,,,,,,,,101963.6530612245
48621,,8.0,,,,,,,,,101966.10204081633
48622,,,3.999999999999996,0.1511400000000036,0.0,,,,,,101968.55102040817
48626,,,,,,0.5086938142776489,0.5473998188972473,0.00336926500312984,0.03908546268939972,0.00016426006914116442,101973.2641509434
48630,,,,,,0.45824065804481506,0.542687714099884,0.006739254575222731,0.040259260684251785,0.04114881902933121,101982.32075471699
48642,4.151179790496826,,,,,,,,,,102009.49056603774
48643,,8.0,,,,,,,,,102011.75471698113
48644,,,3.999999999999996,0.15118000000000362,0.0,,,,,,102014.01886792453
48655,4.151219844818115,,,,,,,,,,102038.92452830188
48656,,8.0,,,,,,,,,102041.18867924529
48657,,,3.999999999999996,0.15122000000000363,0.0,,,,,,102043.45283018867
48665,4.151259899139404,,,,,,,,,,102061.56603773584
48666,,8.0,,,,,,,,,102063.83018867925
48667,,,3.999999999999996,0.15126000000000364,0.0,,,,,,102066.09433962264
48675,4.151299953460693,,,,,,,,,,102084.2075471698
48676,,8.0,,,,,,,,,102086.47169811321
48677,,,3.999999999999996,0.15130000000000365,0.0,,,,,,102088.7358490566
48685,,,,,,0.4764792323112488,0.5007221698760986,0.014788676984608173,0.04339589551091194,0.2702195942401886,102104.95348837209
48694,4.151340007781982,,,,,,,,,,102130.06976744186
48695,,8.0,,,,,,,,,102132.86046511628
48696,,,3.999999999999996,0.15134000000000367,0.0,,,,,,102135.6511627907
48702,4.1513800621032715,,,,,,,,,,102152.3953488372
48703,,8.0,,,,,,,,,102155.18604651163
48704,,,3.999999999999996,0.15138000000000368,0.0,,,,,,102157.97674418605
48711,4.1514201164245605,,,,,,,,,,102177.51162790698
48712,,8.0,,,,,,,,,102180.30232558139
48713,,,3.999999999999996,0.1514200000000037,0.0,,,,,,102183.09302325582
48720,4.15146017074585,,,,,,,,,,102202.62790697675
48721,,8.0,,,,,,,,,102205.41860465116
48722,,,3.999999999999996,0.1514600000000037,0.0,,,,,,102208.20930232559
48729,,,,,,0.5532782077789307,0.6340439319610596,-0.0019553357269614935,0.041387952864170074,-0.0187501423060894,102221.66666666667
48742,4.151500225067139,,,,,,,,,,102256.33333333333
48743,,8.0,,,,,,,,,102259.0
48744,,,3.999999999999996,0.15150000000000372,0.0,,,,,,102261.66666666667
48752,4.1515398025512695,,,,,,,,,,102283.0
48753,,8.0,,,,,,,,,102285.66666666667
48754,,,3.999999999999996,0.15154000000000373,0.0,,,,,,102288.33333333333
48759,4.151579856872559,,,,,,,,,,102301.66666666667
48760,,8.0,,,,,,,,,102304.33333333333
48761,,,3.999999999999996,0.15158000000000374,0.0,,,,,,102307.0
48767,4.151619911193848,,,,,,,,,,102323.0
48768,,8.0,,,,,,,,,102325.66666666667
48769,,,3.999999999999996,0.15162000000000375,0.0,,,,,,102328.33333333333
48774,,,,,,0.4516892731189728,0.5266410708427429,0.005491363350301981,0.059903450310230255,0.10641863942146301,102335.70588235294
48781,4.151659965515137,,,,,,,,,,102352.17647058824
48782,,8.0,,,,,,,,,102354.5294117647
48783,,,3.999999999999996,0.15166000000000376,0.0,,,,,,102356.88235294117
48793,4.151700019836426,,,,,,,,,,102380.41176470589
48794,,8.0,,,,,,,,,102382.76470588235
48795,,,3.999999999999996,0.15170000000000378,0.0,,,,,,102385.11764705883
48810,4.151740074157715,,,,,,,,,,102420.41176470589
48811,,8.0,,,,,,,,,102422.76470588235
48812,,,3.999999999999996,0.1517400000000038,0.0,,,,,,102425.11764705883
48820,4.151780128479004,,,,,,,,,,102443.94117647059
48821,,8.0,,,,,,,,,102446.29411764706
48822,,,3.999999999999996,0.1517800000000038,0.0,,,,,,102448.64705882352
48827,,,,,,0.493886262178421,0.5606207847595215,0.004598545376211405,0.05071976035833359,0.21945203840732574,102456.58139534884
48839,4.151820182800293,,,,,,,,,,102490.06976744186
48840,,8.0,,,,,,,,,102492.86046511628
48841,,,3.999999999999996,0.1518200000000038,0.0,,,,,,102495.6511627907
48848,4.151860237121582,,,,,,,,,,102515.18604651163
48849,,8.0,,,,,,,,,102517.97674418605
48850,,,3.999999999999996,0.15186000000000383,0.0,,,,,,102520.76744186046
48856,4.151899814605713,,,,,,,,,,102537.51162790698
48857,,8.0,,,,,,,,,102540.30232558139
48858,,,3.999999999999996,0.15190000000000384,0.0,,,,,,102543.09302325582
48865,4.151939868927002,,,,,,,,,,102562.62790697675
48866,,8.0,,,,,,,,,102565.41860465116
48867,,,3.999999999999996,0.15194000000000385,0.0,,,,,,102568.20930232559
48872,,,,,,0.4581257700920105,0.51960688829422,-0.0033783582039177418,0.048600874841213226,0.23844176530838013,102576.0
48876,,,,,,0.5014610290527344,0.5651936531066895,0.003827292937785387,0.042922571301460266,0.21919670701026917,102586.0
48884,4.151979923248291,,,,,,,,,,102606.0
48885,,8.0,,,,,,,,,102608.5
48886,,,3.999999999999996,0.15198000000000386,0.0,,,,,,102611.0
48895,4.15201997756958,,,,,,,,,,102633.5
48896,,8.0,,,,,,,,,102636.0
48897,,,3.999999999999996,0.15202000000000387,0.0,,,,,,102638.5
48905,4.152060031890869,,,,,,,,,,102658.5
48906,,8.0,,,,,,,,,102661.0
48907,,,3.999999999999996,0.1520600000000039,0.0,,,,,,102663.5
48915,4.152100086212158,,,,,,,,,,102683.5
48916,,8.0,,,,,,,,,102686.0
48917,,,3.999999999999996,0.1521000000000039,0.0,,,,,,102688.5
48925,,,,,,0.43005362153053284,0.47442328929901123,0.008076433092355728,0.06857103109359741,0.2525375783443451,102704.04347826086
48933,4.152140140533447,,,,,,,,,,102724.91304347826
48934,,8.0,,,,,,,,,102727.52173913043
48935,,,3.999999999999996,0.1521400000000039,0.0,,,,,,102730.13043478261
48943,4.152180194854736,,,,,,,,,,102751.0
48944,,8.0,,,,,,,,,102753.60869565218
48945,,,3.999999999999996,0.15218000000000392,0.0,,,,,,102756.21739130435
48953,4.152219772338867,,,,,,,,,,102777.08695652174
48954,,8.0,,,,,,,,,102779.69565217392
48955,,,3.999999999999996,0.15222000000000394,0.0,,,,,,102782.30434782608
48963,4.152259826660156,,,,,,,,,,102803.17391304347
48964,,8.0,,,,,,,,,102805.78260869565
48965,,,3.999999999999996,0.15226000000000395,0.0,,,,,,102808.39130434782
48971,,,,,,0.568198025226593,0.6243547201156616,0.00600819056853652,0.05556361749768257,0.12567521631717682,102818.65957446808
48989,4.152299880981445,,,,,,,,,,102864.6170212766
48990,,8.0,,,,,,,,,102867.17021276595
48991,,,3.999999999999996,0.15230000000000396,0.0,,,,,,102869.72340425532
48996,4.152339935302734,,,,,,,,,,102882.48936170213
48997,,8.0,,,,,,,,,102885.0425531915
48998,,,3.999999999999996,0.15234000000000397,0.0,,,,,,102887.59574468085
49003,4.152379989624023,,,,,,,,,,102900.36170212766
49004,,8.0,,,,,,,,,102902.91489361702
49005,,,3.999999999999996,0.15238000000000398,0.0,,,,,,102905.46808510639
49012,4.1524200439453125,,,,,,,,,,102923.34042553192
49013,,8.0,,,,,,,,,102925.89361702128
49014,,,3.999999999999996,0.152420000000004,0.0,,,,,,102928.44680851063
49020,,,,,,0.5095598101615906,0.572503924369812,0.014266490936279297,0.0636807531118393,0.20462900400161743,102937.92307692308
49030,4.152460098266602,,,,,,,,,,102961.0
49031,,8.0,,,,,,,,,102963.30769230769
49032,,,3.999999999999996,0.152460000000004,0.0,,,,,,102965.61538461539
49042,4.152500152587891,,,,,,,,,,102988.69230769231
49043,,8.0,,,,,,,,,102991.0
49044,,,3.999999999999996,0.15250000000000402,0.0,,,,,,102993.30769230769
49054,4.15254020690918,,,,,,,,,,103016.38461538461
49055,,8.0,,,,,,,,,103018.69230769231
49056,,,3.999999999999996,0.15254000000000403,0.0,,,,,,103021.0
49066,4.1525797843933105,,,,,,,,,,103044.07692307692
49067,,8.0,,,,,,,,,103046.38461538461
49068,,,3.999999999999996,0.15258000000000405,0.0,,,,,,103048.69230769231
49072,,,,,,0.5602307915687561,0.6021880507469177,0.005365664139389992,0.047761738300323486,0.006617684382945299,103053.60869565218
49080,4.1526198387146,,,,,,,,,,103074.47826086957
49081,,8.0,,,,,,,,,103077.08695652174
49082,,,3.999999999999996,0.15262000000000406,0.0,,,,,,103079.69565217392
49092,4.152659893035889,,,,,,,,,,103105.78260869565
49093,,8.0,,,,,,,,,103108.39130434782
49094,,,3.999999999999996,0.15266000000000407,0.0,,,,,,103111.0
49101,4.152699947357178,,,,,,,,,,103129.26086956522
49102,,8.0,,,,,,,,,103131.86956521739
49103,,,3.999999999999996,0.15270000000000408,0.0,,,,,,103134.47826086957
49114,4.152740001678467,,,,,,,,,,103163.17391304347
49115,,8.0,,,,,,,,,103165.78260869565
49116,,,3.999999999999996,0.1527400000000041,0.0,,,,,,103168.39130434782
49120,,,,,,0.6818559169769287,0.7605769634246826,0.0025701536796987057,0.07494035363197327,-0.21879783272743225,103173.4
49122,,,,,,0.5633153915405273,0.6184200048446655,0.03238401189446449,0.06876582652330399,0.003838577773422003,103178.2
49130,4.152780055999756,,,,,,,,,,103197.4
49131,,8.0,,,,,,,,,103199.8
49132,,,3.999999999999996,0.1527800000000041,0.0,,,,,,103202.2
49141,4.152820110321045,,,,,,,,,,103223.8
49142,,8.0,,,,,,,,,103226.2
49143,,,3.999999999999996,0.15282000000000412,0.0,,,,,,103228.6
49155,4.152860164642334,,,,,,,,,,103257.4
49156,,8.0,,,,,,,,,103259.8
49157,,,3.999999999999996,0.15286000000000413,0.0,,,,,,103262.2
49166,4.152900218963623,,,,,,,,,,103283.8
49167,,8.0,,,,,,,,,103286.2
49168,,,3.999999999999996,0.15290000000000414,0.0,,,,,,103288.6
49177,,,,,,0.5130281448364258,0.5801660418510437,-0.0036880262196063995,0.03402412682771683,-0.30943581461906433,103303.85714285714
49187,4.152939796447754,,,,,,,,,,103325.28571428571
49188,,8.0,,,,,,,,,103327.42857142857
49189,,,3.999999999999996,0.15294000000000416,0.0,,,,,,103329.57142857143
49199,4.152979850769043,,,,,,,,,,103351.0
49200,,8.0,,,,,,,,,103353.14285714286
49201,,,3.999999999999996,0.15298000000000417,0.0,,,,,,103355.28571428571
49210,4.153019905090332,,,,,,,,,,103374.57142857143
49211,,8.0,,,,,,,,,103376.71428571429
49212,,,3.999999999999996,0.15302000000000418,0.0,,,,,,103378.85714285714
49224,4.153059959411621,,,,,,,,,,103404.57142857143
49225,,8.0,,,,,,,,,103406.71428571429
49226,,,3.999999999999996,0.1530600000000042,0.0,,,,,,103408.85714285714
49231,,,,,,0.5426070094108582,0.6214719414710999,0.01994476281106472,0.05689846724271774,-0.13604341447353363,103416.58139534884
49241,4.15310001373291,,,,,,,,,,103444.48837209302
49242,,8.0,,,,,,,,,103447.27906976744
49243,,,3.999999999999996,0.1531000000000042,0.0,,,,,,103450.06976744186
49251,4.153140068054199,,,,,,,,,,103472.3953488372
49252,,8.0,,,,,,,,,103475.18604651163
49253,,,3.999999999999996,0.15314000000000422,0.0,,,,,,103477.97674418605
49262,4.153180122375488,,,,,,,,,,103503.09302325582
49263,,8.0,,,,,,,,,103505.88372093023
49264,,,3.999999999999996,0.15318000000000423,0.0,,,,,,103508.67441860466
49269,4.153220176696777,,,,,,,,,,103522.62790697675
49270,,8.0,,,,,,,,,103525.41860465116
49271,,,3.999999999999996,0.15322000000000424,0.0,,,,,,103528.20930232559
49277,,,,,,0.5864989757537842,0.6332978010177612,0.014550739899277687,0.06273321807384491,0.16341063380241394,103537.31578947368
49289,4.153260231018066,,,,,,,,,,103562.57894736843
49290,,8.0,,,,,,,,,103564.68421052632
49291,,,3.999999999999996,0.15326000000000425,0.0,,,,,,103566.78947368421
49304,4.153299808502197,,,,,,,,,,103594.15789473684
49305,,8.0,,,,,,,,,103596.26315789473
49306,,,3.999999999999996,0.15330000000000427,0.0,,,,,,103598.36842105263
49318,4.153339862823486,,,,,,,,,,103623.63157894737
49319,,8.0,,,,,,,,,103625.73684210527
49320,,,3.999999999999996,0.15334000000000428,0.0,,,,,,103627.84210526316
49328,4.153379917144775,,,,,,,,,,103644.68421052632
49329,,8.0,,,,,,,,,103646.78947368421
49330,,,3.999999999999996,0.1533800000000043,0.0,,,,,,103648.8947368421
49335,,,,,,0.5020788311958313,0.5835934281349182,0.010976188816130161,0.04805190488696098,-0.03771742060780525,103656.0
49344,4.1534199714660645,,,,,,,,,,103678.5
49345,,8.0,,,,,,,,,103681.0
49346,,,3.999999999999996,0.1534200000000043,0.0,,,,,,103683.5
49358,4.1534600257873535,,,,,,,,,,103713.5
49359,,8.0,,,,,,,,,103716.0
49360,,,3.999999999999996,0.15346000000000432,0.0,,,,,,103718.5
49367,4.153500080108643,,,,,,,,,,103736.0
49368,,8.0,,,,,,,,,103738.5
49369,,,3.999999999999996,0.15350000000000433,0.0,,,,,,103741.0
49378,4.153540134429932,,,,,,,,,,103763.5
49379,,8.0,,,,,,,,,103766.0
49380,,,3.999999999999996,0.15354000000000434,0.0,,,,,,103768.5
49384,,,,,,0.5331180095672607,0.6644646525382996,-0.00010561312228674069,0.053021274507045746,0.27024152874946594,103773.2641509434
49386,,,,,,0.54287189245224,0.6485455632209778,0.001408719806931913,0.033967576920986176,0.26038023829460144,103777.7924528302
49400,4.153580188751221,,,,,,,,,,103809.49056603774
49401,,8.0,,,,,,,,,103811.75471698113
49402,,,3.999999999999996,0.15358000000000435,0.0,,,,,,103814.01886792453
49412,4.153619766235352,,,,,,,,,,103836.6603773585
49413,,8.0,,,,,,,,,103838.92452830188
49414,,,3.999999999999996,0.15362000000000436,0.0,,,,,,103841.18867924529
49424,4.153659820556641,,,,,,,,,,103863.83018867925
49425,,8.0,,,,,,,,,103866.09433962264
49426,,,3.999999999999996,0.15366000000000438,0.0,,,,,,103868.35849056604
49433,4.15369987487793,,,,,,,,,,103884.2075471698
49434,,8.0,,,,,,,,,103886.47169811321
49435,,,3.999999999999996,0.1537000000000044,0.0,,,,,,103888.7358490566
49441,,,,,,0.4798714518547058,0.5128374099731445,0.010548464022576809,0.052525319159030914,0.0929950624704361,103897.92307692308
49452,4.153739929199219,,,,,,,,,,103923.30769230769
49453,,8.0,,,,,,,,,103925.61538461539
49454,,,3.999999999999996,0.1537400000000044,0.0,,,,,,103927.92307692308
49466,4.153779983520508,,,,,,,,,,103955.61538461539
49467,,8.0,,,,,,,,,103957.92307692308
49468,,,3.999999999999996,0.1537800000000044,0.0,,,,,,103960.23076923077
49476,4.153820037841797,,,,,,,,,,103978.69230769231
49477,,8.0,,,,,,,,,103981.0
49478,,,3.999999999999996,0.15382000000000443,0.0,,,,,,103983.30769230769
49487,4.153860092163086,,,,,,,,,,104004.07692307692
49488,,8.0,,,,,,,,,104006.38461538461
49489,,,3.999999999999996,0.15386000000000444,0.0,,,,,,104008.69230769231
49494,,,,,,0.5797491669654846,0.655306875705719,-0.0011895184870809317,0.02904050424695015,0.07145622372627258,104015.89795918367
49506,4.153900146484375,,,,,,,,,,104045.28571428571
49507,,8.0,,,,,,,,,104047.73469387754
49508,,,3.999999999999996,0.15390000000000445,0.0,,,,,,104050.1836734694
49520,4.153940200805664,,,,,,,,,,104079.57142857143
49521,,8.0,,,,,,,,,104082.02040816327
49522,,,3.999999999999996,0.15394000000000446,0.0,,,,,,104084.4693877551
49529,4.153979778289795,,,,,,,,,,104101.61224489796
49530,,8.0,,,,,,,,,104104.0612244898
49531,,,3.999999999999996,0.15398000000000447,0.0,,,,,,104106.51020408163
49538,4.154019832611084,,,,,,,,,,104123.6530612245
49539,,8.0,,,,,,,,,104126.10204081633
49540,,,3.999999999999996,0.1540200000000045,0.0,,,,,,104128.55102040817
49545,,,,,,0.4318666160106659,0.4682524502277374,0.0005731188575737178,0.028405696153640747,-0.036422308534383774,104135.8
49556,4.154059886932373,,,,,,,,,,104162.2
49557,,8.0,,,,,,,,,104164.6
49558,,,3.999999999999996,0.1540600000000045,0.0,,,,,,104167.0
49567,4.154099941253662,,,,,,,,,,104188.6
49568,,8.0,,,,,,,,,104191.0
49569,,,3.999999999999996,0.1541000000000045,0.0,,,,,,104193.4
49580,4.154139995574951,,,,,,,,,,104219.8
49581,,8.0,,,,,,,,,104222.2
49582,,,3.999999999999996,0.15414000000000452,0.0,,,,,,104224.6
49590,4.15418004989624,,,,,,,,,,104243.8
49591,,8.0,,,,,,,,,104246.2
49592,,,3.999999999999996,0.15418000000000454,0.0,,,,,,104248.6
49600,,,,,,0.5249454379081726,0.5815231800079346,0.009071790613234043,0.054167717695236206,0.1712716519832611,104264.04347826086
49608,4.154220104217529,,,,,,,,,,104284.91304347826
49609,,8.0,,,,,,,,,104287.52173913043
49610,,,3.999999999999996,0.15422000000000455,0.0,,,,,,104290.13043478261
49618,4.154260158538818,,,,,,,,,,104311.0
49619,,8.0,,,,,,,,,104313.60869565218
49620,,,3.999999999999996,0.15426000000000456,0.0,,,,,,104316.21739130435
49626,4.154300212860107,,,,,,,,,,104331.86956521739
49627,,8.0,,,,,,,,,104334.47826086957
49628,,,3.999999999999996,0.15430000000000457,0.0,,,,,,104337.08695652174
49638,4.154339790344238,,,,,,,,,,104363.17391304347
49639,,8.0,,,,,,,,,104365.78260869565
49640,,,3.999999999999996,0.15434000000000458,0.0,,,,,,104368.39130434782
49645,,,,,,0.5006799697875977,0.547383725643158,0.010919769294559956,0.04391521215438843,-0.047792572528123856,104377.48648648648
49646,,,,,,0.4972267150878906,0.5688946843147278,0.01472076028585434,0.05426626279950142,0.07660378515720367,104380.72972972973
49650,4.154379844665527,,,,,,,,,,104393.7027027027
49651,,8.0,,,,,,,,,104396.94594594595
49652,,,3.999999999999996,0.1543800000000046,0.0,,,,,,104400.18918918919
49659,4.154419898986816,,,,,,,,,,104422.8918918919
49660,,8.0,,,,,,,,,104426.13513513513
49661,,,3.999999999999996,0.1544200000000046,0.0,,,,,,104429.37837837837
49667,4.1544599533081055,,,,,,,,,,104448.83783783784
49668,,8.0,,,,,,,,,104452.08108108108
49669,,,3.999999999999996,0.15446000000000462,0.0,,,,,,104455.32432432432
49677,4.1545000076293945,,,,,,,,,,104481.27027027027
49678,,8.0,,,,,,,,,104484.51351351352
49679,,,3.999999999999996,0.15450000000000463,0.0,,,,,,104487.75675675676
49686,,,,,,0.46279481053352356,0.5120245814323425,0.00016776975826360285,0.05403055250644684,0.12776413559913635,104500.23076923077
49694,4.154540061950684,,,,,,,,,,104518.69230769231
49695,,8.0,,,,,,,,,104521.0
49696,,,3.999999999999996,0.15454000000000465,0.0,,,,,,104523.30769230769
49707,4.154580116271973,,,,,,,,,,104548.69230769231
49708,,8.0,,,,,,,,,104551.0
49709,,,3.999999999999996,0.15458000000000466,0.0,,,,,,104553.30769230769
49716,4.154620170593262,,,,,,,,,,104569.46153846153
49717,,8.0,,,,,,,,,104571.76923076923
49718,,,3.999999999999996,0.15462000000000467,0.0,,,,,,104574.07692307692
49731,4.154660224914551,,,,,,,,,,104604.07692307692
49732,,8.0,,,,,,,,,104606.38461538461
49733,,,3.999999999999996,0.15466000000000468,0.0,,,,,,104608.69230769231
49739,,,,,,0.521946132183075,0.5690632462501526,0.0056133270263671875,0.05912209674715996,0.36838972568511963,104619.0
49750,4.154699802398682,,,,,,,,,,104648.33333333333
49751,,8.0,,,,,,,,,104651.0
49752,,,3.999999999999996,0.1547000000000047,0.0,,,,,,104653.66666666667
49763,4.154739856719971,,,,,,,,,,104683.0
49764,,8.0,,,,,,,,,104685.66666666667
49765,,,3.999999999999996,0.1547400000000047,0.0,,,,,,104688.33333333333
49771,4.15477991104126,,,,,,,,,,104704.33333333333
49772,,8.0,,,,,,,,,104707.0
49773,,,3.999999999999996,0.15478000000000472,0.0,,,,,,104709.66666666667
49778,4.154819965362549,,,,,,,,,,104723.0
49779,,8.0,,,,,,,,,104725.66666666667
49780,,,3.999999999999996,0.15482000000000473,0.0,,,,,,104728.33333333333
49785,,,,,,0.5405693054199219,0.6220489144325256,0.014240387827157974,0.059408821165561676,0.4936431348323822,104736.85365853658
49794,4.154860019683838,,,,,,,,,,104763.19512195123
49795,,8.0,,,,,,,,,104766.12195121951
49796,,,3.999999999999996,0.15486000000000474,0.0,,,,,,104769.0487804878
49802,4.154900074005127,,,,,,,,,,104786.60975609756
49803,,8.0,,,,,,,,,104789.53658536586
49804,,,3.999999999999996,0.15490000000000476,0.0,,,,,,104792.46341463414
49811,4.154940128326416,,,,,,,,,,104812.9512195122
49812,,8.0,,,,,,,,,104815.87804878049
49813,,,3.999999999999996,0.15494000000000477,0.0,,,,,,104818.80487804877
49821,4.154980182647705,,,,,,,,,,104842.21951219512
49822,,8.0,,,,,,,,,104845.14634146342
49823,,,3.999999999999996,0.15498000000000478,0.0,,,,,,104848.0731707317
49828,,,,,,0.5197291970252991,0.5971495509147644,0.008149923756718636,0.06130669265985489,0.49570563435554504,104855.36363636363
49837,4.155020236968994,,,,,,,,,,104875.0
49838,,8.0,,,,,,,,,104877.18181818182
49839,,,3.999999999999996,0.1550200000000048,0.0,,,,,,104879.36363636363
49851,4.155059814453125,,,,,,,,,,104905.54545454546
49852,,8.0,,,,,,,,,104907.72727272728
49853,,,3.999999999999996,0.1550600000000048,0.0,,,,,,104909.90909090909
49864,4.155099868774414,,,,,,,,,,104933.90909090909
49865,,8.0,,,,,,,,,104936.09090909091
49866,,,3.999999999999996,0.15510000000000482,0.0,,,,,,104938.27272727272
49878,4.155139923095703,,,,,,,,,,104964.45454545454
49879,,8.0,,,,,,,,,104966.63636363637
49880,,,3.999999999999996,0.15514000000000483,0.0,,,,,,104968.81818181818
49884,,,,,,0.5029508471488953,0.5702056884765625,-0.002002126071602106,0.03903047740459442,0.12138035893440247,104973.5
49890,,,,,,0.4865369498729706,0.5422354936599731,0.009680447168648243,0.06515610963106155,0.1619025617837906,104988.5
49899,4.155179977416992,,,,,,,,,,105011.0
49900,,8.0,,,,,,,,,105013.5
49901,,,3.999999999999996,0.15518000000000484,0.0,,,,,,105016.0
49908,4.155220031738281,,,,,,,,,,105033.5
49909,,8.0,,,,,,,,,105036.0
49910,,,3.999999999999996,0.15522000000000485,0.0,,,,,,105038.5
49921,4.15526008605957,,,,,,,,,,105066.0
49922,,8.0,,,,,,,,,105068.5
49923,,,3.999999999999996,0.15526000000000487,0.0,,,,,,105071.0
49928,4.155300140380859,,,,,,,,,,105083.5
49929,,8.0,,,,,,,,,105086.0
49930,,,3.999999999999996,0.15530000000000488,0.0,,,,,,105088.5
