step,cost
105.0,0.0
154.0,0.0
457.0,20.0
519.0,0.0
627.0,0.0
1627.0,0.0
1657.0,0.0
2657.0,0.0
2717.0,0.0
3717.0,1.0
3943.0,9.0
4943.0,0.0
5291.0,5.0
5962.0,0.0
6962.0,3.0
7498.0,2.0
8498.0,0.0
9498.0,0.0
10498.0,0.0
10741.0,0.0
11605.0,0.0
12158.0,0.0
13158.0,0.0
14158.0,0.0
15158.0,0.0
16158.0,0.0
17158.0,0.0
18158.0,0.0
19158.0,0.0
20158.0,0.0
21158.0,0.0
22158.0,0.0
23158.0,0.0
24158.0,0.0
25158.0,0.0
26158.0,0.0
27158.0,0.0
28158.0,0.0
29158.0,0.0
30158.0,0.0
31158.0,0.0
32158.0,0.0
33158.0,0.0
34158.0,0.0
35158.0,0.0
36158.0,0.0
37158.0,0.0
38158.0,0.0
39158.0,0.0
40158.0,0.0
41158.0,0.0
42158.0,0.0
43158.0,0.0
44158.0,0.0
45158.0,0.0
46158.0,0.0
47158.0,0.0
48158.0,0.0
49158.0,0.0
50158.0,0.0
51158.0,0.0
52158.0,0.0
53158.0,0.0
54158.0,0.0
55158.0,0.0
56158.0,0.0
57158.0,0.0
58158.0,0.0
59158.0,0.0
60158.0,0.0
61158.0,0.0
62158.0,0.0
63158.0,0.0
64158.0,0.0
65158.0,0.0
66158.0,0.0
67158.0,0.0
68158.0,0.0
69158.0,0.0
70158.0,0.0
71158.0,0.0
72158.0,0.0
73158.0,0.0
74158.0,0.0
75158.0,0.0
76158.0,0.0
77158.0,0.0
78158.0,0.0
79158.0,0.0
80158.0,0.0
81158.0,0.0
82158.0,0.0
83158.0,0.0
84158.0,0.0
85158.0,0.0
86158.0,0.0
87158.0,0.0
88158.0,0.0
89158.0,0.0
90158.0,0.0
91158.0,0.0
92158.0,0.0
93158.0,0.0
94158.0,0.0
95158.0,0.0
96158.0,0.0
97158.0,0.0
98158.0,0.0
99158.0,0.0
100158.0,0.0
101158.0,0.0
102158.0,0.0
103158.0,0.0
104158.0,0.0
105158.0,0.0
106158.0,0.0
107158.0,0.0
108158.0,0.0
109158.0,0.0
110158.0,0.0
111158.0,0.0
112158.0,0.0
113158.0,0.0
114158.0,0.0
115158.0,0.0
116158.0,0.0
117158.0,0.0
118158.0,0.0
119158.0,0.0
120158.0,0.0
121158.0,0.0
122158.0,0.0
123158.0,0.0
124158.0,0.0
125158.0,0.0
126158.0,0.0
127158.0,0.0
128158.0,0.0
129158.0,0.0
130158.0,0.0
131158.0,0.0
132158.0,0.0
133158.0,0.0
134158.0,0.0
135158.0,0.0
136158.0,0.0
137158.0,0.0
138158.0,0.0
139158.0,0.0
140158.0,0.0
141158.0,0.0
142158.0,0.0
143158.0,0.0
144158.0,0.0
145158.0,0.0
146158.0,0.0
147158.0,0.0
148158.0,0.0
149158.0,0.0
150158.0,0.0
151158.0,0.0
152158.0,0.0
153158.0,0.0
154158.0,0.0
155158.0,0.0
156158.0,0.0
157158.0,0.0
158158.0,0.0
159158.0,0.0
160158.0,0.0
161158.0,0.0
162158.0,0.0
163158.0,0.0
164158.0,0.0
165158.0,0.0
166158.0,0.0
167158.0,0.0
168158.0,0.0
169158.0,0.0
170158.0,0.0
171158.0,0.0
172158.0,0.0
173158.0,0.0
174158.0,0.0
175158.0,0.0
176158.0,0.0
177158.0,0.0
178158.0,0.0
179158.0,0.0
180158.0,0.0
181158.0,0.0
182158.0,0.0
183158.0,0.0
184158.0,0.0
185158.0,0.0
186158.0,0.0
187158.0,0.0
188158.0,0.0
189158.0,0.0
190158.0,0.0
191158.0,0.0
192158.0,0.0
193158.0,0.0
194158.0,0.0
195158.0,0.0
196158.0,0.0
197158.0,0.0
198158.0,0.0
199158.0,0.0
200158.0,0.0
201158.0,0.0
202158.0,0.0
203158.0,0.0
204158.0,0.0
205158.0,0.0
206158.0,0.0
207158.0,0.0
208158.0,0.0
209158.0,0.0
210158.0,0.0
211158.0,0.0
212158.0,0.0
213158.0,0.0
214158.0,0.0
215158.0,0.0
216158.0,0.0
217158.0,0.0
218158.0,0.0
219158.0,0.0
220158.0,0.0
221158.0,0.0
222158.0,0.0
223158.0,0.0
224158.0,0.0
225158.0,0.0
226158.0,0.0
227158.0,0.0
228158.0,0.0
229158.0,0.0
230158.0,0.0
231158.0,0.0
232158.0,0.0
233158.0,0.0
234158.0,0.0
235158.0,0.0
236158.0,0.0
237158.0,0.0
238158.0,0.0
239158.0,0.0
240158.0,0.0
241158.0,0.0
242158.0,0.0
243158.0,0.0
244158.0,0.0
245158.0,0.0
246158.0,0.0
247158.0,0.0
248158.0,0.0
249158.0,0.0
250158.0,0.0
251158.0,0.0
252158.0,0.0
253158.0,0.0
254158.0,0.0
255158.0,0.0
256158.0,0.0
257158.0,0.0
258158.0,0.0
259158.0,0.0
260158.0,0.0
261158.0,0.0
262158.0,0.0
263158.0,0.0
264158.0,0.0
265158.0,0.0
266158.0,0.0
267158.0,0.0
268158.0,0.0
269158.0,0.0
270158.0,0.0
271158.0,0.0
272158.0,0.0
273158.0,0.0
274158.0,0.0
275158.0,0.0
276158.0,0.0
277158.0,0.0
278158.0,0.0
279158.0,0.0
280158.0,0.0
281158.0,0.0
282158.0,0.0
283158.0,0.0
284158.0,0.0
285158.0,0.0
286158.0,0.0
287158.0,0.0
288158.0,0.0
289158.0,0.0
290158.0,0.0
291158.0,0.0
292158.0,0.0
293158.0,0.0
294158.0,0.0
295158.0,0.0
296158.0,0.0
297158.0,0.0
298158.0,0.0
299158.0,0.0
300158.0,0.0
301158.0,0.0
302158.0,0.0
303158.0,0.0
304158.0,0.0
305158.0,0.0
306158.0,0.0
307158.0,0.0
308158.0,0.0
309158.0,0.0
310158.0,0.0
311158.0,0.0
312158.0,0.0
313158.0,0.0
314158.0,0.0
315158.0,0.0
316158.0,0.0
317158.0,0.0
318158.0,0.0
319158.0,0.0
320158.0,0.0
321158.0,0.0
322158.0,0.0
323158.0,0.0
324158.0,0.0
325158.0,0.0
326158.0,0.0
327158.0,0.0
328158.0,0.0
329158.0,0.0
330158.0,0.0
331158.0,0.0
332158.0,0.0
333158.0,0.0
334158.0,0.0
335158.0,0.0
336158.0,0.0
337158.0,0.0
338158.0,0.0
339158.0,0.0
340158.0,0.0
341158.0,0.0
342158.0,0.0
343158.0,0.0
344158.0,0.0
345158.0,0.0
346158.0,0.0
347158.0,0.0
348158.0,0.0
349158.0,0.0
350158.0,0.0
351158.0,0.0
352158.0,0.0
353158.0,0.0
354158.0,0.0
355158.0,0.0
356158.0,0.0
357158.0,0.0
358158.0,0.0
359158.0,0.0
360158.0,0.0
361158.0,0.0
362158.0,0.0
363158.0,0.0
364158.0,0.0
365158.0,0.0
366158.0,0.0
367158.0,0.0
368158.0,0.0
369158.0,0.0
370158.0,0.0
371158.0,0.0
372158.0,0.0
373158.0,0.0
374158.0,0.0
375158.0,0.0
376158.0,0.0
377158.0,0.0
378158.0,0.0
379158.0,0.0
380158.0,0.0
381158.0,0.0
382158.0,0.0
383158.0,0.0
384158.0,0.0
385158.0,0.0
386158.0,0.0
387158.0,0.0
388158.0,0.0
389158.0,0.0
390158.0,0.0
391158.0,0.0
392158.0,0.0
393158.0,0.0
394158.0,0.0
395158.0,0.0
396158.0,0.0
397158.0,0.0
398158.0,0.0
399158.0,0.0
400158.0,0.0
401158.0,0.0
402158.0,0.0
403158.0,0.0
404158.0,0.0
405158.0,0.0
406158.0,0.0
407158.0,0.0
408158.0,0.0
409158.0,0.0
410158.0,0.0
411158.0,0.0
412158.0,0.0
413158.0,0.0
414158.0,0.0
415158.0,0.0
416158.0,0.0
417158.0,0.0
418158.0,0.0
419158.0,0.0
420158.0,0.0
421158.0,0.0
422158.0,0.0
423158.0,0.0
424158.0,0.0
425158.0,0.0
426158.0,0.0
427158.0,0.0
428158.0,0.0
429158.0,0.0
430158.0,0.0
431158.0,0.0
432158.0,0.0
433158.0,0.0
434158.0,0.0
435158.0,0.0
436158.0,0.0
437158.0,0.0
438158.0,0.0
439158.0,0.0
440158.0,0.0
441158.0,0.0
442158.0,0.0
443158.0,0.0
444158.0,0.0
445158.0,0.0
446158.0,0.0
447158.0,0.0
448158.0,0.0
449158.0,0.0
450158.0,0.0
451158.0,0.0
452158.0,0.0
453158.0,0.0
454158.0,0.0
455158.0,0.0
456158.0,0.0
457158.0,0.0
458158.0,0.0
459158.0,0.0
460158.0,0.0
461158.0,0.0
462158.0,0.0
463158.0,0.0
464158.0,0.0
465158.0,0.0
466158.0,0.0
467158.0,0.0
468158.0,0.0
469158.0,0.0
470158.0,0.0
471158.0,0.0
472158.0,0.0
473158.0,0.0
474158.0,0.0
475158.0,0.0
476158.0,0.0
477158.0,0.0
478158.0,0.0
479158.0,0.0
480158.0,0.0
481158.0,0.0
482158.0,0.0
483158.0,0.0
484158.0,0.0
485158.0,0.0
486158.0,0.0
487158.0,0.0
488158.0,0.0
489158.0,0.0
490158.0,0.0
491158.0,0.0
492158.0,0.0
493158.0,0.0
494158.0,0.0
495158.0,0.0
496158.0,0.0
497158.0,0.0
498158.0,0.0
499158.0,0.0
500158.0,0.0
501158.0,0.0
502158.0,0.0
503158.0,0.0
504158.0,0.0
505158.0,0.0
506158.0,0.0
507158.0,0.0
508158.0,0.0
509158.0,0.0
510158.0,0.0
511158.0,0.0
512158.0,0.0
513158.0,0.0
514158.0,0.0
515158.0,0.0
516158.0,0.0
517158.0,0.0
518158.0,0.0
519158.0,0.0
520158.0,0.0
521158.0,0.0
522158.0,0.0
523158.0,0.0
524158.0,0.0
525158.0,0.0
526158.0,0.0
527158.0,0.0
528158.0,0.0
529158.0,0.0
530158.0,0.0
531158.0,0.0
532158.0,0.0
533158.0,0.0
534158.0,0.0
535158.0,0.0
536158.0,0.0
537158.0,0.0
538158.0,0.0
539158.0,0.0
540158.0,0.0
541158.0,0.0
542158.0,0.0
543158.0,0.0
544158.0,0.0
545158.0,0.0
546158.0,0.0
547158.0,0.0
548158.0,0.0
549158.0,0.0
550158.0,0.0
551158.0,0.0
552158.0,0.0
553158.0,0.0
554158.0,0.0
555158.0,0.0
556158.0,0.0
557158.0,0.0
558158.0,0.0
559158.0,0.0
560158.0,0.0
561158.0,0.0
562158.0,0.0
563158.0,0.0
564158.0,0.0
565158.0,0.0
566158.0,0.0
567158.0,0.0
568158.0,0.0
569158.0,0.0
570158.0,0.0
571158.0,0.0
572158.0,0.0
573158.0,0.0
574158.0,0.0
575158.0,0.0
576158.0,0.0
577158.0,0.0
578158.0,0.0
579158.0,0.0
580158.0,0.0
581158.0,0.0
582158.0,0.0
583158.0,0.0
584158.0,0.0
585158.0,0.0
586158.0,0.0
587158.0,0.0
588158.0,0.0
589158.0,0.0
590158.0,0.0
591158.0,0.0
592158.0,0.0
593158.0,0.0
594158.0,0.0
595158.0,0.0
596158.0,0.0
597158.0,0.0
598158.0,0.0
599158.0,0.0
600158.0,0.0
601158.0,0.0
602158.0,0.0
603158.0,0.0
604158.0,0.0
605158.0,0.0
606158.0,0.0
607158.0,0.0
608158.0,0.0
609158.0,0.0
610158.0,0.0
611158.0,0.0
612158.0,0.0
613158.0,0.0
614158.0,0.0
615158.0,0.0
616158.0,0.0
617158.0,0.0
618158.0,0.0
619158.0,0.0
620158.0,0.0
621158.0,0.0
622158.0,0.0
623158.0,0.0
624158.0,0.0
625158.0,0.0
626158.0,0.0
627158.0,0.0
628158.0,0.0
629158.0,0.0
630158.0,0.0
631158.0,0.0
632158.0,0.0
633158.0,0.0
634158.0,0.0
635158.0,0.0
636158.0,0.0
637158.0,0.0
638158.0,0.0
639158.0,0.0
640158.0,0.0
641158.0,0.0
642158.0,0.0
643158.0,0.0
644158.0,0.0
645158.0,0.0
646158.0,0.0
647158.0,0.0
648158.0,0.0
649158.0,0.0
650158.0,0.0
651158.0,0.0
652158.0,0.0
653158.0,0.0
654158.0,0.0
655158.0,0.0
656158.0,0.0
657158.0,0.0
658158.0,0.0
659158.0,0.0
660158.0,0.0
661158.0,0.0
662158.0,0.0
663158.0,0.0
664158.0,0.0
665158.0,0.0
666158.0,0.0
667158.0,0.0
668158.0,0.0
669158.0,0.0
670158.0,0.0
671158.0,0.0
672158.0,0.0
673158.0,0.0
674158.0,0.0
675158.0,0.0
676158.0,0.0
677158.0,0.0
678158.0,0.0
679158.0,0.0
680158.0,0.0
681158.0,0.0
682158.0,0.0
683158.0,0.0
684158.0,0.0
685158.0,0.0
686158.0,0.0
687158.0,0.0
688158.0,0.0
689158.0,0.0
690158.0,0.0
691158.0,0.0
692158.0,0.0
693158.0,0.0
694158.0,0.0
695158.0,0.0
696158.0,0.0
697158.0,0.0
698158.0,0.0
699158.0,0.0
700158.0,0.0
701158.0,0.0
702158.0,0.0
703158.0,0.0
704158.0,0.0
705158.0,0.0
706158.0,0.0
707158.0,0.0
708158.0,0.0
709158.0,0.0
710158.0,0.0
711158.0,0.0
712158.0,0.0
713158.0,0.0
714158.0,0.0
715158.0,0.0
716158.0,0.0
717158.0,0.0
718158.0,0.0
719158.0,0.0
720158.0,0.0
721158.0,0.0
722158.0,0.0
723158.0,0.0
724158.0,0.0
725158.0,0.0
726158.0,0.0
727158.0,0.0
728158.0,0.0
729158.0,0.0
730158.0,0.0
731158.0,0.0
732158.0,0.0
733158.0,0.0
734158.0,0.0
735158.0,0.0
736158.0,0.0
737158.0,0.0
738158.0,0.0
739158.0,0.0
740158.0,0.0
741158.0,0.0
742158.0,0.0
743158.0,0.0
744158.0,0.0
745158.0,0.0
746158.0,0.0
747158.0,0.0
748158.0,0.0
749158.0,0.0
750158.0,0.0
751158.0,0.0
752158.0,0.0
753158.0,0.0
754158.0,0.0
755158.0,0.0
756158.0,0.0
757158.0,0.0
758158.0,0.0
759158.0,0.0
760158.0,0.0
761158.0,0.0
762158.0,0.0
763158.0,0.0
764158.0,0.0
765158.0,0.0
766158.0,0.0
767158.0,0.0
768158.0,0.0
769158.0,0.0
770158.0,0.0
771158.0,0.0
772158.0,0.0
773158.0,0.0
774158.0,0.0
775158.0,0.0
776158.0,0.0
777158.0,0.0
778158.0,0.0
779158.0,0.0
780158.0,0.0
781158.0,0.0
782158.0,0.0
783158.0,0.0
784158.0,0.0
785158.0,0.0
786158.0,0.0
787158.0,0.0
788158.0,0.0
789158.0,0.0
790158.0,0.0
791158.0,0.0
792158.0,0.0
793158.0,0.0
794158.0,0.0
795158.0,0.0
796158.0,0.0
797158.0,0.0
798158.0,0.0
799158.0,0.0
800158.0,0.0
801158.0,0.0
802158.0,0.0
803158.0,0.0
804158.0,0.0
805158.0,0.0
806158.0,0.0
807158.0,0.0
808158.0,0.0
809158.0,0.0
810158.0,0.0
811158.0,0.0
812158.0,0.0
813158.0,0.0
814158.0,0.0
815158.0,0.0
816158.0,0.0
817158.0,0.0
818158.0,0.0
819158.0,0.0
820158.0,0.0
821158.0,0.0
822158.0,0.0
823158.0,0.0
824158.0,0.0
825158.0,0.0
826158.0,0.0
827158.0,0.0
828158.0,0.0
829158.0,0.0
830158.0,0.0
831158.0,0.0
832158.0,0.0
833158.0,0.0
834158.0,0.0
835158.0,0.0
836158.0,0.0
837158.0,0.0
838158.0,0.0
839158.0,0.0
840158.0,0.0
841158.0,0.0
842158.0,0.0
843158.0,0.0
844158.0,0.0
845158.0,0.0
846158.0,0.0
847158.0,0.0
848158.0,0.0
849158.0,0.0
850158.0,0.0
851158.0,0.0
852158.0,0.0
853158.0,0.0
854158.0,0.0
855158.0,0.0
856158.0,0.0
857158.0,0.0
858158.0,0.0
859158.0,0.0
860158.0,0.0
861158.0,0.0
862158.0,0.0
863158.0,0.0
864158.0,0.0
865158.0,0.0
866158.0,0.0
867158.0,0.0
868158.0,0.0
869158.0,0.0
870158.0,0.0
871158.0,0.0
872158.0,0.0
873158.0,0.0
874158.0,0.0
875158.0,0.0
876158.0,0.0
877158.0,0.0
878158.0,0.0
879158.0,0.0
880158.0,0.0
881158.0,0.0
882158.0,0.0
883158.0,0.0
884158.0,0.0
885158.0,0.0
886158.0,0.0
887158.0,0.0
888158.0,0.0
889158.0,0.0
890158.0,0.0
891158.0,0.0
892158.0,0.0
893158.0,0.0
894158.0,0.0
895158.0,0.0
896158.0,0.0
897158.0,0.0
898158.0,0.0
899158.0,0.0
900158.0,0.0
901158.0,0.0
902158.0,0.0
903158.0,0.0
904158.0,0.0
905158.0,0.0
906158.0,0.0
907158.0,0.0
908158.0,0.0
909158.0,0.0
910158.0,0.0
911158.0,0.0
912158.0,0.0
913158.0,0.0
914158.0,0.0
915158.0,0.0
916158.0,0.0
917158.0,0.0
918158.0,0.0
919158.0,0.0
920158.0,0.0
921158.0,0.0
922158.0,0.0
923158.0,0.0
924158.0,0.0
925158.0,0.0
926158.0,0.0
927158.0,0.0
928158.0,0.0
929158.0,0.0
930158.0,0.0
931158.0,0.0
932158.0,0.0
933158.0,0.0
934158.0,0.0
935158.0,0.0
936158.0,0.0
937158.0,0.0
938158.0,0.0
939158.0,0.0
940158.0,0.0
941158.0,0.0
942158.0,0.0
943158.0,0.0
944158.0,0.0
945158.0,0.0
946158.0,0.0
947158.0,0.0
948158.0,0.0
949158.0,0.0
950158.0,0.0
951158.0,0.0
952158.0,0.0
953158.0,0.0
954158.0,0.0
955158.0,0.0
956158.0,0.0
957158.0,0.0
958158.0,0.0
959158.0,0.0
960158.0,0.0
961158.0,0.0
962158.0,0.0
963158.0,0.0
964158.0,0.0
965158.0,0.0
966158.0,0.0
967158.0,0.0
968158.0,0.0
969158.0,0.0
970158.0,0.0
971158.0,0.0
972158.0,0.0
973158.0,0.0
974158.0,0.0
975158.0,0.0
976158.0,0.0
977158.0,0.0
978158.0,0.0
979158.0,0.0
980158.0,0.0
981158.0,0.0
982158.0,0.0
983158.0,0.0
984158.0,0.0
985158.0,0.0
986158.0,0.0
987158.0,0.0
988158.0,0.0
989158.0,0.0
990158.0,0.0
991158.0,0.0
992158.0,0.0
993158.0,0.0
994158.0,0.0
995158.0,0.0
996158.0,0.0
997158.0,0.0
998158.0,0.0
999158.0,0.0
1000158.0,0.0
1001158.0,0.0
1002158.0,0.0
1003158.0,0.0
1004158.0,0.0
1005158.0,0.0
1006158.0,0.0
1007158.0,0.0
1008158.0,0.0
1009158.0,0.0
1010158.0,0.0
1011158.0,0.0
1012158.0,0.0
1013158.0,0.0
1014158.0,0.0
1015158.0,0.0
1016158.0,0.0
1017158.0,0.0
1018158.0,0.0
1019158.0,0.0
1020158.0,0.0
1021158.0,0.0
1022158.0,0.0
1023158.0,0.0
1024158.0,0.0
1025158.0,0.0
1026158.0,0.0
1027158.0,0.0
1028158.0,0.0
1029158.0,0.0
1030158.0,0.0
1031158.0,0.0
1032158.0,0.0
1033158.0,0.0
1034158.0,0.0
1035158.0,0.0
1036158.0,0.0
1037158.0,0.0
1038158.0,0.0
1039158.0,0.0
1040158.0,0.0
1041158.0,0.0
1042158.0,0.0
1043158.0,0.0
1044158.0,0.0
1045158.0,0.0
1046158.0,0.0
1047158.0,0.0
1048158.0,0.0
1049158.0,0.0
1050158.0,0.0
1051158.0,0.0
1052158.0,0.0
1053158.0,0.0
1054158.0,0.0
1055158.0,0.0
1056158.0,0.0
1057158.0,0.0
1058158.0,0.0
1059158.0,0.0
1060158.0,0.0
1061158.0,0.0
1062158.0,0.0
1063158.0,0.0
1064158.0,0.0
1065158.0,0.0
1066158.0,0.0
1067158.0,0.0
1068158.0,0.0
1069158.0,0.0
1070158.0,0.0
1071158.0,0.0
1072158.0,0.0
1073158.0,0.0
1074158.0,0.0
1075158.0,0.0
1076158.0,0.0
1077158.0,0.0
1078158.0,0.0
1079158.0,0.0
1080158.0,0.0
1081158.0,0.0
1082158.0,0.0
1083158.0,0.0
1084158.0,0.0
1085158.0,0.0
1086158.0,0.0
1087158.0,0.0
1088158.0,0.0
1089158.0,0.0
1090158.0,0.0
1091158.0,0.0
1092158.0,0.0
1093158.0,0.0
1094158.0,0.0
1095158.0,0.0
1096158.0,0.0
1097158.0,0.0
1098158.0,0.0
1099158.0,0.0
1100158.0,0.0
1101158.0,0.0
1102158.0,0.0
1103158.0,0.0
1104158.0,0.0
1105158.0,0.0
1106158.0,0.0
1107158.0,0.0
1108158.0,0.0
1109158.0,0.0
1110158.0,0.0
1111158.0,0.0
1112158.0,0.0
1113158.0,0.0
1114158.0,0.0
1115158.0,0.0
1116158.0,0.0
1117158.0,0.0
1118158.0,0.0
1119158.0,0.0
1120158.0,0.0
1121158.0,0.0
1122158.0,0.0
1123158.0,0.0
1124158.0,0.0
1125158.0,0.0
1126158.0,0.0
1127158.0,0.0
1128158.0,0.0
1129158.0,0.0
1130158.0,0.0
1131158.0,0.0
1132158.0,0.0
1133158.0,0.0
1134158.0,0.0
1135158.0,0.0
1136158.0,0.0
1137158.0,0.0
1138158.0,0.0
1139158.0,0.0
1140158.0,0.0
1141158.0,0.0
1142158.0,0.0
1143158.0,0.0
1144158.0,0.0
1145158.0,0.0
1146158.0,0.0
1147158.0,0.0
1148158.0,0.0
1149158.0,0.0
1150158.0,0.0
1151158.0,0.0
1152158.0,0.0
1153158.0,0.0
1154158.0,0.0
1155158.0,0.0
1156158.0,0.0
1157158.0,0.0
1158158.0,0.0
1159158.0,0.0
1160158.0,0.0
1161158.0,0.0
1162158.0,0.0
1163158.0,0.0
1164158.0,0.0
1165158.0,0.0
1166158.0,0.0
1167158.0,0.0
1168158.0,0.0
1169158.0,0.0
1170158.0,0.0
1171158.0,0.0
1172158.0,0.0
1173158.0,0.0
1174158.0,0.0
1175158.0,0.0
1176158.0,0.0
1177158.0,0.0
1178158.0,0.0
1179158.0,0.0
1180158.0,0.0
1181158.0,0.0
1182158.0,0.0
1183158.0,0.0
1184158.0,0.0
1185158.0,0.0
1186158.0,0.0
1187158.0,0.0
1188158.0,0.0
1189158.0,0.0
1190158.0,0.0
1191158.0,0.0
1192158.0,0.0
1193158.0,0.0
1194158.0,0.0
1195158.0,0.0
1196158.0,0.0
1197158.0,0.0
1198158.0,0.0
1199158.0,0.0
1200158.0,0.0
1201158.0,0.0
1202158.0,0.0
1203158.0,0.0
1204158.0,0.0
1205158.0,0.0
1206158.0,0.0
1207158.0,0.0
1208158.0,0.0
1209158.0,0.0
1210158.0,0.0
1211158.0,0.0
1212158.0,0.0
1213158.0,0.0
1214158.0,0.0
1215158.0,0.0
1216158.0,0.0
1217158.0,0.0
1218158.0,0.0
1219158.0,0.0
1220158.0,0.0
1221158.0,0.0
1222158.0,0.0
1223158.0,0.0
1224158.0,0.0
1225158.0,0.0
1226158.0,0.0
1227158.0,0.0
1228158.0,0.0
1229158.0,0.0
1230158.0,0.0
1231158.0,0.0
1232158.0,0.0
1233158.0,0.0
1234158.0,0.0
1235158.0,0.0
1236158.0,0.0
1237158.0,0.0
1238158.0,0.0
1239158.0,0.0
1240158.0,0.0
1241158.0,0.0
1242158.0,0.0
1243158.0,0.0
1244158.0,0.0
1245158.0,0.0
1246158.0,0.0
1247158.0,0.0
1248158.0,0.0
1249158.0,0.0
1250158.0,0.0
1251158.0,0.0
1252158.0,0.0
1253158.0,0.0
1254158.0,0.0
1255158.0,0.0
1256158.0,0.0
1257158.0,0.0
1258158.0,0.0
1259158.0,0.0
1260158.0,0.0
1261158.0,0.0
1262158.0,0.0
1263158.0,0.0
1264158.0,0.0
1265158.0,0.0
1266158.0,0.0
1267158.0,0.0
1268158.0,0.0
1269158.0,0.0
1270158.0,0.0
1271158.0,0.0
1272158.0,0.0
1273158.0,0.0
1274158.0,0.0
1275158.0,0.0
1276158.0,0.0
1277158.0,0.0
1278158.0,0.0
1279158.0,0.0
1280158.0,0.0
1281158.0,0.0
1282158.0,0.0
1283158.0,0.0
1284158.0,0.0
1285158.0,0.0
1286158.0,0.0
1287158.0,0.0
1288158.0,0.0
1289158.0,0.0
1290158.0,0.0
1291158.0,0.0
1292158.0,0.0
1293158.0,0.0
1294158.0,0.0
1295158.0,0.0
1296158.0,0.0
1297158.0,0.0
1298158.0,0.0
1299158.0,0.0
1300158.0,0.0
1301158.0,0.0
1302158.0,0.0
1303158.0,0.0
1304158.0,0.0
1305158.0,0.0
1306158.0,0.0
1307158.0,0.0
1308158.0,0.0
1309158.0,0.0
1310158.0,0.0
1311158.0,0.0
1312158.0,0.0
1313158.0,0.0
1314158.0,0.0
1315158.0,0.0
1316158.0,0.0
1317158.0,0.0
1318158.0,0.0
1319158.0,0.0
1320158.0,0.0
1321158.0,0.0
1322158.0,0.0
1323158.0,0.0
1324158.0,0.0
1325158.0,0.0
1326158.0,0.0
1327158.0,0.0
1328158.0,0.0
1329158.0,0.0
1330158.0,0.0
1331158.0,0.0
1332158.0,0.0
1333158.0,0.0
1334158.0,0.0
1335158.0,0.0
1336158.0,0.0
1337158.0,0.0
1338158.0,0.0
1339158.0,0.0
1340158.0,0.0
1341158.0,0.0
1342158.0,0.0
1343158.0,0.0
1344158.0,0.0
1345158.0,0.0
1346158.0,0.0
1347158.0,0.0
1348158.0,0.0
1349158.0,0.0
1350158.0,0.0
1351158.0,0.0
1352158.0,0.0
1353158.0,0.0
1354158.0,0.0
1355158.0,0.0
1356158.0,0.0
1357158.0,0.0
1358158.0,0.0
1359158.0,0.0
1360158.0,0.0
1361158.0,0.0
1362158.0,0.0
1363158.0,0.0
1364158.0,0.0
1365158.0,0.0
1366158.0,0.0
1367158.0,0.0
1368158.0,0.0
1369158.0,0.0
1370158.0,0.0
1371158.0,0.0
1372158.0,0.0
1373158.0,0.0
1374158.0,0.0
1375158.0,0.0
1376158.0,0.0
1377158.0,0.0
1378158.0,0.0
1379158.0,0.0
1380158.0,0.0
1381158.0,0.0
1382158.0,0.0
1383158.0,0.0
1384158.0,0.0
1385158.0,0.0
1386158.0,0.0
1387158.0,0.0
1388158.0,0.0
1389158.0,0.0
1390158.0,0.0
1391158.0,0.0
1392158.0,0.0
1393158.0,0.0
1394158.0,0.0
1395158.0,0.0
1396158.0,0.0
1397158.0,0.0
1398158.0,0.0
1399158.0,0.0
1400158.0,0.0
1401158.0,0.0
1402158.0,0.0
1403158.0,0.0
1404158.0,0.0
1405158.0,0.0
1406158.0,0.0
1407158.0,0.0
1408158.0,0.0
1409158.0,0.0
1410158.0,0.0
1411158.0,0.0
1412158.0,0.0
1413158.0,0.0
1414158.0,0.0
1415158.0,0.0
1416158.0,0.0
1417158.0,0.0
1418158.0,0.0
1419158.0,0.0
1420158.0,0.0
1421158.0,0.0
1422158.0,0.0
1423158.0,0.0
1424158.0,0.0
1425158.0,0.0
1426158.0,0.0
1427158.0,0.0
1428158.0,0.0
1429158.0,0.0
1430158.0,0.0
1431158.0,0.0
1432158.0,0.0
1433158.0,0.0
1434158.0,0.0
1435158.0,0.0
1436158.0,0.0
1437158.0,0.0
1438158.0,0.0
1439158.0,0.0
1440158.0,0.0
1441158.0,0.0
1442158.0,0.0
1443158.0,0.0
1444158.0,0.0
1445158.0,0.0
1446158.0,0.0
1447158.0,0.0
1448158.0,0.0
1449158.0,0.0
1450158.0,0.0
1451158.0,0.0
1452158.0,0.0
1453158.0,0.0
1454158.0,0.0
1455158.0,0.0
1456158.0,0.0
1457158.0,0.0
1458158.0,0.0
1459158.0,0.0
1460158.0,0.0
1461158.0,0.0
1462158.0,0.0
1463158.0,0.0
1464158.0,0.0
1465158.0,0.0
1466158.0,0.0
1467158.0,0.0
1468158.0,0.0
1469158.0,0.0
1470158.0,0.0
1471158.0,0.0
1472158.0,0.0
1473158.0,0.0
1474158.0,3.0
1475158.0,1.0
1476158.0,0.0
1477158.0,0.0
1478158.0,0.0
1479158.0,0.0
1480158.0,0.0
1481158.0,0.0
1482158.0,0.0
1483158.0,0.0
1484158.0,0.0
1485158.0,0.0
1486158.0,0.0
1487158.0,0.0
1488158.0,0.0
1489158.0,0.0
1490158.0,0.0
1491158.0,0.0
1492158.0,0.0
1493158.0,0.0
1494158.0,0.0
1495158.0,0.0
1496158.0,0.0
1497158.0,0.0
1498158.0,1.0
1499158.0,0.0
1500158.0,1.0
1501158.0,0.0
1502158.0,0.0
1503158.0,0.0
1504158.0,0.0
1505158.0,0.0
1506158.0,0.0
1507158.0,1.0
1508158.0,0.0
1509158.0,1.0
1510158.0,0.0
1511158.0,3.0
1512158.0,1.0
1513158.0,0.0
1514158.0,3.0
1515158.0,0.0
1516158.0,3.0
1517158.0,0.0
1518158.0,1.0
1519158.0,0.0
1520158.0,0.0
1521158.0,0.0
1522158.0,0.0
1523158.0,0.0
1524158.0,0.0
1525158.0,0.0
1526158.0,0.0
1527158.0,5.0
1528158.0,0.0
1529158.0,0.0
1530158.0,0.0
1531158.0,4.0
1532158.0,0.0
1533158.0,0.0
1534158.0,0.0
1535158.0,3.0
1536158.0,1.0
1537158.0,2.0
1538158.0,3.0
1539158.0,0.0
1540158.0,3.0
1541158.0,3.0
1542158.0,3.0
1543158.0,0.0
1544158.0,1.0
1545158.0,1.0
1546158.0,1.0
1547158.0,0.0
1548158.0,2.0
1549158.0,0.0
1550158.0,0.0
1551158.0,3.0
1552158.0,0.0
1553158.0,3.0
1554158.0,0.0
1555158.0,0.0
1556158.0,0.0
1557158.0,0.0
1558158.0,0.0
1559158.0,1.0
1560158.0,1.0
1561158.0,2.0
1562158.0,1.0
1563158.0,1.0
1564158.0,1.0
1565158.0,0.0
1566158.0,1.0
1567158.0,1.0
1568158.0,0.0
1569158.0,2.0
1570158.0,0.0
1571158.0,0.0
1572158.0,0.0
1573158.0,0.0
1574158.0,2.0
1575158.0,0.0
1576158.0,3.0
1577158.0,0.0
1578158.0,2.0
1579158.0,0.0
1580158.0,0.0
1581158.0,0.0
1582158.0,0.0
1583158.0,0.0
1584158.0,0.0
1585158.0,3.0
1586158.0,0.0
1587158.0,2.0
1588158.0,0.0
1589158.0,0.0
1590158.0,0.0
1591158.0,3.0
1592158.0,0.0
1593158.0,2.0
1594158.0,0.0
1595158.0,0.0
1596158.0,0.0
1597158.0,1.0
1598158.0,0.0
1599158.0,0.0
1600158.0,0.0
1601158.0,1.0
1602158.0,0.0
1603158.0,4.0
1604158.0,0.0
1605158.0,0.0
1606158.0,2.0
1607158.0,0.0
1608158.0,0.0
1609158.0,0.0
1610158.0,0.0
1611158.0,0.0
1612158.0,0.0
1613158.0,0.0
1614158.0,0.0
1615158.0,0.0
1616158.0,0.0
1617158.0,0.0
1618158.0,0.0
1619158.0,0.0
1620158.0,2.0
1621158.0,0.0
1622158.0,0.0
1623158.0,0.0
1624158.0,0.0
1625158.0,0.0
1626158.0,0.0
1627158.0,0.0
1628158.0,0.0
1629158.0,0.0
1630158.0,0.0
1631158.0,0.0
1632158.0,0.0
1633158.0,0.0
1634158.0,0.0
1635158.0,0.0
1636158.0,0.0
1637158.0,0.0
1638158.0,0.0
1639158.0,0.0
1640158.0,0.0
1641158.0,0.0
1642158.0,0.0
1643158.0,0.0
1644158.0,0.0
1645158.0,0.0
1646158.0,0.0
1647158.0,0.0
1648158.0,0.0
1649158.0,0.0
1650158.0,0.0
1651158.0,0.0
1652158.0,0.0
1653158.0,0.0
1654158.0,0.0
1655158.0,0.0
1656158.0,1.0
1657158.0,0.0
1658158.0,0.0
1659158.0,0.0
1660158.0,0.0
1661158.0,0.0
1662158.0,0.0
1663158.0,0.0
1664158.0,0.0
1665158.0,0.0
1666158.0,0.0
1667158.0,0.0
1668158.0,0.0
1669158.0,0.0
1670158.0,0.0
1671158.0,0.0
1672158.0,0.0
1673158.0,0.0
1674158.0,0.0
1675158.0,0.0
1676158.0,0.0
1677158.0,0.0
1678158.0,0.0
1679158.0,0.0
1680158.0,0.0
1681158.0,0.0
1682158.0,0.0
1683158.0,0.0
1684158.0,0.0
1685158.0,0.0
1686158.0,0.0
1687158.0,0.0
1688158.0,0.0
1689158.0,0.0
1690158.0,0.0
1691158.0,0.0
1692158.0,0.0
1693158.0,0.0
1694158.0,0.0
1695158.0,0.0
1696158.0,0.0
1697158.0,0.0
1698158.0,0.0
1699158.0,0.0
1700158.0,0.0
1701158.0,0.0
1702158.0,0.0
1703158.0,0.0
1704158.0,0.0
1705158.0,0.0
1706158.0,0.0
1707158.0,0.0
1708158.0,0.0
1709158.0,0.0
1710158.0,0.0
1711158.0,0.0
1712158.0,0.0
1713158.0,0.0
1714158.0,0.0
1715158.0,0.0
1716158.0,0.0
1717158.0,0.0
1718158.0,0.0
1719158.0,0.0
1720158.0,0.0
1721158.0,0.0
1722158.0,0.0
1723158.0,0.0
1724158.0,0.0
1725158.0,0.0
1726158.0,0.0
1727158.0,0.0
1728158.0,0.0
1729158.0,0.0
1730158.0,0.0
1731158.0,0.0
1732158.0,0.0
1733158.0,0.0
1734158.0,0.0
1735158.0,0.0
1736158.0,0.0
1737158.0,0.0
1738158.0,0.0
1739158.0,0.0
1740158.0,0.0
1741158.0,0.0
1742158.0,0.0
1743158.0,0.0
1744158.0,0.0
1745158.0,0.0
1746158.0,0.0
1747158.0,0.0
1748158.0,0.0
1749158.0,0.0
1750158.0,0.0
1751158.0,0.0
1752158.0,0.0
1753158.0,0.0
1754158.0,0.0
1755158.0,0.0
1756158.0,1.0
1757158.0,0.0
1758158.0,0.0
1759158.0,0.0
1760158.0,0.0
1761158.0,0.0
1762158.0,0.0
1763158.0,0.0
1764158.0,0.0
1765158.0,0.0
1766158.0,0.0
1767158.0,0.0
1768158.0,0.0
1769158.0,0.0
1770158.0,0.0
1771158.0,0.0
1772158.0,2.0
1773158.0,0.0
1773975.0,0.0
1774975.0,0.0
1775975.0,0.0
1776975.0,1.0
1777975.0,0.0
1778975.0,0.0
1779975.0,0.0
1780975.0,0.0
1781975.0,0.0
1782975.0,0.0
1783975.0,0.0
1784975.0,1.0
1785975.0,0.0
1786975.0,0.0
1787975.0,1.0
1788975.0,0.0
1789975.0,0.0
1790110.0,0.0
1791110.0,0.0
1792110.0,0.0
1793110.0,0.0
1794110.0,1.0
1795110.0,0.0
1796110.0,0.0
1797110.0,0.0
1798110.0,0.0
1799110.0,0.0
1800110.0,0.0
1801110.0,0.0
1802110.0,0.0
1803110.0,0.0
1804110.0,0.0
1805110.0,0.0
1806110.0,0.0
1807110.0,0.0
1808110.0,1.0
1809110.0,0.0
1810110.0,0.0
1811110.0,1.0
1812110.0,0.0
1813110.0,0.0
1814110.0,1.0
1815110.0,0.0
1816110.0,1.0
1817110.0,0.0
1818110.0,0.0
1819110.0,0.0
1820110.0,0.0
1821110.0,0.0
1822110.0,0.0
1823110.0,0.0
1824110.0,0.0
1825110.0,0.0
1826110.0,0.0
1827110.0,0.0
1828110.0,0.0
1829110.0,0.0
1830110.0,0.0
1831110.0,0.0
1832110.0,0.0
1833110.0,0.0
1834110.0,0.0
1835110.0,0.0
1836110.0,0.0
1837110.0,0.0
1838110.0,0.0
1839110.0,0.0
1840110.0,0.0
1841110.0,0.0
1842110.0,0.0
1843110.0,0.0
1844110.0,0.0
1845110.0,0.0
1846110.0,0.0
1847110.0,0.0
1848110.0,0.0
1849110.0,0.0
1850110.0,1.0
1851110.0,0.0
1852110.0,0.0
1853110.0,0.0
1854110.0,0.0
1855110.0,1.0
1856110.0,0.0
1857110.0,1.0
1858110.0,0.0
1859110.0,0.0
1860110.0,0.0
1861110.0,0.0
1862110.0,0.0
1863110.0,0.0
1864110.0,0.0
1865110.0,0.0
1866110.0,1.0
1867110.0,2.0
1868110.0,0.0
1869110.0,0.0
1870110.0,0.0
1871110.0,0.0
1872110.0,0.0
1873110.0,0.0
1874110.0,0.0
1875110.0,0.0
1876110.0,0.0
1877110.0,0.0
1878110.0,0.0
1879110.0,0.0
1880110.0,0.0
1881110.0,0.0
1882110.0,2.0
1883110.0,0.0
1884110.0,0.0
1885110.0,0.0
1886110.0,0.0
1887110.0,0.0
1888110.0,0.0
1889110.0,0.0
1890110.0,0.0
1891110.0,0.0
1892110.0,0.0
1893110.0,0.0
1894110.0,2.0
1895110.0,1.0
1896110.0,0.0
1897110.0,0.0
1898110.0,0.0
1899110.0,0.0
1900110.0,0.0
1901110.0,0.0
1902110.0,0.0
1903110.0,0.0
1904110.0,0.0
1905110.0,1.0
1906110.0,1.0
1907110.0,1.0
1908110.0,0.0
1909110.0,1.0
1910110.0,0.0
1911110.0,1.0
1912110.0,0.0
1913110.0,0.0
1914110.0,0.0
1915110.0,1.0
1916110.0,0.0
1917110.0,0.0
1918110.0,0.0
1919110.0,0.0
1920110.0,0.0
1921110.0,0.0
1922110.0,0.0
1923110.0,0.0
1924110.0,0.0
1925110.0,0.0
1926110.0,1.0
1927110.0,2.0
1928110.0,0.0
1929110.0,0.0
1930110.0,0.0
1931110.0,0.0
1932110.0,0.0
1933110.0,0.0
1934110.0,0.0
1935110.0,1.0
1936110.0,0.0
1937110.0,0.0
1938110.0,0.0
1939110.0,0.0
1940110.0,0.0
1941110.0,0.0
1942110.0,0.0
1943110.0,1.0
1944110.0,0.0
1945110.0,0.0
1946110.0,0.0
1947110.0,0.0
1948110.0,0.0
1949110.0,0.0
1950110.0,0.0
1951110.0,0.0
1952110.0,0.0
1953110.0,0.0
1954110.0,1.0
1955110.0,0.0
1956110.0,1.0
1957110.0,0.0
1958110.0,2.0
1959110.0,0.0
1960110.0,0.0
1961110.0,3.0
1962110.0,0.0
1963110.0,0.0
1964110.0,0.0
1965110.0,0.0
1966110.0,0.0
1967110.0,0.0
1968110.0,2.0
1969110.0,1.0
1970110.0,0.0
1971110.0,0.0
1972110.0,0.0
1973110.0,0.0
1974110.0,0.0
1975110.0,0.0
1976110.0,1.0
1977110.0,0.0
1978110.0,0.0
1979110.0,0.0
1980110.0,0.0
1981110.0,0.0
1982110.0,0.0
1983110.0,3.0
1984110.0,0.0
1985110.0,0.0
1986110.0,0.0
1987110.0,0.0
1988110.0,0.0
1989110.0,0.0
1990110.0,3.0
1991110.0,0.0
1992110.0,1.0
1993110.0,1.0
1994110.0,0.0
1995110.0,4.0
1996110.0,0.0
1997110.0,3.0
1998110.0,4.0
1999110.0,1.0
2000110.0,2.0
2001110.0,2.0
2002110.0,0.0
2003110.0,1.0
2004110.0,1.0
2005110.0,5.0
2006110.0,0.0
2007110.0,1.0
2008110.0,0.0
2009110.0,0.0
2010110.0,0.0
2011110.0,0.0
2012110.0,0.0
2013110.0,0.0
2014110.0,2.0
2015110.0,0.0
2016110.0,0.0
2017110.0,0.0
2018110.0,0.0
2019110.0,1.0
2020110.0,1.0
2021110.0,1.0
2022110.0,0.0
2023110.0,0.0
2024110.0,0.0
2025110.0,2.0
2026110.0,0.0
2027110.0,0.0
2028110.0,0.0
2029110.0,0.0
2030110.0,0.0
2031110.0,0.0
2032110.0,0.0
2033110.0,0.0
2034110.0,0.0
2035110.0,0.0
2036110.0,0.0
2037110.0,2.0
2038110.0,4.0
2039110.0,3.0
2040110.0,0.0
2041110.0,3.0
2042110.0,1.0
2043110.0,2.0
2044110.0,1.0
2045110.0,2.0
2046110.0,0.0
2047110.0,0.0
2048110.0,3.0
2049110.0,2.0
2050110.0,1.0
2051110.0,2.0
2052110.0,0.0
2053110.0,0.0
2054110.0,0.0
2055110.0,0.0
2056110.0,0.0
2057110.0,0.0
2058110.0,1.0
2059110.0,1.0
2060110.0,0.0
2061110.0,2.0
2062110.0,2.0
2063110.0,0.0
2064110.0,1.0
2065110.0,1.0
2066110.0,3.0
2067110.0,1.0
2068110.0,1.0
2069110.0,1.0
2070110.0,1.0
2071110.0,0.0
2072110.0,3.0
2073110.0,2.0
2074110.0,1.0
2075110.0,1.0
2076110.0,0.0
2077110.0,0.0
2078110.0,1.0
2079110.0,0.0
2080110.0,0.0
2081110.0,1.0
2082110.0,3.0
2083110.0,1.0
2084110.0,0.0
2085110.0,3.0
2086110.0,2.0
2087110.0,3.0
2088110.0,2.0
2089110.0,1.0
2090110.0,2.0
2090629.0,0.0
2091629.0,0.0
2092629.0,1.0
2093629.0,2.0
2094629.0,2.0
2095629.0,0.0
2096629.0,1.0
2097629.0,2.0
2098629.0,0.0
2099629.0,0.0
2100629.0,0.0
2101629.0,1.0
2102629.0,6.0
2103629.0,0.0
2104629.0,7.0
2105629.0,1.0
2106629.0,3.0
2107629.0,0.0
2108629.0,0.0
2109629.0,0.0
2110629.0,2.0
2111629.0,2.0
2112629.0,1.0
2113629.0,0.0
2114629.0,5.0
2115629.0,3.0
2116629.0,1.0
2117629.0,1.0
2118629.0,2.0
2119629.0,3.0
2120629.0,3.0
2121629.0,3.0
2121754.0,0.0
2122754.0,2.0
2123754.0,3.0
2124754.0,2.0
2125754.0,0.0
2126754.0,3.0
2127754.0,0.0
2128754.0,3.0
2129754.0,0.0
2130754.0,5.0
2131754.0,0.0
2132754.0,1.0
2133754.0,2.0
2134754.0,0.0
2135754.0,0.0
2136754.0,3.0
2137754.0,0.0
2138754.0,0.0
2139754.0,2.0
2140754.0,1.0
2141754.0,0.0
2142754.0,0.0
2143754.0,0.0
2144754.0,5.0
2145754.0,2.0
2146754.0,0.0
2147568.0,0.0
2148568.0,3.0
2149568.0,4.0
2150568.0,0.0
2151568.0,5.0
2152568.0,0.0
2153067.0,5.0
2154067.0,3.0
2155067.0,0.0
2155159.0,0.0
2156159.0,0.0
2156254.0,0.0
2157254.0,7.0
2158254.0,7.0
2159254.0,2.0
2160254.0,1.0
2161254.0,2.0
2162254.0,1.0
2163254.0,2.0
2164254.0,1.0
2165254.0,1.0
2166254.0,5.0
2167254.0,2.0
2168254.0,4.0
2168681.0,0.0
2169681.0,2.0
2170681.0,0.0
2170946.0,1.0
2171946.0,2.0
2172946.0,2.0
2173946.0,1.0
2174946.0,4.0
2175946.0,3.0
2176946.0,1.0
2177946.0,5.0
2178622.0,0.0
2179622.0,1.0
2179855.0,1.0
2180855.0,3.0
2181855.0,1.0
2182534.0,1.0
2183534.0,3.0
2183668.0,0.0
2184668.0,2.0
2185668.0,1.0
2185764.0,0.0
2186764.0,0.0
2187764.0,1.0
2188764.0,4.0
2189764.0,1.0
2190764.0,3.0
2191764.0,0.0
2192764.0,0.0
2193764.0,2.0
2194764.0,6.0
2195764.0,1.0
2196764.0,3.0
2197764.0,5.0
2198764.0,1.0
2198815.0,0.0
2199815.0,2.0
2200815.0,2.0
2201815.0,2.0
2202815.0,1.0
2203815.0,4.0
2204815.0,3.0
2205815.0,3.0
2206815.0,1.0
2207815.0,2.0
2208103.0,0.0
2209103.0,6.0
2210103.0,1.0
2211103.0,9.0
2212103.0,1.0
2213103.0,1.0
2214103.0,4.0
2214247.0,0.0
2215247.0,0.0
2216247.0,0.0
2217247.0,2.0
2217476.0,0.0
2218476.0,0.0
2219476.0,3.0
2220476.0,1.0
2221476.0,1.0
2222476.0,0.0
2223476.0,0.0
2224476.0,5.0
2225476.0,4.0
2226476.0,1.0
2227476.0,3.0
2228476.0,0.0
2229476.0,7.0
2230476.0,7.0
2231476.0,1.0
2231998.0,2.0
2232092.0,0.0
2233092.0,2.0
2234092.0,7.0
2234402.0,3.0
2234992.0,0.0
2235992.0,4.0
2236992.0,3.0
2237992.0,8.0
2238128.0,0.0
2239128.0,2.0
2239654.0,1.0
2240654.0,0.0
2241464.0,0.0
2242281.0,4.0
2243281.0,3.0
2243984.0,4.0
2244984.0,6.0
2245984.0,2.0
2246690.0,1.0
2246946.0,1.0
2247946.0,6.0
2248946.0,0.0
2249151.0,0.0
2250151.0,5.0
2251151.0,0.0
2252151.0,1.0
2253151.0,2.0
2253288.0,0.0
2253506.0,0.0
2254506.0,0.0
2255378.0,2.0
2256378.0,7.0
2256966.0,3.0
2257966.0,7.0
2258073.0,1.0
2258930.0,6.0
2259930.0,0.0
2260930.0,6.0
2261320.0,3.0
2261528.0,0.0
2261904.0,0.0
2262209.0,1.0
2262709.0,2.0
2263589.0,6.0
2263794.0,0.0
2264023.0,2.0
2264111.0,0.0
2264158.0,0.0
2264524.0,3.0
2265524.0,4.0
2266524.0,2.0
2267524.0,4.0
2268524.0,6.0
2269524.0,13.0
2270392.0,7.0
2270998.0,3.0
2271998.0,8.0
2272998.0,6.0
2273106.0,0.0
2274106.0,1.0
2275106.0,1.0
2276068.0,3.0
2277068.0,2.0
2278068.0,7.0
2279068.0,0.0
2280068.0,4.0
2280488.0,0.0
2280921.0,1.0
2281776.0,12.0
2282616.0,6.0
2283616.0,11.0
2284616.0,6.0
2284926.0,3.0
2285926.0,6.0
2286926.0,0.0
2287493.0,4.0
2288493.0,9.0
2288683.0,0.0
2289683.0,9.0
2290683.0,5.0
2291140.0,3.0
2291304.0,2.0
2292304.0,7.0
2293304.0,1.0
2294242.0,2.0
2294434.0,1.0
2295434.0,8.0
2295504.0,0.0
2295874.0,0.0
2296660.0,9.0
2297083.0,0.0
2297360.0,4.0
2298007.0,5.0
2299007.0,3.0
2299827.0,12.0
2300559.0,13.0
2301539.0,7.0
2302539.0,9.0
2303011.0,0.0
2304011.0,3.0
2304798.0,6.0
2305235.0,4.0
2306235.0,10.0
2306624.0,3.0
2307624.0,13.0
2308624.0,6.0
2308809.0,1.0
2308955.0,0.0
2308998.0,0.0
2309998.0,3.0
2310130.0,2.0
2310429.0,1.0
2311101.0,7.0
2312101.0,11.0
2313101.0,5.0
2314101.0,2.0
2314264.0,1.0
2315264.0,5.0
2315406.0,0.0
2315669.0,3.0
2316147.0,3.0
2316445.0,0.0
2317163.0,14.0
2317277.0,0.0
2318277.0,15.0
2319012.0,8.0
2319341.0,3.0
2319491.0,4.0
2320263.0,5.0
2321263.0,0.0
2322263.0,14.0
2323263.0,5.0
2324263.0,10.0
2325263.0,12.0
2325327.0,0.0
2325757.0,3.0
2326204.0,4.0
2326776.0,4.0
2327776.0,9.0
2327893.0,4.0
2328893.0,0.0
2329893.0,1.0
2330512.0,5.0
2331512.0,19.0
2332512.0,11.0
2332807.0,0.0
2332957.0,1.0
2333143.0,6.0
2333234.0,0.0
2333471.0,0.0
2334471.0,17.0
2335471.0,2.0
2335689.0,5.0
2336689.0,0.0
2337689.0,8.0
2338094.0,8.0
2338327.0,1.0
2338409.0,0.0
2338508.0,0.0
2338935.0,3.0
2339935.0,0.0
2340935.0,5.0
2341171.0,0.0
2342171.0,0.0
2343129.0,9.0
2343737.0,9.0
2343891.0,1.0
2344140.0,1.0
2344384.0,1.0
2345384.0,0.0
2346184.0,4.0
2346756.0,5.0
2346837.0,0.0
2346908.0,0.0
2347080.0,4.0
2347307.0,5.0
2347475.0,5.0
2348284.0,14.0
2348602.0,0.0
2348874.0,7.0
2349162.0,0.0
2349253.0,1.0
2349363.0,1.0
2349403.0,0.0
2349813.0,8.0
2350813.0,7.0
2351813.0,11.0
2351870.0,0.0
2352870.0,13.0
2353870.0,12.0
2354057.0,0.0
2354309.0,0.0
2354389.0,0.0
2355389.0,1.0
2356389.0,1.0
2356731.0,3.0
2357140.0,6.0
2357765.0,11.0
2358106.0,0.0
2358768.0,8.0
2359768.0,0.0
2360768.0,8.0
2360989.0,1.0
2361989.0,1.0
2362218.0,4.0
2363113.0,23.0
2364113.0,9.0
2364210.0,1.0
2364877.0,13.0
2365877.0,2.0
2366877.0,10.0
2367139.0,1.0
2367174.0,0.0
2368174.0,2.0
2369174.0,0.0
2370174.0,1.0
2370328.0,4.0
2370753.0,7.0
2371753.0,2.0
2372753.0,0.0
2373753.0,6.0
2374262.0,15.0
2375262.0,15.0
2376262.0,0.0
2376606.0,4.0
2376778.0,5.0
2377778.0,0.0
2377977.0,0.0
2378977.0,20.0
2379233.0,9.0
2379291.0,0.0
2380291.0,1.0
2380484.0,4.0
2380820.0,1.0
2381171.0,18.0
2382171.0,0.0
2382271.0,0.0
2382548.0,7.0
2383548.0,0.0
2384548.0,21.0
2384813.0,4.0
2385813.0,0.0
2386813.0,0.0
2386872.0,0.0
2387044.0,4.0
2387494.0,3.0
2388494.0,22.0
2389153.0,3.0
2390153.0,0.0
2390400.0,4.0
2391400.0,7.0
2391737.0,0.0
2392737.0,3.0
2392904.0,2.0
2393904.0,4.0
2394178.0,3.0
2394771.0,8.0
2395771.0,11.0
2396771.0,3.0
2397054.0,1.0
2397860.0,11.0
2398860.0,4.0
2399860.0,0.0
2400123.0,1.0
2400735.0,5.0
2401735.0,0.0
2401820.0,0.0
2401995.0,4.0
2402995.0,14.0
2403398.0,6.0
2403603.0,3.0
2404603.0,0.0
2404745.0,0.0
2404788.0,0.0
2404928.0,0.0
2405122.0,0.0
2406122.0,4.0
2407122.0,0.0
2407443.0,4.0
2408443.0,1.0
2408675.0,6.0
2408773.0,0.0
2409773.0,12.0
2409882.0,0.0
2410882.0,3.0
2411882.0,8.0
2411982.0,1.0
2412234.0,3.0
2412400.0,0.0
2412575.0,0.0
2413575.0,14.0
2414575.0,6.0
2414670.0,0.0
2415404.0,5.0
2416404.0,3.0
2416553.0,1.0
2416790.0,5.0
2417790.0,4.0
2418199.0,11.0
2418356.0,4.0
2419356.0,21.0
2419449.0,0.0
2419716.0,7.0
2419948.0,1.0
2420948.0,2.0
2420981.0,0.0
2421981.0,17.0
2422981.0,0.0
2423885.0,18.0
2424885.0,9.0
2425012.0,0.0
2425198.0,3.0
2425314.0,1.0
2426314.0,1.0
2426411.0,0.0
2426883.0,5.0
2427082.0,0.0
2427645.0,4.0
2427984.0,10.0
2428984.0,13.0
2429316.0,6.0
2429380.0,0.0
2430380.0,12.0
2431380.0,0.0
2432380.0,10.0
2432449.0,0.0
2432727.0,1.0
2433012.0,4.0
2433053.0,0.0
2433166.0,0.0
2433334.0,0.0
2434334.0,3.0
2434560.0,0.0
2434762.0,2.0
2434936.0,0.0
2435529.0,5.0
2435620.0,0.0
2435914.0,7.0
2435986.0,0.0
2436495.0,11.0
2436689.0,1.0
2437689.0,0.0
2437738.0,0.0
2437800.0,0.0
2438800.0,15.0
2438867.0,0.0
2439867.0,0.0
2440046.0,12.0
2440522.0,9.0
2441522.0,13.0
2442328.0,14.0
2442497.0,1.0
2443039.0,5.0
2443346.0,0.0
2443800.0,1.0
2444800.0,4.0
2445377.0,22.0
2446377.0,9.0
2447178.0,29.0
2448178.0,0.0
2449178.0,8.0
2449772.0,24.0
2449811.0,0.0
2450811.0,15.0
2450981.0,2.0
2451580.0,18.0
2452203.0,9.0
2453203.0,0.0
2453582.0,5.0
2454582.0,14.0
2454695.0,3.0
2455695.0,0.0
2455838.0,2.0
2456283.0,3.0
2456652.0,6.0
2457067.0,15.0
2457167.0,0.0
2457316.0,5.0
2457476.0,0.0
2457727.0,8.0
2458044.0,9.0
2458151.0,0.0
2459151.0,10.0
2460151.0,7.0
2460439.0,0.0
2460639.0,2.0
2461639.0,4.0
2461711.0,0.0
2461760.0,0.0
2461856.0,0.0
2462538.0,7.0
2462686.0,1.0
2462728.0,0.0
2463728.0,10.0
2463929.0,7.0
2464621.0,6.0
2464921.0,2.0
2465044.0,0.0
2466044.0,26.0
2466342.0,6.0
2466557.0,4.0
2466703.0,0.0
2467061.0,3.0
2467239.0,1.0
2467296.0,0.0
2467409.0,0.0
2467578.0,1.0
2468094.0,5.0
2468462.0,5.0
2469462.0,20.0
2469612.0,0.0
2470612.0,9.0
2470667.0,0.0
2470829.0,1.0
2471170.0,2.0
2471310.0,1.0
2472310.0,0.0
2473310.0,15.0
2473565.0,4.0
2473778.0,4.0
2473906.0,0.0
2473945.0,0.0
2474873.0,9.0
2475050.0,1.0
2475120.0,0.0
2475170.0,0.0
2476170.0,6.0
2477170.0,3.0
2477295.0,0.0
2477670.0,4.0
2477711.0,0.0
2477772.0,1.0
2478772.0,6.0
2478834.0,0.0
2479834.0,1.0
2480834.0,0.0
2481285.0,13.0
2482285.0,2.0
2483285.0,2.0
2484285.0,9.0
2484407.0,0.0
2484747.0,8.0
2484827.0,0.0
2484930.0,4.0
2485047.0,0.0
2485461.0,15.0
2486461.0,6.0
2486550.0,0.0
2486780.0,0.0
2486893.0,0.0
2487569.0,12.0
2487639.0,0.0
2488639.0,28.0
2488806.0,2.0
2489806.0,5.0
2489975.0,1.0
2490975.0,7.0
2491059.0,0.0
2491222.0,1.0
2491308.0,6.0
2491427.0,0.0
2492427.0,14.0
2492646.0,10.0
2492794.0,1.0
2493794.0,1.0
2493877.0,0.0
2494073.0,0.0
2494313.0,6.0
2495313.0,0.0
2495540.0,6.0
2495674.0,1.0
2496674.0,10.0
2496756.0,0.0
2496881.0,0.0
2497094.0,4.0
2498094.0,18.0
2499094.0,7.0
2499488.0,11.0
2500488.0,7.0
2500828.0,4.0
2501828.0,7.0
2502000.0,8.0
2502044.0,0.0
2503044.0,7.0
2503113.0,0.0
2503429.0,17.0
2503721.0,5.0
2503856.0,1.0
2504856.0,7.0
2505117.0,11.0
2505221.0,1.0
2505288.0,0.0
2505479.0,3.0
2505807.0,15.0
2505881.0,1.0
2505960.0,0.0
2506960.0,8.0
2507035.0,0.0
2507171.0,1.0
2507317.0,1.0
2507584.0,9.0
2507721.0,0.0
2508236.0,9.0
2508538.0,4.0
2509538.0,0.0
2510538.0,1.0
2511538.0,6.0
2512331.0,15.0
2512459.0,0.0
2512635.0,4.0
2513541.0,20.0
2513722.0,16.0
2514259.0,21.0
2514326.0,0.0
2514710.0,7.0
2515320.0,9.0
2515612.0,12.0
2515776.0,2.0
2516776.0,0.0
2517227.0,7.0
2517497.0,1.0
2517867.0,6.0
2518033.0,5.0
2518111.0,1.0
2518222.0,0.0
2518278.0,1.0
2519278.0,1.0
2519362.0,0.0
2519777.0,5.0
2520057.0,0.0
2520087.0,0.0
2520189.0,0.0
2520292.0,1.0
2520448.0,0.0
2520580.0,13.0
2521179.0,2.0
2522179.0,5.0
2522482.0,10.0
2522633.0,3.0
2522776.0,4.0
2522824.0,0.0
2522908.0,3.0
2523908.0,1.0
2524134.0,9.0
2525134.0,9.0
2526134.0,19.0
2527134.0,6.0
2527307.0,7.0
2527392.0,0.0
2527541.0,0.0
2528285.0,25.0
2528373.0,4.0
2528624.0,4.0
2529079.0,10.0
2529191.0,0.0
2529263.0,0.0
2529439.0,4.0
2529614.0,6.0
2529922.0,13.0
2529981.0,0.0
2530164.0,5.0
2530317.0,9.0
2530394.0,0.0
2531394.0,1.0
2531824.0,9.0
2532824.0,2.0
2532980.0,0.0
2533980.0,0.0
2534101.0,3.0
2534166.0,0.0
2534397.0,1.0
2534447.0,0.0
2534850.0,24.0
2535850.0,8.0
2536850.0,11.0
2537053.0,9.0
2538030.0,39.0
2538106.0,2.0
2538195.0,2.0
2538945.0,31.0
2539193.0,0.0
2540193.0,31.0
2540282.0,1.0
2541282.0,10.0
2541394.0,1.0
2541605.0,3.0
2542605.0,24.0
2542762.0,7.0
2543762.0,0.0
2543972.0,3.0
2544509.0,13.0
2544684.0,7.0
2544797.0,4.0
2545021.0,8.0
2546021.0,35.0
2546185.0,7.0
2546412.0,3.0
2546784.0,14.0
2547784.0,38.0
2548019.0,5.0
2548090.0,2.0
2549090.0,11.0
2550090.0,24.0
2550194.0,0.0
2550465.0,2.0
2551465.0,7.0
2551833.0,10.0
2552833.0,14.0
2553071.0,4.0
2554071.0,6.0
2554212.0,3.0
2554274.0,0.0
2555274.0,2.0
2555700.0,13.0
2556700.0,21.0
2556770.0,0.0
2557770.0,36.0
2558770.0,40.0
2559770.0,14.0
2559814.0,0.0
2560137.0,5.0
2560366.0,14.0
2560589.0,10.0
2561589.0,25.0
2561644.0,0.0
2561760.0,2.0
2561846.0,0.0
2561935.0,2.0
2562152.0,14.0
2562545.0,14.0
2562928.0,6.0
2563639.0,43.0
2563685.0,0.0
2564685.0,16.0
2565685.0,31.0
2566685.0,3.0
2567504.0,36.0
2567629.0,0.0
2568629.0,5.0
2568771.0,1.0
2568973.0,16.0
2569193.0,7.0
2569285.0,2.0
2570285.0,21.0
2570451.0,10.0
2571451.0,4.0
2572451.0,13.0
2572963.0,7.0
2573963.0,3.0
2574230.0,12.0
2574339.0,3.0
2575339.0,2.0
2576339.0,15.0
2576395.0,5.0
2576964.0,24.0
2577140.0,5.0
2577283.0,2.0
2578283.0,44.0
2578374.0,1.0
2578718.0,16.0
2579237.0,24.0
2580237.0,13.0
2581237.0,33.0
2581369.0,0.0
2581642.0,13.0
2581753.0,1.0
2581833.0,2.0
2582052.0,18.0
2583052.0,0.0
2583378.0,11.0
2583642.0,11.0
2584642.0,39.0
2584851.0,5.0
2585543.0,32.0
2585676.0,0.0
2586676.0,55.0
2587132.0,11.0
2587169.0,0.0
2588169.0,12.0
2588297.0,4.0
2589297.0,15.0
2589369.0,0.0
2590369.0,0.0
2591369.0,23.0
2591515.0,1.0
2591623.0,8.0
2591799.0,11.0
2591940.0,5.0
2592142.0,0.0
2593142.0,40.0
2594142.0,26.0
2594578.0,15.0
2595426.0,23.0
2595518.0,4.0
2595739.0,7.0
2596615.0,50.0
2597615.0,0.0
2598274.0,39.0
2599274.0,18.0
2599317.0,0.0
2599413.0,1.0
2599636.0,6.0
2599758.0,6.0
2599970.0,4.0
2600263.0,13.0
2600761.0,27.0
2600881.0,1.0
2601758.0,30.0
2602133.0,19.0
2602390.0,13.0
2603390.0,10.0
2604096.0,16.0
2604378.0,18.0
2604779.0,20.0
2604911.0,4.0
2605175.0,8.0
2606175.0,9.0
2606341.0,4.0
2606494.0,0.0
2606674.0,5.0
2607065.0,16.0
2607147.0,0.0
2607425.0,8.0
2607459.0,0.0
2607734.0,5.0
2607927.0,8.0
2608456.0,10.0
2609456.0,18.0
2609634.0,28.0
2610634.0,23.0
2610928.0,20.0
2611019.0,0.0
2611146.0,10.0
2611249.0,3.0
2611548.0,16.0
2611796.0,6.0
2612095.0,13.0
2612404.0,11.0
2612573.0,5.0
2613573.0,27.0
2613704.0,3.0
2613882.0,17.0
2614037.0,10.0
2614190.0,0.0
2614527.0,14.0
2614671.0,4.0
2614955.0,11.0
2615339.0,17.0
2616339.0,11.0
2616600.0,13.0
2616905.0,13.0
2616955.0,0.0
2617197.0,28.0
2617288.0,0.0
2617609.0,16.0
2617770.0,5.0
2618222.0,31.0
2618332.0,2.0
2618557.0,13.0
2619044.0,12.0
2620044.0,18.0
2620494.0,26.0
2620705.0,3.0
2621705.0,0.0
2622426.0,40.0
2623426.0,7.0
2624018.0,55.0
2624172.0,10.0
2624772.0,16.0
2624876.0,1.0
2625194.0,7.0
2625350.0,14.0
2626187.0,55.0
2626311.0,2.0
2626453.0,4.0
2626559.0,5.0
2626656.0,0.0
2626845.0,5.0
2627845.0,5.0
2628132.0,19.0
2628260.0,1.0
2628454.0,2.0
2629454.0,2.0
2629562.0,3.0
2629690.0,0.0
2630009.0,14.0
2630090.0,3.0
2630235.0,4.0
2630325.0,12.0
2630734.0,29.0
2630922.0,4.0
2630982.0,1.0
2631661.0,41.0
2631828.0,9.0
2632828.0,20.0
2633828.0,29.0
2634828.0,30.0
2634956.0,7.0
2635012.0,0.0
2635197.0,2.0
2635329.0,1.0
2635708.0,22.0
2635796.0,1.0
2635907.0,0.0
2636107.0,11.0
2636281.0,11.0
2636349.0,0.0
2636433.0,6.0
2636777.0,14.0
2637032.0,0.0
2637170.0,2.0
2637396.0,20.0
2637918.0,46.0
2638110.0,4.0
2638306.0,13.0
2639306.0,11.0
2639512.0,10.0
2639545.0,0.0
2639946.0,21.0
2640114.0,15.0
2640229.0,0.0
2640327.0,0.0
2640425.0,0.0
2641425.0,42.0
2641698.0,9.0
2641949.0,3.0
2642104.0,9.0
2642212.0,13.0
2643212.0,0.0
2643293.0,3.0
2643625.0,25.0
2644528.0,28.0
2644823.0,9.0
2644987.0,12.0
2645270.0,27.0
2645333.0,2.0
2646333.0,21.0
2646412.0,0.0
2646455.0,0.0
2647455.0,23.0
2647508.0,4.0
2647845.0,24.0
2648845.0,2.0
2648874.0,0.0
2648958.0,2.0
2649215.0,2.0
2649283.0,0.0
2649388.0,1.0
2649422.0,0.0
2650073.0,44.0
2650183.0,0.0
2650357.0,20.0
2650537.0,7.0
2651537.0,5.0
2651733.0,7.0
2652733.0,6.0
2652995.0,17.0
2653393.0,11.0
2653585.0,10.0
2654078.0,16.0
2654392.0,16.0
2655392.0,0.0
2655568.0,2.0
2655596.0,0.0
2655924.0,17.0
2656924.0,0.0
2657069.0,0.0
2658069.0,29.0
2659069.0,2.0
2659205.0,2.0
2660205.0,11.0
2660238.0,0.0
2660293.0,1.0
2661293.0,0.0
2661380.0,0.0
2662380.0,0.0
2662544.0,2.0
2662631.0,0.0
2662745.0,2.0
2663745.0,5.0
2663873.0,2.0
2664042.0,5.0
2664812.0,44.0
2665047.0,19.0
2665266.0,14.0
2666077.0,55.0
2666168.0,0.0
2666285.0,1.0
2667104.0,35.0
2668104.0,9.0
2668742.0,20.0
2669465.0,25.0
2669577.0,0.0
2669605.0,0.0
2669991.0,1.0
2670183.0,11.0
2670364.0,1.0
2671364.0,1.0
2671537.0,3.0
2672093.0,27.0
2672380.0,12.0
2673380.0,2.0
2673702.0,22.0
2673870.0,0.0
2674141.0,24.0
2674264.0,3.0
2674388.0,1.0
2674659.0,12.0
2675659.0,3.0
2675954.0,10.0
2676954.0,0.0
2677048.0,0.0
2677428.0,19.0
2677453.0,0.0
2677477.0,2.0
2677734.0,18.0
2677929.0,10.0
2678130.0,1.0
2678246.0,2.0
2679246.0,6.0
2679616.0,13.0
2679653.0,0.0
2679695.0,0.0
2679796.0,0.0
2680409.0,11.0
2680501.0,5.0
2680567.0,4.0
2680668.0,0.0
2680886.0,1.0
2681886.0,7.0
2682259.0,13.0
2682472.0,6.0
2683472.0,16.0
2683515.0,0.0
2683638.0,7.0
2683977.0,25.0
2684068.0,2.0
2684108.0,0.0
2684239.0,1.0
2684713.0,14.0
2685046.0,14.0
2685167.0,5.0
2686167.0,1.0
2686258.0,6.0
2686327.0,1.0
2686766.0,20.0
2687766.0,41.0
2687914.0,7.0
2688454.0,22.0
2688556.0,5.0
2688581.0,0.0
2688635.0,1.0
2688751.0,0.0
2688971.0,1.0
2689971.0,2.0
2690277.0,13.0
2690400.0,2.0
2690705.0,7.0
2690754.0,3.0
2691024.0,3.0
2692024.0,0.0
2692134.0,1.0
2692174.0,0.0
2692490.0,7.0
2692655.0,4.0
2693655.0,0.0
2693697.0,1.0
2693723.0,0.0
2693767.0,0.0
2694767.0,10.0
2694978.0,8.0
2695129.0,19.0
2695174.0,0.0
2696174.0,18.0
2697174.0,0.0
2697474.0,10.0
2698474.0,13.0
2698807.0,15.0
2699063.0,24.0
2699208.0,7.0
2699357.0,13.0
2699446.0,1.0
2699787.0,27.0
2700787.0,21.0
2701787.0,19.0
2702198.0,9.0
2702310.0,1.0
2702400.0,2.0
2702541.0,12.0
2702882.0,24.0
2702956.0,0.0
2703956.0,0.0
2704102.0,1.0
2704189.0,1.0
2704264.0,0.0
2704576.0,3.0
2704988.0,16.0
2705290.0,7.0
2705507.0,21.0
2705595.0,0.0
2706595.0,12.0
2706943.0,17.0
2707026.0,5.0
2707160.0,1.0
2707221.0,4.0
2707451.0,14.0
2707518.0,0.0
2708518.0,14.0
2708745.0,1.0
2708972.0,12.0
2709255.0,12.0
2709562.0,1.0
2709788.0,6.0
2709931.0,13.0
2710501.0,41.0
2710709.0,8.0
2710776.0,0.0
2711094.0,8.0
2711272.0,7.0
2711370.0,6.0
2711439.0,0.0
2711762.0,42.0
2711898.0,15.0
2712476.0,26.0
2713476.0,1.0
2714476.0,9.0
2714664.0,3.0
2714973.0,19.0
2715024.0,0.0
2715071.0,1.0
2715523.0,37.0
2716174.0,44.0
2716240.0,1.0
2716290.0,2.0
2716379.0,5.0
2717379.0,9.0
2717424.0,0.0
2717564.0,12.0
2717634.0,1.0
2717905.0,22.0
2718905.0,32.0
2719044.0,21.0
2719164.0,2.0
2719490.0,7.0
2719568.0,1.0
2719618.0,0.0
2719878.0,14.0
2720149.0,25.0
2720217.0,2.0
2720460.0,7.0
2720497.0,0.0
2720734.0,0.0
2720775.0,2.0
2720975.0,11.0
2721230.0,11.0
2721292.0,0.0
2721430.0,6.0
2721521.0,0.0
2721572.0,6.0
2721607.0,0.0
2722607.0,2.0
2722699.0,5.0
2723214.0,63.0
2723288.0,0.0
2723375.0,8.0
2723706.0,14.0
2723910.0,24.0
2724798.0,42.0
2724893.0,4.0
2724991.0,3.0
2725024.0,0.0
2725192.0,16.0
2725550.0,17.0
2726177.0,41.0
2726283.0,12.0
2726307.0,0.0
2726503.0,7.0
2726968.0,14.0
2727968.0,16.0
2728144.0,5.0
2728300.0,7.0
2728414.0,4.0
2728583.0,19.0
2728698.0,5.0
2728783.0,3.0
2728859.0,3.0
2728915.0,1.0
2729915.0,1.0
2730347.0,22.0
2730436.0,1.0
2731108.0,37.0
2731178.0,1.0
2732178.0,4.0
2732227.0,0.0
2732360.0,2.0
2733360.0,16.0
2734360.0,31.0
2734403.0,0.0
2734599.0,2.0
2735599.0,1.0
2735833.0,8.0
2736833.0,15.0
2737239.0,36.0
2737389.0,5.0
2737540.0,9.0
2738044.0,30.0
2738133.0,1.0
2738198.0,0.0
2738247.0,0.0
2738517.0,8.0
2738666.0,9.0
2738725.0,1.0
2739233.0,30.0
2739293.0,1.0
2739399.0,3.0
2739605.0,0.0
2739653.0,0.0
2739693.0,0.0
2739828.0,7.0
2740549.0,37.0
2740850.0,11.0
2740904.0,0.0
2740930.0,0.0
2741098.0,1.0
2741365.0,25.0
2742365.0,0.0
2742484.0,0.0
2743484.0,13.0
2744484.0,6.0
2744604.0,3.0
2744828.0,2.0
2744995.0,5.0
2745456.0,13.0
2746456.0,10.0
2747456.0,6.0
2747576.0,7.0
2748576.0,5.0
2748662.0,0.0
2749662.0,18.0
2749840.0,6.0
2750083.0,3.0
2750158.0,14.0
2750986.0,41.0
2751248.0,30.0
2751462.0,16.0
2751816.0,48.0
2751874.0,1.0
2752190.0,22.0
2752269.0,5.0
2753269.0,0.0
2754269.0,10.0
2754358.0,0.0
2754400.0,0.0
2754427.0,0.0
2754485.0,0.0
2754528.0,0.0
2754563.0,0.0
2754601.0,0.0
2755051.0,13.0
2755298.0,0.0
2755411.0,12.0
2756411.0,10.0
2756764.0,30.0
2756835.0,0.0
2757835.0,13.0
2758032.0,13.0
2758267.0,3.0
2758520.0,27.0
2758568.0,0.0
2758686.0,0.0
2759686.0,11.0
2760686.0,1.0
2760758.0,0.0
2760821.0,0.0
2761821.0,5.0
2762010.0,18.0
2762060.0,0.0
2762098.0,0.0
2762150.0,0.0
2762191.0,0.0
2763191.0,1.0
2763636.0,10.0
2763831.0,5.0
2763916.0,0.0
2764916.0,28.0
2765017.0,0.0
2765836.0,73.0
2766538.0,36.0
2767110.0,35.0
2767367.0,15.0
2767532.0,12.0
2767722.0,0.0
2767999.0,7.0
2768175.0,2.0
2768600.0,30.0
2768816.0,6.0
2769165.0,15.0
2769313.0,9.0
2769382.0,0.0
2769619.0,8.0
2769839.0,16.0
2769962.0,2.0
2770326.0,18.0
2770548.0,9.0
2770787.0,14.0
2770967.0,2.0
2771967.0,36.0
2772163.0,3.0
2772647.0,17.0
2772736.0,0.0
2773736.0,3.0
2774736.0,29.0
2775736.0,11.0
2775902.0,0.0
2776178.0,9.0
2776219.0,0.0
2776260.0,2.0
2776316.0,0.0
2776458.0,3.0
2776877.0,30.0
2777288.0,19.0
2777646.0,12.0
2777899.0,17.0
2777967.0,0.0
2778365.0,42.0
2778633.0,22.0
2779633.0,23.0
2779915.0,18.0
2779993.0,3.0
2780993.0,7.0
2781217.0,0.0
2781430.0,20.0
2781517.0,0.0
2782517.0,28.0
2782651.0,4.0
2782826.0,11.0
2783826.0,3.0
2784189.0,11.0
2784253.0,1.0
2784349.0,7.0
2784476.0,7.0
2784527.0,0.0
2785527.0,0.0
2785715.0,6.0
2785868.0,4.0
2785945.0,0.0
2786048.0,1.0
2786315.0,14.0
2786395.0,1.0
2786589.0,12.0
2786915.0,18.0
2787008.0,9.0
2787122.0,8.0
2787174.0,0.0
2787441.0,18.0
2787507.0,2.0
2787602.0,3.0
2787692.0,3.0
2787909.0,10.0
2788190.0,7.0
2788537.0,9.0
2789228.0,23.0
2789314.0,0.0
2789592.0,26.0
2790592.0,35.0
2790690.0,23.0
2790911.0,8.0
2791911.0,0.0
2792327.0,44.0
2792642.0,7.0
2793642.0,1.0
2794642.0,0.0
2794831.0,11.0
2794978.0,6.0
2795170.0,8.0
2795253.0,0.0
2795630.0,60.0
2795668.0,0.0
2796037.0,29.0
2796121.0,0.0
2796212.0,3.0
2796283.0,11.0
2797190.0,90.0
2797233.0,0.0
2797271.0,1.0
2797660.0,7.0
2797712.0,3.0
2798712.0,2.0
2798933.0,19.0
2799933.0,7.0
2800129.0,3.0
2800153.0,1.0
2800200.0,0.0
2800499.0,26.0
2800559.0,0.0
2800678.0,7.0
2801080.0,32.0
2801290.0,10.0
2801346.0,0.0
2802346.0,13.0
2802444.0,2.0
2802547.0,0.0
2802680.0,9.0
2802723.0,0.0
2802909.0,0.0
2802973.0,0.0
2803370.0,17.0
2803415.0,0.0
2804415.0,0.0
2804498.0,0.0
2804770.0,21.0
2804801.0,0.0
2805117.0,23.0
2805208.0,1.0
2805246.0,1.0
2805319.0,0.0
2805618.0,14.0
2805762.0,7.0
2805778.0,0.0
2805897.0,0.0
2805986.0,3.0
2806072.0,0.0
2806185.0,17.0
2806241.0,0.0
2807241.0,20.0
2808241.0,17.0
2808502.0,4.0
2808557.0,2.0
2808662.0,2.0
2809662.0,0.0
2809796.0,0.0
2809887.0,5.0
2809933.0,0.0
2810009.0,0.0
2810112.0,0.0
2810435.0,7.0
2810526.0,1.0
2810872.0,23.0
2811039.0,10.0
2811116.0,0.0
2811285.0,10.0
2811460.0,1.0
2812460.0,14.0
2813460.0,10.0
2813585.0,11.0
2813755.0,18.0
2813874.0,0.0
2813974.0,2.0
2814089.0,3.0
2814137.0,0.0
2814708.0,32.0
2814774.0,0.0
2815774.0,3.0
2815868.0,1.0
2816165.0,23.0
2816273.0,1.0
2816334.0,5.0
2816467.0,7.0
2816740.0,5.0
2816790.0,0.0
2817790.0,19.0
2817831.0,0.0
2818051.0,32.0
2818098.0,1.0
2819098.0,16.0
2819173.0,0.0
2819353.0,0.0
2819388.0,0.0
2819554.0,7.0
2819627.0,0.0
2819679.0,0.0
2819712.0,0.0
2820005.0,27.0
2820127.0,4.0
2821127.0,42.0
2821303.0,27.0
2821540.0,13.0
2821577.0,0.0
2821937.0,29.0
2822116.0,7.0
2822175.0,0.0
2822437.0,34.0
2822495.0,0.0
2822537.0,0.0
2822807.0,16.0
2823114.0,27.0
2823161.0,0.0
2823268.0,6.0
2823384.0,14.0
2823502.0,18.0
2823540.0,0.0
2823731.0,20.0
2823794.0,0.0
2824794.0,0.0
2824829.0,0.0
2824967.0,5.0
2825027.0,0.0
2825411.0,38.0
2825570.0,13.0
2825702.0,16.0
2826702.0,32.0
2827101.0,24.0
2828101.0,15.0
2828251.0,6.0
2828342.0,10.0
2828490.0,10.0
2828578.0,1.0
2828643.0,0.0
2829643.0,33.0
2829693.0,0.0
2829734.0,0.0
2830734.0,10.0
2830805.0,0.0
2830872.0,0.0
2831872.0,10.0
2831955.0,2.0
2832955.0,23.0
2833042.0,1.0
2833140.0,8.0
2833203.0,0.0
2833291.0,0.0
2833550.0,11.0
2833660.0,10.0
2833872.0,4.0
2834149.0,36.0
2834276.0,4.0
2834398.0,8.0
2835398.0,20.0
2835566.0,20.0
2835599.0,0.0
2836599.0,43.0
2837112.0,45.0
2837213.0,14.0
2837758.0,61.0
2838758.0,13.0
2839473.0,70.0
2839602.0,3.0
2839648.0,0.0
2839716.0,1.0
2839860.0,0.0
2839923.0,0.0
2840923.0,2.0
2841127.0,15.0
2841200.0,0.0
2842200.0,91.0
2842278.0,1.0
2843278.0,8.0
2843440.0,1.0
2843510.0,0.0
2843769.0,9.0
2843947.0,7.0
2844262.0,4.0
2844326.0,0.0
2845326.0,2.0
2845636.0,10.0
2845866.0,7.0
2845957.0,0.0
2846049.0,0.0
2846109.0,20.0
2847109.0,8.0
2848109.0,8.0
2849109.0,7.0
2849239.0,2.0
2849461.0,3.0
2849737.0,11.0
2850235.0,0.0
2851235.0,87.0
2851425.0,0.0
2851952.0,82.0
2852085.0,0.0
2852177.0,3.0
2852414.0,30.0
2852485.0,2.0
2852572.0,1.0
2853381.0,42.0
2853440.0,8.0
2853672.0,38.0
2854004.0,13.0
2854171.0,0.0
2854209.0,4.0
2854326.0,1.0
2854727.0,30.0
2854771.0,0.0
2854877.0,0.0
2855440.0,36.0
2855709.0,3.0
2855840.0,0.0
2855970.0,1.0
2856078.0,8.0
2856201.0,6.0
2856227.0,0.0
2856255.0,0.0
2856341.0,0.0
2856394.0,1.0
2856939.0,34.0
2857281.0,15.0
2857393.0,0.0
2857496.0,1.0
2857938.0,7.0
2858016.0,2.0
2858068.0,0.0
2858271.0,2.0
2859271.0,9.0
2859701.0,45.0
2860701.0,59.0
2861701.0,30.0
2862701.0,2.0
2862768.0,10.0
2862916.0,12.0
2863097.0,4.0
2863474.0,25.0
2863592.0,4.0
2863658.0,2.0
2864120.0,34.0
2864421.0,6.0
2864478.0,0.0
2864684.0,7.0
2864767.0,2.0
2864874.0,6.0
2864936.0,0.0
2865338.0,23.0
2865799.0,28.0
2866080.0,1.0
2866170.0,2.0
2866208.0,0.0
2866452.0,4.0
2866485.0,0.0
2867485.0,2.0
2867773.0,12.0
2867923.0,6.0
2867958.0,0.0
2868684.0,43.0
2869684.0,0.0
2869925.0,39.0
2869982.0,0.0
2870718.0,30.0
2871347.0,65.0
2871508.0,4.0
2871602.0,0.0
2872602.0,28.0
2872848.0,8.0
2873098.0,16.0
2874098.0,12.0
2874230.0,4.0
2874392.0,2.0
2875392.0,16.0
2876392.0,47.0
2877392.0,16.0
2877463.0,0.0
2877528.0,2.0
2877594.0,5.0
2877715.0,3.0
2878715.0,36.0
2879715.0,28.0
2880715.0,50.0
2881472.0,51.0
2882472.0,47.0
2883472.0,16.0
2884472.0,15.0
2884525.0,0.0
2885525.0,14.0
2886003.0,28.0
2886549.0,48.0
2886977.0,38.0
2887977.0,17.0
2888977.0,25.0
2889258.0,18.0
2889345.0,7.0
2889534.0,11.0
2889627.0,1.0
2890627.0,20.0
2890666.0,0.0
2890717.0,0.0
2891717.0,18.0
2891794.0,19.0
2892794.0,14.0
2892859.0,7.0
2892959.0,4.0
2893095.0,2.0
2893264.0,1.0
2893710.0,42.0
2893921.0,4.0
2893989.0,1.0
2894989.0,4.0
2895502.0,51.0
2896037.0,30.0
2897037.0,68.0
2897619.0,69.0
2898619.0,15.0
2899619.0,103.0
2900619.0,6.0
2901272.0,58.0
2901394.0,4.0
2902016.0,68.0
2903016.0,31.0
2903240.0,48.0
2903340.0,2.0
2904340.0,23.0
2904711.0,33.0
2905711.0,0.0
2905883.0,2.0
2906012.0,0.0
2906641.0,66.0
2907136.0,12.0
2907305.0,17.0
2908305.0,2.0
2908501.0,2.0
2909501.0,21.0
2909685.0,1.0
2910471.0,39.0
2911471.0,30.0
2911779.0,11.0
2911927.0,3.0
2912607.0,17.0
2913607.0,3.0
2914607.0,116.0
2915364.0,54.0
2916184.0,71.0
2916233.0,1.0
2916285.0,0.0
2916348.0,0.0
2917348.0,7.0
2917591.0,1.0
2917792.0,10.0
2918170.0,40.0
2918940.0,49.0
2919344.0,29.0
2920344.0,4.0
2921023.0,54.0
2921320.0,11.0
2922320.0,30.0
2923320.0,2.0
2923929.0,37.0
2924929.0,0.0
2925235.0,33.0
2925535.0,8.0
2926535.0,29.0
2926637.0,16.0
2927637.0,66.0
2928287.0,29.0
2928328.0,0.0
2928608.0,32.0
2928838.0,13.0
2929357.0,40.0
2929442.0,1.0
2929510.0,0.0
2929585.0,1.0
2930585.0,16.0
2930638.0,0.0
2930806.0,9.0
2931647.0,33.0
2931685.0,0.0
2932472.0,63.0
2932806.0,34.0
2932991.0,3.0
2933991.0,25.0
2934991.0,53.0
2935672.0,49.0
2936672.0,56.0
2937422.0,60.0
2937570.0,1.0
2937615.0,0.0
2938615.0,66.0
2938727.0,15.0
2938761.0,1.0
2939037.0,12.0
2939166.0,16.0
2939682.0,54.0
2939787.0,3.0
2939827.0,0.0
2939945.0,8.0
2940148.0,18.0
2940210.0,6.0
2940393.0,0.0
2941116.0,42.0
2941157.0,0.0
2941276.0,5.0
2942276.0,37.0
2943276.0,54.0
2943332.0,0.0
2943518.0,17.0
2943565.0,0.0
2943930.0,19.0
2944009.0,3.0
2944112.0,0.0
2944216.0,2.0
2944502.0,15.0
2944731.0,22.0
2944793.0,1.0
2945460.0,48.0
2945778.0,31.0
2946411.0,38.0
2946766.0,23.0
2946954.0,6.0
2947483.0,44.0
2948483.0,71.0
2948651.0,26.0
2949165.0,27.0
2949204.0,0.0
2950204.0,74.0
2950404.0,3.0
2951215.0,82.0
2951374.0,3.0
2951521.0,18.0
2951634.0,13.0
2951765.0,3.0
2952227.0,47.0
2953131.0,45.0
2953421.0,20.0
2953484.0,0.0
2954484.0,9.0
2954717.0,20.0
2954971.0,11.0
2955328.0,24.0
2955742.0,30.0
2955859.0,1.0
2956578.0,73.0
2956691.0,13.0
2957441.0,53.0
2958441.0,12.0
2958820.0,30.0
2958926.0,5.0
2959926.0,94.0
2960318.0,10.0
2960568.0,19.0
2960901.0,40.0
2961264.0,38.0
2961432.0,6.0
2962432.0,17.0
2963432.0,28.0
2964432.0,10.0
2964794.0,26.0
2965794.0,83.0
2965867.0,0.0
2966348.0,32.0
2966399.0,0.0
2966946.0,61.0
2967177.0,7.0
2967233.0,0.0
2968233.0,0.0
2968751.0,75.0
2969751.0,46.0
2970201.0,32.0
2970250.0,0.0
2971250.0,51.0
2971465.0,5.0
2971532.0,1.0
2971853.0,25.0
2972125.0,14.0
2972318.0,14.0
2972442.0,1.0
2972635.0,2.0
2972697.0,12.0
2972723.0,0.0
2972983.0,24.0
2973983.0,6.0
2974643.0,60.0
2975643.0,24.0
2976643.0,30.0
2977643.0,33.0
2977850.0,36.0
2978754.0,58.0
2978978.0,8.0
2979304.0,21.0
2979520.0,23.0
2979621.0,15.0
2980621.0,0.0
2981621.0,26.0
2981800.0,21.0
2982800.0,36.0
2982998.0,5.0
2983402.0,26.0
2983529.0,24.0
2983598.0,0.0
2983679.0,0.0
2983879.0,9.0
2984195.0,26.0
2984789.0,44.0
2985165.0,19.0
2985377.0,19.0
2986377.0,1.0
2987024.0,36.0
2987252.0,5.0
2987693.0,48.0
2988461.0,24.0
2988671.0,22.0
2989318.0,51.0
2989745.0,18.0
2989941.0,4.0
2990941.0,5.0
2991037.0,1.0
2991100.0,3.0
2991237.0,7.0
2992237.0,66.0
2992453.0,9.0
2992501.0,0.0
2992833.0,0.0
2992998.0,2.0
2993082.0,5.0
2993253.0,17.0
2993439.0,3.0
2994134.0,40.0
2994310.0,14.0
2995310.0,3.0
2995464.0,4.0
2995604.0,7.0
2995649.0,0.0
2996649.0,0.0
2996740.0,8.0
2996937.0,13.0
2997937.0,9.0
2998229.0,20.0
2999229.0,0.0
2999417.0,23.0
2999532.0,11.0
2999745.0,3.0
2999776.0,0.0
3000776.0,99.0
3001776.0,48.0
3002031.0,15.0
3002193.0,4.0
3002274.0,1.0
3002706.0,53.0
3002843.0,4.0
3003843.0,32.0
3004264.0,35.0
3004385.0,2.0
3004600.0,17.0
3005123.0,61.0
3005211.0,5.0
3006211.0,60.0
3006351.0,0.0
3006436.0,0.0
3006823.0,66.0
3006911.0,4.0
3007911.0,38.0
3007949.0,3.0
3008949.0,69.0
3009127.0,0.0
3009367.0,2.0
3010062.0,36.0
3011062.0,0.0
3011099.0,0.0
3012099.0,6.0
3012215.0,15.0
3012248.0,0.0
3012954.0,58.0
3013315.0,21.0
3014315.0,10.0
3014615.0,4.0
3014811.0,30.0
3015031.0,18.0
3016031.0,31.0
3016321.0,7.0
3016399.0,7.0
3016839.0,20.0
3017061.0,18.0
3018055.0,41.0
3018327.0,18.0
3018448.0,1.0
3018740.0,4.0
3018780.0,0.0
3019409.0,26.0
3020409.0,59.0
3020494.0,7.0
3020760.0,2.0
3021557.0,87.0
3022557.0,3.0
3022670.0,0.0
3023670.0,7.0
3023907.0,0.0
3023995.0,12.0
3024447.0,46.0
3025447.0,64.0
3025494.0,10.0
3025615.0,8.0
3025681.0,9.0
3025730.0,1.0
3026063.0,6.0
3026087.0,0.0
3026349.0,15.0
3026859.0,30.0
3026994.0,1.0
3027113.0,9.0
3027559.0,27.0
3027713.0,12.0
3028109.0,20.0
3028589.0,61.0
3028643.0,2.0
3028684.0,0.0
3028757.0,2.0
3029757.0,0.0
3030757.0,111.0
3030847.0,12.0
3031847.0,5.0
3032058.0,9.0
3032236.0,1.0
3033236.0,52.0
3033522.0,32.0
3034522.0,14.0
3034821.0,5.0
3034870.0,2.0
3035005.0,16.0
3035581.0,44.0
3035796.0,24.0
3035945.0,16.0
3036945.0,15.0
3037102.0,10.0
3037267.0,31.0
3037351.0,2.0
3038351.0,13.0
3038604.0,20.0
3039034.0,45.0
3039201.0,13.0
3039461.0,18.0
3039754.0,24.0
3040672.0,115.0
3041672.0,27.0
3041858.0,1.0
3042858.0,5.0
3042928.0,6.0
3042977.0,3.0
3043302.0,52.0
3043369.0,7.0
3043535.0,1.0
3043950.0,29.0
3044950.0,14.0
3045027.0,0.0
3045799.0,134.0
3046310.0,6.0
3046402.0,0.0
3046723.0,37.0
3046839.0,33.0
3046947.0,16.0
3046985.0,0.0
3047078.0,8.0
3048078.0,41.0
3048462.0,43.0
3048572.0,2.0
3048641.0,1.0
3049110.0,20.0
3049199.0,10.0
3049415.0,7.0
3049599.0,26.0
3049658.0,2.0
3050658.0,17.0
3050978.0,88.0
3051094.0,3.0
3051271.0,42.0
3051877.0,54.0
3052534.0,57.0
3052876.0,17.0
3053015.0,8.0
3053300.0,0.0
3053560.0,13.0
3053606.0,5.0
3053899.0,29.0
3053999.0,2.0
3054110.0,16.0
3055110.0,0.0
3056110.0,23.0
3056206.0,4.0
3056409.0,16.0
3057409.0,9.0
3057529.0,6.0
3057829.0,60.0
3058111.0,51.0
3058183.0,2.0
3058485.0,25.0
3058525.0,0.0
3059525.0,95.0
3060525.0,17.0
3061317.0,48.0
3061612.0,48.0
3061745.0,5.0
3061805.0,2.0
3061976.0,25.0
3062232.0,6.0
3062300.0,0.0
3062433.0,2.0
3062700.0,26.0
3062896.0,17.0
3063151.0,34.0
3063511.0,46.0
3063626.0,16.0
3064626.0,28.0
3065260.0,40.0
3065754.0,49.0
3066101.0,13.0
3066489.0,38.0
3066518.0,0.0
3066688.0,3.0
3066746.0,6.0
3067746.0,52.0
3068746.0,179.0
3068905.0,13.0
3069011.0,5.0
3069094.0,6.0
3069210.0,9.0
3069310.0,24.0
3069425.0,23.0
3069639.0,4.0
3069770.0,34.0
3070702.0,148.0
3070804.0,5.0
3070887.0,1.0
3071409.0,36.0
3071503.0,2.0
3071591.0,12.0
3072243.0,52.0
3072484.0,20.0
3073484.0,12.0
3073997.0,55.0
3074997.0,8.0
3075632.0,79.0
3075756.0,35.0
3076756.0,5.0
3076812.0,0.0
3076856.0,1.0
3077856.0,9.0
3078765.0,84.0
3079765.0,10.0
3079853.0,6.0
3080106.0,15.0
3081106.0,135.0
3081629.0,92.0
3082124.0,107.0
3082172.0,0.0
3082232.0,2.0
3082335.0,41.0
3082428.0,10.0
3082686.0,23.0
3083686.0,34.0
3083819.0,9.0
3084819.0,19.0
3085394.0,116.0
3085499.0,11.0
3085802.0,15.0
3086144.0,63.0
3086417.0,32.0
3086521.0,5.0
3086708.0,32.0
3087026.0,38.0
3087103.0,3.0
3087489.0,36.0
3087586.0,28.0
3087759.0,13.0
3088000.0,36.0
3088117.0,27.0
3089117.0,24.0
3090117.0,1.0
3090446.0,44.0
3091446.0,15.0
3092446.0,78.0
3092654.0,30.0
3093147.0,56.0
3093251.0,2.0
3093328.0,0.0
3093792.0,77.0
3094792.0,0.0
3095029.0,3.0
3095488.0,61.0
3095585.0,2.0
3095760.0,17.0
3095815.0,0.0
3096091.0,17.0
3096199.0,32.0
3096298.0,3.0
3096636.0,73.0
3097636.0,16.0
3097739.0,4.0
3097829.0,0.0
3098829.0,9.0
3098958.0,14.0
3099092.0,11.0
3100092.0,11.0
3100243.0,46.0
3100315.0,1.0
3100463.0,8.0
3100596.0,19.0
3100669.0,8.0
3100995.0,40.0
3101452.0,59.0
3101557.0,11.0
3101793.0,27.0
3101967.0,13.0
3102288.0,29.0
3103288.0,49.0
3104002.0,166.0
3104063.0,2.0
3104096.0,0.0
3104152.0,1.0
3104267.0,0.0
3104305.0,5.0
3104410.0,4.0
3104644.0,21.0
3104769.0,14.0
3104929.0,27.0
3104975.0,0.0
3105225.0,38.0
3105272.0,0.0
3105323.0,0.0
3105790.0,72.0
3106790.0,62.0
3107122.0,58.0
3107346.0,35.0
3107412.0,0.0
3107488.0,5.0
3108488.0,21.0
3108734.0,23.0
3109237.0,89.0
3109274.0,2.0
3109496.0,38.0
3109522.0,0.0
3109713.0,4.0
3110528.0,107.0
3110720.0,23.0
3111720.0,55.0
3111796.0,16.0
3112796.0,39.0
3112877.0,6.0
3112949.0,7.0
3113003.0,4.0
3113714.0,152.0
3113765.0,0.0
3114119.0,67.0
3114184.0,8.0
3114560.0,65.0
3114596.0,4.0
3114888.0,59.0
3115888.0,24.0
3115980.0,3.0
3116093.0,1.0
3116420.0,37.0
3116960.0,88.0
3117051.0,21.0
3117346.0,32.0
3117536.0,11.0
3117881.0,35.0
3117927.0,5.0
3118927.0,37.0
3119229.0,52.0
3120229.0,0.0
3120331.0,5.0
3120403.0,2.0
3120459.0,1.0
3120522.0,6.0
3120696.0,34.0
3120816.0,18.0
3120937.0,2.0
3120972.0,0.0
3121020.0,5.0
3122020.0,3.0
3122514.0,91.0
3122561.0,0.0
3122646.0,2.0
3122725.0,6.0
3122796.0,15.0
3123796.0,27.0
3124389.0,34.0
3125389.0,10.0
3126389.0,14.0
3126687.0,55.0
3127687.0,4.0
3127957.0,48.0
3127997.0,1.0
3128019.0,0.0
3128058.0,5.0
3128107.0,7.0
3128185.0,8.0
3129185.0,42.0
3129418.0,33.0
3129465.0,0.0
3129561.0,25.0
3130561.0,48.0
3130580.0,0.0
3131014.0,61.0
3131182.0,11.0
3131448.0,66.0
3131750.0,59.0
3131819.0,3.0
3132225.0,96.0
3132273.0,0.0
3132579.0,52.0
3133308.0,73.0
3133408.0,37.0
3133478.0,1.0
3133516.0,0.0
3133729.0,55.0
3133836.0,1.0
3134094.0,6.0
3134644.0,63.0
3135644.0,3.0
3135678.0,2.0
3136097.0,65.0
3136312.0,6.0
3137312.0,18.0
3138312.0,9.0
3138620.0,59.0
3138646.0,0.0
3138982.0,64.0
3139307.0,79.0
3139973.0,37.0
3140035.0,12.0
3140167.0,11.0
3140287.0,8.0
3140468.0,14.0
3140799.0,95.0
3141085.0,77.0
3141115.0,0.0
3142025.0,142.0
3142355.0,9.0
3142957.0,90.0
3143489.0,31.0
3144489.0,164.0
3144669.0,25.0
3144972.0,37.0
3145208.0,19.0
3145280.0,0.0
3145347.0,0.0
3145397.0,0.0
3145544.0,12.0
3145970.0,76.0
3146289.0,17.0
3146437.0,0.0
3146544.0,6.0
3147544.0,37.0
3147878.0,86.0
3148065.0,9.0
3148089.0,0.0
3148140.0,1.0
3148430.0,25.0
3148824.0,48.0
3149164.0,62.0
3149308.0,22.0
3149382.0,0.0
3149452.0,1.0
3149491.0,0.0
3149701.0,15.0
3150294.0,100.0
3150708.0,82.0
3150862.0,19.0
3150941.0,0.0
3151014.0,0.0
3151048.0,3.0
3151109.0,9.0
3152109.0,9.0
3152225.0,23.0
3152411.0,3.0
3152576.0,16.0
3153576.0,30.0
3153737.0,30.0
3154000.0,37.0
3155000.0,15.0
3155014.0,0.0
3155146.0,11.0
3155224.0,3.0
3155565.0,83.0
3155625.0,17.0
3155919.0,42.0
3156032.0,14.0
3156089.0,0.0
3156456.0,43.0
3156862.0,70.0
3157862.0,17.0
3158060.0,25.0
3158323.0,58.0
3158625.0,32.0
3158802.0,8.0
3158970.0,20.0
3159160.0,21.0
3160160.0,9.0
3160242.0,17.0
3160298.0,0.0
3160441.0,10.0
3161441.0,22.0
3162441.0,60.0
3162611.0,21.0
3162772.0,10.0
3162970.0,33.0
3163027.0,11.0
3163341.0,52.0
3163478.0,2.0
3163554.0,12.0
3163911.0,52.0
3164100.0,18.0
3164164.0,3.0
3164210.0,3.0
3164319.0,14.0
3164432.0,4.0
3164477.0,0.0
3164546.0,4.0
3165546.0,33.0
3165658.0,11.0
3165736.0,2.0
3166381.0,90.0
3166752.0,51.0
3166788.0,1.0
3167788.0,0.0
3167867.0,0.0
3168201.0,29.0
3168722.0,77.0
3169420.0,133.0
3169609.0,2.0
3169995.0,39.0
3170323.0,64.0
3170369.0,0.0
3170868.0,98.0
3171149.0,69.0
3171394.0,33.0
3171514.0,3.0
3172234.0,107.0
3173234.0,3.0
3173533.0,19.0
3173637.0,22.0
3174127.0,55.0
3174243.0,40.0
3174304.0,0.0
3174512.0,49.0
3174945.0,52.0
3175010.0,8.0
3176010.0,31.0
3177010.0,62.0
3178010.0,49.0
3178256.0,34.0
3178506.0,32.0
3178768.0,43.0
3179768.0,50.0
3180237.0,57.0
3180301.0,3.0
3181123.0,156.0
3181605.0,32.0
3182605.0,17.0
3182692.0,13.0
3182754.0,13.0
3182981.0,29.0
3183981.0,45.0
3184156.0,31.0
3184210.0,0.0
3184393.0,48.0
3185056.0,91.0
3186056.0,11.0
3186305.0,11.0
3186659.0,32.0
3187070.0,76.0
3187278.0,26.0
3188002.0,124.0
3188127.0,13.0
3189127.0,0.0
3189485.0,52.0
3190485.0,84.0
3191323.0,128.0
3192323.0,18.0
3192449.0,4.0
3192597.0,1.0
3192707.0,1.0
3192789.0,4.0
3192979.0,59.0
3193979.0,149.0
3194026.0,1.0
3194150.0,11.0
3195150.0,54.0
3195362.0,40.0
3195414.0,0.0
3195497.0,31.0
3195648.0,14.0
3195729.0,18.0
3195770.0,0.0
3195821.0,13.0
3195959.0,1.0
3195991.0,0.0
3196991.0,95.0
3197991.0,14.0
3198625.0,122.0
3199625.0,28.0
3199801.0,25.0
3200801.0,7.0
3201084.0,37.0
3201191.0,1.0
3201353.0,17.0
3201503.0,20.0
3201681.0,38.0
3201728.0,1.0
3201939.0,21.0
3202005.0,3.0
3202098.0,14.0
3202769.0,134.0
3202859.0,3.0
3203254.0,72.0
3203307.0,0.0
3203371.0,14.0
3203464.0,15.0
3203508.0,0.0
3203562.0,14.0
3203674.0,4.0
3203841.0,43.0
3204001.0,63.0
3204201.0,35.0
3204307.0,12.0
3204460.0,3.0
3204513.0,0.0
3204689.0,15.0
3205689.0,45.0
3205801.0,14.0
3205889.0,10.0
3206221.0,38.0
3206260.0,0.0
3207260.0,16.0
3207535.0,50.0
3207594.0,0.0
3207878.0,49.0
3208608.0,181.0
3208730.0,30.0
3209216.0,87.0
3209231.0,0.0
3209677.0,61.0
3209821.0,8.0
3209939.0,3.0
3210315.0,79.0
3211077.0,135.0
3211152.0,0.0
3211294.0,43.0
3212294.0,17.0
3212570.0,35.0
3213570.0,4.0
3213785.0,16.0
3213976.0,37.0
3214026.0,0.0
3215026.0,131.0
3215545.0,91.0
3215574.0,0.0
3215707.0,44.0
3215858.0,38.0
3215883.0,0.0
3215960.0,9.0
3216960.0,49.0
3217147.0,16.0
3217319.0,23.0
3217685.0,77.0
3218685.0,156.0
3218756.0,14.0
3218874.0,6.0
3219631.0,90.0
3219736.0,7.0
3220075.0,43.0
3220494.0,81.0
3220816.0,44.0
3221140.0,9.0
3221280.0,14.0
3221388.0,26.0
3221628.0,49.0
3222279.0,138.0
3222510.0,12.0
3223482.0,209.0
3224482.0,0.0
3225482.0,15.0
3225594.0,17.0
3226594.0,38.0
3227594.0,108.0
3227953.0,37.0
3227991.0,2.0
3228044.0,2.0
3228459.0,27.0
3228941.0,30.0
3229078.0,7.0
3229162.0,10.0
3229253.0,20.0
3229323.0,4.0
3230323.0,110.0
3231323.0,122.0
3231531.0,46.0
3231656.0,20.0
3231976.0,34.0
3232362.0,59.0
3233362.0,3.0
3234362.0,74.0
3234578.0,54.0
3234714.0,27.0
3234988.0,51.0
3235988.0,139.0
3236317.0,50.0
3236588.0,58.0
3236874.0,6.0
3236911.0,0.0
3237911.0,156.0
3238911.0,43.0
3239038.0,14.0
3239313.0,37.0
3239685.0,51.0
3239940.0,25.0
3240126.0,13.0
3241126.0,0.0
3241604.0,60.0
3241671.0,1.0
3242091.0,120.0
3243091.0,30.0
3243731.0,133.0
3243865.0,13.0
3244126.0,1.0
3244213.0,13.0
3244568.0,48.0
3245081.0,147.0
3245189.0,15.0
3245214.0,0.0
3245572.0,97.0
3246028.0,58.0
3247028.0,120.0
3247230.0,32.0
3247786.0,82.0
3248028.0,33.0
3248230.0,39.0
3248289.0,2.0
3249289.0,58.0
3249629.0,74.0
3249851.0,37.0
3250271.0,92.0
3250629.0,101.0
3251629.0,7.0
3251742.0,23.0
3251918.0,25.0
3252166.0,25.0
3252251.0,9.0
3253251.0,71.0
3253536.0,57.0
3253584.0,1.0
3253642.0,5.0
3254098.0,109.0
3254190.0,10.0
3254656.0,99.0
3254857.0,14.0
3255857.0,0.0
3256148.0,86.0
3256342.0,49.0
3256366.0,0.0
3256464.0,22.0
3257066.0,126.0
3257266.0,29.0
3257350.0,27.0
3257543.0,39.0
3257729.0,26.0
3258729.0,75.0
3259005.0,66.0
3259462.0,39.0
3259551.0,1.0
3260551.0,13.0
3261551.0,37.0
3261737.0,43.0
3261931.0,46.0
3262161.0,33.0
3262300.0,22.0
3262634.0,41.0
3262808.0,32.0
3262930.0,11.0
3263749.0,149.0
3263976.0,32.0
3264519.0,133.0
3264560.0,0.0
3264975.0,101.0
3265102.0,26.0
3266102.0,6.0
3267102.0,19.0
3267217.0,2.0
3267603.0,118.0
3267813.0,45.0
3268226.0,116.0
3268539.0,66.0
3268695.0,41.0
3269027.0,91.0
3269062.0,0.0
3269140.0,7.0
3270140.0,9.0
3270201.0,11.0
3270341.0,24.0
3270673.0,95.0
3271673.0,70.0
3271707.0,0.0
3271840.0,28.0
3272013.0,18.0
3272541.0,87.0
3273541.0,203.0
3273658.0,34.0
3273796.0,38.0
3274371.0,94.0
3274737.0,70.0
3274867.0,44.0
3275070.0,39.0
3275107.0,0.0
3276107.0,17.0
3276172.0,7.0
3277172.0,45.0
3277274.0,20.0
3277298.0,0.0
3277425.0,36.0
3278425.0,43.0
3278462.0,0.0
3278664.0,47.0
3278977.0,58.0
3279056.0,34.0
3280056.0,113.0
3281056.0,42.0
3281454.0,75.0
3281565.0,21.0
3281778.0,10.0
3281943.0,33.0
3282331.0,82.0
3282368.0,0.0
3282437.0,13.0
3283437.0,53.0
3283867.0,94.0
3284867.0,1.0
3284999.0,28.0
3285999.0,12.0
3286352.0,45.0
3286424.0,6.0
3286680.0,22.0
3287680.0,4.0
3287813.0,31.0
3287873.0,17.0
3288071.0,61.0
3288120.0,1.0
3288571.0,50.0
3288948.0,90.0
3288996.0,7.0
3289446.0,78.0
3289574.0,17.0
3289610.0,0.0
3289670.0,14.0
3290670.0,15.0
3291077.0,56.0
3291125.0,15.0
3292125.0,40.0
3292452.0,36.0
3292504.0,0.0
3292749.0,58.0
3293339.0,101.0
3294339.0,24.0
3294581.0,97.0
3294630.0,1.0
3295131.0,162.0
3295722.0,72.0
3296343.0,157.0
3296391.0,11.0
3296645.0,41.0
3296741.0,17.0
3297145.0,118.0
3298145.0,30.0
3298582.0,87.0
3299192.0,101.0
3299328.0,34.0
3299385.0,8.0
3300385.0,0.0
3300755.0,72.0
3300975.0,45.0
3301042.0,12.0
3301250.0,45.0
3301304.0,0.0
3301382.0,12.0
3301470.0,10.0
3301825.0,107.0
3301917.0,20.0
3302917.0,0.0
3303391.0,119.0
3304391.0,0.0
3304570.0,18.0
3304864.0,7.0
3304914.0,6.0
3304988.0,0.0
3305053.0,6.0
3305233.0,22.0
3305293.0,0.0
3306053.0,82.0
3306655.0,155.0
3307655.0,232.0
3307913.0,21.0
3308190.0,48.0
3308296.0,14.0
3308551.0,45.0
3308786.0,62.0
3308846.0,4.0
3309342.0,84.0
3310342.0,68.0
3310455.0,18.0
3310793.0,66.0
3310817.0,0.0
3310910.0,11.0
3311910.0,53.0
3312025.0,5.0
3312336.0,10.0
3312552.0,69.0
3312582.0,0.0
3313582.0,167.0
3314046.0,112.0
3315046.0,64.0
3315070.0,0.0
3315129.0,13.0
3315416.0,49.0
3315664.0,36.0
3315907.0,42.0
3316907.0,54.0
3317164.0,53.0
3317298.0,31.0
3317472.0,19.0
3318472.0,6.0
3318911.0,99.0
3319226.0,62.0
3320226.0,0.0
3320329.0,21.0
3320391.0,5.0
3320477.0,5.0
3320604.0,2.0
3320916.0,34.0
3321262.0,56.0
3321324.0,12.0
3322324.0,152.0
3322356.0,0.0
3322540.0,18.0
3323540.0,136.0
3323618.0,2.0
3323778.0,58.0
3323900.0,4.0
3324045.0,19.0
3324155.0,1.0
3324291.0,8.0
3324428.0,28.0
3324487.0,4.0
3324667.0,12.0
3324745.0,3.0
3325680.0,95.0
3325812.0,27.0
3325934.0,12.0
3326076.0,29.0
3326426.0,50.0
3326776.0,55.0
3326896.0,23.0
3327209.0,74.0
3327577.0,84.0
3327636.0,1.0
3327716.0,32.0
3328716.0,12.0
3328858.0,5.0
3329261.0,53.0
3329502.0,25.0
3329604.0,12.0
3329747.0,20.0
3329867.0,9.0
3330044.0,25.0
3331044.0,20.0
3331321.0,60.0
3331708.0,47.0
3332459.0,54.0
3333324.0,145.0
3334324.0,11.0
3334407.0,2.0
3334446.0,6.0
3334493.0,0.0
3334760.0,48.0
3334893.0,13.0
3335445.0,70.0
3335911.0,96.0
3335989.0,14.0
3336989.0,20.0
3337073.0,4.0
3337119.0,5.0
3337187.0,0.0
3337416.0,48.0
3337499.0,21.0
3338068.0,52.0
3338285.0,55.0
3338483.0,34.0
3338746.0,29.0
3338979.0,63.0
3339155.0,48.0
3339203.0,0.0
3339337.0,14.0
3339617.0,22.0
3339671.0,0.0
3339736.0,0.0
3340072.0,41.0
3341072.0,60.0
3341141.0,4.0
3341220.0,0.0
3341429.0,60.0
3341611.0,8.0
3341780.0,18.0
3342156.0,31.0
3343156.0,7.0
3344156.0,148.0
3344219.0,6.0
3344316.0,0.0
3345316.0,63.0
3345365.0,9.0
3345401.0,4.0
3345619.0,21.0
3346619.0,42.0
3346655.0,3.0
3346781.0,13.0
3347348.0,103.0
3347759.0,46.0
3347807.0,0.0
3347902.0,10.0
3348902.0,4.0
3349831.0,91.0
3350187.0,43.0
3350486.0,46.0
3351156.0,106.0
3351471.0,82.0
3351840.0,52.0
3352351.0,33.0
3352451.0,18.0
3353451.0,36.0
3354033.0,135.0
3354338.0,26.0
3354372.0,0.0
3354419.0,3.0
3354908.0,92.0
3355138.0,49.0
3355286.0,36.0
3355324.0,1.0
3355493.0,5.0
3355774.0,54.0
3356336.0,75.0
3356618.0,23.0
3356952.0,61.0
3357952.0,124.0
3358281.0,26.0
3358375.0,5.0
3358507.0,8.0
3359026.0,53.0
3359302.0,60.0
3359658.0,63.0
3359960.0,54.0
3360304.0,80.0
3360541.0,57.0
3360731.0,10.0
3360828.0,21.0
3360913.0,2.0
3361141.0,35.0
3361223.0,9.0
3361582.0,82.0
3362582.0,76.0
3362686.0,10.0
3362756.0,1.0
3362815.0,0.0
3362872.0,4.0
3362943.0,3.0
3363258.0,65.0
3364258.0,46.0
3365258.0,47.0
3365282.0,0.0
3365309.0,0.0
3365497.0,35.0
3365685.0,14.0
3366072.0,23.0
3366495.0,86.0
3366990.0,40.0
3367099.0,11.0
3367123.0,0.0
3367317.0,20.0
3367493.0,10.0
3367540.0,1.0
3367581.0,1.0
3368581.0,52.0
3368708.0,9.0
3369708.0,136.0
3370708.0,10.0
3370834.0,11.0
3371093.0,11.0
3371262.0,36.0
3371287.0,0.0
3372091.0,101.0
3372147.0,1.0
3373147.0,25.0
3373219.0,5.0
3373532.0,27.0
3373569.0,0.0
3374075.0,36.0
3374989.0,116.0
3375240.0,20.0
3375766.0,86.0
3376766.0,4.0
3376822.0,0.0
3377822.0,136.0
3378278.0,62.0
3378346.0,14.0
3378425.0,2.0
3378891.0,85.0
3379231.0,51.0
3380231.0,24.0
3380278.0,4.0
3380337.0,3.0
3380432.0,11.0
3380494.0,4.0
3380520.0,0.0
3380722.0,48.0
3380895.0,21.0
3381895.0,0.0
3381931.0,0.0
3382003.0,1.0
3382124.0,6.0
3382559.0,21.0
3382766.0,45.0
3383146.0,32.0
3384146.0,0.0
3385146.0,15.0
3385215.0,0.0
3385352.0,10.0
3386352.0,126.0
3386393.0,0.0
3386447.0,0.0
3386524.0,0.0
3386564.0,0.0
3386622.0,4.0
3386769.0,12.0
3387769.0,13.0
3388403.0,57.0
3388626.0,53.0
3389626.0,34.0
3390072.0,63.0
3391072.0,29.0
3391129.0,1.0
3392129.0,104.0
3392276.0,8.0
3392451.0,18.0
3392602.0,6.0
3392626.0,0.0
3392727.0,4.0
3393253.0,62.0
3393290.0,0.0
3393479.0,33.0
3394479.0,0.0
3394624.0,35.0
3395080.0,52.0
3395137.0,0.0
3395348.0,27.0
3395778.0,57.0
3396154.0,20.0
3396199.0,0.0
3396335.0,3.0
3396417.0,17.0
3397417.0,7.0
3397638.0,5.0
3397851.0,2.0
3398477.0,62.0
3398959.0,28.0
3399020.0,0.0
3399191.0,24.0
3399646.0,52.0
3399726.0,6.0
3399907.0,21.0
3400108.0,3.0
3400141.0,0.0
3400204.0,0.0
3401204.0,24.0
3401427.0,24.0
3401757.0,55.0
3401905.0,1.0
3402352.0,39.0
3402501.0,12.0
3402586.0,11.0
3402791.0,5.0
3402924.0,10.0
3403924.0,95.0
3404022.0,5.0
3404243.0,25.0
3404338.0,14.0
3404591.0,27.0
3404648.0,1.0
3404688.0,0.0
3404860.0,32.0
3404963.0,11.0
3405115.0,8.0
3405277.0,8.0
3405552.0,19.0
3405779.0,22.0
3406075.0,48.0
3406197.0,2.0
3406338.0,16.0
3406600.0,22.0
3406704.0,1.0
3407704.0,113.0
3407798.0,1.0
3408463.0,60.0
3408585.0,15.0
3408890.0,0.0
3409184.0,24.0
3409214.0,0.0
3409276.0,11.0
3409331.0,3.0
3409503.0,11.0
3409727.0,37.0
3409959.0,19.0
3410162.0,16.0
3410550.0,43.0
3410597.0,1.0
3410710.0,12.0
3410731.0,0.0
3410904.0,15.0
3410979.0,1.0
3411329.0,45.0
3411453.0,6.0
3412453.0,26.0
3412992.0,47.0
3413055.0,9.0
3413219.0,10.0
3413317.0,30.0
3414317.0,0.0
3414824.0,79.0
3414901.0,3.0
3415466.0,63.0
3416466.0,7.0
3416681.0,38.0
3416986.0,26.0
3417309.0,15.0
3417334.0,1.0
3417619.0,26.0
3417718.0,14.0
3417807.0,1.0
3418461.0,98.0
3418702.0,31.0
3418844.0,5.0
3418957.0,13.0
3419019.0,13.0
3420019.0,71.0
3421019.0,14.0
3421321.0,43.0
3421418.0,1.0
3421818.0,47.0
3422445.0,48.0
3422735.0,30.0
3422991.0,34.0
3423247.0,5.0
3423587.0,12.0
3423845.0,20.0
3423952.0,9.0
3424102.0,9.0
3424370.0,28.0
3425167.0,83.0
3426167.0,84.0
3426524.0,52.0
3426914.0,45.0
3427183.0,8.0
3427376.0,13.0
3427557.0,14.0
3427683.0,1.0
3427744.0,1.0
3428322.0,52.0
3428693.0,21.0
3429525.0,81.0
3429928.0,26.0
3430928.0,20.0
3431230.0,27.0
3431335.0,9.0
3432335.0,14.0
3433335.0,18.0
3433415.0,2.0
3433885.0,31.0
3434885.0,59.0
3435037.0,11.0
3435320.0,19.0
3436103.0,36.0
3436168.0,6.0
3436330.0,5.0
3436553.0,19.0
3436609.0,1.0
3436657.0,0.0
3436730.0,1.0
3436805.0,1.0
3436971.0,5.0
3437105.0,5.0
3438105.0,74.0
3439105.0,67.0
3439351.0,34.0
3439917.0,37.0
3440070.0,8.0
3440275.0,5.0
3440362.0,13.0
3440585.0,31.0
3441585.0,58.0
3441645.0,0.0
3441821.0,1.0
3442363.0,28.0
3442500.0,23.0
3442626.0,0.0
3442673.0,0.0
3442718.0,0.0
3442839.0,9.0
3443440.0,49.0
3443574.0,0.0
3443691.0,0.0
3443767.0,0.0
3444091.0,48.0
3444160.0,7.0
3444288.0,6.0
3444358.0,3.0
3444514.0,26.0
3445514.0,6.0
3445921.0,33.0
3446781.0,102.0
3446838.0,1.0
3446958.0,0.0
3447958.0,24.0
3448608.0,80.0
3448975.0,21.0
3449975.0,86.0
3450417.0,36.0
3450626.0,13.0
3450709.0,0.0
3450734.0,0.0
3451734.0,12.0
3451905.0,45.0
3452252.0,65.0
3452486.0,5.0
3452629.0,39.0
3452688.0,0.0
3452723.0,1.0
3453723.0,24.0
3453952.0,13.0
3454052.0,1.0
3454610.0,62.0
3454793.0,27.0
3455074.0,33.0
3456074.0,55.0
3456137.0,0.0
3457137.0,61.0
3457247.0,6.0
3457304.0,0.0
3457937.0,52.0
3458937.0,19.0
3459030.0,26.0
3459517.0,37.0
3460042.0,69.0
3460678.0,60.0
3461678.0,61.0
3461771.0,0.0
3461914.0,12.0
3461968.0,0.0
3462183.0,12.0
3463059.0,121.0
3463614.0,51.0
3463723.0,2.0
3464176.0,38.0
3464787.0,41.0
3465511.0,46.0
3466511.0,4.0
3466624.0,5.0
3467046.0,26.0
3467612.0,43.0
3467753.0,7.0
3468078.0,13.0
3468302.0,4.0
3468556.0,26.0
3468773.0,41.0
3468947.0,20.0
3469422.0,47.0
3469475.0,0.0
3470134.0,57.0
3471134.0,54.0
3471710.0,32.0
3472171.0,35.0
3472557.0,8.0
3472985.0,32.0
3473231.0,10.0
3473533.0,7.0
3473964.0,27.0
3474093.0,1.0
3474348.0,41.0
3474523.0,7.0
3474766.0,8.0
3474848.0,9.0
3475353.0,36.0
3476110.0,94.0
3476234.0,2.0
3477234.0,28.0
3477545.0,14.0
3478545.0,66.0
3479127.0,70.0
3479294.0,1.0
3480294.0,52.0
3480483.0,12.0
3481483.0,20.0
3481743.0,53.0
3482743.0,75.0
3483743.0,45.0
3484688.0,47.0
3485688.0,27.0
3486688.0,105.0
3486958.0,11.0
3487065.0,4.0
3488065.0,0.0
3488320.0,15.0
3488947.0,23.0
3488991.0,0.0
3489611.0,37.0
3489658.0,0.0
3489956.0,13.0
3490169.0,17.0
3490462.0,21.0
3490698.0,5.0
3490782.0,6.0
3490802.0,0.0
3490849.0,1.0
3491517.0,52.0
3492517.0,8.0
3492551.0,0.0
3492645.0,0.0
3493237.0,35.0
3493552.0,27.0
3494552.0,18.0
3494958.0,34.0
3495033.0,1.0
3495083.0,1.0
3495550.0,19.0
3496247.0,60.0
3496500.0,21.0
3496606.0,1.0
3497300.0,54.0
3498300.0,90.0
3498336.0,0.0
3498574.0,19.0
3498876.0,18.0
3498895.0,0.0
3498964.0,8.0
3499615.0,22.0
3499650.0,0.0
3500047.0,46.0
3500178.0,26.0
3500326.0,6.0
3500933.0,68.0
3501039.0,0.0
3501913.0,60.0
3502498.0,44.0
3502597.0,4.0
3503096.0,22.0
3503172.0,3.0
3504172.0,0.0
3504360.0,31.0
3504739.0,40.0
3505291.0,49.0
3505587.0,14.0
3506071.0,55.0
3506203.0,7.0
3506393.0,12.0
3506445.0,0.0
3507445.0,25.0
3508229.0,40.0
3508453.0,16.0
3508519.0,5.0
3508729.0,21.0
3508801.0,7.0
3509779.0,84.0
3509872.0,34.0
3510175.0,26.0
3511175.0,15.0
3511417.0,46.0
3511968.0,34.0
3512171.0,16.0
3513171.0,86.0
3513918.0,77.0
3514918.0,42.0
3515448.0,52.0
3515506.0,13.0
3515935.0,22.0
3516272.0,35.0
3516608.0,53.0
3517608.0,8.0
3517924.0,17.0
3518124.0,29.0
3518356.0,3.0
3518370.0,0.0
3518770.0,30.0
3519770.0,61.0
3519928.0,3.0
3520372.0,12.0
3521111.0,19.0
3521871.0,71.0
3522251.0,35.0
3523251.0,57.0
3523767.0,24.0
3523826.0,0.0
3524449.0,29.0
3525449.0,12.0
3525653.0,16.0
3525856.0,14.0
3526856.0,16.0
3527611.0,45.0
3527926.0,5.0
3527971.0,2.0
3528641.0,45.0
3529228.0,52.0
3529355.0,6.0
3529409.0,0.0
3530409.0,2.0
3530592.0,17.0
3531592.0,42.0
3532123.0,33.0
3532321.0,9.0
3532714.0,61.0
3533388.0,78.0
3534388.0,53.0
3534710.0,5.0
3535317.0,32.0
3535442.0,5.0
3536442.0,37.0
3537079.0,38.0
3537627.0,15.0
3538229.0,66.0
3538305.0,5.0
3539305.0,15.0
3539352.0,16.0
3539682.0,49.0
3540100.0,45.0
3540146.0,0.0
3540655.0,24.0
3541023.0,35.0
3541172.0,9.0
3541358.0,20.0
3541584.0,25.0
3542584.0,77.0
3543584.0,62.0
3544070.0,18.0
3545070.0,74.0
3545653.0,46.0
3545768.0,7.0
3545821.0,1.0
3545937.0,2.0
3546187.0,13.0
3547026.0,37.0
3548026.0,1.0
3548139.0,10.0
3549139.0,60.0
3549197.0,1.0
3549956.0,98.0
3550327.0,40.0
3551327.0,68.0
3551682.0,31.0
3551949.0,15.0
3552558.0,31.0
3552911.0,23.0
3553143.0,29.0
3553607.0,21.0
3553873.0,42.0
3554167.0,53.0
3554191.0,0.0
3554666.0,18.0
3554772.0,2.0
3554871.0,22.0
3555453.0,33.0
3556247.0,53.0
3556624.0,32.0
3557624.0,121.0
3558348.0,86.0
3558757.0,29.0
3559198.0,49.0
3559408.0,19.0
3559939.0,96.0
3560052.0,0.0
3560206.0,17.0
3560242.0,6.0
3561242.0,5.0
3561282.0,3.0
3562282.0,43.0
3562313.0,0.0
3563313.0,45.0
3564076.0,63.0
3564143.0,1.0
3564809.0,30.0
3564864.0,1.0
3565063.0,22.0
3565930.0,142.0
3565957.0,0.0
3566192.0,20.0
3566355.0,10.0
3567045.0,57.0
3567304.0,70.0
3567436.0,0.0
3567498.0,0.0
3567920.0,30.0
3567955.0,0.0
3568465.0,45.0
3568588.0,13.0
3568759.0,7.0
3568853.0,14.0
3569288.0,36.0
3569354.0,19.0
3569525.0,13.0
3569627.0,0.0
3569983.0,38.0
3570041.0,3.0
3570394.0,24.0
3570436.0,0.0
3570808.0,20.0
3570846.0,0.0
3571076.0,5.0
3572076.0,11.0
3572326.0,16.0
3573326.0,105.0
3573587.0,14.0
3573621.0,0.0
3574621.0,17.0
3575375.0,63.0
3575825.0,51.0
3576825.0,60.0
3576982.0,1.0
3577252.0,18.0
3577288.0,0.0
3577586.0,23.0
3578073.0,42.0
3578410.0,14.0
3578729.0,21.0
3578847.0,10.0
3579462.0,26.0
3579862.0,37.0
3580862.0,12.0
3581862.0,0.0
3582862.0,69.0
3583015.0,19.0
3583244.0,0.0
3583367.0,1.0
3583518.0,3.0
3583673.0,9.0
3583940.0,4.0
3584254.0,17.0
3584402.0,9.0
3584441.0,0.0
3584466.0,0.0
3585036.0,38.0
3585120.0,0.0
3585315.0,12.0
3585703.0,16.0
3585846.0,16.0
3585920.0,0.0
3586122.0,1.0
3586240.0,5.0
3586635.0,22.0
3586650.0,0.0
3586939.0,27.0
3586997.0,0.0
3587432.0,20.0
3587501.0,0.0
3588169.0,40.0
3588754.0,48.0
3589031.0,17.0
3590031.0,3.0
3590474.0,56.0
3590835.0,23.0
3590883.0,0.0
3591420.0,24.0
3592050.0,40.0
3592879.0,56.0
3592965.0,2.0
3593039.0,2.0
3593646.0,32.0
3594364.0,27.0
3594434.0,1.0
3594497.0,5.0
3595497.0,0.0
3595566.0,0.0
3596168.0,34.0
3596408.0,4.0
3596895.0,26.0
3596944.0,0.0
3597012.0,1.0
3597087.0,0.0
3597334.0,7.0
3597464.0,20.0
3597477.0,0.0
3597511.0,1.0
3597708.0,9.0
3597822.0,2.0
3597886.0,8.0
3597915.0,0.0
3598310.0,14.0
3598426.0,0.0
3598612.0,29.0
3599581.0,39.0
3599640.0,0.0
3599761.0,8.0
3600761.0,38.0
3601406.0,40.0
3601736.0,11.0
3602034.0,21.0
3603034.0,29.0
3603105.0,0.0
3604074.0,75.0
3604106.0,0.0
3605106.0,21.0
3605144.0,3.0
3605320.0,5.0
3605646.0,0.0
3606491.0,24.0
3606517.0,2.0
3606575.0,0.0
3606828.0,12.0
3607139.0,34.0
3607225.0,0.0
3607279.0,0.0
3607855.0,16.0
3608139.0,25.0
3608226.0,0.0
3608394.0,16.0
3609394.0,0.0
3609640.0,16.0
3609705.0,0.0
3610021.0,16.0
3610410.0,21.0
3610541.0,7.0
3611190.0,75.0
3611482.0,0.0
3611801.0,42.0
3612499.0,52.0
3612539.0,0.0
3612920.0,15.0
3612955.0,0.0
3613087.0,6.0
3613428.0,17.0
3613518.0,5.0
3613917.0,7.0
3613968.0,5.0
3614968.0,4.0
3615299.0,7.0
3615705.0,21.0
3615862.0,6.0
3616034.0,9.0
3616503.0,52.0
3617503.0,0.0
3618503.0,15.0
3618974.0,3.0
3619223.0,0.0
3619541.0,17.0
3619841.0,18.0
3619977.0,12.0
3620100.0,11.0
3620423.0,3.0
3620856.0,32.0
3621103.0,10.0
3621222.0,1.0
3621334.0,5.0
3621720.0,29.0
3621734.0,4.0
3621953.0,4.0
3622953.0,15.0
3623953.0,16.0
3623993.0,0.0
3624993.0,14.0
3625993.0,62.0
3626362.0,4.0
3626453.0,0.0
3626583.0,4.0
3627026.0,37.0
3627328.0,1.0
3627945.0,44.0
3628945.0,20.0
3629073.0,3.0
3629653.0,11.0
3630653.0,59.0
3631534.0,34.0
3631915.0,24.0
3632915.0,70.0
3633752.0,90.0
3634239.0,26.0
3635239.0,9.0
3636169.0,52.0
3637169.0,0.0
3637573.0,8.0
3638047.0,49.0
3638450.0,19.0
3638693.0,6.0
3638981.0,5.0
3639118.0,4.0
3640118.0,110.0
3640210.0,0.0
3640361.0,26.0
3640453.0,0.0
3641453.0,27.0
3641585.0,2.0
3641797.0,0.0
3642797.0,1.0
3643159.0,24.0
3643708.0,28.0
3643899.0,0.0
3644021.0,7.0
3645021.0,29.0
3645755.0,49.0
3646348.0,32.0
3647348.0,4.0
3647464.0,5.0
3647670.0,20.0
3648670.0,4.0
3649670.0,9.0
3650655.0,15.0
3651310.0,20.0
3652310.0,40.0
3652659.0,12.0
3652794.0,11.0
3652922.0,3.0
3653135.0,5.0
3653393.0,13.0
3653922.0,28.0
3654069.0,11.0
3654600.0,24.0
3655275.0,34.0
3655332.0,0.0
3655661.0,9.0
3655943.0,5.0
3656230.0,21.0
3656300.0,6.0
3656378.0,0.0
3656406.0,0.0
3656882.0,39.0
3657882.0,65.0
3657940.0,0.0
3658940.0,37.0
3659415.0,12.0
3660218.0,48.0
3660938.0,7.0
3661938.0,41.0
3662457.0,7.0
3663457.0,0.0
3664457.0,48.0
3664697.0,0.0
3665038.0,6.0
3665108.0,0.0
3665649.0,19.0
3666107.0,23.0
3666271.0,7.0
3667271.0,95.0
3667383.0,19.0
3667537.0,0.0
3668327.0,48.0
3668601.0,5.0
3668748.0,21.0
3669428.0,4.0
3669689.0,7.0
3669902.0,11.0
3670344.0,17.0
3670375.0,0.0
3670645.0,6.0
3670853.0,3.0
3671853.0,49.0
3672241.0,29.0
3673205.0,33.0
3673386.0,0.0
3673652.0,9.0
3673695.0,0.0
3674695.0,48.0
3674774.0,0.0
3675462.0,19.0
3675534.0,0.0
3675724.0,0.0
3676724.0,1.0
3676782.0,0.0
3677110.0,0.0
3677592.0,4.0
3678123.0,63.0
3679123.0,36.0
3679192.0,9.0
3679823.0,50.0
3680823.0,26.0
3681320.0,15.0
3681928.0,3.0
3682196.0,0.0
3682891.0,14.0
3683891.0,52.0
3684891.0,4.0
3685029.0,0.0
3685159.0,12.0
3685442.0,8.0
3685917.0,3.0
3686144.0,3.0
3687144.0,36.0
3687301.0,0.0
3688301.0,25.0
3689301.0,20.0
3689836.0,26.0
3690478.0,20.0
3690678.0,7.0
3691678.0,3.0
3692678.0,26.0
3693594.0,45.0
3694594.0,31.0
3695594.0,34.0
3696594.0,3.0
3696792.0,1.0
3697792.0,52.0
3698149.0,29.0
3698412.0,10.0
3698530.0,2.0
3698830.0,8.0
3699539.0,31.0
3700539.0,26.0
3700881.0,27.0
3701012.0,1.0
3701184.0,8.0
3702184.0,0.0
3703184.0,8.0
3703307.0,0.0
3703643.0,17.0
3704643.0,1.0
3705643.0,26.0
3705944.0,2.0
3706944.0,1.0
3707085.0,0.0
3707485.0,2.0
3708485.0,38.0
3709485.0,14.0
3709620.0,8.0
3710176.0,2.0
3710283.0,6.0
3710743.0,3.0
3710872.0,0.0
3711872.0,3.0
3712872.0,4.0
3713872.0,8.0
3714209.0,17.0
3715209.0,73.0
3715287.0,0.0
3716287.0,77.0
3716731.0,5.0
3717027.0,1.0
3717428.0,8.0
3717517.0,7.0
3718517.0,0.0
3718767.0,26.0
3718848.0,0.0
3719210.0,7.0
3720055.0,41.0
3720187.0,2.0
3720710.0,0.0
3720862.0,0.0
3721862.0,14.0
3722340.0,9.0
3722377.0,0.0
3723377.0,115.0
3723963.0,7.0
3724383.0,26.0
3725255.0,29.0
3726255.0,30.0
3726280.0,0.0
3727280.0,42.0
3727860.0,26.0
3728676.0,29.0
3728917.0,11.0
3729917.0,36.0
3730221.0,12.0
3730816.0,30.0
3731117.0,12.0
3731635.0,26.0
3732043.0,9.0
3733043.0,0.0
3733069.0,0.0
3733655.0,13.0
3734480.0,43.0
3735061.0,12.0
3735317.0,1.0
3735442.0,0.0
3736122.0,48.0
3736810.0,17.0
3737667.0,59.0
3738667.0,44.0
3739667.0,30.0
3740241.0,25.0
3741241.0,37.0
3741571.0,5.0
3742571.0,11.0
3743571.0,21.0
3744571.0,3.0
3744922.0,1.0
3745507.0,37.0
3745588.0,0.0
3746588.0,43.0
3747118.0,36.0
3747445.0,15.0
3747965.0,45.0
3748100.0,6.0
3748274.0,10.0
3748473.0,2.0
3748719.0,8.0
3749275.0,33.0
3749482.0,3.0
3750227.0,12.0
3750287.0,0.0
3750734.0,44.0
3750820.0,4.0
3751311.0,7.0
3752055.0,50.0
3752612.0,10.0
3753108.0,41.0
3754108.0,0.0
3754401.0,30.0
3755401.0,0.0
3755945.0,48.0
3756232.0,19.0
3757232.0,0.0
3757392.0,12.0
3758392.0,26.0
3758482.0,0.0
3758516.0,0.0
3758737.0,12.0
3758847.0,11.0
3759059.0,9.0
3759657.0,29.0
3759717.0,0.0
3760093.0,17.0
3760174.0,0.0
3760698.0,30.0
3760930.0,3.0
3761018.0,1.0
3761400.0,30.0
3761986.0,84.0
3762156.0,22.0
3762458.0,1.0
3763125.0,40.0
3763148.0,0.0
3763435.0,6.0
3763664.0,15.0
3763906.0,8.0
3764103.0,15.0
3764293.0,1.0
3764405.0,2.0
3764548.0,5.0
3764639.0,0.0
3765545.0,59.0
3766115.0,59.0
3767115.0,37.0
3767303.0,22.0
3767437.0,0.0
3767482.0,0.0
3767687.0,0.0
3767769.0,7.0
3768316.0,32.0
3768491.0,42.0
3768643.0,1.0
3769643.0,10.0
3770259.0,29.0
3770428.0,12.0
3770511.0,0.0
3770593.0,3.0
3771130.0,16.0
3771297.0,0.0
3771343.0,0.0
3771558.0,22.0
3772072.0,42.0
3772918.0,27.0
3773108.0,3.0
3773744.0,20.0
3773882.0,10.0
3774027.0,6.0
3774124.0,1.0
3774235.0,3.0
3774298.0,6.0
3774494.0,2.0
3775494.0,28.0
3775570.0,10.0
3775646.0,0.0
3775812.0,3.0
3776812.0,1.0
3777040.0,6.0
3777292.0,8.0
3777397.0,0.0
3777907.0,10.0
3778064.0,0.0
3778619.0,16.0
3778889.0,16.0
3779070.0,6.0
3779144.0,0.0
3779348.0,0.0
3780348.0,30.0
3780628.0,6.0
3780864.0,0.0
3780952.0,0.0
3781226.0,3.0
3782226.0,0.0
3782646.0,12.0
3782924.0,4.0
3783188.0,11.0
3783885.0,56.0
3783939.0,0.0
3784043.0,11.0
3784145.0,0.0
3784285.0,5.0
3785285.0,29.0
3785361.0,7.0
3786097.0,24.0
3786187.0,0.0
3786386.0,8.0
3786594.0,0.0
3786963.0,30.0
3787025.0,1.0
3787177.0,14.0
3787404.0,8.0
3787451.0,0.0
3787822.0,16.0
3788211.0,25.0
3788547.0,7.0
3789547.0,0.0
3789933.0,36.0
3790102.0,9.0
3790851.0,29.0
3791220.0,45.0
3791458.0,2.0
3791539.0,0.0
3792539.0,17.0
3792633.0,0.0
3792650.0,0.0
3793650.0,3.0
3793889.0,0.0
3793936.0,0.0
3794049.0,0.0
3794329.0,19.0
3795224.0,52.0
3795565.0,42.0
3795828.0,8.0
3796793.0,95.0
3796945.0,4.0
3797527.0,58.0
3798527.0,5.0
3798652.0,11.0
3798722.0,0.0
3799048.0,15.0
3799485.0,14.0
3800485.0,33.0
3800713.0,36.0
3801016.0,35.0
3801050.0,0.0
3801212.0,24.0
3801278.0,17.0
3801315.0,2.0
3801379.0,4.0
3801488.0,6.0
3801770.0,34.0
3802770.0,88.0
3802943.0,16.0
3803943.0,25.0
3804502.0,76.0
3804614.0,0.0
3804693.0,9.0
3804844.0,8.0
3804968.0,11.0
3805167.0,9.0
3805465.0,16.0
3805696.0,12.0
3805769.0,0.0
3805851.0,0.0
3806057.0,7.0
3806425.0,6.0
3806547.0,4.0
3807339.0,120.0
3807745.0,19.0
3808643.0,55.0
3808686.0,0.0
3808814.0,18.0
3809432.0,59.0
3810141.0,101.0
3810202.0,0.0
3810564.0,25.0
3810943.0,33.0
3811015.0,0.0
3811190.0,1.0
3811396.0,26.0
3811484.0,14.0
3811646.0,1.0
3811887.0,43.0
3811956.0,4.0
3812015.0,8.0
3812178.0,11.0
3812380.0,22.0
3813380.0,19.0
3814380.0,57.0
3815380.0,19.0
3815518.0,0.0
3815765.0,35.0
3815868.0,10.0
3815996.0,27.0
3816338.0,16.0
3816393.0,0.0
3816428.0,6.0
3816771.0,14.0
3817029.0,26.0
3818029.0,0.0
3818044.0,0.0
3819044.0,20.0
3819200.0,1.0
3819482.0,13.0
3819641.0,24.0
3820146.0,43.0
3821146.0,0.0
3821645.0,13.0
3822645.0,14.0
3823266.0,28.0
3823670.0,9.0
3824670.0,119.0
3825423.0,24.0
3826423.0,39.0
3826618.0,7.0
3826666.0,0.0
3826713.0,0.0
3827713.0,17.0
3828713.0,0.0
3828949.0,20.0
3828985.0,0.0
3829165.0,34.0
3830165.0,5.0
3830632.0,37.0
3830868.0,34.0
3831462.0,45.0
3831698.0,24.0
3832118.0,43.0
3832253.0,0.0
3832427.0,10.0
3832520.0,0.0
3832646.0,25.0
3833414.0,129.0
3833776.0,68.0
3833833.0,0.0
3833999.0,49.0
3834208.0,8.0
3835058.0,114.0
3835186.0,20.0
3835260.0,6.0
3835573.0,58.0
3835651.0,7.0
3836651.0,100.0
3837651.0,130.0
3838651.0,0.0
3839095.0,66.0
3840095.0,23.0
3840566.0,52.0
3841294.0,62.0
3841461.0,7.0
3842461.0,126.0
3843461.0,2.0
3843552.0,4.0
3844552.0,20.0
3844777.0,52.0
3845458.0,52.0
3846458.0,1.0
3846690.0,41.0
3847054.0,21.0
3847882.0,107.0
3848882.0,106.0
3848913.0,0.0
3849913.0,2.0
3849944.0,0.0
3850944.0,106.0
3851944.0,145.0
3852391.0,74.0
3853061.0,91.0
3854061.0,133.0
3855061.0,158.0
3856061.0,63.0
3856174.0,8.0
3856814.0,59.0
3857400.0,107.0
3857498.0,0.0
3857643.0,5.0
3857698.0,0.0
3857879.0,33.0
3858169.0,7.0
3858360.0,20.0
3858513.0,20.0
3858848.0,92.0
3858938.0,14.0
3859351.0,76.0
3859377.0,0.0
3859471.0,1.0
3859700.0,58.0
3859800.0,11.0
3860424.0,98.0
3860866.0,107.0
3861515.0,61.0
3862395.0,111.0
3862525.0,7.0
3863387.0,42.0
3863423.0,0.0
3863521.0,4.0
3863753.0,72.0
3863950.0,10.0
3864095.0,46.0
3865095.0,18.0
3865597.0,55.0
3866129.0,105.0
3867129.0,236.0
3867565.0,51.0
3867858.0,67.0
3867989.0,22.0
3868741.0,164.0
3868825.0,26.0
3869450.0,88.0
3869660.0,28.0
3870154.0,85.0
3870227.0,0.0
3871129.0,119.0
3871296.0,4.0
3872159.0,99.0
3872868.0,64.0
3873868.0,14.0
3873921.0,0.0
3874396.0,124.0
3874828.0,60.0
3875418.0,70.0
3875460.0,0.0
3875678.0,30.0
3875994.0,11.0
3876369.0,25.0
3876580.0,31.0
3876763.0,3.0
3877322.0,75.0
3877453.0,11.0
3877860.0,95.0
3878286.0,43.0
3879286.0,131.0
3880286.0,169.0
3881286.0,198.0
3881449.0,15.0
3881815.0,61.0
3881965.0,16.0
3882596.0,66.0
3882726.0,18.0
3883304.0,89.0
3883481.0,33.0
3883518.0,0.0
3884430.0,77.0
3884507.0,7.0
3885304.0,114.0
3885451.0,14.0
3885515.0,8.0
3885777.0,33.0
3886777.0,53.0
3887556.0,139.0
3887758.0,13.0
3888164.0,66.0
3888920.0,83.0
3889136.0,49.0
3889517.0,83.0
3889669.0,42.0
3890669.0,35.0
3890749.0,1.0
3891749.0,0.0
3892749.0,78.0
3893317.0,86.0
3894317.0,122.0
3894374.0,0.0
3894678.0,30.0
3894873.0,4.0
3895873.0,0.0
3896474.0,58.0
3897474.0,174.0
3898016.0,35.0
3898097.0,0.0
3898546.0,87.0
3899182.0,92.0
3899358.0,3.0
3899438.0,9.0
3900229.0,71.0
3901016.0,98.0
3902016.0,104.0
3902106.0,9.0
3902212.0,10.0
3902368.0,2.0
3902449.0,1.0
3902793.0,35.0
3903172.0,3.0
3903278.0,4.0
3903353.0,6.0
3904353.0,26.0
3905353.0,15.0
3906036.0,7.0
3906144.0,8.0
3906255.0,3.0
3906303.0,0.0
3907303.0,127.0
3907356.0,2.0
3908219.0,136.0
3908343.0,3.0
3908817.0,28.0
3908861.0,0.0
3909861.0,98.0
3909924.0,0.0
3910151.0,16.0
3910323.0,8.0
3910422.0,14.0
3910822.0,50.0
3910872.0,5.0
3911872.0,132.0
3911964.0,0.0
3912221.0,33.0
3912348.0,6.0
3913348.0,137.0
3913417.0,2.0
3914417.0,0.0
3915417.0,4.0
3915499.0,7.0
3916152.0,56.0
3916653.0,71.0
3917653.0,0.0
3917832.0,28.0
3918581.0,129.0
3919581.0,14.0
3920406.0,102.0
3921174.0,84.0
3921705.0,86.0
3922705.0,13.0
3923678.0,66.0
3923877.0,9.0
3923984.0,4.0
3924267.0,35.0
3924825.0,49.0
3925524.0,55.0
3926524.0,140.0
3927004.0,43.0
3927380.0,48.0
3927590.0,49.0
3927973.0,49.0
3928476.0,83.0
3929476.0,139.0
3929565.0,14.0
3930565.0,136.0
3930861.0,43.0
3931861.0,8.0
3932085.0,6.0
3933085.0,26.0
3933797.0,86.0
3933942.0,12.0
3934942.0,120.0
3935226.0,37.0
3935494.0,67.0
3935710.0,31.0
3935733.0,0.0
3935813.0,2.0
3936255.0,76.0
3936388.0,42.0
3936897.0,58.0
3937897.0,0.0
3938307.0,43.0
3938613.0,7.0
3938629.0,0.0
3938783.0,16.0
3938819.0,7.0
3939038.0,20.0
3939059.0,0.0
3939287.0,5.0
3940287.0,56.0
3940591.0,26.0
3941591.0,10.0
3941943.0,35.0
3942104.0,12.0
3942571.0,9.0
3943571.0,119.0
3944268.0,56.0
3944549.0,22.0
3945549.0,74.0
3945620.0,0.0
3945709.0,19.0
3946214.0,45.0
3946257.0,0.0
3946419.0,3.0
3947419.0,13.0
3948419.0,87.0
3948454.0,1.0
3948587.0,10.0
3949161.0,45.0
3950161.0,87.0
3950412.0,3.0
3950828.0,31.0
3951273.0,36.0
3951458.0,18.0
3951580.0,2.0
3951951.0,45.0
3952064.0,0.0
3952119.0,1.0
3952601.0,32.0
3953601.0,0.0
3954601.0,60.0
3954878.0,3.0
3955137.0,33.0
3955713.0,56.0
3956412.0,40.0
3956643.0,20.0
3957474.0,51.0
3957998.0,37.0
3958998.0,83.0
3959070.0,1.0
3960070.0,0.0
3960189.0,8.0
3960363.0,3.0
3960926.0,15.0
3961100.0,11.0
3962100.0,44.0
3963100.0,35.0
3963299.0,24.0
3964195.0,22.0
3965195.0,0.0
3965838.0,49.0
3966838.0,35.0
3967812.0,43.0
3967884.0,1.0
3968884.0,61.0
3969043.0,1.0
3969217.0,31.0
3969542.0,16.0
3970542.0,63.0
3970562.0,0.0
3970972.0,11.0
3971282.0,6.0
3972282.0,15.0
3973119.0,36.0
3973254.0,6.0
3974254.0,31.0
3974599.0,20.0
3974806.0,12.0
3975108.0,16.0
3975406.0,16.0
3976406.0,69.0
3976729.0,46.0
3977205.0,37.0
3978205.0,51.0
3978671.0,32.0
3979671.0,78.0
3979895.0,24.0
3980895.0,44.0
3980961.0,0.0
3981436.0,37.0
3981728.0,10.0
3982728.0,11.0
3983728.0,2.0
3984014.0,7.0
3984111.0,2.0
3985111.0,18.0
3985675.0,25.0
3986289.0,45.0
3986452.0,5.0
3987452.0,0.0
3988452.0,43.0
3988542.0,0.0
3989542.0,8.0
3990542.0,21.0
3990611.0,0.0
3991071.0,21.0
3991866.0,51.0
3992866.0,22.0
3993219.0,11.0
3994219.0,10.0
3995219.0,38.0
3996219.0,0.0
3996346.0,1.0
3996432.0,1.0
3997432.0,17.0
3997901.0,25.0
3998100.0,7.0
3998328.0,9.0
3998581.0,19.0
3998624.0,0.0
3998813.0,3.0
3999813.0,78.0
4000050.0,4.0
4000610.0,23.0
4001610.0,0.0
4001868.0,7.0
4002868.0,0.0
4002977.0,0.0
4003695.0,41.0
4003915.0,21.0
4004915.0,23.0
4004991.0,8.0
4005236.0,20.0
4005454.0,2.0
4006454.0,10.0
4007454.0,28.0
4007639.0,7.0
4007703.0,3.0
4008703.0,6.0
4009703.0,13.0
4009905.0,3.0
4009934.0,0.0
4010934.0,0.0
4011038.0,0.0
4011280.0,0.0
4012280.0,3.0
4012475.0,6.0
4013475.0,9.0
4013810.0,9.0
4014810.0,0.0
4014894.0,1.0
4015450.0,8.0
4015503.0,0.0
4015725.0,0.0
4016725.0,1.0
4017725.0,1.0
4018159.0,4.0
4018467.0,1.0
4018577.0,1.0
4019577.0,0.0
4020577.0,0.0
4021577.0,0.0
4022577.0,5.0
4023530.0,39.0
4024530.0,7.0
4024549.0,0.0
4025549.0,23.0
4026549.0,0.0
4027061.0,19.0
4027162.0,0.0
4027297.0,0.0
4027455.0,3.0
4028455.0,1.0
4029455.0,0.0
4030455.0,1.0
4030690.0,7.0
4031690.0,8.0
4032690.0,0.0
4033382.0,10.0
4034382.0,18.0
4035382.0,0.0
4036382.0,0.0
4037382.0,19.0
4038382.0,0.0
4038877.0,9.0
4038924.0,0.0
4039924.0,0.0
4040401.0,9.0
4041049.0,29.0
4042049.0,0.0
4043049.0,6.0
4044049.0,0.0
4044073.0,0.0
4044147.0,2.0
4045147.0,0.0
4045163.0,0.0
4046163.0,4.0
4046416.0,25.0
4046649.0,3.0
4047649.0,14.0
4048080.0,22.0
4049080.0,4.0
4049362.0,12.0
4049559.0,9.0
4050279.0,42.0
4050548.0,1.0
4051548.0,2.0
4052548.0,5.0
4053154.0,9.0
4053524.0,9.0
4053707.0,15.0
4054707.0,0.0
4055241.0,27.0
4056241.0,22.0
4056872.0,6.0
4056909.0,1.0
4057380.0,4.0
4058380.0,6.0
4058801.0,0.0
4059801.0,0.0
4060801.0,5.0
4061801.0,7.0
4062154.0,13.0
4063154.0,4.0
4064116.0,34.0
4065116.0,20.0
4065578.0,12.0
4065964.0,14.0
4066964.0,0.0
4067964.0,14.0
4068662.0,10.0
4068803.0,2.0
4069803.0,0.0
4070803.0,0.0
4071803.0,48.0
4072803.0,22.0
4073803.0,1.0
4074803.0,20.0
4075803.0,48.0
4076137.0,4.0
4077137.0,0.0
4078137.0,42.0
4078778.0,8.0
4079298.0,16.0
4080298.0,0.0
4080348.0,4.0
4080709.0,5.0
4081090.0,4.0
4082090.0,0.0
4083090.0,13.0
4084090.0,19.0
4084442.0,10.0
4084488.0,0.0
4085488.0,5.0
4086488.0,11.0
4087488.0,0.0
4088488.0,30.0
4089488.0,0.0
4090034.0,16.0
4091034.0,7.0
4091880.0,39.0
4092880.0,22.0
4092927.0,0.0
4093927.0,2.0
4094157.0,5.0
4094422.0,4.0
4094743.0,9.0
4095743.0,22.0
4096743.0,25.0
4097743.0,6.0
4097789.0,4.0
4098789.0,31.0
4099123.0,14.0
4099542.0,29.0
4099863.0,16.0
4100754.0,69.0
4101754.0,46.0
4102754.0,5.0
4103754.0,14.0
4104754.0,0.0
4104851.0,1.0
4105851.0,0.0
4106851.0,51.0
4107166.0,16.0
4107566.0,12.0
4107838.0,7.0
4108838.0,22.0
4109838.0,12.0
4110838.0,2.0
4111838.0,70.0
4112088.0,1.0
4112383.0,6.0
4113383.0,14.0
4114383.0,0.0
4115383.0,22.0
4116383.0,2.0
4117383.0,50.0
4118291.0,48.0
4118392.0,5.0
4119392.0,28.0
4120392.0,0.0
4121392.0,21.0
4122319.0,23.0
4122733.0,31.0
4123733.0,4.0
4124733.0,4.0
4125072.0,8.0
4125787.0,18.0
4126117.0,5.0
4126629.0,5.0
4127629.0,17.0
4127718.0,0.0
4128230.0,32.0
4128255.0,0.0
4129255.0,0.0
4129271.0,0.0
4130271.0,57.0
4130346.0,2.0
4131346.0,26.0
4132346.0,0.0
4133346.0,21.0
4133765.0,11.0
4133945.0,10.0
4134945.0,41.0
4135945.0,1.0
4136810.0,64.0
4137121.0,19.0
4138121.0,0.0
4138396.0,34.0
4139396.0,6.0
4139454.0,8.0
4139686.0,17.0
4140686.0,77.0
4140757.0,2.0
4141757.0,36.0
4142757.0,32.0
4143757.0,24.0
4144705.0,6.0
4144813.0,9.0
4145813.0,15.0
4145974.0,0.0
4146248.0,3.0
4147248.0,0.0
4148248.0,64.0
4149248.0,0.0
4150248.0,19.0
4150291.0,0.0
4151291.0,57.0
4151629.0,4.0
4152629.0,25.0
4152889.0,12.0
4153889.0,32.0
4154444.0,15.0
4155444.0,8.0
4155610.0,2.0
4156610.0,2.0
4156750.0,1.0
4157750.0,1.0
4158750.0,32.0
4159065.0,9.0
4159545.0,21.0
4159653.0,0.0
4160653.0,8.0
4160690.0,2.0
4161690.0,4.0
4162690.0,8.0
4163690.0,0.0
4164064.0,1.0
4164529.0,7.0
4165529.0,5.0
4166529.0,1.0
4167529.0,25.0
4167545.0,0.0
4168545.0,40.0
4169545.0,5.0
4170545.0,4.0
4170721.0,2.0
4171721.0,9.0
4172721.0,50.0
4173721.0,32.0
4173925.0,9.0
4173951.0,0.0
4174650.0,44.0
4174929.0,9.0
4174953.0,0.0
4175953.0,10.0
4176953.0,8.0
4176969.0,0.0
4177969.0,31.0
4178692.0,29.0
4179692.0,17.0
4180185.0,13.0
4180637.0,15.0
4181414.0,21.0
4182414.0,45.0
4183198.0,45.0
4183348.0,8.0
4184348.0,28.0
4185348.0,31.0
4186348.0,38.0
4186931.0,18.0
4187931.0,3.0
4188931.0,20.0
4189931.0,18.0
4190311.0,1.0
4191311.0,12.0
4192311.0,63.0
4192550.0,0.0
4193550.0,0.0
4193812.0,11.0
4194812.0,56.0
4195812.0,18.0
4196812.0,3.0
4197812.0,35.0
4198812.0,9.0
4199812.0,11.0
4200469.0,14.0
4200604.0,6.0
4201604.0,31.0
4202604.0,14.0
4203110.0,14.0
4203563.0,16.0
4204563.0,53.0
4204681.0,4.0
4205681.0,8.0
4206681.0,28.0
4207681.0,12.0
4208553.0,11.0
4209553.0,3.0
4210553.0,1.0
4211553.0,12.0
4212484.0,40.0
4213484.0,1.0
4214416.0,64.0
4214642.0,4.0
4215642.0,36.0
4216642.0,23.0
4216727.0,1.0
4216762.0,0.0
4217762.0,0.0
4218557.0,26.0
4219557.0,43.0
4220557.0,6.0
4221557.0,3.0
4221917.0,17.0
4222011.0,1.0
4223011.0,62.0
4224011.0,1.0
4224403.0,13.0
4224885.0,31.0
4224940.0,0.0
4225630.0,4.0
4226630.0,21.0
4227630.0,2.0
4228630.0,27.0
4229630.0,42.0
4229698.0,0.0
4230698.0,9.0
4231684.0,23.0
4232448.0,25.0
4233448.0,19.0
4234448.0,54.0
4235448.0,5.0
4235738.0,25.0
4236738.0,42.0
4236997.0,14.0
4237997.0,0.0
4238997.0,0.0
4239664.0,21.0
4240664.0,0.0
4241230.0,21.0
4241550.0,3.0
4241738.0,5.0
4241959.0,13.0
4241984.0,0.0
4242637.0,45.0
4243111.0,27.0
4244111.0,54.0
4245111.0,27.0
4245535.0,20.0
4245641.0,3.0
4246641.0,42.0
4247641.0,41.0
4248641.0,35.0
4249641.0,18.0
4250059.0,7.0
4250274.0,2.0
4251274.0,43.0
4252138.0,99.0
4253138.0,25.0
4253319.0,19.0
4253841.0,14.0
4254581.0,31.0
4255581.0,57.0
4256570.0,59.0
4256641.0,12.0
4257641.0,23.0
4258641.0,53.0
4259641.0,43.0
4259774.0,16.0
4260513.0,44.0
4261045.0,10.0
4262045.0,0.0
4263045.0,94.0
4264045.0,36.0
4265045.0,64.0
4266045.0,3.0
4266250.0,2.0
4266652.0,4.0
4267113.0,52.0
4267601.0,18.0
4268601.0,21.0
4269383.0,25.0
4270383.0,13.0
4271122.0,37.0
4272122.0,79.0
4273122.0,0.0
4274122.0,53.0
4275122.0,49.0
4276122.0,29.0
4277122.0,0.0
4278122.0,38.0
4278158.0,0.0
4279158.0,55.0
4279224.0,1.0
4280224.0,29.0
4281224.0,88.0
4282224.0,46.0
4282317.0,1.0
4282455.0,5.0
4283455.0,43.0
4284455.0,56.0
4284661.0,14.0
4285430.0,59.0
4286430.0,0.0
4287059.0,62.0
4287645.0,41.0
4288645.0,49.0
4289645.0,40.0
4290645.0,6.0
4291645.0,78.0
4292559.0,70.0
4293559.0,26.0
4294251.0,29.0
4294821.0,43.0
4295539.0,48.0
4295573.0,0.0
4296573.0,2.0
4297573.0,38.0
4298446.0,38.0
4299446.0,79.0
4300446.0,19.0
4301446.0,23.0
4302446.0,13.0
4302537.0,0.0
4303537.0,40.0
4304537.0,66.0
4305537.0,93.0
4306537.0,105.0
4307537.0,64.0
4308537.0,32.0
4309537.0,9.0
4309867.0,5.0
4310867.0,41.0
4311003.0,17.0
4311185.0,4.0
4312185.0,22.0
4312618.0,7.0
4313618.0,0.0
4314618.0,48.0
4315618.0,81.0
4316618.0,69.0
4316924.0,12.0
4317301.0,12.0
4318301.0,57.0
4319301.0,47.0
4319775.0,80.0
4320775.0,26.0
4321775.0,8.0
4322775.0,45.0
4323768.0,91.0
4323807.0,0.0
4324807.0,78.0
4325807.0,41.0
4326746.0,48.0
4327746.0,57.0
4328746.0,28.0
4329746.0,29.0
4330746.0,124.0
4331746.0,2.0
4332304.0,37.0
4333304.0,118.0
4334304.0,6.0
4335304.0,89.0
4336304.0,77.0
4337304.0,8.0
4338304.0,74.0
4339304.0,65.0
4340304.0,49.0
4341304.0,74.0
4342304.0,18.0
4343304.0,59.0
4344304.0,33.0
4345304.0,59.0
4346304.0,55.0
4346848.0,57.0
4347848.0,38.0
4348848.0,48.0
4349676.0,49.0
4350676.0,57.0
4351676.0,103.0
4352469.0,77.0
4352617.0,5.0
4353617.0,0.0
4354500.0,55.0
4355500.0,91.0
4356500.0,57.0
4357500.0,47.0
4358500.0,41.0
4359500.0,31.0
4360062.0,38.0
4361062.0,0.0
4362062.0,29.0
4363062.0,97.0
4363214.0,0.0
4364214.0,76.0
4365214.0,109.0
4366214.0,30.0
4367214.0,21.0
4367416.0,9.0
4368070.0,94.0
4369070.0,105.0
4369863.0,50.0
4370863.0,105.0
4371511.0,62.0
4372511.0,131.0
4373511.0,82.0
4374511.0,64.0
4375366.0,58.0
4375864.0,51.0
4376157.0,37.0
4377157.0,83.0
4378157.0,14.0
4379157.0,65.0
4380157.0,115.0
4380257.0,2.0
4380698.0,55.0
4381698.0,89.0
4382698.0,73.0
4383445.0,65.0
4384445.0,2.0
4385265.0,63.0
4385559.0,27.0
4386211.0,21.0
4387211.0,55.0
4388211.0,113.0
4389211.0,90.0
4390211.0,3.0
4391211.0,8.0
4392211.0,101.0
4392485.0,20.0
4393485.0,110.0
4394485.0,49.0
4395485.0,7.0
4396353.0,83.0
4397353.0,97.0
4398353.0,78.0
4399353.0,76.0
4400353.0,81.0
4400407.0,1.0
4401384.0,127.0
4402384.0,42.0
4403384.0,41.0
4404384.0,21.0
4405195.0,99.0
4406025.0,97.0
4406583.0,88.0
4407583.0,49.0
4407837.0,12.0
4408837.0,118.0
4409294.0,5.0
4410294.0,0.0
4411019.0,116.0
4411228.0,4.0
4411314.0,25.0
4412314.0,83.0
4413314.0,29.0
4414092.0,114.0
4415092.0,108.0
4416092.0,95.0
4416659.0,84.0
4417388.0,97.0
4417542.0,50.0
4418542.0,0.0
4418649.0,13.0
4419649.0,7.0
4420579.0,68.0
4420939.0,18.0
4421035.0,18.0
4422035.0,118.0
4423035.0,0.0
4423201.0,12.0
4423248.0,3.0
4424248.0,80.0
4425248.0,25.0
4426248.0,23.0
4426760.0,28.0
4427760.0,42.0
4428249.0,36.0
4429249.0,146.0
4430249.0,69.0
4430378.0,15.0
4431378.0,99.0
4432106.0,64.0
4432483.0,42.0
4433483.0,3.0
4433609.0,23.0
4434313.0,45.0
4435313.0,179.0
4435693.0,55.0
4436693.0,76.0
4437693.0,169.0
4437731.0,4.0
4438731.0,71.0
4439731.0,52.0
4440731.0,34.0
4441731.0,0.0
4442033.0,14.0
4443033.0,75.0
4444033.0,46.0
4444868.0,139.0
4445868.0,82.0
4446868.0,53.0
4447047.0,12.0
4447536.0,55.0
4448323.0,36.0
4449323.0,86.0
4449484.0,19.0
4450484.0,87.0
4450652.0,21.0
4451650.0,54.0
4452650.0,78.0
4452694.0,1.0
4452942.0,6.0
4453942.0,55.0
4454397.0,32.0
4455397.0,28.0
4455652.0,18.0
4456546.0,34.0
4456694.0,9.0
4457694.0,47.0
4458694.0,54.0
4459694.0,14.0
4459709.0,0.0
4460709.0,73.0
4460893.0,1.0
4461893.0,71.0
4462893.0,64.0
4463050.0,18.0
4463277.0,9.0
4463649.0,33.0
4464649.0,18.0
4465649.0,9.0
4466649.0,65.0
4467649.0,11.0
4468649.0,87.0
4469649.0,0.0
4470649.0,109.0
4471649.0,54.0
4471751.0,11.0
4472743.0,99.0
4472830.0,3.0
4473830.0,9.0
4474830.0,25.0
4475830.0,63.0
4476830.0,92.0
4477254.0,33.0
4477751.0,34.0
4478751.0,57.0
4479181.0,25.0
4479467.0,14.0
4480139.0,60.0
4480358.0,7.0
4481358.0,105.0
4481405.0,0.0
4481620.0,3.0
4482620.0,76.0
4483620.0,0.0
4483702.0,0.0
4484702.0,45.0
4485558.0,46.0
4486558.0,42.0
4486948.0,20.0
4487948.0,71.0
4488948.0,18.0
4489544.0,52.0
4490544.0,0.0
4491544.0,43.0
4491733.0,0.0
4491988.0,12.0
4492666.0,10.0
4493254.0,45.0
4493443.0,11.0
4493990.0,14.0
4494990.0,0.0
4495039.0,11.0
4495196.0,12.0
4496196.0,83.0
4497196.0,73.0
4497355.0,0.0
4497662.0,12.0
4498378.0,24.0
4499378.0,46.0
4500378.0,12.0
4501378.0,29.0
4501640.0,18.0
4502640.0,27.0
4503367.0,6.0
4503999.0,32.0
4504155.0,0.0
4504300.0,13.0
4504344.0,9.0
4505331.0,27.0
4505570.0,26.0
4505886.0,5.0
4506293.0,16.0
4506631.0,3.0
4507128.0,25.0
4507550.0,16.0
4507613.0,0.0
4508613.0,15.0
4509057.0,19.0
4510057.0,14.0
4510089.0,0.0
4510790.0,57.0
4511025.0,0.0
4512025.0,12.0
4513025.0,29.0
4513309.0,21.0
4513661.0,0.0
4514013.0,5.0
4514043.0,0.0
4515043.0,52.0
4515557.0,31.0
4516557.0,42.0
4517557.0,28.0
4518557.0,14.0
4518958.0,11.0
4519604.0,14.0
4519700.0,0.0
4520700.0,22.0
4521205.0,3.0
4521825.0,30.0
4521923.0,11.0
4522344.0,26.0
4523344.0,34.0
4523863.0,33.0
4524566.0,42.0
4525566.0,28.0
4526194.0,17.0
4527036.0,19.0
4527661.0,3.0
4528301.0,48.0
4529301.0,35.0
4530301.0,14.0
4531301.0,25.0
4532301.0,9.0
4533032.0,24.0
4533211.0,0.0
4533256.0,0.0
4533544.0,9.0
4534544.0,13.0
4535544.0,74.0
4535753.0,3.0
4536753.0,64.0
4537753.0,17.0
4538123.0,6.0
4538205.0,2.0
4538357.0,8.0
4538413.0,2.0
4538919.0,10.0
4539144.0,5.0
4540144.0,23.0
4540725.0,16.0
4540872.0,12.0
4541516.0,8.0
4542516.0,1.0
4543303.0,23.0
4544303.0,35.0
4544617.0,18.0
4544895.0,0.0
4545895.0,17.0
4546895.0,18.0
4547181.0,8.0
4548181.0,32.0
4548258.0,1.0
4549258.0,21.0
4549562.0,4.0
4550514.0,36.0
4551514.0,0.0
4551940.0,6.0
4552404.0,11.0
4552510.0,7.0
4552758.0,1.0
4553758.0,20.0
4553952.0,0.0
4553989.0,2.0
4554269.0,12.0
4555269.0,21.0
4555981.0,6.0
4556340.0,26.0
4556547.0,3.0
4556807.0,5.0
4556986.0,6.0
4557247.0,3.0
4558247.0,35.0
4559030.0,13.0
4559187.0,10.0
4560187.0,41.0
4561187.0,5.0
4561805.0,24.0
4562621.0,21.0
4562758.0,2.0
4562844.0,1.0
4563196.0,9.0
4564196.0,21.0
4565002.0,36.0
4566002.0,46.0
4567002.0,29.0
4567471.0,19.0
4567801.0,6.0
4568801.0,30.0
4569492.0,33.0
4570341.0,9.0
4570466.0,1.0
4571054.0,9.0
4571138.0,0.0
4571966.0,21.0
4572966.0,27.0
4573490.0,9.0
4574490.0,53.0
4575031.0,9.0
4575398.0,3.0
4575785.0,3.0
4576785.0,55.0
4577383.0,34.0
4578383.0,9.0
4578715.0,4.0
4579069.0,13.0
4579760.0,36.0
4580302.0,1.0
4581302.0,40.0
4582116.0,30.0
4583116.0,53.0
4583625.0,3.0
4584060.0,10.0
4584723.0,14.0
4584755.0,0.0
4585524.0,7.0
4585751.0,6.0
4586115.0,7.0
4587115.0,7.0
4588115.0,23.0
4589075.0,33.0
4590075.0,9.0
4590411.0,1.0
4591411.0,5.0
4592411.0,28.0
4592632.0,1.0
4593632.0,42.0
4594632.0,7.0
4594765.0,0.0
4594901.0,7.0
4595901.0,25.0
4595984.0,1.0
4596934.0,37.0
4597716.0,13.0
4598716.0,17.0
4599068.0,11.0
4599583.0,15.0
4600302.0,8.0
4600733.0,6.0
4601147.0,18.0
4601325.0,0.0
4601711.0,1.0
4602711.0,17.0
4603466.0,7.0
4604466.0,54.0
4605466.0,8.0
4605710.0,0.0
4606068.0,10.0
4606806.0,43.0
4607806.0,34.0
4608380.0,2.0
4609210.0,24.0
4610210.0,8.0
4610541.0,22.0
4610788.0,10.0
4611254.0,17.0
4612007.0,9.0
4612348.0,9.0
4612922.0,20.0
4613922.0,26.0
4614058.0,1.0
4615058.0,12.0
4616058.0,9.0
4617058.0,43.0
4617167.0,0.0
4617900.0,23.0
4618900.0,14.0
4619900.0,9.0
4620900.0,4.0
4621900.0,9.0
4622839.0,24.0
4623308.0,1.0
4623459.0,4.0
4624459.0,3.0
4625127.0,3.0
4625427.0,1.0
4625758.0,18.0
4626422.0,40.0
4627422.0,11.0
4627770.0,2.0
4627988.0,0.0
4628534.0,15.0
4628636.0,0.0
4629200.0,1.0
4629730.0,25.0
4630730.0,29.0
4631730.0,3.0
4632312.0,13.0
4632365.0,0.0
4633365.0,55.0
4633492.0,0.0
4633709.0,4.0
4634312.0,8.0
4634569.0,7.0
4635569.0,6.0
4636569.0,15.0
4637569.0,35.0
4638569.0,20.0
4639569.0,14.0
4640569.0,30.0
4640809.0,3.0
4641236.0,21.0
4642236.0,20.0
4642987.0,8.0
4643872.0,0.0
4643960.0,3.0
4644960.0,23.0
4645333.0,9.0
4645391.0,0.0
4645591.0,0.0
4646261.0,10.0
4647261.0,20.0
4648261.0,41.0
4648349.0,0.0
4648414.0,1.0
4648512.0,0.0
4648656.0,0.0
4649361.0,13.0
4649548.0,0.0
4650548.0,12.0
4650769.0,0.0
4650824.0,0.0
4651824.0,10.0
4652824.0,0.0
4653824.0,13.0
4654106.0,1.0
4655106.0,4.0
4655891.0,0.0
4656891.0,23.0
4657075.0,2.0
4657838.0,9.0
4658400.0,3.0
4659170.0,8.0
4660170.0,26.0
4661170.0,9.0
4661290.0,0.0
4661969.0,8.0
4662083.0,0.0
4663083.0,18.0
4663722.0,6.0
4664722.0,0.0
4664974.0,1.0
4665974.0,2.0
4666974.0,6.0
4667098.0,1.0
4667228.0,0.0
4667839.0,16.0
4668807.0,8.0
4669151.0,2.0
4670151.0,11.0
4670216.0,0.0
4670428.0,0.0
4670598.0,0.0
4671598.0,18.0
4672598.0,6.0
4673598.0,0.0
4674598.0,14.0
4675598.0,10.0
4676598.0,5.0
4677598.0,8.0
4678437.0,19.0
4679437.0,27.0
4679461.0,0.0
4680461.0,27.0
4680632.0,0.0
4680982.0,13.0
4681082.0,0.0
4682082.0,5.0
4683082.0,13.0
4683473.0,2.0
4684473.0,5.0
4685253.0,3.0
4686253.0,4.0
4686577.0,22.0
4686724.0,0.0
4687021.0,0.0
4688021.0,2.0
4688319.0,0.0
4689319.0,26.0
4690319.0,36.0
4690748.0,19.0
4691748.0,0.0
4692748.0,11.0
4693498.0,11.0
4693910.0,4.0
4694910.0,6.0
4694965.0,2.0
4695965.0,20.0
4696965.0,11.0
4697527.0,3.0
4698332.0,5.0
4698899.0,2.0
4699899.0,15.0
4700256.0,4.0
4701256.0,2.0
4701774.0,1.0
4702208.0,1.0
4703208.0,3.0
4703764.0,20.0
4704764.0,14.0
4704955.0,0.0
4705194.0,2.0
4706194.0,14.0
4707092.0,8.0
4708092.0,9.0
4709052.0,11.0
4710003.0,13.0
4711003.0,0.0
4712003.0,7.0
4712139.0,0.0
4713139.0,9.0
4713667.0,16.0
4713835.0,0.0
4714067.0,0.0
4714551.0,1.0
4714845.0,12.0
4714927.0,0.0
4715927.0,26.0
4716586.0,20.0
4717203.0,10.0
4717504.0,4.0
4717825.0,1.0
4718825.0,3.0
4719541.0,7.0
4719843.0,0.0
4719892.0,0.0
4720600.0,8.0
4720735.0,0.0
4721549.0,3.0
4721720.0,0.0
4722720.0,10.0
4722804.0,0.0
4723681.0,4.0
4723737.0,0.0
4724737.0,1.0
4724892.0,0.0
4725892.0,14.0
4725970.0,0.0
4726112.0,0.0
4727112.0,23.0
4727727.0,2.0
4728098.0,0.0
4728153.0,0.0
4728298.0,0.0
4728378.0,2.0
4729378.0,23.0
4729687.0,0.0
4730687.0,13.0
4731098.0,0.0
4731609.0,0.0
4731654.0,0.0
4732654.0,20.0
4733177.0,2.0
4734177.0,18.0
4734233.0,0.0
4735233.0,21.0
4735675.0,9.0
4736675.0,24.0
4736725.0,0.0
4737335.0,2.0
4737632.0,3.0
4738395.0,0.0
4738410.0,0.0
4738526.0,0.0
4738551.0,0.0
4738718.0,4.0
4738743.0,0.0
4739743.0,3.0
4739872.0,0.0
4740872.0,5.0
4740895.0,0.0
4741895.0,22.0
4742155.0,0.0
4743155.0,12.0
4743311.0,0.0
4743383.0,0.0
4743439.0,0.0
4744439.0,15.0
4744905.0,2.0
4745905.0,6.0
4745963.0,0.0
4745985.0,0.0
4746336.0,0.0
4746568.0,0.0
4746669.0,0.0
4746713.0,0.0
4746747.0,0.0
4746843.0,0.0
4746968.0,0.0
4747332.0,3.0
4747448.0,0.0
4747591.0,0.0
4748134.0,2.0
4748202.0,0.0
4748509.0,4.0
4749151.0,6.0
4749230.0,0.0
4749663.0,0.0
4750117.0,0.0
4750345.0,0.0
4750861.0,15.0
4750895.0,0.0
4751038.0,5.0
4751265.0,1.0
4752265.0,23.0
4752931.0,7.0
4753369.0,6.0
4753727.0,19.0
4753905.0,0.0
4754014.0,0.0
4754343.0,19.0
4754526.0,0.0
4754550.0,0.0
4754646.0,0.0
4755101.0,6.0
4755516.0,13.0
4755584.0,1.0
4755665.0,3.0
4755740.0,0.0
4756414.0,2.0
4756788.0,5.0
4756900.0,6.0
4757601.0,12.0
4758030.0,7.0
4758355.0,0.0
4758536.0,0.0
4758684.0,0.0
4759149.0,0.0
4759173.0,0.0
4759303.0,0.0
4759795.0,26.0
4760473.0,28.0
4760608.0,1.0
4760889.0,5.0
4761288.0,0.0
4761321.0,0.0
4761365.0,0.0
4761553.0,0.0
4761619.0,0.0
4762184.0,5.0
4762685.0,0.0
4763018.0,1.0
4763265.0,0.0
4763299.0,2.0
4763616.0,25.0
4764075.0,11.0
4764285.0,0.0
4764347.0,0.0
4764448.0,0.0
4764481.0,0.0
4765143.0,26.0
4765317.0,0.0
4765563.0,0.0
4765705.0,6.0
4765962.0,9.0
4766582.0,10.0
4766706.0,4.0
4767078.0,0.0
4767345.0,0.0
4767802.0,1.0
4768698.0,14.0
4768982.0,0.0
4769763.0,18.0
4769818.0,0.0
4769863.0,0.0
4770677.0,4.0
4770882.0,0.0
4771209.0,11.0
4771333.0,0.0
4771379.0,0.0
4771415.0,0.0
4772415.0,41.0
4772461.0,0.0
4772848.0,0.0
4773848.0,11.0
4773899.0,0.0
4774097.0,0.0
4774299.0,5.0
4774425.0,1.0
4774517.0,0.0
4774587.0,0.0
4775393.0,13.0
4775514.0,7.0
4775678.0,2.0
4775924.0,0.0
4776748.0,8.0
4777313.0,5.0
4777591.0,3.0
4777667.0,0.0
4777795.0,0.0
4778073.0,0.0
4778183.0,0.0
4778958.0,21.0
4779135.0,16.0
4780135.0,3.0
4780167.0,0.0
4780311.0,1.0
4780367.0,0.0
4780791.0,0.0
4781038.0,2.0
4781200.0,2.0
4781341.0,0.0
4781716.0,2.0
4781786.0,1.0
4782065.0,0.0
4783065.0,9.0
4783185.0,0.0
4783342.0,0.0
4783712.0,15.0
4784183.0,0.0
4784409.0,0.0
4784628.0,0.0
4784713.0,0.0
4784887.0,0.0
4785059.0,1.0
4785162.0,0.0
4786162.0,13.0
4786483.0,16.0
4786997.0,2.0
4787287.0,1.0
4787901.0,12.0
4787959.0,0.0
4788959.0,0.0
4789121.0,0.0
4789427.0,18.0
4790427.0,5.0
4790473.0,0.0
4790488.0,0.0
4790924.0,13.0
4791312.0,7.0
4791389.0,0.0
4791485.0,1.0
4791645.0,0.0
4792277.0,50.0
4792713.0,2.0
4792841.0,1.0
4792897.0,6.0
4793820.0,53.0
4793881.0,0.0
4793986.0,0.0
4794116.0,2.0
4794172.0,0.0
4794638.0,25.0
4795226.0,38.0
4795321.0,0.0
4795440.0,6.0
4795564.0,11.0
4795945.0,18.0
4795969.0,0.0
4796372.0,50.0
4796472.0,0.0
4796949.0,16.0
4797464.0,2.0
4797542.0,1.0
4797617.0,0.0
4797777.0,0.0
4797838.0,0.0
4798071.0,6.0
4798805.0,9.0
4799470.0,6.0
4800239.0,3.0
4800379.0,0.0
4800468.0,0.0
4800782.0,4.0
4800867.0,0.0
4801007.0,0.0
4801021.0,0.0
4801402.0,8.0
4801589.0,4.0
4801791.0,5.0
4801817.0,0.0
4802009.0,0.0
4802095.0,0.0
4802140.0,0.0
4802480.0,7.0
4803099.0,8.0
4803368.0,12.0
4803498.0,0.0
4803991.0,7.0
4804025.0,0.0
4804116.0,0.0
4804637.0,3.0
4805012.0,38.0
4805387.0,9.0
4805779.0,17.0
4805803.0,0.0
4806063.0,13.0
4806113.0,1.0
4806385.0,4.0
4806515.0,0.0
4806793.0,1.0
4807763.0,20.0
4807970.0,0.0
4808018.0,7.0
4808330.0,31.0
4808602.0,6.0
4808849.0,0.0
4809055.0,10.0
4809111.0,0.0
4809328.0,1.0
4809569.0,1.0
4809812.0,0.0
4809870.0,0.0
4809903.0,0.0
4810175.0,4.0
4810735.0,9.0
4811199.0,34.0
4811764.0,10.0
4812163.0,2.0
4812233.0,12.0
4812471.0,15.0
4813313.0,23.0
4813669.0,0.0
4813798.0,0.0
4813840.0,0.0
4813868.0,0.0
4813978.0,0.0
4814203.0,0.0
4815203.0,82.0
4815424.0,4.0
4815565.0,0.0
4816231.0,22.0
4816298.0,0.0
4816339.0,0.0
4816363.0,0.0
4816533.0,9.0
4816660.0,2.0
4817218.0,16.0
4817769.0,9.0
4817928.0,4.0
4817965.0,0.0
4818068.0,0.0
4818197.0,9.0
4818292.0,0.0
4818415.0,7.0
4818558.0,0.0
4819058.0,28.0
4819626.0,11.0
4819932.0,10.0
4820531.0,5.0
4820567.0,0.0
4820672.0,0.0
4820935.0,9.0
4821033.0,0.0
4821206.0,0.0
4821439.0,0.0
4821777.0,33.0
4822191.0,41.0
4822322.0,6.0
4822373.0,0.0
4823373.0,22.0
4823629.0,4.0
4823970.0,13.0
4824188.0,3.0
4824214.0,0.0
4825214.0,2.0
4825313.0,3.0
4825727.0,11.0
4825793.0,1.0
4826289.0,14.0
4827003.0,88.0
4827648.0,10.0
4828569.0,4.0
4828620.0,0.0
4828659.0,0.0
4829659.0,1.0
4830157.0,3.0
4830823.0,6.0
4831035.0,9.0
4831231.0,1.0
4832231.0,9.0
4832318.0,0.0
4832482.0,7.0
4832601.0,0.0
4833601.0,0.0
4833646.0,0.0
4833881.0,43.0
4833959.0,0.0
4834040.0,1.0
4834129.0,0.0
4834177.0,1.0
4834216.0,0.0
4834399.0,22.0
4834527.0,0.0
4834854.0,31.0
4834950.0,1.0
4835602.0,97.0
4836602.0,0.0
4836806.0,15.0
4837081.0,0.0
4838081.0,10.0
4838567.0,25.0
4838880.0,3.0
4839880.0,31.0
4840167.0,23.0
4840904.0,17.0
4841904.0,66.0
4842615.0,2.0
4843012.0,4.0
4844012.0,11.0
4845012.0,5.0
4845420.0,1.0
4846019.0,51.0
4846210.0,0.0
4847210.0,1.0
4847412.0,1.0
4848412.0,57.0
4849412.0,113.0
4850412.0,43.0
4850448.0,0.0
4851415.0,38.0
4852415.0,15.0
4852627.0,17.0
4852928.0,26.0
4853177.0,13.0
4853780.0,59.0
4854153.0,28.0
4854755.0,88.0
4855040.0,30.0
4855390.0,22.0
4856390.0,30.0
4856536.0,8.0
4856659.0,13.0
4857659.0,14.0
4857954.0,11.0
4858618.0,63.0
4859618.0,96.0
4859908.0,37.0
4860168.0,7.0
4860580.0,45.0
4861580.0,119.0
4862580.0,91.0
4863580.0,60.0
4863714.0,6.0
4864142.0,59.0
4865034.0,118.0
4865573.0,115.0
4866103.0,107.0
4866923.0,102.0
4866988.0,13.0
4867922.0,131.0
4867999.0,0.0
4868244.0,63.0
4868300.0,0.0
