steps,main/cost,main/score,main/winrate
51,3,5.095588235294116,0
99,3,5.529411764705881,0
152,3,4.158088235294116,0
209,3,3.941176470588235,0
359,3,8.470588235294105,0
413,3,4.529411764705881,0
511,3,9.863970588235281,0
566,3,5.558823529411763,0
624,3,3.8933823529411753,0
678,3,6.624999999999999,0
730,3,6.352941176470586,0
775,3,4.878676470588235,0
831,3,4.470588235294118,0
876,3,6.2389705882352935,0
1026,3,7.419117647058811,0
1176,3,0.0,0
1245,3,7.625,0
1395,3,6.029411764705872,0
1452,3,8.772058823529415,0
1507,3,7.647058823529409,0
1561,3,8.735294117647058,0
1615,3,8.948529411764705,0
1668,3,7.970588235294119,0
1708,3,7.7095588235294095,0
1755,3,7.970588235294118,0
1800,3,7.235294117647056,0
1837,3,7.235294117647056,0
1872,3,7.235294117647058,0
1919,3,6.8823529411764675,0
1968,3,7.970588235294113,0
2008,3,6.595588235294116,0
2051,3,7.941176470588232,0
2201,3,0.0,0
2243,3,9.794117647058824,0
2281,3,7.235294117647057,0
2339,3,9.374999999999996,0
2376,3,5.470588235294117,0
2425,3,6.900735294117644,0
2477,3,7.772058823529409,0
2520,3,7.705882352941174,0
2559,3,5.823529411764704,0
2631,3,8.12867647058823,0
2685,3,9.441176470588236,0
2751,3,6.117647058823529,0
2805,3,6.588235294117648,0
2955,3,10.882352941176459,0
3013,3,6.176470588235292,0
3163,3,4.382352941176466,0
3228,3,8.628676470588234,0
3378,3,4.794117647058817,0
3528,3,10.852941176470578,0
3574,3,10.176470588235292,0
3636,3,10.253676470588237,0
3698,3,9.246323529411768,0
3765,3,11.691176470588239,0
3811,3,8.386029411764705,0
3895,3,7.334558823529405,0
3941,3,7.404411764705881,0
3989,3,11.588235294117649,0
4139,3,6.235294117647056,0
4174,3,4.941176470588234,0
4324,3,6.283088235294111,0
4474,3,6.823529411764701,0
4513,3,6.301470588235292,0
4561,3,10.919117647058824,0
4613,3,9.889705882352942,0
4651,3,6.558823529411763,0
4801,3,11.35294117647058,0
4951,3,9.382352941176459,0
5101,3,5.499999999999994,0
5145,3,7.000000000000002,0
5199,3,7.705882352941178,0
5349,3,8.794117647058812,0
5390,3,6.941176470588236,0
5540,3,9.727941176470583,0
5593,3,6.963235294117643,0
5743,3,5.97058823529411,0
5786,3,7.970588235294116,0
5838,3,7.738970588235292,0
5892,3,8.705882352941174,0
5949,3,8.147058823529408,0
6001,3,6.683823529411762,0
6042,3,7.588235294117644,0
6079,3,4.58455882352941,0
6122,3,6.9117647058823515,0
6167,3,6.911764705882352,0
6226,3,7.7941176470588225,0
6270,3,7.705882352941177,0
6320,3,7.047794117647056,0
6359,3,6.9117647058823515,0
6509,3,6.999999999999995,0
6659,3,5.911764705882347,0
6710,3,6.474264705882351,0
6860,3,10.110294117647044,0
6904,3,8.003676470588234,0
6948,3,6.522058823529409,0
7098,3,9.382352941176462,0
7149,3,8.705882352941176,0
7299,3,12.382352941176464,0
7449,3,9.308823529411757,0
7599,3,11.602941176470576,0
7686,3,9.411764705882353,0
7836,3,8.46323529411764,0
7886,3,8.34926470588235,0
7950,3,9.029411764705879,0
8100,3,10.941176470588232,0
8250,3,9.794117647058817,0
8292,3,9.029411764705882,0
8362,3,8.441176470588232,0
8512,3,9.849264705882346,0
8662,3,9.794117647058815,0
8708,3,7.617647058823531,0
8756,3,6.823529411764704,0
8906,3,10.242647058823518,0
9056,3,10.176470588235293,0
9206,3,10.499999999999996,0
9246,3,8.095588235294112,0
9298,3,7.264705882352942,0
9342,3,7.970588235294116,0
9417,3,8.352941176470587,0
9470,3,8.327205882352937,0
9561,3,9.411764705882351,0
9711,3,10.264705882352935,0
9757,3,8.441176470588236,0
9816,3,9.845588235294118,0
9864,3,8.79411764705882,0
10014,3,9.411764705882355,0
10108,3,10.470588235294118,0
10172,3,9.51470588235294,0
10222,3,8.676470588235293,0
10260,3,6.393382352941176,0
10349,3,9.889705882352944,0
10409,3,10.286764705882353,0
10489,3,9.558823529411761,0
10549,3,10.599264705882351,0
10643,3,12.522058823529408,0
10793,3,9.882352941176471,0
10833,3,7.268382352941174,0
10911,3,9.029411764705884,0
10963,3,8.088235294117645,0
11061,3,10.38970588235294,0
11211,3,12.955882352941165,0
11265,3,8.305147058823527,0
11311,3,7.768382352941175,0
11461,3,9.882352941176471,0
11611,3,10.47058823529412,0
11656,3,7.323529411764703,0
11738,3,11.67647058823529,0
11888,3,8.455882352941169,0
12038,3,10.499999999999995,0
12188,3,8.886029411764698,0
12276,3,10.85294117647059,0
12342,3,9.014705882352938,0
12422,3,8.39705882352941,0
12492,3,8.525735294117647,0
12642,3,13.404411764705882,0
12687,3,10.025735294117645,0
12761,3,11.70955882352941,0
12815,3,8.007352941176466,0
12910,3,11.029411764705884,0
12982,3,10.922794117647054,0
13038,3,9.5625,0
13108,3,8.268382352941174,0
13171,3,8.591911764705882,0
13247,3,9.404411764705879,0
13362,3,12.78676470588235,0
13429,3,8.845588235294116,0
13497,3,9.720588235294116,0
13598,3,10.00735294117647,0
13676,3,12.382352941176473,0
13745,3,10.066176470588234,0
13877,3,13.830882352941172,0
14002,3,13.522058823529415,0
14108,3,10.878676470588234,0
14258,3,12.058823529411754,0
14350,3,11.08088235294117,0
14500,3,11.470588235294112,0
14650,3,13.551470588235293,0
14762,3,12.268382352941172,0
14838,3,10.386029411764701,0
14910,3,10.775735294117649,0
15027,3,13.683823529411761,0
15071,3,10.176470588235292,0
15124,3,8.860294117647058,0
15239,3,12.441176470588239,0
15324,3,8.044117647058819,0
15443,3,14.727941176470589,0
15558,3,14.205882352941176,0
15682,3,14.408088235294112,0
15743,3,10.040441176470587,0
15810,3,9.985294117647056,0
15847,3,7.408088235294114,0
15924,3,11.459558823529406,0
16074,3,9.308823529411752,0
16132,3,10.02205882352941,0
16209,3,9.621323529411761,0
16261,3,9.823529411764705,0
16303,3,8.058823529411763,0
16356,3,9.58455882352941,0
16506,3,13.996323529411761,0
16553,3,9.661764705882351,0
16641,3,11.849264705882344,0
16696,3,9.860294117647056,0
16754,3,8.507352941176467,0
16793,3,8.647058823529411,0
16904,3,12.14705882352941,0
17054,3,16.455882352941185,0
17184,3,12.727941176470587,0
17240,3,10.312500000000002,0
17349,3,13.047794117647062,0
17499,3,11.669117647058819,0
17577,3,13.628676470588236,0
17727,3,14.235294117647056,0
17877,3,14.834558823529413,0
17968,3,11.22058823529411,0
18073,3,11.830882352941163,0
18178,3,15.161764705882348,0
18269,3,10.485294117647053,0
18330,3,9.172794117647056,0
18480,3,11.676470588235286,0
18621,3,15.029411764705875,0
18660,3,6.374999999999998,0
18713,3,9.139705882352942,0
18863,3,16.022058823529413,0
19013,3,13.455882352941174,0
19163,3,15.441176470588225,0
19313,3,12.889705882352931,0
19435,3,12.860294117647058,0
19585,3,15.48529411764706,0
19682,3,12.613970588235297,0
19832,3,10.5220588235294,0
19964,1,22.5,1
20097,3,13.334558823529411,0
20247,3,13.959558823529406,0
20379,3,13.444852941176471,0
20529,3,13.654411764705879,0
20598,3,11.73529411764706,0
20748,3,11.573529411764703,0
20883,3,13.911764705882355,0
21033,3,13.952205882352931,0
21131,3,12.926470588235292,0
21281,3,14.330882352941178,0
21431,3,15.007352941176473,0
21508,3,10.305147058823525,0
21658,3,16.176470588235276,0
21694,3,7.753676470588232,0
21844,3,14.411764705882351,0
21994,3,14.419117647058819,0
22044,3,10.176470588235293,0
22129,3,9.823529411764705,0
22279,3,15.650735294117645,0
22429,3,13.82720588235294,0
22579,3,13.628676470588236,0
22729,3,13.397058823529406,0
22879,3,14.500000000000002,0
22956,3,10.000000000000004,0
23023,3,9.94485294117647,0
23173,3,13.7720588235294,0
23323,3,15.503676470588236,0
23379,3,7.610294117647054,0
23450,3,10.772058823529408,0
23600,0,23.448529411764703,1
23682,3,10.22426470588235,0
23797,1,21.81617647058824,1
23947,3,14.750000000000004,0
24088,1,21.95588235294118,1
24184,3,9.389705882352938,0
24319,0,24.492647058823525,1
24469,3,15.047794117647058,0
24591,2,20.97058823529412,1
24741,3,13.930147058823529,0
24891,3,14.408088235294118,0
25041,3,15.00367647058823,0
25161,1,20.70588235294118,1
25311,3,12.610294117647056,0
25432,0,21.654411764705884,1
25555,1,21.433823529411768,1
25705,3,9.948529411764694,0
25801,0,20.75735294117647,1
25951,3,12.499999999999998,0
26101,3,14.176470588235286,0
26210,1,20.235294117647065,1
26360,3,12.955882352941178,0
26402,3,6.970588235294119,0
26552,3,14.856617647058824,0
26640,0,20.22794117647059,1
26790,3,15.713235294117652,0
26940,3,14.783088235294116,0
27090,3,12.558823529411761,0
27240,3,12.794117647058817,0
27390,3,15.672794117647065,0
27472,1,20.000000000000004,1
27555,2,20.000000000000004,1
27645,1,20.000000000000004,1
27731,1,21.11029411764706,1
27841,1,20.007352941176478,1
27918,1,20.000000000000007,1
28005,2,20.46323529411765,1
28098,0,20.294117647058826,1
28244,2,22.705882352941174,1
28357,3,14.356617647058826,0
28439,1,20.529411764705884,1
28589,3,15.062500000000004,0
28647,3,11.264705882352942,0
28754,2,20.83088235294118,1
28886,0,20.426470588235297,1
29036,3,15.562500000000004,0
29151,1,21.227941176470594,1
29211,3,9.823529411764705,0
29303,1,20.000000000000004,1
29453,3,11.713235294117633,0
29603,3,14.632352941176475,0
29706,2,20.889705882352942,1
29854,3,16.11397058823529,0
30004,3,14.316176470588236,0
30065,3,10.341911764705884,0
30191,0,20.419117647058826,1
30236,3,7.352941176470584,0
30302,3,11.937500000000002,0
30437,2,21.11764705882353,1
30587,3,14.65441176470588,0
30647,3,8.977941176470585,0
30770,3,14.20588235294117,0
30880,2,20.1764705882353,1
30982,1,20.897058823529413,1
31105,2,21.14705882352941,1
31171,1,20.000000000000004,1
31321,3,15.996323529411761,0
31371,3,10.569852941176473,0
31493,2,20.705882352941178,1
31555,3,12.294117647058826,0
31648,2,20.411764705882355,1
31754,2,20.529411764705888,1
31904,3,14.117647058823527,0
32009,2,21.345588235294116,1
32130,2,21.29411764705883,1
32189,3,11.23529411764706,0
32328,2,21.330882352941178,1
32378,3,8.411764705882351,0
32528,3,15.209558823529404,0
32678,3,14.970588235294112,0
32774,2,20.69117647058824,1
32832,0,20.000000000000004,1
32947,2,21.279411764705877,1
33070,2,21.19117647058824,1
33199,2,22.264705882352946,1
33291,2,20.007352941176475,1
33409,2,21.058823529411768,1
33499,1,20.352941176470587,1
33578,1,20.117647058823533,1
33644,2,20.117647058823533,1
33784,2,21.75735294117647,1
33894,3,13.290441176470587,0
33997,2,20.845588235294123,1
34119,1,20.786764705882355,1
34241,1,21.05882352941177,1
34360,2,21.33823529411765,1
34496,3,15.91911764705882,0
34619,1,20.919117647058826,1
34769,3,14.897058823529413,0
34827,1,20.0,1
34928,2,21.286764705882355,1
35001,1,20.117647058823533,1
35143,2,22.492647058823525,1
35236,2,20.176470588235297,1
35291,3,8.77205882352941,0
35417,3,15.3125,0
35493,1,20.000000000000007,1
35549,0,20.000000000000004,1
35678,2,20.485294117647065,1
35828,3,15.25,0
35897,3,12.393382352941181,0
35962,1,20.0,1
36027,1,20.000000000000004,1
36177,3,13.433823529411763,0
36327,3,14.558823529411761,0
36385,3,11.58823529411765,0
36439,0,20.11764705882353,1
36553,3,14.433823529411764,0
36612,0,20.0,1
36715,2,20.051470588235297,1
36865,3,15.205882352941174,0
36954,2,20.0514705882353,1
37011,3,10.529411764705888,0
37068,0,20.11764705882353,1
37128,0,20.0,1
37219,2,20.647058823529413,1
37275,3,9.852941176470587,0
37343,1,20.0,1
37399,0,20.0,1
37481,1,20.000000000000007,1
37560,2,20.058823529411768,1
37633,3,13.371323529411768,0
37761,0,20.70588235294118,1
37821,1,20.000000000000004,1
37887,3,13.095588235294121,0
37982,2,20.286764705882355,1
38130,2,21.404411764705888,1
38198,1,20.117647058823533,1
38273,2,20.117647058823536,1
38338,1,20.000000000000007,1
38426,2,20.000000000000007,1
38505,2,20.433823529411768,1
38587,2,20.06617647058824,1
38737,3,15.57352941176471,0
38803,3,13.382352941176475,0
38864,1,20.0,1
38940,1,20.000000000000007,1
39014,2,20.0,1
39075,0,20.058823529411764,1
39151,2,20.29411764705882,1
39280,2,20.63970588235295,1
39374,2,20.000000000000007,1
39443,2,20.0,1
39508,3,13.735294117647067,0
39603,2,20.36029411764706,1
39665,3,11.61764705882353,0
39734,1,20.0,1
39813,2,20.117647058823533,1
39867,3,11.349264705882353,0
39922,0,20.000000000000004,1
39978,3,12.713235294117647,0
40054,2,20.235294117647058,1
40107,0,20.117647058823525,1
40168,1,20.000000000000007,1
40252,3,13.78308823529412,0
40311,3,11.610294117647062,0
40429,2,20.94117647058824,1
40490,3,11.308823529411766,0
40563,2,20.11764705882353,1
40624,0,20.000000000000004,1
40715,2,20.0,1
40768,3,10.889705882352944,0
40863,2,20.352941176470594,1
40940,2,20.47058823529412,1
40999,3,11.647058823529417,0
41065,2,20.00735294117647,1
41145,3,13.856617647058824,0
41202,0,20.117647058823525,1
41297,2,20.000000000000004,1
41360,1,20.0,1
41420,1,20.117647058823525,1
41525,2,20.845588235294127,1
41582,0,20.235294117647058,1
41673,2,20.301470588235297,1
41736,3,12.39338235294118,0
41853,2,20.419117647058826,1
41930,2,20.23529411764706,1
42017,2,20.000000000000004,1
42097,2,20.352941176470587,1
42220,2,20.654411764705888,1
42277,3,11.235294117647062,0
42362,2,20.235294117647058,1
42442,3,13.738970588235295,0
42517,2,20.294117647058826,1
42610,2,20.477941176470594,1
42696,2,20.000000000000007,1
42777,2,20.000000000000007,1
42835,0,19.999999999999996,1
42920,2,20.132352941176475,1
43000,1,20.000000000000004,1
43069,2,20.0,1
43154,2,20.000000000000004,1
43233,2,20.49264705882354,1
43299,1,20.0,1
43358,0,20.000000000000004,1
43416,0,20.235294117647058,1
43496,2,20.294117647058822,1
43560,0,20.0,1
43653,2,20.000000000000007,1
43709,0,20.11764705882353,1
43797,2,20.34558823529412,1
43878,2,20.0,1
43956,2,20.294117647058826,1
44074,2,21.051470588235297,1
44136,1,20.000000000000004,1
44214,1,20.0,1
44298,2,20.073529411764707,1
44353,0,20.0,1
44436,2,20.117647058823533,1
44529,2,20.000000000000004,1
44613,2,20.360294117647058,1
44715,2,20.463235294117645,1
44771,0,20.0,1
44850,2,20.000000000000004,1
44949,3,14.283088235294121,0
45031,1,20.286764705882355,1
45181,3,14.411764705882351,0
45251,1,20.11764705882353,1
45313,1,20.11764705882353,1
45404,2,20.000000000000004,1
45513,2,20.59558823529412,1
45582,1,20.117647058823533,1
45654,2,20.235294117647058,1
45749,2,20.35294117647059,1
45816,1,20.41176470588236,1
45956,2,20.698529411764714,1
46044,2,20.235294117647065,1
46121,2,20.0,1
46202,2,20.0,1
46260,1,20.0,1
46310,3,9.889705882352942,0
46370,0,20.294117647058826,1
46429,0,20.11764705882353,1
46500,1,20.000000000000004,1
46563,0,19.999999999999996,1
46648,2,20.117647058823536,1
46706,0,20.11764705882353,1
46783,2,20.000000000000004,1
46851,3,14.11764705882353,0
46933,1,20.000000000000004,1
46990,1,20.11764705882353,1
47051,0,20.0,1
47132,2,20.000000000000004,1
47208,2,20.0,1
47294,2,20.000000000000007,1
47362,2,20.0,1
47429,1,20.117647058823533,1
47484,0,20.11764705882353,1
47556,3,13.38235294117647,0
47632,3,13.029411764705886,0
47718,2,20.0,1
47805,3,12.750000000000004,0
47886,2,20.051470588235297,1
47980,2,20.35294117647059,1
48041,3,11.849264705882355,0
48104,3,12.676470588235293,0
48210,3,14.90073529411765,0
48266,3,10.176470588235295,0
48334,1,20.000000000000004,1
48403,2,20.11764705882353,1
48473,2,20.235294117647058,1
48532,0,20.0,1
48628,2,20.595588235294123,1
48689,1,20.000000000000004,1
48786,2,20.000000000000004,1
48852,2,20.235294117647058,1
48916,3,13.875,0
48986,1,20.125,1
49068,2,20.0,1
49148,2,20.23529411764706,1
49221,1,20.058823529411768,1
49279,1,20.294117647058826,1
49355,1,20.411764705882355,1
49428,1,20.301470588235293,1
49547,2,20.41176470588235,1
49629,2,20.352941176470587,1
49685,0,20.11764705882353,1
49741,0,20.11764705882353,1
49828,2,20.529411764705884,1
49912,2,20.0,1
49971,0,20.0,1
50050,2,20.647058823529413,1
50129,2,20.125,1
50233,2,20.816176470588243,1
50321,2,20.242647058823533,1
50399,2,20.0,1
50506,2,20.705882352941178,1
50598,2,20.823529411764703,1
50667,1,20.23529411764706,1
50762,2,20.000000000000004,1
50817,0,20.0,1
50879,1,20.0,1
50962,2,20.235294117647058,1
51021,1,20.124999999999996,1
51099,2,20.11764705882353,1
51156,0,20.000000000000004,1
51212,0,20.52941176470588,1
51293,2,20.176470588235297,1
51369,3,11.621323529411768,0
51465,2,20.70588235294118,1
51538,1,20.235294117647058,1
51622,2,20.47058823529412,1
51700,2,20.11764705882353,1
51783,1,20.41176470588235,1
51852,1,20.41176470588235,1
51936,2,20.24264705882353,1
52000,0,20.235294117647058,1
52143,2,20.882352941176478,1
52217,1,20.235294117647054,1
52278,1,20.0,1
52355,2,20.058823529411764,1
52435,1,20.470588235294116,1
52503,1,20.294117647058822,1
52601,2,20.117647058823536,1
52666,1,20.000000000000004,1
52735,1,20.11764705882353,1
52810,2,20.0,1
52865,0,20.11764705882353,1
52956,2,20.536764705882355,1
53015,0,20.0,1
53073,1,20.176470588235297,1
53148,1,20.0,1
53207,1,20.11764705882353,1
53265,1,20.11764705882353,1
53321,0,20.0,1
53374,0,20.0,1
53430,0,20.11764705882353,1
53485,1,20.058823529411764,1
53563,2,20.000000000000004,1
53654,2,20.23529411764706,1
53708,0,20.0,1
53775,1,20.0,1
53832,0,20.0,1
53923,2,20.529411764705884,1
54006,2,20.360294117647058,1
54082,1,20.00735294117647,1
54143,1,20.000000000000004,1
54200,0,20.0,1
54255,0,20.0,1
54313,0,19.999999999999996,1
54368,0,20.0,1
54460,2,19.999999999999996,1
54516,0,20.000000000000004,1
54581,1,20.0,1
54636,0,20.0,1
54692,1,20.0,1
54775,2,20.23529411764706,1
54866,2,20.764705882352942,1
54938,2,20.176470588235293,1
55010,2,20.0,1
55092,2,20.338235294117645,1
55154,1,20.0,1
55242,2,20.22058823529412,1
55339,2,20.397058823529413,1
55419,2,20.000000000000004,1
55479,1,20.0,1
55544,2,20.0,1
55617,2,20.0,1
55697,2,20.529411764705884,1
55752,0,20.0,1
55807,0,20.0,1
55863,0,20.0,1
55919,0,20.0,1
55991,1,20.0,1
56091,2,20.713235294117652,1
56156,1,20.0,1
56217,1,20.000000000000004,1
56277,0,19.999999999999996,1
56344,1,20.117647058823536,1
56428,2,20.16176470588235,1
56513,2,20.33823529411765,1
56573,3,13.058823529411763,0
56632,1,20.0,1
56708,1,20.000000000000004,1
56773,1,20.0,1
56864,2,20.073529411764714,1
56933,2,19.999999999999996,1
57029,2,20.058823529411768,1
57127,2,20.000000000000004,1
57188,1,20.0,1
57256,1,20.0,1
57345,2,20.014705882352946,1
57418,1,20.000000000000004,1
57479,0,20.11764705882353,1
57539,3,10.882352941176471,0
57624,2,20.000000000000004,1
57703,2,20.000000000000004,1
57765,1,19.999999999999996,1
57826,1,20.0,1
57917,2,20.0,1
57974,0,19.999999999999996,1
58059,2,20.0,1
58138,1,20.0,1
58216,2,20.000000000000004,1
58291,2,20.000000000000007,1
58392,2,20.551470588235297,1
58454,0,20.000000000000004,1
58513,2,20.0,1
58582,1,20.000000000000004,1
58647,1,20.0,1
58713,1,20.0,1
58786,1,20.000000000000004,1
58843,0,20.0,1
58899,0,19.999999999999996,1
58965,1,20.0,1
59024,1,20.0,1
59093,1,19.999999999999996,1
59149,0,20.0,1
59209,1,20.0,1
59265,3,12.647058823529413,0
59330,2,20.000000000000004,1
59398,2,20.0,1
59454,0,20.0,1
59515,2,20.0,1
59568,0,20.0,1
59625,0,19.999999999999996,1
59681,3,11.588235294117645,0
59737,0,20.11764705882353,1
59794,1,20.0,1
59868,2,20.058823529411768,1
59961,2,20.117647058823533,1
60020,1,20.0,1
60072,0,20.0,1
60127,0,20.0,1
60207,2,20.125000000000004,1
60318,2,20.014705882352946,1
60380,1,20.0,1
60436,0,19.999999999999996,1
60502,2,20.0,1
60564,1,20.0,1
60619,0,20.0,1
60679,1,20.0,1
60800,2,20.52941176470589,1
60893,2,20.000000000000007,1
60952,1,19.999999999999996,1
61012,1,19.999999999999996,1
61074,2,20.0,1
61139,1,19.999999999999996,1
61224,2,20.242647058823533,1
61282,1,20.0,1
61345,1,20.176470588235293,1
61402,1,20.124999999999996,1
61478,2,20.000000000000004,1
61574,2,20.29411764705883,1
61653,2,20.294117647058826,1
61710,1,20.0,1
61781,2,20.294117647058822,1
61842,1,20.0,1
61903,1,20.11764705882353,1
61963,1,20.0,1
62029,1,20.0,1
62098,1,20.014705882352942,1
62159,1,20.0,1
62253,2,20.000000000000007,1
62374,2,20.522058823529417,1
62444,1,20.0,1
62501,0,20.0,1
62557,1,20.11764705882353,1
62632,2,20.308823529411764,1
62706,2,20.11764705882353,1
62761,0,20.11764705882353,1
62819,1,19.999999999999996,1
62890,1,20.11764705882353,1
62948,1,20.0,1
63011,3,13.735294117647056,0
63087,2,20.117647058823533,1
63162,2,20.0,1
63238,1,20.0,1
63302,2,20.0,1
63380,2,20.35294117647059,1
63446,2,20.000000000000004,1
63515,1,20.00735294117647,1
63588,2,20.000000000000004,1
63643,0,20.0,1
63730,2,20.000000000000004,1
63815,2,20.000000000000004,1
63907,2,20.352941176470587,1
63992,2,20.183823529411768,1
64076,3,13.26102941176471,0
64145,3,12.676470588235297,0
64228,2,20.132352941176475,1
64293,1,20.242647058823533,1
64367,2,20.0,1
64442,1,20.000000000000004,1
64592,3,15.783088235294116,0
64680,2,20.0,1
64757,2,20.000000000000004,1
64869,2,20.058823529411768,1
64939,1,20.0,1
65006,3,11.382352941176473,0
65111,2,20.588235294117656,1
65190,2,20.000000000000007,1
65282,2,20.514705882352946,1
65358,2,20.0,1
65427,1,20.0,1
65508,2,20.000000000000004,1
65586,2,19.999999999999996,1
65684,2,20.18382352941177,1
65768,1,20.235294117647065,1
65826,0,19.999999999999996,1
65924,2,20.308823529411768,1
66003,2,20.000000000000004,1
66097,2,20.933823529411768,1
66166,1,20.617647058823533,1
66237,3,13.1875,0
66310,2,20.125000000000004,1
66386,3,13.066176470588237,0
66460,2,19.999999999999996,1
66524,2,20.0,1
66610,3,13.735294117647062,0
66669,1,20.0,1
66725,1,20.0,1
66782,3,13.0,0
66839,0,20.0,1
66913,2,20.000000000000004,1
66976,3,13.382352941176471,0
67051,1,20.0,1
67122,1,20.0,1
67187,1,20.000000000000004,1
67244,0,20.0,1
67316,2,20.000000000000004,1
67372,0,20.0,1
67428,0,19.999999999999996,1
67513,2,20.000000000000004,1
67569,0,20.0,1
67628,0,20.0,1
67695,1,20.0,1
67766,0,20.0,1
67840,2,20.11764705882353,1
67923,2,20.000000000000004,1
68002,2,20.000000000000004,1
68065,1,20.000000000000004,1
68124,0,20.0,1
68186,2,20.0,1
68256,2,20.000000000000004,1
68312,1,19.999999999999996,1
68395,2,20.000000000000007,1
68460,2,20.000000000000004,1
68516,0,19.999999999999996,1
68580,2,20.000000000000004,1
68653,2,20.073529411764714,1
68719,2,20.0,1
68782,1,20.0,1
68835,0,20.000000000000004,1
68891,0,20.0,1
68947,0,20.0,1
69003,0,20.0,1
69080,2,20.000000000000007,1
69132,0,20.0,1
69185,0,20.0,1
69240,1,20.0,1
69294,0,20.0,1
69362,1,20.000000000000004,1
69419,0,20.0,1
69475,1,20.0,1
69528,1,20.0,1
69584,1,20.0,1
69646,1,20.0,1
69714,2,20.000000000000004,1
69770,0,20.0,1
69826,0,20.000000000000004,1
69881,0,20.0,1
69937,1,19.999999999999996,1
69994,0,19.999999999999996,1
70052,0,20.000000000000004,1
70142,2,20.0,1
70217,2,20.0,1
70277,1,20.0,1
70352,1,20.0,1
70409,1,20.0,1
70465,1,20.0,1
70522,0,20.0,1
70579,1,20.0,1
70637,1,20.0,1
70693,1,20.0,1
70748,0,20.0,1
70808,3,12.647058823529413,0
70861,0,19.999999999999996,1
70917,0,20.0,1
71014,2,20.0,1
71069,1,20.0,1
71126,1,20.0,1
71187,1,20.000000000000004,1
71247,1,20.0,1
71302,2,20.0,1
71357,3,13.73529411764706,0
71417,1,20.0,1
71473,1,20.0,1
71531,3,11.588235294117649,0
71588,1,20.0,1
71641,3,13.352941176470587,0
71699,1,20.0,1
71750,0,20.0,1
71808,1,20.000000000000004,1
71877,2,20.0,1
71951,2,20.000000000000004,1
72031,2,20.000000000000004,1
72091,1,19.999999999999996,1
72145,1,20.0,1
72205,1,20.0,1
72260,0,19.999999999999996,1
72315,0,20.000000000000004,1
72383,2,20.0,1
72465,2,20.176470588235297,1
72520,0,20.0,1
72637,2,21.080882352941185,1
72706,2,20.000000000000007,1
72769,1,20.000000000000004,1
72823,0,20.0,1
72890,2,20.132352941176467,1
72949,1,20.000000000000004,1
73004,0,20.0,1
73077,2,20.110294117647058,1
73130,0,20.0,1
73206,2,20.000000000000004,1
73282,3,13.47058823529412,0
73341,3,12.29411764705882,0
73417,2,20.23529411764706,1
73475,1,19.999999999999996,1
73542,2,20.000000000000004,1
73602,1,20.0,1
73665,2,20.000000000000004,1
73728,1,20.000000000000004,1
73808,2,20.250000000000004,1
73863,0,20.0,1
73927,1,20.000000000000004,1
73982,0,19.999999999999996,1
74041,1,20.0,1
74094,3,13.000000000000002,0
74168,2,20.102941176470587,1
74239,2,20.000000000000004,1
74298,0,20.0,1
74362,1,20.000000000000004,1
74434,2,20.0,1
74550,2,20.35294117647059,1
74608,3,12.647058823529413,0
74693,2,20.000000000000004,1
74768,2,20.176470588235297,1
74918,3,14.499999999999996,0
74986,1,20.0,1
75078,2,20.96323529411765,1
75140,3,13.029411764705886,0
75226,2,20.28676470588236,1
75294,1,20.000000000000004,1
75359,0,20.000000000000007,1
75416,0,20.0,1
75489,2,20.000000000000004,1
75558,1,20.000000000000004,1
75617,1,20.000000000000004,1
75709,1,20.117647058823533,1
75774,0,20.0,1
75855,2,20.470588235294116,1
75932,2,20.0,1
75998,1,20.0,1
76064,1,20.0,1
76133,2,20.000000000000004,1
76199,1,20.0,1
76264,1,20.0,1
76321,2,20.0,1
76384,1,20.000000000000004,1
76459,2,20.0,1
76515,3,12.294117647058824,0
76577,1,20.0,1
76638,3,12.647058823529415,0
76702,1,20.0,1
76758,1,19.999999999999996,1
76820,1,20.000000000000004,1
76881,2,20.0,1
76941,1,20.000000000000004,1
77007,2,20.000000000000004,1
77063,0,20.110294117647058,1
77119,0,20.0,1
77269,3,14.44117647058823,0
77329,1,20.176470588235293,1
77389,3,13.029411764705882,0
77451,2,20.0,1
77509,3,13.382352941176471,0
77564,0,20.117647058823525,1
77623,1,20.000000000000004,1
77687,3,11.941176470588237,0
77753,1,20.0,1
77815,3,12.647058823529415,0
77883,2,20.0,1
77958,2,20.000000000000004,1
78019,2,20.0,1
78083,1,20.0,1
78154,2,20.000000000000004,1
78230,2,20.169117647058826,1
78303,1,20.0,1
78445,3,14.727941176470582,0
78501,1,20.0,1
78563,1,20.0,1
78645,2,20.0,1
78704,2,20.0,1
78854,3,14.85294117647058,0
78909,0,20.0,1
78984,2,20.000000000000004,1
79076,2,20.772058823529413,1
79136,1,20.0,1
79206,2,20.0,1
79279,2,20.0,1
79336,0,20.0,1
79396,2,20.0,1
79462,2,20.000000000000004,1
79519,3,12.294117647058828,0
79574,0,20.0,1
79633,0,20.000000000000004,1
79688,3,12.294117647058828,0
79744,3,10.66544117647059,0
79800,0,20.0,1
79864,3,13.735294117647058,0
79937,2,20.19117647058824,1
79993,1,20.0,1
80051,0,20.0,1
80111,1,20.0,1
80174,2,20.294117647058822,1
80243,1,20.000000000000004,1
80306,2,19.999999999999996,1
80367,1,20.0,1
80428,2,20.0,1
80489,1,20.0,1
80547,0,19.999999999999996,1
80606,1,20.0,1
80660,3,13.0,0
80719,1,20.0,1
80775,1,20.11764705882353,1
80840,2,20.0,1
80925,2,20.000000000000004,1
80984,3,11.235294117647062,0
81039,0,20.0,1
81119,2,20.000000000000004,1
81177,0,20.000000000000004,1
81278,3,13.665441176470592,0
81361,2,20.0,1
81431,1,20.000000000000004,1
81487,0,20.0,1
81551,2,20.000000000000004,1
81610,1,20.0,1
81696,2,20.492647058823533,1
81756,1,20.0,1
81817,2,20.0,1
81906,2,20.000000000000004,1
81967,1,19.999999999999996,1
82021,0,20.0,1
82151,2,22.102941176470587,1
82203,0,19.999999999999996,1
82322,2,20.470588235294127,1
82386,2,20.000000000000004,1
82470,2,20.345588235294116,1
82530,1,20.0,1
82595,1,20.000000000000004,1
82657,1,20.0,1
82718,1,20.000000000000004,1
82799,2,20.000000000000004,1
82880,2,20.000000000000007,1
82943,1,20.0,1
82999,0,20.0,1
83061,1,20.000000000000007,1
83126,1,20.000000000000004,1
83188,1,20.0,1
83249,3,13.000000000000004,0
83347,2,20.323529411764714,1
83402,0,20.000000000000004,1
83457,0,20.000000000000004,1
83516,0,20.0,1
83583,1,20.000000000000004,1
83647,1,20.000000000000004,1
83737,2,20.463235294117652,1
83868,2,21.411764705882355,1
83931,1,20.0,1
83989,3,12.294117647058826,0
84044,0,20.0,1
84109,0,20.0,1
84169,0,20.0,1
84271,2,21.35294117647059,1
84345,2,20.000000000000004,1
84421,1,20.0,1
84507,2,20.301470588235293,1
84562,0,20.0,1
84652,2,20.102941176470594,1
84712,1,20.11764705882353,1
84771,3,10.88235294117647,0
84826,0,19.999999999999996,1
84902,2,20.000000000000004,1
84960,3,11.23529411764706,0
85046,0,20.000000000000004,1
85196,3,16.588235294117645,0
85271,2,20.0,1
85327,0,20.11764705882353,1
85407,0,20.000000000000004,1
85472,2,20.000000000000004,1
85551,2,20.000000000000007,1
85607,0,20.11764705882353,1
85662,0,20.0,1
85714,0,20.0,1
85769,0,20.0,1
85821,0,20.0,1
85885,1,20.000000000000004,1
85958,2,20.000000000000004,1
86018,1,20.000000000000007,1
86093,1,20.24264705882353,1
86154,2,20.0,1
86210,1,20.0,1
86266,1,20.0,1
86325,0,20.000000000000007,1
86381,1,19.999999999999996,1
86439,0,20.000000000000004,1
86518,2,20.000000000000004,1
86580,1,20.0,1
86636,0,20.000000000000004,1
86718,2,20.000000000000007,1
86777,1,20.0,1
86836,0,19.999999999999996,1
86899,1,20.0,1
86959,1,20.000000000000004,1
87015,0,20.0,1
87075,1,20.0,1
87132,0,20.0,1
87189,0,20.0,1
87260,2,20.000000000000004,1
87333,2,20.0,1
87388,0,20.0,1
87440,3,12.294117647058826,0
87497,1,20.0,1
87551,3,12.999999999999998,0
87614,1,20.0,1
87672,2,20.0,1
87727,0,20.0,1
87809,2,20.0,1
87869,0,20.0,1
87930,1,19.999999999999996,1
87987,1,20.0,1
88042,0,19.999999999999996,1
88100,2,20.0,1
88155,0,20.0,1
88228,2,20.000000000000004,1
88280,0,19.999999999999996,1
88349,1,20.000000000000004,1
88448,2,20.000000000000007,1
88507,1,20.0,1
88562,0,20.0,1
88620,0,20.0,1
88671,0,20.0,1
88732,1,20.000000000000004,1
88787,0,20.0,1
88848,1,20.000000000000004,1
88913,1,20.0,1
88972,1,19.999999999999996,1
89029,1,19.999999999999996,1
89085,1,20.117647058823533,1
89140,0,20.0,1
89196,0,20.0,1
89248,0,20.117647058823533,1
89323,2,20.0,1
89374,0,20.23529411764706,1
89429,0,20.0,1
89518,2,20.000000000000004,1
89618,2,20.23529411764706,1
89678,1,20.11764705882353,1
89752,2,20.11764705882353,1
89807,0,20.0,1
89863,0,20.470588235294116,1
89943,2,20.16911764705882,1
90004,1,20.0,1
90060,0,20.411764705882355,1
90139,2,20.0,1
90200,2,20.0,1
90275,2,20.0,1
90384,2,21.11764705882353,1
90439,0,20.0,1
90497,1,20.0,1
90552,0,20.41176470588235,1
90613,1,20.41176470588235,1
90668,0,20.0,1
90723,0,20.0,1
90783,1,20.419117647058822,1
90838,0,20.0,1
90894,1,19.999999999999996,1
90950,1,20.0,1
91012,3,12.323529411764707,0
91065,3,10.676470588235292,0
91116,3,11.588235294117647,0
91209,2,20.000000000000004,1
91322,2,20.647058823529417,1
91386,3,13.558823529411763,0
91449,1,19.999999999999996,1
91504,0,20.0,1
91569,2,20.0,1
91644,2,20.176470588235297,1
91703,1,20.0,1
91761,0,20.477941176470587,1
91840,2,20.0,1
91896,0,20.0,1
91959,2,19.999999999999996,1
92017,1,20.11764705882353,1
92076,1,20.0,1
92154,2,20.0,1
92211,1,20.0,1
92263,0,20.0,1
92331,2,20.0,1
92415,2,20.23529411764706,1
92471,1,20.000000000000004,1
92523,3,12.647058823529413,0
92640,2,20.463235294117652,1
92713,2,20.022058823529417,1
92768,0,20.419117647058826,1
92820,3,10.529411764705886,0
92922,2,20.000000000000004,1
92985,1,20.000000000000004,1
93065,2,20.000000000000004,1
93125,1,20.0,1
93181,3,13.382352941176471,0
93265,2,20.176470588235297,1
93370,2,20.000000000000007,1
93476,2,20.47794117647059,1
93537,2,20.000000000000004,1
93594,3,12.676470588235293,0
93682,2,20.051470588235297,1
93737,1,20.0,1
93789,3,12.731617647058824,0
93854,2,20.000000000000007,1
93910,0,20.0,1
93975,3,13.73529411764706,0
94091,2,20.823529411764714,1
94176,2,20.544117647058826,1
94232,1,20.0,1
94319,2,20.000000000000004,1
94378,3,11.588235294117649,0
94443,2,20.0,1
94507,2,20.0,1
94580,2,20.000000000000004,1
94645,1,20.0,1
94714,2,20.0,1
94770,0,20.0,1
94825,0,20.0,1
94895,2,20.000000000000004,1
94977,2,20.47058823529412,1
95063,2,20.000000000000007,1
95136,1,20.000000000000004,1
95209,2,20.000000000000007,1
95261,0,19.999999999999996,1
95335,2,20.0,1
95404,1,20.000000000000004,1
95494,2,20.19852941176471,1
95558,3,13.352941176470589,0
95657,2,20.669117647058826,1
95730,2,20.000000000000004,1
95790,1,20.0,1
95863,2,20.0,1
95947,2,19.999999999999996,1
96025,2,20.000000000000004,1
96073,3,11.588235294117647,0
96135,1,20.0,1
96276,2,22.132352941176475,1
96351,2,20.000000000000004,1
96427,2,20.000000000000004,1
96493,2,20.0,1
96566,2,20.0,1
96709,3,16.264705882352942,0
96844,2,21.882352941176475,1
96904,1,20.0,1
96957,3,12.647058823529411,0
97009,3,12.999999999999998,0
97065,1,19.999999999999996,1
97125,1,20.0,1
97179,0,20.0,1
97256,2,20.0,1
97308,0,20.0,1
97363,1,20.0,1
97419,1,20.0,1
97476,0,20.0,1
97534,0,20.235294117647058,1
97589,0,20.0,1
97673,2,20.000000000000007,1
97753,2,20.47058823529412,1
97812,1,20.0,1
97868,0,20.47058823529412,1
97926,1,20.588235294117645,1
98018,2,20.58088235294118,1
98073,0,20.0,1
98136,2,20.000000000000004,1
98191,0,20.64705882352941,1
98248,1,20.0,1
98331,2,20.47058823529412,1
98387,0,20.470588235294116,1
98443,0,20.235294117647058,1
98499,0,20.117647058823533,1
98563,1,20.522058823529413,1
98646,2,20.000000000000007,1
98721,2,20.47058823529412,1
98799,2,20.000000000000004,1
98854,0,20.0,1
98914,1,20.338235294117645,1
98984,2,20.102941176470587,1
99078,2,20.52941176470588,1
99190,3,15.014705882352946,0
99246,1,20.294117647058826,1
99309,1,20.23529411764706,1
99361,0,20.35294117647059,1
99413,0,20.30147058823529,1
99478,1,20.52941176470588,1
99556,2,20.352941176470594,1
99617,0,20.1764705882353,1
99676,0,20.294117647058822,1
99764,2,20.000000000000004,1
99822,1,20.352941176470587,1
99946,2,22.977941176470583,1
100002,1,20.235294117647058,1
100057,0,20.0,1
100114,1,20.176470588235297,1
100174,1,20.294117647058822,1
100233,0,20.470588235294116,1
100288,0,20.294117647058822,1
100346,0,20.41176470588235,1
100419,2,20.058823529411764,1
100476,0,20.058823529411768,1
100532,0,20.0,1
100589,0,20.000000000000004,1
100652,1,20.235294117647058,1
100717,1,20.0,1
100774,0,20.352941176470587,1
100830,0,20.000000000000004,1
100886,1,20.0,1
100944,1,20.463235294117645,1
101007,1,20.11764705882353,1
101063,0,20.35294117647059,1
101118,0,20.0,1
101176,1,20.000000000000004,1
101231,0,20.0,1
101289,0,20.0,1
101345,0,20.000000000000007,1
101428,2,20.352941176470594,1
101484,0,20.0,1
101538,0,20.0,1
101592,0,19.999999999999996,1
101648,0,20.529411764705877,1
101703,0,20.058823529411764,1
101759,0,20.522058823529406,1
101815,0,20.235294117647058,1
101872,0,20.0,1
101931,0,20.529411764705888,1
101992,1,20.11764705882353,1
102050,1,20.58823529411765,1
102108,0,20.117647058823533,1
102171,1,19.999999999999996,1
102242,1,20.000000000000004,1
102298,1,20.235294117647058,1
102365,2,20.352941176470587,1
102424,0,20.0,1
102480,0,20.0,1
102538,0,20.411764705882355,1
102597,0,20.0,1
102658,1,20.0,1
102715,0,20.0,1
102780,1,20.235294117647058,1
102835,0,20.117647058823525,1
102889,0,20.0,1
102984,2,20.08088235294118,1
103040,0,20.0,1
103136,2,20.588235294117652,1
103189,0,20.000000000000004,1
103245,0,20.0,1
103355,2,20.529411764705888,1
103415,0,20.529411764705888,1
103475,1,20.345588235294116,1
103530,0,20.411764705882355,1
103597,2,20.52941176470588,1
103652,3,11.705882352941176,0
103715,1,20.0,1
103767,0,20.0,1
103826,1,20.470588235294116,1
103896,2,20.52941176470588,1
104006,2,20.117647058823533,1
104064,0,20.117647058823533,1
104155,2,20.117647058823536,1
104210,0,20.117647058823525,1
104278,1,20.411764705882355,1
104335,1,20.41176470588235,1
104392,0,20.47058823529412,1
104445,0,20.29411764705882,1
104509,1,20.235294117647065,1
104567,1,20.11764705882353,1
104626,1,19.999999999999996,1
104689,2,20.47058823529412,1
104746,0,20.352941176470587,1
104803,0,20.11764705882353,1
104869,2,20.41176470588235,1
104924,0,19.999999999999996,1
104980,0,20.470588235294116,1
105064,1,20.647058823529413,1
105126,1,20.41176470588235,1
105191,2,20.0,1
105255,1,20.52941176470588,1
105313,1,20.0,1
105377,2,20.11764705882353,1
105444,1,20.125,1
105525,2,20.580882352941178,1
105603,2,20.117647058823536,1
105658,1,20.470588235294116,1
105720,1,20.11764705882353,1
105778,1,20.35294117647059,1
105850,1,20.235294117647058,1
105911,1,20.41176470588235,1
105984,1,20.52941176470588,1
106040,0,20.470588235294116,1
106115,3,13.863970588235295,0
106171,0,20.0,1
106231,1,20.0,1
106291,1,20.176470588235297,1
106347,1,20.294117647058822,1
106407,1,20.000000000000004,1
106464,1,19.999999999999996,1
106530,2,20.0,1
106586,1,20.11764705882353,1
106648,1,20.0,1
106714,2,20.000000000000004,1
106774,1,20.0,1
106829,0,19.999999999999996,1
106882,0,20.000000000000004,1
106938,0,20.0,1
106998,1,19.999999999999996,1
107088,2,20.007352941176475,1
107148,1,20.0,1
107222,3,13.029411764705886,0
107287,1,20.0,1
107342,0,20.0,1
107406,1,20.000000000000004,1
107459,3,11.702205882352946,0
107553,3,13.977941176470589,0
107609,0,20.411764705882348,1
107670,1,20.0,1
107722,0,20.0,1
107778,1,20.000000000000004,1
107841,1,20.000000000000004,1
107919,2,20.0,1
107979,2,20.000000000000004,1
108034,0,20.0,1
108101,1,20.0,1
108156,0,20.0,1
108211,0,20.0,1
108267,0,20.0,1
108347,2,20.000000000000004,1
108404,0,19.999999999999996,1
108474,1,20.529411764705884,1
108538,1,19.999999999999996,1
108593,0,20.000000000000007,1
108658,1,20.0,1
108710,0,20.0,1
108765,0,20.0,1
108820,0,19.999999999999996,1
108879,0,20.0,1
108935,0,20.0,1
108996,0,20.0,1
109050,0,19.999999999999996,1
109105,0,19.999999999999996,1
109161,1,20.0,1
109216,0,19.999999999999996,1
109268,0,20.0,1
109324,1,20.0,1
109379,0,20.0,1
109434,0,19.999999999999996,1
109497,1,20.0,1
109552,0,19.999999999999996,1
109604,0,20.0,1
109659,0,19.999999999999996,1
109714,0,19.999999999999996,1
109769,0,20.0,1
109825,0,19.999999999999996,1
109877,0,20.0,1
109964,1,20.000000000000007,1
110034,2,19.999999999999996,1
110092,0,20.0,1
110147,0,20.0,1
110202,0,19.999999999999996,1
110257,0,20.000000000000004,1
110324,1,20.0,1
110379,0,20.0,1
110434,0,19.999999999999996,1
110486,0,20.0,1
110541,0,20.0,1
110596,0,19.999999999999996,1
110678,2,20.000000000000004,1
110735,0,20.000000000000004,1
110788,0,19.999999999999996,1
110843,0,20.000000000000004,1
110903,1,20.0,1
110957,0,20.0,1
111013,0,20.0,1
111078,1,20.0,1
111135,0,20.000000000000007,1
111199,1,20.000000000000004,1
111256,1,20.0,1
111312,0,19.999999999999996,1
111365,0,19.999999999999996,1
111425,1,20.0,1
111480,0,20.0,1
111534,0,20.0,1
111590,1,20.0,1
111646,0,19.999999999999996,1
111702,0,19.999999999999996,1
111757,1,20.0,1
111812,0,19.999999999999996,1
111867,0,20.000000000000004,1
111926,3,12.676470588235295,0
111979,0,19.999999999999996,1
112035,0,20.0,1
112090,0,19.999999999999996,1
112146,0,19.999999999999996,1
112243,2,20.000000000000007,1
112301,0,20.000000000000004,1
112376,2,20.0,1
112439,1,20.000000000000004,1
112502,1,20.0,1
112590,1,20.000000000000007,1
112648,1,20.0,1
112700,0,20.0,1
112756,0,20.000000000000004,1
112832,1,20.000000000000004,1
112982,3,15.205882352941172,0
113034,0,20.0,1
113089,0,20.0,1
113144,0,19.999999999999996,1
113199,0,20.0,1
113255,0,20.000000000000004,1
113343,2,20.000000000000004,1
113406,1,20.0,1
113556,3,14.051470588235295,0
113644,2,20.000000000000004,1
113729,2,20.000000000000004,1
113856,2,22.066176470588243,1
113911,0,20.0,1
113974,1,20.000000000000007,1
114033,1,20.47058823529412,1
114089,0,20.117647058823533,1
114144,0,20.0,1
114199,0,19.999999999999996,1
114289,2,20.0,1
114352,1,20.0,1
114407,0,20.0,1
114462,0,20.0,1
114517,0,20.0,1
114569,0,19.999999999999996,1
114629,1,20.0,1
114712,2,20.000000000000007,1
114767,0,20.0,1
114823,0,20.0,1
114886,1,19.999999999999996,1
114943,0,20.000000000000004,1
115004,1,20.000000000000004,1
115059,0,20.0,1
115158,2,20.345588235294123,1
115210,0,20.0,1
115270,1,20.0,1
115325,0,20.0,1
115380,0,20.0,1
115432,0,20.0,1
115485,0,20.000000000000004,1
115566,2,20.000000000000004,1
115635,1,20.000000000000004,1
115692,1,19.999999999999996,1
115748,0,20.000000000000004,1
115804,1,20.0,1
115864,1,20.0,1
115931,1,20.0,1
115989,0,20.0,1
116045,0,20.0,1
116101,0,20.0,1
116159,1,20.0,1
116211,0,20.0,1
116286,2,20.0,1
116363,2,20.0,1
116419,0,20.0,1
116491,1,20.000000000000004,1
116568,2,20.000000000000004,1
116635,1,20.000000000000004,1
116691,0,20.0,1
116778,2,20.000000000000004,1
116834,1,20.0,1
116894,1,20.0,1
116949,0,20.0,1
117004,0,20.0,1
117063,1,20.000000000000004,1
117116,0,20.0,1
117172,0,20.000000000000004,1
117226,1,20.0,1
117287,1,20.000000000000004,1
117366,2,20.000000000000007,1
117423,0,19.999999999999996,1
117479,0,19.999999999999996,1
117562,2,20.0,1
117617,1,20.0,1
117677,0,20.117647058823533,1
117756,2,20.000000000000007,1
117821,1,19.999999999999996,1
117877,0,19.999999999999996,1
117941,1,20.0,1
118032,2,20.110294117647065,1
118087,0,20.0,1
118184,2,20.352941176470594,1
118252,1,19.999999999999996,1
118316,1,20.0,1
118371,1,20.0,1
118439,1,20.000000000000004,1
118491,1,20.000000000000004,1
118544,0,19.999999999999996,1
118603,1,20.000000000000004,1
118655,0,20.0,1
118721,2,20.0,1
118777,0,20.000000000000004,1
118832,1,20.0,1
118887,2,20.0,1
118939,0,20.0,1
118997,2,20.000000000000004,1
119052,1,20.0,1
119127,2,20.0,1
119208,2,20.000000000000004,1
119275,1,20.0,1
119343,1,20.000000000000007,1
119402,1,20.000000000000004,1
119459,1,20.000000000000004,1
119514,0,20.0,1
119571,0,20.000000000000004,1
119637,3,12.647058823529417,0
119703,1,20.0,1
119766,1,20.000000000000004,1
119834,1,20.000000000000004,1
119892,1,20.000000000000004,1
119947,1,20.0,1
120016,2,20.000000000000007,1
120072,1,20.000000000000004,1
120136,1,20.000000000000004,1
120196,1,20.000000000000007,1
120253,0,20.0,1
120321,1,20.0,1
120377,3,12.323529411764708,0
120434,0,20.0,1
120490,0,20.0,1
120545,0,19.999999999999996,1
120604,2,20.000000000000004,1
120656,0,20.0,1
120719,3,13.735294117647063,0
120792,2,20.000000000000007,1
120847,1,20.000000000000004,1
120908,1,20.0,1
120963,0,19.999999999999996,1
121018,0,20.0,1
121093,1,20.000000000000004,1
121145,0,20.000000000000004,1
121197,0,20.0,1
121252,0,20.0,1
121305,0,19.999999999999996,1
121359,0,20.0,1
121415,0,20.0,1
121470,0,20.0,1
121534,1,19.999999999999996,1
121599,1,20.000000000000004,1
121668,2,20.000000000000004,1
121736,1,20.000000000000004,1
121802,1,20.0,1
121858,0,19.999999999999996,1
121911,0,19.999999999999996,1
121966,0,20.0,1
122046,2,20.32352941176471,1
122147,2,20.05882352941177,1
122202,0,20.0,1
122258,1,20.0,1
122310,0,20.0,1
122366,0,19.999999999999996,1
122425,0,20.117647058823525,1
122498,2,20.0,1
122554,0,20.0,1
122606,0,20.0,1
122659,0,20.000000000000004,1
122715,0,20.0,1
122775,1,20.0,1
122833,0,20.0,1
122885,0,19.999999999999996,1
122937,0,19.999999999999996,1
122994,1,20.0,1
123059,1,20.000000000000004,1
123117,1,20.0,1
123187,2,20.0,1
123250,2,20.000000000000004,1
123306,0,20.000000000000004,1
123374,1,20.000000000000004,1
123434,1,20.0,1
123489,0,19.999999999999996,1
123553,2,20.0,1
123632,2,20.022058823529413,1
123689,1,20.0,1
123745,0,20.0,1
123803,2,20.117647058823536,1
123861,0,20.000000000000004,1
123926,2,20.0,1
123997,2,20.0,1
124067,2,20.000000000000004,1
124127,1,20.0,1
124187,2,20.0,1
124254,1,20.000000000000004,1
124310,0,20.0,1
124372,2,20.0,1
124428,1,19.999999999999996,1
124509,2,20.0,1
124583,1,20.117647058823533,1
124640,1,20.0,1
124706,2,19.999999999999996,1
124759,0,20.0,1
124820,2,20.176470588235293,1
124876,1,19.999999999999996,1
124929,0,20.0,1
124992,2,20.000000000000004,1
125047,0,20.0,1
125116,2,20.0,1
125172,0,20.000000000000004,1
125225,0,20.0,1
125294,2,20.0,1
125347,0,20.0,1
125402,0,19.999999999999996,1
125455,0,20.0,1
125512,0,20.000000000000004,1
125572,1,20.0,1
125628,0,19.999999999999996,1
125682,0,20.117647058823533,1
125738,0,20.0,1
125794,1,20.0,1
125852,1,19.999999999999996,1
125908,0,20.0,1
125965,1,20.000000000000004,1
126024,1,19.999999999999996,1
126081,0,19.999999999999996,1
126138,1,20.0,1
126194,0,20.0,1
126251,0,20.0,1
126308,0,20.0,1
126368,1,20.0,1
126424,0,20.0,1
126481,0,20.0,1
126538,1,19.999999999999996,1
126599,1,20.0,1
126656,1,19.999999999999996,1
126721,1,20.000000000000004,1
126781,1,20.0,1
126838,0,20.0,1
126898,1,20.0,1
126959,2,20.0,1
127016,1,19.999999999999996,1
127072,1,20.0,1
127134,1,20.000000000000007,1
127191,0,20.0,1
127267,2,20.000000000000004,1
127324,1,19.999999999999996,1
127392,2,20.0,1
127475,2,20.000000000000004,1
127532,1,20.0,1
127589,1,20.000000000000004,1
127644,1,19.999999999999996,1
127697,0,20.0,1
127754,0,20.000000000000004,1
127811,1,20.0,1
127871,2,20.0,1
127927,0,20.0,1
127984,1,20.0,1
128040,0,20.000000000000004,1
128096,0,20.0,1
128155,3,13.38235294117647,0
128216,1,19.999999999999996,1
128274,1,20.0,1
128338,2,20.0,1
128399,1,20.0,1
128454,0,20.0,1
128515,1,20.0,1
128572,1,20.0,1
128625,0,20.0,1
128687,1,19.999999999999996,1
128753,1,20.000000000000007,1
128811,1,20.0,1
128863,0,20.0,1
128929,2,20.000000000000004,1
128986,0,20.0,1
129063,2,20.176470588235297,1
129138,2,20.000000000000004,1
129199,1,20.000000000000004,1
129251,0,20.0,1
129315,2,20.000000000000004,1
129372,1,20.0,1
129433,1,20.0,1
129493,1,20.0,1
129561,2,20.000000000000004,1
129617,0,20.0,1
129682,1,20.0,1
129738,0,20.0,1
129797,1,20.0,1
129875,2,20.000000000000004,1
129939,1,20.000000000000004,1
130000,1,20.0,1
130065,1,20.000000000000004,1
130121,1,20.0,1
130187,2,20.000000000000004,1
130251,2,20.0,1
130322,2,20.0,1
130425,2,21.01470588235295,1
130481,0,20.0,1
130541,0,20.000000000000004,1
130597,1,19.999999999999996,1
130653,0,20.0,1
130715,1,20.0,1
130787,1,20.0,1
130845,0,20.0,1
130904,1,20.0,1
130968,1,20.0,1
131024,0,20.000000000000004,1
131092,2,20.000000000000004,1
131167,2,20.1764705882353,1
131223,0,20.0,1
131276,0,19.999999999999996,1
131340,1,20.0,1
131404,2,20.000000000000004,1
131481,2,20.000000000000004,1
131534,0,20.0,1
131590,0,20.0,1
131647,1,20.0,1
131720,2,20.0,1
131793,2,20.000000000000004,1
131873,2,20.000000000000004,1
131934,1,20.000000000000004,1
131991,0,20.0,1
132045,0,19.999999999999996,1
132102,1,20.0,1
132176,2,20.000000000000004,1
132240,2,19.999999999999996,1
132311,2,20.0,1
132380,1,20.0,1
132440,0,20.0,1
132498,1,20.117647058823533,1
132554,0,20.0,1
132614,1,20.000000000000004,1
132670,0,20.0,1
132738,1,20.0,1
132794,1,19.999999999999993,1
132854,1,20.0,1
132907,0,19.999999999999996,1
132979,1,20.000000000000004,1
133037,0,20.000000000000004,1
133093,1,20.0,1
133158,1,20.000000000000004,1
133210,1,20.0,1
133266,1,20.0,1
133329,1,20.0,1
133395,1,20.000000000000004,1
133451,0,19.999999999999996,1
133520,2,20.0,1
133577,0,20.000000000000004,1
133633,0,20.0,1
133686,0,19.999999999999996,1
133757,2,20.000000000000004,1
133907,3,15.20588235294117,0
133966,1,20.000000000000004,1
134019,0,20.0,1
134075,0,20.000000000000004,1
134157,2,20.235294117647065,1
134232,2,20.000000000000004,1
134285,0,20.0,1
134343,0,20.0,1
134395,0,20.0,1
134462,3,13.029411764705888,0
134531,1,20.176470588235293,1
134592,1,20.0,1
134653,1,20.0,1
134706,0,20.0,1
134769,1,20.0,1
134826,0,20.0,1
134887,1,20.0,1
134952,1,20.0,1
135005,0,20.0,1
135062,1,20.0,1
135118,0,20.0,1
135183,2,20.0,1
135236,0,20.000000000000004,1
135292,1,20.0,1
135349,1,20.0,1
135405,1,20.0,1
135482,2,20.000000000000004,1
135540,1,20.0,1
135600,1,20.0,1
135661,1,20.000000000000004,1
135742,2,20.000000000000004,1
135798,0,20.000000000000004,1
135862,1,20.0,1
135934,2,20.000000000000004,1
135990,0,20.0,1
136054,1,20.0,1
136111,1,20.000000000000004,1
136198,2,20.000000000000004,1
136260,3,13.382352941176473,0
136321,2,20.0,1
136377,0,20.0,1
136439,1,19.999999999999996,1
136535,2,20.286764705882355,1
136597,1,20.0,1
136649,0,20.0,1
136718,2,20.0,1
136779,2,20.000000000000004,1
136863,2,20.23529411764706,1
136936,1,20.000000000000004,1
136988,0,19.999999999999996,1
137044,0,19.999999999999996,1
137104,1,20.0,1
137172,1,20.000000000000004,1
137228,1,19.999999999999996,1
137281,0,20.0,1
137337,0,20.0,1
137392,0,20.000000000000004,1
137471,3,13.02941176470589,0
137527,0,19.999999999999993,1
137583,0,19.999999999999996,1
137651,1,20.0,1
137710,1,20.0,1
137766,1,20.0,1
137823,1,19.999999999999996,1
137879,0,20.0,1
137935,0,20.0,1
137992,1,20.000000000000004,1
138048,0,20.0,1
138102,0,20.0,1
138158,0,20.0,1
138212,3,10.632352941176475,0
138272,1,20.000000000000004,1
138351,2,20.000000000000007,1
138403,0,20.0,1
138488,2,20.000000000000007,1
138544,0,19.999999999999996,1
138601,3,10.632352941176473,0
138670,2,20.0,1
138762,3,13.404411764705888,0
138823,2,20.0,1
138876,0,20.0,1
138929,0,19.999999999999996,1
138994,1,20.000000000000004,1
139055,1,20.11764705882353,1
139112,2,20.0,1
139181,1,20.0,1
139249,3,11.738970588235293,0
139308,3,13.73529411764706,0
139364,1,20.0,1
139449,2,20.007352941176478,1
139503,3,12.676470588235295,0
139562,3,10.955882352941178,0
139618,1,20.0,1
139674,0,20.0,1
139743,2,20.000000000000004,1
139792,3,11.588235294117652,0
139860,2,20.000000000000004,1
139943,3,13.44117647058824,0
140008,2,20.000000000000007,1
140089,2,20.000000000000004,1
140156,1,20.161764705882355,1
140229,2,20.11764705882353,1
140288,1,20.000000000000004,1
140368,2,20.000000000000007,1
140428,1,20.000000000000004,1
140515,2,20.0,1
140571,2,20.000000000000004,1
140674,2,20.691176470588243,1
140739,2,19.999999999999996,1
140889,3,15.205882352941172,0
140943,3,12.294117647058828,0
141013,1,20.000000000000004,1
141068,3,12.294117647058824,0
141124,0,20.0,1
141196,2,20.0,1
141252,0,20.0,1
141315,2,20.11764705882353,1
141374,3,11.588235294117647,0
141448,2,20.000000000000004,1
141522,2,20.000000000000004,1
141637,2,20.588235294117656,1
141703,1,20.0,1
141771,1,20.117647058823536,1
141827,3,12.647058823529411,0
141882,0,20.0,1
141974,2,20.0,1
142028,0,20.0,1
142096,2,20.0,1
142152,0,20.0,1
142204,0,20.0,1
142260,1,19.999999999999996,1
142312,3,12.29411764705882,0
142372,1,20.0,1
142428,1,20.0,1
142520,2,20.000000000000007,1
142577,1,20.000000000000007,1
142632,0,20.0,1
142688,1,20.0,1
142744,1,20.0,1
142813,1,20.0,1
142865,0,20.000000000000004,1
142921,1,20.0,1
142977,1,20.0,1
143038,2,20.0,1
143098,1,20.000000000000004,1
143157,1,20.0,1
143210,0,20.0,1
143266,0,20.0,1
143327,2,20.000000000000004,1
143392,1,20.000000000000004,1
143451,1,20.0,1
143504,0,20.0,1
143560,1,20.0,1
143615,0,20.0,1
143725,2,20.772058823529417,1
143791,2,20.0,1
143844,0,20.0,1
143914,0,20.000000000000004,1
143967,0,20.0,1
144021,0,20.000000000000004,1
144081,1,20.000000000000004,1
144133,0,20.0,1
144185,0,20.0,1
144257,1,20.0,1
144320,2,20.0,1
144373,0,20.0,1
144436,1,20.000000000000007,1
144505,2,20.000000000000007,1
144573,2,20.000000000000004,1
144629,0,20.0,1
144688,2,20.176470588235297,1
144745,1,20.000000000000004,1
144798,0,20.0,1
144862,2,20.0,1
144917,3,10.529411764705884,0
144972,0,20.0,1
145033,1,19.999999999999996,1
145119,2,20.06617647058824,1
145175,0,20.0,1
145228,0,20.0,1
145280,0,20.0,1
145345,2,20.0,1
145400,1,19.999999999999996,1
145453,0,19.999999999999996,1
145513,1,20.0,1
145576,1,20.0,1
145628,0,20.0,1
145682,0,20.000000000000004,1
145781,2,20.000000000000007,1
145837,0,20.0,1
145960,2,20.97794117647059,1
146016,0,20.0,1
146072,0,19.999999999999996,1
146202,2,21.352941176470594,1
146268,1,20.000000000000004,1
146321,0,20.000000000000004,1
146381,1,20.0,1
146437,0,20.0,1
146493,3,13.000000000000004,0
146549,0,20.0,1
146622,2,20.000000000000004,1
146678,1,20.0,1
146734,1,20.0,1
146790,0,20.0,1
146847,1,20.0,1
146907,1,20.0,1
146991,2,20.000000000000004,1
147051,2,20.0,1
147127,1,20.000000000000007,1
147188,2,20.0,1
147282,2,20.000000000000007,1
147338,0,20.0,1
147400,1,20.0,1
147453,0,20.0,1
147506,3,11.941176470588236,0
147563,1,20.0,1
147619,0,20.0,1
147690,3,12.966911764705886,0
147743,0,20.0,1
147795,0,20.0,1
147848,0,20.0,1
147901,0,20.000000000000004,1
147954,0,20.0,1
148011,0,20.0,1
148067,1,20.0,1
148135,1,19.999999999999996,1
148188,0,20.0,1
148245,0,20.000000000000004,1
148297,0,20.0,1
148369,2,20.000000000000004,1
148434,2,20.000000000000004,1
148490,0,19.999999999999996,1
148565,2,20.000000000000007,1
148625,1,19.999999999999996,1
148678,0,20.0,1
148734,0,20.0,1
148789,0,20.0,1
148845,0,20.0,1
148901,0,20.0,1
148956,0,20.0,1
149032,2,20.0,1
149102,2,20.000000000000004,1
149161,1,19.999999999999996,1
149214,0,20.0,1
149271,0,19.999999999999996,1
149328,0,20.000000000000004,1
149383,1,20.0,1
149442,1,20.0,1
149532,2,20.29411764705883,1
149589,1,20.0,1
149645,0,20.0,1
149702,0,20.0,1
149760,0,20.0,1
149834,2,20.000000000000007,1
149914,2,20.000000000000007,1
149971,1,20.0,1
150031,1,20.000000000000004,1
150103,1,20.0,1
150168,2,20.000000000000004,1
150221,0,20.176470588235293,1
150277,0,20.0,1
150351,2,20.0,1
150407,0,20.0,1
150462,0,20.0,1
150523,1,20.117647058823533,1
150595,1,20.000000000000007,1
150670,2,20.0,1
150726,0,20.0,1
150783,1,19.999999999999996,1
150839,0,20.0,1
150895,1,20.0,1
150963,1,20.0,1
151035,2,20.000000000000004,1
151095,1,19.999999999999996,1
151187,2,20.29411764705883,1
151337,3,17.83823529411766,0
151392,0,20.0,1
151448,1,20.0,1
151527,1,20.117647058823533,1
151587,1,20.000000000000004,1
151680,1,20.125000000000007,1
151736,1,20.000000000000004,1
151788,0,20.0,1
151845,1,19.999999999999996,1
151905,1,20.0,1
152024,2,21.01470588235295,1
152090,3,11.654411764705886,0
152143,1,20.0,1
152207,1,20.0,1
152267,0,20.0,1
152323,0,20.0,1
152379,0,20.0,1
152446,1,20.000000000000007,1
152499,0,19.999999999999996,1
152555,0,20.0,1
152627,2,20.0,1
152713,3,13.492647058823533,0
152806,2,20.470588235294123,1
152872,1,20.0,1
152927,1,20.0,1
152980,0,19.999999999999996,1
153036,0,20.117647058823533,1
153094,1,20.11764705882353,1
153158,1,20.0,1
153246,2,20.125000000000007,1
153301,0,20.0,1
153357,1,20.0,1
153412,0,20.0,1
153468,0,20.0,1
153528,1,20.0,1
153606,2,20.176470588235297,1
153672,1,20.11764705882353,1
153729,0,20.000000000000004,1
153784,0,19.999999999999996,1
153840,0,20.0,1
153893,0,19.999999999999996,1
153949,0,20.0,1
154005,0,20.0,1
154089,2,20.183823529411768,1
154174,2,20.000000000000007,1
154243,1,20.000000000000007,1
154299,0,20.0,1
154355,0,20.0,1
154408,0,20.0,1
154464,0,19.999999999999996,1
154525,1,20.000000000000004,1
154586,2,20.0,1
154646,1,20.0,1
154714,1,20.000000000000007,1
154770,0,20.0,1
154822,0,20.0,1
154881,1,20.0,1
154954,2,20.051470588235297,1
155025,1,20.000000000000004,1
155125,2,20.70588235294118,1
155209,2,20.000000000000007,1
155276,1,20.0,1
155333,0,19.999999999999996,1
155386,0,20.0,1
155445,1,20.000000000000004,1
155501,0,20.0,1
155576,2,20.1764705882353,1
155632,0,20.0,1
155716,2,20.830882352941178,1
155783,2,20.000000000000004,1
155843,0,20.11764705882353,1
155908,1,20.000000000000004,1
155960,0,20.0,1
156041,2,20.1764705882353,1
156094,0,20.0,1
156154,2,19.999999999999996,1
156211,2,20.0,1
156263,0,20.117647058823533,1
156316,0,19.999999999999996,1
156368,0,20.0,1
156432,2,20.0,1
156496,2,20.0,1
156552,0,20.0,1
156610,3,13.382352941176476,0
156670,1,20.0,1
156730,1,20.0,1
156807,2,20.35294117647059,1
156860,0,20.0,1
156916,1,20.0,1
156992,2,20.000000000000004,1
157048,0,20.0,1
157105,1,20.0,1
157179,2,20.352941176470594,1
157231,0,20.0,1
157288,1,20.117647058823533,1
157363,2,20.073529411764707,1
157421,0,19.999999999999996,1
157485,1,20.000000000000004,1
157542,1,19.999999999999996,1
157602,1,20.0,1
157658,0,20.0,1
157713,0,20.0,1
157769,0,20.0,1
157839,2,20.0,1
157894,0,20.0,1
157947,0,20.0,1
158020,1,20.0,1
158077,1,20.0,1
158168,2,20.000000000000004,1
158239,2,20.0,1
158312,1,20.000000000000004,1
158369,0,20.0,1
158426,0,20.0,1
158489,3,12.294117647058824,0
158554,2,20.0,1
158610,1,20.0,1
158670,3,11.235294117647063,0
158743,2,20.000000000000004,1
158803,1,19.999999999999996,1
158863,1,19.999999999999996,1
158920,1,20.0,1
158997,1,20.183823529411764,1
159050,0,20.0,1
159115,1,20.000000000000004,1
159175,1,20.0,1
159256,2,20.000000000000007,1
159330,2,20.38970588235294,1
159423,2,20.125000000000004,1
159514,2,20.000000000000004,1
159584,2,20.000000000000004,1
159652,1,20.000000000000004,1
159705,1,20.0,1
159758,0,19.999999999999996,1
159819,1,20.0,1
159875,1,20.000000000000004,1
159931,0,20.0,1
160011,2,20.000000000000004,1
160075,1,20.0,1
160152,2,20.176470588235297,1
160202,3,9.441176470588236,0
160258,0,20.000000000000004,1
160408,3,12.632352941176466,0
160466,0,20.0,1
160523,0,20.000000000000004,1
160579,1,20.0,1
160697,2,20.860294117647065,1
160754,0,20.0,1
160821,2,20.000000000000004,1
160877,0,20.000000000000004,1
160938,1,20.0,1
160995,3,13.352941176470587,0
161082,2,20.360294117647065,1
161138,3,8.944852941176471,0
161199,2,20.000000000000004,1
161260,1,20.000000000000004,1
161318,1,20.0,1
161389,1,20.161764705882355,1
161445,0,20.0,1
161502,1,20.0,1
161561,1,20.000000000000004,1
161646,2,20.000000000000007,1
161714,1,20.000000000000004,1
161775,1,20.0,1
161831,0,20.0,1
161981,3,15.080882352941174,0
162041,1,20.0,1
162097,0,20.0,1
162149,0,20.000000000000004,1
162205,0,20.0,1
162262,1,20.0,1
162314,0,20.0,1
162387,1,20.000000000000004,1
162452,1,20.000000000000004,1
162504,0,20.0,1
162560,0,20.000000000000004,1
162620,3,10.882352941176473,0
162673,0,19.999999999999996,1
162743,1,20.000000000000007,1
162804,2,20.0,1
162868,1,20.000000000000004,1
162954,2,20.000000000000004,1
163014,2,20.0,1
163076,2,20.0,1
163140,1,20.000000000000004,1
163193,3,11.235294117647058,0
163252,1,19.999999999999996,1
163312,1,20.0,1
163364,0,20.0,1
163428,1,20.000000000000004,1
163522,2,20.933823529411768,1
163578,0,20.0,1
163644,1,20.0,1
163697,0,20.0,1
163752,3,12.29411764705882,0
163835,2,20.419117647058826,1
163916,2,20.000000000000004,1
163980,1,20.000000000000007,1
164040,0,19.999999999999996,1
164115,1,20.000000000000004,1
164165,3,10.882352941176471,0
164230,1,20.000000000000004,1
164286,0,19.999999999999996,1
164359,2,20.000000000000004,1
164415,0,19.999999999999996,1
164471,0,20.000000000000004,1
164527,0,20.0,1
164583,1,20.0,1
164639,0,20.0,1
164724,2,20.117647058823533,1
164780,1,20.0,1
164836,1,19.999999999999993,1
164905,2,20.0,1
164965,1,20.000000000000004,1
165020,0,20.0,1
165081,1,20.000000000000004,1
165163,1,20.000000000000007,1
165219,0,20.0,1
165272,0,20.0,1
165328,0,19.999999999999996,1
165381,0,20.0,1
165437,0,20.0,1
165498,3,12.294117647058828,0
165562,2,20.000000000000004,1
165625,1,20.000000000000004,1
165696,2,20.0,1
165748,0,20.0,1
165809,1,19.999999999999996,1
165862,3,9.823529411764708,0
165948,2,20.117647058823533,1
166098,3,15.205882352941176,0
166170,2,20.0,1
166239,2,20.235294117647065,1
166318,2,20.250000000000004,1
166373,0,19.999999999999996,1
166429,0,20.0,1
166485,2,20.0,1
166549,1,19.999999999999996,1
166602,3,9.926470588235297,0
166672,1,20.000000000000007,1
166732,1,20.0,1
166835,2,20.470588235294123,1
166894,1,20.0,1
166948,0,20.0,1
167022,2,20.000000000000007,1
167086,1,20.000000000000004,1
167146,2,19.999999999999996,1
167209,1,20.0,1
167314,2,20.977941176470587,1
167369,0,20.0,1
167438,3,13.382352941176476,0
167494,1,20.0,1
167567,1,20.0,1
167717,3,15.23529411764706,0
167773,0,20.0,1
167829,0,20.0,1
167884,1,20.125000000000004,1
167940,1,20.0,1
167996,0,20.0,1
168048,0,20.0,1
168101,0,20.0,1
168157,0,20.0,1
168239,2,20.411764705882355,1
168294,0,20.0,1
168347,0,20.000000000000004,1
168403,1,20.0,1
168462,1,20.117647058823533,1
168517,0,20.235294117647058,1
168572,0,20.0,1
168631,1,20.000000000000004,1
168683,0,20.235294117647058,1
168769,2,20.000000000000004,1
168816,3,9.470588235294118,0
168876,1,20.0,1
168929,1,20.000000000000004,1
168992,1,20.125000000000004,1
169111,2,20.602941176470594,1
169163,0,20.0,1
169270,2,20.57352941176471,1
169326,0,20.0,1
169387,1,20.000000000000004,1
169439,0,20.0,1
169501,1,20.125,1
169557,1,20.0,1
169616,1,20.0,1
169671,1,20.0,1
169734,1,20.0,1
169799,1,20.000000000000007,1
169854,0,20.0,1
169982,2,22.102941176470594,1
170038,0,20.0,1
170093,0,20.0,1
170160,2,20.0,1
170223,1,20.0,1
170349,3,15.16911764705883,0
170421,2,20.0,1
170474,0,20.11764705882353,1
170530,1,20.0,1
170603,1,20.0,1
170659,0,20.000000000000004,1
170714,0,20.0,1
170767,0,20.0,1
170839,2,20.000000000000007,1
170894,0,20.0,1
170949,0,20.0,1
171004,0,20.0,1
171062,1,20.0,1
171117,0,19.999999999999996,1
171173,1,20.0,1
171229,1,20.0,1
171284,0,20.0,1
171346,3,11.58823529411765,0
171406,1,19.999999999999996,1
171476,1,20.000000000000007,1
171538,1,20.0,1
171616,2,20.000000000000004,1
171672,3,10.529411764705886,0
171731,1,20.000000000000004,1
171833,2,20.522058823529424,1
171886,0,19.999999999999996,1
171941,0,20.0,1
171996,0,20.000000000000004,1
172055,0,20.0,1
172160,2,20.94852941176471,1
172216,0,20.0,1
172272,1,20.0,1
172327,0,20.000000000000004,1
172380,0,20.0,1
172436,0,20.125,1
172509,1,20.176470588235297,1
172572,1,19.999999999999996,1
172650,2,20.125000000000007,1
172760,2,20.257352941176475,1
172816,1,19.999999999999996,1
172872,0,20.117647058823533,1
172925,0,20.0,1
173075,3,14.735294117647058,0
173148,2,20.0,1
173221,2,20.014705882352946,1
173274,0,20.0,1
173333,2,20.11764705882353,1
173393,1,20.000000000000004,1
173470,3,13.735294117647065,0
173538,1,19.999999999999996,1
173591,0,20.0,1
173649,1,20.000000000000004,1
173706,0,20.0,1
173762,0,20.125,1
173825,1,20.0,1
173885,1,20.125000000000007,1
174001,2,20.51470588235295,1
174057,0,20.000000000000004,1
174113,1,20.0,1
174166,0,20.0,1
174221,0,20.11764705882353,1
174278,1,20.000000000000004,1
174333,0,20.0,1
174391,1,20.0,1
174461,2,20.000000000000004,1
174520,1,20.11764705882353,1
174579,1,20.0,1
174655,2,20.000000000000004,1
174729,1,20.0,1
174794,1,20.0,1
174849,0,20.0,1
174947,2,20.79411764705883,1
175042,2,20.404411764705884,1
175094,0,20.0,1
175163,1,20.000000000000004,1
175215,0,19.999999999999996,1
175268,0,19.999999999999996,1
175328,1,20.0,1
175386,1,20.000000000000004,1
175442,1,20.0,1
175496,0,20.000000000000004,1
175552,0,20.0,1
175622,0,20.000000000000004,1
175695,1,20.117647058823536,1
175748,0,19.999999999999996,1
175823,2,20.000000000000004,1
175973,3,14.19117647058823,0
176028,0,20.0,1
176084,1,20.0,1
176161,2,20.000000000000007,1
176232,2,20.000000000000004,1
176309,2,20.0,1
176363,0,20.0,1
176415,0,20.0,1
176477,2,19.999999999999996,1
176585,2,20.117647058823533,1
176644,1,20.0,1
176701,1,20.0,1
176761,1,20.117647058823525,1
176846,1,20.000000000000004,1
176901,0,20.0,1
176961,2,20.0,1
177016,0,20.0,1
177071,0,20.0,1
177135,1,19.999999999999996,1
177210,2,20.117647058823533,1
177270,1,20.0,1
177322,0,19.999999999999996,1
177377,0,20.0,1
177460,2,20.000000000000004,1
177512,0,20.0,1
177572,1,20.0,1
177646,1,20.11764705882353,1
177737,2,20.000000000000004,1
177801,1,20.000000000000004,1
177861,1,20.0,1
177917,3,13.02941176470588,0
177982,1,20.000000000000007,1
178039,3,11.338235294117649,0
178102,1,20.0,1
178158,0,20.000000000000004,1
178212,0,19.999999999999996,1
178279,1,20.0,1
178347,2,20.000000000000004,1
178418,3,13.558823529411772,0
178474,1,20.0,1
178530,1,20.0,1
178587,3,13.029411764705886,0
178647,1,19.999999999999996,1
178703,0,20.176470588235293,1
178799,2,20.058823529411768,1
178863,1,20.11764705882353,1
178919,0,20.117647058823533,1
178975,1,20.0,1
179034,2,20.0,1
179094,1,20.176470588235297,1
179149,0,19.999999999999996,1
179205,0,20.17647058823529,1
179260,0,20.0,1
179330,1,20.000000000000004,1
179393,1,20.0,1
179490,2,20.352941176470594,1
179549,1,20.0,1
179605,0,20.11764705882353,1
179670,1,20.117647058823533,1
179738,1,20.117647058823533,1
179791,0,20.0,1
179855,1,20.000000000000004,1
179911,0,20.0,1
179967,0,20.0,1
180024,1,20.0,1
180092,1,20.117647058823533,1
180242,3,14.38235294117647,0
180311,1,20.0,1
180368,1,20.176470588235293,1
180424,1,20.0,1
180506,3,13.500000000000004,0
180570,1,20.11764705882353,1
180617,3,11.290441176470587,0
180670,0,20.117647058823525,1
180730,1,20.11764705882353,1
180791,1,19.999999999999996,1
180896,2,21.411764705882355,1
180993,2,20.117647058823533,1
181057,1,20.0,1
181115,1,20.17647058823529,1
181182,2,20.0,1
181254,1,20.11764705882353,1
181315,1,20.11764705882353,1
181371,1,20.11764705882353,1
181427,1,20.0,1
181474,3,10.286764705882353,0
181548,2,20.294117647058822,1
181631,2,20.81617647058824,1
181687,0,20.11764705882353,1
181752,1,20.000000000000004,1
181809,0,20.24264705882353,1
181866,1,20.11764705882353,1
181922,1,20.11764705882353,1
182038,2,20.992647058823536,1
182091,0,19.999999999999996,1
182146,1,20.0,1
182212,1,20.11764705882353,1
182272,1,19.999999999999996,1
182344,1,20.49264705882353,1
182400,0,20.117647058823525,1
182456,0,20.117647058823525,1
182508,0,20.176470588235293,1
182565,1,20.0,1
182641,3,14.117647058823538,0
182703,2,20.0,1
182853,3,15.205882352941174,0
182926,2,20.000000000000004,1
182985,0,20.0,1
183135,3,14.852941176470583,0
183191,0,20.0,1
183256,1,20.0,1
183323,3,13.382352941176471,0
183379,1,20.0,1
183435,0,20.176470588235297,1
183499,1,20.0,1
183577,2,20.000000000000007,1
183636,1,20.0,1
183692,0,19.999999999999996,1
183751,1,20.11764705882353,1
183808,0,20.0,1
183863,0,20.0,1
183931,1,20.000000000000004,1
183984,0,20.0,1
184036,0,20.0,1
184092,0,20.0,1
184147,0,20.0,1
184199,0,20.0,1
184251,0,20.0,1
184326,2,20.0,1
184382,1,20.0,1
184438,0,20.0,1
184491,0,20.0,1
184543,0,19.999999999999996,1
184599,1,20.0,1
184652,0,19.999999999999996,1
184705,1,19.999999999999996,1
184769,2,20.0,1
184829,2,19.999999999999996,1
184886,0,19.999999999999996,1
184939,0,20.0,1
185002,2,20.0,1
185057,0,20.0,1
185113,0,20.0,1
185170,0,20.0,1
185226,1,20.0,1
185282,1,19.999999999999996,1
185355,2,20.0,1
185408,0,19.999999999999996,1
185469,0,20.0,1
185533,1,19.999999999999996,1
185590,1,19.999999999999996,1
185646,0,20.0,1
185736,2,20.000000000000004,1
185802,1,20.0,1
185858,0,20.0,1
185917,1,19.999999999999996,1
185974,0,19.999999999999996,1
186034,1,20.0,1
186091,1,20.0,1
186155,1,20.0,1
186214,1,20.11764705882353,1
186267,1,20.0,1
186323,1,20.0,1
186379,1,20.0,1
186439,2,20.000000000000004,1
186495,0,19.999999999999996,1
186555,1,20.0,1
186613,1,20.0,1
186665,0,20.0,1
186722,0,20.0,1
186774,0,20.0,1
186830,1,20.000000000000004,1
186902,2,20.0,1
186961,1,20.000000000000004,1
187019,1,20.0,1
187082,1,20.0,1
187134,0,20.0,1
187195,1,20.0,1
187256,1,20.000000000000004,1
187312,1,20.0,1
187368,1,20.0,1
187425,1,20.000000000000004,1
187477,0,19.999999999999996,1
187530,0,20.0,1
187590,2,20.0,1
187647,0,20.0,1
187715,2,19.999999999999996,1
187773,1,20.0,1
187832,1,20.0,1
187893,1,20.0,1
187950,1,20.0,1
188007,0,19.999999999999996,1
188068,1,20.0,1
188121,0,20.0,1
188179,1,20.0,1
188238,1,20.000000000000004,1
188294,0,19.999999999999996,1
188351,0,20.000000000000004,1
188418,1,20.0,1
188473,0,20.0,1
188532,1,20.0,1
188611,2,20.000000000000004,1
188668,0,20.0,1
188736,1,20.000000000000004,1
188819,2,20.044117647058826,1
188915,2,20.000000000000004,1
188972,1,20.0,1
189032,0,20.0,1
189092,1,20.0,1
189201,3,14.22426470588236,0
189258,0,20.0,1
189314,0,20.0,1
189388,2,20.23529411764706,1
189486,2,20.83088235294118,1
189543,1,19.999999999999996,1
189608,1,20.000000000000004,1
189679,2,20.000000000000004,1
189732,0,20.0,1
189788,0,20.0,1
189846,1,20.0,1
189898,0,20.0,1
189956,0,20.0,1
190008,0,20.0,1
190064,0,20.0,1
190121,1,20.0,1
190183,3,12.647058823529417,0
190240,1,20.0,1
190296,0,20.0,1
190364,1,19.999999999999996,1
190431,1,20.000000000000004,1
190487,0,20.0,1
190550,2,20.0,1
190614,2,19.999999999999996,1
190684,1,20.000000000000007,1
190747,1,20.11764705882353,1
190814,1,20.000000000000004,1
190871,1,20.0,1
190944,1,20.0,1
190999,0,20.0,1
191057,1,20.0,1
191113,0,20.000000000000004,1
191172,1,19.999999999999996,1
191243,1,20.11764705882353,1
191299,0,20.0,1
191353,0,20.0,1
191411,0,20.000000000000004,1
191471,0,19.999999999999996,1
191527,0,20.0,1
191586,1,20.0,1
191642,0,20.0,1
191698,0,20.0,1
191848,3,14.147058823529404,0
191904,0,19.999999999999996,1
191966,2,20.0,1
192022,0,20.0,1
192082,0,19.999999999999996,1
192146,1,20.0,1
192217,1,20.0,1
192269,0,20.117647058823533,1
192325,0,20.0,1
192380,0,19.999999999999996,1
192475,0,20.07352941176471,1
192531,0,20.0,1
192591,0,20.0,1
192647,0,20.0,1
192703,0,20.0,1
192756,0,20.0,1
192809,0,20.0,1
192864,0,20.0,1
192919,0,20.0,1
192988,2,20.0,1
193044,1,20.117647058823533,1
193103,0,20.000000000000004,1
193155,0,20.0,1
193207,0,20.0,1
193260,0,20.0,1
193320,1,20.117647058823525,1
193376,0,20.11764705882353,1
193453,1,20.411764705882355,1
193513,1,20.0,1
193569,0,19.999999999999996,1
193622,0,20.0,1
193678,0,20.0,1
193763,2,20.308823529411768,1
193818,0,19.999999999999996,1
193874,1,19.999999999999996,1
193930,0,20.0,1
193988,1,20.0,1
194043,1,20.13235294117647,1
194099,0,20.235294117647058,1
194152,0,20.0,1
194209,1,20.0,1
194267,1,20.0,1
194327,2,20.24264705882353,1
194383,1,19.999999999999996,1
194439,1,20.11764705882353,1
194501,1,20.0,1
194558,0,20.11764705882353,1
194625,1,20.000000000000004,1
194681,0,19.999999999999996,1
194737,0,20.000000000000004,1
194790,0,19.999999999999996,1
194845,0,20.11764705882353,1
194897,0,20.0,1
194963,2,20.000000000000004,1
195024,1,20.0,1
195084,1,20.0,1
195175,2,20.647058823529417,1
195239,1,20.411764705882355,1
195299,1,20.117647058823533,1
195358,3,12.10294117647059,0
195414,0,20.0,1
195470,0,20.0,1
195536,1,20.23529411764706,1
195592,0,20.235294117647054,1
195670,2,20.117647058823533,1
195739,1,20.169117647058826,1
195817,2,20.58823529411765,1
195930,2,21.21323529411765,1
195993,1,20.411764705882355,1
196046,0,20.235294117647058,1
196182,2,22.014705882352942,1
196256,2,20.35294117647059,1
196311,0,20.235294117647058,1
196371,1,20.294117647058826,1
196427,1,20.41176470588235,1
196491,2,20.529411764705884,1
196574,2,20.529411764705888,1
196678,2,21.117647058823536,1
196734,1,20.11764705882353,1
196798,1,20.000000000000004,1
196871,2,20.23529411764706,1
196927,1,20.294117647058822,1
196984,1,20.23529411764706,1
197040,0,20.29411764705882,1
197145,2,20.82352941176471,1
197216,3,13.066176470588237,0
197281,1,20.35294117647059,1
197338,1,20.235294117647058,1
197402,1,20.23529411764706,1
197458,1,20.294117647058822,1
197521,1,20.235294117647058,1
197595,2,20.235294117647058,1
197651,0,20.29411764705882,1
197707,0,20.352941176470583,1
197762,1,20.235294117647058,1
197822,1,20.000000000000004,1
197877,1,20.11764705882353,1
197933,0,20.23529411764706,1
197988,0,20.11764705882353,1
198040,0,20.0,1
198096,0,20.000000000000004,1
198153,2,20.0,1
198209,0,20.0,1
198264,0,20.0,1
198317,0,20.0,1
198373,0,20.0,1
198430,1,20.0,1
198500,1,20.000000000000007,1
198560,2,20.117647058823533,1
198620,2,20.176470588235293,1
198676,1,20.11764705882353,1
198733,1,20.11764705882353,1
198789,1,20.11764705882353,1
198864,2,20.294117647058826,1
198920,1,20.294117647058822,1
198976,0,20.235294117647058,1
199042,3,12.838235294117647,0
199099,1,20.235294117647058,1
199151,0,20.235294117647058,1
199206,0,20.352941176470587,1
199265,1,20.235294117647058,1
199325,1,20.11764705882353,1
199385,1,20.23529411764706,1
199432,3,10.661764705882355,0
199491,2,20.235294117647058,1
199548,1,20.411764705882355,1
199603,1,20.11764705882353,1
199672,1,20.117647058823525,1
199732,1,20.0,1
199813,3,13.966911764705886,0
199885,2,20.11764705882353,1
199942,1,20.235294117647058,1
200000,1,20.235294117647058,1
200073,1,20.411764705882355,1
200125,3,11.294117647058826,0
200181,0,20.35294117647059,1
200245,1,20.470588235294116,1
200309,2,20.235294117647058,1
200383,2,20.294117647058826,1
200439,1,20.235294117647058,1
200495,0,20.52941176470588,1
200570,2,20.1764705882353,1
200629,1,20.41176470588235,1
200697,1,20.411764705882348,1
200785,2,20.411764705882355,1
200853,1,20.705882352941174,1
200908,0,20.294117647058826,1
200974,1,20.47058823529412,1
201030,0,20.352941176470587,1
201123,2,21.014705882352946,1
201176,0,20.235294117647058,1
201238,1,20.470588235294116,1
201299,1,20.35294117647059,1
201356,1,20.23529411764706,1
201406,3,11.738970588235292,0
201502,2,20.588235294117652,1
201560,3,10.996323529411764,0
201623,2,20.235294117647058,1
201689,1,20.35294117647059,1
201742,0,20.235294117647058,1
201801,2,20.11764705882353,1
201858,3,14.147058823529411,0
201913,1,20.294117647058822,1
201965,0,20.294117647058826,1
202021,0,20.470588235294116,1
202076,0,20.1764705882353,1
202131,1,20.235294117647058,1
202187,1,20.411764705882348,1
202243,1,20.235294117647058,1
202299,0,20.294117647058826,1
202358,1,20.411764705882355,1
202414,0,20.352941176470587,1
202470,1,20.294117647058826,1
202526,0,20.352941176470587,1
202581,0,20.23529411764706,1
202637,0,20.294117647058822,1
202696,1,20.470588235294116,1
202777,3,14.235294117647063,0
202839,1,20.52941176470588,1
202895,1,20.294117647058822,1
202952,1,20.35294117647059,1
203042,2,20.529411764705884,1
203103,1,20.47058823529412,1
203164,3,14.176470588235292,0
203219,0,20.294117647058822,1
203274,0,19.999999999999996,1
203330,0,20.11764705882353,1
203394,1,20.352941176470587,1
203472,2,20.823529411764707,1
203532,1,20.352941176470587,1
203587,0,20.41176470588235,1
203647,1,20.235294117647058,1
203700,0,20.176470588235297,1
203755,0,20.470588235294116,1
203834,2,20.47058823529412,1
203890,0,20.470588235294116,1
203957,1,20.411764705882355,1
204020,1,20.52941176470588,1
204081,1,20.294117647058826,1
204137,0,20.470588235294116,1
204201,1,20.529411764705884,1
204254,0,20.235294117647058,1
204314,1,20.35294117647059,1
204372,1,20.352941176470587,1
204444,1,20.35294117647059,1
204500,0,20.41176470588235,1
204557,1,20.705882352941174,1
204650,2,20.242647058823536,1
204715,2,20.41176470588235,1
204776,0,20.470588235294116,1
204844,1,20.470588235294123,1
204904,1,20.470588235294116,1
204963,1,20.41176470588235,1
205022,1,20.41176470588235,1
205088,1,20.588235294117645,1
205152,1,20.47058823529412,1
205207,0,20.235294117647054,1
205266,1,20.352941176470587,1
205327,0,20.35294117647059,1
205390,1,20.41176470588235,1
205469,2,20.41176470588236,1
205525,1,20.000000000000004,1
205613,2,20.000000000000004,1
205679,1,20.47058823529412,1
205738,1,20.0,1
205817,2,20.23529411764706,1
205906,2,20.45588235294118,1
205972,1,20.705882352941178,1
206028,0,20.0,1
206091,1,20.52941176470588,1
206156,1,19.999999999999996,1
206250,2,20.000000000000004,1
206305,0,20.000000000000004,1
206358,0,19.999999999999996,1
206413,0,19.999999999999996,1
206481,2,20.0,1
206538,0,20.0,1
206594,0,19.999999999999996,1
206651,1,20.0,1
206727,2,20.35294117647059,1
206783,2,20.0,1
206835,0,20.0,1
206887,1,20.0,1
206986,2,20.45588235294118,1
207052,2,20.0,1
207109,1,20.000000000000004,1
207167,2,19.999999999999996,1
207222,0,19.999999999999996,1
207280,0,20.000000000000004,1
207336,0,19.999999999999996,1
207404,2,20.000000000000004,1
207459,0,20.0,1
207514,1,20.0,1
207570,0,20.0,1
207625,1,20.0,1
207685,0,20.39705882352941,1
207753,1,20.000000000000004,1
207812,1,19.999999999999996,1
207879,2,20.000000000000004,1
207948,2,19.999999999999996,1
208004,0,19.999999999999996,1
208061,1,20.000000000000004,1
208138,2,20.000000000000004,1
208190,0,20.0,1
208246,0,20.000000000000004,1
208301,0,20.0,1
208368,2,20.000000000000004,1
208423,0,19.999999999999996,1
208485,1,20.000000000000004,1
208541,1,20.0,1
208595,0,20.0,1
208651,1,20.0,1
208703,0,20.0,1
208766,1,20.000000000000004,1
208829,2,20.000000000000004,1
208939,2,20.588235294117652,1
209005,1,20.000000000000004,1
209068,1,20.0,1
209128,1,20.0,1
209191,1,20.000000000000004,1
209244,0,20.000000000000004,1
209296,0,20.0,1
209359,2,19.999999999999996,1
209422,1,20.0,1
209485,1,20.0,1
209576,2,20.000000000000004,1
209639,1,20.000000000000004,1
209706,1,20.0,1
209761,1,20.0,1
209823,1,20.0,1
209886,1,20.0,1
209941,1,20.0,1
210003,1,20.000000000000004,1
210070,1,20.000000000000004,1
210122,0,19.999999999999996,1
210203,2,20.000000000000004,1
210258,0,20.0,1
210313,1,19.999999999999996,1
210365,0,19.999999999999996,1
210432,2,20.000000000000004,1
210491,1,20.0,1
210543,0,20.0,1
210606,1,19.999999999999996,1
210671,1,20.000000000000007,1
210731,1,20.0,1
210783,0,20.0,1
210835,1,20.0,1
210890,0,20.0,1
210954,1,20.000000000000004,1
211009,0,20.0,1
211077,1,20.000000000000004,1
211180,2,20.169117647058826,1
211248,1,20.0,1
211304,0,20.000000000000004,1
211363,1,19.999999999999996,1
211418,0,20.0,1
211474,1,20.0,1
211529,0,20.0,1
211589,1,20.0,1
211647,0,20.0,1
211702,0,20.000000000000004,1
211754,0,20.0,1
211856,2,20.000000000000007,1
211925,1,20.41176470588235,1
211985,1,20.0,1
212050,1,19.999999999999996,1
212130,2,20.000000000000007,1
212186,1,20.0,1
212238,0,19.999999999999996,1
212297,1,20.117647058823533,1
212361,1,20.264705882352946,1
212413,0,20.0,1
212468,0,20.0,1
212531,2,20.0,1
212587,0,20.0,1
212653,1,20.352941176470587,1
212730,2,20.0,1
212781,0,20.0,1
212861,2,20.235294117647065,1
212913,0,20.0,1
212979,1,19.999999999999996,1
213039,1,20.000000000000004,1
213094,1,20.000000000000004,1
213148,0,20.000000000000004,1
213223,2,20.000000000000007,1
213286,1,20.000000000000004,1
213348,1,20.000000000000004,1
213408,1,20.000000000000004,1
213460,0,20.0,1
213514,0,19.999999999999996,1
213569,0,20.0,1
213631,1,20.000000000000004,1
213695,1,20.0,1
213750,0,20.0,1
213805,0,20.0,1
213877,2,20.000000000000004,1
213959,2,20.000000000000004,1
214010,0,20.0,1
214065,0,19.999999999999996,1
214128,1,20.0,1
214183,0,20.0,1
214237,0,20.11764705882353,1
214292,1,20.0,1
214358,1,20.0,1
214412,0,19.999999999999996,1
214479,1,20.000000000000004,1
214534,0,20.0,1
214586,0,20.0,1
214641,0,20.0,1
214696,0,20.0,1
214751,0,20.0,1
214807,1,20.0,1
214862,0,20.000000000000004,1
214914,0,20.0,1
214974,2,20.0,1
215029,0,19.999999999999996,1
215081,0,20.0,1
215133,0,20.0,1
215199,1,20.000000000000007,1
215254,0,20.000000000000004,1
215309,0,20.000000000000004,1
215365,0,20.0,1
215422,1,20.0,1
215477,0,20.0,1
215532,0,20.0,1
215589,0,20.0,1
215644,0,20.0,1
215696,0,20.0,1
215748,0,20.0,1
215803,0,20.0,1
215859,0,20.0,1
215914,0,20.0,1
215969,0,20.0,1
216025,0,20.0,1
216079,0,20.0,1
216132,0,19.999999999999996,1
216188,1,20.0,1
216239,0,20.0,1
216295,1,20.0,1
216351,1,20.0,1
216406,0,20.0,1
216461,0,20.0,1
216516,0,20.0,1
216576,1,20.0,1
216632,1,20.0,1
216687,0,20.000000000000004,1
216742,0,20.0,1
216797,1,20.0,1
216852,0,20.000000000000004,1
216923,1,20.0,1
216979,0,20.0,1
217034,0,20.0,1
217091,0,20.000000000000007,1
217148,1,20.0,1
217201,0,20.0,1
217257,0,20.0,1
217318,0,20.000000000000004,1
217373,0,20.0,1
217425,0,19.999999999999996,1
217480,1,20.0,1
217532,0,19.999999999999996,1
217587,1,20.0,1
217737,3,13.444852941176471,0
217797,1,20.0,1
217853,0,20.0,1
217912,1,20.0,1
217979,2,20.000000000000004,1
218043,2,20.0,1
218095,0,20.0,1
218150,1,20.0,1
218206,0,20.0,1
218265,1,20.000000000000004,1
218320,0,20.0,1
218374,0,20.000000000000004,1
218429,1,20.0,1
218481,0,20.0,1
218540,2,20.000000000000004,1
218596,0,20.0,1
218651,0,20.0,1
218707,0,19.999999999999996,1
218761,0,20.0,1
218817,1,20.000000000000004,1
218873,0,20.000000000000004,1
218928,0,20.0,1
218980,0,19.999999999999996,1
219033,0,20.0,1
219095,1,20.0,1
219147,0,19.999999999999996,1
219203,0,20.0,1
219257,0,20.0,1
219312,0,20.0,1
219369,1,20.0,1
219425,0,19.999999999999996,1
219492,2,20.0,1
219560,1,19.999999999999996,1
219612,0,19.999999999999996,1
219672,1,20.0,1
219732,1,20.0,1
219801,1,20.0,1
219856,0,20.000000000000004,1
219916,2,20.0,1
219975,1,20.0,1
220032,0,20.0,1
220087,0,20.0,1
220139,0,20.0,1
220194,0,20.0,1
220245,0,20.000000000000004,1
220301,0,20.0,1
220357,0,20.0,1
220412,0,20.0,1
220464,0,20.0,1
220515,0,20.000000000000007,1
220567,0,20.0,1
220623,0,20.0,1
220682,1,20.0,1
220737,0,20.0,1
220792,0,20.000000000000004,1
220847,0,20.0,1
220903,0,20.000000000000004,1
220958,0,20.0,1
221013,0,20.000000000000004,1
221082,1,20.000000000000007,1
221137,1,20.0,1
221192,0,20.0,1
221266,2,20.0,1
221332,1,20.000000000000004,1
221392,1,20.000000000000004,1
221447,0,20.0,1
221502,0,20.0,1
221561,0,20.0,1
221618,2,20.000000000000004,1
221674,0,20.0,1
221725,0,20.0,1
221783,0,20.051470588235297,1
221839,0,20.000000000000004,1
221894,0,20.0,1
221948,0,20.0,1
222015,2,20.000000000000004,1
222070,0,19.999999999999996,1
222125,0,20.0,1
222195,2,20.110294117647058,1
222250,0,20.0,1
222306,0,20.0,1
222361,0,20.0,1
222433,1,20.000000000000004,1
222488,0,20.11764705882353,1
222539,0,20.0,1
222597,1,20.000000000000004,1
222649,0,19.999999999999996,1
222701,0,19.999999999999996,1
222764,1,20.000000000000004,1
222817,0,20.0,1
222872,0,20.0,1
222939,1,20.235294117647058,1
222994,1,20.0,1
223049,0,20.0,1
223120,1,20.000000000000007,1
223177,0,20.0,1
223251,1,20.000000000000007,1
223306,0,20.0,1
223370,1,20.161764705882355,1
223424,0,20.0,1
223501,2,20.000000000000004,1
223560,0,20.117647058823533,1
223615,0,20.0,1
223682,2,20.000000000000004,1
223743,1,20.09558823529412,1
223798,0,20.0,1
223857,1,20.000000000000004,1
223925,1,20.000000000000004,1
223984,0,20.0,1
224051,1,19.999999999999996,1
224108,0,20.0,1
224164,0,20.0,1
224227,1,20.000000000000004,1
224282,0,20.000000000000004,1
224337,1,20.0,1
224405,2,20.117647058823533,1
224460,0,20.0,1
224512,0,20.0,1
224568,0,20.0,1
224624,1,20.0,1
224680,0,20.0,1
224731,0,20.0,1
224782,0,20.000000000000004,1
224839,0,20.0,1
224893,0,20.000000000000004,1
224961,1,20.000000000000004,1
225016,0,20.0,1
225084,1,20.000000000000004,1
225156,1,20.000000000000007,1
225241,2,20.411764705882355,1
225318,2,20.000000000000004,1
225385,1,20.0,1
225440,0,20.0,1
225506,1,20.16911764705883,1
225573,1,20.000000000000007,1
225629,0,20.000000000000004,1
225684,0,20.0,1
225740,1,20.0,1
225799,1,20.000000000000004,1
225855,0,20.0,1
225911,1,20.0,1
225967,0,20.0,1
226022,0,20.0,1
226078,0,20.0,1
226134,0,20.0,1
226188,0,20.000000000000004,1
226259,1,20.0,1
226314,0,20.0,1
226373,1,20.0,1
226437,1,20.0,1
226512,3,13.735294117647062,0
226571,1,19.999999999999996,1
226642,2,20.000000000000007,1
226698,1,20.0,1
226781,2,20.35294117647059,1
226837,0,20.0,1
226893,0,20.0,1
226948,1,20.0,1
227004,0,19.999999999999996,1
227064,1,20.0,1
227117,0,20.0,1
227170,0,20.24264705882353,1
227226,0,19.999999999999996,1
227278,0,20.0,1
227333,1,19.999999999999996,1
227396,1,20.000000000000004,1
227463,1,20.000000000000007,1
227520,0,20.000000000000004,1
227572,0,20.0,1
227628,1,20.0,1
227683,0,20.000000000000004,1
227754,1,20.000000000000007,1
227810,0,20.000000000000004,1
227903,2,20.70588235294118,1
227971,1,20.000000000000004,1
228023,0,20.0,1
228086,1,20.0,1
228141,0,20.0,1
228196,1,20.0,1
228252,0,19.999999999999996,1
228308,0,20.0,1
228364,0,20.0,1
228419,0,20.0,1
228479,1,20.0,1
228538,1,20.0,1
228597,1,20.0,1
228664,1,19.999999999999996,1
228720,0,19.999999999999996,1
228772,0,20.0,1
228828,0,20.000000000000004,1
228884,0,20.0,1
228939,0,20.0,1
228994,0,20.0,1
229057,1,20.0,1
229120,1,20.0,1
229176,0,20.0,1
229228,0,20.0,1
229284,1,20.0,1
229340,0,20.0,1
229404,1,20.000000000000004,1
229461,1,20.000000000000004,1
229517,0,20.0,1
229573,1,20.0,1
229637,1,19.999999999999996,1
229693,0,20.0,1
229764,1,20.000000000000004,1
229816,0,19.999999999999996,1
229887,1,20.000000000000004,1
229940,0,19.999999999999996,1
229997,0,20.0,1
230068,1,20.0,1
230123,1,20.257352941176467,1
230179,0,20.0,1
230244,1,19.999999999999996,1
230300,1,20.0,1
230352,0,20.235294117647058,1
230409,1,20.0,1
230465,1,20.0,1
230529,2,20.132352941176475,1
230593,1,20.301470588235297,1
230649,0,20.0,1
230701,0,20.0,1
230753,0,20.0,1
230809,0,20.0,1
230868,1,20.41176470588235,1
230924,0,19.999999999999996,1
230981,1,20.41176470588235,1
231037,0,20.0,1
231092,3,13.07720588235294,0
231156,1,20.301470588235297,1
231212,0,20.0,1
231272,3,13.07352941176471,0
231324,0,20.0,1
231379,0,20.47058823529412,1
231471,2,20.654411764705884,1
231526,1,20.0,1
231602,2,20.47794117647059,1
231654,0,20.0,1
231706,0,20.0,1
231769,1,20.000000000000004,1
231825,0,20.477941176470587,1
231877,0,19.999999999999996,1
231937,1,19.999999999999996,1
231992,0,20.470588235294116,1
232044,0,20.0,1
232104,1,20.411764705882355,1
232159,0,20.301470588235297,1
232211,0,20.301470588235293,1
232266,0,20.477941176470587,1
232318,0,20.294117647058822,1
232378,1,20.000000000000004,1
232451,2,20.889705882352942,1
232507,0,20.41176470588235,1
232559,0,20.0,1
232615,0,20.647058823529413,1
232667,0,20.235294117647058,1
232732,1,20.47058823529412,1
232793,2,20.0,1
232849,0,20.485294117647058,1
232909,1,20.11764705882353,1
232969,1,20.41176470588235,1
233021,0,20.301470588235293,1
233089,2,20.588235294117645,1
233149,0,19.999999999999996,1
233204,0,20.35294117647059,1
233296,2,20.705882352941178,1
233365,1,20.132352941176475,1
233431,1,20.0,1
233496,2,20.00735294117647,1
233560,1,20.0,1
233624,2,20.0,1
233680,0,20.0,1
233748,2,20.000000000000004,1
233803,0,20.470588235294116,1
233871,1,20.000000000000004,1
233932,1,20.0,1
233992,1,20.0,1
234044,0,19.999999999999996,1
234112,2,20.11764705882353,1
234164,0,20.0,1
234227,1,19.999999999999996,1
234283,1,20.0,1
234361,1,20.000000000000004,1
234429,1,20.0,1
234494,2,20.0,1
234599,2,20.419117647058826,1
234667,1,20.000000000000004,1
234722,0,19.999999999999996,1
234788,1,20.000000000000004,1
234840,0,20.0,1
234896,1,20.0,1
234970,2,20.000000000000004,1
235022,0,20.000000000000004,1
235098,2,20.0,1
235159,1,20.000000000000004,1
235231,1,20.0,1
235294,1,19.999999999999996,1
235350,0,20.0,1
235431,2,20.0,1
235484,0,19.999999999999996,1
235540,1,20.0,1
235593,0,20.0,1
235645,1,20.0,1
235705,3,13.783088235294114,0
235758,0,20.0,1
235813,0,19.999999999999996,1
235868,1,20.0,1
235924,0,19.999999999999996,1
235985,1,20.000000000000004,1
236037,0,20.0,1
236093,0,20.0,1
236145,0,20.0,1
236200,0,20.0,1
236261,3,13.735294117647062,0
236317,1,20.0,1
236369,0,20.0,1
236431,2,20.0,1
236500,2,20.0,1
236562,1,20.000000000000004,1
236618,0,20.0,1
236698,2,20.13235294117647,1
236754,0,20.0,1
236819,1,19.999999999999996,1
236887,2,20.000000000000004,1
236945,1,20.000000000000004,1
237015,2,20.000000000000004,1
237070,3,11.963235294117649,0
237149,2,20.176470588235297,1
237206,1,20.0,1
237271,1,20.000000000000004,1
237327,0,20.0,1
237380,0,20.0,1
237444,1,20.000000000000004,1
237594,3,18.17647058823529,0
237649,0,20.132352941176467,1
237704,0,20.0,1
237760,1,20.0,1
237812,0,20.0,1
237869,1,19.999999999999996,1
237925,0,19.999999999999996,1
237981,1,20.0,1
238037,0,20.0,1
238090,0,20.0,1
238147,1,20.0,1
238200,0,20.0,1
238256,1,20.000000000000004,1
238313,0,20.0,1
238369,0,20.0,1
238430,1,20.000000000000004,1
238483,0,20.0,1
238539,0,20.0,1
238595,0,20.0,1
238655,1,19.999999999999996,1
238714,1,19.999999999999996,1
238771,1,20.0,1
238824,0,20.0,1
238880,1,20.0,1
238949,2,20.0,1
239002,0,20.0,1
239058,0,20.0,1
239115,0,20.0,1
239179,2,20.000000000000004,1
239240,2,20.000000000000004,1
239301,1,19.999999999999996,1
239357,0,20.0,1
239418,2,20.000000000000004,1
239475,1,20.0,1
239541,1,20.117647058823533,1
239597,0,20.0,1
239653,1,20.000000000000004,1
239724,1,20.000000000000007,1
239788,1,20.0,1
239852,1,20.000000000000007,1
239938,2,20.242647058823536,1
240027,2,20.529411764705888,1
240087,1,20.0,1
240161,2,20.000000000000004,1
240222,1,20.0,1
240286,1,19.999999999999996,1
240352,3,13.375000000000004,0
240409,1,20.0,1
240473,1,20.000000000000004,1
240529,0,20.0,1
240616,2,20.000000000000004,1
240677,1,20.000000000000004,1
240736,0,20.0,1
240791,0,20.0,1
240864,2,20.000000000000004,1
240928,1,20.0,1
240998,1,20.0,1
241054,1,20.0,1
241117,1,20.000000000000004,1
241170,0,20.0,1
241223,0,20.0,1
241283,1,20.0,1
241336,0,20.0,1
241396,1,20.0,1
241457,1,20.000000000000004,1
241513,0,20.000000000000004,1
241570,1,20.0,1
241636,1,20.000000000000007,1
241689,0,20.0,1
241749,1,20.0,1
241802,0,20.0,1
241866,0,20.11764705882353,1
241921,0,20.13235294117647,1
241978,1,20.0,1
242034,0,20.11764705882353,1
242091,0,20.23529411764706,1
242148,0,20.0,1
242206,0,20.0,1
242262,0,20.0,1
242319,0,20.0,1
242374,0,20.0,1
242468,3,13.566176470588243,0
242524,0,20.0,1
242617,2,20.1764705882353,1
242718,2,20.41911764705883,1
242784,3,12.783088235294114,0
242841,1,20.0,1
242915,2,20.000000000000004,1
242972,0,19.999999999999996,1
243025,0,20.000000000000004,1
243086,0,20.125000000000007,1
243139,0,20.125,1
243195,0,20.0,1
243257,0,20.117647058823536,1
243314,2,20.0,1
243370,3,11.235294117647058,0
243439,1,20.000000000000004,1
243495,0,20.0,1
243552,0,20.0,1
243621,1,20.000000000000007,1
243709,2,20.191176470588243,1
243765,0,20.0,1
243818,0,20.0,1
243883,1,20.000000000000004,1
243952,3,13.000000000000005,0
244008,0,20.235294117647058,1
244088,2,20.0,1
244143,0,20.000000000000004,1
244196,0,20.0,1
244254,3,11.941176470588236,0
244310,1,20.117647058823533,1
244371,1,20.000000000000004,1
244428,1,20.0,1
244501,1,20.000000000000007,1
244554,0,20.11764705882353,1
244607,0,20.0,1
244660,0,20.0,1
244713,0,20.235294117647058,1
244766,0,20.0,1
244822,0,20.0,1
244881,1,20.0,1
244937,1,20.000000000000004,1
245000,2,20.11764705882353,1
245071,2,20.0,1
245128,1,20.000000000000004,1
245186,1,20.000000000000004,1
245243,0,20.117647058823533,1
245296,0,19.999999999999996,1
245353,1,20.0,1
245409,1,19.999999999999996,1
245490,2,20.0,1
245579,2,20.647058823529413,1
245638,1,20.0,1
245695,1,19.999999999999996,1
245750,0,20.0,1
245807,1,20.0,1
245859,0,20.0,1
245915,0,20.0,1
245971,0,20.11764705882353,1
246025,0,20.11764705882353,1
246093,2,20.000000000000004,1
246151,0,20.0,1
246207,0,19.999999999999996,1
246262,0,20.294117647058822,1
246332,0,20.000000000000004,1
246403,2,20.000000000000004,1
246484,3,14.213235294117649,0
246549,0,20.0,1
246604,0,20.0,1
246660,0,20.235294117647058,1
246715,0,20.0,1
246787,0,20.000000000000004,1
246842,0,20.0,1
246910,0,20.000000000000004,1
246968,0,19.999999999999996,1
247021,0,20.0,1
247077,0,20.0,1
247142,1,20.000000000000004,1
247206,1,20.000000000000004,1
247270,0,20.0,1
247329,1,20.000000000000004,1
247389,0,20.0,1
247445,0,20.0,1
247497,0,20.11764705882353,1
247574,1,20.183823529411768,1
247631,0,20.0,1
247691,0,20.11764705882353,1
247757,1,20.000000000000004,1
247809,0,20.0,1
247866,1,20.0,1
247921,0,20.0,1
248009,2,20.000000000000004,1
248065,0,20.0,1
248126,1,20.000000000000007,1
248182,0,19.999999999999996,1
248238,0,20.0,1
248294,0,20.0,1
248349,0,20.000000000000004,1
248404,0,20.0,1
248460,1,20.0,1
248515,0,20.0,1
248568,0,19.999999999999996,1
248623,0,19.999999999999996,1
248685,1,20.000000000000004,1
248742,0,19.999999999999996,1
248799,0,20.0,1
248852,0,19.999999999999996,1
248904,0,20.117647058823525,1
248989,2,20.941176470588232,1
249064,2,20.125,1
249116,0,20.0,1
249181,2,20.000000000000007,1
249250,2,20.0,1
249304,0,20.0,1
249357,0,19.999999999999996,1
249418,1,19.999999999999996,1
249478,0,19.999999999999996,1
249538,1,20.0,1
249593,0,19.999999999999996,1
249659,2,20.117647058823525,1
249714,0,20.0,1
249767,0,19.999999999999996,1
249828,1,20.000000000000004,1
249880,0,20.000000000000004,1
249933,0,20.0,1
249986,0,20.0,1
250047,2,20.0,1
250100,0,20.0,1
250153,0,20.0,1
250215,2,20.0,1
250272,2,20.000000000000004,1
250325,0,20.0,1
250378,0,19.999999999999996,1
250442,1,19.999999999999996,1
250498,0,20.0,1
250555,0,20.0,1
250611,3,13.352941176470587,0
250667,0,20.0,1
250729,1,20.0,1
250785,0,20.0,1
250841,0,19.999999999999996,1
250894,0,20.0,1
250950,0,20.0,1
251003,0,20.0,1
251056,0,19.999999999999996,1
251110,0,20.0,1
251179,1,20.000000000000004,1
251247,1,20.000000000000004,1
251303,0,20.000000000000004,1
251363,2,19.999999999999996,1
251418,0,20.0,1
251471,1,20.0,1
251527,0,20.0,1
251591,1,20.000000000000004,1
251644,0,20.0,1
251697,0,20.0,1
251750,0,19.999999999999996,1
251806,1,20.000000000000007,1
251858,3,11.588235294117649,0
251911,0,19.999999999999996,1
252013,2,20.82352941176471,1
252070,1,20.0,1
252123,0,20.0,1
252176,0,19.999999999999996,1
252229,0,20.0,1
252282,0,20.0,1
252335,0,20.0,1
252393,0,20.0,1
252543,3,14.852941176470583,0
252596,1,19.999999999999996,1
252653,0,20.0,1
252706,0,20.0,1
252762,0,20.000000000000007,1
252814,0,20.0,1
252870,0,20.0,1
252925,0,20.0,1
252979,0,20.000000000000004,1
253034,0,20.000000000000004,1
253087,0,20.0,1
253140,0,20.0,1
253204,2,19.999999999999996,1
253261,1,20.0,1
253323,2,20.0,1
253393,1,20.0,1
253457,1,20.0,1
253517,0,20.0,1
253573,0,20.000000000000004,1
253626,0,19.999999999999996,1
253682,0,20.0,1
253738,0,19.999999999999996,1
253790,0,20.0,1
253843,0,20.0,1
253902,1,20.000000000000004,1
253956,0,20.0,1
254015,1,20.0,1
254068,1,20.0,1
254132,2,20.0,1
254204,1,20.000000000000004,1
254260,1,20.0,1
254315,0,19.999999999999996,1
254371,0,20.0,1
254427,0,20.0,1
254512,2,20.470588235294116,1
254565,0,19.999999999999996,1
254638,2,20.000000000000004,1
254712,3,13.533088235294121,0
254767,0,20.0,1
254823,0,20.0,1
254884,3,11.941176470588234,0
254941,1,20.0,1
254993,0,20.0,1
255049,1,20.0,1
255105,0,20.0,1
255162,2,20.000000000000004,1
255218,1,20.0,1
255294,2,20.0,1
255347,0,19.999999999999996,1
255403,1,20.0,1
255459,0,20.0,1
255511,0,20.0,1
255575,1,20.000000000000004,1
255630,0,20.0,1
255682,0,20.0,1
255738,1,20.0,1
255793,0,20.0,1
255847,0,20.0,1
255903,0,20.000000000000004,1
255963,1,20.0,1
256016,0,20.0,1
256073,0,20.0,1
256128,0,20.0,1
256196,1,19.999999999999996,1
256256,1,20.125000000000004,1
256312,1,20.0,1
256368,0,20.0,1
256425,0,20.0,1
256480,1,20.0,1
256545,1,20.000000000000004,1
256600,0,19.999999999999996,1
256668,1,19.999999999999993,1
256727,1,19.999999999999996,1
256793,2,20.000000000000004,1
256849,0,20.0,1
256905,1,20.0,1
256961,1,20.0,1
257018,0,19.999999999999996,1
257071,0,19.999999999999996,1
257134,1,20.000000000000004,1
257202,2,20.35294117647059,1
257267,1,20.000000000000004,1
257323,1,20.0,1
257385,2,20.0,1
257440,0,20.0,1
257504,2,20.000000000000004,1
257558,0,20.0,1
257614,1,20.0,1
257669,1,20.0,1
257730,1,20.000000000000004,1
257786,0,20.0,1
257845,0,20.0,1
257901,0,20.0,1
257957,0,20.0,1
258013,1,20.0,1
258066,0,19.999999999999996,1
258123,0,20.0,1
258179,0,20.0,1
258247,3,13.73529411764706,0
258307,1,20.000000000000004,1
258368,1,20.0,1
258422,0,20.0,1
258485,1,20.000000000000004,1
258552,1,20.0,1
258607,1,20.0,1
258661,0,20.0,1
258721,1,20.000000000000004,1
258778,1,20.0,1
258831,0,20.0,1
258886,0,20.0,1
258950,2,20.0,1
259006,1,20.0,1
259062,0,20.000000000000004,1
259114,0,20.0,1
259179,1,20.000000000000004,1
259232,0,19.999999999999996,1
259323,2,20.529411764705888,1
259393,1,20.000000000000007,1
259449,0,20.0,1
259502,0,19.999999999999996,1
259555,0,19.999999999999996,1
259608,0,20.0,1
259676,1,20.125,1
259737,1,20.000000000000004,1
259805,1,19.999999999999996,1
259869,2,20.000000000000004,1
259922,0,20.0,1
259978,0,20.0,1
260035,0,20.000000000000004,1
260091,0,20.0,1
260162,1,20.000000000000004,1
260218,0,20.0,1
260270,0,20.0,1
260322,0,20.0,1
260378,0,20.0,1
260434,0,20.0,1
260503,2,20.176470588235297,1
260556,0,20.0,1
260621,2,20.20588235294118,1
260689,1,20.11764705882353,1
260745,0,20.0,1
260803,1,20.0,1
260856,0,19.999999999999996,1
260915,1,19.999999999999996,1
260971,1,19.999999999999996,1
261028,1,20.0,1
261081,0,20.0,1
261147,2,20.0,1
261200,0,20.0,1
261261,1,20.000000000000007,1
261317,1,20.0,1
261373,1,20.0,1
261429,1,20.0,1
261485,0,20.0,1
261537,0,20.0,1
261601,1,20.0,1
261658,1,20.0,1
261714,0,20.0,1
261771,1,20.0,1
261824,0,20.0,1
261880,1,19.999999999999996,1
261940,1,19.999999999999996,1
261996,0,20.0,1
262053,1,20.0,1
262106,0,20.0,1
262159,0,20.0,1
262212,0,20.0,1
262269,0,20.0,1
262325,1,19.999999999999996,1
262388,1,20.0,1
262444,0,19.999999999999996,1
262501,1,19.999999999999996,1
262557,0,20.0,1
262613,1,19.999999999999996,1
262669,0,19.999999999999996,1
262725,1,20.0,1
262786,1,20.000000000000004,1
262842,1,20.0,1
262895,0,19.999999999999996,1
262947,0,20.0,1
263003,1,20.000000000000004,1
263055,0,19.999999999999996,1
263108,0,20.0,1
263180,1,20.000000000000004,1
263235,0,20.000000000000004,1
263291,0,20.0,1
263346,0,19.999999999999996,1
263407,1,19.999999999999996,1
263471,1,20.000000000000004,1
263527,1,20.0,1
263631,2,20.904411764705888,1
263698,1,20.000000000000007,1
263771,2,20.000000000000007,1
263827,0,20.0,1
263891,1,20.000000000000004,1
263944,0,20.000000000000004,1
264003,1,20.0,1
264062,1,20.0,1
264122,1,19.999999999999996,1
264183,1,20.000000000000004,1
264235,0,20.0,1
264299,1,20.000000000000004,1
264354,0,20.000000000000004,1
264409,0,20.0,1
264473,1,20.000000000000004,1
264541,2,20.0,1
264610,3,12.647058823529415,0
264665,0,20.0,1
264726,1,20.0,1
264802,2,20.0,1
264860,1,20.000000000000004,1
264913,0,20.0,1
264974,1,20.000000000000004,1
265027,0,20.0,1
265079,0,20.0,1
265143,1,20.0,1
265207,1,20.0,1
265263,0,19.999999999999996,1
265323,1,20.0,1
265387,1,20.0,1
265447,1,20.000000000000004,1
265503,0,20.0,1
265556,0,20.0,1
265612,0,20.000000000000004,1
265666,0,20.000000000000007,1
265723,0,20.000000000000004,1
265778,0,20.0,1
265834,1,20.0,1
265890,1,20.0,1
265953,1,20.000000000000004,1
266010,1,20.0,1
266081,2,20.308823529411768,1
266135,0,19.999999999999996,1
266202,2,20.000000000000004,1
266257,0,20.0,1
266312,0,20.0,1
266367,0,20.0,1
266423,0,19.999999999999996,1
266484,1,20.0,1
266539,0,20.000000000000004,1
266596,1,20.0,1
266651,1,20.0,1
266706,0,20.0,1
266767,1,20.0,1
266824,1,20.0,1
266877,0,20.0,1
266960,2,20.000000000000004,1
267026,3,12.750000000000002,0
267078,0,20.0,1
267143,2,20.000000000000004,1
267195,0,20.0,1
267250,1,20.0,1
267303,0,20.0,1
267358,0,20.0,1
267410,0,20.0,1
267469,1,20.000000000000004,1
267524,0,19.999999999999996,1
267577,0,20.0,1
267640,1,20.000000000000007,1
267701,1,20.000000000000004,1
267761,2,19.999999999999996,1
267816,0,20.000000000000004,1
267877,1,20.0,1
267933,0,19.999999999999996,1
267988,1,20.0,1
268045,1,20.0,1
268106,1,19.999999999999996,1
268166,1,20.000000000000004,1
268221,1,20.0,1
268273,0,19.999999999999996,1
268337,1,20.000000000000007,1
268390,0,20.0,1
268446,0,20.0,1
268498,0,20.0,1
268558,1,20.000000000000004,1
268610,0,20.0,1
268662,1,20.0,1
268714,0,20.0,1
268770,0,20.0,1
268825,0,20.0,1
268880,0,20.0,1
268937,1,20.000000000000004,1
268992,0,19.999999999999996,1
269048,1,20.0,1
269102,0,20.000000000000004,1
269170,1,20.0,1
269225,1,20.0,1
269293,1,20.0,1
269353,1,20.0,1
269409,1,20.0,1
269464,0,20.0,1
269527,2,20.0,1
269583,0,20.000000000000004,1
269644,1,20.000000000000004,1
269699,1,19.999999999999996,1
269755,0,20.0,1
269822,2,20.0,1
269874,0,19.999999999999996,1
269926,0,20.0,1
269978,0,20.0,1
270031,0,20.0,1
270086,1,20.0,1
270197,3,14.908088235294125,0
270253,0,20.0,1
270309,1,20.0,1
270382,1,20.000000000000004,1
270437,0,20.0,1
270489,0,20.0,1
270549,2,20.0,1
270601,0,20.0,1
270653,0,20.0,1
270711,1,20.0,1
270766,0,20.0,1
270830,1,20.0,1
270883,0,19.999999999999996,1
270939,1,19.999999999999996,1
270996,1,20.0,1
271048,0,20.0,1
271103,0,20.0,1
271161,0,20.0,1
271220,1,20.0,1
271274,0,20.0,1
271337,3,11.97058823529412,0
271393,1,20.0,1
271446,0,20.0,1
271502,0,20.0,1
271557,1,20.0,1
271610,0,20.000000000000004,1
271673,1,20.0,1
271734,1,20.0,1
271793,1,20.000000000000004,1
271848,0,20.0,1
271904,0,20.0,1
271963,1,20.000000000000004,1
272018,1,20.0,1
272074,0,20.0,1
272126,0,20.0,1
272181,0,19.999999999999996,1
272236,0,20.0,1
272302,1,20.000000000000007,1
272358,0,20.0,1
272414,0,20.0,1
272469,0,20.0,1
272534,3,12.323529411764708,0
272589,0,20.0,1
272644,0,20.0,1
272700,0,20.235294117647058,1
272755,0,19.999999999999996,1
272807,0,20.0,1
272863,0,20.0,1
272934,2,20.000000000000004,1
272997,1,20.0,1
273061,1,20.0,1
273125,1,20.000000000000007,1
273189,1,20.000000000000004,1
273250,1,20.0,1
273303,0,20.000000000000004,1
273364,1,20.000000000000004,1
273432,2,20.0,1
273500,1,19.999999999999996,1
273573,2,20.000000000000004,1
273629,1,20.0,1
273689,1,19.999999999999996,1
273746,1,20.0,1
273822,2,20.0,1
273878,0,20.0,1
273954,2,20.000000000000007,1
274008,0,19.999999999999996,1
274084,1,20.000000000000004,1
274173,2,20.88970588235295,1
274225,0,20.0,1
274279,0,20.0,1
274338,1,20.0,1
274394,0,19.999999999999996,1
274460,1,20.0,1
274525,2,20.0,1
274591,1,19.999999999999996,1
274644,0,20.0,1
274700,0,20.0,1
274755,1,20.000000000000004,1
274810,0,20.0,1
274870,1,20.0,1
274928,1,20.0,1
274993,1,20.0,1
275053,2,20.0,1
275108,1,19.999999999999996,1
275160,0,20.0,1
275217,1,20.0,1
275286,1,20.000000000000007,1
275346,1,20.0,1
275403,2,19.999999999999996,1
275456,0,20.000000000000004,1
275512,0,20.000000000000004,1
275580,1,20.000000000000004,1
275632,0,19.999999999999996,1
275693,2,20.0,1
275746,0,20.0,1
275797,3,11.591911764705884,0
275862,1,20.000000000000004,1
275933,1,20.544117647058826,1
275985,0,20.0,1
276059,3,13.73529411764706,0
276115,1,20.0,1
276177,2,20.0,1
276234,2,20.0,1
276299,2,20.000000000000004,1
276380,2,20.15441176470588,1
276437,1,19.999999999999996,1
276490,0,19.999999999999996,1
276640,3,14.794117647058824,0
276693,0,20.0,1
276748,3,12.323529411764707,0
276808,1,19.999999999999996,1
276862,0,19.999999999999996,1
276915,0,20.0,1
276967,0,20.0,1
277035,2,20.0,1
277091,0,20.0,1
277146,0,20.0,1
277201,0,20.0,1
277262,2,20.0,1
277317,1,20.0,1
277384,1,20.0,1
277465,3,13.029411764705884,0
277541,2,19.999999999999996,1
277622,3,13.73529411764706,0
277682,2,20.0,1
277758,3,12.676470588235295,0
277821,1,20.0,1
277878,1,20.0,1
277947,3,12.647058823529415,0
278007,1,20.0,1
278091,2,20.176470588235297,1
278150,1,20.000000000000004,1
278214,2,20.000000000000007,1
278273,1,20.0,1
278355,2,20.000000000000004,1
278453,3,13.735294117647062,0
278515,1,20.0,1
278572,0,20.0,1
278653,2,20.0,1
278730,2,20.0,1
278819,2,20.176470588235297,1
278880,1,19.999999999999996,1
278936,1,20.0,1
278988,0,20.0,1
279053,2,19.999999999999996,1
279122,2,20.08088235294118,1
279178,0,20.000000000000004,1
279247,3,13.000000000000002,0
279304,3,11.941176470588237,0
279368,1,20.0,1
279426,1,20.000000000000004,1
279486,0,20.0,1
279562,2,20.00735294117647,1
279619,3,12.294117647058828,0
279697,2,20.06617647058824,1
279761,1,20.0,1
279849,3,14.437500000000002,0
279916,1,20.0,1
279986,1,20.000000000000007,1
280062,3,13.73529411764706,0
280117,0,20.117647058823533,1
280176,2,20.0,1
280270,2,20.29411764705883,1
280328,1,20.0,1
280394,2,20.000000000000004,1
280472,3,14.117647058823533,0
280528,0,20.0,1
280588,2,20.0,1
280661,2,20.000000000000007,1
280717,0,20.0,1
280772,0,20.000000000000004,1
280828,0,19.999999999999996,1
280891,1,20.0,1
280947,2,20.0,1
280999,0,19.999999999999996,1
281067,2,20.0,1
281161,2,20.000000000000007,1
281220,1,20.000000000000004,1
281272,0,20.0,1
281341,1,20.088235294117652,1
281395,1,20.0,1
281451,0,20.0,1
281507,1,20.0,1
281563,1,20.0,1
281630,1,20.000000000000004,1
281685,0,20.0,1
281753,1,20.000000000000004,1
281820,1,20.176470588235297,1
281887,1,20.117647058823533,1
281943,1,19.999999999999996,1
282013,1,20.000000000000007,1
282080,1,20.000000000000004,1
282148,1,20.000000000000007,1
282204,1,20.0,1
282299,2,20.176470588235297,1
282373,2,20.0,1
282436,1,19.999999999999996,1
282489,0,19.999999999999996,1
282564,1,20.000000000000004,1
282620,1,20.0,1
282677,0,20.000000000000004,1
282757,2,20.000000000000004,1
282812,0,20.0,1
282884,2,20.000000000000004,1
282962,2,20.294117647058822,1
