steps,main/cost,main/score,main/winrate
37.0,3,2.645,0
80.0,3,2.9850000000000003,0
119.0,3,4.58,0
188.0,3,3.082500000000001,0
228.0,3,2.8400000000000003,0
264.0,3,3.0200000000000005,0
302.0,3,3.6949999999999994,0
336.0,3,3.8599999999999994,0
370.0,3,2.8775,0
403.0,3,2.4175000000000004,0
441.0,3,2.2550000000000003,0
480.0,3,3.08,0
520.0,3,3.7175000000000002,0
564.0,3,3.145,0
614.0,3,3.8375000000000004,0
681.0,3,3.08,0
731.0,3,3.0475000000000008,0
772.0,3,4.395,0
845.0,3,3.807500000000001,0
885.0,3,2.9400000000000004,0
930.0,3,4.14,0
969.0,3,3.4025000000000007,0
1010.0,3,3.8250000000000006,0
1049.0,3,3.3475,0
1109.0,3,4.484999999999996,0
1144.0,3,3.7825000000000006,0
1189.0,3,3.8275,0
1225.0,3,4.075000000000001,0
1259.0,3,3.8300000000000005,0
1290.0,3,3.0600000000000005,0
1324.0,3,3.54,0
1357.0,3,3.9600000000000017,0
1391.0,3,3.7400000000000007,0
1424.0,3,4.524999999999999,0
1460.0,3,4.32,0
1496.0,3,3.767500000000001,0
1537.0,3,3.7950000000000004,0
1577.0,3,3.9800000000000004,0
1635.0,3,3.382500000000001,0
1713.0,3,4.795000000000001,0
1746.0,3,4.72,0
1774.0,3,3.2800000000000002,0
1807.0,3,4.579999999999998,0
1842.0,3,3.7799999999999994,0
1875.0,3,4.76,0
1907.0,3,3.8000000000000007,0
1933.0,3,2.3,0
1977.0,3,3.4050000000000007,0
2002.0,3,2.4999999999999996,0
2036.0,3,4.28,0
2088.0,3,3.9574999999999996,0
2113.0,3,2.2799999999999994,0
2154.0,3,3.6375,0
2196.0,3,3.7725000000000004,0
2222.0,3,2.8,0
2281.0,3,5.804999999999998,0
2309.0,3,3.040000000000001,0
2341.0,3,3.46,0
2388.0,3,5.38,0
2423.0,3,4.844999999999998,0
2478.0,3,3.965000000000001,0
2541.0,3,4.3774999999999995,0
2607.0,3,6.772499999999994,0
2642.0,3,4.9750000000000005,0
2682.0,3,5.460000000000002,0
2732.0,3,5.5,0
2783.0,3,3.7725,0
2834.0,3,3.4575,0
2874.0,3,3.7375000000000007,0
2909.0,3,2.84,0
3159.0,3,2.080000000000001,0
3409.0,3,4.0600000000000005,0
3659.0,3,3.005000000000001,0
3909.0,3,0.0,0
4159.0,3,2.480000000000001,0
4409.0,3,2.0800000000000005,0
4659.0,3,0.0,0
4909.0,3,2.8650000000000007,0
5159.0,3,2.500000000000001,0
5409.0,3,2.600000000000001,0
5475.0,3,5.117500000000002,0
5533.0,3,4.762499999999999,0
5568.0,3,3.357500000000001,0
5636.0,3,4.957499999999996,0
5699.0,3,4.822499999999998,0
5736.0,3,4.24,0
5986.0,3,4.020000000000001,0
6032.0,3,4.839999999999998,0
6085.0,3,3.9175000000000004,0
6154.0,3,4.837500000000001,0
6220.0,3,5.087499999999996,0
6470.0,3,5.079999999999984,0
6514.0,3,2.7600000000000007,0
6556.0,3,4.0874999999999995,0
6613.0,3,4.764999999999997,0
6652.0,3,4.144999999999999,0
6689.0,3,4.960000000000001,0
6761.0,3,4.4525000000000015,0
6814.0,3,4.869999999999994,0
6875.0,3,4.492500000000001,0
6926.0,3,4.482499999999999,0
7001.0,3,7.0375,0
7042.0,3,5.757499999999999,0
7087.0,3,3.9775000000000005,0
7123.0,3,4.84,0
7162.0,3,4.5600000000000005,0
7224.0,3,4.7925,0
7297.0,3,5.674999999999992,0
7330.0,3,5.040000000000001,0
7368.0,3,4.779999999999999,0
7444.0,3,5.697499999999995,0
7513.0,3,5.087500000000001,0
7548.0,3,4.569999999999999,0
7608.0,3,5.434999999999998,0
7648.0,3,6.4975000000000005,0
7687.0,3,5.339999999999998,0
7722.0,3,4.8,0
7789.0,3,5.337499999999997,0
7824.0,3,5.045,0
7892.0,3,7.237499999999998,0
7939.0,3,5.575,0
8006.0,3,5.655,0
8042.0,3,5.040000000000001,0
8098.0,3,4.812499999999997,0
8161.0,3,6.109999999999991,0
8226.0,3,5.8075,0
8292.0,3,6.667499999999997,0
8359.0,3,6.857499999999992,0
8428.0,3,5.709999999999996,0
8485.0,3,5.1175,0
8540.0,3,4.385,0
8580.0,3,5.57,0
8644.0,3,5.574999999999993,0
8677.0,3,5.0200000000000005,0
8718.0,3,4.740000000000002,0
8753.0,3,4.540000000000001,0
8789.0,3,5.220000000000001,0
8819.0,3,4.26,0
8857.0,3,5.230000000000001,0
8893.0,3,4.5,0
8948.0,3,6.069999999999994,0
9013.0,3,6.0474999999999905,0
9263.0,3,4.82499999999999,0
9303.0,3,4.797499999999999,0
9349.0,3,4.465,0
9422.0,3,6.969999999999998,0
9476.0,3,5.0975,0
9538.0,3,6.909999999999997,0
9600.0,3,6.277499999999993,0
9672.0,3,7.699999999999991,0
9922.0,3,0.0,0
9988.0,3,6.452499999999995,0
10049.0,3,6.254999999999994,0
10117.0,3,6.854999999999995,0
10163.0,3,6.087499999999999,0
10413.0,3,8.454999999999973,0
10449.0,3,4.26,0
10483.0,3,4.0200000000000005,0
10548.0,3,7.457499999999994,0
10610.0,3,6.202499999999995,0
10679.0,3,7.372499999999991,0
10748.0,3,6.324999999999994,0
10793.0,3,6.059999999999997,0
10863.0,3,6.5899999999999945,0
10932.0,3,7.007499999999991,0
11002.0,3,7.032499999999993,0
11040.0,3,5.760000000000001,0
11290.0,3,4.055000000000001,0
11360.0,3,7.4749999999999925,0
11400.0,3,5.542499999999997,0
11470.0,3,6.122499999999995,0
11720.0,3,6.639999999999989,0
11758.0,3,5.5,0
11821.0,3,7.119999999999993,0
11861.0,3,5.617499999999997,0
11927.0,3,5.682499999999991,0
11960.0,3,4.14,0
12030.0,3,6.549999999999998,0
12074.0,3,5.7799999999999985,0
12142.0,3,6.5675,0
12203.0,3,6.077499999999996,0
12240.0,3,4.799999999999999,0
12275.0,3,3.9175000000000004,0
12309.0,3,4.0600000000000005,0
12352.0,3,5.159999999999997,0
12389.0,3,4.805,0
12465.0,3,7.357500000000002,0
12501.0,3,4.0600000000000005,0
12536.0,3,4.0575,0
12786.0,3,9.009999999999968,0
12872.0,3,7.867499999999997,0
12948.0,3,6.609999999999998,0
12988.0,3,5.377499999999997,0
13022.0,3,5.040000000000001,0
13086.0,3,5.869999999999998,0
13123.0,3,4.585000000000001,0
13190.0,3,6.877499999999996,0
13230.0,3,5.379999999999999,0
13480.0,3,6.079999999999996,0
13563.0,3,9.097499999999993,0
13628.0,3,5.4324999999999966,0
13668.0,3,5.537500000000001,0
13758.0,3,8.467499999999987,0
13794.0,3,5.300000000000001,0
13875.0,3,8.164999999999997,0
13912.0,3,5.0600000000000005,0
13947.0,3,4.54,0
14030.0,3,7.789999999999993,0
14104.0,3,7.927499999999997,0
14176.0,3,6.5899999999999945,0
14212.0,3,4.500000000000001,0
14299.0,3,8.814999999999998,0
14369.0,3,6.272499999999995,0
14445.0,3,7.660000000000003,0
14515.0,3,7.3099999999999925,0
14585.0,3,7.737499999999993,0
14622.0,3,3.922500000000001,0
14657.0,3,4.279999999999999,0
14743.0,3,7.757499999999995,0
14779.0,3,5.5525,0
14847.0,3,6.872499999999993,0
14915.0,3,6.307499999999996,0
14949.0,3,3.5950000000000006,0
15015.0,3,6.5499999999999945,0
15051.0,3,4.822500000000001,0
15132.0,3,7.262499999999994,0
15201.0,3,7.6324999999999905,0
15274.0,3,7.902499999999994,0
15303.0,3,4.559999999999999,0
15367.0,3,6.6824999999999894,0
15427.0,3,5.804999999999996,0
15496.0,3,6.974999999999998,0
15564.0,3,7.059999999999994,0
15628.0,3,6.379999999999996,0
15693.0,3,7.057499999999994,0
15764.0,3,7.997499999999987,0
15830.0,3,7.314999999999988,0
15899.0,3,7.534999999999987,0
15967.0,3,7.88999999999999,0
16043.0,3,8.089999999999996,0
16110.0,3,7.739999999999993,0
16176.0,3,6.1149999999999975,0
16426.0,3,8.379999999999987,0
16494.0,3,6.834999999999992,0
16567.0,3,7.37249999999999,0
16642.0,3,7.614999999999996,0
16707.0,3,6.324999999999996,0
16788.0,3,8.244999999999992,0
16867.0,3,7.7299999999999995,0
16949.0,3,7.77249999999999,0
17027.0,3,7.227499999999988,0
17104.0,3,6.967499999999989,0
17173.0,3,7.1624999999999925,0
17253.0,3,7.35999999999999,0
17334.0,3,7.507499999999985,0
17422.0,3,9.18749999999999,0
17506.0,3,8.35249999999999,0
17581.0,3,6.45249999999999,0
17661.0,3,8.914999999999996,0
17765.0,3,8.699999999999985,0
17851.0,3,9.124999999999995,0
17937.0,3,7.502499999999987,0
18022.0,3,8.334999999999987,0
18085.0,3,6.289999999999994,0
18335.0,3,7.379999999999998,0
18399.0,3,6.164999999999999,0
18649.0,3,5.33999999999999,0
18782.0,3,9.192499999999974,0
18913.0,3,10.444999999999979,0
18950.0,3,5.1374999999999975,0
19092.0,3,10.847499999999977,0
19154.0,3,5.074999999999994,0
19184.0,3,4.800000000000001,0
19281.0,3,8.35749999999998,0
19312.0,3,4.5600000000000005,0
19399.0,3,7.987499999999993,0
19483.0,3,8.379999999999999,0
19611.0,3,8.619999999999985,0
19647.0,3,4.584999999999997,0
19897.0,3,11.179999999999957,0
19985.0,3,8.552499999999997,0
20063.0,3,7.619999999999993,0
20139.0,3,7.357499999999991,0
20273.0,3,10.737499999999985,0
20523.0,3,9.254999999999985,0
20600.0,3,6.517499999999983,0
20850.0,3,11.557499999999969,0
21029.0,3,11.307499999999964,0
21064.0,3,5.26,0
21314.0,3,14.129999999999947,0
21469.0,3,9.279999999999976,0
21719.0,3,12.46999999999996,0
21827.0,3,9.099999999999977,0
22077.0,3,14.40999999999994,0
22327.0,3,9.75749999999996,0
22577.0,3,12.034999999999958,0
22687.0,3,7.974999999999987,0
22937.0,3,14.882499999999924,0
23073.0,3,11.439999999999976,0
23323.0,3,14.18499999999995,0
23446.0,3,8.319999999999991,0
23696.0,3,12.657499999999965,0
23946.0,3,8.57999999999999,0
23984.0,3,6.240000000000001,0
24019.0,3,4.5,0
24269.0,3,11.459999999999956,0
24519.0,3,15.442499999999958,0
24692.0,3,10.94999999999997,0
24911.0,3,12.374999999999982,0
25161.0,3,11.277499999999964,0
25298.0,3,9.404999999999978,0
25333.0,3,5.594999999999999,0
25374.0,3,5.382499999999998,0
25624.0,3,11.85749999999996,0
25732.0,3,9.64,0
25827.0,3,8.167499999999986,0
26077.0,3,13.939999999999952,0
26327.0,3,11.52499999999997,0
26360.0,3,4.519999999999999,0
26402.0,3,5.342499999999996,0
26436.0,3,5.460000000000001,0
26686.0,3,14.26999999999997,0
26936.0,3,13.29999999999995,0
27186.0,3,17.36499999999994,0
27436.0,3,14.389999999999946,0
27589.0,3,10.309999999999965,0
27839.0,3,12.684999999999956,0
28089.0,3,11.464999999999959,0
28339.0,3,14.182499999999944,0
28589.0,3,11.96999999999995,0
28766.0,3,9.699999999999967,0
28931.0,3,10.814999999999975,0
29181.0,3,13.019999999999943,0
29296.0,3,8.619999999999983,0
29421.0,3,10.077499999999958,0
29671.0,3,15.572499999999929,0
29921.0,3,17.184999999999935,0
30171.0,3,11.32749999999994,0
30421.0,3,12.962499999999968,0
30671.0,3,10.86499999999995,0
30921.0,3,11.402499999999941,0
31037.0,3,8.67249999999998,0
31218.0,3,10.534999999999961,0
31468.0,3,14.34249999999996,0
31587.0,3,8.277499999999987,0
31704.0,3,8.70249999999999,0
31954.0,3,12.054999999999938,0
31996.0,3,5.26,0
32246.0,3,15.18749999999995,0
32496.0,3,11.282499999999958,0
32746.0,3,11.41499999999995,0
32996.0,3,11.417499999999954,0
33246.0,3,13.087499999999961,0
33496.0,3,12.009999999999959,0
33561.0,3,5.157500000000001,0
33811.0,3,11.804999999999968,0
34061.0,3,15.649999999999947,0
34097.0,3,4.0975,0
34347.0,3,10.92999999999996,0
34597.0,3,10.927499999999961,0
34712.0,3,8.902499999999982,0
34962.0,3,9.824999999999957,0
35212.0,3,8.149999999999967,0
35331.0,3,8.669999999999987,0
35581.0,3,14.192499999999928,0
35665.0,3,5.9350000000000005,0
35915.0,3,14.277499999999932,0
36017.0,3,8.937499999999988,0
36267.0,3,13.742499999999929,0
36381.0,3,9.354999999999972,0
36416.0,3,4.26,0
36453.0,3,4.500000000000002,0
36703.0,3,12.434999999999935,0
36953.0,3,14.284999999999929,0
36990.0,3,4.5,0
37240.0,3,11.599999999999934,0
37278.0,3,5.1424999999999965,0
37446.0,3,9.827499999999969,0
37696.0,3,13.46249999999993,0
37946.0,3,13.004999999999939,0
38196.0,3,12.417499999999944,0
38446.0,3,11.354999999999963,0
38696.0,3,14.289999999999939,0
38946.0,3,14.44749999999995,0
39052.0,3,8.349999999999994,0
39232.0,3,11.382499999999961,0
39482.0,3,15.067499999999944,0
39732.0,3,16.177499999999934,0
39982.0,3,11.96499999999995,0
40232.0,3,14.57999999999994,0
40482.0,3,11.649999999999958,0
40732.0,3,10.859999999999951,0
40982.0,3,13.399999999999938,0
41232.0,3,12.70749999999994,0
41482.0,3,13.91249999999993,0
41588.0,3,9.459999999999999,0
41688.0,3,8.817499999999987,0
41938.0,3,16.44999999999994,0
42188.0,3,14.524999999999952,0
42296.0,3,9.602499999999994,0
42546.0,3,16.327499999999915,0
42796.0,3,14.784999999999924,0
42908.0,3,9.782499999999986,0
43158.0,3,11.994999999999951,0
43408.0,3,13.394999999999927,0
43658.0,3,17.889999999999926,0
43696.0,3,4.819999999999998,0
43817.0,3,12.415000000000001,0
44067.0,3,13.622499999999945,0
44317.0,3,12.362499999999951,0
44567.0,3,14.832499999999927,0
44817.0,3,15.369999999999935,0
44853.0,3,4.76,0
45103.0,3,16.052499999999963,0
45139.0,3,5.300000000000001,0
45172.0,3,4.595,0
45370.0,3,12.68999999999997,0
45400.0,3,3.8,0
45650.0,3,15.617499999999934,0
45683.0,3,4.04,0
45933.0,3,16.867499999999907,0
46046.0,3,11.352499999999994,0
46296.0,3,17.429999999999954,0
46546.0,3,15.019999999999923,0
46796.0,3,14.492499999999927,0
46888.0,3,8.877499999999994,0
47022.0,3,10.932499999999985,0
47272.0,3,16.454999999999956,0
47522.0,3,17.69249999999992,0
47629.0,3,9.502499999999976,0
47879.0,3,16.397499999999933,0
48129.0,3,14.75499999999995,0
48379.0,3,16.26749999999993,0
48629.0,3,14.774999999999928,0
48743.0,3,9.159999999999995,0
48774.0,3,4.06,0
49024.0,3,15.344999999999935,0
49274.0,3,13.794999999999941,0
49524.0,3,15.68499999999993,0
49774.0,3,17.102499999999914,0
50024.0,3,14.862499999999926,0
50274.0,3,16.92499999999993,0
50524.0,3,15.314999999999928,0
50685.0,3,11.889999999999963,0
50935.0,3,15.484999999999946,0
51185.0,3,16.492499999999925,0
51222.0,3,4.899999999999998,0
51472.0,3,14.679999999999945,0
51511.0,3,5.28,0
51761.0,3,17.132499999999936,0
52011.0,3,15.089999999999945,0
52261.0,3,16.134999999999934,0
52511.0,3,16.319999999999926,0
52761.0,3,16.334999999999944,0
53011.0,3,17.722499999999922,0
53261.0,3,15.82499999999991,0
53294.0,3,4.33,0
53544.0,3,15.994999999999939,0
53794.0,3,16.092499999999934,0
54044.0,3,17.26249999999993,0
54294.0,3,17.494999999999937,0
54544.0,3,15.799999999999953,0
54794.0,3,16.09749999999995,0
54899.0,3,7.687499999999998,0
55149.0,3,16.79499999999993,0
55399.0,3,15.344999999999942,0
55649.0,3,16.524999999999938,0
55899.0,3,15.397499999999944,0
55951.0,3,6.3,0
56201.0,3,16.597499999999936,0
56451.0,3,14.484999999999932,0
56701.0,3,15.45499999999994,0
56740.0,3,5.98,0
56990.0,3,14.269999999999952,0
57240.0,3,16.259999999999934,0
57360.0,3,9.214999999999979,0
57610.0,3,17.11249999999996,0
57731.0,3,10.319999999999991,0
57981.0,3,15.969999999999944,0
58185.0,3,13.904999999999959,0
58228.0,3,5.674999999999998,0
58478.0,3,16.55499999999995,0
58728.0,3,16.229999999999915,0
58763.0,3,4.079999999999999,0
59013.0,3,13.154999999999948,0
59263.0,3,14.414999999999953,0
59513.0,3,16.164999999999985,0
59763.0,3,17.34999999999993,0
59948.0,3,12.264999999999986,0
60198.0,3,16.542499999999972,0
60232.0,3,4.5600000000000005,0
60482.0,3,17.919999999999966,0
60732.0,3,15.35499999999995,0
60982.0,3,15.73249999999996,0
61232.0,3,13.869999999999973,0
61482.0,3,17.267499999999952,0
61732.0,3,15.629999999999965,0
61982.0,3,14.507499999999956,0
62232.0,3,13.939999999999975,0
62482.0,3,13.96249999999996,0
62732.0,3,14.754999999999956,0
62982.0,3,13.584999999999928,0
63232.0,3,16.58499999999997,0
63482.0,3,14.524999999999967,0
63732.0,3,18.12999999999993,0
63982.0,3,14.70999999999994,0
64232.0,3,15.172499999999951,0
64482.0,3,16.237499999999965,0
64732.0,3,16.439999999999955,0
64982.0,3,16.107499999999952,0
65232.0,3,17.062499999999964,0
65278.0,3,6.057499999999997,0
65528.0,3,16.032499999999967,0
65778.0,3,13.172499999999955,0
66028.0,3,15.029999999999948,0
66278.0,3,15.36999999999997,0
66528.0,3,15.092499999999946,0
66778.0,3,15.09249999999998,0
67028.0,3,17.50999999999993,0
67278.0,3,16.882499999999947,0
67528.0,3,16.39249999999992,0
67778.0,3,18.682499999999923,0
68028.0,3,15.06499999999995,0
68278.0,3,12.597499999999956,0
68528.0,3,16.509999999999934,0
68778.0,3,18.462499999999935,0
69028.0,3,17.412499999999955,0
69278.0,3,16.082499999999946,0
69528.0,3,16.417499999999954,0
69778.0,3,16.274999999999952,0
70028.0,3,17.787499999999927,0
70090.0,3,6.167499999999998,0
70340.0,3,16.712499999999945,0
70590.0,3,15.994999999999944,0
70840.0,3,15.00999999999996,0
70895.0,3,5.897499999999997,0
71145.0,3,15.509999999999978,0
71395.0,3,15.34499999999994,0
71645.0,3,15.384999999999968,0
71712.0,3,7.5549999999999935,0
71962.0,3,17.092499999999934,0
72212.0,3,16.23999999999996,0
72277.0,3,7.512499999999992,0
72527.0,3,16.714999999999954,0
72593.0,3,6.139999999999996,0
72843.0,3,17.199999999999925,0
72873.0,3,3.8,0
72936.0,3,6.997499999999998,0
72971.0,3,5.22,0
73221.0,3,17.792499999999936,0
73287.0,3,6.76999999999999,0
73537.0,3,16.594999999999942,0
73570.0,3,4.75,0
73723.0,3,12.062499999999982,0
73973.0,3,15.979999999999961,0
74223.0,3,16.827499999999926,0
74473.0,3,14.277499999999968,0
74507.0,3,5.0325,0
74757.0,3,14.149999999999983,0
75007.0,3,17.19249999999993,0
75166.0,3,12.342499999999951,0
75284.0,3,9.824999999999974,0
75439.0,3,12.604999999999977,0
75565.0,3,10.189999999999984,0
75725.0,3,13.159999999999965,0
75794.0,3,7.1424999999999885,0
75848.0,3,6.382499999999998,0
75914.0,3,7.384999999999998,0
76164.0,3,17.20249999999992,0
76414.0,3,17.12749999999993,0
76664.0,3,17.009999999999938,0
76910.0,3,15.372499999999949,0
77160.0,3,17.18749999999995,0
77274.0,3,9.479999999999988,0
77524.0,3,17.47249999999992,0
77644.0,3,9.672499999999982,0
77767.0,3,10.729999999999976,0
78017.0,3,14.284999999999965,0
78267.0,3,17.774999999999938,0
78303.0,3,5.1999999999999975,0
78553.0,3,15.864999999999947,0
78803.0,3,16.492499999999964,0
78910.0,3,10.419999999999982,0
79024.0,3,10.394999999999992,0
79274.0,3,14.879999999999967,0
79465.0,3,14.40749999999998,0
79673.0,3,14.757499999999975,0
79876.0,3,15.482499999999966,0
80126.0,3,18.8874999999999,0
80376.0,3,19.289999999999896,0
80626.0,3,17.27749999999992,0
80669.0,3,4.890000000000001,0
80699.0,3,4.54,0
80765.0,3,7.157499999999997,0
80879.0,3,10.80749999999999,0
81108.0,3,17.662499999999948,0
81346.0,3,17.49499999999994,0
81389.0,3,4.765,0
81639.0,3,17.35499999999994,0
81786.0,3,13.069999999999968,0
81823.0,3,4.799999999999999,0
82073.0,3,17.04749999999994,0
82113.0,3,4.374999999999999,0
82151.0,3,5.019999999999997,0
82348.0,3,14.004999999999958,0
82414.0,3,7.084999999999997,0
82664.0,3,16.504999999999946,0
82914.0,3,18.60499999999992,0
83164.0,3,19.4899999999999,0
83278.0,3,10.392499999999977,0
83528.0,3,16.45999999999993,0
83746.0,3,16.049999999999955,0
83996.0,3,19.212499999999917,0
84246.0,3,19.39749999999993,0
84283.0,3,5.159999999999998,0
84533.0,3,17.359999999999935,0
84783.0,3,16.34249999999996,0
84999.0,3,13.459999999999974,0
85249.0,3,17.132499999999926,0
85499.0,3,18.397499999999916,0
85749.0,3,17.149999999999928,0
85999.0,3,18.104999999999915,0
86249.0,3,15.994999999999928,0
86434.0,3,13.459999999999965,0
86684.0,3,15.639999999999965,0
86843.0,3,13.587499999999974,0
87093.0,3,17.28999999999993,0
87227.0,3,11.902499999999982,0
87388.0,3,11.719999999999962,0
87638.0,3,17.924999999999965,0
87888.0,3,18.42249999999994,0
87932.0,3,5.819999999999996,0
88169.0,3,16.022499999999948,0
88198.0,3,3.8200000000000003,0
88428.0,3,16.437499999999964,0
88678.0,3,18.47499999999991,0
88928.0,3,17.184999999999935,0
89178.0,3,16.932499999999965,0
89425.0,3,16.86999999999995,0
89675.0,3,18.502499999999934,0
89711.0,3,4.81,0
89961.0,3,18.50249999999993,0
90211.0,3,18.22249999999994,0
90461.0,3,18.937499999999908,0
90493.0,3,4.785,0
90536.0,3,4.927499999999998,0
90638.0,3,9.317499999999985,0
90857.0,3,16.04499999999996,0
91070.0,3,15.95249999999995,0
91223.0,3,12.984999999999966,0
91292.0,3,7.529999999999993,0
91542.0,3,19.449999999999914,0
91792.0,3,19.504999999999903,0
91856.0,3,6.669999999999997,0
91914.0,3,6.389999999999996,0
92113.0,3,16.02999999999995,0
92148.0,3,4.165000000000001,0
92259.0,3,10.017499999999986,0
92509.0,3,16.36499999999997,0
92759.0,3,20.28499999999991,0
92889.0,3,10.817499999999976,0
93139.0,3,18.947499999999895,0
93204.0,3,6.642499999999997,0
93241.0,3,5.577499999999998,0
93409.0,3,14.244999999999965,0
93623.0,3,18.177499999999938,0
93660.0,3,4.477499999999998,0
93725.0,3,6.9799999999999915,0
93787.0,3,7.214999999999993,0
93828.0,3,5.132499999999995,0
93909.0,3,7.5199999999999925,0
94159.0,3,18.52999999999992,0
94195.0,3,5.240000000000001,0
94350.0,3,13.392499999999973,0
94418.0,3,7.387499999999994,0
94668.0,3,20.36749999999992,0
94715.0,3,5.374999999999994,0
94748.0,3,5.019999999999998,0
94924.0,3,15.007499999999954,0
95012.0,3,8.49999999999999,0
95101.0,3,8.822499999999986,0
95309.0,3,16.727499999999942,0
95559.0,3,17.372499999999935,0
95781.0,3,17.849999999999937,0
96031.0,3,18.717499999999937,0
96135.0,3,10.54499999999999,0
96270.0,3,12.129999999999967,0
96416.0,3,12.354999999999968,0
96541.0,3,11.30749999999998,0
96791.0,3,19.02999999999995,0
96981.0,3,14.304999999999966,0
97095.0,3,10.809999999999985,0
97345.0,3,18.097499999999915,0
97595.0,3,17.587499999999945,0
97752.0,3,12.534999999999972,0
98002.0,3,18.82249999999994,0
98252.0,3,19.12999999999996,0
98502.0,3,18.614999999999927,0
98752.0,3,17.919999999999945,0
99002.0,3,18.17749999999994,0
99039.0,3,4.5249999999999995,0
99289.0,3,18.10999999999992,0
99457.0,3,13.419999999999963,0
99707.0,3,19.002499999999912,0
99957.0,3,18.754999999999917,0
100207.0,3,18.27999999999993,0
100429.0,3,17.27249999999996,0
100679.0,3,19.192499999999914,0
100929.0,3,17.31999999999994,0
101021.0,3,9.01749999999998,0
101120.0,3,9.707499999999996,0
101229.0,3,10.347499999999984,0
101339.0,3,10.750000000000005,0
101577.0,3,17.224999999999916,0
101673.0,3,8.674999999999995,0
101764.0,3,8.562499999999986,0
101960.0,3,16.537499999999945,0
102035.0,3,7.244999999999996,0
102177.0,3,13.547499999999966,0
102427.0,3,20.28999999999994,0
102465.0,3,4.905000000000001,0
102533.0,3,6.917499999999992,0
102682.0,3,12.807499999999996,0
102932.0,3,19.449999999999942,0
103182.0,3,19.022499999999926,0
103432.0,3,18.34249999999992,0
103508.0,3,7.1674999999999915,0
103713.0,3,14.922499999999937,0
103934.0,3,15.652499999999927,0
104184.0,3,18.44749999999993,0
104434.0,3,18.597499999999922,0
104684.0,3,17.337499999999935,0
104934.0,3,20.649999999999938,0
105184.0,3,19.58499999999989,0
105434.0,3,20.277499999999915,0
105647.0,3,17.044999999999945,0
105769.0,3,10.88999999999998,0
106019.0,3,19.249999999999925,0
106269.0,3,20.414999999999907,0
106498.0,3,18.314999999999955,0
106528.0,3,4.300000000000001,0
106598.0,3,6.404999999999994,0
106821.0,3,18.22749999999994,0
106864.0,3,4.9475,0
107114.0,3,19.984999999999904,0
107353.0,3,18.754999999999942,0
107603.0,3,20.227499999999896,0
107853.0,3,20.562499999999915,0
108103.0,3,17.37499999999993,0
108353.0,3,17.73999999999994,0
108603.0,3,19.532499999999928,0
108853.0,3,17.48249999999994,0
109103.0,3,19.232499999999906,0
109353.0,3,20.56749999999989,0
109603.0,3,19.994999999999926,0
109668.0,3,6.487499999999989,0
109918.0,3,18.977499999999928,0
110168.0,3,19.6149999999999,0
110308.0,3,12.104999999999983,0
110558.0,3,20.457499999999897,0
110808.0,3,20.3424999999999,0
111058.0,3,19.484999999999907,0
111232.0,3,15.49249999999997,0
111418.0,3,15.817499999999942,0
111606.0,3,16.777499999999943,0
111856.0,3,18.162499999999923,0
112106.0,3,17.11499999999995,0
112189.0,3,7.512499999999989,0
112439.0,3,18.89999999999991,0
112553.0,3,11.162499999999982,0
112594.0,3,5.04,0
112680.0,3,8.897499999999997,0
112861.0,3,15.459999999999937,0
113111.0,3,19.222499999999926,0
113361.0,3,18.952499999999947,0
113611.0,3,18.602499999999928,0
113861.0,3,19.027499999999925,0
114042.0,3,15.132499999999963,0
114192.0,3,12.319999999999961,0
114442.0,3,19.232499999999913,0
114486.0,3,5.272499999999998,0
114736.0,3,19.9399999999999,0
114880.0,3,12.369999999999946,0
115130.0,3,20.777499999999915,0
115380.0,3,19.357499999999956,0
115630.0,3,19.387499999999935,0
115743.0,3,11.482499999999986,0
115993.0,3,19.40499999999993,0
116234.0,3,19.607499999999924,0
116392.0,3,13.719999999999965,0
116642.0,3,20.409999999999883,0
116892.0,3,18.967499999999955,0
117142.0,3,21.192499999999928,0
117392.0,3,19.467499999999923,0
117642.0,3,21.534999999999897,0
117892.0,3,19.69999999999993,0
117926.0,3,4.58,0
118122.0,3,16.512499999999967,0
118372.0,3,20.37499999999993,0
118622.0,3,20.827499999999933,0
118872.0,3,19.01249999999992,0
119076.0,3,16.557499999999926,0
119276.0,3,17.664999999999942,0
119526.0,3,18.70999999999991,0
119705.0,3,16.252499999999944,0
119804.0,3,9.437499999999982,0
119946.0,3,13.432499999999981,0
120196.0,3,18.942499999999917,0
120446.0,3,18.804999999999925,0
120696.0,3,18.964999999999918,0
120934.0,3,18.117499999999914,0
121046.0,3,10.054999999999989,0
121165.0,3,11.864999999999966,0
121415.0,3,20.314999999999884,0
121665.0,3,20.387499999999896,0
121701.0,3,4.617499999999999,0
121815.0,3,10.534999999999973,0
121859.0,3,6.042499999999997,0
122042.0,3,15.689999999999944,0
122186.0,3,12.502499999999968,0
122277.0,3,8.607499999999995,0
122350.0,3,8.474999999999994,0
122450.0,3,9.994999999999981,0
122700.0,3,18.697499999999927,0
122950.0,3,17.692499999999942,0
123062.0,3,11.12999999999998,0
123168.0,3,11.394999999999982,0
123235.0,3,8.519999999999994,0
123397.0,3,13.629999999999967,0
123506.0,3,10.404999999999976,0
123622.0,3,10.939999999999984,0
123744.0,3,12.142499999999984,0
123888.0,3,14.112499999999986,0
124037.0,3,15.299999999999965,0
124176.0,3,13.064999999999984,0
124426.0,3,20.879999999999924,0
124676.0,3,21.377499999999916,0
124800.0,3,12.34249999999999,0
125050.0,3,21.477499999999917,0
125300.0,3,20.007499999999904,0
125550.0,3,20.344999999999928,0
125672.0,3,11.9475,0
125792.0,3,13.319999999999988,0
126042.0,3,20.594999999999935,0
126204.0,3,15.427499999999956,0
126454.0,3,9.21999999999999,0
126704.0,3,19.1549999999999,0
126954.0,3,20.174999999999923,0
127204.0,3,19.039999999999928,0
127454.0,3,21.322499999999952,0
127704.0,3,21.80999999999992,0
127790.0,3,8.36249999999999,0
128040.0,3,19.982499999999934,0
128276.0,3,20.724999999999927,0
128308.0,3,4.0200000000000005,0
128473.0,3,15.034999999999966,0
128723.0,3,20.48249999999993,0
128805.0,3,7.977499999999991,0
129020.0,3,16.994999999999962,0
129259.0,3,19.94499999999993,0
129430.0,3,14.534999999999952,0
129578.0,3,14.53250000000001,0
129828.0,3,19.089999999999954,0
130059.0,3,19.507499999999947,0
130309.0,3,21.644999999999943,0
130378.0,3,7.549999999999994,0
130628.0,3,20.48749999999995,0
130663.0,3,4.76,0
130913.0,3,20.207499999999914,0
131163.0,3,20.637499999999918,0
131413.0,3,19.989999999999938,0
131474.0,3,6.824999999999997,0
131724.0,3,18.262499999999942,0
131974.0,3,20.312499999999925,0
132224.0,3,19.999999999999943,0
132474.0,3,21.727499999999946,0
132663.0,3,16.959999999999944,0
132913.0,3,20.609999999999935,0
133163.0,3,19.97999999999996,0
133413.0,3,21.5674999999999,0
133663.0,3,19.60749999999995,0
133787.0,3,12.192499999999988,0
133881.0,3,10.614999999999982,0
134079.0,3,18.099999999999937,0
134154.0,3,9.107500000000002,0
134404.0,3,22.119999999999894,0
134449.0,3,6.5150000000000015,0
134526.0,3,8.732499999999995,0
134776.0,3,20.974999999999916,0
135026.0,3,20.16749999999992,0
135219.0,3,16.69999999999995,0
135318.0,3,9.409999999999984,0
135363.0,3,6.047499999999998,0
135451.0,3,10.099999999999993,0
135701.0,3,21.00749999999992,0
135951.0,3,18.237499999999937,0
136201.0,3,18.012499999999932,0
136451.0,3,19.424999999999944,0
136701.0,3,19.229999999999958,0
136951.0,3,18.277499999999947,0
137201.0,3,18.819999999999972,0
137451.0,3,18.954999999999924,0
137701.0,3,20.95499999999992,0
137951.0,3,20.63999999999992,0
138201.0,3,21.912499999999923,0
138451.0,3,19.02999999999993,0
138556.0,3,11.23749999999997,0
138668.0,3,11.857499999999984,0
138783.0,3,11.589999999999975,0
139033.0,3,22.12749999999994,0
139145.0,3,12.062499999999973,0
139260.0,3,11.657499999999965,0
139371.0,3,10.43499999999998,0
139492.0,3,12.28749999999997,0
139742.0,3,21.7724999999999,0
139992.0,3,20.017499999999913,0
140188.0,3,17.369999999999923,0
140438.0,3,19.979999999999936,0
140688.0,3,19.012499999999957,0
140756.0,3,8.412499999999994,0
140816.0,3,7.355,0
140963.0,3,14.112499999999956,0
141213.0,3,21.9524999999999,0
141372.0,3,14.789999999999946,0
141622.0,3,21.2974999999999,0
141872.0,3,21.32249999999992,0
142049.0,3,16.40749999999995,0
142112.0,3,7.512499999999994,0
142362.0,3,21.40749999999992,0
142514.0,3,14.784999999999972,0
142764.0,3,21.1524999999999,0
143014.0,3,22.05749999999992,0
143264.0,3,20.377499999999923,0
143514.0,3,21.262499999999903,0
143642.0,3,11.242499999999971,0
143675.0,3,5.24,0
143919.0,3,22.049999999999912,0
144169.0,3,18.697499999999938,0
144419.0,3,19.894999999999936,0
144458.0,3,5.659999999999997,0
144578.0,3,11.597499999999972,0
144706.0,3,12.82249999999996,0
144956.0,3,19.889999999999915,0
145128.0,3,14.82249999999997,0
145378.0,3,19.50249999999992,0
145628.0,3,19.164999999999964,0
145803.0,3,16.209999999999958,0
146053.0,3,21.132499999999926,0
146303.0,3,19.84249999999992,0
146466.0,3,14.39249999999997,0
146716.0,3,19.339999999999925,0
146930.0,3,17.384999999999927,0
147045.0,3,10.754999999999983,0
147135.0,3,9.599999999999978,0
147237.0,3,9.45249999999999,0
147315.0,3,8.892499999999993,0
147536.0,3,19.23499999999993,0
147573.0,3,4.52,0
147662.0,3,10.082499999999998,0
147900.0,3,18.642499999999927,0
147989.0,3,9.527499999999995,0
148239.0,3,21.519999999999897,0
148456.0,3,17.77749999999994,0
148706.0,3,20.512499999999914,0
148800.0,3,10.167499999999988,0
149024.0,3,18.702499999999937,0
149274.0,3,21.314999999999912,0
149486.0,1,26.19499999999994,1
149736.0,3,22.189999999999912,0
149986.0,3,22.179999999999897,0
150236.0,3,22.374999999999883,0
150473.0,3,21.33999999999991,0
150562.0,3,9.612499999999997,0
150812.0,3,21.934999999999924,0
151062.0,3,23.042499999999887,0
151312.0,3,21.84499999999988,0
151356.0,3,6.3824999999999985,0
151529.0,3,16.742499999999968,0
151588.0,3,7.472499999999996,0
151750.0,3,15.82249999999999,0
152000.0,3,22.46999999999992,0
152149.0,3,13.564999999999964,0
152187.0,3,6.0375000000000005,0
152307.0,3,12.142499999999975,0
152467.0,3,13.882499999999967,0
152663.0,3,16.834999999999937,0
152913.0,3,22.859999999999904,0
152998.0,3,9.624999999999993,0
153248.0,3,22.34999999999991,0
153438.0,3,17.672499999999925,0
153665.0,3,20.59249999999991,0
153906.0,3,21.122499999999913,0
153973.0,3,8.4525,0
154194.0,3,20.01499999999994,0
154273.0,3,8.362499999999997,0
154358.0,3,9.492499999999989,0
154608.0,3,22.70249999999994,0
154825.0,3,19.18249999999993,0
154986.0,3,15.234999999999982,0
155048.0,3,7.6374999999999975,0
155298.0,3,21.269999999999897,0
155457.0,3,14.209999999999978,0
155608.0,3,14.932499999999981,0
155858.0,3,21.11499999999993,0
156020.0,3,14.647499999999962,0
156270.0,3,18.764999999999944,0
156520.0,3,20.397499999999944,0
156770.0,3,20.092499999999923,0
157020.0,3,20.42749999999993,0
157270.0,3,19.739999999999952,0
157520.0,3,19.26749999999995,0
157770.0,3,18.472499999999922,0
158020.0,3,21.22499999999993,0
158166.0,3,11.54499999999999,0
158416.0,3,19.642499999999963,0
158589.0,3,15.732499999999956,0
158839.0,3,20.249999999999943,0
159089.0,3,20.267499999999913,0
159305.0,3,18.127499999999927,0
159555.0,3,21.08499999999992,0
159595.0,3,5.562499999999999,0
159845.0,3,22.179999999999936,0
160095.0,3,21.487499999999937,0
160345.0,3,22.102499999999914,0
160595.0,3,21.03749999999994,0
160845.0,3,18.91499999999993,0
160995.0,3,14.627499999999955,0
161119.0,3,12.944999999999991,0
161252.0,3,12.702499999999986,0
161502.0,3,21.28249999999991,0
161752.0,3,22.314999999999902,0
161792.0,3,5.585,0
161846.0,3,7.175,0
161906.0,3,7.134999999999998,0
162156.0,3,21.59999999999991,0
162244.0,3,9.884999999999982,0
162372.0,3,12.542499999999976,0
162622.0,3,20.837499999999913,0
162727.0,3,10.564999999999985,0
162977.0,3,21.564999999999937,0
163227.0,3,22.917499999999897,0
163342.0,3,10.14999999999998,0
163479.0,3,13.672499999999975,0
163653.0,3,17.33999999999994,0
163903.0,3,21.897499999999916,0
164153.0,3,20.619999999999926,0
164296.0,3,13.78749999999998,0
164546.0,3,21.694999999999908,0
164700.0,3,15.569999999999979,0
164950.0,3,22.217499999999916,0
165106.0,3,14.664999999999967,0
165356.0,3,20.677499999999917,0
165606.0,3,22.942499999999903,0
165856.0,3,23.269999999999918,0
166106.0,3,22.424999999999905,0
166263.0,3,15.292499999999956,0
166513.0,3,21.444999999999954,0
166763.0,3,21.397499999999926,0
167013.0,3,20.077499999999933,0
167228.0,3,19.087499999999945,0
167478.0,3,20.36749999999994,0
167728.0,3,19.994999999999955,0
167847.0,3,12.157499999999978,0
168061.0,3,19.139999999999944,0
168311.0,3,21.28749999999992,0
168561.0,3,20.879999999999946,0
168811.0,3,22.919999999999927,0
169061.0,3,23.284999999999908,0
169170.0,3,12.362499999999992,0
169237.0,3,7.959999999999992,0
169487.0,3,22.05499999999992,0
169666.0,3,17.149999999999977,0
169916.0,3,22.974999999999916,0
170166.0,3,21.487499999999947,0
170416.0,3,22.664999999999903,0
170482.0,3,8.324999999999992,0
170572.0,3,10.35749999999999,0
170749.0,3,16.949999999999978,0
170931.0,3,17.02999999999996,0
171079.0,3,14.844999999999974,0
171260.0,3,17.392499999999973,0
171510.0,3,21.984999999999918,0
171615.0,3,10.33499999999999,0
171698.0,3,9.957499999999996,0
171948.0,3,22.75499999999992,0
172051.0,3,11.054999999999994,0
172238.0,3,17.904999999999948,0
172488.0,3,23.449999999999914,0
172571.0,3,8.792499999999988,0
172684.0,3,11.547499999999978,0
172850.0,3,16.102499999999953,0
173100.0,3,21.797499999999935,0
173350.0,3,22.25249999999991,0
173600.0,3,21.094999999999928,0
173850.0,3,21.10749999999993,0
174005.0,3,15.289999999999969,0
174255.0,3,22.662499999999888,0
174374.0,3,14.232499999999984,0
174624.0,3,21.882499999999908,0
174713.0,3,10.497499999999988,0
174963.0,3,21.377499999999905,0
175213.0,3,21.294999999999906,0
175403.0,3,16.969999999999942,0
175653.0,3,21.779999999999905,0
175903.0,3,22.10999999999993,0
176153.0,3,20.879999999999903,0
176403.0,3,22.322499999999895,0
176653.0,3,21.464999999999925,0
176903.0,3,20.602499999999928,0
177153.0,3,21.059999999999885,0
177403.0,3,21.6499999999999,0
177462.0,3,7.182499999999998,0
177657.0,3,19.24749999999997,0
177816.0,3,15.639999999999956,0
178066.0,3,24.092499999999905,0
178316.0,3,22.057499999999898,0
178566.0,3,23.162499999999937,0
178816.0,3,23.19749999999992,0
179066.0,3,23.272499999999905,0
179316.0,3,21.342499999999895,0
179566.0,3,20.457499999999907,0
179602.0,3,5.420000000000001,0
179721.0,3,12.434999999999988,0
179971.0,3,23.89249999999992,0
180221.0,3,23.54499999999991,0
180471.0,3,23.847499999999904,0
180721.0,3,21.729999999999926,0
180971.0,3,22.1824999999999,0
181003.0,3,4.877499999999999,0
181088.0,3,9.277500000000002,0
181227.0,3,13.93499999999998,0
181374.0,3,14.702499999999977,0
181624.0,3,22.844999999999924,0
181874.0,3,22.219999999999896,0
182032.0,3,14.749999999999979,0
182237.0,3,18.80249999999993,0
182275.0,3,5.084999999999999,0
182481.0,3,16.964999999999943,0
182544.0,3,7.029999999999993,0
182727.0,3,16.807499999999948,0
182891.0,3,17.81499999999995,0
183141.0,3,20.834999999999916,0
183391.0,3,21.687499999999904,0
183427.0,3,4.272499999999998,0
183677.0,3,22.55499999999991,0
183765.0,3,10.174999999999995,0
183845.0,3,8.709999999999994,0
184095.0,3,21.23999999999995,0
184180.0,3,9.769999999999994,0
184430.0,3,22.80749999999989,0
184465.0,3,5.04,0
184645.0,3,17.02499999999995,0
184758.0,3,12.984999999999987,0
185008.0,3,19.84499999999994,0
185258.0,3,20.4049999999999,0
185508.0,3,19.83499999999991,0
185646.0,3,14.457499999999975,0
185839.0,1,25.78499999999996,1
186089.0,3,22.974999999999927,0
186339.0,3,21.254999999999935,0
186373.0,3,5.280000000000001,0
186526.0,3,15.602499999999965,0
186604.0,3,8.822499999999994,0
186854.0,3,21.289999999999935,0
187104.0,3,22.094999999999924,0
187273.0,3,15.96499999999997,0
187481.0,3,19.549999999999944,0
187731.0,3,22.394999999999904,0
187981.0,3,21.104999999999947,0
188231.0,3,22.379999999999917,0
188481.0,3,21.67499999999992,0
188660.0,3,16.944999999999965,0
188910.0,3,19.88749999999994,0
188948.0,3,5.874999999999998,0
189140.0,3,17.977499999999967,0
189390.0,3,19.91999999999995,0
189573.0,3,17.762499999999932,0
189731.0,3,15.19249999999996,0
189845.0,3,13.314999999999982,0
190064.0,1,24.55499999999995,1
190280.0,3,19.50749999999991,0
190388.0,3,11.437499999999993,0
190575.0,2,23.249999999999964,1
190805.0,3,20.979999999999947,0
191055.0,3,21.92249999999993,0
191192.0,3,14.487499999999967,0
191442.0,3,21.044999999999934,0
191692.0,3,22.47499999999991,0
191942.0,3,21.78749999999991,0
192039.0,3,10.615000000000004,0
192154.0,3,12.374999999999979,0
192338.0,3,18.61749999999993,0
192512.0,3,16.992499999999936,0
192685.0,3,16.03499999999996,0
192857.0,3,15.677499999999958,0
193107.0,3,20.67999999999995,0
193357.0,3,23.74999999999993,0
193601.0,3,21.96499999999994,0
193851.0,3,20.629999999999935,0
194101.0,3,20.014999999999937,0
194276.0,1,23.764999999999972,1
194526.0,3,23.314999999999916,0
194646.0,3,12.492499999999964,0
194774.0,3,13.532499999999985,0
194951.0,3,17.324999999999964,0
195146.0,3,17.954999999999956,0
195396.0,3,22.07999999999995,0
195632.0,3,19.619999999999955,0
195749.0,3,13.769999999999989,0
195999.0,3,20.78249999999993,0
196249.0,3,21.077499999999937,0
196318.0,3,9.462499999999995,0
196568.0,3,20.62999999999997,0
196818.0,3,22.617499999999904,0
197068.0,3,20.589999999999964,0
197318.0,3,22.662499999999945,0
197568.0,3,21.37999999999995,0
197818.0,3,17.39749999999998,0
197929.0,3,11.382499999999983,0
198179.0,3,20.952499999999937,0
198429.0,3,20.88749999999991,0
198679.0,3,20.74999999999992,0
198908.0,2,24.08999999999996,1
199158.0,3,22.74999999999991,0
199408.0,3,22.244999999999923,0
199658.0,3,22.227499999999882,0
199908.0,3,20.379999999999928,0
199977.0,3,8.189999999999998,0
200211.0,2,23.32999999999996,1
200461.0,3,23.499999999999904,0
200711.0,3,22.484999999999918,0
200907.0,3,18.942499999999967,0
201157.0,3,22.879999999999924,0
201310.0,3,15.989999999999966,0
201438.0,3,12.49749999999999,0
201688.0,3,23.339999999999907,0
201938.0,3,22.69249999999989,0
202188.0,3,21.71499999999994,0
202438.0,3,23.50499999999992,0
202522.0,3,9.484999999999989,0
202772.0,3,24.7924999999999,0
202961.0,3,18.534999999999933,0
203004.0,3,5.6025,0
203118.0,3,13.55999999999998,0
203368.0,3,22.899999999999903,0
203618.0,3,23.652499999999886,0
203868.0,3,21.807499999999898,0
203914.0,3,6.234999999999997,0
204164.0,3,22.564999999999934,0
204311.0,3,15.86249999999998,0
204420.0,3,11.669999999999995,0
204619.0,3,18.58749999999992,0
204842.0,3,21.172499999999932,0
204963.0,3,12.909999999999972,0
205044.0,3,9.997499999999981,0
205294.0,3,20.21999999999991,0
205335.0,3,5.3175,0
205469.0,3,14.184999999999976,0
205719.0,3,21.22749999999992,0
205969.0,3,18.699999999999953,0
206219.0,3,19.56499999999996,0
206259.0,3,5.587499999999998,0
206304.0,3,5.734999999999995,0
206554.0,3,20.269999999999932,0
206804.0,3,20.42999999999994,0
207054.0,3,20.194999999999926,0
207304.0,3,20.99999999999993,0
207554.0,3,19.639999999999954,0
207783.0,2,22.95499999999996,1
207847.0,3,8.219999999999992,0
208097.0,3,21.36249999999994,0
208347.0,3,21.689999999999948,0
208597.0,3,19.807499999999937,0
208847.0,3,20.937499999999925,0
209097.0,3,20.092499999999976,0
209347.0,3,21.319999999999908,0
209479.0,3,14.22999999999997,0
209729.0,3,20.887499999999918,0
209933.0,2,22.469999999999974,1
210183.0,3,22.3699999999999,0
210433.0,3,15.804999999999955,0
210683.0,3,22.357499999999913,0
210933.0,3,21.59999999999994,0
211183.0,3,21.617499999999904,0
211433.0,3,21.58249999999991,0
211585.0,3,16.079999999999963,0
211835.0,3,23.774999999999938,0
211951.0,3,14.472499999999998,0
212201.0,3,22.854999999999897,0
212447.0,2,24.289999999999953,1
212697.0,3,22.30999999999991,0
212842.0,3,15.44499999999996,0
213092.0,3,20.969999999999953,0
213172.0,3,8.46249999999999,0
213279.0,3,14.929999999999986,0
213529.0,3,21.934999999999903,0
213699.0,3,17.86749999999997,0
213949.0,3,21.89999999999992,0
214191.0,3,20.457499999999943,0
214420.0,3,18.734999999999964,0
214670.0,3,22.429999999999897,0
214713.0,3,6.017499999999998,0
214757.0,3,6.742499999999998,0
215007.0,3,21.4674999999999,0
215050.0,3,6.019999999999995,0
215300.0,3,22.23999999999991,0
215447.0,3,14.677499999999966,0
215697.0,3,22.937499999999897,0
215947.0,3,20.164999999999914,0
216197.0,3,22.344999999999903,0
216447.0,3,21.029999999999923,0
216697.0,3,21.717499999999912,0
216947.0,3,22.44249999999992,0
217153.0,3,18.73999999999997,0
217258.0,3,11.397499999999988,0
217391.0,3,13.322499999999993,0
217577.0,3,17.72999999999995,0
217727.0,3,15.49999999999996,0
217977.0,3,22.65749999999992,0
218018.0,3,6.0799999999999965,0
218220.0,2,23.554999999999968,1
218436.0,3,18.877499999999934,0
218686.0,3,18.65999999999996,0
218875.0,3,17.42749999999994,0
219125.0,3,22.037499999999888,0
219165.0,3,5.324999999999997,0
219222.0,3,8.044999999999993,0
219364.0,3,14.939999999999975,0
219417.0,3,7.1699999999999955,0
219667.0,3,15.224999999999989,0
219708.0,3,5.412499999999998,0
219747.0,3,5.877499999999997,0
219997.0,3,20.842499999999912,0
220206.0,2,24.78999999999995,1
220339.0,3,12.824999999999976,0
220542.0,2,25.13499999999997,1
220759.0,2,23.63499999999995,1
221009.0,3,20.559999999999917,0
221213.0,3,19.04999999999994,0
221463.0,3,22.097499999999936,0
221713.0,3,18.949999999999957,0
221963.0,3,21.747499999999913,0
222089.0,3,13.78999999999997,0
222315.0,3,21.71749999999993,0
222424.0,3,12.739999999999966,0
222534.0,3,12.934999999999977,0
222784.0,3,18.519999999999968,0
222998.0,2,26.114999999999956,1
223248.0,3,22.789999999999917,0
223466.0,3,19.12499999999993,0
223716.0,3,20.85249999999991,0
223932.0,3,19.969999999999935,0
224124.0,3,16.952499999999954,0
224165.0,3,6.0225,0
224411.0,2,25.76999999999993,1
224627.0,1,23.65499999999996,1
224854.0,3,20.662499999999927,0
225104.0,3,21.97749999999991,0
225317.0,3,19.94249999999995,0
225567.0,3,21.897499999999923,0
225609.0,3,6.429999999999998,0
225736.0,3,13.399999999999979,0
225986.0,3,22.13499999999992,0
226236.0,3,22.3824999999999,0
226486.0,3,23.112499999999923,0
226526.0,3,6.7349999999999985,0
226776.0,3,22.374999999999932,0
227026.0,3,21.18999999999993,0
227157.0,3,14.219999999999965,0
227239.0,3,9.584999999999988,0
227489.0,3,23.272499999999912,0
227739.0,3,21.37249999999991,0
227935.0,3,18.397499999999955,0
227991.0,3,7.0249999999999995,0
228241.0,3,22.677499999999885,0
228452.0,3,19.787499999999927,0
228492.0,3,6.2449999999999966,0
228742.0,3,21.137499999999925,0
228955.0,3,19.91499999999996,0
229205.0,3,22.73749999999994,0
229455.0,3,21.797499999999893,0
229550.0,3,10.004999999999983,0
229593.0,3,7.2399999999999975,0
229843.0,3,22.292499999999908,0
229996.0,3,16.109999999999975,0
230246.0,3,23.31749999999991,0
230333.0,3,11.157499999999995,0
230416.0,3,9.759999999999987,0
230462.0,3,6.8999999999999995,0
230525.0,3,9.154999999999998,0
230570.0,3,7.499999999999998,0
230795.0,3,20.089999999999932,0
230831.0,3,6.0799999999999965,0
230877.0,3,7.272499999999997,0
231096.0,3,19.337499999999917,0
231227.0,3,14.292499999999993,0
231382.0,3,16.324999999999978,0
231461.0,3,9.929999999999987,0
231652.0,3,16.70749999999996,0
231796.0,1,21.67999999999999,1
232022.0,3,20.744999999999937,0
232155.0,3,14.079999999999947,0
232195.0,3,6.459999999999997,0
232445.0,3,22.01499999999993,0
232695.0,3,21.739999999999913,0
232926.0,2,25.029999999999923,1
233176.0,3,21.57249999999993,0
233376.0,3,19.58749999999993,0
233607.0,2,26.274999999999938,1
233817.0,3,18.92999999999992,0
234067.0,3,22.76249999999991,0
234303.0,3,21.799999999999915,0
234338.0,3,5.5349999999999975,0
234588.0,3,25.207499999999904,0
234765.0,3,16.07999999999995,0
235012.0,2,28.04499999999991,1
235262.0,3,21.472499999999922,0
235352.0,3,13.262499999999982,0
235574.0,3,20.61999999999991,0
235667.0,3,12.582499999999973,0
235870.0,2,24.55999999999995,1
236102.0,2,25.90999999999993,1
236189.0,3,11.08249999999999,0
236439.0,3,22.80999999999992,0
236615.0,3,17.207499999999953,0
236832.0,3,19.314999999999955,0
237082.0,3,21.272499999999937,0
237289.0,3,18.694999999999933,0
237370.0,3,8.00999999999999,0
237620.0,3,20.712499999999938,0
237802.0,2,22.294999999999973,1
237930.0,3,13.87999999999999,0
238180.0,3,22.439999999999934,0
238430.0,3,19.53999999999995,0
238680.0,3,19.484999999999957,0
238904.0,3,21.28749999999992,0
239154.0,3,21.669999999999927,0
239404.0,3,20.647499999999926,0
239654.0,3,21.43749999999993,0
239820.0,1,22.339999999999975,1
239883.0,3,8.43249999999999,0
240133.0,3,21.38999999999992,0
240383.0,3,22.017499999999917,0
240633.0,3,20.77749999999992,0
240883.0,3,20.772499999999912,0
241119.0,2,26.10499999999994,1
241154.0,3,5.554999999999998,0
241404.0,3,21.704999999999927,0
241653.0,2,24.97999999999995,1
241881.0,2,25.03999999999996,1
242131.0,3,21.29249999999991,0
242264.0,3,13.302499999999977,0
242478.0,2,23.95499999999995,1
242640.0,3,16.09999999999995,0
242890.0,3,21.544999999999916,0
243051.0,3,17.232499999999952,0
243301.0,3,21.602499999999946,0
243551.0,3,21.9674999999999,0
243801.0,3,21.569999999999922,0
244051.0,3,22.08749999999992,0
244301.0,3,21.614999999999903,0
244551.0,3,24.174999999999912,0
244730.0,3,17.652499999999957,0
244980.0,3,21.249999999999922,0
245230.0,3,21.92749999999991,0
245409.0,3,20.012499999999946,0
245653.0,2,25.52499999999993,1
245903.0,3,22.729999999999908,0
246106.0,3,18.792499999999944,0
246278.0,2,21.884999999999977,1
246528.0,3,21.454999999999906,0
246639.0,3,11.859999999999978,0
246889.0,3,21.487499999999937,0
247101.0,2,23.459999999999972,1
247209.0,3,11.544999999999984,0
247380.0,1,24.484999999999964,1
247629.0,2,25.89999999999995,1
247786.0,3,15.879999999999965,0
248036.0,3,22.217499999999898,0
248227.0,1,23.88999999999995,1
248477.0,3,23.427499999999913,0
248727.0,3,20.90999999999994,0
248941.0,2,25.344999999999946,1
249145.0,2,23.78499999999996,1
249395.0,3,23.189999999999916,0
249580.0,2,23.349999999999966,1
249786.0,3,18.62999999999994,0
249962.0,3,16.849999999999937,0
250212.0,3,22.17249999999991,0
250391.0,2,24.08499999999995,1
250500.0,3,11.149999999999984,0
250657.0,1,22.71999999999997,1
250907.0,3,23.314999999999916,0
250955.0,3,5.977499999999997,0
251205.0,3,22.95749999999989,0
251412.0,2,22.69999999999997,1
251596.0,3,17.95749999999996,0
251839.0,3,20.69749999999994,0
251971.0,3,13.187499999999964,0
252221.0,3,19.39749999999995,0
252471.0,3,22.679999999999932,0
252721.0,3,23.429999999999918,0
252835.0,3,13.227499999999987,0
253009.0,1,22.874999999999964,1
253259.0,3,18.657499999999963,0
253509.0,3,24.4324999999999,0
253759.0,3,20.824999999999942,0
253997.0,2,26.08999999999992,1
254247.0,3,19.90749999999993,0
254497.0,3,23.324999999999925,0
254711.0,2,23.939999999999955,1
254961.0,3,22.077499999999922,0
255211.0,3,22.049999999999912,0
255359.0,1,22.824999999999967,1
255528.0,1,23.594999999999967,1
255769.0,2,24.20499999999995,1
256019.0,3,22.647499999999916,0
256259.0,2,25.369999999999944,1
256509.0,3,21.9224999999999,0
256647.0,1,21.039999999999985,1
256777.0,1,21.16499999999999,1
257027.0,3,23.2124999999999,0
257235.0,3,18.40499999999995,0
257485.0,3,21.65999999999993,0
257735.0,3,20.42249999999995,0
257985.0,3,23.3349999999999,0
258235.0,3,22.764999999999933,0
258370.0,1,22.159999999999975,1
258620.0,3,22.069999999999915,0
258870.0,3,23.5824999999999,0
259120.0,3,18.467499999999962,0
259283.0,0,23.484999999999975,1
259510.0,2,24.63499999999995,1
259760.0,3,23.164999999999885,0
260010.0,3,19.779999999999948,0
260260.0,3,23.43749999999992,0
260510.0,3,21.157499999999935,0
260755.0,2,25.994999999999933,1
260818.0,3,8.044999999999996,0
261068.0,3,24.047499999999904,0
261267.0,2,23.864999999999974,1
261517.0,3,22.2749999999999,0
261767.0,3,22.957499999999925,0
262017.0,3,22.622499999999896,0
262177.0,3,17.14249999999997,0
262303.0,3,12.974999999999962,0
262485.0,1,21.674999999999983,1
262687.0,3,20.602499999999925,0
262885.0,1,22.724999999999966,1
263135.0,3,22.2824999999999,0
263279.0,3,16.047499999999978,0
263416.0,3,14.644999999999966,0
263579.0,1,22.864999999999974,1
263770.0,1,24.474999999999966,1
263955.0,3,17.00999999999996,0
264096.0,3,15.769999999999978,0
264346.0,3,21.707499999999932,0
264541.0,3,18.837499999999956,0
264687.0,1,21.76499999999999,1
264919.0,2,23.084999999999965,1
265051.0,3,14.654999999999976,0
265254.0,1,23.209999999999972,1
265492.0,2,23.85499999999997,1
265742.0,3,20.127499999999944,0
265939.0,1,23.14499999999996,1
266189.0,3,23.194999999999922,0
266321.0,1,21.829999999999984,1
266571.0,3,22.029999999999927,0
266805.0,2,23.75999999999995,1
266980.0,3,17.41749999999995,0
267155.0,3,16.897499999999958,0
267274.0,3,14.214999999999973,0
267480.0,2,23.59999999999995,1
267730.0,3,21.957499999999918,0
267980.0,3,18.822499999999952,0
268108.0,3,13.984999999999973,0
268333.0,2,23.92499999999996,1
268549.0,3,18.407499999999953,0
268799.0,3,17.33499999999996,0
269049.0,3,17.294999999999956,0
269299.0,3,21.657499999999914,0
269549.0,3,18.089999999999954,0
269627.0,3,10.544999999999993,0
269877.0,3,22.334999999999912,0
270042.0,3,17.61749999999993,0
270100.0,3,6.409999999999994,0
270350.0,3,19.74499999999995,0
270600.0,3,22.899999999999917,0
270850.0,3,22.932499999999894,0
271100.0,3,22.474999999999923,0
271350.0,3,18.20249999999996,0
271600.0,3,22.9349999999999,0
271850.0,3,18.612499999999958,0
272100.0,3,23.089999999999904,0
272350.0,3,22.89499999999992,0
272472.0,3,12.934999999999961,0
272722.0,3,16.959999999999965,0
272834.0,3,14.472499999999995,0
273084.0,3,18.774999999999967,0
273334.0,3,19.084999999999958,0
273528.0,3,19.472499999999943,0
273727.0,3,19.27749999999998,0
273977.0,3,21.874999999999925,0
274227.0,3,23.519999999999918,0
274477.0,3,23.254999999999935,0
274727.0,3,20.84499999999998,0
274958.0,2,25.434999999999942,1
275204.0,2,25.969999999999942,1
275454.0,3,17.112499999999933,0
275704.0,3,23.319999999999908,0
275954.0,3,22.152499999999886,0
276204.0,3,21.52749999999992,0
276454.0,3,22.139999999999933,0
276704.0,3,21.909999999999936,0
276954.0,3,20.21499999999994,0
277204.0,3,20.472499999999947,0
277454.0,3,22.474999999999913,0
277601.0,3,15.522499999999976,0
277812.0,2,24.994999999999948,1
277849.0,3,5.040000000000001,0
278099.0,3,21.287499999999905,0
278329.0,2,25.639999999999954,1
278579.0,3,23.56749999999993,0
278689.0,3,12.86499999999997,0
278784.0,3,12.364999999999988,0
279034.0,3,23.344999999999878,0
279284.0,3,21.66999999999992,0
279534.0,3,20.747499999999913,0
279762.0,2,23.79999999999996,1
280003.0,2,25.29999999999994,1
280157.0,1,21.534999999999986,1
280244.0,3,11.467499999999989,0
280494.0,3,20.35999999999995,0
280669.0,2,24.324999999999946,1
280852.0,1,23.084999999999972,1
281102.0,3,20.07249999999995,0
281352.0,3,22.187499999999915,0
281584.0,1,22.489999999999988,1
281694.0,0,21.139999999999993,1
281846.0,1,21.44499999999999,1
282033.0,2,22.39499999999997,1
282283.0,3,21.25499999999993,0
282533.0,3,21.42999999999994,0
282679.0,1,20.994999999999997,1
282929.0,3,20.959999999999916,0
283179.0,3,20.42249999999997,0
283372.0,2,22.914999999999964,1
283548.0,3,16.649999999999952,0
283798.0,3,22.452499999999965,0
284024.0,2,24.614999999999945,1
284154.0,1,21.594999999999978,1
284404.0,3,21.75499999999994,0
284592.0,1,24.31999999999995,1
284842.0,3,21.189999999999937,0
284996.0,2,23.454999999999952,1
285246.0,3,22.95249999999992,0
285408.0,1,23.47499999999996,1
285631.0,1,26.27999999999993,1
285779.0,2,21.724999999999987,1
286029.0,3,22.849999999999916,0
286257.0,0,24.429999999999946,1
286424.0,1,23.434999999999963,1
286508.0,3,9.817499999999987,0
286758.0,3,20.419999999999927,0
286825.0,3,9.334999999999997,0
286996.0,1,23.634999999999955,1
287246.0,3,20.91249999999993,0
287339.0,3,12.454999999999986,0
287494.0,3,15.84999999999996,0
287744.0,3,21.224999999999937,0
287994.0,3,23.639999999999915,0
288192.0,2,23.214999999999975,1
288398.0,2,23.54999999999997,1
288576.0,1,24.43999999999997,1
288749.0,2,23.479999999999965,1
288879.0,3,14.97499999999998,0
289085.0,2,24.13499999999997,1
289273.0,2,22.35499999999997,1
289425.0,2,21.239999999999988,1
289675.0,3,23.01499999999994,0
289738.0,3,6.762499999999989,0
289858.0,3,13.082499999999973,0
290036.0,3,16.674999999999947,0
290286.0,3,22.86249999999991,0
290536.0,3,21.63999999999993,0
290712.0,2,24.28999999999996,1
290944.0,2,25.224999999999937,1
291088.0,1,22.524999999999977,1
291271.0,3,17.89499999999995,0
291434.0,2,21.954999999999984,1
291574.0,3,14.947499999999955,0
291735.0,3,15.647499999999969,0
291819.0,3,12.64249999999999,0
291931.0,3,13.989999999999988,0
292096.0,1,22.49999999999998,1
292301.0,3,18.417499999999976,0
292551.0,3,21.394999999999943,0
292801.0,3,23.062499999999925,0
292981.0,3,16.90999999999998,0
293055.0,3,8.43249999999999,0
293305.0,3,21.30999999999995,0
293518.0,2,24.479999999999954,1
293718.0,2,23.389999999999958,1
293947.0,2,25.31499999999994,1
294127.0,3,17.27749999999997,0
294262.0,1,21.829999999999995,1
294464.0,3,21.339999999999947,0
294714.0,3,24.679999999999897,0
294934.0,3,21.744999999999926,0
295036.0,3,12.904999999999989,0
295105.0,3,9.759999999999994,0
295260.0,1,21.714999999999986,1
295436.0,3,19.019999999999975,0
295593.0,1,23.62499999999998,1
295761.0,2,23.559999999999974,1
295851.0,3,12.514999999999992,0
295991.0,3,13.749999999999973,0
296241.0,3,16.43249999999997,0
296330.0,3,10.224999999999978,0
296461.0,3,14.287499999999971,0
296694.0,3,20.82749999999994,0
296796.0,3,12.412499999999989,0
297021.0,2,23.839999999999954,1
297185.0,1,22.51499999999998,1
297350.0,1,22.76499999999998,1
297422.0,3,10.799999999999995,0
297595.0,3,15.607499999999957,0
297780.0,1,23.994999999999955,1
297958.0,3,18.09749999999993,0
298056.0,3,10.279999999999976,0
298192.0,1,21.209999999999987,1
298361.0,2,22.429999999999964,1
298525.0,2,22.049999999999983,1
298706.0,2,24.689999999999948,1
298956.0,3,13.64999999999997,0
299017.0,3,9.757499999999997,0
299190.0,3,18.367499999999964,0
299403.0,3,19.217499999999937,0
299563.0,3,17.88999999999995,0
299813.0,3,22.254999999999896,0
300024.0,3,20.579999999999945,0
300261.0,2,27.079999999999924,1
300511.0,3,20.637499999999932,0
300568.0,3,7.854999999999996,0
300629.0,3,8.737499999999999,0
300868.0,2,26.264999999999937,1
301039.0,3,16.56499999999994,0
301112.0,3,9.104999999999995,0
301261.0,1,23.01499999999998,1
301408.0,1,22.51499999999998,1
301587.0,3,17.89749999999998,0
301646.0,3,9.214999999999998,0
301843.0,3,20.699999999999935,0
302069.0,3,21.827499999999915,0
302248.0,3,18.11999999999996,0
302498.0,3,21.909999999999908,0
302602.0,3,12.74999999999997,0
302727.0,0,21.599999999999987,1
302864.0,3,15.787499999999962,0
303092.0,2,26.999999999999922,1
303257.0,1,24.34499999999998,1
303479.0,1,23.879999999999956,1
303608.0,3,14.187499999999966,0
303679.0,3,9.514999999999981,0
303834.0,1,24.88499999999997,1
304032.0,2,22.90999999999997,1
304202.0,2,24.04999999999997,1
304452.0,3,24.734999999999914,0
304659.0,2,24.55499999999995,1
304774.0,3,14.044999999999963,0
304966.0,3,18.34749999999994,0
305216.0,3,24.662499999999895,0
305368.0,3,17.282499999999963,0
305525.0,1,23.569999999999965,1
305681.0,3,17.242499999999943,0
305893.0,3,20.429999999999946,0
306029.0,3,13.739999999999975,0
306279.0,3,23.214999999999918,0
306314.0,3,5.48,0
306564.0,3,12.324999999999962,0
306686.0,0,22.549999999999983,1
306860.0,2,23.49999999999996,1
306980.0,1,21.439999999999987,1
307211.0,2,26.394999999999932,1
307461.0,3,22.55499999999991,0
307599.0,1,23.13999999999996,1
307849.0,3,22.974999999999913,0
307983.0,3,14.727499999999967,0
308233.0,3,21.962499999999896,0
308483.0,3,24.434999999999928,0
308733.0,3,24.277499999999893,0
308842.0,1,21.049999999999994,1
308971.0,1,21.54999999999999,1
309133.0,2,24.164999999999967,1
309282.0,1,22.324999999999978,1
309458.0,1,22.039999999999978,1
309601.0,1,22.104999999999986,1
309839.0,2,25.20499999999997,1
309960.0,3,13.894999999999968,0
310122.0,1,22.589999999999968,1
310186.0,3,10.719999999999988,0
310357.0,1,23.674999999999958,1
310528.0,1,23.11499999999998,1
310679.0,1,20.41,1
310895.0,3,20.53749999999992,0
311053.0,1,22.864999999999984,1
311303.0,3,23.727499999999928,0
311553.0,3,21.737499999999958,0
311803.0,3,22.647499999999916,0
312053.0,3,22.709999999999912,0
312166.0,3,13.277499999999971,0
312290.0,1,20.365,1
312449.0,1,21.57999999999998,1
312610.0,1,23.184999999999967,1
312815.0,1,25.814999999999962,1
312941.0,0,21.064999999999998,1
313102.0,3,17.66499999999996,0
313230.0,1,22.094999999999978,1
313401.0,2,21.46499999999999,1
313552.0,1,22.794999999999973,1
313695.0,3,15.147499999999992,0
313945.0,3,19.897499999999948,0
314195.0,3,21.357499999999913,0
314445.0,3,21.58749999999993,0
314606.0,1,21.809999999999985,1
314751.0,1,21.439999999999984,1
314899.0,1,21.22999999999999,1
315149.0,3,22.84499999999991,0
315399.0,3,21.269999999999936,0
315638.0,1,24.21499999999996,1
315861.0,1,24.84999999999995,1
316034.0,1,23.449999999999964,1
316284.0,3,23.17249999999988,0
316534.0,3,22.162499999999927,0
316666.0,1,21.27499999999999,1
316759.0,3,10.502499999999985,0
316906.0,1,21.749999999999986,1
317127.0,1,23.77999999999996,1
317350.0,2,25.78499999999994,1
317539.0,2,23.56499999999997,1
317704.0,0,23.914999999999978,1
317852.0,3,15.184999999999965,0
318071.0,1,28.044999999999945,1
318203.0,3,17.682499999999976,0
318453.0,3,23.859999999999904,0
318703.0,3,24.727499999999914,0
318876.0,1,23.394999999999968,1
319042.0,1,23.444999999999972,1
319216.0,1,24.569999999999943,1
319451.0,2,24.314999999999955,1
319577.0,3,16.027499999999968,0
319827.0,3,22.107499999999913,0
319970.0,1,22.05499999999998,1
320097.0,3,14.819999999999958,0
320205.0,3,13.864999999999977,0
320339.0,1,23.15499999999996,1
320460.0,3,12.744999999999981,0
320589.0,1,21.879999999999985,1
320726.0,1,22.899999999999984,1
320896.0,1,23.79999999999997,1
321053.0,1,22.159999999999986,1
321188.0,3,15.707499999999964,0
321383.0,2,24.369999999999962,1
321488.0,0,21.669999999999987,1
321641.0,2,22.144999999999982,1
321872.0,2,25.629999999999935,1
322021.0,3,17.512499999999974,0
322152.0,1,21.394999999999982,1
322402.0,3,23.92499999999993,0
322526.0,3,13.922499999999973,0
322698.0,1,25.204999999999952,1
322831.0,3,16.02499999999996,0
323025.0,2,25.639999999999954,1
323205.0,3,17.42249999999993,0
323369.0,3,17.444999999999954,0
323583.0,3,20.787499999999934,0
323748.0,1,24.104999999999965,1
323896.0,1,23.044999999999973,1
324026.0,2,21.30999999999999,1
324158.0,1,21.60499999999999,1
324287.0,1,21.544999999999987,1
324430.0,3,14.817499999999962,0
324523.0,3,11.827499999999972,0
324651.0,3,14.34499999999997,0
324798.0,3,18.319999999999965,0
324987.0,2,25.309999999999942,1
325237.0,3,11.934999999999981,0
325428.0,3,20.529999999999955,0
325552.0,1,21.829999999999977,1
325661.0,3,14.824999999999987,0
325879.0,1,23.99999999999995,1
325986.0,3,13.617499999999989,0
326124.0,1,22.83999999999997,1
326292.0,2,22.584999999999972,1
326466.0,3,18.577499999999954,0
326609.0,3,17.01749999999996,0
326859.0,3,16.43999999999997,0
326990.0,3,17.117499999999982,0
327192.0,3,20.539999999999942,0
327327.0,1,21.21999999999999,1
327577.0,3,24.349999999999927,0
327827.0,3,23.717499999999905,0
327993.0,2,22.91499999999997,1
328146.0,1,22.42499999999998,1
328332.0,2,23.75999999999997,1
328506.0,2,23.77499999999997,1
328714.0,2,25.00499999999994,1
328937.0,2,27.604999999999926,1
329064.0,3,16.304999999999968,0
329190.0,1,22.10999999999998,1
329440.0,3,22.992499999999904,0
329690.0,3,24.132499999999894,0
329893.0,2,22.564999999999966,1
330143.0,3,18.929999999999957,0
330289.0,1,22.754999999999985,1
330462.0,3,17.904999999999948,0
330596.0,3,13.732499999999966,0
330742.0,3,15.117499999999964,0
330871.0,1,21.039999999999992,1
331016.0,1,22.484999999999978,1
331109.0,3,11.377499999999971,0
331353.0,2,24.74999999999994,1
331535.0,2,23.559999999999963,1
331785.0,3,22.389999999999933,0
331912.0,3,13.047499999999982,0
332069.0,1,23.529999999999976,1
332215.0,3,15.227499999999958,0
332326.0,3,10.632499999999977,0
332535.0,2,24.439999999999948,1
332598.0,3,8.304999999999998,0
332848.0,3,22.739999999999895,0
333098.0,3,20.992499999999886,0
333146.0,3,7.6125,0
333341.0,2,23.894999999999957,1
333505.0,3,15.714999999999963,0
333631.0,1,21.339999999999996,1
333881.0,3,23.449999999999893,0
334120.0,3,23.154999999999905,0
334305.0,2,23.824999999999967,1
334364.0,3,9.107499999999998,0
334536.0,3,19.262499999999953,0
334778.0,2,24.734999999999957,1
335028.0,3,23.209999999999877,0
335278.0,3,21.599999999999923,0
335402.0,3,14.73999999999998,0
335652.0,3,24.57499999999993,0
335823.0,3,18.859999999999967,0
336073.0,3,24.012499999999914,0
336257.0,1,23.224999999999962,1
336507.0,3,23.02999999999991,0
336661.0,1,22.35999999999998,1
336858.0,2,24.359999999999957,1
337050.0,2,23.58499999999996,1
337165.0,0,21.464999999999993,1
337340.0,2,23.85999999999996,1
337590.0,3,21.82999999999994,0
337840.0,3,21.877499999999916,0
337976.0,0,21.309999999999988,1
338226.0,3,24.177499999999934,0
338476.0,3,23.529999999999905,0
338726.0,3,24.15499999999987,0
338903.0,2,21.679999999999986,1
339024.0,0,22.014999999999986,1
339215.0,1,25.47499999999994,1
339385.0,3,18.267499999999963,0
339610.0,2,24.67999999999995,1
339798.0,3,18.159999999999936,0
339949.0,3,17.237499999999958,0
340095.0,1,21.464999999999993,1
340221.0,3,14.68749999999998,0
340395.0,2,23.03999999999998,1
340535.0,1,21.64499999999998,1
340785.0,3,21.927499999999938,0
340975.0,2,23.339999999999957,1
341127.0,1,22.15499999999998,1
341377.0,3,21.892499999999895,0
341627.0,3,23.05499999999993,0
341734.0,3,13.194999999999984,0
341902.0,2,23.169999999999966,1
342152.0,3,22.9849999999999,0
342380.0,3,20.039999999999942,0
342630.0,3,23.374999999999922,0
342828.0,1,25.544999999999952,1
342979.0,1,21.914999999999978,1
343229.0,3,22.959999999999923,0
343371.0,1,22.00999999999998,1
343621.0,3,22.932499999999926,0
343871.0,3,23.044999999999884,0
344086.0,3,19.427499999999952,0
344243.0,1,22.89999999999997,1
344376.0,1,21.32499999999999,1
344626.0,3,23.077499999999898,0
344803.0,3,17.74249999999994,0
345053.0,3,25.022499999999894,0
345303.0,3,22.657499999999906,0
345489.0,2,23.83999999999996,1
345739.0,3,22.02749999999993,0
345925.0,3,20.272499999999944,0
346069.0,1,21.929999999999986,1
346190.0,0,22.079999999999973,1
346312.0,3,14.22999999999996,0
346480.0,3,16.28749999999996,0
346612.0,3,15.834999999999988,0
346820.0,2,23.83499999999996,1
347070.0,3,24.824999999999893,0
347320.0,3,21.997499999999924,0
347570.0,3,23.194999999999894,0
347789.0,2,25.619999999999937,1
347925.0,1,21.214999999999996,1
348059.0,1,21.14999999999999,1
348253.0,2,23.929999999999968,1
348456.0,2,22.73499999999997,1
348659.0,2,24.05499999999995,1
348787.0,1,21.164999999999996,1
348928.0,1,22.584999999999965,1
349069.0,3,14.954999999999982,0
349319.0,3,20.884999999999945,0
349485.0,1,24.86499999999996,1
349598.0,1,20.949999999999996,1
349848.0,3,23.207499999999932,0
350098.0,3,23.74749999999991,0
350259.0,1,23.15499999999998,1
350392.0,1,22.20999999999998,1
350642.0,3,22.169999999999913,0
350778.0,1,21.869999999999987,1
350995.0,2,26.224999999999948,1
351077.0,3,10.539999999999992,0
351213.0,2,21.679999999999993,1
351306.0,3,11.289999999999997,0
351556.0,3,24.682499999999905,0
351805.0,3,23.429999999999897,0
351981.0,2,23.039999999999974,1
352231.0,3,23.852499999999928,0
352348.0,1,20.934999999999988,1
352488.0,1,22.279999999999976,1
352738.0,3,22.609999999999918,0
352889.0,3,17.14499999999997,0
352985.0,3,12.942499999999992,0
353112.0,1,22.62499999999997,1
353263.0,1,21.264999999999993,1
353454.0,2,22.019999999999985,1
353608.0,3,16.78749999999996,0
353858.0,3,23.877499999999912,0
354108.0,3,22.09749999999993,0
354358.0,3,23.91749999999991,0
354606.0,3,22.759999999999888,0
354856.0,3,22.16499999999992,0
354982.0,1,21.359999999999992,1
355204.0,2,24.854999999999958,1
355453.0,2,25.534999999999947,1
355617.0,1,22.669999999999973,1
355855.0,3,22.787499999999916,0
356105.0,3,23.699999999999925,0
356342.0,3,20.40999999999991,0
356409.0,3,7.324999999999993,0
356654.0,2,26.34999999999993,1
356764.0,3,11.654999999999982,0
357014.0,3,22.067499999999896,0
357264.0,3,22.78749999999991,0
357514.0,3,22.194999999999915,0
357574.0,3,8.2575,0
357824.0,3,22.332499999999897,0
358042.0,2,23.46499999999996,1
358161.0,3,14.187499999999982,0
358411.0,3,16.902499999999954,0
358661.0,3,23.31499999999991,0
358822.0,3,17.037499999999962,0
358985.0,1,24.024999999999963,1
359036.0,3,7.829999999999996,0
359286.0,3,24.10749999999991,0
359536.0,3,22.232499999999906,0
359700.0,1,21.794999999999984,1
359914.0,2,22.99999999999996,1
360095.0,1,23.659999999999975,1
360291.0,2,24.48499999999995,1
360472.0,3,17.034999999999947,0
360722.0,3,24.30749999999992,0
360917.0,3,19.609999999999943,0
361008.0,3,12.552499999999993,0
361258.0,3,23.18499999999989,0
361508.0,3,22.392499999999917,0
361715.0,3,19.947499999999938,0
361865.0,1,21.63499999999999,1
362051.0,2,24.849999999999948,1
362301.0,3,25.31999999999987,0
362551.0,3,25.097499999999933,0
362765.0,3,19.099999999999966,0
362925.0,2,21.28999999999999,1
363175.0,3,22.179999999999893,0
363323.0,2,22.35499999999998,1
363448.0,3,14.612499999999972,0
363609.0,2,22.609999999999978,1
363755.0,2,21.309999999999995,1
363900.0,2,20.949999999999996,1
363948.0,3,6.554999999999998,0
364120.0,3,17.18749999999995,0
364325.0,3,21.78249999999994,0
364575.0,3,20.779999999999912,0
364763.0,2,23.35499999999997,1
364929.0,3,15.507499999999954,0
365179.0,3,21.9099999999999,0
365377.0,1,24.174999999999955,1
365523.0,3,16.53749999999996,0
365667.0,3,15.494999999999976,0
365844.0,3,15.322499999999946,0
366094.0,3,22.029999999999905,0
366323.0,2,26.05999999999995,1
366519.0,3,19.06249999999995,0
366682.0,2,21.849999999999987,1
366737.0,3,6.902499999999995,0
366813.0,3,8.512500000000005,0
366910.0,0,20.72,1
367160.0,3,20.892499999999934,0
367292.0,1,22.479999999999976,1
367376.0,3,9.354999999999993,0
367626.0,3,22.707499999999897,0
367791.0,2,22.999999999999964,1
367952.0,3,14.847499999999975,0
368108.0,1,22.294999999999987,1
368277.0,3,18.959999999999965,0
368373.0,3,13.384999999999991,0
368623.0,3,21.867499999999925,0
368824.0,2,24.16499999999996,1
368980.0,2,22.039999999999978,1
369221.0,3,23.102499999999893,0
369471.0,3,24.184999999999906,0
369721.0,3,23.044999999999906,0
369971.0,3,23.432499999999894,0
370221.0,3,22.097499999999926,0
370353.0,1,20.804999999999993,1
370465.0,0,21.574999999999992,1
370715.0,3,20.46249999999994,0
370838.0,3,14.49749999999997,0
370989.0,1,21.799999999999983,1
371239.0,3,23.03749999999991,0
371361.0,1,21.169999999999987,1
371518.0,3,15.579999999999968,0
371660.0,1,21.57499999999999,1
371805.0,1,20.959999999999987,1
371919.0,1,20.575000000000003,1
372053.0,1,20.874999999999993,1
372198.0,1,21.069999999999993,1
372370.0,2,22.06999999999998,1
372620.0,3,23.142499999999927,0
372702.0,3,9.745,0
372783.0,3,9.899999999999984,0
372939.0,1,23.764999999999965,1
373052.0,3,12.469999999999963,0
373249.0,2,24.619999999999955,1
373412.0,1,23.444999999999975,1
373567.0,1,23.42999999999997,1
373796.0,2,27.74999999999994,1
374046.0,3,23.27499999999993,0
374200.0,3,16.759999999999955,0
374299.0,0,21.064999999999987,1
374463.0,1,23.51999999999996,1
374579.0,1,20.515,1
374699.0,0,20.949999999999992,1
374949.0,3,21.479999999999933,0
375143.0,2,24.32999999999995,1
375336.0,2,24.439999999999955,1
375474.0,1,21.39999999999999,1
375562.0,3,10.9575,0
375773.0,2,24.419999999999952,1
375971.0,2,23.859999999999964,1
376111.0,1,22.479999999999976,1
376290.0,2,24.199999999999953,1
376380.0,3,11.807499999999992,0
376570.0,2,24.794999999999956,1
376820.0,3,23.124999999999908,0
376984.0,2,22.469999999999985,1
377176.0,2,24.15999999999996,1
377400.0,2,25.889999999999937,1
377505.0,0,21.359999999999985,1
377671.0,3,19.119999999999948,0
377768.0,3,11.657499999999981,0
378012.0,2,25.82999999999994,1
378151.0,1,21.524999999999988,1
378401.0,3,23.394999999999897,0
378533.0,1,21.474999999999987,1
378720.0,3,19.60499999999995,0
378970.0,3,23.2399999999999,0
379064.0,3,12.954999999999979,0
379314.0,3,20.369999999999923,0
379417.0,3,14.25999999999999,0
379543.0,3,16.247499999999977,0
379697.0,1,22.384999999999977,1
379907.0,2,24.739999999999952,1
380130.0,2,25.23999999999994,1
380380.0,3,22.914999999999914,0
380630.0,3,23.4299999999999,0
380843.0,2,24.94999999999995,1
381093.0,3,23.507499999999904,0
381343.0,3,24.157499999999903,0
381496.0,1,23.449999999999974,1
381746.0,3,26.469999999999896,0
381996.0,3,23.902499999999904,0
382124.0,1,20.96,1
382366.0,3,23.06999999999991,0
382556.0,2,24.644999999999953,1
382688.0,1,23.08999999999997,1
382869.0,3,18.00749999999995,0
383119.0,3,26.169999999999877,0
383283.0,3,19.182499999999962,0
383478.0,2,24.079999999999963,1
383728.0,3,24.5599999999999,0
383818.0,3,12.644999999999985,0
383981.0,1,24.364999999999952,1
384095.0,3,13.154999999999989,0
384202.0,3,12.144999999999992,0
384452.0,3,23.132499999999915,0
384655.0,2,25.33999999999995,1
384905.0,3,23.132499999999936,0
385034.0,3,14.022499999999985,0
385167.0,1,23.104999999999972,1
385417.0,3,22.589999999999915,0
385529.0,1,21.33499999999998,1
385666.0,1,21.89499999999998,1
385824.0,1,23.28499999999996,1
386074.0,3,22.922499999999893,0
386205.0,3,16.079999999999966,0
386344.0,1,23.309999999999967,1
386490.0,3,16.842499999999973,0
386626.0,1,23.084999999999965,1
386683.0,3,9.334999999999997,0
386933.0,3,23.209999999999912,0
387061.0,1,22.554999999999982,1
387156.0,3,12.91249999999999,0
387398.0,2,26.16499999999993,1
387648.0,3,22.859999999999907,0
387771.0,3,15.979999999999979,0
388021.0,3,23.309999999999892,0
388239.0,2,27.219999999999935,1
388360.0,3,15.474999999999989,0
388512.0,3,17.92749999999997,0
388721.0,2,25.499999999999964,1
388927.0,3,21.087499999999945,0
389130.0,2,23.999999999999968,1
389368.0,2,25.869999999999944,1
389493.0,1,21.644999999999985,1
389743.0,3,23.39499999999993,0
389953.0,3,20.379999999999953,0
390099.0,1,22.959999999999972,1
390226.0,0,21.11999999999999,1
390459.0,2,27.329999999999938,1
390606.0,1,23.134999999999966,1
390771.0,3,17.21749999999995,0
390930.0,1,22.749999999999975,1
391180.0,3,24.132499999999908,0
391324.0,2,21.18999999999999,1
391438.0,1,21.26999999999999,1
391651.0,2,23.70999999999995,1
391780.0,1,21.239999999999995,1
392030.0,3,23.65749999999989,0
392194.0,3,17.537499999999934,0
392444.0,3,21.967499999999916,0
392624.0,2,22.914999999999974,1
392817.0,1,24.69499999999996,1
393018.0,2,23.699999999999967,1
393153.0,0,22.17499999999999,1
393334.0,2,24.064999999999955,1
393481.0,1,22.889999999999965,1
393707.0,3,22.79999999999992,0
393901.0,2,24.029999999999955,1
394106.0,1,27.184999999999953,1
394278.0,1,23.859999999999978,1
394528.0,3,23.067499999999914,0
394642.0,0,21.714999999999982,1
394765.0,3,15.299999999999985,0
394887.0,0,21.629999999999995,1
395137.0,3,23.507499999999904,0
395272.0,0,23.14499999999999,1
395384.0,3,13.187499999999968,0
395478.0,3,12.399999999999997,0
395641.0,1,22.849999999999973,1
395771.0,1,20.939999999999994,1
396021.0,3,23.634999999999916,0
396140.0,0,21.204999999999988,1
396283.0,1,22.494999999999987,1
396426.0,1,21.824999999999985,1
396676.0,3,24.739999999999917,0
396803.0,1,20.904999999999994,1
396902.0,3,12.747499999999981,0
397061.0,1,23.709999999999976,1
397283.0,2,25.39999999999995,1
397408.0,1,21.08,1
397531.0,0,22.29999999999997,1
397781.0,3,22.979999999999908,0
397925.0,1,22.05999999999998,1
398156.0,2,25.054999999999943,1
398401.0,2,25.014999999999944,1
398529.0,0,22.309999999999974,1
398610.0,3,12.089999999999993,0
398749.0,2,21.334999999999987,1
398999.0,3,25.577499999999876,0
399093.0,3,11.124999999999995,0
399226.0,3,15.96499999999997,0
399341.0,1,20.430000000000003,1
399558.0,2,25.34999999999994,1
399681.0,3,14.114999999999997,0
399895.0,2,24.79499999999995,1
400012.0,0,21.14499999999999,1
400065.0,3,9.107499999999996,0
400213.0,1,22.76499999999998,1
400463.0,3,23.72999999999991,0
400588.0,3,15.36749999999997,0
400716.0,3,15.304999999999982,0
400966.0,3,24.184999999999917,0
401216.0,3,21.989999999999938,0
401392.0,1,24.84999999999997,1
401642.0,3,19.302499999999924,0
401762.0,1,21.039999999999996,1
401908.0,1,23.159999999999968,1
402055.0,1,22.464999999999986,1
402305.0,3,24.089999999999893,0
402464.0,1,22.89499999999998,1
402703.0,2,26.40499999999995,1
402866.0,1,23.18999999999997,1
403013.0,2,22.534999999999982,1
403263.0,3,25.522499999999916,0
403513.0,3,23.427499999999878,0
403737.0,3,21.239999999999945,0
403888.0,0,22.67999999999998,1
404003.0,1,20.984999999999996,1
404220.0,3,21.604999999999944,0
404260.0,3,6.414999999999998,0
404359.0,3,12.542499999999983,0
404588.0,2,25.559999999999935,1
404717.0,3,15.434999999999992,0
404840.0,1,21.12999999999999,1
405090.0,3,23.972499999999886,0
405293.0,3,20.89499999999992,0
405477.0,3,19.367499999999936,0
405693.0,3,21.29249999999994,0
405886.0,2,21.56999999999998,1
406013.0,1,21.39499999999999,1
406140.0,3,15.06749999999998,0
406277.0,1,22.27999999999998,1
406430.0,3,15.819999999999961,0
406628.0,2,24.159999999999975,1
406811.0,2,23.26499999999997,1
406945.0,1,22.519999999999985,1
407088.0,1,22.399999999999977,1
407278.0,3,20.142499999999938,0
407528.0,3,24.159999999999915,0
407778.0,3,23.47749999999991,0
407910.0,2,21.604999999999983,1
408055.0,2,21.134999999999998,1
408204.0,2,21.339999999999993,1
408317.0,1,20.599999999999994,1
408428.0,1,20.90999999999999,1
408579.0,2,22.32499999999997,1
408713.0,2,21.194999999999993,1
408847.0,3,16.807499999999973,0
408943.0,3,13.222499999999997,0
409193.0,3,24.327499999999898,0
409342.0,1,22.85999999999998,1
409503.0,2,21.34499999999999,1
409644.0,2,22.339999999999982,1
409748.0,3,13.499999999999975,0
409858.0,0,21.324999999999992,1
409952.0,3,13.604999999999976,0
410117.0,2,22.98499999999998,1
410289.0,2,24.24499999999995,1
410417.0,1,21.99499999999998,1
410574.0,2,22.149999999999984,1
410792.0,2,27.584999999999944,1
410939.0,2,22.67499999999997,1
411104.0,2,23.954999999999963,1
411321.0,2,25.03499999999994,1
411571.0,3,24.30999999999989,0
411632.0,3,9.024999999999999,0
411761.0,1,21.28499999999999,1
411826.0,3,9.737499999999988,0
412076.0,3,24.43999999999988,0
412326.0,3,24.37999999999991,0
412448.0,1,21.374999999999996,1
412679.0,2,26.039999999999946,1
412822.0,1,22.394999999999985,1
412952.0,3,15.864999999999984,0
413151.0,2,24.27999999999996,1
413301.0,1,22.72499999999998,1
413541.0,2,26.154999999999966,1
413687.0,3,18.06249999999997,0
413805.0,2,20.72,1
414055.0,3,22.947499999999916,0
414157.0,1,20.28,1
414280.0,1,21.449999999999992,1
414417.0,1,21.62999999999999,1
414667.0,3,23.127499999999912,0
414777.0,3,14.307499999999985,0
414976.0,3,20.232499999999977,0
415205.0,2,26.93999999999994,1
415406.0,3,19.78999999999994,0
415656.0,3,21.12249999999992,0
415851.0,2,24.024999999999956,1
415987.0,2,21.109999999999992,1
416156.0,2,23.43499999999997,1
416308.0,3,17.749999999999982,0
416493.0,2,23.079999999999977,1
416601.0,3,13.467499999999982,0
416802.0,2,23.379999999999963,1
416978.0,2,22.87999999999998,1
417074.0,3,12.822499999999993,0
417324.0,3,23.812499999999915,0
417466.0,2,21.924999999999983,1
417602.0,1,22.634999999999984,1
417726.0,3,15.702499999999999,0
417916.0,3,18.90749999999994,0
418045.0,2,21.199999999999992,1
418212.0,2,24.19999999999996,1
418357.0,1,22.549999999999976,1
418526.0,2,23.199999999999964,1
418636.0,1,20.625,1
418751.0,1,21.239999999999995,1
418989.0,2,28.43499999999992,1
419208.0,3,21.717499999999937,0
419291.0,3,10.364999999999991,0
419472.0,3,18.929999999999957,0
419573.0,0,20.599999999999994,1
419706.0,2,21.469999999999985,1
419830.0,2,20.639999999999993,1
420007.0,2,23.16999999999996,1
420257.0,3,24.412499999999902,0
420436.0,2,23.389999999999976,1
420580.0,1,22.564999999999976,1
420786.0,2,25.22999999999995,1
420883.0,0,20.000000000000004,1
421046.0,2,23.319999999999965,1
421180.0,1,22.15999999999998,1
421430.0,3,22.42499999999993,0
421622.0,2,23.50499999999997,1
421726.0,0,20.765,1
421917.0,2,22.93999999999997,1
422167.0,3,24.942499999999903,0
422346.0,2,23.034999999999968,1
422596.0,3,24.09749999999989,0
422839.0,2,28.789999999999928,1
422984.0,1,22.95499999999998,1
423234.0,3,24.434999999999874,0
423346.0,1,21.099999999999994,1
423596.0,3,25.05749999999994,0
423727.0,1,22.309999999999974,1
423844.0,1,21.15999999999999,1
423956.0,0,22.244999999999976,1
424206.0,3,25.129999999999896,0
424310.0,0,20.834999999999994,1
424530.0,2,25.62999999999993,1
424780.0,3,23.33499999999991,0
424976.0,2,24.134999999999955,1
425085.0,1,21.679999999999986,1
425335.0,3,23.497499999999935,0
425443.0,0,21.16999999999999,1
425689.0,2,27.35999999999994,1
425939.0,3,22.344999999999928,0
426017.0,3,10.707499999999989,0
426111.0,0,20.28,1
426361.0,3,23.004999999999903,0
426582.0,2,25.874999999999936,1
426696.0,1,21.87999999999998,1
426820.0,1,21.394999999999992,1
426938.0,1,20.709999999999997,1
427035.0,1,20.125000000000004,1
427141.0,0,21.19999999999999,1
427391.0,3,24.734999999999925,0
427596.0,2,26.064999999999934,1
427761.0,2,21.88499999999999,1
428006.0,2,27.699999999999925,1
428256.0,3,21.372499999999896,0
428460.0,2,25.534999999999954,1
428568.0,1,20.505000000000003,1
428678.0,3,15.059999999999977,0
428928.0,3,23.879999999999924,0
429030.0,0,21.524999999999984,1
429153.0,1,21.444999999999986,1
429307.0,3,16.237499999999972,0
429419.0,1,21.114999999999995,1
429526.0,0,20.799999999999997,1
429647.0,1,21.48499999999999,1
429803.0,2,21.62999999999998,1
429919.0,3,14.762499999999976,0
430169.0,3,20.46499999999993,0
430405.0,1,21.72499999999998,1
430572.0,2,22.914999999999967,1
430672.0,3,14.259999999999998,0
430795.0,1,21.794999999999987,1
430904.0,1,20.4,1
431048.0,3,15.279999999999983,0
431199.0,1,23.14999999999997,1
431296.0,0,20.085,1
431362.0,3,8.549999999999999,0
431466.0,1,20.160000000000007,1
431682.0,2,25.08499999999995,1
431743.0,3,9.952499999999999,0
431841.0,0,20.415,1
431940.0,3,12.749999999999986,0
432088.0,2,20.524999999999995,1
432215.0,1,21.279999999999994,1
432362.0,3,16.102499999999974,0
432456.0,0,20.120000000000005,1
432612.0,3,17.35999999999996,0
432800.0,2,23.079999999999956,1
432979.0,3,19.432499999999962,0
433128.0,2,21.404999999999987,1
433246.0,1,20.64,1
433442.0,3,19.877499999999962,0
433690.0,2,25.379999999999956,1
433789.0,3,11.814999999999987,0
434027.0,2,24.83999999999995,1
434155.0,1,21.444999999999986,1
434259.0,0,20.759999999999998,1
434426.0,1,23.60999999999997,1
434544.0,1,21.43999999999999,1
434740.0,3,18.644999999999964,0
434841.0,0,20.764999999999993,1
434954.0,1,20.4,1
435096.0,2,21.194999999999986,1
435251.0,1,22.80499999999997,1
435448.0,2,23.07499999999996,1
435698.0,3,20.722499999999954,0
435857.0,2,20.864999999999988,1
436107.0,3,22.47749999999989,0
436207.0,3,11.649999999999983,0
436355.0,2,21.43999999999999,1
436488.0,3,16.914999999999985,0
436680.0,2,24.12499999999995,1
436930.0,3,23.539999999999885,0
437042.0,1,20.684999999999995,1
437174.0,1,22.099999999999987,1
437424.0,3,24.48749999999989,0
437553.0,1,21.649999999999984,1
437726.0,3,19.549999999999912,0
437976.0,3,24.662499999999905,0
438110.0,3,16.30249999999995,0
438231.0,3,11.134999999999982,0
438338.0,1,20.715,1
438485.0,3,17.77999999999997,0
438735.0,3,24.28499999999989,0
438881.0,1,22.359999999999985,1
439079.0,2,24.329999999999945,1
439233.0,2,22.42999999999998,1
439383.0,1,22.474999999999973,1
439553.0,2,23.524999999999974,1
439708.0,1,24.04499999999998,1
439772.0,3,9.019999999999987,0
440022.0,3,22.48249999999992,0
440272.0,3,23.752499999999927,0
440385.0,1,20.439999999999998,1
440635.0,3,24.319999999999897,0
440756.0,1,21.354999999999997,1
440889.0,1,20.705,1
441089.0,2,23.88499999999997,1
441226.0,1,22.004999999999985,1
441476.0,3,23.667499999999897,0
441636.0,2,22.284999999999982,1
441873.0,2,26.164999999999942,1
441979.0,0,20.599999999999994,1
442123.0,1,22.074999999999974,1
442327.0,2,23.939999999999948,1
442557.0,2,26.59499999999997,1
442807.0,3,24.06499999999989,0
442942.0,1,21.359999999999985,1
443090.0,3,14.24499999999997,0
443340.0,3,23.519999999999932,0
443464.0,2,20.444999999999997,1
443574.0,0,20.520000000000003,1
443680.0,0,20.519999999999996,1
443814.0,2,21.024999999999995,1
443941.0,3,13.147499999999985,0
444047.0,0,20.240000000000002,1
444297.0,3,21.162499999999962,0
444547.0,3,24.347499999999897,0
444644.0,3,13.344999999999994,0
444789.0,2,22.324999999999978,1
444934.0,2,21.07999999999999,1
445047.0,1,20.679999999999996,1
445130.0,3,12.840000000000002,0
445219.0,3,10.009999999999996,0
445318.0,3,14.4,0
445427.0,1,21.084999999999997,1
445677.0,3,24.254999999999896,0
445831.0,1,22.249999999999975,1
445972.0,1,21.719999999999985,1
446150.0,2,23.414999999999967,1
446298.0,1,21.594999999999985,1
446361.0,3,8.032499999999999,0
446466.0,1,20.804999999999993,1
446566.0,0,20.125,1
446641.0,3,10.842499999999992,0
446815.0,3,18.02499999999997,0
446907.0,0,20.639999999999997,1
447038.0,1,21.419999999999987,1
447165.0,1,22.114999999999977,1
447355.0,2,23.07499999999996,1
447468.0,1,20.764999999999993,1
447587.0,1,20.404999999999994,1
447711.0,1,21.51999999999999,1
447961.0,3,23.95249999999988,0
448076.0,1,20.83,1
448211.0,2,21.844999999999988,1
448395.0,3,21.25999999999994,0
448543.0,1,21.614999999999988,1
448638.0,3,13.842499999999982,0
448888.0,3,23.38249999999991,0
449019.0,2,21.884999999999984,1
449221.0,3,20.099999999999973,0
449358.0,3,15.254999999999974,0
449459.0,3,14.132499999999988,0
449563.0,3,13.929999999999989,0
449813.0,3,19.98999999999993,0
450063.0,3,23.289999999999903,0
450167.0,3,14.544999999999986,0
450282.0,0,20.859999999999992,1
450417.0,1,22.639999999999972,1
450549.0,1,21.919999999999973,1
450799.0,3,24.697499999999906,0
450987.0,2,24.28999999999994,1
451123.0,1,23.02499999999997,1
451373.0,3,25.08499999999991,0
451505.0,1,21.724999999999994,1
451614.0,1,21.199999999999992,1
451723.0,1,21.27999999999999,1
451915.0,2,24.914999999999946,1
452025.0,1,20.67499999999999,1
452129.0,3,12.052499999999986,0
452282.0,2,22.694999999999983,1
452407.0,1,22.924999999999972,1
452582.0,2,23.584999999999972,1
452695.0,1,21.039999999999996,1
452803.0,3,14.372499999999983,0
452989.0,2,24.14499999999995,1
453124.0,2,21.369999999999994,1
453297.0,2,23.089999999999964,1
453434.0,2,21.489999999999984,1
453570.0,1,22.789999999999978,1
453685.0,1,21.27499999999999,1
453807.0,2,21.124999999999993,1
453935.0,2,21.319999999999986,1
454070.0,1,23.21999999999998,1
454172.0,0,20.839999999999996,1
454422.0,3,24.10999999999991,0
454547.0,1,22.484999999999978,1
454706.0,2,23.309999999999963,1
454803.0,0,20.72,1
454963.0,2,22.804999999999968,1
455110.0,2,22.254999999999974,1
455322.0,2,25.64499999999994,1
455449.0,1,21.63499999999999,1
455571.0,1,21.364999999999988,1
455718.0,3,18.25499999999997,0
455851.0,1,22.079999999999988,1
455966.0,0,21.824999999999974,1
456070.0,1,21.51999999999999,1
456167.0,0,21.07999999999999,1
456273.0,1,20.824999999999996,1
456404.0,3,16.277499999999982,0
456529.0,3,14.747499999999988,0
456629.0,0,20.764999999999993,1
456864.0,2,27.729999999999915,1
456958.0,0,20.439999999999998,1
457208.0,3,23.627499999999905,0
457383.0,3,19.037499999999973,0
457499.0,1,21.279999999999987,1
457670.0,2,23.47999999999997,1
457920.0,3,22.347499999999922,0
458170.0,3,24.01999999999991,0
458404.0,2,26.554999999999954,1
458517.0,0,20.4,1
458618.0,1,21.129999999999992,1
458730.0,0,21.544999999999987,1
458862.0,1,22.234999999999985,1
458959.0,0,20.639999999999993,1
459102.0,1,22.484999999999978,1
459212.0,0,21.19999999999999,1
459336.0,1,21.18999999999999,1
459508.0,2,24.104999999999958,1
459758.0,3,22.76499999999992,0
459943.0,2,24.83499999999995,1
460146.0,2,24.88499999999995,1
460280.0,1,21.999999999999986,1
460525.0,2,27.609999999999914,1
460630.0,0,20.525,1
460754.0,1,21.919999999999987,1
460856.0,3,13.317499999999988,0
460990.0,1,21.619999999999983,1
461176.0,2,24.30999999999997,1
461305.0,1,21.72999999999999,1
461403.0,0,20.634999999999998,1
461615.0,2,26.114999999999945,1
461744.0,1,21.26999999999999,1
461849.0,0,21.79999999999999,1
461958.0,1,20.879999999999995,1
462070.0,1,20.969999999999988,1
462196.0,1,21.43999999999999,1
462446.0,3,24.039999999999917,0
462510.0,3,9.099999999999996,0
462688.0,3,18.94999999999995,0
462857.0,2,22.359999999999967,1
462954.0,0,20.599999999999994,1
463136.0,2,23.409999999999975,1
463295.0,2,23.659999999999965,1
463436.0,1,22.404999999999983,1
463686.0,3,23.9049999999999,0
463919.0,2,28.264999999999922,1
464035.0,1,20.279999999999998,1
464156.0,1,22.289999999999985,1
464277.0,2,21.27999999999999,1
464380.0,3,15.114999999999968,0
464530.0,1,23.154999999999966,1
464748.0,3,21.76749999999994,0
464881.0,1,21.83999999999999,1
465083.0,3,19.872499999999924,0
465285.0,3,21.557499999999937,0
465409.0,1,21.064999999999987,1
465659.0,3,23.347499999999943,0
465863.0,3,20.682499999999933,0
465975.0,3,14.027499999999975,0
466108.0,3,16.72499999999996,0
466255.0,1,22.164999999999974,1
466448.0,2,23.354999999999976,1
466641.0,3,19.589999999999936,0
466737.0,0,20.65,1
466849.0,1,21.064999999999998,1
467099.0,3,23.9224999999999,0
467229.0,1,21.559999999999995,1
467445.0,3,20.33999999999992,0
467600.0,2,22.794999999999973,1
467770.0,3,19.644999999999953,0
467905.0,1,21.979999999999983,1
468085.0,2,23.674999999999976,1
468315.0,3,22.93499999999992,0
468490.0,3,20.014999999999972,0
468582.0,0,20.200000000000003,1
468714.0,2,21.46999999999999,1
468825.0,0,20.984999999999992,1
468995.0,2,24.20499999999997,1
469245.0,3,24.93499999999991,0
469361.0,1,21.719999999999978,1
469501.0,3,17.899999999999977,0
469614.0,1,21.11999999999999,1
469750.0,1,21.819999999999983,1
469973.0,2,27.61499999999994,1
470223.0,3,23.22499999999992,0
470473.0,3,23.70249999999994,0
470583.0,0,20.879999999999992,1
470833.0,3,23.267499999999895,0
470947.0,1,21.14499999999999,1
471065.0,1,20.894999999999992,1
471147.0,3,10.21249999999999,0
471244.0,3,11.632499999999984,0
471403.0,3,17.229999999999947,0
471604.0,3,20.579999999999945,0
471710.0,3,13.569999999999988,0
471835.0,1,22.06999999999998,1
472012.0,2,24.184999999999963,1
472185.0,2,23.62999999999996,1
472435.0,3,25.062499999999893,0
472561.0,1,21.15999999999999,1
472664.0,3,12.69749999999998,0
472797.0,2,21.32499999999998,1
472955.0,2,23.489999999999974,1
473098.0,2,22.154999999999976,1
473200.0,0,21.11999999999999,1
473321.0,1,21.759999999999987,1
473515.0,2,25.499999999999943,1
473628.0,1,20.959999999999994,1
473784.0,3,17.707499999999953,0
473913.0,1,22.529999999999973,1
474106.0,2,23.14499999999996,1
474356.0,3,25.522499999999877,0
474483.0,1,22.65499999999998,1
474556.0,3,11.469999999999997,0
474683.0,1,21.924999999999986,1
474825.0,2,23.094999999999974,1
475051.0,3,22.21749999999994,0
475201.0,3,18.30999999999996,0
475316.0,1,22.484999999999978,1
475450.0,2,21.004999999999995,1
475560.0,1,21.799999999999972,1
475626.0,3,10.074999999999998,0
475763.0,1,22.174999999999983,1
476013.0,3,25.45999999999988,0
476263.0,3,24.14249999999991,0
476479.0,3,22.714999999999943,0
476633.0,1,24.054999999999968,1
476693.0,3,9.859999999999994,0
476858.0,2,23.13499999999996,1
477068.0,3,23.1199999999999,0
477177.0,3,13.042499999999983,0
477283.0,0,21.03999999999999,1
477392.0,1,21.374999999999986,1
477606.0,2,25.089999999999964,1
477723.0,2,21.40499999999999,1
477837.0,1,21.054999999999993,1
477941.0,0,20.91999999999999,1
478077.0,1,22.644999999999982,1
478170.0,0,20.645,1
478306.0,3,15.902499999999995,0
478517.0,2,25.47999999999993,1
478674.0,3,17.99499999999997,0
478885.0,3,21.042499999999944,0
479135.0,3,17.72249999999997,0
479244.0,3,15.117499999999986,0
479407.0,2,23.31499999999997,1
479644.0,2,27.559999999999928,1
479795.0,3,16.960000000000004,0
480045.0,3,23.2199999999999,0
480121.0,3,11.027500000000002,0
480281.0,1,23.91999999999996,1
480491.0,2,26.304999999999943,1
480605.0,1,21.404999999999987,1
480855.0,3,24.999999999999922,0
481062.0,3,20.72249999999995,0
481312.0,3,21.20999999999993,0
481369.0,3,9.314999999999996,0
481508.0,1,22.039999999999978,1
481586.0,3,10.252500000000001,0
481672.0,3,10.86249999999999,0
481857.0,2,24.65499999999995,1
482027.0,3,19.10999999999995,0
482129.0,0,20.809999999999995,1
482325.0,3,18.317499999999963,0
482503.0,2,24.344999999999956,1
482652.0,1,23.64499999999996,1
482776.0,1,21.64499999999999,1
483026.0,3,22.69749999999993,0
483276.0,3,23.42249999999995,0
483455.0,3,16.972499999999954,0
483610.0,2,22.129999999999985,1
483715.0,3,13.342499999999985,0
483940.0,2,25.494999999999926,1
484168.0,3,23.94499999999992,0
484304.0,3,16.62249999999998,0
484500.0,3,20.92749999999994,0
484605.0,1,21.289999999999992,1
484836.0,3,21.13999999999993,0
484933.0,0,20.81,1
485085.0,2,23.239999999999974,1
485260.0,2,23.989999999999956,1
485371.0,3,16.187499999999964,0
485611.0,2,27.39999999999992,1
485666.0,3,9.114999999999995,0
485817.0,2,23.579999999999977,1
486033.0,2,24.774999999999945,1
486205.0,2,23.569999999999958,1
486309.0,3,13.937499999999979,0
486479.0,2,23.059999999999967,1
486557.0,3,11.544999999999975,0
486666.0,0,21.524999999999988,1
486785.0,3,13.934999999999992,0
486885.0,1,21.09499999999999,1
486987.0,3,12.632499999999979,0
487142.0,2,22.85499999999997,1
487355.0,3,22.137499999999896,0
487540.0,2,22.719999999999985,1
487790.0,3,25.19499999999989,0
487921.0,2,21.67999999999998,1
488029.0,1,20.32,1
488246.0,2,26.004999999999942,1
488393.0,2,21.769999999999982,1
488544.0,2,22.13499999999998,1
488743.0,2,23.35999999999997,1
488845.0,1,20.94999999999999,1
488964.0,1,21.244999999999987,1
489042.0,3,10.257499999999995,0
489292.0,3,23.604999999999897,0
489410.0,3,12.957499999999971,0
489527.0,1,21.47999999999999,1
489777.0,3,22.614999999999927,0
489910.0,2,22.049999999999976,1
490031.0,3,15.964999999999984,0
490209.0,2,23.794999999999963,1
490343.0,1,22.719999999999978,1
490593.0,3,23.019999999999897,0
490731.0,1,22.27999999999998,1
490872.0,2,22.14499999999999,1
491008.0,1,21.804999999999982,1
491134.0,1,22.479999999999972,1
491384.0,3,24.849999999999895,0
491587.0,2,24.984999999999943,1
491778.0,1,25.90499999999995,1
491951.0,2,22.739999999999977,1
492069.0,3,13.7,0
492196.0,2,20.879999999999995,1
492289.0,3,12.674999999999994,0
492402.0,1,21.749999999999982,1
492516.0,1,21.709999999999987,1
492708.0,2,25.58999999999996,1
492854.0,1,22.93499999999997,1
493014.0,2,22.91999999999997,1
493114.0,3,12.699999999999985,0
493254.0,2,22.329999999999977,1
493504.0,3,25.132499999999883,0
493664.0,2,23.279999999999973,1
493768.0,3,12.31749999999998,0
493916.0,3,17.67749999999996,0
494166.0,3,23.277499999999897,0
494269.0,3,14.362499999999962,0
494519.0,3,24.499999999999915,0
494624.0,1,21.40499999999999,1
494874.0,3,22.564999999999916,0
495103.0,2,26.59999999999995,1
495353.0,3,22.81749999999989,0
495488.0,3,13.289999999999973,0
495657.0,2,23.854999999999965,1
495759.0,3,13.059999999999993,0
495857.0,3,11.93499999999998,0
496013.0,2,21.924999999999983,1
496263.0,3,22.104999999999908,0
496513.0,3,24.034999999999915,0
496648.0,1,21.524999999999995,1
496871.0,3,20.972499999999922,0
496973.0,3,13.017499999999982,0
497094.0,1,21.959999999999987,1
497212.0,0,21.79999999999998,1
497459.0,2,28.18999999999994,1
497709.0,3,22.184999999999896,0
497941.0,2,27.344999999999935,1
498191.0,3,22.339999999999897,0
498299.0,0,21.399999999999988,1
498500.0,2,25.514999999999937,1
498620.0,3,13.052499999999968,0
498870.0,3,24.057499999999912,0
499086.0,3,22.62249999999993,0
499216.0,1,21.919999999999984,1
499349.0,1,22.839999999999982,1
499478.0,1,22.12499999999998,1
499728.0,3,24.874999999999904,0
499851.0,1,21.83999999999998,1
499948.0,0,21.19999999999999,1
500108.0,3,18.14499999999997,0
500232.0,2,21.559999999999988,1
500343.0,0,21.399999999999984,1
500593.0,3,24.132499999999936,0
500843.0,3,23.509999999999927,0
501093.0,3,23.179999999999932,0
501285.0,2,25.62499999999994,1
501419.0,1,23.559999999999967,1
501560.0,3,17.312499999999968,0
501720.0,2,24.31999999999997,1
501849.0,1,22.64499999999998,1
501976.0,3,15.862499999999972,0
502081.0,1,21.044999999999995,1
502210.0,1,23.304999999999968,1
502460.0,3,16.999999999999964,0
502568.0,3,13.437499999999972,0
502698.0,1,22.229999999999976,1
502886.0,3,16.772499999999965,0
503136.0,3,23.41749999999987,0
503292.0,1,23.164999999999978,1
503542.0,3,23.07749999999992,0
503674.0,1,21.964999999999982,1
503796.0,0,21.079999999999995,1
503908.0,1,21.194999999999997,1
504012.0,0,21.639999999999986,1
504198.0,3,19.54749999999994,0
504394.0,3,20.61999999999995,0
504568.0,2,25.024999999999956,1
504725.0,1,23.96499999999996,1
504847.0,1,22.999999999999964,1
505001.0,1,23.029999999999976,1
505171.0,2,24.644999999999953,1
505421.0,3,23.567499999999892,0
505528.0,1,21.514999999999983,1
505570.0,3,7.127499999999999,0
505763.0,2,24.849999999999945,1
505871.0,3,11.187499999999977,0
506098.0,2,26.104999999999947,1
506204.0,1,20.759999999999998,1
506358.0,3,18.122499999999953,0
506479.0,1,21.599999999999994,1
506580.0,0,20.41,1
506712.0,1,22.87499999999998,1
506822.0,1,20.439999999999998,1
506922.0,0,21.75999999999999,1
507172.0,3,10.455000000000007,0
507371.0,3,19.562499999999947,0
507497.0,1,22.63999999999998,1
507747.0,3,23.579999999999874,0
507850.0,0,20.919999999999995,1
507988.0,1,22.444999999999975,1
508158.0,2,24.86499999999994,1
508292.0,1,23.419999999999973,1
508465.0,2,25.03999999999997,1
508566.0,0,21.399999999999988,1
508671.0,0,21.399999999999988,1
508921.0,3,20.027499999999943,0
509018.0,0,21.20499999999999,1
509159.0,1,22.149999999999984,1
509264.0,3,11.847499999999979,0
509402.0,1,22.164999999999985,1
509586.0,2,25.63499999999994,1
509698.0,0,21.644999999999982,1
509808.0,1,21.27999999999999,1
509928.0,1,22.399999999999977,1
510178.0,3,19.04749999999992,0
510334.0,2,23.24999999999997,1
510483.0,1,23.50499999999997,1
510639.0,2,23.204999999999966,1
510809.0,3,18.27999999999995,0
510928.0,1,21.994999999999994,1
511076.0,1,23.764999999999965,1
511264.0,2,25.184999999999953,1
511478.0,2,24.624999999999954,1
511669.0,2,25.199999999999953,1
511806.0,1,22.45999999999998,1
511932.0,3,14.342499999999964,0
512046.0,3,14.369999999999973,0
512165.0,3,15.114999999999982,0
512415.0,3,22.43249999999991,0
512602.0,3,20.824999999999953,0
512719.0,1,21.319999999999993,1
512859.0,1,22.72999999999997,1
513082.0,3,22.909999999999922,0
513212.0,1,22.459999999999976,1
513462.0,3,22.54249999999991,0
513591.0,1,23.599999999999966,1
513747.0,2,22.56499999999998,1
513876.0,3,16.93249999999997,0
513985.0,1,21.804999999999982,1
514235.0,3,23.35499999999993,0
514352.0,0,21.40999999999999,1
514545.0,2,23.794999999999966,1
514696.0,1,23.52499999999999,1
514883.0,2,24.79999999999996,1
514990.0,0,21.944999999999993,1
515086.0,0,21.084999999999983,1
515220.0,1,23.434999999999967,1
515334.0,1,21.424999999999986,1
515446.0,1,21.59999999999998,1
515582.0,1,21.64499999999999,1
515722.0,1,23.56999999999998,1
515851.0,1,23.47499999999999,1
516002.0,2,22.514999999999976,1
516107.0,1,21.484999999999992,1
516211.0,0,21.759999999999994,1
516372.0,2,23.349999999999973,1
516469.0,3,10.644999999999985,0
516604.0,1,22.849999999999973,1
516802.0,2,25.834999999999944,1
516984.0,2,24.909999999999943,1
517088.0,0,21.564999999999987,1
517213.0,1,22.329999999999977,1
517345.0,1,22.05499999999998,1
517476.0,3,15.099999999999975,0
517614.0,1,24.03499999999998,1
517814.0,2,26.034999999999947,1
517923.0,1,20.220000000000002,1
518093.0,2,23.539999999999964,1
518205.0,0,21.38499999999999,1
518384.0,3,19.24499999999996,0
518495.0,0,21.15999999999999,1
518735.0,2,25.17999999999995,1
518953.0,1,27.744999999999926,1
519095.0,1,23.95999999999997,1
519215.0,1,22.199999999999978,1
519332.0,1,21.714999999999986,1
519462.0,0,21.374999999999986,1
519685.0,2,27.564999999999944,1
519781.0,0,21.11999999999999,1
520031.0,3,22.764999999999944,0
520135.0,0,21.609999999999992,1
520231.0,0,21.0,1
520481.0,3,20.9174999999999,0
520582.0,0,21.609999999999985,1
520802.0,2,26.03499999999994,1
520899.0,0,21.559999999999988,1
521123.0,2,27.43999999999992,1
521252.0,0,22.839999999999968,1
521353.0,0,20.699999999999996,1
521449.0,0,20.41,1
521565.0,1,21.224999999999994,1
521815.0,3,23.649999999999892,0
521921.0,1,20.55,1
522018.0,0,20.639999999999993,1
522115.0,0,20.245,1
522224.0,2,21.044999999999998,1
522346.0,1,20.434999999999995,1
522464.0,1,21.409999999999993,1
522636.0,1,24.354999999999954,1
522729.0,0,20.669999999999995,1
522829.0,0,21.369999999999987,1
522966.0,1,24.124999999999964,1
523072.0,1,21.164999999999992,1
523169.0,0,21.90499999999999,1
523283.0,1,21.529999999999987,1
523425.0,1,22.519999999999975,1
523522.0,0,21.44499999999998,1
523628.0,1,21.03999999999999,1
523787.0,1,25.004999999999953,1
523904.0,1,20.634999999999998,1
524036.0,1,21.874999999999975,1
524137.0,0,21.67999999999999,1
524250.0,1,21.03,1
524386.0,1,22.424999999999972,1
524502.0,1,21.714999999999993,1
524676.0,2,22.269999999999982,1
524883.0,2,26.114999999999945,1
525011.0,1,21.684999999999985,1
525146.0,2,21.82999999999999,1
525375.0,3,19.404999999999962,0
525491.0,1,21.34999999999999,1
525535.0,3,6.905,0
525638.0,0,20.884999999999998,1
525761.0,1,21.239999999999995,1
525878.0,1,22.084999999999987,1
525982.0,1,21.00499999999999,1
526153.0,2,24.774999999999963,1
526254.0,0,21.199999999999992,1
526358.0,0,21.319999999999986,1
526480.0,1,22.349999999999973,1
526579.0,0,20.964999999999982,1
526678.0,1,20.595,1
526904.0,3,19.89499999999993,0
526996.0,0,20.399999999999995,1
527100.0,3,12.097499999999975,0
527205.0,0,22.55999999999997,1
527385.0,2,25.644999999999953,1
527591.0,3,21.934999999999928,0
527732.0,2,22.019999999999982,1
527830.0,0,21.084999999999994,1
527927.0,0,21.724999999999987,1
528052.0,2,21.80999999999999,1
528245.0,2,25.34999999999996,1
528354.0,0,21.959999999999997,1
528487.0,1,21.76499999999999,1
528580.0,0,20.28,1
528686.0,0,21.349999999999987,1
528847.0,3,19.00749999999995,0
528950.0,3,13.502499999999982,0
529200.0,3,25.24499999999992,0
529304.0,0,21.684999999999988,1
529554.0,3,21.41499999999994,0
529804.0,3,23.994999999999905,0
530054.0,3,25.114999999999906,0
530263.0,2,25.35499999999996,1
530395.0,1,21.984999999999985,1
530522.0,1,20.964999999999996,1
530635.0,1,21.57499999999999,1
530716.0,3,11.037499999999998,0
530875.0,1,23.064999999999984,1
531008.0,1,23.004999999999967,1
531148.0,2,22.23499999999998,1
531280.0,3,14.489999999999988,0
531327.0,3,7.5749999999999975,0
531503.0,2,24.10499999999996,1
531616.0,1,21.369999999999983,1
531780.0,2,22.959999999999972,1
531855.0,3,9.347499999999991,0
532009.0,1,24.154999999999966,1
532246.0,3,21.754999999999914,0
532375.0,1,22.36499999999998,1
532544.0,1,25.474999999999945,1
532794.0,3,23.794999999999906,0
532895.0,0,20.324999999999996,1
532952.0,3,7.689999999999999,0
533069.0,1,21.75499999999999,1
533129.0,3,7.802499999999991,0
533275.0,1,24.219999999999956,1
533399.0,1,21.269999999999992,1
533499.0,0,21.07999999999999,1
533679.0,2,24.12499999999995,1
533807.0,3,17.427499999999974,0
533956.0,1,24.56999999999997,1
534063.0,3,12.689999999999989,0
534198.0,1,21.679999999999986,1
534337.0,1,23.15999999999997,1
534473.0,1,23.409999999999975,1
534723.0,3,23.874999999999908,0
534837.0,1,22.314999999999976,1
534941.0,0,21.47999999999998,1
535074.0,3,15.084999999999976,0
535171.0,3,13.432500000000008,0
535300.0,3,17.577499999999983,0
535464.0,1,23.85499999999996,1
535555.0,3,13.749999999999979,0
535694.0,1,23.42499999999997,1
535842.0,1,23.269999999999975,1
535956.0,1,22.474999999999977,1
536065.0,1,21.294999999999995,1
536170.0,0,22.284999999999975,1
536312.0,2,22.564999999999984,1
536562.0,3,24.13249999999991,0
536793.0,2,26.71499999999993,1
536945.0,3,17.442499999999963,0
537058.0,1,21.18,1
537234.0,3,19.742499999999957,0
537481.0,2,27.57499999999994,1
537650.0,2,24.33999999999996,1
537880.0,2,28.699999999999903,1
538130.0,3,25.327499999999894,0
538236.0,3,15.494999999999981,0
538366.0,1,22.349999999999973,1
538612.0,3,23.429999999999893,0
538735.0,3,15.389999999999977,0
538851.0,1,22.49999999999998,1
539000.0,2,23.179999999999964,1
539156.0,0,22.13999999999998,1
539286.0,1,22.984999999999967,1
539536.0,3,22.57499999999992,0
539647.0,3,14.499999999999982,0
539752.0,1,21.54499999999998,1
540002.0,3,21.867499999999914,0
540163.0,2,22.19999999999997,1
540413.0,3,24.349999999999895,0
540663.0,3,25.207499999999893,0
540773.0,1,21.529999999999987,1
540901.0,3,16.17749999999999,0
541151.0,3,25.097499999999915,0
541327.0,2,23.34499999999997,1
541432.0,0,21.279999999999994,1
541559.0,3,15.989999999999965,0
541782.0,2,25.10999999999995,1
541921.0,1,23.014999999999972,1
542014.0,0,20.829999999999988,1
542150.0,3,16.827499999999972,0
542196.0,3,7.559999999999997,0
542305.0,1,20.639999999999993,1
542410.0,1,22.079999999999988,1
542570.0,2,23.849999999999987,1
542667.0,0,20.48,1
542767.0,1,21.209999999999994,1
542900.0,2,22.36499999999998,1
543027.0,3,13.847499999999982,0
543120.0,0,20.200000000000003,1
543231.0,3,15.46249999999999,0
543481.0,3,22.677499999999917,0
543590.0,1,21.084999999999994,1
543695.0,1,21.319999999999986,1
543945.0,3,24.29999999999989,0
544195.0,3,25.404999999999898,0
544445.0,3,17.93999999999995,0
544592.0,2,22.31999999999998,1
544700.0,1,20.919999999999995,1
544801.0,1,21.31499999999999,1
544902.0,0,21.639999999999983,1
545152.0,3,23.392499999999924,0
545215.0,3,8.592499999999992,0
545465.0,3,25.89249999999992,0
545601.0,1,22.874999999999982,1
545851.0,3,24.767499999999874,0
546040.0,2,24.25999999999995,1
546290.0,3,24.664999999999914,0
546348.0,3,8.514999999999997,0
546598.0,3,25.09249999999988,0
546712.0,1,21.04499999999999,1
546825.0,1,22.079999999999984,1
546980.0,2,23.36499999999998,1
547104.0,3,15.934999999999958,0
547200.0,0,20.61,1
547426.0,2,26.34999999999995,1
547669.0,2,28.674999999999933,1
547791.0,2,21.479999999999986,1
547895.0,2,20.88499999999999,1
547974.0,3,12.26749999999999,0
548224.0,3,23.70749999999992,0
548474.0,3,23.624999999999908,0
548597.0,1,22.50499999999999,1
548788.0,3,20.729999999999965,0
548980.0,3,20.76999999999993,0
549090.0,0,21.61999999999998,1
549161.0,3,10.799999999999997,0
549262.0,3,14.27,0
549388.0,3,15.979999999999979,0
549513.0,1,21.564999999999987,1
549720.0,2,25.784999999999954,1
549925.0,2,26.159999999999954,1
549990.0,3,9.160000000000002,0
550221.0,2,26.87499999999994,1
550471.0,3,25.41499999999989,0
550573.0,3,15.214999999999995,0
550823.0,3,22.98749999999996,0
551057.0,2,27.629999999999935,1
551182.0,3,15.182499999999978,0
551235.0,3,8.755,0
551315.0,3,11.322499999999987,0
551565.0,3,24.812499999999932,0
551664.0,3,13.472499999999995,0
551914.0,3,24.182499999999926,0
552016.0,3,14.767499999999975,0
552124.0,3,15.112499999999986,0
552201.0,3,10.472500000000004,0
552451.0,3,23.42749999999993,0
552609.0,2,23.364999999999963,1
552842.0,3,20.48999999999996,0
553005.0,3,17.042499999999965,0
553119.0,1,21.58999999999999,1
553369.0,3,22.312499999999936,0
553590.0,2,25.21499999999997,1
553672.0,3,12.314999999999992,0
553731.0,3,9.0725,0
553981.0,3,22.70999999999991,0
554153.0,2,23.46999999999997,1
554331.0,3,18.04249999999996,0
554492.0,2,23.139999999999965,1
554591.0,3,13.322499999999977,0
554721.0,1,21.529999999999987,1
554847.0,2,21.354999999999993,1
554957.0,0,21.95999999999998,1
555060.0,3,14.179999999999993,0
555225.0,3,17.564999999999955,0
555459.0,2,27.54499999999993,1
555587.0,1,22.034999999999986,1
555680.0,0,20.8,1
555785.0,0,21.719999999999985,1
555907.0,2,21.359999999999985,1
556016.0,1,20.000000000000004,1
556216.0,2,23.394999999999975,1
556466.0,3,24.67499999999992,0
556548.0,3,11.32249999999999,0
556646.0,3,10.35249999999999,0
556752.0,1,21.66499999999999,1
556879.0,2,22.439999999999973,1
556976.0,0,21.879999999999985,1
557119.0,2,21.744999999999983,1
557369.0,3,24.092499999999905,0
557486.0,1,20.475,1
557736.0,3,25.809999999999896,0
557857.0,2,21.719999999999985,1
557955.0,0,21.39999999999999,1
558056.0,0,21.279999999999987,1
558161.0,1,21.979999999999993,1
558385.0,2,26.06999999999994,1
558486.0,1,20.599999999999994,1
558611.0,1,21.959999999999983,1
558750.0,2,21.964999999999982,1
558878.0,1,22.724999999999973,1
559000.0,1,21.599999999999994,1
559211.0,2,27.75499999999993,1
559312.0,0,21.719999999999985,1
559425.0,1,21.23999999999999,1
559675.0,3,24.229999999999905,0
559827.0,2,23.489999999999974,1
560077.0,3,23.702499999999944,0
560179.0,0,21.399999999999984,1
560301.0,1,20.439999999999998,1
560509.0,3,16.547499999999953,0
560678.0,1,24.67999999999997,1
560776.0,0,21.094999999999988,1
560873.0,0,21.284999999999997,1
561063.0,3,18.617499999999936,0
561183.0,1,20.945,1
561424.0,2,28.429999999999946,1
561529.0,1,20.72,1
561656.0,2,21.694999999999986,1
561758.0,1,20.68,1
562008.0,3,22.44499999999991,0
562069.0,3,8.624999999999991,0
562166.0,0,20.839999999999996,1
562379.0,2,26.004999999999917,1
562485.0,1,21.719999999999985,1
562593.0,0,20.674999999999994,1
562716.0,2,21.28499999999999,1
562841.0,3,16.392499999999977,0
562958.0,1,21.239999999999995,1
563055.0,1,21.844999999999985,1
563208.0,2,22.144999999999982,1
563441.0,2,28.284999999999933,1
563537.0,3,13.125000000000005,0
563634.0,0,20.28,1
563746.0,1,21.55999999999998,1
563990.0,2,28.629999999999917,1
564087.0,0,20.719999999999995,1
564184.0,0,21.404999999999987,1
564322.0,1,22.504999999999974,1
564562.0,2,27.30999999999994,1
564669.0,1,20.96499999999999,1
564774.0,0,21.004999999999995,1
564902.0,2,22.04499999999998,1
565003.0,0,21.164999999999992,1
565189.0,2,24.03499999999995,1
565289.0,1,20.645,1
565394.0,1,21.559999999999988,1
565644.0,3,24.874999999999925,0
565759.0,1,21.21,1
565881.0,3,15.567499999999967,0
566052.0,2,24.06999999999996,1
566168.0,1,21.634999999999984,1
566269.0,1,21.634999999999984,1
566519.0,3,24.66249999999992,0
566645.0,2,21.679999999999986,1
566762.0,1,22.004999999999978,1
566875.0,3,17.179999999999968,0
567004.0,3,15.662499999999968,0
567157.0,2,23.91999999999998,1
567290.0,1,22.01499999999999,1
567388.0,3,13.82999999999998,0
567548.0,3,17.78249999999997,0
567688.0,3,16.477499999999967,0
567785.0,0,20.729999999999993,1
567979.0,2,25.99499999999995,1
568118.0,2,22.12999999999998,1
568256.0,2,22.59999999999998,1
568349.0,0,20.799999999999994,1
568450.0,0,21.999999999999982,1
568548.0,0,21.474999999999984,1
568641.0,0,20.240000000000002,1
568795.0,3,19.54999999999995,0
568855.0,3,8.722499999999995,0
568985.0,1,21.68499999999999,1
569121.0,1,22.844999999999978,1
569288.0,3,18.774999999999988,0
569429.0,1,23.404999999999962,1
569521.0,0,21.389999999999986,1
569652.0,1,22.94499999999997,1
569769.0,1,21.724999999999987,1
569915.0,2,22.56999999999998,1
570058.0,1,23.09499999999997,1
570176.0,1,22.214999999999986,1
570426.0,3,23.40749999999992,0
570597.0,3,17.33499999999997,0
570706.0,1,21.124999999999993,1
570827.0,2,21.71499999999998,1
571077.0,3,19.077499999999947,0
571195.0,1,22.474999999999973,1
571274.0,3,13.444999999999995,0
571417.0,3,16.119999999999976,0
571625.0,2,27.124999999999936,1
571875.0,3,24.94749999999989,0
571992.0,2,21.614999999999988,1
572242.0,3,13.702499999999946,0
572460.0,3,21.924999999999937,0
572565.0,1,21.15999999999999,1
572612.0,3,7.514999999999997,0
572761.0,3,17.87499999999995,0
572865.0,1,21.029999999999998,1
572979.0,1,21.69999999999999,1
573172.0,2,26.75499999999994,1
573290.0,2,21.39999999999999,1
573392.0,3,15.304999999999989,0
573579.0,2,25.36999999999997,1
573795.0,2,25.234999999999943,1
573998.0,2,25.999999999999957,1
574150.0,1,24.689999999999973,1
574314.0,2,23.494999999999965,1
574427.0,1,21.59999999999998,1
574677.0,3,22.2549999999999,0
574927.0,3,24.11499999999992,0
575061.0,1,22.864999999999977,1
575171.0,1,21.514999999999993,1
575421.0,3,25.582499999999904,0
575517.0,0,21.319999999999986,1
575767.0,3,23.814999999999927,0
576000.0,2,28.29499999999992,1
576118.0,1,21.679999999999986,1
576280.0,3,18.637499999999985,0
576361.0,3,13.14499999999999,0
576458.0,0,21.239999999999988,1
576572.0,1,21.39999999999999,1
576790.0,2,24.87999999999994,1
576912.0,3,15.74999999999997,0
577162.0,3,22.027499999999964,0
577303.0,2,21.39999999999999,1
577406.0,1,21.359999999999985,1
577595.0,2,25.234999999999946,1
577692.0,0,21.374999999999993,1
577862.0,3,17.077499999999958,0
577973.0,1,21.359999999999992,1
578078.0,0,22.244999999999983,1
578175.0,0,21.444999999999993,1
578280.0,0,21.039999999999992,1
578390.0,1,21.32499999999999,1
578639.0,2,28.059999999999913,1
578796.0,2,23.974999999999962,1
578897.0,0,21.169999999999984,1
579147.0,3,24.222499999999897,0
579322.0,2,26.00499999999995,1
579419.0,0,21.549999999999986,1
579516.0,0,21.839999999999986,1
579650.0,2,21.759999999999984,1
579796.0,3,18.664999999999957,0
579905.0,1,21.559999999999985,1
580005.0,0,22.16999999999998,1
580110.0,1,21.759999999999984,1
580360.0,3,26.332499999999897,0
580506.0,2,23.524999999999984,1
580599.0,1,20.28,1
580790.0,3,21.597499999999922,0
580944.0,3,17.034999999999965,0
581064.0,3,16.44249999999998,0
581164.0,0,21.16999999999999,1
581414.0,3,23.6249999999999,0
581557.0,2,24.169999999999973,1
581674.0,1,21.804999999999986,1
581771.0,0,20.884999999999994,1
581890.0,3,15.499999999999986,0
582140.0,3,22.8824999999999,0
582248.0,1,21.999999999999986,1
582348.0,1,21.239999999999995,1
582441.0,0,20.125000000000004,1
582574.0,2,23.319999999999972,1
582723.0,2,22.079999999999984,1
582820.0,1,21.414999999999992,1
583016.0,2,27.199999999999942,1
583266.0,3,16.004999999999992,0
583367.0,0,21.794999999999987,1
583468.0,1,20.915,1
583569.0,0,21.70999999999998,1
583677.0,1,21.519999999999985,1
583802.0,1,21.844999999999985,1
584017.0,3,22.757499999999915,0
584155.0,1,22.57499999999997,1
584284.0,1,22.84999999999997,1
584406.0,2,21.89999999999998,1
584600.0,2,24.979999999999958,1
584698.0,0,21.19999999999999,1
584846.0,1,24.03499999999997,1
584899.0,3,6.795,0
585008.0,0,20.72,1
585200.0,2,24.804999999999943,1
585309.0,1,21.279999999999987,1
585419.0,1,20.879999999999995,1
585520.0,0,20.639999999999997,1
585621.0,1,21.299999999999986,1
585763.0,1,22.754999999999978,1
585907.0,2,23.004999999999978,1
586056.0,2,22.789999999999978,1
586156.0,1,20.799999999999994,1
586300.0,2,22.66499999999997,1
586437.0,1,23.164999999999967,1
586687.0,3,24.442499999999903,0
586937.0,3,25.164999999999896,0
587043.0,3,13.687499999999972,0
587147.0,0,21.854999999999983,1
587397.0,3,19.664999999999957,0
587501.0,0,22.164999999999985,1
587574.0,3,9.319999999999995,0
587636.0,3,9.75249999999999,0
587758.0,1,21.644999999999982,1
587899.0,1,22.724999999999984,1
588020.0,2,22.31999999999998,1
588154.0,1,22.91999999999998,1
588404.0,3,21.76999999999992,0
588654.0,3,23.58999999999992,0
588794.0,1,22.769999999999985,1
588916.0,3,14.40499999999998,0
589037.0,1,21.794999999999987,1
589134.0,0,20.769999999999996,1
589275.0,1,22.66999999999997,1
589450.0,2,25.439999999999966,1
589568.0,1,22.079999999999984,1
589670.0,0,20.68,1
589787.0,1,21.88499999999998,1
589952.0,2,24.04999999999996,1
590178.0,2,25.55499999999994,1
590303.0,1,21.63499999999999,1
590534.0,2,27.994999999999926,1
590667.0,1,22.444999999999986,1
590764.0,0,21.39999999999998,1
590865.0,0,20.28,1
590966.0,0,21.599999999999984,1
591101.0,1,23.719999999999974,1
591293.0,2,25.894999999999953,1
591543.0,3,21.629999999999942,0
591702.0,1,24.679999999999964,1
591871.0,1,23.59999999999996,1
592091.0,2,27.674999999999955,1
592257.0,1,25.669999999999945,1
592350.0,0,21.24499999999999,1
592467.0,1,22.524999999999967,1
592584.0,1,22.23999999999998,1
592685.0,0,20.84499999999999,1
592796.0,1,21.959999999999987,1
592995.0,1,28.059999999999942,1
593099.0,1,21.319999999999983,1
593212.0,1,21.764999999999986,1
593322.0,0,21.959999999999987,1
593427.0,1,20.959999999999987,1
593556.0,1,21.619999999999983,1
593653.0,0,20.91999999999999,1
593843.0,2,26.539999999999946,1
593979.0,2,23.629999999999974,1
594185.0,2,26.924999999999933,1
594298.0,1,21.274999999999984,1
594438.0,1,22.959999999999965,1
594541.0,3,12.614999999999968,0
594660.0,1,22.119999999999983,1
594783.0,1,22.504999999999974,1
595015.0,2,28.699999999999932,1
595108.0,0,21.20499999999999,1
595305.0,3,19.024999999999956,0
595397.0,0,20.36,1
595518.0,3,16.42999999999998,0
595727.0,2,27.67499999999993,1
595943.0,2,25.51499999999995,1
596111.0,3,18.627499999999973,0
596208.0,0,21.094999999999988,1
596308.0,0,21.919999999999987,1
596413.0,0,21.919999999999977,1
596541.0,0,22.154999999999994,1
596634.0,0,20.604999999999997,1
596734.0,3,13.142499999999991,0
596835.0,1,21.519999999999985,1
596963.0,2,22.489999999999977,1
597074.0,1,21.53499999999999,1
597226.0,2,22.649999999999977,1
597392.0,2,23.924999999999947,1
597494.0,0,20.96,1
597587.0,0,21.119999999999994,1
597770.0,2,24.234999999999957,1
597868.0,0,20.470000000000002,1
597973.0,0,21.31999999999999,1
598223.0,3,23.3249999999999,0
598473.0,3,22.82999999999993,0
598575.0,1,20.679999999999996,1
598668.0,0,20.804999999999996,1
598761.0,0,21.16499999999999,1
598889.0,3,18.074999999999953,0
598986.0,0,20.445,1
599083.0,3,14.622499999999976,0
599176.0,0,20.485,1
599284.0,0,22.039999999999978,1
599385.0,0,21.02499999999999,1
599536.0,3,17.762499999999953,0
599727.0,3,21.294999999999934,0
599828.0,1,21.119999999999987,1
599929.0,0,21.76999999999998,1
600025.0,0,20.634999999999998,1
600180.0,1,24.489999999999952,1
600285.0,0,21.044999999999995,1
600382.0,0,21.63999999999998,1
600632.0,3,24.482499999999924,0
600729.0,0,20.964999999999996,1
600920.0,2,24.53499999999995,1
601020.0,0,21.524999999999977,1
601125.0,1,21.294999999999987,1
601362.0,2,26.184999999999974,1
601499.0,2,21.939999999999976,1
601644.0,1,22.87499999999998,1
601753.0,1,21.279999999999983,1
601899.0,1,24.21999999999997,1
601984.0,3,13.489999999999986,0
602077.0,0,20.804999999999996,1
602190.0,1,21.72499999999999,1
602341.0,2,23.199999999999967,1
602448.0,1,21.399999999999988,1
602596.0,3,18.309999999999977,0
602694.0,0,20.919999999999998,1
602795.0,0,20.4,1
602916.0,1,21.839999999999982,1
602998.0,3,11.894999999999998,0
603110.0,1,22.149999999999977,1
603209.0,0,21.684999999999985,1
603419.0,2,27.109999999999946,1
603520.0,3,14.809999999999985,0
603618.0,0,21.51999999999999,1
603724.0,1,20.439999999999998,1
603810.0,3,12.192499999999995,0
603926.0,1,21.959999999999976,1
604176.0,3,25.707499999999893,0
604294.0,1,22.759999999999977,1
604395.0,0,21.07999999999999,1
604550.0,3,18.94499999999997,0
604687.0,2,22.364999999999966,1
604788.0,0,21.604999999999976,1
604889.0,0,21.454999999999984,1
605024.0,3,17.15749999999998,0
605140.0,1,21.03499999999999,1
605390.0,3,17.079999999999963,0
605509.0,1,21.55499999999999,1
605759.0,3,25.397499999999916,0
606009.0,3,23.117499999999943,0
606109.0,1,20.759999999999994,1
606211.0,0,21.964999999999975,1
606300.0,0,20.599999999999994,1
606410.0,1,21.36999999999999,1
606507.0,0,21.164999999999992,1
606604.0,1,20.325,1
606705.0,0,21.20499999999999,1
606823.0,1,21.799999999999986,1
607065.0,2,29.72499999999993,1
607162.0,0,21.51999999999999,1
607287.0,1,22.08999999999998,1
607388.0,1,20.654999999999998,1
607508.0,2,22.039999999999978,1
607613.0,0,22.769999999999982,1
607710.0,0,20.559999999999995,1
607839.0,2,23.16499999999999,1
607969.0,3,16.112499999999983,0
608086.0,1,21.95999999999998,1
608183.0,0,21.11999999999999,1
608426.0,3,23.912499999999905,0
608536.0,1,21.764999999999986,1
608641.0,1,21.449999999999985,1
608743.0,1,21.004999999999995,1
608890.0,1,23.839999999999968,1
609060.0,2,23.964999999999968,1
609166.0,3,14.427499999999993,0
609242.0,3,12.849999999999989,0
609371.0,3,16.35249999999996,0
609567.0,2,24.649999999999945,1
609675.0,0,22.709999999999983,1
609801.0,1,21.654999999999987,1
609938.0,3,17.902499999999968,0
610035.0,0,21.999999999999975,1
610132.0,0,21.289999999999996,1
610234.0,0,22.069999999999983,1
610370.0,2,22.239999999999977,1
610512.0,3,16.964999999999964,0
610762.0,3,24.26249999999992,0
610898.0,1,23.324999999999978,1
610976.0,3,11.872499999999992,0
611073.0,1,20.759999999999998,1
611182.0,3,16.644999999999975,0
611432.0,3,14.90749999999997,0
611594.0,2,24.919999999999952,1
611844.0,3,24.409999999999908,0
612080.0,2,30.369999999999937,1
612202.0,1,22.149999999999977,1
612295.0,0,21.364999999999984,1
612368.0,3,11.692499999999997,0
612618.0,3,19.789999999999967,0
612753.0,3,15.36999999999998,0
613003.0,3,23.019999999999925,0
613086.0,3,11.469999999999994,0
613220.0,3,17.94999999999996,0
613317.0,0,21.479999999999983,1
613443.0,1,22.129999999999985,1
613544.0,1,21.56499999999999,1
613649.0,1,21.759999999999984,1
613750.0,1,21.51999999999999,1
613889.0,2,23.379999999999967,1
613993.0,1,21.159999999999997,1
614201.0,2,24.669999999999938,1
614331.0,3,16.96499999999995,0
614453.0,2,22.119999999999983,1
614551.0,0,22.079999999999984,1
614648.0,0,20.564999999999998,1
614825.0,3,18.56499999999996,0
614922.0,0,21.474999999999987,1
615038.0,1,22.28499999999998,1
615134.0,0,21.22499999999999,1
615259.0,1,22.889999999999976,1
615360.0,0,21.99999999999999,1
615470.0,1,21.595,1
615665.0,2,26.154999999999927,1
615779.0,3,11.834999999999994,0
616029.0,3,25.569999999999887,0
616126.0,0,21.319999999999997,1
616235.0,1,20.879999999999992,1
616485.0,3,24.712499999999903,0
616735.0,3,22.912499999999955,0
616985.0,3,24.75249999999992,0
617095.0,0,21.504999999999992,1
617297.0,3,17.11749999999997,0
617474.0,2,23.81499999999997,1
617724.0,3,21.41749999999991,0
617862.0,1,21.534999999999982,1
617975.0,1,21.68499999999998,1
618103.0,1,23.44499999999996,1
618196.0,0,20.599999999999998,1
618295.0,1,20.479999999999997,1
618523.0,2,26.604999999999936,1
618628.0,0,20.964999999999996,1
618725.0,0,20.72,1
618827.0,1,20.599999999999998,1
618953.0,3,12.937499999999993,0
619145.0,3,19.044999999999963,0
619319.0,2,23.604999999999976,1
619425.0,0,21.759999999999994,1
619558.0,3,17.324999999999967,0
619655.0,0,21.204999999999995,1
619759.0,1,20.93,1
619864.0,1,21.764999999999993,1
620114.0,3,25.65999999999989,0
620211.0,0,21.649999999999988,1
620304.0,0,21.399999999999984,1
620409.0,3,13.757499999999991,0
620596.0,2,25.519999999999953,1
620741.0,2,23.239999999999966,1
620924.0,2,25.934999999999953,1
621071.0,2,22.48999999999998,1
621233.0,3,20.942499999999928,0
621339.0,1,21.244999999999987,1
621531.0,2,24.35499999999994,1
621668.0,2,22.964999999999964,1
621768.0,0,21.239999999999995,1
621891.0,1,22.369999999999976,1
622032.0,1,24.089999999999968,1
622205.0,2,25.56999999999996,1
622286.0,3,14.019999999999985,0
622387.0,0,21.165,1
622493.0,2,20.964999999999996,1
622634.0,2,23.194999999999972,1
622802.0,2,23.60499999999997,1
623052.0,3,23.782499999999903,0
623287.0,2,27.214999999999932,1
623419.0,1,23.88499999999996,1
623528.0,0,23.164999999999964,1
623625.0,0,21.284999999999986,1
623751.0,2,21.829999999999984,1
623860.0,0,22.72499999999999,1
624065.0,2,25.839999999999954,1
624231.0,2,23.264999999999972,1
624295.0,3,10.69749999999999,0
624418.0,1,22.074999999999985,1
624527.0,1,21.78999999999999,1
624777.0,3,24.944999999999904,0
625027.0,3,25.227499999999896,0
625177.0,3,19.359999999999932,0
625289.0,3,15.654999999999996,0
625386.0,0,20.769999999999992,1
625522.0,2,23.394999999999975,1
625674.0,3,18.53999999999996,0
625783.0,0,21.15999999999999,1
625919.0,3,18.83249999999996,0
626020.0,0,22.12499999999998,1
626157.0,1,24.664999999999964,1
626275.0,1,22.754999999999974,1
626525.0,3,23.6599999999999,0
626614.0,0,20.61,1
626715.0,0,22.039999999999978,1
626965.0,3,23.752499999999905,0
627044.0,3,11.054999999999998,0
627236.0,3,20.872499999999945,0
627333.0,0,20.724999999999998,1
627446.0,1,22.124999999999982,1
627559.0,1,20.924999999999994,1
627709.0,1,24.09499999999998,1
627959.0,3,17.259999999999977,0
628076.0,1,22.79999999999997,1
628173.0,0,21.244999999999987,1
628298.0,1,20.874999999999993,1
628427.0,3,16.97499999999999,0
628531.0,0,21.944999999999986,1
628636.0,1,21.084999999999997,1
628741.0,0,23.07999999999998,1
628844.0,0,20.724999999999998,1
629078.0,2,26.62999999999995,1
629188.0,1,21.399999999999988,1
629289.0,0,22.079999999999977,1
629539.0,3,23.304999999999904,0
629644.0,1,21.75999999999998,1
629745.0,0,20.559999999999995,1
629886.0,1,23.344999999999978,1
630093.0,2,26.25999999999994,1
630219.0,1,21.719999999999985,1
630353.0,2,22.96499999999998,1
630425.0,3,11.889999999999993,0
630541.0,3,14.422499999999992,0
630695.0,1,24.124999999999968,1
630778.0,3,12.907499999999995,0
630879.0,0,21.87999999999998,1
631129.0,3,25.517499999999917,0
631229.0,0,20.919999999999995,1
631387.0,3,17.78999999999998,0
631490.0,1,21.19999999999998,1
631599.0,1,21.919999999999987,1
631704.0,3,16.374999999999982,0
631827.0,1,22.799999999999976,1
631928.0,0,21.63999999999998,1
632178.0,3,12.374999999999975,0
632287.0,0,22.599999999999973,1
632388.0,0,21.604999999999986,1
632509.0,3,18.61249999999998,0
632655.0,1,24.35999999999997,1
632770.0,1,21.599999999999984,1
632928.0,2,23.714999999999954,1
633059.0,2,22.074999999999974,1
633165.0,1,22.139999999999976,1
633408.0,2,29.669999999999913,1
633535.0,1,22.839999999999968,1
633736.0,2,25.649999999999952,1
633863.0,1,20.839999999999993,1
633972.0,1,21.75999999999997,1
634081.0,1,22.319999999999972,1
634331.0,3,16.929999999999936,0
634465.0,1,22.52499999999999,1
634626.0,2,24.069999999999965,1
634740.0,1,22.27999999999998,1
634849.0,1,21.479999999999986,1
634986.0,1,24.284999999999982,1
635087.0,0,21.604999999999983,1
635224.0,2,23.16499999999996,1
635317.0,0,20.85499999999999,1
635410.0,0,20.599999999999998,1
635523.0,1,21.959999999999987,1
635628.0,0,21.229999999999993,1
635725.0,0,20.964999999999986,1
635843.0,1,22.27999999999998,1
636093.0,3,26.58249999999992,0
636223.0,1,22.55999999999998,1
636319.0,0,20.404999999999998,1
636416.0,0,21.23999999999999,1
636529.0,1,22.279999999999976,1
636626.0,0,21.519999999999992,1
636787.0,2,24.04999999999997,1
637037.0,3,26.384999999999895,0
637287.0,3,25.687499999999904,0
637366.0,3,11.884999999999984,0
637463.0,0,21.489999999999984,1
637673.0,2,25.884999999999945,1
637782.0,1,21.31999999999999,1
637917.0,2,22.524999999999974,1
638018.0,0,21.884999999999977,1
638119.0,1,20.724999999999994,1
638191.0,3,9.727499999999994,0
638292.0,0,21.64499999999999,1
638435.0,3,17.39999999999995,0
638567.0,3,15.997499999999972,0
638817.0,3,25.99749999999991,0
638927.0,1,22.049999999999986,1
639038.0,1,22.03999999999998,1
639175.0,1,23.294999999999977,1
639284.0,0,22.399999999999977,1
639390.0,0,21.99999999999998,1
639640.0,3,25.867499999999893,0
639760.0,1,21.669999999999987,1
639858.0,0,20.884999999999994,1
640108.0,3,25.0574999999999,0
640247.0,2,22.159999999999982,1
640497.0,3,25.00749999999991,0
640598.0,0,21.839999999999982,1
640727.0,1,23.324999999999978,1
640877.0,2,23.724999999999987,1
641059.0,2,24.79999999999994,1
641200.0,2,23.444999999999997,1
641391.0,3,19.714999999999954,0
641576.0,2,25.754999999999974,1
641727.0,1,24.58999999999997,1
641927.0,2,25.62999999999994,1
642049.0,1,21.399999999999995,1
642161.0,3,14.057500000000006,0
642253.0,0,20.005000000000006,1
642361.0,0,21.484999999999985,1
642484.0,1,22.459999999999976,1
642652.0,2,24.51999999999999,1
642757.0,0,21.71999999999998,1
642906.0,2,23.094999999999978,1
643129.0,2,26.68999999999993,1
643379.0,3,23.094999999999896,0
643542.0,1,25.549999999999972,1
643657.0,1,21.55999999999998,1
643907.0,3,23.964999999999936,0
644020.0,0,22.839999999999982,1
644251.0,2,24.214999999999943,1
644501.0,3,25.01749999999993,0
644632.0,1,22.52499999999997,1
644818.0,2,23.889999999999958,1
645068.0,3,24.732499999999916,0
645173.0,0,21.359999999999985,1
645274.0,0,21.039999999999992,1
645436.0,2,24.484999999999964,1
645577.0,1,24.98999999999996,1
645703.0,1,22.239999999999974,1
645834.0,1,23.279999999999994,1
645945.0,1,20.999999999999993,1
646061.0,1,22.399999999999974,1
646287.0,2,27.52499999999995,1
646412.0,1,21.95999999999998,1
646525.0,3,15.742499999999994,0
646695.0,1,26.409999999999965,1
646900.0,2,26.849999999999937,1
647025.0,0,23.16999999999997,1
647275.0,3,25.1874999999999,0
647347.0,3,11.4025,0
647444.0,0,21.679999999999996,1
647631.0,2,25.38499999999994,1
647881.0,3,26.499999999999886,0
648030.0,1,23.38999999999996,1
648155.0,1,22.399999999999977,1
648260.0,0,21.759999999999984,1
648382.0,1,22.67999999999997,1
648491.0,0,22.879999999999967,1
648596.0,0,22.71999999999997,1
648846.0,3,25.909999999999897,0
648979.0,2,20.88,1
649091.0,0,22.51999999999999,1
649200.0,0,22.479999999999972,1
649379.0,2,26.279999999999955,1
649488.0,1,21.59999999999998,1
649609.0,1,22.439999999999973,1
649721.0,1,21.209999999999983,1
649841.0,1,21.924999999999976,1
649947.0,0,21.419999999999987,1
650077.0,1,21.55999999999998,1
650327.0,3,24.549999999999944,0
650543.0,2,27.759999999999945,1
650644.0,0,22.68999999999999,1
650894.0,3,27.18499999999993,0
650999.0,1,20.759999999999998,1
651249.0,3,25.237499999999915,0
651360.0,0,22.35999999999997,1
651465.0,0,22.714999999999975,1
651579.0,1,22.639999999999986,1
651730.0,3,17.47249999999997,0
651832.0,0,21.644999999999982,1
651973.0,1,23.804999999999975,1
652051.0,3,12.959999999999996,0
652148.0,0,21.11999999999999,1
652325.0,2,26.009999999999938,1
652418.0,0,20.999999999999993,1
652520.0,0,21.55999999999998,1
652621.0,1,20.804999999999996,1
652754.0,1,22.419999999999973,1
652854.0,0,21.08999999999999,1
652962.0,1,21.039999999999996,1
653076.0,1,22.884999999999987,1
653297.0,2,29.324999999999907,1
653409.0,1,21.399999999999988,1
653659.0,3,24.36999999999991,0
653760.0,1,20.889999999999993,1
653913.0,1,25.084999999999994,1
654079.0,1,25.964999999999947,1
654254.0,1,24.719999999999995,1
654375.0,2,22.439999999999976,1
654493.0,1,21.63999999999999,1
654598.0,0,21.35999999999999,1
654740.0,1,23.95499999999996,1
654837.0,0,20.849999999999994,1
654933.0,0,21.39999999999999,1
655050.0,2,22.39999999999997,1
655167.0,1,21.849999999999984,1
655417.0,3,23.757499999999922,0
655599.0,2,25.92499999999993,1
655700.0,1,21.124999999999993,1
655843.0,3,15.327499999999997,0
655982.0,3,15.079999999999973,0
656086.0,1,21.559999999999985,1
656237.0,2,22.91999999999997,1
656334.0,0,21.334999999999987,1
656451.0,1,22.604999999999983,1
656576.0,3,15.77,0
656811.0,2,29.294999999999913,1
656890.0,3,9.72749999999998,0
656987.0,0,20.765,1
657092.0,0,21.564999999999998,1
657236.0,1,23.719999999999985,1
657349.0,1,20.695,1
657449.0,0,21.519999999999985,1
657562.0,1,22.799999999999976,1
657671.0,1,22.564999999999984,1
657780.0,0,22.20999999999998,1
657889.0,1,21.79999999999998,1
657994.0,0,21.72,1
658132.0,1,24.85999999999999,1
658219.0,3,11.890000000000004,0
658469.0,3,26.899999999999924,0
658565.0,0,21.08499999999999,1
658713.0,2,23.28499999999997,1
658963.0,3,25.964999999999865,0
659060.0,0,21.48499999999998,1
659158.0,1,21.089999999999982,1
659260.0,0,21.069999999999993,1
659394.0,3,16.53499999999999,0
659491.0,0,21.15999999999999,1
659741.0,3,26.602499999999882,0
659937.0,2,25.934999999999963,1
660075.0,1,22.944999999999986,1
660211.0,2,22.849999999999966,1
660324.0,0,22.839999999999996,1
660571.0,2,28.34499999999995,1
660692.0,1,22.009999999999984,1
660831.0,0,23.024999999999967,1
661081.0,3,25.559999999999878,0
661242.0,1,25.17999999999997,1
661318.0,3,9.97249999999999,0
661493.0,3,19.894999999999953,0
661644.0,2,22.349999999999977,1
661754.0,1,21.11999999999999,1
661928.0,1,26.309999999999935,1
662029.0,0,21.244999999999997,1
662126.0,0,21.319999999999986,1
662376.0,3,26.68749999999988,0
662481.0,0,22.244999999999973,1
662582.0,0,21.444999999999983,1
662699.0,1,22.769999999999982,1
662811.0,2,21.724999999999977,1
662904.0,0,20.929999999999993,1
663154.0,3,23.789999999999942,0
663255.0,0,22.04499999999998,1
663403.0,2,23.269999999999968,1
663564.0,2,25.454999999999956,1
663658.0,0,21.319999999999993,1
663785.0,1,21.919999999999973,1
663906.0,1,21.55999999999998,1
664020.0,0,22.02499999999999,1
664266.0,2,31.699999999999935,1
664392.0,1,22.559999999999974,1
664546.0,2,23.29999999999997,1
664647.0,0,21.564999999999984,1
664774.0,0,23.444999999999975,1
664871.0,0,21.519999999999992,1
664980.0,1,22.44999999999998,1
665085.0,0,22.07999999999998,1
665187.0,0,21.519999999999982,1
665320.0,1,23.96499999999999,1
665421.0,0,21.044999999999987,1
665530.0,0,21.929999999999986,1
665678.0,1,25.004999999999974,1
665827.0,1,23.759999999999977,1
666077.0,3,23.159999999999908,0
666170.0,0,21.239999999999988,1
666337.0,1,25.089999999999986,1
666587.0,3,23.82249999999996,0
666703.0,0,23.034999999999993,1
666844.0,1,24.59999999999997,1
666950.0,0,21.25499999999999,1
667055.0,0,21.374999999999993,1
667164.0,0,22.774999999999984,1
667358.0,2,25.48999999999995,1
667492.0,1,22.609999999999978,1
667592.0,1,20.999999999999986,1
667692.0,0,21.839999999999986,1
667847.0,1,23.614999999999974,1
667948.0,0,22.204999999999973,1
668045.0,0,20.724999999999994,1
668151.0,1,20.64,1
668401.0,3,26.279999999999898,0
668506.0,0,20.560000000000002,1
668644.0,3,18.39999999999996,0
668894.0,3,25.079999999999913,0
669039.0,1,23.189999999999973,1
669154.0,0,21.889999999999986,1
669273.0,1,22.32499999999998,1
669400.0,3,14.49500000000001,0
669519.0,1,22.03999999999998,1
669623.0,1,20.839999999999996,1
669845.0,3,25.489999999999903,0
670036.0,3,23.257499999999958,0
670286.0,3,24.612499999999926,0
670411.0,1,22.169999999999977,1
670534.0,1,23.55999999999998,1
670698.0,2,24.004999999999967,1
670799.0,0,20.944999999999997,1
671049.0,3,26.849999999999902,0
671235.0,1,25.77499999999998,1
671343.0,1,22.119999999999976,1
671479.0,1,23.239999999999995,1
671584.0,0,22.164999999999985,1
671701.0,0,22.63999999999998,1
671822.0,1,23.084999999999958,1
671934.0,1,22.319999999999972,1
672144.0,2,25.84499999999995,1
672256.0,1,21.729999999999983,1
672347.0,3,13.554999999999984,0
672472.0,2,23.28999999999996,1
672566.0,3,13.579999999999993,0
672706.0,1,23.00999999999998,1
672891.0,3,22.167499999999915,0
673033.0,1,23.039999999999978,1
673283.0,3,26.09499999999988,0
673531.0,3,26.777499999999886,0
673781.0,3,26.43499999999991,0
674031.0,3,25.494999999999887,0
674140.0,0,22.419999999999973,1
674267.0,1,22.30499999999998,1
674411.0,2,23.714999999999986,1
674661.0,3,23.559999999999903,0
674762.0,0,21.48999999999998,1
674926.0,2,24.699999999999967,1
675028.0,1,21.564999999999987,1
675149.0,1,23.334999999999987,1
675250.0,0,21.359999999999985,1
675500.0,3,25.65749999999989,0
675627.0,1,21.404999999999983,1
675877.0,3,25.327499999999915,0
676007.0,1,22.649999999999974,1
676129.0,1,22.92499999999996,1
676234.0,1,21.479999999999986,1
676397.0,1,25.339999999999975,1
676498.0,1,21.11999999999999,1
676748.0,3,24.412499999999913,0
676998.0,3,24.65749999999992,0
677150.0,2,23.839999999999968,1
677264.0,0,22.559999999999974,1
677414.0,2,24.07499999999995,1
677583.0,2,24.759999999999952,1
677825.0,3,24.194999999999894,0
677973.0,1,24.574999999999953,1
678085.0,1,21.79999999999998,1
678202.0,1,22.979999999999965,1
678343.0,2,22.984999999999978,1
678468.0,1,21.535,1
678626.0,3,17.737499999999965,0
678876.0,3,24.05999999999992,0
678992.0,3,15.885,0
679164.0,2,24.08999999999995,1
679414.0,3,23.902499999999897,0
679515.0,0,20.759999999999998,1
679765.0,3,25.369999999999894,0
679905.0,1,22.27499999999998,1
680117.0,1,24.27999999999996,1
680367.0,3,25.06249999999991,0
680470.0,3,12.63749999999999,0
680579.0,1,21.96999999999999,1
680779.0,3,20.279999999999966,0
681029.0,3,23.77499999999991,0
681279.0,3,25.089999999999897,0
681433.0,0,22.874999999999975,1
681549.0,0,22.494999999999994,1
681737.0,2,24.114999999999945,1
681850.0,1,22.284999999999982,1
682019.0,2,25.229999999999972,1
682137.0,1,21.31999999999999,1
682238.0,0,21.624999999999993,1
682383.0,2,22.88499999999997,1
682527.0,2,23.319999999999965,1
682651.0,1,22.03999999999998,1
682748.0,1,20.714999999999996,1
682943.0,2,23.759999999999962,1
683042.0,3,11.077499999999986,0
683159.0,1,22.365000000000002,1
683266.0,1,21.879999999999978,1
683379.0,2,20.604999999999997,1
683545.0,2,24.129999999999974,1
683654.0,1,21.724999999999977,1
683778.0,1,22.049999999999976,1
683904.0,1,22.869999999999976,1
684029.0,0,23.159999999999982,1
684142.0,0,22.32999999999997,1
684251.0,0,22.159999999999982,1
684353.0,0,21.53499999999998,1
684603.0,3,25.75499999999991,0
684853.0,3,26.552499999999924,0
685103.0,3,23.20749999999993,0
685204.0,0,21.924999999999986,1
685308.0,0,21.529999999999987,1
685505.0,2,26.31999999999995,1
685665.0,2,24.664999999999978,1
685778.0,1,22.404999999999976,1
685895.0,0,22.884999999999984,1
685991.0,0,20.889999999999993,1
686085.0,0,20.640000000000004,1
686186.0,0,20.759999999999998,1
686295.0,0,22.454999999999977,1
686494.0,1,27.81499999999995,1
686674.0,2,25.319999999999954,1
686924.0,3,24.197499999999902,0
687097.0,2,26.189999999999966,1
687238.0,1,23.87499999999998,1
687357.0,1,23.284999999999982,1
687461.0,0,21.32499999999998,1
687550.0,0,20.599999999999994,1
687664.0,1,22.164999999999996,1
687785.0,1,23.23999999999997,1
687942.0,1,23.574999999999978,1
688167.0,2,27.69999999999995,1
688273.0,0,22.129999999999978,1
688523.0,3,25.114999999999895,0
688761.0,2,28.52499999999991,1
688945.0,1,27.094999999999967,1
689055.0,1,22.004999999999974,1
689282.0,2,28.139999999999922,1
689532.0,3,18.042499999999965,0
689641.0,1,21.604999999999983,1
689752.0,1,20.804999999999993,1
689845.0,0,20.764999999999993,1
690095.0,3,23.90499999999994,0
690212.0,1,22.784999999999968,1
690330.0,1,22.574999999999996,1
690414.0,3,10.800000000000002,0
690579.0,3,19.49499999999994,0
690829.0,3,22.749999999999904,0
691077.0,2,29.874999999999932,1
691217.0,2,22.279999999999973,1
691334.0,1,22.154999999999976,1
691563.0,2,28.479999999999933,1
691672.0,0,22.23999999999999,1
691922.0,3,25.912499999999895,0
692024.0,0,20.449999999999996,1
692198.0,2,24.149999999999963,1
692348.0,3,14.38749999999998,0
692445.0,1,20.28,1
692538.0,0,20.679999999999996,1
692643.0,3,15.864999999999974,0
692781.0,1,22.85499999999997,1
692885.0,0,20.479999999999993,1
692994.0,0,22.79999999999999,1
693131.0,2,22.11999999999998,1
693381.0,3,23.32999999999988,0
693631.0,3,26.50249999999988,0
693753.0,1,22.399999999999984,1
693915.0,2,24.599999999999987,1
694028.0,0,21.924999999999983,1
694145.0,1,22.644999999999968,1
694395.0,3,17.889999999999965,0
694508.0,1,22.089999999999975,1
694758.0,3,25.79249999999993,0
694907.0,3,17.879999999999992,0
695065.0,1,25.91499999999997,1
695168.0,3,14.569999999999995,0
695265.0,0,21.639999999999986,1
695411.0,2,23.454999999999963,1
695540.0,2,22.039999999999978,1
695657.0,0,23.324999999999974,1
695767.0,1,22.49499999999997,1
695888.0,1,22.679999999999964,1
696003.0,0,23.199999999999967,1
696159.0,1,25.604999999999965,1
696347.0,3,21.087499999999963,0
696458.0,0,22.409999999999975,1
696591.0,1,23.199999999999974,1
696705.0,0,22.664999999999974,1
696816.0,1,22.124999999999982,1
697066.0,3,26.232499999999874,0
697248.0,2,26.044999999999945,1
697409.0,1,26.724999999999973,1
697510.0,0,21.44999999999999,1
697613.0,0,21.729999999999997,1
697722.0,0,23.399999999999984,1
697863.0,1,25.02499999999996,1
697967.0,3,14.817499999999987,0
698217.0,3,25.36249999999989,0
698314.0,0,21.684999999999977,1
698423.0,0,22.679999999999986,1
698537.0,1,21.919999999999977,1
698787.0,3,25.082499999999943,0
698908.0,2,23.489999999999974,1
699158.0,3,25.307499999999887,0
699251.0,0,20.87999999999999,1
699382.0,2,22.754999999999974,1
699632.0,3,25.997499999999924,0
699738.0,1,21.839999999999982,1
699840.0,0,22.39999999999998,1
699963.0,2,21.459999999999987,1
700140.0,3,20.88749999999997,0
700241.0,0,22.52499999999997,1
700491.0,3,25.682499999999905,0
700609.0,1,22.57999999999998,1
700853.0,2,30.9599999999999,1
701103.0,3,25.539999999999914,0
701220.0,1,22.764999999999972,1
701316.0,0,21.529999999999987,1
701459.0,1,24.149999999999956,1
701580.0,1,23.119999999999962,1
701830.0,3,24.45249999999988,0
701998.0,2,23.974999999999945,1
702128.0,2,22.96499999999998,1
702268.0,1,23.399999999999977,1
702388.0,1,22.31499999999998,1
702533.0,1,22.564999999999976,1
702730.0,3,23.344999999999935,0
702900.0,1,26.83999999999998,1
703039.0,2,23.64499999999999,1
703284.0,2,29.404999999999898,1
703405.0,1,22.894999999999996,1
703497.0,0,20.96999999999999,1
703602.0,1,21.55999999999998,1
703788.0,3,21.39749999999993,0
703907.0,2,22.224999999999984,1
704008.0,0,22.129999999999985,1
704197.0,2,24.18999999999996,1
704311.0,0,23.004999999999978,1
704436.0,1,22.384999999999977,1
704541.0,1,22.079999999999984,1
704656.0,1,22.679999999999968,1
704762.0,1,21.97999999999998,1
704871.0,1,22.40499999999997,1
705121.0,3,26.294999999999888,0
705242.0,1,22.809999999999974,1
705354.0,1,21.99499999999998,1
705597.0,2,30.184999999999917,1
705698.0,0,22.33499999999999,1
705948.0,3,26.647499999999905,0
706103.0,1,25.149999999999967,1
706204.0,1,21.33499999999999,1
706313.0,0,21.87999999999998,1
706506.0,2,26.58499999999996,1
706708.0,3,23.247499999999928,0
706910.0,3,23.559999999999913,0
707060.0,3,18.69499999999998,0
707166.0,0,22.829999999999984,1
707285.0,1,22.004999999999985,1
707395.0,3,13.43499999999999,0
707530.0,2,22.049999999999986,1
707655.0,2,23.814999999999973,1
707753.0,3,14.43999999999998,0
707858.0,1,21.03999999999999,1
707983.0,1,22.91999999999999,1
708233.0,3,26.1599999999999,0
708380.0,3,17.11749999999997,0
708539.0,2,23.879999999999963,1
708789.0,3,25.022499999999912,0
709037.0,2,30.3049999999999,1
709155.0,1,22.714999999999968,1
709328.0,2,24.679999999999957,1
709578.0,3,25.45499999999989,0
709678.0,0,21.599999999999987,1
709825.0,1,24.30999999999996,1
710075.0,3,26.309999999999906,0
710201.0,1,23.119999999999965,1
710368.0,1,26.74999999999996,1
710618.0,3,25.08499999999991,0
710723.0,0,23.27999999999998,1
710905.0,2,24.484999999999964,1
711006.0,0,22.68499999999998,1
711227.0,2,30.534999999999908,1
711351.0,1,23.344999999999978,1
711457.0,0,22.614999999999988,1
711592.0,1,23.759999999999955,1
711706.0,1,21.054999999999996,1
711803.0,0,21.25999999999999,1
711916.0,1,21.93499999999998,1
712123.0,2,26.999999999999947,1
712246.0,1,23.08999999999998,1
712390.0,1,25.36499999999998,1
712569.0,1,27.19499999999995,1
712819.0,3,26.757499999999872,0
712956.0,1,23.894999999999982,1
713053.0,0,21.68499999999998,1
713195.0,1,25.089999999999986,1
713309.0,1,22.484999999999985,1
713559.0,3,26.602499999999896,0
713758.0,3,22.83749999999992,0
713871.0,1,22.459999999999972,1
714008.0,1,22.31999999999998,1
714145.0,2,23.66999999999997,1
714265.0,3,14.96999999999999,0
714362.0,0,21.519999999999992,1
714464.0,1,21.319999999999986,1
714589.0,0,23.35999999999999,1
714839.0,3,24.11499999999993,0
714975.0,1,24.744999999999997,1
715080.0,1,21.399999999999984,1
715186.0,0,22.609999999999985,1
715301.0,0,23.379999999999978,1
715439.0,1,22.644999999999968,1
715689.0,3,22.974999999999902,0
715939.0,3,25.529999999999895,0
716189.0,3,25.57249999999989,0
716364.0,2,23.91499999999997,1
716501.0,1,23.244999999999983,1
716677.0,1,26.809999999999974,1
716927.0,3,24.722499999999897,0
717112.0,2,26.62999999999996,1
717362.0,3,25.6274999999999,0
717612.0,3,26.119999999999877,0
717785.0,2,25.73499999999997,1
717887.0,1,21.524999999999988,1
718055.0,1,25.664999999999978,1
718161.0,0,22.384999999999998,1
718234.0,3,10.452499999999993,0
718463.0,2,29.37499999999991,1
718713.0,3,26.22999999999988,0
718929.0,2,27.744999999999933,1
719034.0,0,21.474999999999987,1
719284.0,3,26.23749999999988,0
719534.0,3,28.0224999999999,0
719635.0,0,22.484999999999975,1
719748.0,1,23.37999999999998,1
719939.0,3,22.39999999999995,0
720189.0,3,26.84249999999986,0
720439.0,3,27.54999999999987,0
720689.0,3,26.407499999999917,0
720787.0,3,13.287499999999996,0
721037.0,3,26.28749999999987,0
721138.0,0,22.12499999999998,1
721251.0,1,23.149999999999988,1
721352.0,0,21.959999999999972,1
721484.0,1,23.234999999999967,1
721593.0,0,22.789999999999985,1
721788.0,2,27.21999999999993,1
721881.0,0,20.879999999999995,1
722045.0,2,26.084999999999976,1
722165.0,0,22.68999999999999,1
722415.0,3,25.739999999999906,0
722534.0,1,22.269999999999992,1
722614.0,3,12.519999999999996,0
722814.0,1,28.23499999999995,1
723064.0,3,25.82999999999989,0
723139.0,3,11.249999999999996,0
723245.0,1,21.539999999999985,1
723405.0,1,26.639999999999944,1
723552.0,1,24.02499999999999,1
723802.0,3,25.90499999999989,0
723942.0,1,24.964999999999975,1
724093.0,1,25.424999999999947,1
724203.0,1,23.369999999999994,1
724433.0,3,22.91249999999991,0
724554.0,3,17.587499999999974,0
724804.0,3,26.16749999999989,0
724917.0,1,22.79499999999997,1
725137.0,3,24.13999999999993,0
725246.0,0,23.119999999999965,1
725496.0,3,23.794999999999884,0
725746.0,3,27.292499999999876,0
725996.0,3,25.18999999999988,0
726154.0,2,24.549999999999965,1
726255.0,1,21.82499999999999,1
726431.0,1,29.14999999999996,1
726681.0,3,25.8649999999999,0
726836.0,3,19.704999999999952,0
726961.0,1,23.56499999999998,1
727115.0,1,24.839999999999964,1
727307.0,2,27.154999999999944,1
727438.0,2,23.03499999999997,1
727607.0,3,21.682499999999962,0
727728.0,1,23.684999999999963,1
727944.0,2,28.56499999999993,1
728053.0,1,21.319999999999983,1
728217.0,2,24.439999999999976,1
728403.0,1,28.424999999999965,1
728538.0,1,23.799999999999983,1
728648.0,1,22.384999999999984,1
728834.0,1,27.75999999999995,1
728934.0,0,21.924999999999976,1
729171.0,2,28.92499999999992,1
729421.0,3,22.83999999999992,0
729671.0,3,26.777499999999876,0
729921.0,3,27.74249999999991,0
730171.0,3,26.9399999999999,0
730307.0,3,17.214999999999982,0
730492.0,1,26.879999999999956,1
730609.0,0,24.004999999999956,1
730761.0,1,25.959999999999972,1
731011.0,3,27.784999999999897,0
731125.0,2,22.644999999999975,1
731179.0,3,8.589999999999998,0
731292.0,1,23.62999999999998,1
731469.0,1,28.529999999999955,1
731574.0,0,23.08499999999998,1
731679.0,0,22.39999999999997,1
731787.0,0,23.47999999999997,1
731887.0,0,22.039999999999992,1
731997.0,0,23.774999999999974,1
732114.0,1,24.384999999999984,1
732215.0,0,22.68999999999999,1
732347.0,3,18.072499999999984,0
732510.0,2,24.869999999999962,1
732631.0,2,23.23499999999998,1
732745.0,0,24.509999999999984,1
732854.0,1,23.204999999999988,1
732967.0,1,23.439999999999962,1
733113.0,2,24.499999999999993,1
733232.0,1,22.66999999999997,1
733370.0,3,15.539999999999974,0
733474.0,0,22.369999999999994,1
733595.0,0,24.089999999999996,1
733845.0,3,24.599999999999902,0
734010.0,1,27.09499999999997,1
734200.0,1,27.719999999999942,1
734450.0,3,25.032499999999903,0
734700.0,3,24.83749999999993,0
734828.0,0,23.784999999999982,1
734923.0,3,11.777499999999984,0
735042.0,0,23.33499999999999,1
735152.0,0,23.404999999999987,1
735402.0,3,25.947499999999902,0
735571.0,1,26.949999999999974,1
735821.0,3,25.2424999999999,0
736071.0,3,24.85749999999991,0
736197.0,3,15.65749999999999,0
736378.0,2,25.49499999999997,1
736567.0,1,28.984999999999967,1
736672.0,0,23.644999999999985,1
736902.0,3,26.374999999999947,0
737035.0,1,25.04999999999998,1
737209.0,1,25.484999999999964,1
737314.0,0,21.90999999999999,1
737517.0,3,21.159999999999965,0
737683.0,3,21.042499999999958,0
737801.0,0,23.28999999999999,1
737976.0,2,25.799999999999965,1
738115.0,1,24.32999999999997,1
738275.0,1,25.28999999999998,1
738438.0,1,24.48999999999998,1
738560.0,0,23.89499999999999,1
738690.0,1,24.74999999999996,1
738796.0,0,22.859999999999996,1
738909.0,0,23.664999999999985,1
739159.0,3,26.952499999999887,0
739336.0,1,27.50999999999996,1
739471.0,3,17.362499999999986,0
739526.0,3,8.332499999999998,0
739662.0,1,24.894999999999968,1
739792.0,3,16.40499999999997,0
740019.0,3,25.01999999999988,0
740125.0,0,22.259999999999977,1
740289.0,1,27.634999999999977,1
740437.0,3,17.169999999999952,0
740687.0,3,26.47499999999988,0
740937.0,3,24.254999999999878,0
741175.0,3,26.049999999999905,0
741285.0,0,23.239999999999988,1
741535.0,3,26.582499999999925,0
741785.0,3,24.08749999999991,0
741896.0,3,16.4475,0
742017.0,1,23.949999999999985,1
742190.0,1,26.914999999999985,1
742302.0,1,22.874999999999968,1
742488.0,2,24.054999999999957,1
742647.0,1,24.84499999999997,1
742768.0,1,23.639999999999993,1
742942.0,2,25.78499999999997,1
743069.0,1,23.814999999999984,1
743319.0,3,24.762499999999896,0
743407.0,3,11.397499999999992,0
743537.0,1,24.389999999999986,1
743787.0,3,24.542499999999905,0
744037.0,3,22.972499999999922,0
744152.0,1,23.364999999999995,1
744272.0,0,23.35999999999999,1
744463.0,1,28.25999999999995,1
744713.0,3,24.704999999999913,0
744825.0,1,22.93999999999997,1
744938.0,1,23.24999999999998,1
745035.0,3,14.719999999999994,0
745285.0,3,22.754999999999907,0
745431.0,1,24.204999999999956,1
745543.0,0,23.50999999999999,1
745684.0,1,24.284999999999968,1
745789.0,0,22.92499999999999,1
746039.0,3,25.7549999999999,0
746280.0,3,23.8424999999999,0
746507.0,3,25.259999999999913,0
746657.0,1,25.34999999999998,1
746865.0,3,24.472499999999926,0
747026.0,1,25.62499999999997,1
747134.0,0,23.594999999999985,1
747351.0,3,26.10499999999993,0
747573.0,3,23.73749999999992,0
747823.0,3,26.259999999999916,0
747940.0,3,16.174999999999976,0
748144.0,2,28.339999999999954,1
748271.0,2,24.209999999999987,1
748376.0,0,23.25999999999999,1
748489.0,0,23.369999999999987,1
748739.0,3,21.70249999999992,0
748913.0,3,21.519999999999925,0
749048.0,1,25.254999999999974,1
749213.0,1,26.87999999999997,1
749463.0,3,25.264999999999898,0
749713.0,3,27.544999999999867,0
749945.0,2,29.68999999999995,1
750195.0,3,22.662499999999902,0
750351.0,1,26.509999999999973,1
750601.0,3,27.089999999999886,0
750706.0,0,22.56999999999999,1
750852.0,1,26.47499999999997,1
751102.0,3,21.974999999999913,0
751245.0,1,23.709999999999972,1
751380.0,0,24.559999999999974,1
751536.0,1,24.864999999999974,1
751763.0,1,29.93999999999994,1
751946.0,1,28.199999999999974,1
752064.0,1,23.689999999999998,1
752214.0,1,24.27999999999998,1
752338.0,1,23.814999999999976,1
752454.0,0,23.589999999999993,1
752563.0,1,23.004999999999974,1
752813.0,3,24.327499999999876,0
752999.0,1,27.149999999999977,1
753249.0,3,24.232499999999906,0
753469.0,3,21.16499999999993,0
753652.0,1,27.039999999999942,1
753757.0,0,22.884999999999977,1
753938.0,1,27.22499999999998,1
754080.0,1,24.31999999999998,1
754201.0,0,24.124999999999993,1
754310.0,0,23.03499999999997,1
754457.0,0,23.98999999999996,1
754566.0,0,23.30499999999999,1
754686.0,0,23.85499999999998,1
754825.0,1,24.709999999999958,1
754934.0,0,23.365000000000002,1
755054.0,0,23.864999999999974,1
755159.0,0,23.21999999999997,1
755303.0,1,24.66499999999995,1
755553.0,3,23.109999999999935,0
755662.0,0,23.48499999999999,1
755858.0,2,26.18499999999995,1
756043.0,2,23.83999999999994,1
756164.0,1,23.84999999999998,1
756278.0,0,23.219999999999985,1
756402.0,2,22.734999999999978,1
756587.0,1,28.154999999999987,1
756696.0,0,23.694999999999997,1
756801.0,0,22.325000000000003,1
756956.0,1,25.57499999999995,1
757206.0,3,26.754999999999896,0
757328.0,1,22.42499999999999,1
757508.0,2,25.35999999999995,1
757758.0,3,24.99249999999989,0
757988.0,1,31.849999999999937,1
758124.0,1,23.80499999999997,1
758374.0,3,25.31499999999991,0
758546.0,1,27.05999999999997,1
758679.0,1,23.76499999999998,1
758929.0,3,27.272499999999887,0
759179.0,3,25.829999999999895,0
759369.0,2,25.20499999999994,1
759502.0,1,25.19999999999999,1
759752.0,3,26.15249999999991,0
760002.0,3,25.897499999999898,0
760171.0,2,24.97499999999995,1
760324.0,2,24.839999999999954,1
760480.0,3,17.05249999999997,0
760587.0,0,22.439999999999984,1
760837.0,3,24.934999999999874,0
761087.0,3,25.697499999999906,0
761269.0,2,26.80999999999996,1
761378.0,0,23.174999999999983,1
761628.0,3,26.892499999999895,0
761878.0,3,24.117499999999897,0
762069.0,2,25.484999999999957,1
762183.0,0,24.144999999999964,1
762433.0,3,23.7674999999999,0
762683.0,3,24.937499999999908,0
762816.0,1,24.689999999999984,1
762926.0,0,23.749999999999986,1
763035.0,0,23.314999999999984,1
763214.0,3,22.28999999999994,0
763379.0,1,26.37499999999996,1
763496.0,0,23.439999999999984,1
763621.0,1,23.554999999999986,1
763737.0,1,22.684999999999967,1
763834.0,0,21.84499999999997,1
764037.0,2,26.789999999999925,1
764113.0,3,11.392499999999991,0
764234.0,3,15.059999999999981,0
764364.0,1,24.44499999999998,1
764614.0,3,22.79749999999992,0
764799.0,3,20.68749999999995,0
764961.0,3,17.834999999999944,0
765135.0,2,24.774999999999984,1
765327.0,2,27.02999999999994,1
765431.0,0,22.399999999999977,1
765532.0,0,21.484999999999996,1
765645.0,0,22.884999999999973,1
765763.0,0,23.64499999999997,1
765925.0,1,24.56499999999997,1
766081.0,1,24.709999999999972,1
766206.0,0,23.324999999999974,1
766456.0,3,26.417499999999894,0
766568.0,0,22.829999999999973,1
766698.0,1,24.239999999999974,1
766799.0,0,22.02999999999998,1
766912.0,0,23.469999999999974,1
767037.0,0,23.66499999999997,1
767164.0,1,21.95499999999999,1
767273.0,1,22.83999999999999,1
767391.0,1,22.449999999999974,1
767487.0,3,15.047499999999996,0
767589.0,0,21.39999999999998,1
767761.0,2,25.019999999999968,1
767912.0,1,24.85999999999995,1
768149.0,3,25.762499999999918,0
768333.0,1,28.88499999999996,1
768510.0,2,27.344999999999985,1
768619.0,0,22.93,1
768869.0,3,25.297499999999918,0
768999.0,1,23.834999999999987,1
769116.0,1,23.24499999999999,1
769274.0,1,24.619999999999965,1
769524.0,3,27.74249999999991,0
769633.0,0,22.69999999999998,1
769745.0,1,22.88499999999997,1
769860.0,1,23.40499999999999,1
770038.0,2,25.344999999999978,1
770172.0,1,23.08499999999998,1
770289.0,1,22.604999999999993,1
770426.0,1,25.084999999999983,1
770535.0,0,21.959999999999972,1
770636.0,0,21.959999999999976,1
770733.0,3,16.117499999999982,0
770850.0,0,23.62999999999999,1
771035.0,2,24.09499999999997,1
771168.0,1,23.44999999999998,1
771265.0,0,21.15999999999999,1
771385.0,1,22.49999999999997,1
771495.0,0,21.609999999999992,1
771621.0,0,23.74499999999997,1
771746.0,3,16.69499999999997,0
771880.0,0,23.614999999999974,1
772030.0,2,24.81999999999998,1
772135.0,0,23.15999999999997,1
772248.0,2,21.199999999999996,1
772408.0,1,26.319999999999975,1
772527.0,0,23.004999999999985,1
772620.0,3,15.024999999999984,0
772798.0,1,25.854999999999936,1
772903.0,0,21.43999999999999,1
773017.0,0,23.304999999999982,1
773246.0,2,28.399999999999913,1
773423.0,1,27.50499999999996,1
773552.0,1,23.92999999999998,1
773799.0,2,28.834999999999937,1
773953.0,1,24.184999999999963,1
774203.0,3,22.784999999999897,0
774320.0,0,23.35999999999999,1
774464.0,2,23.67999999999998,1
774573.0,0,22.604999999999983,1
774690.0,0,23.444999999999983,1
774799.0,0,22.569999999999997,1
774844.0,3,5.422499999999996,0
775074.0,2,29.32499999999993,1
775240.0,1,25.79499999999996,1
775369.0,1,23.564999999999984,1
775478.0,0,22.524999999999974,1
775596.0,0,23.439999999999984,1
775801.0,1,28.684999999999953,1
775914.0,1,22.68499999999998,1
776054.0,1,25.094999999999978,1
776178.0,0,24.70499999999997,1
776312.0,1,23.039999999999992,1
776457.0,2,24.099999999999945,1
776594.0,1,23.99999999999996,1
776703.0,1,22.999999999999975,1
776799.0,0,21.27999999999999,1
776940.0,1,23.859999999999964,1
777108.0,1,27.12499999999997,1
777358.0,3,27.46499999999986,0
777467.0,0,23.004999999999974,1
777621.0,1,25.63499999999996,1
777730.0,0,22.529999999999973,1
777904.0,3,20.834999999999937,0
778037.0,1,23.724999999999987,1
778287.0,3,24.229999999999905,0
778417.0,3,15.974999999999982,0
778667.0,3,26.682499999999866,0
778784.0,1,23.719999999999995,1
778980.0,2,26.05999999999993,1
779125.0,1,24.654999999999966,1
779234.0,0,22.844999999999967,1
779355.0,1,23.254999999999974,1
779465.0,0,22.919999999999984,1
779715.0,3,25.044999999999924,0
779915.0,2,27.75499999999997,1
779973.0,3,9.977499999999994,0
780215.0,2,30.344999999999914,1
780332.0,1,23.55499999999999,1
780509.0,1,26.724999999999962,1
780663.0,1,26.764999999999972,1
780773.0,0,23.019999999999982,1
780963.0,2,26.89999999999996,1
781076.0,0,23.199999999999992,1
781291.0,2,26.88499999999995,1
781541.0,3,26.07499999999989,0
781791.0,3,24.06249999999989,0
781913.0,1,23.569999999999993,1
782060.0,1,26.019999999999968,1
782310.0,3,26.102499999999885,0
782430.0,0,23.83999999999999,1
782680.0,3,23.09999999999991,0
782818.0,1,24.484999999999978,1
783068.0,3,23.60749999999992,0
783318.0,3,27.144999999999875,0
783476.0,1,26.329999999999956,1
783650.0,1,27.444999999999954,1
783775.0,0,23.664999999999967,1
783915.0,1,24.569999999999958,1
784016.0,0,22.374999999999982,1
784140.0,3,17.00749999999997,0
784320.0,2,26.26499999999993,1
784554.0,1,29.689999999999927,1
784804.0,3,27.267499999999888,0
784987.0,1,29.329999999999956,1
785092.0,3,15.579999999999977,0
785184.0,3,15.162499999999982,0
785293.0,0,22.76999999999998,1
785406.0,0,23.074999999999967,1
785601.0,2,29.944999999999943,1
785823.0,3,25.80749999999992,0
786018.0,1,29.589999999999932,1
786127.0,0,23.969999999999985,1
786377.0,3,27.169999999999902,0
786606.0,3,26.532499999999914,0
786856.0,3,26.684999999999896,0
787051.0,1,29.429999999999936,1
787201.0,1,25.164999999999985,1
787423.0,2,28.89999999999994,1
787612.0,3,18.479999999999944,0
787775.0,1,24.99999999999998,1
787908.0,1,23.574999999999967,1
788021.0,0,22.60499999999997,1
788134.0,0,22.519999999999982,1
788235.0,0,22.15499999999998,1
788340.0,0,23.054999999999968,1
788556.0,3,25.919999999999913,0
788767.0,3,24.514999999999908,0
788881.0,0,23.04499999999999,1
789029.0,0,26.21999999999994,1
789146.0,1,22.74999999999998,1
789396.0,3,29.839999999999886,0
789646.0,3,23.497499999999878,0
789871.0,3,26.069999999999922,0
790053.0,3,17.61249999999995,0
790166.0,0,23.764999999999965,1
790304.0,3,15.679999999999975,0
790426.0,1,23.324999999999967,1
790516.0,3,12.244999999999985,0
790683.0,1,28.889999999999933,1
790812.0,0,24.519999999999968,1
791062.0,3,29.0024999999999,0
791240.0,1,28.36999999999995,1
791343.0,0,22.17999999999998,1
791593.0,3,24.852499999999914,0
791843.0,3,26.302499999999906,0
791956.0,0,22.759999999999966,1
792057.0,0,22.27999999999998,1
792164.0,3,14.217499999999992,0
792397.0,1,31.789999999999917,1
792579.0,2,26.32999999999995,1
792829.0,3,29.0699999999999,0
792982.0,1,25.98999999999997,1
793091.0,0,22.99999999999998,1
793248.0,2,24.369999999999983,1
793480.0,3,26.26749999999991,0
793727.0,1,32.804999999999914,1
793896.0,1,26.764999999999937,1
794043.0,1,24.609999999999978,1
794144.0,0,22.394999999999982,1
794259.0,0,23.83499999999998,1
794509.0,3,27.917499999999876,0
794759.0,3,25.262499999999886,0
794920.0,1,26.65499999999998,1
795170.0,3,24.147499999999884,0
795280.0,0,23.304999999999964,1
795454.0,3,18.50249999999995,0
795698.0,2,30.50499999999994,1
795935.0,3,26.587499999999874,0
796124.0,3,21.38749999999995,0
796273.0,1,25.06999999999996,1
796429.0,2,25.014999999999972,1
796589.0,3,20.00749999999994,0
796689.0,0,22.18999999999998,1
796880.0,3,21.01249999999995,0
796989.0,0,23.64999999999999,1
797239.0,3,28.90749999999991,0
797371.0,0,25.159999999999975,1
797491.0,1,23.529999999999983,1
797741.0,3,22.469999999999917,0
797850.0,0,23.319999999999983,1
798100.0,3,27.692499999999892,0
798350.0,3,25.302499999999906,0
798498.0,1,24.359999999999964,1
798748.0,3,28.21499999999985,0
798853.0,1,22.664999999999978,1
798970.0,0,24.13499999999998,1
799076.0,0,22.03499999999999,1
799177.0,0,22.394999999999982,1
799278.0,0,22.479999999999997,1
799396.0,0,23.47499999999998,1
799517.0,0,23.954999999999973,1
799677.0,1,25.349999999999945,1
799900.0,3,23.9474999999999,0
800085.0,3,17.212499999999963,0
800202.0,1,22.789999999999964,1
800385.0,3,22.109999999999925,0
800544.0,1,27.15499999999996,1
800665.0,0,23.224999999999966,1
800784.0,0,24.164999999999974,1
801028.0,3,28.517499999999938,0
801278.0,3,26.434999999999903,0
801528.0,3,24.464999999999915,0
801634.0,0,22.799999999999976,1
801884.0,3,28.909999999999872,0
802081.0,3,22.87249999999991,0
802225.0,2,24.514999999999972,1
802353.0,0,24.07499999999997,1
802466.0,0,23.92999999999998,1
802716.0,3,30.792499999999905,0
802893.0,1,27.669999999999938,1
803143.0,3,26.852499999999885,0
803256.0,0,23.049999999999965,1
803383.0,1,23.454999999999966,1
803509.0,2,21.98499999999999,1
803610.0,0,22.404999999999987,1
803860.0,3,27.307499999999866,0
803973.0,0,23.62499999999997,1
804161.0,1,31.164999999999914,1
804274.0,0,24.194999999999986,1
804524.0,3,26.72249999999991,0
804774.0,3,26.862499999999883,0
804879.0,0,23.16499999999998,1
805111.0,3,26.794999999999927,0
805229.0,0,23.389999999999993,1
805390.0,3,19.932499999999976,0
805640.0,3,25.70249999999987,0
805800.0,1,26.364999999999974,1
806050.0,3,28.51249999999988,0
806188.0,2,24.18499999999998,1
806438.0,3,26.04499999999988,0
806605.0,1,26.234999999999943,1
806727.0,0,24.73999999999998,1
806977.0,3,26.427499999999878,0
807095.0,1,22.364999999999988,1
807345.0,3,28.134999999999902,0
807498.0,3,20.042499999999947,0
807748.0,3,26.39999999999988,0
807998.0,3,29.68999999999987,0
808157.0,1,25.60499999999997,1
808271.0,0,23.879999999999985,1
808424.0,3,17.924999999999947,0
808674.0,3,26.204999999999895,0
808791.0,0,23.879999999999995,1
808967.0,3,22.149999999999952,0
809125.0,3,20.617499999999946,0
809255.0,1,24.964999999999975,1
809375.0,0,23.559999999999974,1
809565.0,1,27.924999999999944,1
809682.0,0,23.874999999999964,1
809811.0,1,23.164999999999978,1
809962.0,1,26.714999999999957,1
810088.0,3,17.73499999999999,0
810193.0,0,22.564999999999973,1
810321.0,1,24.044999999999987,1
810427.0,1,22.16999999999998,1
810677.0,3,30.514999999999898,0
810808.0,1,24.204999999999977,1
811058.0,3,28.479999999999897,0
811308.0,3,25.752499999999912,0
811558.0,3,27.459999999999873,0
811671.0,0,23.154999999999987,1
811802.0,1,25.13499999999997,1
812052.0,3,27.27749999999988,0
812302.0,3,27.3549999999999,0
812513.0,1,32.0149999999999,1
812763.0,3,28.53999999999987,0
812825.0,3,10.097499999999998,0
813075.0,3,29.059999999999864,0
813182.0,0,23.56999999999998,1
813432.0,3,26.849999999999866,0
813585.0,3,21.494999999999948,0
813835.0,3,27.134999999999884,0
814085.0,3,27.39749999999988,0
814209.0,0,23.429999999999968,1
814282.0,3,10.532499999999988,0
814445.0,1,26.724999999999966,1
814695.0,3,28.332499999999857,0
814945.0,3,28.9649999999999,0
815085.0,1,24.98999999999998,1
815270.0,1,28.039999999999946,1
815485.0,2,29.68499999999994,1
815735.0,3,26.234999999999875,0
815985.0,3,30.217499999999863,0
816095.0,0,22.32499999999998,1
816204.0,0,23.01999999999997,1
816454.0,3,27.339999999999886,0
816704.0,3,27.71249999999989,0
816874.0,1,27.744999999999955,1
817092.0,3,22.92499999999991,0
817228.0,1,25.65999999999996,1
817355.0,3,16.724999999999977,0
817594.0,3,23.47499999999989,0
817844.0,3,26.10999999999988,0
818094.0,3,26.387499999999903,0
818244.0,3,18.689999999999962,0
818362.0,0,24.319999999999993,1
818612.0,3,26.029999999999912,0
818862.0,3,29.23499999999986,0
818978.0,1,24.03999999999998,1
819199.0,3,24.26499999999989,0
819296.0,3,11.502499999999998,0
819546.0,3,27.242499999999865,0
819680.0,3,19.742499999999936,0
819798.0,0,24.13999999999998,1
819874.0,3,11.262499999999985,0
820124.0,3,27.10999999999989,0
820198.0,3,9.977499999999981,0
820332.0,0,25.239999999999974,1
820582.0,3,27.462499999999853,0
820832.0,3,30.112499999999844,0
820952.0,3,14.957499999999985,0
821091.0,0,24.689999999999976,1
821339.0,3,24.612499999999898,0
821589.0,3,27.622499999999874,0
821839.0,3,27.592499999999873,0
822089.0,3,27.882499999999876,0
822144.0,3,7.567499999999999,0
822391.0,3,29.027499999999858,0
822641.0,3,26.78749999999989,0
822891.0,3,27.509999999999867,0
823079.0,3,23.86499999999991,0
823329.0,3,25.49749999999988,0
823579.0,3,26.772499999999894,0
823812.0,3,21.809999999999913,0
823964.0,1,26.569999999999947,1
824126.0,3,18.792499999999947,0
824376.0,3,28.07249999999987,0
824500.0,0,24.829999999999977,1
824630.0,3,18.537499999999973,0
824780.0,0,25.97999999999997,1
825030.0,3,23.4374999999999,0
825142.0,3,12.677499999999991,0
825303.0,3,16.23999999999997,0
825508.0,2,27.41499999999992,1
825634.0,3,15.392499999999977,0
825692.0,3,8.884999999999996,0
825942.0,3,25.18999999999988,0
826192.0,3,24.56999999999989,0
826442.0,3,27.939999999999838,0
826692.0,3,26.609999999999946,0
826844.0,3,16.639999999999972,0
827094.0,3,23.9224999999999,0
827280.0,3,21.319999999999933,0
827530.0,3,28.59749999999988,0
827757.0,3,24.139999999999887,0
827966.0,3,21.977499999999942,0
828216.0,3,28.18249999999988,0
828466.0,3,30.019999999999868,0
828716.0,3,26.979999999999883,0
828828.0,0,24.19999999999999,1
828897.0,3,7.437499999999989,0
829043.0,1,26.584999999999958,1
829293.0,3,29.122499999999885,0
829543.0,3,25.962499999999878,0
829793.0,3,23.65249999999988,0
829953.0,1,25.799999999999983,1
830203.0,3,22.71999999999988,0
830453.0,3,22.354999999999897,0
830703.0,3,24.289999999999907,0
830953.0,3,25.99499999999989,0
831083.0,1,25.01499999999998,1
831333.0,3,27.43749999999988,0
831583.0,3,26.47999999999989,0
831777.0,1,30.879999999999917,1
832027.0,3,21.454999999999902,0
832277.0,3,27.639999999999905,0
832391.0,3,12.969999999999997,0
832641.0,3,28.579999999999878,0
832777.0,3,18.549999999999965,0
833027.0,3,25.732499999999924,0
833271.0,2,30.654999999999887,1
833521.0,3,28.809999999999913,0
833632.0,3,13.452499999999976,0
833882.0,3,26.957499999999882,0
834060.0,1,28.914999999999942,1
834310.0,3,25.59749999999991,0
834560.0,3,26.85499999999988,0
834810.0,3,25.35749999999987,0
835055.0,2,28.43499999999991,1
835305.0,3,26.412499999999905,0
835555.0,3,22.934999999999913,0
835805.0,3,25.907499999999885,0
836055.0,3,26.82499999999989,0
836221.0,3,20.582499999999957,0
836471.0,3,25.367499999999918,0
836721.0,3,24.829999999999902,0
836971.0,3,24.974999999999888,0
837221.0,3,27.377499999999884,0
837471.0,3,26.802499999999856,0
837600.0,0,24.844999999999956,1
837850.0,3,26.812499999999876,0
838019.0,3,19.754999999999963,0
838269.0,3,27.234999999999864,0
838519.0,3,26.75249999999989,0
838769.0,3,29.014999999999866,0
838999.0,0,32.67499999999989,1
839249.0,3,29.082499999999868,0
839499.0,3,23.974999999999888,0
839749.0,3,27.967499999999877,0
839994.0,0,35.649999999999885,1
840244.0,3,28.327499999999894,0
840460.0,2,29.264999999999922,1
840710.0,3,27.002499999999884,0
840960.0,3,27.18999999999986,0
841210.0,3,27.47249999999986,0
841460.0,3,28.947499999999867,0
841710.0,3,26.569999999999887,0
841923.0,1,30.934999999999917,1
842168.0,1,31.92499999999989,1
842418.0,3,25.68499999999989,0
842668.0,3,28.92999999999989,0
842918.0,3,25.379999999999885,0
843151.0,1,33.434999999999896,1
843401.0,3,27.499999999999865,0
843651.0,3,28.717499999999884,0
843901.0,3,26.09249999999989,0
844151.0,3,25.672499999999882,0
844401.0,3,25.737499999999876,0
844651.0,3,19.394999999999936,0
844706.0,3,7.957499999999992,0
844893.0,1,27.634999999999938,1
845014.0,0,23.859999999999978,1
845264.0,3,24.317499999999896,0
845514.0,3,29.517499999999878,0
845680.0,0,28.98999999999993,1
845859.0,2,28.49499999999993,1
846028.0,1,27.48999999999993,1
846138.0,0,22.874999999999964,1
846388.0,3,28.72499999999986,0
846492.0,0,23.67999999999997,1
846670.0,3,22.572499999999938,0
846870.0,1,31.264999999999915,1
847120.0,3,28.18999999999987,0
847256.0,3,17.419999999999963,0
847437.0,1,27.434999999999956,1
847687.0,3,26.189999999999912,0
847849.0,0,27.97499999999994,1
848053.0,1,30.474999999999927,1
848299.0,3,25.4699999999999,0
848549.0,3,21.33999999999991,0
848799.0,3,27.189999999999888,0
849049.0,3,26.09249999999989,0
849299.0,3,29.569999999999887,0
849549.0,3,23.03999999999992,0
849774.0,0,33.14999999999988,1
849948.0,3,20.94749999999995,0
850068.0,0,24.529999999999973,1
850318.0,3,28.53499999999987,0
850568.0,3,27.29499999999987,0
850818.0,3,26.4749999999999,0
851068.0,3,27.304999999999893,0
851212.0,0,26.719999999999963,1
851462.0,3,28.512499999999896,0
851588.0,0,23.79999999999999,1
851838.0,3,29.23999999999989,0
852051.0,2,26.70999999999995,1
852301.0,3,27.0774999999999,0
852551.0,3,30.617499999999847,0
852801.0,3,29.122499999999853,0
853051.0,3,23.419999999999906,0
853301.0,3,28.42999999999985,0
853551.0,3,28.13249999999988,0
853733.0,2,27.429999999999932,1
853983.0,3,25.93749999999991,0
854140.0,1,27.50999999999994,1
854390.0,3,31.464999999999883,0
854602.0,3,25.2774999999999,0
854852.0,3,29.267499999999846,0
855102.0,3,31.44749999999984,0
855352.0,3,26.63749999999991,0
855503.0,1,24.45499999999996,1
855753.0,3,30.239999999999892,0
855992.0,1,31.499999999999897,1
856242.0,3,29.827499999999855,0
856437.0,1,30.11499999999993,1
856687.0,3,27.874999999999886,0
856937.0,3,29.079999999999878,0
857187.0,3,25.117499999999893,0
857300.0,0,23.64999999999998,1
857495.0,1,30.294999999999952,1
857745.0,3,28.354999999999876,0
857995.0,3,27.552499999999878,0
858142.0,0,26.48499999999995,1
858392.0,3,27.934999999999867,0
858577.0,1,29.629999999999935,1
858704.0,0,25.039999999999978,1
858842.0,0,26.084999999999976,1
858950.0,3,15.614999999999993,0
859200.0,3,27.252499999999888,0
859355.0,0,28.10499999999995,1
859501.0,0,25.31999999999995,1
859651.0,0,26.00999999999995,1
859901.0,3,29.232499999999863,0
860091.0,3,23.584999999999933,0
860341.0,3,28.37499999999985,0
860591.0,3,27.779999999999877,0
860841.0,3,26.432499999999884,0
861091.0,3,30.41749999999989,0
861290.0,0,29.989999999999917,1
861529.0,1,35.189999999999856,1
861779.0,3,27.84499999999986,0
862029.0,3,26.414999999999893,0
862279.0,3,18.344999999999967,0
862529.0,3,27.38999999999988,0
862779.0,3,26.904999999999887,0
862892.0,0,24.19499999999997,1
863142.0,3,29.797499999999896,0
863272.0,0,25.91999999999998,1
863522.0,3,26.397499999999884,0
863648.0,3,14.022499999999983,0
863898.0,3,25.134999999999895,0
864036.0,0,24.50499999999997,1
864286.0,3,27.719999999999892,0
864519.0,0,33.88499999999989,1
864769.0,3,24.347499999999915,0
864904.0,0,26.949999999999967,1
865082.0,0,29.30999999999993,1
865332.0,3,26.397499999999916,0
865582.0,3,26.43749999999988,0
865749.0,0,27.22499999999994,1
865954.0,1,30.38999999999993,1
866202.0,1,34.56999999999988,1
866422.0,1,30.17499999999993,1
866672.0,3,31.239999999999846,0
866833.0,0,27.42999999999995,1
866984.0,1,26.054999999999936,1
867156.0,1,27.744999999999962,1
867406.0,3,28.989999999999835,0
867656.0,3,27.927499999999853,0
867906.0,3,27.794999999999884,0
868156.0,3,28.08749999999986,0
868369.0,1,32.214999999999925,1
868619.0,3,31.739999999999824,0
868788.0,1,25.879999999999953,1
868897.0,0,23.814999999999987,1
869147.0,3,29.08749999999988,0
869397.0,3,25.71249999999987,0
869599.0,2,28.179999999999925,1
869726.0,0,24.009999999999984,1
869976.0,3,29.494999999999884,0
870088.0,0,22.804999999999975,1
870338.0,3,30.937499999999858,0
870588.0,3,26.862499999999894,0
870838.0,3,27.794999999999916,0
871088.0,3,24.944999999999894,0
871338.0,3,29.75249999999985,0
871580.0,0,34.919999999999895,1
871830.0,3,28.099999999999916,0
871976.0,0,25.64499999999996,1
872226.0,3,29.49999999999986,0
872476.0,3,28.20999999999986,0
872726.0,3,31.242499999999882,0
872976.0,3,29.844999999999914,0
873226.0,3,28.792499999999862,0
873476.0,3,26.29749999999988,0
873616.0,1,22.794999999999987,1
873810.0,3,23.612499999999923,0
873880.0,3,10.024999999999993,0
874130.0,3,29.37249999999985,0
874380.0,3,30.14249999999987,0
874511.0,0,24.949999999999953,1
874600.0,3,13.122499999999983,0
874850.0,3,25.9774999999999,0
875100.0,3,29.85749999999985,0
875350.0,3,25.467499999999898,0
875471.0,0,25.689999999999955,1
875721.0,3,27.25499999999985,0
875971.0,3,29.25749999999985,0
876136.0,0,29.64499999999992,1
876386.0,3,30.582499999999914,0
876636.0,3,31.392499999999846,0
876886.0,3,28.497499999999864,0
877070.0,0,29.739999999999917,1
877320.0,3,29.607499999999884,0
877516.0,1,25.88999999999995,1
877766.0,3,28.12249999999988,0
877885.0,3,15.324999999999992,0
878051.0,0,28.224999999999923,1
878301.0,3,27.274999999999867,0
878481.0,1,25.519999999999968,1
878731.0,3,27.002499999999902,0
878952.0,1,29.6349999999999,1
879021.0,3,9.179999999999986,0
879271.0,3,27.767499999999895,0
879521.0,3,25.23749999999989,0
879771.0,3,23.402499999999907,0
879909.0,0,24.969999999999985,1
880159.0,3,29.88499999999986,0
880409.0,3,27.3099999999999,0
880659.0,3,28.91499999999988,0
880909.0,3,27.97249999999989,0
881159.0,3,25.16749999999985,0
881342.0,1,28.594999999999956,1
881592.0,3,28.747499999999874,0
881740.0,1,26.709999999999958,1
881990.0,3,27.869999999999877,0
882240.0,3,29.949999999999903,0
882418.0,1,27.309999999999935,1
882668.0,3,31.064999999999866,0
882918.0,3,29.47499999999986,0
883113.0,0,30.944999999999915,1
883363.0,3,23.249999999999886,0
883613.0,3,28.03499999999985,0
883863.0,3,31.21999999999986,0
884108.0,1,35.709999999999866,1
884267.0,1,27.469999999999942,1
884517.0,3,28.409999999999872,0
884724.0,1,31.09499999999995,1
884947.0,0,32.759999999999906,1
885168.0,3,25.462499999999924,0
885418.0,0,36.384999999999856,1
885621.0,0,31.624999999999922,1
885800.0,0,29.22999999999995,1
886050.0,3,31.47749999999989,0
886300.0,3,29.694999999999848,0
886550.0,3,30.64249999999989,0
886800.0,3,31.849999999999877,0
886874.0,3,10.520000000000007,0
887016.0,3,20.48499999999996,0
887266.0,3,28.15749999999989,0
887516.0,3,28.304999999999893,0
887766.0,3,29.997499999999853,0
888016.0,3,30.269999999999893,0
888251.0,1,31.514999999999898,1
888501.0,3,29.25249999999987,0
888751.0,3,30.18499999999988,0
889001.0,3,29.864999999999828,0
889211.0,1,30.7949999999999,1
889419.0,1,29.74499999999995,1
889555.0,1,23.594999999999956,1
889797.0,1,33.57999999999989,1
890018.0,1,28.259999999999906,1
890150.0,3,19.52999999999997,0
890400.0,2,27.27249999999985,0
890650.0,3,27.612499999999883,0
890900.0,3,25.962499999999878,0
891046.0,1,25.23999999999999,1
891250.0,1,31.084999999999937,1
891500.0,3,29.05249999999987,0
891716.0,1,32.63499999999993,1
891966.0,3,31.469999999999857,0
892144.0,1,27.32999999999994,1
892394.0,3,27.33749999999987,0
892644.0,3,25.1349999999999,0
892836.0,0,28.584999999999926,1
893036.0,1,28.424999999999944,1
893286.0,3,28.209999999999877,0
893487.0,0,29.569999999999936,1
893737.0,3,27.47749999999984,0
893987.0,3,26.29999999999987,0
894237.0,3,27.707499999999882,0
894389.0,0,26.82999999999995,1
894593.0,1,29.109999999999946,1
894843.0,3,29.48499999999989,0
895093.0,3,28.534999999999897,0
895335.0,3,26.159999999999872,0
895543.0,1,28.83999999999992,1
895793.0,3,27.827499999999873,0
896043.0,3,27.574999999999875,0
896293.0,3,28.732499999999852,0
896543.0,3,29.92999999999987,0
896724.0,0,30.459999999999916,1
896974.0,3,28.684999999999878,0
897224.0,3,25.624999999999876,0
897474.0,3,25.794999999999867,0
897724.0,3,28.712499999999856,0
897974.0,3,31.592499999999855,0
898172.0,3,24.357499999999913,0
898422.0,3,28.57499999999989,0
898672.0,3,28.444999999999908,0
898872.0,1,29.41999999999994,1
899122.0,3,27.434999999999892,0
899372.0,3,26.389999999999887,0
899622.0,3,25.909999999999883,0
899872.0,3,28.642499999999885,0
900122.0,3,26.43999999999988,0
900372.0,3,27.232499999999884,0
900607.0,3,27.182499999999862,0
900857.0,3,30.58249999999992,0
901107.0,3,26.97749999999987,0
901275.0,2,24.799999999999955,1
901525.0,3,28.33749999999987,0
901775.0,3,27.667499999999887,0
902025.0,3,26.962499999999885,0
902271.0,1,32.06999999999992,1
902405.0,3,19.16249999999995,0
902642.0,1,30.809999999999903,1
902892.0,3,26.85749999999988,0
903142.0,3,28.297499999999886,0
903369.0,3,25.11249999999989,0
903619.0,3,27.114999999999895,0
903869.0,3,23.272499999999916,0
904119.0,3,27.752499999999888,0
904369.0,3,28.669999999999867,0
904619.0,3,30.98499999999988,0
904869.0,3,29.43499999999986,0
905017.0,3,17.894999999999946,0
905267.0,3,27.504999999999885,0
905517.0,3,26.809999999999913,0
905767.0,3,27.782499999999903,0
906017.0,3,25.707499999999886,0
906267.0,3,29.612499999999887,0
906513.0,3,27.28999999999988,0
906763.0,3,27.317499999999857,0
907013.0,3,23.934999999999928,0
907263.0,3,29.10749999999989,0
907498.0,1,30.694999999999915,1
907748.0,3,30.41749999999987,0
907998.0,3,27.78249999999986,0
908164.0,3,18.912499999999945,0
908414.0,3,26.714999999999876,0
908664.0,3,25.57499999999991,0
908914.0,3,25.927499999999863,0
909164.0,3,29.63499999999991,0
909414.0,3,26.53749999999989,0
909664.0,3,25.559999999999857,0
909914.0,3,27.884999999999895,0
910164.0,3,26.057499999999873,0
910414.0,3,25.722499999999908,0
910664.0,3,22.059999999999896,0
910773.0,3,16.749999999999986,0
911023.0,3,31.624999999999872,0
911273.0,3,27.654999999999852,0
911523.0,3,29.44499999999984,0
911773.0,3,28.394999999999854,0
911989.0,3,23.58999999999993,0
912239.0,3,30.41249999999992,0
912379.0,3,17.822499999999955,0
912629.0,3,29.67999999999986,0
912879.0,3,26.459999999999894,0
913095.0,0,34.14499999999998,1
913345.0,3,32.249999999999865,0
913595.0,3,28.467499999999866,0
913799.0,0,32.42999999999989,1
914049.0,3,29.049999999999862,0
914299.0,3,28.422499999999864,0
914549.0,3,29.60999999999987,0
914789.0,1,33.534999999999904,1
915039.0,3,30.4199999999999,0
915289.0,3,27.172499999999907,0
915539.0,3,29.642499999999888,0
915789.0,3,30.02249999999988,0
916039.0,3,28.60749999999988,0
916289.0,3,24.27749999999991,0
916539.0,3,28.1849999999999,0
916789.0,3,28.132499999999872,0
917039.0,3,25.719999999999875,0
917289.0,3,28.37249999999988,0
917539.0,3,25.02249999999989,0
917789.0,3,26.247499999999864,0
918039.0,3,29.427499999999878,0
918289.0,3,25.882499999999872,0
918408.0,3,17.877499999999973,0
918658.0,3,29.084999999999873,0
918859.0,3,23.904999999999905,0
919109.0,3,28.404999999999887,0
919359.0,3,31.87749999999988,0
919609.0,3,26.669999999999863,0
919859.0,3,25.639999999999876,0
920109.0,3,32.36249999999988,0
920359.0,3,28.75999999999985,0
920609.0,3,29.699999999999857,0
920792.0,0,31.514999999999915,1
921002.0,0,30.209999999999916,1
921184.0,1,29.48499999999992,1
921434.0,3,27.219999999999864,0
921684.0,3,26.23249999999988,0
921898.0,3,23.322499999999938,0
922100.0,1,29.51999999999994,1
922350.0,3,28.159999999999847,0
922600.0,3,28.372499999999878,0
922773.0,1,26.84999999999993,1
922960.0,1,29.97999999999992,1
923210.0,3,27.197499999999856,0
923280.0,3,11.09749999999998,0
923530.0,3,31.099999999999827,0
923780.0,3,27.06249999999987,0
924030.0,3,29.682499999999816,0
924180.0,0,27.599999999999945,1
924430.0,3,27.959999999999873,0
924645.0,1,28.06999999999994,1
924895.0,3,29.62499999999984,0
925145.0,3,27.40999999999988,0
925395.0,3,29.449999999999875,0
925645.0,3,30.374999999999904,0
925846.0,0,29.814999999999905,1
926096.0,3,31.96999999999992,0
926346.0,3,30.854999999999833,0
926596.0,3,30.83499999999984,0
926846.0,3,28.812499999999883,0
926941.0,3,13.914999999999992,0
927191.0,3,30.26499999999992,0
927315.0,1,23.384999999999973,1
927565.0,3,29.449999999999896,0
927779.0,0,33.2199999999999,1
928029.0,3,27.682499999999852,0
928279.0,3,28.399999999999842,0
928466.0,0,29.609999999999914,1
928716.0,3,29.699999999999854,0
928966.0,3,28.504999999999843,0
929216.0,3,29.017499999999888,0
929466.0,3,27.357499999999874,0
929716.0,3,31.662499999999895,0
929877.0,1,24.579999999999952,1
930127.0,3,28.659999999999837,0
930181.0,3,7.227499999999997,0
930431.0,3,29.209999999999866,0
930681.0,3,31.72249999999983,0
930928.0,0,33.864999999999874,1
931178.0,3,31.929999999999833,0
931428.0,3,30.31749999999984,0
931631.0,0,32.694999999999915,1
931881.0,3,29.78999999999989,0
932131.0,3,32.41249999999989,0
932352.0,0,34.44499999999991,1
932602.0,3,28.29499999999985,0
932852.0,3,25.467499999999873,0
933102.0,3,31.599999999999845,0
933352.0,3,29.892499999999856,0
933602.0,3,30.254999999999868,0
933852.0,3,28.054999999999875,0
934021.0,3,19.029999999999934,0
934271.0,3,26.08249999999989,0
934521.0,3,31.02999999999993,0
934771.0,3,21.864999999999913,0
935021.0,3,32.77249999999988,0
935271.0,3,28.00499999999985,0
935521.0,3,27.062499999999872,0
935771.0,3,28.319999999999883,0
936021.0,3,29.25249999999988,0
936271.0,3,29.524999999999853,0
936521.0,3,31.024999999999938,0
936771.0,3,32.6424999999999,0
937021.0,3,26.869999999999862,0
937271.0,3,33.49499999999997,0
937521.0,3,30.38999999999989,0
937755.0,0,32.619999999999926,1
938005.0,3,28.91999999999986,0
938255.0,3,30.82249999999985,0
938497.0,2,30.16499999999989,1
938747.0,3,29.744999999999877,0
938887.0,3,20.287499999999945,0
939137.0,3,31.097499999999886,0
939387.0,3,24.924999999999923,0
939637.0,3,31.017499999999934,0
939887.0,3,31.05999999999988,0
940137.0,3,27.03499999999986,0
940219.0,3,13.732499999999986,0
940451.0,1,31.1649999999999,1
940701.0,3,28.449999999999868,0
940951.0,3,31.999999999999883,0
941201.0,3,27.47999999999988,0
941451.0,3,27.29749999999988,0
941701.0,3,29.27749999999984,0
941951.0,3,29.399999999999856,0
942201.0,3,31.139999999999926,0
942451.0,3,30.867499999999936,0
942701.0,3,31.317499999999853,0
942951.0,3,29.624999999999847,0
943201.0,3,29.692499999999836,0
943451.0,3,26.81999999999988,0
943701.0,3,29.194999999999858,0
943951.0,3,30.542499999999894,0
944201.0,3,32.00749999999993,0
944451.0,3,31.33499999999985,0
944701.0,3,31.9324999999999,0
944951.0,3,30.83249999999989,0
945201.0,3,31.114999999999906,0
945451.0,3,32.26749999999989,0
945701.0,3,29.24999999999986,0
945951.0,3,30.274999999999885,0
946201.0,3,28.80499999999989,0
946451.0,3,30.347499999999865,0
946701.0,3,31.892499999999984,0
946951.0,3,26.072499999999888,0
947032.0,3,13.479999999999979,0
947282.0,3,32.01749999999994,0
947532.0,3,30.457499999999897,0
947782.0,3,24.94249999999991,0
948032.0,3,27.43749999999989,0
948282.0,3,22.849999999999902,0
948532.0,3,26.714999999999854,0
948782.0,3,28.432499999999852,0
949032.0,3,26.924999999999887,0
949282.0,3,33.0724999999999,0
949532.0,3,26.82499999999989,0
949782.0,3,32.48499999999988,0
950032.0,3,25.362499999999883,0
950282.0,3,26.692499999999892,0
950532.0,3,31.232499999999852,0
950782.0,3,30.56499999999987,0
951032.0,3,26.989999999999878,0
951282.0,3,28.18749999999991,0
951364.0,3,13.812500000000002,0
951614.0,3,27.699999999999864,0
951841.0,1,30.984999999999932,1
952091.0,3,26.019999999999886,0
952341.0,3,28.73249999999984,0
952591.0,3,27.464999999999876,0
952841.0,3,31.709999999999845,0
953091.0,3,27.854999999999883,0
953341.0,3,26.494999999999887,0
953591.0,3,28.167499999999855,0
953841.0,3,26.112499999999876,0
954091.0,3,29.087499999999864,0
954341.0,3,30.15749999999985,0
954494.0,3,20.46749999999997,0
954744.0,3,26.004999999999896,0
954994.0,3,28.252499999999888,0
955244.0,3,25.974999999999902,0
955494.0,3,29.614999999999853,0
955744.0,3,27.594999999999875,0
955975.0,1,31.7799999999999,1
956225.0,3,28.072499999999867,0
956332.0,1,21.75499999999998,1
956506.0,3,18.82749999999995,0
956609.0,3,14.227499999999964,0
956791.0,1,28.25499999999993,1
957041.0,3,29.29749999999986,0
957291.0,3,26.294999999999884,0
957541.0,3,30.08999999999987,0
957791.0,3,31.559999999999906,0
958041.0,3,30.847499999999854,0
958291.0,3,24.207499999999886,0
958481.0,3,22.544999999999927,0
958640.0,1,27.90999999999994,1
958890.0,3,29.61999999999984,0
959140.0,3,27.03249999999987,0
959390.0,3,27.997499999999857,0
959640.0,3,30.304999999999907,0
959890.0,3,30.724999999999913,0
960140.0,3,32.147499999999866,0
960390.0,3,30.412499999999852,0
960640.0,3,28.609999999999943,0
960890.0,3,29.699999999999875,0
961140.0,3,28.634999999999867,0
961390.0,3,30.239999999999842,0
961640.0,3,28.08499999999989,0
961890.0,3,31.4949999999999,0
962140.0,3,30.469999999999857,0
962390.0,3,29.059999999999878,0
962640.0,3,29.057499999999873,0
962890.0,3,27.009999999999856,0
963043.0,3,19.652499999999954,0
963293.0,3,29.682499999999887,0
963543.0,3,28.429999999999865,0
963793.0,3,32.242499999999886,0
964043.0,3,31.202499999999876,0
964293.0,3,27.977499999999875,0
964543.0,3,32.087499999999906,0
964793.0,3,30.762499999999893,0
965043.0,3,29.609999999999843,0
965293.0,3,27.74249999999987,0
965543.0,3,27.912499999999877,0
965793.0,3,30.142499999999842,0
966043.0,3,27.29749999999987,0
966182.0,3,16.970000000000006,0
966428.0,1,32.87499999999989,1
966678.0,3,31.964999999999883,0
966928.0,3,27.67999999999987,0
967178.0,3,26.164999999999868,0
967417.0,3,28.79999999999985,0
967667.0,3,27.629999999999878,0
967917.0,3,29.257499999999876,0
968167.0,3,23.627499999999916,0
968417.0,3,29.414999999999846,0
968638.0,1,27.80999999999992,1
968888.0,3,26.78499999999988,0
969120.0,3,23.532499999999885,0
969370.0,3,23.60249999999989,0
969620.0,3,28.267499999999856,0
969676.0,3,8.172499999999996,0
969926.0,3,28.377499999999866,0
970176.0,3,27.594999999999857,0
970323.0,0,26.95499999999994,1
970563.0,0,32.58999999999989,1
970813.0,3,29.164999999999846,0
971063.0,3,29.009999999999867,0
971283.0,3,23.274999999999892,0
971533.0,3,31.604999999999855,0
971783.0,3,25.89749999999988,0
972033.0,3,31.629999999999914,0
972283.0,3,21.63249999999992,0
972533.0,3,22.992499999999946,0
972733.0,0,30.469999999999928,1
972983.0,3,23.889999999999908,0
973233.0,3,27.077499999999894,0
973483.0,3,32.29249999999989,0
973733.0,3,31.664999999999885,0
973983.0,3,32.424999999999905,0
974233.0,3,29.794999999999874,0
974455.0,1,31.61999999999991,1
974705.0,3,31.74749999999989,0
974955.0,3,29.14999999999987,0
975205.0,3,30.129999999999903,0
975424.0,1,31.469999999999906,1
975674.0,3,29.064999999999866,0
975924.0,3,29.059999999999867,0
976174.0,3,29.45999999999984,0
976366.0,0,33.139999999999894,1
976616.0,3,29.159999999999854,0
976866.0,3,28.942499999999875,0
977116.0,3,28.70749999999987,0
977366.0,3,29.337499999999903,0
977616.0,3,29.294999999999884,0
977793.0,3,19.767499999999945,0
978041.0,0,35.47499999999987,1
978291.0,3,28.069999999999883,0
978530.0,1,31.764999999999908,1
978780.0,3,29.23499999999989,0
979030.0,3,21.059999999999917,0
979280.0,3,29.31499999999985,0
979530.0,3,28.83999999999986,0
979729.0,3,25.884999999999856,0
979979.0,3,28.532499999999864,0
980229.0,3,27.80249999999985,0
980479.0,3,25.362499999999883,0
980729.0,3,28.444999999999894,0
980979.0,3,30.827499999999933,0
981229.0,3,28.227499999999846,0
981479.0,3,29.152499999999876,0
981531.0,3,6.662499999999999,0
981781.0,3,20.752499999999987,0
982031.0,3,29.764999999999933,0
982281.0,3,24.904999999999898,0
982516.0,1,33.28999999999989,1
982766.0,3,28.43499999999988,0
983016.0,3,27.704999999999902,0
983266.0,3,25.492499999999904,0
983516.0,3,28.06749999999987,0
983766.0,3,30.732499999999934,0
984016.0,3,27.814999999999895,0
984266.0,3,31.824999999999854,0
984516.0,3,28.682499999999862,0
984766.0,3,32.07999999999989,0
985016.0,3,22.90999999999989,0
985266.0,3,25.699999999999896,0
985516.0,3,29.174999999999823,0
985600.0,3,13.789999999999992,0
985850.0,3,30.544999999999874,0
986100.0,3,27.297499999999868,0
986350.0,3,30.242499999999854,0
986600.0,3,31.117499999999907,0
986810.0,0,29.894999999999904,1
987060.0,3,28.87999999999984,0
987310.0,3,32.20749999999995,0
987548.0,1,32.119999999999926,1
987798.0,3,29.414999999999903,0
988048.0,3,30.65249999999985,0
988298.0,3,28.119999999999862,0
988548.0,3,25.872499999999878,0
988798.0,3,25.072499999999902,0
989048.0,3,30.94749999999987,0
989298.0,3,25.312499999999908,0
989548.0,3,29.19249999999989,0
989798.0,3,27.93499999999986,0
990048.0,3,29.28999999999984,0
990298.0,3,30.189999999999856,0
990548.0,3,28.277499999999836,0
990798.0,3,29.56499999999989,0
990898.0,3,12.439999999999987,0
991148.0,3,30.422499999999914,0
991398.0,3,29.49249999999991,0
991648.0,3,28.81499999999991,0
991898.0,3,27.81999999999987,0
992148.0,3,30.48999999999987,0
992398.0,3,29.704999999999878,0
992648.0,3,29.829999999999853,0
992898.0,3,29.574999999999918,0
993148.0,3,26.23499999999987,0
993398.0,3,31.724999999999888,0
993532.0,0,25.659999999999943,1
993782.0,3,28.094999999999846,0
993966.0,0,30.11499999999991,1
994216.0,3,29.18999999999985,0
994466.0,3,27.6249999999999,0
994608.0,0,25.964999999999957,1
994778.0,1,25.824999999999935,1
994941.0,0,27.784999999999926,1
995191.0,3,26.919999999999913,0
995441.0,3,31.449999999999825,0
995691.0,3,30.107499999999877,0
995941.0,3,27.9899999999999,0
996191.0,3,28.109999999999886,0
996441.0,3,28.44499999999988,0
996691.0,3,26.384999999999856,0
996941.0,3,30.072499999999888,0
997191.0,3,30.22999999999986,0
997441.0,3,31.412499999999866,0
997681.0,1,30.009999999999934,1
997931.0,3,29.524999999999885,0
998181.0,3,28.89499999999986,0
998332.0,0,28.42999999999992,1
998582.0,3,29.527499999999847,0
998832.0,3,29.294999999999867,0
999058.0,1,31.92999999999992,1
999286.0,1,33.304999999999865,1
999536.0,3,30.752499999999834,0
999786.0,3,27.662499999999888,0
999864.0,3,10.829999999999991,0
1000114.0,3,33.02999999999988,0
1000364.0,3,27.317499999999885,0
1000614.0,3,30.29499999999987,0
1000864.0,3,25.764999999999883,0
1001114.0,3,30.102499999999882,0
1001309.0,0,31.869999999999948,1
1001559.0,3,27.832499999999868,0
1001809.0,3,28.334999999999877,0
1002059.0,3,30.447499999999838,0
1002309.0,3,33.02499999999992,0
1002559.0,3,31.35999999999985,0
1002809.0,3,32.194999999999865,0
1003059.0,3,29.979999999999865,0
1003309.0,3,31.59249999999986,0
1003559.0,3,31.46749999999989,0
1003809.0,3,32.509999999999955,0
1004059.0,3,26.594999999999857,0
1004309.0,3,30.9949999999999,0
1004534.0,1,30.994999999999926,1
1004773.0,0,34.93499999999989,1
1005023.0,3,28.44249999999987,0
1005273.0,3,29.48499999999992,0
1005523.0,3,30.782499999999906,0
1005773.0,3,27.44749999999988,0
1005933.0,0,26.909999999999947,1
1006183.0,3,31.419999999999913,0
1006336.0,0,27.55499999999993,1
1006586.0,3,29.99249999999986,0
1006836.0,3,30.122499999999917,0
1007086.0,3,30.77999999999986,0
1007190.0,3,12.137499999999989,0
1007440.0,3,29.104999999999865,0
1007690.0,3,28.104999999999915,0
1007940.0,3,27.864999999999863,0
1008190.0,3,27.9499999999999,0
1008440.0,3,32.03249999999988,0
1008690.0,3,29.914999999999857,0
1008940.0,3,27.72249999999987,0
1009190.0,3,23.30999999999993,0
1009440.0,3,30.192499999999857,0
1009685.0,3,29.75249999999988,0
1009935.0,3,30.107499999999895,0
1010185.0,3,31.149999999999903,0
1010404.0,1,33.18499999999994,1
1010654.0,3,28.729999999999876,0
1010904.0,3,32.33249999999988,0
1011154.0,3,28.844999999999878,0
1011271.0,1,23.55999999999999,1
1011521.0,3,26.399999999999878,0
1011771.0,3,31.69749999999992,0
1012021.0,3,29.969999999999867,0
1012271.0,3,30.76249999999988,0
1012521.0,3,30.567499999999924,0
1012771.0,3,33.06249999999993,0
1012976.0,0,29.799999999999905,1
1013226.0,3,26.867499999999893,0
1013476.0,3,29.807499999999855,0
1013726.0,3,28.064999999999884,0
1013928.0,0,28.214999999999925,1
1014178.0,3,30.854999999999922,0
1014428.0,3,27.682499999999866,0
1014670.0,1,29.344999999999914,1
1014920.0,3,30.66999999999985,0
1015170.0,3,23.159999999999904,0
1015420.0,3,33.17749999999991,0
1015670.0,3,31.672499999999935,0
1015920.0,3,33.84999999999994,0
1016108.0,3,24.619999999999905,0
1016358.0,3,32.36499999999985,0
1016608.0,3,32.14749999999986,0
1016858.0,3,30.717499999999912,0
1017108.0,3,29.932499999999852,0
1017358.0,3,30.85999999999994,0
1017608.0,3,32.517499999999906,0
1017858.0,3,32.24249999999986,0
1018108.0,3,31.614999999999885,0
1018358.0,3,32.17249999999984,0
1018608.0,3,31.279999999999962,0
1018858.0,3,32.95749999999993,0
1019108.0,3,31.127499999999923,0
1019358.0,3,27.61249999999989,0
1019608.0,3,30.36999999999984,0
1019858.0,3,30.14749999999985,0
1020108.0,3,30.92999999999993,0
1020306.0,3,24.559999999999928,0
1020451.0,0,24.529999999999966,1
1020701.0,3,30.54499999999985,0
1020951.0,3,30.75499999999988,0
1021201.0,3,32.13249999999996,0
1021451.0,3,34.32499999999993,0
1021701.0,3,28.764999999999848,0
1021951.0,3,29.377499999999834,0
1022201.0,3,25.41999999999989,0
1022451.0,3,28.43749999999986,0
1022701.0,3,33.16999999999995,0
1022951.0,3,30.634999999999913,0
1023201.0,3,33.34499999999994,0
1023451.0,3,24.3174999999999,0
1023701.0,3,30.134999999999856,0
1023951.0,3,30.342499999999824,0
1024201.0,3,28.729999999999908,0
1024451.0,3,27.369999999999933,0
1024701.0,3,34.2374999999999,0
1024951.0,3,27.69749999999987,0
1025067.0,3,15.597499999999991,0
1025317.0,3,30.01749999999986,0
1025567.0,3,27.532499999999864,0
1025817.0,3,31.49249999999987,0
1026067.0,3,26.66249999999987,0
1026317.0,3,28.344999999999875,0
1026567.0,3,31.594999999999953,0
1026817.0,3,32.21749999999992,0
1026961.0,0,25.384999999999945,1
1027211.0,3,29.379999999999857,0
1027343.0,0,24.329999999999977,1
1027593.0,3,31.97749999999997,0
1027801.0,0,33.21499999999992,1
1028051.0,3,28.252499999999845,0
1028301.0,3,28.3424999999999,0
1028551.0,3,30.017499999999846,0
1028716.0,1,26.69499999999993,1
1028966.0,3,26.47749999999989,0
1029216.0,3,27.88499999999988,0
1029466.0,3,30.8199999999999,0
1029716.0,3,27.234999999999875,0
1029966.0,3,25.764999999999898,0
1030216.0,3,29.369999999999838,0
1030466.0,3,30.452499999999844,0
1030716.0,3,30.997499999999896,0
1030966.0,3,31.817499999999864,0
1031216.0,3,29.79249999999989,0
1031466.0,3,27.859999999999875,0
1031716.0,3,25.707499999999886,0
1031966.0,3,30.899999999999928,0
1032216.0,3,30.062499999999844,0
1032466.0,3,27.134999999999888,0
1032716.0,3,28.522499999999845,0
1032966.0,3,31.46499999999982,0
1033216.0,3,29.22499999999987,0
1033466.0,3,28.192499999999868,0
1033716.0,3,28.517499999999863,0
1033966.0,3,27.22249999999985,0
1034216.0,3,31.014999999999908,0
1034466.0,3,33.237499999999905,0
1034716.0,3,34.00249999999998,0
1034875.0,3,15.497499999999945,0
1035125.0,3,25.179999999999897,0
1035375.0,3,25.91249999999991,0
1035625.0,3,26.447499999999895,0
1035875.0,3,28.36249999999986,0
1036125.0,3,27.4649999999999,0
1036375.0,3,29.417499999999862,0
1036625.0,3,30.582499999999857,0
1036875.0,3,31.312499999999876,0
1037125.0,3,31.342499999999877,0
1037375.0,3,27.677499999999874,0
1037625.0,3,27.012499999999882,0
1037866.0,1,33.3549999999999,1
1038116.0,3,30.272499999999944,0
1038366.0,3,30.157499999999864,0
1038616.0,3,26.707499999999882,0
1038866.0,3,28.2449999999999,0
1039116.0,3,29.204999999999888,0
1039366.0,3,30.58249999999997,0
1039616.0,3,27.11249999999986,0
1039866.0,3,29.734999999999843,0
1040116.0,3,30.664999999999893,0
1040366.0,3,29.704999999999924,0
1040616.0,3,31.632499999999936,0
1040866.0,3,26.99999999999987,0
1041116.0,3,28.9749999999999,0
1041366.0,3,31.38249999999989,0
1041616.0,3,26.987499999999887,0
1041866.0,3,29.719999999999857,0
1042116.0,3,30.349999999999884,0
1042366.0,3,27.424999999999862,0
1042616.0,3,23.069999999999897,0
1042866.0,3,29.34499999999984,0
1043116.0,3,26.36499999999986,0
1043366.0,3,26.27749999999989,0
1043616.0,3,25.999999999999908,0
1043866.0,3,31.944999999999958,0
1044116.0,3,29.942499999999853,0
1044366.0,3,31.464999999999883,0
1044600.0,1,28.844999999999906,1
1044850.0,3,30.80999999999987,0
1045100.0,3,30.25499999999987,0
1045350.0,3,29.547499999999868,0
1045527.0,0,28.664999999999935,1
1045777.0,3,29.15999999999986,0
1046027.0,3,29.30999999999985,0
1046138.0,1,22.689999999999984,1
1046372.0,3,27.287499999999863,0
1046622.0,3,30.712499999999824,0
1046841.0,1,29.354999999999905,1
1047091.0,3,32.172499999999914,0
1047186.0,3,11.667499999999979,0
1047436.0,3,30.019999999999875,0
1047599.0,3,19.31249999999994,0
1047849.0,3,27.344999999999896,0
1048099.0,3,28.804999999999865,0
1048349.0,3,33.91749999999996,0
1048599.0,3,30.162499999999838,0
1048849.0,3,26.709999999999873,0
1049099.0,3,31.39499999999987,0
1049306.0,0,31.5949999999999,1
1049556.0,3,27.852499999999893,0
1049806.0,3,28.699999999999925,0
1050056.0,3,25.2574999999999,0
1050249.0,0,27.37499999999993,1
1050499.0,3,30.572499999999895,0
1050749.0,3,30.897499999999894,0
1050916.0,0,27.904999999999923,1
1051014.0,3,13.65749999999999,0
1051099.0,3,11.929999999999998,0
1051241.0,0,26.204999999999952,1
1051491.0,3,27.94749999999988,0
1051741.0,3,27.607499999999877,0
1051991.0,3,32.972499999999854,0
1052241.0,3,31.102499999999885,0
1052491.0,3,32.52749999999989,0
1052654.0,3,22.034999999999904,0
1052904.0,3,28.70499999999986,0
1053154.0,3,30.599999999999895,0
1053404.0,3,32.454999999999835,0
1053654.0,3,29.449999999999857,0
1053763.0,0,22.484999999999985,1
1054013.0,3,32.15499999999991,0
1054263.0,3,29.18499999999986,0
1054513.0,3,29.96249999999985,0
1054733.0,3,24.954999999999906,0
1054897.0,0,29.10999999999992,1
1055057.0,0,26.68499999999995,1
1055307.0,3,27.559999999999874,0
1055507.0,0,31.059999999999892,1
1055757.0,3,31.734999999999925,0
1056007.0,3,29.014999999999837,0
1056257.0,3,32.657499999999914,0
1056507.0,3,29.60999999999987,0
1056757.0,3,25.0374999999999,0
1057007.0,3,29.397499999999873,0
1057257.0,3,29.86249999999983,0
1057503.0,0,31.90999999999988,1
1057753.0,3,27.484999999999882,0
1058003.0,3,28.222499999999858,0
1058253.0,3,28.879999999999864,0
1058431.0,3,22.67749999999993,0
1058681.0,3,29.437499999999833,0
1058931.0,3,32.23749999999985,0
1059181.0,3,23.652499999999918,0
1059431.0,3,32.654999999999944,0
1059681.0,3,32.08999999999996,0
1059931.0,3,29.899999999999867,0
1060181.0,3,28.924999999999873,0
1060294.0,0,23.529999999999973,1
1060544.0,3,32.21499999999998,0
1060794.0,3,28.44249999999986,0
1061044.0,3,30.19249999999983,0
1061294.0,3,28.734999999999864,0
1061544.0,3,33.34249999999995,0
1061794.0,3,25.899999999999874,0
1062044.0,3,28.217499999999895,0
1062294.0,3,31.092499999999884,0
1062544.0,3,29.072499999999845,0
1062794.0,3,32.49999999999994,0
1063044.0,3,31.379999999999864,0
1063294.0,3,30.687499999999837,0
1063544.0,3,32.17249999999993,0
1063794.0,3,32.517499999999885,0
1063946.0,0,26.104999999999947,1
1064161.0,0,32.83499999999988,1
1064411.0,3,25.754999999999868,0
1064571.0,1,27.254999999999924,1
1064821.0,3,32.002499999999884,0
1065071.0,3,26.339999999999886,0
1065244.0,3,23.202499999999926,0
1065494.0,3,30.562499999999883,0
1065744.0,3,31.117499999999897,0
1065994.0,3,31.962499999999913,0
1066244.0,3,31.44499999999987,0
1066470.0,0,34.30999999999988,1
1066720.0,3,33.14999999999993,0
1066872.0,0,28.504999999999928,1
1067122.0,3,32.41249999999989,0
1067372.0,3,28.39499999999985,0
1067595.0,0,31.709999999999887,1
1067845.0,3,28.312499999999872,0
1068095.0,3,31.479999999999848,0
1068345.0,3,29.329999999999846,0
1068595.0,3,30.099999999999945,0
1068699.0,3,12.122499999999985,0
1068949.0,3,28.139999999999866,0
1069199.0,3,31.627499999999934,0
1069418.0,1,31.734999999999914,1
1069668.0,3,30.854999999999926,0
1069813.0,0,26.844999999999942,1
1070063.0,3,27.042499999999883,0
1070313.0,3,27.569999999999872,0
1070563.0,3,29.202499999999844,0
1070704.0,0,25.22499999999994,1
1070954.0,3,29.097499999999886,0
1071204.0,3,26.51749999999989,0
1071454.0,3,29.034999999999876,0
1071686.0,3,27.09499999999989,0
1071936.0,3,28.874999999999844,0
1072186.0,3,30.114999999999853,0
1072436.0,3,0.0,0
1072686.0,3,30.869999999999852,0
1072936.0,3,30.64999999999987,0
1073065.0,0,24.814999999999955,1
1073233.0,0,26.95999999999995,1
1073483.0,3,26.74999999999987,0
1073733.0,3,31.569999999999872,0
1073944.0,3,25.35249999999988,0
1074194.0,3,28.662499999999845,0
1074444.0,3,29.322499999999863,0
1074678.0,1,32.72499999999988,1
1074928.0,3,29.18499999999986,0
1075178.0,3,27.437499999999915,0
1075428.0,3,32.04249999999986,0
1075582.0,0,26.13499999999994,1
1075832.0,3,27.637499999999857,0
1075976.0,1,25.669999999999945,1
1076226.0,3,28.289999999999885,0
1076414.0,0,28.759999999999927,1
1076664.0,3,22.524999999999913,0
1076914.0,3,25.979999999999873,0
1077164.0,3,28.067499999999853,0
1077414.0,3,29.994999999999877,0
1077664.0,3,27.53749999999987,0
1077914.0,3,31.269999999999833,0
1078164.0,3,30.652499999999815,0
1078414.0,3,29.404999999999855,0
1078610.0,1,29.314999999999905,1
1078860.0,3,28.802499999999842,0
1079110.0,3,28.94999999999986,0
1079360.0,3,27.53249999999987,0
1079562.0,3,25.3324999999999,0
1079812.0,3,29.499999999999847,0
1080062.0,3,30.59749999999985,0
1080312.0,3,28.642499999999853,0
1080562.0,3,26.35499999999988,0
1080812.0,3,29.65249999999988,0
1081062.0,3,31.78499999999986,0
1081312.0,3,27.13999999999989,0
1081562.0,3,29.27249999999985,0
1081812.0,3,31.712499999999938,0
1081988.0,3,20.039999999999964,0
1082238.0,3,28.74749999999988,0
1082488.0,3,25.59999999999989,0
1082738.0,3,32.07999999999984,0
1082988.0,3,31.47999999999988,0
1083238.0,3,27.339999999999865,0
1083488.0,3,26.73249999999988,0
1083725.0,2,30.164999999999914,1
1083872.0,0,26.14999999999995,1
1084122.0,3,32.36749999999992,0
1084372.0,3,27.164999999999903,0
1084622.0,3,21.699999999999925,0
1084872.0,3,25.512499999999886,0
1085122.0,3,24.884999999999877,0
1085372.0,3,25.732499999999888,0
1085622.0,3,25.579999999999895,0
1085872.0,3,24.527499999999886,0
1086122.0,3,25.709999999999877,0
1086301.0,3,22.349999999999916,0
1086469.0,0,26.889999999999944,1
1086719.0,3,25.089999999999904,0
1086969.0,3,29.08249999999989,0
1087219.0,3,27.167499999999894,0
1087469.0,3,26.467499999999855,0
1087719.0,3,27.52749999999989,0
1087882.0,1,23.714999999999968,1
1088132.0,3,22.439999999999916,0
1088382.0,3,22.85249999999992,0
1088632.0,3,26.38999999999992,0
1088882.0,3,22.864999999999924,0
1089132.0,3,24.494999999999887,0
1089382.0,3,26.349999999999884,0
1089632.0,3,22.78749999999992,0
1089759.0,3,18.209999999999965,0
1090009.0,3,25.7124999999999,0
1090240.0,3,25.282499999999903,0
1090490.0,3,29.222499999999847,0
1090740.0,3,29.514999999999855,0
1090990.0,3,29.21249999999987,0
1091240.0,3,30.864999999999878,0
1091490.0,3,30.41749999999985,0
1091740.0,3,31.867499999999897,0
1091990.0,3,27.739999999999878,0
1092217.0,3,26.399999999999896,0
1092467.0,3,26.969999999999878,0
1092717.0,3,25.809999999999874,0
1092967.0,3,29.72249999999989,0
1093217.0,3,31.662499999999845,0
1093433.0,0,34.26499999999993,1
1093683.0,3,30.51249999999989,0
1093933.0,3,28.444999999999858,0
1094183.0,3,31.997499999999878,0
1094393.0,3,22.809999999999945,0
1094643.0,3,30.352499999999843,0
1094893.0,3,28.94499999999987,0
1095143.0,3,31.694999999999894,0
1095393.0,3,29.982499999999913,0
1095610.0,0,29.974999999999895,1
1095860.0,3,29.567499999999885,0
1096110.0,3,27.124999999999904,0
1096360.0,3,32.87999999999993,0
1096460.0,0,21.28499999999999,1
1096690.0,1,34.534999999999926,1
1096934.0,1,35.114999999999874,1
1097184.0,3,31.61249999999984,0
1097339.0,0,28.164999999999928,1
1097589.0,3,33.85749999999992,0
1097839.0,3,31.44249999999988,0
1098089.0,3,26.52249999999988,0
1098288.0,3,25.927499999999863,0
1098538.0,3,31.827499999999922,0
1098788.0,3,29.54499999999988,0
1099038.0,3,31.009999999999927,0
1099288.0,3,33.812499999999886,0
1099538.0,3,30.48499999999988,0
1099788.0,3,33.334999999999916,0
1100038.0,3,25.817499999999914,0
1100288.0,3,26.054999999999897,0
1100538.0,3,34.02749999999997,0
1100788.0,3,32.849999999999945,0
1101038.0,3,30.872499999999878,0
1101288.0,3,29.41499999999985,0
1101538.0,3,29.07749999999985,0
1101788.0,3,28.882499999999915,0
1102038.0,3,29.42499999999988,0
1102288.0,3,21.18999999999994,0
1102502.0,0,30.959999999999894,1
1102685.0,0,28.074999999999942,1
1102935.0,3,29.589999999999847,0
1103185.0,3,31.297499999999886,0
1103435.0,3,25.7124999999999,0
1103685.0,3,30.31499999999991,0
1103832.0,3,18.079999999999973,0
1104082.0,3,29.4449999999999,0
1104332.0,3,32.544999999999945,0
1104582.0,3,28.45749999999986,0
1104832.0,3,30.997499999999935,0
1105082.0,3,33.48499999999995,0
1105332.0,3,30.682499999999905,0
1105582.0,3,28.92249999999988,0
1105832.0,3,25.437499999999897,0
1106082.0,3,28.78999999999987,0
1106332.0,3,31.622499999999896,0
1106582.0,3,24.89749999999988,0
1106832.0,3,33.17999999999995,0
1107028.0,0,31.664999999999893,1
1107278.0,3,32.499999999999886,0
1107528.0,3,26.02499999999987,0
1107778.0,3,26.98749999999988,0
1108028.0,3,31.117499999999826,0
1108278.0,3,32.9899999999999,0
1108488.0,3,23.8449999999999,0
1108738.0,3,31.91999999999992,0
1108988.0,3,31.264999999999944,0
1109238.0,3,32.089999999999854,0
1109488.0,3,30.922499999999875,0
1109736.0,0,35.864999999999895,1
1109986.0,3,28.884999999999867,0
1110236.0,3,29.277499999999886,0
1110486.0,3,28.914999999999864,0
1110736.0,3,28.014999999999876,0
1110986.0,3,27.132499999999894,0
1111236.0,3,30.05999999999994,0
1111486.0,3,25.76499999999988,0
1111736.0,3,31.82249999999986,0
1111986.0,3,24.05999999999991,0
1112236.0,3,32.299999999999926,0
1112428.0,3,23.87499999999989,0
1112678.0,3,30.67249999999987,0
1112928.0,3,30.949999999999974,0
1113094.0,0,25.82499999999994,1
1113344.0,3,29.999999999999883,0
1113594.0,3,28.597499999999894,0
1113844.0,3,30.42999999999984,0
1114094.0,3,25.512499999999868,0
1114344.0,3,33.922499999999886,0
1114594.0,3,33.189999999999934,0
1114832.0,0,33.609999999999886,1
1115082.0,3,31.339999999999872,0
1115332.0,3,34.40249999999996,0
1115454.0,3,18.749999999999936,0
1115704.0,3,32.982499999999966,0
1115954.0,3,29.53499999999984,0
1116204.0,3,24.21249999999987,0
1116454.0,3,28.14499999999987,0
1116704.0,3,29.46249999999986,0
1116864.0,0,28.329999999999924,1
1117114.0,3,29.374999999999844,0
1117364.0,3,30.354999999999897,0
1117614.0,3,29.864999999999853,0
1117864.0,3,30.28499999999983,0
1118114.0,3,31.42499999999988,0
1118364.0,3,27.457499999999854,0
1118614.0,3,27.88249999999987,0
1118864.0,3,28.117499999999872,0
1119114.0,3,32.782499999999956,0
1119364.0,3,32.06749999999992,0
1119614.0,3,29.98499999999983,0
1119864.0,3,33.56249999999992,0
1120114.0,3,31.83749999999986,0
1120364.0,3,34.00749999999995,0
1120614.0,3,29.329999999999913,0
1120769.0,0,27.144999999999946,1
1121019.0,3,25.959999999999884,0
1121269.0,3,31.574999999999893,0
1121464.0,1,29.41999999999991,1
1121714.0,3,28.40249999999991,0
1121964.0,3,29.759999999999852,0
1122214.0,3,30.984999999999918,0
1122464.0,3,33.81499999999995,0
1122698.0,3,28.809999999999846,0
1122948.0,3,32.44749999999993,0
1123198.0,3,34.394999999999925,0
1123448.0,3,31.83749999999984,0
1123698.0,3,27.189999999999845,0
1123948.0,3,28.66249999999987,0
1124151.0,0,33.804999999999936,1
1124401.0,3,32.27749999999992,0
1124651.0,3,30.454999999999885,0
1124901.0,3,31.092499999999877,0
1125151.0,3,31.489999999999917,0
1125401.0,3,28.56499999999986,0
1125651.0,3,28.429999999999843,0
1125901.0,3,34.15249999999989,0
1126151.0,3,31.802499999999913,0
1126401.0,3,26.374999999999876,0
1126651.0,3,30.567499999999853,0
1126901.0,3,27.59499999999987,0
1127151.0,3,32.34249999999985,0
1127401.0,3,27.25749999999987,0
1127629.0,0,32.06499999999988,1
1127778.0,0,27.489999999999945,1
1127967.0,3,24.812499999999897,0
1128217.0,3,30.254999999999825,0
1128455.0,3,31.22249999999991,0
1128705.0,3,31.827499999999894,0
1128955.0,3,32.62499999999986,0
1129106.0,1,24.77499999999997,1
1129356.0,3,29.042499999999873,0
1129521.0,0,28.594999999999924,1
1129771.0,3,29.004999999999878,0
1130021.0,3,26.337499999999874,0
1130180.0,0,28.064999999999937,1
1130394.0,0,31.1799999999999,1
1130644.0,3,26.139999999999887,0
1130842.0,0,32.05499999999989,1
1131092.0,3,34.40999999999997,0
1131179.0,3,11.229999999999993,0
1131429.0,3,32.63499999999989,0
1131679.0,3,30.639999999999834,0
1131929.0,3,32.537499999999895,0
1132177.0,3,31.749999999999876,0
1132384.0,0,31.834999999999884,1
1132634.0,3,27.74249999999986,0
1132838.0,0,31.164999999999917,1
1133088.0,3,32.809999999999974,0
1133243.0,0,27.28499999999996,1
1133493.0,3,27.8199999999999,0
1133743.0,3,29.992499999999882,0
1133955.0,0,33.53999999999989,1
1134205.0,3,29.27999999999988,0
1134455.0,3,26.877499999999873,0
1134705.0,3,33.31749999999994,0
1134932.0,0,35.67999999999989,1
1135182.0,3,33.54999999999996,0
1135432.0,3,25.752499999999916,0
1135682.0,3,29.46499999999985,0
1135850.0,0,28.599999999999916,1
1136100.0,3,27.332499999999865,0
1136350.0,3,28.967499999999877,0
1136600.0,3,31.974999999999888,0
1136850.0,3,33.407499999999935,0
1137100.0,3,30.092499999999866,0
1137350.0,3,33.1049999999999,0
1137600.0,3,31.182499999999866,0
1137850.0,3,23.96749999999991,0
1138067.0,0,34.93499999999989,1
1138317.0,3,30.619999999999884,0
1138567.0,3,27.167499999999883,0
1138817.0,3,30.03749999999985,0
1139067.0,3,29.702499999999866,0
1139287.0,0,31.429999999999893,1
1139537.0,3,29.54249999999987,0
1139787.0,3,28.80499999999988,0
1140037.0,3,29.222499999999844,0
1140287.0,3,26.56499999999988,0
1140444.0,0,27.034999999999926,1
1140694.0,3,32.549999999999876,0
1140912.0,0,33.574999999999875,1
1141162.0,3,30.254999999999836,0
1141412.0,3,32.274999999999885,0
1141633.0,0,32.73499999999988,1
1141883.0,3,30.569999999999826,0
1142133.0,3,33.299999999999955,0
1142383.0,3,27.512499999999854,0
1142633.0,3,29.927499999999885,0
1142883.0,3,28.464999999999876,0
1143133.0,3,31.299999999999894,0
1143383.0,3,31.659999999999954,0
1143633.0,3,29.949999999999843,0
1143871.0,0,34.00999999999989,1
1144121.0,3,30.54499999999987,0
1144371.0,3,29.447499999999874,0
1144621.0,3,30.692499999999832,0
1144871.0,3,33.202499999999894,0
1145121.0,3,31.71999999999991,0
1145371.0,3,31.94499999999989,0
1145621.0,3,31.054999999999886,0
1145871.0,3,29.09749999999984,0
1146121.0,3,30.502499999999852,0
1146371.0,3,30.049999999999834,0
1146621.0,3,33.41249999999995,0
1146871.0,3,33.08499999999994,0
1147121.0,3,30.78749999999982,0
1147371.0,3,30.352499999999875,0
1147621.0,3,29.96249999999986,0
1147871.0,3,29.202499999999866,0
1148027.0,0,27.549999999999947,1
1148277.0,3,32.91249999999987,0
1148527.0,3,31.9099999999999,0
1148777.0,3,28.632499999999876,0
1149027.0,3,25.989999999999892,0
1149277.0,3,30.86999999999984,0
1149527.0,3,32.71499999999998,0
1149777.0,3,26.697499999999874,0
1150027.0,3,30.004999999999846,0
1150277.0,3,28.884999999999852,0
1150527.0,3,31.697499999999874,0
1150777.0,3,31.50999999999987,0
1151027.0,3,29.73499999999989,0
1151277.0,3,29.63999999999984,0
1151527.0,3,26.819999999999883,0
1151777.0,3,32.332499999999975,0
1152027.0,3,32.57999999999993,0
1152277.0,3,32.38249999999994,0
1152527.0,3,30.369999999999827,0
1152777.0,3,30.54499999999989,0
1153027.0,3,27.399999999999856,0
1153277.0,3,31.42749999999992,0
1153527.0,3,28.002499999999852,0
1153777.0,3,29.34499999999986,0
1154027.0,3,30.74999999999985,0
1154277.0,3,28.8349999999999,0
1154527.0,3,31.202499999999844,0
1154777.0,3,29.26249999999985,0
1155027.0,3,31.919999999999934,0
1155277.0,3,29.144999999999868,0
1155527.0,3,29.307499999999855,0
1155777.0,3,26.75499999999993,0
1156027.0,3,26.60249999999986,0
1156277.0,3,30.959999999999933,0
1156527.0,3,29.052499999999856,0
1156777.0,3,28.367499999999865,0
1156962.0,1,27.704999999999934,1
1157063.0,0,22.779999999999976,1
1157164.0,0,23.319999999999972,1
1157414.0,3,27.432499999999884,0
1157572.0,0,27.88499999999994,1
1157720.0,0,27.75499999999993,1
1157970.0,3,31.87499999999983,0
1158220.0,3,29.137499999999875,0
1158470.0,3,32.11499999999989,0
1158720.0,3,31.199999999999847,0
1158970.0,3,30.86249999999989,0
1159220.0,3,32.01249999999992,0
1159470.0,3,29.61499999999987,0
1159681.0,0,35.46999999999994,1
1159786.0,0,23.20499999999997,1
1160036.0,3,26.29249999999989,0
1160286.0,3,33.21999999999995,0
1160536.0,3,30.174999999999855,0
1160786.0,3,33.70749999999994,0
1161036.0,3,28.579999999999846,0
1161286.0,3,27.77499999999987,0
1161536.0,3,31.547499999999932,0
1161786.0,3,32.15499999999986,0
1162036.0,3,26.172499999999893,0
1162286.0,3,33.20999999999994,0
1162536.0,3,31.822499999999827,0
1162786.0,3,31.957499999999836,0
1163036.0,3,24.92999999999991,0
1163286.0,3,32.78749999999999,0
1163536.0,3,31.637499999999914,0
1163786.0,3,30.949999999999864,0
1164036.0,3,33.342499999999944,0
1164286.0,3,34.57749999999998,0
1164536.0,3,29.06999999999984,0
1164786.0,3,31.047499999999904,0
1165036.0,3,31.937499999999915,0
1165286.0,3,33.449999999999974,0
1165536.0,3,31.824999999999918,0
1165786.0,3,29.714999999999854,0
1166036.0,3,33.31749999999992,0
1166286.0,3,29.312499999999844,0
1166536.0,3,30.447499999999817,0
1166786.0,3,30.39999999999982,0
1167036.0,3,29.367499999999858,0
1167286.0,3,31.629999999999853,0
1167536.0,3,29.382499999999837,0
1167786.0,3,31.727499999999846,0
1168036.0,3,28.51499999999988,0
1168286.0,3,32.94499999999984,0
1168536.0,3,26.534999999999904,0
1168786.0,3,32.32749999999985,0
1169036.0,3,30.59999999999986,0
1169286.0,3,31.87499999999989,0
1169536.0,3,33.01499999999985,0
1169786.0,3,30.409999999999897,0
1170036.0,3,30.559999999999878,0
1170286.0,3,29.912499999999866,0
1170536.0,3,33.5974999999999,0
1170786.0,3,33.4599999999999,0
1171036.0,3,32.557499999999976,0
1171182.0,0,27.35999999999993,1
1171432.0,3,32.76499999999993,0
1171682.0,3,30.307499999999866,0
1171932.0,3,29.077499999999898,0
1172182.0,3,30.157499999999875,0
1172432.0,3,29.33499999999991,0
1172682.0,3,31.25999999999987,0
1172932.0,3,29.51749999999983,0
1173141.0,0,34.10499999999987,1
1173391.0,3,30.372499999999818,0
1173641.0,3,32.71749999999992,0
1173891.0,3,31.39499999999991,0
1174141.0,3,33.69249999999996,0
1174391.0,3,29.15249999999984,0
1174607.0,1,29.874999999999897,1
1174857.0,3,27.354999999999873,0
1175107.0,3,32.709999999999866,0
1175357.0,3,33.982499999999966,0
1175607.0,3,32.474999999999916,0
1175857.0,3,32.81749999999994,0
1176107.0,3,32.12999999999984,0
1176316.0,0,31.769999999999904,1
1176566.0,3,28.864999999999867,0
1176816.0,3,27.932499999999866,0
1177066.0,3,32.21749999999993,0
1177289.0,0,33.49999999999988,1
1177539.0,3,32.94749999999998,0
1177702.0,0,26.79999999999993,1
1177952.0,3,32.73749999999999,0
1178202.0,3,29.299999999999912,0
1178452.0,3,31.04999999999991,0
1178594.0,3,18.862499999999944,0
1178684.0,3,14.05999999999999,0
1178934.0,3,27.23749999999988,0
1179184.0,3,33.084999999999894,0
1179434.0,3,29.902499999999865,0
1179684.0,3,27.822499999999906,0
1179934.0,3,31.227499999999864,0
1180184.0,3,30.337499999999913,0
1180434.0,3,28.599999999999856,0
1180590.0,0,28.484999999999932,1
1180840.0,3,24.482499999999884,0
1181090.0,3,26.767499999999902,0
1181340.0,3,30.30499999999992,0
1181505.0,0,26.399999999999956,1
1181609.0,0,22.854999999999976,1
1181859.0,3,24.612499999999923,0
1182109.0,3,29.842499999999834,0
1182359.0,3,30.462499999999828,0
1182588.0,0,37.52999999999997,1
1182838.0,3,27.50999999999989,0
1183064.0,0,35.35999999999991,1
1183314.0,3,29.124999999999872,0
1183564.0,3,29.557499999999855,0
1183814.0,3,29.247499999999874,0
1184064.0,3,25.677499999999906,0
1184314.0,3,32.15249999999992,0
1184564.0,3,22.514999999999944,0
1184639.0,3,10.084999999999988,0
1184889.0,3,29.642499999999824,0
1185139.0,3,33.11249999999994,0
1185389.0,3,32.64999999999994,0
1185639.0,3,28.57749999999986,0
1185889.0,3,31.847499999999975,0
1186139.0,3,28.392499999999853,0
1186389.0,3,32.327499999999844,0
1186639.0,3,31.609999999999904,0
1186889.0,3,31.752499999999948,0
1187100.0,1,29.449999999999907,1
1187265.0,0,28.47999999999991,1
1187515.0,3,23.507499999999933,0
1187624.0,0,23.75999999999997,1
1187874.0,3,26.584999999999877,0
1188124.0,3,28.54249999999986,0
1188374.0,3,22.597499999999908,0
1188600.0,2,26.599999999999934,1
1188821.0,0,30.75499999999992,1
1188954.0,3,17.654999999999976,0
1189142.0,1,24.959999999999955,1
1189392.0,3,25.284999999999908,0
1189642.0,3,24.4124999999999,0
1189892.0,3,26.937499999999886,0
1190142.0,3,27.339999999999876,0
1190392.0,3,25.889999999999887,0
1190642.0,3,25.76999999999992,0
1190892.0,3,29.83999999999986,0
1191142.0,3,30.20249999999986,0
1191392.0,3,31.749999999999904,0
1191642.0,3,28.82749999999985,0
1191892.0,3,26.3224999999999,0
1192142.0,3,25.822499999999902,0
1192392.0,3,28.779999999999877,0
1192642.0,3,25.87999999999991,0
1192892.0,3,25.504999999999907,0
1193142.0,3,27.207499999999868,0
1193392.0,3,29.189999999999873,0
1193642.0,3,24.07249999999991,0
1193892.0,3,31.472499999999872,0
1194142.0,3,27.712499999999867,0
1194392.0,3,29.492499999999872,0
1194642.0,3,30.764999999999876,0
1194892.0,3,31.66999999999992,0
1194947.0,3,8.075000000000003,0
1195197.0,3,30.284999999999886,0
1195349.0,3,18.44749999999996,0
1195599.0,3,29.69999999999986,0
1195849.0,3,28.932499999999926,0
1196099.0,3,24.002499999999916,0
1196298.0,1,29.21499999999993,1
1196403.0,0,24.50499999999997,1
1196653.0,3,30.754999999999875,0
1196814.0,0,30.249999999999922,1
1197064.0,3,27.57999999999992,0
1197314.0,3,28.909999999999858,0
1197564.0,3,25.29999999999991,0
1197814.0,3,24.19749999999993,0
1198020.0,3,22.517499999999924,0
1198270.0,3,28.909999999999858,0
1198520.0,3,28.67999999999987,0
1198680.0,1,26.18999999999994,1
1198930.0,3,24.46249999999991,0
1199180.0,3,29.247499999999853,0
1199352.0,1,25.83499999999995,1
1199569.0,0,29.264999999999908,1
1199819.0,3,25.61749999999989,0
1200069.0,3,26.077499999999898,0
1200270.0,0,28.87499999999991,1
1200484.0,2,27.83999999999991,1
1200734.0,3,25.049999999999887,0
1200902.0,0,27.509999999999934,1
1201080.0,1,25.244999999999944,1
1201330.0,3,29.55999999999985,0
1201551.0,0,29.224999999999902,1
1201711.0,0,27.954999999999913,1
1201961.0,3,27.952499999999894,0
1202211.0,3,31.022499999999855,0
1202461.0,3,26.097499999999904,0
1202711.0,3,27.059999999999867,0
1202961.0,3,31.134999999999863,0
1203063.0,0,22.719999999999978,1
1203313.0,3,29.852499999999882,0
1203563.0,3,24.332499999999886,0
1203756.0,0,30.104999999999947,1
1204006.0,3,24.462499999999864,0
1204256.0,3,31.364999999999945,0
1204420.0,0,27.03499999999994,1
1204587.0,0,26.47999999999996,1
1204837.0,3,26.849999999999902,0
1205087.0,3,30.254999999999814,0
1205337.0,3,28.447499999999867,0
1205587.0,3,25.204999999999902,0
1205837.0,3,30.86749999999988,0
1206087.0,3,24.7874999999999,0
1206337.0,1,34.07999999999988,1
1206587.0,3,28.412499999999874,0
1206837.0,3,27.967499999999887,0
1207087.0,3,29.062499999999883,0
1207337.0,3,25.139999999999905,0
1207587.0,3,30.587499999999824,0
1207837.0,3,27.02749999999989,0
1208087.0,3,26.199999999999886,0
1208337.0,3,26.567499999999878,0
1208587.0,3,33.392499999999934,0
1208837.0,3,34.01499999999994,0
1209087.0,3,31.727499999999868,0
1209337.0,3,27.129999999999868,0
1209587.0,3,27.31249999999989,0
1209753.0,0,27.139999999999954,1
1210003.0,3,30.674999999999887,0
1210253.0,3,31.439999999999937,0
1210503.0,3,32.754999999999846,0
1210753.0,3,31.192499999999843,0
1211003.0,3,31.617499999999822,0
1211253.0,3,28.354999999999894,0
1211416.0,0,26.37499999999995,1
1211666.0,3,29.749999999999858,0
1211832.0,0,27.919999999999938,1
1212082.0,3,27.512499999999868,0
1212332.0,3,30.00499999999988,0
1212582.0,3,25.99249999999989,0
1212822.0,1,31.37999999999992,1
1213072.0,3,32.7774999999999,0
1213322.0,3,28.94249999999988,0
1213572.0,3,30.189999999999845,0
1213822.0,3,30.532499999999906,0
1214072.0,3,29.799999999999827,0
1214283.0,0,31.324999999999868,1
1214533.0,3,30.142499999999874,0
1214750.0,0,33.99499999999988,1
1214965.0,0,33.19999999999989,1
1215215.0,3,32.93499999999991,0
1215465.0,3,31.382499999999872,0
1215614.0,0,27.43499999999993,1
1215864.0,3,26.54999999999988,0
1215993.0,3,16.857499999999966,0
1216243.0,3,27.692499999999875,0
1216493.0,3,32.19749999999985,0
1216689.0,3,24.42249999999991,0
1216863.0,1,25.199999999999942,1
1217113.0,3,30.109999999999825,0
1217363.0,3,29.322499999999877,0
1217613.0,3,30.04999999999984,0
1217863.0,3,27.81749999999986,0
1218113.0,3,32.51999999999994,0
1218363.0,3,32.84499999999996,0
1218574.0,0,32.71499999999997,1
1218824.0,3,33.609999999999964,0
1218933.0,0,23.724999999999966,1
1219183.0,3,32.749999999999865,0
1219433.0,3,29.22749999999994,0
1219683.0,3,28.889999999999887,0
1219933.0,3,28.664999999999864,0
1220093.0,3,22.692499999999914,0
1220343.0,3,28.09999999999985,0
1220593.0,3,30.562499999999872,0
1220843.0,3,34.00249999999996,0
1221093.0,3,29.449999999999857,0
1221343.0,3,29.109999999999864,0
1221593.0,3,30.557499999999937,0
1221745.0,0,24.304999999999957,1
1221995.0,3,29.01749999999984,0
1222245.0,3,32.34249999999987,0
1222495.0,3,28.889999999999876,0
1222734.0,1,31.62999999999989,1
1222964.0,0,34.789999999999914,1
1223214.0,3,31.15499999999986,0
1223320.0,0,21.974999999999987,1
1223570.0,3,28.299999999999848,0
1223820.0,3,31.972499999999876,0
1224070.0,3,30.642499999999867,0
1224320.0,3,27.792499999999865,0
1224421.0,0,22.80499999999998,1
1224671.0,3,32.83749999999992,0
1224829.0,0,28.70999999999992,1
1225079.0,3,29.554999999999833,0
1225329.0,3,31.702499999999915,0
1225579.0,3,27.739999999999863,0
1225829.0,3,28.817499999999864,0
1225932.0,0,22.359999999999978,1
1226031.0,0,21.159999999999986,1
1226281.0,3,26.627499999999877,0
1226531.0,3,31.299999999999887,0
1226664.0,0,24.319999999999975,1
1226914.0,3,33.404999999999944,0
1227164.0,3,32.697499999999955,0
1227414.0,3,29.52499999999984,0
1227527.0,1,22.599999999999977,1
1227707.0,1,26.109999999999943,1
1227957.0,3,28.529999999999898,0
1228119.0,0,25.35499999999995,1
1228317.0,0,30.254999999999892,1
1228567.0,3,18.004999999999985,0
1228735.0,1,25.744999999999948,1
1228960.0,3,21.81499999999994,0
1229158.0,0,30.074999999999914,1
1229408.0,3,26.602499999999893,0
1229579.0,3,18.93249999999994,0
1229829.0,3,26.4274999999999,0
1230079.0,3,26.802499999999906,0
1230329.0,3,29.409999999999833,0
1230579.0,3,26.314999999999873,0
1230829.0,3,29.782499999999835,0
1231079.0,3,30.847499999999823,0
1231329.0,3,31.38749999999983,0
1231579.0,3,25.577499999999894,0
1231829.0,3,30.55499999999984,0
1232079.0,3,27.65249999999986,0
1232329.0,3,28.587499999999856,0
1232579.0,3,30.127499999999845,0
1232829.0,3,29.624999999999854,0
1233079.0,3,28.57249999999987,0
1233329.0,3,28.03249999999988,0
1233579.0,3,27.36249999999989,0
1233829.0,3,29.187499999999876,0
1234079.0,3,25.722499999999894,0
1234329.0,3,30.162499999999845,0
1234579.0,3,25.952499999999898,0
1234829.0,3,26.232499999999888,0
1235079.0,3,25.402499999999915,0
1235329.0,3,26.447499999999902,0
1235579.0,3,29.887499999999836,0
1235829.0,3,24.884999999999884,0
1236051.0,3,25.902499999999883,0
1236301.0,3,24.622499999999896,0
1236551.0,3,30.767499999999835,0
1236713.0,0,27.04499999999993,1
1236963.0,3,29.51499999999986,0
1237213.0,3,25.70749999999988,0
1237463.0,3,30.969999999999896,0
1237713.0,3,26.624999999999872,0
1237963.0,3,28.16999999999987,0
1238038.0,3,11.662499999999994,0
1238288.0,3,23.82749999999991,0
1238538.0,3,29.469999999999846,0
1238788.0,3,27.52249999999988,0
1239038.0,3,23.787499999999916,0
1239288.0,3,28.967499999999895,0
1239538.0,3,26.259999999999902,0
1239788.0,3,28.764999999999873,0
1240038.0,3,27.09999999999988,0
1240288.0,3,30.14499999999985,0
1240538.0,3,25.009999999999913,0
1240788.0,3,23.797499999999918,0
1241038.0,3,26.79749999999988,0
1241288.0,3,27.947499999999874,0
1241538.0,3,28.389999999999862,0
1241747.0,0,33.18499999999991,1
1241997.0,3,31.374999999999893,0
1242201.0,3,20.534999999999936,0
1242451.0,3,31.967499999999852,0
1242701.0,3,33.159999999999854,0
1242951.0,3,32.79499999999991,0
1243201.0,3,32.12749999999984,0
1243451.0,3,29.79749999999985,0
1243701.0,3,29.657499999999846,0
1243951.0,3,29.424999999999848,0
1244201.0,3,33.034999999999904,0
1244451.0,3,28.054999999999854,0
1244701.0,3,26.832499999999886,0
1244951.0,3,25.759999999999902,0
1245201.0,3,33.462499999999984,0
1245310.0,0,23.75999999999999,1
1245560.0,3,30.37249999999983,0
1245810.0,3,31.602499999999843,0
1245972.0,1,27.684999999999917,1
1246222.0,3,28.68249999999987,0
1246472.0,3,31.067499999999853,0
1246722.0,3,32.184999999999924,0
1246972.0,3,25.634999999999913,0
1247222.0,3,31.517499999999924,0
1247472.0,3,27.577499999999873,0
1247722.0,3,30.077499999999887,0
1247972.0,3,28.19749999999987,0
1248222.0,3,30.864999999999867,0
1248433.0,2,25.634999999999938,1
1248600.0,0,25.684999999999935,1
1248850.0,3,29.032499999999853,0
1249100.0,3,33.99999999999997,0
1249350.0,3,30.27499999999984,0
1249600.0,3,25.399999999999885,0
1249850.0,3,26.987499999999883,0
1250033.0,3,17.46999999999994,0
1250283.0,3,29.579999999999867,0
1250533.0,3,28.204999999999863,0
1250776.0,3,24.319999999999887,0
1251008.0,0,33.52999999999988,1
1251258.0,3,26.2799999999999,0
1251363.0,0,22.59999999999998,1
1251613.0,3,28.61249999999987,0
1251863.0,3,31.002499999999884,0
1252103.0,1,30.61499999999991,1
1252353.0,3,32.62999999999993,0
1252603.0,3,26.72249999999985,0
1252829.0,1,31.409999999999904,1
1253079.0,3,28.742499999999882,0
1253297.0,0,29.414999999999917,1
1253547.0,3,30.587499999999864,0
1253797.0,3,27.98499999999987,0
1253902.0,0,22.769999999999982,1
1254152.0,3,25.127499999999902,0
1254402.0,3,30.519999999999868,0
1254622.0,3,28.077499999999894,0
1254872.0,3,32.539999999999864,0
1255122.0,3,28.099999999999884,0
1255259.0,0,24.31999999999996,1
1255417.0,3,21.42499999999992,0
1255667.0,3,28.96999999999984,0
1255917.0,3,29.45749999999985,0
1256167.0,3,25.1274999999999,0
1256417.0,3,30.509999999999906,0
1256667.0,3,29.362499999999873,0
1256917.0,3,28.709999999999866,0
1257167.0,3,32.954999999999835,0
1257417.0,3,26.674999999999876,0
1257667.0,3,32.27249999999985,0
1257917.0,3,27.64999999999987,0
1258145.0,0,32.139999999999894,1
1258371.0,3,26.77249999999987,0
1258621.0,3,26.264999999999898,0
1258871.0,3,28.614999999999842,0
1258937.0,3,10.744999999999994,0
1259187.0,3,29.244999999999838,0
1259437.0,3,29.577499999999894,0
1259687.0,3,31.457499999999865,0
1259937.0,3,28.677499999999874,0
1260187.0,3,27.952499999999866,0
1260437.0,3,31.714999999999907,0
1260687.0,3,29.514999999999898,0
1260937.0,3,32.18749999999985,0
1261187.0,3,29.947499999999852,0
1261437.0,3,30.05999999999984,0
1261663.0,3,23.482499999999895,0
1261786.0,3,14.899999999999974,0
1262036.0,3,26.22749999999989,0
1262286.0,3,27.117499999999865,0
1262536.0,3,25.439999999999905,0
1262786.0,3,31.85749999999985,0
1263036.0,3,29.787499999999827,0
1263258.0,0,29.934999999999903,1
1263508.0,3,29.392499999999874,0
1263758.0,3,31.70749999999984,0
1264008.0,3,33.72499999999998,0
1264171.0,3,20.902499999999947,0
1264421.0,3,30.429999999999897,0
1264647.0,2,29.684999999999906,1
1264897.0,3,29.887499999999847,0
1265147.0,3,27.129999999999864,0
1265397.0,3,28.397499999999862,0
1265510.0,3,14.232499999999966,0
1265760.0,3,33.527499999999904,0
1265973.0,1,30.25999999999989,1
1266223.0,3,30.899999999999878,0
1266473.0,3,28.494999999999877,0
1266723.0,3,27.92499999999987,0
1266973.0,3,29.71499999999985,0
1267223.0,3,30.389999999999887,0
1267473.0,3,31.699999999999843,0
1267723.0,3,32.86999999999984,0
1267872.0,3,21.237499999999933,0
1268017.0,0,25.98499999999994,1
1268267.0,3,31.494999999999838,0
1268517.0,3,33.74249999999998,0
1268668.0,3,18.164999999999978,0
1268901.0,0,29.619999999999912,1
1269097.0,0,31.034999999999908,1
1269347.0,3,29.68499999999985,0
1269559.0,0,33.88999999999989,1
1269809.0,3,29.72249999999983,0
1270059.0,3,22.667499999999915,0
1270309.0,3,31.219999999999853,0
1270559.0,3,27.037499999999884,0
1270809.0,3,30.309999999999814,0
1270966.0,0,26.274999999999952,1
1271216.0,3,28.979999999999855,0
1271458.0,0,31.1699999999999,1
1271617.0,1,26.90999999999994,1
1271782.0,0,26.079999999999945,1
1272032.0,3,29.197499999999852,0
1272282.0,3,34.76999999999997,0
1272426.0,0,27.864999999999945,1
1272676.0,3,33.949999999999925,0
1272891.0,1,31.7599999999999,1
1273052.0,0,27.469999999999942,1
1273302.0,3,29.862499999999844,0
1273467.0,0,29.514999999999944,1
1273696.0,1,32.98499999999991,1
1273849.0,0,26.679999999999936,1
1274061.0,1,32.079999999999906,1
1274279.0,1,29.189999999999895,1
1274512.0,0,31.909999999999883,1
1274762.0,3,32.20749999999985,0
1275012.0,3,32.88250000000001,0
1275262.0,3,32.55749999999987,0
1275512.0,3,28.032499999999857,0
1275762.0,3,27.95749999999989,0
1276012.0,3,32.74499999999995,0
1276262.0,3,30.207499999999865,0
1276512.0,3,30.224999999999863,0
1276728.0,0,35.05499999999991,1
1276978.0,3,33.312499999999915,0
1277192.0,3,24.27249999999992,0
1277414.0,0,28.784999999999926,1
1277664.0,3,29.077499999999894,0
1277914.0,3,32.27999999999995,0
1278130.0,1,34.22499999999987,1
1278380.0,3,29.029999999999866,0
1278599.0,3,23.482499999999924,0
1278849.0,3,33.14249999999998,0
1279099.0,3,25.91499999999989,0
1279349.0,3,33.067499999999896,0
1279599.0,3,30.724999999999827,0
1279849.0,3,31.47749999999985,0
1280057.0,0,29.064999999999916,1
1280307.0,3,32.694999999999986,0
1280456.0,0,25.26999999999996,1
1280706.0,3,32.14249999999988,0
1280956.0,3,27.097499999999894,0
1281206.0,3,31.884999999999934,0
1281456.0,3,30.469999999999914,0
1281706.0,3,30.94749999999982,0
1281956.0,3,27.35999999999986,0
1282206.0,3,27.10999999999988,0
1282456.0,3,29.92749999999985,0
1282706.0,3,29.714999999999822,0
1282956.0,3,29.099999999999874,0
1283206.0,3,29.36999999999987,0
1283393.0,3,16.532499999999963,0
1283643.0,3,30.677499999999892,0
1283893.0,3,28.734999999999868,0
1284143.0,3,27.532499999999885,0
1284393.0,3,26.78999999999987,0
1284643.0,3,31.217499999999824,0
1284893.0,3,26.139999999999894,0
1285143.0,3,27.494999999999877,0
1285323.0,0,29.914999999999917,1
1285573.0,3,30.45249999999983,0
1285715.0,0,27.369999999999926,1
1285965.0,3,30.82249999999983,0
1286188.0,0,33.60999999999987,1
1286438.0,3,30.31749999999984,0
1286688.0,3,32.4749999999999,0
1286938.0,3,30.994999999999873,0
1287158.0,0,30.114999999999913,1
1287313.0,0,29.214999999999954,1
1287447.0,1,24.209999999999976,1
1287601.0,0,27.00499999999994,1
1287827.0,1,32.93499999999991,1
1288077.0,3,31.429999999999847,0
1288293.0,0,31.839999999999872,1
1288456.0,0,27.329999999999927,1
1288706.0,3,34.34749999999998,0
1288956.0,3,35.17249999999998,0
1289206.0,3,34.3325,0
1289456.0,3,33.76,0
1289706.0,3,30.56499999999991,0
1289881.0,3,23.2124999999999,0
1290131.0,3,32.489999999999895,0
1290381.0,3,32.00749999999983,0
1290601.0,1,32.7449999999999,1
1290851.0,3,31.03499999999994,0
1291101.0,3,27.2674999999999,0
1291325.0,1,37.094999999999985,1
1291575.0,3,33.899999999999984,0
1291825.0,3,31.852499999999893,0
1292075.0,3,22.16999999999991,0
1292325.0,3,33.05999999999992,0
1292504.0,1,27.03499999999994,1
1292754.0,3,34.54249999999998,0
1293004.0,3,31.059999999999846,0
1293178.0,0,31.55499999999995,1
1293428.0,3,32.40499999999987,0
1293678.0,3,33.44,0
1293914.0,1,31.66999999999988,1
1294164.0,3,34.94749999999995,0
1294313.0,3,16.662499999999984,0
1294563.0,3,32.872499999999945,0
1294813.0,3,32.06249999999985,0
1295063.0,3,31.772499999999862,0
1295313.0,3,27.81999999999984,0
1295563.0,3,25.284999999999886,0
1295813.0,3,26.797499999999882,0
1296063.0,3,31.312499999999915,0
1296313.0,3,32.97499999999988,0
1296563.0,3,34.20499999999994,0
1296813.0,3,30.979999999999933,0
1297063.0,3,29.762499999999854,0
1297313.0,3,33.684999999999924,0
1297526.0,2,26.249999999999957,1
1297776.0,3,33.587499999999984,0
1297936.0,0,30.334999999999944,1
1298186.0,3,29.689999999999863,0
1298436.0,3,31.974999999999866,0
1298686.0,3,30.902499999999854,0
1298936.0,3,31.53749999999981,0
1299186.0,3,31.154999999999866,0
1299436.0,3,28.634999999999867,0
1299686.0,3,30.009999999999863,0
1299936.0,3,33.612499999999905,0
1300186.0,3,29.64749999999987,0
1300436.0,1,32.564999999999834,0
1300686.0,3,29.99749999999985,0
1300936.0,3,30.592499999999887,0
1301186.0,3,33.91249999999994,0
1301436.0,3,28.147499999999862,0
1301686.0,3,30.12499999999985,0
1301936.0,3,29.16499999999985,0
1302114.0,3,18.809999999999942,0
1302364.0,3,30.40999999999986,0
1302614.0,3,31.102499999999825,0
1302864.0,3,29.097499999999883,0
1303111.0,0,30.5999999999999,1
1303361.0,3,29.517499999999853,0
1303611.0,3,32.539999999999914,0
1303861.0,3,27.607499999999902,0
1304111.0,3,30.417499999999876,0
1304361.0,3,29.80499999999991,0
1304611.0,3,29.594999999999885,0
1304861.0,3,33.60249999999994,0
1305111.0,3,28.98249999999984,0
1305361.0,3,29.139999999999844,0
1305611.0,3,28.43249999999985,0
1305861.0,3,33.10999999999997,0
1306111.0,3,30.31999999999985,0
1306361.0,3,31.929999999999914,0
1306611.0,3,33.38249999999995,0
1306861.0,3,33.47999999999995,0
1307111.0,3,34.202499999999944,0
1307361.0,3,30.52499999999986,0
1307576.0,1,29.879999999999946,1
1307826.0,3,32.244999999999834,0
1308076.0,3,29.41249999999987,0
1308326.0,3,34.12999999999996,0
1308576.0,3,33.96249999999995,0
1308826.0,3,34.46999999999994,0
1309076.0,3,33.53749999999995,0
1309326.0,3,33.91249999999998,0
1309576.0,3,34.14749999999995,0
1309826.0,3,29.889999999999837,0
1310076.0,3,34.12750000000003,0
1310326.0,3,30.64749999999982,0
1310576.0,3,28.387499999999907,0
1310826.0,3,33.66999999999999,0
1311076.0,3,33.10999999999991,0
1311326.0,3,30.414999999999846,0
1311576.0,3,32.832499999999875,0
1311826.0,3,30.93249999999984,0
1312076.0,3,31.58999999999983,0
1312326.0,3,30.632499999999844,0
1312576.0,3,31.34249999999988,0
1312826.0,3,33.8999999999999,0
1313076.0,3,28.922499999999864,0
1313326.0,3,33.75749999999993,0
1313426.0,0,22.55999999999998,1
1313676.0,3,27.64499999999988,0
1313926.0,3,31.15749999999983,0
1314176.0,3,33.59249999999991,0
1314426.0,3,27.387499999999882,0
1314645.0,0,32.75499999999988,1
1314895.0,3,32.59499999999991,0
1315145.0,3,33.63499999999991,0
1315395.0,3,29.267499999999853,0
1315645.0,3,31.149999999999842,0
1315895.0,3,32.3999999999999,0
1315999.0,0,23.52499999999998,1
1316249.0,3,24.029999999999916,0
1316499.0,3,33.29749999999995,0
1316749.0,3,32.00499999999992,0
1316999.0,3,31.667499999999908,0
1317249.0,3,24.01999999999988,0
1317478.0,0,36.85499999999986,1
1317728.0,3,32.13749999999987,0
1317978.0,3,30.64249999999995,0
1318228.0,3,33.227499999999885,0
1318478.0,3,33.73750000000002,0
1318728.0,3,31.29499999999986,0
1318978.0,3,33.97499999999999,0
1319228.0,3,33.41999999999987,0
1319478.0,3,31.869999999999852,0
1319728.0,3,34.84249999999998,0
1319978.0,3,30.192499999999843,0
1320228.0,3,34.01,0
1320478.0,3,28.88749999999985,0
1320728.0,3,33.03749999999991,0
1320978.0,3,31.932499999999916,0
1321228.0,3,31.409999999999876,0
1321478.0,3,26.012499999999903,0
1321712.0,3,25.73499999999989,0
1321921.0,2,26.839999999999943,1
1322171.0,3,27.39499999999988,0
1322421.0,3,32.77999999999998,0
1322632.0,0,32.24499999999988,1
1322882.0,3,30.027499999999854,0
1323083.0,0,32.00499999999988,1
1323333.0,3,28.809999999999874,0
1323542.0,0,31.054999999999904,1
1323792.0,3,34.6325,0
1324042.0,3,32.10249999999985,0
1324292.0,3,33.75499999999994,0
1324542.0,3,33.39999999999995,0
1324792.0,3,36.26749999999995,0
1325042.0,3,32.60499999999987,0
1325253.0,0,33.099999999999916,1
1325503.0,3,28.657499999999846,0
1325753.0,3,33.47499999999993,0
1326003.0,3,34.259999999999934,0
1326253.0,3,32.71999999999986,0
1326503.0,3,28.984999999999857,0
1326753.0,3,31.58999999999988,0
1327003.0,3,33.82499999999993,0
1327253.0,3,33.81999999999994,0
1327503.0,3,33.6299999999999,0
1327753.0,3,30.269999999999854,0
1328003.0,3,33.882499999999936,0
1328253.0,3,30.967499999999884,0
1328489.0,1,30.174999999999898,1
1328739.0,3,24.197499999999902,0
1328970.0,0,32.06999999999989,1
1329220.0,3,22.804999999999907,0
1329470.0,3,31.107499999999924,0
1329587.0,1,23.479999999999972,1
1329837.0,3,23.86249999999989,0
1330087.0,3,30.419999999999824,0
1330337.0,3,28.02499999999989,0
1330587.0,3,32.16499999999986,0
1330741.0,0,28.07999999999992,1
1330991.0,3,28.884999999999884,0
1331241.0,3,29.847499999999865,0
1331491.0,3,34.40749999999994,0
1331698.0,0,31.12499999999989,1
1331840.0,0,26.864999999999945,1
1332090.0,3,30.922499999999875,0
1332340.0,3,29.04749999999985,0
1332544.0,0,34.48499999999991,1
1332794.0,3,29.047499999999836,0
1333044.0,3,33.77749999999984,0
1333294.0,3,28.16999999999986,0
1333544.0,3,28.397499999999862,0
1333715.0,0,26.279999999999948,1
1333926.0,0,26.789999999999942,1
1334079.0,3,23.86249999999995,0
1334209.0,3,14.774999999999995,0
1334459.0,3,29.967499999999838,0
1334709.0,3,28.029999999999845,0
1334959.0,3,30.714999999999858,0
1335209.0,3,25.767499999999888,0
1335459.0,3,32.00999999999984,0
1335656.0,0,29.569999999999904,1
1335906.0,3,27.30499999999984,0
1336156.0,3,33.81749999999994,0
1336406.0,3,32.36999999999989,0
1336656.0,3,31.7674999999999,0
1336906.0,3,25.887499999999903,0
1337156.0,3,29.75249999999984,0
1337406.0,3,30.2799999999999,0
1337656.0,3,32.75749999999993,0
1337906.0,3,33.44749999999993,0
1338156.0,3,30.292499999999855,0
1338302.0,0,26.379999999999953,1
1338552.0,3,32.029999999999866,0
1338802.0,3,28.724999999999856,0
1338975.0,0,26.999999999999954,1
1339225.0,3,32.46999999999988,0
1339475.0,3,31.727499999999853,0
1339725.0,3,30.414999999999914,0
1339975.0,3,33.80499999999995,0
1340225.0,3,35.18499999999995,0
1340475.0,3,31.51749999999984,0
1340725.0,3,29.702499999999862,0
1340975.0,3,30.80499999999985,0
1341205.0,1,32.779999999999866,1
1341455.0,3,30.379999999999846,0
1341664.0,0,31.3749999999999,1
1341914.0,3,32.914999999999885,0
1342164.0,3,35.01999999999994,0
1342414.0,3,29.392499999999856,0
1342566.0,0,25.97499999999995,1
1342816.0,3,32.50249999999989,0
1342963.0,0,27.55999999999993,1
1343213.0,3,35.08749999999991,0
1343362.0,0,25.90499999999997,1
1343612.0,3,33.22999999999986,0
1343862.0,3,32.17249999999987,0
1344027.0,3,23.332499999999925,0
1344277.0,3,27.254999999999903,0
1344470.0,0,29.97999999999991,1
1344720.0,3,27.377499999999877,0
1344970.0,3,31.627499999999845,0
1345220.0,3,27.5749999999999,0
1345470.0,3,33.01999999999992,0
1345720.0,3,29.24999999999986,0
1345970.0,3,27.439999999999852,0
1346220.0,3,30.124999999999844,0
1346470.0,3,33.537499999999866,0
1346720.0,3,31.38749999999982,0
1346927.0,0,32.24499999999989,1
1347133.0,0,33.85999999999989,1
1347383.0,3,24.727499999999882,0
1347592.0,1,30.6599999999999,1
1347842.0,3,27.579999999999856,0
1348092.0,3,30.887499999999847,0
1348342.0,3,31.999999999999858,0
1348592.0,3,28.119999999999862,0
1348741.0,3,19.244999999999955,0
1348991.0,3,28.76999999999987,0
1349241.0,3,30.324999999999864,0
1349491.0,3,30.869999999999838,0
1349741.0,3,27.982499999999874,0
1349991.0,3,31.60999999999985,0
1350241.0,3,24.997499999999917,0
1350491.0,3,24.839999999999893,0
1350741.0,3,28.24499999999984,0
1350991.0,3,29.374999999999854,0
1351241.0,3,33.627499999999856,0
1351491.0,3,31.55999999999983,0
1351741.0,3,29.432499999999873,0
1351991.0,3,26.984999999999854,0
1352241.0,3,32.03249999999984,0
1352491.0,3,31.637499999999864,0
1352741.0,3,33.03249999999994,0
1352926.0,0,29.489999999999934,1
1353176.0,3,32.799999999999855,0
1353426.0,3,28.922499999999857,0
1353676.0,3,33.014999999999986,0
1353926.0,3,28.584999999999837,0
1354153.0,0,32.89999999999988,1
1354403.0,3,31.03749999999988,0
1354653.0,3,34.792499999999976,0
1354903.0,3,26.974999999999856,0
1355153.0,3,32.34249999999986,0
1355403.0,3,30.959999999999877,0
1355653.0,3,33.19749999999986,0
1355903.0,3,34.34500000000002,0
1356153.0,3,29.64499999999992,0
1356403.0,3,32.95749999999984,0
1356653.0,3,34.79499999999991,0
1356903.0,3,31.117499999999843,0
1357153.0,3,31.09999999999983,0
1357323.0,3,20.737499999999923,0
1357525.0,1,26.64499999999995,1
1357667.0,0,27.239999999999938,1
1357866.0,1,28.65999999999992,1
1358116.0,3,32.74749999999993,0
1358366.0,3,28.25749999999988,0
1358486.0,0,24.279999999999966,1
1358702.0,1,30.924999999999898,1
1358952.0,3,28.377499999999902,0
1359202.0,3,28.51499999999987,0
1359452.0,3,24.6924999999999,0
1359586.0,3,15.022499999999988,0
1359823.0,0,34.14999999999988,1
1360073.0,3,27.59499999999989,0
1360323.0,3,25.4774999999999,0
1360573.0,3,26.059999999999874,0
1360823.0,3,24.302499999999903,0
1361073.0,3,34.67499999999999,0
1361323.0,3,31.474999999999866,0
1361573.0,3,31.922499999999868,0
1361805.0,0,35.444999999999865,1
1362055.0,3,28.204999999999846,0
1362305.0,3,31.014999999999894,0
1362517.0,0,33.059999999999896,1
1362767.0,3,29.039999999999907,0
1362968.0,0,34.669999999999916,1
1363218.0,3,29.84749999999988,0
1363468.0,3,33.042499999999954,0
1363718.0,3,31.03499999999986,0
1363968.0,3,29.73499999999986,0
1364218.0,3,31.48249999999985,0
1364468.0,3,33.577499999999915,0
1364680.0,0,30.799999999999898,1
1364852.0,1,26.664999999999935,1
1365102.0,3,31.95999999999988,0
1365352.0,3,29.622499999999874,0
1365602.0,3,30.584999999999845,0
1365852.0,3,27.14749999999987,0
1366102.0,3,27.802499999999874,0
1366352.0,3,29.249999999999854,0
1366577.0,0,36.47999999999989,1
1366827.0,3,29.239999999999874,0
1367077.0,3,27.504999999999878,0
1367327.0,3,31.452499999999834,0
1367522.0,3,19.299999999999955,0
1367663.0,0,26.994999999999937,1
1367913.0,3,20.37999999999994,0
1368163.0,3,29.02999999999985,0
1368413.0,3,31.812499999999915,0
1368663.0,3,27.41499999999986,0
1368913.0,3,24.69749999999988,0
1369052.0,3,16.21749999999999,0
1369302.0,3,24.952499999999894,0
1369552.0,3,33.40499999999984,0
1369798.0,1,31.724999999999888,1
1369947.0,0,25.59999999999996,1
1370197.0,3,32.749999999999844,0
1370447.0,3,33.51749999999992,0
1370651.0,0,32.58499999999991,1
1370805.0,0,27.029999999999937,1
1371006.0,0,32.279999999999895,1
1371256.0,3,25.484999999999882,0
1371354.0,0,22.359999999999978,1
1371604.0,3,29.96249999999984,0
1371854.0,3,30.37749999999988,0
1372104.0,3,31.124999999999826,0
1372307.0,0,34.54499999999987,1
1372557.0,3,29.407499999999864,0
1372741.0,3,20.019999999999925,0
1372991.0,3,30.314999999999845,0
1373241.0,3,29.87499999999984,0
1373491.0,3,28.867499999999858,0
1373741.0,3,28.784999999999872,0
1373991.0,3,29.659999999999854,0
1374241.0,3,31.67499999999988,0
1374491.0,3,32.57499999999982,0
1374658.0,3,22.282499999999935,0
1374905.0,0,32.729999999999905,1
1375130.0,1,31.534999999999897,1
1375380.0,3,33.389999999999894,0
1375630.0,3,24.247499999999896,0
1375880.0,3,28.319999999999883,0
1376007.0,1,24.119999999999965,1
1376257.0,3,27.71999999999986,0
1376427.0,0,25.944999999999947,1
1376653.0,0,31.12499999999988,1
1376903.0,3,30.92999999999984,0
1377098.0,0,29.954999999999906,1
1377325.0,0,31.48999999999988,1
1377537.0,0,30.899999999999892,1
1377787.0,3,27.369999999999866,0
1378004.0,1,26.474999999999945,1
1378254.0,3,26.49749999999988,0
1378504.0,3,27.10749999999989,0
1378646.0,0,26.914999999999935,1
1378846.0,1,28.944999999999922,1
1379029.0,1,26.59999999999995,1
1379279.0,3,32.30999999999996,0
1379529.0,3,30.749999999999833,0
1379760.0,1,27.474999999999934,1
1380010.0,3,31.797499999999843,0
1380260.0,3,30.254999999999825,0
1380431.0,1,29.119999999999905,1
1380681.0,3,29.802499999999817,0
1380899.0,1,28.794999999999916,1
1381149.0,3,29.32749999999989,0
1381399.0,3,33.34499999999989,0
1381649.0,3,32.869999999999955,0
1381834.0,0,29.364999999999924,1
1382084.0,3,33.964999999999876,0
1382334.0,3,32.98749999999984,0
1382551.0,0,31.3049999999999,1
1382721.0,3,24.402499999999904,0
1382913.0,0,28.75499999999991,1
1383163.0,3,32.80249999999983,0
1383413.0,3,33.314999999999976,0
1383663.0,3,29.322499999999838,0
1383913.0,3,26.014999999999883,0
1384084.0,0,26.809999999999942,1
1384334.0,3,30.472499999999844,0
1384489.0,0,29.10999999999993,1
1384739.0,3,29.762499999999886,0
1384989.0,3,30.467499999999866,0
1385239.0,3,33.382499999999844,0
1385445.0,0,33.384999999999884,1
1385695.0,3,31.974999999999895,0
1385945.0,3,30.132499999999855,0
1386195.0,3,30.027499999999915,0
1386445.0,3,32.01749999999988,0
1386695.0,3,32.44499999999989,0
1386851.0,0,26.11499999999995,1
1387096.0,1,32.80999999999992,1
1387346.0,3,27.32999999999991,0
1387590.0,0,30.469999999999896,1
1387840.0,3,31.487499999999873,0
1388090.0,3,29.252499999999856,0
1388340.0,3,31.517499999999902,0
1388503.0,1,25.879999999999942,1
1388753.0,3,30.84249999999992,0
1389003.0,3,31.25249999999988,0
1389212.0,3,26.1224999999999,0
1389263.0,3,7.652499999999996,0
1389513.0,3,34.269999999999975,0
1389644.0,0,24.98999999999996,1
1389894.0,3,23.022499999999912,0
1390144.0,3,27.807499999999877,0
1390394.0,3,31.05749999999988,0
1390644.0,3,29.68249999999987,0
1390894.0,3,26.269999999999907,0
1391144.0,3,28.352499999999846,0
1391394.0,3,29.417499999999883,0
1391620.0,1,28.72499999999992,1
1391870.0,3,27.76749999999989,0
1392120.0,3,32.11499999999992,0
1392370.0,3,28.849999999999834,0
1392469.0,3,15.462499999999979,0
1392719.0,3,28.162499999999877,0
1392969.0,3,24.609999999999904,0
1393219.0,3,31.367499999999836,0
1393469.0,3,30.47749999999984,0
1393719.0,3,29.019999999999857,0
1393969.0,3,34.47749999999985,0
1394219.0,3,29.02499999999985,0
1394469.0,3,32.00999999999982,0
1394719.0,3,30.059999999999846,0
1394969.0,3,26.834999999999873,0
1395195.0,1,29.389999999999908,1
1395348.0,1,25.96499999999994,1
1395598.0,3,32.81999999999993,0
1395848.0,3,33.964999999999925,0
1396098.0,3,34.779999999999994,0
1396348.0,3,27.742499999999847,0
1396485.0,0,27.674999999999955,1
1396652.0,0,27.47999999999995,1
1396902.0,3,30.47999999999984,0
1397152.0,3,32.82999999999989,0
1397402.0,3,26.164999999999885,0
1397652.0,3,28.839999999999893,0
1397791.0,0,26.39999999999993,1
1397996.0,1,30.999999999999908,1
1398204.0,0,33.94999999999991,1
1398409.0,0,31.82499999999994,1
1398655.0,0,33.389999999999915,1
1398830.0,1,27.714999999999932,1
1399080.0,3,30.18749999999989,0
1399330.0,3,34.19499999999995,0
1399422.0,3,13.079999999999968,0
1399573.0,0,28.83999999999993,1
1399794.0,0,32.134999999999884,1
1400033.0,1,30.059999999999913,1
1400283.0,3,29.96749999999986,0
1400434.0,3,21.962499999999945,0
1400684.0,3,28.082499999999882,0
1400934.0,3,29.527499999999858,0
1401081.0,1,25.414999999999964,1
1401171.0,3,15.687499999999993,0
1401385.0,0,34.17499999999993,1
1401635.0,3,29.139999999999922,0
1401818.0,0,28.514999999999933,1
1402068.0,3,32.46249999999987,0
1402310.0,1,29.069999999999897,1
1402560.0,3,32.30999999999985,0
1402810.0,3,31.019999999999868,0
1403060.0,3,33.312499999999844,0
1403310.0,3,28.834999999999837,0
1403521.0,0,33.11999999999989,1
1403721.0,0,32.1449999999999,1
1403971.0,3,32.77249999999989,0
1404221.0,3,28.012499999999857,0
1404450.0,1,31.769999999999904,1
1404597.0,0,28.54999999999996,1
1404847.0,3,33.424999999999905,0
1405045.0,0,29.87999999999992,1
1405295.0,3,29.62249999999984,0
1405545.0,3,33.524999999999984,0
1405795.0,3,25.269999999999893,0
1406045.0,3,26.457499999999918,0
1406295.0,3,30.374999999999826,0
1406545.0,3,31.364999999999835,0
1406749.0,0,30.239999999999906,1
1406960.0,0,27.624999999999943,1
1407210.0,3,31.779999999999845,0
1407419.0,1,30.819999999999897,1
1407669.0,3,30.27249999999988,0
1407829.0,0,26.449999999999946,1
1408079.0,3,27.7824999999999,0
1408189.0,3,14.197499999999982,0
1408439.0,3,33.14749999999985,0
1408689.0,3,29.602499999999885,0
1408939.0,3,30.089999999999854,0
1409189.0,3,32.67249999999985,0
1409439.0,3,28.26999999999988,0
1409689.0,3,24.049999999999876,0
1409939.0,3,31.249999999999826,0
1410152.0,1,31.434999999999892,1
1410402.0,3,31.17999999999984,0
1410649.0,1,34.329999999999856,1
1410861.0,0,30.644999999999918,1
1410992.0,0,23.324999999999964,1
1411242.0,3,32.687499999999936,0
1411492.0,3,28.984999999999847,0
1411742.0,3,32.949999999999896,0
1411992.0,3,30.074999999999893,0
1412242.0,3,33.84249999999991,0
1412492.0,3,22.56999999999989,0
1412693.0,0,32.3499999999999,1
1412943.0,3,26.417499999999876,0
1413193.0,3,28.712499999999874,0
1413352.0,0,27.00999999999995,1
1413602.0,3,27.94749999999984,0
1413852.0,3,27.524999999999867,0
1414049.0,0,30.18499999999991,1
1414166.0,0,22.95999999999997,1
1414416.0,3,31.579999999999856,0
1414666.0,3,31.249999999999847,0
1414916.0,3,29.542499999999848,0
1415166.0,3,33.53249999999991,0
1415416.0,3,26.74749999999988,0
1415666.0,3,32.28749999999984,0
1415916.0,3,31.959999999999894,0
1416166.0,3,26.684999999999867,0
1416416.0,3,32.06499999999987,0
1416666.0,3,26.65749999999988,0
1416916.0,3,26.719999999999867,0
1417166.0,3,27.492499999999865,0
1417416.0,3,31.289999999999836,0
1417651.0,1,28.489999999999924,1
1417901.0,3,30.10999999999989,0
1418151.0,3,31.937499999999886,0
1418265.0,3,16.534999999999965,0
1418515.0,3,27.477499999999882,0
1418713.0,1,26.77499999999993,1
1418963.0,3,31.827499999999844,0
1419213.0,3,32.59499999999986,0
1419463.0,3,31.677499999999817,0
1419713.0,3,33.51749999999992,0
1419963.0,3,28.15249999999986,0
1420213.0,3,25.357499999999895,0
1420363.0,0,26.829999999999934,1
1420613.0,3,32.535,0
1420829.0,0,32.019999999999904,1
1421079.0,3,29.402499999999876,0
1421329.0,3,29.599999999999827,0
1421550.0,1,27.929999999999918,1
1421800.0,3,28.89999999999986,0
1422050.0,3,32.80749999999987,0
1422300.0,3,31.564999999999852,0
1422550.0,3,33.082499999999925,0
1422800.0,3,32.76249999999989,0
1423050.0,3,30.044999999999863,0
1423300.0,3,29.502499999999845,0
1423550.0,3,29.009999999999867,0
1423800.0,3,32.20749999999983,0
1424050.0,3,33.884999999999884,0
1424300.0,3,30.337499999999867,0
1424550.0,3,30.529999999999852,0
1424800.0,3,31.649999999999864,0
1425050.0,3,30.45249999999986,0
1425300.0,3,27.192499999999857,0
1425550.0,3,30.752499999999895,0
1425800.0,3,33.159999999999926,0
1426050.0,3,31.002499999999856,0
1426167.0,3,14.039999999999976,0
1426417.0,3,29.197499999999874,0
1426667.0,3,30.369999999999838,0
1426917.0,3,29.90749999999984,0
1427167.0,3,27.404999999999873,0
1427417.0,3,29.757499999999865,0
1427667.0,3,30.62749999999985,0
1427917.0,3,30.557499999999877,0
1428167.0,3,33.44749999999983,0
1428417.0,3,25.822499999999884,0
1428667.0,3,31.637499999999854,0
1428868.0,0,29.1999999999999,1
1429118.0,3,31.387499999999864,0
1429368.0,3,29.797499999999925,0
1429618.0,3,30.129999999999836,0
1429816.0,0,31.0949999999999,1
1430066.0,3,33.754999999999946,0
1430316.0,3,28.90499999999985,0
1430566.0,3,32.82249999999997,0
1430816.0,3,28.812499999999854,0
1431066.0,3,27.779999999999898,0
1431316.0,3,30.607499999999828,0
1431566.0,3,29.58499999999985,0
1431816.0,3,28.884999999999852,0
1432066.0,3,26.08999999999988,0
1432316.0,3,29.104999999999865,0
1432566.0,3,30.029999999999824,0
1432816.0,3,27.23499999999987,0
1433066.0,3,33.53249999999995,0
1433316.0,3,29.134999999999856,0
1433566.0,3,33.972499999999975,0
1433816.0,3,29.084999999999845,0
1434066.0,3,29.00249999999985,0
1434270.0,0,30.91999999999991,1
1434520.0,3,30.477499999999843,0
1434770.0,3,32.52999999999987,0
1435020.0,3,30.989999999999856,0
1435270.0,3,33.49249999999999,0
1435376.0,3,16.469999999999978,0
1435626.0,3,30.552499999999817,0
1435876.0,3,29.582499999999854,0
1436126.0,3,28.512499999999882,0
1436321.0,0,31.404999999999898,1
1436571.0,3,32.77749999999989,0
1436821.0,3,33.38999999999997,0
1437071.0,3,29.049999999999873,0
1437321.0,3,33.08249999999998,0
1437571.0,3,31.99999999999986,0
1437821.0,3,32.65499999999992,0
1438071.0,3,31.03999999999984,0
1438321.0,3,30.394999999999857,0
1438571.0,3,30.767499999999835,0
1438821.0,3,33.46249999999991,0
1439071.0,3,30.2599999999999,0
1439321.0,3,30.23249999999987,0
1439571.0,3,32.05499999999986,0
1439821.0,3,27.962499999999885,0
1440071.0,3,32.42749999999995,0
1440321.0,3,33.0299999999999,0
1440571.0,3,32.98499999999988,0
1440821.0,3,30.477499999999914,0
1440975.0,0,26.629999999999935,1
1441225.0,3,31.71999999999986,0
1441370.0,0,28.03499999999994,1
1441618.0,0,35.60999999999988,1
1441824.0,0,31.154999999999905,1
1442074.0,3,27.582499999999843,0
1442324.0,3,27.454999999999888,0
1442486.0,0,27.839999999999932,1
1442715.0,1,30.124999999999915,1
1442821.0,0,23.039999999999974,1
1442981.0,0,28.424999999999944,1
1443157.0,1,26.079999999999934,1
1443394.0,0,32.72999999999988,1
1443546.0,0,25.34499999999995,1
1443651.0,1,22.209999999999994,1
1443807.0,0,27.47499999999994,1
1444057.0,3,31.832499999999833,0
1444307.0,3,31.2824999999999,0
1444557.0,3,29.969999999999835,0
1444653.0,3,12.867499999999987,0
1444860.0,1,29.304999999999904,1
1445110.0,3,32.77999999999993,0
1445360.0,3,29.554999999999875,0
1445610.0,3,31.662499999999834,0
1445860.0,3,32.38499999999986,0
1446098.0,0,33.6599999999999,1
1446290.0,0,30.70999999999993,1
1446540.0,3,32.67999999999998,0
1446790.0,3,29.35499999999984,0
1446997.0,0,30.059999999999896,1
1447247.0,3,32.55249999999995,0
1447497.0,3,29.9374999999999,0
1447747.0,3,34.06749999999993,0
1447992.0,0,34.8399999999999,1
1448242.0,3,30.727499999999857,0
1448492.0,3,31.822499999999927,0
1448742.0,3,31.83999999999987,0
1448992.0,3,31.35249999999989,0
1449242.0,3,31.539999999999853,0
1449481.0,0,31.654999999999887,1
1449731.0,3,32.27249999999993,0
1449981.0,3,30.347499999999865,0
1450231.0,3,27.507499999999883,0
1450381.0,3,22.739999999999945,0
1450631.0,3,29.649999999999853,0
1450881.0,3,29.98999999999988,0
1451110.0,0,35.02999999999994,1
1451360.0,3,29.577499999999862,0
1451610.0,3,32.289999999999864,0
1451860.0,3,28.304999999999872,0
1452110.0,3,24.777499999999918,0
1452360.0,3,28.66249999999989,0
1452607.0,0,29.42999999999991,1
1452857.0,3,29.974999999999845,0
1453107.0,3,27.074999999999868,0
1453357.0,3,31.72499999999993,0
1453607.0,3,31.227499999999868,0
1453857.0,3,31.017499999999874,0
1454107.0,3,29.364999999999856,0
1454357.0,3,34.13749999999998,0
1454607.0,3,28.27749999999986,0
1454823.0,0,32.5099999999999,1
1454988.0,0,27.879999999999924,1
1455238.0,3,28.78999999999987,0
1455488.0,3,29.069999999999858,0
1455738.0,3,30.11249999999986,0
1455988.0,3,29.069999999999858,0
1456238.0,3,30.949999999999868,0
1456446.0,0,34.229999999999926,1
1456696.0,3,25.807499999999905,0
1456946.0,3,29.392499999999867,0
1457196.0,3,32.82749999999991,0
1457446.0,3,32.72749999999997,0
1457696.0,3,30.81499999999985,0
1457946.0,3,29.28749999999989,0
1458094.0,3,15.702499999999997,0
1458344.0,3,32.72249999999985,0
1458594.0,3,30.31749999999985,0
1458844.0,3,29.63749999999985,0
1459066.0,0,35.5749999999999,1
1459316.0,3,31.33999999999992,0
1459566.0,3,31.859999999999882,0
1459816.0,3,31.867499999999847,0
1460066.0,3,30.40249999999982,0
1460316.0,3,29.64749999999985,0
1460566.0,3,33.34249999999998,0
1460721.0,0,25.574999999999953,1
1460971.0,3,32.037499999999845,0
1461221.0,3,30.31249999999984,0
1461471.0,3,32.49749999999991,0
1461698.0,0,34.134999999999884,1
1461948.0,3,32.864999999999974,0
1462198.0,3,30.562499999999876,0
1462448.0,3,33.92499999999999,0
1462586.0,0,25.75499999999995,1
1462836.0,3,29.10999999999986,0
1463086.0,3,26.474999999999884,0
1463336.0,3,28.464999999999893,0
1463586.0,3,28.807499999999894,0
1463836.0,3,27.13499999999988,0
1464031.0,0,28.819999999999915,1
1464281.0,3,33.37249999999986,0
1464531.0,3,30.19499999999988,0
1464663.0,3,18.734999999999943,0
1464913.0,3,26.869999999999884,0
1465163.0,3,29.842499999999827,0
1465324.0,0,27.644999999999918,1
1465515.0,3,20.744999999999944,0
1465672.0,1,25.49999999999998,1
1465922.0,3,29.087499999999878,0
1466172.0,3,29.40499999999982,0
1466390.0,0,33.13499999999986,1
1466577.0,0,30.044999999999902,1
1466777.0,0,30.184999999999917,1
1467027.0,3,33.037499999999895,0
1467277.0,3,34.82999999999996,0
1467527.0,3,30.614999999999842,0
1467777.0,3,33.604999999999926,0
1467963.0,0,30.58499999999991,1
1468213.0,3,28.082499999999868,0
1468463.0,3,32.139999999999844,0
1468713.0,3,30.404999999999866,0
1468963.0,3,30.629999999999885,0
1469213.0,3,31.67749999999984,0
1469463.0,3,29.917499999999837,0
1469713.0,3,30.709999999999923,0
1469963.0,3,33.02249999999991,0
1470213.0,3,29.93749999999988,0
1470463.0,3,30.62499999999987,0
1470713.0,3,27.762499999999857,0
1470963.0,3,31.552499999999867,0
1471213.0,3,30.759999999999835,0
1471463.0,3,28.45249999999991,0
1471708.0,0,35.769999999999875,1
1471958.0,3,32.13999999999984,0
1472160.0,1,28.194999999999915,1
1472410.0,3,29.262499999999854,0
1472535.0,3,17.87499999999998,0
1472785.0,3,34.48499999999997,0
1472984.0,1,30.28999999999993,1
1473234.0,3,29.6724999999999,0
1473484.0,3,30.742499999999914,0
1473734.0,3,34.37999999999991,0
1473984.0,3,32.724999999999866,0
1474234.0,3,33.272499999999894,0
1474484.0,3,28.547499999999854,0
1474734.0,3,28.134999999999867,0
1474984.0,3,30.637499999999832,0
1475138.0,1,24.824999999999946,1
1475358.0,0,33.45499999999988,1
1475565.0,0,32.40999999999988,1
1475707.0,0,24.664999999999953,1
1475806.0,3,15.967499999999985,0
1475998.0,0,28.914999999999907,1
1476163.0,1,26.23499999999994,1
1476299.0,1,24.954999999999963,1
1476549.0,3,35.06249999999998,0
1476799.0,3,32.754999999999896,0
1477049.0,3,28.42499999999986,0
1477260.0,0,30.554999999999904,1
1477408.0,0,25.554999999999943,1
1477545.0,0,24.794999999999952,1
1477795.0,3,27.289999999999864,0
1478045.0,3,31.20249999999988,0
1478295.0,3,33.75249999999997,0
1478428.0,0,25.149999999999945,1
1478678.0,3,29.82249999999983,0
1478928.0,3,25.962499999999885,0
1479178.0,3,29.814999999999838,0
1479428.0,3,27.567499999999875,0
1479678.0,3,32.88499999999999,0
1479928.0,3,30.969999999999832,0
1480178.0,3,34.307499999999955,0
1480428.0,3,32.49999999999992,0
1480678.0,3,27.74999999999986,0
1480928.0,3,30.762499999999847,0
1481178.0,3,27.289999999999875,0
1481428.0,3,34.36999999999994,0
1481678.0,3,30.829999999999906,0
1481928.0,3,31.32999999999991,0
1482178.0,3,31.599999999999834,0
1482372.0,0,30.76999999999994,1
1482622.0,3,33.599999999999966,0
1482872.0,3,31.587499999999917,0
1483122.0,3,27.399999999999896,0
1483281.0,0,28.74499999999992,1
1483531.0,3,32.077499999999844,0
1483755.0,0,36.35999999999988,1
1484005.0,3,33.65999999999995,0
1484255.0,3,30.559999999999835,0
1484505.0,3,32.99999999999993,0
1484755.0,3,29.13249999999983,0
1484969.0,1,30.78499999999989,1
1485219.0,3,27.71249999999987,0
1485415.0,0,29.864999999999913,1
1485665.0,3,26.849999999999884,0
1485870.0,0,31.839999999999876,1
1486120.0,3,32.07499999999991,0
1486370.0,3,33.29499999999998,0
1486620.0,3,31.394999999999868,0
1486870.0,3,33.329999999999956,0
1487120.0,3,34.3125,0
1487370.0,3,33.724999999999945,0
1487620.0,3,31.854999999999862,0
1487870.0,3,33.01749999999984,0
1488120.0,3,28.657499999999857,0
1488370.0,3,33.677499999999874,0
1488572.0,0,30.57499999999991,1
1488822.0,3,33.69249999999986,0
1489072.0,3,32.21749999999992,0
1489322.0,3,29.727499999999846,0
1489572.0,3,28.747499999999867,0
1489819.0,0,28.7199999999999,1
1490005.0,0,28.299999999999912,1
1490208.0,0,29.944999999999904,1
1490458.0,3,27.78749999999987,0
1490708.0,3,32.794999999999874,0
1490958.0,3,31.98749999999983,0
1491208.0,3,30.99749999999987,0
1491458.0,3,30.719999999999853,0
1491618.0,0,26.844999999999928,1
1491868.0,3,25.837499999999906,0
1492118.0,3,28.872499999999945,0
1492368.0,3,30.249999999999847,0
1492618.0,3,31.502499999999845,0
1492868.0,3,29.652499999999886,0
1493118.0,3,30.89249999999985,0
1493368.0,3,29.72749999999988,0
1493618.0,3,30.954999999999846,0
1493727.0,3,15.31999999999999,0
1493977.0,3,23.824999999999914,0
1494227.0,3,32.81249999999996,0
1494477.0,3,27.297499999999907,0
1494727.0,3,32.92000000000002,0
1494861.0,0,26.43999999999996,1
1495111.0,3,30.87749999999982,0
1495361.0,3,27.044999999999863,0
1495611.0,3,35.74499999999998,0
1495861.0,3,31.072499999999863,0
1496111.0,3,28.46999999999985,0
1496361.0,3,29.782499999999857,0
1496611.0,3,30.08999999999985,0
1496861.0,3,29.50249999999985,0
1497014.0,1,25.38999999999995,1
1497264.0,3,33.70999999999991,0
1497514.0,3,33.87249999999994,0
1497764.0,3,28.73749999999984,0
1498014.0,3,30.597499999999823,0
1498264.0,3,29.827499999999826,0
1498514.0,3,31.532499999999814,0
1498764.0,3,33.25499999999992,0
1499014.0,3,30.11499999999985,0
1499264.0,3,33.352499999999964,0
1499514.0,3,29.547499999999854,0
1499764.0,3,32.79749999999986,0
1500014.0,3,29.92499999999986,0
1500264.0,3,28.259999999999845,0
1500514.0,3,31.62999999999994,0
1500764.0,3,33.91249999999993,0
1501014.0,3,33.25499999999993,0
1501217.0,0,29.149999999999906,1
1501467.0,3,28.197499999999867,0
1501717.0,3,29.342499999999827,0
1501967.0,3,29.972499999999815,0
1502217.0,3,32.76999999999987,0
1502393.0,1,28.094999999999946,1
1502643.0,3,31.159999999999876,0
1502893.0,3,33.45249999999992,0
1503143.0,3,29.43249999999986,0
1503393.0,3,30.349999999999834,0
1503643.0,3,33.50499999999996,0
1503883.0,0,34.554999999999865,1
1504088.0,0,30.209999999999898,1
1504338.0,3,35.67749999999997,0
1504588.0,3,27.71249999999988,0
1504838.0,3,32.287499999999824,0
1504984.0,0,26.434999999999935,1
1505170.0,0,28.554999999999914,1
1505386.0,0,30.92499999999989,1
1505599.0,0,32.36499999999994,1
1505849.0,3,30.779999999999816,0
1506099.0,3,30.154999999999845,0
1506349.0,3,33.56250000000001,0
1506585.0,0,32.41499999999988,1
1506695.0,0,22.68499999999998,1
1506945.0,3,30.61749999999984,0
1507060.0,0,23.989999999999963,1
1507310.0,3,30.712499999999824,0
1507560.0,3,29.41499999999985,0
1507810.0,3,31.109999999999868,0
1508060.0,3,31.947499999999867,0
1508310.0,3,26.43249999999989,0
1508512.0,0,31.349999999999916,1
1508732.0,0,29.869999999999887,1
1508982.0,3,30.752499999999824,0
1509232.0,3,27.15749999999987,0
1509482.0,3,31.52749999999983,0
1509701.0,1,32.384999999999884,1
1509860.0,0,26.189999999999934,1
1510110.0,3,33.519999999999925,0
1510316.0,0,31.54999999999989,1
1510520.0,0,28.859999999999918,1
1510654.0,0,24.084999999999972,1
1510857.0,0,28.124999999999925,1
1511107.0,3,31.957499999999925,0
1511357.0,3,30.727499999999885,0
1511607.0,3,33.675,0
1511857.0,3,29.604999999999833,0
1512107.0,3,33.392499999999984,0
1512357.0,3,30.552499999999885,0
1512607.0,3,29.46249999999984,0
1512857.0,3,33.38999999999988,0
1513107.0,3,33.47249999999991,0
1513357.0,3,32.63499999999996,0
1513607.0,3,29.90499999999983,0
1513857.0,3,30.434999999999846,0
1514107.0,3,33.34749999999994,0
1514256.0,0,26.204999999999956,1
1514407.0,1,27.35999999999993,1
1514657.0,3,26.877499999999863,0
1514907.0,3,33.48249999999991,0
1515157.0,3,25.702499999999862,0
1515338.0,3,25.519999999999946,0
1515552.0,1,27.409999999999933,1
1515802.0,3,31.17749999999984,0
1516052.0,3,30.889999999999855,0
1516302.0,3,28.42749999999986,0
1516450.0,0,25.91499999999995,1
1516700.0,3,28.23499999999988,0
1516950.0,3,29.70249999999987,0
1517200.0,3,29.64249999999985,0
1517392.0,0,29.104999999999908,1
1517593.0,1,32.10499999999991,1
1517843.0,3,28.672499999999847,0
1518093.0,3,29.722499999999854,0
1518343.0,3,30.154999999999845,0
1518593.0,3,28.587499999999864,0
1518843.0,3,32.31249999999984,0
1519058.0,0,32.28499999999988,1
1519308.0,3,31.349999999999834,0
1519558.0,3,27.152499999999865,0
1519761.0,0,28.25499999999993,1
1520011.0,3,31.819999999999865,0
1520261.0,3,31.62249999999986,0
1520511.0,3,27.33499999999992,0
1520761.0,3,32.242499999999914,0
1521011.0,3,26.694999999999883,0
1521261.0,3,25.179999999999914,0
1521511.0,3,27.319999999999887,0
1521761.0,3,32.65499999999997,0
1522011.0,3,28.489999999999885,0
1522261.0,3,31.40499999999985,0
1522511.0,3,28.387499999999843,0
1522761.0,3,30.46999999999982,0
1522862.0,0,22.48499999999998,1
1523039.0,1,26.97999999999994,1
1523232.0,0,32.329999999999906,1
1523482.0,3,26.502499999999877,0
1523732.0,3,25.917499999999876,0
1523982.0,3,31.134999999999852,0
1524232.0,3,32.36749999999985,0
1524482.0,3,31.434999999999835,0
1524732.0,3,31.044999999999828,0
1524982.0,3,31.497499999999828,0
1525232.0,3,31.47749999999984,0
1525382.0,0,24.804999999999946,1
1525632.0,3,28.204999999999863,0
1525838.0,0,31.579999999999878,1
1526079.0,3,27.96999999999986,0
1526329.0,3,29.087499999999828,0
1526579.0,3,29.057499999999887,0
1526829.0,3,30.92999999999987,0
1527016.0,0,29.079999999999917,1
1527266.0,3,29.579999999999842,0
1527516.0,3,27.684999999999878,0
1527766.0,3,29.22749999999988,0
1528016.0,3,33.44749999999988,0
1528266.0,3,26.09749999999986,0
1528516.0,3,32.947499999999955,0
1528766.0,3,31.119999999999852,0
1529007.0,0,31.95999999999989,1
1529257.0,3,30.362499999999823,0
1529507.0,3,30.919999999999852,0
1529757.0,3,27.679999999999858,0
1530007.0,3,32.114999999999945,0
1530146.0,0,24.959999999999958,1
1530298.0,0,25.67499999999995,1
1530548.0,3,33.49249999999996,0
1530798.0,3,26.747499999999878,0
1531010.0,0,29.11499999999991,1
1531260.0,3,31.04999999999984,0
1531510.0,3,27.13499999999986,0
1531760.0,3,28.407499999999832,0
1531965.0,0,28.079999999999924,1
1532215.0,3,32.74249999999983,0
1532465.0,3,32.58249999999984,0
1532715.0,3,30.292499999999833,0
1532965.0,3,31.894999999999843,0
1533159.0,0,30.264999999999894,1
1533409.0,3,28.78249999999986,0
1533550.0,0,26.47999999999994,1
1533800.0,3,29.867499999999847,0
1533950.0,0,26.224999999999937,1
1534200.0,3,30.839999999999865,0
1534450.0,3,31.84999999999985,0
1534700.0,3,28.86249999999986,0
1534950.0,3,27.569999999999858,0
1535200.0,3,31.07999999999983,0
1535450.0,3,31.56499999999989,0
1535700.0,3,26.919999999999867,0
1535950.0,3,29.427499999999867,0
1536155.0,0,28.35499999999992,1
1536405.0,3,28.417499999999873,0
1536655.0,3,31.78249999999983,0
1536877.0,1,30.98999999999989,1
1537088.0,0,33.84499999999991,1
1537289.0,0,31.15499999999991,1
1537539.0,3,28.239999999999846,0
1537765.0,1,32.0999999999999,1
1538015.0,3,33.279999999999944,0
1538160.0,0,24.969999999999963,1
1538410.0,3,26.024999999999878,0
1538660.0,3,30.42749999999987,0
1538910.0,3,32.739999999999874,0
1539160.0,3,31.68999999999991,0
1539311.0,0,23.92499999999997,1
1539561.0,3,31.339999999999826,0
1539811.0,3,32.079999999999885,0
1540014.0,0,29.664999999999928,1
1540264.0,3,31.497499999999825,0
1540465.0,0,31.69999999999991,1
1540628.0,0,27.354999999999922,1
1540878.0,3,29.277499999999854,0
1541128.0,3,30.042499999999862,0
1541294.0,0,27.39999999999992,1
1541544.0,3,31.01749999999983,0
1541764.0,1,33.23999999999989,1
1542014.0,3,28.412499999999845,0
1542264.0,3,33.804999999999914,0
1542459.0,0,30.184999999999896,1
1542709.0,3,31.87749999999985,0
1542959.0,3,30.464999999999833,0
1543162.0,0,29.22499999999991,1
1543368.0,0,31.294999999999895,1
1543618.0,3,30.689999999999873,0
1543868.0,3,25.799999999999887,0
1544112.0,0,32.24499999999987,1
1544303.0,0,28.134999999999916,1
1544553.0,3,29.072499999999852,0
1544803.0,3,30.052499999999842,0
1544958.0,0,27.074999999999935,1
1545208.0,3,29.157499999999867,0
1545458.0,3,28.647499999999873,0
1545652.0,0,30.999999999999908,1
1545896.0,0,32.07999999999989,1
1546146.0,3,24.972499999999876,0
1546396.0,3,29.387499999999896,0
1546646.0,3,27.432499999999887,0
1546896.0,3,29.95749999999993,0
1547146.0,3,30.34249999999987,0
1547396.0,3,26.524999999999903,0
1547580.0,0,26.52999999999994,1
1547798.0,3,19.152499999999964,0
1548048.0,3,24.897499999999905,0
1548298.0,3,30.56249999999982,0
1548548.0,3,24.189999999999877,0
1548798.0,3,26.91249999999988,0
1549048.0,3,34.037499999999966,0
1549249.0,1,28.909999999999926,1
1549499.0,3,31.024999999999878,0
1549694.0,0,32.09999999999991,1
1549944.0,3,29.464999999999836,0
1550194.0,3,26.457499999999918,0
1550342.0,0,26.284999999999933,1
1550592.0,3,33.57249999999984,0
1550842.0,3,30.28499999999985,0
1551092.0,3,30.714999999999822,0
1551342.0,3,30.754999999999857,0
1551592.0,3,28.334999999999866,0
1551842.0,3,33.31499999999991,0
1552092.0,3,26.802499999999903,0
1552342.0,3,32.98249999999992,0
1552536.0,3,19.449999999999935,0
1552613.0,3,11.089999999999987,0
1552863.0,3,24.672499999999918,0
1553083.0,0,36.02499999999988,1
1553333.0,3,29.677499999999835,0
1553583.0,3,29.634999999999827,0
1553833.0,3,32.87999999999998,0
1554083.0,3,32.1849999999999,0
1554291.0,3,20.582499999999918,0
1554475.0,0,26.87999999999992,1
1554725.0,3,28.87999999999988,0
1554975.0,3,29.31999999999984,0
1555225.0,3,25.424999999999873,0
1555440.0,0,26.74999999999994,1
1555661.0,0,30.2199999999999,1
1555911.0,3,30.33499999999983,0
1556161.0,3,26.90999999999987,0
1556399.0,0,30.434999999999917,1
1556649.0,3,33.90749999999993,0
1556790.0,0,24.67499999999996,1
1557040.0,3,30.112499999999823,0
1557290.0,3,28.709999999999848,0
1557540.0,3,32.212499999999956,0
1557790.0,3,28.244999999999866,0
1558040.0,3,29.824999999999847,0
1558290.0,3,32.49999999999995,0
1558540.0,3,27.40249999999988,0
1558790.0,3,31.494999999999873,0
1559040.0,3,24.072499999999923,0
1559290.0,3,33.204999999999956,0
1559540.0,3,31.379999999999868,0
1559641.0,3,15.022499999999983,0
1559891.0,3,29.174999999999827,0
1560087.0,0,30.61499999999993,1
1560337.0,3,31.449999999999875,0
1560496.0,0,27.814999999999927,1
1560704.0,1,31.634999999999877,1
1560852.0,0,24.609999999999957,1
1561102.0,3,29.50999999999984,0
1561352.0,3,28.704999999999874,0
1561551.0,0,30.754999999999892,1
1561801.0,3,30.36499999999983,0
1562026.0,1,31.049999999999905,1
1562276.0,3,32.18249999999993,0
1562526.0,3,31.417499999999887,0
1562776.0,3,29.11499999999985,0
1563026.0,3,32.69249999999995,0
1563276.0,3,29.86499999999985,0
1563526.0,3,22.699999999999903,0
1563776.0,3,30.244999999999873,0
1563873.0,0,22.079999999999977,1
1564077.0,0,29.90499999999991,1
1564327.0,3,30.539999999999836,0
1564577.0,3,28.512499999999843,0
1564751.0,1,25.629999999999935,1
1565001.0,3,31.019999999999868,0
1565251.0,3,25.529999999999887,0
1565501.0,3,31.887499999999907,0
1565751.0,3,27.219999999999875,0
1566001.0,3,31.407499999999903,0
1566251.0,3,28.39999999999987,0
1566501.0,3,31.197499999999817,0
1566681.0,0,28.03499999999992,1
1566846.0,0,25.90999999999994,1
1567096.0,3,32.00999999999991,0
1567303.0,0,29.459999999999898,1
1567553.0,3,32.637499999999896,0
1567803.0,3,29.869999999999845,0
1568005.0,0,32.369999999999926,1
1568255.0,3,30.284999999999844,0
1568505.0,3,30.42749999999981,0
1568718.0,0,33.24499999999988,1
1568853.0,0,23.949999999999953,1
1569078.0,0,31.909999999999897,1
1569328.0,3,29.09249999999984,0
1569470.0,0,26.51999999999994,1
1569720.0,3,28.57499999999984,0
1569970.0,3,26.16499999999987,0
1570139.0,1,28.874999999999915,1
1570389.0,3,30.9074999999999,0
1570639.0,3,31.232499999999806,0
1570846.0,0,30.409999999999894,1
1571046.0,0,29.914999999999896,1
1571296.0,3,31.477499999999907,0
1571546.0,3,28.372499999999874,0
1571755.0,0,31.45499999999987,1
1572005.0,3,30.914999999999814,0
1572255.0,3,28.149999999999864,0
1572505.0,3,31.347499999999844,0
1572755.0,3,31.042499999999844,0
1573005.0,3,31.762499999999836,0
1573255.0,3,31.14249999999985,0
1573505.0,3,29.512499999999832,0
1573726.0,0,31.49499999999988,1
1573890.0,0,29.439999999999912,1
1574053.0,0,28.579999999999917,1
1574303.0,3,28.974999999999852,0
1574553.0,3,29.314999999999834,0
1574761.0,0,32.47999999999988,1
1574972.0,0,33.82499999999992,1
1575222.0,3,29.899999999999867,0
1575472.0,3,33.00999999999991,0
1575722.0,3,25.55999999999986,0
1575884.0,3,19.66749999999997,0
1576134.0,3,32.04499999999986,0
1576384.0,3,30.264999999999823,0
1576634.0,3,29.999999999999858,0
1576884.0,3,33.21,0
1577134.0,3,30.45499999999984,0
1577384.0,3,30.894999999999854,0
1577634.0,3,31.582499999999875,0
1577840.0,0,34.1749999999999,1
1578090.0,3,29.302499999999828,0
1578340.0,3,30.27749999999984,0
1578590.0,3,33.23749999999991,0
1578840.0,3,30.61999999999985,0
1579090.0,3,28.479999999999844,0
1579340.0,3,27.84749999999988,0
1579536.0,0,29.30499999999991,1
1579786.0,3,27.119999999999877,0
1580036.0,3,30.1474999999999,0
1580286.0,3,28.839999999999847,0
1580536.0,3,31.874999999999883,0
1580786.0,3,30.47999999999982,0
1581036.0,3,31.23999999999992,0
1581286.0,3,28.07999999999986,0
1581384.0,0,21.79499999999998,1
1581634.0,3,31.68499999999982,0
1581747.0,0,22.934999999999967,1
1581997.0,3,31.294999999999852,0
1582166.0,0,27.79999999999992,1
1582416.0,3,32.707499999999946,0
1582666.0,3,30.847499999999908,0
1582916.0,3,28.832499999999868,0
1583166.0,3,26.14749999999987,0
1583416.0,3,29.47749999999984,0
1583666.0,3,30.76499999999995,0
1583916.0,3,28.069999999999855,0
1584126.0,2,28.679999999999914,1
1584376.0,3,29.499999999999837,0
1584534.0,0,26.56999999999994,1
1584784.0,3,31.569999999999844,0
1585034.0,3,28.097499999999876,0
1585106.0,3,9.27499999999999,0
1585356.0,3,31.25249999999992,0
1585606.0,3,30.62249999999991,0
1585856.0,3,32.41999999999995,0
1586106.0,3,31.774999999999913,0
1586348.0,1,35.309999999999874,1
1586598.0,3,28.91249999999984,0
1586848.0,3,34.027499999999975,0
1587011.0,1,27.95999999999994,1
1587261.0,3,33.01249999999992,0
1587511.0,3,31.722499999999915,0
1587761.0,3,33.19249999999997,0
1588011.0,3,30.579999999999878,0
1588261.0,3,28.339999999999858,0
1588511.0,3,33.309999999999995,0
1588761.0,3,30.072499999999867,0
1588919.0,0,27.454999999999924,1
1589169.0,3,27.732499999999877,0
1589419.0,3,27.719999999999864,0
1589669.0,3,29.41999999999986,0
1589919.0,3,29.6724999999999,0
1590133.0,0,32.55499999999988,1
1590289.0,0,27.264999999999947,1
1590539.0,3,32.71749999999988,0
1590710.0,0,29.274999999999906,1
1590960.0,3,29.552499999999853,0
1591210.0,3,32.85499999999993,0
1591460.0,3,31.282499999999867,0
1591710.0,3,25.837499999999896,0
1591820.0,0,23.519999999999982,1
1592028.0,0,32.50499999999989,1
1592248.0,0,35.169999999999916,1
1592498.0,3,30.28749999999982,0
1592748.0,3,30.64499999999984,0
1592998.0,3,27.019999999999843,0
1593158.0,0,26.804999999999943,1
1593408.0,3,32.522499999999866,0
1593658.0,3,30.687499999999833,0
1593810.0,0,24.764999999999965,1
1594027.0,0,32.82999999999987,1
1594277.0,3,29.974999999999874,0
1594441.0,0,27.98499999999993,1
1594594.0,0,25.564999999999948,1
1594756.0,0,28.314999999999923,1
1594987.0,0,34.654999999999845,1
1595237.0,3,28.794999999999845,0
1595463.0,0,32.37999999999987,1
1595713.0,3,32.7699999999999,0
1595876.0,0,26.769999999999936,1
1596126.0,3,29.63749999999985,0
1596285.0,0,28.479999999999905,1
1596535.0,3,32.15749999999986,0
1596785.0,3,22.6374999999999,0
1596984.0,3,18.35999999999993,0
1597234.0,3,28.902499999999876,0
1597397.0,0,27.50499999999993,1
1597647.0,3,34.14749999999996,0
1597817.0,1,27.084999999999944,1
1598067.0,3,30.80999999999988,0
1598317.0,3,30.24749999999984,0
1598564.0,0,35.31499999999985,1
1598629.0,3,8.464999999999996,0
1598860.0,0,34.799999999999926,1
1599110.0,3,30.504999999999857,0
1599352.0,0,38.02499999999988,1
1599602.0,3,33.83499999999999,0
1599817.0,0,30.794999999999884,1
1600067.0,3,31.127499999999834,0
1600317.0,3,25.76249999999987,0
1600567.0,3,27.86249999999985,0
1600817.0,3,28.404999999999852,0
1601067.0,3,27.117499999999893,0
1601317.0,3,31.294999999999828,0
1601483.0,1,25.10999999999995,1
1601580.0,0,22.999999999999975,1
1601830.0,3,28.574999999999875,0
1601930.0,0,22.489999999999974,1
1601992.0,3,7.779999999999997,0
1602234.0,3,27.65999999999989,0
1602484.0,3,28.744999999999873,0
1602734.0,3,30.572499999999852,0
1602984.0,3,25.692499999999864,0
1603152.0,0,26.924999999999933,1
1603402.0,3,27.809999999999878,0
1603652.0,3,30.87999999999983,0
1603902.0,3,31.192499999999846,0
1604152.0,3,30.907499999999843,0
1604340.0,3,17.404999999999948,0
1604590.0,3,27.294999999999884,0
1604840.0,3,33.56999999999994,0
1605090.0,3,30.899999999999853,0
1605340.0,3,29.394999999999868,0
1605590.0,3,29.639999999999873,0
1605840.0,3,27.712499999999853,0
1606090.0,3,33.464999999999925,0
1606327.0,1,33.06499999999992,1
1606532.0,0,33.979999999999926,1
1606782.0,3,28.65249999999988,0
1606888.0,1,22.769999999999992,1
1607138.0,3,31.8824999999999,0
1607355.0,0,31.424999999999883,1
1607504.0,0,28.04499999999992,1
1607736.0,0,32.854999999999876,1
1607986.0,3,32.8724999999999,0
1608236.0,3,31.099999999999813,0
1608402.0,0,26.06999999999993,1
1608648.0,0,36.93499999999984,1
1608805.0,0,23.75499999999996,1
1609055.0,3,32.28749999999985,0
1609219.0,0,27.554999999999925,1
1609469.0,3,29.262499999999854,0
1609719.0,3,31.23999999999984,0
1609940.0,1,31.664999999999893,1
1610190.0,3,30.942499999999836,0
1610440.0,3,28.767499999999863,0
1610690.0,3,31.139999999999812,0
1610940.0,3,30.53749999999984,0
1611190.0,3,33.35999999999997,0
1611404.0,0,29.22999999999991,1
1611554.0,0,27.06999999999993,1
1611762.0,0,29.879999999999917,1
1611962.0,0,31.539999999999907,1
1612117.0,0,25.939999999999937,1
1612225.0,0,22.959999999999972,1
1612475.0,3,30.422499999999886,0
1612725.0,3,34.10999999999999,0
1612975.0,3,33.83749999999997,0
1613132.0,0,27.95499999999992,1
1613382.0,3,28.16499999999987,0
1613632.0,3,32.574999999999896,0
1613820.0,0,27.95499999999993,1
1614070.0,3,33.13249999999996,0
1614230.0,0,27.48499999999992,1
1614480.0,3,30.987499999999834,0
1614606.0,3,15.769999999999982,0
1614856.0,3,31.809999999999878,0
1615106.0,3,32.75999999999993,0
1615268.0,0,28.07999999999992,1
1615518.0,3,32.85499999999993,0
1615726.0,1,28.554999999999918,1
1615976.0,3,31.652499999999904,0
1616205.0,1,31.794999999999895,1
1616455.0,3,32.04249999999984,0
1616705.0,3,30.13749999999988,0
1616955.0,3,30.419999999999835,0
1617205.0,3,26.69999999999985,0
1617455.0,3,28.447499999999884,0
1617614.0,0,25.42999999999995,1
1617864.0,3,24.41999999999992,0
1618082.0,0,31.924999999999898,1
1618313.0,1,30.914999999999893,1
1618563.0,3,26.212499999999864,0
1618813.0,3,28.72249999999989,0
1619063.0,3,30.59749999999982,0
1619313.0,3,30.202499999999873,0
1619563.0,3,24.459999999999862,0
1619727.0,1,26.76999999999993,1
1619977.0,3,30.542499999999862,0
1620227.0,3,33.55000000000001,0
1620387.0,0,26.194999999999933,1
1620637.0,3,31.259999999999906,0
1620852.0,0,31.244999999999898,1
1621102.0,3,31.4674999999999,0
1621318.0,0,34.96999999999992,1
1621568.0,3,31.549999999999855,0
1621818.0,3,27.06749999999986,0
1622068.0,3,28.099999999999863,0
1622219.0,0,26.509999999999934,1
1622444.0,0,32.13999999999987,1
1622694.0,3,28.849999999999874,0
1622944.0,3,33.234999999999935,0
1623095.0,0,26.64499999999994,1
1623345.0,3,33.012499999999925,0
1623573.0,0,33.14999999999987,1
1623823.0,3,30.102499999999836,0
1624073.0,3,33.45249999999998,0
1624323.0,3,32.60499999999989,0
1624573.0,3,30.562499999999854,0
1624790.0,0,31.064999999999884,1
1624899.0,0,23.519999999999975,1
1625149.0,3,30.5849999999999,0
1625399.0,3,34.08749999999996,0
1625649.0,3,31.827499999999898,0
1625838.0,0,28.049999999999933,1
1626088.0,3,27.822499999999877,0
1626338.0,3,29.754999999999825,0
1626588.0,3,28.58249999999985,0
1626779.0,0,31.634999999999877,1
1626991.0,0,31.029999999999895,1
1627212.0,0,33.80999999999985,1
1627365.0,0,27.044999999999934,1
1627615.0,3,27.107499999999877,0
1627823.0,0,28.434999999999924,1
1628073.0,3,27.36749999999988,0
1628323.0,3,28.212499999999913,0
1628573.0,3,29.527499999999836,0
1628823.0,3,30.59249999999993,0
1629073.0,3,30.704999999999856,0
1629323.0,3,29.902499999999904,0
1629573.0,3,24.72499999999988,0
1629637.0,3,8.979999999999992,0
1629887.0,3,30.312499999999833,0
1630137.0,3,32.53749999999994,0
1630341.0,0,29.139999999999915,1
1630591.0,3,28.192499999999857,0
1630841.0,3,31.014999999999823,0
1631091.0,3,28.259999999999856,0
1631246.0,0,27.114999999999927,1
1631461.0,0,30.904999999999895,1
1631622.0,0,27.359999999999943,1
1631767.0,0,24.96999999999995,1
1632017.0,3,28.28249999999989,0
1632186.0,0,27.41499999999994,1
1632436.0,3,31.747499999999846,0
1632612.0,0,27.71999999999994,1
1632862.0,3,27.102499999999875,0
1633017.0,0,26.54999999999994,1
1633267.0,3,32.43999999999997,0
1633517.0,3,33.599999999999994,0
1633767.0,3,27.399999999999867,0
1634017.0,3,33.14249999999998,0
1634132.0,0,23.359999999999967,1
1634382.0,3,29.774999999999828,0
1634609.0,0,33.49499999999986,1
1634823.0,1,28.584999999999916,1
1635073.0,3,30.494999999999866,0
1635226.0,0,25.90999999999994,1
1635370.0,0,26.139999999999933,1
1635620.0,3,27.027499999999876,0
1635840.0,0,31.959999999999948,1
1636083.0,1,31.929999999999904,1
1636304.0,0,31.819999999999887,1
1636554.0,3,27.519999999999865,0
1636804.0,3,31.159999999999833,0
1637054.0,3,29.21749999999985,0
1637292.0,1,32.6749999999999,1
1637542.0,3,32.414999999999864,0
1637693.0,1,25.62999999999996,1
1637943.0,3,31.044999999999845,0
1638099.0,0,26.534999999999933,1
1638349.0,3,30.44499999999985,0
1638599.0,3,30.982499999999863,0
1638849.0,3,25.962499999999896,0
1638956.0,0,22.484999999999978,1
1639206.0,3,27.132499999999872,0
1639456.0,3,32.39249999999983,0
1639706.0,3,31.159999999999844,0
1639869.0,0,26.584999999999958,1
1640119.0,3,30.229999999999837,0
1640369.0,3,29.002499999999852,0
1640569.0,0,31.6449999999999,1
1640819.0,3,30.109999999999836,0
1641069.0,3,28.107499999999863,0
1641319.0,3,25.159999999999894,0
1641531.0,1,29.874999999999893,1
1641781.0,3,30.95249999999985,0
1642031.0,3,27.542499999999865,0
1642281.0,3,26.962499999999856,0
1642531.0,3,33.162499999999994,0
1642781.0,3,30.08499999999983,0
1642998.0,0,30.1399999999999,1
1643228.0,0,33.869999999999855,1
1643396.0,0,29.54999999999991,1
1643646.0,3,26.659999999999872,0
1643854.0,0,31.764999999999883,1
1644104.0,3,31.009999999999916,0
1644202.0,0,21.679999999999982,1
1644408.0,0,32.50499999999987,1
1644652.0,1,30.51499999999992,1
1644902.0,3,26.469999999999857,0
1645136.0,1,31.34499999999989,1
1645364.0,1,31.329999999999885,1
1645583.0,3,24.412499999999902,0
1645833.0,3,30.719999999999835,0
1646029.0,0,30.079999999999913,1
1646239.0,0,29.174999999999915,1
1646489.0,3,24.23999999999991,0
1646632.0,0,23.929999999999968,1
1646882.0,3,28.642499999999853,0
1646983.0,0,22.879999999999974,1
1647205.0,0,31.869999999999884,1
1647455.0,3,28.23499999999986,0
1647608.0,0,26.62999999999994,1
1647764.0,0,27.469999999999928,1
1647971.0,0,32.46499999999989,1
1648221.0,3,29.80999999999983,0
1648422.0,0,31.73999999999988,1
1648580.0,0,26.81999999999994,1
1648830.0,3,27.437499999999865,0
1649080.0,3,27.504999999999846,0
1649330.0,3,30.957499999999854,0
1649482.0,0,25.38499999999994,1
1649732.0,3,34.579999999999934,0
1649982.0,3,23.42499999999991,0
1650232.0,3,32.24249999999993,0
1650482.0,3,30.579999999999853,0
1650710.0,3,26.692499999999868,0
1650915.0,3,25.889999999999876,0
1651135.0,0,33.42999999999993,1
1651385.0,3,23.622499999999903,0
1651635.0,3,30.7449999999999,0
1651885.0,3,24.987499999999905,0
1652135.0,3,28.352499999999864,0
1652278.0,1,25.289999999999957,1
1652528.0,3,33.67499999999991,0
1652769.0,1,32.80499999999988,1
1652888.0,3,13.969999999999986,0
1653138.0,3,30.93499999999992,0
1653388.0,3,29.957499999999865,0
1653638.0,3,33.49499999999996,0
1653848.0,1,28.534999999999922,1
1654098.0,3,30.4399999999999,0
1654198.0,0,22.95999999999998,1
1654365.0,3,21.692499999999917,0
1654527.0,0,27.714999999999925,1
1654688.0,0,28.474999999999927,1
1654938.0,3,24.119999999999912,0
1655188.0,3,32.07249999999988,0
1655327.0,0,26.879999999999946,1
1655533.0,0,33.509999999999934,1
1655691.0,0,26.704999999999927,1
1655941.0,3,34.42749999999998,0
1656191.0,3,30.317499999999892,0
1656347.0,0,26.95499999999994,1
1656515.0,1,26.799999999999958,1
1656681.0,0,26.149999999999945,1
1656931.0,3,29.76749999999987,0
1657181.0,3,29.55999999999984,0
1657371.0,1,27.994999999999916,1
1657621.0,3,26.52499999999986,0
1657871.0,3,26.109999999999857,0
1658121.0,3,31.49999999999989,0
1658371.0,3,25.557499999999887,0
1658621.0,3,29.064999999999895,0
1658871.0,3,28.347499999999865,0
1659076.0,0,31.8399999999999,1
1659225.0,0,28.044999999999927,1
1659475.0,3,30.21249999999982,0
1659725.0,3,31.032499999999853,0
1659975.0,3,27.847499999999883,0
1660225.0,3,31.749999999999805,0
1660475.0,3,31.124999999999847,0
1660725.0,3,25.55249999999986,0
1660975.0,3,29.95749999999986,0
1661225.0,3,33.22999999999992,0
1661370.0,0,24.87999999999995,1
1661573.0,0,31.399999999999903,1
1661749.0,0,28.839999999999918,1
1661958.0,0,35.35499999999989,1
1662208.0,3,26.90499999999987,0
1662401.0,0,30.1749999999999,1
1662651.0,3,29.587499999999856,0
1662901.0,3,27.624999999999886,0
1663135.0,1,32.109999999999886,1
1663340.0,0,32.45999999999987,1
1663590.0,3,28.569999999999858,0
1663840.0,3,31.64499999999987,0
1664090.0,3,34.042499999999954,0
1664285.0,0,28.234999999999914,1
1664535.0,3,33.59999999999997,0
1664734.0,0,30.819999999999922,1
1664951.0,1,29.909999999999908,1
1665201.0,3,32.04999999999992,0
1665451.0,3,24.792499999999883,0
1665701.0,3,27.917499999999873,0
1665915.0,1,28.62499999999991,1
1666165.0,3,29.224999999999838,0
1666305.0,0,26.319999999999943,1
1666495.0,0,29.96499999999991,1
1666745.0,3,29.932499999999862,0
1666953.0,0,29.894999999999918,1
1667109.0,0,26.924999999999933,1
1667359.0,3,31.764999999999834,0
1667609.0,3,30.512499999999825,0
1667779.0,1,26.99499999999994,1
1667940.0,0,27.439999999999937,1
1668190.0,3,33.29999999999997,0
1668389.0,0,30.369999999999894,1
1668544.0,0,26.354999999999933,1
1668752.0,0,32.28999999999991,1
1669002.0,3,33.10249999999996,0
1669252.0,3,25.48749999999991,0
1669502.0,3,31.239999999999828,0
1669703.0,0,32.29999999999993,1
1669953.0,3,24.969999999999892,0
1670203.0,3,33.74499999999995,0
1670453.0,3,25.662499999999888,0
1670703.0,3,29.77999999999985,0
1670953.0,3,31.17499999999989,0
1671203.0,3,30.472499999999833,0
1671453.0,3,29.76249999999987,0
1671703.0,3,31.227499999999832,0
1671943.0,0,31.389999999999887,1
1672193.0,3,31.832499999999843,0
1672443.0,3,27.90249999999986,0
1672693.0,3,22.892499999999895,0
1672943.0,3,27.08749999999986,0
1673193.0,3,26.20499999999988,0
1673443.0,3,30.85749999999982,0
1673564.0,3,16.42749999999999,0
1673814.0,3,22.91499999999989,0
1674064.0,3,27.84249999999988,0
1674314.0,3,27.29749999999989,0
1674564.0,3,26.27999999999986,0
1674766.0,0,29.824999999999896,1
1675009.0,0,33.14499999999987,1
1675259.0,3,28.159999999999865,0
1675457.0,0,29.30499999999991,1
1675669.0,1,29.154999999999895,1
1675919.0,3,34.92999999999995,0
1676109.0,0,28.66999999999991,1
1676296.0,0,28.654999999999912,1
1676442.0,0,25.354999999999954,1
1676692.0,3,29.392499999999835,0
1676765.0,3,12.049999999999988,0
1677015.0,3,30.10749999999985,0
1677112.0,3,11.544999999999982,0
1677362.0,3,29.79249999999983,0
1677612.0,3,28.98999999999984,0
1677862.0,3,28.292499999999848,0
1678094.0,0,32.289999999999885,1
1678311.0,0,34.12999999999989,1
1678462.0,0,25.294999999999956,1
1678600.0,0,27.099999999999937,1
1678799.0,3,18.157499999999942,0
1679049.0,3,27.777499999999872,0
1679299.0,3,31.287499999999866,0
1679549.0,3,30.164999999999825,0
1679799.0,3,28.06249999999988,0
1680049.0,3,28.849999999999874,0
1680204.0,0,27.069999999999936,1
1680454.0,3,31.81749999999985,0
1680704.0,3,18.21749999999993,0
1680954.0,3,27.754999999999864,0
1681177.0,0,31.549999999999876,1
1681427.0,3,33.33999999999995,0
1681677.0,3,29.51499999999984,0
1681927.0,3,33.09999999999995,0
1682177.0,3,30.14999999999987,0
1682427.0,3,31.17499999999986,0
1682677.0,3,26.59249999999988,0
1682897.0,0,27.404999999999937,1
1683043.0,0,25.114999999999952,1
1683198.0,3,21.822499999999952,0
1683340.0,0,25.844999999999942,1
1683527.0,0,29.93999999999991,1
1683777.0,3,31.754999999999846,0
1684027.0,3,30.789999999999942,0
1684277.0,3,28.312499999999854,0
1684527.0,3,30.604999999999833,0
1684777.0,3,31.927499999999867,0
1685027.0,3,27.744999999999852,0
1685277.0,3,25.624999999999897,0
1685527.0,3,31.369999999999905,0
1685777.0,3,30.82499999999985,0
1686027.0,3,33.37749999999985,0
1686277.0,3,32.5024999999999,0
1686412.0,0,23.43999999999997,1
1686662.0,3,29.91499999999984,0
1686912.0,3,31.367499999999833,0
1687162.0,3,28.08499999999987,0
1687412.0,3,28.424999999999844,0
1687662.0,3,23.5774999999999,0
1687912.0,3,28.417499999999855,0
1688162.0,3,28.92249999999987,0
1688412.0,3,28.152499999999854,0
1688662.0,3,30.217499999999877,0
1688912.0,3,25.937499999999897,0
1689162.0,3,28.939999999999902,0
1689312.0,1,24.774999999999956,1
1689533.0,0,31.874999999999932,1
1689783.0,3,32.064999999999934,0
1690033.0,3,27.707499999999882,0
1690283.0,3,28.379999999999864,0
1690508.0,0,28.389999999999908,1
1690758.0,3,31.834999999999933,0
1691008.0,3,25.6049999999999,0
1691258.0,3,25.1774999999999,0
1691508.0,3,23.927499999999878,0
1691758.0,3,25.084999999999884,0
1691977.0,0,28.509999999999906,1
1692227.0,3,34.01749999999999,0
1692477.0,3,32.424999999999955,0
1692727.0,3,26.722499999999915,0
1692977.0,3,32.05749999999987,0
1693227.0,3,27.039999999999853,0
1693477.0,3,25.047499999999868,0
1693727.0,3,32.4049999999999,0
1693977.0,3,19.452499999999947,0
1694227.0,3,29.0074999999999,0
1694477.0,3,30.03999999999993,0
1694687.0,0,29.87499999999992,1
1694937.0,3,33.96499999999991,0
1695141.0,1,26.774999999999938,1
1695391.0,3,29.017499999999945,0
1695559.0,0,27.86999999999993,1
1695809.0,3,28.13999999999987,0
1696008.0,0,29.3999999999999,1
1696258.0,3,29.06249999999986,0
1696508.0,3,28.609999999999854,0
1696726.0,1,32.439999999999884,1
1696976.0,3,22.917499999999894,0
1697211.0,2,27.879999999999935,1
1697367.0,0,26.474999999999937,1
1697552.0,0,27.29999999999993,1
1697802.0,3,27.257499999999872,0
1698052.0,3,29.7949999999999,0
1698302.0,3,18.847499999999926,0
1698552.0,3,23.272499999999887,0
1698802.0,3,25.4749999999999,0
1699052.0,3,28.167499999999887,0
1699302.0,3,29.034999999999886,0
1699552.0,3,24.837499999999906,0
1699802.0,3,27.98249999999988,0
1699868.0,3,8.462499999999995,0
1700016.0,3,18.98999999999995,0
1700266.0,3,26.9874999999999,0
1700516.0,3,26.562499999999858,0
1700766.0,3,26.18249999999987,0
1701016.0,3,26.949999999999914,0
1701266.0,3,28.91249999999986,0
1701516.0,3,29.859999999999864,0
1701766.0,3,27.487499999999862,0
1702016.0,3,31.46749999999983,0
1702246.0,1,29.694999999999904,1
1702399.0,3,20.307499999999933,0
1702649.0,3,34.754999999999924,0
1702899.0,3,30.122499999999842,0
1703149.0,3,27.912499999999884,0
1703399.0,3,24.452499999999905,0
1703649.0,3,30.34249999999985,0
1703805.0,0,28.099999999999923,1
1704055.0,3,29.762499999999935,0
1704285.0,1,31.154999999999895,1
1704535.0,3,30.062499999999837,0
1704785.0,3,30.084999999999862,0
1705035.0,3,25.4599999999999,0
1705246.0,1,28.139999999999922,1
1705496.0,3,31.76249999999987,0
1705746.0,3,30.31249999999985,0
1705996.0,3,32.06499999999987,0
1706246.0,3,28.959999999999866,0
1706496.0,3,30.83499999999981,0
1706746.0,3,30.812499999999954,0
1706848.0,0,22.62999999999998,1
1707009.0,1,27.08999999999996,1
1707259.0,3,29.48999999999994,0
1707421.0,0,29.399999999999938,1
1707671.0,3,31.604999999999873,0
1707921.0,3,31.0349999999999,0
1708118.0,0,30.179999999999907,1
1708368.0,3,30.647499999999898,0
1708567.0,0,31.139999999999894,1
1708817.0,3,32.8949999999999,0
1709067.0,3,26.967499999999866,0
1709317.0,3,26.23499999999992,0
1709478.0,0,27.674999999999926,1
1709638.0,1,26.23999999999994,1
1709882.0,1,33.779999999999866,1
1710132.0,3,25.15499999999988,0
1710382.0,3,34.41999999999989,0
1710632.0,3,33.95499999999991,0
1710882.0,3,20.029999999999916,0
1711038.0,1,25.234999999999957,1
1711288.0,3,28.27249999999986,0
1711538.0,3,30.807499999999894,0
1711695.0,0,24.43999999999996,1
1711891.0,0,29.9849999999999,1
1712141.0,3,27.75499999999985,0
1712391.0,3,26.814999999999873,0
1712465.0,3,12.012499999999983,0
1712627.0,0,27.83499999999993,1
1712877.0,3,29.23499999999986,0
1713088.0,0,32.94499999999992,1
1713235.0,0,26.349999999999937,1
1713420.0,1,27.594999999999935,1
1713521.0,0,22.964999999999975,1
1713771.0,3,23.529999999999916,0
1714021.0,2,28.202499999999905,0
1714271.0,3,33.35749999999987,0
1714454.0,1,28.264999999999926,1
1714704.0,3,26.88999999999986,0
1714954.0,3,26.85499999999988,0
1715204.0,3,28.56999999999989,0
1715404.0,0,28.629999999999917,1
1715605.0,0,28.839999999999907,1
1715855.0,3,30.377499999999866,0
1715957.0,0,22.68999999999997,1
1716207.0,3,27.0499999999999,0
1716455.0,0,35.5199999999999,1
1716705.0,3,31.602499999999864,0
1716893.0,0,30.214999999999918,1
1717048.0,0,27.17999999999994,1
1717298.0,3,29.662499999999852,0
1717548.0,3,30.942499999999843,0
1717798.0,3,30.17749999999983,0
1718009.0,1,29.5699999999999,1
1718259.0,3,27.799999999999873,0
1718404.0,0,24.51999999999996,1
1718654.0,3,31.607499999999828,0
1718904.0,3,29.779999999999834,0
1719154.0,3,30.27249999999995,0
1719404.0,3,29.14249999999989,0
1719585.0,3,23.309999999999913,0
1719835.0,3,32.34749999999983,0
1720085.0,3,28.84249999999983,0
1720237.0,0,26.504999999999946,1
1720487.0,3,27.99499999999986,0
1720737.0,3,31.707499999999857,0
1720892.0,0,24.994999999999955,1
1721142.0,3,31.047499999999815,0
1721389.0,0,37.999999999999865,1
1721639.0,3,30.047499999999825,0
1721889.0,3,27.49499999999986,0
1722130.0,0,32.53499999999988,1
1722286.0,0,27.02499999999993,1
1722536.0,3,27.167499999999873,0
1722786.0,3,31.174999999999827,0
1723036.0,3,33.77749999999997,0
1723193.0,0,29.589999999999936,1
1723398.0,0,32.98499999999988,1
1723648.0,3,25.059999999999903,0
1723898.0,3,30.252499999999888,0
1724148.0,3,31.104999999999848,0
1724287.0,0,25.17999999999994,1
1724495.0,0,33.01999999999992,1
1724745.0,3,30.942499999999853,0
1724938.0,0,31.994999999999923,1
1725181.0,0,34.76999999999987,1
1725431.0,3,29.62249999999989,0
1725681.0,3,22.272499999999933,0
1725931.0,3,25.707499999999886,0
1726166.0,1,30.474999999999923,1
1726369.0,0,32.0799999999999,1
1726619.0,3,28.969999999999832,0
1726816.0,0,29.9599999999999,1
1727062.0,0,35.17499999999986,1
1727312.0,3,31.462499999999885,0
1727562.0,3,26.367499999999865,0
1727812.0,3,26.244999999999884,0
1728062.0,3,33.212499999999835,0
1728258.0,0,28.834999999999923,1
1728388.0,3,17.03749999999997,0
1728539.0,0,26.129999999999942,1
1728758.0,1,30.864999999999895,1
1728996.0,0,37.044999999999874,1
1729246.0,3,27.20499999999987,0
1729496.0,3,28.459999999999862,0
1729683.0,0,27.39999999999992,1
1729830.0,0,26.51999999999993,1
1730076.0,0,36.42999999999988,1
1730300.0,0,34.954999999999934,1
1730406.0,0,22.484999999999985,1
1730656.0,3,31.444999999999823,0
1730847.0,0,30.53999999999991,1
1731052.0,0,33.814999999999905,1
1731302.0,3,32.26499999999988,0
1731532.0,1,29.5399999999999,1
1731742.0,1,29.02999999999991,1
1731992.0,3,30.824999999999875,0
1732242.0,3,27.974999999999863,0
1732406.0,1,28.574999999999957,1
1732656.0,3,32.36499999999993,0
1732906.0,3,34.43249999999991,0
1733156.0,0,38.30499999999988,1
1733406.0,3,31.912499999999866,0
1733609.0,0,33.9699999999999,1
1733859.0,3,33.15999999999981,0
1734109.0,3,30.542499999999855,0
1734359.0,3,26.11749999999989,0
1734609.0,3,31.83499999999987,0
1734751.0,0,26.774999999999945,1
1734938.0,3,20.322499999999927,0
1735188.0,3,29.469999999999846,0
1735333.0,0,27.68499999999992,1
1735554.0,1,29.79999999999989,1
1735701.0,0,26.96499999999993,1
1735897.0,0,29.659999999999897,1
1736147.0,3,23.587499999999867,0
1736397.0,3,29.877499999999845,0
1736457.0,3,9.947499999999993,0
1736641.0,0,28.43999999999994,1
1736853.0,1,32.12499999999987,1
1737003.0,0,25.199999999999957,1
1737253.0,3,30.464999999999872,0
1737503.0,3,29.804999999999836,0
1737753.0,3,28.602499999999896,0
1738003.0,3,23.647499999999898,0
1738170.0,1,28.779999999999948,1
1738280.0,0,23.204999999999977,1
1738530.0,3,22.682499999999905,0
1738683.0,1,25.054999999999943,1
1738895.0,0,28.834999999999923,1
1739145.0,3,25.307499999999912,0
1739395.0,3,26.234999999999875,0
1739645.0,3,24.7474999999999,0
1739895.0,3,27.02749999999986,0
1740114.0,1,29.23499999999991,1
1740339.0,1,31.229999999999933,1
1740589.0,3,32.4899999999999,0
1740839.0,3,23.679999999999897,0
1741089.0,3,27.70749999999988,0
1741226.0,0,26.32499999999996,1
1741476.0,3,27.83499999999986,0
1741726.0,3,29.66999999999986,0
1741976.0,3,20.412499999999923,0
1742226.0,3,26.719999999999914,0
1742439.0,0,28.819999999999922,1
1742580.0,0,24.17999999999995,1
1742830.0,3,28.04499999999984,0
1743080.0,3,33.3449999999999,0
1743186.0,0,21.84499999999998,1
1743436.0,3,30.13499999999988,0
1743574.0,0,25.239999999999956,1
1743671.0,0,21.95999999999998,1
1743921.0,3,28.43499999999987,0
1744159.0,0,33.59999999999987,1
1744409.0,3,23.8424999999999,0
1744659.0,3,25.217499999999898,0
1744909.0,3,31.439999999999884,0
1745133.0,1,29.53499999999992,1
1745289.0,3,19.409999999999954,0
1745539.0,3,30.44749999999983,0
1745789.0,3,25.219999999999917,0
1746039.0,3,29.172499999999836,0
1746289.0,3,27.679999999999875,0
1746539.0,3,28.857499999999842,0
1746688.0,0,25.42999999999995,1
1746938.0,3,28.23249999999985,0
1747188.0,3,27.494999999999877,0
1747438.0,3,33.242499999999964,0
1747688.0,3,31.24499999999983,0
1747938.0,3,31.33249999999987,0
1748188.0,3,34.8925,0
1748438.0,3,29.554999999999886,0
1748688.0,3,29.60249999999988,0
1748938.0,3,31.932499999999834,0
1749188.0,3,32.142499999999835,0
1749438.0,3,30.507499999999833,0
1749641.0,0,32.314999999999905,1
1749891.0,3,31.362499999999862,0
1750085.0,0,31.779999999999898,1
1750335.0,3,29.859999999999868,0
1750585.0,3,26.822499999999902,0
1750835.0,3,31.86499999999987,0
1751085.0,3,30.35999999999982,0
1751295.0,1,30.07499999999993,1
1751515.0,0,32.08999999999988,1
1751715.0,0,32.88499999999991,1
1751965.0,3,29.044999999999842,0
1752215.0,3,30.634999999999916,0
1752465.0,3,31.76249999999983,0
1752715.0,3,24.5674999999999,0
1752866.0,0,26.749999999999943,1
1753116.0,3,28.047499999999857,0
1753366.0,3,29.952499999999848,0
1753616.0,3,29.382499999999894,0
1753866.0,3,28.202499999999873,0
1754116.0,3,33.09499999999996,0
1754366.0,3,22.677499999999906,0
1754616.0,3,32.542499999999954,0
1754866.0,3,26.072499999999877,0
1755018.0,0,25.604999999999958,1
1755233.0,1,27.744999999999926,1
1755376.0,1,23.484999999999978,1
1755626.0,3,33.955,0
1755876.0,3,31.80249999999988,0
1756126.0,3,23.12749999999991,0
1756376.0,3,28.572499999999852,0
1756578.0,1,27.954999999999927,1
1756828.0,3,28.757499999999883,0
1757052.0,1,28.87499999999991,1
1757259.0,1,30.634999999999916,1
1757509.0,3,23.654999999999905,0
1757709.0,0,30.629999999999903,1
1757959.0,3,27.989999999999892,0
1758209.0,3,25.57749999999988,0
1758459.0,3,29.37249999999983,0
1758709.0,3,29.334999999999873,0
1758959.0,3,27.589999999999865,0
1759209.0,3,33.94499999999999,0
1759459.0,3,31.93999999999984,0
1759709.0,3,28.20749999999989,0
1759959.0,3,29.502499999999845,0
1760209.0,3,25.60499999999989,0
1760459.0,3,33.42749999999993,0
1760709.0,3,30.68249999999982,0
1760959.0,3,27.424999999999873,0
1761209.0,3,28.447499999999877,0
1761459.0,3,28.97999999999987,0
1761667.0,0,32.124999999999915,1
1761917.0,3,28.747499999999874,0
1762167.0,3,27.14249999999989,0
1762417.0,3,26.98749999999985,0
1762667.0,3,27.512499999999832,0
1762917.0,3,30.107499999999824,0
1763167.0,3,25.629999999999914,0
1763417.0,3,30.35749999999983,0
1763667.0,3,33.469999999999935,0
1763917.0,3,29.61249999999992,0
1764167.0,3,33.17249999999988,0
1764417.0,3,28.657499999999853,0
1764667.0,3,31.342499999999852,0
1764917.0,3,31.46749999999985,0
1765167.0,3,29.49999999999984,0
1765385.0,0,29.009999999999916,1
1765635.0,3,31.412499999999806,0
1765861.0,0,33.90499999999987,1
1766111.0,3,27.00999999999987,0
1766334.0,0,34.119999999999884,1
1766584.0,3,24.999999999999915,0
1766834.0,3,31.927499999999867,0
1767084.0,3,28.407499999999885,0
1767334.0,3,28.324999999999868,0
1767584.0,3,29.432499999999834,0
1767834.0,3,25.754999999999917,0
1768081.0,1,30.179999999999936,1
1768239.0,0,28.409999999999943,1
1768489.0,3,31.582499999999833,0
1768739.0,3,30.022499999999845,0
1768944.0,0,32.07499999999989,1
1769194.0,3,34.63499999999996,0
1769444.0,3,27.809999999999874,0
1769639.0,0,27.439999999999937,1
1769889.0,3,28.93249999999987,0
1770139.0,3,25.477499999999914,0
1770389.0,3,30.38249999999983,0
1770639.0,3,30.367499999999872,0
1770889.0,3,25.542499999999897,0
1771139.0,3,26.557499999999905,0
1771389.0,3,23.244999999999877,0
1771639.0,3,29.019999999999854,0
1771869.0,0,29.679999999999907,1
1772027.0,0,26.63499999999994,1
1772277.0,3,28.38749999999987,0
1772527.0,3,27.999999999999876,0
1772777.0,3,32.9025,0
1773027.0,3,28.017499999999863,0
1773277.0,3,27.50499999999989,0
1773527.0,3,30.692499999999878,0
1773777.0,3,31.444999999999876,0
1774027.0,3,27.142499999999863,0
1774217.0,1,28.069999999999926,1
1774423.0,1,27.769999999999964,1
1774673.0,3,27.88249999999987,0
1774923.0,3,30.642499999999853,0
1775173.0,3,33.254999999999846,0
1775423.0,3,26.309999999999913,0
1775673.0,3,26.224999999999913,0
1775923.0,3,31.397499999999862,0
1776126.0,0,29.144999999999932,1
1776339.0,1,30.099999999999923,1
1776589.0,3,32.859999999999935,0
1776797.0,1,27.879999999999946,1
1777047.0,3,34.73249999999994,0
1777281.0,1,31.794999999999902,1
1777531.0,3,30.272499999999834,0
1777732.0,0,33.76499999999988,1
1777977.0,1,33.24499999999986,1
1778227.0,3,29.689999999999877,0
1778472.0,1,27.304999999999936,1
1778645.0,3,13.352499999999996,0
1778895.0,3,30.434999999999874,0
1779145.0,3,26.782499999999867,0
1779395.0,3,28.789999999999914,0
1779645.0,3,28.419999999999874,0
1779895.0,3,29.644999999999857,0
1780145.0,3,32.93749999999995,0
1780395.0,3,30.464999999999872,0
1780645.0,3,27.96999999999988,0
1780895.0,3,22.244999999999884,0
1781145.0,3,26.739999999999878,0
1781395.0,3,27.609999999999882,0
1781645.0,3,28.72749999999988,0
1781895.0,3,25.569999999999904,0
1782145.0,3,23.474999999999916,0
1782395.0,3,24.617499999999925,0
1782645.0,3,27.637499999999854,0
1782895.0,3,30.794999999999856,0
1783085.0,0,28.319999999999915,1
1783229.0,1,25.514999999999958,1
1783479.0,3,25.752499999999895,0
1783729.0,3,20.319999999999915,0
1783979.0,3,24.66749999999988,0
1784229.0,3,25.597499999999922,0
1784479.0,3,22.544999999999902,0
1784668.0,0,32.174999999999926,1
1784918.0,3,27.00249999999991,0
1785168.0,3,27.602499999999896,0
1785390.0,1,28.06999999999993,1
1785640.0,3,31.569999999999823,0
1785781.0,0,24.944999999999943,1
1786031.0,3,30.387499999999843,0
1786281.0,3,29.309999999999874,0
1786497.0,0,29.779999999999912,1
1786747.0,3,25.924999999999876,0
1786997.0,3,32.637499999999896,0
1787247.0,3,26.279999999999855,0
1787399.0,0,24.639999999999958,1
1787649.0,3,29.064999999999856,0
1787743.0,3,14.959999999999983,0
1787993.0,3,31.224999999999824,0
1788184.0,0,27.219999999999935,1
1788329.0,0,27.23999999999995,1
1788478.0,0,27.439999999999927,1
1788728.0,3,30.174999999999855,0
1788978.0,3,28.394999999999893,0
1789228.0,3,27.839999999999854,0
1789380.0,0,27.854999999999933,1
1789629.0,1,34.794999999999895,1
1789879.0,3,31.007499999999883,0
1790129.0,3,27.032499999999875,0
1790379.0,3,26.082499999999918,0
1790629.0,3,27.209999999999862,0
1790860.0,0,33.86499999999985,1
1791002.0,0,25.26999999999995,1
1791185.0,0,29.079999999999913,1
1791435.0,3,29.229999999999933,0
1791592.0,0,27.559999999999924,1
1791842.0,3,21.01249999999989,0
1792092.0,3,29.527499999999854,0
1792342.0,3,33.629999999999846,0
1792592.0,3,22.952499999999894,0
1792842.0,3,31.3124999999999,0
1793092.0,3,30.439999999999873,0
1793342.0,3,33.52499999999993,0
1793592.0,3,32.59499999999984,0
1793840.0,0,32.84499999999987,1
1794090.0,3,30.259999999999874,0
1794340.0,3,33.127499999999905,0
1794590.0,3,29.717499999999873,0
1794793.0,0,31.79999999999991,1
1795031.0,0,37.174999999999905,1
1795281.0,3,29.712499999999867,0
1795531.0,3,32.39999999999987,0
1795781.0,3,33.407499999999985,0
1795990.0,0,33.97999999999997,1
1796186.0,1,30.009999999999927,1
1796436.0,3,32.80249999999987,0
1796686.0,3,26.292499999999897,0
1796936.0,3,34.562499999999936,0
1797186.0,3,25.92249999999987,0
1797436.0,3,33.29249999999986,0
1797577.0,0,23.95499999999997,1
1797827.0,3,32.23749999999982,0
1798077.0,3,29.28749999999984,0
1798267.0,0,28.589999999999915,1
1798517.0,3,33.61999999999997,0
1798670.0,0,26.234999999999943,1
1798920.0,3,33.92999999999989,0
1799070.0,0,29.244999999999933,1
1799320.0,3,31.679999999999882,0
1799570.0,3,27.087499999999874,0
1799670.0,0,21.84499999999999,1
1799853.0,1,29.79499999999992,1
1799964.0,0,23.369999999999976,1
1800214.0,3,24.359999999999882,0
1800332.0,0,23.479999999999983,1
1800582.0,3,31.177499999999874,0
1800684.0,0,21.644999999999982,1
1800934.0,3,28.17999999999986,0
1801036.0,0,23.079999999999973,1
1801286.0,3,26.68999999999987,0
1801437.0,1,23.48999999999997,1
1801687.0,3,27.88499999999986,0
1801786.0,0,22.524999999999977,1
1802036.0,3,26.73749999999987,0
1802195.0,0,28.644999999999925,1
1802293.0,0,22.27999999999998,1
1802400.0,0,21.81499999999998,1
1802511.0,0,23.419999999999973,1
1802669.0,0,28.319999999999922,1
1802919.0,3,27.61999999999988,0
1803169.0,3,27.57749999999988,0
1803319.0,0,25.14999999999994,1
1803526.0,0,30.894999999999904,1
1803776.0,3,26.85499999999986,0
1803986.0,0,31.549999999999887,1
1804096.0,0,22.924999999999972,1
1804253.0,0,26.72499999999994,1
1804503.0,3,30.404999999999863,0
1804753.0,3,34.67999999999989,0
1804958.0,0,33.69499999999988,1
1805208.0,3,26.35249999999988,0
1805364.0,0,25.999999999999932,1
1805516.0,0,25.794999999999945,1
1805707.0,0,30.609999999999907,1
1805957.0,3,32.547499999999864,0
1806123.0,0,29.649999999999913,1
1806275.0,0,27.224999999999923,1
1806427.0,0,25.51999999999994,1
1806572.0,0,26.37999999999993,1
1806822.0,3,30.37249999999983,0
1807072.0,3,31.152499999999826,0
1807322.0,3,31.949999999999868,0
1807572.0,3,33.03000000000001,0
1807822.0,3,29.71999999999985,0
1808072.0,3,31.57749999999983,0
1808300.0,0,34.39499999999993,1
1808550.0,3,30.224999999999845,0
1808800.0,3,27.84499999999987,0
1808966.0,1,27.934999999999924,1
1809162.0,0,30.379999999999903,1
1809373.0,1,27.154999999999923,1
1809623.0,3,30.90749999999984,0
1809873.0,3,29.719999999999835,0
1810123.0,3,30.862499999999827,0
1810373.0,3,27.467499999999863,0
1810623.0,3,24.944999999999897,0
1810800.0,0,29.8799999999999,1
1811050.0,3,27.584999999999848,0
1811300.0,3,29.689999999999856,0
1811550.0,3,31.197499999999838,0
1811700.0,0,25.74999999999995,1
1811950.0,3,29.057499999999877,0
1812200.0,3,27.23499999999986,0
1812450.0,3,30.444999999999855,0
1812648.0,0,30.469999999999903,1
1812750.0,0,22.84499999999997,1
1812957.0,0,31.939999999999884,1
1813130.0,1,27.644999999999925,1
1813360.0,0,32.2299999999999,1
1813610.0,3,27.967499999999866,0
1813860.0,3,26.127499999999888,0
1814022.0,0,26.769999999999936,1
1814272.0,3,27.70499999999987,0
1814522.0,3,25.99999999999991,0
1814630.0,0,23.154999999999973,1
1814880.0,3,27.45749999999987,0
1815130.0,3,35.28999999999999,0
1815380.0,3,31.632499999999826,0
1815630.0,3,31.849999999999856,0
1815880.0,3,27.952499999999855,0
1816130.0,3,30.57249999999983,0
1816380.0,3,31.312499999999936,0
1816630.0,3,27.979999999999844,0
1816880.0,3,27.197499999999874,0
1817130.0,3,30.10249999999984,0
1817380.0,3,27.80249999999986,0
1817543.0,0,26.504999999999935,1
1817793.0,3,29.14749999999987,0
1818005.0,1,29.63499999999995,1
1818212.0,0,32.2449999999999,1
1818416.0,0,30.844999999999885,1
1818588.0,0,27.814999999999934,1
1818838.0,3,23.274999999999913,0
1819014.0,0,27.984999999999925,1
1819264.0,3,28.40749999999987,0
1819362.0,0,22.40999999999998,1
1819516.0,0,26.82999999999995,1
1819766.0,3,28.48749999999989,0
1819950.0,0,29.444999999999908,1
1820200.0,3,32.77249999999984,0
1820356.0,0,28.204999999999927,1
1820497.0,0,26.279999999999948,1
1820747.0,3,29.71749999999983,0
1820997.0,3,29.33249999999983,0
1821247.0,3,31.26999999999983,0
1821497.0,3,14.694999999999963,0
1821596.0,0,21.3,1
1821846.0,3,28.404999999999845,0
1822056.0,0,30.974999999999888,1
1822303.0,0,32.674999999999876,1
1822479.0,0,28.01999999999993,1
1822729.0,3,26.929999999999886,0
1822873.0,0,26.319999999999943,1
1822975.0,0,22.519999999999982,1
1823202.0,0,32.594999999999885,1
1823370.0,1,25.574999999999957,1
1823480.0,0,22.849999999999977,1
1823627.0,0,26.664999999999935,1
1823780.0,0,27.864999999999917,1
1823926.0,0,27.194999999999933,1
1824068.0,0,26.199999999999946,1
1824281.0,0,34.64499999999992,1
1824424.0,0,25.70499999999995,1
1824571.0,0,25.754999999999946,1
1824755.0,0,32.44499999999991,1
1825005.0,3,31.664999999999857,0
1825255.0,3,33.29499999999994,0
1825505.0,3,31.379999999999857,0
1825755.0,3,31.862499999999844,0
1826005.0,3,33.632499999999936,0
1826142.0,0,24.679999999999954,1
1826372.0,0,33.48499999999986,1
1826570.0,0,29.659999999999915,1
1826701.0,0,23.919999999999973,1
1826846.0,0,25.51499999999995,1
1827096.0,3,33.51750000000001,0
1827249.0,0,26.359999999999935,1
1827490.0,0,35.98999999999988,1
1827740.0,3,32.50749999999988,0
1827990.0,3,29.897499999999866,0
1828087.0,0,22.44499999999998,1
1828271.0,0,28.13499999999993,1
1828521.0,3,31.852499999999846,0
1828672.0,0,25.99499999999995,1
1828778.0,0,22.679999999999982,1
1828917.0,0,23.954999999999963,1
1829061.0,0,26.03999999999995,1
1829267.0,0,31.47499999999991,1
1829454.0,1,27.47999999999994,1
1829688.0,1,30.589999999999925,1
1829885.0,0,31.49499999999989,1
1830028.0,0,26.98499999999993,1
1830125.0,0,22.679999999999986,1
1830375.0,3,26.78499999999989,0
1830522.0,0,26.114999999999952,1
1830710.0,0,27.634999999999934,1
1830858.0,0,26.214999999999936,1
1831108.0,3,26.56749999999988,0
1831358.0,3,32.46999999999989,0
1831474.0,0,22.759999999999973,1
1831638.0,1,27.604999999999944,1
1831802.0,1,27.70499999999993,1
1831906.0,0,22.849999999999987,1
1832007.0,0,23.239999999999966,1
1832203.0,0,29.934999999999917,1
1832453.0,3,30.309999999999842,0
1832597.0,0,26.23999999999993,1
1832718.0,1,22.639999999999965,1
1832968.0,3,31.672499999999832,0
1833177.0,0,32.46999999999988,1
1833282.0,0,23.039999999999967,1
1833532.0,3,25.367499999999886,0
1833782.0,3,22.004999999999907,0
1833899.0,1,20.53,1
1834113.0,0,30.484999999999886,1
1834267.0,0,28.319999999999922,1
1834421.0,0,28.719999999999914,1
1834569.0,0,25.799999999999944,1
1834666.0,0,22.694999999999972,1
1834916.0,3,30.357499999999813,0
1835071.0,0,29.40499999999993,1
1835321.0,3,29.479999999999855,0
1835571.0,3,31.304999999999833,0
1835715.0,0,26.504999999999942,1
1835965.0,3,29.58249999999985,0
1836215.0,3,33.76749999999998,0
1836465.0,3,25.749999999999872,0
1836715.0,3,29.36499999999986,0
1836877.0,0,27.104999999999933,1
1837127.0,3,29.787499999999824,0
1837224.0,0,22.67999999999997,1
1837474.0,3,25.494999999999894,0
