steps,main/cost,main/score,main/winrate
25,3,0.3287671232876712,0
54,3,1.643835616438356,0
76,3,0.9863013698630136,0
99,3,2.3013698630136985,0
125,3,1.9726027397260273,0
152,3,1.643835616438356,0
179,3,1.3150684931506849,0
201,3,1.9726027397260273,0
261,3,0.9863013698630136,0
284,3,1.643835616438356,0
305,3,0.9863013698630136,0
332,3,1.643835616438356,0
369,3,0.9863013698630136,0
398,3,0.9863013698630136,0
442,3,1.3150684931506849,0
465,3,1.643835616438356,0
489,3,1.3150684931506849,0
511,3,1.3150684931506849,0
532,3,1.3150684931506849,0
580,3,1.3150684931506849,0
636,3,0.9863013698630136,0
669,3,1.643835616438356,0
693,3,0.3287671232876712,0
753,3,0.6575342465753424,0
776,3,1.3150684931506849,0
816,3,1.3150684931506849,0
838,3,0.3287671232876712,0
861,3,0.9863013698630136,0
879,3,0.9863013698630136,0
899,3,2.3013698630136985,0
927,3,1.9726027397260273,0
946,3,2.3013698630136985,0
1006,3,3.342465753424657,0
1038,3,3.6712328767123283,0
1062,3,3.9999999999999996,0
1097,3,5.315068493150683,0
1157,3,4.6575342465753415,0
1217,3,3.3424657534246576,0
1257,3,4.986301369863012,0
1317,3,3.342465753424657,0
1349,3,4.6575342465753415,0
1373,3,4.986301369863013,0
1410,3,7.342465753424655,0
1441,3,6.301369863013697,0
1501,3,5.315068493150683,0
1561,3,3.9999999999999996,0
1597,3,4.328767123287671,0
1620,3,6.356164383561643,0
1640,3,6.958904109589039,0
1671,3,7.342465753424657,0
1692,1,20.0,1
1717,3,7.671232876712326,0
1736,3,5.972602739726026,0
1765,3,7.013698630136984,0
1793,3,7.999999999999998,0
1821,3,8.328767123287667,0
1845,3,7.013698630136984,0
1865,0,20.0,1
1887,3,8.0,0
1911,2,20.0,1
1934,3,7.9999999999999964,0
1957,3,6.684931506849313,0
1981,2,20.0,1
1998,3,4.602739726027396,0
2019,1,20.0,1
2039,0,20.0,1
2063,3,7.6712328767123275,0
2085,1,20.0,1
2109,2,20.0,1
2132,2,20.0,1
2158,3,8.328767123287669,0
2183,1,20.0,1
2210,3,8.328767123287667,0
2233,1,20.0,1
2261,1,20.0,1
2285,3,7.6712328767123275,0
2309,3,7.342465753424656,0
2334,3,7.671232876712329,0
2358,1,20.0,1
2380,0,20.0,1
2406,3,8.32876712328767,0
2433,2,20.0,1
2456,3,7.342465753424656,0
2475,3,4.602739726027396,0
2498,1,20.0,1
2545,3,7.999999999999998,0
2570,3,7.6712328767123275,0
2595,3,7.999999999999998,0
2615,0,20.0,1
2636,3,5.315068493150683,0
2655,0,20.0,1
2681,2,20.0,1
2704,3,7.671232876712326,0
2727,1,20.0,1
2749,1,20.0,1
2774,3,7.6712328767123275,0
2798,1,20.0,1
2821,3,7.013698630136986,0
2844,3,7.342465753424657,0
2865,3,5.643835616438354,0
2889,1,20.0,1
2912,0,20.0,1
2933,1,20.0,1
2956,3,7.342465753424657,0
2979,3,7.342465753424657,0
2999,1,20.0,1
3022,1,20.0,1
3045,3,6.630136986301366,0
3067,3,6.684931506849315,0
3095,3,7.9999999999999964,0
3120,3,8.32876712328767,0
3143,0,20.0,1
3166,1,20.0,1
3185,1,20.0,1
3206,0,20.0,1
3228,3,6.958904109589039,0
3255,3,7.6712328767123275,0
3278,1,20.0,1
3299,1,20.0,1
3359,3,6.027397260273973,0
3379,0,20.0,1
3402,0,20.0,1
3423,0,20.0,1
3448,1,20.0,1
3474,2,20.0,1
3500,3,7.6712328767123275,0
3521,1,19.999999999999996,1
3541,0,20.0,1
3566,3,7.342465753424655,0
3589,2,20.0,1
3610,0,20.0,1
3633,1,20.0,1
3656,1,20.0,1
3680,1,20.0,1
3701,0,20.0,1
3723,0,20.0,1
3745,0,20.0,1
3771,3,7.999999999999997,0
3794,1,20.0,1
3816,3,6.630136986301366,0
3839,1,20.0,1
3859,1,20.0,1
3885,3,8.328767123287669,0
3905,0,20.0,1
3927,3,6.630136986301366,0
3948,0,20.0,1
3970,3,6.958904109589039,0
3990,0,20.0,1
4011,3,6.684931506849315,0
4032,0,20.0,1
4058,3,8.328767123287669,0
4080,1,20.0,1
4104,1,20.0,1
4125,1,20.0,1
4151,1,20.0,1
4172,0,20.0,1
4199,2,20.0,1
4227,3,6.356164383561643,0
4252,2,20.0,1
4274,1,20.0,1
4295,1,20.0,1
4317,1,20.0,1
4337,0,20.0,1
4363,2,20.0,1
4382,0,20.0,1
4401,0,20.0,1
4426,2,20.0,1
4445,0,20.0,1
4464,0,19.999999999999996,1
4487,1,20.0,1
4506,0,20.0,1
4534,3,7.999999999999998,0
4561,3,7.6712328767123275,0
4581,0,20.0,1
4609,3,7.9999999999999964,0
4631,3,6.027397260273971,0
4654,1,20.0,1
4682,3,7.999999999999998,0
4702,0,20.0,1
4725,1,20.0,1
4749,1,20.0,1
4771,0,20.0,1
4791,0,20.0,1
4812,0,20.0,1
4830,3,5.315068493150685,0
4850,0,20.0,1
4874,3,7.342465753424655,0
4893,0,20.0,1
4912,0,20.0,1
4937,2,20.0,1
4959,0,20.0,1
4984,1,20.0,1
5007,1,20.0,1
5028,0,20.0,1
5052,3,7.013698630136984,0
5080,3,7.671232876712326,0
5102,3,5.972602739726025,0
5125,1,20.0,1
5148,1,20.0,1
5171,1,20.0,1
5190,0,20.0,1
5214,2,20.0,1
5236,1,20.0,1
5257,0,20.0,1
5277,0,20.0,1
5337,3,7.671232876712326,0
5358,0,20.0,1
5378,1,20.0,1
5401,3,6.301369863013697,0
5424,1,20.0,1
5448,1,20.0,1
5471,3,5.972602739726025,0
5496,3,6.356164383561643,0
5519,3,6.301369863013695,0
5537,1,20.0,1
5560,1,20.0,1
5584,1,20.0,1
5644,3,8.328767123287669,0
5671,3,7.6712328767123275,0
5694,1,20.0,1
5717,3,6.301369863013695,0
5741,3,6.684931506849313,0
5760,0,20.0,1
5781,2,20.0,1
5803,1,20.0,1
5825,1,20.0,1
5849,1,20.0,1
5872,1,20.0,1
5892,0,20.0,1
5921,2,20.0,1
5943,3,5.972602739726025,0
5964,1,20.0,1
5983,0,20.0,1
6004,1,19.999999999999996,1
6025,0,20.0,1
6045,0,20.0,1
6069,3,6.027397260273971,0
6095,3,8.328767123287669,0
6119,1,20.0,1
6139,0,20.0,1
6160,1,20.0,1
6179,0,20.0,1
6200,1,19.999999999999996,1
6219,0,20.0,1
6238,1,20.0,1
6261,1,20.0,1
6281,0,20.0,1
6302,3,5.315068493150683,0
6322,1,20.0,1
6345,2,20.0,1
6366,1,20.0,1
6389,1,20.0,1
6408,0,20.0,1
6428,1,19.999999999999996,1
6448,0,20.0,1
6469,3,5.972602739726026,0
6488,0,20.0,1
6509,1,20.0,1
6533,1,20.0,1
6552,0,20.0,1
6572,0,20.0,1
6596,3,7.6712328767123275,0
6617,0,20.0,1
6637,0,20.0,1
6657,0,20.0,1
6676,0,20.0,1
6700,1,20.0,1
6723,1,20.0,1
6747,3,7.671232876712326,0
6767,0,20.0,1
6792,3,7.342465753424655,0
6812,0,20.0,1
6833,0,20.0,1
6854,0,20.0,1
6877,1,20.0,1
6899,1,20.0,1
6921,3,6.630136986301368,0
6944,1,20.0,1
6967,1,20.0,1
6990,1,20.0,1
7013,1,20.0,1
7036,1,20.0,1
7059,1,19.999999999999996,1
7083,2,20.0,1
7108,3,7.342465753424655,0
7134,2,20.0,1
7153,3,4.931506849315067,0
7174,0,20.0,1
7201,3,7.671232876712326,0
7222,0,20.0,1
7243,0,20.0,1
7268,1,20.0,1
7290,0,19.999999999999996,1
7312,1,20.0,1
7333,1,20.0,1
7354,0,20.0,1
7375,0,20.0,1
7395,0,20.0,1
7416,1,20.0,1
7440,2,20.0,1
7464,3,8.328767123287669,0
7487,1,20.0,1
7507,0,20.0,1
7530,1,20.0,1
7551,1,20.0,1
7574,3,7.999999999999998,0
7595,3,7.013698630136985,0
7617,1,20.0,1
7638,1,20.0,1
7658,0,20.0,1
7683,3,7.9999999999999964,0
7707,1,20.0,1
7729,1,20.0,1
7753,1,20.0,1
7776,2,20.0,1
7797,3,8.0,0
7816,0,20.0,1
7838,1,20.0,1
7858,0,20.0,1
7881,1,20.0,1
7905,3,7.342465753424657,0
7930,3,8.32876712328767,0
7951,2,20.0,1
7970,0,20.0,1
7990,1,20.0,1
8011,3,6.027397260273972,0
8034,1,20.0,1
8055,0,20.0,1
8074,1,20.0,1
8099,1,20.0,1
8119,0,20.0,1
8140,1,20.0,1
8161,0,20.0,1
8181,3,4.986301369863012,0
8203,1,20.0,1
8223,0,20.0,1
8243,0,20.0,1
8264,0,20.0,1
8288,1,20.0,1
8310,1,20.0,1
8331,0,20.0,1
8352,3,6.301369863013699,0
8372,0,20.0,1
8394,1,20.0,1
8415,3,6.630136986301366,0
8439,1,20.0,1
8460,1,20.0,1
8485,2,20.0,1
8509,1,20.0,1
8530,3,5.972602739726025,0
8549,0,20.0,1
8569,0,20.0,1
8588,0,20.0,1
8610,0,20.0,1
8631,0,20.0,1
8652,0,20.0,1
8672,0,20.0,1
8701,2,20.0,1
8721,0,20.0,1
8741,0,20.0,1
8763,1,20.0,1
8783,0,20.0,1
8809,2,20.0,1
8833,1,20.0,1
8853,2,20.0,1
8876,1,20.0,1
8895,0,20.0,1
8917,1,20.0,1
8936,0,20.0,1
8955,0,20.0,1
8977,1,20.0,1
8996,0,20.0,1
9019,3,7.9999999999999964,0
9039,0,20.0,1
9062,1,20.0,1
9081,0,20.0,1
9100,0,20.0,1
9121,1,20.0,1
9140,0,20.0,1
9161,1,20.0,1
9183,2,20.0,1
9204,3,7.671232876712328,0
9223,0,20.0,1
9246,3,7.671232876712329,0
9266,1,20.0,1
9287,3,7.616438356164382,0
9307,0,20.0,1
9332,1,20.0,1
9356,2,19.999999999999996,1
9375,0,20.0,1
9398,1,20.0,1
9418,1,20.0,1
9437,0,20.0,1
9459,1,20.0,1
9478,0,20.0,1
9501,1,20.0,1
9522,0,20.0,1
9541,0,20.0,1
9560,0,20.0,1
9581,0,20.0,1
9601,0,20.0,1
9624,1,19.999999999999996,1
9646,3,7.013698630136984,0
9667,0,20.0,1
9691,3,7.6712328767123275,0
9713,1,20.0,1
9734,3,5.315068493150683,0
9755,3,5.315068493150683,0
9776,1,20.0,1
9797,3,5.315068493150683,0
9817,1,20.0,1
9839,1,20.0,1
9867,3,7.671232876712327,0
9886,3,5.315068493150683,0
9908,1,19.999999999999996,1
9935,3,7.6712328767123275,0
9955,0,20.0,1
9975,0,20.0,1
9995,0,20.0,1
10021,3,7.999999999999998,0
10045,2,20.0,1
10066,1,20.0,1
10089,1,20.0,1
10111,0,20.0,1
10134,2,20.0,1
10160,3,7.999999999999998,0
10184,1,20.0,1
10204,0,20.0,1
10224,0,20.0,1
10249,3,7.6712328767123275,0
10272,2,20.0,1
10291,0,20.0,1
10314,1,20.0,1
10337,1,20.0,1
10359,3,5.315068493150683,0
10381,3,7.671232876712329,0
10401,1,20.0,1
10424,1,20.0,1
10444,1,20.0,1
10466,1,20.0,1
10486,0,20.0,1
10507,0,20.0,1
10527,0,20.0,1
10549,1,20.0,1
10572,3,6.684931506849313,0
10594,1,20.0,1
10614,1,20.0,1
10639,1,20.0,1
10659,1,20.0,1
10679,0,20.0,1
10701,1,20.0,1
10721,0,20.0,1
10744,1,20.0,1
10767,1,20.0,1
10787,1,20.0,1
10806,0,20.0,1
10827,1,20.0,1
10849,1,20.0,1
10873,2,20.0,1
10893,0,20.0,1
10913,0,20.0,1
10933,1,20.0,1
10952,0,20.0,1
10978,3,7.6712328767123275,0
11001,1,20.0,1
11020,0,20.0,1
11040,0,20.0,1
11060,0,20.0,1
11081,0,20.0,1
11100,1,20.0,1
11127,3,7.6712328767123275,0
11148,1,20.0,1
11168,0,20.0,1
11189,1,20.0,1
11209,0,20.0,1
11229,0,20.0,1
11249,0,20.0,1
11269,1,19.999999999999996,1
11288,0,20.0,1
11308,1,20.0,1
11328,0,20.0,1
11348,1,20.0,1
11373,1,20.0,1
11394,3,6.630136986301368,0
11412,0,20.0,1
11435,3,8.328767123287669,0
11454,0,20.0,1
11476,1,20.0,1
11498,1,20.0,1
11516,0,20.0,1
11542,3,7.9999999999999964,0
11561,0,20.0,1
11580,0,20.0,1
11602,1,20.0,1
11622,0,20.0,1
11642,0,20.0,1
11661,0,20.0,1
11686,3,7.999999999999998,0
11706,0,20.0,1
11731,3,8.32876712328767,0
11751,0,20.0,1
11771,0,20.0,1
11794,1,20.0,1
11813,0,20.0,1
11834,1,20.0,1
11858,1,20.0,1
11879,1,20.0,1
11898,0,20.0,1
11919,1,20.0,1
11940,1,20.0,1
11959,0,20.0,1
11982,2,20.0,1
12005,1,20.0,1
12024,0,20.0,1
12043,0,20.0,1
12066,0,20.0,1
12089,2,20.0,1
12112,2,20.0,1
12132,1,20.0,1
12153,1,20.0,1
12175,1,20.0,1
12194,0,20.0,1
12215,0,20.0,1
12235,0,20.0,1
12258,1,20.0,1
12277,1,20.0,1
12297,3,5.972602739726026,0
12317,1,20.0,1
12338,1,20.0,1
12358,1,20.0,1
12377,0,20.0,1
12396,0,20.0,1
12417,1,20.0,1
12439,1,19.999999999999996,1
12458,0,20.0,1
12478,0,20.0,1
12499,2,20.0,1
12526,3,8.328767123287669,0
12549,3,7.342465753424657,0
12572,2,20.0,1
12592,0,20.0,1
12612,1,20.0,1
12631,0,20.0,1
12650,1,20.0,1
12675,2,20.0,1
12694,0,20.0,1
12718,1,20.0,1
12737,0,20.0,1
12756,1,20.0,1
12780,2,20.0,1
12804,2,20.0,1
12823,0,20.0,1
12846,1,20.0,1
12865,1,20.0,1
12885,0,20.0,1
12904,1,20.0,1
12928,2,20.0,1
12950,1,20.0,1
12976,3,8.328767123287669,0
12996,0,20.0,1
13016,0,20.0,1
13038,1,20.0,1
13058,1,20.0,1
13079,1,20.0,1
13098,3,5.643835616438356,0
13122,3,8.32876712328767,0
13146,2,20.0,1
13167,0,20.0,1
13186,0,20.0,1
13208,1,20.0,1
13228,0,20.0,1
13248,0,20.0,1
13267,0,20.0,1
13288,3,6.684931506849315,0
13308,0,20.0,1
13328,0,20.0,1
13347,0,20.0,1
13367,0,20.0,1
13388,1,20.0,1
13407,0,20.0,1
13428,3,7.671232876712329,0
13447,0,20.0,1
13467,3,6.301369863013699,0
13489,3,6.356164383561644,0
13509,0,20.0,1
13537,3,8.328767123287669,0
13558,1,20.0,1
13579,0,19.999999999999996,1
13600,1,20.0,1
13628,2,20.0,1
13650,2,20.0,1
13674,1,20.0,1
13694,0,20.0,1
13718,1,20.0,1
13739,1,20.0,1
13762,1,20.0,1
13786,3,8.328767123287669,0
13806,1,20.0,1
13825,0,20.0,1
13846,1,19.999999999999996,1
13868,2,20.0,1
13896,3,8.328767123287667,0
13923,2,20.0,1
13944,1,19.999999999999996,1
13964,0,20.0,1
13983,0,20.0,1
14002,0,20.0,1
14021,0,20.0,1
14040,0,20.0,1
14060,1,20.0,1
14079,0,20.0,1
14098,0,20.0,1
14121,1,20.0,1
14140,0,20.0,1
14159,0,20.0,1
14182,1,20.0,1
14204,1,20.0,1
14223,0,20.0,1
14249,2,19.999999999999996,1
14268,0,20.0,1
14288,0,20.0,1
14308,1,20.0,1
14328,1,20.0,1
14351,1,20.0,1
14371,0,19.999999999999996,1
14391,0,20.0,1
14420,3,8.328767123287669,0
14439,0,20.0,1
14460,0,20.0,1
14479,0,20.0,1
14497,0,20.0,1
14517,0,20.0,1
14536,0,20.0,1
14558,1,20.0,1
14577,0,20.0,1
14600,2,20.0,1
14623,1,20.0,1
14649,2,20.0,1
14672,1,20.0,1
14692,0,20.0,1
14712,0,20.0,1
14731,0,20.0,1
14750,0,20.0,1
14773,1,20.0,1
14796,1,20.0,1
14816,0,20.0,1
14835,0,20.0,1
14854,0,20.0,1
14874,1,20.0,1
14897,1,20.0,1
14917,1,20.0,1
14942,3,7.013698630136984,0
14963,0,20.0,1
14986,1,20.0,1
15005,0,20.0,1
15031,2,20.0,1
15051,0,20.0,1
15072,0,20.0,1
15092,0,20.0,1
15114,1,20.0,1
15134,1,20.0,1
15154,1,20.0,1
15175,1,20.0,1
15195,0,20.0,1
15216,1,20.0,1
15237,3,7.999999999999998,0
15258,2,20.0,1
15277,1,20.0,1
15297,1,20.0,1
15320,2,20.0,1
15340,0,20.0,1
15360,1,20.0,1
15379,0,20.0,1
15399,0,20.0,1
15418,1,20.0,1
15443,1,20.0,1
15467,3,7.342465753424655,0
15486,0,20.0,1
15504,0,20.0,1
15522,0,20.0,1
15542,0,20.0,1
15561,0,20.0,1
15580,0,20.0,1
15603,1,19.999999999999996,1
15621,0,20.0,1
15641,1,20.0,1
15663,3,6.630136986301368,0
15684,0,20.0,1
15703,0,20.0,1
15724,1,20.0,1
15744,0,20.0,1
15765,0,20.0,1
15790,2,20.0,1
15809,0,20.0,1
15828,0,20.0,1
15847,0,20.0,1
15866,0,20.0,1
15887,0,20.0,1
15906,0,20.0,1
15925,0,20.0,1
15948,1,20.0,1
15969,0,20.0,1
15988,1,20.0,1
16008,0,20.0,1
16028,0,20.0,1
16048,1,20.0,1
16067,0,20.0,1
16086,0,20.0,1
16106,0,20.0,1
16127,3,5.643835616438354,0
16150,1,20.0,1
16169,0,20.0,1
16190,1,20.0,1
16211,1,20.0,1
16231,0,20.0,1
16254,3,5.972602739726025,0
16273,0,20.0,1
16298,1,20.0,1
16320,1,20.0,1
16348,2,20.0,1
16368,0,20.0,1
16389,0,20.0,1
16410,3,7.013698630136986,0
16435,2,20.0,1
16459,1,20.0,1
16483,1,20.0,1
16506,1,20.0,1
16537,2,20.0,1
16561,1,20.0,1
16591,3,7.999999999999998,0
16611,0,20.0,1
16636,1,20.0,1
16657,0,20.0,1
16687,3,7.9999999999999964,0
16711,1,20.0,1
16732,0,20.0,1
16753,0,20.0,1
16774,1,20.0,1
16802,3,8.0,0
16824,0,20.0,1
16845,1,20.0,1
16865,0,20.0,1
16899,3,7.342465753424655,0
16926,3,7.999999999999998,0
16945,0,20.0,1
16963,0,20.0,1
16983,0,20.0,1
17005,1,20.0,1
17024,0,20.0,1
17045,1,20.0,1
17064,0,20.0,1
17088,1,20.0,1
17112,1,20.0,1
17130,0,20.0,1
17153,2,19.999999999999996,1
17172,0,20.0,1
17191,0,20.0,1
17215,1,20.0,1
17234,0,20.0,1
17253,0,20.0,1
17272,1,20.0,1
17290,0,20.0,1
17310,0,20.0,1
17329,0,20.0,1
17351,1,20.0,1
17373,1,20.0,1
17392,0,20.0,1
17412,1,20.0,1
17437,3,8.328767123287669,0
17455,0,20.0,1
17478,3,7.999999999999998,0
17505,2,20.0,1
17524,0,20.0,1
17544,0,20.0,1
17569,3,8.328767123287669,0
17588,0,20.0,1
17610,2,20.0,1
17640,3,8.328767123287667,0
17657,3,4.931506849315068,0
17677,1,20.0,1
17696,0,20.0,1
17719,3,7.013698630136986,0
17742,1,20.0,1
17766,2,20.0,1
17788,1,20.0,1
17811,1,20.0,1
17831,3,5.315068493150685,0
17851,1,20.0,1
17872,1,20.0,1
17895,3,7.013698630136984,0
17914,0,20.0,1
17934,1,20.0,1
17958,2,20.0,1
17976,0,20.0,1
17997,3,7.342465753424657,0
18019,1,20.0,1
18040,1,20.0,1
18062,3,7.6712328767123275,0
18082,1,20.0,1
18101,1,20.0,1
18121,0,20.0,1
18140,0,20.0,1
18159,0,20.0,1
18178,1,20.0,1
18198,0,20.0,1
18217,0,20.0,1
18236,0,20.0,1
18254,1,20.0,1
18274,1,20.0,1
18296,1,20.0,1
18326,3,5.9726027397260255,0
18351,3,7.6712328767123275,0
18370,0,20.0,1
18389,1,20.0,1
18407,0,20.0,1
18426,1,20.0,1
18449,3,7.342465753424657,0
18470,1,20.0,1
18493,3,7.013698630136986,0
18512,0,20.0,1
18535,2,20.0,1
18557,1,20.0,1
18575,0,20.0,1
18598,2,20.0,1
18619,1,20.0,1
18638,0,20.0,1
18662,3,7.6712328767123275,0
18683,0,20.0,1
18704,1,20.0,1
18728,3,7.342465753424655,0
18749,1,20.0,1
18768,0,20.0,1
18788,0,20.0,1
18808,1,20.0,1
18827,0,20.0,1
18848,1,20.0,1
18870,1,20.0,1
18889,0,20.0,1
18911,1,20.0,1
18932,1,20.0,1
18954,2,20.0,1
18975,1,20.0,1
18996,3,6.684931506849313,0
19017,1,20.0,1
19037,1,20.0,1
19062,3,8.328767123287669,0
19085,2,20.0,1
19105,1,20.0,1
19124,3,6.301369863013697,0
19145,1,20.0,1
19166,1,20.0,1
19185,0,20.0,1
19208,3,8.0,0
19229,0,20.0,1
19249,0,20.0,1
19267,0,20.0,1
19288,0,20.0,1
19309,1,20.0,1
19328,1,20.0,1
19348,0,20.0,1
19372,3,8.32876712328767,0
19396,1,20.0,1
19414,0,20.0,1
19434,2,20.0,1
19453,0,20.0,1
19475,1,19.999999999999996,1
19494,0,20.0,1
19516,1,20.0,1
19537,1,20.0,1
19556,0,20.0,1
19576,0,20.0,1
19598,1,20.0,1
19617,1,20.0,1
19636,0,20.0,1
19660,1,20.0,1
19688,3,7.342465753424655,0
19713,3,8.32876712328767,0
19733,0,20.0,1
19754,1,20.0,1
19778,1,19.999999999999996,1
19798,0,20.0,1
19817,1,20.0,1
19837,0,20.0,1
19862,2,20.0,1
19885,2,20.0,1
19904,0,20.0,1
19923,0,20.0,1
19942,0,20.0,1
19961,0,20.0,1
19980,0,20.0,1
20000,1,20.0,1
20024,1,20.0,1
20048,3,7.999999999999998,0
20069,1,20.0,1
20089,1,20.0,1
20111,1,20.0,1
20132,3,6.958904109589039,0
20155,1,20.0,1
20176,2,20.0,1
20197,1,20.0,1
20219,2,20.0,1
20239,3,6.301369863013697,0
20261,1,20.0,1
20282,3,6.958904109589039,0
20305,2,20.0,1
20325,3,6.630136986301368,0
20348,3,8.32876712328767,0
20370,1,20.0,1
20394,1,20.0,1
20414,3,6.301369863013697,0
20435,3,7.287671232876711,0
20455,1,20.0,1
20476,3,7.342465753424656,0
20496,1,20.0,1
20522,3,7.342465753424657,0
20543,3,7.671232876712329,0
20569,2,19.999999999999996,1
20588,0,20.0,1
20609,3,6.301369863013699,0
20629,2,20.0,1
20651,3,6.958904109589039,0
20673,3,7.342465753424656,0
20692,1,20.0,1
20712,3,5.972602739726025,0
20733,3,7.342465753424656,0
20752,3,7.616438356164383,0
20771,1,20.0,1
20792,1,20.0,1
20812,3,7.287671232876711,0
20831,0,20.0,1
20856,2,20.0,1
20876,1,20.0,1
20897,1,20.0,1
20917,0,20.0,1
20937,0,20.0,1
20959,1,20.0,1
20982,2,20.0,1
21003,1,20.0,1
21023,0,20.0,1
21042,0,20.0,1
21062,1,20.0,1
21081,0,20.0,1
21105,3,8.328767123287669,0
21124,3,6.9589041095890405,0
21143,3,6.630136986301369,0
21164,3,7.616438356164384,0
21185,1,20.0,1
21209,3,7.342465753424657,0
21230,1,20.0,1
21252,2,20.0,1
21272,1,20.0,1
21295,3,8.0,0
21314,0,20.0,1
21336,2,20.0,1
21357,3,6.630136986301369,0
21379,1,20.0,1
21399,3,6.630136986301368,0
21423,3,8.32876712328767,0
21442,0,20.0,1
21463,1,20.0,1
21484,3,7.342465753424656,0
21506,2,20.0,1
21529,2,20.0,1
21548,3,5.972602739726026,0
21566,0,20.0,1
21586,1,20.0,1
21605,0,20.0,1
21623,0,20.0,1
21643,0,20.0,1
21662,0,20.0,1
21681,0,20.0,1
21703,1,20.0,1
21724,1,20.0,1
21743,1,20.0,1
21765,2,20.0,1
21786,1,20.0,1
21807,3,6.9589041095890405,0
21830,3,7.999999999999998,0
21853,2,20.0,1
21874,3,7.013698630136985,0
21893,1,20.0,1
21913,0,20.0,1
21937,2,20.0,1
21957,2,20.0,1
21977,1,20.0,1
21996,0,20.0,1
22014,0,20.0,1
22034,2,20.0,1
22054,0,20.0,1
22073,0,20.0,1
22094,1,20.0,1
22113,0,20.0,1
22137,3,8.328767123287669,0
22156,1,20.0,1
22177,1,20.0,1
22197,3,5.972602739726026,0
22217,1,20.0,1
22236,0,20.0,1
22259,2,20.0,1
22284,3,8.328767123287669,0
22303,0,20.0,1
22326,2,20.0,1
22348,1,20.0,1
22369,1,20.0,1
22390,1,20.0,1
22415,2,20.0,1
22434,0,20.0,1
22453,0,19.999999999999996,1
22474,1,20.0,1
22493,1,20.0,1
22512,1,20.0,1
22534,2,20.0,1
22555,1,20.0,1
22577,1,20.0,1
22602,2,20.0,1
22624,3,8.0,0
22642,0,20.0,1
22661,3,7.287671232876711,0
22680,0,20.0,1
22701,3,6.630136986301368,0
22727,2,20.0,1
22746,0,20.0,1
22768,1,20.0,1
22791,3,7.999999999999998,0
22810,0,20.0,1
22832,1,20.0,1
22854,1,20.0,1
22877,1,19.999999999999996,1
22897,0,20.0,1
22920,1,20.0,1
22939,0,20.0,1
22962,3,7.999999999999998,0
22982,0,20.0,1
23001,0,20.0,1
23021,1,20.0,1
23040,0,20.0,1
23059,0,20.0,1
23079,1,20.0,1
23099,0,20.0,1
23119,0,20.0,1
23138,0,20.0,1
23161,1,20.0,1
23181,0,20.0,1
23201,2,20.0,1
23221,1,20.0,1
23241,0,20.0,1
23260,0,20.0,1
23278,0,20.0,1
23297,0,20.0,1
23316,0,20.0,1
23334,0,20.0,1
23353,0,20.0,1
23372,0,20.0,1
23393,3,6.958904109589039,0
23414,1,20.0,1
23435,0,20.0,1
23457,0,20.0,1
23478,0,20.0,1
23503,0,20.0,1
23527,3,7.671232876712329,0
23548,1,20.0,1
23569,1,20.0,1
23588,0,20.0,1
23608,0,20.0,1
23627,0,20.0,1
23646,0,20.0,1
23666,0,20.0,1
23689,3,7.999999999999998,0
23710,1,20.0,1
23729,0,20.0,1
23750,0,20.0,1
23769,0,20.0,1
23787,0,20.0,1
23810,1,20.0,1
23834,3,7.999999999999998,0
23854,0,20.0,1
23877,3,7.6712328767123275,0
23903,3,7.999999999999998,0
23923,0,20.0,1
23946,3,7.013698630136986,0
23965,1,20.0,1
23987,1,20.0,1
24007,0,20.0,1
24030,1,20.0,1
24054,1,20.0,1
24073,0,20.0,1
24093,0,20.0,1
24112,0,20.0,1
24136,1,20.0,1
24155,1,20.0,1
24181,3,7.342465753424655,0
24203,3,6.684931506849315,0
24223,1,20.0,1
24245,1,20.0,1
24268,1,20.0,1
24288,0,20.0,1
24307,0,20.0,1
24328,1,20.0,1
24350,1,20.0,1
24370,0,20.0,1
24389,0,20.0,1
24413,3,7.013698630136986,0
24433,1,20.0,1
24455,2,20.0,1
24476,0,20.0,1
24496,0,20.0,1
24516,0,20.0,1
24537,0,20.0,1
24560,1,20.0,1
24582,1,20.0,1
24602,0,20.0,1
24623,0,20.0,1
24645,2,20.0,1
24665,1,20.0,1
24686,1,20.0,1
24704,0,20.0,1
24727,3,8.000000000000002,0
24747,1,20.0,1
24772,3,7.671232876712326,0
24791,1,20.0,1
24810,0,20.0,1
24829,0,20.0,1
24851,1,20.0,1
24871,0,20.0,1
24891,2,20.0,1
24911,0,20.0,1
24930,0,20.0,1
24949,0,20.0,1
24969,0,20.0,1
24988,0,20.0,1
25009,3,7.6712328767123275,0
25033,3,7.671232876712327,0
25053,1,20.0,1
25073,3,6.958904109589039,0
25095,1,20.0,1
25115,0,20.0,1
25139,3,7.9999999999999964,0
25162,1,19.999999999999996,1
25181,0,20.0,1
25201,0,20.0,1
25221,1,20.0,1
25242,3,5.315068493150683,0
25264,3,8.0,0
25284,0,20.0,1
25303,0,20.0,1
25323,0,20.0,1
25344,1,20.0,1
25364,0,20.0,1
25386,1,20.0,1
25409,2,20.0,1
25429,1,20.0,1
25448,0,20.0,1
25466,0,20.0,1
25487,1,20.0,1
25508,0,20.0,1
25529,3,6.356164383561643,0
25548,3,6.301369863013697,0
25570,1,20.0,1
25593,1,20.0,1
25614,0,20.0,1
25633,0,20.0,1
25652,1,20.0,1
25672,1,20.0,1
25691,0,20.0,1
25711,1,20.0,1
25734,2,20.0,1
25756,1,20.0,1
25774,0,20.0,1
25792,0,20.0,1
25812,0,20.0,1
25835,1,20.0,1
25857,3,6.684931506849314,0
25876,0,20.0,1
25895,0,20.0,1
25915,1,20.0,1
25936,1,20.0,1
25958,1,20.0,1
25978,0,20.0,1
25999,1,20.0,1
26020,0,20.0,1
26043,2,20.0,1
26063,0,20.0,1
26083,0,19.999999999999996,1
26103,1,20.0,1
26126,2,20.0,1
26144,1,20.0,1
26163,0,20.0,1
26186,1,20.0,1
26209,2,20.0,1
26233,1,19.999999999999996,1
26252,0,19.999999999999996,1
26271,0,20.0,1
26290,1,20.0,1
26309,0,20.0,1
26333,2,20.0,1
26356,1,20.0,1
26374,0,20.0,1
26392,0,20.0,1
26411,0,20.0,1
26432,1,20.0,1
26452,0,20.0,1
26476,1,20.0,1
26496,0,20.0,1
26515,0,20.0,1
26534,0,20.0,1
26555,1,19.999999999999996,1
26574,0,20.0,1
26593,1,20.0,1
26613,0,20.0,1
26637,1,20.0,1
26657,0,20.0,1
26682,3,8.0,0
26701,0,20.0,1
26728,3,8.328767123287669,0
26749,0,20.0,1
26771,1,19.999999999999996,1
26792,1,19.999999999999996,1
26820,3,8.328767123287669,0
26843,2,20.0,1
26863,1,20.0,1
26882,0,20.0,1
26905,1,20.0,1
26924,0,20.0,1
26944,0,20.0,1
26965,1,20.0,1
26984,0,20.0,1
27010,3,8.328767123287669,0
27029,0,20.0,1
27048,0,20.0,1
27068,1,20.0,1
27090,2,20.0,1
27115,2,20.0,1
27138,1,20.0,1
27160,2,20.0,1
27185,2,20.0,1
27212,2,20.0,1
27234,3,7.999999999999999,0
27254,0,20.0,1
27273,0,20.0,1
27299,2,20.0,1
27319,0,20.0,1
27344,3,8.328767123287669,0
27367,1,20.0,1
27388,1,20.0,1
27416,2,19.999999999999996,1
27439,3,8.328767123287667,0
27460,0,20.0,1
27480,1,20.0,1
27502,1,20.0,1
27521,0,20.0,1
27542,1,20.0,1
27565,1,20.0,1
27584,1,20.0,1
27606,1,20.0,1
27628,1,20.0,1
27648,1,20.0,1
27668,0,20.0,1
27687,0,20.0,1
27709,1,20.0,1
27730,1,20.0,1
27749,0,20.0,1
27770,1,20.0,1
27790,1,20.0,1
27812,1,20.0,1
27839,2,20.0,1
27863,2,20.0,1
27887,3,7.013698630136986,0
27908,0,20.0,1
27931,1,19.999999999999996,1
27954,1,20.0,1
27977,3,6.684931506849313,0
28000,1,20.0,1
28024,1,20.0,1
28043,0,20.0,1
28072,3,8.328767123287667,0
28092,0,20.0,1
28112,0,20.0,1
28138,2,19.999999999999996,1
28159,0,20.0,1
28182,1,19.999999999999996,1
28208,1,20.0,1
28231,1,20.0,1
28255,1,20.0,1
28279,1,20.0,1
28299,0,20.0,1
28320,0,20.0,1
28343,1,20.0,1
28366,1,20.0,1
28385,0,20.0,1
28408,1,20.0,1
28428,1,20.0,1
28446,0,20.0,1
28465,0,20.0,1
28486,2,20.0,1
28508,1,20.0,1
28531,0,20.0,1
28551,0,20.0,1
28574,3,7.342465753424655,0
28593,0,20.0,1
28615,1,20.0,1
28645,2,20.0,1
28672,1,20.0,1
28697,2,20.0,1
28720,2,20.0,1
28745,1,20.0,1
28770,2,20.0,1
28796,3,7.671232876712326,0
28819,1,20.0,1
28842,2,20.0,1
28867,3,7.999999999999998,0
28889,3,5.643835616438354,0
28911,1,20.0,1
28936,1,20.0,1
28958,1,20.0,1
28981,1,20.0,1
29002,0,20.0,1
29026,1,20.0,1
29047,1,20.0,1
29068,1,20.0,1
29091,1,20.0,1
29114,1,20.0,1
29137,2,20.0,1
29157,0,19.999999999999996,1
29179,1,20.0,1
29199,0,20.0,1
29219,0,20.0,1
29245,2,20.0,1
29273,2,20.0,1
29294,1,20.0,1
29315,1,20.0,1
29336,0,20.0,1
29357,1,20.0,1
29380,1,20.0,1
29408,2,20.0,1
29431,1,20.0,1
29455,1,20.0,1
29476,1,20.0,1
29497,0,20.0,1
29522,3,7.999999999999998,0
29544,2,20.0,1
29567,0,20.0,1
29585,0,20.0,1
29609,1,20.0,1
29634,1,20.0,1
29658,1,20.0,1
29680,2,20.0,1
29703,1,20.0,1
29729,2,20.0,1
29755,3,8.328767123287669,0
29782,1,20.0,1
29804,1,20.0,1
29826,1,20.0,1
29847,1,20.0,1
29867,1,20.0,1
29896,2,20.0,1
29922,2,20.0,1
29944,1,19.999999999999996,1
29965,1,20.0,1
29990,3,7.671232876712326,0
30016,3,8.328767123287669,0
30039,1,20.0,1
30059,0,20.0,1
30079,0,20.0,1
30100,1,20.0,1
30124,1,20.0,1
30147,1,20.0,1
30170,1,20.0,1
30195,1,20.0,1
30219,0,20.0,1
30243,2,20.0,1
30270,1,20.0,1
30292,1,20.0,1
30313,1,20.0,1
30335,1,20.0,1
30354,0,20.0,1
30378,1,20.0,1
30402,3,7.342465753424657,0
30421,0,20.0,1
30441,0,20.0,1
30464,3,7.013698630136986,0
30487,1,20.0,1
30510,1,20.0,1
30530,0,20.0,1
30550,0,20.0,1
30573,1,20.0,1
30594,0,20.0,1
30613,0,20.0,1
30637,1,20.0,1
30659,1,20.0,1
30683,3,8.32876712328767,0
30705,3,7.342465753424657,0
30727,0,20.0,1
30748,1,20.0,1
30768,1,20.0,1
30792,3,8.328767123287669,0
30820,3,8.32876712328767,0
30842,2,20.0,1
30861,0,20.0,1
30882,0,20.0,1
30904,1,20.0,1
30924,1,20.0,1
30946,1,20.0,1
30966,1,20.0,1
30987,3,7.342465753424657,0
31006,0,20.0,1
31026,1,20.0,1
31044,0,20.0,1
31063,0,20.0,1
31083,0,20.0,1
31105,1,20.0,1
31124,0,20.0,1
31143,1,20.0,1
31164,1,20.0,1
31183,0,20.0,1
31203,0,20.0,1
31222,0,20.0,1
31242,0,20.0,1
31261,0,20.0,1
31282,1,20.0,1
31302,0,20.0,1
31321,0,20.0,1
31340,0,20.0,1
31359,0,20.0,1
31379,0,20.0,1
31399,0,20.0,1
31418,0,20.0,1
31438,0,20.0,1
31462,0,20.0,1
31484,0,20.0,1
31508,1,20.0,1
31528,0,20.0,1
31551,1,20.0,1
31575,2,20.0,1
31601,1,20.0,1
31623,1,19.999999999999996,1
31645,0,20.0,1
31665,1,20.0,1
31690,3,7.671232876712326,0
31709,0,20.0,1
31728,0,20.0,1
31747,0,20.0,1
31766,0,20.0,1
31792,2,20.0,1
31812,1,20.0,1
31835,2,20.0,1
31859,1,19.999999999999996,1
31882,0,20.0,1
31902,1,20.0,1
31921,0,20.0,1
31940,1,20.0,1
31963,1,20.0,1
31982,0,20.0,1
32004,1,20.0,1
32023,0,20.0,1
32042,0,20.0,1
32061,0,20.0,1
32082,1,20.0,1
32101,0,20.0,1
32121,0,20.0,1
32142,1,20.0,1
32162,0,20.0,1
32183,1,20.0,1
32204,1,20.0,1
32223,0,20.0,1
32242,0,20.0,1
32261,0,20.0,1
32281,0,20.0,1
32301,1,20.0,1
32321,0,20.0,1
32343,1,20.0,1
32362,0,20.0,1
32382,0,20.0,1
32403,1,20.0,1
32422,1,20.0,1
32442,0,20.0,1
32461,0,20.0,1
32481,0,20.0,1
32502,0,20.0,1
32523,1,20.0,1
32542,0,20.0,1
32563,1,20.0,1
32584,1,20.0,1
32607,1,20.0,1
32630,1,20.0,1
32651,1,20.0,1
32670,1,20.0,1
32692,1,20.0,1
32711,0,20.0,1
32736,3,8.328767123287669,0
32758,0,20.0,1
32778,0,20.0,1
32796,0,20.0,1
32814,0,20.0,1
32835,1,20.0,1
32856,1,20.0,1
32877,1,20.0,1
32896,1,20.0,1
32914,0,20.0,1
32934,0,20.0,1
32953,0,20.0,1
32972,0,20.0,1
32995,2,20.0,1
33015,0,20.0,1
33036,1,20.0,1
33055,0,20.0,1
33076,0,20.0,1
33095,0,20.0,1
33114,0,20.0,1
33133,0,20.0,1
33152,0,20.0,1
33171,0,20.0,1
33194,1,20.0,1
33214,1,20.0,1
33239,1,20.0,1
33258,0,20.0,1
33277,0,20.0,1
33296,1,20.0,1
33315,1,20.0,1
33335,0,20.0,1
33359,1,20.0,1
33384,2,20.0,1
33405,1,20.0,1
33426,1,20.0,1
33446,1,20.0,1
33466,1,20.0,1
33488,1,20.0,1
33508,1,20.0,1
33532,2,20.0,1
33552,1,20.0,1
33572,1,20.0,1
33595,1,20.0,1
33614,0,20.0,1
33635,1,20.0,1
33658,1,20.0,1
33679,0,20.0,1
33699,0,20.0,1
33721,1,20.0,1
33742,1,20.0,1
33763,1,20.0,1
33782,0,20.0,1
33805,1,20.0,1
33824,0,20.0,1
33845,0,20.0,1
33863,0,20.0,1
33886,2,20.0,1
33905,0,20.0,1
33924,0,20.0,1
33944,0,20.0,1
33963,0,20.0,1
33983,0,20.0,1
34003,1,20.0,1
34022,0,20.0,1
34043,0,20.0,1
34062,0,20.0,1
34081,0,20.0,1
34100,0,20.0,1
34119,0,20.0,1
34138,0,20.0,1
34159,1,20.0,1
34178,1,20.0,1
34199,1,20.0,1
34218,0,20.0,1
34240,1,20.0,1
34259,0,20.0,1
34280,1,20.0,1
34300,0,20.0,1
34320,0,20.0,1
34339,0,20.0,1
34358,0,20.0,1
34378,1,20.0,1
34398,1,20.0,1
34416,0,20.0,1
34435,0,20.0,1
34458,1,19.999999999999996,1
34477,0,20.0,1
34496,0,20.0,1
34515,0,20.0,1
34536,0,20.0,1
34555,0,20.0,1
34574,0,20.0,1
34593,0,20.0,1
34611,0,20.0,1
34630,0,20.0,1
34650,0,20.0,1
34673,1,20.0,1
34692,0,20.0,1
34711,0,20.0,1
34732,1,20.0,1
34755,1,20.0,1
34776,3,6.684931506849315,0
34796,0,20.0,1
34816,0,20.0,1
34838,1,19.999999999999996,1
34863,3,7.999999999999998,0
34886,1,20.0,1
34906,0,20.0,1
34926,0,20.0,1
34944,0,20.0,1
34964,1,20.0,1
34983,0,20.0,1
35001,0,20.0,1
35021,0,20.0,1
35044,1,20.0,1
35066,1,20.0,1
35085,0,20.0,1
35107,1,20.0,1
35126,0,20.0,1
35146,0,20.0,1
35170,1,19.999999999999996,1
35189,0,20.0,1
35211,1,20.0,1
35233,1,19.999999999999996,1
35253,0,20.0,1
35272,1,20.0,1
35297,1,20.0,1
35316,0,20.0,1
35339,1,20.0,1
35360,1,20.0,1
35379,0,20.0,1
35399,1,20.0,1
35423,1,20.0,1
35442,0,20.0,1
35465,1,19.999999999999996,1
35492,2,20.0,1
35511,0,20.0,1
35533,1,20.0,1
35551,0,20.0,1
35570,0,20.0,1
35591,1,20.0,1
35616,2,20.0,1
35635,0,20.0,1
35655,0,20.0,1
35674,0,20.0,1
35697,1,20.0,1
35716,0,20.0,1
35737,0,20.0,1
35757,1,20.0,1
35781,1,20.0,1
35802,1,20.0,1
35829,2,20.0,1
35849,1,20.0,1
35870,1,20.0,1
35889,0,20.0,1
35912,1,20.0,1
35933,1,20.0,1
35952,0,20.0,1
35971,1,20.0,1
35989,0,20.0,1
36009,0,20.0,1
36028,0,20.0,1
36047,0,20.0,1
36070,1,20.0,1
36090,0,20.0,1
36117,3,8.328767123287669,0
36137,0,20.0,1
36158,1,20.0,1
36177,0,20.0,1
36197,1,20.0,1
36216,0,20.0,1
36236,0,20.0,1
36262,3,8.328767123287667,0
36281,0,20.0,1
36303,1,20.0,1
36323,0,20.0,1
36342,0,20.0,1
36368,2,20.0,1
36387,0,20.0,1
36412,2,20.0,1
36431,0,20.0,1
36450,0,20.0,1
36473,1,20.0,1
36497,1,20.0,1
36521,3,7.6712328767123275,0
36542,1,20.0,1
36564,1,20.0,1
36583,0,20.0,1
36605,1,20.0,1
36624,1,20.0,1
36643,0,20.0,1
36662,0,20.0,1
36685,1,20.0,1
36708,1,20.0,1
36727,0,20.0,1
36747,0,20.0,1
36767,1,20.0,1
36790,3,7.013698630136984,0
36810,1,20.0,1
36830,0,20.0,1
36849,0,20.0,1
36874,1,19.999999999999996,1
36894,0,20.0,1
36915,0,20.0,1
36936,1,20.0,1
36956,0,20.0,1
36977,1,20.0,1
36997,0,20.0,1
37020,1,20.0,1
37040,0,20.0,1
37061,1,20.0,1
37085,2,20.0,1
37105,0,20.0,1
37125,0,20.0,1
37143,0,20.0,1
37162,0,20.0,1
37183,3,7.013698630136985,0
37202,0,20.0,1
37220,0,20.0,1
37239,1,20.0,1
37257,0,20.0,1
37278,1,20.0,1
37297,0,20.0,1
37321,2,19.999999999999996,1
37342,0,20.0,1
37365,1,20.0,1
37386,0,20.0,1
37407,2,20.0,1
37425,1,20.0,1
37448,1,20.0,1
37468,0,20.0,1
37491,1,20.0,1
37512,0,20.0,1
37538,3,8.328767123287669,0
37557,0,20.0,1
37578,1,20.0,1
37599,1,20.0,1
37618,0,20.0,1
37637,1,20.0,1
37657,0,20.0,1
37678,1,20.0,1
37698,0,20.0,1
37721,1,20.0,1
37743,1,20.0,1
37763,0,20.0,1
37783,0,20.0,1
37805,1,20.0,1
37830,2,20.0,1
37849,1,20.0,1
37871,1,20.0,1
37894,1,19.999999999999996,1
37915,1,20.0,1
37936,0,20.0,1
37955,0,20.0,1
37976,1,20.0,1
37996,1,20.0,1
38018,1,19.999999999999996,1
38037,1,20.0,1
38058,1,20.0,1
38080,0,20.0,1
38104,1,20.0,1
38124,0,20.0,1
38146,3,7.013698630136985,0
38165,0,20.0,1
38185,0,20.0,1
38205,0,20.0,1
38224,1,20.0,1
38243,0,20.0,1
38262,0,20.0,1
38290,3,8.328767123287669,0
38309,1,20.0,1
38331,1,20.0,1
38352,0,20.0,1
38371,1,20.0,1
38390,0,20.0,1
38410,0,20.0,1
38431,0,20.0,1
38449,0,20.0,1
38473,1,20.0,1
38492,0,20.0,1
38511,0,20.0,1
38532,1,20.0,1
38553,0,20.0,1
38572,0,20.0,1
38594,0,20.0,1
38613,0,20.0,1
38633,0,20.0,1
38653,0,20.0,1
38675,1,20.0,1
38696,0,20.0,1
38718,1,20.0,1
38739,0,20.0,1
38761,1,20.0,1
38782,1,20.0,1
38801,0,20.0,1
38822,1,20.0,1
38841,0,20.0,1
38861,0,20.0,1
38880,0,20.0,1
38899,0,20.0,1
38923,3,7.999999999999998,0
38942,0,20.0,1
38961,0,20.0,1
38983,1,20.0,1
39005,2,20.0,1
39026,1,20.0,1
39049,1,20.0,1
39075,3,8.328767123287669,0
39095,0,20.0,1
39112,0,20.0,1
39131,0,20.0,1
39152,1,20.0,1
39171,0,20.0,1
39190,0,20.0,1
39212,1,20.0,1
39231,1,20.0,1
39257,3,7.342465753424657,0
39277,0,20.0,1
39296,0,20.0,1
39320,1,20.0,1
39338,0,20.0,1
39357,0,20.0,1
39377,0,20.0,1
39396,1,20.0,1
39415,0,20.0,1
39438,1,20.0,1
39459,1,20.0,1
39478,0,20.0,1
39496,0,20.0,1
39515,0,20.0,1
39534,0,20.0,1
39559,2,20.0,1
39579,0,20.0,1
39597,0,20.0,1
39615,0,20.0,1
39634,0,20.0,1
39657,3,7.999999999999998,0
39680,1,20.0,1
39699,0,20.0,1
39720,1,20.0,1
39741,0,20.0,1
39763,1,20.0,1
39782,0,20.0,1
39803,1,20.0,1
39822,0,20.0,1
39842,1,20.0,1
39861,0,20.0,1
39880,0,20.0,1
39903,1,20.0,1
39928,2,20.0,1
39949,1,20.0,1
39968,0,20.0,1
39987,0,20.0,1
40009,1,19.999999999999996,1
40027,0,20.0,1
40045,0,20.0,1
40065,0,20.0,1
40088,1,20.0,1
40106,0,20.0,1
40124,0,20.0,1
40143,1,20.0,1
40162,0,20.0,1
40181,1,20.0,1
40206,2,20.0,1
40225,0,20.0,1
40244,0,20.0,1
40263,0,20.0,1
40283,0,20.0,1
40302,0,20.0,1
40322,1,20.0,1
40341,0,20.0,1
40365,3,7.9999999999999964,0
40386,1,20.0,1
40406,0,20.0,1
40429,1,20.0,1
40450,1,20.0,1
40471,0,20.0,1
40492,1,20.0,1
40511,0,20.0,1
40532,1,20.0,1
40592,3,7.999999999999998,0
40621,1,20.0,1
40640,0,20.0,1
40663,1,20.0,1
40683,1,20.0,1
40743,3,8.0,0
40765,1,20.0,1
40789,1,20.0,1
40810,1,20.0,1
40831,1,20.0,1
40857,2,20.0,1
40880,3,7.342465753424655,0
40902,1,20.0,1
40924,1,20.0,1
40947,2,20.0,1
40967,1,20.0,1
40989,1,20.0,1
41011,1,20.0,1
41031,0,20.0,1
41056,1,20.0,1
41079,1,20.0,1
41098,0,20.0,1
41117,0,20.0,1
41137,0,20.0,1
41157,0,20.0,1
41179,1,20.0,1
41200,1,20.0,1
41220,0,20.0,1
41245,1,20.0,1
41265,0,20.0,1
41290,1,20.0,1
41308,0,20.0,1
41334,3,8.328767123287669,0
41355,0,20.0,1
41377,0,20.0,1
41402,1,20.0,1
41426,1,20.0,1
41446,0,20.0,1
41469,0,20.0,1
41488,0,20.0,1
41509,1,20.0,1
41529,1,20.0,1
41556,2,20.0,1
41577,0,20.0,1
41598,0,20.0,1
41623,3,8.32876712328767,0
41644,0,20.0,1
41666,1,20.0,1
41688,1,20.0,1
41716,2,20.0,1
41740,2,20.0,1
41766,3,8.32876712328767,0
41787,1,20.0,1
41810,1,20.0,1
41831,0,20.0,1
41854,0,20.0,1
41875,1,20.0,1
41897,0,20.0,1
41924,1,20.0,1
41946,1,20.0,1
41967,1,20.0,1
41987,0,20.0,1
42009,1,20.0,1
42029,0,20.0,1
42049,0,20.0,1
42071,1,20.0,1
42092,2,20.0,1
42114,2,20.0,1
42135,0,20.0,1
42155,0,20.0,1
42176,0,20.0,1
42198,0,20.0,1
42219,1,20.0,1
42241,1,20.0,1
42265,3,7.671232876712329,0
42286,0,20.0,1
42310,1,20.0,1
42330,1,20.0,1
42355,2,20.0,1
42376,0,20.0,1
42397,1,20.0,1
42420,1,20.0,1
42439,0,20.0,1
42461,1,20.0,1
42483,0,20.0,1
42505,2,20.0,1
42528,2,20.0,1
42549,1,20.0,1
42569,0,20.0,1
42593,2,20.0,1
42613,0,20.0,1
42634,2,20.0,1
42655,0,20.0,1
42675,1,20.0,1
42695,1,20.0,1
42720,3,7.9999999999999964,0
42742,1,20.0,1
42763,1,20.0,1
42787,1,20.0,1
42807,1,20.0,1
42826,0,20.0,1
42850,1,20.0,1
42869,0,20.0,1
42889,0,20.0,1
42912,1,20.0,1
42933,3,6.684931506849314,0
42952,0,20.0,1
42970,0,20.0,1
42991,1,20.0,1
43012,1,19.999999999999996,1
43034,2,20.0,1
43054,1,20.0,1
43077,1,20.0,1
43101,3,7.999999999999998,0
43123,1,20.0,1
43144,1,20.0,1
43163,0,20.0,1
43183,0,20.0,1
43201,0,20.0,1
43220,0,20.0,1
43245,2,20.0,1
43264,0,20.0,1
43288,1,20.0,1
43308,1,20.0,1
43330,1,20.0,1
43352,1,19.999999999999996,1
43371,0,20.0,1
43394,1,20.0,1
43414,0,20.0,1
43436,0,20.0,1
43458,0,20.0,1
43482,1,20.0,1
43504,1,20.0,1
43527,1,20.0,1
43549,1,20.0,1
43572,2,20.0,1
43598,2,20.0,1
43626,3,8.328767123287669,0
43650,3,7.999999999999998,0
43672,0,20.0,1
43694,1,20.0,1
43722,3,7.9999999999999964,0
43744,0,20.0,1
43767,1,20.0,1
43789,2,20.0,1
43811,2,20.0,1
43831,0,20.0,1
43850,0,20.0,1
43871,1,20.0,1
43890,0,20.0,1
43910,0,20.0,1
43930,1,20.0,1
43949,0,20.0,1
43972,1,20.0,1
43991,0,20.0,1
44012,0,20.0,1
44033,0,20.0,1
44053,0,20.0,1
44074,0,20.0,1
44096,0,20.0,1
44116,1,20.0,1
44137,1,20.0,1
44157,0,20.0,1
44179,1,20.0,1
44200,0,20.0,1
44219,0,20.0,1
44240,0,20.0,1
44262,0,20.0,1
44282,1,20.0,1
44305,1,20.0,1
44325,0,20.0,1
44353,2,19.999999999999996,1
44373,0,20.0,1
44395,1,20.0,1
44415,0,20.0,1
44438,1,20.0,1
44459,1,20.0,1
44478,1,20.0,1
44497,0,20.0,1
44518,1,20.0,1
44539,0,20.0,1
44559,1,20.0,1
44580,1,20.0,1
44602,1,20.0,1
44622,1,20.0,1
44641,0,20.0,1
44661,1,20.0,1
44681,0,20.0,1
44702,0,20.0,1
44724,2,20.0,1
44744,1,20.0,1
44762,0,20.0,1
44783,1,20.0,1
44802,1,20.0,1
44820,0,20.0,1
44843,1,20.0,1
44870,3,8.328767123287669,0
44897,3,8.328767123287667,0
44917,1,20.0,1
44939,0,20.0,1
44964,2,20.0,1
44987,1,20.0,1
45010,1,20.0,1
45031,0,20.0,1
45052,1,20.0,1
45072,0,20.0,1
45095,2,20.0,1
45114,0,20.0,1
45133,1,20.0,1
45156,2,20.0,1
45176,1,20.0,1
45195,0,20.0,1
45215,0,20.0,1
45236,0,20.0,1
45257,0,20.0,1
45278,1,20.0,1
45297,0,20.0,1
45321,1,20.0,1
45345,2,20.0,1
45367,1,20.0,1
45395,3,8.328767123287669,0
45416,1,20.0,1
45437,1,20.0,1
45459,3,7.671232876712329,0
45479,1,20.0,1
45498,0,20.0,1
45520,1,20.0,1
45542,1,20.0,1
45563,1,20.0,1
45583,1,20.0,1
45604,1,20.0,1
45624,1,20.0,1
45644,0,20.0,1
45665,1,20.0,1
45686,0,20.0,1
45707,0,20.0,1
45727,0,20.0,1
45748,0,20.0,1
45768,1,20.0,1
45789,0,20.0,1
45810,1,20.0,1
45831,1,20.0,1
45852,1,20.0,1
45875,1,20.0,1
45898,2,20.0,1
45917,0,20.0,1
45936,0,20.0,1
45956,1,20.0,1
45976,1,20.0,1
45997,1,20.0,1
46017,0,20.0,1
46040,2,19.999999999999996,1
46061,1,20.0,1
46081,0,20.0,1
46101,0,20.0,1
46122,1,20.0,1
46146,1,20.0,1
46168,2,20.0,1
46189,1,20.0,1
46209,1,20.0,1
46229,1,20.0,1
46248,0,20.0,1
46272,2,20.0,1
46295,1,20.0,1
46317,1,20.0,1
46338,1,20.0,1
46358,1,20.0,1
46379,1,20.0,1
46398,0,20.0,1
46419,0,20.0,1
46440,1,20.0,1
46460,1,20.0,1
46480,0,20.0,1
46499,0,20.0,1
46522,1,20.0,1
46541,0,20.0,1
46561,1,20.0,1
46582,1,20.0,1
46601,0,20.0,1
46620,0,20.0,1
46643,3,7.013698630136985,0
46669,3,8.328767123287669,0
46691,1,20.0,1
46714,2,20.0,1
46735,0,20.0,1
46754,0,20.0,1
46775,2,20.0,1
46795,0,20.0,1
46817,0,20.0,1
46838,3,6.630136986301368,0
46857,0,20.0,1
46878,1,20.0,1
46897,0,20.0,1
46917,1,20.0,1
46937,0,20.0,1
46955,0,20.0,1
46976,1,20.0,1
46997,1,20.0,1
47019,1,20.0,1
47038,0,20.0,1
47059,1,20.0,1
47079,0,20.0,1
47098,0,20.0,1
47121,1,19.999999999999996,1
47142,0,20.0,1
47162,1,20.0,1
47180,0,20.0,1
47199,0,20.0,1
47219,0,20.0,1
47238,0,20.0,1
47258,0,20.0,1
47280,1,19.999999999999996,1
47300,1,20.0,1
47320,0,20.0,1
47339,0,20.0,1
47357,0,20.0,1
47376,0,20.0,1
47403,3,8.328767123287669,0
47423,1,20.0,1
47442,1,20.0,1
47463,1,20.0,1
47484,2,20.0,1
47504,0,20.0,1
47525,1,20.0,1
47544,0,20.0,1
47564,1,20.0,1
47583,0,20.0,1
47604,1,20.0,1
47624,1,20.0,1
47643,0,20.0,1
47663,0,20.0,1
47682,1,20.0,1
47701,0,20.0,1
47720,0,20.0,1
47738,0,20.0,1
47756,0,20.0,1
47775,0,20.0,1
47793,0,20.0,1
47814,1,20.0,1
47835,1,20.0,1
47854,0,20.0,1
47874,0,20.0,1
47894,0,20.0,1
47917,1,20.0,1
47939,1,20.0,1
47961,1,20.0,1
47980,0,20.0,1
47999,1,20.0,1
48023,3,8.328767123287669,0
48044,1,20.0,1
48063,0,20.0,1
48082,1,20.0,1
48102,1,20.0,1
48120,0,20.0,1
48141,3,7.013698630136985,0
48161,3,7.342465753424658,0
48185,2,20.0,1
48206,1,20.0,1
48225,0,20.0,1
48244,0,20.0,1
48265,1,20.0,1
48283,0,20.0,1
48303,0,20.0,1
48323,1,20.0,1
48346,2,20.0,1
48365,0,20.0,1
48387,1,20.0,1
48407,0,20.0,1
48431,3,8.32876712328767,0
48451,0,20.0,1
48475,3,8.32876712328767,0
48493,0,20.0,1
48515,1,20.0,1
48534,0,20.0,1
48553,0,20.0,1
48572,0,20.0,1
48591,0,20.0,1
48611,0,20.0,1
48631,1,20.0,1
48649,0,20.0,1
48672,2,20.0,1
48699,0,20.0,1
48720,1,20.0,1
48746,1,20.0,1
48775,2,20.0,1
48794,3,6.301369863013697,0
48814,0,20.0,1
48839,2,20.0,1
48863,3,8.328767123287669,0
48884,3,8.0,0
48903,0,20.0,1
48926,1,20.0,1
48948,1,20.0,1
48967,3,6.63013698630137,0
48990,1,20.0,1
49014,2,20.0,1
49037,2,20.0,1
49057,0,20.0,1
49079,3,8.328767123287669,0
49101,1,20.0,1
49123,3,8.0,0
49145,2,20.0,1
49166,1,20.0,1
49187,1,20.0,1
49210,1,20.0,1
49232,1,20.0,1
49256,2,20.0,1
49280,3,8.328767123287669,0
49302,1,20.0,1
49322,0,20.0,1
49346,1,20.0,1
49368,1,20.0,1
49389,0,20.0,1
49412,3,7.999999999999998,0
49431,0,20.0,1
49458,2,20.0,1
49477,3,6.301369863013699,0
49496,3,6.301369863013699,0
49518,1,20.0,1
49540,1,20.0,1
49560,1,20.0,1
49582,1,20.0,1
49602,0,20.0,1
49623,3,7.342465753424657,0
49644,1,20.0,1
49664,1,20.0,1
49686,1,20.0,1
49708,0,20.0,1
49729,0,20.0,1
49752,1,20.0,1
49776,2,20.0,1
49797,1,20.0,1
49817,3,5.972602739726026,0
49839,1,20.0,1
49862,0,20.0,1
49886,1,20.0,1
49908,1,20.0,1
49931,3,7.342465753424657,0
49954,1,20.0,1
49976,1,20.0,1
49997,1,20.0,1
50019,1,20.0,1
50041,2,20.0,1
50061,1,20.0,1
50080,0,20.0,1
50100,0,20.0,1
50119,1,20.0,1
50143,1,20.0,1
50165,3,7.671232876712329,0
50189,3,8.328767123287669,0
50208,0,20.0,1
50229,1,20.0,1
50251,1,20.0,1
50273,0,20.0,1
50292,0,20.0,1
50310,1,20.0,1
50330,2,20.0,1
50352,2,20.0,1
50371,0,20.0,1
50392,1,20.0,1
50416,3,7.999999999999998,0
50439,1,20.0,1
50460,1,20.0,1
50480,1,20.0,1
50499,1,20.0,1
50521,3,7.999999999999998,0
50542,1,20.0,1
50563,1,20.0,1
50583,0,20.0,1
50602,0,20.0,1
50621,1,20.0,1
50640,3,7.013698630136984,0
50661,1,20.0,1
50684,3,8.0,0
50705,3,7.671232876712329,0
50727,3,7.6712328767123275,0
50747,1,20.0,1
50769,2,20.0,1
50791,2,20.0,1
50811,0,20.0,1
50832,1,20.0,1
50851,1,20.0,1
50874,2,20.0,1
50895,1,20.0,1
50914,0,20.0,1
50935,1,20.0,1
50959,2,20.0,1
50980,1,20.0,1
51003,3,7.999999999999998,0
51025,2,20.0,1
51045,0,20.0,1
51065,1,20.0,1
51086,1,20.0,1
51106,1,20.0,1
51125,1,20.0,1
51145,0,20.0,1
51168,3,7.671232876712329,0
51187,3,6.301369863013697,0
51212,3,8.32876712328767,0
51239,2,20.0,1
51259,3,5.972602739726026,0
51281,1,20.0,1
51304,3,8.0,0
51325,1,20.0,1
51346,2,20.0,1
51367,3,5.972602739726026,0
51389,1,20.0,1
51409,1,20.0,1
51428,0,20.0,1
51449,3,7.671232876712329,0
51469,0,20.0,1
51489,0,20.0,1
51511,3,7.342465753424658,0
51533,1,20.0,1
51555,1,20.0,1
51578,3,7.999999999999998,0
51601,2,20.0,1
51621,0,20.0,1
51642,1,20.0,1
51661,0,20.0,1
51683,1,20.0,1
51705,1,19.999999999999996,1
51724,0,20.0,1
51744,0,20.0,1
51766,1,20.0,1
51787,1,20.0,1
51809,1,20.0,1
51830,1,20.0,1
51850,1,20.0,1
51868,0,20.0,1
51891,1,20.0,1
51912,1,20.0,1
51930,0,20.0,1
51950,0,20.0,1
51971,1,20.0,1
51990,0,20.0,1
52017,3,8.328767123287669,0
52039,2,19.999999999999996,1
52060,1,20.0,1
52079,0,20.0,1
52103,2,20.0,1
52125,1,20.0,1
52145,0,20.0,1
52165,0,20.0,1
52187,1,20.0,1
52209,1,20.0,1
52231,1,20.0,1
52259,2,20.0,1
52278,0,20.0,1
52299,1,20.0,1
52322,0,20.0,1
52345,2,20.0,1
52366,3,7.999999999999999,0
52386,3,6.630136986301369,0
52408,3,7.287671232876711,0
52431,3,7.999999999999998,0
52451,1,20.0,1
52476,2,20.0,1
52502,3,8.328767123287669,0
52525,2,20.0,1
52548,2,20.0,1
52570,2,20.0,1
52591,3,6.301369863013697,0
52613,3,7.2876712328767095,0
52631,0,20.0,1
52651,1,20.0,1
52673,0,20.0,1
52694,3,6.630136986301368,0
52715,1,20.0,1
52735,3,7.616438356164384,0
52757,2,20.0,1
52776,0,20.0,1
52797,1,20.0,1
52817,1,20.0,1
52836,0,20.0,1
52859,2,20.0,1
52878,0,20.0,1
52899,3,7.671232876712328,0
52919,3,5.972602739726026,0
52938,0,20.0,1
52957,0,20.0,1
52977,3,6.027397260273971,0
52995,0,20.0,1
53014,0,20.0,1
53035,3,7.999999999999999,0
53056,3,8.32876712328767,0
53075,0,20.0,1
53095,0,20.0,1
53114,0,20.0,1
53134,1,20.0,1
53154,1,20.0,1
53174,0,20.0,1
53199,3,8.328767123287669,0
53222,1,20.0,1
53243,1,20.0,1
53263,2,20.0,1
53284,3,6.301369863013697,0
53305,1,20.0,1
53326,1,20.0,1
53351,2,20.0,1
53370,0,20.0,1
53388,0,20.0,1
53410,3,7.671232876712328,0
53431,1,20.0,1
53453,1,20.0,1
53474,3,7.287671232876711,0
53493,1,20.0,1
53512,0,20.0,1
53533,2,20.0,1
53556,3,7.671232876712329,0
53577,1,20.0,1
53597,1,20.0,1
53618,1,20.0,1
53641,0,20.0,1
53661,0,20.0,1
53686,3,8.32876712328767,0
53712,2,20.0,1
53737,2,20.0,1
53757,1,20.0,1
53778,1,20.0,1
53799,1,20.0,1
53819,1,20.0,1
53840,1,20.0,1
53860,0,20.0,1
53883,3,7.6712328767123275,0
53909,3,7.999999999999998,0
53930,1,20.0,1
53953,2,20.0,1
53977,2,20.0,1
54037,3,8.328767123287669,0
54062,3,7.671232876712326,0
54082,0,20.0,1
54104,1,20.0,1
54127,3,7.342465753424657,0
54146,1,20.0,1
54166,1,20.0,1
54185,0,20.0,1
54206,1,19.999999999999996,1
54228,1,20.0,1
54249,1,19.999999999999996,1
54269,3,6.684931506849314,0
54295,3,8.328767123287669,0
54322,3,8.328767123287669,0
54344,1,20.0,1
54364,1,20.0,1
54386,1,20.0,1
54409,1,20.0,1
54427,0,20.0,1
54451,2,20.0,1
54471,0,20.0,1
54492,1,20.0,1
54515,2,20.0,1
54537,1,20.0,1
54557,1,20.0,1
54579,2,20.0,1
54598,1,20.0,1
54618,0,20.0,1
54643,3,8.328767123287669,0
54665,1,20.0,1
54685,1,20.0,1
54706,1,20.0,1
54725,0,20.0,1
54744,0,20.0,1
54765,1,20.0,1
54788,3,6.684931506849313,0
54808,2,20.0,1
54831,1,20.0,1
54850,1,20.0,1
54870,0,20.0,1
54895,3,6.684931506849313,0
54919,1,20.0,1
54941,2,20.0,1
54963,1,20.0,1
54982,0,20.0,1
55003,1,20.0,1
55025,1,20.0,1
55049,3,8.0,0
55068,0,20.0,1
55087,0,20.0,1
55105,0,20.0,1
55128,3,7.999999999999998,0
55153,3,7.342465753424655,0
55172,0,20.0,1
55191,0,20.0,1
55216,3,7.342465753424657,0
55236,0,20.0,1
55258,1,20.0,1
55279,1,20.0,1
55304,3,7.342465753424657,0
55324,0,20.0,1
55346,1,20.0,1
55366,0,20.0,1
55384,0,20.0,1
55403,0,20.0,1
55422,0,20.0,1
55446,2,20.0,1
55466,1,20.0,1
55488,1,20.0,1
55507,0,20.0,1
55529,1,20.0,1
55548,0,20.0,1
55568,0,20.0,1
55587,0,20.0,1
55609,1,20.0,1
55630,1,20.0,1
55653,1,20.0,1
55671,0,20.0,1
55690,0,20.0,1
55718,3,8.328767123287667,0
55737,0,20.0,1
55762,2,20.0,1
55783,1,20.0,1
55805,1,20.0,1
55825,1,20.0,1
55844,1,20.0,1
55862,0,20.0,1
55883,1,20.0,1
55904,1,20.0,1
55923,3,5.972602739726026,0
55945,1,20.0,1
55964,0,20.0,1
55986,1,20.0,1
56007,1,20.0,1
56028,1,20.0,1
56049,1,20.0,1
56067,0,20.0,1
56087,1,20.0,1
56107,1,20.0,1
56127,1,20.0,1
56148,1,20.0,1
56170,1,20.0,1
56195,3,7.999999999999998,0
56215,1,20.0,1
56235,1,20.0,1
56255,1,20.0,1
56277,1,20.0,1
56298,1,20.0,1
56321,1,20.0,1
56340,0,20.0,1
56363,1,20.0,1
56384,1,20.0,1
56405,0,20.0,1
56425,1,20.0,1
56446,0,20.0,1
56466,1,20.0,1
56489,1,20.0,1
56511,1,20.0,1
56530,1,20.0,1
56552,1,20.0,1
56575,1,20.0,1
56595,1,20.0,1
56614,0,20.0,1
56636,1,20.0,1
56658,2,20.0,1
56677,0,20.0,1
56699,1,20.0,1
56718,0,20.0,1
56737,0,20.0,1
56756,0,20.0,1
56775,0,20.0,1
56794,0,20.0,1
56816,1,20.0,1
56844,3,7.6712328767123275,0
56863,0,20.0,1
56882,0,20.0,1
56903,1,20.0,1
56927,1,20.0,1
56947,0,20.0,1
56966,0,20.0,1
56986,1,20.0,1
57010,2,20.0,1
57030,0,20.0,1
57050,1,20.0,1
57069,0,20.0,1
57092,2,20.0,1
57112,1,20.0,1
57131,0,20.0,1
57153,1,20.0,1
57175,1,20.0,1
57195,1,20.0,1
57215,0,20.0,1
57234,0,20.0,1
57253,0,20.0,1
57275,1,20.0,1
57294,0,20.0,1
57314,0,20.0,1
57333,0,20.0,1
57359,3,7.999999999999998,0
57378,1,20.0,1
57397,0,20.0,1
57416,0,20.0,1
57435,1,20.0,1
57455,1,20.0,1
57475,1,20.0,1
57495,0,20.0,1
57514,0,20.0,1
57532,0,20.0,1
57552,1,20.0,1
57571,0,20.0,1
57591,1,20.0,1
57611,1,20.0,1
57632,1,20.0,1
57652,1,20.0,1
57674,1,20.0,1
57692,0,20.0,1
57712,0,20.0,1
57731,0,20.0,1
57752,1,20.0,1
57772,0,20.0,1
57792,0,20.0,1
57811,1,20.0,1
57832,1,20.0,1
57851,0,20.0,1
57874,1,20.0,1
57899,0,20.0,1
57921,1,20.0,1
57942,1,20.0,1
57967,2,20.0,1
57989,1,20.0,1
58011,1,20.0,1
58031,2,20.0,1
58054,2,20.0,1
58075,2,20.0,1
58096,1,20.0,1
58117,1,20.0,1
58140,0,20.0,1
58160,1,20.0,1
58181,1,20.0,1
58201,0,20.0,1
58221,1,20.0,1
58243,3,7.616438356164382,0
58263,0,20.0,1
58282,0,20.0,1
58302,0,20.0,1
58322,0,20.0,1
58346,1,20.0,1
58364,0,20.0,1
58384,0,20.0,1
58405,1,20.0,1
58425,1,20.0,1
58449,2,20.0,1
58472,2,20.0,1
58490,0,20.0,1
58511,1,20.0,1
58530,0,20.0,1
58549,1,20.0,1
58568,0,20.0,1
58589,1,20.0,1
58608,0,20.0,1
58628,1,20.0,1
58647,0,20.0,1
58667,1,20.0,1
58685,0,20.0,1
58706,1,20.0,1
58726,1,20.0,1
58745,0,20.0,1
58764,0,20.0,1
58786,1,20.0,1
58807,1,20.0,1
58826,0,20.0,1
58847,1,20.0,1
58866,0,20.0,1
58885,0,20.0,1
58906,2,20.0,1
58926,0,20.0,1
58948,1,20.0,1
58967,0,20.0,1
58986,0,20.0,1
59005,0,20.0,1
59023,0,20.0,1
59044,1,20.0,1
59066,2,20.0,1
59087,2,20.0,1
59108,2,20.0,1
59128,0,20.0,1
59149,1,20.0,1
59168,0,20.0,1
59189,2,20.0,1
59208,0,20.0,1
59229,1,20.0,1
59250,1,20.0,1
59270,0,20.0,1
59291,1,20.0,1
59312,1,20.0,1
59334,1,20.0,1
59352,0,20.0,1
59374,1,20.0,1
59395,1,20.0,1
59414,0,20.0,1
59433,0,20.0,1
59451,0,20.0,1
59470,0,20.0,1
59493,1,20.0,1
59512,0,20.0,1
59531,0,20.0,1
59552,1,20.0,1
59572,0,20.0,1
59593,1,20.0,1
59614,1,20.0,1
59635,1,20.0,1
59655,1,20.0,1
59674,0,20.0,1
59697,1,20.0,1
59718,1,20.0,1
59738,1,20.0,1
59758,1,20.0,1
59778,1,20.0,1
59799,0,20.0,1
59818,0,20.0,1
59841,1,20.0,1
59863,2,20.0,1
59883,0,20.0,1
59904,1,20.0,1
59929,2,20.0,1
59952,1,20.0,1
59977,0,20.0,1
59999,1,20.0,1
60022,0,20.0,1
60044,1,20.0,1
60066,0,20.0,1
60087,1,20.0,1
60108,3,7.342465753424657,0
60131,3,7.342465753424657,0
60153,1,20.0,1
60173,1,20.0,1
60194,1,20.0,1
60216,1,19.999999999999996,1
60237,1,20.0,1
60258,1,20.0,1
60280,1,20.0,1
60302,1,20.0,1
60325,1,20.0,1
60346,1,20.0,1
60368,1,20.0,1
60389,3,7.013698630136988,0
60412,1,20.0,1
60431,0,20.0,1
60452,2,20.0,1
60475,2,20.0,1
60496,1,20.0,1
60516,1,20.0,1
60534,0,20.0,1
60556,1,20.0,1
60576,1,20.0,1
60597,0,20.0,1
60617,0,20.0,1
60637,1,20.0,1
60658,1,20.0,1
60682,2,20.0,1
60703,0,20.0,1
60723,1,20.0,1
60744,1,20.0,1
60766,1,20.0,1
60787,0,20.0,1
60808,1,20.0,1
60829,0,20.0,1
60852,1,20.0,1
60875,1,20.0,1
60897,1,20.0,1
60921,3,7.999999999999998,0
60943,1,20.0,1
60964,0,20.0,1
60983,0,20.0,1
61006,3,8.328767123287669,0
61026,0,20.0,1
61046,1,20.0,1
61065,0,20.0,1
61084,0,20.0,1
61105,1,20.0,1
61129,2,20.0,1
61149,0,20.0,1
61172,1,20.0,1
61191,0,20.0,1
61211,0,20.0,1
61230,2,20.0,1
61253,1,20.0,1
61275,1,20.0,1
61294,3,6.301369863013698,0
61319,3,8.32876712328767,0
61338,0,20.0,1
61361,3,7.342465753424655,0
61380,0,20.0,1
61404,2,20.0,1
61425,1,20.0,1
61444,0,20.0,1
61463,0,20.0,1
61483,0,20.0,1
61502,0,20.0,1
61520,0,20.0,1
61542,2,20.0,1
61561,1,20.0,1
61582,3,7.013698630136986,0
61601,0,20.0,1
61621,0,20.0,1
61642,0,20.0,1
61665,3,7.013698630136984,0
61687,1,20.0,1
61712,3,8.328767123287669,0
61732,1,20.0,1
61754,3,6.684931506849315,0
61773,0,20.0,1
61794,1,20.0,1
61817,1,20.0,1
61836,0,20.0,1
61855,0,20.0,1
61876,0,20.0,1
61897,0,20.0,1
61917,0,20.0,1
61936,0,20.0,1
61954,0,20.0,1
61975,1,20.0,1
61995,3,5.972602739726026,0
62015,0,20.0,1
62034,0,20.0,1
62053,0,20.0,1
62071,0,20.0,1
62092,1,20.0,1
62111,0,20.0,1
62131,0,20.0,1
62152,1,20.0,1
62174,1,20.0,1
62192,0,20.0,1
62216,1,20.0,1
62239,1,20.0,1
62261,3,7.342465753424657,0
62281,0,20.0,1
62301,0,20.0,1
62321,0,20.0,1
62341,0,20.0,1
62361,0,20.0,1
62381,0,20.0,1
62403,1,20.0,1
62424,1,20.0,1
62444,0,20.0,1
62467,1,20.0,1
62496,2,20.0,1
62525,3,7.342465753424657,0
62546,1,20.0,1
62567,0,20.0,1
62587,1,20.0,1
62609,1,20.0,1
62627,0,20.0,1
62652,1,20.0,1
62673,1,20.0,1
62698,2,20.0,1
62721,1,20.0,1
62744,1,20.0,1
62767,1,20.0,1
62788,0,20.0,1
62810,1,20.0,1
62833,2,20.0,1
62856,1,20.0,1
62877,0,20.0,1
62900,1,20.0,1
62924,2,20.0,1
62949,2,20.0,1
62969,0,20.0,1
62992,0,20.0,1
63017,2,20.0,1
63039,1,20.0,1
63062,1,20.0,1
63084,0,20.0,1
63106,1,20.0,1
63128,1,20.0,1
63152,3,6.6849315068493125,0
63173,0,20.0,1
63195,1,20.0,1
63216,3,6.6849315068493125,0
63241,2,20.0,1
63268,3,7.999999999999998,0
63288,0,20.0,1
63317,2,20.0,1
63340,3,8.0,0
63362,1,20.0,1
63382,0,20.0,1
63400,0,20.0,1
63420,0,20.0,1
63442,1,20.0,1
63462,0,20.0,1
63480,0,20.0,1
63500,0,20.0,1
63520,0,20.0,1
63541,0,20.0,1
63561,1,20.0,1
63581,0,20.0,1
63603,2,20.0,1
63624,0,20.0,1
63644,0,20.0,1
63664,0,20.0,1
63688,3,7.671232876712329,0
63708,0,20.0,1
63730,1,20.0,1
63751,0,20.0,1
63771,0,20.0,1
63793,1,20.0,1
63814,0,20.0,1
63836,3,6.3561643835616435,0
63856,0,20.0,1
63876,0,20.0,1
63901,3,8.328767123287669,0
63922,1,20.0,1
63946,3,7.6712328767123275,0
63965,0,20.0,1
63985,0,20.0,1
64006,0,20.0,1
64028,1,20.0,1
64049,0,20.0,1
64069,1,20.0,1
64090,0,20.0,1
64112,2,20.0,1
64136,1,20.0,1
64161,3,7.6712328767123275,0
64186,1,20.0,1
64209,1,20.0,1
64233,3,8.32876712328767,0
64256,1,20.0,1
64279,1,20.0,1
64300,1,20.0,1
64323,1,20.0,1
64347,1,20.0,1
64372,3,8.328767123287669,0
64392,0,20.0,1
64417,1,20.0,1
64440,1,20.0,1
64462,2,20.0,1
64485,1,20.0,1
64507,1,20.0,1
64528,1,20.0,1
64548,1,20.0,1
64570,2,20.0,1
64590,0,20.0,1
64610,0,20.0,1
64636,2,20.0,1
64659,3,7.6712328767123275,0
64686,3,7.671232876712326,0
64707,1,20.0,1
64727,0,20.0,1
64753,2,20.0,1
64775,1,20.0,1
64800,3,8.328767123287669,0
64821,0,20.0,1
64846,1,20.0,1
64866,0,20.0,1
64890,2,20.0,1
64916,3,8.328767123287669,0
64938,1,20.0,1
64960,1,20.0,1
64979,0,20.0,1
65001,1,20.0,1
65023,1,20.0,1
65044,1,20.0,1
65066,1,20.0,1
65090,3,8.328767123287669,0
65110,0,20.0,1
65132,1,20.0,1
65151,1,20.0,1
65171,0,20.0,1
65194,1,20.0,1
65215,1,20.0,1
65236,3,7.287671232876711,0
65258,0,20.0,1
65280,3,8.0,0
65300,0,20.0,1
65324,2,20.0,1
65347,3,7.999999999999998,0
65372,3,8.0,0
65393,0,20.0,1
65416,3,7.342465753424657,0
65437,0,20.0,1
65458,3,7.999999999999997,0
65481,3,7.342465753424657,0
65505,1,20.0,1
65524,0,20.0,1
65543,0,20.0,1
65562,0,20.0,1
65585,2,20.0,1
65605,1,20.0,1
65624,0,20.0,1
65643,0,20.0,1
65662,0,20.0,1
65682,1,20.0,1
65701,0,20.0,1
65725,3,6.356164383561643,0
65744,0,20.0,1
65763,0,20.0,1
65783,0,20.0,1
65807,2,20.0,1
65830,1,19.999999999999996,1
65854,3,7.013698630136986,0
65878,2,20.0,1
65900,3,6.684931506849315,0
65919,0,20.0,1
65938,3,7.342465753424658,0
65958,0,20.0,1
65978,1,20.0,1
65996,0,20.0,1
66015,0,20.0,1
66036,1,20.0,1
66056,1,20.0,1
66076,1,20.0,1
66096,1,20.0,1
66117,0,20.0,1
66139,2,20.0,1
66156,1,20.0,1
66174,0,20.0,1
66195,3,8.32876712328767,0
66215,1,20.0,1
66236,2,20.0,1
66255,1,20.0,1
66275,1,20.0,1
66297,3,8.32876712328767,0
66318,1,20.0,1
66336,1,20.0,1
66354,0,20.0,1
66373,0,20.0,1
66391,0,20.0,1
66410,0,20.0,1
66428,0,20.0,1
66447,1,20.0,1
66469,1,20.0,1
66489,0,20.0,1
66509,0,20.0,1
66527,0,20.0,1
66546,0,20.0,1
66567,1,20.0,1
66587,1,20.0,1
66609,1,20.0,1
66628,1,20.0,1
66648,1,20.0,1
66667,0,20.0,1
66686,0,20.0,1
66704,0,20.0,1
66725,1,20.0,1
66747,3,7.671232876712329,0
66766,1,20.0,1
66785,0,20.0,1
66804,0,20.0,1
66824,0,20.0,1
66847,1,20.0,1
66870,3,8.32876712328767,0
66894,2,20.0,1
66913,0,20.0,1
66933,1,20.0,1
66953,1,20.0,1
66972,0,20.0,1
66990,0,20.0,1
67010,0,20.0,1
67029,0,20.0,1
67049,0,20.0,1
67068,1,20.0,1
67087,0,20.0,1
67108,1,20.0,1
67126,0,20.0,1
67145,0,20.0,1
67164,0,20.0,1
67183,0,20.0,1
67205,1,20.0,1
67230,1,20.0,1
67250,1,20.0,1
67271,1,20.0,1
67290,0,20.0,1
67309,0,20.0,1
67327,0,20.0,1
67347,1,20.0,1
67370,1,20.0,1
67393,2,20.0,1
67414,0,20.0,1
67435,1,20.0,1
67459,0,20.0,1
67480,1,20.0,1
67497,0,20.0,1
67516,0,20.0,1
67545,2,19.999999999999996,1
67564,0,20.0,1
67583,0,20.0,1
67603,1,20.0,1
67622,0,20.0,1
67646,2,20.0,1
67664,0,20.0,1
67683,1,20.0,1
67708,2,20.0,1
67731,1,20.0,1
67749,0,20.0,1
67769,1,20.0,1
67789,1,20.0,1
67810,1,20.0,1
67833,1,19.999999999999996,1
67852,0,20.0,1
67871,0,20.0,1
67895,2,20.0,1
67917,1,19.999999999999996,1
67937,0,20.0,1
67956,0,20.0,1
67975,0,20.0,1
67995,1,20.0,1
68014,0,20.0,1
68037,1,20.0,1
68061,2,20.0,1
68080,0,20.0,1
68099,0,20.0,1
68118,0,20.0,1
68137,1,20.0,1
68158,1,20.0,1
68178,0,20.0,1
68199,0,20.0,1
68218,0,20.0,1
68238,0,20.0,1
68258,0,20.0,1
68279,1,20.0,1
68298,0,20.0,1
68318,0,20.0,1
68337,0,20.0,1
68363,2,20.0,1
68384,1,19.999999999999996,1
68403,0,20.0,1
68426,2,20.0,1
68448,1,20.0,1
68471,2,20.0,1
68493,1,20.0,1
68513,0,20.0,1
68534,0,20.0,1
68558,2,20.0,1
68580,1,20.0,1
68602,1,20.0,1
68623,1,20.0,1
68644,0,20.0,1
68668,1,20.0,1
68689,1,20.0,1
68712,1,20.0,1
68732,0,20.0,1
68751,0,20.0,1
68772,1,20.0,1
68795,1,20.0,1
68814,0,20.0,1
68833,0,20.0,1
68852,0,20.0,1
68872,0,20.0,1
68894,1,20.0,1
68914,0,20.0,1
68933,0,20.0,1
68955,1,20.0,1
68977,1,20.0,1
69000,1,20.0,1
69021,1,20.0,1
69041,1,20.0,1
69060,0,20.0,1
69080,0,20.0,1
69100,0,20.0,1
69120,0,20.0,1
69139,0,20.0,1
69162,1,20.0,1
69185,0,20.0,1
69206,1,20.0,1
69227,1,20.0,1
69247,0,20.0,1
69268,0,20.0,1
69291,1,20.0,1
69315,1,20.0,1
69335,1,20.0,1
69357,2,20.0,1
69379,0,20.0,1
69403,0,20.0,1
69426,1,20.0,1
69448,0,20.0,1
69467,0,20.0,1
69489,0,20.0,1
69509,1,20.0,1
69528,0,20.0,1
69548,0,20.0,1
69568,0,20.0,1
69592,2,20.0,1
69610,0,20.0,1
69632,3,8.32876712328767,0
69651,0,20.0,1
69671,1,20.0,1
69695,1,20.0,1
69713,0,20.0,1
69735,1,20.0,1
69754,0,20.0,1
69773,0,20.0,1
69791,0,20.0,1
69814,1,20.0,1
69834,0,20.0,1
69855,0,20.0,1
69873,0,20.0,1
69893,0,20.0,1
69913,0,20.0,1
69931,0,20.0,1
69950,0,20.0,1
69969,0,20.0,1
69990,0,20.0,1
70013,1,19.999999999999996,1
70037,1,20.0,1
70056,0,20.0,1
70077,0,20.0,1
70096,0,20.0,1
70114,0,20.0,1
70142,3,8.328767123287667,0
70161,1,20.0,1
70182,1,20.0,1
70201,0,20.0,1
70224,1,20.0,1
70246,1,20.0,1
70272,3,8.328767123287669,0
70291,0,20.0,1
70310,0,20.0,1
70339,3,8.328767123287669,0
70358,0,20.0,1
70378,1,20.0,1
70403,1,20.0,1
70427,3,8.32876712328767,0
70448,1,20.0,1
70468,0,20.0,1
70489,1,20.0,1
70511,1,20.0,1
70536,2,20.0,1
70557,0,20.0,1
70576,0,20.0,1
70594,0,20.0,1
70612,0,20.0,1
70630,0,20.0,1
70649,0,20.0,1
70668,0,20.0,1
70692,2,20.0,1
70720,3,8.328767123287667,0
70741,2,20.0,1
70765,2,20.0,1
70785,1,20.0,1
70807,1,20.0,1
70826,0,20.0,1
70846,0,20.0,1
70867,1,20.0,1
70888,0,20.0,1
70912,3,7.342465753424655,0
70934,1,20.0,1
70954,0,20.0,1
70975,0,19.999999999999996,1
70997,1,20.0,1
71018,1,20.0,1
71041,1,20.0,1
71059,0,20.0,1
71076,0,20.0,1
71096,0,20.0,1
71116,0,20.0,1
71135,0,20.0,1
71154,0,20.0,1
71174,0,20.0,1
71193,0,20.0,1
71214,1,20.0,1
71233,0,20.0,1
71255,1,20.0,1
71274,0,20.0,1
71293,0,20.0,1
71315,1,20.0,1
71334,0,20.0,1
71355,2,20.0,1
71376,1,20.0,1
71397,1,20.0,1
71416,1,20.0,1
71436,0,20.0,1
71456,1,20.0,1
71475,0,20.0,1
71496,1,20.0,1
71518,1,20.0,1
71542,1,20.0,1
71561,0,20.0,1
71582,0,20.0,1
71601,0,20.0,1
71622,0,20.0,1
71647,3,8.0,0
71670,1,20.0,1
71695,2,19.999999999999996,1
71725,3,8.328767123287669,0
71743,0,20.0,1
71763,0,20.0,1
71782,0,20.0,1
71801,0,20.0,1
71820,1,20.0,1
71840,0,20.0,1
71861,1,20.0,1
71880,0,20.0,1
71899,0,20.0,1
71919,0,20.0,1
71941,2,20.0,1
71959,0,20.0,1
71981,1,20.0,1
72003,0,20.0,1
72023,1,20.0,1
72046,1,19.999999999999996,1
72069,1,20.0,1
72088,1,20.0,1
72108,1,20.0,1
72131,1,19.999999999999996,1
72154,1,20.0,1
72178,2,20.0,1
72201,1,20.0,1
72225,3,7.342465753424657,0
72250,2,20.0,1
72273,1,20.0,1
72293,0,20.0,1
72318,3,7.6712328767123275,0
72338,1,20.0,1
72357,1,20.0,1
72377,0,20.0,1
72397,0,20.0,1
72417,1,20.0,1
72438,2,20.0,1
72457,0,20.0,1
72476,3,6.63013698630137,0
72496,1,20.0,1
72521,2,20.0,1
72543,1,20.0,1
72562,0,20.0,1
72582,0,20.0,1
72605,2,20.0,1
72624,1,20.0,1
72644,1,20.0,1
72662,0,20.0,1
72682,0,20.0,1
72703,0,20.0,1
72722,0,20.0,1
72741,1,20.0,1
72760,1,20.0,1
72780,1,20.0,1
72800,1,20.0,1
72821,1,20.0,1
72840,0,20.0,1
72859,0,20.0,1
72888,3,7.9999999999999964,0
72907,0,20.0,1
72927,0,20.0,1
72949,2,20.0,1
72969,1,20.0,1
72995,3,8.328767123287669,0
73016,1,20.0,1
73036,0,20.0,1
73055,0,20.0,1
73076,1,20.0,1
73098,1,20.0,1
73121,1,20.0,1
73141,0,20.0,1
73163,1,20.0,1
73182,0,20.0,1
73202,0,20.0,1
73221,0,20.0,1
73240,1,20.0,1
73261,1,20.0,1
73281,0,20.0,1
73304,2,20.0,1
73324,0,20.0,1
73347,3,7.671232876712329,0
73366,0,20.0,1
73385,0,20.0,1
73406,1,20.0,1
73428,1,20.0,1
73446,0,20.0,1
73467,1,20.0,1
73486,0,20.0,1
73505,0,20.0,1
73525,1,20.0,1
73548,1,20.0,1
73569,1,20.0,1
73595,3,7.671232876712326,0
73616,1,20.0,1
73637,1,20.0,1
73657,1,20.0,1
73681,2,20.0,1
73705,3,7.013698630136986,0
73729,2,20.0,1
73747,0,20.0,1
73766,0,20.0,1
73789,2,20.0,1
73808,0,20.0,1
73827,0,20.0,1
73847,1,20.0,1
73866,0,20.0,1
73886,0,20.0,1
73905,0,20.0,1
73928,2,20.0,1
73948,1,20.0,1
73969,1,20.0,1
73989,1,20.0,1
74010,0,20.0,1
74029,0,20.0,1
74050,0,20.0,1
74070,0,20.0,1
74094,2,20.0,1
74124,3,8.328767123287669,0
74150,0,20.0,1
74174,1,20.0,1
74197,1,20.0,1
74229,3,8.32876712328767,0
74248,0,20.0,1
74267,0,20.0,1
74285,0,20.0,1
74304,0,20.0,1
74323,0,20.0,1
74344,1,20.0,1
74362,1,20.0,1
74387,2,20.0,1
74408,0,20.0,1
74431,1,20.0,1
74454,1,20.0,1
74474,1,20.0,1
74495,1,20.0,1
74517,1,20.0,1
74540,0,20.0,1
74563,2,19.999999999999996,1
74585,1,19.999999999999996,1
74605,1,20.0,1
74626,1,20.0,1
74655,1,20.0,1
74673,0,20.0,1
74696,1,19.999999999999996,1
74717,0,20.0,1
74740,1,20.0,1
74762,1,20.0,1
74785,1,20.0,1
74807,1,20.0,1
74830,1,20.0,1
74852,1,20.0,1
74873,0,20.0,1
74896,1,19.999999999999996,1
74920,1,20.0,1
74943,1,20.0,1
74964,1,20.0,1
74986,0,20.0,1
75006,0,20.0,1
75029,2,20.0,1
75052,1,20.0,1
75077,1,20.0,1
75097,1,20.0,1
75118,1,20.0,1
75142,1,20.0,1
75165,1,20.0,1
75186,0,20.0,1
75206,1,20.0,1
75230,2,20.0,1
75254,2,20.0,1
75282,3,8.328767123287669,0
75301,0,20.0,1
75320,0,20.0,1
75337,0,20.0,1
75357,0,20.0,1
75386,2,19.999999999999996,1
75404,0,20.0,1
75423,0,20.0,1
75441,0,20.0,1
75461,1,20.0,1
75480,0,20.0,1
75498,0,20.0,1
75517,1,20.0,1
75536,0,20.0,1
75556,1,20.0,1
75575,0,20.0,1
75595,1,20.0,1
75614,0,20.0,1
75640,3,7.6712328767123275,0
75659,0,20.0,1
75683,2,20.0,1
75702,0,20.0,1
75721,0,20.0,1
75739,0,20.0,1
75765,3,7.342465753424657,0
75789,2,20.0,1
75812,1,20.0,1
75830,0,20.0,1
75849,0,20.0,1
75870,1,20.0,1
75889,0,20.0,1
75907,0,20.0,1
75927,0,20.0,1
75947,0,20.0,1
75967,0,20.0,1
75986,0,20.0,1
76005,0,20.0,1
76025,0,20.0,1
76049,2,20.0,1
76069,0,20.0,1
76089,0,20.0,1
76108,0,20.0,1
76127,0,20.0,1
76146,0,20.0,1
76164,0,20.0,1
76183,0,20.0,1
76202,0,20.0,1
76228,2,20.0,1
76247,0,20.0,1
76266,0,20.0,1
76286,1,20.0,1
76305,0,20.0,1
76324,1,20.0,1
76343,0,20.0,1
76362,0,20.0,1
76381,0,20.0,1
76400,0,20.0,1
76419,1,20.0,1
76440,3,6.356164383561642,0
76459,0,20.0,1
76480,1,20.0,1
76499,0,20.0,1
76519,0,20.0,1
76539,1,20.0,1
76559,0,20.0,1
76579,0,20.0,1
76597,0,20.0,1
76618,0,20.0,1
76646,3,7.9999999999999964,0
76670,1,19.999999999999996,1
76689,0,20.0,1
76710,1,20.0,1
76732,3,6.356164383561642,0
76751,1,20.0,1
76770,0,20.0,1
76789,0,20.0,1
76809,0,20.0,1
76833,1,20.0,1
76853,0,20.0,1
76872,0,20.0,1
76892,1,20.0,1
76915,0,20.0,1
76933,0,20.0,1
76951,0,20.0,1
76978,3,7.999999999999998,0
76996,0,20.0,1
77017,1,20.0,1
77036,1,20.0,1
77054,1,20.0,1
77073,0,20.0,1
77092,0,20.0,1
77111,0,20.0,1
77130,0,20.0,1
77150,0,20.0,1
77173,1,20.0,1
77192,0,20.0,1
77210,0,20.0,1
77229,0,20.0,1
77249,0,20.0,1
77272,1,19.999999999999996,1
77292,1,20.0,1
77311,0,20.0,1
77331,1,20.0,1
77355,1,20.0,1
77382,2,20.0,1
77402,0,20.0,1
77424,1,20.0,1
77443,0,20.0,1
77463,0,20.0,1
77486,1,20.0,1
77504,0,20.0,1
77528,3,8.32876712328767,0
77547,0,20.0,1
77568,1,20.0,1
77586,0,20.0,1
77606,0,20.0,1
77625,0,20.0,1
77645,0,20.0,1
77665,0,20.0,1
77683,0,20.0,1
77702,0,20.0,1
77723,1,20.0,1
77744,1,20.0,1
77764,1,20.0,1
77783,1,20.0,1
77802,1,20.0,1
77822,0,20.0,1
77841,0,20.0,1
77859,0,20.0,1
77877,0,20.0,1
77897,1,20.0,1
77916,1,20.0,1
77938,1,20.0,1
77957,0,20.0,1
77976,0,20.0,1
77995,0,20.0,1
78013,1,20.0,1
78031,0,20.0,1
78051,3,5.972602739726025,0
78069,0,20.0,1
78088,0,20.0,1
78107,0,20.0,1
78128,3,7.3424657534246585,0
78147,0,20.0,1
78168,3,7.342465753424658,0
78187,0,20.0,1
78212,3,7.6712328767123275,0
78231,0,20.0,1
78250,0,20.0,1
78269,0,20.0,1
78288,1,20.0,1
78310,0,20.0,1
78331,1,20.0,1
78357,3,7.6712328767123275,0
78375,0,20.0,1
78398,1,20.0,1
78416,0,20.0,1
78435,0,20.0,1
78454,0,20.0,1
78473,0,19.999999999999996,1
78492,0,20.0,1
78511,0,20.0,1
78532,3,6.684931506849314,0
78552,0,20.0,1
78573,3,6.684931506849314,0
78596,1,20.0,1
78615,0,20.0,1
78638,1,20.0,1
78657,0,20.0,1
78679,1,20.0,1
78702,3,7.671232876712329,0
78721,0,20.0,1
78741,0,20.0,1
78760,0,20.0,1
78779,0,20.0,1
78798,0,20.0,1
78817,0,20.0,1
78842,2,20.0,1
78863,1,20.0,1
78882,0,20.0,1
78903,1,20.0,1
78922,0,20.0,1
78944,1,20.0,1
78966,2,20.0,1
78990,1,20.0,1
79011,1,20.0,1
79033,1,20.0,1
79055,2,20.0,1
79079,1,20.0,1
79101,0,20.0,1
79129,3,7.9999999999999964,0
79151,1,20.0,1
79170,0,20.0,1
79191,1,20.0,1
79213,2,20.0,1
79235,1,20.0,1
79255,1,20.0,1
79275,1,20.0,1
79294,0,20.0,1
79315,1,20.0,1
79335,1,20.0,1
79355,1,20.0,1
79374,1,20.0,1
79394,1,20.0,1
79415,1,20.0,1
79437,1,20.0,1
79459,1,20.0,1
79479,0,20.0,1
79499,0,20.0,1
79520,0,20.0,1
79541,2,20.0,1
79562,1,20.0,1
79582,1,20.0,1
79601,0,20.0,1
79624,2,20.0,1
79644,1,20.0,1
79664,0,20.0,1
79685,1,20.0,1
79709,1,19.999999999999996,1
79728,0,20.0,1
79757,3,7.9999999999999964,0
79776,0,20.0,1
79797,1,20.0,1
79817,0,20.0,1
79835,0,20.0,1
79857,1,20.0,1
79877,0,20.0,1
79897,0,20.0,1
79921,2,20.0,1
79940,0,20.0,1
79959,0,20.0,1
79980,1,20.0,1
80001,1,20.0,1
80020,0,20.0,1
80039,0,20.0,1
80058,0,20.0,1
80076,0,20.0,1
80094,0,20.0,1
80113,0,20.0,1
80133,0,20.0,1
80155,1,20.0,1
80175,1,20.0,1
80202,3,8.328767123287669,0
80222,0,20.0,1
80242,1,20.0,1
80265,0,20.0,1
80285,0,20.0,1
80307,0,20.0,1
80328,1,20.0,1
80348,0,20.0,1
80367,0,20.0,1
80390,1,20.0,1
80409,0,20.0,1
80428,1,20.0,1
80449,0,20.0,1
80472,2,20.0,1
80492,0,20.0,1
80512,1,20.0,1
80535,0,20.0,1
80556,0,20.0,1
80575,0,20.0,1
80593,0,20.0,1
80614,0,20.0,1
80633,0,20.0,1
80653,0,20.0,1
80674,0,20.0,1
80698,1,20.0,1
80720,0,20.0,1
80745,1,20.0,1
80763,0,20.0,1
80785,1,20.0,1
80804,1,20.0,1
80831,2,19.999999999999996,1
80852,1,20.0,1
80871,0,20.0,1
80890,0,20.0,1
80910,1,20.0,1
80931,0,20.0,1
80952,1,20.0,1
80972,0,20.0,1
80995,1,20.0,1
81020,2,20.0,1
81039,0,20.0,1
81059,0,20.0,1
81079,0,20.0,1
81098,0,20.0,1
81117,1,20.0,1
81137,0,20.0,1
81156,0,20.0,1
81176,0,20.0,1
81197,1,20.0,1
81220,1,19.999999999999996,1
81241,1,20.0,1
81260,0,20.0,1
81281,1,20.0,1
81301,0,20.0,1
81322,1,20.0,1
81344,1,19.999999999999996,1
81363,0,20.0,1
81383,1,20.0,1
81404,0,20.0,1
81424,0,20.0,1
81447,1,20.0,1
81467,0,20.0,1
81492,3,7.671232876712326,0
81515,1,20.0,1
81535,0,20.0,1
81554,0,20.0,1
81579,2,20.0,1
81600,0,20.0,1
81620,0,20.0,1
81639,0,20.0,1
81658,1,20.0,1
81680,1,20.0,1
81700,0,20.0,1
81721,1,20.0,1
81740,0,20.0,1
81759,0,20.0,1
81780,1,20.0,1
81799,0,20.0,1
81822,1,20.0,1
81842,0,20.0,1
81862,0,20.0,1
81882,0,20.0,1
81901,0,20.0,1
81920,0,20.0,1
81940,0,20.0,1
81962,1,20.0,1
81982,1,20.0,1
82001,1,20.0,1
82021,0,20.0,1
82040,0,20.0,1
82060,0,20.0,1
82080,1,20.0,1
82100,0,20.0,1
82121,0,20.0,1
82141,0,20.0,1
82161,0,20.0,1
82182,1,20.0,1
82202,0,20.0,1
82222,0,20.0,1
82242,1,20.0,1
82263,0,20.0,1
82283,0,20.0,1
82303,0,20.0,1
82324,0,20.0,1
82345,1,20.0,1
82365,1,20.0,1
82385,1,20.0,1
82405,0,20.0,1
82424,0,20.0,1
82444,0,20.0,1
82464,0,20.0,1
82484,0,20.0,1
82504,0,20.0,1
82525,1,20.0,1
82544,1,20.0,1
82565,0,20.0,1
82586,0,20.0,1
82606,1,20.0,1
82626,0,20.0,1
82647,1,20.0,1
82667,0,20.0,1
82689,2,20.0,1
82708,0,20.0,1
82738,2,19.999999999999996,1
82757,0,20.0,1
82780,3,7.6712328767123275,0
82801,1,20.0,1
82823,1,19.999999999999996,1
82843,0,20.0,1
82863,0,20.0,1
82883,0,20.0,1
82903,0,20.0,1
82923,0,20.0,1
82944,0,20.0,1
82963,0,20.0,1
82983,1,20.0,1
83003,1,20.0,1
83022,0,20.0,1
83044,1,20.0,1
83064,0,20.0,1
83083,0,20.0,1
83102,0,20.0,1
83121,0,20.0,1
83140,0,20.0,1
83160,1,20.0,1
83181,1,20.0,1
83201,1,20.0,1
83220,0,20.0,1
83239,0,20.0,1
83259,0,20.0,1
83280,1,20.0,1
83300,0,20.0,1
83319,0,20.0,1
83337,0,20.0,1
83356,0,20.0,1
83377,1,20.0,1
83395,0,20.0,1
83418,3,7.013698630136984,0
83436,0,20.0,1
83455,0,20.0,1
83476,1,20.0,1
83494,0,20.0,1
83513,0,20.0,1
83532,1,20.0,1
83551,0,20.0,1
83573,1,20.0,1
83591,0,20.0,1
83610,0,20.0,1
83628,0,20.0,1
83647,0,20.0,1
83670,1,20.0,1
83691,1,20.0,1
83710,0,20.0,1
83729,0,20.0,1
83748,0,20.0,1
83771,1,20.0,1
83791,1,20.0,1
83811,0,20.0,1
83832,1,20.0,1
83852,1,20.0,1
83870,0,20.0,1
83892,1,20.0,1
83914,2,20.0,1
83933,0,20.0,1
83955,1,20.0,1
83976,1,20.0,1
83997,1,20.0,1
84016,0,20.0,1
84035,0,20.0,1
84054,0,20.0,1
84075,1,20.0,1
84094,0,20.0,1
84116,1,20.0,1
84137,1,20.0,1
84159,1,20.0,1
84177,0,20.0,1
84196,0,20.0,1
84214,0,20.0,1
84234,1,20.0,1
84253,0,20.0,1
84273,0,20.0,1
84294,1,20.0,1
84314,0,20.0,1
84333,0,20.0,1
84355,2,20.0,1
84374,0,20.0,1
84395,2,20.0,1
84417,1,20.0,1
84437,1,20.0,1
84456,0,20.0,1
84478,1,20.0,1
84498,0,20.0,1
84518,0,20.0,1
84539,1,20.0,1
84560,1,20.0,1
84580,0,20.0,1
84602,3,7.342465753424657,0
84625,1,20.0,1
84651,2,20.0,1
84670,0,20.0,1
84690,0,20.0,1
84716,2,20.0,1
84736,1,20.0,1
84756,0,20.0,1
84776,1,20.0,1
84796,1,20.0,1
84819,1,20.0,1
84838,0,20.0,1
84858,1,20.0,1
84878,0,20.0,1
84902,1,20.0,1
84923,0,20.0,1
84943,1,20.0,1
84967,1,20.0,1
84987,0,20.0,1
85008,0,20.0,1
85028,0,20.0,1
85053,1,19.999999999999996,1
85072,0,20.0,1
85097,3,8.328767123287669,0
85117,0,20.0,1
85138,1,19.999999999999996,1
85161,1,20.0,1
85182,1,20.0,1
85205,1,20.0,1
85224,0,20.0,1
85246,1,20.0,1
85265,0,20.0,1
85286,1,20.0,1
85308,3,7.342465753424657,0
85328,0,20.0,1
85347,1,20.0,1
85368,1,20.0,1
85389,1,20.0,1
85414,2,20.0,1
85435,0,20.0,1
85456,1,20.0,1
85483,2,20.0,1
85501,0,20.0,1
85521,1,20.0,1
85543,3,7.287671232876711,0
85566,1,20.0,1
85585,0,20.0,1
85604,0,20.0,1
85626,1,20.0,1
85646,1,20.0,1
85667,1,20.0,1
85686,1,20.0,1
85706,1,20.0,1
85726,0,20.0,1
85745,0,20.0,1
85768,3,7.342465753424656,0
85789,1,20.0,1
85809,0,20.0,1
85831,1,20.0,1
85850,1,20.0,1
85875,2,20.0,1
85896,0,20.0,1
85917,0,20.0,1
85946,3,8.328767123287669,0
85965,0,20.0,1
85985,0,20.0,1
86006,1,20.0,1
86025,0,20.0,1
86045,1,20.0,1
86065,1,20.0,1
86085,0,20.0,1
86109,2,20.0,1
86129,1,20.0,1
86151,1,20.0,1
86173,3,7.287671232876711,0
86191,1,20.0,1
86213,1,20.0,1
86233,0,20.0,1
86253,1,20.0,1
86280,2,19.999999999999996,1
86305,2,20.0,1
86324,0,20.0,1
86344,1,20.0,1
86364,1,20.0,1
86386,1,20.0,1
86405,1,20.0,1
86424,0,20.0,1
86447,1,20.0,1
86470,1,19.999999999999996,1
86491,1,20.0,1
86510,0,20.0,1
86530,1,20.0,1
86551,0,20.0,1
86572,1,20.0,1
86593,1,20.0,1
86614,1,20.0,1
86638,1,20.0,1
86660,1,20.0,1
86682,1,20.0,1
86702,1,20.0,1
86721,0,20.0,1
86743,1,20.0,1
86764,1,20.0,1
86791,3,8.328767123287669,0
86811,0,20.0,1
86832,1,20.0,1
86858,2,20.0,1
86885,2,19.999999999999996,1
86906,0,20.0,1
86927,1,20.0,1
86946,0,20.0,1
86966,0,20.0,1
86986,0,20.0,1
87009,2,20.0,1
87030,2,20.0,1
87052,1,20.0,1
87074,1,20.0,1
87093,0,20.0,1
87112,0,20.0,1
87132,2,20.0,1
87153,0,20.0,1
87172,0,20.0,1
87196,2,20.0,1
87215,0,20.0,1
87237,3,8.32876712328767,0
87258,1,20.0,1
87281,2,20.0,1
87302,1,20.0,1
87323,1,20.0,1
87341,1,20.0,1
87360,0,20.0,1
87379,0,20.0,1
87402,1,20.0,1
87421,0,20.0,1
87440,0,20.0,1
87461,1,20.0,1
87481,1,20.0,1
87504,3,7.013698630136986,0
87525,1,20.0,1
87549,3,8.32876712328767,0
87570,1,20.0,1
87590,0,20.0,1
87612,1,20.0,1
87632,0,20.0,1
87652,1,20.0,1
87671,0,20.0,1
87691,0,20.0,1
87713,1,20.0,1
87736,1,20.0,1
87756,0,20.0,1
87779,1,20.0,1
87800,0,20.0,1
87821,1,20.0,1
87841,1,20.0,1
87861,0,20.0,1
87881,0,20.0,1
87901,0,20.0,1
87922,0,20.0,1
87944,1,20.0,1
87964,0,20.0,1
87984,0,20.0,1
88003,0,20.0,1
88027,1,20.0,1
88048,1,20.0,1
88069,1,20.0,1
88089,1,20.0,1
88108,0,20.0,1
88127,0,20.0,1
88147,0,20.0,1
88171,1,20.0,1
88190,0,20.0,1
88209,0,20.0,1
88228,0,20.0,1
88248,0,20.0,1
88269,1,20.0,1
88290,1,20.0,1
88310,1,20.0,1
88332,1,20.0,1
88351,0,20.0,1
88372,1,20.0,1
88389,0,20.0,1
88414,2,20.0,1
88437,1,20.0,1
88456,0,20.0,1
88480,1,19.999999999999996,1
88500,1,20.0,1
88519,0,20.0,1
88539,1,20.0,1
88559,0,20.0,1
88584,1,20.0,1
88608,1,20.0,1
88633,2,20.0,1
88657,1,20.0,1
88677,0,20.0,1
88697,1,20.0,1
88717,1,20.0,1
88738,0,20.0,1
88761,1,20.0,1
88780,0,20.0,1
88800,1,20.0,1
88825,3,7.342465753424655,0
88846,0,20.0,1
88866,1,20.0,1
88887,0,20.0,1
88907,0,20.0,1
88928,1,20.0,1
88948,1,20.0,1
88968,1,20.0,1
88990,1,20.0,1
89010,1,20.0,1
89030,0,20.0,1
89049,0,20.0,1
89068,0,20.0,1
89090,1,20.0,1
89113,1,20.0,1
89134,0,20.0,1
89154,1,20.0,1
89174,0,20.0,1
89197,1,20.0,1
89216,0,20.0,1
89241,2,20.0,1
89264,3,7.342465753424657,0
89283,0,20.0,1
89303,0,20.0,1
89329,3,7.999999999999998,0
89348,0,20.0,1
89367,2,20.0,1
89390,1,20.0,1
89409,0,20.0,1
89430,1,20.0,1
89450,1,20.0,1
89474,3,7.013698630136984,0
89501,2,20.0,1
89522,1,20.0,1
89545,1,19.999999999999996,1
89567,1,20.0,1
89589,1,20.0,1
89609,0,20.0,1
89630,1,20.0,1
89652,1,20.0,1
89671,0,20.0,1
89690,0,20.0,1
89711,1,20.0,1
89732,1,20.0,1
89750,0,20.0,1
89769,0,20.0,1
89789,1,20.0,1
89812,1,20.0,1
89831,0,20.0,1
89849,0,20.0,1
89869,0,20.0,1
89887,0,20.0,1
89905,0,20.0,1
89927,2,20.0,1
89948,0,20.0,1
89968,1,20.0,1
89988,1,20.0,1
90011,1,20.0,1
90034,1,20.0,1
90052,0,20.0,1
90071,1,20.0,1
90091,1,20.0,1
90110,0,20.0,1
90132,1,20.0,1
90153,1,20.0,1
90176,1,20.0,1
90195,0,20.0,1
90214,1,20.0,1
90234,1,20.0,1
90255,0,20.0,1
90274,0,20.0,1
90294,0,20.0,1
90313,0,20.0,1
90332,0,20.0,1
90353,1,20.0,1
90372,1,20.0,1
90392,0,20.0,1
90412,0,20.0,1
90432,0,20.0,1
90452,0,20.0,1
90471,0,20.0,1
90491,1,20.0,1
90512,1,20.0,1
90531,0,20.0,1
90552,1,20.0,1
90571,0,20.0,1
90590,0,20.0,1
90609,0,20.0,1
90635,3,7.999999999999998,0
90657,1,19.999999999999996,1
90675,0,20.0,1
90697,1,20.0,1
90715,0,20.0,1
90734,0,20.0,1
90753,0,20.0,1
90772,0,20.0,1
90792,0,20.0,1
90815,1,20.0,1
90833,0,20.0,1
90852,0,20.0,1
90871,1,20.0,1
90889,0,20.0,1
90910,1,20.0,1
90934,1,20.0,1
90953,0,20.0,1
90972,0,20.0,1
90989,0,20.0,1
91012,1,19.999999999999996,1
91033,1,20.0,1
91052,1,20.0,1
91077,3,8.0,0
91098,0,20.0,1
91119,0,20.0,1
91140,0,20.0,1
91161,0,20.0,1
91182,0,20.0,1
91203,1,20.0,1
91225,1,20.0,1
91249,2,20.0,1
91270,1,20.0,1
91291,0,20.0,1
91311,1,20.0,1
91333,1,20.0,1
91350,0,20.0,1
91371,1,20.0,1
91392,1,20.0,1
91413,0,20.0,1
91432,0,20.0,1
91453,0,20.0,1
91474,0,20.0,1
91496,1,20.0,1
91516,0,20.0,1
91535,0,20.0,1
91554,0,20.0,1
91573,0,20.0,1
91597,1,20.0,1
91619,1,20.0,1
91638,1,20.0,1
91659,0,20.0,1
91680,2,20.0,1
91701,0,20.0,1
91724,2,20.0,1
91746,0,20.0,1
91767,1,20.0,1
91786,0,20.0,1
91805,0,20.0,1
91827,2,20.0,1
91846,0,20.0,1
91864,0,20.0,1
91887,1,20.0,1
91906,0,20.0,1
91927,0,20.0,1
91950,1,20.0,1
91969,0,20.0,1
91988,0,20.0,1
92006,0,20.0,1
92025,0,20.0,1
92044,1,20.0,1
92063,0,20.0,1
92082,0,20.0,1
92105,3,7.6712328767123275,0
92124,0,20.0,1
92146,1,20.0,1
92164,0,20.0,1
92182,0,20.0,1
92200,0,20.0,1
92226,3,7.342465753424657,0
92247,0,20.0,1
92275,2,20.0,1
92294,0,20.0,1
92313,0,20.0,1
92330,0,20.0,1
92349,0,20.0,1
92368,1,20.0,1
92387,0,20.0,1
92406,0,20.0,1
92433,3,7.671232876712326,0
92454,0,20.0,1
92476,2,20.0,1
92495,0,20.0,1
92516,1,20.0,1
92536,0,20.0,1
92554,0,20.0,1
92575,1,20.0,1
92593,0,20.0,1
92611,0,20.0,1
92630,0,20.0,1
92648,0,20.0,1
92667,0,20.0,1
92685,0,20.0,1
92706,1,20.0,1
92724,0,20.0,1
92743,0,20.0,1
92763,0,20.0,1
92788,2,20.0,1
92809,1,20.0,1
92835,2,20.0,1
92853,0,20.0,1
92878,2,20.0,1
92901,1,20.0,1
92922,1,20.0,1
92941,1,20.0,1
92960,0,20.0,1
92979,0,20.0,1
92998,0,20.0,1
93017,0,20.0,1
93036,0,20.0,1
93055,0,20.0,1
93074,0,20.0,1
93094,0,20.0,1
93114,0,20.0,1
93133,0,20.0,1
93152,0,20.0,1
93170,0,20.0,1
93189,0,20.0,1
93216,3,7.6712328767123275,0
93234,0,20.0,1
93252,0,20.0,1
93273,1,20.0,1
93292,0,20.0,1
93311,0,20.0,1
93330,0,20.0,1
93348,0,20.0,1
93368,0,20.0,1
93389,0,20.0,1
93408,0,20.0,1
93428,0,20.0,1
93447,0,20.0,1
93466,0,20.0,1
93487,1,20.0,1
93506,0,20.0,1
93525,0,20.0,1
93548,1,20.0,1
93570,1,20.0,1
93589,0,20.0,1
93611,1,20.0,1
93630,0,20.0,1
93649,0,20.0,1
93668,0,20.0,1
93688,0,20.0,1
93708,0,20.0,1
93727,0,20.0,1
93746,0,20.0,1
93765,0,20.0,1
93784,0,20.0,1
93803,0,20.0,1
93822,0,20.0,1
93841,0,20.0,1
93860,0,20.0,1
93878,0,20.0,1
93896,0,20.0,1
93916,0,20.0,1
93935,0,20.0,1
93954,0,20.0,1
93973,0,20.0,1
93996,3,6.6849315068493125,0
94018,0,20.0,1
94039,0,20.0,1
94062,1,20.0,1
94085,1,20.0,1
94107,1,20.0,1
94129,1,20.0,1
94149,0,20.0,1
94169,1,20.0,1
94190,0,20.0,1
94210,0,20.0,1
94232,1,20.0,1
94252,0,20.0,1
94271,0,20.0,1
94294,1,20.0,1
94313,0,20.0,1
94331,0,20.0,1
94349,0,20.0,1
94368,0,20.0,1
94386,0,20.0,1
94405,0,20.0,1
94426,1,20.0,1
94444,0,20.0,1
94465,1,20.0,1
94483,0,20.0,1
94503,0,20.0,1
94522,0,20.0,1
94545,1,20.0,1
94563,0,20.0,1
94583,1,20.0,1
94603,0,20.0,1
94621,0,20.0,1
94640,0,20.0,1
94659,0,20.0,1
94679,0,20.0,1
94699,1,20.0,1
94720,1,20.0,1
94739,0,20.0,1
94764,1,20.0,1
94783,1,20.0,1
94804,0,20.0,1
94825,0,20.0,1
94845,0,20.0,1
94865,1,20.0,1
94884,0,20.0,1
94908,1,19.999999999999996,1
94929,0,20.0,1
94950,1,20.0,1
94970,0,20.0,1
94990,1,20.0,1
95009,0,20.0,1
95030,1,20.0,1
95049,0,20.0,1
95069,1,20.0,1
95090,1,20.0,1
95112,1,20.0,1
95131,0,20.0,1
95155,3,7.342465753424655,0
95174,0,20.0,1
95194,1,20.0,1
95214,1,20.0,1
95232,0,20.0,1
95252,0,20.0,1
95273,0,20.0,1
95295,1,20.0,1
95318,1,20.0,1
95338,0,20.0,1
95359,1,20.0,1
95379,1,20.0,1
95402,1,20.0,1
95422,1,20.0,1
95444,0,20.0,1
95464,0,20.0,1
95486,0,20.0,1
95506,1,20.0,1
95527,0,20.0,1
95548,0,20.0,1
95567,1,20.0,1
95587,1,20.0,1
95608,1,20.0,1
95628,0,20.0,1
95648,0,20.0,1
95668,0,20.0,1
95686,0,20.0,1
95706,1,20.0,1
95726,0,20.0,1
95746,0,20.0,1
95765,0,20.0,1
95785,0,20.0,1
95806,0,20.0,1
95825,1,20.0,1
95845,1,20.0,1
95865,0,20.0,1
95884,0,20.0,1
95906,1,20.0,1
95925,0,20.0,1
95946,0,20.0,1
95965,0,20.0,1
95987,1,20.0,1
96006,0,20.0,1
96027,1,20.0,1
96046,0,20.0,1
96068,1,20.0,1
96088,0,20.0,1
96109,0,20.0,1
96129,0,20.0,1
96149,0,20.0,1
96170,1,20.0,1
96192,1,20.0,1
96211,0,20.0,1
96235,1,20.0,1
96257,0,20.0,1
96277,0,20.0,1
96297,0,20.0,1
96318,0,20.0,1
96338,0,20.0,1
96358,0,20.0,1
96378,0,20.0,1
96398,0,20.0,1
96419,0,20.0,1
96438,0,20.0,1
96458,1,20.0,1
96482,2,20.0,1
96502,1,20.0,1
96521,1,20.0,1
96543,0,20.0,1
96562,0,20.0,1
96581,0,20.0,1
96600,0,20.0,1
96621,1,20.0,1
96640,1,20.0,1
96661,0,20.0,1
96682,1,20.0,1
96703,1,20.0,1
96726,1,20.0,1
96745,0,20.0,1
96764,0,20.0,1
96783,0,20.0,1
96802,0,20.0,1
96821,0,20.0,1
96840,0,20.0,1
96862,1,20.0,1
96883,1,20.0,1
96905,1,20.0,1
96924,0,20.0,1
96951,3,8.328767123287669,0
96971,0,20.0,1
96994,1,20.0,1
97013,0,20.0,1
97036,1,19.999999999999996,1
97055,0,20.0,1
97076,0,20.0,1
97100,1,20.0,1
97119,0,20.0,1
97139,0,20.0,1
97157,0,20.0,1
97175,0,20.0,1
97195,0,20.0,1
97214,0,20.0,1
97233,0,20.0,1
97252,1,20.0,1
97276,1,20.0,1
97295,0,20.0,1
97314,0,20.0,1
97332,0,20.0,1
97352,0,20.0,1
97379,2,20.0,1
97398,0,20.0,1
97421,1,20.0,1
97440,0,20.0,1
97459,0,20.0,1
97478,0,20.0,1
97497,0,20.0,1
97516,0,20.0,1
97539,1,20.0,1
97557,0,20.0,1
97579,1,20.0,1
97599,0,20.0,1
97618,0,20.0,1
97638,1,20.0,1
97659,1,20.0,1
97678,0,20.0,1
97697,0,20.0,1
97715,0,20.0,1
97737,1,20.0,1
97755,0,20.0,1
97774,0,20.0,1
97794,1,20.0,1
97813,0,20.0,1
97832,0,20.0,1
97850,0,20.0,1
97869,0,20.0,1
97888,1,20.0,1
97907,0,20.0,1
97926,0,20.0,1
97945,0,20.0,1
97964,0,20.0,1
97983,0,20.0,1
98003,1,20.0,1
98022,0,20.0,1
98041,0,20.0,1
98060,0,20.0,1
98079,0,20.0,1
98098,1,20.0,1
98117,1,20.0,1
98135,0,20.0,1
98154,0,20.0,1
98173,0,20.0,1
98193,0,20.0,1
98212,0,20.0,1
98235,0,20.0,1
98255,1,20.0,1
98279,1,20.0,1
98298,0,20.0,1
98318,1,20.0,1
98337,0,20.0,1
98361,1,20.0,1
98381,0,20.0,1
98404,0,20.0,1
98425,0,20.0,1
98447,1,20.0,1
98468,1,20.0,1
98491,1,20.0,1
98512,1,20.0,1
98538,2,19.999999999999996,1
98560,1,20.0,1
98582,1,20.0,1
98606,0,20.0,1
98627,1,20.0,1
98648,1,20.0,1
98674,2,20.0,1
98694,1,20.0,1
98715,1,20.0,1
98734,0,20.0,1
98754,1,20.0,1
98775,1,20.0,1
98795,0,20.0,1
98814,0,20.0,1
98833,0,20.0,1
98852,0,20.0,1
98871,0,20.0,1
98890,0,20.0,1
98912,1,20.0,1
98934,0,20.0,1
98959,2,20.0,1
98978,0,20.0,1
99001,1,20.0,1
99020,1,20.0,1
99042,1,20.0,1
99062,0,20.0,1
99083,1,20.0,1
99107,1,20.0,1
99126,0,20.0,1
99144,0,20.0,1
99163,1,20.0,1
99180,0,20.0,1
99202,1,19.999999999999996,1
99222,2,20.0,1
99240,0,20.0,1
99261,1,20.0,1
99279,0,20.0,1
99299,1,20.0,1
99318,0,20.0,1
99337,0,20.0,1
99356,0,20.0,1
99380,1,20.0,1
99399,0,20.0,1
99417,0,20.0,1
99435,0,20.0,1
99453,0,20.0,1
99472,0,20.0,1
99491,0,20.0,1
99513,1,20.0,1
99532,0,20.0,1
99550,1,20.0,1
99572,1,19.999999999999996,1
99591,0,20.0,1
99610,0,20.0,1
99628,0,20.0,1
99646,0,20.0,1
99665,0,20.0,1
99684,0,20.0,1
99703,0,20.0,1
99722,0,20.0,1
99741,0,20.0,1
99760,0,20.0,1
99779,0,20.0,1
99798,0,20.0,1
99817,0,20.0,1
99840,1,20.0,1
99859,0,20.0,1
99879,0,20.0,1
99901,1,20.0,1
99920,0,20.0,1
99943,1,20.0,1
99962,0,20.0,1
99982,0,20.0,1
100002,1,20.0,1
100023,1,20.0,1
100043,1,20.0,1
100062,0,20.0,1
100082,1,20.0,1
100101,0,20.0,1
100121,0,20.0,1
100142,2,20.0,1
100166,1,20.0,1
100185,0,20.0,1
100204,0,20.0,1
100224,0,20.0,1
100243,1,20.0,1
100262,0,20.0,1
100281,0,20.0,1
100301,0,20.0,1
100328,3,7.6712328767123275,0
100346,0,20.0,1
100365,0,20.0,1
100386,2,20.0,1
100405,0,20.0,1
100424,0,20.0,1
100446,1,20.0,1
100465,1,20.0,1
100485,1,20.0,1
100507,1,20.0,1
100527,0,20.0,1
100547,1,20.0,1
100567,0,20.0,1
100587,0,20.0,1
100605,0,20.0,1
100624,1,20.0,1
100642,0,20.0,1
100661,0,20.0,1
100680,0,20.0,1
100699,0,20.0,1
100726,3,7.671232876712326,0
100745,0,20.0,1
100766,1,20.0,1
100786,0,20.0,1
100805,0,20.0,1
100824,0,20.0,1
100844,0,20.0,1
100863,0,20.0,1
100882,0,20.0,1
100902,0,20.0,1
100921,0,20.0,1
100941,1,20.0,1
100960,0,20.0,1
100983,0,20.0,1
101007,1,20.0,1
101026,0,20.0,1
101045,0,20.0,1
101064,0,20.0,1
101087,0,20.0,1
101106,0,20.0,1
101125,0,20.0,1
101145,1,20.0,1
101165,0,20.0,1
101188,1,20.0,1
101208,1,20.0,1
101233,3,7.342465753424657,0
101253,1,20.0,1
101273,1,20.0,1
101292,0,20.0,1
101313,1,20.0,1
101333,0,20.0,1
101357,1,20.0,1
101376,0,20.0,1
101398,1,20.0,1
101419,1,19.999999999999996,1
101438,0,20.0,1
101457,0,20.0,1
101477,0,20.0,1
101496,0,20.0,1
101518,1,20.0,1
101536,0,20.0,1
101555,0,20.0,1
101573,0,20.0,1
101591,0,20.0,1
101611,0,20.0,1
101630,0,20.0,1
101651,1,20.0,1
101669,0,20.0,1
101687,0,20.0,1
101705,0,20.0,1
101723,0,20.0,1
101747,1,20.0,1
101767,0,20.0,1
101786,1,20.0,1
101806,0,20.0,1
101824,0,20.0,1
101843,0,20.0,1
101861,0,20.0,1
101879,0,20.0,1
101898,0,20.0,1
101919,2,20.0,1
101938,0,20.0,1
101957,1,20.0,1
101976,0,20.0,1
101998,1,20.0,1
102016,0,20.0,1
102036,0,20.0,1
102059,1,19.999999999999996,1
102083,1,20.0,1
102102,0,20.0,1
102121,0,20.0,1
102140,0,20.0,1
102163,1,20.0,1
102181,0,20.0,1
102200,0,20.0,1
102219,0,20.0,1
102238,0,20.0,1
102258,1,20.0,1
102275,0,20.0,1
102294,0,20.0,1
102313,0,20.0,1
102331,0,20.0,1
102352,0,20.0,1
102372,0,20.0,1
102391,0,20.0,1
102410,0,20.0,1
102430,1,20.0,1
102449,0,20.0,1
102467,0,20.0,1
102486,0,20.0,1
102505,0,20.0,1
102524,0,20.0,1
102543,0,20.0,1
102562,0,20.0,1
102581,1,20.0,1
102600,0,20.0,1
102618,0,20.0,1
102637,0,20.0,1
102656,0,20.0,1
102676,0,20.0,1
102694,0,20.0,1
102714,0,20.0,1
102733,0,20.0,1
102752,1,20.0,1
102771,0,20.0,1
102796,2,20.0,1
102823,3,7.999999999999998,0
102843,0,20.0,1
102863,0,20.0,1
102883,0,20.0,1
102901,0,20.0,1
102919,0,20.0,1
102937,0,20.0,1
102955,0,20.0,1
102974,1,20.0,1
102994,0,20.0,1
103013,0,20.0,1
103032,0,20.0,1
103050,0,20.0,1
103068,0,20.0,1
103086,0,20.0,1
103105,0,20.0,1
103124,0,20.0,1
103143,0,20.0,1
103162,1,20.0,1
103183,1,20.0,1
103202,0,20.0,1
103221,0,20.0,1
103249,3,7.671232876712326,0
103268,1,20.0,1
103287,0,20.0,1
103309,1,20.0,1
103328,0,20.0,1
103347,0,20.0,1
103366,0,20.0,1
103385,0,20.0,1
103405,1,20.0,1
103422,0,20.0,1
103444,1,20.0,1
103462,0,20.0,1
103483,1,20.0,1
103502,0,20.0,1
103521,0,20.0,1
103540,0,20.0,1
103559,0,20.0,1
103579,1,20.0,1
103598,0,20.0,1
103616,0,20.0,1
103637,1,20.0,1
103656,0,20.0,1
103677,1,20.0,1
103703,2,20.0,1
103721,0,20.0,1
103741,0,20.0,1
103760,0,20.0,1
103779,0,20.0,1
103798,0,20.0,1
103816,1,20.0,1
103835,0,20.0,1
103853,0,20.0,1
103874,1,20.0,1
103893,0,20.0,1
103911,0,20.0,1
103934,1,20.0,1
103953,0,20.0,1
103971,0,20.0,1
103990,0,20.0,1
104015,1,20.0,1
104033,0,20.0,1
104055,1,20.0,1
104073,0,20.0,1
104091,0,20.0,1
104110,0,20.0,1
104128,0,20.0,1
104151,1,20.0,1
104170,0,20.0,1
104191,1,20.0,1
104210,0,20.0,1
104233,1,20.0,1
104252,1,20.0,1
104271,0,20.0,1
104290,0,20.0,1
104308,0,20.0,1
104326,0,20.0,1
104345,0,20.0,1
104364,0,20.0,1
104385,0,19.999999999999996,1
104405,1,20.0,1
104423,0,20.0,1
104441,0,20.0,1
104460,0,20.0,1
104478,0,20.0,1
104497,0,20.0,1
104516,0,20.0,1
104536,1,20.0,1
104555,0,20.0,1
104573,0,20.0,1
104593,1,20.0,1
104611,0,20.0,1
104631,0,20.0,1
104650,1,20.0,1
104669,0,20.0,1
104687,0,20.0,1
104706,0,20.0,1
104725,0,20.0,1
104744,0,20.0,1
104763,0,20.0,1
104782,0,20.0,1
104800,0,20.0,1
104819,0,20.0,1
104838,0,20.0,1
104857,0,20.0,1
104876,0,19.999999999999996,1
104896,0,20.0,1
104917,1,20.0,1
104936,0,20.0,1
104955,0,20.0,1
104978,2,19.999999999999996,1
104998,1,20.0,1
105018,0,20.0,1
105037,0,20.0,1
105056,0,20.0,1
105076,1,20.0,1
105094,0,20.0,1
105113,0,20.0,1
105132,0,20.0,1
105150,0,20.0,1
105175,3,7.671232876712326,0
105195,0,20.0,1
105214,0,20.0,1
105233,0,20.0,1
105253,0,20.0,1
105273,0,20.0,1
105293,0,20.0,1
105310,0,20.0,1
105331,1,20.0,1
105351,0,20.0,1
105371,0,20.0,1
105390,0,20.0,1
105410,0,20.0,1
105429,0,20.0,1
105448,0,20.0,1
105468,0,20.0,1
105487,0,20.0,1
105506,0,20.0,1
105525,0,20.0,1
105544,0,20.0,1
105563,0,20.0,1
105582,0,20.0,1
105601,0,20.0,1
105620,0,20.0,1
105643,1,19.999999999999996,1
105662,0,20.0,1
105681,0,20.0,1
105703,1,20.0,1
105725,0,20.0,1
105745,0,20.0,1
105764,0,20.0,1
105783,0,20.0,1
105802,0,20.0,1
105821,0,20.0,1
105840,1,20.0,1
105859,1,20.0,1
105877,0,20.0,1
105896,0,20.0,1
105919,1,20.0,1
105938,0,20.0,1
105959,1,20.0,1
105977,0,20.0,1
105996,0,20.0,1
106015,0,20.0,1
106035,0,20.0,1
106053,0,20.0,1
106074,0,20.0,1
106096,1,20.0,1
106115,0,20.0,1
106135,1,20.0,1
106153,0,20.0,1
106172,0,20.0,1
106193,1,20.0,1
106211,0,20.0,1
106232,0,20.0,1
106254,0,20.0,1
106277,1,19.999999999999996,1
106298,0,20.0,1
106322,3,7.6712328767123275,0
106343,1,20.0,1
106365,1,20.0,1
106384,0,20.0,1
106408,1,20.0,1
106428,1,20.0,1
106449,0,20.0,1
106469,1,20.0,1
106494,2,20.0,1
106511,0,20.0,1
106531,1,20.0,1
106550,0,20.0,1
106569,0,20.0,1
106588,0,20.0,1
106608,0,20.0,1
106627,0,20.0,1
106646,0,20.0,1
106672,2,20.0,1
106692,1,20.0,1
106711,0,20.0,1
106730,0,20.0,1
106749,0,20.0,1
106772,1,19.999999999999996,1
106791,0,20.0,1
106812,0,20.0,1
106831,0,20.0,1
106849,0,20.0,1
106869,0,20.0,1
106888,0,20.0,1
106910,1,20.0,1
106938,3,7.9999999999999964,0
106964,2,20.0,1
106983,0,20.0,1
107001,0,20.0,1
107020,0,20.0,1
107044,2,20.0,1
107063,0,20.0,1
107081,0,20.0,1
107100,0,20.0,1
107119,0,20.0,1
107138,0,20.0,1
107162,3,7.342465753424655,0
107179,0,20.0,1
107197,0,20.0,1
107215,0,19.999999999999996,1
107234,0,20.0,1
107252,0,20.0,1
107271,0,20.0,1
107289,0,20.0,1
107311,1,20.0,1
107331,0,20.0,1
107351,0,20.0,1
107370,0,20.0,1
107389,0,20.0,1
107413,1,20.0,1
107432,0,20.0,1
107451,0,20.0,1
107471,0,20.0,1
107494,1,20.0,1
107512,0,20.0,1
107532,0,20.0,1
107551,0,20.0,1
107574,1,20.0,1
107593,0,20.0,1
107611,0,20.0,1
107630,0,20.0,1
107653,0,20.0,1
107672,0,20.0,1
107691,0,20.0,1
107710,0,20.0,1
107731,0,20.0,1
107751,0,20.0,1
107769,0,20.0,1
107787,0,20.0,1
107806,0,20.0,1
107823,0,20.0,1
107841,0,20.0,1
107859,0,20.0,1
107879,0,20.0,1
107900,1,20.0,1
107918,0,20.0,1
107936,0,20.0,1
107956,0,20.0,1
107976,0,20.0,1
107994,0,20.0,1
108014,0,20.0,1
108033,0,20.0,1
108056,2,20.0,1
108075,0,20.0,1
108094,0,20.0,1
108113,0,20.0,1
108132,0,20.0,1
108150,0,20.0,1
108173,2,20.0,1
108192,0,20.0,1
108213,1,20.0,1
108232,0,20.0,1
108252,1,20.0,1
108270,0,20.0,1
108288,0,20.0,1
108311,1,20.0,1
108332,1,20.0,1
108351,0,20.0,1
108370,0,20.0,1
108387,0,20.0,1
108406,0,20.0,1
108425,0,20.0,1
108444,0,20.0,1
108463,0,20.0,1
108482,0,20.0,1
108501,0,20.0,1
108519,0,20.0,1
108538,1,20.0,1
108561,1,20.0,1
108581,1,20.0,1
108600,0,20.0,1
108626,3,8.328767123287669,0
108645,0,20.0,1
108664,0,20.0,1
108683,0,20.0,1
108703,1,20.0,1
108724,1,20.0,1
108744,1,20.0,1
108769,2,20.0,1
108790,1,20.0,1
108808,0,20.0,1
108831,1,20.0,1
108850,0,20.0,1
108870,1,20.0,1
108889,0,20.0,1
108907,0,20.0,1
108926,0,20.0,1
108946,1,20.0,1
108966,1,20.0,1
108984,0,20.0,1
109003,0,20.0,1
109022,0,20.0,1
109040,0,20.0,1
109060,0,20.0,1
109080,1,20.0,1
109099,0,20.0,1
109118,0,20.0,1
109138,0,20.0,1
109157,0,20.0,1
109180,2,20.0,1
109199,0,20.0,1
109218,0,20.0,1
109237,0,20.0,1
109255,0,20.0,1
109275,0,20.0,1
109299,1,20.0,1
109318,1,20.0,1
109337,0,20.0,1
109356,0,20.0,1
109375,0,20.0,1
109394,0,20.0,1
109413,0,20.0,1
109432,0,20.0,1
109451,0,20.0,1
109471,0,20.0,1
109490,0,20.0,1
109509,0,20.0,1
109528,0,20.0,1
109547,0,20.0,1
109566,0,20.0,1
109593,3,7.671232876712326,0
109612,0,20.0,1
109629,0,20.0,1
109647,0,20.0,1
109666,1,20.0,1
109685,0,20.0,1
109703,0,20.0,1
109721,0,20.0,1
109740,0,20.0,1
109758,0,20.0,1
109776,0,20.0,1
109799,1,20.0,1
109818,0,20.0,1
109838,1,20.0,1
109857,0,20.0,1
109875,0,20.0,1
109893,0,20.0,1
109919,3,7.999999999999998,0
109938,0,20.0,1
109961,1,20.0,1
109979,0,20.0,1
109998,0,20.0,1
110017,0,20.0,1
110039,1,20.0,1
110059,1,20.0,1
110078,0,20.0,1
110102,1,20.0,1
110120,0,20.0,1
110140,1,20.0,1
110159,0,20.0,1
110178,0,20.0,1
110197,0,20.0,1
110216,0,20.0,1
110240,3,7.671232876712326,0
110259,0,20.0,1
110280,1,20.0,1
110299,0,20.0,1
110318,0,20.0,1
110343,2,20.0,1
110361,0,20.0,1
110380,0,20.0,1
110399,0,20.0,1
110418,0,20.0,1
110437,0,20.0,1
110460,2,20.0,1
110479,0,20.0,1
110498,0,20.0,1
110516,0,20.0,1
110536,1,20.0,1
110555,0,20.0,1
110575,1,20.0,1
110593,0,20.0,1
110612,0,20.0,1
110631,0,20.0,1
110650,0,20.0,1
110669,1,20.0,1
110688,0,20.0,1
110707,0,20.0,1
110726,0,20.0,1
110748,1,20.0,1
110770,2,20.0,1
110788,0,20.0,1
110806,0,20.0,1
110825,0,20.0,1
110846,1,20.0,1
110865,1,20.0,1
110883,0,20.0,1
110901,0,20.0,1
110920,0,20.0,1
110938,0,20.0,1
110960,1,20.0,1
110979,0,20.0,1
110999,0,20.0,1
111017,0,20.0,1
111035,0,20.0,1
111054,0,20.0,1
111075,1,20.0,1
111094,0,20.0,1
111113,0,20.0,1
111134,1,20.0,1
111153,0,20.0,1
111172,0,20.0,1
111191,0,20.0,1
111210,1,20.0,1
111230,0,20.0,1
111249,0,20.0,1
111268,0,20.0,1
111287,0,20.0,1
111309,1,20.0,1
111328,0,20.0,1
111347,0,20.0,1
111366,0,20.0,1
111389,1,20.0,1
111408,0,20.0,1
111431,1,20.0,1
111449,0,20.0,1
111468,0,20.0,1
111487,0,20.0,1
111506,0,20.0,1
111525,0,20.0,1
111546,1,20.0,1
111566,0,20.0,1
111585,0,20.0,1
111606,1,20.0,1
111626,1,20.0,1
111645,1,20.0,1
111663,0,20.0,1
111681,0,20.0,1
111700,0,20.0,1
111719,0,20.0,1
111739,0,20.0,1
111761,1,20.0,1
111781,0,20.0,1
111800,0,20.0,1
111820,0,20.0,1
111843,1,20.0,1
111864,0,20.0,1
111884,1,20.0,1
111905,1,20.0,1
111923,0,20.0,1
111942,0,20.0,1
111961,1,20.0,1
111981,0,20.0,1
112000,0,20.0,1
112019,0,20.0,1
112042,3,7.999999999999998,0
112064,2,20.0,1
112085,0,20.0,1
112104,0,20.0,1
112124,0,20.0,1
112148,2,20.0,1
112168,0,20.0,1
112189,0,20.0,1
112212,2,20.0,1
112235,3,7.999999999999999,0
112255,1,20.0,1
112276,3,5.315068493150683,0
112295,0,20.0,1
112313,0,20.0,1
112333,1,20.0,1
112353,1,20.0,1
112372,0,20.0,1
112392,0,20.0,1
112409,0,20.0,1
112428,1,20.0,1
112448,1,20.0,1
112469,0,20.0,1
112490,0,20.0,1
112510,0,20.0,1
112529,0,20.0,1
112552,1,20.0,1
112574,1,20.0,1
112592,0,20.0,1
112611,0,20.0,1
112631,0,20.0,1
112650,0,20.0,1
112668,0,20.0,1
112688,1,20.0,1
112706,0,20.0,1
112726,1,20.0,1
112747,2,20.0,1
112767,0,20.0,1
112787,0,20.0,1
112807,0,20.0,1
112829,1,20.0,1
112849,0,20.0,1
112868,0,20.0,1
112887,0,20.0,1
112906,0,20.0,1
112926,0,20.0,1
112945,0,20.0,1
112965,0,20.0,1
112984,0,20.0,1
113004,0,20.0,1
113023,0,20.0,1
113043,0,20.0,1
113062,1,20.0,1
113081,0,20.0,1
113104,1,20.0,1
113123,0,20.0,1
113143,0,20.0,1
113162,0,20.0,1
113181,0,20.0,1
113200,0,20.0,1
113219,0,20.0,1
113238,0,20.0,1
113259,1,20.0,1
113278,1,20.0,1
113298,1,20.0,1
113316,0,20.0,1
113335,0,20.0,1
113353,0,20.0,1
113372,1,20.0,1
113391,0,20.0,1
113413,1,20.0,1
113432,0,20.0,1
113451,0,20.0,1
113469,0,20.0,1
113487,0,20.0,1
113506,0,20.0,1
113524,0,20.0,1
113548,1,20.0,1
113566,0,20.0,1
113584,0,20.0,1
113603,0,20.0,1
113622,0,20.0,1
113643,1,20.0,1
113663,0,20.0,1
113681,0,20.0,1
113699,0,20.0,1
113717,0,20.0,1
113735,0,20.0,1
113753,0,20.0,1
113771,1,20.0,1
113790,0,20.0,1
113812,1,20.0,1
113831,0,20.0,1
113849,0,20.0,1
113868,0,20.0,1
113889,1,20.0,1
113908,0,20.0,1
113927,0,20.0,1
113946,0,20.0,1
113965,0,20.0,1
113983,0,20.0,1
114002,0,20.0,1
114020,0,20.0,1
114038,0,20.0,1
114057,0,20.0,1
114076,0,20.0,1
114096,0,20.0,1
114114,0,20.0,1
114133,0,20.0,1
114152,0,20.0,1
114171,0,20.0,1
114190,1,20.0,1
114209,0,20.0,1
114231,1,20.0,1
114250,0,20.0,1
114270,1,20.0,1
114289,0,20.0,1
114308,0,20.0,1
114333,2,20.0,1
114353,0,20.0,1
114373,0,20.0,1
114394,1,20.0,1
114414,0,20.0,1
114433,0,20.0,1
114453,0,20.0,1
114472,0,20.0,1
114495,3,7.6712328767123275,0
114515,0,20.0,1
114536,0,20.0,1
114556,0,20.0,1
114575,0,20.0,1
114595,1,20.0,1
114614,0,20.0,1
114635,0,20.0,1
114654,0,20.0,1
114674,0,20.0,1
114694,0,20.0,1
114715,1,20.0,1
114734,0,20.0,1
114758,1,20.0,1
114777,0,20.0,1
114796,0,20.0,1
114819,2,20.0,1
114838,1,20.0,1
114857,0,20.0,1
114876,0,20.0,1
114896,0,20.0,1
114915,0,20.0,1
114935,1,20.0,1
114957,1,20.0,1
114976,1,20.0,1
114996,0,20.0,1
115015,0,20.0,1
115035,0,20.0,1
115054,0,20.0,1
115073,0,20.0,1
115092,0,20.0,1
115114,1,20.0,1
115133,0,20.0,1
115153,3,7.28767123287671,0
115172,0,20.0,1
115191,0,20.0,1
115210,0,20.0,1
115229,0,20.0,1
115247,0,20.0,1
115271,3,8.328767123287667,0
115290,0,20.0,1
115309,0,20.0,1
115328,0,20.0,1
115347,0,20.0,1
115365,0,20.0,1
115384,0,20.0,1
115403,0,20.0,1
115421,0,20.0,1
115440,0,20.0,1
115459,0,20.0,1
115478,0,20.0,1
115497,0,20.0,1
115515,0,20.0,1
115534,0,20.0,1
115553,1,20.0,1
115578,2,20.0,1
115597,0,20.0,1
115614,0,20.0,1
115633,0,20.0,1
115657,2,20.0,1
115676,1,20.0,1
115698,1,20.0,1
115717,0,20.0,1
115735,0,20.0,1
115754,0,20.0,1
115772,0,20.0,1
115791,0,20.0,1
115810,0,20.0,1
115828,0,20.0,1
115848,1,20.0,1
115865,0,20.0,1
115883,0,20.0,1
115901,0,20.0,1
115922,1,20.0,1
115941,0,20.0,1
115961,0,20.0,1
115979,0,20.0,1
116000,0,20.0,1
116019,0,20.0,1
116039,0,20.0,1
116058,0,20.0,1
116084,3,7.671232876712326,0
116103,0,20.0,1
116121,0,20.0,1
116141,1,20.0,1
116160,0,20.0,1
116179,0,20.0,1
116201,1,20.0,1
116220,0,20.0,1
116238,0,20.0,1
116257,0,20.0,1
116280,1,20.0,1
116299,0,20.0,1
116321,1,20.0,1
116339,0,20.0,1
116358,0,20.0,1
116377,0,20.0,1
116396,0,20.0,1
116415,0,20.0,1
116435,0,20.0,1
116454,0,20.0,1
116473,0,20.0,1
116492,0,20.0,1
116511,0,20.0,1
116530,0,20.0,1
116548,0,20.0,1
116568,0,20.0,1
116587,0,20.0,1
116606,0,20.0,1
116631,2,20.0,1
116650,0,20.0,1
116670,0,20.0,1
116694,3,8.32876712328767,0
116713,0,20.0,1
116733,0,20.0,1
116752,0,20.0,1
116771,0,20.0,1
116789,0,20.0,1
116808,0,20.0,1
116829,1,20.0,1
116850,1,20.0,1
116869,0,20.0,1
116888,0,20.0,1
116907,0,20.0,1
116926,0,20.0,1
116946,0,20.0,1
116967,1,20.0,1
116989,1,20.0,1
117008,0,20.0,1
117031,1,20.0,1
117050,0,20.0,1
117068,1,20.0,1
117086,0,20.0,1
117108,1,20.0,1
117130,1,20.0,1
117149,0,20.0,1
117173,2,19.999999999999996,1
117199,3,7.671232876712326,0
117218,0,20.0,1
117239,1,20.0,1
117259,1,20.0,1
117277,0,20.0,1
117299,1,20.0,1
117318,0,20.0,1
117340,1,20.0,1
117360,0,20.0,1
117384,1,19.999999999999996,1
117407,1,20.0,1
117426,0,20.0,1
117453,3,7.6712328767123275,0
117472,0,20.0,1
117494,3,5.972602739726026,0
117513,0,20.0,1
117538,2,20.0,1
117557,0,20.0,1
117576,0,20.0,1
117594,0,20.0,1
117613,0,20.0,1
117633,0,20.0,1
117652,0,20.0,1
117671,0,20.0,1
117690,0,20.0,1
117711,1,20.0,1
117729,0,20.0,1
117747,0,20.0,1
117765,0,20.0,1
117787,1,20.0,1
117808,3,6.684931506849314,0
117827,0,20.0,1
117847,0,20.0,1
117865,0,20.0,1
117884,0,20.0,1
117902,0,20.0,1
117920,0,20.0,1
117939,0,20.0,1
117958,0,20.0,1
117977,0,20.0,1
117996,0,20.0,1
118015,0,20.0,1
118033,0,20.0,1
118051,0,20.0,1
118070,0,20.0,1
118088,0,20.0,1
118107,0,20.0,1
118125,0,20.0,1
118144,0,20.0,1
118165,1,20.0,1
118183,0,20.0,1
118201,0,20.0,1
118220,0,20.0,1
118241,0,20.0,1
118259,0,20.0,1
118278,0,20.0,1
118298,0,20.0,1
118321,1,20.0,1
118341,0,20.0,1
118360,0,20.0,1
118382,1,20.0,1
118401,0,20.0,1
118420,0,20.0,1
118439,0,20.0,1
118458,0,20.0,1
118479,1,20.0,1
118498,0,20.0,1
118520,1,20.0,1
118539,0,20.0,1
118558,0,20.0,1
118582,2,20.0,1
118605,1,20.0,1
118624,0,20.0,1
118643,0,20.0,1
118661,0,20.0,1
118679,0,20.0,1
118698,0,20.0,1
118716,0,20.0,1
118736,0,20.0,1
118754,0,20.0,1
118772,0,20.0,1
118790,0,20.0,1
118809,0,20.0,1
118828,0,20.0,1
118846,0,20.0,1
118865,0,20.0,1
118883,0,20.0,1
118905,1,20.0,1
118925,1,20.0,1
118944,0,20.0,1
118963,0,20.0,1
118982,0,20.0,1
119000,0,20.0,1
119026,3,8.328767123287669,0
119049,1,19.999999999999996,1
119068,0,20.0,1
119086,0,20.0,1
119103,0,20.0,1
119121,0,20.0,1
119140,0,20.0,1
119159,0,20.0,1
119180,1,20.0,1
119198,0,20.0,1
119217,0,20.0,1
119236,0,20.0,1
119255,0,20.0,1
119274,0,20.0,1
119294,0,20.0,1
119312,0,20.0,1
119331,0,20.0,1
119351,1,20.0,1
119371,0,20.0,1
119390,0,20.0,1
119413,1,20.0,1
119434,1,20.0,1
119453,0,20.0,1
119473,0,20.0,1
119493,0,20.0,1
119518,3,7.999999999999998,0
119539,1,20.0,1
119560,1,20.0,1
119578,0,20.0,1
119599,1,20.0,1
119618,0,20.0,1
119639,1,20.0,1
119658,0,20.0,1
119677,0,20.0,1
119701,3,7.999999999999998,0
119724,1,20.0,1
119743,0,20.0,1
119761,0,20.0,1
119779,0,20.0,1
119797,0,20.0,1
119820,1,20.0,1
119838,0,20.0,1
119857,0,20.0,1
119876,0,20.0,1
119894,0,20.0,1
119913,0,20.0,1
119934,1,20.0,1
119952,0,20.0,1
119979,3,8.328767123287667,0
120002,1,20.0,1
120021,0,20.0,1
120043,1,20.0,1
120070,3,7.999999999999998,0
120093,1,19.999999999999996,1
120113,2,20.0,1
120136,1,20.0,1
120160,1,20.0,1
120179,0,20.0,1
120202,3,6.684931506849315,0
120220,0,20.0,1
120238,0,20.0,1
120257,1,20.0,1
120278,1,20.0,1
120297,1,20.0,1
120316,0,20.0,1
120335,0,20.0,1
120354,0,20.0,1
120373,0,20.0,1
120392,0,20.0,1
120415,1,20.0,1
120437,1,20.0,1
120456,0,20.0,1
120476,1,20.0,1
120495,0,20.0,1
120515,0,20.0,1
120535,1,20.0,1
120554,0,20.0,1
120574,0,20.0,1
120594,0,20.0,1
120613,0,20.0,1
120633,0,20.0,1
120658,3,7.6712328767123275,0
120676,0,20.0,1
120695,0,20.0,1
120714,0,20.0,1
120734,0,20.0,1
120753,0,20.0,1
120774,1,20.0,1
120793,1,20.0,1
120811,0,20.0,1
120830,0,20.0,1
120849,0,20.0,1
120867,0,20.0,1
120887,1,20.0,1
120905,0,20.0,1
120924,0,20.0,1
120942,0,20.0,1
120965,2,20.0,1
120987,1,20.0,1
121006,0,20.0,1
121025,0,20.0,1
121043,0,20.0,1
121063,1,20.0,1
121082,0,20.0,1
121104,1,20.0,1
121122,0,20.0,1
121147,3,7.013698630136984,0
121167,0,20.0,1
121187,0,20.0,1
121206,0,20.0,1
121226,0,20.0,1
121244,0,20.0,1
121266,1,20.0,1
121286,0,20.0,1
121308,1,19.999999999999996,1
121327,1,20.0,1
121344,0,20.0,1
121366,0,20.0,1
121387,0,20.0,1
121408,0,20.0,1
121429,1,20.0,1
121452,1,20.0,1
121473,1,20.0,1
121492,0,20.0,1
121511,0,20.0,1
121532,0,20.0,1
121552,0,20.0,1
121575,2,20.0,1
121598,1,20.0,1
121618,1,20.0,1
121640,0,20.0,1
121661,1,20.0,1
121682,0,20.0,1
121701,0,20.0,1
121725,1,20.0,1
121746,0,20.0,1
121766,0,20.0,1
121790,3,7.342465753424657,0
121809,0,20.0,1
121830,1,20.0,1
121851,0,20.0,1
121872,0,20.0,1
121893,0,20.0,1
121912,0,20.0,1
121932,0,20.0,1
121958,3,7.999999999999998,0
121978,1,20.0,1
121998,0,20.0,1
122021,0,20.0,1
122040,0,20.0,1
122059,0,20.0,1
122080,0,20.0,1
122100,1,20.0,1
122123,0,20.0,1
122149,2,19.999999999999996,1
122168,0,20.0,1
122188,0,20.0,1
122207,0,20.0,1
122225,0,20.0,1
122245,0,20.0,1
122264,0,20.0,1
122288,3,7.6712328767123275,0
122307,0,20.0,1
122326,0,20.0,1
122345,0,20.0,1
122363,0,20.0,1
122382,0,20.0,1
122401,0,20.0,1
122420,0,20.0,1
122445,3,7.342465753424657,0
122466,3,6.958904109589039,0
122484,0,20.0,1
122503,0,20.0,1
122521,0,20.0,1
122539,0,20.0,1
122558,0,20.0,1
122579,1,20.0,1
122599,1,20.0,1
122618,1,20.0,1
122637,1,20.0,1
122656,0,20.0,1
122674,0,20.0,1
122693,0,20.0,1
122712,0,20.0,1
122730,0,20.0,1
122756,3,7.999999999999998,0
122774,0,20.0,1
122795,1,20.0,1
122819,3,7.013698630136986,0
122838,0,20.0,1
122860,2,20.0,1
122883,1,19.999999999999996,1
122910,2,20.0,1
122931,2,20.0,1
122950,0,20.0,1
122969,0,20.0,1
122989,1,20.0,1
123009,1,20.0,1
123029,1,20.0,1
123049,0,20.0,1
123070,1,20.0,1
123089,0,20.0,1
123110,1,19.999999999999996,1
123129,0,20.0,1
123147,0,20.0,1
123166,0,20.0,1
123184,0,20.0,1
123205,1,20.0,1
123225,1,20.0,1
123248,1,20.0,1
123273,2,20.0,1
123291,0,20.0,1
123311,1,20.0,1
123329,0,20.0,1
123348,0,20.0,1
123368,1,20.0,1
123387,0,20.0,1
123405,0,20.0,1
123424,0,20.0,1
123443,0,20.0,1
123466,1,20.0,1
123485,0,20.0,1
123504,0,20.0,1
123527,1,20.0,1
123546,0,20.0,1
123568,1,20.0,1
123587,0,20.0,1
123605,1,20.0,1
123626,1,20.0,1
123645,0,20.0,1
123663,0,20.0,1
123686,3,7.671232876712327,0
123705,0,20.0,1
123724,0,20.0,1
123744,0,20.0,1
123763,0,20.0,1
123788,2,20.0,1
123807,1,20.0,1
123826,0,20.0,1
123845,0,20.0,1
123863,0,20.0,1
123885,3,7.342465753424657,0
123903,0,20.0,1
123928,3,7.999999999999998,0
123947,0,20.0,1
123968,1,20.0,1
123988,2,20.0,1
124007,0,20.0,1
124027,1,20.0,1
124045,0,20.0,1
124063,0,20.0,1
124081,0,20.0,1
124099,0,20.0,1
124118,1,20.0,1
124136,0,20.0,1
124155,0,20.0,1
124174,0,20.0,1
124196,1,20.0,1
124216,0,20.0,1
124235,0,20.0,1
124254,0,20.0,1
124275,1,20.0,1
124296,3,5.643835616438354,0
124314,0,20.0,1
124333,0,20.0,1
124353,0,20.0,1
124376,2,20.0,1
124396,1,20.0,1
124414,0,20.0,1
124433,0,20.0,1
124451,1,20.0,1
124471,0,20.0,1
124490,0,20.0,1
124512,1,20.0,1
124531,1,20.0,1
124553,1,20.0,1
124572,0,20.0,1
124591,0,20.0,1
124611,0,20.0,1
124631,0,20.0,1
124652,0,20.0,1
124671,0,20.0,1
124696,3,8.328767123287669,0
124714,0,20.0,1
124733,1,20.0,1
124756,2,20.0,1
124776,0,20.0,1
124796,0,20.0,1
124818,0,20.0,1
124839,1,20.0,1
124858,0,20.0,1
124877,0,20.0,1
124898,0,20.0,1
124916,0,20.0,1
124935,0,20.0,1
124955,1,20.0,1
124975,1,20.0,1
124996,1,20.0,1
125016,0,20.0,1
125041,2,20.0,1
125062,1,20.0,1
125081,1,20.0,1
125102,1,20.0,1
125123,0,20.0,1
125144,0,20.0,1
125167,1,20.0,1
125187,0,20.0,1
125209,1,20.0,1
125238,2,20.0,1
125259,2,20.0,1
125282,1,20.0,1
125306,1,20.0,1
125328,0,20.0,1
125349,0,20.0,1
125375,3,7.342465753424657,0
125397,0,20.0,1
125427,2,20.0,1
125448,0,20.0,1
125471,1,20.0,1
125490,0,20.0,1
125513,1,20.0,1
125534,0,20.0,1
125553,0,20.0,1
125571,0,20.0,1
125592,0,20.0,1
125609,0,20.0,1
125628,0,20.0,1
125648,0,20.0,1
125668,1,20.0,1
125688,1,20.0,1
125707,0,20.0,1
125730,1,20.0,1
125749,0,20.0,1
125766,0,20.0,1
125785,1,20.0,1
125808,1,20.0,1
125834,2,20.0,1
125852,0,20.0,1
125870,1,20.0,1
125889,0,20.0,1
125909,1,20.0,1
125928,0,20.0,1
125947,0,20.0,1
125970,2,20.0,1
125988,0,20.0,1
126010,1,20.0,1
126029,0,20.0,1
126050,1,20.0,1
126069,0,20.0,1
126087,0,20.0,1
126105,0,20.0,1
126123,0,20.0,1
126142,0,20.0,1
126161,0,20.0,1
126180,1,20.0,1
126199,0,20.0,1
126218,0,20.0,1
126240,1,20.0,1
126260,0,20.0,1
126280,0,20.0,1
126298,0,20.0,1
126317,0,20.0,1
126340,1,20.0,1
126359,0,20.0,1
126378,1,20.0,1
126396,0,20.0,1
126414,0,20.0,1
126433,1,20.0,1
126452,0,20.0,1
126471,1,20.0,1
126494,2,20.0,1
126513,0,20.0,1
126532,0,20.0,1
126551,0,20.0,1
126570,0,20.0,1
126588,0,20.0,1
126606,0,20.0,1
126628,1,20.0,1
126646,0,20.0,1
126664,0,20.0,1
126683,0,20.0,1
126701,0,20.0,1
126720,0,20.0,1
126738,0,20.0,1
126757,0,20.0,1
126776,1,20.0,1
126794,0,20.0,1
126813,0,20.0,1
126831,0,20.0,1
126849,0,20.0,1
126867,0,20.0,1
126888,1,20.0,1
126906,0,20.0,1
126923,0,20.0,1
126944,1,20.0,1
126963,0,20.0,1
126982,0,20.0,1
127001,1,20.0,1
127020,1,20.0,1
127044,3,7.999999999999998,0
127063,1,20.0,1
127086,2,20.0,1
127114,3,8.328767123287669,0
127132,0,20.0,1
127150,0,20.0,1
127168,0,20.0,1
127186,0,20.0,1
127205,0,20.0,1
127228,2,20.0,1
127247,0,20.0,1
127266,0,20.0,1
127285,1,20.0,1
127305,0,20.0,1
127324,0,20.0,1
127343,0,20.0,1
127362,0,20.0,1
127383,1,20.0,1
127404,1,20.0,1
127422,0,20.0,1
127440,0,20.0,1
127459,1,20.0,1
127478,0,20.0,1
127496,0,20.0,1
127515,0,20.0,1
127534,0,20.0,1
127553,0,20.0,1
127572,1,20.0,1
127592,1,20.0,1
127610,0,20.0,1
127632,1,20.0,1
127650,0,20.0,1
127668,0,20.0,1
127687,1,20.0,1
127706,0,20.0,1
127725,0,20.0,1
127746,1,20.0,1
127766,1,20.0,1
127785,0,20.0,1
127804,1,20.0,1
127824,0,20.0,1
127844,0,20.0,1
127863,0,20.0,1
127881,0,20.0,1
127900,0,20.0,1
127921,0,20.0,1
127940,0,20.0,1
127959,0,20.0,1
127978,0,20.0,1
127997,1,20.0,1
128016,0,20.0,1
128037,1,20.0,1
128058,1,20.0,1
128077,0,20.0,1
128095,0,20.0,1
128113,0,20.0,1
128138,2,19.999999999999996,1
128158,0,20.0,1
128177,0,20.0,1
128196,0,20.0,1
128214,0,20.0,1
128232,0,20.0,1
128250,0,20.0,1
128269,0,20.0,1
128287,0,20.0,1
128306,0,20.0,1
128326,1,20.0,1
128346,0,20.0,1
128365,0,20.0,1
128384,0,20.0,1
128402,0,20.0,1
128421,0,20.0,1
128446,2,20.0,1
128467,1,20.0,1
128485,0,20.0,1
128503,0,20.0,1
128526,1,20.0,1
128544,0,20.0,1
128562,0,20.0,1
128581,0,20.0,1
128600,0,20.0,1
128624,1,20.0,1
128645,1,20.0,1
128663,0,20.0,1
128682,0,20.0,1
128701,1,20.0,1
128719,0,20.0,1
128738,0,20.0,1
128758,0,20.0,1
128777,0,20.0,1
128801,3,7.999999999999998,0
128823,1,20.0,1
128842,0,20.0,1
128861,0,20.0,1
128879,0,20.0,1
128898,0,20.0,1
128917,0,20.0,1
128935,0,20.0,1
128953,0,20.0,1
128982,3,8.328767123287669,0
129001,0,20.0,1
129019,0,20.0,1
129038,0,20.0,1
129057,0,20.0,1
129076,0,20.0,1
129095,1,20.0,1
129114,0,20.0,1
129133,0,20.0,1
129154,0,20.0,1
129172,0,20.0,1
129193,1,20.0,1
129211,0,20.0,1
129229,0,20.0,1
129248,0,20.0,1
129268,0,20.0,1
129287,0,20.0,1
129306,0,20.0,1
129324,0,20.0,1
129343,0,20.0,1
129362,0,20.0,1
129381,0,20.0,1
129400,0,20.0,1
129426,3,7.999999999999998,0
129445,0,20.0,1
129464,0,20.0,1
129484,0,20.0,1
129503,1,20.0,1
129522,0,20.0,1
129541,0,20.0,1
129560,0,20.0,1
129579,0,20.0,1
129598,0,20.0,1
129617,0,20.0,1
129637,1,20.0,1
129655,0,20.0,1
129677,1,20.0,1
129696,1,20.0,1
129722,3,7.342465753424655,0
129741,1,20.0,1
129759,0,20.0,1
129778,0,20.0,1
129797,0,20.0,1
129815,0,20.0,1
129834,0,20.0,1
129853,0,20.0,1
129871,0,20.0,1
129893,1,20.0,1
129912,0,20.0,1
129931,0,20.0,1
129954,1,20.0,1
129973,0,20.0,1
129992,0,20.0,1
130011,0,20.0,1
130036,2,20.0,1
130058,1,20.0,1
130076,0,20.0,1
130095,0,20.0,1
130117,1,20.0,1
130136,0,20.0,1
130154,0,20.0,1
130172,0,20.0,1
130191,0,20.0,1
130215,1,20.0,1
130234,0,20.0,1
130253,1,20.0,1
130274,1,20.0,1
130294,1,20.0,1
130313,0,20.0,1
130338,2,20.0,1
130357,0,20.0,1
130376,0,20.0,1
130397,1,20.0,1
130416,0,20.0,1
130437,1,20.0,1
130456,0,20.0,1
130474,0,20.0,1
130492,0,20.0,1
130510,0,20.0,1
130533,2,20.0,1
130551,0,20.0,1
130570,0,20.0,1
130589,0,20.0,1
130609,0,20.0,1
130628,0,20.0,1
130645,0,20.0,1
130663,0,20.0,1
130681,0,20.0,1
130700,0,20.0,1
130718,0,20.0,1
130737,0,20.0,1
130755,0,20.0,1
130774,0,20.0,1
130792,0,20.0,1
130811,0,20.0,1
130830,0,20.0,1
130848,0,20.0,1
130872,2,19.999999999999996,1
130891,0,20.0,1
130912,1,20.0,1
130931,0,20.0,1
130949,0,20.0,1
130972,1,20.0,1
130998,3,7.999999999999998,0
131018,0,20.0,1
131037,0,20.0,1
131056,1,20.0,1
131075,0,20.0,1
131094,0,20.0,1
131113,1,20.0,1
131132,0,20.0,1
131151,0,20.0,1
131175,1,20.0,1
131194,0,20.0,1
131215,1,20.0,1
131234,0,20.0,1
131252,0,20.0,1
131270,0,20.0,1
131289,0,20.0,1
131308,0,20.0,1
131327,0,20.0,1
131346,0,20.0,1
131367,0,20.0,1
131387,0,20.0,1
131406,0,20.0,1
131425,0,20.0,1
131445,1,20.0,1
131468,1,20.0,1
131488,0,20.0,1
131507,0,20.0,1
131527,1,20.0,1
131546,0,20.0,1
131565,0,20.0,1
131586,0,20.0,1
131604,0,20.0,1
131625,3,6.301369863013697,0
131643,0,20.0,1
131662,0,20.0,1
131680,0,20.0,1
131701,1,20.0,1
131720,1,20.0,1
131740,0,20.0,1
131760,1,20.0,1
131780,1,20.0,1
131799,0,20.0,1
131818,0,20.0,1
131838,1,20.0,1
131856,0,20.0,1
131876,1,20.0,1
131896,0,20.0,1
131916,1,20.0,1
131935,0,20.0,1
131954,0,20.0,1
131977,1,20.0,1
131996,0,20.0,1
132015,0,20.0,1
132033,0,20.0,1
132052,0,20.0,1
132070,0,20.0,1
132092,1,20.0,1
132111,0,20.0,1
132131,0,20.0,1
132149,0,20.0,1
132168,0,20.0,1
132188,0,20.0,1
132208,0,20.0,1
132227,0,20.0,1
132247,1,20.0,1
132267,0,20.0,1
132286,1,20.0,1
132304,0,20.0,1
132322,0,20.0,1
132342,1,20.0,1
132361,0,20.0,1
132380,0,20.0,1
132405,3,7.999999999999998,0
132423,0,20.0,1
132442,0,20.0,1
132462,1,20.0,1
132481,1,20.0,1
132502,1,20.0,1
132522,0,20.0,1
132542,0,20.0,1
132561,1,20.0,1
132580,0,20.0,1
132599,0,20.0,1
132618,1,20.0,1
132637,1,20.0,1
132655,1,20.0,1
132674,0,20.0,1
132693,0,20.0,1
132711,0,20.0,1
132730,0,20.0,1
132748,0,20.0,1
132766,0,20.0,1
132784,0,20.0,1
132803,0,20.0,1
132822,0,20.0,1
132843,1,20.0,1
132864,1,20.0,1
132884,0,20.0,1
132904,1,20.0,1
132922,0,20.0,1
132942,1,20.0,1
132961,0,20.0,1
132985,1,20.0,1
133004,0,20.0,1
133024,0,20.0,1
133048,3,7.013698630136986,0
133067,2,20.0,1
133088,1,20.0,1
133109,1,20.0,1
133130,0,20.0,1
133152,1,20.0,1
133171,0,20.0,1
133191,1,20.0,1
133210,0,20.0,1
133228,0,20.0,1
133247,0,20.0,1
133266,0,20.0,1
133285,1,20.0,1
133304,0,20.0,1
133323,0,20.0,1
133344,1,20.0,1
133363,0,20.0,1
133383,1,20.0,1
133404,1,20.0,1
133423,0,20.0,1
133441,0,20.0,1
133459,0,20.0,1
133477,0,20.0,1
133496,0,20.0,1
133515,0,20.0,1
133535,0,20.0,1
133556,1,20.0,1
133577,1,20.0,1
133596,0,20.0,1
133616,0,20.0,1
133634,0,20.0,1
133652,0,20.0,1
133671,0,20.0,1
133689,0,20.0,1
133707,1,20.0,1
133725,0,20.0,1
133744,0,20.0,1
133762,0,20.0,1
133781,0,20.0,1
133800,0,20.0,1
133823,1,20.0,1
133842,1,20.0,1
133861,0,20.0,1
133880,0,20.0,1
133900,0,20.0,1
133918,0,20.0,1
133938,0,20.0,1
133957,0,20.0,1
133976,0,20.0,1
133995,0,20.0,1
134013,0,20.0,1
134032,0,20.0,1
134052,1,20.0,1
134071,0,20.0,1
134090,0,20.0,1
134109,0,20.0,1
134128,0,19.999999999999996,1
134151,1,20.0,1
134170,0,20.0,1
134189,0,20.0,1
134208,0,20.0,1
134226,0,20.0,1
134245,0,20.0,1
134265,0,20.0,1
134284,0,20.0,1
134303,0,20.0,1
134322,0,20.0,1
134343,1,20.0,1
134363,1,20.0,1
134382,0,20.0,1
134401,1,20.0,1
134419,0,20.0,1
134438,0,20.0,1
134461,1,20.0,1
134482,1,20.0,1
134500,0,20.0,1
134518,0,20.0,1
134537,0,20.0,1
134555,0,20.0,1
134575,0,20.0,1
134594,0,20.0,1
134613,0,20.0,1
134631,0,20.0,1
134650,0,20.0,1
134668,1,20.0,1
134687,0,20.0,1
134706,0,20.0,1
134726,0,20.0,1
134745,0,20.0,1
134764,1,20.0,1
134783,1,20.0,1
134801,0,20.0,1
134820,0,20.0,1
134839,0,20.0,1
134859,0,20.0,1
134879,0,20.0,1
134898,1,20.0,1
134917,0,20.0,1
134935,0,20.0,1
134959,2,20.0,1
134980,1,20.0,1
134999,0,20.0,1
135018,0,20.0,1
135037,0,20.0,1
135061,2,20.0,1
135080,0,20.0,1
135099,0,20.0,1
135118,0,20.0,1
135139,1,20.0,1
135158,0,20.0,1
135181,1,20.0,1
135203,1,20.0,1
135222,0,20.0,1
135240,0,20.0,1
135259,0,20.0,1
135278,0,20.0,1
135297,0,20.0,1
135317,1,20.0,1
135340,1,20.0,1
135359,0,20.0,1
135382,1,20.0,1
135401,0,20.0,1
135420,0,20.0,1
135439,0,20.0,1
135457,0,20.0,1
135476,0,20.0,1
135496,1,20.0,1
135514,0,20.0,1
135532,0,20.0,1
135551,0,20.0,1
135570,0,20.0,1
135588,0,20.0,1
135606,0,20.0,1
135625,0,20.0,1
135647,1,20.0,1
135670,1,20.0,1
135689,0,20.0,1
135708,0,20.0,1
135727,0,20.0,1
135746,1,20.0,1
135766,1,20.0,1
135784,0,20.0,1
135802,0,20.0,1
135821,0,20.0,1
135844,2,20.0,1
135865,1,20.0,1
135885,1,20.0,1
135903,0,20.0,1
135922,0,20.0,1
135941,0,20.0,1
135960,0,20.0,1
135979,0,20.0,1
136002,3,8.328767123287669,0
136021,1,20.0,1
136040,0,20.0,1
136062,1,20.0,1
136081,0,19.999999999999996,1
136100,0,20.0,1
136119,0,20.0,1
136141,1,20.0,1
136160,0,20.0,1
136179,0,20.0,1
136197,0,20.0,1
136215,0,20.0,1
136234,0,20.0,1
136252,0,20.0,1
136271,0,20.0,1
136289,0,20.0,1
136309,1,20.0,1
136328,0,20.0,1
136347,0,20.0,1
136366,1,20.0,1
136384,0,20.0,1
136402,0,20.0,1
136421,0,20.0,1
136447,3,7.9999999999999964,0
136468,1,20.0,1
136489,1,20.0,1
136508,0,20.0,1
136530,1,20.0,1
136547,0,20.0,1
136566,0,20.0,1
136585,0,20.0,1
136608,1,20.0,1
136626,0,20.0,1
136645,1,20.0,1
136663,0,20.0,1
136681,0,20.0,1
136702,1,20.0,1
136725,1,20.0,1
136749,2,20.0,1
136769,0,20.0,1
136787,0,20.0,1
136807,0,20.0,1
136827,0,20.0,1
136847,0,20.0,1
136866,0,20.0,1
136885,0,20.0,1
136904,0,20.0,1
136924,0,20.0,1
136948,3,7.671232876712326,0
136967,0,20.0,1
136985,0,20.0,1
137004,0,20.0,1
137024,1,20.0,1
137043,0,20.0,1
137062,0,20.0,1
137081,0,20.0,1
137100,0,20.0,1
137119,0,20.0,1
137138,0,20.0,1
137157,0,20.0,1
137176,0,20.0,1
137194,0,20.0,1
137213,0,20.0,1
137234,1,20.0,1
137253,0,20.0,1
137276,1,20.0,1
137295,0,20.0,1
137314,1,20.0,1
137333,1,20.0,1
137352,0,20.0,1
137371,0,20.0,1
137390,0,20.0,1
137411,1,20.0,1
137430,1,20.0,1
137449,0,20.0,1
137466,0,20.0,1
137490,1,20.0,1
137509,0,20.0,1
137529,1,20.0,1
137552,1,20.0,1
137572,0,20.0,1
137591,0,20.0,1
137610,0,20.0,1
137629,0,20.0,1
137648,0,20.0,1
137668,0,20.0,1
137687,0,20.0,1
137709,1,20.0,1
137728,0,20.0,1
137748,0,20.0,1
137774,2,20.0,1
137792,0,20.0,1
137813,1,20.0,1
137832,0,20.0,1
137850,0,20.0,1
137869,0,20.0,1
137892,1,20.0,1
137915,1,20.0,1
137934,0,20.0,1
137953,0,20.0,1
137972,0,20.0,1
137991,0,20.0,1
138009,0,20.0,1
138031,1,20.0,1
138053,1,20.0,1
138072,0,20.0,1
138092,1,20.0,1
138111,0,20.0,1
138134,1,20.0,1
138154,0,20.0,1
138175,3,6.9589041095890405,0
138193,0,20.0,1
138213,0,20.0,1
138232,0,20.0,1
138251,0,20.0,1
138270,0,20.0,1
138289,0,20.0,1
138309,0,20.0,1
138328,0,20.0,1
138346,0,20.0,1
138364,0,20.0,1
138383,0,20.0,1
138402,0,20.0,1
138422,0,20.0,1
138441,0,20.0,1
138460,0,20.0,1
138480,1,20.0,1
138499,0,20.0,1
138518,0,20.0,1
138541,1,20.0,1
138564,2,20.0,1
138584,0,20.0,1
138603,0,20.0,1
138621,0,20.0,1
138639,0,20.0,1
138662,1,20.0,1
138681,0,20.0,1
138699,0,20.0,1
138717,0,20.0,1
138736,0,20.0,1
138755,0,20.0,1
138774,0,20.0,1
138800,2,20.0,1
138818,0,20.0,1
138837,0,20.0,1
138857,1,20.0,1
138876,0,20.0,1
138896,0,20.0,1
138915,0,20.0,1
138934,0,20.0,1
138952,0,20.0,1
138971,1,20.0,1
138991,1,20.0,1
139010,0,20.0,1
139030,1,20.0,1
139050,0,20.0,1
139069,0,20.0,1
139092,1,20.0,1
139110,0,20.0,1
139132,1,20.0,1
139151,0,20.0,1
139169,0,20.0,1
139189,0,20.0,1
139208,0,20.0,1
139231,1,19.999999999999996,1
139250,0,20.0,1
139275,1,19.999999999999996,1
139294,0,20.0,1
139314,0,20.0,1
139333,0,20.0,1
139352,0,20.0,1
139372,0,20.0,1
139392,1,20.0,1
139411,0,20.0,1
139434,1,20.0,1
139453,0,20.0,1
139472,0,20.0,1
139494,1,20.0,1
139513,0,20.0,1
139535,1,19.999999999999996,1
139554,0,20.0,1
139577,1,20.0,1
139596,0,20.0,1
139615,1,20.0,1
139634,0,20.0,1
139654,0,20.0,1
139673,0,20.0,1
139692,0,20.0,1
139711,0,20.0,1
139733,1,20.0,1
139754,1,20.0,1
139773,0,20.0,1
139792,0,20.0,1
139811,1,20.0,1
139830,0,20.0,1
139849,1,20.0,1
139869,1,20.0,1
139886,0,20.0,1
139906,0,20.0,1
139924,0,20.0,1
139946,1,20.0,1
139964,0,20.0,1
139983,0,20.0,1
140006,1,20.0,1
140025,0,20.0,1
140044,0,20.0,1
140067,1,20.0,1
140086,0,20.0,1
140109,1,20.0,1
140128,0,20.0,1
140148,0,20.0,1
140167,0,20.0,1
140188,1,20.0,1
140207,0,20.0,1
140228,1,20.0,1
140247,0,20.0,1
140265,0,20.0,1
140284,0,20.0,1
140302,0,20.0,1
140320,0,20.0,1
140340,0,20.0,1
140360,0,20.0,1
140378,0,20.0,1
140397,0,20.0,1
140416,0,20.0,1
140439,1,20.0,1
140457,0,20.0,1
140479,1,20.0,1
140498,0,20.0,1
140521,1,20.0,1
140540,0,20.0,1
140559,0,20.0,1
140578,0,20.0,1
140597,0,20.0,1
140616,0,20.0,1
140635,0,20.0,1
140658,1,20.0,1
140681,1,20.0,1
140700,0,20.0,1
140719,0,20.0,1
140738,0,20.0,1
140757,0,20.0,1
140775,0,20.0,1
140794,0,20.0,1
140822,2,19.999999999999996,1
140841,0,20.0,1
140859,0,20.0,1
140881,1,20.0,1
140903,1,20.0,1
140922,0,20.0,1
140941,0,20.0,1
140960,0,20.0,1
140979,0,20.0,1
140997,0,20.0,1
141016,0,20.0,1
141039,1,20.0,1
141058,0,20.0,1
141077,0,20.0,1
141096,0,20.0,1
141114,0,20.0,1
141132,0,20.0,1
141151,0,20.0,1
141171,0,20.0,1
141190,0,20.0,1
141215,1,20.0,1
141234,0,20.0,1
141256,1,20.0,1
141275,0,20.0,1
141294,0,20.0,1
141313,0,20.0,1
141331,0,20.0,1
141349,0,20.0,1
141367,0,20.0,1
141386,0,20.0,1
141404,0,20.0,1
141422,0,20.0,1
141441,0,20.0,1
141460,0,20.0,1
141478,0,20.0,1
141502,2,20.0,1
141520,0,20.0,1
141538,0,20.0,1
141557,1,20.0,1
141575,0,20.0,1
141594,0,20.0,1
141613,0,20.0,1
141641,3,8.328767123287669,0
141662,1,20.0,1
141687,2,20.0,1
141706,1,20.0,1
141725,0,20.0,1
141744,0,20.0,1
141764,0,20.0,1
141781,0,20.0,1
141803,1,19.999999999999996,1
141829,2,20.0,1
141857,3,7.999999999999998,0
141875,1,20.0,1
141893,0,20.0,1
141911,0,20.0,1
141932,1,20.0,1
141951,1,20.0,1
141969,0,20.0,1
141987,1,20.0,1
142011,3,7.013698630136986,0
142032,1,20.0,1
142051,0,20.0,1
142070,0,20.0,1
142089,0,20.0,1
142109,0,20.0,1
142128,0,20.0,1
142149,0,20.0,1
142173,1,20.0,1
142193,1,20.0,1
142212,0,20.0,1
142231,0,20.0,1
142250,0,20.0,1
142269,0,20.0,1
142287,0,20.0,1
142305,0,20.0,1
142324,0,20.0,1
142342,0,20.0,1
142361,0,20.0,1
142380,0,20.0,1
142398,0,20.0,1
142416,0,20.0,1
142435,0,20.0,1
142456,1,20.0,1
142475,0,20.0,1
142499,3,7.342465753424655,0
142518,0,20.0,1
142537,0,20.0,1
142555,0,20.0,1
142573,0,20.0,1
142591,0,20.0,1
142618,3,7.6712328767123275,0
142637,1,20.0,1
142656,0,20.0,1
142674,0,20.0,1
142693,0,20.0,1
142711,0,20.0,1
142729,0,20.0,1
142748,0,20.0,1
142769,2,20.0,1
142787,0,20.0,1
142805,0,20.0,1
142831,2,20.0,1
142850,0,20.0,1
142868,0,20.0,1
142886,0,20.0,1
142905,0,20.0,1
142924,0,20.0,1
142943,0,20.0,1
142961,0,20.0,1
142980,0,20.0,1
142998,0,20.0,1
143017,0,20.0,1
143037,1,20.0,1
143055,0,20.0,1
143074,1,20.0,1
143098,1,20.0,1
143117,0,20.0,1
143135,0,20.0,1
143155,1,20.0,1
143174,0,20.0,1
143195,1,20.0,1
143214,0,20.0,1
143233,0,20.0,1
143252,1,20.0,1
143271,0,20.0,1
143290,0,20.0,1
143310,0,20.0,1
143329,1,20.0,1
143349,1,20.0,1
143368,0,20.0,1
143387,0,20.0,1
143407,0,20.0,1
143426,0,20.0,1
143445,0,20.0,1
143472,3,7.342465753424657,0
143491,0,20.0,1
143510,1,20.0,1
143529,0,20.0,1
143549,1,20.0,1
143572,1,20.0,1
143591,1,20.0,1
143616,3,8.328767123287669,0
143639,1,20.0,1
143662,1,19.999999999999996,1
143683,1,19.999999999999996,1
143702,0,20.0,1
143721,0,20.0,1
143740,0,20.0,1
143766,3,7.6712328767123275,0
143785,0,20.0,1
143804,0,20.0,1
143825,1,20.0,1
143844,0,20.0,1
143862,0,20.0,1
143881,0,20.0,1
143905,1,20.0,1
143924,0,20.0,1
143946,1,20.0,1
143966,0,20.0,1
143986,0,20.0,1
144005,0,20.0,1
144028,1,20.0,1
144046,0,20.0,1
144065,0,20.0,1
144084,0,20.0,1
144103,0,20.0,1
144122,0,20.0,1
144143,1,20.0,1
144161,0,20.0,1
144184,1,20.0,1
144203,0,20.0,1
144226,1,20.0,1
144245,0,20.0,1
144264,0,20.0,1
144282,0,20.0,1
144303,1,20.0,1
144321,0,20.0,1
144349,2,19.999999999999996,1
144369,1,20.0,1
144388,0,20.0,1
144407,0,20.0,1
144427,0,20.0,1
144450,1,20.0,1
144470,0,20.0,1
144489,0,20.0,1
144510,1,20.0,1
144528,0,20.0,1
144547,0,20.0,1
144566,0,20.0,1
144585,0,20.0,1
144612,3,7.671232876712326,0
144632,1,20.0,1
144650,0,20.0,1
144669,0,20.0,1
144688,0,20.0,1
144707,0,20.0,1
144726,0,20.0,1
144745,0,20.0,1
144764,0,20.0,1
144783,0,20.0,1
144803,0,20.0,1
144825,1,20.0,1
144844,0,20.0,1
144863,0,20.0,1
144883,0,20.0,1
144902,0,20.0,1
144926,1,19.999999999999996,1
144949,1,20.0,1
144968,1,20.0,1
144987,0,20.0,1
145006,0,20.0,1
145028,1,20.0,1
145048,1,20.0,1
145069,1,20.0,1
145093,1,20.0,1
145113,0,20.0,1
145132,0,20.0,1
145152,0,19.999999999999996,1
145171,0,20.0,1
145192,1,20.0,1
145211,0,20.0,1
145230,0,20.0,1
145249,0,20.0,1
145278,2,20.0,1
145296,0,20.0,1
145314,0,20.0,1
145336,1,20.0,1
145355,0,20.0,1
145373,0,20.0,1
145392,0,20.0,1
145411,0,20.0,1
145429,0,20.0,1
145447,0,20.0,1
145465,0,20.0,1
145488,1,20.0,1
145507,0,20.0,1
145526,0,20.0,1
145545,0,20.0,1
145573,2,20.0,1
145591,0,20.0,1
145611,0,20.0,1
145630,0,20.0,1
145649,0,20.0,1
145668,1,20.0,1
145687,0,20.0,1
145706,0,20.0,1
145725,0,20.0,1
145743,0,20.0,1
145762,0,20.0,1
145781,0,20.0,1
145800,0,19.999999999999996,1
145819,0,20.0,1
145844,2,20.0,1
145863,1,20.0,1
145883,0,20.0,1
145900,0,20.0,1
145922,1,19.999999999999996,1
145940,0,20.0,1
145961,0,20.0,1
145980,0,20.0,1
145999,0,20.0,1
146018,0,20.0,1
146039,1,20.0,1
146057,0,20.0,1
146079,1,20.0,1
146098,1,20.0,1
146116,0,20.0,1
146135,1,20.0,1
146154,0,20.0,1
146173,1,20.0,1
146192,0,20.0,1
146210,0,20.0,1
146229,0,20.0,1
146252,1,20.0,1
146277,2,20.0,1
146295,0,20.0,1
146313,0,20.0,1
146331,0,20.0,1
146350,1,20.0,1
146369,0,20.0,1
146392,1,20.0,1
146411,0,20.0,1
146431,0,20.0,1
146451,0,20.0,1
146469,0,20.0,1
146493,1,20.0,1
146512,0,20.0,1
146535,1,20.0,1
146554,0,20.0,1
146574,0,20.0,1
146596,1,20.0,1
146615,0,20.0,1
146634,0,20.0,1
146657,1,20.0,1
146676,0,20.0,1
146695,0,20.0,1
146713,0,20.0,1
146732,0,20.0,1
146751,0,20.0,1
146774,1,20.0,1
146796,1,20.0,1
146820,1,19.999999999999996,1
146839,0,20.0,1
146857,0,20.0,1
146876,1,20.0,1
146895,0,20.0,1
146914,0,20.0,1
146937,1,20.0,1
146965,3,8.328767123287667,0
146984,0,20.0,1
147007,1,20.0,1
147027,0,20.0,1
147046,0,20.0,1
147065,1,20.0,1
147087,1,20.0,1
147106,0,20.0,1
147124,0,20.0,1
147143,0,20.0,1
147161,0,20.0,1
147180,0,20.0,1
147198,0,20.0,1
147217,0,20.0,1
147237,0,20.0,1
147256,0,20.0,1
147276,1,20.0,1
147299,1,20.0,1
147318,0,20.0,1
147340,1,20.0,1
147358,0,20.0,1
147377,0,20.0,1
147395,0,20.0,1
147417,1,20.0,1
147440,2,20.0,1
147459,0,20.0,1
147478,0,20.0,1
147498,0,20.0,1
147518,0,20.0,1
147546,3,8.328767123287669,0
147568,1,20.0,1
147587,0,20.0,1
147606,1,20.0,1
147626,1,20.0,1
147645,0,20.0,1
147664,0,20.0,1
147683,0,20.0,1
147702,0,20.0,1
147721,1,20.0,1
147740,0,20.0,1
147762,1,20.0,1
147781,0,20.0,1
147799,0,20.0,1
147818,0,20.0,1
147836,0,20.0,1
147855,0,20.0,1
147875,1,20.0,1
147893,0,20.0,1
147912,0,20.0,1
147932,1,20.0,1
147952,0,20.0,1
147971,0,20.0,1
147989,0,20.0,1
148008,0,20.0,1
148028,0,20.0,1
148049,1,20.0,1
148068,0,20.0,1
148087,1,20.0,1
148105,0,20.0,1
148132,2,20.0,1
148151,0,20.0,1
148170,0,20.0,1
148192,1,20.0,1
148211,0,20.0,1
148228,0,20.0,1
148247,0,20.0,1
148266,0,20.0,1
148285,0,20.0,1
148309,2,20.0,1
148328,0,20.0,1
148346,0,20.0,1
148365,0,20.0,1
148384,0,20.0,1
148402,0,20.0,1
148424,1,20.0,1
148446,1,20.0,1
148466,0,20.0,1
148489,1,20.0,1
148510,1,20.0,1
148528,0,20.0,1
148547,1,20.0,1
148566,0,20.0,1
148584,0,20.0,1
148605,0,20.0,1
148623,0,20.0,1
148643,0,20.0,1
148661,0,20.0,1
148684,1,20.0,1
148704,0,20.0,1
148725,0,20.0,1
148744,0,20.0,1
148762,0,20.0,1
148783,1,20.0,1
148801,0,20.0,1
148820,0,20.0,1
148842,2,20.0,1
148866,1,19.999999999999996,1
148884,0,20.0,1
148906,1,20.0,1
148924,0,20.0,1
148943,0,20.0,1
148962,0,20.0,1
148981,0,20.0,1
149000,0,20.0,1
149021,1,20.0,1
149040,1,20.0,1
149062,1,20.0,1
149084,1,20.0,1
149103,0,20.0,1
149127,1,20.0,1
149146,0,20.0,1
149164,0,20.0,1
149187,1,20.0,1
149205,0,20.0,1
149224,0,20.0,1
149242,0,20.0,1
149260,0,20.0,1
149279,0,20.0,1
149297,0,20.0,1
149316,0,20.0,1
149335,0,20.0,1
149354,0,20.0,1
149373,0,20.0,1
149392,0,20.0,1
149411,0,20.0,1
149429,0,20.0,1
149447,0,20.0,1
149469,2,20.0,1
149488,1,20.0,1
149507,0,20.0,1
149527,1,20.0,1
149546,0,20.0,1
149567,1,20.0,1
149586,0,20.0,1
149605,0,20.0,1
149624,0,20.0,1
149642,0,20.0,1
149661,0,20.0,1
149683,1,20.0,1
149702,0,20.0,1
149720,0,20.0,1
149738,0,20.0,1
149757,0,20.0,1
149780,1,19.999999999999996,1
149799,0,20.0,1
149819,1,20.0,1
149840,1,20.0,1
149859,0,20.0,1
149878,0,20.0,1
149896,0,20.0,1
149918,1,20.0,1
149937,0,20.0,1
149959,1,20.0,1
149977,0,20.0,1
149996,0,20.0,1
150018,1,20.0,1
150037,0,20.0,1
150055,0,20.0,1
150082,2,20.0,1
150104,1,19.999999999999996,1
150123,0,20.0,1
150142,0,20.0,1
150161,0,20.0,1
150184,1,20.0,1
150203,0,20.0,1
150222,0,20.0,1
150242,0,20.0,1
150265,1,20.0,1
150283,0,20.0,1
150302,0,20.0,1
150321,1,20.0,1
150340,0,20.0,1
150359,0,20.0,1
150386,2,20.0,1
150411,3,7.342465753424657,0
150430,0,20.0,1
150449,1,20.0,1
150472,1,20.0,1
150491,0,20.0,1
150514,1,20.0,1
150538,1,20.0,1
150557,0,20.0,1
150576,0,20.0,1
150601,2,20.0,1
150620,0,20.0,1
150640,0,20.0,1
150663,1,20.0,1
150682,0,20.0,1
150701,0,20.0,1
150720,0,20.0,1
150739,0,20.0,1
150758,0,20.0,1
150776,0,20.0,1
150795,0,20.0,1
150815,1,20.0,1
150836,0,20.0,1
150855,0,20.0,1
150874,0,20.0,1
150893,0,20.0,1
150911,0,20.0,1
150930,0,20.0,1
150951,1,20.0,1
150969,0,20.0,1
150987,0,20.0,1
151005,0,20.0,1
151024,0,20.0,1
151043,0,20.0,1
151062,0,20.0,1
151081,0,20.0,1
151100,0,20.0,1
151118,0,20.0,1
151137,0,20.0,1
151158,1,20.0,1
151177,0,20.0,1
151196,1,20.0,1
151217,1,20.0,1
151236,0,20.0,1
151255,0,20.0,1
151274,0,20.0,1
151292,0,20.0,1
151311,0,20.0,1
151329,0,20.0,1
151350,1,20.0,1
151369,0,20.0,1
151388,0,20.0,1
151407,0,20.0,1
151426,0,20.0,1
151444,0,20.0,1
151462,1,20.0,1
151481,0,20.0,1
151502,1,20.0,1
151520,0,20.0,1
151539,1,20.0,1
151560,1,20.0,1
151579,0,20.0,1
151597,0,20.0,1
151616,0,20.0,1
151635,0,20.0,1
151654,0,20.0,1
151673,0,20.0,1
151692,0,20.0,1
151711,0,20.0,1
151736,2,20.0,1
151754,0,20.0,1
151777,3,6.684931506849313,0
151797,0,20.0,1
151816,0,20.0,1
151836,0,20.0,1
151854,0,20.0,1
151873,0,20.0,1
151890,0,20.0,1
151909,0,20.0,1
151929,0,20.0,1
151948,0,20.0,1
151973,2,20.0,1
151992,0,20.0,1
152012,0,20.0,1
152032,0,20.0,1
152050,0,20.0,1
152069,1,20.0,1
152088,0,20.0,1
152106,0,20.0,1
152128,1,20.0,1
152148,0,20.0,1
152167,0,20.0,1
152185,0,20.0,1
152203,0,20.0,1
152221,0,20.0,1
152239,0,20.0,1
152260,1,20.0,1
152282,1,20.0,1
152301,1,20.0,1
152320,1,20.0,1
152339,0,20.0,1
152358,0,20.0,1
152376,0,20.0,1
152395,0,20.0,1
152414,0,20.0,1
152434,0,20.0,1
152453,0,20.0,1
152472,0,20.0,1
152491,1,20.0,1
152510,0,20.0,1
152528,0,20.0,1
152547,0,20.0,1
152573,2,20.0,1
152592,0,20.0,1
152611,0,20.0,1
152638,3,7.9999999999999964,0
152657,0,20.0,1
152676,0,20.0,1
152696,0,20.0,1
152715,0,20.0,1
152734,0,20.0,1
152753,0,20.0,1
152772,0,20.0,1
152789,0,20.0,1
152807,0,20.0,1
152829,1,19.999999999999996,1
152846,0,20.0,1
152870,1,20.0,1
152889,0,20.0,1
152908,0,20.0,1
152927,0,20.0,1
152945,0,20.0,1
152962,0,20.0,1
152980,0,20.0,1
152998,0,20.0,1
153017,0,20.0,1
153036,0,20.0,1
153054,0,20.0,1
153074,0,20.0,1
153093,0,20.0,1
153112,0,20.0,1
153131,0,20.0,1
153149,0,20.0,1
153167,0,20.0,1
153186,0,20.0,1
153209,1,20.0,1
153227,0,20.0,1
153246,0,20.0,1
153264,0,20.0,1
153289,3,8.328767123287669,0
153309,0,20.0,1
153329,0,20.0,1
153351,2,19.999999999999996,1
153373,2,20.0,1
153391,0,20.0,1
153409,0,20.0,1
153428,0,20.0,1
153446,0,20.0,1
153465,0,20.0,1
153487,0,20.0,1
153506,0,20.0,1
153526,0,20.0,1
153546,1,20.0,1
153564,0,20.0,1
153582,0,20.0,1
153600,0,20.0,1
153619,0,20.0,1
153637,0,20.0,1
153656,0,20.0,1
153677,0,20.0,1
153700,1,20.0,1
153719,0,20.0,1
153736,0,20.0,1
153754,0,20.0,1
153773,1,20.0,1
153793,0,20.0,1
153812,0,20.0,1
153831,0,20.0,1
153852,1,20.0,1
153874,1,20.0,1
153896,1,20.0,1
153920,1,20.0,1
153939,0,20.0,1
153962,1,20.0,1
153980,0,20.0,1
153997,0,20.0,1
154016,0,20.0,1
154034,0,20.0,1
154052,0,20.0,1
154071,0,20.0,1
154089,0,20.0,1
154107,1,20.0,1
154125,0,20.0,1
154148,1,20.0,1
154166,0,20.0,1
154190,1,20.0,1
154208,0,20.0,1
154227,0,20.0,1
154246,0,20.0,1
154265,0,20.0,1
154283,0,20.0,1
154302,0,20.0,1
154320,0,20.0,1
154338,0,20.0,1
154358,1,20.0,1
154377,0,20.0,1
154396,0,20.0,1
154414,0,20.0,1
154432,0,20.0,1
154451,0,20.0,1
154470,0,20.0,1
154488,0,20.0,1
154507,1,20.0,1
154525,0,20.0,1
154544,0,20.0,1
154562,0,20.0,1
154581,0,20.0,1
154599,0,20.0,1
154618,0,20.0,1
154637,0,20.0,1
154655,0,20.0,1
154673,0,20.0,1
154692,0,20.0,1
154711,0,20.0,1
154730,0,20.0,1
154748,0,20.0,1
154767,0,20.0,1
154786,0,20.0,1
154805,0,20.0,1
154824,0,20.0,1
154843,0,20.0,1
154861,0,20.0,1
154883,1,20.0,1
154902,0,20.0,1
154921,0,20.0,1
154940,0,20.0,1
154961,1,20.0,1
154980,0,20.0,1
154999,0,20.0,1
155018,0,20.0,1
155037,0,20.0,1
155056,0,20.0,1
155075,0,20.0,1
155094,0,20.0,1
155113,0,20.0,1
155133,0,20.0,1
155151,0,20.0,1
155170,0,20.0,1
155188,0,20.0,1
155206,0,20.0,1
155225,0,20.0,1
155243,0,20.0,1
155267,2,20.0,1
155285,0,20.0,1
155305,0,20.0,1
155324,0,20.0,1
155344,0,20.0,1
155362,0,20.0,1
155381,1,20.0,1
155400,0,20.0,1
155418,0,20.0,1
155438,0,20.0,1
155458,0,20.0,1
155482,1,20.0,1
155501,1,20.0,1
155520,0,20.0,1
155539,0,20.0,1
155558,0,20.0,1
155577,0,20.0,1
155595,0,20.0,1
155613,0,20.0,1
155631,0,20.0,1
155649,0,20.0,1
155673,1,20.0,1
155693,0,20.0,1
155714,1,20.0,1
155733,0,20.0,1
155751,0,20.0,1
155770,0,20.0,1
155791,1,20.0,1
155811,1,20.0,1
155830,0,20.0,1
155848,0,20.0,1
155867,0,20.0,1
155886,0,20.0,1
155904,0,20.0,1
155923,0,20.0,1
155942,0,20.0,1
155965,1,19.999999999999996,1
155984,0,20.0,1
156003,0,20.0,1
156026,1,20.0,1
156049,1,20.0,1
156067,0,20.0,1
156086,0,20.0,1
156105,0,20.0,1
156124,0,20.0,1
156148,3,7.6712328767123275,0
156167,0,20.0,1
156185,0,20.0,1
156208,1,20.0,1
156229,1,20.0,1
156248,0,20.0,1
156268,0,20.0,1
156287,0,20.0,1
156307,0,20.0,1
156328,1,20.0,1
156346,0,20.0,1
156367,0,20.0,1
156386,0,20.0,1
156405,0,20.0,1
156428,1,19.999999999999996,1
156447,0,20.0,1
156465,0,20.0,1
156484,0,20.0,1
156505,0,20.0,1
156524,0,20.0,1
156544,0,20.0,1
156564,0,20.0,1
156582,0,20.0,1
156601,0,20.0,1
156624,1,19.999999999999996,1
156643,0,20.0,1
156661,0,20.0,1
156679,0,20.0,1
156698,0,20.0,1
156716,0,20.0,1
156735,0,20.0,1
156753,0,20.0,1
156773,0,20.0,1
156792,0,20.0,1
156811,0,20.0,1
156830,0,20.0,1
156850,0,20.0,1
156868,0,20.0,1
156886,0,20.0,1
156905,0,20.0,1
156923,0,20.0,1
156942,0,20.0,1
156960,0,20.0,1
156983,1,20.0,1
157003,0,20.0,1
157020,0,20.0,1
157039,0,20.0,1
157058,0,20.0,1
157076,0,20.0,1
157096,0,20.0,1
157115,0,20.0,1
157137,1,20.0,1
157155,0,20.0,1
157174,0,20.0,1
157194,1,20.0,1
157212,0,20.0,1
157234,1,20.0,1
157257,1,20.0,1
157280,1,20.0,1
157298,0,20.0,1
157316,0,20.0,1
157335,0,20.0,1
157354,0,20.0,1
157372,0,20.0,1
157390,0,20.0,1
157409,0,20.0,1
157427,0,20.0,1
157446,0,20.0,1
157464,0,20.0,1
157482,1,20.0,1
157500,0,20.0,1
157519,0,20.0,1
157538,0,20.0,1
157557,0,20.0,1
157577,1,20.0,1
157595,0,20.0,1
157613,0,20.0,1
157631,0,20.0,1
157650,0,20.0,1
157674,1,19.999999999999996,1
157692,0,20.0,1
157711,1,20.0,1
157731,0,20.0,1
157751,0,20.0,1
157770,0,20.0,1
157788,0,20.0,1
157807,0,20.0,1
157825,0,20.0,1
157848,1,19.999999999999996,1
157867,1,20.0,1
157889,1,20.0,1
157907,0,20.0,1
157925,0,20.0,1
157944,0,20.0,1
157963,0,20.0,1
157981,0,20.0,1
157999,0,20.0,1
158022,1,20.0,1
158042,0,20.0,1
158061,0,20.0,1
158080,0,20.0,1
158098,0,20.0,1
158117,0,20.0,1
158136,0,20.0,1
158160,1,20.0,1
158179,0,20.0,1
158198,0,20.0,1
158218,0,20.0,1
158236,0,20.0,1
158255,0,20.0,1
158274,0,20.0,1
158292,0,20.0,1
158314,1,20.0,1
158340,2,20.0,1
158358,0,20.0,1
158377,0,20.0,1
158396,0,20.0,1
158415,0,20.0,1
158439,1,19.999999999999996,1
158457,1,20.0,1
158476,0,20.0,1
158495,0,20.0,1
158514,0,20.0,1
158534,0,20.0,1
158553,0,20.0,1
158572,0,20.0,1
158592,0,20.0,1
158611,0,20.0,1
158630,0,20.0,1
158649,0,20.0,1
158672,1,20.0,1
158695,1,20.0,1
158717,1,20.0,1
158735,0,20.0,1
158754,0,20.0,1
158772,0,20.0,1
158791,0,20.0,1
158812,1,20.0,1
158831,0,20.0,1
158852,1,20.0,1
158870,0,20.0,1
158888,0,20.0,1
158906,0,20.0,1
158927,1,20.0,1
158946,0,20.0,1
158968,1,19.999999999999996,1
158987,0,20.0,1
159006,0,20.0,1
159025,0,20.0,1
159045,0,20.0,1
159064,0,20.0,1
159083,1,20.0,1
159101,0,20.0,1
159120,0,20.0,1
159139,1,20.0,1
159157,0,20.0,1
159177,0,20.0,1
159196,0,20.0,1
159215,0,20.0,1
159233,0,20.0,1
159251,0,20.0,1
159270,0,20.0,1
159290,1,20.0,1
159308,0,20.0,1
159327,0,20.0,1
159346,0,20.0,1
159365,0,20.0,1
159383,0,20.0,1
159402,0,20.0,1
159423,1,20.0,1
159442,0,20.0,1
159460,0,20.0,1
159479,0,20.0,1
159499,1,20.0,1
159518,1,20.0,1
159537,0,20.0,1
159559,1,20.0,1
159578,0,20.0,1
159597,0,20.0,1
159615,0,20.0,1
159642,2,20.0,1
159661,0,20.0,1
159685,1,20.0,1
159704,0,20.0,1
159726,1,20.0,1
159744,0,20.0,1
159763,0,20.0,1
159782,0,20.0,1
159802,1,20.0,1
159823,1,20.0,1
159841,0,20.0,1
159859,0,20.0,1
159877,0,20.0,1
159900,1,20.0,1
159919,0,20.0,1
159938,0,20.0,1
159956,0,20.0,1
159975,0,20.0,1
159994,0,20.0,1
160013,0,20.0,1
160033,0,20.0,1
160052,0,20.0,1
160070,0,20.0,1
160089,0,19.999999999999996,1
160108,0,20.0,1
160127,0,20.0,1
160145,0,20.0,1
160163,0,20.0,1
160189,2,19.999999999999996,1
160209,1,20.0,1
160227,1,20.0,1
160246,0,20.0,1
160264,0,20.0,1
160285,1,20.0,1
160303,0,20.0,1
160322,0,20.0,1
160344,1,20.0,1
160363,0,20.0,1
160383,0,20.0,1
160401,0,20.0,1
160419,1,20.0,1
160438,0,20.0,1
160457,0,20.0,1
160475,0,20.0,1
160498,1,20.0,1
160527,2,19.999999999999996,1
160546,0,20.0,1
160570,1,20.0,1
160588,0,20.0,1
160607,0,20.0,1
160625,0,20.0,1
160643,0,20.0,1
160666,1,20.0,1
160685,0,20.0,1
160704,1,20.0,1
160723,0,20.0,1
160742,0,20.0,1
160761,0,20.0,1
160780,0,20.0,1
160799,0,20.0,1
160817,0,20.0,1
160836,0,20.0,1
160855,0,20.0,1
160874,0,20.0,1
160893,0,20.0,1
160914,1,20.0,1
160932,0,20.0,1
160955,1,20.0,1
160974,0,20.0,1
160993,0,20.0,1
161012,0,20.0,1
161030,0,20.0,1
161049,0,20.0,1
161068,0,20.0,1
161087,0,20.0,1
161106,0,20.0,1
161124,0,20.0,1
161143,0,20.0,1
161161,0,20.0,1
161180,0,20.0,1
161209,2,19.999999999999996,1
161231,1,19.999999999999996,1
161250,0,20.0,1
161269,0,20.0,1
161293,2,19.999999999999996,1
161312,0,20.0,1
161330,0,20.0,1
161348,0,20.0,1
161367,0,20.0,1
161385,0,20.0,1
161404,0,20.0,1
161423,0,20.0,1
161442,0,20.0,1
161464,1,20.0,1
161482,0,20.0,1
161501,0,20.0,1
161529,3,8.328767123287667,0
161555,3,8.32876712328767,0
161574,0,20.0,1
161593,0,20.0,1
161612,0,20.0,1
161630,0,20.0,1
161648,0,20.0,1
161667,0,20.0,1
161688,1,19.999999999999996,1
161707,0,20.0,1
161725,0,20.0,1
161743,0,20.0,1
161764,1,20.0,1
161782,0,20.0,1
161804,1,20.0,1
161823,1,20.0,1
161842,0,20.0,1
161865,1,20.0,1
161883,0,20.0,1
161906,1,20.0,1
161925,0,20.0,1
161944,0,20.0,1
161962,0,20.0,1
161981,0,20.0,1
161999,0,20.0,1
162018,0,20.0,1
162037,0,20.0,1
162056,0,20.0,1
162077,0,20.0,1
162096,0,20.0,1
162116,0,20.0,1
162134,0,20.0,1
162152,0,20.0,1
162171,0,20.0,1
162190,0,20.0,1
162209,0,20.0,1
162228,0,20.0,1
162247,0,20.0,1
162266,0,20.0,1
162285,1,20.0,1
162303,0,20.0,1
162321,0,20.0,1
162340,0,20.0,1
162359,0,20.0,1
162378,0,20.0,1
162398,0,20.0,1
162418,1,20.0,1
162437,0,20.0,1
162455,0,20.0,1
162472,0,20.0,1
162492,0,20.0,1
162511,0,20.0,1
162530,0,20.0,1
162548,0,20.0,1
162567,0,20.0,1
162586,0,20.0,1
162605,0,20.0,1
162624,1,20.0,1
162642,0,20.0,1
162662,0,20.0,1
162680,0,20.0,1
162703,1,20.0,1
162722,0,20.0,1
162741,0,20.0,1
162762,0,20.0,1
162784,0,20.0,1
162802,0,20.0,1
162822,0,20.0,1
162844,1,20.0,1
162864,0,20.0,1
162883,0,20.0,1
162902,0,20.0,1
162920,0,20.0,1
162941,0,20.0,1
162960,0,20.0,1
162981,1,20.0,1
163003,0,20.0,1
163022,1,20.0,1
163040,0,20.0,1
163059,0,20.0,1
163077,0,20.0,1
163096,0,20.0,1
163115,0,20.0,1
163133,0,20.0,1
163151,0,20.0,1
163170,0,20.0,1
163191,1,20.0,1
163210,0,20.0,1
163229,0,20.0,1
163247,0,20.0,1
163270,1,20.0,1
163288,0,20.0,1
163306,0,20.0,1
163325,0,20.0,1
163344,0,20.0,1
163364,1,20.0,1
163383,1,20.0,1
163403,1,20.0,1
163421,0,20.0,1
163440,0,20.0,1
163459,0,20.0,1
163479,0,20.0,1
163497,0,20.0,1
163518,1,20.0,1
163537,0,20.0,1
163555,0,20.0,1
163574,0,20.0,1
163593,0,20.0,1
163612,0,20.0,1
163630,0,20.0,1
163649,0,20.0,1
163667,0,20.0,1
163686,0,20.0,1
163705,0,20.0,1
163724,0,20.0,1
163742,0,20.0,1
163763,0,20.0,1
163781,0,20.0,1
163800,1,20.0,1
163819,0,20.0,1
163837,0,20.0,1
163855,0,20.0,1
163874,1,20.0,1
163892,0,20.0,1
163910,0,20.0,1
163929,0,20.0,1
163950,1,20.0,1
163968,0,20.0,1
163987,0,20.0,1
164006,0,20.0,1
164025,0,20.0,1
164042,0,20.0,1
164060,0,20.0,1
164078,0,20.0,1
164101,1,20.0,1
164121,1,20.0,1
164140,0,20.0,1
164158,0,20.0,1
164178,0,20.0,1
164197,0,20.0,1
164215,0,20.0,1
164241,3,7.9999999999999964,0
164259,0,20.0,1
164277,0,20.0,1
164296,0,20.0,1
164315,0,20.0,1
164333,0,20.0,1
164352,0,20.0,1
164371,0,20.0,1
164391,0,20.0,1
164410,0,20.0,1
164429,0,20.0,1
164448,0,20.0,1
164466,0,20.0,1
164485,0,20.0,1
164503,0,20.0,1
164522,0,20.0,1
164541,0,20.0,1
164560,0,20.0,1
164583,1,19.999999999999996,1
164602,0,20.0,1
164620,0,20.0,1
164639,0,20.0,1
164658,0,20.0,1
164681,1,20.0,1
164701,0,20.0,1
164721,1,20.0,1
164742,0,20.0,1
164762,1,20.0,1
164780,0,20.0,1
164805,2,20.0,1
164824,0,20.0,1
164843,1,20.0,1
164862,0,20.0,1
164882,1,20.0,1
164900,0,20.0,1
164918,0,20.0,1
164936,0,20.0,1
164954,0,20.0,1
164972,0,20.0,1
164995,1,19.999999999999996,1
165014,0,20.0,1
165035,1,20.0,1
165058,1,20.0,1
165077,0,20.0,1
165096,0,20.0,1
165115,0,20.0,1
165136,1,20.0,1
165156,1,20.0,1
165177,1,20.0,1
165195,0,20.0,1
165214,0,20.0,1
165234,1,20.0,1
165253,0,20.0,1
165272,0,20.0,1
165292,0,20.0,1
165311,0,20.0,1
165334,2,20.0,1
165353,0,20.0,1
165375,1,20.0,1
165394,0,20.0,1
165414,1,20.0,1
165435,1,20.0,1
165458,1,20.0,1
165479,1,20.0,1
165498,0,20.0,1
165518,0,20.0,1
165536,0,20.0,1
165556,0,20.0,1
165576,2,20.0,1
165594,0,20.0,1
165612,0,20.0,1
165631,0,19.999999999999996,1
165651,1,20.0,1
165670,0,20.0,1
165689,0,20.0,1
165711,1,20.0,1
165729,0,20.0,1
165748,0,20.0,1
165769,0,20.0,1
165787,0,20.0,1
165805,0,20.0,1
165826,1,20.0,1
165844,0,20.0,1
165863,0,20.0,1
165882,0,20.0,1
165906,2,20.0,1
165926,0,20.0,1
165946,1,20.0,1
165965,1,20.0,1
165984,0,20.0,1
166004,1,20.0,1
166022,0,20.0,1
166040,0,20.0,1
166060,1,20.0,1
166078,0,20.0,1
166097,0,20.0,1
166117,1,20.0,1
166137,1,20.0,1
166156,0,20.0,1
166179,1,20.0,1
166198,0,20.0,1
166217,0,20.0,1
166236,0,20.0,1
166259,2,19.999999999999996,1
166277,0,20.0,1
166296,0,20.0,1
166315,0,20.0,1
166334,0,20.0,1
166354,0,20.0,1
166378,2,20.0,1
166399,1,20.0,1
166417,0,20.0,1
166436,0,20.0,1
166455,0,20.0,1
166475,1,20.0,1
166494,0,20.0,1
166513,0,20.0,1
166532,0,20.0,1
166551,0,20.0,1
166570,0,20.0,1
166589,0,20.0,1
166608,0,20.0,1
166626,0,20.0,1
166644,0,20.0,1
166663,0,20.0,1
166684,2,20.0,1
166708,1,20.0,1
166726,0,20.0,1
166746,1,20.0,1
166765,0,20.0,1
166784,0,20.0,1
166802,0,20.0,1
166822,1,20.0,1
166842,1,20.0,1
166861,0,20.0,1
166879,0,20.0,1
166898,0,20.0,1
166917,0,20.0,1
166935,0,20.0,1
166953,0,20.0,1
166972,0,20.0,1
166992,1,20.0,1
167010,0,20.0,1
167030,1,20.0,1
167052,1,20.0,1
167075,2,20.0,1
167093,0,20.0,1
167112,0,20.0,1
167130,0,20.0,1
167153,1,20.0,1
167174,1,20.0,1
167193,0,20.0,1
167211,0,20.0,1
167232,1,20.0,1
167255,1,20.0,1
167274,0,20.0,1
167298,2,20.0,1
167317,0,20.0,1
167335,1,20.0,1
167354,0,20.0,1
167372,0,20.0,1
167391,0,20.0,1
167410,0,20.0,1
167429,0,20.0,1
167449,0,20.0,1
167472,2,20.0,1
167497,3,7.6712328767123275,0
167515,0,20.0,1
167534,0,20.0,1
167553,0,20.0,1
167574,1,20.0,1
167595,1,20.0,1
167614,0,20.0,1
167632,0,20.0,1
167650,0,20.0,1
167668,0,20.0,1
167687,0,20.0,1
167710,1,20.0,1
167729,0,20.0,1
167748,0,20.0,1
167767,0,20.0,1
167786,0,20.0,1
167807,1,20.0,1
167830,3,7.013698630136984,0
167850,0,20.0,1
167868,0,20.0,1
167886,0,20.0,1
167905,0,20.0,1
167925,1,20.0,1
167949,3,8.32876712328767,0
167968,0,20.0,1
167987,1,20.0,1
168005,0,20.0,1
168024,0,20.0,1
168042,0,20.0,1
168065,1,20.0,1
168084,0,20.0,1
168107,1,20.0,1
168125,0,20.0,1
168144,0,20.0,1
168162,0,20.0,1
168181,0,20.0,1
168199,0,20.0,1
168218,0,20.0,1
168237,0,20.0,1
168256,1,20.0,1
168275,1,20.0,1
168295,1,20.0,1
168316,1,20.0,1
168334,0,20.0,1
168355,1,20.0,1
168374,0,20.0,1
168395,1,20.0,1
168418,1,20.0,1
168437,1,20.0,1
168458,1,20.0,1
168477,0,20.0,1
168496,0,20.0,1
168518,1,20.0,1
168538,1,20.0,1
168556,0,20.0,1
168574,0,20.0,1
168593,0,20.0,1
168611,0,20.0,1
168629,0,20.0,1
168647,0,20.0,1
168666,0,20.0,1
168685,0,20.0,1
168706,1,20.0,1
168724,0,20.0,1
168743,0,20.0,1
168761,0,20.0,1
168779,0,20.0,1
168799,1,20.0,1
168818,0,20.0,1
168836,0,20.0,1
168854,0,20.0,1
168873,0,20.0,1
168892,0,20.0,1
168909,0,20.0,1
168929,1,20.0,1
168947,0,20.0,1
168965,0,20.0,1
168986,1,20.0,1
169006,1,20.0,1
169024,0,20.0,1
169045,1,20.0,1
169064,0,20.0,1
169082,0,20.0,1
169103,1,20.0,1
169121,0,20.0,1
169140,0,20.0,1
169159,0,20.0,1
169178,0,20.0,1
169196,0,20.0,1
169215,1,20.0,1
169233,0,20.0,1
169252,0,20.0,1
169271,0,20.0,1
169291,0,20.0,1
169309,0,20.0,1
169328,0,20.0,1
169350,1,20.0,1
169370,0,20.0,1
169392,1,20.0,1
169412,0,20.0,1
169433,1,20.0,1
169452,0,20.0,1
169472,1,20.0,1
169497,1,20.0,1
169516,0,20.0,1
169537,1,20.0,1
169558,1,20.0,1
169577,0,20.0,1
169596,1,20.0,1
169615,0,20.0,1
169633,0,20.0,1
169655,1,20.0,1
169675,1,20.0,1
169699,3,7.999999999999998,0
169717,0,20.0,1
169736,1,20.0,1
169754,0,20.0,1
169772,0,20.0,1
169790,0,20.0,1
169809,0,20.0,1
169827,0,20.0,1
169847,0,20.0,1
169869,1,20.0,1
169888,0,20.0,1
169907,0,20.0,1
169925,0,20.0,1
169943,0,20.0,1
169961,0,20.0,1
169984,1,20.0,1
170005,1,20.0,1
170023,0,20.0,1
170044,1,20.0,1
170063,0,20.0,1
170081,0,20.0,1
170099,0,20.0,1
170117,0,20.0,1
170136,1,20.0,1
170156,0,20.0,1
170174,0,20.0,1
170193,0,20.0,1
170214,1,20.0,1
170235,1,20.0,1
170253,0,20.0,1
170274,1,20.0,1
170293,0,20.0,1
170311,0,20.0,1
170329,0,20.0,1
170348,0,20.0,1
170369,1,20.0,1
170388,0,20.0,1
170407,0,20.0,1
170426,0,20.0,1
170445,0,20.0,1
170466,1,20.0,1
170487,3,7.013698630136986,0
170506,0,20.0,1
170527,1,20.0,1
170545,0,20.0,1
170563,0,20.0,1
170581,0,20.0,1
170599,0,20.0,1
170620,1,20.0,1
170640,1,20.0,1
170659,0,20.0,1
170679,0,20.0,1
170699,0,20.0,1
170723,1,20.0,1
170742,0,20.0,1
170760,0,20.0,1
170781,3,5.315068493150683,0
170800,0,20.0,1
170818,0,20.0,1
170841,1,20.0,1
170860,0,20.0,1
170880,0,20.0,1
170898,0,20.0,1
170916,0,20.0,1
170934,0,20.0,1
170954,1,20.0,1
170973,0,20.0,1
170991,0,20.0,1
171010,0,20.0,1
171029,0,20.0,1
171047,0,20.0,1
171069,1,20.0,1
171087,0,20.0,1
171107,0,20.0,1
171128,1,20.0,1
171153,3,7.671232876712326,0
171171,0,20.0,1
171190,0,20.0,1
171208,0,20.0,1
171226,0,20.0,1
171246,1,20.0,1
171265,0,20.0,1
171283,0,20.0,1
171306,1,20.0,1
171325,0,20.0,1
171344,0,20.0,1
171365,2,20.0,1
171384,0,20.0,1
171402,0,20.0,1
171421,1,20.0,1
171439,0,20.0,1
171460,1,20.0,1
171479,0,20.0,1
171498,0,20.0,1
171516,0,20.0,1
171534,0,20.0,1
171552,0,20.0,1
171570,0,20.0,1
171588,0,20.0,1
171607,0,20.0,1
171626,0,20.0,1
171644,0,20.0,1
171662,0,20.0,1
171680,0,20.0,1
171698,0,20.0,1
171717,0,20.0,1
171735,0,20.0,1
171753,0,20.0,1
171771,0,20.0,1
171789,0,20.0,1
171808,1,20.0,1
171827,0,20.0,1
171845,0,20.0,1
171863,0,20.0,1
171882,0,20.0,1
171903,1,20.0,1
171921,0,20.0,1
171940,0,20.0,1
171958,0,20.0,1
171976,0,20.0,1
171995,0,20.0,1
172014,1,20.0,1
172032,0,20.0,1
172051,0,20.0,1
172069,0,20.0,1
172089,1,20.0,1
172107,0,20.0,1
172127,1,20.0,1
172148,1,20.0,1
172167,0,20.0,1
172186,0,20.0,1
172209,3,8.328767123287669,0
172228,1,20.0,1
172248,1,20.0,1
172267,0,20.0,1
172287,1,20.0,1
172307,1,20.0,1
172330,3,7.6712328767123275,0
172353,1,20.0,1
172373,0,20.0,1
172393,2,20.0,1
172414,1,20.0,1
172433,0,20.0,1
172454,1,20.0,1
172472,0,20.0,1
172496,2,20.0,1
172517,1,20.0,1
172535,0,20.0,1
172556,1,20.0,1
172575,0,20.0,1
172596,1,20.0,1
172614,0,20.0,1
172634,1,20.0,1
172655,1,20.0,1
172677,1,20.0,1
172700,2,20.0,1
172722,2,20.0,1
172740,0,20.0,1
172762,1,20.0,1
172781,0,20.0,1
172800,0,20.0,1
172821,1,20.0,1
172841,0,20.0,1
172861,0,20.0,1
172880,1,20.0,1
172899,0,20.0,1
172918,1,20.0,1
172937,0,20.0,1
172955,0,20.0,1
172973,0,20.0,1
172992,0,20.0,1
173014,2,20.0,1
173033,0,20.0,1
173053,1,20.0,1
173073,1,20.0,1
173092,0,20.0,1
173112,1,20.0,1
173131,0,20.0,1
173150,0,20.0,1
173170,0,20.0,1
173191,1,20.0,1
173212,1,20.0,1
173232,1,20.0,1
173251,0,20.0,1
173270,3,6.301369863013697,0
173294,2,20.0,1
173313,1,20.0,1
173334,1,20.0,1
173352,0,20.0,1
173372,0,20.0,1
173391,1,20.0,1
173410,0,20.0,1
173428,0,20.0,1
173447,0,20.0,1
173468,1,20.0,1
173491,2,20.0,1
173511,1,20.0,1
173530,0,20.0,1
173549,0,20.0,1
173570,1,20.0,1
173589,0,20.0,1
173610,1,20.0,1
173629,0,20.0,1
173648,0,20.0,1
173667,0,20.0,1
173687,0,20.0,1
173705,0,20.0,1
173726,1,20.0,1
173745,0,20.0,1
173764,0,20.0,1
173781,0,20.0,1
173801,0,20.0,1
173820,1,20.0,1
173840,0,20.0,1
173859,0,20.0,1
173883,3,7.999999999999998,0
173901,0,20.0,1
173920,0,20.0,1
173938,0,20.0,1
173956,0,20.0,1
173974,0,20.0,1
173994,1,20.0,1
174012,0,20.0,1
174031,0,20.0,1
174050,0,20.0,1
174069,0,20.0,1
174087,0,20.0,1
174106,0,20.0,1
174125,0,20.0,1
174146,1,20.0,1
174168,2,20.0,1
174187,0,20.0,1
174205,0,20.0,1
174224,0,20.0,1
174243,0,20.0,1
174262,0,20.0,1
174281,1,20.0,1
174301,1,20.0,1
174319,0,20.0,1
174337,0,20.0,1
174356,0,20.0,1
174376,0,20.0,1
174394,0,20.0,1
174412,0,20.0,1
174431,0,20.0,1
174450,0,20.0,1
174469,0,20.0,1
174488,0,20.0,1
174509,2,20.0,1
174528,0,20.0,1
174547,1,20.0,1
174565,0,20.0,1
174584,0,20.0,1
174603,0,20.0,1
174622,1,20.0,1
174640,0,20.0,1
174658,0,20.0,1
174677,0,20.0,1
174697,1,20.0,1
174715,0,20.0,1
174736,1,20.0,1
174756,1,20.0,1
174775,3,4.6575342465753415,0
174793,0,20.0,1
174813,1,20.0,1
174833,0,20.0,1
174852,0,20.0,1
174871,0,20.0,1
174890,0,20.0,1
174909,0,20.0,1
174928,0,20.0,1
174947,0,20.0,1
174966,0,20.0,1
174986,0,20.0,1
175004,0,20.0,1
175022,0,20.0,1
175040,0,20.0,1
175058,0,20.0,1
175078,0,20.0,1
175096,0,20.0,1
175116,0,20.0,1
175134,0,20.0,1
175154,1,20.0,1
175175,1,20.0,1
175193,0,20.0,1
175211,0,20.0,1
175232,0,20.0,1
175257,3,7.9999999999999964,0
175275,0,20.0,1
175296,0,20.0,1
175315,0,20.0,1
175337,1,20.0,1
175356,1,20.0,1
175375,0,20.0,1
175394,0,20.0,1
175413,1,20.0,1
175434,0,20.0,1
175453,0,20.0,1
175472,0,20.0,1
175492,1,20.0,1
175512,1,20.0,1
175533,1,20.0,1
175552,0,20.0,1
175572,0,20.0,1
175591,1,20.0,1
175611,0,20.0,1
175630,0,20.0,1
175649,0,20.0,1
175668,0,20.0,1
175687,0,20.0,1
175706,1,20.0,1
175725,0,20.0,1
175743,0,20.0,1
175762,0,20.0,1
175780,0,20.0,1
175799,1,20.0,1
175817,0,20.0,1
175836,1,20.0,1
175856,1,20.0,1
175876,1,20.0,1
175895,1,20.0,1
175914,0,20.0,1
175935,1,20.0,1
175954,1,20.0,1
175974,1,20.0,1
175992,0,20.0,1
176010,0,20.0,1
176029,0,20.0,1
176050,1,20.0,1
176068,0,20.0,1
176089,1,20.0,1
176111,1,20.0,1
176132,2,20.0,1
176152,1,20.0,1
176170,0,20.0,1
176190,0,20.0,1
176212,1,20.0,1
176231,0,20.0,1
176250,0,20.0,1
176270,1,20.0,1
176295,2,20.0,1
176318,2,20.0,1
176336,0,20.0,1
176357,1,20.0,1
176375,0,20.0,1
176394,1,20.0,1
176412,0,20.0,1
176431,0,20.0,1
176449,1,20.0,1
176468,0,20.0,1
176486,0,20.0,1
176505,0,20.0,1
176523,0,20.0,1
176542,0,20.0,1
176561,0,20.0,1
176580,0,20.0,1
176599,0,20.0,1
176618,0,20.0,1
176636,0,20.0,1
176654,0,20.0,1
176672,0,20.0,1
176690,0,20.0,1
176709,0,20.0,1
176728,0,20.0,1
176747,0,20.0,1
176765,0,20.0,1
176783,1,20.0,1
176801,0,20.0,1
176819,0,20.0,1
176837,0,20.0,1
176855,0,20.0,1
176874,0,20.0,1
176893,0,20.0,1
176912,0,20.0,1
176932,1,20.0,1
176951,0,20.0,1
176969,0,20.0,1
176988,0,20.0,1
177007,0,20.0,1
177025,0,20.0,1
177046,1,20.0,1
177065,1,20.0,1
177083,0,20.0,1
177103,2,20.0,1
177124,1,20.0,1
177147,1,20.0,1
177165,0,20.0,1
177184,1,20.0,1
177203,1,20.0,1
177221,0,20.0,1
177240,0,20.0,1
177259,1,20.0,1
177278,0,20.0,1
177298,0,20.0,1
177322,3,7.999999999999998,0
177347,3,8.328767123287669,0
177366,0,20.0,1
177386,0,20.0,1
177404,1,20.0,1
177422,0,20.0,1
177445,2,20.0,1
177463,0,20.0,1
177482,0,20.0,1
177502,1,20.0,1
177521,0,20.0,1
177539,0,20.0,1
177558,0,20.0,1
177577,0,20.0,1
177596,0,20.0,1
177616,0,20.0,1
177635,0,20.0,1
177654,0,20.0,1
177672,0,20.0,1
177690,0,20.0,1
177709,0,20.0,1
177729,0,20.0,1
177750,1,20.0,1
177770,1,20.0,1
177790,1,20.0,1
177808,0,20.0,1
177825,0,20.0,1
177844,1,20.0,1
177863,0,20.0,1
177885,2,20.0,1
177906,1,20.0,1
177925,0,20.0,1
177945,1,20.0,1
177965,0,20.0,1
177985,0,20.0,1
178005,1,20.0,1
178024,0,20.0,1
178043,0,20.0,1
178063,0,20.0,1
178084,1,20.0,1
178103,0,20.0,1
178123,1,20.0,1
178143,0,20.0,1
178161,0,20.0,1
178180,1,20.0,1
178199,1,20.0,1
178218,0,20.0,1
178236,0,20.0,1
178255,0,20.0,1
178274,0,20.0,1
178293,0,20.0,1
178312,0,20.0,1
178331,0,20.0,1
178351,1,20.0,1
178370,0,20.0,1
178389,1,20.0,1
178408,1,20.0,1
178427,1,20.0,1
178446,0,20.0,1
178464,0,20.0,1
178483,0,20.0,1
178502,0,20.0,1
178522,0,20.0,1
178541,0,20.0,1
178559,0,20.0,1
178578,0,20.0,1
178596,0,20.0,1
178614,0,20.0,1
178634,1,20.0,1
178652,0,20.0,1
178671,1,20.0,1
178689,0,20.0,1
178708,0,20.0,1
178726,0,20.0,1
178745,0,20.0,1
178763,0,20.0,1
178781,0,20.0,1
178798,0,20.0,1
178817,0,20.0,1
178835,0,20.0,1
178854,0,20.0,1
178873,0,20.0,1
178891,0,20.0,1
178909,0,20.0,1
178928,1,20.0,1
178947,0,20.0,1
178966,1,20.0,1
178985,0,20.0,1
179003,0,20.0,1
179021,0,20.0,1
179040,0,20.0,1
179061,1,20.0,1
179080,1,20.0,1
179099,0,20.0,1
179118,0,20.0,1
179137,0,20.0,1
179156,0,20.0,1
179177,1,20.0,1
179195,0,20.0,1
179215,0,20.0,1
179236,1,20.0,1
179256,0,20.0,1
179275,0,20.0,1
179294,0,20.0,1
179312,0,20.0,1
179330,0,20.0,1
179348,0,20.0,1
179367,0,20.0,1
179385,0,20.0,1
179403,0,20.0,1
179422,0,20.0,1
179440,0,20.0,1
179458,0,20.0,1
179477,0,20.0,1
179498,1,20.0,1
179518,0,20.0,1
179538,0,20.0,1
179557,0,20.0,1
179575,0,20.0,1
179595,1,20.0,1
179614,0,20.0,1
179632,0,20.0,1
179651,0,20.0,1
179670,0,20.0,1
179689,0,20.0,1
179708,0,20.0,1
179727,0,20.0,1
179746,0,20.0,1
179766,0,20.0,1
179785,0,20.0,1
179803,0,20.0,1
179822,0,20.0,1
179840,0,20.0,1
179858,0,20.0,1
179882,1,20.0,1
179901,0,20.0,1
179920,0,20.0,1
179939,0,20.0,1
179957,0,20.0,1
179975,0,20.0,1
179993,0,20.0,1
180011,0,20.0,1
180030,0,20.0,1
180048,0,20.0,1
180067,0,20.0,1
180086,0,20.0,1
180105,1,20.0,1
180125,1,20.0,1
180145,1,20.0,1
180163,0,20.0,1
180181,0,20.0,1
180200,0,20.0,1
180218,0,20.0,1
180238,1,20.0,1
180258,0,20.0,1
180277,0,20.0,1
180295,0,20.0,1
180313,0,20.0,1
180336,2,20.0,1
180354,0,20.0,1
180373,0,20.0,1
180392,1,20.0,1
180411,1,20.0,1
180429,0,20.0,1
180447,0,20.0,1
180465,0,20.0,1
180485,1,20.0,1
180504,0,20.0,1
180522,0,20.0,1
180541,0,20.0,1
180560,0,20.0,1
180580,1,20.0,1
180598,0,20.0,1
180617,0,20.0,1
180635,0,20.0,1
180654,0,20.0,1
180673,1,20.0,1
180691,0,20.0,1
180709,0,20.0,1
180729,1,20.0,1
180747,0,20.0,1
180765,0,20.0,1
180784,0,20.0,1
180803,0,20.0,1
180822,0,20.0,1
180841,1,20.0,1
180859,0,20.0,1
180878,1,20.0,1
180896,0,20.0,1
180914,0,20.0,1
180934,0,20.0,1
180954,0,20.0,1
180975,2,20.0,1
180993,0,20.0,1
181011,0,20.0,1
181030,0,20.0,1
181052,2,20.0,1
181072,0,20.0,1
181091,0,20.0,1
181111,1,20.0,1
181129,0,20.0,1
181147,0,20.0,1
181166,0,20.0,1
181184,0,20.0,1
181204,0,20.0,1
181225,1,20.0,1
181245,1,20.0,1
181264,0,20.0,1
181283,0,20.0,1
181302,1,20.0,1
181321,1,20.0,1
181340,0,20.0,1
181359,1,20.0,1
181377,0,20.0,1
181397,1,20.0,1
181416,0,20.0,1
181435,0,20.0,1
181457,1,20.0,1
181476,0,20.0,1
181495,1,20.0,1
181515,1,20.0,1
181534,1,20.0,1
181553,0,20.0,1
181572,0,20.0,1
181591,0,20.0,1
181611,1,20.0,1
181631,1,20.0,1
181651,1,20.0,1
181671,1,20.0,1
181690,3,5.315068493150685,0
181711,2,20.0,1
181730,0,20.0,1
181751,1,20.0,1
181769,0,20.0,1
181789,1,20.0,1
181808,0,20.0,1
181829,1,20.0,1
181849,1,20.0,1
181868,0,20.0,1
181887,1,20.0,1
181906,0,20.0,1
181925,0,20.0,1
181945,1,20.0,1
181963,0,20.0,1
181982,1,20.0,1
182000,0,20.0,1
182019,0,20.0,1
182037,0,20.0,1
182057,0,20.0,1
182075,0,20.0,1
182094,1,20.0,1
182113,1,20.0,1
182132,1,20.0,1
182151,1,20.0,1
182170,0,20.0,1
182189,0,20.0,1
182208,0,20.0,1
182227,0,20.0,1
182245,0,20.0,1
182264,0,20.0,1
182283,0,20.0,1
182302,0,20.0,1
182322,0,20.0,1
182341,1,20.0,1
182361,1,20.0,1
182380,1,20.0,1
182400,1,20.0,1
182421,1,20.0,1
182440,0,20.0,1
182459,1,20.0,1
182480,2,20.0,1
182500,1,20.0,1
182520,2,20.0,1
182540,1,20.0,1
182559,0,20.0,1
182578,1,20.0,1
182600,2,20.0,1
182619,0,20.0,1
182638,0,20.0,1
182657,0,20.0,1
182676,0,20.0,1
182695,1,20.0,1
182715,1,20.0,1
182737,2,20.0,1
182756,1,20.0,1
182776,1,20.0,1
182798,3,7.013698630136986,0
182817,0,20.0,1
182839,2,20.0,1
182859,1,20.0,1
182878,0,20.0,1
182899,1,20.0,1
182922,1,20.0,1
182941,0,20.0,1
182961,1,20.0,1
182981,1,20.0,1
182999,0,20.0,1
183021,1,20.0,1
183040,1,20.0,1
183058,0,20.0,1
183079,2,20.0,1
183097,0,20.0,1
183115,0,20.0,1
183135,2,20.0,1
183153,0,20.0,1
183172,0,20.0,1
183191,0,20.0,1
183210,0,20.0,1
183231,1,20.0,1
183250,0,20.0,1
183269,0,20.0,1
183290,1,20.0,1
183312,3,8.32876712328767,0
183330,0,20.0,1
183350,0,20.0,1
183370,1,20.0,1
183389,0,20.0,1
183409,0,20.0,1
183427,0,20.0,1
183445,0,20.0,1
183465,1,20.0,1
183486,1,20.0,1
183505,0,20.0,1
183525,1,20.0,1
183544,0,20.0,1
183562,0,20.0,1
183581,0,20.0,1
183601,1,20.0,1
183621,0,20.0,1
183640,0,20.0,1
183661,1,20.0,1
183680,0,20.0,1
183699,0,20.0,1
183718,0,20.0,1
183737,0,20.0,1
183756,0,20.0,1
183774,0,20.0,1
183794,0,20.0,1
183812,0,20.0,1
183830,0,20.0,1
183850,1,20.0,1
183871,1,20.0,1
183890,0,20.0,1
183910,0,20.0,1
183929,0,20.0,1
183947,0,20.0,1
183968,1,20.0,1
183987,0,20.0,1
184007,1,20.0,1
184027,1,20.0,1
184046,1,20.0,1
184065,1,20.0,1
184084,1,20.0,1
184103,0,20.0,1
184121,0,20.0,1
184142,1,20.0,1
184160,0,20.0,1
184179,0,20.0,1
184198,0,20.0,1
184217,0,20.0,1
184239,1,20.0,1
184257,0,20.0,1
184276,0,20.0,1
184300,2,20.0,1
184319,0,20.0,1
184338,0,20.0,1
184357,0,20.0,1
184376,0,20.0,1
184395,0,20.0,1
184414,0,20.0,1
184434,1,20.0,1
184454,1,20.0,1
184473,0,20.0,1
184493,0,20.0,1
184514,2,20.0,1
184533,0,20.0,1
184553,1,20.0,1
184571,0,20.0,1
184594,2,20.0,1
184615,1,20.0,1
184634,0,20.0,1
184652,0,20.0,1
184672,1,20.0,1
184691,0,20.0,1
184712,2,20.0,1
184734,1,20.0,1
184753,0,20.0,1
184773,0,20.0,1
184793,1,20.0,1
184813,1,20.0,1
184832,0,20.0,1
184851,1,20.0,1
184870,1,20.0,1
184889,1,20.0,1
184908,0,20.0,1
184926,0,20.0,1
184944,0,20.0,1
184963,0,20.0,1
184981,0,20.0,1
185000,0,20.0,1
185019,0,20.0,1
185038,0,20.0,1
185058,0,20.0,1
185077,1,20.0,1
185096,1,20.0,1
185115,0,20.0,1
185133,0,20.0,1
185151,0,20.0,1
185170,0,20.0,1
185188,0,20.0,1
185207,0,20.0,1
185226,0,20.0,1
185246,0,20.0,1
185265,0,20.0,1
185285,0,20.0,1
185309,3,8.32876712328767,0
185329,0,20.0,1
185349,0,20.0,1
185371,1,20.0,1
185389,0,20.0,1
185408,0,20.0,1
185426,0,20.0,1
185445,0,20.0,1
185465,0,20.0,1
185483,0,20.0,1
185503,1,20.0,1
185522,0,20.0,1
185541,0,20.0,1
185563,1,20.0,1
185584,1,20.0,1
185604,1,20.0,1
185625,1,20.0,1
185646,1,20.0,1
185665,0,20.0,1
185685,0,20.0,1
185707,3,8.32876712328767,0
185726,0,20.0,1
185744,1,20.0,1
185762,0,20.0,1
185780,0,20.0,1
185799,0,20.0,1
185819,1,20.0,1
185837,0,20.0,1
185859,2,20.0,1
185878,0,20.0,1
185897,0,20.0,1
185919,1,20.0,1
185939,1,20.0,1
185959,1,20.0,1
185977,0,20.0,1
186000,2,20.0,1
186020,0,20.0,1
186039,1,20.0,1
186059,1,20.0,1
186078,1,20.0,1
186097,0,20.0,1
186115,0,20.0,1
186134,0,20.0,1
186154,0,20.0,1
186172,0,20.0,1
186190,0,20.0,1
186209,0,20.0,1
186230,3,8.32876712328767,0
186253,3,8.32876712328767,0
186274,3,5.315068493150683,0
186297,3,8.0,0
186315,0,20.0,1
186333,0,20.0,1
186353,1,20.0,1
186371,0,20.0,1
186390,0,20.0,1
186408,0,20.0,1
186427,0,20.0,1
186446,1,20.0,1
186467,2,20.0,1
186487,1,20.0,1
186509,3,7.999999999999998,0
186529,1,20.0,1
186548,2,20.0,1
186566,0,20.0,1
186584,0,20.0,1
186604,3,5.972602739726026,0
186624,0,20.0,1
186642,0,20.0,1
186661,0,20.0,1
186681,1,20.0,1
186701,0,20.0,1
186720,0,20.0,1
186744,3,7.999999999999998,0
186764,1,20.0,1
186783,0,20.0,1
186801,0,20.0,1
186820,0,20.0,1
186838,0,20.0,1
186858,0,20.0,1
186877,3,6.63013698630137,0
186896,0,20.0,1
186916,0,20.0,1
186935,0,20.0,1
186954,0,20.0,1
186972,0,20.0,1
186991,0,20.0,1
187012,1,20.0,1
187030,0,20.0,1
187048,0,20.0,1
187070,2,20.0,1
187090,0,20.0,1
187109,0,20.0,1
187134,3,8.32876712328767,0
187152,1,20.0,1
187173,2,20.0,1
187191,0,20.0,1
187210,0,20.0,1
187229,0,20.0,1
187248,1,20.0,1
187268,1,20.0,1
187287,0,20.0,1
187307,3,6.9589041095890405,0
187326,0,20.0,1
187345,0,20.0,1
187363,0,20.0,1
187382,1,20.0,1
187405,2,20.0,1
187423,0,20.0,1
187443,3,5.972602739726026,0
187462,0,20.0,1
187482,0,20.0,1
187501,0,20.0,1
187520,0,20.0,1
187538,0,20.0,1
187557,0,20.0,1
187582,2,20.0,1
187600,0,20.0,1
187619,0,20.0,1
187637,0,20.0,1
187656,0,20.0,1
187674,0,20.0,1
187693,0,20.0,1
187713,1,20.0,1
187732,0,20.0,1
187750,0,20.0,1
187768,0,20.0,1
187786,0,20.0,1
187804,0,20.0,1
187823,0,20.0,1
187841,0,20.0,1
187859,0,20.0,1
187878,0,20.0,1
187897,0,20.0,1
187916,1,20.0,1
187934,0,20.0,1
187953,1,20.0,1
187971,0,20.0,1
187990,0,20.0,1
188009,0,20.0,1
188028,0,20.0,1
188047,0,20.0,1
188066,0,20.0,1
188085,1,20.0,1
188104,0,20.0,1
188122,0,20.0,1
188140,0,20.0,1
188159,0,20.0,1
188178,0,20.0,1
188197,0,20.0,1
188217,1,20.0,1
188236,0,20.0,1
188254,0,20.0,1
188273,0,20.0,1
188291,0,20.0,1
188309,0,20.0,1
188328,0,20.0,1
188347,0,20.0,1
188365,0,20.0,1
188384,0,20.0,1
188403,0,20.0,1
188421,0,20.0,1
188440,0,20.0,1
188459,0,20.0,1
188478,0,20.0,1
188498,1,20.0,1
188517,0,20.0,1
188537,0,20.0,1
188556,0,20.0,1
188575,0,20.0,1
188593,0,20.0,1
188611,0,20.0,1
188629,0,20.0,1
188648,0,20.0,1
188667,0,20.0,1
188687,0,20.0,1
188706,0,20.0,1
188724,0,20.0,1
188744,0,20.0,1
188762,0,20.0,1
188780,0,20.0,1
188798,0,20.0,1
188816,0,20.0,1
188834,0,20.0,1
188853,0,20.0,1
188871,0,20.0,1
188892,1,20.0,1
188912,0,20.0,1
188936,2,20.0,1
188959,2,20.0,1
188978,0,20.0,1
188999,1,20.0,1
189017,0,20.0,1
189035,0,20.0,1
189054,0,20.0,1
189073,0,20.0,1
189092,1,20.0,1
189111,0,20.0,1
189130,0,20.0,1
189148,0,20.0,1
189166,0,20.0,1
189185,0,20.0,1
189204,0,20.0,1
189222,0,20.0,1
189239,0,20.0,1
189259,1,20.0,1
189278,0,20.0,1
189297,0,20.0,1
189316,0,20.0,1
189335,0,20.0,1
189355,1,20.0,1
189374,0,20.0,1
189393,0,20.0,1
189412,0,20.0,1
189430,0,20.0,1
189449,0,20.0,1
189468,0,20.0,1
189487,0,20.0,1
189506,0,20.0,1
189527,1,20.0,1
189546,0,20.0,1
189565,0,20.0,1
189583,0,20.0,1
189602,0,20.0,1
189620,0,20.0,1
189639,0,20.0,1
189658,0,20.0,1
189679,1,20.0,1
189698,0,20.0,1
189716,0,20.0,1
189735,0,20.0,1
189753,0,20.0,1
189771,0,20.0,1
189790,0,20.0,1
189809,0,20.0,1
189828,0,20.0,1
189849,1,20.0,1
189867,0,20.0,1
189886,0,20.0,1
189905,0,20.0,1
189923,0,20.0,1
189945,1,20.0,1
189963,0,20.0,1
189982,1,20.0,1
189999,0,20.0,1
190018,0,20.0,1
190037,0,20.0,1
190060,1,20.0,1
190078,0,20.0,1
190097,0,20.0,1
190120,2,20.0,1
190139,0,20.0,1
190158,0,20.0,1
190177,0,20.0,1
190196,0,20.0,1
190214,0,20.0,1
190232,0,20.0,1
190253,1,20.0,1
190271,0,20.0,1
190289,0,20.0,1
190308,0,20.0,1
190329,0,20.0,1
190348,0,20.0,1
190366,0,20.0,1
190384,0,20.0,1
190404,0,20.0,1
190424,0,20.0,1
190442,0,20.0,1
190463,1,20.0,1
190485,1,20.0,1
190503,0,20.0,1
190522,0,20.0,1
190540,0,20.0,1
190561,1,20.0,1
190580,0,20.0,1
190599,0,20.0,1
190618,0,20.0,1
190637,0,20.0,1
190657,0,20.0,1
190675,0,20.0,1
190693,0,20.0,1
190715,1,20.0,1
190734,1,20.0,1
190753,0,20.0,1
190776,2,20.0,1
190795,0,20.0,1
190813,0,20.0,1
190832,0,20.0,1
190851,0,20.0,1
190869,0,20.0,1
190889,0,20.0,1
190911,1,19.999999999999996,1
190929,0,20.0,1
190950,1,20.0,1
190969,0,20.0,1
190987,0,20.0,1
191005,0,20.0,1
191034,3,8.328767123287667,0
191053,0,20.0,1
191072,0,20.0,1
191090,0,20.0,1
191108,0,20.0,1
191127,0,20.0,1
191150,2,20.0,1
191168,0,20.0,1
191187,0,20.0,1
191209,1,20.0,1
191228,0,20.0,1
191252,1,20.0,1
191270,0,20.0,1
191288,0,20.0,1
191311,1,20.0,1
191333,1,20.0,1
191352,0,20.0,1
191371,0,20.0,1
191390,0,20.0,1
191409,0,20.0,1
191430,1,20.0,1
191449,0,20.0,1
191468,0,20.0,1
191487,0,20.0,1
191505,0,20.0,1
191523,0,20.0,1
191542,0,20.0,1
191560,0,20.0,1
191579,0,20.0,1
191599,0,20.0,1
191617,0,20.0,1
191636,0,20.0,1
191655,0,20.0,1
191673,0,20.0,1
191692,0,20.0,1
191710,0,20.0,1
191728,0,20.0,1
191751,1,19.999999999999996,1
191769,0,20.0,1
191787,0,20.0,1
191806,0,20.0,1
191825,0,20.0,1
191847,1,20.0,1
191866,0,20.0,1
191884,0,20.0,1
191902,0,20.0,1
191921,0,20.0,1
191942,1,20.0,1
191960,0,20.0,1
191979,0,20.0,1
191999,1,20.0,1
192027,3,8.328767123287669,0
192045,0,20.0,1
192064,0,20.0,1
192083,1,20.0,1
192101,0,20.0,1
192122,1,20.0,1
192141,0,20.0,1
192160,0,20.0,1
192179,1,20.0,1
192197,0,20.0,1
192216,0,20.0,1
192234,0,20.0,1
192253,1,20.0,1
192276,1,20.0,1
192297,1,20.0,1
192316,0,20.0,1
192336,1,20.0,1
192355,0,20.0,1
192374,0,20.0,1
192395,1,20.0,1
192417,1,20.0,1
192440,1,20.0,1
192459,0,20.0,1
192478,0,20.0,1
192497,0,20.0,1
192514,0,20.0,1
192533,0,20.0,1
192552,0,20.0,1
192572,1,20.0,1
192591,0,20.0,1
192610,0,20.0,1
192630,0,20.0,1
192648,0,20.0,1
192666,0,20.0,1
192685,0,20.0,1
192704,0,20.0,1
192723,0,20.0,1
192742,0,20.0,1
192765,1,20.0,1
192787,1,20.0,1
192805,0,20.0,1
192824,0,20.0,1
192842,0,20.0,1
192861,0,20.0,1
192879,0,20.0,1
192899,1,20.0,1
192917,0,20.0,1
192936,0,20.0,1
192955,0,20.0,1
192976,1,20.0,1
192995,0,20.0,1
193013,0,20.0,1
193032,0,20.0,1
193050,0,20.0,1
193069,0,20.0,1
193089,1,20.0,1
193108,0,20.0,1
193129,1,20.0,1
193148,0,20.0,1
193169,1,20.0,1
193188,0,20.0,1
193207,0,20.0,1
193225,0,20.0,1
193247,1,20.0,1
193266,0,20.0,1
193284,0,20.0,1
193302,0,20.0,1
193325,1,20.0,1
193346,1,20.0,1
193366,1,20.0,1
193384,1,20.0,1
193402,0,20.0,1
193420,0,20.0,1
193439,0,20.0,1
193457,0,20.0,1
193480,1,20.0,1
193498,0,20.0,1
193516,0,20.0,1
193534,0,20.0,1
193553,0,20.0,1
193572,0,20.0,1
193590,0,20.0,1
193608,0,20.0,1
193627,0,20.0,1
193645,0,20.0,1
193663,0,20.0,1
193687,2,20.0,1
193706,0,20.0,1
193725,0,20.0,1
193744,1,20.0,1
193763,1,20.0,1
193782,0,20.0,1
193801,0,20.0,1
193820,0,20.0,1
193838,0,20.0,1
193857,0,20.0,1
193876,0,20.0,1
193895,0,20.0,1
193913,0,20.0,1
193932,0,20.0,1
193951,0,20.0,1
193969,0,20.0,1
193990,3,6.684931506849314,0
194008,0,20.0,1
194026,0,20.0,1
194044,0,20.0,1
194063,0,20.0,1
194082,0,20.0,1
194101,0,20.0,1
194119,0,20.0,1
194137,0,20.0,1
194156,0,20.0,1
194174,0,20.0,1
194192,0,20.0,1
194210,0,20.0,1
194230,0,20.0,1
194253,2,20.0,1
194273,1,20.0,1
194292,0,20.0,1
194311,0,20.0,1
194330,0,20.0,1
194347,0,20.0,1
194365,0,20.0,1
194384,0,20.0,1
194402,0,20.0,1
194421,0,20.0,1
194439,0,20.0,1
194457,0,20.0,1
194475,0,20.0,1
194493,0,20.0,1
194512,0,20.0,1
194531,0,20.0,1
194549,0,20.0,1
194568,1,20.0,1
194588,1,20.0,1
194606,0,20.0,1
194625,0,20.0,1
194644,0,20.0,1
194663,0,20.0,1
194681,0,20.0,1
194700,0,20.0,1
194718,0,20.0,1
194736,0,20.0,1
194755,0,20.0,1
194773,0,20.0,1
194791,0,20.0,1
194810,0,20.0,1
194828,0,20.0,1
194847,0,20.0,1
194865,0,20.0,1
194884,0,20.0,1
194903,0,20.0,1
194921,0,20.0,1
194939,0,20.0,1
194957,0,20.0,1
194975,0,20.0,1
194993,0,20.0,1
195014,1,20.0,1
195032,0,20.0,1
195050,0,20.0,1
195068,0,20.0,1
195088,1,20.0,1
195106,0,20.0,1
195124,0,20.0,1
195142,0,20.0,1
195160,0,20.0,1
195178,0,20.0,1
195197,0,20.0,1
195216,1,20.0,1
195235,1,20.0,1
195254,0,20.0,1
195273,0,20.0,1
195291,0,20.0,1
195310,0,20.0,1
195329,0,20.0,1
195347,0,20.0,1
195366,0,20.0,1
195385,0,20.0,1
195403,0,20.0,1
195423,1,20.0,1
195444,1,20.0,1
195463,0,20.0,1
195481,0,20.0,1
195499,0,20.0,1
195518,0,20.0,1
195536,0,20.0,1
195557,1,20.0,1
195575,0,20.0,1
195594,0,20.0,1
195612,0,20.0,1
195630,0,20.0,1
195649,0,20.0,1
195667,0,20.0,1
195685,0,20.0,1
195703,0,20.0,1
195721,0,20.0,1
195739,0,20.0,1
195758,0,20.0,1
195776,0,20.0,1
195795,0,20.0,1
195814,0,20.0,1
195832,0,20.0,1
195850,0,20.0,1
195868,0,20.0,1
195886,0,20.0,1
195905,1,20.0,1
195924,0,20.0,1
195942,0,20.0,1
195962,1,20.0,1
195981,0,20.0,1
196000,0,20.0,1
196018,0,20.0,1
196037,0,20.0,1
196055,0,20.0,1
196075,0,20.0,1
196095,1,20.0,1
196113,0,20.0,1
196134,1,20.0,1
196153,0,20.0,1
196171,0,20.0,1
196189,0,20.0,1
196207,0,20.0,1
196225,0,20.0,1
196244,0,20.0,1
196263,0,20.0,1
196283,0,20.0,1
196302,0,20.0,1
196320,0,20.0,1
196338,0,20.0,1
196357,0,20.0,1
196375,0,20.0,1
196395,0,20.0,1
196414,0,20.0,1
196433,0,20.0,1
196453,0,20.0,1
196472,0,20.0,1
196490,0,20.0,1
196509,0,20.0,1
196528,0,20.0,1
196546,0,20.0,1
196564,0,20.0,1
196582,0,20.0,1
196602,1,20.0,1
196621,0,20.0,1
196639,0,20.0,1
196657,0,20.0,1
196676,0,20.0,1
196694,0,20.0,1
196714,1,20.0,1
196732,0,20.0,1
196751,0,20.0,1
196770,0,20.0,1
196788,0,20.0,1
196808,1,20.0,1
196827,0,20.0,1
196845,0,20.0,1
196867,1,19.999999999999996,1
196885,0,20.0,1
196904,0,20.0,1
196922,0,20.0,1
196941,0,20.0,1
196960,0,20.0,1
196979,0,20.0,1
196997,0,20.0,1
197015,0,20.0,1
197034,0,20.0,1
197052,0,20.0,1
197070,0,20.0,1
197089,0,20.0,1
197107,0,20.0,1
197126,0,20.0,1
197145,0,20.0,1
197163,0,20.0,1
197181,0,20.0,1
197199,0,20.0,1
197221,1,19.999999999999996,1
197240,0,20.0,1
197258,0,20.0,1
197278,0,20.0,1
197297,0,20.0,1
197316,0,20.0,1
197334,0,20.0,1
197353,0,20.0,1
197371,0,20.0,1
197389,0,20.0,1
197407,0,20.0,1
197427,1,20.0,1
197445,0,20.0,1
197465,1,20.0,1
197483,0,20.0,1
197503,1,20.0,1
197521,0,20.0,1
197539,0,20.0,1
197557,0,20.0,1
197575,0,20.0,1
197594,0,20.0,1
197613,0,20.0,1
197632,0,20.0,1
197651,0,20.0,1
197669,0,20.0,1
197689,1,20.0,1
197708,0,20.0,1
197726,0,20.0,1
197745,0,20.0,1
197763,0,20.0,1
197781,0,20.0,1
197799,0,20.0,1
197821,2,20.0,1
197840,0,20.0,1
197860,1,20.0,1
197879,0,20.0,1
197898,0,20.0,1
197916,0,20.0,1
197934,0,20.0,1
197952,0,20.0,1
197971,0,20.0,1
197989,0,20.0,1
198011,1,20.0,1
198030,0,20.0,1
198048,0,20.0,1
198066,0,20.0,1
198084,0,20.0,1
198103,1,20.0,1
198121,0,20.0,1
198140,0,20.0,1
198158,0,20.0,1
198178,1,20.0,1
198197,0,20.0,1
198218,1,20.0,1
198236,0,20.0,1
198254,0,20.0,1
198273,0,20.0,1
198295,1,20.0,1
198313,0,20.0,1
198331,0,20.0,1
198352,1,20.0,1
198371,0,20.0,1
198390,0,20.0,1
198408,0,20.0,1
198427,0,20.0,1
198446,0,20.0,1
198465,0,20.0,1
198483,0,20.0,1
198501,0,20.0,1
198520,1,20.0,1
198538,0,20.0,1
198556,0,20.0,1
198574,0,20.0,1
198592,0,20.0,1
198612,1,20.0,1
198630,0,20.0,1
198648,0,20.0,1
198669,1,20.0,1
198687,0,20.0,1
198705,0,20.0,1
198723,0,20.0,1
198741,0,20.0,1
198760,0,20.0,1
198778,0,20.0,1
198796,0,20.0,1
198814,0,20.0,1
198832,0,20.0,1
198850,0,20.0,1
198870,1,20.0,1
198889,0,20.0,1
198908,1,20.0,1
198926,0,20.0,1
198944,0,20.0,1
198963,0,20.0,1
198982,0,20.0,1
199000,0,20.0,1
199018,0,20.0,1
199036,0,20.0,1
199056,1,20.0,1
199074,0,20.0,1
199095,1,20.0,1
199116,1,20.0,1
199134,0,20.0,1
199152,0,20.0,1
199170,0,20.0,1
199189,0,20.0,1
199207,0,20.0,1
199225,0,20.0,1
199246,2,20.0,1
199264,0,20.0,1
199286,1,20.0,1
199305,0,20.0,1
199323,0,20.0,1
199344,1,20.0,1
199362,0,20.0,1
199380,0,20.0,1
199398,0,20.0,1
199417,0,20.0,1
199435,0,20.0,1
199453,0,20.0,1
199472,0,20.0,1
199490,0,20.0,1
199510,1,20.0,1
199531,2,20.0,1
199549,0,20.0,1
199569,1,20.0,1
199587,0,20.0,1
199608,1,20.0,1
199627,0,20.0,1
199646,0,20.0,1
199664,0,20.0,1
199682,0,20.0,1
199700,0,20.0,1
199718,0,20.0,1
199737,0,20.0,1
199755,0,20.0,1
199773,0,20.0,1
199791,0,20.0,1
199809,0,20.0,1
199828,1,20.0,1
199846,0,20.0,1
199864,0,20.0,1
199881,0,20.0,1
199900,0,20.0,1
199918,0,20.0,1
199937,0,20.0,1
199955,0,20.0,1
199974,0,20.0,1
199993,0,20.0,1
200011,0,20.0,1
200029,0,20.0,1
200048,0,20.0,1
200067,0,20.0,1
200086,0,20.0,1
200105,0,20.0,1
200123,0,20.0,1
200142,0,20.0,1
200160,0,20.0,1
200178,0,20.0,1
200197,0,20.0,1
200215,0,20.0,1
200232,0,20.0,1
200251,0,20.0,1
200270,0,20.0,1
200288,0,20.0,1
200306,0,20.0,1
200324,0,20.0,1
200345,1,20.0,1
200363,0,20.0,1
200381,0,20.0,1
200399,0,20.0,1
200417,0,20.0,1
200437,1,20.0,1
200456,0,20.0,1
200476,1,20.0,1
200496,0,20.0,1
200514,0,20.0,1
200532,0,20.0,1
200551,0,20.0,1
200569,0,20.0,1
200588,0,20.0,1
200609,1,20.0,1
200629,1,20.0,1
200649,0,20.0,1
200668,0,20.0,1
200686,0,20.0,1
200708,1,20.0,1
200727,1,20.0,1
200747,0,20.0,1
200768,1,20.0,1
200788,1,20.0,1
200807,0,20.0,1
200825,0,20.0,1
200843,0,20.0,1
200861,0,20.0,1
200880,1,20.0,1
200899,2,20.0,1
200918,0,20.0,1
200936,0,20.0,1
200956,1,20.0,1
200975,0,20.0,1
200993,0,20.0,1
201011,0,20.0,1
201030,1,20.0,1
201048,0,20.0,1
201066,0,20.0,1
201084,0,20.0,1
201102,0,20.0,1
201122,0,20.0,1
201141,0,20.0,1
201159,0,20.0,1
201177,0,20.0,1
201196,1,20.0,1
201214,0,20.0,1
201233,0,20.0,1
201251,0,20.0,1
201269,0,20.0,1
201288,0,20.0,1
201306,0,20.0,1
201324,0,20.0,1
201343,0,20.0,1
201362,0,20.0,1
201383,1,20.0,1
201401,0,20.0,1
201419,0,20.0,1
201437,0,20.0,1
201456,0,20.0,1
201474,0,20.0,1
201493,0,20.0,1
201512,0,20.0,1
201530,0,20.0,1
201548,0,20.0,1
201567,0,20.0,1
201588,3,6.301369863013697,0
201606,0,20.0,1
201626,1,20.0,1
201646,1,20.0,1
201667,0,20.0,1
201686,1,20.0,1
201707,1,20.0,1
201726,0,20.0,1
201745,0,20.0,1
201764,0,20.0,1
201784,1,20.0,1
201804,1,20.0,1
201827,2,20.0,1
201846,0,20.0,1
201865,0,20.0,1
201883,0,20.0,1
201901,0,20.0,1
201919,0,20.0,1
201938,1,20.0,1
201957,2,20.0,1
201977,1,20.0,1
201995,0,20.0,1
202014,1,20.0,1
202034,1,20.0,1
202053,0,20.0,1
202074,1,20.0,1
202093,0,20.0,1
202111,0,20.0,1
202134,3,8.32876712328767,0
202158,2,20.0,1
202177,0,20.0,1
202198,1,20.0,1
202216,0,20.0,1
202236,0,20.0,1
202255,0,20.0,1
202274,0,20.0,1
202292,0,20.0,1
202310,0,20.0,1
202330,1,20.0,1
202349,0,20.0,1
202369,1,20.0,1
202387,0,20.0,1
202409,1,20.0,1
202428,0,20.0,1
202447,0,20.0,1
202465,0,20.0,1
202483,0,20.0,1
202502,0,20.0,1
202520,0,20.0,1
202539,0,20.0,1
202563,2,20.0,1
202581,0,20.0,1
202599,0,20.0,1
202618,0,20.0,1
202636,0,20.0,1
202656,1,20.0,1
202675,0,20.0,1
202695,2,20.0,1
202713,0,20.0,1
202731,0,20.0,1
202750,1,20.0,1
202774,2,20.0,1
202792,0,20.0,1
202810,0,20.0,1
202828,0,20.0,1
202848,1,20.0,1
202867,0,20.0,1
202886,1,20.0,1
202905,1,20.0,1
202924,1,20.0,1
202944,1,20.0,1
202965,1,20.0,1
202983,0,20.0,1
203001,0,20.0,1
203019,0,20.0,1
203037,0,20.0,1
203057,1,20.0,1
203075,0,20.0,1
203094,1,20.0,1
203113,0,20.0,1
203135,3,7.013698630136986,0
203153,0,20.0,1
203174,1,20.0,1
203193,0,20.0,1
203212,0,20.0,1
203232,1,20.0,1
203252,1,20.0,1
203271,0,20.0,1
203289,0,20.0,1
203307,0,20.0,1
203326,1,20.0,1
203345,0,20.0,1
203364,0,20.0,1
203382,0,20.0,1
203401,0,20.0,1
203424,3,8.32876712328767,0
203445,1,20.0,1
203464,0,20.0,1
203483,1,20.0,1
203501,0,20.0,1
203520,0,20.0,1
203538,0,20.0,1
203559,1,20.0,1
203578,0,20.0,1
203597,1,20.0,1
203616,0,20.0,1
203638,3,8.32876712328767,0
203658,1,20.0,1
203679,1,20.0,1
203698,0,20.0,1
203717,0,20.0,1
203735,0,20.0,1
203754,0,20.0,1
203773,0,20.0,1
203794,1,20.0,1
203814,1,20.0,1
203832,0,20.0,1
203850,0,20.0,1
203870,1,20.0,1
203889,0,20.0,1
203908,0,20.0,1
203927,1,20.0,1
203945,0,20.0,1
203963,0,20.0,1
203982,1,20.0,1
204002,1,20.0,1
204020,0,20.0,1
204039,0,20.0,1
204057,0,20.0,1
204075,0,20.0,1
204093,0,20.0,1
204112,1,20.0,1
204130,0,20.0,1
204149,0,20.0,1
204169,0,20.0,1
204188,0,20.0,1
204207,0,20.0,1
204225,0,20.0,1
204244,0,20.0,1
204262,0,20.0,1
204282,0,20.0,1
204303,1,20.0,1
204323,1,20.0,1
204345,2,20.0,1
204364,1,20.0,1
204382,0,20.0,1
204400,0,20.0,1
204419,1,20.0,1
204437,0,20.0,1
204457,1,20.0,1
204477,1,20.0,1
204496,0,20.0,1
204518,1,20.0,1
204536,0,20.0,1
204554,0,20.0,1
204573,1,20.0,1
204591,0,20.0,1
204610,1,20.0,1
204628,0,20.0,1
204647,0,20.0,1
204670,2,20.0,1
204688,0,20.0,1
204707,1,20.0,1
204725,0,20.0,1
204744,0,20.0,1
204762,0,20.0,1
204781,0,20.0,1
204801,2,20.0,1
204820,0,20.0,1
204842,2,20.0,1
204860,0,20.0,1
204878,0,20.0,1
204896,0,20.0,1
204914,0,20.0,1
204933,0,20.0,1
204952,0,20.0,1
204971,0,20.0,1
204991,1,20.0,1
205009,0,20.0,1
205028,0,20.0,1
205047,0,20.0,1
205065,0,20.0,1
205083,0,20.0,1
205102,0,20.0,1
205121,0,20.0,1
205140,1,20.0,1
205158,0,20.0,1
205177,0,20.0,1
205196,0,20.0,1
205214,0,20.0,1
205233,0,20.0,1
205252,0,20.0,1
205271,1,20.0,1
205290,1,20.0,1
205308,0,20.0,1
205327,1,20.0,1
205349,2,20.0,1
205368,0,20.0,1
205387,1,20.0,1
205405,0,20.0,1
205423,0,20.0,1
205442,0,20.0,1
205460,0,20.0,1
205479,0,20.0,1
205497,0,20.0,1
205516,0,20.0,1
205534,0,20.0,1
205553,0,20.0,1
205573,0,20.0,1
205593,0,20.0,1
205611,1,20.0,1
205630,0,20.0,1
205648,0,20.0,1
205667,0,20.0,1
205686,0,20.0,1
205707,1,20.0,1
205726,0,20.0,1
205744,0,20.0,1
205763,0,20.0,1
205781,0,20.0,1
205800,0,20.0,1
205818,0,20.0,1
205837,1,20.0,1
205856,0,20.0,1
205875,1,20.0,1
205894,0,20.0,1
205912,0,20.0,1
205930,0,20.0,1
205948,0,20.0,1
205966,0,20.0,1
205985,1,20.0,1
206003,0,20.0,1
206021,0,20.0,1
206040,1,20.0,1
206058,0,20.0,1
206077,0,20.0,1
206095,1,20.0,1
206114,0,20.0,1
206133,0,20.0,1
206154,2,20.0,1
206174,0,20.0,1
206193,1,20.0,1
206211,0,20.0,1
206230,0,20.0,1
206249,1,20.0,1
206269,0,20.0,1
206288,0,20.0,1
206307,0,20.0,1
206328,2,20.0,1
206347,1,20.0,1
206366,0,20.0,1
206389,3,8.32876712328767,0
206411,2,20.0,1
206431,0,20.0,1
206450,0,20.0,1
206469,0,20.0,1
206488,1,20.0,1
206506,0,20.0,1
206527,1,20.0,1
206549,2,20.0,1
206567,0,20.0,1
206586,1,20.0,1
206605,0,20.0,1
206623,0,20.0,1
206641,0,20.0,1
206659,0,20.0,1
206680,1,20.0,1
206699,0,20.0,1
206717,0,20.0,1
206740,3,8.32876712328767,0
206758,0,20.0,1
206778,1,20.0,1
206796,0,20.0,1
206818,3,8.328767123287669,0
206837,0,20.0,1
206855,0,20.0,1
206873,0,20.0,1
206891,0,20.0,1
206910,0,20.0,1
206929,1,20.0,1
206948,1,20.0,1
206967,0,20.0,1
206985,0,20.0,1
207004,0,20.0,1
207023,0,20.0,1
207042,0,20.0,1
207060,0,20.0,1
207079,0,20.0,1
207098,0,20.0,1
207117,0,20.0,1
207136,0,20.0,1
207155,0,20.0,1
207173,1,20.0,1
207191,0,20.0,1
207210,0,20.0,1
207229,0,19.999999999999996,1
207247,0,20.0,1
207267,1,20.0,1
207285,0,20.0,1
207307,1,20.0,1
207326,0,20.0,1
207345,1,20.0,1
207363,0,20.0,1
207381,0,20.0,1
207400,1,20.0,1
207418,0,20.0,1
207439,1,20.0,1
207457,0,20.0,1
207475,1,20.0,1
207493,0,20.0,1
207513,0,20.0,1
207531,0,20.0,1
207550,0,20.0,1
207570,0,20.0,1
207590,1,20.0,1
207609,0,20.0,1
207629,1,20.0,1
207647,0,20.0,1
207665,0,20.0,1
207685,0,20.0,1
207707,2,20.0,1
207725,0,20.0,1
207743,0,20.0,1
207761,0,20.0,1
207779,0,20.0,1
207797,0,20.0,1
207816,0,20.0,1
207834,0,20.0,1
207852,0,20.0,1
207870,0,20.0,1
207890,1,20.0,1
207912,1,20.0,1
207931,1,20.0,1
207949,0,20.0,1
207968,0,20.0,1
207987,0,20.0,1
208007,0,20.0,1
208025,0,20.0,1
208044,0,20.0,1
208065,1,20.0,1
208083,0,20.0,1
208102,0,20.0,1
208121,0,20.0,1
208140,0,20.0,1
208158,0,20.0,1
208177,0,20.0,1
208196,0,20.0,1
208214,0,20.0,1
208233,0,20.0,1
208251,0,20.0,1
208272,2,20.0,1
208290,0,20.0,1
208308,0,20.0,1
208326,0,20.0,1
208346,1,20.0,1
208367,2,20.0,1
208387,0,20.0,1
208406,0,20.0,1
208425,0,20.0,1
208444,0,20.0,1
208464,0,20.0,1
208484,1,20.0,1
208502,0,20.0,1
208523,2,20.0,1
208541,0,20.0,1
208560,0,20.0,1
208579,0,20.0,1
208600,1,20.0,1
208621,1,20.0,1
208639,0,20.0,1
208657,0,20.0,1
208675,0,20.0,1
208693,0,20.0,1
208712,0,20.0,1
208730,0,20.0,1
208748,0,20.0,1
208767,1,20.0,1
208785,0,20.0,1
208804,0,20.0,1
208823,0,20.0,1
208842,0,20.0,1
208862,0,20.0,1
208881,1,20.0,1
208899,0,20.0,1
208917,0,20.0,1
208935,0,20.0,1
208953,0,20.0,1
208971,0,20.0,1
208989,0,20.0,1
209007,0,20.0,1
209025,0,20.0,1
209046,3,7.013698630136986,0
209067,2,20.0,1
209085,0,20.0,1
209104,0,20.0,1
209123,0,20.0,1
209141,0,20.0,1
209159,0,20.0,1
209177,0,20.0,1
209196,0,20.0,1
209214,0,20.0,1
209232,0,20.0,1
209250,0,20.0,1
209268,0,20.0,1
209286,0,20.0,1
209305,0,20.0,1
209325,3,6.630136986301368,0
209344,0,20.0,1
209363,1,20.0,1
209382,0,20.0,1
209402,1,20.0,1
209421,0,20.0,1
209439,0,20.0,1
209458,0,20.0,1
209477,0,20.0,1
209499,2,20.0,1
209519,0,20.0,1
209539,1,20.0,1
209558,0,20.0,1
209576,1,20.0,1
209596,1,20.0,1
209616,1,20.0,1
209635,0,20.0,1
209655,1,20.0,1
209674,0,20.0,1
209693,0,20.0,1
209711,0,20.0,1
209730,0,20.0,1
209750,0,20.0,1
209769,1,20.0,1
209788,0,20.0,1
209806,1,20.0,1
209824,1,20.0,1
209843,0,20.0,1
209864,1,20.0,1
209882,0,20.0,1
209900,0,20.0,1
209919,0,20.0,1
209938,0,20.0,1
209957,0,20.0,1
209977,1,20.0,1
209997,0,20.0,1
210017,1,20.0,1
210036,0,20.0,1
210056,1,20.0,1
210076,0,20.0,1
210095,0,20.0,1
210115,0,20.0,1
210135,1,20.0,1
210154,1,20.0,1
210173,0,20.0,1
210192,0,20.0,1
210212,0,20.0,1
210233,1,20.0,1
210253,1,20.0,1
210277,3,8.328767123287669,0
210298,1,20.0,1
210318,0,20.0,1
210337,0,20.0,1
210356,0,20.0,1
210377,1,20.0,1
210398,1,20.0,1
210418,0,20.0,1
210437,0,20.0,1
210461,2,20.0,1
210481,0,20.0,1
210500,0,20.0,1
210519,0,20.0,1
210539,1,20.0,1
210558,1,20.0,1
210580,1,20.0,1
210599,0,20.0,1
210620,1,20.0,1
210639,1,20.0,1
210658,1,20.0,1
210677,0,20.0,1
210700,2,20.0,1
210720,1,20.0,1
210740,1,20.0,1
210759,1,20.0,1
210778,0,20.0,1
210798,1,20.0,1
210817,0,20.0,1
210836,1,20.0,1
210857,1,20.0,1
210877,1,20.0,1
210896,0,20.0,1
210915,0,20.0,1
210934,0,20.0,1
210952,0,20.0,1
210971,0,20.0,1
210990,0,20.0,1
211008,0,20.0,1
211026,0,20.0,1
211045,1,20.0,1
211064,1,20.0,1
211083,0,20.0,1
211102,1,20.0,1
211123,0,20.0,1
211142,1,20.0,1
211161,1,20.0,1
211180,0,20.0,1
211198,0,20.0,1
211217,0,20.0,1
211236,0,20.0,1
211255,0,20.0,1
211274,1,20.0,1
211294,1,20.0,1
211313,0,20.0,1
211331,0,20.0,1
211351,1,20.0,1
211370,1,20.0,1
211388,0,20.0,1
211407,1,20.0,1
211425,0,20.0,1
211443,0,20.0,1
211461,0,20.0,1
211480,0,20.0,1
211499,0,20.0,1
211517,0,20.0,1
211535,0,20.0,1
211553,0,20.0,1
211571,0,20.0,1
211590,0,20.0,1
211609,1,20.0,1
211627,0,20.0,1
211647,1,20.0,1
211667,1,20.0,1
211687,1,20.0,1
211706,0,20.0,1
211725,0,20.0,1
211743,0,20.0,1
211761,0,20.0,1
211780,0,20.0,1
211799,1,20.0,1
211817,0,20.0,1
211837,1,20.0,1
211857,1,20.0,1
211876,0,20.0,1
211894,1,20.0,1
211913,0,20.0,1
211932,0,20.0,1
211951,0,20.0,1
211970,0,20.0,1
211991,1,20.0,1
212009,0,20.0,1
212028,0,20.0,1
212046,0,20.0,1
212064,0,20.0,1
212084,0,20.0,1
212104,1,20.0,1
212122,0,20.0,1
212142,1,20.0,1
212161,0,20.0,1
212180,1,20.0,1
212199,0,20.0,1
212217,0,20.0,1
212235,0,20.0,1
212255,1,20.0,1
212276,1,20.0,1
212296,1,20.0,1
212314,0,20.0,1
212333,0,20.0,1
212351,0,20.0,1
212373,2,20.0,1
212392,1,20.0,1
212412,1,20.0,1
212431,0,20.0,1
212450,0,20.0,1
212470,1,20.0,1
212490,1,20.0,1
212512,2,20.0,1
212530,0,20.0,1
212549,0,20.0,1
212568,0,20.0,1
212587,1,20.0,1
212605,0,20.0,1
212624,1,20.0,1
212642,0,20.0,1
212660,0,20.0,1
212678,0,20.0,1
212697,0,20.0,1
212716,0,20.0,1
212734,0,20.0,1
212753,0,20.0,1
212773,1,20.0,1
212793,2,20.0,1
212812,0,20.0,1
212832,0,20.0,1
212850,0,20.0,1
212870,1,20.0,1
212890,1,20.0,1
212908,0,20.0,1
212926,0,20.0,1
212945,0,20.0,1
212965,1,20.0,1
212983,0,20.0,1
213003,1,20.0,1
213021,0,20.0,1
213039,0,20.0,1
213059,1,20.0,1
213078,1,20.0,1
213096,0,20.0,1
213114,0,20.0,1
213132,0,20.0,1
213151,1,20.0,1
213169,0,20.0,1
213189,1,20.0,1
213210,1,20.0,1
213228,0,20.0,1
213246,0,20.0,1
213263,0,20.0,1
213281,0,20.0,1
213301,0,20.0,1
213320,1,20.0,1
213339,0,20.0,1
213358,1,20.0,1
213376,0,20.0,1
213394,0,20.0,1
213414,1,20.0,1
213432,0,20.0,1
213452,0,20.0,1
213470,0,20.0,1
213489,1,20.0,1
213507,0,20.0,1
213525,0,20.0,1
213543,0,20.0,1
213562,0,20.0,1
213580,0,20.0,1
213598,0,20.0,1
213616,0,20.0,1
213635,1,20.0,1
213655,1,20.0,1
213674,0,20.0,1
213692,0,20.0,1
213710,0,20.0,1
213729,0,20.0,1
213747,0,20.0,1
213765,0,20.0,1
213783,0,20.0,1
213804,1,20.0,1
213822,1,20.0,1
213840,0,20.0,1
213859,0,20.0,1
213878,0,20.0,1
213896,0,20.0,1
213916,1,20.0,1
213934,0,20.0,1
213953,1,20.0,1
213971,0,20.0,1
213991,1,20.0,1
214011,1,20.0,1
214029,0,20.0,1
214047,0,20.0,1
214065,0,20.0,1
214083,0,20.0,1
214101,0,20.0,1
214119,0,20.0,1
214138,1,20.0,1
214156,0,20.0,1
214177,1,20.0,1
214195,0,20.0,1
214213,0,20.0,1
214232,0,20.0,1
214250,0,20.0,1
214269,0,20.0,1
214287,0,20.0,1
214308,2,20.0,1
214326,0,20.0,1
214345,1,20.0,1
214363,0,20.0,1
214381,0,20.0,1
214399,0,20.0,1
214417,0,20.0,1
214436,0,20.0,1
214454,0,20.0,1
214473,0,20.0,1
214490,0,20.0,1
214508,0,20.0,1
214528,1,20.0,1
214547,0,20.0,1
214565,0,20.0,1
214586,1,20.0,1
214604,0,20.0,1
214622,0,20.0,1
214641,0,20.0,1
214659,0,20.0,1
214678,0,20.0,1
214699,1,20.0,1
214718,0,20.0,1
214737,0,20.0,1
214756,0,20.0,1
214775,0,20.0,1
214794,0,20.0,1
214813,0,20.0,1
214832,0,20.0,1
214851,0,20.0,1
214869,0,20.0,1
214887,0,20.0,1
214905,0,20.0,1
214923,0,20.0,1
214941,0,20.0,1
214962,1,20.0,1
214981,0,20.0,1
215001,1,20.0,1
215019,0,20.0,1
215037,0,20.0,1
215056,1,20.0,1
215075,0,20.0,1
215094,0,20.0,1
215112,0,20.0,1
215132,1,20.0,1
215150,0,20.0,1
215168,0,20.0,1
215189,1,20.0,1
215208,0,20.0,1
215226,0,20.0,1
215245,0,20.0,1
215263,0,20.0,1
215281,0,20.0,1
215299,0,20.0,1
215317,0,20.0,1
215336,0,20.0,1
215357,1,20.0,1
215375,0,20.0,1
215393,0,20.0,1
215413,1,20.0,1
215432,0,20.0,1
215456,1,20.0,1
215474,0,20.0,1
215492,0,20.0,1
215513,1,20.0,1
215531,0,20.0,1
215550,0,20.0,1
215568,0,20.0,1
215589,1,20.0,1
215608,0,20.0,1
215630,1,19.999999999999996,1
215648,0,20.0,1
215667,0,20.0,1
215685,0,20.0,1
215704,0,20.0,1
215725,1,20.0,1
215743,0,20.0,1
215765,1,20.0,1
215784,0,20.0,1
215805,1,20.0,1
215824,0,20.0,1
215842,0,20.0,1
215860,0,20.0,1
215878,0,20.0,1
215896,0,20.0,1
215915,0,20.0,1
215933,0,20.0,1
215953,0,20.0,1
215972,0,20.0,1
215991,0,20.0,1
216010,0,20.0,1
216028,0,20.0,1
216046,0,20.0,1
216064,0,20.0,1
216083,0,20.0,1
216102,1,20.0,1
216120,0,20.0,1
216140,0,20.0,1
216158,0,20.0,1
216179,1,20.0,1
216198,0,20.0,1
216217,0,20.0,1
216238,1,20.0,1
216256,0,20.0,1
216275,1,20.0,1
216294,0,20.0,1
216312,0,20.0,1
216330,0,20.0,1
216349,0,20.0,1
216367,0,20.0,1
216388,1,20.0,1
216406,0,20.0,1
216425,0,20.0,1
216443,0,20.0,1
216461,0,20.0,1
216479,0,20.0,1
216499,0,20.0,1
216518,1,20.0,1
216536,0,20.0,1
216554,0,20.0,1
216575,2,20.0,1
216593,0,20.0,1
216612,1,20.0,1
216630,0,20.0,1
216648,0,20.0,1
216667,0,20.0,1
216685,0,20.0,1
216703,0,20.0,1
216721,0,20.0,1
216739,0,20.0,1
216757,0,20.0,1
216775,0,20.0,1
216799,3,8.0,0
216820,1,20.0,1
216840,1,20.0,1
216859,0,20.0,1
216878,0,20.0,1
216896,0,20.0,1
216915,1,20.0,1
216933,0,20.0,1
216952,0,20.0,1
216971,1,20.0,1
216988,0,20.0,1
217010,1,20.0,1
217028,0,20.0,1
217047,1,20.0,1
217066,0,20.0,1
217086,1,20.0,1
217105,0,20.0,1
217124,1,20.0,1
217145,1,20.0,1
217167,2,20.0,1
217186,0,20.0,1
217204,0,20.0,1
217224,0,20.0,1
217244,0,20.0,1
217262,0,20.0,1
217281,0,20.0,1
217303,1,20.0,1
217322,0,20.0,1
217341,0,20.0,1
217359,0,20.0,1
217383,2,20.0,1
217402,0,20.0,1
217421,0,20.0,1
217440,0,20.0,1
217459,0,20.0,1
217478,0,20.0,1
217496,0,20.0,1
217517,0,20.0,1
217536,0,20.0,1
217555,0,20.0,1
217575,0,20.0,1
217598,2,20.0,1
217617,0,20.0,1
217640,1,19.999999999999996,1
217659,0,20.0,1
217678,0,20.0,1
217697,0,20.0,1
217716,0,20.0,1
217737,1,20.0,1
217757,0,20.0,1
217779,1,20.0,1
217798,0,20.0,1
217817,0,20.0,1
217837,0,20.0,1
217857,1,20.0,1
217876,0,20.0,1
217895,0,20.0,1
217916,1,20.0,1
217935,1,20.0,1
217954,0,20.0,1
217973,0,20.0,1
217992,0,20.0,1
218010,0,20.0,1
218037,2,19.999999999999996,1
218056,0,20.0,1
218076,0,20.0,1
218096,1,20.0,1
218115,0,20.0,1
218134,0,20.0,1
218153,0,20.0,1
218172,0,20.0,1
218194,1,20.0,1
218214,1,20.0,1
218232,0,20.0,1
218253,1,20.0,1
218272,0,20.0,1
218291,0,20.0,1
218310,1,20.0,1
218328,0,20.0,1
218347,0,20.0,1
218366,0,20.0,1
218385,3,5.972602739726026,0
218405,1,20.0,1
218424,0,20.0,1
218446,1,20.0,1
218464,0,20.0,1
218483,0,20.0,1
218502,0,20.0,1
218521,0,20.0,1
218542,0,20.0,1
218561,0,20.0,1
218583,1,20.0,1
218604,1,20.0,1
218625,1,20.0,1
218644,1,20.0,1
218662,0,20.0,1
218680,0,20.0,1
218705,3,8.328767123287669,0
218723,0,20.0,1
218742,1,20.0,1
218761,0,20.0,1
218782,3,5.972602739726026,0
218803,2,20.0,1
218821,0,20.0,1
218841,0,20.0,1
218859,0,20.0,1
218877,0,20.0,1
218896,0,20.0,1
218915,1,20.0,1
218935,1,20.0,1
218955,1,20.0,1
218974,0,20.0,1
218993,0,20.0,1
219017,1,20.0,1
219036,1,20.0,1
219054,0,20.0,1
219074,1,20.0,1
219092,0,20.0,1
219110,1,20.0,1
219130,0,20.0,1
219148,0,20.0,1
219170,1,20.0,1
219188,0,20.0,1
219207,0,20.0,1
219227,1,20.0,1
219245,0,20.0,1
219264,0,20.0,1
219282,0,20.0,1
219301,0,20.0,1
219320,0,20.0,1
219339,0,20.0,1
219360,1,20.0,1
219380,1,20.0,1
219398,0,20.0,1
219417,0,20.0,1
219435,0,20.0,1
219455,1,20.0,1
219480,2,20.0,1
219498,0,20.0,1
219519,1,20.0,1
219538,0,20.0,1
219556,0,20.0,1
219574,0,20.0,1
219592,0,20.0,1
219613,3,6.301369863013695,0
219632,0,20.0,1
219650,0,20.0,1
219669,0,20.0,1
219687,0,20.0,1
219706,0,20.0,1
219725,0,20.0,1
219744,0,20.0,1
219764,1,20.0,1
219782,0,20.0,1
219800,0,20.0,1
219820,1,20.0,1
219838,0,20.0,1
219858,1,20.0,1
219876,0,20.0,1
219896,0,20.0,1
219915,0,20.0,1
219933,0,20.0,1
219951,0,20.0,1
219969,0,20.0,1
219987,0,20.0,1
220006,0,20.0,1
220025,0,20.0,1
220043,1,20.0,1
220061,0,20.0,1
220080,0,20.0,1
220099,0,20.0,1
220117,0,20.0,1
220135,0,20.0,1
220153,0,20.0,1
220171,0,20.0,1
220192,0,20.0,1
220214,1,20.0,1
220239,3,7.9999999999999964,0
220259,0,20.0,1
220278,0,20.0,1
220296,0,20.0,1
220314,0,20.0,1
220333,0,20.0,1
220357,1,20.0,1
220376,0,20.0,1
220395,0,20.0,1
220413,0,20.0,1
220432,0,20.0,1
220450,0,20.0,1
220469,0,20.0,1
220488,0,20.0,1
220506,0,20.0,1
220524,0,20.0,1
220542,0,20.0,1
220562,1,20.0,1
220580,0,20.0,1
220599,0,20.0,1
220618,0,20.0,1
220636,0,20.0,1
220655,0,20.0,1
220674,0,20.0,1
220695,3,5.972602739726026,0
220714,0,20.0,1
220733,0,20.0,1
220751,0,20.0,1
220769,0,20.0,1
220787,0,20.0,1
220806,0,20.0,1
220826,1,20.0,1
220845,0,20.0,1
220864,0,20.0,1
220883,0,20.0,1
220902,0,20.0,1
220921,0,20.0,1
220940,0,20.0,1
220959,0,20.0,1
220977,0,20.0,1
220998,1,20.0,1
221016,0,20.0,1
221034,0,20.0,1
221052,0,20.0,1
221071,0,20.0,1
221090,0,20.0,1
221111,2,20.0,1
221129,0,20.0,1
221148,0,20.0,1
221170,1,20.0,1
221189,0,20.0,1
221207,0,20.0,1
221226,0,20.0,1
221244,0,20.0,1
221263,0,20.0,1
221281,0,20.0,1
221298,0,20.0,1
221316,0,20.0,1
221335,0,20.0,1
221354,0,20.0,1
221374,0,20.0,1
221392,0,20.0,1
221411,0,20.0,1
221430,0,20.0,1
221451,1,20.0,1
221470,0,20.0,1
221488,0,20.0,1
221507,0,20.0,1
221525,0,20.0,1
221545,0,20.0,1
221564,0,20.0,1
221583,0,20.0,1
221601,0,20.0,1
221619,0,20.0,1
221638,0,20.0,1
221661,3,7.013698630136986,0
221679,0,20.0,1
221699,0,20.0,1
221718,0,20.0,1
221736,0,20.0,1
221754,0,20.0,1
221775,1,20.0,1
221794,0,20.0,1
221813,0,20.0,1
221833,0,20.0,1
221853,1,20.0,1
221872,0,20.0,1
221891,0,20.0,1
221910,0,20.0,1
221928,0,20.0,1
221947,0,20.0,1
221967,0,20.0,1
221986,0,20.0,1
222005,0,20.0,1
222024,0,20.0,1
222044,0,20.0,1
222063,1,20.0,1
222082,0,20.0,1
222101,0,20.0,1
222120,0,20.0,1
222140,0,20.0,1
222158,0,20.0,1
222177,0,20.0,1
222197,0,20.0,1
222216,0,20.0,1
222234,0,20.0,1
222252,0,20.0,1
222270,0,20.0,1
222288,0,20.0,1
222306,0,20.0,1
222324,0,20.0,1
222342,0,20.0,1
222361,1,20.0,1
222379,0,20.0,1
222398,0,20.0,1
222416,0,20.0,1
222434,0,20.0,1
222452,0,20.0,1
222471,0,20.0,1
222490,0,20.0,1
222509,0,20.0,1
222528,0,20.0,1
222546,0,20.0,1
222563,0,20.0,1
222582,0,20.0,1
222602,0,20.0,1
222620,0,20.0,1
222638,0,20.0,1
222657,0,20.0,1
222676,1,20.0,1
222695,0,20.0,1
222713,0,20.0,1
222731,0,20.0,1
222750,0,20.0,1
222769,0,20.0,1
222788,0,20.0,1
222807,0,20.0,1
222825,0,20.0,1
222843,0,20.0,1
222862,0,20.0,1
222880,0,20.0,1
222899,0,20.0,1
222918,0,20.0,1
222936,0,20.0,1
222955,0,20.0,1
222974,0,20.0,1
222994,0,20.0,1
223013,0,20.0,1
223032,0,20.0,1
223051,0,20.0,1
223070,0,20.0,1
223089,1,20.0,1
223108,0,20.0,1
223127,0,20.0,1
223146,0,20.0,1
223165,0,20.0,1
223184,1,20.0,1
223202,0,20.0,1
223220,0,20.0,1
223239,0,20.0,1
223260,1,20.0,1
223278,0,20.0,1
223296,0,20.0,1
223314,0,20.0,1
223332,0,20.0,1
223351,0,20.0,1
223370,0,20.0,1
223389,0,20.0,1
223407,0,20.0,1
223426,0,20.0,1
223444,0,20.0,1
223463,0,20.0,1
223480,0,20.0,1
223499,0,20.0,1
223518,0,20.0,1
223536,0,20.0,1
223556,1,20.0,1
223577,1,20.0,1
223596,0,20.0,1
223615,0,20.0,1
223634,0,20.0,1
223653,0,20.0,1
223672,0,20.0,1
223695,3,7.013698630136984,0
223713,0,20.0,1
223732,0,20.0,1
223751,0,20.0,1
223772,1,20.0,1
223791,0,20.0,1
223809,0,20.0,1
223829,1,20.0,1
223851,1,20.0,1
223870,1,20.0,1
223889,0,20.0,1
223908,0,20.0,1
223927,0,20.0,1
223947,0,20.0,1
223966,0,20.0,1
223987,1,20.0,1
224006,0,20.0,1
224025,0,20.0,1
224043,0,20.0,1
224061,0,20.0,1
224079,0,20.0,1
224097,0,20.0,1
224116,1,20.0,1
224134,0,20.0,1
224153,0,20.0,1
224175,1,20.0,1
224193,0,20.0,1
224212,0,20.0,1
224231,0,20.0,1
224249,0,20.0,1
224271,1,20.0,1
224295,3,8.328767123287669,0
224315,0,20.0,1
224333,0,20.0,1
224351,0,20.0,1
224369,0,20.0,1
224387,0,20.0,1
224406,0,20.0,1
224424,0,20.0,1
224444,0,20.0,1
224463,0,20.0,1
224482,0,20.0,1
224501,0,20.0,1
224519,0,20.0,1
224538,0,20.0,1
224556,0,20.0,1
224575,0,20.0,1
224594,0,20.0,1
224613,0,20.0,1
224631,0,20.0,1
224650,0,20.0,1
224669,0,20.0,1
224690,2,20.0,1
224713,3,8.0,0
224731,0,20.0,1
224749,0,20.0,1
224768,0,20.0,1
224787,0,20.0,1
224806,0,20.0,1
224825,1,20.0,1
224843,0,20.0,1
224861,0,20.0,1
224880,0,20.0,1
224899,0,20.0,1
224919,3,6.630136986301368,0
224939,1,20.0,1
224958,1,20.0,1
224977,0,20.0,1
224997,1,20.0,1
225015,0,20.0,1
225036,1,20.0,1
225055,0,20.0,1
225074,0,20.0,1
225093,0,20.0,1
225115,1,20.0,1
225134,1,20.0,1
225152,0,20.0,1
225172,1,20.0,1
225191,0,20.0,1
225215,3,8.328767123287669,0
225234,0,20.0,1
225254,2,20.0,1
225272,0,20.0,1
225291,1,20.0,1
225310,0,20.0,1
225330,1,20.0,1
225349,0,20.0,1
225368,0,20.0,1
225387,0,20.0,1
225406,1,20.0,1
225424,0,20.0,1
225443,0,20.0,1
225464,1,20.0,1
225483,0,20.0,1
225503,1,20.0,1
225525,1,20.0,1
225544,0,20.0,1
225564,1,20.0,1
225587,3,7.671232876712329,0
225605,0,20.0,1
225624,0,20.0,1
225643,0,20.0,1
225662,1,20.0,1
225682,0,20.0,1
225701,0,20.0,1
225721,3,5.9726027397260255,0
225741,0,20.0,1
225759,0,20.0,1
225778,0,20.0,1
225796,0,20.0,1
225814,0,20.0,1
225833,0,20.0,1
225852,0,20.0,1
225871,0,20.0,1
225894,1,20.0,1
225912,0,20.0,1
225931,0,20.0,1
225953,1,20.0,1
225974,1,20.0,1
225993,1,20.0,1
226011,0,20.0,1
226029,0,20.0,1
226047,0,20.0,1
226066,0,20.0,1
226085,0,20.0,1
226104,0,20.0,1
226121,0,20.0,1
226139,0,20.0,1
226158,0,20.0,1
226176,0,20.0,1
226198,2,20.0,1
226225,3,7.999999999999998,0
226245,1,20.0,1
226263,0,20.0,1
226284,3,7.999999999999999,0
226302,0,20.0,1
226320,0,20.0,1
226341,3,7.342465753424658,0
226360,0,20.0,1
226382,2,20.0,1
226402,1,20.0,1
226421,0,20.0,1
226441,1,20.0,1
226461,0,20.0,1
226480,0,20.0,1
226500,0,20.0,1
226523,2,20.0,1
226545,2,20.0,1
226563,0,20.0,1
226581,0,20.0,1
226600,1,20.0,1
226622,2,20.0,1
226647,3,7.999999999999998,0
226666,3,5.972602739726028,0
226686,1,20.0,1
226704,0,20.0,1
226723,1,20.0,1
226740,0,20.0,1
226759,0,20.0,1
226777,0,20.0,1
226796,3,6.301369863013697,0
226814,0,20.0,1
226834,1,20.0,1
226854,1,20.0,1
226876,1,20.0,1
226894,0,20.0,1
226913,0,20.0,1
226931,0,20.0,1
226955,3,7.342465753424655,0
226973,0,20.0,1
226993,0,20.0,1
227014,1,20.0,1
227036,2,20.0,1
227056,1,20.0,1
227075,0,20.0,1
227096,1,20.0,1
227116,1,20.0,1
227135,0,20.0,1
227155,1,20.0,1
227174,0,20.0,1
227193,0,20.0,1
227215,1,20.0,1
227235,1,20.0,1
227259,2,20.0,1
227286,3,8.328767123287669,0
227311,3,7.999999999999998,0
227335,1,20.0,1
227354,0,20.0,1
227373,3,6.301369863013697,0
227391,0,20.0,1
227409,0,20.0,1
227429,0,20.0,1
227456,2,20.0,1
227478,1,20.0,1
227497,0,20.0,1
227516,0,20.0,1
227535,0,20.0,1
227556,1,20.0,1
227575,0,20.0,1
227593,0,20.0,1
227612,0,20.0,1
227631,0,20.0,1
227650,0,20.0,1
227670,1,20.0,1
227691,1,20.0,1
227711,1,20.0,1
227730,1,20.0,1
227750,0,20.0,1
227770,2,20.0,1
227788,0,20.0,1
227809,1,20.0,1
227832,2,20.0,1
227850,0,20.0,1
227869,0,20.0,1
227889,1,20.0,1
227906,0,20.0,1
227924,0,20.0,1
227942,0,20.0,1
227961,0,20.0,1
227980,0,20.0,1
227998,0,20.0,1
228016,0,20.0,1
228034,0,20.0,1
228052,0,20.0,1
228071,0,20.0,1
228090,0,20.0,1
228109,0,20.0,1
228132,1,20.0,1
228150,0,20.0,1
228168,0,20.0,1
228188,0,20.0,1
228209,3,7.013698630136985,0
228228,0,20.0,1
228246,0,20.0,1
228266,1,20.0,1
228284,0,20.0,1
228306,1,19.999999999999996,1
228324,0,20.0,1
228345,1,20.0,1
228363,0,20.0,1
228383,0,20.0,1
228402,0,20.0,1
228423,1,20.0,1
228441,0,20.0,1
228459,0,20.0,1
228477,0,20.0,1
228495,0,20.0,1
228514,0,20.0,1
228532,0,20.0,1
228551,0,20.0,1
228569,0,20.0,1
228588,3,5.972602739726026,0
228606,0,20.0,1
228625,0,20.0,1
228645,1,20.0,1
228664,0,20.0,1
228684,0,20.0,1
228703,0,20.0,1
228723,1,20.0,1
228745,2,20.0,1
228768,1,20.0,1
228787,0,20.0,1
228811,3,7.342465753424655,0
228829,0,20.0,1
228848,0,20.0,1
228869,1,20.0,1
228888,0,20.0,1
228907,0,20.0,1
228933,2,20.0,1
228952,1,20.0,1
228971,0,20.0,1
228990,0,20.0,1
229008,0,20.0,1
229030,3,7.013698630136986,0
229049,1,20.0,1
229069,2,20.0,1
229087,0,20.0,1
229106,0,20.0,1
229125,0,20.0,1
229144,0,20.0,1
229163,0,20.0,1
229183,1,20.0,1
229205,1,20.0,1
229223,0,20.0,1
229242,0,20.0,1
229263,1,20.0,1
229282,1,20.0,1
229302,0,20.0,1
229321,1,20.0,1
229345,1,20.0,1
229364,1,20.0,1
229385,1,20.0,1
229403,0,20.0,1
229421,0,20.0,1
229441,0,20.0,1
229460,1,20.0,1
229479,0,20.0,1
229498,0,20.0,1
229517,0,20.0,1
229545,3,8.328767123287667,0
229564,1,20.0,1
229584,1,20.0,1
229603,0,20.0,1
229625,1,20.0,1
229644,1,20.0,1
229662,1,20.0,1
229680,0,20.0,1
229699,1,20.0,1
229717,0,20.0,1
229735,0,20.0,1
229754,0,20.0,1
229772,0,20.0,1
229792,0,20.0,1
229810,0,20.0,1
229829,0,20.0,1
229849,1,20.0,1
229871,1,20.0,1
229890,0,20.0,1
229911,2,19.999999999999996,1
229930,1,20.0,1
229948,0,20.0,1
229971,1,20.0,1
229990,0,20.0,1
230008,0,20.0,1
230027,0,20.0,1
230046,0,20.0,1
230065,0,20.0,1
230084,0,20.0,1
230103,0,20.0,1
230121,0,20.0,1
230141,0,20.0,1
230161,0,20.0,1
230179,0,20.0,1
230200,1,20.0,1
230218,0,20.0,1
230237,0,20.0,1
230256,0,20.0,1
230276,2,20.0,1
230295,0,20.0,1
230314,1,20.0,1
230332,0,20.0,1
230352,1,20.0,1
230370,0,20.0,1
230390,1,20.0,1
230413,1,20.0,1
230432,0,20.0,1
230451,0,20.0,1
230470,0,20.0,1
230491,1,20.0,1
230511,1,20.0,1
230531,0,20.0,1
230552,1,20.0,1
230572,0,20.0,1
230593,1,20.0,1
230612,1,20.0,1
230632,1,20.0,1
230650,0,20.0,1
230672,0,20.0,1
230696,2,20.0,1
230716,0,20.0,1
230735,0,20.0,1
230755,0,20.0,1
230774,0,20.0,1
230794,0,20.0,1
230815,1,20.0,1
230834,0,20.0,1
230853,0,20.0,1
230873,1,20.0,1
230897,1,19.999999999999996,1
230917,1,20.0,1
230940,1,20.0,1
230961,1,20.0,1
230980,0,20.0,1
231001,0,20.0,1
231026,2,20.0,1
231044,0,20.0,1
231068,3,8.328767123287669,0
231089,1,20.0,1
231108,1,20.0,1
231129,1,20.0,1
231148,0,20.0,1
231169,0,20.0,1
231188,0,20.0,1
231210,1,20.0,1
231230,0,20.0,1
231251,1,20.0,1
231274,1,20.0,1
231299,2,20.0,1
231318,0,20.0,1
231336,0,20.0,1
231356,0,20.0,1
231378,1,20.0,1
231402,3,7.6712328767123275,0
231426,3,8.328767123287669,0
231446,0,20.0,1
231466,1,20.0,1
231485,0,20.0,1
231504,0,20.0,1
231525,1,20.0,1
231544,0,20.0,1
231565,0,20.0,1
231587,1,20.0,1
231608,1,20.0,1
231627,0,20.0,1
231650,1,20.0,1
231669,0,20.0,1
231688,0,20.0,1
231707,0,20.0,1
231725,0,20.0,1
231743,0,20.0,1
231761,0,20.0,1
231780,1,20.0,1
231800,1,20.0,1
231820,1,20.0,1
231842,1,20.0,1
231862,0,20.0,1
231885,1,19.999999999999996,1
231910,3,8.32876712328767,0
231929,1,20.0,1
231948,0,20.0,1
231972,2,20.0,1
231992,0,20.0,1
232012,1,20.0,1
232036,1,20.0,1
232058,1,20.0,1
232078,0,20.0,1
232097,0,20.0,1
232118,1,20.0,1
232137,0,20.0,1
232161,1,20.0,1
232183,2,20.0,1
232204,0,20.0,1
232229,3,8.32876712328767,0
232249,1,20.0,1
232270,1,20.0,1
232290,1,20.0,1
232311,1,19.999999999999996,1
232331,0,20.0,1
232352,1,20.0,1
232375,3,7.999999999999996,0
232397,1,20.0,1
232416,0,20.0,1
232437,2,20.0,1
232456,0,20.0,1
232476,1,20.0,1
232498,3,7.2876712328767095,0
232520,3,7.013698630136985,0
232542,0,20.0,1
232564,2,20.0,1
232588,2,20.0,1
232607,1,20.0,1
232628,0,20.0,1
232650,1,20.0,1
232670,1,20.0,1
232690,0,20.0,1
232710,1,20.0,1
232729,0,20.0,1
232749,1,20.0,1
232774,2,20.0,1
232793,0,20.0,1
232813,1,20.0,1
232833,1,20.0,1
232855,3,8.328767123287669,0
232875,1,20.0,1
232895,0,20.0,1
232916,2,20.0,1
232933,0,20.0,1
232954,1,20.0,1
232975,1,20.0,1
232995,1,20.0,1
233014,1,20.0,1
233035,3,6.958904109589039,0
233054,0,20.0,1
233074,0,20.0,1
233093,0,20.0,1
233113,0,20.0,1
233134,1,20.0,1
233154,0,20.0,1
233179,3,7.999999999999998,0
233199,1,20.0,1
233224,2,20.0,1
233243,1,20.0,1
233264,2,20.0,1
233324,3,8.328767123287669,0
233344,0,20.0,1
233364,0,20.0,1
233385,1,20.0,1
233405,0,20.0,1
233427,1,20.0,1
233449,1,19.999999999999996,1
233469,1,20.0,1
233489,0,20.0,1
233509,0,20.0,1
233532,3,7.616438356164382,0
233551,0,20.0,1
233573,2,20.0,1
233592,0,20.0,1
233612,0,20.0,1
233631,0,20.0,1
233651,1,20.0,1
233672,1,20.0,1
233691,1,20.0,1
233710,0,20.0,1
233730,1,20.0,1
233749,1,20.0,1
233768,0,20.0,1
233788,0,20.0,1
233808,0,20.0,1
233826,0,20.0,1
233845,0,20.0,1
233864,1,20.0,1
233883,0,20.0,1
233902,0,20.0,1
233922,1,20.0,1
233941,0,19.999999999999996,1
233960,0,20.0,1
233980,1,20.0,1
233999,0,20.0,1
234018,0,20.0,1
234037,1,20.0,1
234056,0,20.0,1
234074,0,20.0,1
234093,1,20.0,1
234113,1,20.0,1
234132,0,20.0,1
234151,0,20.0,1
234170,0,20.0,1
234189,0,20.0,1
234207,0,20.0,1
234226,1,20.0,1
234245,0,20.0,1
234264,0,20.0,1
234283,0,20.0,1
234301,0,20.0,1
234320,0,20.0,1
234339,0,20.0,1
234364,3,8.32876712328767,0
234384,1,20.0,1
234402,0,20.0,1
234420,0,20.0,1
234446,3,8.328767123287669,0
234465,1,20.0,1
234485,2,20.0,1
234503,0,20.0,1
234526,3,7.013698630136985,0
234552,2,20.0,1
234571,0,20.0,1
234589,0,20.0,1
234607,0,20.0,1
234631,1,20.0,1
234654,1,20.0,1
234675,0,20.0,1
234698,3,7.287671232876711,0
234718,1,20.0,1
234738,1,20.0,1
234758,0,20.0,1
234782,2,20.0,1
234801,1,20.0,1
234821,0,20.0,1
234840,0,20.0,1
234858,0,20.0,1
234879,1,20.0,1
234900,1,20.0,1
234922,1,20.0,1
234944,1,19.999999999999996,1
234963,1,20.0,1
234982,0,20.0,1
235004,1,20.0,1
235023,0,20.0,1
235042,0,20.0,1
235061,0,20.0,1
235079,0,20.0,1
235102,1,20.0,1
235121,1,20.0,1
235140,0,20.0,1
235160,0,20.0,1
235179,0,20.0,1
235199,0,20.0,1
235219,0,20.0,1
235238,0,20.0,1
235258,0,20.0,1
235277,0,20.0,1
235296,0,20.0,1
235314,0,20.0,1
235333,1,20.0,1
235352,0,20.0,1
235373,1,20.0,1
235393,1,20.0,1
235413,1,19.999999999999996,1
235434,1,20.0,1
235453,1,20.0,1
235472,0,20.0,1
235495,1,20.0,1
235517,3,7.287671232876711,0
235536,1,20.0,1
235556,1,20.0,1
235577,2,20.0,1
235596,0,20.0,1
235614,0,20.0,1
235634,0,20.0,1
235654,1,20.0,1
235677,2,19.999999999999996,1
235695,0,20.0,1
235714,0,20.0,1
235735,2,20.0,1
235755,1,20.0,1
235780,3,8.328767123287669,0
235798,0,20.0,1
235817,1,20.0,1
235836,1,20.0,1
235854,0,20.0,1
235874,1,20.0,1
235893,0,20.0,1
235913,1,20.0,1
235933,0,20.0,1
235954,1,20.0,1
235974,1,20.0,1
235993,0,20.0,1
236012,0,20.0,1
236033,1,20.0,1
236053,1,20.0,1
236074,0,20.0,1
236097,3,8.0,0
236123,1,20.0,1
236145,3,6.630136986301368,0
236168,2,20.0,1
236187,0,20.0,1
236205,1,20.0,1
236224,0,20.0,1
236243,0,20.0,1
236262,0,20.0,1
236282,0,20.0,1
236301,0,20.0,1
236322,1,20.0,1
236342,1,20.0,1
236363,0,20.0,1
236383,0,20.0,1
236402,0,20.0,1
236422,0,20.0,1
236441,0,20.0,1
236460,0,20.0,1
236480,1,20.0,1
236500,0,20.0,1
236519,0,20.0,1
236540,1,20.0,1
236560,0,20.0,1
236580,1,20.0,1
236601,0,20.0,1
236624,3,6.684931506849313,0
236645,1,20.0,1
236666,1,20.0,1
236685,0,20.0,1
236705,0,20.0,1
236725,0,20.0,1
236744,0,20.0,1
236762,0,20.0,1
236782,0,20.0,1
236802,1,20.0,1
236820,0,20.0,1
236842,2,20.0,1
236862,1,20.0,1
236882,0,20.0,1
236901,1,20.0,1
236922,0,20.0,1
236942,1,20.0,1
236962,0,20.0,1
236982,1,20.0,1
237003,0,20.0,1
237024,0,20.0,1
237044,0,20.0,1
237063,0,20.0,1
237082,1,20.0,1
237101,0,20.0,1
237121,0,20.0,1
237142,1,20.0,1
237166,2,20.0,1
237186,1,20.0,1
237205,0,20.0,1
237226,1,20.0,1
237246,0,20.0,1
237268,1,20.0,1
237293,3,8.328767123287669,0
237314,0,20.0,1
237338,3,7.6712328767123275,0
237360,1,20.0,1
237381,1,20.0,1
237403,1,20.0,1
237424,0,20.0,1
237446,2,20.0,1
237468,2,20.0,1
237495,3,8.328767123287669,0
237514,1,20.0,1
237538,3,7.999999999999998,0
237557,0,20.0,1
237578,0,20.0,1
237597,0,20.0,1
237616,0,20.0,1
237635,0,20.0,1
237656,0,20.0,1
237677,0,20.0,1
237696,0,20.0,1
237715,0,20.0,1
237738,2,20.0,1
237758,1,20.0,1
237779,0,20.0,1
237798,0,20.0,1
237819,1,20.0,1
237840,1,20.0,1
237861,0,20.0,1
237881,0,20.0,1
237906,1,20.0,1
237926,0,20.0,1
237947,1,20.0,1
237967,0,20.0,1
237987,1,19.999999999999996,1
238007,0,20.0,1
238031,2,20.0,1
238051,0,20.0,1
238071,1,20.0,1
238090,0,20.0,1
238112,1,20.0,1
238137,3,7.342465753424657,0
238157,1,20.0,1
238176,0,20.0,1
238195,0,20.0,1
238215,0,20.0,1
238234,0,20.0,1
238254,1,20.0,1
238273,0,20.0,1
238295,1,20.0,1
238319,2,20.0,1
238339,0,20.0,1
238358,0,20.0,1
238381,3,7.999999999999997,0
238401,1,20.0,1
238421,0,20.0,1
238440,1,20.0,1
238463,1,20.0,1
238483,0,20.0,1
238502,0,20.0,1
238527,3,7.9999999999999964,0
238546,0,20.0,1
238571,3,8.328767123287669,0
238593,1,20.0,1
238612,0,20.0,1
238633,0,20.0,1
238653,1,20.0,1
238672,0,20.0,1
238691,0,20.0,1
238714,1,20.0,1
238733,0,20.0,1
238754,1,20.0,1
238773,1,20.0,1
238796,1,20.0,1
238815,0,20.0,1
238835,0,20.0,1
238856,1,20.0,1
238874,0,20.0,1
238893,0,20.0,1
238911,0,20.0,1
238930,0,20.0,1
238948,0,20.0,1
238967,0,20.0,1
238986,1,20.0,1
239007,1,20.0,1
239026,0,20.0,1
239045,0,20.0,1
239067,2,20.0,1
239086,0,20.0,1
239105,1,20.0,1
239130,2,20.0,1
239149,0,20.0,1
239168,0,20.0,1
239187,0,20.0,1
239206,0,20.0,1
239226,1,20.0,1
239246,0,20.0,1
239265,0,20.0,1
239286,1,20.0,1
239307,0,20.0,1
239327,1,20.0,1
239347,1,20.0,1
239366,0,20.0,1
239385,0,20.0,1
239404,0,20.0,1
239424,0,20.0,1
239444,1,20.0,1
239467,1,20.0,1
239486,0,20.0,1
239505,0,20.0,1
239523,0,20.0,1
239542,0,20.0,1
239561,0,20.0,1
239580,0,20.0,1
239601,1,20.0,1
239621,0,20.0,1
239647,2,20.0,1
239665,0,20.0,1
239684,1,20.0,1
239703,0,19.999999999999996,1
239723,0,20.0,1
239742,0,20.0,1
239762,1,20.0,1
239781,1,20.0,1
239800,1,20.0,1
239819,0,20.0,1
239840,1,20.0,1
239861,0,20.0,1
239880,0,20.0,1
239900,1,20.0,1
239921,1,20.0,1
239940,0,20.0,1
239962,1,20.0,1
239981,1,20.0,1
240000,0,20.0,1
240021,1,20.0,1
240042,1,20.0,1
240060,0,20.0,1
240085,2,20.0,1
240103,1,20.0,1
240122,0,20.0,1
240141,0,20.0,1
240160,1,20.0,1
240179,0,20.0,1
240201,1,20.0,1
240221,0,20.0,1
240244,1,20.0,1
240262,0,20.0,1
240282,0,20.0,1
240301,0,20.0,1
240320,0,20.0,1
240342,1,20.0,1
240361,0,20.0,1
240380,0,20.0,1
240399,0,20.0,1
240418,0,20.0,1
240437,0,20.0,1
240456,0,20.0,1
240477,1,20.0,1
240496,0,20.0,1
240518,1,20.0,1
240539,0,20.0,1
240558,0,20.0,1
240577,0,20.0,1
240597,0,20.0,1
240620,1,19.999999999999996,1
240638,0,20.0,1
240658,0,20.0,1
240677,1,20.0,1
240699,1,20.0,1
240719,1,20.0,1
240737,0,20.0,1
240756,1,20.0,1
240775,0,20.0,1
240794,0,20.0,1
240811,0,20.0,1
240833,1,20.0,1
240855,1,20.0,1
240875,0,20.0,1
240894,0,20.0,1
240913,0,20.0,1
240932,0,20.0,1
240951,0,20.0,1
240975,1,20.0,1
240994,0,20.0,1
241014,0,20.0,1
241038,1,20.0,1
241058,0,20.0,1
241076,0,20.0,1
241094,0,20.0,1
241113,0,20.0,1
241133,1,20.0,1
241152,0,20.0,1
241172,0,20.0,1
241191,0,20.0,1
241211,0,20.0,1
241231,1,20.0,1
241250,1,20.0,1
241269,0,20.0,1
241290,1,20.0,1
241311,1,20.0,1
241330,0,20.0,1
241348,0,20.0,1
241367,0,20.0,1
241386,0,20.0,1
241405,0,20.0,1
241424,0,20.0,1
241443,0,20.0,1
241462,0,19.999999999999996,1
241483,1,20.0,1
241502,0,20.0,1
241521,0,20.0,1
241540,0,20.0,1
241560,1,20.0,1
241578,0,20.0,1
241597,0,20.0,1
241616,0,20.0,1
241638,1,20.0,1
241656,0,20.0,1
241674,0,20.0,1
241692,0,20.0,1
241710,0,20.0,1
241730,1,20.0,1
241748,0,20.0,1
241770,1,20.0,1
241793,1,20.0,1
241813,1,20.0,1
241831,0,20.0,1
241849,0,20.0,1
241870,1,20.0,1
241889,0,20.0,1
241907,0,20.0,1
241932,2,20.0,1
241952,1,20.0,1
241971,0,20.0,1
241991,0,20.0,1
242010,0,20.0,1
242029,0,20.0,1
242050,1,20.0,1
242068,0,20.0,1
242087,0,20.0,1
242105,0,20.0,1
242125,0,20.0,1
242144,0,20.0,1
242162,0,20.0,1
242181,0,20.0,1
242201,1,20.0,1
242224,3,6.356164383561644,0
242244,0,20.0,1
242264,0,20.0,1
242283,0,20.0,1
242303,1,20.0,1
242324,1,20.0,1
242343,0,20.0,1
242364,1,20.0,1
242384,1,20.0,1
242404,0,20.0,1
242424,1,20.0,1
242445,1,19.999999999999996,1
242466,1,20.0,1
242484,1,20.0,1
242503,0,20.0,1
242521,0,20.0,1
242540,0,20.0,1
242559,0,20.0,1
242581,1,20.0,1
242602,1,20.0,1
242621,0,20.0,1
242641,1,20.0,1
242659,0,20.0,1
242679,1,20.0,1
242698,0,20.0,1
242717,0,20.0,1
242735,0,20.0,1
242754,0,20.0,1
242777,1,20.0,1
242797,1,20.0,1
242816,0,20.0,1
242837,1,20.0,1
242856,0,20.0,1
242875,0,20.0,1
242894,0,20.0,1
242913,0,20.0,1
242932,0,20.0,1
242952,0,20.0,1
242971,0,20.0,1
242990,0,20.0,1
243009,0,20.0,1
243027,0,20.0,1
243045,0,20.0,1
243063,0,20.0,1
243084,1,20.0,1
243102,0,20.0,1
243123,1,20.0,1
243144,1,20.0,1
243163,0,20.0,1
243182,0,20.0,1
243200,0,20.0,1
243226,2,20.0,1
243245,0,20.0,1
243264,1,20.0,1
243283,0,20.0,1
243303,1,20.0,1
243322,0,20.0,1
243340,0,20.0,1
243360,1,20.0,1
243380,0,20.0,1
243399,0,20.0,1
243419,1,20.0,1
243438,1,20.0,1
243457,1,20.0,1
243476,0,20.0,1
243500,2,20.0,1
243520,1,20.0,1
243539,1,20.0,1
243558,1,20.0,1
243576,0,20.0,1
243595,1,20.0,1
243614,0,20.0,1
243633,0,20.0,1
243651,0,20.0,1
243669,0,20.0,1
243688,0,20.0,1
243707,0,20.0,1
243727,0,20.0,1
243745,0,20.0,1
243765,1,20.0,1
243791,2,20.0,1
243811,1,20.0,1
243830,0,20.0,1
243849,0,20.0,1
243867,0,20.0,1
243889,1,20.0,1
243907,0,20.0,1
243928,1,20.0,1
243946,0,20.0,1
243964,0,20.0,1
243989,2,20.0,1
244012,1,19.999999999999996,1
244030,0,20.0,1
244049,0,20.0,1
244068,0,20.0,1
244090,1,20.0,1
244108,0,20.0,1
244126,0,20.0,1
244144,0,20.0,1
244163,0,20.0,1
244181,0,20.0,1
244199,0,20.0,1
244218,0,20.0,1
244238,0,20.0,1
244258,1,20.0,1
244277,0,20.0,1
244295,0,20.0,1
244318,1,20.0,1
244337,0,20.0,1
244356,0,20.0,1
244379,1,20.0,1
244398,0,20.0,1
244416,0,20.0,1
244437,1,20.0,1
244456,0,20.0,1
244478,1,20.0,1
244497,0,20.0,1
244518,1,20.0,1
244537,0,20.0,1
244555,0,20.0,1
244573,0,20.0,1
244592,0,20.0,1
244616,1,20.0,1
244635,0,20.0,1
244653,0,20.0,1
244670,0,20.0,1
244689,0,20.0,1
244712,2,20.0,1
244730,0,20.0,1
244752,1,20.0,1
244773,1,20.0,1
244792,0,20.0,1
244810,0,20.0,1
244829,0,20.0,1
244848,0,20.0,1
244867,0,20.0,1
244891,2,20.0,1
244909,0,20.0,1
244932,1,20.0,1
244951,0,20.0,1
244971,1,20.0,1
244989,0,20.0,1
245007,0,20.0,1
245026,1,20.0,1
245044,0,20.0,1
245065,1,20.0,1
245085,0,20.0,1
245104,0,20.0,1
245123,0,20.0,1
245142,0,20.0,1
245162,1,20.0,1
245180,0,20.0,1
245199,0,20.0,1
245217,0,20.0,1
245237,1,20.0,1
245255,0,20.0,1
245273,0,20.0,1
245292,0,20.0,1
245311,0,20.0,1
245341,2,19.999999999999996,1
245362,1,20.0,1
245381,0,20.0,1
245402,1,20.0,1
245427,1,20.0,1
245446,0,20.0,1
245465,0,20.0,1
245484,0,20.0,1
245505,1,20.0,1
245524,0,20.0,1
245543,1,20.0,1
245562,0,20.0,1
245580,0,20.0,1
245599,0,20.0,1
245618,0,20.0,1
245638,0,20.0,1
245658,1,20.0,1
245677,1,20.0,1
245696,0,20.0,1
245715,0,20.0,1
245734,0,20.0,1
245757,1,20.0,1
245781,1,19.999999999999996,1
245800,0,20.0,1
245819,0,20.0,1
245838,0,20.0,1
245858,0,20.0,1
245878,0,20.0,1
245901,1,20.0,1
245919,0,20.0,1
245940,1,20.0,1
245959,0,20.0,1
245977,0,20.0,1
246000,1,20.0,1
246018,0,20.0,1
246037,0,20.0,1
246061,1,20.0,1
246079,0,20.0,1
246102,1,20.0,1
246120,0,20.0,1
246139,1,20.0,1
246157,0,20.0,1
246176,0,20.0,1
246199,1,20.0,1
246218,0,20.0,1
246239,1,20.0,1
246257,0,20.0,1
246276,1,20.0,1
246298,1,19.999999999999996,1
246317,0,20.0,1
246336,0,20.0,1
246358,1,20.0,1
246377,0,20.0,1
246395,0,20.0,1
246413,0,20.0,1
246434,1,20.0,1
246457,1,20.0,1
246476,0,20.0,1
246494,0,20.0,1
246512,0,20.0,1
246531,0,20.0,1
246550,0,20.0,1
246570,0,20.0,1
246589,0,20.0,1
246607,0,20.0,1
246629,2,20.0,1
246651,2,20.0,1
246670,0,20.0,1
246688,0,20.0,1
246707,0,20.0,1
246729,1,20.0,1
246747,0,20.0,1
246765,0,20.0,1
246784,0,20.0,1
246804,0,20.0,1
246823,0,20.0,1
246842,1,20.0,1
246860,0,20.0,1
246878,0,20.0,1
246897,0,20.0,1
246916,1,20.0,1
246934,0,20.0,1
246952,0,20.0,1
246971,0,20.0,1
246991,0,20.0,1
247009,0,20.0,1
247028,0,20.0,1
247047,0,20.0,1
247066,0,20.0,1
247085,0,20.0,1
247106,1,20.0,1
247125,0,20.0,1
247143,0,20.0,1
247162,0,20.0,1
247181,0,20.0,1
247200,1,20.0,1
247219,0,20.0,1
247241,2,20.0,1
247260,0,20.0,1
247280,1,20.0,1
247299,0,20.0,1
247319,1,20.0,1
247342,1,19.999999999999996,1
247363,1,20.0,1
247382,0,20.0,1
247410,2,20.0,1
247430,1,20.0,1
247449,0,20.0,1
247474,3,7.9999999999999964,0
247493,0,20.0,1
247511,0,20.0,1
247530,0,20.0,1
247548,0,20.0,1
247566,0,20.0,1
247584,0,20.0,1
247603,1,20.0,1
247624,2,20.0,1
247642,0,20.0,1
247660,0,20.0,1
247679,0,20.0,1
247697,0,20.0,1
247716,0,20.0,1
247735,0,20.0,1
247756,1,20.0,1
247775,0,20.0,1
247794,1,20.0,1
247812,0,20.0,1
247830,0,20.0,1
247849,0,20.0,1
247868,0,20.0,1
247887,0,20.0,1
247905,0,20.0,1
247925,1,20.0,1
247946,1,20.0,1
247965,0,20.0,1
247983,0,20.0,1
248002,0,20.0,1
248021,1,20.0,1
248041,1,20.0,1
248060,0,20.0,1
248080,1,20.0,1
248098,0,20.0,1
248117,0,20.0,1
248134,0,20.0,1
248153,0,20.0,1
248172,0,20.0,1
248191,0,20.0,1
248216,3,7.671232876712326,0
248234,0,20.0,1
248253,0,20.0,1
248271,0,20.0,1
248290,0,20.0,1
248309,0,20.0,1
248327,0,20.0,1
248346,0,20.0,1
248367,1,20.0,1
248386,0,20.0,1
248405,0,20.0,1
248424,0,20.0,1
248445,1,20.0,1
248465,0,20.0,1
248485,1,20.0,1
248503,0,20.0,1
248521,0,20.0,1
248540,0,20.0,1
248559,0,20.0,1
248578,0,20.0,1
248597,0,20.0,1
248616,1,20.0,1
248635,0,20.0,1
248654,0,20.0,1
248673,0,20.0,1
248691,0,20.0,1
248710,0,20.0,1
248728,0,20.0,1
248749,1,20.0,1
248767,0,20.0,1
248786,0,20.0,1
248805,0,20.0,1
248824,0,20.0,1
248844,1,20.0,1
248869,3,7.999999999999998,0
248887,0,20.0,1
248907,1,20.0,1
248926,0,20.0,1
248945,0,20.0,1
248963,0,20.0,1
248981,0,20.0,1
248999,0,20.0,1
249017,0,20.0,1
249035,0,20.0,1
249054,0,20.0,1
249072,0,20.0,1
249091,0,20.0,1
249111,1,20.0,1
249130,0,20.0,1
249148,0,20.0,1
249168,1,20.0,1
249186,0,20.0,1
249205,0,20.0,1
249224,0,20.0,1
249243,0,20.0,1
249261,0,20.0,1
249280,1,20.0,1
249298,0,20.0,1
249317,0,20.0,1
249336,0,20.0,1
249355,0,20.0,1
249374,0,20.0,1
249394,0,20.0,1
249413,1,20.0,1
249436,1,20.0,1
249453,0,20.0,1
249476,1,19.999999999999996,1
249496,1,20.0,1
249514,0,20.0,1
249533,0,20.0,1
249557,1,20.0,1
249578,1,20.0,1
249601,1,20.0,1
249621,0,20.0,1
249638,0,20.0,1
249657,0,20.0,1
249676,0,20.0,1
249695,0,20.0,1
249713,0,20.0,1
249732,0,20.0,1
249752,1,20.0,1
249771,0,20.0,1
249794,1,19.999999999999996,1
249813,0,20.0,1
249832,0,20.0,1
249851,0,20.0,1
249870,0,20.0,1
249889,0,20.0,1
249908,0,20.0,1
249927,0,20.0,1
249948,1,20.0,1
249966,0,20.0,1
249985,0,20.0,1
250003,1,20.0,1
250024,1,20.0,1
250047,1,20.0,1
250066,0,20.0,1
250085,0,20.0,1
250104,0,20.0,1
250123,0,20.0,1
250144,1,20.0,1
250162,0,20.0,1
250180,0,20.0,1
250198,0,20.0,1
250217,0,20.0,1
250236,0,20.0,1
250254,0,20.0,1
250272,0,20.0,1
250290,0,20.0,1
250308,0,20.0,1
250327,0,20.0,1
250347,0,20.0,1
250366,0,20.0,1
250387,1,20.0,1
250406,0,20.0,1
250425,0,20.0,1
250443,0,20.0,1
250462,0,20.0,1
250481,0,20.0,1
250500,0,20.0,1
250517,0,20.0,1
250536,0,20.0,1
250557,1,20.0,1
250576,0,20.0,1
250595,0,20.0,1
250614,0,20.0,1
250633,0,20.0,1
250652,0,20.0,1
250671,0,20.0,1
250690,0,20.0,1
250708,0,20.0,1
250728,0,20.0,1
250747,0,20.0,1
250768,0,20.0,1
250787,0,20.0,1
250805,0,20.0,1
250824,0,20.0,1
250843,0,20.0,1
250861,0,20.0,1
250883,1,20.0,1
250901,0,20.0,1
250920,0,20.0,1
250938,0,20.0,1
250957,0,20.0,1
250977,0,20.0,1
250996,0,20.0,1
251018,1,20.0,1
251036,0,20.0,1
251055,0,20.0,1
251074,0,20.0,1
251095,1,20.0,1
251116,1,20.0,1
251135,0,20.0,1
251154,0,20.0,1
251175,1,20.0,1
251196,1,20.0,1
251218,1,20.0,1
251237,0,20.0,1
251257,1,20.0,1
251276,0,20.0,1
251300,1,20.0,1
251319,0,20.0,1
251344,3,7.6712328767123275,0
251363,1,20.0,1
251382,0,20.0,1
251400,0,20.0,1
251419,0,20.0,1
251438,0,20.0,1
251457,0,20.0,1
251478,1,20.0,1
251497,0,20.0,1
251520,1,19.999999999999996,1
251538,0,20.0,1
251557,0,20.0,1
251575,1,20.0,1
251596,1,20.0,1
251614,0,20.0,1
251633,1,20.0,1
251651,0,20.0,1
251669,0,20.0,1
251687,0,20.0,1
251706,0,20.0,1
251725,1,20.0,1
251745,0,20.0,1
251764,1,20.0,1
251786,1,20.0,1
251809,1,20.0,1
251829,0,20.0,1
251847,0,20.0,1
251866,0,20.0,1
251887,1,20.0,1
251907,1,20.0,1
251925,0,20.0,1
251944,0,20.0,1
251963,0,20.0,1
251980,0,20.0,1
252002,1,20.0,1
252020,0,20.0,1
252038,0,20.0,1
252056,0,20.0,1
252074,0,20.0,1
252093,0,20.0,1
252112,0,20.0,1
252130,0,20.0,1
252149,0,20.0,1
252169,1,19.999999999999996,1
252188,0,20.0,1
252207,0,20.0,1
252225,0,20.0,1
252244,0,20.0,1
252261,0,20.0,1
252279,0,20.0,1
252298,0,20.0,1
252317,0,20.0,1
252336,0,20.0,1
252354,0,20.0,1
252372,0,20.0,1
252391,0,20.0,1
252410,0,20.0,1
252430,0,20.0,1
252457,2,20.0,1
252476,0,20.0,1
252497,1,20.0,1
252520,1,19.999999999999996,1
252540,1,20.0,1
252559,0,20.0,1
252578,0,20.0,1
252600,1,20.0,1
252619,0,20.0,1
252638,0,20.0,1
252657,1,20.0,1
252674,0,20.0,1
252692,0,20.0,1
252711,0,20.0,1
252729,0,20.0,1
252747,0,20.0,1
252766,0,20.0,1
252785,0,20.0,1
252803,0,20.0,1
252824,1,20.0,1
252842,0,20.0,1
252861,0,20.0,1
252880,0,20.0,1
252899,0,20.0,1
252918,0,20.0,1
252937,0,20.0,1
252956,0,20.0,1
252974,0,20.0,1
252993,1,20.0,1
253012,1,20.0,1
253033,1,20.0,1
253051,0,20.0,1
253072,2,20.0,1
253092,1,20.0,1
253113,1,20.0,1
253131,0,20.0,1
253150,0,20.0,1
253169,0,20.0,1
253187,0,20.0,1
253206,0,20.0,1
253224,0,20.0,1
253242,0,20.0,1
253261,0,20.0,1
253279,0,20.0,1
253298,0,20.0,1
253316,0,20.0,1
253337,1,20.0,1
253356,0,20.0,1
253376,1,20.0,1
253394,0,20.0,1
253413,0,20.0,1
253431,0,20.0,1
253450,0,20.0,1
253469,0,20.0,1
253487,0,20.0,1
253505,0,20.0,1
253523,0,20.0,1
253542,0,20.0,1
253560,0,20.0,1
253578,0,20.0,1
253597,0,20.0,1
253616,1,20.0,1
253634,0,20.0,1
253653,0,20.0,1
253672,0,20.0,1
253690,0,20.0,1
253708,0,20.0,1
253726,0,20.0,1
253744,0,20.0,1
253762,0,20.0,1
253780,0,20.0,1
253798,0,20.0,1
253816,0,20.0,1
253834,0,20.0,1
253852,0,20.0,1
253871,0,20.0,1
253892,1,20.0,1
253910,0,20.0,1
253928,0,20.0,1
253947,0,20.0,1
253965,0,20.0,1
253983,0,20.0,1
254004,1,20.0,1
254022,0,20.0,1
254041,1,20.0,1
254063,1,20.0,1
254081,0,20.0,1
254100,1,20.0,1
254118,0,20.0,1
254137,1,20.0,1
254156,1,20.0,1
254175,0,20.0,1
254195,1,20.0,1
254214,1,20.0,1
254233,0,20.0,1
254255,1,20.0,1
254274,0,20.0,1
254293,0,20.0,1
254311,0,20.0,1
254330,0,20.0,1
254348,0,20.0,1
254366,0,20.0,1
254384,0,20.0,1
254402,0,20.0,1
254420,0,20.0,1
254439,0,20.0,1
254461,2,20.0,1
254483,1,20.0,1
254503,0,20.0,1
254523,0,20.0,1
254541,0,20.0,1
254559,0,20.0,1
254580,1,20.0,1
254599,0,20.0,1
254618,0,20.0,1
254637,0,20.0,1
254656,0,20.0,1
254675,1,20.0,1
254693,0,20.0,1
254712,0,20.0,1
254731,0,20.0,1
254750,0,20.0,1
254768,0,20.0,1
254787,0,20.0,1
254808,1,20.0,1
254827,0,20.0,1
254848,1,20.0,1
254867,0,20.0,1
254886,0,20.0,1
254904,0,20.0,1
254923,0,20.0,1
254941,0,20.0,1
254960,0,20.0,1
254978,0,20.0,1
254998,0,20.0,1
255016,0,20.0,1
255035,0,20.0,1
255054,0,20.0,1
255072,0,20.0,1
255093,1,20.0,1
255116,1,20.0,1
255136,0,20.0,1
255155,0,20.0,1
255173,0,20.0,1
255192,0,20.0,1
255210,0,20.0,1
255228,0,20.0,1
255247,1,20.0,1
255266,0,20.0,1
255285,0,20.0,1
255303,0,20.0,1
255321,0,20.0,1
255339,0,20.0,1
255358,0,20.0,1
255378,0,20.0,1
255396,0,20.0,1
255415,1,20.0,1
255433,0,20.0,1
255451,0,20.0,1
255469,0,20.0,1
255487,0,20.0,1
255505,0,20.0,1
255523,0,20.0,1
255547,2,20.0,1
255565,0,20.0,1
255584,0,20.0,1
255602,0,20.0,1
255621,0,20.0,1
255639,0,20.0,1
255658,0,20.0,1
255677,0,20.0,1
255695,0,20.0,1
255713,0,20.0,1
255732,0,20.0,1
255751,0,20.0,1
255769,0,20.0,1
255791,1,20.0,1
255809,0,20.0,1
255827,0,20.0,1
255845,0,20.0,1
255864,0,20.0,1
255882,0,20.0,1
255900,0,20.0,1
255918,0,20.0,1
255937,0,20.0,1
255956,1,20.0,1
255974,0,20.0,1
255992,0,20.0,1
256013,1,20.0,1
256031,0,20.0,1
256050,0,20.0,1
256068,0,20.0,1
256086,0,20.0,1
256105,0,20.0,1
256123,0,20.0,1
256142,0,20.0,1
256160,1,20.0,1
256179,0,20.0,1
256198,0,20.0,1
256217,0,20.0,1
256236,0,20.0,1
256254,0,20.0,1
256273,0,20.0,1
256293,0,20.0,1
256311,0,20.0,1
256329,0,20.0,1
256348,0,20.0,1
256367,0,20.0,1
256385,0,20.0,1
256403,0,20.0,1
256422,0,20.0,1
256444,1,20.0,1
256462,0,20.0,1
256482,0,20.0,1
256500,0,20.0,1
256518,0,20.0,1
256537,1,20.0,1
256556,0,20.0,1
256575,0,20.0,1
256593,0,20.0,1
256612,0,20.0,1
256631,0,20.0,1
256649,0,20.0,1
256669,0,20.0,1
256689,1,20.0,1
256708,0,20.0,1
256726,0,20.0,1
256744,0,20.0,1
256762,0,20.0,1
256780,0,20.0,1
256799,0,20.0,1
256817,0,20.0,1
256835,0,20.0,1
256855,0,20.0,1
256873,0,20.0,1
256891,0,20.0,1
256909,0,20.0,1
256927,0,20.0,1
256947,0,20.0,1
256965,0,20.0,1
256983,0,20.0,1
257003,1,20.0,1
257022,0,20.0,1
257041,0,20.0,1
257064,1,20.0,1
257084,0,20.0,1
257103,0,20.0,1
257121,0,20.0,1
257139,0,20.0,1
257157,0,20.0,1
257179,1,20.0,1
257198,1,20.0,1
257217,0,20.0,1
257235,0,20.0,1
257254,0,20.0,1
257273,1,20.0,1
257292,1,20.0,1
257310,0,20.0,1
257329,0,20.0,1
257347,0,20.0,1
257365,0,20.0,1
257383,0,20.0,1
257401,0,20.0,1
257419,0,20.0,1
257438,0,20.0,1
257457,1,20.0,1
257475,0,20.0,1
257493,0,20.0,1
257511,0,20.0,1
257533,2,20.0,1
257551,0,20.0,1
257569,0,20.0,1
257587,0,20.0,1
257606,0,20.0,1
257624,0,20.0,1
257642,0,20.0,1
257660,0,20.0,1
257678,0,20.0,1
257698,0,20.0,1
257716,0,20.0,1
257735,0,20.0,1
257754,0,20.0,1
257772,0,20.0,1
257791,0,20.0,1
257809,0,20.0,1
257828,0,20.0,1
257846,0,20.0,1
257865,0,20.0,1
257883,0,20.0,1
257902,0,20.0,1
257920,0,20.0,1
257938,0,20.0,1
257956,0,20.0,1
257974,0,20.0,1
257993,0,20.0,1
258012,0,20.0,1
258031,0,20.0,1
258054,2,20.0,1
258072,0,20.0,1
258091,1,20.0,1
258109,0,20.0,1
258127,0,20.0,1
258145,0,20.0,1
258163,0,20.0,1
258181,0,20.0,1
258200,0,20.0,1
258218,0,20.0,1
258237,0,20.0,1
258255,0,20.0,1
258273,0,20.0,1
258291,0,20.0,1
258309,0,20.0,1
258329,1,20.0,1
258347,0,20.0,1
258365,0,20.0,1
258384,0,20.0,1
258403,0,20.0,1
258422,0,20.0,1
258442,1,20.0,1
258461,0,20.0,1
258481,0,20.0,1
258500,0,20.0,1
258518,0,20.0,1
258536,0,20.0,1
258555,0,20.0,1
258574,0,20.0,1
258592,0,20.0,1
258610,0,20.0,1
258628,0,20.0,1
258647,0,20.0,1
258665,0,20.0,1
258683,0,20.0,1
258701,0,20.0,1
258720,0,20.0,1
258739,0,20.0,1
258757,0,20.0,1
258775,0,20.0,1
258793,0,20.0,1
258811,0,20.0,1
258831,1,20.0,1
258850,1,20.0,1
258868,0,20.0,1
258886,0,20.0,1
258904,0,20.0,1
258922,0,20.0,1
258941,0,20.0,1
258959,0,20.0,1
258977,0,20.0,1
258995,1,20.0,1
259012,0,20.0,1
259030,0,20.0,1
259048,0,20.0,1
259066,0,20.0,1
259085,0,20.0,1
259105,1,20.0,1
259123,0,20.0,1
259144,1,20.0,1
259162,0,20.0,1
259181,1,20.0,1
259199,0,20.0,1
259218,0,20.0,1
259236,0,20.0,1
259255,1,20.0,1
259273,0,20.0,1
259291,0,20.0,1
259309,0,20.0,1
259332,3,8.328767123287669,0
259350,0,20.0,1
259369,0,20.0,1
259387,0,20.0,1
259405,0,20.0,1
259425,1,20.0,1
259443,0,20.0,1
259461,0,20.0,1
259479,1,20.0,1
259499,1,20.0,1
259518,0,20.0,1
259537,0,20.0,1
259555,0,20.0,1
259573,0,20.0,1
259592,1,20.0,1
259610,0,20.0,1
259628,0,20.0,1
259647,0,20.0,1
259665,0,20.0,1
259684,0,20.0,1
259702,0,20.0,1
259720,0,20.0,1
259744,2,20.0,1
259762,0,20.0,1
259780,0,20.0,1
259799,0,20.0,1
259817,0,20.0,1
259836,0,20.0,1
259856,1,20.0,1
259875,1,20.0,1
259893,0,20.0,1
259913,1,20.0,1
259940,2,20.0,1
259959,1,20.0,1
259977,0,20.0,1
259996,0,20.0,1
260015,0,20.0,1
260034,0,20.0,1
260053,0,20.0,1
260071,0,20.0,1
260090,0,20.0,1
260111,1,20.0,1
260129,0,20.0,1
260148,0,20.0,1
260167,0,20.0,1
260185,0,20.0,1
260206,1,20.0,1
260225,0,20.0,1
260251,2,20.0,1
260269,0,20.0,1
260289,0,20.0,1
260308,0,20.0,1
260327,0,20.0,1
260346,0,20.0,1
260365,0,20.0,1
260384,0,20.0,1
260403,1,20.0,1
260421,0,20.0,1
260440,0,20.0,1
260458,0,20.0,1
260476,0,20.0,1
260494,0,20.0,1
260512,0,20.0,1
260534,1,20.0,1
260553,0,20.0,1
260572,0,20.0,1
260592,0,20.0,1
260611,0,20.0,1
260634,2,20.0,1
260653,0,20.0,1
260672,0,20.0,1
260691,0,20.0,1
260711,0,20.0,1
260730,0,20.0,1
260750,0,20.0,1
260769,0,20.0,1
260788,0,20.0,1
260808,0,20.0,1
260827,0,20.0,1
260846,0,20.0,1
260866,0,20.0,1
260885,0,20.0,1
260904,0,20.0,1
260923,0,20.0,1
260943,0,20.0,1
260962,0,20.0,1
260981,0,20.0,1
260999,0,20.0,1
261020,1,20.0,1
261040,0,20.0,1
261057,0,20.0,1
261076,0,20.0,1
261095,0,20.0,1
261115,1,20.0,1
261134,0,20.0,1
261157,2,20.0,1
261176,0,20.0,1
261200,2,19.999999999999996,1
261219,0,20.0,1
261238,0,20.0,1
261257,0,20.0,1
261277,1,20.0,1
261296,0,20.0,1
261316,1,20.0,1
261337,1,20.0,1
261356,0,20.0,1
261380,3,8.328767123287669,0
261403,3,8.32876712328767,0
261422,0,20.0,1
261445,3,7.9999999999999964,0
261471,2,20.0,1
261493,1,20.0,1
261512,0,20.0,1
261532,1,20.0,1
261551,0,20.0,1
261574,3,7.61643835616438,0
261594,1,20.0,1
261613,0,20.0,1
261631,0,20.0,1
261650,0,20.0,1
261669,0,20.0,1
261689,1,20.0,1
261709,1,20.0,1
261728,0,20.0,1
261747,0,20.0,1
261766,0,20.0,1
261785,0,20.0,1
261807,1,20.0,1
261826,0,20.0,1
261849,3,7.342465753424657,0
261867,0,20.0,1
261886,0,20.0,1
261906,1,20.0,1
261926,1,20.0,1
261945,1,20.0,1
261963,0,20.0,1
261982,0,20.0,1
262001,0,20.0,1
262024,3,7.671232876712327,0
262043,0,20.0,1
262062,0,20.0,1
262082,1,20.0,1
262101,0,20.0,1
262120,0,20.0,1
262140,1,20.0,1
262158,0,20.0,1
262178,0,20.0,1
262198,0,20.0,1
262222,2,20.0,1
262242,0,20.0,1
262264,2,20.0,1
262287,1,20.0,1
262308,1,20.0,1
262326,0,20.0,1
262351,3,7.6712328767123275,0
262370,0,20.0,1
262395,2,20.0,1
262416,1,20.0,1
262440,1,19.999999999999996,1
262461,1,20.0,1
262479,0,20.0,1
262501,1,20.0,1
262520,0,20.0,1
262539,1,20.0,1
262557,0,20.0,1
262576,0,20.0,1
262596,1,20.0,1
262615,0,20.0,1
262634,0,20.0,1
262653,1,20.0,1
262678,3,7.999999999999998,0
262698,1,20.0,1
262718,1,20.0,1
262736,0,20.0,1
262755,1,20.0,1
262774,0,20.0,1
262792,0,20.0,1
262810,1,20.0,1
262833,3,6.684931506849315,0
262852,0,20.0,1
262871,0,20.0,1
262889,0,20.0,1
262914,2,20.0,1
262934,1,20.0,1
262957,3,8.32876712328767,0
262981,1,20.0,1
263002,1,20.0,1
263022,0,20.0,1
263046,1,20.0,1
263067,2,20.0,1
263086,0,20.0,1
263106,0,20.0,1
263131,3,8.32876712328767,0
263149,0,20.0,1
263168,0,20.0,1
263188,1,20.0,1
263207,0,20.0,1
263225,0,20.0,1
263249,1,20.0,1
263268,0,20.0,1
263287,0,19.999999999999996,1
263306,0,20.0,1
263333,3,7.999999999999998,0
263352,0,20.0,1
263378,2,20.0,1
263397,0,20.0,1
263417,0,20.0,1
263441,3,8.32876712328767,0
263460,0,20.0,1
263481,0,20.0,1
263500,0,20.0,1
263523,2,20.0,1
263543,0,20.0,1
263561,0,20.0,1
263580,0,20.0,1
263602,2,20.0,1
263623,0,20.0,1
263644,1,20.0,1
263671,3,7.342465753424656,0
263690,0,20.0,1
263709,0,20.0,1
263728,0,20.0,1
263747,1,20.0,1
263765,0,20.0,1
263789,3,7.999999999999998,0
263812,1,19.999999999999996,1
263831,1,20.0,1
263850,0,20.0,1
263869,0,20.0,1
263894,3,8.328767123287667,0
263912,0,20.0,1
263931,0,20.0,1
263950,0,20.0,1
263976,3,8.328767123287669,0
263995,0,20.0,1
264013,0,20.0,1
264032,0,20.0,1
264051,0,20.0,1
264070,0,20.0,1
264087,0,20.0,1
264106,0,20.0,1
264125,0,20.0,1
264144,0,20.0,1
264163,0,20.0,1
264181,0,20.0,1
264204,1,20.0,1
264223,0,20.0,1
264242,0,20.0,1
264261,0,20.0,1
264279,0,20.0,1
264298,0,20.0,1
264317,0,20.0,1
264336,0,20.0,1
264358,1,20.0,1
264377,0,20.0,1
264395,0,20.0,1
264414,0,20.0,1
264433,0,20.0,1
264460,3,8.328767123287669,0
264482,3,5.972602739726025,0
264500,0,20.0,1
264519,0,20.0,1
264544,3,8.328767123287669,0
264564,1,20.0,1
264585,1,20.0,1
264605,1,20.0,1
264628,3,8.32876712328767,0
264652,3,7.342465753424657,0
264671,0,20.0,1
264690,0,20.0,1
264709,0,20.0,1
264728,0,20.0,1
264747,0,20.0,1
264770,1,20.0,1
264790,1,20.0,1
264809,0,20.0,1
264828,0,20.0,1
264848,0,20.0,1
264867,0,20.0,1
264886,0,20.0,1
264905,0,20.0,1
264924,0,20.0,1
264944,0,20.0,1
264963,0,20.0,1
264983,1,20.0,1
265002,0,20.0,1
265020,0,20.0,1
265039,0,20.0,1
265058,0,20.0,1
265079,1,20.0,1
265098,0,20.0,1
265116,0,20.0,1
265135,0,20.0,1
265156,1,20.0,1
265175,0,20.0,1
265194,0,20.0,1
265213,0,20.0,1
265233,0,20.0,1
265252,0,20.0,1
265270,0,20.0,1
265290,1,20.0,1
265310,0,20.0,1
265329,0,20.0,1
265348,0,20.0,1
265368,1,20.0,1
265387,0,20.0,1
265408,1,20.0,1
265430,1,20.0,1
265449,0,20.0,1
265469,1,20.0,1
265488,1,20.0,1
265512,3,8.328767123287669,0
265532,1,20.0,1
265551,0,20.0,1
265572,0,20.0,1
265592,0,20.0,1
265612,0,20.0,1
265631,0,20.0,1
265650,0,20.0,1
265674,3,8.32876712328767,0
265695,1,20.0,1
265714,1,20.0,1
265733,0,20.0,1
265753,1,20.0,1
265773,1,20.0,1
265792,1,20.0,1
265812,0,20.0,1
265832,0,20.0,1
265851,0,20.0,1
265872,1,20.0,1
265892,1,20.0,1
265914,1,20.0,1
265936,1,20.0,1
265961,3,8.32876712328767,0
265982,0,20.0,1
266001,0,20.0,1
266026,3,8.328767123287669,0
266046,1,20.0,1
266066,0,20.0,1
266086,1,20.0,1
266106,0,20.0,1
266125,0,20.0,1
266145,1,20.0,1
266164,0,20.0,1
266184,1,20.0,1
266202,0,20.0,1
266223,1,20.0,1
266243,0,20.0,1
266263,0,20.0,1
266285,2,20.0,1
266304,0,20.0,1
266328,2,20.0,1
266348,1,20.0,1
266367,0,20.0,1
266387,1,20.0,1
266408,1,20.0,1
266428,0,20.0,1
266447,0,20.0,1
266467,0,20.0,1
266487,0,20.0,1
266507,0,20.0,1
266529,0,20.0,1
266548,0,20.0,1
266569,1,20.0,1
266589,1,20.0,1
266609,0,20.0,1
266634,2,20.0,1
266654,0,20.0,1
266673,0,20.0,1
266694,1,20.0,1
266713,0,20.0,1
266732,0,20.0,1
266752,0,20.0,1
266772,0,20.0,1
266794,1,20.0,1
266813,0,20.0,1
266832,0,20.0,1
266856,1,20.0,1
266875,0,20.0,1
266896,1,20.0,1
266915,0,20.0,1
266935,0,20.0,1
266958,2,20.0,1
266977,1,20.0,1
266996,0,20.0,1
267021,2,20.0,1
267045,2,20.0,1
267071,3,8.328767123287667,0
267091,0,20.0,1
267115,3,7.671232876712326,0
267135,0,20.0,1
267154,0,20.0,1
267174,0,20.0,1
267194,1,20.0,1
267214,1,20.0,1
267242,3,8.328767123287667,0
267262,0,20.0,1
267287,3,7.9999999999999964,0
267314,3,7.671232876712326,0
267337,3,6.684931506849313,0
267362,3,7.342465753424657,0
267382,0,20.0,1
267401,0,20.0,1
267426,3,7.342465753424655,0
267449,2,19.999999999999996,1
267468,0,20.0,1
267496,3,8.328767123287669,0
267520,3,7.342465753424657,0
267544,3,7.013698630136984,0
267569,3,8.32876712328767,0
267594,2,20.0,1
267618,2,20.0,1
267644,2,19.999999999999996,1
267668,1,20.0,1
267693,2,20.0,1
267716,1,20.0,1
267740,1,20.0,1
267764,2,20.0,1
267786,1,20.0,1
267810,3,6.684931506849313,0
267833,2,20.0,1
267855,1,20.0,1
267875,0,20.0,1
267894,0,20.0,1
267913,0,20.0,1
267931,0,20.0,1
267950,0,20.0,1
267973,1,20.0,1
267998,2,20.0,1
268017,0,20.0,1
268036,0,20.0,1
268057,1,20.0,1
268080,1,19.999999999999996,1
268102,1,20.0,1
268121,0,20.0,1
268145,1,20.0,1
268165,0,20.0,1
268184,0,20.0,1
268205,1,20.0,1
268224,0,20.0,1
268247,2,20.0,1
268266,0,20.0,1
268288,1,19.999999999999996,1
268307,0,20.0,1
268327,1,20.0,1
268346,0,20.0,1
268365,0,20.0,1
268389,3,7.999999999999998,0
268409,1,20.0,1
268428,1,20.0,1
268447,0,20.0,1
268466,0,20.0,1
268486,0,20.0,1
268506,0,20.0,1
268525,0,20.0,1
268544,1,20.0,1
268563,0,20.0,1
268582,0,20.0,1
268600,0,20.0,1
268618,0,20.0,1
268637,0,20.0,1
268656,0,20.0,1
268675,0,20.0,1
268696,1,20.0,1
268717,1,20.0,1
268736,0,20.0,1
268755,0,20.0,1
268778,1,20.0,1
268798,1,20.0,1
268817,0,20.0,1
268836,0,20.0,1
268855,0,20.0,1
268873,0,20.0,1
268891,0,20.0,1
268911,1,20.0,1
268930,0,20.0,1
268949,0,20.0,1
268971,1,20.0,1
268990,0,20.0,1
269010,0,20.0,1
269029,0,20.0,1
269049,1,20.0,1
269069,1,20.0,1
269088,0,20.0,1
269108,0,20.0,1
269128,1,20.0,1
269148,1,20.0,1
269169,1,20.0,1
269190,0,20.0,1
269209,0,20.0,1
269232,1,20.0,1
269251,0,20.0,1
269271,1,20.0,1
269289,0,20.0,1
269307,0,20.0,1
269327,1,20.0,1
269346,0,20.0,1
269366,1,20.0,1
269386,0,20.0,1
269406,0,20.0,1
269429,1,20.0,1
269448,0,20.0,1
269469,1,20.0,1
269493,2,20.0,1
269513,0,20.0,1
269532,0,20.0,1
269551,1,20.0,1
269572,1,20.0,1
269592,0,20.0,1
269612,1,20.0,1
269632,1,20.0,1
269652,0,20.0,1
269673,1,20.0,1
269692,0,20.0,1
269711,0,20.0,1
269730,1,20.0,1
269749,0,20.0,1
269768,0,20.0,1
269787,0,20.0,1
269807,1,20.0,1
269826,0,20.0,1
269845,0,20.0,1
269864,0,20.0,1
269882,0,20.0,1
269902,1,20.0,1
269920,0,20.0,1
269940,1,20.0,1
269960,1,20.0,1
269979,0,20.0,1
269999,2,20.0,1
270018,0,20.0,1
270037,1,20.0,1
270056,0,20.0,1
270076,0,20.0,1
270095,0,20.0,1
270116,1,20.0,1
270135,0,20.0,1
270154,0,20.0,1
270174,1,20.0,1
270193,0,20.0,1
270212,0,20.0,1
270231,0,20.0,1
270255,3,8.328767123287669,0
270274,0,20.0,1
270294,1,20.0,1
270312,0,20.0,1
270331,0,20.0,1
270350,0,20.0,1
270369,0,20.0,1
270388,1,20.0,1
270407,0,20.0,1
270426,0,20.0,1
270445,0,20.0,1
270464,1,20.0,1
270488,3,7.342465753424657,0
270507,0,20.0,1
270525,0,20.0,1
270544,0,20.0,1
270567,1,20.0,1
270586,0,20.0,1
270604,0,20.0,1
270625,1,20.0,1
270646,1,20.0,1
270665,0,20.0,1
270684,0,20.0,1
270704,1,20.0,1
270723,0,20.0,1
270742,0,20.0,1
270763,1,20.0,1
270782,0,20.0,1
270800,0,20.0,1
270818,0,20.0,1
270839,1,20.0,1
270858,1,20.0,1
270876,0,20.0,1
270896,1,20.0,1
270916,1,20.0,1
270935,0,20.0,1
270955,0,20.0,1
270974,0,20.0,1
270996,1,20.0,1
271016,0,20.0,1
271034,0,20.0,1
271052,0,20.0,1
271071,0,20.0,1
271089,0,20.0,1
271107,0,20.0,1
271126,0,20.0,1
271144,0,20.0,1
271163,0,20.0,1
271181,0,20.0,1
271200,0,20.0,1
271219,0,20.0,1
271238,0,20.0,1
271258,0,20.0,1
271286,3,7.999999999999998,0
271305,0,20.0,1
271327,1,20.0,1
271346,0,20.0,1
271370,1,20.0,1
271389,0,20.0,1
271408,0,20.0,1
271427,0,20.0,1
271447,0,20.0,1
271466,0,20.0,1
271486,1,20.0,1
271510,2,20.0,1
271532,1,20.0,1
271551,0,20.0,1
271574,2,20.0,1
271592,0,20.0,1
271611,0,20.0,1
271630,0,20.0,1
271649,0,20.0,1
271668,0,20.0,1
271688,1,20.0,1
271707,0,20.0,1
271725,0,20.0,1
271745,1,20.0,1
271764,0,20.0,1
271783,0,20.0,1
271802,0,20.0,1
271821,0,20.0,1
271840,0,20.0,1
271858,0,20.0,1
271877,0,20.0,1
271896,0,20.0,1
271918,1,20.0,1
271936,0,20.0,1
271958,2,20.0,1
271978,1,20.0,1
271997,1,20.0,1
272019,1,20.0,1
272042,2,20.0,1
272061,0,20.0,1
272080,1,20.0,1
272101,0,20.0,1
272121,1,20.0,1
272146,2,20.0,1
272168,2,20.0,1
272186,0,20.0,1
272206,0,20.0,1
272226,1,20.0,1
272245,0,20.0,1
272264,0,20.0,1
272283,0,20.0,1
272303,1,20.0,1
272322,0,20.0,1
272342,1,20.0,1
272364,1,20.0,1
272383,0,20.0,1
272406,2,20.0,1
272425,0,20.0,1
272444,0,20.0,1
272463,0,20.0,1
272482,0,20.0,1
272501,0,20.0,1
272524,2,20.0,1
272543,0,20.0,1
272567,1,19.999999999999996,1
272586,0,20.0,1
272605,0,20.0,1
272624,0,20.0,1
272643,0,20.0,1
272661,0,20.0,1
272681,1,20.0,1
272701,0,20.0,1
272721,1,20.0,1
272742,1,20.0,1
272767,2,20.0,1
272788,0,20.0,1
272810,1,20.0,1
272833,1,20.0,1
272855,0,20.0,1
272879,2,20.0,1
272897,0,20.0,1
272917,0,20.0,1
272936,0,20.0,1
272955,1,20.0,1
272974,0,20.0,1
272996,1,20.0,1
273015,0,20.0,1
273035,1,20.0,1
273054,0,20.0,1
273073,0,20.0,1
273092,0,20.0,1
273111,0,20.0,1
273131,2,20.0,1
273149,0,20.0,1
273168,0,20.0,1
273190,1,20.0,1
273208,0,20.0,1
273227,0,20.0,1
273245,0,20.0,1
273263,0,20.0,1
273282,0,20.0,1
273301,0,20.0,1
273321,2,20.0,1
273340,0,20.0,1
273358,0,20.0,1
273377,0,20.0,1
273400,1,20.0,1
273419,0,20.0,1
273437,0,20.0,1
273459,1,20.0,1
273479,1,20.0,1
273499,1,20.0,1
273518,0,20.0,1
273537,0,20.0,1
273556,0,20.0,1
273575,0,20.0,1
273594,1,20.0,1
273613,0,20.0,1
273632,0,20.0,1
273651,0,20.0,1
273670,0,20.0,1
273690,1,20.0,1
273709,0,20.0,1
273727,0,20.0,1
273745,0,20.0,1
273765,1,20.0,1
273784,0,20.0,1
273808,1,20.0,1
273826,0,20.0,1
273845,0,20.0,1
273863,0,20.0,1
273882,0,20.0,1
273902,0,20.0,1
273921,0,20.0,1
273940,0,20.0,1
273959,0,20.0,1
273978,0,20.0,1
273997,0,20.0,1
274016,0,20.0,1
274034,0,20.0,1
274053,0,20.0,1
274072,0,20.0,1
274091,0,20.0,1
274112,1,20.0,1
274131,0,20.0,1
274150,0,20.0,1
274169,0,20.0,1
274188,0,20.0,1
274206,0,20.0,1
274225,0,20.0,1
274243,0,20.0,1
274263,1,20.0,1
274281,0,20.0,1
274300,0,20.0,1
274319,0,20.0,1
274338,0,20.0,1
274356,0,20.0,1
274375,0,20.0,1
274393,0,20.0,1
274412,0,20.0,1
274430,0,20.0,1
274448,0,20.0,1
274471,1,19.999999999999996,1
274489,0,20.0,1
274507,0,20.0,1
274526,1,20.0,1
274544,0,20.0,1
274566,1,20.0,1
274585,0,20.0,1
274606,1,20.0,1
274625,0,20.0,1
274644,0,20.0,1
274663,0,20.0,1
274682,0,20.0,1
274702,1,20.0,1
274724,1,20.0,1
274748,1,20.0,1
274768,0,20.0,1
274787,0,20.0,1
274806,0,20.0,1
274825,1,20.0,1
274844,0,20.0,1
274863,0,20.0,1
274882,0,20.0,1
274901,0,20.0,1
274919,0,20.0,1
274938,0,20.0,1
274957,0,20.0,1
274975,0,20.0,1
274994,0,20.0,1
275013,0,20.0,1
275032,0,20.0,1
275050,0,20.0,1
275074,1,20.0,1
275093,1,20.0,1
275112,0,20.0,1
275131,0,20.0,1
275154,1,20.0,1
275173,0,20.0,1
275192,0,20.0,1
275211,0,20.0,1
275229,0,20.0,1
275248,0,20.0,1
275268,0,20.0,1
275287,0,20.0,1
275305,0,20.0,1
275323,0,20.0,1
275342,0,20.0,1
275360,0,20.0,1
275379,0,20.0,1
275398,0,20.0,1
275417,0,20.0,1
275435,0,20.0,1
275454,0,20.0,1
275472,0,20.0,1
275490,0,20.0,1
275512,1,20.0,1
275531,0,20.0,1
275549,0,20.0,1
275568,0,20.0,1
275587,1,20.0,1
275606,0,20.0,1
275623,0,20.0,1
275642,0,20.0,1
275661,0,20.0,1
275685,3,8.32876712328767,0
275703,0,20.0,1
275722,0,20.0,1
275740,0,20.0,1
275758,0,20.0,1
275777,0,20.0,1
275796,0,20.0,1
275815,0,20.0,1
275833,0,20.0,1
275854,1,20.0,1
275873,0,20.0,1
275892,0,20.0,1
275910,0,20.0,1
275929,0,20.0,1
275948,0,20.0,1
275967,0,20.0,1
275985,0,20.0,1
276004,0,20.0,1
276022,0,20.0,1
276041,0,20.0,1
276065,1,20.0,1
276084,0,20.0,1
276102,0,20.0,1
276121,0,20.0,1
276142,2,20.0,1
276162,1,20.0,1
276181,0,20.0,1
276199,0,20.0,1
276217,0,20.0,1
276235,0,20.0,1
276253,0,20.0,1
276272,0,20.0,1
276293,1,20.0,1
276312,0,20.0,1
276331,0,20.0,1
276349,0,20.0,1
276368,0,20.0,1
276387,0,20.0,1
276405,0,20.0,1
276424,0,20.0,1
276443,0,20.0,1
276461,0,20.0,1
276479,0,20.0,1
276497,0,20.0,1
276515,0,20.0,1
276533,0,20.0,1
276551,0,20.0,1
276570,0,20.0,1
276589,0,20.0,1
276608,0,20.0,1
276626,0,20.0,1
276646,0,20.0,1
276665,0,20.0,1
276684,0,20.0,1
276702,0,20.0,1
276720,0,20.0,1
276739,1,20.0,1
276758,0,20.0,1
276778,1,20.0,1
276798,0,20.0,1
276817,0,20.0,1
276836,0,20.0,1
276855,0,20.0,1
276875,1,20.0,1
276894,1,20.0,1
276913,0,20.0,1
276932,0,20.0,1
276950,0,20.0,1
276969,0,20.0,1
276988,0,20.0,1
277007,0,20.0,1
277025,0,20.0,1
277044,0,20.0,1
277063,0,20.0,1
277081,0,20.0,1
277099,0,20.0,1
277118,0,20.0,1
277137,0,20.0,1
277155,0,20.0,1
277174,0,20.0,1
277194,1,20.0,1
277213,0,20.0,1
277232,0,20.0,1
277250,0,20.0,1
277269,1,20.0,1
277288,0,20.0,1
277306,0,20.0,1
277324,0,20.0,1
277342,0,20.0,1
277360,0,20.0,1
277378,0,20.0,1
277396,0,20.0,1
277414,0,20.0,1
277433,0,20.0,1
277452,0,20.0,1
277470,0,20.0,1
277488,0,20.0,1
277508,1,20.0,1
277527,1,20.0,1
277545,0,20.0,1
277564,0,20.0,1
277583,0,20.0,1
277605,1,20.0,1
277623,0,20.0,1
277642,0,20.0,1
277660,0,20.0,1
277678,0,20.0,1
277697,0,20.0,1
277715,0,20.0,1
277733,0,20.0,1
277752,1,20.0,1
277771,0,20.0,1
277789,0,20.0,1
277807,0,20.0,1
277825,0,20.0,1
277843,0,20.0,1
277862,0,20.0,1
277880,0,20.0,1
277899,0,20.0,1
277918,0,20.0,1
277937,0,20.0,1
277956,1,20.0,1
277974,0,20.0,1
277995,3,6.684931506849315,0
278013,1,20.0,1
278031,0,20.0,1
278049,0,20.0,1
278067,0,20.0,1
278085,0,20.0,1
278103,0,20.0,1
278121,0,20.0,1
278139,0,20.0,1
278157,0,20.0,1
278175,1,20.0,1
278193,0,20.0,1
278212,0,20.0,1
278231,0,20.0,1
278249,0,20.0,1
278267,0,20.0,1
278285,0,20.0,1
278304,0,20.0,1
278322,0,20.0,1
278341,0,20.0,1
278359,0,20.0,1
278378,0,20.0,1
278397,0,20.0,1
278416,0,20.0,1
278434,0,20.0,1
278453,0,20.0,1
278472,0,20.0,1
278491,0,20.0,1
278513,1,20.0,1
278531,0,20.0,1
278554,2,20.0,1
278574,1,20.0,1
278596,1,20.0,1
278615,0,20.0,1
278633,0,20.0,1
278653,0,20.0,1
278672,0,20.0,1
278691,0,20.0,1
278710,1,20.0,1
278729,1,20.0,1
278748,1,20.0,1
278766,0,20.0,1
278785,0,20.0,1
278803,0,20.0,1
278821,0,20.0,1
278839,0,20.0,1
278857,0,20.0,1
278875,0,20.0,1
278898,1,19.999999999999996,1
278918,0,20.0,1
278937,0,20.0,1
278956,0,20.0,1
278975,0,20.0,1
278993,0,20.0,1
279012,0,20.0,1
279030,0,20.0,1
279049,0,20.0,1
279067,0,20.0,1
279092,2,20.0,1
279110,0,20.0,1
279129,0,20.0,1
279147,0,20.0,1
279166,0,20.0,1
279184,0,20.0,1
279202,0,20.0,1
279220,0,20.0,1
279238,0,20.0,1
279256,0,20.0,1
279275,0,20.0,1
279294,0,20.0,1
279313,0,20.0,1
279331,0,20.0,1
279350,0,20.0,1
279368,0,20.0,1
279387,0,20.0,1
279405,0,20.0,1
279423,0,20.0,1
279441,0,20.0,1
279459,0,20.0,1
279478,0,20.0,1
279496,0,20.0,1
279515,0,20.0,1
279534,0,20.0,1
279553,0,20.0,1
279571,0,20.0,1
279590,1,20.0,1
279609,0,20.0,1
279629,0,20.0,1
279648,0,20.0,1
279666,0,20.0,1
279685,1,20.0,1
279703,0,20.0,1
279721,0,20.0,1
279740,1,20.0,1
279759,0,20.0,1
279777,0,20.0,1
279796,0,20.0,1
279815,0,20.0,1
279833,0,20.0,1
279852,0,20.0,1
279871,0,20.0,1
279889,0,20.0,1
279908,0,20.0,1
279927,0,20.0,1
279945,0,20.0,1
279963,0,20.0,1
279981,0,20.0,1
280002,1,20.0,1
280020,0,20.0,1
280038,0,20.0,1
280056,0,20.0,1
280075,0,20.0,1
280094,1,20.0,1
280112,0,20.0,1
280130,0,20.0,1
280149,1,20.0,1
280167,0,20.0,1
280185,0,20.0,1
280204,0,20.0,1
280222,0,20.0,1
280240,0,20.0,1
280258,0,20.0,1
280277,0,20.0,1
280295,0,20.0,1
280314,0,20.0,1
280332,0,20.0,1
280351,1,20.0,1
280370,0,20.0,1
280393,1,20.0,1
280414,1,20.0,1
280433,0,20.0,1
280452,0,20.0,1
280470,0,20.0,1
280489,0,20.0,1
280507,0,20.0,1
280526,0,20.0,1
280544,0,20.0,1
280562,0,20.0,1
280581,0,20.0,1
280602,1,20.0,1
280620,0,20.0,1
280638,0,20.0,1
280657,0,20.0,1
280675,0,20.0,1
280694,0,20.0,1
280712,0,20.0,1
280734,1,20.0,1
280752,0,20.0,1
280771,0,20.0,1
280790,0,20.0,1
280808,0,20.0,1
280828,1,20.0,1
280847,1,20.0,1
280866,0,20.0,1
280885,0,20.0,1
280912,2,20.0,1
280931,1,20.0,1
280950,0,20.0,1
280970,1,20.0,1
280989,0,20.0,1
281007,0,20.0,1
281025,0,20.0,1
281048,1,20.0,1
281066,0,20.0,1
281085,0,20.0,1
281103,0,20.0,1
281122,0,20.0,1
281141,0,20.0,1
281159,0,20.0,1
281178,1,20.0,1
281197,0,20.0,1
281215,0,20.0,1
281234,0,20.0,1
281253,0,20.0,1
281272,1,20.0,1
281291,0,20.0,1
281310,0,20.0,1
281328,0,20.0,1
281349,1,20.0,1
281370,1,20.0,1
281389,0,20.0,1
281408,0,20.0,1
281427,0,20.0,1
281446,0,20.0,1
281464,0,20.0,1
281483,0,20.0,1
281502,0,20.0,1
281522,0,20.0,1
281540,0,20.0,1
281558,0,20.0,1
281576,0,20.0,1
281594,0,20.0,1
281614,0,20.0,1
281633,0,20.0,1
281652,0,20.0,1
281672,1,20.0,1
281690,0,20.0,1
281709,0,20.0,1
281728,0,20.0,1
281747,0,20.0,1
281766,0,20.0,1
281785,0,20.0,1
281803,0,20.0,1
281822,0,20.0,1
281841,0,20.0,1
281859,0,20.0,1
281877,0,20.0,1
281896,0,20.0,1
281915,0,20.0,1
281934,0,20.0,1
281952,0,20.0,1
281972,0,20.0,1
281991,0,20.0,1
282009,0,20.0,1
282027,0,20.0,1
282046,0,20.0,1
282064,0,20.0,1
282083,0,20.0,1
282102,0,20.0,1
282120,0,20.0,1
282138,0,20.0,1
282157,0,20.0,1
282176,0,20.0,1
282195,0,20.0,1
282213,0,20.0,1
282231,0,20.0,1
282249,0,20.0,1
282268,0,20.0,1
282286,0,20.0,1
282304,0,20.0,1
282322,0,20.0,1
282340,0,20.0,1
282358,0,20.0,1
282377,1,20.0,1
282396,0,20.0,1
282415,0,20.0,1
282433,0,20.0,1
282451,0,20.0,1
282469,0,20.0,1
282488,0,20.0,1
282506,0,20.0,1
282525,0,20.0,1
282543,0,20.0,1
282561,0,20.0,1
282579,0,20.0,1
282597,0,20.0,1
282615,0,20.0,1
282634,0,20.0,1
282652,0,20.0,1
282671,1,20.0,1
282689,0,20.0,1
282708,0,20.0,1
282726,0,20.0,1
282744,0,20.0,1
282762,0,20.0,1
282780,0,20.0,1
282798,0,20.0,1
282816,0,20.0,1
282834,0,20.0,1
282853,0,20.0,1
282872,0,20.0,1
282890,0,20.0,1
282908,0,20.0,1
282927,1,20.0,1
282953,3,7.6712328767123275,0
282975,1,20.0,1
282993,0,20.0,1
283012,1,20.0,1
283030,0,20.0,1
283048,0,20.0,1
283066,0,20.0,1
283085,0,20.0,1
283103,0,20.0,1
283121,0,20.0,1
283140,0,20.0,1
283158,0,20.0,1
283177,0,20.0,1
283196,0,20.0,1
283216,1,20.0,1
283234,0,20.0,1
283253,0,20.0,1
283272,0,20.0,1
283290,0,20.0,1
283309,0,20.0,1
283328,0,20.0,1
283346,0,20.0,1
283364,0,20.0,1
283382,0,20.0,1
283400,0,20.0,1
283418,0,20.0,1
283437,0,20.0,1
283456,0,20.0,1
283475,0,20.0,1
283493,0,20.0,1
283512,1,20.0,1
283530,0,20.0,1
283549,0,20.0,1
283567,0,20.0,1
283586,0,20.0,1
283604,0,20.0,1
283622,0,20.0,1
283640,0,20.0,1
283658,0,20.0,1
283677,0,20.0,1
283695,0,20.0,1
283713,0,20.0,1
283732,0,20.0,1
283750,0,20.0,1
283769,0,20.0,1
283787,0,20.0,1
283806,0,20.0,1
283825,0,20.0,1
283844,0,20.0,1
283862,0,20.0,1
283883,2,20.0,1
283904,2,20.0,1
283922,0,20.0,1
283941,0,20.0,1
283960,1,20.0,1
283980,1,20.0,1
283999,0,20.0,1
284017,1,20.0,1
284035,0,20.0,1
284054,1,20.0,1
284073,0,20.0,1
284092,0,20.0,1
284111,0,20.0,1
284129,0,20.0,1
284147,0,20.0,1
284165,0,20.0,1
284183,0,20.0,1
284202,0,20.0,1
284220,0,20.0,1
284239,0,20.0,1
284258,0,20.0,1
284276,0,20.0,1
284294,0,20.0,1
284313,0,20.0,1
284332,0,20.0,1
284351,0,20.0,1
284370,0,20.0,1
284388,0,20.0,1
284407,0,20.0,1
284425,0,20.0,1
284444,1,20.0,1
284462,0,20.0,1
284481,0,20.0,1
284500,0,20.0,1
284518,0,20.0,1
284537,0,20.0,1
284556,0,20.0,1
284575,0,20.0,1
284594,0,20.0,1
284612,0,20.0,1
284631,0,20.0,1
284650,0,20.0,1
284668,0,20.0,1
284687,0,20.0,1
284706,0,20.0,1
284725,0,20.0,1
284744,0,20.0,1
284762,0,20.0,1
284781,0,20.0,1
284802,1,20.0,1
284821,0,20.0,1
284839,0,20.0,1
284857,0,20.0,1
284879,1,20.0,1
284898,0,20.0,1
284916,0,20.0,1
284934,0,20.0,1
284956,1,20.0,1
284975,0,20.0,1
284994,0,20.0,1
285013,1,20.0,1
285032,0,20.0,1
285053,1,20.0,1
285071,0,20.0,1
285090,0,20.0,1
285109,0,20.0,1
285128,0,20.0,1
285147,0,20.0,1
285167,0,20.0,1
285186,0,20.0,1
285204,0,20.0,1
285223,0,20.0,1
285243,0,20.0,1
285261,0,20.0,1
285279,0,20.0,1
285297,0,20.0,1
285315,0,20.0,1
285334,1,20.0,1
285353,0,20.0,1
285372,0,20.0,1
285391,0,20.0,1
285409,0,20.0,1
285427,0,20.0,1
285445,0,20.0,1
285464,1,20.0,1
285483,1,20.0,1
285502,0,20.0,1
285521,0,20.0,1
285543,1,20.0,1
285562,0,20.0,1
285581,1,20.0,1
285599,0,20.0,1
285618,1,20.0,1
285638,0,20.0,1
285659,1,20.0,1
285679,0,20.0,1
285698,0,20.0,1
285717,1,20.0,1
285736,0,20.0,1
285754,0,20.0,1
285773,0,20.0,1
285792,0,20.0,1
285810,0,20.0,1
285829,0,20.0,1
285848,1,20.0,1
285866,0,20.0,1
285885,0,20.0,1
285903,0,20.0,1
285922,0,20.0,1
285941,0,20.0,1
285960,0,20.0,1
285979,1,20.0,1
286001,1,20.0,1
286020,0,20.0,1
286039,1,20.0,1
286057,0,20.0,1
286076,1,20.0,1
286094,0,20.0,1
286112,0,20.0,1
286131,0,20.0,1
286150,0,20.0,1
286168,0,20.0,1
286186,0,20.0,1
286205,0,20.0,1
286224,0,20.0,1
286243,1,20.0,1
286262,1,20.0,1
286281,0,20.0,1
286299,0,20.0,1
286318,0,20.0,1
286336,0,20.0,1
286355,0,20.0,1
286373,0,20.0,1
286392,0,20.0,1
286410,0,20.0,1
286430,0,20.0,1
286450,1,20.0,1
286469,0,20.0,1
286492,3,7.671232876712326,0
286510,0,20.0,1
286529,0,20.0,1
286547,0,20.0,1
286566,0,20.0,1
286585,0,20.0,1
286607,1,20.0,1
286626,0,20.0,1
286645,0,20.0,1
286664,0,20.0,1
286683,0,20.0,1
286702,0,20.0,1
286721,0,20.0,1
286740,0,20.0,1
286759,0,20.0,1
286781,1,20.0,1
286800,0,20.0,1
286819,0,20.0,1
286838,0,20.0,1
286856,0,20.0,1
286875,1,20.0,1
286894,0,20.0,1
286913,0,20.0,1
286932,0,20.0,1
286952,0,20.0,1
286971,0,20.0,1
286990,0,20.0,1
287009,0,20.0,1
287029,1,20.0,1
287050,1,20.0,1
287073,3,7.342465753424655,0
287092,0,20.0,1
287118,2,19.999999999999996,1
287137,1,20.0,1
287162,3,7.999999999999998,0
287181,0,20.0,1
287200,0,20.0,1
287219,1,20.0,1
287239,1,20.0,1
287258,0,20.0,1
287284,2,20.0,1
287303,0,20.0,1
287322,0,20.0,1
287341,1,20.0,1
287360,0,20.0,1
287378,0,20.0,1
287397,1,20.0,1
287417,1,20.0,1
287436,0,20.0,1
287455,0,20.0,1
287474,0,20.0,1
287493,0,20.0,1
287512,0,20.0,1
287531,0,20.0,1
287550,0,20.0,1
287569,0,20.0,1
287588,0,20.0,1
287606,0,20.0,1
287625,0,20.0,1
287653,3,8.328767123287669,0
287672,0,20.0,1
287691,0,20.0,1
287710,0,20.0,1
287729,0,20.0,1
287748,0,20.0,1
287767,1,20.0,1
287786,1,20.0,1
287805,0,20.0,1
287825,1,20.0,1
287844,0,20.0,1
287863,0,20.0,1
287882,0,20.0,1
287901,0,20.0,1
287920,0,20.0,1
287938,0,20.0,1
287960,1,20.0,1
287979,0,20.0,1
287998,0,20.0,1
288017,0,20.0,1
288039,2,20.0,1
288058,0,20.0,1
288078,1,20.0,1
288097,0,20.0,1
288116,0,20.0,1
288135,0,20.0,1
288155,0,20.0,1
288174,0,20.0,1
288196,1,20.0,1
288216,1,20.0,1
288235,0,20.0,1
288259,3,7.6712328767123275,0
288278,0,20.0,1
288297,0,20.0,1
288316,1,20.0,1
288335,0,20.0,1
288355,0,20.0,1
288374,0,20.0,1
288394,1,20.0,1
288413,1,20.0,1
288433,1,20.0,1
288461,3,8.328767123287669,0
288480,0,20.0,1
288499,1,20.0,1
288522,2,20.0,1
288542,1,20.0,1
288561,0,20.0,1
288580,0,20.0,1
288599,0,20.0,1
288619,1,20.0,1
288639,0,20.0,1
288658,0,20.0,1
288677,0,20.0,1
288697,0,20.0,1
288717,1,20.0,1
288738,1,20.0,1
288758,0,20.0,1
288777,1,20.0,1
288796,0,20.0,1
288815,0,20.0,1
288834,0,20.0,1
288853,0,20.0,1
288872,0,20.0,1
288891,0,20.0,1
288910,0,20.0,1
288929,0,20.0,1
288948,1,20.0,1
288968,1,20.0,1
288990,1,19.999999999999996,1
289010,1,20.0,1
289029,1,20.0,1
289049,1,20.0,1
289068,0,20.0,1
289090,1,20.0,1
289110,1,20.0,1
289129,0,20.0,1
289148,1,20.0,1
289167,0,20.0,1
289189,1,20.0,1
289208,0,20.0,1
289227,0,20.0,1
289246,0,20.0,1
289264,0,20.0,1
289283,1,20.0,1
289303,1,20.0,1
289323,0,20.0,1
289342,0,20.0,1
289361,0,20.0,1
289380,0,20.0,1
289398,0,20.0,1
289417,0,20.0,1
289439,1,20.0,1
289461,1,20.0,1
289480,0,20.0,1
289499,0,20.0,1
289519,0,20.0,1
289538,0,20.0,1
289559,3,7.013698630136986,0
289579,1,20.0,1
289599,1,20.0,1
289619,0,20.0,1
289639,1,20.0,1
289657,0,20.0,1
289675,0,20.0,1
289699,3,8.328767123287669,0
289718,1,20.0,1
289738,1,20.0,1
289756,0,20.0,1
289774,0,20.0,1
289793,0,20.0,1
289813,1,20.0,1
289832,0,20.0,1
289851,0,20.0,1
289870,0,20.0,1
289889,0,20.0,1
289908,1,20.0,1
289927,0,20.0,1
289946,0,20.0,1
289965,0,20.0,1
289985,1,20.0,1
290005,1,20.0,1
290027,1,20.0,1
290049,1,20.0,1
290071,2,20.0,1
290090,0,20.0,1
290111,2,20.0,1
290130,1,20.0,1
290152,2,20.0,1
290173,1,20.0,1
290194,2,20.0,1
290215,1,20.0,1
290236,1,20.0,1
290255,1,20.0,1
290274,0,20.0,1
290294,1,20.0,1
290313,1,20.0,1
290334,1,20.0,1
290354,1,20.0,1
290374,1,20.0,1
290393,1,20.0,1
290414,1,20.0,1
290435,1,20.0,1
290454,1,20.0,1
290474,1,20.0,1
290493,1,20.0,1
290512,1,20.0,1
290535,1,20.0,1
290557,1,20.0,1
290578,1,20.0,1
290600,1,20.0,1
290621,1,20.0,1
290640,1,20.0,1
290660,1,20.0,1
290684,2,20.0,1
290705,1,20.0,1
290726,1,20.0,1
290747,2,20.0,1
290768,1,20.0,1
290788,1,20.0,1
290810,1,20.0,1
290832,2,20.0,1
290855,3,8.328767123287669,0
290875,1,20.0,1
290897,1,20.0,1
290920,2,20.0,1
290945,3,7.9999999999999964,0
290966,3,7.342465753424658,0
290987,3,8.328767123287669,0
291008,1,20.0,1
291031,3,8.32876712328767,0
291049,0,20.0,1
291072,3,7.671232876712329,0
291091,2,20.0,1
291113,2,20.0,1
291132,0,20.0,1
291152,1,20.0,1
291171,0,20.0,1
291192,1,20.0,1
291212,1,20.0,1
291231,0,20.0,1
291250,1,20.0,1
291270,1,20.0,1
291289,1,20.0,1
291311,2,20.0,1
291329,0,20.0,1
291348,1,20.0,1
291367,1,20.0,1
291385,0,20.0,1
291406,3,7.999999999999998,0
291430,3,8.32876712328767,0
291449,0,20.0,1
291474,3,8.32876712328767,0
291497,2,20.0,1
291517,1,20.0,1
291539,3,8.32876712328767,0
291557,0,20.0,1
291576,0,20.0,1
291597,1,20.0,1
291616,0,20.0,1
291639,3,7.6712328767123275,0
291658,1,20.0,1
291679,1,20.0,1
291702,3,8.328767123287669,0
291723,1,20.0,1
291742,1,20.0,1
291765,3,8.328767123287667,0
291785,1,20.0,1
291803,1,20.0,1
291822,0,20.0,1
291844,3,8.0,0
291863,0,20.0,1
291884,3,7.342465753424656,0
291903,1,20.0,1
291925,3,6.630136986301368,0
291946,1,20.0,1
291965,0,20.0,1
291986,3,7.342465753424658,0
292007,1,20.0,1
292026,1,20.0,1
292047,3,8.32876712328767,0
292067,1,20.0,1
292088,1,20.0,1
292106,1,20.0,1
292125,1,20.0,1
292144,0,20.0,1
292166,2,20.0,1
292188,1,20.0,1
292211,3,7.013698630136986,0
292232,1,20.0,1
292254,2,20.0,1
292274,1,20.0,1
292292,0,20.0,1
292312,1,20.0,1
292330,0,20.0,1
292349,0,20.0,1
292368,0,20.0,1
292393,3,8.328767123287669,0
292417,3,7.342465753424657,0
292438,1,20.0,1
292457,0,20.0,1
292478,0,20.0,1
292501,2,20.0,1
292519,0,20.0,1
292537,0,20.0,1
292556,0,20.0,1
292576,1,20.0,1
292600,1,20.0,1
292621,2,20.0,1
292644,1,20.0,1
292664,0,20.0,1
292683,0,20.0,1
292701,0,20.0,1
292720,0,20.0,1
292739,0,20.0,1
292762,3,7.013698630136984,0
292785,1,20.0,1
292804,0,20.0,1
292823,0,20.0,1
292847,3,7.999999999999998,0
292866,0,20.0,1
292888,1,20.0,1
292910,1,20.0,1
292932,1,20.0,1
292957,2,20.0,1
292984,3,8.328767123287667,0
293007,1,20.0,1
293029,3,7.342465753424657,0
293052,1,20.0,1
293071,0,20.0,1
293091,0,20.0,1
293110,0,20.0,1
293130,0,20.0,1
293149,0,20.0,1
293169,1,20.0,1
293188,0,20.0,1
293207,0,20.0,1
293226,0,20.0,1
293245,0,20.0,1
293264,0,20.0,1
293284,2,20.0,1
293303,0,20.0,1
293324,1,20.0,1
293343,0,20.0,1
293362,0,20.0,1
293381,0,20.0,1
293402,1,20.0,1
293421,1,20.0,1
293439,0,20.0,1
293458,0,20.0,1
293479,1,20.0,1
293499,1,20.0,1
293518,0,20.0,1
293537,0,20.0,1
293556,0,20.0,1
293577,1,20.0,1
293596,0,20.0,1
293616,0,20.0,1
293635,0,20.0,1
293654,0,20.0,1
293673,0,20.0,1
293693,0,20.0,1
293712,0,20.0,1
293735,2,20.0,1
293757,2,20.0,1
293777,1,20.0,1
293796,1,20.0,1
293818,1,20.0,1
293837,1,20.0,1
293860,2,20.0,1
293880,1,20.0,1
293899,0,20.0,1
293922,1,20.0,1
293940,0,20.0,1
293959,0,20.0,1
293978,0,20.0,1
293997,0,20.0,1
294017,1,20.0,1
294036,0,20.0,1
294055,0,20.0,1
294074,0,20.0,1
294097,2,20.0,1
294117,1,20.0,1
294137,0,20.0,1
294158,1,20.0,1
294181,3,7.999999999999998,0
294202,1,20.0,1
294222,1,20.0,1
294241,0,20.0,1
294259,0,20.0,1
294279,0,20.0,1
294298,0,20.0,1
294319,1,20.0,1
294338,0,20.0,1
294357,0,20.0,1
294377,0,20.0,1
294396,0,20.0,1
294414,0,20.0,1
294433,0,20.0,1
294451,0,20.0,1
294470,0,20.0,1
294489,0,20.0,1
294508,1,20.0,1
294527,1,20.0,1
294546,0,20.0,1
294565,0,20.0,1
294587,1,20.0,1
294606,0,20.0,1
294627,1,20.0,1
294649,1,20.0,1
294667,0,20.0,1
294685,0,20.0,1
294703,0,20.0,1
294723,1,20.0,1
294743,1,20.0,1
294762,0,20.0,1
294781,0,20.0,1
294800,0,20.0,1
294819,0,20.0,1
294838,0,20.0,1
294857,0,20.0,1
294876,0,20.0,1
294894,0,20.0,1
294913,0,20.0,1
294934,1,20.0,1
294953,0,20.0,1
294971,0,20.0,1
294989,0,20.0,1
295008,0,20.0,1
295027,0,20.0,1
295046,0,20.0,1
295064,0,20.0,1
295083,0,20.0,1
295102,0,20.0,1
295120,0,20.0,1
295138,0,20.0,1
295156,0,20.0,1
295175,1,20.0,1
295194,0,20.0,1
295217,2,20.0,1
295239,1,20.0,1
295257,0,20.0,1
295277,1,20.0,1
295295,0,20.0,1
295314,0,20.0,1
295334,0,20.0,1
295359,3,7.999999999999998,0
295382,3,7.671232876712329,0
295401,1,20.0,1
295421,1,20.0,1
295440,1,20.0,1
295463,1,20.0,1
295485,3,7.013698630136986,0
295505,1,20.0,1
295524,0,20.0,1
295544,1,20.0,1
295564,3,5.972602739726026,0
295583,0,20.0,1
295603,1,20.0,1
295622,0,20.0,1
295647,2,19.999999999999996,1
295666,0,20.0,1
295684,0,20.0,1
295705,1,20.0,1
295723,0,20.0,1
295743,0,20.0,1
295761,0,20.0,1
295781,0,20.0,1
295803,1,20.0,1
295828,2,20.0,1
295850,3,7.999999999999998,0
295869,0,20.0,1
295888,0,20.0,1
295907,0,20.0,1
295925,0,20.0,1
295943,0,20.0,1
295961,0,20.0,1
295980,1,20.0,1
295999,0,20.0,1
296018,0,20.0,1
296037,1,20.0,1
296056,0,20.0,1
296074,0,20.0,1
296093,0,20.0,1
296112,0,20.0,1
296130,0,20.0,1
296149,0,20.0,1
296167,0,20.0,1
296185,0,20.0,1
296203,0,20.0,1
296223,0,20.0,1
296243,0,20.0,1
296260,0,20.0,1
296278,0,20.0,1
296296,0,20.0,1
296315,1,20.0,1
296335,1,20.0,1
296354,1,20.0,1
296373,0,20.0,1
296392,0,20.0,1
296417,2,20.0,1
296437,1,20.0,1
296459,1,20.0,1
296481,1,20.0,1
296500,0,20.0,1
296520,1,20.0,1
296541,1,20.0,1
296561,3,6.630136986301368,0
296581,1,20.0,1
296599,0,20.0,1
296620,1,20.0,1
296639,1,20.0,1
296660,1,20.0,1
296679,1,20.0,1
296700,0,20.0,1
296724,3,7.6712328767123275,0
296749,3,7.999999999999998,0
296770,1,20.0,1
296792,1,20.0,1
296811,0,20.0,1
296828,0,20.0,1
296848,0,20.0,1
296867,1,20.0,1
296885,0,20.0,1
296903,0,20.0,1
296923,0,20.0,1
296943,1,20.0,1
296962,0,20.0,1
296984,1,20.0,1
297004,1,20.0,1
297025,1,20.0,1
297045,1,20.0,1
297064,0,20.0,1
297086,3,8.32876712328767,0
297105,0,20.0,1
297126,1,20.0,1
297145,0,20.0,1
297164,1,20.0,1
297183,0,20.0,1
297202,2,20.0,1
297221,1,20.0,1
297241,0,20.0,1
297262,1,20.0,1
297282,0,20.0,1
297301,0,20.0,1
297325,1,20.0,1
297345,1,20.0,1
297364,1,20.0,1
297385,1,20.0,1
297409,3,7.999999999999998,0
297428,1,20.0,1
297447,0,20.0,1
297466,0,20.0,1
297484,0,20.0,1
297505,1,20.0,1
297524,0,20.0,1
297542,0,20.0,1
297561,0,20.0,1
297580,0,20.0,1
297601,1,20.0,1
297621,0,20.0,1
297642,1,20.0,1
297661,0,20.0,1
297682,1,20.0,1
297702,0,20.0,1
297722,1,20.0,1
297740,0,20.0,1
297758,0,20.0,1
297783,3,7.999999999999998,0
297802,0,20.0,1
297821,0,20.0,1
297839,0,20.0,1
297858,1,20.0,1
297877,1,20.0,1
297897,0,20.0,1
297916,0,20.0,1
297935,0,20.0,1
297954,0,20.0,1
297973,0,20.0,1
297993,1,20.0,1
298012,0,20.0,1
298031,0,20.0,1
298050,1,20.0,1
298069,0,20.0,1
298088,1,20.0,1
298108,1,20.0,1
298126,0,20.0,1
298147,1,20.0,1
298166,0,20.0,1
298185,0,20.0,1
298207,1,20.0,1
298225,0,20.0,1
298244,0,20.0,1
298264,1,20.0,1
298282,0,20.0,1
298300,0,20.0,1
298319,0,20.0,1
298338,1,20.0,1
298357,0,20.0,1
298377,2,20.0,1
298397,1,20.0,1
298416,0,20.0,1
298434,0,20.0,1
298453,1,20.0,1
298472,0,20.0,1
298491,0,20.0,1
298510,0,20.0,1
298533,3,7.342465753424657,0
298554,1,20.0,1
298572,0,20.0,1
298591,0,20.0,1
298611,1,20.0,1
298630,1,20.0,1
298649,0,20.0,1
298669,1,20.0,1
298687,0,20.0,1
298707,1,20.0,1
298727,1,20.0,1
298748,1,20.0,1
298767,0,20.0,1
298786,1,20.0,1
298807,1,20.0,1
298832,3,8.328767123287669,0
298852,3,6.3561643835616435,0
298871,0,20.0,1
298890,1,20.0,1
298908,0,20.0,1
298927,1,20.0,1
298944,0,20.0,1
298963,0,20.0,1
298982,0,20.0,1
299001,1,20.0,1
299023,1,20.0,1
299042,0,20.0,1
299061,1,20.0,1
299079,0,20.0,1
299098,0,20.0,1
299117,0,20.0,1
299139,1,20.0,1
299158,1,20.0,1
299177,0,20.0,1
299196,0,20.0,1
299215,1,20.0,1
299236,1,20.0,1
299254,0,20.0,1
299273,0,20.0,1
299292,0,20.0,1
299311,0,20.0,1
299331,1,20.0,1
299351,1,20.0,1
299369,0,20.0,1
299387,0,20.0,1
299408,1,20.0,1
299427,0,20.0,1
299449,3,7.342465753424657,0
299469,0,20.0,1
299489,1,20.0,1
299513,3,8.0,0
299534,2,20.0,1
299557,1,20.0,1
299576,1,20.0,1
299598,3,7.6712328767123275,0
299621,2,20.0,1
299640,0,20.0,1
299659,1,20.0,1
299680,1,20.0,1
299698,0,20.0,1
299719,1,20.0,1
299741,1,20.0,1
299760,0,20.0,1
299783,3,7.342465753424657,0
299802,0,20.0,1
299820,0,20.0,1
299839,0,20.0,1
299858,1,20.0,1
299877,0,20.0,1
299896,0,20.0,1
299915,0,20.0,1
299934,1,20.0,1
299953,1,20.0,1
299973,1,20.0,1
299993,1,20.0,1
300012,1,20.0,1
300032,0,20.0,1
300051,0,20.0,1
300073,1,20.0,1
300093,0,20.0,1
300112,1,20.0,1
300131,0,20.0,1
300149,0,20.0,1
300169,0,20.0,1
300188,0,20.0,1
300209,1,20.0,1
300228,0,20.0,1
300246,0,20.0,1
300269,3,7.6712328767123275,0
300288,0,20.0,1
300314,3,8.328767123287669,0
300335,1,20.0,1
300354,0,20.0,1
300373,0,20.0,1
300394,2,20.0,1
300412,0,20.0,1
300433,1,20.0,1
300454,2,20.0,1
300474,1,20.0,1
300494,0,20.0,1
300514,1,20.0,1
300538,2,20.0,1
300565,3,8.328767123287669,0
300586,1,20.0,1
300607,3,5.972602739726026,0
300634,3,8.328767123287669,0
300653,0,20.0,1
300677,3,8.328767123287669,0
300702,2,20.0,1
300721,1,20.0,1
300740,0,20.0,1
300762,1,20.0,1
300781,0,20.0,1
300804,3,8.32876712328767,0
300823,0,20.0,1
300842,0,20.0,1
300862,1,20.0,1
300881,1,20.0,1
300901,1,20.0,1
300923,3,7.342465753424656,0
300943,1,20.0,1
300966,1,19.999999999999996,1
300984,0,20.0,1
301003,0,20.0,1
301022,2,20.0,1
301046,3,8.0,0
301065,0,20.0,1
301090,2,20.0,1
301109,1,20.0,1
301127,0,20.0,1
301145,0,20.0,1
301164,0,20.0,1
301185,1,20.0,1
301205,0,20.0,1
301223,0,20.0,1
301242,0,20.0,1
301261,0,20.0,1
301279,0,20.0,1
301298,0,20.0,1
301317,0,20.0,1
301338,3,6.301369863013697,0
301357,0,20.0,1
301376,0,20.0,1
301398,3,7.013698630136985,0
301417,0,20.0,1
301438,1,20.0,1
301457,0,20.0,1
301476,0,20.0,1
301495,0,20.0,1
301514,0,20.0,1
301533,1,20.0,1
301552,0,20.0,1
301571,0,20.0,1
301590,1,20.0,1
301609,1,20.0,1
301627,1,20.0,1
301650,3,7.6712328767123275,0
301669,0,20.0,1
301691,1,20.0,1
301711,1,20.0,1
301730,0,20.0,1
301748,0,20.0,1
301767,0,20.0,1
301786,1,20.0,1
301805,0,20.0,1
301824,0,20.0,1
301843,1,20.0,1
301861,0,20.0,1
301880,0,20.0,1
301899,0,20.0,1
301920,1,20.0,1
301939,1,20.0,1
301962,1,20.0,1
301981,0,20.0,1
302001,1,20.0,1
302020,0,20.0,1
302040,0,20.0,1
302059,1,20.0,1
302080,2,20.0,1
302099,0,20.0,1
302118,0,20.0,1
302137,0,20.0,1
302156,0,20.0,1
302175,0,20.0,1
302194,1,20.0,1
302213,0,20.0,1
302232,0,20.0,1
302256,2,20.0,1
302276,1,20.0,1
302295,1,20.0,1
302316,1,20.0,1
302335,0,20.0,1
302353,0,20.0,1
302371,0,20.0,1
302396,3,7.999999999999998,0
302416,0,20.0,1
302436,1,20.0,1
302455,0,20.0,1
302474,0,20.0,1
302493,0,20.0,1
302512,0,20.0,1
302535,1,20.0,1
302557,1,20.0,1
302576,0,20.0,1
302597,1,20.0,1
302616,0,20.0,1
302635,0,20.0,1
302654,1,20.0,1
302673,0,20.0,1
302691,0,20.0,1
302711,1,20.0,1
302730,0,20.0,1
302749,0,20.0,1
302768,0,20.0,1
302790,1,20.0,1
302810,1,20.0,1
302829,0,20.0,1
302848,0,20.0,1
302867,0,20.0,1
302885,0,20.0,1
302904,0,20.0,1
302923,0,20.0,1
302948,2,20.0,1
302967,1,20.0,1
302990,1,20.0,1
303010,1,20.0,1
303029,0,20.0,1
303049,1,20.0,1
303068,0,20.0,1
303088,0,20.0,1
303111,1,20.0,1
303130,0,20.0,1
303149,0,20.0,1
303168,0,20.0,1
303188,0,20.0,1
303211,3,7.342465753424657,0
303230,0,20.0,1
303251,1,20.0,1
303270,0,20.0,1
303290,1,20.0,1
303313,2,20.0,1
303334,1,20.0,1
303354,0,20.0,1
303374,0,20.0,1
303393,0,20.0,1
303411,0,20.0,1
303429,0,20.0,1
303448,0,20.0,1
303468,1,20.0,1
303491,3,7.342465753424657,0
303510,0,20.0,1
303529,0,20.0,1
303548,0,20.0,1
303566,0,20.0,1
303588,3,7.013698630136986,0
303608,1,20.0,1
303632,3,7.6712328767123275,0
303654,1,20.0,1
303678,2,20.0,1
303697,0,20.0,1
303721,2,20.0,1
303741,0,20.0,1
303760,0,20.0,1
303780,1,20.0,1
303800,1,20.0,1
303822,1,20.0,1
303841,0,20.0,1
303861,1,20.0,1
303883,3,7.342465753424658,0
303902,0,20.0,1
303927,3,7.342465753424657,0
303947,1,20.0,1
303971,3,8.328767123287669,0
303989,0,20.0,1
304010,1,20.0,1
304029,0,20.0,1
304048,0,20.0,1
304070,1,20.0,1
304089,0,20.0,1
304108,2,20.0,1
304127,0,20.0,1
304146,1,20.0,1
304165,0,20.0,1
304185,1,20.0,1
304207,2,20.0,1
304226,0,20.0,1
304245,0,20.0,1
304265,0,20.0,1
304288,3,8.328767123287669,0
304307,0,20.0,1
304326,0,20.0,1
304345,0,20.0,1
304368,3,7.6712328767123275,0
304386,0,20.0,1
304407,0,20.0,1
304430,3,7.999999999999998,0
304453,1,20.0,1
304472,0,20.0,1
304492,1,20.0,1
304511,0,20.0,1
304535,2,20.0,1
304557,1,20.0,1
304576,1,20.0,1
304599,3,7.342465753424657,0
304624,3,7.999999999999998,0
304645,1,20.0,1
304666,1,20.0,1
304687,1,20.0,1
304710,3,8.32876712328767,0
304733,3,7.342465753424657,0
304752,1,20.0,1
304777,3,7.999999999999998,0
304802,3,7.999999999999998,0
304824,1,20.0,1
304848,2,20.0,1
304867,1,20.0,1
304888,1,20.0,1
304911,1,20.0,1
304936,3,8.328767123287669,0
304960,3,7.999999999999998,0
304979,3,6.684931506849315,0
305003,3,8.32876712328767,0
305028,2,20.0,1
305049,1,20.0,1
305071,1,20.0,1
305091,1,20.0,1
305116,3,7.999999999999998,0
305137,0,20.0,1
305160,2,20.0,1
305181,3,6.684931506849314,0
305200,0,20.0,1
305222,1,20.0,1
305244,1,20.0,1
305265,1,20.0,1
305286,1,20.0,1
305309,2,20.0,1
305327,0,20.0,1
305352,3,8.328767123287669,0
305375,1,19.999999999999996,1
305396,1,20.0,1
305418,1,20.0,1
305440,3,8.0,0
305465,2,19.999999999999996,1
305487,1,20.0,1
305507,1,20.0,1
305526,0,20.0,1
305546,0,20.0,1
305565,0,20.0,1
305589,3,7.999999999999999,0
305610,2,20.0,1
305631,2,20.0,1
305650,0,20.0,1
305668,0,20.0,1
305687,1,20.0,1
305705,0,20.0,1
305724,0,20.0,1
305743,0,20.0,1
305762,1,20.0,1
305781,0,20.0,1
305802,1,20.0,1
305820,0,20.0,1
305839,0,20.0,1
305859,0,20.0,1
305882,1,20.0,1
305904,1,20.0,1
305922,0,20.0,1
305941,0,20.0,1
305959,0,20.0,1
305978,0,20.0,1
305996,0,20.0,1
306016,1,20.0,1
306034,1,20.0,1
306051,0,20.0,1
306069,0,20.0,1
306088,0,20.0,1
306106,0,20.0,1
306125,0,20.0,1
306143,0,20.0,1
306160,0,20.0,1
306179,0,20.0,1
306197,0,20.0,1
306215,0,20.0,1
306234,0,20.0,1
306252,0,20.0,1
306270,0,20.0,1
306289,0,20.0,1
306308,0,20.0,1
306332,3,8.32876712328767,0
306351,0,20.0,1
306368,0,20.0,1
306387,0,20.0,1
306405,0,20.0,1
306423,0,20.0,1
306440,0,20.0,1
306458,0,20.0,1
306476,0,20.0,1
306494,0,20.0,1
306512,0,20.0,1
306530,0,20.0,1
306548,0,20.0,1
306567,0,20.0,1
306590,3,7.671232876712329,0
306613,1,20.0,1
306637,2,20.0,1
306659,2,20.0,1
306678,0,20.0,1
306696,0,20.0,1
306714,0,20.0,1
306734,0,20.0,1
306752,0,20.0,1
306770,0,20.0,1
306788,0,20.0,1
306806,0,20.0,1
306825,1,20.0,1
306847,1,20.0,1
306865,0,20.0,1
306884,0,20.0,1
306903,0,20.0,1
306922,2,20.0,1
306940,0,20.0,1
306958,0,20.0,1
306978,1,20.0,1
306997,0,20.0,1
307014,0,20.0,1
307036,1,20.0,1
307055,0,20.0,1
307074,0,20.0,1
307093,0,20.0,1
307113,1,20.0,1
307133,0,20.0,1
307151,0,20.0,1
307169,0,20.0,1
307187,0,20.0,1
307205,0,20.0,1
307224,0,20.0,1
307243,0,20.0,1
307262,1,20.0,1
307283,1,20.0,1
307306,2,20.0,1
307330,1,20.0,1
307348,0,20.0,1
307370,1,20.0,1
307388,0,20.0,1
307407,0,20.0,1
307425,0,20.0,1
307442,0,20.0,1
307462,0,20.0,1
307480,0,20.0,1
307502,1,19.999999999999996,1
307522,1,20.0,1
307540,0,20.0,1
307558,0,20.0,1
307576,1,20.0,1
307594,0,20.0,1
307613,0,20.0,1
307632,0,20.0,1
307650,0,20.0,1
307669,0,20.0,1
307689,1,20.0,1
307707,0,20.0,1
307730,1,20.0,1
307750,1,20.0,1
307768,0,20.0,1
307787,0,20.0,1
307808,1,20.0,1
307827,0,20.0,1
307845,0,20.0,1
307864,0,20.0,1
307883,0,20.0,1
307902,1,20.0,1
307921,0,20.0,1
307940,0,20.0,1
307962,1,20.0,1
307981,0,20.0,1
307999,0,20.0,1
308022,2,20.0,1
308040,0,20.0,1
308059,1,20.0,1
308079,1,20.0,1
308102,1,20.0,1
308120,0,20.0,1
308139,0,20.0,1
308157,0,20.0,1
308177,1,20.0,1
308196,1,20.0,1
308214,0,20.0,1
308233,0,20.0,1
308254,1,20.0,1
308272,0,20.0,1
308290,0,20.0,1
308309,0,20.0,1
308327,0,20.0,1
308345,1,20.0,1
308363,0,20.0,1
308390,3,7.999999999999998,0
308409,0,20.0,1
308432,2,20.0,1
308451,0,20.0,1
308471,1,20.0,1
308490,0,20.0,1
308512,1,20.0,1
308530,0,20.0,1
308548,0,20.0,1
308567,0,20.0,1
308586,0,20.0,1
308604,0,20.0,1
308623,0,20.0,1
308641,1,20.0,1
308659,0,20.0,1
308678,0,20.0,1
308698,0,20.0,1
308716,0,20.0,1
308735,0,20.0,1
308754,0,20.0,1
308773,1,20.0,1
308791,0,20.0,1
308815,3,8.32876712328767,0
308833,0,20.0,1
308851,0,20.0,1
308870,1,20.0,1
308888,0,20.0,1
308908,0,20.0,1
308926,0,20.0,1
308944,0,20.0,1
308963,1,20.0,1
308982,0,20.0,1
309001,1,20.0,1
309020,0,20.0,1
309038,0,20.0,1
309057,0,20.0,1
309076,1,20.0,1
309094,0,20.0,1
309113,0,20.0,1
309131,0,20.0,1
309150,0,20.0,1
309169,0,20.0,1
309188,0,20.0,1
309208,1,20.0,1
309227,0,20.0,1
309246,0,20.0,1
309266,1,20.0,1
309285,0,20.0,1
309303,0,20.0,1
309321,0,20.0,1
309338,0,20.0,1
309357,0,20.0,1
309376,1,20.0,1
309396,1,20.0,1
309414,0,20.0,1
309432,0,20.0,1
309450,0,20.0,1
309470,0,20.0,1
309488,0,20.0,1
309506,0,20.0,1
309524,0,20.0,1
309543,0,20.0,1
309561,0,20.0,1
309580,0,20.0,1
309599,0,20.0,1
309617,0,20.0,1
309636,1,20.0,1
309654,0,20.0,1
309673,0,20.0,1
309692,0,20.0,1
309710,0,20.0,1
309728,0,20.0,1
309747,0,20.0,1
309766,2,20.0,1
309785,0,20.0,1
309805,1,20.0,1
309823,0,20.0,1
309841,0,20.0,1
309859,0,20.0,1
309878,0,20.0,1
309897,0,20.0,1
309916,0,20.0,1
309934,0,20.0,1
309952,0,20.0,1
309971,0,20.0,1
309990,0,20.0,1
310008,0,20.0,1
310026,0,20.0,1
310044,0,20.0,1
310063,0,20.0,1
310082,0,20.0,1
310103,1,20.0,1
310121,0,20.0,1
310140,0,20.0,1
310158,0,20.0,1
310181,2,20.0,1
310201,1,20.0,1
310222,1,20.0,1
310240,0,20.0,1
310259,0,20.0,1
310277,0,20.0,1
310295,0,20.0,1
310313,0,20.0,1
310332,0,20.0,1
310350,0,20.0,1
310368,0,20.0,1
310386,1,20.0,1
310404,0,20.0,1
310422,0,20.0,1
310442,1,20.0,1
310460,0,20.0,1
310477,0,20.0,1
310496,0,20.0,1
310514,0,20.0,1
310532,0,20.0,1
310550,0,20.0,1
310571,1,20.0,1
310589,0,20.0,1
310607,0,20.0,1
310626,1,20.0,1
310644,0,20.0,1
310662,0,20.0,1
310680,0,20.0,1
310698,0,20.0,1
310716,0,20.0,1
310734,0,20.0,1
310753,1,20.0,1
310772,0,20.0,1
310790,0,20.0,1
310809,0,20.0,1
310827,0,20.0,1
310845,0,20.0,1
310864,1,20.0,1
310883,0,20.0,1
310902,0,20.0,1
310921,0,20.0,1
310939,0,20.0,1
310957,0,20.0,1
310975,0,20.0,1
310993,0,20.0,1
311010,0,20.0,1
311028,0,20.0,1
311046,0,20.0,1
311064,0,20.0,1
311082,0,20.0,1
311106,2,20.0,1
311126,1,20.0,1
311147,2,20.0,1
311165,0,20.0,1
311184,0,20.0,1
311202,0,20.0,1
311223,1,20.0,1
311242,0,20.0,1
311261,0,20.0,1
311284,1,20.0,1
311302,0,20.0,1
311320,0,20.0,1
311338,0,20.0,1
311363,3,7.671232876712326,0
311381,0,20.0,1
311399,0,20.0,1
311416,0,20.0,1
311434,0,20.0,1
311455,2,20.0,1
311473,0,20.0,1
311496,2,20.0,1
311514,0,20.0,1
311532,0,20.0,1
311550,0,20.0,1
311568,0,20.0,1
311587,0,20.0,1
311606,0,20.0,1
311625,0,20.0,1
311643,0,20.0,1
311661,0,20.0,1
311679,0,20.0,1
311698,0,20.0,1
311716,0,20.0,1
311735,1,20.0,1
311754,1,20.0,1
311773,0,20.0,1
311791,0,20.0,1
311808,0,20.0,1
311830,1,20.0,1
311849,0,20.0,1
311867,0,20.0,1
311885,0,20.0,1
311907,1,20.0,1
311925,0,20.0,1
311947,1,20.0,1
311965,0,20.0,1
311984,0,20.0,1
312002,0,20.0,1
312023,3,5.972602739726025,0
312041,0,20.0,1
312060,0,20.0,1
312078,0,20.0,1
312096,0,20.0,1
312114,0,20.0,1
312132,0,20.0,1
312151,1,20.0,1
312169,0,20.0,1
312187,0,20.0,1
312205,0,20.0,1
312224,0,20.0,1
312243,0,20.0,1
312266,2,20.0,1
312284,0,20.0,1
312302,0,20.0,1
312320,0,20.0,1
312338,0,20.0,1
312357,1,20.0,1
312375,0,20.0,1
312394,0,20.0,1
312412,0,20.0,1
312430,0,20.0,1
312449,0,20.0,1
312467,0,20.0,1
312485,0,20.0,1
312503,0,20.0,1
312521,0,20.0,1
312541,0,20.0,1
312559,0,20.0,1
312577,0,20.0,1
312595,0,20.0,1
312613,0,20.0,1
312631,0,20.0,1
312650,1,20.0,1
312669,1,20.0,1
312688,0,20.0,1
312707,0,20.0,1
312727,0,20.0,1
312745,0,20.0,1
312763,0,20.0,1
312781,0,20.0,1
312799,0,20.0,1
312818,0,20.0,1
312836,0,20.0,1
312854,0,20.0,1
312872,0,20.0,1
312890,0,20.0,1
312909,0,20.0,1
312927,0,20.0,1
312945,0,20.0,1
312966,1,20.0,1
312984,0,20.0,1
313003,1,20.0,1
313026,1,20.0,1
313048,1,20.0,1
313071,2,20.0,1
313092,3,6.027397260273972,0
313114,1,20.0,1
313135,1,20.0,1
313156,1,20.0,1
313177,1,20.0,1
313197,0,20.0,1
313216,0,20.0,1
313240,2,20.0,1
313261,1,20.0,1
313285,3,7.342465753424657,0
313305,1,20.0,1
313327,1,20.0,1
313348,1,20.0,1
313369,1,20.0,1
313387,0,20.0,1
313407,0,20.0,1
313426,0,20.0,1
313447,1,20.0,1
313467,0,20.0,1
313488,1,20.0,1
313508,1,20.0,1
313528,0,20.0,1
313548,2,20.0,1
313566,0,20.0,1
313587,1,20.0,1
313606,1,20.0,1
313625,1,20.0,1
313646,1,20.0,1
313669,1,20.0,1
313691,1,20.0,1
313712,1,20.0,1
313735,2,20.0,1
313756,1,20.0,1
313777,3,7.013698630136986,0
313796,3,5.315068493150684,0
313814,0,20.0,1
313833,1,20.0,1
313852,0,20.0,1
313873,1,20.0,1
313891,0,20.0,1
313910,0,20.0,1
313937,3,8.328767123287667,0
313958,1,20.0,1
313977,1,20.0,1
313996,0,20.0,1
314015,0,20.0,1
314035,1,20.0,1
314054,0,20.0,1
314075,1,20.0,1
314094,0,20.0,1
314113,0,20.0,1
314135,1,20.0,1
314154,0,20.0,1
314177,1,20.0,1
314197,1,20.0,1
314216,0,20.0,1
314241,2,20.0,1
314260,0,20.0,1
314279,0,20.0,1
314298,0,20.0,1
314318,0,20.0,1
314340,2,20.0,1
314362,1,19.999999999999996,1
314382,3,6.027397260273973,0
314401,0,20.0,1
314423,3,7.342465753424657,0
314443,1,20.0,1
314463,0,20.0,1
314485,1,20.0,1
314505,0,20.0,1
314526,1,20.0,1
314545,0,20.0,1
314565,0,20.0,1
314587,1,20.0,1
314606,0,20.0,1
314627,1,20.0,1
314648,1,20.0,1
314668,1,20.0,1
314691,2,20.0,1
314712,3,6.630136986301368,0
314733,1,20.0,1
314758,3,7.6712328767123275,0
314777,0,20.0,1
314798,1,20.0,1
314821,1,19.999999999999996,1
314844,2,20.0,1
314865,1,20.0,1
314884,0,20.0,1
314904,1,20.0,1
314926,1,20.0,1
314944,0,20.0,1
314963,1,20.0,1
314982,1,20.0,1
315001,0,20.0,1
315022,2,20.0,1
315045,1,20.0,1
315070,2,20.0,1
315091,1,20.0,1
315109,0,20.0,1
315130,1,20.0,1
315149,0,20.0,1
315170,0,20.0,1
315191,1,20.0,1
315213,1,20.0,1
315236,1,20.0,1
315256,1,20.0,1
315278,1,20.0,1
315297,0,20.0,1
315316,0,20.0,1
315337,1,20.0,1
315357,0,20.0,1
315377,0,20.0,1
315398,0,20.0,1
315418,0,20.0,1
315439,1,20.0,1
315458,1,20.0,1
315477,0,20.0,1
315496,0,20.0,1
315516,0,20.0,1
315541,2,20.0,1
315561,1,20.0,1
315583,1,20.0,1
315602,0,20.0,1
315622,0,20.0,1
315641,0,20.0,1
315661,0,20.0,1
315681,0,20.0,1
315703,1,20.0,1
315722,1,20.0,1
315741,1,20.0,1
315762,1,20.0,1
315783,1,20.0,1
315807,2,20.0,1
315834,2,20.0,1
315853,1,20.0,1
315875,1,20.0,1
315901,3,7.999999999999998,0
315921,1,20.0,1
315945,2,20.0,1
315964,0,20.0,1
315985,1,20.0,1
316006,1,20.0,1
316030,3,8.328767123287669,0
316052,1,20.0,1
316073,1,20.0,1
316094,1,20.0,1
316113,0,20.0,1
316134,1,20.0,1
316153,1,20.0,1
316172,0,20.0,1
316192,0,20.0,1
316212,0,20.0,1
316232,0,20.0,1
316255,1,20.0,1
316276,3,7.013698630136986,0
316295,0,20.0,1
316314,0,20.0,1
316335,1,20.0,1
316354,0,20.0,1
316374,3,6.356164383561644,0
316396,1,20.0,1
316415,0,20.0,1
316433,0,20.0,1
316452,0,20.0,1
316476,1,20.0,1
316497,1,20.0,1
