steps,main/cost,main/score,main/winrate
24,2,1.3333333333333333,0
54,2,1.3333333333333333,0
82,2,1.0,0
113,2,1.6666666666666665,0
140,2,1.3333333333333333,0
166,2,1.9999999999999998,0
188,2,1.6666666666666665,0
229,2,1.0,0
251,2,1.0,0
278,2,1.9999999999999998,0
302,2,1.6666666666666665,0
321,2,1.6666666666666665,0
345,2,1.3333333333333333,0
369,2,1.9999999999999998,0
393,2,1.0,0
442,2,1.0,0
467,2,0.3333333333333333,0
493,2,1.0,0
515,2,0.6666666666666666,0
537,2,1.3333333333333333,0
589,2,1.3333333333333333,0
621,2,3.7777777777777772,0
647,2,3.222222222222222,0
672,2,2.6666666666666665,0
698,2,1.6666666666666665,0
722,2,5.444444444444444,0
744,2,4.611111111111111,0
765,2,3.4999999999999996,0
790,2,5.166666666666666,0
817,2,5.722222222222221,0
850,2,6.833333333333332,0
878,2,6.277777777777777,0
912,2,6.277777777777777,0
946,2,7.3888888888888875,0
979,2,4.888888888888888,0
1014,1,20.0,1
1058,2,5.722222222222221,0
1093,1,20.0,1
1131,2,6.833333333333332,0
1168,2,7.666666666666665,0
1205,1,20.0,1
1236,2,5.722222222222221,0
1270,1,20.0,1
1306,2,7.11111111111111,0
1343,1,20.0,1
1389,1,20.0,1
1422,1,20.0,1
1453,1,20.0,1
1485,1,20.0,1
1518,1,20.0,1
1549,2,6.833333333333332,0
1582,2,7.944444444444443,0
1614,1,20.0,1
1643,2,6.5555555555555545,0
1675,0,20.0,1
1701,2,5.999999999999999,0
1732,1,20.0,1
1761,2,7.11111111111111,0
1792,1,20.0,1
1825,1,20.0,1
1856,0,20.0,1
1886,2,5.999999999999999,0
1919,1,20.0,1
1949,0,20.0,1
1985,1,20.0,1
2014,0,20.0,1
2045,0,20.0,1
2076,0,20.0,1
2105,0,20.0,1
2136,0,20.0,1
2164,0,20.0,1
2205,1,20.0,1
2238,0,20.0,1
2266,0,20.0,1
2300,0,20.0,1
2329,0,20.0,1
2361,1,20.0,1
2396,1,20.0,1
2424,2,5.444444444444444,0
2455,0,20.0,1
2490,0,20.0,1
2520,0,20.0,1
2554,0,20.0,1
2585,0,20.0,1
2615,0,20.0,1
2646,0,20.0,1
2675,0,20.0,1
2708,1,20.0,1
2737,0,20.0,1
2765,0,20.0,1
2795,0,20.0,1
2823,0,20.0,1
2856,2,7.944444444444443,0
2889,2,7.11111111111111,0
2921,2,7.11111111111111,0
2951,1,20.0,1
2979,0,20.0,1
3009,1,20.0,1
3123,2,11.111111111111105,0
3273,2,10.444444444444434,0
3300,0,20.0,1
3333,1,20.0,1
3365,0,20.0,1
3405,2,7.11111111111111,0
3437,0,20.0,1
3468,0,20.0,1
3504,2,7.3888888888888875,0
3536,1,20.0,1
3564,0,20.0,1
3594,0,20.0,1
3623,0,20.0,1
3653,0,20.0,1
3681,0,20.0,1
3710,0,20.0,1
3741,0,20.0,1
3771,0,20.0,1
3800,0,20.0,1
3839,2,7.666666666666665,0
3868,0,20.0,1
3897,0,20.0,1
3926,0,20.0,1
3957,0,20.0,1
3989,0,20.0,1
4023,1,20.0,1
4057,2,5.722222222222221,0
4089,0,20.0,1
4117,0,20.0,1
4149,2,6.833333333333332,0
4178,0,20.0,1
4207,0,20.0,1
4236,1,20.0,1
4266,0,20.0,1
4299,0,20.0,1
4331,0,20.0,1
4361,0,20.0,1
4396,1,20.0,1
4425,0,20.0,1
4456,0,20.0,1
4488,0,20.0,1
4518,0,20.0,1
4561,2,6.833333333333332,0
4593,0,20.0,1
4624,0,20.0,1
4662,2,5.722222222222221,0
4693,0,20.0,1
4722,0,20.0,1
4751,2,5.444444444444444,0
4779,0,20.0,1
4809,0,20.0,1
4841,0,20.0,1
4874,0,20.0,1
4904,0,20.0,1
4934,0,20.0,1
4963,0,20.0,1
4995,0,20.0,1
5025,1,20.0,1
5061,1,20.0,1
5089,0,20.0,1
5118,0,20.0,1
5148,0,20.0,1
5178,0,20.0,1
5208,0,20.0,1
5238,0,20.0,1
5267,0,20.0,1
5298,0,20.0,1
5328,0,20.0,1
5359,0,20.0,1
5391,0,20.0,1
5420,0,20.0,1
5451,0,20.0,1
5484,0,20.0,1
5513,0,20.0,1
5542,0,20.0,1
5573,0,20.0,1
5602,0,20.0,1
5631,0,20.0,1
5661,0,20.0,1
5690,0,20.0,1
5719,0,20.0,1
5748,0,20.0,1
5777,0,20.0,1
5808,0,20.0,1
5837,0,20.0,1
5867,0,20.0,1
5896,0,20.0,1
5925,0,20.0,1
5956,0,20.0,1
5984,0,20.0,1
6014,0,20.0,1
6045,0,20.0,1
6072,0,20.0,1
6101,0,20.0,1
6130,0,20.0,1
6159,0,20.0,1
6188,0,20.0,1
6217,0,20.0,1
6246,0,20.0,1
6275,0,20.0,1
6304,0,20.0,1
6332,0,20.0,1
6482,2,7.944444444444435,0
6509,0,20.0,1
6538,0,20.0,1
6568,0,20.0,1
6596,0,20.0,1
6625,0,20.0,1
6653,0,20.0,1
6683,0,20.0,1
6713,0,20.0,1
6742,0,20.0,1
6772,0,20.0,1
6801,0,20.0,1
6830,0,20.0,1
6860,0,20.0,1
6889,0,20.0,1
6917,0,20.0,1
6947,0,20.0,1
6977,0,20.0,1
7005,2,5.722222222222221,0
7034,0,20.0,1
7064,0,20.0,1
7090,2,5.444444444444444,0
7119,0,20.0,1
7148,0,20.0,1
7177,0,20.0,1
7206,0,20.0,1
7235,0,20.0,1
7265,0,20.0,1
7300,0,20.0,1
7334,0,20.0,1
7363,0,20.0,1
7392,0,20.0,1
7420,0,20.0,1
7449,0,20.0,1
7482,0,20.0,1
7511,0,20.0,1
7541,0,20.0,1
7568,2,5.999999999999999,0
7598,0,20.0,1
7627,0,20.0,1
7656,0,20.0,1
7684,0,20.0,1
7711,2,5.722222222222221,0
7739,0,20.0,1
7767,0,20.0,1
7799,0,20.0,1
7830,0,20.0,1
7859,0,20.0,1
7888,0,20.0,1
7918,0,20.0,1
7949,0,20.0,1
7979,0,20.0,1
8009,0,20.0,1
8040,0,20.0,1
8070,0,20.0,1
8102,0,20.0,1
8135,0,20.0,1
8164,0,20.0,1
8193,0,20.0,1
8222,0,20.0,1
8251,0,20.0,1
8283,0,20.0,1
8313,0,20.0,1
8344,0,20.0,1
8374,0,20.0,1
8402,0,20.0,1
8431,0,20.0,1
8460,0,20.0,1
8489,0,20.0,1
8518,0,20.0,1
8547,0,20.0,1
8576,0,20.0,1
8604,0,20.0,1
8633,0,20.0,1
8662,0,20.0,1
8691,0,20.0,1
8720,0,20.0,1
8753,1,20.0,1
8783,0,20.0,1
8812,0,20.0,1
8842,0,20.0,1
8871,0,20.0,1
8901,0,20.0,1
8930,0,20.0,1
8959,0,20.0,1
8988,0,20.0,1
9017,0,20.0,1
9046,0,20.0,1
9075,0,20.0,1
9104,0,20.0,1
9134,0,20.0,1
9164,0,20.0,1
9193,0,20.0,1
9225,0,20.0,1
9255,0,20.0,1
9284,0,20.0,1
9314,0,20.0,1
9342,0,20.0,1
9371,0,20.0,1
9400,0,20.0,1
9429,0,20.0,1
9459,0,20.0,1
9488,0,20.0,1
9518,0,20.0,1
9548,0,20.0,1
9577,0,20.0,1
9606,0,20.0,1
9635,0,20.0,1
9663,0,20.0,1
9692,0,20.0,1
9721,0,20.0,1
9751,0,20.0,1
9780,0,20.0,1
9809,0,20.0,1
9840,0,20.0,1
9869,0,20.0,1
9899,0,20.0,1
9933,2,8.222222222222221,0
10083,2,8.777777777777768,0
10112,0,20.0,1
10142,0,20.0,1
10171,0,20.0,1
10201,0,20.0,1
10231,0,20.0,1
10261,0,20.0,1
10290,0,20.0,1
10319,0,20.0,1
10348,0,20.0,1
10376,0,20.0,1
10405,0,20.0,1
10435,0,20.0,1
10464,0,20.0,1
10497,1,20.0,1
10526,2,7.3888888888888875,0
10560,0,20.0,1
10589,0,20.0,1
10618,0,20.0,1
10646,0,20.0,1
10678,0,20.0,1
10706,0,20.0,1
10734,0,20.0,1
10761,2,5.444444444444444,0
10790,0,20.0,1
10818,0,20.0,1
10848,0,20.0,1
10876,0,20.0,1
10905,0,20.0,1
10933,0,20.0,1
10963,0,20.0,1
10995,1,20.0,1
11024,0,20.0,1
11053,0,20.0,1
11083,0,20.0,1
11110,0,20.0,1
11141,0,20.0,1
11170,0,20.0,1
11201,0,20.0,1
11231,0,20.0,1
11259,0,20.0,1
11290,0,20.0,1
11320,0,20.0,1
11348,0,20.0,1
11378,0,20.0,1
11408,0,20.0,1
11436,0,20.0,1
11465,0,20.0,1
11495,0,20.0,1
11523,0,20.0,1
11551,0,20.0,1
11585,0,20.0,1
11618,0,20.0,1
11647,0,20.0,1
11680,0,20.0,1
11711,0,20.0,1
11741,0,20.0,1
11769,0,20.0,1
11797,0,20.0,1
11826,0,20.0,1
11857,0,20.0,1
11886,0,20.0,1
11916,0,20.0,1
11945,0,20.0,1
11975,0,20.0,1
12004,0,20.0,1
12035,0,20.0,1
12066,0,20.0,1
12095,0,20.0,1
12125,0,20.0,1
12155,0,20.0,1
12184,0,20.0,1
12212,0,20.0,1
12243,0,20.0,1
12271,0,20.0,1
12299,0,20.0,1
12329,2,7.666666666666665,0
12358,0,20.0,1
12387,0,20.0,1
12416,0,20.0,1
12444,0,20.0,1
12479,1,20.0,1
12507,0,20.0,1
12536,0,20.0,1
12564,0,20.0,1
12594,0,20.0,1
12623,0,20.0,1
12661,1,20.0,1
12691,0,20.0,1
12722,0,20.0,1
12751,0,20.0,1
12780,0,20.0,1
12811,0,20.0,1
12841,0,20.0,1
12870,0,20.0,1
12899,0,20.0,1
12929,0,20.0,1
12959,0,20.0,1
12987,0,20.0,1
13016,0,20.0,1
13049,0,20.0,1
13078,0,20.0,1
13109,0,20.0,1
13140,0,20.0,1
13168,0,20.0,1
13203,1,20.0,1
13231,0,20.0,1
13260,0,20.0,1
13290,1,20.0,1
13319,0,20.0,1
13349,0,20.0,1
13380,0,20.0,1
13411,0,20.0,1
13441,0,20.0,1
13469,0,20.0,1
13498,0,20.0,1
13528,0,20.0,1
13556,0,20.0,1
13584,0,20.0,1
13613,0,20.0,1
13642,0,20.0,1
13670,0,20.0,1
13700,0,20.0,1
13729,0,20.0,1
13759,0,20.0,1
13787,0,20.0,1
13817,0,20.0,1
13847,0,20.0,1
13875,0,20.0,1
13904,0,20.0,1
13933,0,20.0,1
13962,0,20.0,1
13995,1,20.0,1
14024,0,20.0,1
14052,0,20.0,1
14081,0,20.0,1
14111,0,20.0,1
14140,0,20.0,1
14168,0,20.0,1
14197,0,20.0,1
14228,0,20.0,1
14256,0,20.0,1
14285,0,20.0,1
14314,0,20.0,1
14343,0,20.0,1
14373,0,20.0,1
14401,0,20.0,1
14430,0,20.0,1
14459,0,20.0,1
14487,0,20.0,1
14515,0,20.0,1
14544,0,20.0,1
14573,0,20.0,1
14602,0,20.0,1
14632,0,20.0,1
14661,0,20.0,1
14692,0,20.0,1
14722,0,20.0,1
14750,0,20.0,1
14779,0,20.0,1
14809,0,20.0,1
14839,0,20.0,1
14870,0,20.0,1
14901,0,20.0,1
14930,0,20.0,1
14958,0,20.0,1
14987,0,20.0,1
15015,0,20.0,1
15044,0,20.0,1
15074,0,20.0,1
15102,0,20.0,1
15131,0,20.0,1
15163,0,20.0,1
15192,0,20.0,1
15221,0,20.0,1
15251,0,20.0,1
15281,0,20.0,1
15311,0,20.0,1
15340,0,20.0,1
15369,0,20.0,1
15398,0,20.0,1
15427,0,20.0,1
15457,0,20.0,1
15486,0,20.0,1
15515,0,20.0,1
15544,0,20.0,1
15573,0,20.0,1
15602,0,20.0,1
15632,0,20.0,1
15661,0,20.0,1
15691,0,20.0,1
15720,0,20.0,1
15751,0,20.0,1
15780,0,20.0,1
15809,0,20.0,1
15838,0,20.0,1
15867,0,20.0,1
15895,0,20.0,1
15925,0,20.0,1
15956,0,20.0,1
15986,0,20.0,1
16015,0,20.0,1
16044,0,20.0,1
16073,0,20.0,1
16103,0,20.0,1
16132,0,20.0,1
16161,0,20.0,1
16190,0,20.0,1
16219,0,20.0,1
16248,0,20.0,1
16276,0,20.0,1
16305,0,20.0,1
16337,0,20.0,1
16366,0,20.0,1
16395,0,20.0,1
16425,0,20.0,1
16453,0,20.0,1
16483,0,20.0,1
16514,0,20.0,1
16543,0,20.0,1
16693,2,8.777777777777768,0
16722,0,20.0,1
16750,0,20.0,1
16780,0,20.0,1
16810,0,20.0,1
16840,0,20.0,1
16869,0,20.0,1
16898,0,20.0,1
16927,0,20.0,1
16955,0,20.0,1
16986,0,20.0,1
17019,0,20.0,1
17047,0,20.0,1
17076,0,20.0,1
17105,0,20.0,1
17134,0,20.0,1
17163,0,20.0,1
17192,0,20.0,1
17221,0,20.0,1
17251,0,20.0,1
17279,0,20.0,1
17308,0,20.0,1
17337,0,20.0,1
17365,0,20.0,1
17395,0,20.0,1
17424,0,20.0,1
17454,0,20.0,1
17483,0,20.0,1
17511,0,20.0,1
17541,0,20.0,1
17570,0,20.0,1
17599,0,20.0,1
17628,0,20.0,1
17658,0,20.0,1
17686,0,20.0,1
17716,0,20.0,1
17745,0,20.0,1
17775,0,20.0,1
17805,0,20.0,1
17836,0,20.0,1
17867,0,20.0,1
17897,0,20.0,1
17926,0,20.0,1
17955,0,20.0,1
17985,0,20.0,1
18016,0,20.0,1
18044,0,20.0,1
18073,0,20.0,1
18103,0,20.0,1
18132,0,20.0,1
18162,0,20.0,1
18192,0,20.0,1
18223,1,20.0,1
18253,0,20.0,1
18281,0,20.0,1
18310,0,20.0,1
18339,0,20.0,1
18366,0,20.0,1
18397,0,20.0,1
18426,0,20.0,1
18456,0,20.0,1
18486,0,20.0,1
18514,0,20.0,1
18542,0,20.0,1
18572,0,20.0,1
18601,0,20.0,1
18631,0,20.0,1
18660,0,20.0,1
18689,0,20.0,1
18719,0,20.0,1
18748,0,20.0,1
18777,0,20.0,1
18807,0,20.0,1
18835,0,20.0,1
18868,1,20.0,1
18894,2,6.277777777777777,0
18922,0,20.0,1
18950,0,20.0,1
18978,0,20.0,1
19006,0,20.0,1
19039,0,20.0,1
19067,0,20.0,1
19096,0,20.0,1
19127,0,20.0,1
19155,0,20.0,1
19184,1,20.0,1
19214,0,20.0,1
19242,0,20.0,1
19279,1,20.0,1
19307,0,20.0,1
19334,0,20.0,1
19364,0,20.0,1
19393,0,20.0,1
19421,0,20.0,1
19449,0,20.0,1
19478,0,20.0,1
19506,0,20.0,1
19534,0,20.0,1
19563,0,20.0,1
19592,0,20.0,1
19622,0,20.0,1
19652,0,20.0,1
19680,0,20.0,1
19708,0,20.0,1
19738,0,20.0,1
19767,0,20.0,1
19796,0,20.0,1
19826,0,20.0,1
19855,0,20.0,1
19884,0,20.0,1
19912,0,20.0,1
19941,0,20.0,1
19970,0,20.0,1
19999,0,20.0,1
20028,0,20.0,1
20057,0,20.0,1
20086,0,20.0,1
20115,0,20.0,1
20144,0,20.0,1
20172,0,20.0,1
20201,0,20.0,1
20230,0,20.0,1
20259,0,20.0,1
20289,0,20.0,1
20318,0,20.0,1
20347,0,20.0,1
20376,0,20.0,1
20407,0,20.0,1
20436,0,20.0,1
20464,0,20.0,1
20494,1,20.0,1
20523,0,20.0,1
20551,0,20.0,1
20580,0,20.0,1
20607,0,20.0,1
20636,0,20.0,1
20666,0,20.0,1
20693,0,20.0,1
20722,0,20.0,1
20752,0,20.0,1
20780,0,20.0,1
20809,0,20.0,1
20837,0,20.0,1
20866,0,20.0,1
20895,0,20.0,1
20923,0,20.0,1
20952,0,20.0,1
20982,0,20.0,1
21010,0,20.0,1
21038,0,20.0,1
21067,0,20.0,1
21095,0,20.0,1
21124,1,20.0,1
21153,0,20.0,1
21182,0,20.0,1
21212,1,20.0,1
21240,0,20.0,1
21269,0,20.0,1
21298,0,20.0,1
21326,0,20.0,1
21355,0,20.0,1
21384,0,20.0,1
21413,0,20.0,1
21442,0,20.0,1
21470,0,20.0,1
21499,0,20.0,1
21528,0,20.0,1
21557,0,20.0,1
21590,0,20.0,1
21618,0,20.0,1
21648,0,20.0,1
21680,1,20.0,1
21709,0,20.0,1
21738,0,20.0,1
21767,0,20.0,1
21795,0,20.0,1
21823,0,20.0,1
21852,0,20.0,1
21881,0,20.0,1
21912,0,20.0,1
21940,0,20.0,1
21971,0,20.0,1
21999,0,20.0,1
22028,0,20.0,1
22057,0,20.0,1
22086,0,20.0,1
22116,0,20.0,1
22146,0,20.0,1
22174,0,20.0,1
22203,0,20.0,1
22231,0,20.0,1
22260,0,20.0,1
22291,0,20.0,1
22319,0,20.0,1
22350,0,20.0,1
22379,0,20.0,1
22408,0,20.0,1
22437,0,20.0,1
22466,0,20.0,1
22494,0,20.0,1
22523,0,20.0,1
22551,0,20.0,1
22580,0,20.0,1
22610,0,20.0,1
22639,0,20.0,1
22668,0,20.0,1
22697,0,20.0,1
22726,0,20.0,1
22755,0,20.0,1
22784,0,20.0,1
22813,0,20.0,1
22842,0,20.0,1
22871,0,20.0,1
22900,0,20.0,1
22928,0,20.0,1
22958,0,20.0,1
22987,0,20.0,1
23016,0,20.0,1
23044,0,20.0,1
23075,0,20.0,1
23103,0,20.0,1
23132,0,20.0,1
23161,0,20.0,1
23189,0,20.0,1
23222,1,20.0,1
23250,0,20.0,1
23279,0,20.0,1
23308,0,20.0,1
23337,0,20.0,1
23366,0,20.0,1
23394,0,20.0,1
23422,0,20.0,1
23450,0,20.0,1
23478,0,20.0,1
23507,0,20.0,1
23537,0,20.0,1
23565,0,20.0,1
23595,0,20.0,1
23627,2,7.944444444444443,0
23655,0,20.0,1
23684,0,20.0,1
23712,0,20.0,1
23742,0,20.0,1
23771,0,20.0,1
23800,0,20.0,1
23829,0,20.0,1
23858,0,20.0,1
23887,0,20.0,1
23915,2,6.833333333333332,0
23944,0,20.0,1
23972,0,20.0,1
24001,0,20.0,1
24031,0,20.0,1
24060,0,20.0,1
24088,0,20.0,1
24116,0,20.0,1
24144,0,20.0,1
24172,0,20.0,1
24200,0,20.0,1
24231,1,20.0,1
24260,0,20.0,1
24288,0,20.0,1
24317,0,20.0,1
24345,0,20.0,1
24373,0,20.0,1
24401,0,20.0,1
24430,0,20.0,1
24459,0,20.0,1
24486,0,20.0,1
24515,0,20.0,1
24543,0,20.0,1
24572,0,20.0,1
24601,0,20.0,1
24630,0,20.0,1
24659,2,7.3888888888888875,0
24692,0,20.0,1
24720,0,20.0,1
24748,0,20.0,1
24776,0,20.0,1
24803,0,20.0,1
24833,0,20.0,1
24862,0,20.0,1
24891,0,20.0,1
24929,1,20.0,1
24958,0,20.0,1
24986,0,20.0,1
25015,0,20.0,1
25044,0,20.0,1
25072,0,20.0,1
25100,0,20.0,1
25129,0,20.0,1
25159,1,20.0,1
25187,0,20.0,1
25215,0,20.0,1
25243,0,20.0,1
25271,0,20.0,1
25300,0,20.0,1
25328,0,20.0,1
25357,0,20.0,1
25386,0,20.0,1
25415,0,20.0,1
25444,0,20.0,1
25472,0,20.0,1
25500,0,20.0,1
25529,0,20.0,1
25558,0,20.0,1
25587,0,20.0,1
25612,2,6.277777777777777,0
25643,1,20.0,1
25671,0,20.0,1
25699,0,20.0,1
25728,0,20.0,1
25758,0,20.0,1
25786,0,20.0,1
25814,0,20.0,1
25843,0,20.0,1
25872,0,20.0,1
25901,0,20.0,1
25931,0,20.0,1
25959,0,20.0,1
25988,0,20.0,1
26015,0,20.0,1
26045,0,20.0,1
26075,0,20.0,1
26103,0,20.0,1
26131,0,20.0,1
26159,0,20.0,1
26188,0,20.0,1
26217,0,20.0,1
26244,0,20.0,1
26272,0,20.0,1
26301,0,20.0,1
26329,0,20.0,1
26357,0,20.0,1
26385,0,20.0,1
26413,0,20.0,1
26443,0,20.0,1
26471,0,20.0,1
26500,0,20.0,1
26530,0,20.0,1
26551,2,5.166666666666666,0
26580,0,20.0,1
26609,0,20.0,1
26637,0,20.0,1
26666,0,20.0,1
26695,0,20.0,1
26723,0,20.0,1
26752,0,20.0,1
26780,0,20.0,1
26809,0,20.0,1
26838,0,20.0,1
26866,0,20.0,1
26895,0,20.0,1
26923,0,20.0,1
26951,0,20.0,1
26980,0,20.0,1
27007,0,20.0,1
27035,0,20.0,1
27063,0,20.0,1
27091,0,20.0,1
27120,0,20.0,1
27148,0,20.0,1
27177,0,20.0,1
27200,2,5.444444444444444,0
27228,0,20.0,1
27257,0,20.0,1
27285,0,20.0,1
27313,0,20.0,1
27342,0,20.0,1
27370,0,20.0,1
27398,0,20.0,1
27427,0,20.0,1
27455,0,20.0,1
27484,0,20.0,1
27513,0,20.0,1
27544,0,20.0,1
27569,2,5.722222222222221,0
27598,0,20.0,1
27628,0,20.0,1
27658,0,20.0,1
27686,0,20.0,1
27715,0,20.0,1
27744,0,20.0,1
27774,0,20.0,1
27802,0,20.0,1
27832,0,20.0,1
27861,0,20.0,1
27891,0,20.0,1
27918,0,20.0,1
27946,0,20.0,1
27977,0,20.0,1
28007,0,20.0,1
28038,0,20.0,1
28061,2,5.999999999999999,0
28090,0,20.0,1
28118,0,20.0,1
28146,0,20.0,1
28175,0,20.0,1
28205,0,20.0,1
28235,0,20.0,1
28264,0,20.0,1
28292,0,20.0,1
28321,0,20.0,1
28350,0,20.0,1
28378,0,20.0,1
28407,0,20.0,1
28435,0,20.0,1
28463,0,20.0,1
28492,0,20.0,1
28520,0,20.0,1
28549,0,20.0,1
28578,0,20.0,1
28606,0,20.0,1
28634,0,20.0,1
28663,0,20.0,1
28693,1,20.0,1
28723,0,20.0,1
28751,0,20.0,1
28780,0,20.0,1
28809,0,20.0,1
28837,0,20.0,1
28866,0,20.0,1
28894,0,20.0,1
28922,0,20.0,1
28952,0,20.0,1
28980,0,20.0,1
29009,0,20.0,1
29041,0,20.0,1
29069,0,20.0,1
29098,1,20.0,1
29126,0,20.0,1
29154,0,20.0,1
29184,1,20.0,1
29212,0,20.0,1
29240,0,20.0,1
29270,0,20.0,1
29298,0,20.0,1
29327,0,20.0,1
29355,0,20.0,1
29382,0,20.0,1
29412,0,20.0,1
29439,0,20.0,1
29469,0,20.0,1
29495,2,6.277777777777777,0
29522,0,20.0,1
29550,0,20.0,1
29578,0,20.0,1
29607,0,20.0,1
29639,0,20.0,1
29667,0,20.0,1
29695,0,20.0,1
29725,0,20.0,1
29756,0,20.0,1
29786,0,20.0,1
29814,0,20.0,1
29843,0,20.0,1
29877,2,7.944444444444443,0
29905,0,20.0,1
29933,0,20.0,1
29963,1,20.0,1
29991,0,20.0,1
30020,0,20.0,1
30048,0,20.0,1
30079,0,20.0,1
30108,0,20.0,1
30136,0,20.0,1
30164,0,20.0,1
30196,2,7.666666666666665,0
30223,0,20.0,1
30251,0,20.0,1
30280,0,20.0,1
30308,0,20.0,1
30341,2,8.222222222222221,0
30369,0,20.0,1
30396,0,20.0,1
30426,0,20.0,1
30453,0,20.0,1
30481,0,20.0,1
30509,0,20.0,1
30538,0,20.0,1
30567,0,20.0,1
30595,0,20.0,1
30622,0,20.0,1
30651,0,20.0,1
30680,0,20.0,1
30708,0,20.0,1
30737,0,20.0,1
30766,0,20.0,1
30794,0,20.0,1
30822,0,20.0,1
30850,0,20.0,1
30880,0,20.0,1
30909,0,20.0,1
30937,0,20.0,1
30966,0,20.0,1
30995,0,20.0,1
31024,0,20.0,1
31053,0,20.0,1
31082,0,20.0,1
31110,0,20.0,1
31139,0,20.0,1
31167,0,20.0,1
31195,0,20.0,1
31224,0,20.0,1
31252,0,20.0,1
31280,0,20.0,1
31310,0,20.0,1
31339,0,20.0,1
31367,0,20.0,1
31398,0,20.0,1
31425,0,20.0,1
31453,0,20.0,1
31482,0,20.0,1
31509,0,20.0,1
31538,0,20.0,1
31567,0,20.0,1
31595,0,20.0,1
31625,0,20.0,1
31653,0,20.0,1
31681,0,20.0,1
31710,0,20.0,1
31738,0,20.0,1
31764,2,6.277777777777777,0
31790,2,5.999999999999999,0
31820,0,20.0,1
31848,0,20.0,1
31877,0,20.0,1
31905,0,20.0,1
31935,0,20.0,1
31963,0,20.0,1
31992,0,20.0,1
32023,0,20.0,1
32051,0,20.0,1
32080,0,20.0,1
32108,0,20.0,1
32136,0,20.0,1
32165,0,20.0,1
32193,0,20.0,1
32221,0,20.0,1
32250,0,20.0,1
32278,0,20.0,1
32307,0,20.0,1
32334,0,20.0,1
32362,0,20.0,1
32391,0,20.0,1
32420,0,20.0,1
32451,0,20.0,1
32482,0,20.0,1
32510,0,20.0,1
32539,0,20.0,1
32566,0,20.0,1
32594,0,20.0,1
32623,0,20.0,1
32651,0,20.0,1
32681,0,20.0,1
32710,0,20.0,1
32738,0,20.0,1
32767,0,20.0,1
32795,0,20.0,1
32824,0,20.0,1
32854,0,20.0,1
32882,0,20.0,1
32911,0,20.0,1
32939,0,20.0,1
32967,0,20.0,1
32995,0,20.0,1
33023,0,20.0,1
33051,0,20.0,1
33079,0,20.0,1
33107,0,20.0,1
33135,0,20.0,1
33164,0,20.0,1
33193,0,20.0,1
33222,0,20.0,1
33251,0,20.0,1
33280,0,20.0,1
33311,0,20.0,1
33339,0,20.0,1
33368,0,20.0,1
33397,0,20.0,1
33426,0,20.0,1
33454,0,20.0,1
33482,0,20.0,1
33511,0,20.0,1
33541,1,20.0,1
33569,0,20.0,1
33600,1,20.0,1
33630,0,20.0,1
33658,0,20.0,1
33687,0,20.0,1
33715,0,20.0,1
33743,0,20.0,1
33772,0,20.0,1
33800,0,20.0,1
33829,0,20.0,1
33858,0,20.0,1
33887,0,20.0,1
33911,2,5.999999999999999,0
33939,0,20.0,1
33968,0,20.0,1
33997,0,20.0,1
34024,0,20.0,1
34053,0,20.0,1
34082,0,20.0,1
34112,1,20.0,1
34141,0,20.0,1
34168,0,20.0,1
34197,0,20.0,1
34226,0,20.0,1
34253,0,20.0,1
34283,0,20.0,1
34312,0,20.0,1
34340,0,20.0,1
34369,0,20.0,1
34397,0,20.0,1
34425,0,20.0,1
34455,0,20.0,1
34483,0,20.0,1
34511,0,20.0,1
34540,0,20.0,1
34568,0,20.0,1
34597,0,20.0,1
34625,0,20.0,1
34653,0,20.0,1
34684,0,20.0,1
34712,0,20.0,1
34742,0,20.0,1
34771,0,20.0,1
34798,0,20.0,1
34828,1,20.0,1
34856,0,20.0,1
34883,0,20.0,1
34912,0,20.0,1
34940,0,20.0,1
34968,0,20.0,1
34998,0,20.0,1
35025,0,20.0,1
35055,0,20.0,1
35083,0,20.0,1
35111,0,20.0,1
35140,0,20.0,1
35167,0,20.0,1
35195,0,20.0,1
35224,0,20.0,1
35255,1,20.0,1
35284,0,20.0,1
35312,0,20.0,1
35339,0,20.0,1
35368,0,20.0,1
35396,0,20.0,1
35425,0,20.0,1
35454,0,20.0,1
35481,0,20.0,1
35512,0,20.0,1
35540,0,20.0,1
35569,0,20.0,1
35598,0,20.0,1
35625,0,20.0,1
35654,0,20.0,1
35686,0,20.0,1
35714,0,20.0,1
35744,0,20.0,1
35772,0,20.0,1
35799,0,20.0,1
35832,2,7.666666666666665,0
35861,0,20.0,1
35890,0,20.0,1
35919,0,20.0,1
35947,0,20.0,1
35976,0,20.0,1
36003,0,20.0,1
36032,0,20.0,1
36061,0,20.0,1
36089,0,20.0,1
36117,0,20.0,1
36147,0,20.0,1
36176,0,20.0,1
36205,0,20.0,1
36235,0,20.0,1
36264,0,20.0,1
36293,0,20.0,1
36322,0,20.0,1
36351,0,20.0,1
36380,0,20.0,1
36408,0,20.0,1
36437,0,20.0,1
36467,0,20.0,1
36495,0,20.0,1
36524,0,20.0,1
36553,0,20.0,1
36583,0,20.0,1
36612,0,20.0,1
36640,0,20.0,1
36669,0,20.0,1
36696,0,20.0,1
36724,0,20.0,1
36746,2,5.444444444444444,0
36774,0,20.0,1
36802,0,20.0,1
36831,0,20.0,1
36859,0,20.0,1
36887,0,20.0,1
36914,0,20.0,1
36941,0,20.0,1
36971,0,20.0,1
37001,0,20.0,1
37031,0,20.0,1
37060,0,20.0,1
37090,0,20.0,1
37119,0,20.0,1
37149,0,20.0,1
37181,0,20.0,1
37213,0,20.0,1
37245,0,20.0,1
37276,0,20.0,1
37306,0,20.0,1
37336,0,20.0,1
37367,0,20.0,1
37397,0,20.0,1
37426,0,20.0,1
37455,0,20.0,1
37484,1,20.0,1
37512,0,20.0,1
37540,0,20.0,1
37570,0,20.0,1
37599,0,20.0,1
37629,1,20.0,1
37659,0,20.0,1
37689,0,20.0,1
37716,0,20.0,1
37748,1,20.0,1
37779,0,20.0,1
37811,0,20.0,1
37840,0,20.0,1
37870,0,20.0,1
37900,0,20.0,1
37929,0,20.0,1
37956,0,20.0,1
37984,0,20.0,1
38013,0,20.0,1
38040,0,20.0,1
38068,0,20.0,1
38096,0,20.0,1
38124,0,20.0,1
38154,0,20.0,1
38184,0,20.0,1
38213,0,20.0,1
38242,0,20.0,1
38271,0,20.0,1
38300,0,20.0,1
38330,0,20.0,1
38360,0,20.0,1
38392,0,20.0,1
38423,0,20.0,1
38455,0,20.0,1
38484,0,20.0,1
38513,0,20.0,1
38542,0,20.0,1
38570,0,20.0,1
38600,0,20.0,1
38631,0,20.0,1
38660,0,20.0,1
38690,0,20.0,1
38720,0,20.0,1
38748,0,20.0,1
38898,2,7.111111111111102,0
38927,0,20.0,1
38956,0,20.0,1
38988,0,20.0,1
39016,0,20.0,1
39046,0,20.0,1
39076,0,20.0,1
39106,0,20.0,1
39136,0,20.0,1
39164,0,20.0,1
39195,0,20.0,1
39225,0,20.0,1
39255,0,20.0,1
39281,2,6.5555555555555545,0
39311,0,20.0,1
39344,0,20.0,1
39373,0,20.0,1
39401,0,20.0,1
39431,0,20.0,1
39460,0,20.0,1
39490,0,20.0,1
39520,0,20.0,1
39550,0,20.0,1
39579,0,20.0,1
39610,0,20.0,1
39640,2,7.3888888888888875,0
39668,0,20.0,1
39697,0,20.0,1
39724,0,20.0,1
39752,0,20.0,1
39782,0,20.0,1
39811,0,20.0,1
39839,0,20.0,1
39867,0,20.0,1
39896,0,20.0,1
39926,0,20.0,1
39955,0,20.0,1
39984,0,20.0,1
40015,0,20.0,1
40043,0,20.0,1
40072,0,20.0,1
40100,0,20.0,1
40129,0,20.0,1
40158,0,20.0,1
40189,0,20.0,1
40217,0,20.0,1
40248,0,20.0,1
40278,0,20.0,1
40307,0,20.0,1
40338,1,20.0,1
40367,0,20.0,1
40396,0,20.0,1
40423,0,20.0,1
40452,0,20.0,1
40482,0,20.0,1
40510,0,20.0,1
40538,0,20.0,1
40572,1,20.0,1
40600,0,20.0,1
40630,0,20.0,1
40658,0,20.0,1
40688,0,20.0,1
40716,2,7.3888888888888875,0
40745,0,20.0,1
40772,0,20.0,1
40800,0,20.0,1
40828,0,20.0,1
40857,0,20.0,1
40886,0,20.0,1
40914,0,20.0,1
40943,0,20.0,1
40976,2,8.222222222222221,0
41007,0,20.0,1
41037,0,20.0,1
41066,0,20.0,1
41096,0,20.0,1
41124,0,20.0,1
41153,0,20.0,1
41182,0,20.0,1
41212,0,20.0,1
41243,0,20.0,1
41271,0,20.0,1
41300,0,20.0,1
41329,0,20.0,1
41359,0,20.0,1
41388,0,20.0,1
41417,0,20.0,1
41445,0,20.0,1
41475,0,20.0,1
41503,0,20.0,1
41532,0,20.0,1
41561,0,20.0,1
41590,0,20.0,1
41619,0,20.0,1
41651,1,20.0,1
41680,0,20.0,1
41709,0,20.0,1
41738,0,20.0,1
41766,0,20.0,1
41798,1,20.0,1
41827,0,20.0,1
41854,0,20.0,1
41882,0,20.0,1
41910,0,20.0,1
41940,0,20.0,1
41968,0,20.0,1
41996,0,20.0,1
42030,0,20.0,1
42059,0,20.0,1
42088,0,20.0,1
42116,0,20.0,1
42145,0,20.0,1
42174,0,20.0,1
42203,0,20.0,1
42230,0,20.0,1
42261,0,20.0,1
42290,0,20.0,1
42318,0,20.0,1
42347,0,20.0,1
42376,0,20.0,1
42407,0,20.0,1
42435,0,20.0,1
42464,0,20.0,1
42492,0,20.0,1
42519,0,20.0,1
42548,0,20.0,1
42576,0,20.0,1
42604,0,20.0,1
42634,0,20.0,1
42663,0,20.0,1
42691,0,20.0,1
42724,0,20.0,1
42752,0,20.0,1
42782,0,20.0,1
42813,0,20.0,1
42843,0,20.0,1
42872,0,20.0,1
42901,0,20.0,1
42930,0,20.0,1
42958,0,20.0,1
42985,0,20.0,1
43013,0,20.0,1
43042,0,20.0,1
43070,0,20.0,1
43098,0,20.0,1
43126,0,20.0,1
43154,0,20.0,1
43184,0,20.0,1
43214,0,20.0,1
43244,0,20.0,1
43269,2,6.5555555555555545,0
43297,0,20.0,1
43327,0,20.0,1
43356,0,20.0,1
43385,0,20.0,1
43418,1,20.0,1
43448,0,20.0,1
43479,0,20.0,1
43509,0,20.0,1
43537,0,20.0,1
43567,0,20.0,1
43596,0,20.0,1
43626,0,20.0,1
43655,0,20.0,1
43685,0,20.0,1
43714,0,20.0,1
43744,0,20.0,1
43773,0,20.0,1
43802,0,20.0,1
43831,0,20.0,1
43859,0,20.0,1
43889,0,20.0,1
43917,0,20.0,1
43946,0,20.0,1
43975,0,20.0,1
44004,0,20.0,1
44032,0,20.0,1
44060,0,20.0,1
44089,0,20.0,1
44121,1,20.0,1
44150,0,20.0,1
44179,0,20.0,1
44211,0,20.0,1
44238,0,20.0,1
44266,0,20.0,1
44293,0,20.0,1
44320,0,20.0,1
44352,1,20.0,1
44381,0,20.0,1
44409,0,20.0,1
44442,1,20.0,1
44470,0,20.0,1
44499,0,20.0,1
44527,0,20.0,1
44556,0,20.0,1
44586,0,20.0,1
44614,0,20.0,1
44645,1,20.0,1
44674,0,20.0,1
44702,0,20.0,1
44732,0,20.0,1
44762,0,20.0,1
44791,0,20.0,1
44821,0,20.0,1
44850,0,20.0,1
44879,0,20.0,1
44908,0,20.0,1
44939,1,20.0,1
44968,0,20.0,1
44997,0,20.0,1
45026,0,20.0,1
45058,0,20.0,1
45086,0,20.0,1
45115,0,20.0,1
45145,0,20.0,1
45174,0,20.0,1
45204,0,20.0,1
45232,0,20.0,1
45261,0,20.0,1
45291,0,20.0,1
45319,0,20.0,1
45348,0,20.0,1
45377,0,20.0,1
45406,0,20.0,1
45430,2,5.444444444444444,0
45458,0,20.0,1
45485,0,20.0,1
45514,0,20.0,1
45543,0,20.0,1
45574,0,20.0,1
45605,0,20.0,1
45633,0,20.0,1
45664,0,20.0,1
45691,0,20.0,1
45720,0,20.0,1
45751,0,20.0,1
45780,0,20.0,1
45810,0,20.0,1
45841,2,7.944444444444443,0
45870,0,20.0,1
45899,0,20.0,1
45927,0,20.0,1
45957,0,20.0,1
45988,0,20.0,1
46017,0,20.0,1
46047,0,20.0,1
46077,0,20.0,1
46107,0,20.0,1
46134,0,20.0,1
46161,0,20.0,1
46189,0,20.0,1
46219,0,20.0,1
46246,0,20.0,1
46275,0,20.0,1
46304,0,20.0,1
46333,0,20.0,1
46362,0,20.0,1
46392,0,20.0,1
46423,0,20.0,1
46455,1,20.0,1
46487,1,20.0,1
46517,0,20.0,1
46548,0,20.0,1
46576,0,20.0,1
46607,1,20.0,1
46636,0,20.0,1
46667,0,20.0,1
46697,0,20.0,1
46727,0,20.0,1
46757,0,20.0,1
46787,0,20.0,1
46817,0,20.0,1
46848,0,20.0,1
46875,0,20.0,1
46904,0,20.0,1
46938,2,8.222222222222221,0
46966,0,20.0,1
46994,0,20.0,1
47026,0,20.0,1
47056,0,20.0,1
47087,1,20.0,1
47114,0,20.0,1
47145,0,20.0,1
47174,0,20.0,1
47202,0,20.0,1
47232,0,20.0,1
47262,0,20.0,1
47291,0,20.0,1
47322,0,20.0,1
47350,0,20.0,1
47379,0,20.0,1
47411,0,20.0,1
47440,0,20.0,1
47471,0,20.0,1
47503,1,20.0,1
47530,0,20.0,1
47560,0,20.0,1
47589,0,20.0,1
47617,0,20.0,1
47645,0,20.0,1
47675,0,20.0,1
47708,2,7.944444444444443,0
47737,0,20.0,1
47766,0,20.0,1
47795,0,20.0,1
47823,0,20.0,1
47852,1,20.0,1
47880,0,20.0,1
47909,0,20.0,1
47937,0,20.0,1
47967,0,20.0,1
47995,0,20.0,1
48025,0,20.0,1
48053,0,20.0,1
48082,0,20.0,1
48112,0,20.0,1
48140,0,20.0,1
48170,1,20.0,1
48198,0,20.0,1
48227,0,20.0,1
48254,0,20.0,1
48282,0,20.0,1
48312,0,20.0,1
48342,0,20.0,1
48369,0,20.0,1
48400,0,20.0,1
48430,0,20.0,1
48458,0,20.0,1
48488,0,20.0,1
48515,0,20.0,1
48546,0,20.0,1
48577,0,20.0,1
48603,0,20.0,1
48633,0,20.0,1
48664,0,20.0,1
48692,0,20.0,1
48721,0,20.0,1
48749,0,20.0,1
48777,0,20.0,1
48807,0,20.0,1
48833,0,20.0,1
48863,0,20.0,1
48893,0,20.0,1
48922,0,20.0,1
48953,0,20.0,1
48982,0,20.0,1
49011,0,20.0,1
49040,0,20.0,1
49068,0,20.0,1
49097,0,20.0,1
49126,0,20.0,1
49154,0,20.0,1
49183,0,20.0,1
49211,0,20.0,1
49241,0,20.0,1
49272,0,20.0,1
49299,0,20.0,1
49329,0,20.0,1
49360,0,20.0,1
49388,0,20.0,1
49420,0,20.0,1
49448,0,20.0,1
49479,0,20.0,1
49509,0,20.0,1
49538,0,20.0,1
49569,0,20.0,1
49600,1,20.0,1
49628,1,20.0,1
49659,1,20.0,1
49688,0,20.0,1
49718,0,20.0,1
49748,2,7.944444444444443,0
49777,0,20.0,1
49804,0,20.0,1
49834,0,20.0,1
49862,0,20.0,1
49891,0,20.0,1
49919,0,20.0,1
49946,0,20.0,1
49978,1,20.0,1
50006,0,20.0,1
50035,0,20.0,1
50064,0,20.0,1
50092,0,20.0,1
50124,1,20.0,1
50152,0,20.0,1
50180,0,20.0,1
50210,0,20.0,1
50238,0,20.0,1
50268,0,20.0,1
50297,0,20.0,1
50326,0,20.0,1
50355,1,20.0,1
50383,0,20.0,1
50412,0,20.0,1
50440,0,20.0,1
50468,0,20.0,1
50496,1,20.0,1
50526,0,20.0,1
50554,0,20.0,1
50583,0,20.0,1
50612,0,20.0,1
50641,0,20.0,1
50671,0,20.0,1
50700,0,20.0,1
50728,0,20.0,1
50761,1,20.0,1
50791,0,20.0,1
50820,0,20.0,1
50848,0,20.0,1
50878,0,20.0,1
50910,0,20.0,1
50938,0,20.0,1
50968,0,20.0,1
50999,0,20.0,1
51029,0,20.0,1
51061,0,20.0,1
51088,0,20.0,1
51119,0,20.0,1
51149,0,20.0,1
51178,0,20.0,1
51208,1,20.0,1
51237,0,20.0,1
51266,0,20.0,1
51295,0,20.0,1
51323,0,20.0,1
51351,0,20.0,1
51381,0,20.0,1
51408,0,20.0,1
51436,0,20.0,1
51465,0,20.0,1
51493,0,20.0,1
51521,0,20.0,1
51550,0,20.0,1
51579,0,20.0,1
51609,0,20.0,1
51637,0,20.0,1
51665,0,20.0,1
51694,0,20.0,1
51722,0,20.0,1
51750,0,20.0,1
51777,0,20.0,1
51807,0,20.0,1
51837,0,20.0,1
51866,1,20.0,1
51894,0,20.0,1
51921,0,20.0,1
51950,0,20.0,1
51979,0,20.0,1
52007,0,20.0,1
52037,0,20.0,1
52068,1,20.0,1
52096,0,20.0,1
52124,0,20.0,1
52153,0,20.0,1
52184,0,20.0,1
52213,0,20.0,1
52241,0,20.0,1
52269,0,20.0,1
52298,0,20.0,1
52325,0,20.0,1
52360,2,6.833333333333332,0
52388,0,20.0,1
52417,0,20.0,1
52446,0,20.0,1
52474,0,20.0,1
52502,0,20.0,1
52532,0,20.0,1
52560,0,20.0,1
52589,0,20.0,1
52619,0,20.0,1
52647,0,20.0,1
52675,0,20.0,1
52704,0,20.0,1
52733,0,20.0,1
52763,1,20.0,1
52791,0,20.0,1
52820,0,20.0,1
52849,1,20.0,1
52877,0,20.0,1
52905,0,20.0,1
52933,0,20.0,1
52961,0,20.0,1
52990,1,20.0,1
53018,0,20.0,1
53046,0,20.0,1
53075,0,20.0,1
53103,0,20.0,1
53132,0,20.0,1
53160,0,20.0,1
53188,0,20.0,1
53217,0,20.0,1
53244,0,20.0,1
53273,0,20.0,1
53304,1,20.0,1
53331,0,20.0,1
53361,0,20.0,1
53389,1,20.0,1
53419,1,20.0,1
53449,2,7.3888888888888875,0
53479,1,20.0,1
53510,2,8.222222222222221,0
53545,2,7.11111111111111,0
53575,1,20.0,1
53603,0,20.0,1
53633,1,20.0,1
53660,0,20.0,1
53689,0,20.0,1
53716,0,20.0,1
53747,1,20.0,1
53777,0,20.0,1
53804,0,20.0,1
53833,0,20.0,1
53861,0,20.0,1
53888,0,20.0,1
53917,0,20.0,1
53946,0,20.0,1
53976,0,20.0,1
54005,0,20.0,1
54033,0,20.0,1
54062,0,20.0,1
54091,0,20.0,1
54121,0,20.0,1
54150,0,20.0,1
54178,0,20.0,1
54207,0,20.0,1
54232,2,6.277777777777777,0
54260,0,20.0,1
54291,1,20.0,1
54319,0,20.0,1
54347,0,20.0,1
54375,0,20.0,1
54402,0,20.0,1
54433,1,20.0,1
54455,2,4.888888888888888,0
54483,0,20.0,1
54512,0,20.0,1
54540,0,20.0,1
54568,0,20.0,1
54596,0,20.0,1
54624,0,20.0,1
54653,0,20.0,1
54682,0,20.0,1
54711,0,20.0,1
54740,0,20.0,1
54768,0,20.0,1
54797,0,20.0,1
54827,1,20.0,1
54855,0,20.0,1
54882,0,20.0,1
54911,1,20.0,1
54940,0,20.0,1
54967,0,20.0,1
54996,1,20.0,1
55023,0,20.0,1
55047,2,5.722222222222221,0
55075,0,20.0,1
55102,0,20.0,1
55131,0,20.0,1
55160,0,20.0,1
55190,0,20.0,1
55218,0,20.0,1
55249,2,7.11111111111111,0
55279,0,20.0,1
55308,0,20.0,1
55337,0,20.0,1
55366,0,20.0,1
55396,0,20.0,1
55424,0,20.0,1
55452,0,20.0,1
55480,0,20.0,1
55510,0,20.0,1
55544,1,20.0,1
55574,0,20.0,1
55602,0,20.0,1
55629,0,20.0,1
55656,0,20.0,1
55683,0,20.0,1
55711,0,20.0,1
55740,0,20.0,1
55768,0,20.0,1
55797,0,20.0,1
55827,0,20.0,1
55854,0,20.0,1
56004,2,10.722222222222213,0
56032,0,20.0,1
56061,0,20.0,1
56090,0,20.0,1
56118,0,20.0,1
56146,0,20.0,1
56176,2,7.666666666666665,0
56203,0,20.0,1
56231,0,20.0,1
56258,0,20.0,1
56286,0,20.0,1
56315,0,20.0,1
56343,0,20.0,1
56371,0,20.0,1
56400,0,20.0,1
56428,0,20.0,1
56456,0,20.0,1
56483,0,20.0,1
56511,0,20.0,1
56540,0,20.0,1
56568,0,20.0,1
56597,0,20.0,1
56627,0,20.0,1
56657,0,20.0,1
56686,0,20.0,1
56714,0,20.0,1
56742,0,20.0,1
56764,2,4.888888888888888,0
56792,0,20.0,1
56821,0,20.0,1
56850,0,20.0,1
56878,0,20.0,1
56907,0,20.0,1
56934,0,20.0,1
56962,0,20.0,1
56991,0,20.0,1
57018,0,20.0,1
57046,0,20.0,1
57068,2,5.166666666666666,0
57095,0,20.0,1
57122,0,20.0,1
57150,0,20.0,1
57178,0,20.0,1
57210,0,20.0,1
57238,0,20.0,1
57266,0,20.0,1
57296,2,6.833333333333332,0
57325,0,20.0,1
57354,0,20.0,1
57381,0,20.0,1
57409,0,20.0,1
57437,0,20.0,1
57464,0,20.0,1
57491,0,20.0,1
57520,0,20.0,1
57548,0,20.0,1
57576,2,6.833333333333332,0
57605,0,20.0,1
57634,0,20.0,1
57663,0,20.0,1
57691,0,20.0,1
57720,0,20.0,1
57749,0,20.0,1
57777,0,20.0,1
57806,0,20.0,1
57832,0,20.0,1
57861,1,20.0,1
57891,0,20.0,1
57920,0,20.0,1
57948,0,20.0,1
57976,0,20.0,1
58003,0,20.0,1
58034,1,20.0,1
58062,0,20.0,1
58091,1,20.0,1
58119,1,20.0,1
58146,0,20.0,1
58173,0,20.0,1
58202,0,20.0,1
58229,0,20.0,1
58257,0,20.0,1
58284,0,20.0,1
58311,0,20.0,1
58339,0,20.0,1
58365,0,20.0,1
58392,0,20.0,1
58421,0,20.0,1
58449,0,20.0,1
58476,0,20.0,1
58503,0,20.0,1
58531,0,20.0,1
58560,0,20.0,1
58588,0,20.0,1
58615,0,20.0,1
58644,0,20.0,1
58672,0,20.0,1
58701,0,20.0,1
58730,0,20.0,1
58760,1,20.0,1
58789,0,20.0,1
58817,0,20.0,1
58847,0,20.0,1
58876,0,20.0,1
58904,0,20.0,1
58933,0,20.0,1
58960,0,20.0,1
58987,0,20.0,1
59017,0,20.0,1
59045,0,20.0,1
59073,0,20.0,1
59102,0,20.0,1
59131,0,20.0,1
59160,0,20.0,1
59188,0,20.0,1
59216,0,20.0,1
59245,0,20.0,1
59272,0,20.0,1
59300,0,20.0,1
59330,0,20.0,1
59359,0,20.0,1
59387,0,20.0,1
59414,0,20.0,1
59442,0,20.0,1
59471,0,20.0,1
59499,0,20.0,1
59528,0,20.0,1
59557,0,20.0,1
59584,0,20.0,1
59612,0,20.0,1
59640,0,20.0,1
59668,0,20.0,1
59696,0,20.0,1
59725,0,20.0,1
59754,0,20.0,1
59784,0,20.0,1
59812,0,20.0,1
59843,0,20.0,1
59869,0,20.0,1
59898,0,20.0,1
59927,0,20.0,1
59955,0,20.0,1
59983,0,20.0,1
60012,0,20.0,1
60039,0,20.0,1
60069,0,20.0,1
60096,0,20.0,1
60127,0,20.0,1
60159,2,8.222222222222221,0
60187,0,20.0,1
60215,0,20.0,1
60243,0,20.0,1
60271,0,20.0,1
60299,0,20.0,1
60326,0,20.0,1
60352,0,20.0,1
60376,2,5.722222222222221,0
60404,0,20.0,1
60431,0,20.0,1
60461,1,20.0,1
60490,0,20.0,1
60519,1,20.0,1
60547,0,20.0,1
60577,1,20.0,1
60602,2,5.722222222222221,0
60629,0,20.0,1
60657,2,7.11111111111111,0
60681,2,5.722222222222221,0
60708,0,20.0,1
60734,2,6.5555555555555545,0
60761,0,20.0,1
60789,0,20.0,1
60813,2,5.722222222222221,0
60840,0,20.0,1
60868,0,20.0,1
60896,0,20.0,1
60923,0,20.0,1
60951,0,20.0,1
60978,0,20.0,1
61006,0,20.0,1
61036,1,20.0,1
61063,0,20.0,1
61091,0,20.0,1
61122,0,20.0,1
61151,1,20.0,1
61181,0,20.0,1
61211,0,20.0,1
61241,0,20.0,1
61270,0,20.0,1
61297,0,20.0,1
61328,1,20.0,1
61356,0,20.0,1
61384,0,20.0,1
61412,0,20.0,1
61440,0,20.0,1
61468,0,20.0,1
61499,0,20.0,1
61527,0,20.0,1
61553,2,5.999999999999999,0
61584,2,7.944444444444443,0
61612,0,20.0,1
61641,0,20.0,1
61669,0,20.0,1
61697,0,20.0,1
61727,0,20.0,1
61755,0,20.0,1
61794,2,7.944444444444443,0
61824,1,20.0,1
61851,0,20.0,1
61881,0,20.0,1
61909,0,20.0,1
61937,0,20.0,1
61965,0,20.0,1
61994,0,20.0,1
62022,0,20.0,1
62052,1,20.0,1
62082,1,20.0,1
62109,0,20.0,1
62137,0,20.0,1
62164,0,20.0,1
62194,0,20.0,1
62221,0,20.0,1
62250,0,20.0,1
62280,0,20.0,1
62308,0,20.0,1
62336,0,20.0,1
62363,0,20.0,1
62391,0,20.0,1
62424,2,8.222222222222221,0
62452,0,20.0,1
62478,2,7.3888888888888875,0
62507,1,20.0,1
62535,0,20.0,1
62562,0,20.0,1
62591,0,20.0,1
62619,0,20.0,1
62648,0,20.0,1
62679,0,20.0,1
62708,0,20.0,1
62738,1,20.0,1
62768,0,20.0,1
62796,0,20.0,1
62824,0,20.0,1
62852,0,20.0,1
62882,2,7.3888888888888875,0
62911,0,20.0,1
62940,0,20.0,1
62971,2,7.3888888888888875,0
63000,0,20.0,1
63028,0,20.0,1
63055,0,20.0,1
63083,0,20.0,1
63116,2,7.944444444444443,0
63146,0,20.0,1
63174,0,20.0,1
63203,2,7.11111111111111,0
63232,1,20.0,1
63261,0,20.0,1
63291,0,20.0,1
63319,0,20.0,1
63348,0,20.0,1
63376,0,20.0,1
63406,0,20.0,1
63435,0,20.0,1
63464,0,20.0,1
63492,0,20.0,1
63522,0,20.0,1
63551,0,20.0,1
63581,0,20.0,1
63611,0,20.0,1
63640,0,20.0,1
63669,0,20.0,1
63697,0,20.0,1
63725,0,20.0,1
63754,0,20.0,1
63781,0,20.0,1
63811,0,20.0,1
63839,0,20.0,1
63862,2,4.888888888888888,0
63886,2,5.722222222222221,0
63914,0,20.0,1
63944,0,20.0,1
63972,0,20.0,1
64002,1,20.0,1
64032,0,20.0,1
64062,0,20.0,1
64091,0,20.0,1
64121,2,7.11111111111111,0
64150,0,20.0,1
64178,0,20.0,1
64206,0,20.0,1
64234,0,20.0,1
64262,0,20.0,1
64291,0,20.0,1
64322,1,20.0,1
64352,2,7.3888888888888875,0
64382,0,20.0,1
64410,0,20.0,1
64438,0,20.0,1
64470,0,20.0,1
64501,0,20.0,1
64532,1,20.0,1
64562,0,20.0,1
64593,0,20.0,1
64623,0,20.0,1
64653,0,20.0,1
64681,0,20.0,1
64711,0,20.0,1
64740,0,20.0,1
64767,0,20.0,1
64799,1,20.0,1
64830,0,20.0,1
64858,0,20.0,1
64889,0,20.0,1
64916,0,20.0,1
64946,0,20.0,1
64975,0,20.0,1
65004,0,20.0,1
65033,0,20.0,1
65055,2,5.166666666666666,0
65085,0,20.0,1
65113,2,7.11111111111111,0
65140,0,20.0,1
65169,0,20.0,1
65200,0,20.0,1
65228,0,20.0,1
65258,0,20.0,1
65289,0,20.0,1
65316,0,20.0,1
65346,0,20.0,1
65373,0,20.0,1
65401,0,20.0,1
65431,0,20.0,1
65460,0,20.0,1
65488,0,20.0,1
65516,0,20.0,1
65543,0,20.0,1
65573,0,20.0,1
65602,0,20.0,1
65631,0,20.0,1
65659,0,20.0,1
65686,0,20.0,1
65716,0,20.0,1
65744,0,20.0,1
65773,0,20.0,1
65802,2,7.3888888888888875,0
65831,1,20.0,1
65860,0,20.0,1
65890,0,20.0,1
65919,0,20.0,1
65949,0,20.0,1
65979,0,20.0,1
66009,0,20.0,1
66033,2,5.722222222222221,0
66063,0,20.0,1
66093,0,20.0,1
66123,0,20.0,1
66153,0,20.0,1
66181,0,20.0,1
66210,0,20.0,1
66240,0,20.0,1
66271,0,20.0,1
66299,0,20.0,1
66327,0,20.0,1
66350,2,5.166666666666666,0
66378,0,20.0,1
66406,0,20.0,1
66435,0,20.0,1
66463,0,20.0,1
66493,0,20.0,1
66522,0,20.0,1
66551,0,20.0,1
66581,1,20.0,1
66609,0,20.0,1
66638,0,20.0,1
66661,2,4.888888888888888,0
66689,1,20.0,1
66718,0,20.0,1
66748,0,20.0,1
66779,0,20.0,1
66809,0,20.0,1
66837,0,20.0,1
66868,0,20.0,1
66898,0,20.0,1
66927,0,20.0,1
66955,2,6.5555555555555545,0
66983,0,20.0,1
67011,0,20.0,1
67042,1,20.0,1
67071,0,20.0,1
67100,0,20.0,1
67130,0,20.0,1
67158,0,20.0,1
67187,0,20.0,1
67217,0,20.0,1
67246,0,20.0,1
67275,0,20.0,1
67302,0,20.0,1
67331,0,20.0,1
67360,0,20.0,1
67389,0,20.0,1
67417,0,20.0,1
67445,0,20.0,1
67474,0,20.0,1
67503,0,20.0,1
67531,0,20.0,1
67560,0,20.0,1
67590,0,20.0,1
67618,0,20.0,1
67646,0,20.0,1
67675,0,20.0,1
67703,0,20.0,1
67731,0,20.0,1
67759,0,20.0,1
67783,2,5.722222222222221,0
67813,0,20.0,1
67841,0,20.0,1
67869,0,20.0,1
67897,0,20.0,1
67925,0,20.0,1
67954,1,20.0,1
67982,0,20.0,1
68011,0,20.0,1
68038,2,6.277777777777777,0
68067,0,20.0,1
68095,0,20.0,1
68124,0,20.0,1
68152,0,20.0,1
68183,0,20.0,1
68211,0,20.0,1
68240,0,20.0,1
68270,0,20.0,1
68299,0,20.0,1
68329,0,20.0,1
68357,0,20.0,1
68386,0,20.0,1
68416,0,20.0,1
68444,0,20.0,1
68473,0,20.0,1
68504,0,20.0,1
68533,0,20.0,1
68562,0,20.0,1
68590,0,20.0,1
68620,0,20.0,1
68650,0,20.0,1
68679,0,20.0,1
68708,0,20.0,1
68736,0,20.0,1
68763,0,20.0,1
68793,0,20.0,1
68821,0,20.0,1
68849,0,20.0,1
68877,0,20.0,1
68904,0,20.0,1
68933,0,20.0,1
68962,0,20.0,1
68991,0,20.0,1
69024,1,20.0,1
69052,0,20.0,1
69080,0,20.0,1
69109,0,20.0,1
69138,0,20.0,1
69168,0,20.0,1
69196,0,20.0,1
69223,0,20.0,1
69251,0,20.0,1
69279,0,20.0,1
69307,0,20.0,1
69337,0,20.0,1
69366,0,20.0,1
69394,0,20.0,1
69423,0,20.0,1
69452,0,20.0,1
69481,0,20.0,1
69508,0,20.0,1
69536,0,20.0,1
69565,0,20.0,1
69592,0,20.0,1
69620,0,20.0,1
69642,2,5.166666666666666,0
69669,0,20.0,1
69697,0,20.0,1
69725,0,20.0,1
69753,0,20.0,1
69782,0,20.0,1
69811,0,20.0,1
69840,0,20.0,1
69869,0,20.0,1
69896,0,20.0,1
69924,0,20.0,1
69951,0,20.0,1
69979,0,20.0,1
70008,0,20.0,1
70035,0,20.0,1
70064,0,20.0,1
70092,0,20.0,1
70120,0,20.0,1
70147,0,20.0,1
70175,0,20.0,1
70204,0,20.0,1
70232,0,20.0,1
70259,0,20.0,1
70287,1,20.0,1
70316,0,20.0,1
70344,0,20.0,1
70374,0,20.0,1
70402,0,20.0,1
70431,0,20.0,1
70460,0,20.0,1
70488,0,20.0,1
70515,0,20.0,1
70544,0,20.0,1
70571,0,20.0,1
70598,0,20.0,1
70626,0,20.0,1
70653,0,20.0,1
70680,0,20.0,1
70708,0,20.0,1
70736,0,20.0,1
70765,0,20.0,1
70793,0,20.0,1
70823,1,20.0,1
70850,0,20.0,1
70877,0,20.0,1
70906,0,20.0,1
70934,0,20.0,1
70961,0,20.0,1
70991,0,20.0,1
71018,0,20.0,1
71047,0,20.0,1
71076,0,20.0,1
71103,0,20.0,1
71132,0,20.0,1
71159,0,20.0,1
71187,0,20.0,1
71218,0,20.0,1
71247,0,20.0,1
71276,0,20.0,1
71303,0,20.0,1
71331,0,20.0,1
71360,0,20.0,1
71387,0,20.0,1
71417,0,20.0,1
71448,0,20.0,1
71476,2,6.833333333333332,0
71505,0,20.0,1
71534,0,20.0,1
71564,0,20.0,1
71595,0,20.0,1
71623,0,20.0,1
71653,0,20.0,1
71681,0,20.0,1
71709,0,20.0,1
71738,0,20.0,1
71766,0,20.0,1
71796,0,20.0,1
71826,0,20.0,1
71853,0,20.0,1
71882,0,20.0,1
71908,2,5.722222222222221,0
71936,0,20.0,1
71964,0,20.0,1
71991,0,20.0,1
72019,0,20.0,1
72048,0,20.0,1
72077,0,20.0,1
72106,0,20.0,1
72131,2,5.722222222222221,0
72159,0,20.0,1
72189,0,20.0,1
72217,0,20.0,1
72245,0,20.0,1
72273,0,20.0,1
72301,0,20.0,1
72330,0,20.0,1
72359,0,20.0,1
72387,0,20.0,1
72416,0,20.0,1
72445,0,20.0,1
72473,0,20.0,1
72502,0,20.0,1
72529,0,20.0,1
72558,0,20.0,1
72588,0,20.0,1
72617,0,20.0,1
72644,0,20.0,1
72673,0,20.0,1
72701,0,20.0,1
72729,0,20.0,1
72758,0,20.0,1
72788,1,20.0,1
72817,0,20.0,1
72845,0,20.0,1
72873,0,20.0,1
72901,0,20.0,1
72929,0,20.0,1
72959,0,20.0,1
72988,0,20.0,1
73018,0,20.0,1
73046,0,20.0,1
73077,0,20.0,1
73106,0,20.0,1
73135,0,20.0,1
73163,0,20.0,1
73193,0,20.0,1
73224,0,20.0,1
73252,0,20.0,1
73282,0,20.0,1
73311,0,20.0,1
73339,0,20.0,1
73367,0,20.0,1
73396,0,20.0,1
73425,0,20.0,1
73453,0,20.0,1
73484,0,20.0,1
73514,0,20.0,1
73541,0,20.0,1
73569,0,20.0,1
73597,0,20.0,1
73627,0,20.0,1
73655,0,20.0,1
73683,0,20.0,1
73711,0,20.0,1
73739,0,20.0,1
73767,0,20.0,1
73795,0,20.0,1
73824,0,20.0,1
73852,0,20.0,1
73881,0,20.0,1
73908,0,20.0,1
73936,0,20.0,1
73965,0,20.0,1
73993,0,20.0,1
74020,0,20.0,1
74047,0,20.0,1
74075,0,20.0,1
74104,0,20.0,1
74132,0,20.0,1
74160,0,20.0,1
74190,0,20.0,1
74218,0,20.0,1
74246,0,20.0,1
74274,0,20.0,1
74302,0,20.0,1
74330,0,20.0,1
74358,0,20.0,1
74386,0,20.0,1
74415,0,20.0,1
74443,0,20.0,1
74475,0,20.0,1
74502,0,20.0,1
74529,0,20.0,1
74557,0,20.0,1
74584,0,20.0,1
74613,0,20.0,1
74642,0,20.0,1
74669,0,20.0,1
74697,0,20.0,1
74725,0,20.0,1
74753,0,20.0,1
74782,0,20.0,1
74810,0,20.0,1
74839,0,20.0,1
74867,0,20.0,1
74895,0,20.0,1
74924,0,20.0,1
74952,0,20.0,1
74982,1,20.0,1
75011,0,20.0,1
75039,0,20.0,1
75067,0,20.0,1
75096,0,20.0,1
75125,0,20.0,1
75153,0,20.0,1
75181,0,20.0,1
75209,0,20.0,1
75243,2,7.944444444444443,0
75274,1,20.0,1
75303,1,20.0,1
75334,0,20.0,1
75361,0,20.0,1
75389,0,20.0,1
75409,2,4.611111111111111,0
75438,0,20.0,1
75467,0,20.0,1
75497,0,20.0,1
75529,1,20.0,1
75557,0,20.0,1
75586,0,20.0,1
75615,0,20.0,1
75644,0,20.0,1
75673,0,20.0,1
75702,0,20.0,1
75731,0,20.0,1
75759,0,20.0,1
75788,0,20.0,1
75816,0,20.0,1
75845,0,20.0,1
75873,0,20.0,1
75902,0,20.0,1
75931,0,20.0,1
75961,0,20.0,1
75989,0,20.0,1
76020,0,20.0,1
76048,0,20.0,1
76076,0,20.0,1
76104,0,20.0,1
76133,0,20.0,1
76164,0,20.0,1
76192,0,20.0,1
76222,0,20.0,1
76252,0,20.0,1
76280,0,20.0,1
76310,0,20.0,1
76338,0,20.0,1
76366,0,20.0,1
76397,1,20.0,1
76425,0,20.0,1
76453,0,20.0,1
76484,1,20.0,1
76512,0,20.0,1
76540,0,20.0,1
76567,0,20.0,1
76595,0,20.0,1
76623,0,20.0,1
76651,0,20.0,1
76680,0,20.0,1
76708,0,20.0,1
76735,0,20.0,1
76764,0,20.0,1
76791,0,20.0,1
76818,0,20.0,1
76848,0,20.0,1
76875,0,20.0,1
76903,0,20.0,1
76933,0,20.0,1
76960,0,20.0,1
76987,0,20.0,1
77014,0,20.0,1
77041,0,20.0,1
77071,0,20.0,1
77100,1,20.0,1
77129,0,20.0,1
77156,0,20.0,1
77183,0,20.0,1
77212,0,20.0,1
77241,0,20.0,1
77270,0,20.0,1
77298,0,20.0,1
77324,0,20.0,1
77352,0,20.0,1
77380,0,20.0,1
77407,0,20.0,1
77434,0,20.0,1
77461,0,20.0,1
77489,0,20.0,1
77518,0,20.0,1
77546,0,20.0,1
77575,0,20.0,1
77603,0,20.0,1
77632,0,20.0,1
77660,0,20.0,1
77690,0,20.0,1
77717,0,20.0,1
77746,0,20.0,1
77773,0,20.0,1
77804,1,20.0,1
77833,1,20.0,1
77861,0,20.0,1
77891,1,20.0,1
77919,0,20.0,1
77947,0,20.0,1
77974,2,7.3888888888888875,0
78001,0,20.0,1
78029,0,20.0,1
78058,0,20.0,1
78086,0,20.0,1
78113,0,20.0,1
78141,0,20.0,1
78169,0,20.0,1
78197,0,20.0,1
78226,0,20.0,1
78255,0,20.0,1
78283,0,20.0,1
78311,0,20.0,1
78340,0,20.0,1
78367,0,20.0,1
78395,0,20.0,1
78424,0,20.0,1
78451,0,20.0,1
78480,0,20.0,1
78509,0,20.0,1
78536,0,20.0,1
78563,0,20.0,1
78590,0,20.0,1
78618,0,20.0,1
78641,2,5.444444444444444,0
78668,0,20.0,1
78696,0,20.0,1
78725,0,20.0,1
78753,0,20.0,1
78780,0,20.0,1
78807,0,20.0,1
78835,0,20.0,1
78864,0,20.0,1
78891,0,20.0,1
78920,0,20.0,1
78949,0,20.0,1
78976,0,20.0,1
79004,0,20.0,1
79032,0,20.0,1
79059,0,20.0,1
79084,2,5.999999999999999,0
79112,0,20.0,1
79139,0,20.0,1
79168,2,7.11111111111111,0
79197,0,20.0,1
79224,0,20.0,1
79251,0,20.0,1
79280,0,20.0,1
79305,2,5.722222222222221,0
79334,0,20.0,1
79361,0,20.0,1
79388,0,20.0,1
79415,0,20.0,1
79444,0,20.0,1
79471,0,20.0,1
79498,0,20.0,1
79526,0,20.0,1
79553,0,20.0,1
79582,0,20.0,1
79604,2,5.444444444444444,0
79632,0,20.0,1
79659,0,20.0,1
79686,0,20.0,1
79713,0,20.0,1
79737,2,5.999999999999999,0
79764,0,20.0,1
79792,0,20.0,1
79823,2,8.222222222222221,0
79850,0,20.0,1
79877,0,20.0,1
79904,0,20.0,1
79932,0,20.0,1
79962,0,20.0,1
79990,0,20.0,1
80018,0,20.0,1
80046,0,20.0,1
80073,0,20.0,1
80101,0,20.0,1
80129,0,20.0,1
80156,0,20.0,1
80184,0,20.0,1
80211,0,20.0,1
80243,1,20.0,1
80272,0,20.0,1
80299,0,20.0,1
80330,2,7.3888888888888875,0
80357,0,20.0,1
80386,0,20.0,1
80415,0,20.0,1
80443,0,20.0,1
80473,0,20.0,1
80517,0,20.0,1
80544,0,20.0,1
80572,0,20.0,1
80599,0,20.0,1
80628,0,20.0,1
80657,0,20.0,1
80684,0,20.0,1
80712,0,20.0,1
80741,0,20.0,1
80769,0,20.0,1
80797,0,20.0,1
80825,0,20.0,1
80852,0,20.0,1
80881,0,20.0,1
80909,0,20.0,1
80937,0,20.0,1
80966,1,20.0,1
80994,1,20.0,1
81021,0,20.0,1
81049,0,20.0,1
81076,0,20.0,1
81109,1,20.0,1
81136,0,20.0,1
81164,0,20.0,1
81193,0,20.0,1
81220,0,20.0,1
81247,0,20.0,1
81274,0,20.0,1
81302,0,20.0,1
81331,0,20.0,1
81359,0,20.0,1
81386,0,20.0,1
81415,0,20.0,1
81443,0,20.0,1
81477,2,7.666666666666665,0
81505,0,20.0,1
81533,0,20.0,1
81562,0,20.0,1
81590,0,20.0,1
81619,0,20.0,1
81648,0,20.0,1
81675,0,20.0,1
81704,0,20.0,1
81731,0,20.0,1
81759,0,20.0,1
81789,0,20.0,1
81818,2,7.11111111111111,0
81846,0,20.0,1
81874,0,20.0,1
81902,0,20.0,1
81933,0,20.0,1
81961,0,20.0,1
81988,0,20.0,1
82017,0,20.0,1
82045,0,20.0,1
82073,0,20.0,1
82102,0,20.0,1
82129,0,20.0,1
82157,0,20.0,1
82185,0,20.0,1
82212,0,20.0,1
82234,2,4.888888888888888,0
82262,0,20.0,1
82290,0,20.0,1
82320,0,20.0,1
82348,0,20.0,1
82377,0,20.0,1
82405,0,20.0,1
82435,0,20.0,1
82464,0,20.0,1
82491,0,20.0,1
82518,0,20.0,1
82547,0,20.0,1
82574,0,20.0,1
82602,0,20.0,1
82629,0,20.0,1
82656,0,20.0,1
82685,0,20.0,1
82712,0,20.0,1
82740,0,20.0,1
82768,0,20.0,1
82796,0,20.0,1
82824,0,20.0,1
82852,0,20.0,1
82879,0,20.0,1
82908,0,20.0,1
82937,0,20.0,1
82967,0,20.0,1
83117,2,8.499999999999991,0
83145,0,20.0,1
83172,0,20.0,1
83199,0,20.0,1
83226,0,20.0,1
83255,0,20.0,1
83282,0,20.0,1
83310,0,20.0,1
83338,0,20.0,1
83364,0,20.0,1
83393,0,20.0,1
83420,0,20.0,1
83448,0,20.0,1
83480,2,7.666666666666665,0
83508,0,20.0,1
83537,0,20.0,1
83566,0,20.0,1
83594,0,20.0,1
83622,0,20.0,1
83649,0,20.0,1
83677,0,20.0,1
83706,0,20.0,1
83735,1,20.0,1
83763,0,20.0,1
83792,1,20.0,1
83824,1,20.0,1
83852,0,20.0,1
83881,0,20.0,1
83908,0,20.0,1
83932,2,5.722222222222221,0
83959,0,20.0,1
83986,0,20.0,1
84015,0,20.0,1
84042,0,20.0,1
84072,0,20.0,1
84099,0,20.0,1
84127,0,20.0,1
84156,0,20.0,1
84183,0,20.0,1
84211,0,20.0,1
84240,0,20.0,1
84267,0,20.0,1
84296,0,20.0,1
84324,0,20.0,1
84351,0,20.0,1
84380,0,20.0,1
84408,0,20.0,1
84436,0,20.0,1
84467,1,20.0,1
84496,0,20.0,1
84524,0,20.0,1
84551,0,20.0,1
84579,0,20.0,1
84609,0,20.0,1
84636,0,20.0,1
84664,0,20.0,1
84694,0,20.0,1
84721,0,20.0,1
84748,0,20.0,1
84776,0,20.0,1
84804,0,20.0,1
84831,0,20.0,1
84858,0,20.0,1
84887,0,20.0,1
84916,0,20.0,1
84944,0,20.0,1
84971,0,20.0,1
84998,0,20.0,1
85025,0,20.0,1
85054,0,20.0,1
85082,0,20.0,1
85111,0,20.0,1
85140,0,20.0,1
85167,0,20.0,1
85195,0,20.0,1
85223,0,20.0,1
85250,0,20.0,1
85279,0,20.0,1
85306,0,20.0,1
85335,0,20.0,1
85365,1,20.0,1
85393,0,20.0,1
85420,0,20.0,1
85447,0,20.0,1
85474,0,20.0,1
85503,0,20.0,1
85531,0,20.0,1
85562,1,20.0,1
85591,0,20.0,1
85618,0,20.0,1
85646,0,20.0,1
85675,0,20.0,1
85702,0,20.0,1
85731,0,20.0,1
85758,0,20.0,1
85788,0,20.0,1
85818,0,20.0,1
85847,0,20.0,1
85875,0,20.0,1
85903,0,20.0,1
85930,0,20.0,1
85961,1,20.0,1
85989,0,20.0,1
86016,0,20.0,1
86044,0,20.0,1
86073,0,20.0,1
86101,0,20.0,1
86128,0,20.0,1
86155,0,20.0,1
86184,0,20.0,1
86211,0,20.0,1
86240,0,20.0,1
86268,0,20.0,1
86296,0,20.0,1
86324,0,20.0,1
86352,0,20.0,1
86380,0,20.0,1
86409,0,20.0,1
86437,0,20.0,1
86465,0,20.0,1
86494,0,20.0,1
86521,0,20.0,1
86551,1,20.0,1
86579,0,20.0,1
86607,0,20.0,1
86635,0,20.0,1
86663,0,20.0,1
86691,0,20.0,1
86720,0,20.0,1
86748,0,20.0,1
86780,1,20.0,1
86807,0,20.0,1
86834,0,20.0,1
86865,0,20.0,1
86892,0,20.0,1
86921,0,20.0,1
86950,0,20.0,1
86978,0,20.0,1
87005,0,20.0,1
87032,0,20.0,1
87061,1,20.0,1
87091,0,20.0,1
87118,0,20.0,1
87146,0,20.0,1
87175,0,20.0,1
87202,0,20.0,1
87231,0,20.0,1
87258,0,20.0,1
87287,1,20.0,1
87315,0,20.0,1
87343,0,20.0,1
87372,0,20.0,1
87400,0,20.0,1
87428,0,20.0,1
87458,0,20.0,1
87485,0,20.0,1
87514,0,20.0,1
87542,0,20.0,1
87570,0,20.0,1
87598,0,20.0,1
87627,0,20.0,1
87654,0,20.0,1
87684,0,20.0,1
87712,0,20.0,1
87739,0,20.0,1
87769,0,20.0,1
87796,0,20.0,1
87824,0,20.0,1
87853,0,20.0,1
87881,0,20.0,1
87909,0,20.0,1
87937,0,20.0,1
87964,0,20.0,1
87993,0,20.0,1
88022,0,20.0,1
88051,0,20.0,1
88081,0,20.0,1
88108,0,20.0,1
88138,0,20.0,1
88165,0,20.0,1
88193,0,20.0,1
88222,0,20.0,1
88250,0,20.0,1
88278,0,20.0,1
88307,0,20.0,1
88334,0,20.0,1
88361,0,20.0,1
88387,0,20.0,1
88417,1,20.0,1
88444,0,20.0,1
88471,0,20.0,1
88498,0,20.0,1
88527,0,20.0,1
88554,0,20.0,1
88583,0,20.0,1
88610,0,20.0,1
88637,0,20.0,1
88666,0,20.0,1
88694,0,20.0,1
88723,0,20.0,1
88752,0,20.0,1
88779,0,20.0,1
88808,0,20.0,1
88835,0,20.0,1
88863,0,20.0,1
88891,0,20.0,1
88918,0,20.0,1
88946,0,20.0,1
88974,0,20.0,1
89001,0,20.0,1
89028,0,20.0,1
89056,0,20.0,1
89083,0,20.0,1
89113,0,20.0,1
89142,0,20.0,1
89170,0,20.0,1
89199,0,20.0,1
89227,0,20.0,1
89254,0,20.0,1
89281,0,20.0,1
89308,0,20.0,1
89337,0,20.0,1
89365,0,20.0,1
89395,0,20.0,1
89424,0,20.0,1
89452,0,20.0,1
89479,0,20.0,1
89506,0,20.0,1
89534,0,20.0,1
89563,0,20.0,1
89591,0,20.0,1
89620,0,20.0,1
89648,0,20.0,1
89676,0,20.0,1
89705,0,20.0,1
89732,0,20.0,1
89759,0,20.0,1
89784,2,6.277777777777777,0
89812,0,20.0,1
89839,0,20.0,1
89868,0,20.0,1
89896,0,20.0,1
89925,0,20.0,1
89952,0,20.0,1
89979,0,20.0,1
90000,2,4.888888888888888,0
90027,0,20.0,1
90054,0,20.0,1
90084,0,20.0,1
90113,1,20.0,1
90143,0,20.0,1
90170,0,20.0,1
90198,0,20.0,1
90227,0,20.0,1
90254,0,20.0,1
90281,0,20.0,1
90309,0,20.0,1
90337,0,20.0,1
90366,0,20.0,1
90393,0,20.0,1
90421,0,20.0,1
90448,2,5.999999999999999,0
90475,0,20.0,1
90503,0,20.0,1
90532,0,20.0,1
90559,0,20.0,1
90587,0,20.0,1
90614,0,20.0,1
90641,0,20.0,1
90672,1,20.0,1
90699,0,20.0,1
90727,0,20.0,1
90756,0,20.0,1
90783,0,20.0,1
90811,0,20.0,1
90838,0,20.0,1
90865,0,20.0,1
90895,1,20.0,1
90922,0,20.0,1
90949,0,20.0,1
90980,1,20.0,1
91007,0,20.0,1
91033,0,20.0,1
91060,0,20.0,1
91087,0,20.0,1
91121,2,7.944444444444443,0
91148,0,20.0,1
91175,0,20.0,1
91205,1,20.0,1
91233,0,20.0,1
91261,0,20.0,1
91289,0,20.0,1
91316,0,20.0,1
91346,1,20.0,1
91373,0,20.0,1
91401,0,20.0,1
91431,0,20.0,1
91459,0,20.0,1
91487,0,20.0,1
91516,0,20.0,1
91543,0,20.0,1
91573,0,20.0,1
91600,0,20.0,1
91627,0,20.0,1
91656,0,20.0,1
91684,0,20.0,1
91711,2,6.5555555555555545,0
91738,0,20.0,1
91765,0,20.0,1
91794,0,20.0,1
91821,0,20.0,1
91850,0,20.0,1
91880,0,20.0,1
91907,0,20.0,1
91936,0,20.0,1
91963,0,20.0,1
91991,0,20.0,1
92020,0,20.0,1
92048,0,20.0,1
92075,0,20.0,1
92104,0,20.0,1
92136,1,20.0,1
92164,0,20.0,1
92191,0,20.0,1
92219,0,20.0,1
92247,0,20.0,1
92274,0,20.0,1
92303,0,20.0,1
92332,1,20.0,1
92359,0,20.0,1
92388,0,20.0,1
92415,0,20.0,1
92442,0,20.0,1
92471,0,20.0,1
92498,0,20.0,1
92525,0,20.0,1
92553,0,20.0,1
92580,0,20.0,1
92607,0,20.0,1
92635,0,20.0,1
92662,0,20.0,1
92691,0,20.0,1
92719,0,20.0,1
92749,0,20.0,1
92778,0,20.0,1
92806,0,20.0,1
92834,0,20.0,1
92861,0,20.0,1
92889,0,20.0,1
92918,0,20.0,1
92944,0,20.0,1
92973,0,20.0,1
93002,0,20.0,1
93031,0,20.0,1
93059,0,20.0,1
93086,0,20.0,1
93113,0,20.0,1
93141,0,20.0,1
93168,0,20.0,1
93197,0,20.0,1
93226,0,20.0,1
93253,0,20.0,1
93281,0,20.0,1
93308,0,20.0,1
93336,0,20.0,1
93363,0,20.0,1
93390,0,20.0,1
93420,0,20.0,1
93450,0,20.0,1
93477,0,20.0,1
93504,0,20.0,1
93531,0,20.0,1
93558,0,20.0,1
93587,0,20.0,1
93614,0,20.0,1
93641,0,20.0,1
93670,0,20.0,1
93697,0,20.0,1
93727,2,8.222222222222221,0
93754,0,20.0,1
93781,0,20.0,1
93810,0,20.0,1
93837,0,20.0,1
93865,0,20.0,1
93894,0,20.0,1
93921,0,20.0,1
93948,0,20.0,1
93975,0,20.0,1
94002,0,20.0,1
94031,0,20.0,1
94059,0,20.0,1
94088,0,20.0,1
94116,0,20.0,1
94143,0,20.0,1
94171,2,6.5555555555555545,0
94197,0,20.0,1
94226,0,20.0,1
94253,0,20.0,1
94282,0,20.0,1
94311,0,20.0,1
94341,0,20.0,1
94371,0,20.0,1
94400,0,20.0,1
94427,0,20.0,1
94454,0,20.0,1
94483,0,20.0,1
94512,0,20.0,1
94540,0,20.0,1
94569,0,20.0,1
94596,0,20.0,1
94626,0,20.0,1
94653,0,20.0,1
94681,0,20.0,1
94710,0,20.0,1
94739,0,20.0,1
94767,0,20.0,1
94796,1,20.0,1
94828,1,20.0,1
94856,0,20.0,1
94883,0,20.0,1
94912,0,20.0,1
94941,0,20.0,1
94967,0,20.0,1
94995,0,20.0,1
95023,0,20.0,1
95050,0,20.0,1
95078,0,20.0,1
95105,0,20.0,1
95134,1,20.0,1
95163,0,20.0,1
95191,0,20.0,1
95223,2,7.944444444444443,0
95255,2,7.3888888888888875,0
95282,0,20.0,1
95310,0,20.0,1
95338,1,20.0,1
95367,0,20.0,1
95394,0,20.0,1
95421,0,20.0,1
95452,1,20.0,1
95481,0,20.0,1
95508,0,20.0,1
95535,0,20.0,1
95563,0,20.0,1
95591,0,20.0,1
95619,0,20.0,1
95647,0,20.0,1
95675,0,20.0,1
95699,2,5.999999999999999,0
95727,0,20.0,1
95755,0,20.0,1
95782,0,20.0,1
95809,0,20.0,1
95838,0,20.0,1
95866,0,20.0,1
95893,0,20.0,1
95921,0,20.0,1
95948,0,20.0,1
95976,0,20.0,1
96003,0,20.0,1
96032,0,20.0,1
96061,0,20.0,1
96088,0,20.0,1
96118,0,20.0,1
96147,0,20.0,1
96175,0,20.0,1
96204,0,20.0,1
96232,0,20.0,1
96259,0,20.0,1
96288,0,20.0,1
96316,0,20.0,1
96345,0,20.0,1
96375,0,20.0,1
96402,0,20.0,1
96430,0,20.0,1
96457,0,20.0,1
96484,0,20.0,1
96513,0,20.0,1
96540,0,20.0,1
96571,0,20.0,1
96600,0,20.0,1
96628,0,20.0,1
96655,0,20.0,1
96682,0,20.0,1
96710,0,20.0,1
96738,0,20.0,1
96767,0,20.0,1
96796,0,20.0,1
96825,0,20.0,1
96853,0,20.0,1
96883,0,20.0,1
96910,0,20.0,1
96938,0,20.0,1
96969,0,20.0,1
96998,0,20.0,1
97028,1,20.0,1
97058,0,20.0,1
97086,0,20.0,1
97118,2,8.222222222222221,0
97152,1,20.0,1
97302,2,10.72222222222221,0
97330,0,20.0,1
97359,0,20.0,1
97390,0,20.0,1
97417,0,20.0,1
97447,0,20.0,1
97475,0,20.0,1
97502,0,20.0,1
97534,0,20.0,1
97563,0,20.0,1
97591,0,20.0,1
97621,0,20.0,1
97651,1,20.0,1
97679,0,20.0,1
97707,0,20.0,1
97736,0,20.0,1
97768,1,20.0,1
97796,0,20.0,1
97823,0,20.0,1
97852,0,20.0,1
97880,0,20.0,1
97907,0,20.0,1
97936,0,20.0,1
97964,0,20.0,1
97993,0,20.0,1
98022,0,20.0,1
98049,0,20.0,1
98075,2,6.277777777777777,0
98104,0,20.0,1
98132,0,20.0,1
98161,0,20.0,1
98189,0,20.0,1
98217,0,20.0,1
98246,0,20.0,1
98274,0,20.0,1
98302,0,20.0,1
98330,0,20.0,1
98359,0,20.0,1
98389,0,20.0,1
98418,0,20.0,1
98447,0,20.0,1
98469,2,5.166666666666666,0
98499,0,20.0,1
98527,0,20.0,1
98558,1,20.0,1
98586,0,20.0,1
98613,2,7.3888888888888875,0
98642,1,20.0,1
98671,0,20.0,1
98701,2,7.944444444444443,0
98730,0,20.0,1
98759,0,20.0,1
98789,0,20.0,1
98816,0,20.0,1
98844,0,20.0,1
98872,0,20.0,1
98899,0,20.0,1
98928,0,20.0,1
98957,0,20.0,1
98987,0,20.0,1
99017,0,20.0,1
99049,0,20.0,1
99079,0,20.0,1
99107,0,20.0,1
99137,0,20.0,1
99168,0,20.0,1
99197,0,20.0,1
99226,0,20.0,1
99255,0,20.0,1
99284,0,20.0,1
99311,0,20.0,1
99339,0,20.0,1
99367,0,20.0,1
99396,0,20.0,1
99424,0,20.0,1
99453,0,20.0,1
99484,0,20.0,1
99513,0,20.0,1
99541,0,20.0,1
99570,0,20.0,1
99598,0,20.0,1
99628,0,20.0,1
99656,0,20.0,1
99684,0,20.0,1
99714,0,20.0,1
99744,0,20.0,1
99773,0,20.0,1
99802,0,20.0,1
99829,0,20.0,1
99858,0,20.0,1
99886,0,20.0,1
99917,0,20.0,1
99945,0,20.0,1
99973,0,20.0,1
100003,0,20.0,1
100031,0,20.0,1
100058,0,20.0,1
100087,0,20.0,1
100114,0,20.0,1
100144,0,20.0,1
100172,0,20.0,1
100199,0,20.0,1
100230,1,20.0,1
100260,0,20.0,1
100288,0,20.0,1
100317,0,20.0,1
100345,0,20.0,1
100372,0,20.0,1
100401,0,20.0,1
100428,0,20.0,1
100456,0,20.0,1
100484,0,20.0,1
100511,0,20.0,1
100538,2,6.5555555555555545,0
100568,0,20.0,1
100595,0,20.0,1
100623,0,20.0,1
100653,0,20.0,1
100682,0,20.0,1
100710,0,20.0,1
100737,0,20.0,1
100765,0,20.0,1
100792,0,20.0,1
100819,0,20.0,1
100848,0,20.0,1
100876,0,20.0,1
100906,0,20.0,1
100936,2,7.944444444444443,0
100965,0,20.0,1
100996,0,20.0,1
101020,2,5.722222222222221,0
101049,1,20.0,1
101077,1,20.0,1
101106,0,20.0,1
101136,0,20.0,1
101164,0,20.0,1
101193,0,20.0,1
101223,0,20.0,1
101253,0,20.0,1
101282,0,20.0,1
101308,2,6.277777777777777,0
101337,0,20.0,1
101364,0,20.0,1
101393,0,20.0,1
101421,0,20.0,1
101450,0,20.0,1
101479,0,20.0,1
101508,0,20.0,1
101537,1,20.0,1
101564,0,20.0,1
101591,0,20.0,1
101619,0,20.0,1
101646,0,20.0,1
101675,0,20.0,1
101702,0,20.0,1
101730,0,20.0,1
101759,0,20.0,1
101786,0,20.0,1
101814,0,20.0,1
101841,0,20.0,1
101869,1,20.0,1
101897,0,20.0,1
101924,0,20.0,1
101952,0,20.0,1
101980,0,20.0,1
102009,0,20.0,1
102038,0,20.0,1
102065,0,20.0,1
102092,0,20.0,1
102118,2,6.833333333333332,0
102146,0,20.0,1
102175,0,20.0,1
102203,0,20.0,1
102231,0,20.0,1
102259,0,20.0,1
102287,0,20.0,1
102314,0,20.0,1
102342,0,20.0,1
102370,0,20.0,1
102398,0,20.0,1
102427,0,20.0,1
102455,0,20.0,1
102485,0,20.0,1
102512,0,20.0,1
102539,0,20.0,1
102568,0,20.0,1
102595,0,20.0,1
102624,0,20.0,1
102654,0,20.0,1
102681,0,20.0,1
102711,0,20.0,1
102738,0,20.0,1
102765,0,20.0,1
102794,0,20.0,1
102821,0,20.0,1
102849,0,20.0,1
102879,0,20.0,1
102906,0,20.0,1
102937,2,7.3888888888888875,0
102964,0,20.0,1
102991,0,20.0,1
103020,0,20.0,1
103047,0,20.0,1
103079,0,20.0,1
103107,0,20.0,1
103134,0,20.0,1
103163,0,20.0,1
103190,0,20.0,1
103217,0,20.0,1
103245,0,20.0,1
103272,0,20.0,1
103299,0,20.0,1
103328,0,20.0,1
103356,0,20.0,1
103385,0,20.0,1
103412,0,20.0,1
103440,0,20.0,1
103469,0,20.0,1
103497,0,20.0,1
103526,0,20.0,1
103555,0,20.0,1
103582,0,20.0,1
103609,0,20.0,1
103636,0,20.0,1
103663,0,20.0,1
103692,0,20.0,1
103719,0,20.0,1
103750,2,7.3888888888888875,0
103777,0,20.0,1
103805,0,20.0,1
103834,0,20.0,1
103861,0,20.0,1
103888,0,20.0,1
103917,0,20.0,1
103944,0,20.0,1
103973,0,20.0,1
104002,0,20.0,1
104029,0,20.0,1
104057,0,20.0,1
104084,0,20.0,1
104111,0,20.0,1
104141,0,20.0,1
104169,0,20.0,1
104196,0,20.0,1
104223,2,6.277777777777777,0
104251,0,20.0,1
104279,0,20.0,1
104306,0,20.0,1
104333,0,20.0,1
104361,0,20.0,1
104389,0,20.0,1
104417,0,20.0,1
104447,0,20.0,1
104476,0,20.0,1
104505,0,20.0,1
104532,0,20.0,1
104559,0,20.0,1
104580,2,4.888888888888888,0
104607,0,20.0,1
104634,0,20.0,1
104662,0,20.0,1
104690,1,20.0,1
104718,0,20.0,1
104745,0,20.0,1
104772,0,20.0,1
104800,0,20.0,1
104827,0,20.0,1
104859,2,7.3888888888888875,0
104888,0,20.0,1
104915,0,20.0,1
104942,0,20.0,1
104969,0,20.0,1
104998,2,7.3888888888888875,0
105026,0,20.0,1
105055,0,20.0,1
105082,0,20.0,1
105111,1,20.0,1
105139,0,20.0,1
105170,1,20.0,1
105197,0,20.0,1
105227,1,20.0,1
105256,0,20.0,1
105283,0,20.0,1
105311,0,20.0,1
105339,0,20.0,1
105368,0,20.0,1
105397,0,20.0,1
105424,0,20.0,1
105451,0,20.0,1
105480,0,20.0,1
105509,0,20.0,1
105532,2,5.722222222222221,0
105562,1,20.0,1
105591,0,20.0,1
105618,0,20.0,1
105646,0,20.0,1
105676,1,20.0,1
105704,0,20.0,1
105731,0,20.0,1
105760,0,20.0,1
105789,0,20.0,1
105818,1,20.0,1
105847,0,20.0,1
105875,0,20.0,1
105902,0,20.0,1
105931,0,20.0,1
105959,0,20.0,1
105988,0,20.0,1
106017,0,20.0,1
106044,0,20.0,1
106072,0,20.0,1
106100,0,20.0,1
106128,0,20.0,1
106158,0,20.0,1
106186,0,20.0,1
106214,0,20.0,1
106243,0,20.0,1
106270,0,20.0,1
106298,0,20.0,1
106325,0,20.0,1
106354,0,20.0,1
106384,0,20.0,1
106413,0,20.0,1
106445,0,20.0,1
106475,0,20.0,1
106506,0,20.0,1
106537,0,20.0,1
106565,0,20.0,1
106592,0,20.0,1
106621,0,20.0,1
106650,0,20.0,1
106678,0,20.0,1
106708,0,20.0,1
106737,0,20.0,1
106765,0,20.0,1
106794,0,20.0,1
106822,0,20.0,1
106851,0,20.0,1
106878,0,20.0,1
106906,0,20.0,1
106936,2,7.3888888888888875,0
106965,0,20.0,1
106992,0,20.0,1
107019,0,20.0,1
107048,0,20.0,1
107078,0,20.0,1
107105,0,20.0,1
107134,0,20.0,1
107163,0,20.0,1
107191,0,20.0,1
107218,0,20.0,1
107247,0,20.0,1
107274,0,20.0,1
107302,0,20.0,1
107329,0,20.0,1
107357,0,20.0,1
107386,0,20.0,1
107415,1,20.0,1
107443,0,20.0,1
107470,0,20.0,1
107497,0,20.0,1
107526,0,20.0,1
107554,0,20.0,1
107582,1,20.0,1
107611,0,20.0,1
107638,0,20.0,1
107667,0,20.0,1
107694,0,20.0,1
107722,0,20.0,1
107750,0,20.0,1
107777,0,20.0,1
107806,0,20.0,1
107836,0,20.0,1
107863,0,20.0,1
107893,0,20.0,1
107920,0,20.0,1
107947,0,20.0,1
107975,0,20.0,1
108002,0,20.0,1
108030,0,20.0,1
108059,0,20.0,1
108087,0,20.0,1
108115,0,20.0,1
108142,0,20.0,1
108169,0,20.0,1
108199,0,20.0,1
108226,0,20.0,1
108254,0,20.0,1
108282,0,20.0,1
108309,0,20.0,1
108337,0,20.0,1
108364,0,20.0,1
108391,0,20.0,1
108420,0,20.0,1
108448,0,20.0,1
108477,0,20.0,1
108505,0,20.0,1
108532,0,20.0,1
108560,0,20.0,1
108587,0,20.0,1
108614,0,20.0,1
108643,0,20.0,1
108670,0,20.0,1
108697,0,20.0,1
108725,0,20.0,1
108752,0,20.0,1
108779,0,20.0,1
108806,0,20.0,1
108834,0,20.0,1
108863,0,20.0,1
108890,0,20.0,1
108919,0,20.0,1
108948,0,20.0,1
108976,0,20.0,1
109003,0,20.0,1
109030,0,20.0,1
109057,0,20.0,1
109086,0,20.0,1
109115,0,20.0,1
109144,0,20.0,1
109172,0,20.0,1
109200,0,20.0,1
109229,1,20.0,1
109256,0,20.0,1
109285,0,20.0,1
109313,2,7.3888888888888875,0
109340,0,20.0,1
109367,0,20.0,1
109397,0,20.0,1
109426,0,20.0,1
109453,0,20.0,1
109480,0,20.0,1
109507,0,20.0,1
109534,2,6.5555555555555545,0
109561,0,20.0,1
109588,0,20.0,1
109617,0,20.0,1
109647,0,20.0,1
109675,0,20.0,1
109702,0,20.0,1
109730,0,20.0,1
109757,0,20.0,1
109786,0,20.0,1
109827,1,20.0,1
109857,0,20.0,1
109884,0,20.0,1
109914,0,20.0,1
109941,0,20.0,1
109968,0,20.0,1
110002,2,7.944444444444443,0
110029,2,7.11111111111111,0
110057,0,20.0,1
110085,0,20.0,1
110113,0,20.0,1
110144,1,20.0,1
110171,0,20.0,1
110198,0,20.0,1
110228,0,20.0,1
110255,0,20.0,1
110284,0,20.0,1
110312,0,20.0,1
110340,0,20.0,1
110368,0,20.0,1
110396,0,20.0,1
110429,2,7.944444444444443,0
110461,2,7.944444444444443,0
110489,0,20.0,1
110517,0,20.0,1
110546,0,20.0,1
110573,0,20.0,1
110600,0,20.0,1
110628,0,20.0,1
110655,0,20.0,1
110684,0,20.0,1
110711,0,20.0,1
110739,0,20.0,1
110766,2,7.11111111111111,0
110795,0,20.0,1
110823,1,20.0,1
110850,1,20.0,1
110879,0,20.0,1
110907,0,20.0,1
110934,0,20.0,1
110961,0,20.0,1
110990,0,20.0,1
111018,0,20.0,1
111046,0,20.0,1
111073,0,20.0,1
111101,0,20.0,1
111130,0,20.0,1
111157,0,20.0,1
111186,0,20.0,1
111214,0,20.0,1
111241,0,20.0,1
111270,0,20.0,1
111297,0,20.0,1
111325,0,20.0,1
111354,0,20.0,1
111381,0,20.0,1
111409,0,20.0,1
111437,2,7.3888888888888875,0
111465,0,20.0,1
111493,0,20.0,1
111521,1,20.0,1
111549,0,20.0,1
111577,0,20.0,1
111604,0,20.0,1
111632,0,20.0,1
111675,1,20.0,1
111703,0,20.0,1
111730,0,20.0,1
111761,1,20.0,1
111788,0,20.0,1
111816,0,20.0,1
111843,0,20.0,1
111871,0,20.0,1
111900,0,20.0,1
111927,0,20.0,1
111956,0,20.0,1
111983,0,20.0,1
112011,0,20.0,1
112040,0,20.0,1
112067,0,20.0,1
112095,0,20.0,1
112123,0,20.0,1
112151,0,20.0,1
112178,0,20.0,1
112205,0,20.0,1
112232,0,20.0,1
112263,1,20.0,1
112290,0,20.0,1
112317,0,20.0,1
112345,0,20.0,1
112372,0,20.0,1
112399,0,20.0,1
112426,0,20.0,1
112453,0,20.0,1
112481,0,20.0,1
112508,0,20.0,1
112536,0,20.0,1
112564,0,20.0,1
112591,0,20.0,1
112619,0,20.0,1
112646,0,20.0,1
112673,0,20.0,1
112702,0,20.0,1
112729,0,20.0,1
112757,0,20.0,1
112786,0,20.0,1
112813,0,20.0,1
112841,0,20.0,1
112868,0,20.0,1
112895,0,20.0,1
112924,0,20.0,1
112952,0,20.0,1
112980,0,20.0,1
113009,0,20.0,1
113036,0,20.0,1
113063,0,20.0,1
113092,0,20.0,1
113119,0,20.0,1
113159,1,20.0,1
113186,0,20.0,1
113214,0,20.0,1
113243,0,20.0,1
113271,0,20.0,1
113298,0,20.0,1
113325,0,20.0,1
113352,0,20.0,1
113381,0,20.0,1
113409,0,20.0,1
113438,0,20.0,1
113467,0,20.0,1
113495,0,20.0,1
113522,0,20.0,1
113549,0,20.0,1
113578,0,20.0,1
113606,0,20.0,1
113637,0,20.0,1
113667,0,20.0,1
113697,0,20.0,1
113725,0,20.0,1
113875,2,7.944444444444435,0
113902,0,20.0,1
113929,0,20.0,1
113958,0,20.0,1
113986,0,20.0,1
114014,0,20.0,1
114044,0,20.0,1
114071,0,20.0,1
114099,0,20.0,1
114126,0,20.0,1
114153,0,20.0,1
114181,0,20.0,1
114208,0,20.0,1
114238,0,20.0,1
114268,0,20.0,1
114296,0,20.0,1
114323,0,20.0,1
114351,0,20.0,1
114379,0,20.0,1
114408,0,20.0,1
114435,0,20.0,1
114464,0,20.0,1
114494,2,7.944444444444443,0
114521,0,20.0,1
114548,0,20.0,1
114575,0,20.0,1
114602,0,20.0,1
114629,0,20.0,1
114657,0,20.0,1
114684,0,20.0,1
114712,0,20.0,1
114740,0,20.0,1
114768,0,20.0,1
114795,0,20.0,1
114824,0,20.0,1
114852,0,20.0,1
114880,0,20.0,1
114908,0,20.0,1
114937,0,20.0,1
114965,0,20.0,1
114994,0,20.0,1
115024,0,20.0,1
115051,0,20.0,1
115082,1,20.0,1
115109,0,20.0,1
115136,0,20.0,1
115164,0,20.0,1
115192,0,20.0,1
115220,0,20.0,1
115247,0,20.0,1
115274,0,20.0,1
115301,0,20.0,1
115328,0,20.0,1
115356,0,20.0,1
115385,0,20.0,1
115412,0,20.0,1
115440,0,20.0,1
115467,0,20.0,1
115494,0,20.0,1
115523,0,20.0,1
115551,0,20.0,1
115578,0,20.0,1
115607,0,20.0,1
115636,0,20.0,1
115664,0,20.0,1
115691,0,20.0,1
115718,0,20.0,1
115747,0,20.0,1
115774,0,20.0,1
115804,0,20.0,1
115833,0,20.0,1
115860,0,20.0,1
115887,0,20.0,1
115914,0,20.0,1
115942,0,20.0,1
115971,0,20.0,1
115998,0,20.0,1
116027,2,7.11111111111111,0
116049,2,5.444444444444444,0
116076,0,20.0,1
116103,0,20.0,1
116131,0,20.0,1
116158,0,20.0,1
116187,0,20.0,1
116214,0,20.0,1
116242,0,20.0,1
116270,0,20.0,1
116297,0,20.0,1
116324,0,20.0,1
116351,0,20.0,1
116378,0,20.0,1
116407,0,20.0,1
116434,0,20.0,1
116461,0,20.0,1
116490,0,20.0,1
116517,0,20.0,1
116545,0,20.0,1
116572,0,20.0,1
116599,0,20.0,1
116627,0,20.0,1
116654,0,20.0,1
116682,0,20.0,1
116710,0,20.0,1
116737,0,20.0,1
116767,0,20.0,1
116794,0,20.0,1
116821,0,20.0,1
116851,1,20.0,1
116878,0,20.0,1
116909,1,20.0,1
116940,2,7.944444444444443,0
116967,0,20.0,1
116994,0,20.0,1
117021,0,20.0,1
117048,0,20.0,1
117077,0,20.0,1
117104,0,20.0,1
117131,0,20.0,1
117159,0,20.0,1
117186,0,20.0,1
117214,0,20.0,1
117241,0,20.0,1
117270,0,20.0,1
117298,0,20.0,1
117325,0,20.0,1
117354,0,20.0,1
117382,0,20.0,1
117409,0,20.0,1
117437,0,20.0,1
117464,0,20.0,1
117492,1,20.0,1
117512,2,4.333333333333333,0
117540,0,20.0,1
117569,0,20.0,1
117599,0,20.0,1
117626,0,20.0,1
117655,0,20.0,1
117683,0,20.0,1
117711,0,20.0,1
117739,0,20.0,1
117766,0,20.0,1
117797,0,20.0,1
117825,0,20.0,1
117852,0,20.0,1
117880,0,20.0,1
117907,0,20.0,1
117934,0,20.0,1
117962,0,20.0,1
117989,0,20.0,1
118019,0,20.0,1
118049,0,20.0,1
118076,0,20.0,1
118105,0,20.0,1
118132,0,20.0,1
118160,0,20.0,1
118189,0,20.0,1
118216,0,20.0,1
118243,0,20.0,1
118271,0,20.0,1
118298,0,20.0,1
118326,0,20.0,1
118353,0,20.0,1
118381,0,20.0,1
118409,0,20.0,1
118437,0,20.0,1
118466,0,20.0,1
118495,2,7.944444444444443,0
118522,0,20.0,1
118550,0,20.0,1
118577,0,20.0,1
118605,0,20.0,1
118634,0,20.0,1
118660,0,20.0,1
118687,0,20.0,1
118715,0,20.0,1
118742,0,20.0,1
118771,0,20.0,1
118798,0,20.0,1
118825,0,20.0,1
118855,1,20.0,1
118882,0,20.0,1
118909,0,20.0,1
118939,0,20.0,1
118966,0,20.0,1
118995,0,20.0,1
119022,0,20.0,1
119049,0,20.0,1
119077,0,20.0,1
119104,0,20.0,1
119131,0,20.0,1
119161,0,20.0,1
119188,0,20.0,1
119217,0,20.0,1
119244,0,20.0,1
119271,0,20.0,1
119299,0,20.0,1
119325,0,20.0,1
119354,0,20.0,1
119382,0,20.0,1
119409,0,20.0,1
119440,2,7.3888888888888875,0
119467,0,20.0,1
119494,0,20.0,1
119523,1,20.0,1
119550,0,20.0,1
119577,0,20.0,1
119610,1,20.0,1
119637,0,20.0,1
119665,0,20.0,1
119692,0,20.0,1
119720,0,20.0,1
119749,0,20.0,1
119777,0,20.0,1
119806,0,20.0,1
119835,0,20.0,1
119863,0,20.0,1
119891,0,20.0,1
119918,0,20.0,1
119946,0,20.0,1
119974,0,20.0,1
120001,0,20.0,1
120028,0,20.0,1
120056,0,20.0,1
120084,0,20.0,1
120112,0,20.0,1
120138,0,20.0,1
120165,0,20.0,1
120194,0,20.0,1
120223,1,20.0,1
120254,1,20.0,1
120282,0,20.0,1
120309,0,20.0,1
120336,0,20.0,1
120365,0,20.0,1
120392,0,20.0,1
120421,0,20.0,1
120448,0,20.0,1
120476,0,20.0,1
120505,0,20.0,1
120532,0,20.0,1
120559,0,20.0,1
120587,0,20.0,1
120614,0,20.0,1
120642,0,20.0,1
120669,0,20.0,1
120696,0,20.0,1
120725,0,20.0,1
120752,0,20.0,1
120779,0,20.0,1
120807,0,20.0,1
120835,0,20.0,1
120865,0,20.0,1
120892,0,20.0,1
120921,0,20.0,1
120949,0,20.0,1
120976,0,20.0,1
121005,0,20.0,1
121032,0,20.0,1
121059,0,20.0,1
121087,0,20.0,1
121114,0,20.0,1
121142,0,20.0,1
121171,0,20.0,1
121198,0,20.0,1
121228,0,20.0,1
121255,0,20.0,1
121283,0,20.0,1
121312,0,20.0,1
121340,0,20.0,1
121367,0,20.0,1
121395,0,20.0,1
121422,0,20.0,1
121450,0,20.0,1
121477,0,20.0,1
121506,0,20.0,1
121535,0,20.0,1
121562,0,20.0,1
121590,0,20.0,1
121618,0,20.0,1
121646,0,20.0,1
121674,0,20.0,1
121701,0,20.0,1
121729,0,20.0,1
121758,0,20.0,1
121785,0,20.0,1
121813,0,20.0,1
121842,0,20.0,1
121870,0,20.0,1
121900,0,20.0,1
121927,0,20.0,1
121956,0,20.0,1
121986,0,20.0,1
122014,0,20.0,1
122043,0,20.0,1
122073,0,20.0,1
122102,0,20.0,1
122131,0,20.0,1
122158,0,20.0,1
122185,0,20.0,1
122215,0,20.0,1
122242,0,20.0,1
122270,0,20.0,1
122299,0,20.0,1
122327,0,20.0,1
122355,0,20.0,1
122382,0,20.0,1
122410,0,20.0,1
122439,0,20.0,1
122466,0,20.0,1
122493,0,20.0,1
122521,0,20.0,1
122548,0,20.0,1
122576,0,20.0,1
122603,0,20.0,1
122630,0,20.0,1
122658,0,20.0,1
122685,0,20.0,1
122713,0,20.0,1
122742,0,20.0,1
122769,0,20.0,1
122796,0,20.0,1
122824,0,20.0,1
122851,0,20.0,1
122881,1,20.0,1
122908,0,20.0,1
122936,0,20.0,1
122963,0,20.0,1
122995,1,20.0,1
123022,0,20.0,1
123051,0,20.0,1
123078,0,20.0,1
123106,0,20.0,1
123133,0,20.0,1
123162,0,20.0,1
123190,0,20.0,1
123217,0,20.0,1
123244,0,20.0,1
123271,0,20.0,1
123299,0,20.0,1
123327,0,20.0,1
123354,0,20.0,1
123381,0,20.0,1
123410,0,20.0,1
123438,0,20.0,1
123465,0,20.0,1
123492,0,20.0,1
123519,0,20.0,1
123547,0,20.0,1
123574,0,20.0,1
123601,2,6.5555555555555545,0
123629,0,20.0,1
123657,0,20.0,1
123686,0,20.0,1
123713,0,20.0,1
123741,0,20.0,1
123769,0,20.0,1
123796,0,20.0,1
123824,0,20.0,1
123852,0,20.0,1
123879,0,20.0,1
123906,0,20.0,1
123933,0,20.0,1
123960,0,20.0,1
123989,0,20.0,1
124018,0,20.0,1
124047,0,20.0,1
124075,0,20.0,1
124105,0,20.0,1
124133,0,20.0,1
124160,0,20.0,1
124187,0,20.0,1
124216,0,20.0,1
124244,0,20.0,1
124274,0,20.0,1
124304,1,20.0,1
124331,0,20.0,1
124360,2,7.666666666666665,0
124389,0,20.0,1
124417,0,20.0,1
124447,0,20.0,1
124475,0,20.0,1
124503,0,20.0,1
124531,0,20.0,1
124560,0,20.0,1
124588,0,20.0,1
124616,0,20.0,1
124644,0,20.0,1
124673,0,20.0,1
124700,0,20.0,1
124730,0,20.0,1
124758,0,20.0,1
124785,0,20.0,1
124813,0,20.0,1
124840,0,20.0,1
124867,0,20.0,1
124891,2,5.999999999999999,0
124920,0,20.0,1
124948,0,20.0,1
124977,0,20.0,1
125004,0,20.0,1
125032,0,20.0,1
125059,0,20.0,1
125086,0,20.0,1
125114,0,20.0,1
125141,0,20.0,1
125170,0,20.0,1
125199,0,20.0,1
125227,0,20.0,1
125256,0,20.0,1
125285,0,20.0,1
125312,0,20.0,1
125336,2,5.722222222222221,0
125363,0,20.0,1
125391,0,20.0,1
125420,0,20.0,1
125450,0,20.0,1
125478,0,20.0,1
125505,0,20.0,1
125533,0,20.0,1
125562,0,20.0,1
125589,0,20.0,1
125618,0,20.0,1
125646,0,20.0,1
125674,0,20.0,1
125703,0,20.0,1
125730,0,20.0,1
125757,0,20.0,1
125786,1,20.0,1
125814,0,20.0,1
125841,0,20.0,1
125871,0,20.0,1
125900,0,20.0,1
125930,0,20.0,1
125958,0,20.0,1
125985,0,20.0,1
126014,0,20.0,1
126041,0,20.0,1
126068,0,20.0,1
126097,0,20.0,1
126126,0,20.0,1
126155,0,20.0,1
126182,0,20.0,1
126209,0,20.0,1
126237,0,20.0,1
126264,0,20.0,1
126293,1,20.0,1
126324,1,20.0,1
126351,0,20.0,1
126378,0,20.0,1
126405,0,20.0,1
126432,0,20.0,1
126460,0,20.0,1
126486,0,20.0,1
126514,0,20.0,1
126542,0,20.0,1
126571,0,20.0,1
126599,0,20.0,1
126626,0,20.0,1
126653,0,20.0,1
126683,0,20.0,1
126710,0,20.0,1
126739,0,20.0,1
126767,0,20.0,1
126794,0,20.0,1
126822,0,20.0,1
126849,0,20.0,1
126876,0,20.0,1
126905,0,20.0,1
126933,0,20.0,1
126961,0,20.0,1
126988,0,20.0,1
127016,0,20.0,1
127045,0,20.0,1
127072,0,20.0,1
127100,0,20.0,1
127132,1,20.0,1
127159,0,20.0,1
127187,0,20.0,1
127216,0,20.0,1
127243,0,20.0,1
127270,0,20.0,1
127297,0,20.0,1
127324,0,20.0,1
127352,0,20.0,1
127379,0,20.0,1
127407,0,20.0,1
127435,0,20.0,1
127463,0,20.0,1
127494,1,20.0,1
127522,0,20.0,1
127552,0,20.0,1
127581,0,20.0,1
127609,0,20.0,1
127637,0,20.0,1
127667,0,20.0,1
127694,0,20.0,1
127722,0,20.0,1
127751,1,20.0,1
127778,0,20.0,1
127806,0,20.0,1
127834,0,20.0,1
127863,0,20.0,1
127892,0,20.0,1
127920,0,20.0,1
127949,0,20.0,1
127976,0,20.0,1
128004,0,20.0,1
128032,0,20.0,1
128059,0,20.0,1
128087,0,20.0,1
128115,0,20.0,1
128142,0,20.0,1
128170,0,20.0,1
128198,0,20.0,1
128226,0,20.0,1
128254,0,20.0,1
128281,0,20.0,1
128309,0,20.0,1
128338,0,20.0,1
128365,0,20.0,1
128393,0,20.0,1
128420,0,20.0,1
128449,0,20.0,1
128477,0,20.0,1
128504,0,20.0,1
128533,1,20.0,1
128561,0,20.0,1
128588,0,20.0,1
128617,0,20.0,1
128644,2,7.11111111111111,0
128671,0,20.0,1
128698,0,20.0,1
128725,0,20.0,1
128755,1,20.0,1
128783,0,20.0,1
128811,0,20.0,1
128840,0,20.0,1
128867,0,20.0,1
128894,0,20.0,1
128923,0,20.0,1
128950,0,20.0,1
128979,0,20.0,1
129007,0,20.0,1
129035,0,20.0,1
129063,0,20.0,1
129092,0,20.0,1
129120,0,20.0,1
129151,0,20.0,1
129178,0,20.0,1
129207,0,20.0,1
129235,0,20.0,1
129264,0,20.0,1
129294,1,20.0,1
129322,0,20.0,1
129349,0,20.0,1
129378,0,20.0,1
129405,0,20.0,1
129434,0,20.0,1
129464,0,20.0,1
129491,0,20.0,1
129519,0,20.0,1
129547,0,20.0,1
129576,0,20.0,1
129605,0,20.0,1
129633,0,20.0,1
129662,0,20.0,1
129690,0,20.0,1
129717,0,20.0,1
129745,0,20.0,1
129772,0,20.0,1
129800,0,20.0,1
129828,0,20.0,1
129855,0,20.0,1
129883,0,20.0,1
129912,0,20.0,1
129939,0,20.0,1
129966,0,20.0,1
129993,0,20.0,1
130020,0,20.0,1
130048,0,20.0,1
130075,0,20.0,1
130103,0,20.0,1
130132,0,20.0,1
130159,0,20.0,1
130188,0,20.0,1
130215,0,20.0,1
130244,0,20.0,1
130273,0,20.0,1
130300,0,20.0,1
130327,0,20.0,1
130356,2,7.11111111111111,0
130384,0,20.0,1
130412,0,20.0,1
130439,0,20.0,1
130466,0,20.0,1
130499,2,8.222222222222221,0
130526,0,20.0,1
130553,0,20.0,1
130582,0,20.0,1
130610,0,20.0,1
130637,0,20.0,1
130665,0,20.0,1
130693,0,20.0,1
130721,0,20.0,1
130749,0,20.0,1
130777,0,20.0,1
130806,0,20.0,1
130833,0,20.0,1
130861,0,20.0,1
130888,0,20.0,1
130915,0,20.0,1
130944,0,20.0,1
130971,0,20.0,1
130999,0,20.0,1
131027,0,20.0,1
131055,0,20.0,1
131085,0,20.0,1
131112,0,20.0,1
131139,0,20.0,1
131167,0,20.0,1
131195,0,20.0,1
131224,0,20.0,1
131252,0,20.0,1
131279,0,20.0,1
131308,0,20.0,1
131336,0,20.0,1
131363,0,20.0,1
131391,0,20.0,1
131418,0,20.0,1
131447,0,20.0,1
131475,0,20.0,1
131503,0,20.0,1
131531,0,20.0,1
131558,0,20.0,1
131585,0,20.0,1
131614,0,20.0,1
131642,0,20.0,1
131670,0,20.0,1
131700,0,20.0,1
131727,0,20.0,1
131754,0,20.0,1
131781,0,20.0,1
131810,0,20.0,1
131839,0,20.0,1
131866,0,20.0,1
131899,0,20.0,1
131928,0,20.0,1
131956,0,20.0,1
131985,0,20.0,1
132012,0,20.0,1
132039,0,20.0,1
132067,0,20.0,1
132094,0,20.0,1
132122,0,20.0,1
132151,0,20.0,1
132178,0,20.0,1
132206,0,20.0,1
132233,0,20.0,1
132260,0,20.0,1
132288,0,20.0,1
132315,0,20.0,1
132342,0,20.0,1
132370,1,20.0,1
132397,0,20.0,1
132425,0,20.0,1
132452,0,20.0,1
132479,0,20.0,1
132507,0,20.0,1
132534,0,20.0,1
132563,0,20.0,1
132592,0,20.0,1
132619,0,20.0,1
132646,0,20.0,1
132673,0,20.0,1
132700,0,20.0,1
132728,0,20.0,1
132755,0,20.0,1
132782,0,20.0,1
132810,0,20.0,1
132838,0,20.0,1
132866,0,20.0,1
132894,0,20.0,1
132921,0,20.0,1
132950,0,20.0,1
132979,0,20.0,1
133008,0,20.0,1
133037,0,20.0,1
133064,0,20.0,1
133095,1,20.0,1
133122,0,20.0,1
133150,0,20.0,1
133178,0,20.0,1
133205,0,20.0,1
133233,0,20.0,1
133262,0,20.0,1
133288,0,20.0,1
133315,0,20.0,1
133342,0,20.0,1
133369,0,20.0,1
133399,0,20.0,1
133426,0,20.0,1
133456,0,20.0,1
133484,0,20.0,1
133511,0,20.0,1
133540,0,20.0,1
133568,0,20.0,1
133595,0,20.0,1
133625,0,20.0,1
133652,0,20.0,1
133679,0,20.0,1
133707,0,20.0,1
133734,0,20.0,1
133762,0,20.0,1
133789,0,20.0,1
133816,0,20.0,1
133844,0,20.0,1
133871,0,20.0,1
133898,0,20.0,1
133926,0,20.0,1
133953,0,20.0,1
133981,0,20.0,1
134008,0,20.0,1
134035,0,20.0,1
134063,0,20.0,1
134090,0,20.0,1
134120,0,20.0,1
134148,0,20.0,1
134176,0,20.0,1
134205,0,20.0,1
134232,0,20.0,1
134259,0,20.0,1
134287,0,20.0,1
134314,0,20.0,1
134342,1,20.0,1
134371,0,20.0,1
134398,0,20.0,1
134427,0,20.0,1
134454,0,20.0,1
134481,0,20.0,1
134509,0,20.0,1
134536,0,20.0,1
134568,0,20.0,1
134597,0,20.0,1
134625,0,20.0,1
134652,0,20.0,1
134678,0,20.0,1
134705,0,20.0,1
134733,0,20.0,1
134760,0,20.0,1
134788,0,20.0,1
134816,0,20.0,1
134843,0,20.0,1
134871,0,20.0,1
134898,0,20.0,1
134926,0,20.0,1
134954,0,20.0,1
134981,0,20.0,1
135008,0,20.0,1
135038,1,20.0,1
135066,0,20.0,1
135094,0,20.0,1
135121,0,20.0,1
135148,0,20.0,1
135176,0,20.0,1
135203,0,20.0,1
135230,0,20.0,1
135259,0,20.0,1
135287,0,20.0,1
135315,0,20.0,1
135346,1,20.0,1
135374,0,20.0,1
135403,0,20.0,1
135430,0,20.0,1
135459,0,20.0,1
135487,0,20.0,1
135516,0,20.0,1
135545,0,20.0,1
135572,0,20.0,1
135600,0,20.0,1
135628,0,20.0,1
135657,0,20.0,1
135685,0,20.0,1
135713,0,20.0,1
135743,0,20.0,1
135771,0,20.0,1
135798,0,20.0,1
135826,0,20.0,1
135854,0,20.0,1
135882,0,20.0,1
135913,0,20.0,1
135941,0,20.0,1
135967,0,20.0,1
135998,0,20.0,1
136025,0,20.0,1
136052,0,20.0,1
136082,0,20.0,1
136109,0,20.0,1
136137,0,20.0,1
136168,2,7.666666666666665,0
136195,0,20.0,1
136222,0,20.0,1
136249,0,20.0,1
136276,0,20.0,1
136304,0,20.0,1
136331,0,20.0,1
136360,0,20.0,1
136388,0,20.0,1
136416,0,20.0,1
136444,1,20.0,1
136472,0,20.0,1
136499,0,20.0,1
136527,0,20.0,1
136554,0,20.0,1
136581,0,20.0,1
136609,0,20.0,1
136636,0,20.0,1
136665,0,20.0,1
136692,0,20.0,1
136719,0,20.0,1
136747,0,20.0,1
136774,0,20.0,1
136804,0,20.0,1
136832,0,20.0,1
136860,0,20.0,1
136887,0,20.0,1
136914,0,20.0,1
136941,0,20.0,1
136972,1,20.0,1
137005,1,20.0,1
137034,0,20.0,1
137062,0,20.0,1
137089,0,20.0,1
137117,0,20.0,1
137145,0,20.0,1
137172,0,20.0,1
137200,0,20.0,1
137227,0,20.0,1
137255,0,20.0,1
137283,0,20.0,1
137310,0,20.0,1
137338,0,20.0,1
137367,0,20.0,1
137394,0,20.0,1
137423,0,20.0,1
137451,0,20.0,1
137479,0,20.0,1
137508,0,20.0,1
137536,0,20.0,1
137563,0,20.0,1
137590,0,20.0,1
137617,0,20.0,1
137641,2,5.722222222222221,0
137668,1,20.0,1
137694,0,20.0,1
137722,0,20.0,1
137749,0,20.0,1
137776,0,20.0,1
137803,0,20.0,1
137830,0,20.0,1
137859,0,20.0,1
137888,1,20.0,1
137915,0,20.0,1
137944,0,20.0,1
137974,0,20.0,1
138004,0,20.0,1
138031,0,20.0,1
138060,0,20.0,1
138087,0,20.0,1
138113,0,20.0,1
138141,0,20.0,1
138171,0,20.0,1
138197,0,20.0,1
138224,0,20.0,1
138251,0,20.0,1
138278,0,20.0,1
138307,0,20.0,1
138334,0,20.0,1
138362,0,20.0,1
138391,0,20.0,1
138418,0,20.0,1
138446,0,20.0,1
138473,0,20.0,1
138500,0,20.0,1
138529,0,20.0,1
138556,0,20.0,1
138583,0,20.0,1
138611,0,20.0,1
138640,0,20.0,1
138667,0,20.0,1
138694,0,20.0,1
138721,0,20.0,1
138749,0,20.0,1
138776,0,20.0,1
138804,0,20.0,1
138833,0,20.0,1
138860,0,20.0,1
138887,0,20.0,1
138914,0,20.0,1
138941,0,20.0,1
138969,0,20.0,1
138996,0,20.0,1
139024,0,20.0,1
139053,0,20.0,1
139080,0,20.0,1
139115,1,20.0,1
139142,0,20.0,1
139170,0,20.0,1
139198,0,20.0,1
139225,0,20.0,1
139375,2,9.333333333333323,0
139405,0,20.0,1
139432,0,20.0,1
139461,0,20.0,1
139488,0,20.0,1
139518,1,20.0,1
139547,0,20.0,1
139574,0,20.0,1
139599,2,6.277777777777777,0
139627,0,20.0,1
139654,0,20.0,1
139681,0,20.0,1
139708,0,20.0,1
139736,0,20.0,1
139765,0,20.0,1
139792,0,20.0,1
139819,0,20.0,1
139847,0,20.0,1
139874,0,20.0,1
139902,0,20.0,1
139929,0,20.0,1
139956,0,20.0,1
139985,0,20.0,1
140012,0,20.0,1
140040,0,20.0,1
140069,0,20.0,1
140096,0,20.0,1
140124,0,20.0,1
140151,0,20.0,1
140179,0,20.0,1
140208,0,20.0,1
140235,0,20.0,1
140263,0,20.0,1
140291,0,20.0,1
140318,0,20.0,1
140346,0,20.0,1
140373,0,20.0,1
140400,0,20.0,1
140429,0,20.0,1
140456,0,20.0,1
140484,0,20.0,1
140516,1,20.0,1
140543,0,20.0,1
140570,0,20.0,1
140597,0,20.0,1
140624,0,20.0,1
140653,0,20.0,1
140680,0,20.0,1
140707,0,20.0,1
140730,2,5.444444444444444,0
140758,0,20.0,1
140785,0,20.0,1
140812,0,20.0,1
140839,0,20.0,1
140867,0,20.0,1
140894,0,20.0,1
140922,0,20.0,1
140950,0,20.0,1
140977,0,20.0,1
141006,0,20.0,1
141033,0,20.0,1
141060,0,20.0,1
141083,2,5.444444444444444,0
141110,0,20.0,1
141137,0,20.0,1
141165,0,20.0,1
141193,0,20.0,1
141221,0,20.0,1
141248,0,20.0,1
141276,0,20.0,1
141305,0,20.0,1
141332,0,20.0,1
141360,0,20.0,1
141390,0,20.0,1
141417,0,20.0,1
141444,0,20.0,1
141471,0,20.0,1
141498,0,20.0,1
141528,1,20.0,1
141555,0,20.0,1
141582,0,20.0,1
141609,0,20.0,1
141637,0,20.0,1
141665,0,20.0,1
141693,0,20.0,1
141721,0,20.0,1
141749,0,20.0,1
141776,0,20.0,1
141804,0,20.0,1
141827,2,5.444444444444444,0
141854,0,20.0,1
141881,0,20.0,1
141909,0,20.0,1
141937,0,20.0,1
141966,0,20.0,1
141993,0,20.0,1
142021,0,20.0,1
142050,0,20.0,1
142077,0,20.0,1
142104,0,20.0,1
142131,0,20.0,1
142158,0,20.0,1
142187,0,20.0,1
142214,0,20.0,1
142242,0,20.0,1
142270,0,20.0,1
142297,0,20.0,1
142324,0,20.0,1
142351,0,20.0,1
142378,0,20.0,1
142406,0,20.0,1
142433,0,20.0,1
142460,0,20.0,1
142489,0,20.0,1
142517,0,20.0,1
142545,0,20.0,1
142573,0,20.0,1
142600,0,20.0,1
142629,0,20.0,1
142657,0,20.0,1
142684,0,20.0,1
142713,0,20.0,1
142740,0,20.0,1
142768,0,20.0,1
142795,0,20.0,1
142823,0,20.0,1
142852,0,20.0,1
142879,0,20.0,1
142907,0,20.0,1
142936,0,20.0,1
142964,0,20.0,1
142992,0,20.0,1
143019,0,20.0,1
143047,0,20.0,1
143075,0,20.0,1
143102,0,20.0,1
143129,0,20.0,1
143158,0,20.0,1
143185,0,20.0,1
143212,0,20.0,1
143239,0,20.0,1
143266,0,20.0,1
143294,0,20.0,1
143323,0,20.0,1
143350,0,20.0,1
143378,0,20.0,1
143405,0,20.0,1
143434,0,20.0,1
143461,0,20.0,1
143488,0,20.0,1
143517,0,20.0,1
143544,0,20.0,1
143573,0,20.0,1
143603,0,20.0,1
143631,0,20.0,1
143659,0,20.0,1
143686,0,20.0,1
143714,0,20.0,1
143742,0,20.0,1
143769,0,20.0,1
143796,0,20.0,1
143824,0,20.0,1
143851,0,20.0,1
143879,0,20.0,1
143908,0,20.0,1
143936,0,20.0,1
143964,0,20.0,1
143991,0,20.0,1
144018,0,20.0,1
144047,0,20.0,1
144075,0,20.0,1
144103,0,20.0,1
144130,0,20.0,1
144157,0,20.0,1
144185,0,20.0,1
144213,0,20.0,1
144240,0,20.0,1
144269,0,20.0,1
144297,0,20.0,1
144325,0,20.0,1
144352,0,20.0,1
144380,0,20.0,1
144408,0,20.0,1
144435,0,20.0,1
144464,0,20.0,1
144492,0,20.0,1
144519,0,20.0,1
144548,0,20.0,1
144575,0,20.0,1
144602,0,20.0,1
144632,1,20.0,1
144659,0,20.0,1
144687,0,20.0,1
144714,0,20.0,1
144741,0,20.0,1
144768,0,20.0,1
144795,0,20.0,1
144822,0,20.0,1
144850,0,20.0,1
144877,0,20.0,1
144905,0,20.0,1
144933,0,20.0,1
144961,0,20.0,1
144989,0,20.0,1
145016,0,20.0,1
145044,0,20.0,1
145073,1,20.0,1
145100,0,20.0,1
145127,0,20.0,1
145155,0,20.0,1
145182,0,20.0,1
145211,0,20.0,1
145239,0,20.0,1
145267,1,20.0,1
145296,0,20.0,1
145323,0,20.0,1
145352,0,20.0,1
145381,1,20.0,1
145408,0,20.0,1
145435,0,20.0,1
145463,0,20.0,1
145490,0,20.0,1
145518,0,20.0,1
145545,0,20.0,1
145573,0,20.0,1
145600,0,20.0,1
145628,0,20.0,1
145656,0,20.0,1
145683,0,20.0,1
145711,0,20.0,1
145740,1,20.0,1
145767,0,20.0,1
145794,0,20.0,1
145815,2,4.888888888888888,0
145842,0,20.0,1
145869,0,20.0,1
145896,0,20.0,1
145923,0,20.0,1
145953,2,6.833333333333332,0
145980,0,20.0,1
146007,0,20.0,1
146036,0,20.0,1
146064,0,20.0,1
146092,0,20.0,1
146120,0,20.0,1
146148,0,20.0,1
146178,1,20.0,1
146207,0,20.0,1
146236,0,20.0,1
146267,1,20.0,1
146294,0,20.0,1
146322,0,20.0,1
146349,0,20.0,1
146376,0,20.0,1
146404,0,20.0,1
146431,0,20.0,1
146459,0,20.0,1
146488,2,6.5555555555555545,0
146515,0,20.0,1
146543,0,20.0,1
146569,0,20.0,1
146596,0,20.0,1
146624,0,20.0,1
146651,0,20.0,1
146678,0,20.0,1
146710,1,20.0,1
146738,0,20.0,1
146767,1,20.0,1
146795,0,20.0,1
146823,0,20.0,1
146855,1,20.0,1
146882,0,20.0,1
146911,0,20.0,1
146940,0,20.0,1
146967,0,20.0,1
147003,2,7.666666666666665,0
147031,0,20.0,1
147060,0,20.0,1
147089,0,20.0,1
147116,0,20.0,1
147144,0,20.0,1
147173,0,20.0,1
147201,0,20.0,1
147230,0,20.0,1
147258,0,20.0,1
147286,0,20.0,1
147313,0,20.0,1
147341,0,20.0,1
147369,0,20.0,1
147398,0,20.0,1
147426,0,20.0,1
147455,0,20.0,1
147482,0,20.0,1
147510,0,20.0,1
147538,0,20.0,1
147566,0,20.0,1
147595,0,20.0,1
147624,1,20.0,1
147651,0,20.0,1
147678,0,20.0,1
147705,0,20.0,1
147734,1,20.0,1
147762,0,20.0,1
147790,0,20.0,1
147817,0,20.0,1
147844,0,20.0,1
147871,0,20.0,1
147898,0,20.0,1
147925,0,20.0,1
147952,0,20.0,1
147980,0,20.0,1
148007,0,20.0,1
148037,0,20.0,1
148066,0,20.0,1
148094,0,20.0,1
148123,0,20.0,1
148150,0,20.0,1
148178,0,20.0,1
148206,0,20.0,1
148234,0,20.0,1
148263,1,20.0,1
148291,0,20.0,1
148318,0,20.0,1
148346,0,20.0,1
148373,0,20.0,1
148400,0,20.0,1
148428,0,20.0,1
148455,0,20.0,1
148483,0,20.0,1
148513,0,20.0,1
148540,0,20.0,1
148567,0,20.0,1
148594,0,20.0,1
148622,0,20.0,1
148650,0,20.0,1
148677,0,20.0,1
148705,0,20.0,1
148733,0,20.0,1
148761,0,20.0,1
148790,0,20.0,1
148819,0,20.0,1
148846,0,20.0,1
148875,0,20.0,1
148904,0,20.0,1
148931,0,20.0,1
148960,0,20.0,1
148987,0,20.0,1
149014,0,20.0,1
149041,0,20.0,1
149068,0,20.0,1
149097,0,20.0,1
149124,0,20.0,1
149152,0,20.0,1
149180,0,20.0,1
149207,0,20.0,1
149236,0,20.0,1
149263,0,20.0,1
149290,0,20.0,1
149318,0,20.0,1
149345,0,20.0,1
149373,0,20.0,1
149401,0,20.0,1
149428,0,20.0,1
149456,0,20.0,1
149483,0,20.0,1
149510,0,20.0,1
149538,0,20.0,1
149565,0,20.0,1
149593,0,20.0,1
149624,1,20.0,1
149651,0,20.0,1
149678,0,20.0,1
149705,0,20.0,1
149732,0,20.0,1
149760,0,20.0,1
149787,0,20.0,1
149815,0,20.0,1
149844,1,20.0,1
149871,0,20.0,1
149899,0,20.0,1
149926,0,20.0,1
149953,0,20.0,1
149981,0,20.0,1
150008,0,20.0,1
150036,0,20.0,1
150065,0,20.0,1
150092,0,20.0,1
150120,0,20.0,1
150149,1,20.0,1
150176,0,20.0,1
150203,0,20.0,1
150230,0,20.0,1
150258,0,20.0,1
150286,0,20.0,1
150313,0,20.0,1
150342,0,20.0,1
150369,0,20.0,1
150396,0,20.0,1
150425,0,20.0,1
150452,0,20.0,1
150481,0,20.0,1
150509,0,20.0,1
150536,0,20.0,1
150564,0,20.0,1
150591,0,20.0,1
150618,0,20.0,1
150647,0,20.0,1
150675,0,20.0,1
150702,0,20.0,1
150734,0,20.0,1
150761,0,20.0,1
150789,0,20.0,1
150816,0,20.0,1
150843,0,20.0,1
150873,1,20.0,1
150901,0,20.0,1
150928,0,20.0,1
150957,0,20.0,1
150986,0,20.0,1
151014,0,20.0,1
151041,0,20.0,1
151069,0,20.0,1
151097,0,20.0,1
151125,0,20.0,1
151155,1,20.0,1
151184,1,20.0,1
151211,0,20.0,1
151240,0,20.0,1
151267,0,20.0,1
151294,0,20.0,1
151322,0,20.0,1
151349,0,20.0,1
151378,0,20.0,1
151407,0,20.0,1
151434,0,20.0,1
151464,0,20.0,1
151492,0,20.0,1
151520,0,20.0,1
151548,0,20.0,1
151575,0,20.0,1
151603,0,20.0,1
151631,0,20.0,1
151658,0,20.0,1
151686,0,20.0,1
151713,0,20.0,1
151741,0,20.0,1
151770,0,20.0,1
151800,0,20.0,1
151829,1,20.0,1
151857,0,20.0,1
151886,0,20.0,1
151914,0,20.0,1
151941,0,20.0,1
151968,0,20.0,1
151996,0,20.0,1
152024,0,20.0,1
152053,0,20.0,1
152075,2,5.166666666666666,0
152102,0,20.0,1
152129,0,20.0,1
152156,0,20.0,1
152183,0,20.0,1
152212,0,20.0,1
152241,0,20.0,1
152270,2,7.11111111111111,0
152298,1,20.0,1
152325,0,20.0,1
152352,0,20.0,1
152379,0,20.0,1
152406,0,20.0,1
152434,0,20.0,1
152461,0,20.0,1
152489,0,20.0,1
152517,0,20.0,1
152544,0,20.0,1
152571,0,20.0,1
152600,0,20.0,1
152627,0,20.0,1
152655,0,20.0,1
152682,0,20.0,1
152709,0,20.0,1
152738,0,20.0,1
152765,0,20.0,1
152793,0,20.0,1
152820,0,20.0,1
152847,0,20.0,1
152878,1,20.0,1
152906,0,20.0,1
152933,0,20.0,1
152961,0,20.0,1
152989,0,20.0,1
153018,0,20.0,1
153045,0,20.0,1
153078,1,20.0,1
153106,0,20.0,1
153135,0,20.0,1
153163,0,20.0,1
153191,0,20.0,1
153219,0,20.0,1
153246,0,20.0,1
153273,0,20.0,1
153300,0,20.0,1
153329,0,20.0,1
153357,0,20.0,1
153384,0,20.0,1
153412,0,20.0,1
153439,0,20.0,1
153467,0,20.0,1
153495,0,20.0,1
153522,0,20.0,1
153552,1,20.0,1
153579,0,20.0,1
153606,0,20.0,1
153635,0,20.0,1
153662,0,20.0,1
153689,0,20.0,1
153716,0,20.0,1
153744,0,20.0,1
153768,2,5.722222222222221,0
153795,0,20.0,1
153822,0,20.0,1
153849,0,20.0,1
153877,0,20.0,1
153906,0,20.0,1
153933,0,20.0,1
153961,0,20.0,1
153994,2,8.222222222222221,0
154022,0,20.0,1
154049,0,20.0,1
154082,1,20.0,1
154110,0,20.0,1
154137,0,20.0,1
154164,0,20.0,1
154191,0,20.0,1
154220,0,20.0,1
154247,0,20.0,1
154276,0,20.0,1
154304,0,20.0,1
154332,0,20.0,1
154359,0,20.0,1
154386,0,20.0,1
154414,0,20.0,1
154443,0,20.0,1
154470,0,20.0,1
154497,0,20.0,1
154524,0,20.0,1
154552,0,20.0,1
154581,0,20.0,1
154608,0,20.0,1
154636,0,20.0,1
154664,0,20.0,1
154692,0,20.0,1
154719,0,20.0,1
154748,0,20.0,1
154775,0,20.0,1
154804,0,20.0,1
154831,0,20.0,1
154858,0,20.0,1
154886,0,20.0,1
154913,0,20.0,1
154942,0,20.0,1
154971,0,20.0,1
154998,0,20.0,1
155026,0,20.0,1
155053,0,20.0,1
155082,0,20.0,1
155111,0,20.0,1
155138,0,20.0,1
155167,0,20.0,1
155195,0,20.0,1
155222,0,20.0,1
155250,0,20.0,1
155277,0,20.0,1
155304,0,20.0,1
155332,0,20.0,1
155359,0,20.0,1
155386,0,20.0,1
155414,0,20.0,1
155441,0,20.0,1
155471,1,20.0,1
155499,0,20.0,1
155526,0,20.0,1
155554,0,20.0,1
155581,0,20.0,1
155608,0,20.0,1
155639,1,20.0,1
155666,0,20.0,1
155693,0,20.0,1
155720,0,20.0,1
155749,0,20.0,1
155778,0,20.0,1
155805,0,20.0,1
155832,0,20.0,1
155861,1,20.0,1
155888,0,20.0,1
155915,0,20.0,1
155942,0,20.0,1
155969,0,20.0,1
155998,1,20.0,1
156026,0,20.0,1
156054,0,20.0,1
156082,0,20.0,1
156109,0,20.0,1
156137,0,20.0,1
156164,0,20.0,1
156192,0,20.0,1
156220,0,20.0,1
156247,0,20.0,1
156276,0,20.0,1
156299,2,5.444444444444444,0
156326,0,20.0,1
156353,0,20.0,1
156381,0,20.0,1
156409,0,20.0,1
156437,0,20.0,1
156464,0,20.0,1
156491,0,20.0,1
156520,0,20.0,1
156547,0,20.0,1
156575,0,20.0,1
156602,0,20.0,1
156629,0,20.0,1
156658,1,20.0,1
156685,0,20.0,1
156712,0,20.0,1
156740,0,20.0,1
156768,0,20.0,1
156796,0,20.0,1
156823,0,20.0,1
156850,0,20.0,1
156879,0,20.0,1
156906,0,20.0,1
156935,0,20.0,1
156963,0,20.0,1
156990,0,20.0,1
157018,0,20.0,1
157045,0,20.0,1
157072,0,20.0,1
157100,0,20.0,1
157127,0,20.0,1
157155,0,20.0,1
157185,1,20.0,1
157213,0,20.0,1
157240,2,6.5555555555555545,0
157267,0,20.0,1
157294,0,20.0,1
157323,0,20.0,1
157350,0,20.0,1
157378,0,20.0,1
157408,1,20.0,1
157436,0,20.0,1
157466,0,20.0,1
157494,0,20.0,1
157521,0,20.0,1
157552,2,7.666666666666665,0
157579,0,20.0,1
157606,0,20.0,1
157632,2,7.11111111111111,0
157659,0,20.0,1
157686,0,20.0,1
157713,0,20.0,1
157741,0,20.0,1
157770,1,20.0,1
157797,0,20.0,1
157825,0,20.0,1
157855,0,20.0,1
157882,0,20.0,1
157913,1,20.0,1
157941,0,20.0,1
157968,0,20.0,1
157996,0,20.0,1
158023,0,20.0,1
158050,0,20.0,1
158078,0,20.0,1
158106,0,20.0,1
158134,0,20.0,1
158161,0,20.0,1
158188,0,20.0,1
158217,0,20.0,1
158244,0,20.0,1
158271,0,20.0,1
158299,0,20.0,1
158326,0,20.0,1
158355,1,20.0,1
158382,0,20.0,1
158410,0,20.0,1
158439,0,20.0,1
158467,0,20.0,1
158496,0,20.0,1
158527,1,20.0,1
158555,0,20.0,1
158582,0,20.0,1
158609,0,20.0,1
158636,0,20.0,1
158664,0,20.0,1
158691,0,20.0,1
158718,0,20.0,1
158746,0,20.0,1
158774,0,20.0,1
158801,0,20.0,1
158828,0,20.0,1
158855,0,20.0,1
158884,0,20.0,1
158912,0,20.0,1
158939,0,20.0,1
158968,0,20.0,1
158995,0,20.0,1
159022,0,20.0,1
159049,0,20.0,1
159076,0,20.0,1
159105,0,20.0,1
159133,0,20.0,1
159161,0,20.0,1
159185,2,5.722222222222221,0
159212,0,20.0,1
159239,0,20.0,1
159267,0,20.0,1
159294,0,20.0,1
159322,0,20.0,1
159349,0,20.0,1
159378,0,20.0,1
159408,0,20.0,1
159436,0,20.0,1
159463,0,20.0,1
159490,0,20.0,1
159517,0,20.0,1
159545,0,20.0,1
159572,0,20.0,1
159599,0,20.0,1
159627,0,20.0,1
159660,2,8.222222222222221,0
159688,0,20.0,1
159716,0,20.0,1
159744,0,20.0,1
159773,0,20.0,1
159800,0,20.0,1
159828,0,20.0,1
159856,0,20.0,1
159883,0,20.0,1
159911,0,20.0,1
159940,0,20.0,1
159967,0,20.0,1
159995,0,20.0,1
160022,0,20.0,1
160049,0,20.0,1
160077,0,20.0,1
160105,0,20.0,1
160133,0,20.0,1
160160,0,20.0,1
160187,0,20.0,1
160215,1,20.0,1
160243,0,20.0,1
160270,0,20.0,1
160298,0,20.0,1
160325,0,20.0,1
160352,0,20.0,1
160379,0,20.0,1
160407,0,20.0,1
160435,0,20.0,1
160462,0,20.0,1
160492,0,20.0,1
160520,0,20.0,1
160547,0,20.0,1
160580,2,8.222222222222221,0
160608,0,20.0,1
160639,1,20.0,1
160669,1,20.0,1
160697,0,20.0,1
160724,0,20.0,1
160754,0,20.0,1
160781,0,20.0,1
160809,0,20.0,1
160836,0,20.0,1
160863,0,20.0,1
160890,0,20.0,1
160917,0,20.0,1
160946,0,20.0,1
160977,1,20.0,1
161006,0,20.0,1
161035,0,20.0,1
161065,0,20.0,1
161099,1,20.0,1
161128,0,20.0,1
161158,0,20.0,1
161186,1,20.0,1
161210,2,5.999999999999999,0
161237,0,20.0,1
161266,0,20.0,1
161293,0,20.0,1
161319,0,20.0,1
161343,2,5.999999999999999,0
161370,0,20.0,1
161400,0,20.0,1
161430,0,20.0,1
161459,0,20.0,1
161488,0,20.0,1
161515,0,20.0,1
161544,0,20.0,1
161572,0,20.0,1
161599,0,20.0,1
161627,0,20.0,1
161655,0,20.0,1
161684,0,20.0,1
161713,1,20.0,1
161740,0,20.0,1
161770,1,20.0,1
161799,0,20.0,1
161826,0,20.0,1
161855,1,20.0,1
161883,0,20.0,1
161910,0,20.0,1
161938,0,20.0,1
161967,0,20.0,1
161995,0,20.0,1
162023,0,20.0,1
162050,0,20.0,1
162078,0,20.0,1
162106,0,20.0,1
162256,2,3.999999999999993,0
162283,0,20.0,1
162311,0,20.0,1
162338,0,20.0,1
162368,1,20.0,1
162395,0,20.0,1
162424,2,7.11111111111111,0
162453,0,20.0,1
162482,0,20.0,1
162510,0,20.0,1
162537,0,20.0,1
162564,0,20.0,1
162594,1,20.0,1
162622,0,20.0,1
162654,1,20.0,1
162682,0,20.0,1
162709,0,20.0,1
162738,0,20.0,1
162765,0,20.0,1
162792,0,20.0,1
162823,2,8.222222222222221,0
162850,0,20.0,1
162877,0,20.0,1
162905,0,20.0,1
162932,0,20.0,1
162960,0,20.0,1
162987,0,20.0,1
163014,0,20.0,1
163042,0,20.0,1
163069,0,20.0,1
163097,0,20.0,1
163125,0,20.0,1
163152,0,20.0,1
163180,0,20.0,1
163209,0,20.0,1
163236,0,20.0,1
163266,1,20.0,1
163295,0,20.0,1
163322,0,20.0,1
163351,0,20.0,1
163379,0,20.0,1
163412,2,8.222222222222221,0
163439,0,20.0,1
163466,0,20.0,1
163495,0,20.0,1
163522,0,20.0,1
163549,0,20.0,1
163578,0,20.0,1
163605,0,20.0,1
163633,0,20.0,1
163660,0,20.0,1
163689,0,20.0,1
163717,0,20.0,1
163744,0,20.0,1
163772,0,20.0,1
163800,0,20.0,1
163827,0,20.0,1
163855,0,20.0,1
163882,0,20.0,1
163909,0,20.0,1
163937,0,20.0,1
163964,0,20.0,1
163992,0,20.0,1
164020,0,20.0,1
164047,0,20.0,1
164074,0,20.0,1
164101,0,20.0,1
164129,0,20.0,1
164158,0,20.0,1
164185,0,20.0,1
164212,0,20.0,1
164240,0,20.0,1
164267,0,20.0,1
164294,0,20.0,1
164321,0,20.0,1
164349,0,20.0,1
164378,0,20.0,1
164405,0,20.0,1
164433,0,20.0,1
164462,0,20.0,1
164489,0,20.0,1
164517,0,20.0,1
164544,0,20.0,1
164571,0,20.0,1
164600,0,20.0,1
164627,0,20.0,1
164654,0,20.0,1
164683,0,20.0,1
164710,0,20.0,1
164739,0,20.0,1
164765,0,20.0,1
164792,0,20.0,1
164819,0,20.0,1
164846,0,20.0,1
164873,0,20.0,1
164902,0,20.0,1
164930,0,20.0,1
164958,0,20.0,1
164985,0,20.0,1
165012,0,20.0,1
165040,0,20.0,1
165067,0,20.0,1
165096,0,20.0,1
165124,0,20.0,1
165151,0,20.0,1
165180,0,20.0,1
165208,0,20.0,1
165235,0,20.0,1
165264,0,20.0,1
165293,0,20.0,1
165321,0,20.0,1
165349,0,20.0,1
165379,0,20.0,1
165408,0,20.0,1
165438,0,20.0,1
165468,0,20.0,1
165497,0,20.0,1
165524,0,20.0,1
165553,0,20.0,1
165581,0,20.0,1
165609,0,20.0,1
165637,0,20.0,1
165665,0,20.0,1
165692,0,20.0,1
165720,0,20.0,1
165747,0,20.0,1
165775,0,20.0,1
165803,0,20.0,1
165831,0,20.0,1
165860,0,20.0,1
165887,0,20.0,1
165914,0,20.0,1
165942,0,20.0,1
165969,0,20.0,1
165997,0,20.0,1
166025,0,20.0,1
166052,0,20.0,1
166081,0,20.0,1
166108,0,20.0,1
166136,0,20.0,1
166164,0,20.0,1
166192,0,20.0,1
166219,0,20.0,1
166249,0,20.0,1
166278,0,20.0,1
166307,0,20.0,1
166329,2,5.722222222222221,0
166356,0,20.0,1
166384,0,20.0,1
166411,0,20.0,1
166439,0,20.0,1
166468,0,20.0,1
166497,0,20.0,1
166525,0,20.0,1
166552,0,20.0,1
166579,0,20.0,1
166607,0,20.0,1
166634,0,20.0,1
166661,0,20.0,1
166690,0,20.0,1
166717,0,20.0,1
166744,0,20.0,1
166771,0,20.0,1
166798,0,20.0,1
166826,0,20.0,1
166853,0,20.0,1
166881,0,20.0,1
166909,0,20.0,1
166936,0,20.0,1
166965,0,20.0,1
166993,0,20.0,1
167020,0,20.0,1
167048,0,20.0,1
167075,0,20.0,1
167103,0,20.0,1
167132,1,20.0,1
167159,0,20.0,1
167186,0,20.0,1
167213,0,20.0,1
167241,0,20.0,1
167273,2,8.222222222222221,0
167301,0,20.0,1
167332,0,20.0,1
167360,0,20.0,1
167388,0,20.0,1
167417,0,20.0,1
167444,0,20.0,1
167471,0,20.0,1
167499,0,20.0,1
167527,0,20.0,1
167556,0,20.0,1
167584,0,20.0,1
167611,0,20.0,1
167640,0,20.0,1
167667,0,20.0,1
167694,0,20.0,1
167724,0,20.0,1
167751,0,20.0,1
167780,0,20.0,1
167809,0,20.0,1
167837,0,20.0,1
167866,0,20.0,1
167893,0,20.0,1
167920,0,20.0,1
167949,0,20.0,1
167976,0,20.0,1
168003,0,20.0,1
168032,0,20.0,1
168060,0,20.0,1
168089,0,20.0,1
168117,0,20.0,1
168144,0,20.0,1
168172,0,20.0,1
168199,0,20.0,1
168228,0,20.0,1
168256,0,20.0,1
168283,0,20.0,1
168312,0,20.0,1
168339,0,20.0,1
168366,0,20.0,1
168395,0,20.0,1
168422,0,20.0,1
168451,0,20.0,1
168480,0,20.0,1
168507,0,20.0,1
168534,0,20.0,1
168561,0,20.0,1
168588,0,20.0,1
168616,0,20.0,1
168643,0,20.0,1
168676,1,20.0,1
168704,0,20.0,1
168731,0,20.0,1
168759,0,20.0,1
168786,0,20.0,1
168813,0,20.0,1
168843,1,20.0,1
168870,0,20.0,1
168899,0,20.0,1
168928,0,20.0,1
168956,0,20.0,1
168983,0,20.0,1
169010,0,20.0,1
169037,0,20.0,1
169065,0,20.0,1
169092,0,20.0,1
169120,0,20.0,1
169149,0,20.0,1
169178,0,20.0,1
169205,0,20.0,1
169232,0,20.0,1
169260,0,20.0,1
169289,0,20.0,1
169316,0,20.0,1
169343,0,20.0,1
169371,0,20.0,1
169399,0,20.0,1
169427,0,20.0,1
169454,0,20.0,1
169482,0,20.0,1
169511,0,20.0,1
169539,0,20.0,1
169567,0,20.0,1
169595,0,20.0,1
169623,0,20.0,1
169650,0,20.0,1
169677,0,20.0,1
169704,0,20.0,1
169730,2,7.11111111111111,0
169757,0,20.0,1
169785,0,20.0,1
169813,0,20.0,1
169840,0,20.0,1
169867,0,20.0,1
169894,0,20.0,1
169921,0,20.0,1
169949,0,20.0,1
169976,0,20.0,1
170004,0,20.0,1
170033,0,20.0,1
170060,0,20.0,1
170088,0,20.0,1
170115,0,20.0,1
170142,0,20.0,1
170170,0,20.0,1
170197,0,20.0,1
170224,0,20.0,1
170252,0,20.0,1
170279,0,20.0,1
170307,0,20.0,1
170335,0,20.0,1
170362,0,20.0,1
170390,0,20.0,1
170417,0,20.0,1
170446,0,20.0,1
170475,0,20.0,1
170502,0,20.0,1
170531,1,20.0,1
170558,0,20.0,1
170585,0,20.0,1
170613,0,20.0,1
170640,0,20.0,1
170670,0,20.0,1
170698,0,20.0,1
170725,0,20.0,1
170752,0,20.0,1
170779,0,20.0,1
170806,0,20.0,1
170835,0,20.0,1
170862,0,20.0,1
170889,0,20.0,1
170917,0,20.0,1
170944,0,20.0,1
170972,0,20.0,1
170999,0,20.0,1
171027,0,20.0,1
171048,2,4.888888888888888,0
171075,0,20.0,1
171102,0,20.0,1
171133,1,20.0,1
171160,0,20.0,1
171188,0,20.0,1
171215,0,20.0,1
171244,0,20.0,1
171265,2,4.888888888888888,0
171292,0,20.0,1
171320,0,20.0,1
171348,0,20.0,1
171376,0,20.0,1
171404,0,20.0,1
171432,0,20.0,1
171459,0,20.0,1
171487,0,20.0,1
171515,0,20.0,1
171542,0,20.0,1
171571,0,20.0,1
171598,0,20.0,1
171625,0,20.0,1
171652,0,20.0,1
171679,0,20.0,1
171707,0,20.0,1
171734,0,20.0,1
171761,0,20.0,1
171911,2,6.555555555555546,0
171938,0,20.0,1
171965,0,20.0,1
171992,0,20.0,1
172019,0,20.0,1
172049,1,20.0,1
172076,0,20.0,1
172108,1,20.0,1
172136,0,20.0,1
172163,0,20.0,1
172192,0,20.0,1
172219,0,20.0,1
172247,0,20.0,1
172276,0,20.0,1
172303,0,20.0,1
172330,0,20.0,1
172359,0,20.0,1
172386,0,20.0,1
172413,0,20.0,1
172440,0,20.0,1
172467,0,20.0,1
172495,0,20.0,1
172522,0,20.0,1
172550,0,20.0,1
172578,0,20.0,1
172605,0,20.0,1
172632,0,20.0,1
172659,0,20.0,1
172686,0,20.0,1
172714,0,20.0,1
172741,0,20.0,1
172769,0,20.0,1
172798,0,20.0,1
172826,0,20.0,1
172856,0,20.0,1
172883,0,20.0,1
172910,0,20.0,1
172938,0,20.0,1
172965,0,20.0,1
172992,0,20.0,1
173024,1,20.0,1
173051,0,20.0,1
173079,0,20.0,1
173106,0,20.0,1
173134,0,20.0,1
173162,0,20.0,1
173189,0,20.0,1
173216,0,20.0,1
173244,0,20.0,1
173271,0,20.0,1
173299,0,20.0,1
173326,0,20.0,1
173354,0,20.0,1
173383,0,20.0,1
173410,0,20.0,1
173438,0,20.0,1
173466,0,20.0,1
173493,0,20.0,1
173521,0,20.0,1
173548,0,20.0,1
173576,0,20.0,1
173605,0,20.0,1
173632,0,20.0,1
173660,0,20.0,1
173688,0,20.0,1
173715,0,20.0,1
173742,0,20.0,1
173769,0,20.0,1
173796,0,20.0,1
173824,0,20.0,1
173851,0,20.0,1
173879,0,20.0,1
173909,0,20.0,1
173936,0,20.0,1
173964,0,20.0,1
173992,0,20.0,1
174019,0,20.0,1
174048,0,20.0,1
174076,0,20.0,1
174104,0,20.0,1
174133,0,20.0,1
174160,0,20.0,1
174188,0,20.0,1
174215,0,20.0,1
174242,0,20.0,1
174275,2,8.222222222222221,0
174302,0,20.0,1
174330,0,20.0,1
174362,0,20.0,1
174389,0,20.0,1
174417,0,20.0,1
174444,0,20.0,1
174472,0,20.0,1
174500,0,20.0,1
174527,0,20.0,1
174555,0,20.0,1
174583,0,20.0,1
174610,0,20.0,1
174638,0,20.0,1
174666,0,20.0,1
174695,0,20.0,1
174723,0,20.0,1
174750,0,20.0,1
174777,0,20.0,1
174805,0,20.0,1
174832,0,20.0,1
174861,0,20.0,1
174888,0,20.0,1
174915,0,20.0,1
174944,0,20.0,1
174971,0,20.0,1
175007,2,7.666666666666665,0
175038,0,20.0,1
175065,0,20.0,1
175092,0,20.0,1
175119,0,20.0,1
175146,0,20.0,1
175174,0,20.0,1
175201,0,20.0,1
175229,0,20.0,1
175259,1,20.0,1
175286,0,20.0,1
175314,0,20.0,1
175341,0,20.0,1
175368,0,20.0,1
175396,0,20.0,1
175423,0,20.0,1
175451,0,20.0,1
175479,0,20.0,1
175506,0,20.0,1
175534,0,20.0,1
175561,0,20.0,1
175589,0,20.0,1
175617,0,20.0,1
175644,0,20.0,1
175673,0,20.0,1
175701,0,20.0,1
175728,0,20.0,1
175757,0,20.0,1
175784,0,20.0,1
175811,0,20.0,1
175840,0,20.0,1
175867,0,20.0,1
175895,0,20.0,1
175923,0,20.0,1
175950,0,20.0,1
175978,0,20.0,1
176005,0,20.0,1
176032,0,20.0,1
176064,1,20.0,1
176091,0,20.0,1
176118,0,20.0,1
176147,1,20.0,1
176175,0,20.0,1
176202,0,20.0,1
176229,0,20.0,1
176256,0,20.0,1
176285,0,20.0,1
176312,0,20.0,1
176341,0,20.0,1
176369,0,20.0,1
176396,0,20.0,1
176424,0,20.0,1
176451,0,20.0,1
176478,0,20.0,1
176507,0,20.0,1
176535,0,20.0,1
176563,0,20.0,1
176592,2,7.3888888888888875,0
176620,0,20.0,1
176648,0,20.0,1
176675,0,20.0,1
176702,0,20.0,1
176731,0,20.0,1
176758,0,20.0,1
176790,1,20.0,1
176818,0,20.0,1
176846,0,20.0,1
176873,0,20.0,1
176900,0,20.0,1
176928,0,20.0,1
176956,0,20.0,1
176983,0,20.0,1
177011,0,20.0,1
177039,0,20.0,1
177066,0,20.0,1
177093,0,20.0,1
177121,0,20.0,1
177149,0,20.0,1
177177,0,20.0,1
177204,0,20.0,1
177231,0,20.0,1
177259,0,20.0,1
177286,0,20.0,1
177318,2,8.222222222222221,0
177345,0,20.0,1
177372,0,20.0,1
177404,1,20.0,1
177431,0,20.0,1
177460,0,20.0,1
177488,0,20.0,1
177517,0,20.0,1
177545,0,20.0,1
177573,0,20.0,1
177600,0,20.0,1
177630,0,20.0,1
177657,0,20.0,1
177685,0,20.0,1
177714,0,20.0,1
177741,0,20.0,1
177770,0,20.0,1
177798,0,20.0,1
177825,0,20.0,1
177854,0,20.0,1
177881,0,20.0,1
177909,0,20.0,1
177937,0,20.0,1
177965,0,20.0,1
177994,0,20.0,1
178021,0,20.0,1
178048,0,20.0,1
178076,0,20.0,1
178108,0,20.0,1
178137,0,20.0,1
178166,0,20.0,1
178193,0,20.0,1
178222,0,20.0,1
178249,0,20.0,1
178276,0,20.0,1
178305,0,20.0,1
178333,0,20.0,1
178361,0,20.0,1
178389,0,20.0,1
178417,0,20.0,1
178446,0,20.0,1
178474,0,20.0,1
178502,0,20.0,1
178530,0,20.0,1
178557,0,20.0,1
178585,0,20.0,1
178613,0,20.0,1
178640,0,20.0,1
178669,0,20.0,1
178697,0,20.0,1
178724,0,20.0,1
178753,0,20.0,1
178780,0,20.0,1
178808,0,20.0,1
178836,0,20.0,1
178863,0,20.0,1
178890,0,20.0,1
178918,0,20.0,1
178946,0,20.0,1
178974,0,20.0,1
179002,0,20.0,1
179031,0,20.0,1
179059,0,20.0,1
179086,0,20.0,1
179113,0,20.0,1
179140,0,20.0,1
179168,0,20.0,1
179196,0,20.0,1
179223,0,20.0,1
179251,0,20.0,1
179279,0,20.0,1
179306,0,20.0,1
179337,2,7.666666666666665,0
179364,0,20.0,1
179392,0,20.0,1
179420,0,20.0,1
179447,0,20.0,1
179476,0,20.0,1
179504,0,20.0,1
179531,0,20.0,1
179559,0,20.0,1
179586,0,20.0,1
179613,0,20.0,1
179641,0,20.0,1
179668,0,20.0,1
179696,0,20.0,1
179725,0,20.0,1
179752,0,20.0,1
179780,0,20.0,1
179807,0,20.0,1
179834,0,20.0,1
179862,0,20.0,1
179889,0,20.0,1
179917,0,20.0,1
179946,0,20.0,1
179973,0,20.0,1
180002,0,20.0,1
180029,0,20.0,1
180056,0,20.0,1
180085,0,20.0,1
180112,0,20.0,1
180139,0,20.0,1
180167,0,20.0,1
180195,0,20.0,1
180224,0,20.0,1
180251,0,20.0,1
180278,0,20.0,1
180306,0,20.0,1
180333,0,20.0,1
180362,0,20.0,1
180390,0,20.0,1
180418,0,20.0,1
180446,0,20.0,1
180473,0,20.0,1
180499,0,20.0,1
180527,0,20.0,1
180554,0,20.0,1
180582,0,20.0,1
180610,0,20.0,1
180637,0,20.0,1
180665,0,20.0,1
180692,0,20.0,1
180719,0,20.0,1
180747,0,20.0,1
180774,0,20.0,1
180804,1,20.0,1
180832,0,20.0,1
180860,0,20.0,1
180891,2,7.666666666666665,0
180918,0,20.0,1
180944,0,20.0,1
180972,0,20.0,1
180999,0,20.0,1
181032,1,20.0,1
181060,0,20.0,1
181087,0,20.0,1
181114,0,20.0,1
181140,0,20.0,1
181167,0,20.0,1
181195,0,20.0,1
181222,0,20.0,1
181249,0,20.0,1
181279,0,20.0,1
181306,0,20.0,1
181335,0,20.0,1
181362,0,20.0,1
181390,0,20.0,1
181419,0,20.0,1
181446,0,20.0,1
181475,0,20.0,1
181506,1,20.0,1
181534,0,20.0,1
181562,0,20.0,1
181589,0,20.0,1
181625,2,8.222222222222221,0
181653,0,20.0,1
181681,0,20.0,1
181709,1,20.0,1
181737,0,20.0,1
181764,0,20.0,1
181791,0,20.0,1
181818,0,20.0,1
181845,0,20.0,1
181873,0,20.0,1
181900,0,20.0,1
181929,0,20.0,1
181957,0,20.0,1
181984,0,20.0,1
182011,0,20.0,1
182038,0,20.0,1
182065,0,20.0,1
182093,0,20.0,1
182120,0,20.0,1
182149,0,20.0,1
182177,0,20.0,1
182206,2,7.666666666666665,0
182234,0,20.0,1
182261,0,20.0,1
182288,0,20.0,1
182317,0,20.0,1
182344,0,20.0,1
182373,0,20.0,1
182401,0,20.0,1
182428,0,20.0,1
182456,0,20.0,1
182483,0,20.0,1
182510,0,20.0,1
182531,2,5.444444444444444,0
182558,0,20.0,1
182585,0,20.0,1
182612,0,20.0,1
182639,0,20.0,1
182667,0,20.0,1
182694,0,20.0,1
182721,0,20.0,1
182742,2,4.888888888888888,0
182769,0,20.0,1
182796,0,20.0,1
182817,2,4.888888888888888,0
182845,0,20.0,1
182872,0,20.0,1
182899,0,20.0,1
182926,0,20.0,1
182955,0,20.0,1
182982,0,20.0,1
183004,2,5.166666666666666,0
183032,0,20.0,1
183059,0,20.0,1
183086,0,20.0,1
183113,0,20.0,1
183140,0,20.0,1
183169,0,20.0,1
183196,0,20.0,1
183224,0,20.0,1
183252,0,20.0,1
183279,0,20.0,1
183306,0,20.0,1
183333,0,20.0,1
183360,0,20.0,1
183388,0,20.0,1
183415,0,20.0,1
183442,0,20.0,1
183471,0,20.0,1
183498,0,20.0,1
183526,0,20.0,1
183553,0,20.0,1
183581,1,20.0,1
183609,0,20.0,1
183637,0,20.0,1
183664,0,20.0,1
183693,0,20.0,1
183720,0,20.0,1
183747,0,20.0,1
183774,0,20.0,1
183801,0,20.0,1
183829,0,20.0,1
183856,0,20.0,1
183884,0,20.0,1
183913,0,20.0,1
183940,0,20.0,1
183967,2,6.833333333333332,0
183994,0,20.0,1
184021,0,20.0,1
184048,0,20.0,1
184075,0,20.0,1
184103,0,20.0,1
184130,0,20.0,1
184157,0,20.0,1
184185,0,20.0,1
184212,0,20.0,1
184239,0,20.0,1
184263,2,5.722222222222221,0
184290,0,20.0,1
184317,0,20.0,1
184345,0,20.0,1
184373,0,20.0,1
184402,0,20.0,1
184429,0,20.0,1
184457,0,20.0,1
184484,0,20.0,1
184511,0,20.0,1
184539,0,20.0,1
184567,0,20.0,1
184594,0,20.0,1
184624,0,20.0,1
184651,0,20.0,1
184678,0,20.0,1
184706,1,20.0,1
184735,0,20.0,1
184762,0,20.0,1
184791,0,20.0,1
184819,1,20.0,1
184846,0,20.0,1
184873,0,20.0,1
184900,0,20.0,1
184929,0,20.0,1
184957,0,20.0,1
184985,1,20.0,1
185013,0,20.0,1
185040,0,20.0,1
185068,0,20.0,1
185096,0,20.0,1
185123,0,20.0,1
185150,0,20.0,1
185177,0,20.0,1
185205,0,20.0,1
185226,2,4.888888888888888,0
185253,0,20.0,1
185280,0,20.0,1
185308,0,20.0,1
185336,0,20.0,1
185364,0,20.0,1
185391,0,20.0,1
185422,0,20.0,1
185450,0,20.0,1
185477,0,20.0,1
185505,1,20.0,1
185532,0,20.0,1
185553,2,4.888888888888888,0
185583,0,20.0,1
185610,0,20.0,1
185637,0,20.0,1
185666,0,20.0,1
185693,0,20.0,1
185720,0,20.0,1
185747,0,20.0,1
185775,0,20.0,1
185803,0,20.0,1
185830,0,20.0,1
185857,0,20.0,1
185885,0,20.0,1
185912,0,20.0,1
185939,0,20.0,1
185966,0,20.0,1
185993,0,20.0,1
186021,0,20.0,1
186048,0,20.0,1
186075,0,20.0,1
186103,0,20.0,1
186131,0,20.0,1
186159,0,20.0,1
186186,0,20.0,1
186213,0,20.0,1
186241,0,20.0,1
186268,0,20.0,1
186296,0,20.0,1
186317,2,4.888888888888888,0
186344,0,20.0,1
186372,0,20.0,1
186400,1,20.0,1
186428,0,20.0,1
186455,0,20.0,1
186482,0,20.0,1
186510,0,20.0,1
186538,0,20.0,1
186565,0,20.0,1
186593,0,20.0,1
186620,0,20.0,1
186648,0,20.0,1
186678,1,20.0,1
186706,0,20.0,1
186733,0,20.0,1
186760,0,20.0,1
186788,0,20.0,1
186816,0,20.0,1
186843,0,20.0,1
186872,1,20.0,1
186902,0,20.0,1
186929,0,20.0,1
186957,0,20.0,1
186985,0,20.0,1
187012,0,20.0,1
187040,0,20.0,1
187067,0,20.0,1
187094,0,20.0,1
187123,0,20.0,1
187150,0,20.0,1
187179,0,20.0,1
187208,0,20.0,1
187235,0,20.0,1
187264,0,20.0,1
187291,0,20.0,1
187318,0,20.0,1
187346,0,20.0,1
187373,0,20.0,1
187400,0,20.0,1
187428,0,20.0,1
187455,0,20.0,1
187482,0,20.0,1
187509,0,20.0,1
187536,0,20.0,1
187564,0,20.0,1
187591,0,20.0,1
187618,0,20.0,1
187646,0,20.0,1
187675,0,20.0,1
187705,1,20.0,1
187733,0,20.0,1
187761,0,20.0,1
187789,0,20.0,1
187816,0,20.0,1
187843,0,20.0,1
187872,0,20.0,1
187899,0,20.0,1
187926,0,20.0,1
187953,0,20.0,1
187980,0,20.0,1
188009,0,20.0,1
188036,0,20.0,1
188063,0,20.0,1
188091,0,20.0,1
188120,1,20.0,1
188148,0,20.0,1
188175,0,20.0,1
188203,1,20.0,1
188232,0,20.0,1
188259,0,20.0,1
188287,0,20.0,1
188316,0,20.0,1
188343,0,20.0,1
188372,0,20.0,1
188399,0,20.0,1
188427,0,20.0,1
188455,0,20.0,1
188482,0,20.0,1
188510,0,20.0,1
188539,0,20.0,1
188566,0,20.0,1
188594,0,20.0,1
188616,2,5.166666666666666,0
188643,0,20.0,1
188671,0,20.0,1
188700,1,20.0,1
188727,0,20.0,1
188755,0,20.0,1
188784,0,20.0,1
188812,0,20.0,1
188842,0,20.0,1
188870,0,20.0,1
188898,0,20.0,1
188925,0,20.0,1
188955,0,20.0,1
188986,0,20.0,1
189014,0,20.0,1
189042,0,20.0,1
189069,0,20.0,1
189096,0,20.0,1
189125,0,20.0,1
189154,0,20.0,1
189182,0,20.0,1
189205,2,5.444444444444444,0
189232,0,20.0,1
189261,2,7.3888888888888875,0
189290,0,20.0,1
189320,0,20.0,1
189341,2,5.166666666666666,0
189370,0,20.0,1
189398,0,20.0,1
189431,0,20.0,1
189459,0,20.0,1
189489,0,20.0,1
189517,0,20.0,1
189545,0,20.0,1
189574,0,20.0,1
189602,0,20.0,1
189630,0,20.0,1
189659,0,20.0,1
189686,0,20.0,1
189714,0,20.0,1
189742,0,20.0,1
189770,0,20.0,1
189798,0,20.0,1
189825,0,20.0,1
189852,0,20.0,1
189881,0,20.0,1
189908,0,20.0,1
189936,0,20.0,1
189964,0,20.0,1
189991,0,20.0,1
190022,0,20.0,1
190049,0,20.0,1
190076,0,20.0,1
190105,0,20.0,1
190133,0,20.0,1
190161,0,20.0,1
190188,0,20.0,1
190216,0,20.0,1
190241,2,5.999999999999999,0
190269,0,20.0,1
190296,0,20.0,1
190324,0,20.0,1
190351,0,20.0,1
190378,0,20.0,1
190405,0,20.0,1
190432,0,20.0,1
190457,2,5.999999999999999,0
190485,0,20.0,1
190513,0,20.0,1
190542,0,20.0,1
190570,0,20.0,1
190597,0,20.0,1
190624,0,20.0,1
190652,0,20.0,1
190679,1,20.0,1
190706,0,20.0,1
190733,0,20.0,1
190761,0,20.0,1
190789,0,20.0,1
190817,0,20.0,1
190845,0,20.0,1
190872,0,20.0,1
190900,0,20.0,1
190928,0,20.0,1
190956,0,20.0,1
190984,0,20.0,1
191011,0,20.0,1
191038,0,20.0,1
191066,0,20.0,1
191093,0,20.0,1
191122,0,20.0,1
191150,0,20.0,1
191178,0,20.0,1
191206,0,20.0,1
191233,0,20.0,1
191260,0,20.0,1
191287,0,20.0,1
191314,0,20.0,1
191343,0,20.0,1
191371,0,20.0,1
191400,0,20.0,1
191428,0,20.0,1
191455,0,20.0,1
191483,0,20.0,1
191510,0,20.0,1
191538,1,20.0,1
191566,0,20.0,1
191593,0,20.0,1
191621,0,20.0,1
191649,0,20.0,1
191676,0,20.0,1
191705,0,20.0,1
191733,0,20.0,1
191760,0,20.0,1
191788,0,20.0,1
191816,0,20.0,1
191844,0,20.0,1
191871,0,20.0,1
191898,0,20.0,1
191925,0,20.0,1
191952,0,20.0,1
191979,0,20.0,1
192007,0,20.0,1
192035,0,20.0,1
192062,0,20.0,1
192091,0,20.0,1
192118,0,20.0,1
192146,0,20.0,1
192173,0,20.0,1
192201,0,20.0,1
192231,2,7.666666666666665,0
192259,0,20.0,1
192286,0,20.0,1
192315,0,20.0,1
192343,0,20.0,1
192372,0,20.0,1
192399,0,20.0,1
192426,0,20.0,1
192456,0,20.0,1
192483,0,20.0,1
192512,0,20.0,1
192541,0,20.0,1
192568,0,20.0,1
192598,0,20.0,1
192626,0,20.0,1
192653,0,20.0,1
192677,2,5.999999999999999,0
192705,0,20.0,1
192734,0,20.0,1
192765,0,20.0,1
192795,0,20.0,1
192823,0,20.0,1
192851,0,20.0,1
192879,0,20.0,1
192907,0,20.0,1
192934,0,20.0,1
192965,1,20.0,1
192994,0,20.0,1
193022,0,20.0,1
193050,0,20.0,1
193078,1,20.0,1
193106,0,20.0,1
193137,0,20.0,1
193164,0,20.0,1
193194,0,20.0,1
193223,0,20.0,1
193250,0,20.0,1
193279,0,20.0,1
193306,0,20.0,1
193335,0,20.0,1
193365,0,20.0,1
193392,0,20.0,1
193420,0,20.0,1
193442,2,5.166666666666666,0
193470,0,20.0,1
193497,0,20.0,1
193525,0,20.0,1
193554,0,20.0,1
193581,0,20.0,1
193608,0,20.0,1
193637,0,20.0,1
193665,0,20.0,1
193692,0,20.0,1
193721,0,20.0,1
193748,0,20.0,1
193776,0,20.0,1
193801,2,5.999999999999999,0
193828,0,20.0,1
193856,0,20.0,1
193885,0,20.0,1
193913,0,20.0,1
193941,0,20.0,1
193969,0,20.0,1
193998,0,20.0,1
194021,2,5.444444444444444,0
194049,0,20.0,1
194077,0,20.0,1
194107,0,20.0,1
194134,0,20.0,1
194163,0,20.0,1
194190,0,20.0,1
194217,0,20.0,1
194247,0,20.0,1
194274,0,20.0,1
194303,0,20.0,1
194331,0,20.0,1
194359,0,20.0,1
194387,0,20.0,1
194414,0,20.0,1
194441,0,20.0,1
194470,0,20.0,1
194498,0,20.0,1
194526,0,20.0,1
194555,0,20.0,1
194582,0,20.0,1
194609,0,20.0,1
194636,0,20.0,1
194663,0,20.0,1
194691,0,20.0,1
194720,0,20.0,1
194748,0,20.0,1
194775,0,20.0,1
194803,0,20.0,1
194831,0,20.0,1
194858,0,20.0,1
194886,0,20.0,1
194915,0,20.0,1
194942,0,20.0,1
194970,0,20.0,1
194999,0,20.0,1
195027,0,20.0,1
195054,0,20.0,1
195081,0,20.0,1
195108,0,20.0,1
195136,0,20.0,1
195163,0,20.0,1
195190,0,20.0,1
195219,0,20.0,1
195246,0,20.0,1
195275,0,20.0,1
195302,0,20.0,1
195329,0,20.0,1
195357,0,20.0,1
195385,0,20.0,1
195413,0,20.0,1
195441,0,20.0,1
195469,0,20.0,1
195496,0,20.0,1
195525,0,20.0,1
195552,0,20.0,1
195580,0,20.0,1
195607,0,20.0,1
195635,0,20.0,1
195663,0,20.0,1
195690,0,20.0,1
195718,0,20.0,1
195745,0,20.0,1
195772,0,20.0,1
195802,0,20.0,1
195829,0,20.0,1
195858,0,20.0,1
195885,0,20.0,1
195912,0,20.0,1
195940,0,20.0,1
195967,0,20.0,1
195994,0,20.0,1
196022,0,20.0,1
196049,0,20.0,1
196076,0,20.0,1
196104,0,20.0,1
196132,0,20.0,1
196160,0,20.0,1
196189,1,20.0,1
196216,0,20.0,1
196244,0,20.0,1
196269,2,6.5555555555555545,0
196296,0,20.0,1
196323,0,20.0,1
196350,0,20.0,1
196378,0,20.0,1
196407,0,20.0,1
196436,1,20.0,1
196464,0,20.0,1
196491,0,20.0,1
196520,0,20.0,1
196552,1,20.0,1
196580,0,20.0,1
196608,0,20.0,1
196637,0,20.0,1
196664,0,20.0,1
196692,0,20.0,1
196718,0,20.0,1
196746,0,20.0,1
196774,0,20.0,1
196802,0,20.0,1
196831,0,20.0,1
196859,0,20.0,1
196887,0,20.0,1
196916,0,20.0,1
196943,0,20.0,1
196971,0,20.0,1
196999,0,20.0,1
197028,0,20.0,1
197056,0,20.0,1
197084,0,20.0,1
197111,0,20.0,1
197140,0,20.0,1
197167,0,20.0,1
197195,0,20.0,1
197224,0,20.0,1
197251,0,20.0,1
197277,2,6.5555555555555545,0
197305,0,20.0,1
197333,0,20.0,1
197358,2,6.277777777777777,0
197386,0,20.0,1
197414,0,20.0,1
197443,0,20.0,1
197472,0,20.0,1
197501,0,20.0,1
197529,0,20.0,1
197557,0,20.0,1
197586,0,20.0,1
197614,0,20.0,1
197643,0,20.0,1
197672,0,20.0,1
197701,0,20.0,1
197729,0,20.0,1
197760,0,20.0,1
197789,0,20.0,1
197817,0,20.0,1
197846,0,20.0,1
197874,0,20.0,1
197907,1,20.0,1
197936,0,20.0,1
197964,0,20.0,1
197993,0,20.0,1
198025,0,20.0,1
198054,0,20.0,1
198082,0,20.0,1
198111,0,20.0,1
198140,0,20.0,1
198168,0,20.0,1
198196,0,20.0,1
198223,0,20.0,1
198251,0,20.0,1
198278,1,20.0,1
198305,0,20.0,1
198333,1,20.0,1
198362,0,20.0,1
198390,0,20.0,1
198417,0,20.0,1
198445,0,20.0,1
198473,0,20.0,1
198500,0,20.0,1
198528,0,20.0,1
198555,0,20.0,1
198583,0,20.0,1
198610,0,20.0,1
198639,0,20.0,1
198667,0,20.0,1
198695,0,20.0,1
198723,0,20.0,1
198751,0,20.0,1
198778,0,20.0,1
198806,0,20.0,1
198834,0,20.0,1
198862,0,20.0,1
198889,0,20.0,1
198917,0,20.0,1
198945,0,20.0,1
198972,0,20.0,1
199000,0,20.0,1
199027,0,20.0,1
199055,0,20.0,1
199084,0,20.0,1
199112,0,20.0,1
199139,0,20.0,1
199160,2,4.888888888888888,0
199189,0,20.0,1
199217,0,20.0,1
199240,2,5.722222222222221,0
199267,0,20.0,1
199294,0,20.0,1
199320,0,20.0,1
199349,0,20.0,1
199379,0,20.0,1
199407,0,20.0,1
199435,0,20.0,1
199464,0,20.0,1
199491,0,20.0,1
199520,0,20.0,1
199548,0,20.0,1
199577,0,20.0,1
199597,2,4.888888888888888,0
199625,0,20.0,1
199653,0,20.0,1
199681,0,20.0,1
199710,0,20.0,1
199739,0,20.0,1
199767,0,20.0,1
199795,0,20.0,1
199825,0,20.0,1
199852,0,20.0,1
199873,2,4.611111111111111,0
199896,2,5.444444444444444,0
199925,0,20.0,1
199953,0,20.0,1
199981,0,20.0,1
200010,0,20.0,1
200038,0,20.0,1
200066,0,20.0,1
200089,2,5.722222222222221,0
200112,2,5.444444444444444,0
200134,2,4.888888888888888,0
200162,0,20.0,1
200189,1,20.0,1
200217,0,20.0,1
200246,0,20.0,1
200273,0,20.0,1
200303,0,20.0,1
200331,0,20.0,1
200359,0,20.0,1
200387,0,20.0,1
200415,0,20.0,1
200443,0,20.0,1
200473,0,20.0,1
200500,0,20.0,1
200528,0,20.0,1
200557,0,20.0,1
200585,0,20.0,1
200612,0,20.0,1
200640,0,20.0,1
200672,1,20.0,1
200700,0,20.0,1
200728,0,20.0,1
200756,0,20.0,1
200789,1,20.0,1
200818,0,20.0,1
200846,0,20.0,1
200874,0,20.0,1
200903,0,20.0,1
200934,1,20.0,1
200962,0,20.0,1
200992,1,20.0,1
201021,0,20.0,1
201048,0,20.0,1
201076,0,20.0,1
201103,0,20.0,1
201131,0,20.0,1
201159,0,20.0,1
201187,0,20.0,1
201216,0,20.0,1
201245,0,20.0,1
201271,0,20.0,1
201301,0,20.0,1
201327,0,20.0,1
201354,0,20.0,1
201378,2,5.999999999999999,0
201406,1,20.0,1
201434,1,20.0,1
201461,0,20.0,1
201488,0,20.0,1
201515,0,20.0,1
201542,0,20.0,1
201569,0,20.0,1
201597,1,20.0,1
201624,0,20.0,1
201652,0,20.0,1
201679,0,20.0,1
201706,0,20.0,1
201734,0,20.0,1
201761,0,20.0,1
201788,0,20.0,1
201816,0,20.0,1
201843,0,20.0,1
201870,0,20.0,1
201897,0,20.0,1
201924,0,20.0,1
201956,2,8.222222222222221,0
201983,0,20.0,1
202010,0,20.0,1
202038,0,20.0,1
202065,0,20.0,1
202092,0,20.0,1
202121,0,20.0,1
202149,0,20.0,1
202177,0,20.0,1
202204,0,20.0,1
202232,0,20.0,1
202253,2,4.888888888888888,0
202280,0,20.0,1
202308,0,20.0,1
202329,2,4.888888888888888,0
202356,0,20.0,1
202383,0,20.0,1
202411,0,20.0,1
202438,0,20.0,1
202459,2,4.888888888888888,0
202486,0,20.0,1
202514,2,7.11111111111111,0
202544,0,20.0,1
202571,0,20.0,1
202598,0,20.0,1
202626,0,20.0,1
202654,0,20.0,1
202685,1,20.0,1
202712,0,20.0,1
202740,0,20.0,1
202761,2,4.888888888888888,0
202788,0,20.0,1
202815,0,20.0,1
202845,0,20.0,1
202874,0,20.0,1
202902,0,20.0,1
202930,0,20.0,1
202958,0,20.0,1
202986,0,20.0,1
203014,0,20.0,1
203043,0,20.0,1
203070,0,20.0,1
203098,0,20.0,1
203127,0,20.0,1
203154,0,20.0,1
203182,0,20.0,1
203212,0,20.0,1
203240,0,20.0,1
203269,0,20.0,1
203297,0,20.0,1
203324,0,20.0,1
203353,1,20.0,1
203380,0,20.0,1
203408,0,20.0,1
203437,0,20.0,1
203466,0,20.0,1
203493,0,20.0,1
203521,0,20.0,1
203549,0,20.0,1
203580,1,20.0,1
203608,0,20.0,1
203636,0,20.0,1
203664,0,20.0,1
203691,0,20.0,1
203720,0,20.0,1
203747,0,20.0,1
203774,0,20.0,1
203803,1,20.0,1
203830,0,20.0,1
203858,0,20.0,1
203886,0,20.0,1
203914,0,20.0,1
203941,0,20.0,1
203968,0,20.0,1
203995,0,20.0,1
204023,0,20.0,1
204050,0,20.0,1
204083,2,8.222222222222221,0
204111,0,20.0,1
204139,0,20.0,1
204166,0,20.0,1
204194,0,20.0,1
204221,0,20.0,1
204248,0,20.0,1
204276,0,20.0,1
204305,0,20.0,1
204335,0,20.0,1
204363,0,20.0,1
204390,0,20.0,1
204417,0,20.0,1
204445,0,20.0,1
204466,2,4.888888888888888,0
204493,0,20.0,1
204520,0,20.0,1
204541,2,4.888888888888888,0
204569,0,20.0,1
204596,0,20.0,1
204624,0,20.0,1
204652,0,20.0,1
204679,0,20.0,1
204706,0,20.0,1
204734,0,20.0,1
204762,0,20.0,1
204790,0,20.0,1
204819,1,20.0,1
204846,0,20.0,1
204875,0,20.0,1
204903,0,20.0,1
204930,0,20.0,1
204957,0,20.0,1
204981,2,5.722222222222221,0
205009,0,20.0,1
205037,0,20.0,1
205065,0,20.0,1
205092,0,20.0,1
205113,2,4.888888888888888,0
205141,0,20.0,1
205169,0,20.0,1
205197,0,20.0,1
205223,0,20.0,1
205250,0,20.0,1
205277,0,20.0,1
205304,0,20.0,1
205325,2,4.888888888888888,0
205352,0,20.0,1
205379,0,20.0,1
205406,0,20.0,1
205433,1,20.0,1
205461,0,20.0,1
205490,0,20.0,1
205517,0,20.0,1
205544,0,20.0,1
205571,0,20.0,1
205598,0,20.0,1
205625,0,20.0,1
205653,1,20.0,1
205681,0,20.0,1
205709,1,20.0,1
205736,0,20.0,1
205763,0,20.0,1
205791,0,20.0,1
205819,0,20.0,1
205840,2,4.888888888888888,0
205867,0,20.0,1
205895,0,20.0,1
205922,0,20.0,1
205950,0,20.0,1
205978,0,20.0,1
206005,0,20.0,1
206033,0,20.0,1
206062,0,20.0,1
206089,0,20.0,1
206118,0,20.0,1
206147,0,20.0,1
206175,0,20.0,1
206202,2,6.833333333333332,0
206229,0,20.0,1
206257,0,20.0,1
206285,0,20.0,1
206312,0,20.0,1
206341,0,20.0,1
206368,0,20.0,1
206396,0,20.0,1
206423,0,20.0,1
206451,0,20.0,1
206478,0,20.0,1
206508,0,20.0,1
206536,0,20.0,1
