_step,Agent/Lagrangian,Lag/mean_cost,Diag/tv_post_prior,Diag/tv_post_prior_max_agent,Diag/bv_signed,Diag/bv_abs,Diag/v_post,steps
40,,,0.9988372325897217,0.9996578097343445,0.012832168489694595,0.09578653424978256,1.169624924659729,459.25
50,5.0,,,,,,,465.5
51,,8.0,,,,,,466.125
57,5.0,,,,,,,469.875
58,,8.0,,,,,,470.5
68,5.0,,,,,,,476.75
69,,8.0,,,,,,477.375
84,5.0,,,,,,,486.75
85,,8.0,,,,,,487.375
89,,,0.9775668382644653,0.9866030812263489,0.0010189013555645943,0.010197137482464314,6.941190242767334,488.53846153846155
104,5.0,,,,,,,496.61538461538464
105,,8.0,,,,,,497.15384615384613
113,5.0,,,,,,,501.46153846153845
114,,8.0,,,,,,502.0
125,5.0,,,,,,,507.9230769230769
126,,8.0,,,,,,508.46153846153845
138,5.0,,,,,,,514.9230769230769
139,,8.0,,,,,,515.4615384615385
145,,,0.7806749939918518,0.8337294459342957,-0.33062484860420227,0.35486337542533875,4.613829612731934,517.9148936170212
155,5.0,,,,,,,524.2978723404256
156,,8.0,,,,,,524.936170212766
164,5.0,,,,,,,530.0425531914893
165,,8.0,,,,,,530.6808510638298
175,5.0,,,,,,,537.063829787234
176,,8.0,,,,,,537.7021276595744
187,5.0,,,,,,,544.7234042553191
188,,8.0,,,,,,545.3617021276596
195,,,0.6528682708740234,0.795208215713501,-0.16683757305145264,0.3193323612213135,6.757390022277832,547.8867924528302
206,5.0,,,,,,,553.0754716981132
207,,8.0,,,,,,553.5471698113207
223,5.0,,,,,,,561.0943396226415
224,,8.0,,,,,,561.566037735849
232,5.0,,,,,,,565.3396226415094
233,,8.0,,,,,,565.811320754717
242,5.0,,,,,,,570.0566037735849
243,,8.0,,,,,,570.5283018867924
249,,,0.6903483271598816,0.7794201970100403,-0.0031343798618763685,0.2921085059642792,8.439867973327637,572.8913043478261
252,,,0.6157102584838867,0.7142914533615112,-0.09995871037244797,0.2701949179172516,7.873163223266602,574.7826086956521
263,5.0,,,,,,,581.7173913043479
264,,8.0,,,,,,582.3478260869565
271,5.0,,,,,,,586.7608695652174
272,,8.0,,,,,,587.3913043478261
280,5.0,,,,,,,592.4347826086956
281,,8.0,,,,,,593.0652173913044
290,5.0,,,,,,,598.7391304347826
291,,8.0,,,,,,599.3695652173913
298,,,0.6007862091064453,0.6610912084579468,-0.20814749598503113,0.5283625721931458,5.9229512214660645,602.6666666666666
309,5.0,,,,,,,610.0
310,,8.0,,,,,,610.6666666666666
317,5.0,,,,,,,615.3333333333334
318,,8.0,,,,,,616.0
323,5.0,,,,,,,619.3333333333334
324,,8.0,,,,,,620.0
331,5.0,,,,,,,624.6666666666666
332,,8.0,,,,,,625.3333333333334
340,,,0.5556904077529907,0.59446781873703,-0.20110732316970825,0.4358745217323303,4.6591901779174805,629.5714285714286
347,5.0,,,,,,,634.5714285714286
348,,8.0,,,,,,635.2857142857143
358,5.0,,,,,,,642.4285714285714
359,,8.0,,,,,,643.1428571428571
368,5.0,,,,,,,649.5714285714286
369,,8.0,,,,,,650.2857142857143
375,5.0,,,,,,,654.5714285714286
376,,8.0,,,,,,655.2857142857143
380,,,0.5298454165458679,0.6177074909210205,-0.07419051229953766,0.2802020013332367,2.890775203704834,656.7674418604652
387,5.0,,,,,,,662.1395348837209
388,,8.0,,,,,,662.9069767441861
399,5.0,,,,,,,671.3488372093024
400,,8.0,,,,,,672.1162790697674
407,5.0,,,,,,,677.4883720930233
408,,8.0,,,,,,678.2558139534884
420,5.0,,,,,,,687.4651162790698
421,,8.0,,,,,,688.2325581395348
425,,,0.5373923182487488,0.5936568975448608,-0.03591979667544365,0.32686978578567505,1.3464199304580688,689.5957446808511
441,5.0,,,,,,,699.1276595744681
442,,8.0,,,,,,699.7234042553191
453,5.0,,,,,,,706.2765957446809
454,,8.0,,,,,,706.8723404255319
461,5.0,,,,,,,711.0425531914893
462,,8.0,,,,,,711.6382978723404
469,5.0,,,,,,,715.8085106382979
470,,8.0,,,,,,716.4042553191489
474,,,0.6022341847419739,0.6644392609596252,-0.0650939792394638,0.28420117497444153,3.744022846221924,717.6585365853658
475,,,0.5734148621559143,0.6373070478439331,-0.016138186678290367,0.3093675971031189,3.150038480758667,718.3170731707318
486,5.0,,,,,,,725.560975609756
487,,8.0,,,,,,726.219512195122
495,5.0,,,,,,,731.4878048780488
496,,8.0,,,,,,732.1463414634146
503,5.0,,,,,,,736.7560975609756
504,,8.0,,,,,,737.4146341463414
512,5.0,,,,,,,742.6829268292682
513,,8.0,,,,,,743.3414634146342
518,,,0.512475311756134,0.5651842355728149,-0.05826406925916672,0.22816720604896545,1.6808743476867676,750.4864864864865
526,5.0,,,,,,,776.4324324324324
527,,8.0,,,,,,779.6756756756756
532,5.0,,,,,,,795.8918918918919
533,,8.0,,,,,,799.1351351351351
541,5.0,,,,,,,825.081081081081
542,,8.0,,,,,,828.3243243243244
551,5.0,,,,,,,857.5135135135135
552,,8.0,,,,,,860.7567567567568
557,,,0.4316811263561249,0.49859729409217834,-0.014397013932466507,0.12907594442367554,2.7977635860443115,866.1960784313726
568,5.0,,,,,,,878.2745098039215
569,,8.0,,,,,,879.3725490196078
577,5.0,,,,,,,888.156862745098
578,,8.0,,,,,,889.2549019607843
588,5.0,,,,,,,900.2352941176471
589,,8.0,,,,,,901.3333333333334
604,5.0,,,,,,,917.8039215686274
605,,8.0,,,,,,918.9019607843137
611,,,0.4899086058139801,0.5678953528404236,0.016943130642175674,0.15633898973464966,2.6894724369049072,925.5
621,5.0,,,,,,,943.8333333333334
622,,8.0,,,,,,945.6666666666666
627,5.0,,,,,,,954.8333333333334
628,,8.0,,,,,,956.6666666666666
636,5.0,,,,,,,971.3333333333334
637,,8.0,,,,,,973.1666666666666
642,5.0,,,,,,,982.3333333333334
643,,8.0,,,,,,984.1666666666666
648,,,0.47407469153404236,0.5084556937217712,0.011893413960933685,0.15582288801670074,2.301429033279419,992.0
657,5.0,,,,,,,1019.0
658,,8.0,,,,,,1022.0
665,5.0,,,,,,,1043.0
666,,8.0,,,,,,1046.0
678,5.0,,,,,,,1082.0
679,,8.0,,,,,,1085.0
684,5.0,,,,,,,1100.0
685,,8.0,,,,,,1103.0
690,,,0.520821750164032,0.5553691983222961,0.006427715066820383,0.1604621261358261,1.2519018650054932,1112.4864864864865
693,,,0.4213428199291229,0.49319133162498474,0.06988433748483658,0.13190732896327972,0.767716109752655,1122.2162162162163
699,5.0,,,,,,,1141.6756756756756
700,,8.0,,,,,,1144.918918918919
706,5.0,,,,,,,1164.3783783783783
707,,8.0,,,,,,1167.6216216216217
714,5.0,,,,,,,1190.3243243243244
715,,8.0,,,,,,1193.5675675675675
723,5.0,,,,,,,1219.5135135135135
724,,8.0,,,,,,1222.7567567567567
731,,,0.5150372982025146,0.58467036485672,-0.02496022917330265,0.14283262193202972,-0.9982132315635681,1237.1627906976744
742,5.0,,,,,,,1267.860465116279
743,,8.0,,,,,,1270.6511627906978
753,5.0,,,,,,,1298.5581395348838
754,,8.0,,,,,,1301.3488372093022
761,5.0,,,,,,,1320.8837209302326
762,,8.0,,,,,,1323.6744186046512
768,5.0,,,,,,,1340.4186046511627
769,,8.0,,,,,,1343.2093023255813
776,,,0.5686187744140625,0.6376102566719055,-0.005402691662311554,0.19958168268203735,-0.7356719374656677,1359.3333333333333
784,5.0,,,,,,,1386.0
785,,8.0,,,,,,1389.3333333333333
791,5.0,,,,,,,1409.3333333333333
792,,8.0,,,,,,1412.6666666666667
798,5.0,,,,,,,1432.6666666666667
799,,8.0,,,,,,1436.0
806,5.0,,,,,,,1459.3333333333333
807,,8.0,,,,,,1462.6666666666667
813,,,0.5233258605003357,0.5813810229301453,0.04355790093541145,0.16369956731796265,-0.2752513587474823,1467.5283018867924
824,5.0,,,,,,,1473.132075471698
825,,8.0,,,,,,1473.6415094339623
836,5.0,,,,,,,1479.245283018868
837,,8.0,,,,,,1479.754716981132
846,5.0,,,,,,,1484.3396226415093
847,,8.0,,,,,,1484.8490566037735
861,5.0,,,,,,,1491.9811320754718
862,,8.0,,,,,,1492.4905660377358
867,,,0.5985672473907471,0.6472333669662476,0.06735555827617645,0.2257971465587616,1.7888973951339722,1498.3714285714286
877,5.0,,,,,,,1525.2285714285715
878,,8.0,,,,,,1527.9142857142856
886,5.0,,,,,,,1549.4
887,,8.0,,,,,,1552.0857142857142
894,5.0,,,,,,,1570.8857142857144
895,,8.0,,,,,,1573.5714285714287
898,5.0,,,,,,,1581.6285714285714
899,,8.0,,,,,,1584.3142857142857
905,,,0.5359420776367188,0.5905076861381531,0.05093168839812279,0.18878306448459625,-0.22552050650119781,1594.3469387755101
911,,,0.5444297790527344,0.6141570806503296,0.017690949141979218,0.19956359267234802,-0.015690410509705544,1609.0408163265306
916,5.0,,,,,,,1621.2857142857142
917,,8.0,,,,,,1623.734693877551
923,5.0,,,,,,,1638.4285714285713
924,,8.0,,,,,,1640.8775510204082
934,5.0,,,,,,,1665.3673469387754
935,,8.0,,,,,,1667.8163265306123
949,5.0,,,,,,,1702.1020408163265
950,,8.0,,,,,,1704.5510204081634
959,,,0.5248835682868958,0.631102442741394,0.008759964257478714,0.1812269389629364,-0.6099312901496887,1720.090909090909
969,5.0,,,,,,,1741.909090909091
970,,8.0,,,,,,1744.090909090909
981,5.0,,,,,,,1768.090909090909
982,,8.0,,,,,,1770.2727272727273
992,5.0,,,,,,,1792.090909090909
993,,8.0,,,,,,1794.2727272727273
1006,5.0,,,,,,,1822.6363636363635
1007,,8.0,,,,,,1824.8181818181818
1013,,,0.5583614110946655,0.6562074422836304,0.0571717731654644,0.15735690295696259,-0.7547821998596191,1835.780487804878
1021,5.0,,,,,,,1859.1951219512196
1022,,8.0,,,,,,1862.121951219512
1029,5.0,,,,,,,1882.6097560975609
1030,,8.0,,,,,,1885.5365853658536
1039,5.0,,,,,,,1911.878048780488
1040,,8.0,,,,,,1914.8048780487804
1049,5.0,,,,,,,1941.1463414634147
1050,,8.0,,,,,,1944.0731707317073
1056,,,0.5833896398544312,0.6413649916648865,0.08606892824172974,0.19383391737937927,-0.37025904655456543,1958.25
1062,5.0,,,,,,,1980.75
1063,,8.0,,,,,,1984.5
1071,5.0,,,,,,,2014.5
1072,,8.0,,,,,,2018.25
1076,5.0,,,,,,,2033.25
1077,,8.0,,,,,,2037.0
1083,5.0,,,,,,,2059.5
1084,,8.0,,,,,,2063.25
1090,,,0.6587535738945007,0.7167560458183289,0.012891820631921291,0.23560529947280884,0.30753692984580994,2071.866666666667
1101,5.0,,,,,,,2089.711111111111
1102,,8.0,,,,,,2091.3333333333335
1111,5.0,,,,,,,2105.9333333333334
1112,,8.0,,,,,,2107.5555555555557
1119,5.0,,,,,,,2118.911111111111
1120,,8.0,,,,,,2120.5333333333333
1130,5.0,,,,,,,2136.7555555555555
1131,,8.0,,,,,,2138.3777777777777
1136,,,0.6312301158905029,0.726182758808136,0.04010210558772087,0.1594994068145752,-1.407042145729065,2146.0
1140,,,0.6147498488426208,0.7440469264984131,0.07182693481445312,0.16850988566875458,-1.2369340658187866,2158.0
1149,5.0,,,,,,,2185.0
1150,,8.0,,,,,,2188.0
1154,5.0,,,,,,,2200.0
1155,,8.0,,,,,,2203.0
1163,5.0,,,,,,,2227.0
1164,,8.0,,,,,,2230.0
1172,5.0,,,,,,,2254.0
1173,,8.0,,,,,,2257.0
1179,,,0.6367326974868774,0.6973478198051453,0.047995228320360184,0.17952720820903778,-0.9903342127799988,2269.230769230769
1184,5.0,,,,,,,2284.6153846153848
1185,,8.0,,,,,,2287.6923076923076
1196,5.0,,,,,,,2321.5384615384614
1197,,8.0,,,,,,2324.6153846153848
1205,5.0,,,,,,,2349.230769230769
1206,,8.0,,,,,,2352.3076923076924
1213,5.0,,,,,,,2373.846153846154
1214,,8.0,,,,,,2376.923076923077
1219,,,0.6012260913848877,0.7227559685707092,0.037198688834905624,0.12498708814382553,-1.1679452657699585,2386.6666666666665
1228,5.0,,,,,,,2416.6666666666665
1229,,8.0,,,,,,2420.0
1236,5.0,,,,,,,2443.3333333333335
1237,,8.0,,,,,,2446.6666666666665
1244,5.0,,,,,,,2470.0
1245,,8.0,,,,,,2473.3333333333335
1251,5.0,,,,,,,2493.3333333333335
1252,,8.0,,,,,,2496.6666666666665
1259,,,0.6679148077964783,0.7172243595123291,0.03338241949677467,0.13080017268657684,-1.5292057991027832,2509.4736842105262
1265,5.0,,,,,,,2523.684210526316
1266,,8.0,,,,,,2526.0526315789475
1276,5.0,,,,,,,2549.7368421052633
1277,,8.0,,,,,,2552.1052631578946
1283,5.0,,,,,,,2566.315789473684
1284,,8.0,,,,,,2568.684210526316
1291,5.0,,,,,,,2585.2631578947367
1292,,8.0,,,,,,2587.6315789473683
1297,,,0.677537202835083,0.7994754910469055,0.05779378116130829,0.16815818846225739,-1.1308432817459106,2596.4864864864867
1302,5.0,,,,,,,2612.7027027027025
1303,,8.0,,,,,,2615.945945945946
1312,5.0,,,,,,,2645.135135135135
1313,,8.0,,,,,,2648.3783783783783
1322,5.0,,,,,,,2677.5675675675675
1323,,8.0,,,,,,2680.810810810811
1330,5.0,,,,,,,2703.5135135135133
1331,,8.0,,,,,,2706.7567567567567
1335,,,0.6280341744422913,0.6815325617790222,0.03238736093044281,0.13982029259204865,-1.303460717201233,2712.6666666666665
1336,,,0.6576690673828125,0.7370696067810059,0.03627444803714752,0.12298250198364258,-1.5569571256637573,2715.3333333333335
1344,5.0,,,,,,,2736.6666666666665
1345,,8.0,,,,,,2739.3333333333335
1352,5.0,,,,,,,2758.0
1353,,8.0,,,,,,2760.6666666666665
1367,5.0,,,,,,,2798.0
1368,,8.0,,,,,,2800.6666666666665
1377,5.0,,,,,,,2824.6666666666665
1378,,8.0,,,,,,2827.3333333333335
1383,,,0.5996582508087158,0.6364083886146545,0.06417780369520187,0.13235265016555786,-1.3603428602218628,2832.4615384615386
1392,5.0,,,,,,,2843.5384615384614
1393,,8.0,,,,,,2844.769230769231
1398,5.0,,,,,,,2850.923076923077
1399,,8.0,,,,,,2852.153846153846
1411,5.0,,,,,,,2866.923076923077
1412,,8.0,,,,,,2868.153846153846
1418,5.0,,,,,,,2875.5384615384614
1419,,8.0,,,,,,2876.769230769231
1425,,,0.6232761144638062,0.7191677093505859,0.04168161749839783,0.11696498095989227,-1.861987829208374,2886.0
1436,5.0,,,,,,,2915.3333333333335
1437,,8.0,,,,,,2918.0
1448,5.0,,,,,,,2947.3333333333335
1449,,8.0,,,,,,2950.0
1458,5.0,,,,,,,2974.0
1459,,8.0,,,,,,2976.6666666666665
1465,5.0,,,,,,,2992.6666666666665
1466,,8.0,,,,,,2995.3333333333335
1470,,,0.6363158226013184,0.702232837677002,0.032118044793605804,0.11109086126089096,-1.1093885898590088,3000.8571428571427
1480,5.0,,,,,,,3029.4285714285716
1481,,8.0,,,,,,3032.285714285714
1489,5.0,,,,,,,3055.1428571428573
1490,,8.0,,,,,,3058.0
1498,5.0,,,,,,,3080.8571428571427
1499,,8.0,,,,,,3083.714285714286
1509,5.0,,,,,,,3112.285714285714
1510,,8.0,,,,,,3115.1428571428573
1514,,,0.668256938457489,0.7260856032371521,0.03864745423197746,0.09274116903543472,-1.5500383377075195,3119.5510204081634
1528,5.0,,,,,,,3141.265306122449
1529,,8.0,,,,,,3142.816326530612
1536,5.0,,,,,,,3153.673469387755
1537,,8.0,,,,,,3155.2244897959185
1552,5.0,,,,,,,3178.4897959183672
1553,,8.0,,,,,,3180.0408163265306
1560,5.0,,,,,,,3190.8979591836733
1561,,8.0,,,,,,3192.4489795918366
1565,,,0.6557520627975464,0.7442497611045837,0.07306701689958572,0.19689862430095673,-1.1023271083831787,3196.3529411764707
1570,,,0.5931426882743835,0.6350967288017273,0.009691798128187656,0.1364915519952774,-1.511331558227539,3208.1176470588234
1579,5.0,,,,,,,3229.294117647059
1580,,8.0,,,,,,3231.6470588235293
1592,5.0,,,,,,,3259.8823529411766
1593,,8.0,,,,,,3262.235294117647
1600,5.0,,,,,,,3278.705882352941
1601,,8.0,,,,,,3281.0588235294117
1613,5.0,,,,,,,3309.294117647059
1614,,8.0,,,,,,3311.6470588235293
1622,,,0.6545535326004028,0.7113796472549438,0.03931096941232681,0.1536264568567276,-1.389724850654602,3326.7659574468084
1631,5.0,,,,,,,3349.744680851064
1632,,8.0,,,,,,3352.2978723404253
1642,5.0,,,,,,,3377.8297872340427
1643,,8.0,,,,,,3380.3829787234044
1651,5.0,,,,,,,3400.808510638298
1652,,8.0,,,,,,3403.3617021276596
1662,5.0,,,,,,,3428.8936170212764
1663,,8.0,,,,,,3431.446808510638
1672,,,0.6172388195991516,0.6532243490219116,0.013274767436087132,0.10134445130825043,-0.6725220084190369,3439.720930232558
1680,5.0,,,,,,,3447.3488372093025
1681,,8.0,,,,,,3448.3023255813955
1693,5.0,,,,,,,3459.7441860465115
1694,,8.0,,,,,,3460.6976744186045
1698,5.0,,,,,,,3464.5116279069766
1699,,8.0,,,,,,3465.4651162790697
1707,5.0,,,,,,,3473.093023255814
1708,,8.0,,,,,,3474.046511627907
1713,,,0.661666989326477,0.7664506435394287,-0.00462773721665144,0.07780119776725769,-0.1778496503829956,3480.5813953488373
1725,5.0,,,,,,,3514.0697674418607
1726,,8.0,,,,,,3516.860465116279
1733,5.0,,,,,,,3536.3953488372094
1734,,8.0,,,,,,3539.186046511628
1743,5.0,,,,,,,3564.3023255813955
1744,,8.0,,,,,,3567.093023255814
1752,5.0,,,,,,,3589.4186046511627
1753,,8.0,,,,,,3592.2093023255816
1760,,,0.7490520477294922,0.8068917989730835,0.003390190191566944,0.10990507155656815,-0.09730026870965958,3605.909090909091
1772,5.0,,,,,,,3638.6363636363635
1773,,8.0,,,,,,3641.3636363636365
1780,5.0,,,,,,,3660.4545454545455
1781,,8.0,,,,,,3663.181818181818
1791,5.0,,,,,,,3690.4545454545455
1792,,8.0,,,,,,3693.181818181818
1798,5.0,,,,,,,3709.5454545454545
1799,,8.0,,,,,,3712.2727272727275
1804,,,0.647300660610199,0.7246749997138977,0.04841011390089989,0.13488838076591492,-0.11707223206758499,3719.3636363636365
1810,,,0.6722086071968079,0.7223867774009705,0.014828192070126534,0.09095790237188339,-0.5915409326553345,3732.4545454545455
1822,5.0,,,,,,,3758.6363636363635
1823,,8.0,,,,,,3760.818181818182
1832,5.0,,,,,,,3780.4545454545455
1833,,8.0,,,,,,3782.6363636363635
1840,5.0,,,,,,,3797.909090909091
1841,,8.0,,,,,,3800.090909090909
1855,5.0,,,,,,,3830.6363636363635
1856,,8.0,,,,,,3832.818181818182
1863,,,0.6450592875480652,0.6950327754020691,0.0036449385806918144,0.09860917925834656,-0.01653171516954899,3845.0
1872,5.0,,,,,,,3867.5
1873,,8.0,,,,,,3870.0
1884,5.0,,,,,,,3897.5
1885,,8.0,,,,,,3900.0
1899,5.0,,,,,,,3935.0
1900,,8.0,,,,,,3937.5
1905,5.0,,,,,,,3950.0
1906,,8.0,,,,,,3952.5
1913,,,0.6834278702735901,0.7296115756034851,0.018253667280077934,0.11002122610807419,0.7974677681922913,3963.8888888888887
1921,5.0,,,,,,,3981.6666666666665
1922,,8.0,,,,,,3983.8888888888887
1935,5.0,,,,,,,4012.777777777778
1936,,8.0,,,,,,4015.0
1949,5.0,,,,,,,4043.8888888888887
1950,,8.0,,,,,,4046.1111111111113
1961,5.0,,,,,,,4070.5555555555557
1962,,8.0,,,,,,4072.777777777778
1967,,,0.6504530310630798,0.7368123531341553,0.03135310485959053,0.10180211812257767,0.5685978531837463,4080.714285714286
1977,5.0,,,,,,,4109.285714285715
1978,,8.0,,,,,,4112.142857142857
1988,5.0,,,,,,,4140.714285714285
1989,,8.0,,,,,,4143.571428571428
1998,5.0,,,,,,,4169.285714285715
1999,,8.0,,,,,,4172.142857142857
2005,5.0,,,,,,,4189.285714285715
2006,,8.0,,,,,,4192.142857142857
2012,,,0.6125483512878418,0.6883208751678467,0.012360912747681141,0.10173215717077255,0.15946996212005615,4202.659574468085
2024,5.0,,,,,,,4233.297872340426
2025,,8.0,,,,,,4235.851063829788
2032,5.0,,,,,,,4253.723404255319
2033,,8.0,,,,,,4256.276595744681
2044,5.0,,,,,,,4284.36170212766
2045,,8.0,,,,,,4286.914893617021
2054,5.0,,,,,,,4309.893617021276
2055,,8.0,,,,,,4312.446808510638
2060,,,0.7227091789245605,0.755203127861023,0.006778949871659279,0.07876571267843246,0.23908011615276337,4320.217391304348
2063,,,0.6145341396331787,0.6783326268196106,0.011655271053314209,0.09241242706775665,0.6346727609634399,4328.04347826087
2072,5.0,,,,,,,4351.521739130435
2073,,8.0,,,,,,4354.130434782609
2082,5.0,,,,,,,4377.608695652174
2083,,8.0,,,,,,4380.217391304348
2090,5.0,,,,,,,4398.478260869565
2091,,8.0,,,,,,4401.086956521739
2102,5.0,,,,,,,4429.782608695652
2103,,8.0,,,,,,4432.391304347826
2107,,,0.6878004670143127,0.7371750473976135,0.0016754830721765757,0.12437408417463303,0.495358407497406,4438.1578947368425
2116,5.0,,,,,,,4466.578947368421
2117,,8.0,,,,,,4469.736842105263
2123,5.0,,,,,,,4488.684210526316
2124,,8.0,,,,,,4491.8421052631575
2134,5.0,,,,,,,4523.421052631579
2135,,8.0,,,,,,4526.578947368421
2142,5.0,,,,,,,4548.684210526316
2143,,8.0,,,,,,4551.8421052631575
2148,,,0.6747910976409912,0.7396669387817383,0.00789042841643095,0.09015892446041107,0.13966692984104156,4560.454545454545
2160,5.0,,,,,,,4593.181818181818
2161,,8.0,,,,,,4595.909090909091
2168,5.0,,,,,,,4615.0
2169,,8.0,,,,,,4617.727272727273
2178,5.0,,,,,,,4642.272727272727
2179,,8.0,,,,,,4645.0
2188,5.0,,,,,,,4669.545454545455
2189,,8.0,,,,,,4672.272727272727
2193,,,0.7665718197822571,0.8190826177597046,-0.001942802919074893,0.06563567370176315,-0.6002092957496643,4677.35294117647
2207,5.0,,,,,,,4710.294117647059
2208,,8.0,,,,,,4712.64705882353
2216,5.0,,,,,,,4731.470588235294
2217,,8.0,,,,,,4733.823529411765
2231,5.0,,,,,,,4766.764705882353
2232,,8.0,,,,,,4769.117647058823
2241,5.0,,,,,,,4790.294117647059
2242,,8.0,,,,,,4792.64705882353
2246,,,0.6903937458992004,0.72551429271698,0.008520827628672123,0.07950631529092789,-0.5843604803085327,4797.4
2258,5.0,,,,,,,4826.2
2259,,8.0,,,,,,4828.6
2272,5.0,,,,,,,4859.8
2273,,8.0,,,,,,4862.2
2281,5.0,,,,,,,4881.4
2282,,8.0,,,,,,4883.8
2293,5.0,,,,,,,4910.2
2294,,8.0,,,,,,4912.6
2301,,,0.6572207808494568,0.683433473110199,0.011820291168987751,0.07608824223279953,-0.336244136095047,4925.0
2306,,,0.7240776419639587,0.7641016840934753,0.009743975475430489,0.08869783580303192,-0.2143186628818512,4937.5
2314,5.0,,,,,,,4957.5
2315,,8.0,,,,,,4960.0
2325,5.0,,,,,,,4985.0
2326,,8.0,,,,,,4987.5
2336,5.0,,,,,,,5012.5
2337,,8.0,,,,,,5015.0
2343,5.0,,,,,,,5030.0
2344,,8.0,,,,,,5032.5
2352,,,0.7476592659950256,0.8082662224769592,0.018064366653561592,0.09129597991704941,-0.7637290358543396,5048.333333333333
2364,5.0,,,,,,,5080.333333333333
2365,,8.0,,,,,,5083.0
2371,5.0,,,,,,,5099.0
2372,,8.0,,,,,,5101.666666666667
2380,5.0,,,,,,,5123.0
2381,,8.0,,,,,,5125.666666666667
2390,5.0,,,,,,,5149.666666666667
2391,,8.0,,,,,,5152.333333333333
2395,,,0.6689519286155701,0.7224611043930054,0.024884387850761414,0.09019389748573303,-0.517966628074646,5157.448979591837
2409,5.0,,,,,,,5191.734693877551
2410,,8.0,,,,,,5194.183673469388
2418,5.0,,,,,,,5213.775510204082
2419,,8.0,,,,,,5216.224489795918
2431,5.0,,,,,,,5245.6122448979595
2432,,8.0,,,,,,5248.061224489796
2441,5.0,,,,,,,5270.102040816327
2442,,8.0,,,,,,5272.551020408163
2447,,,0.7274378538131714,0.7862403988838196,0.016301915049552917,0.06822074949741364,-0.0948721244931221,5281.486486486487
2456,5.0,,,,,,,5310.675675675676
2457,,8.0,,,,,,5313.918918918919
2467,5.0,,,,,,,5346.351351351352
2468,,8.0,,,,,,5349.594594594595
2473,5.0,,,,,,,5365.810810810811
2474,,8.0,,,,,,5369.054054054054
2480,5.0,,,,,,,5388.513513513513
2481,,8.0,,,,,,5391.756756756757
2486,,,0.7279734015464783,0.8149722814559937,0.013481439091265202,0.07175774872303009,-0.6973204016685486,5399.8
2503,5.0,,,,,,,5440.6
2504,,8.0,,,,,,5443.0
2513,5.0,,,,,,,5464.6
2514,,8.0,,,,,,5467.0
2526,5.0,,,,,,,5495.8
2527,,8.0,,,,,,5498.2
2532,5.0,,,,,,,5510.2
2533,,8.0,,,,,,5512.6
2540,,,0.7415397763252258,0.7737260460853577,0.0054045566357672215,0.06270340830087662,-0.43515336513519287,5526.707317073171
2544,,,0.6979096531867981,0.741769552230835,0.01319559384137392,0.06250561773777008,-0.3795953094959259,5538.414634146341
2551,5.0,,,,,,,5558.90243902439
2552,,8.0,,,,,,5561.829268292683
2559,5.0,,,,,,,5582.317073170731
2560,,8.0,,,,,,5585.243902439024
2567,5.0,,,,,,,5605.731707317073
2568,,8.0,,,,,,5608.658536585366
2575,5.0,,,,,,,5629.1463414634145
2576,,8.0,,,,,,5632.073170731707
2581,,,0.6953638792037964,0.7303867936134338,0.014029302634298801,0.09508699923753738,-0.21610230207443237,5640.454545454545
2589,5.0,,,,,,,5662.272727272727
2590,,8.0,,,,,,5665.0
2598,5.0,,,,,,,5686.818181818182
2599,,8.0,,,,,,5689.545454545455
2609,5.0,,,,,,,5716.818181818182
2610,,8.0,,,,,,5719.545454545455
2621,5.0,,,,,,,5749.545454545455
2622,,8.0,,,,,,5752.272727272727
2627,,,0.7470979690551758,0.7831218242645264,0.007243466097861528,0.049271054565906525,-0.603215754032135,5759.615384615385
2643,5.0,,,,,,,5796.538461538462
2644,,8.0,,,,,,5798.846153846154
2655,5.0,,,,,,,5824.2307692307695
2656,,8.0,,,,,,5826.538461538462
2665,5.0,,,,,,,5847.307692307692
2666,,8.0,,,,,,5849.615384615385
2675,5.0,,,,,,,5870.384615384615
2676,,8.0,,,,,,5872.692307692308
2681,,,0.676702618598938,0.7145770192146301,0.01609461009502411,0.060405563563108444,-0.6134860515594482,5880.217391304348
2695,5.0,,,,,,,5916.739130434783
2696,,8.0,,,,,,5919.347826086957
2707,5.0,,,,,,,5948.04347826087
2708,,8.0,,,,,,5950.652173913043
2715,5.0,,,,,,,5968.913043478261
2716,,8.0,,,,,,5971.521739130435
2723,5.0,,,,,,,5989.782608695652
2724,,8.0,,,,,,5992.391304347826
2728,,,0.6601122617721558,0.7252936959266663,0.013329052366316319,0.06571711599826813,-0.4859394431114197,5997.857142857143
2738,5.0,,,,,,,6026.428571428572
2739,,8.0,,,,,,6029.285714285715
2745,5.0,,,,,,,6046.428571428572
2746,,8.0,,,,,,6049.285714285715
2756,5.0,,,,,,,6077.857142857143
2757,,8.0,,,,,,6080.714285714285
2767,5.0,,,,,,,6109.285714285715
2768,,8.0,,,,,,6112.142857142857
2772,,,0.6867184638977051,0.7748016715049744,0.014744527637958527,0.07009496539831161,-0.023989178240299225,6117.790697674419
2773,,,0.7073395848274231,0.7258695960044861,0.008763733319938183,0.06107597425580025,-0.2167033702135086,6120.581395348837
2783,5.0,,,,,,,6148.488372093023
2784,,8.0,,,,,,6151.279069767442
2790,5.0,,,,,,,6168.023255813953
2791,,8.0,,,,,,6170.813953488372
2802,5.0,,,,,,,6201.511627906977
2803,,8.0,,,,,,6204.302325581395
2812,5.0,,,,,,,6229.418604651163
2813,,8.0,,,,,,6232.209302325581
2818,,,0.6916401982307434,0.7266355752944946,0.017797907814383507,0.08650798350572586,0.43930017948150635,6240.581395348837
2828,5.0,,,,,,,6268.488372093023
2829,,8.0,,,,,,6271.279069767442
2834,5.0,,,,,,,6285.232558139535
2835,,8.0,,,,,,6288.023255813953
2847,5.0,,,,,,,6321.511627906977
2848,,8.0,,,,,,6324.302325581395
2857,5.0,,,,,,,6349.418604651163
2858,,8.0,,,,,,6352.209302325581
2866,,,0.6926260590553284,0.728234589099884,0.005609920714050531,0.0628095418214798,-0.19312824308872223,6369.285714285715
2875,5.0,,,,,,,6395.0
2876,,8.0,,,,,,6397.857142857143
2884,5.0,,,,,,,6420.714285714285
2885,,8.0,,,,,,6423.571428571428
2891,5.0,,,,,,,6440.714285714285
2892,,8.0,,,,,,6443.571428571428
2901,5.0,,,,,,,6469.285714285715
2902,,8.0,,,,,,6472.142857142857
2908,,,0.7766455411911011,0.8133377432823181,0.011365829035639763,0.08146205544471741,0.42542609572410583,6482.34693877551
2916,5.0,,,,,,,6501.938775510204
2917,,8.0,,,,,,6504.3877551020405
2927,5.0,,,,,,,6528.877551020408
2928,,8.0,,,,,,6531.326530612245
2938,5.0,,,,,,,6555.816326530612
2939,,8.0,,,,,,6558.265306122449
2952,5.0,,,,,,,6590.102040816327
2953,,8.0,,,,,,6592.551020408163
2957,,,0.6687778830528259,0.7354642152786255,0.018405430018901825,0.09030134230852127,0.20120397210121155,6597.553191489362
2976,5.0,,,,,,,6646.063829787234
2977,,8.0,,,,,,6648.617021276596
2982,5.0,,,,,,,6661.382978723404
2983,,8.0,,,,,,6663.936170212766
2993,5.0,,,,,,,6689.468085106383
2994,,8.0,,,,,,6692.021276595745
3001,5.0,,,,,,,6709.893617021276
3002,,8.0,,,,,,6712.446808510638
3006,,,0.7613698840141296,0.7983561754226685,0.027640778571367264,0.0721416100859642,0.046411074697971344,6717.926829268293
3010,,,0.6737356185913086,0.7726646661758423,0.01732565462589264,0.05398291349411011,-0.16952954232692719,6729.634146341464
3019,5.0,,,,,,,6755.975609756098
3020,,8.0,,,,,,6758.90243902439
3026,5.0,,,,,,,6776.463414634146
3027,,8.0,,,,,,6779.390243902439
3037,5.0,,,,,,,6808.658536585366
3038,,8.0,,,,,,6811.585365853659
3044,5.0,,,,,,,6829.1463414634145
3045,,8.0,,,,,,6832.073170731707
3050,,,0.6888192296028137,0.7578796744346619,0.010028424672782421,0.06709937006235123,-0.2272861897945404,6841.0
3058,5.0,,,,,,,6865.0
3059,,8.0,,,,,,6868.0
3066,5.0,,,,,,,6889.0
3067,,8.0,,,,,,6892.0
3075,5.0,,,,,,,6916.0
3076,,8.0,,,,,,6919.0
3086,5.0,,,,,,,6949.0
3087,,8.0,,,,,,6952.0
3092,,,0.7552739381790161,0.7897152304649353,0.00702810101211071,0.04671552777290344,0.029823357239365578,6961.315789473684
3099,5.0,,,,,,,6983.421052631579
3100,,8.0,,,,,,6986.578947368421
3105,5.0,,,,,,,7002.368421052632
3106,,8.0,,,,,,7005.526315789473
3114,5.0,,,,,,,7030.789473684211
3115,,8.0,,,,,,7033.9473684210525
3126,5.0,,,,,,,7068.684210526316
3127,,8.0,,,,,,7071.8421052631575
3133,,,0.7420742511749268,0.7606340050697327,0.020604871213436127,0.057230960577726364,0.4590803384780884,7083.0
3145,5.0,,,,,,,7115.0
3146,,8.0,,,,,,7117.666666666667
3154,5.0,,,,,,,7139.0
3155,,8.0,,,,,,7141.666666666667
3165,5.0,,,,,,,7168.333333333333
3166,,8.0,,,,,,7171.0
3173,5.0,,,,,,,7189.666666666667
3174,,8.0,,,,,,7192.333333333333
3180,,,0.7564274668693542,0.797097384929657,0.01654657907783985,0.05213641747832298,0.21829387545585632,7203.780487804878
3191,5.0,,,,,,,7235.975609756098
3192,,8.0,,,,,,7238.90243902439
3197,5.0,,,,,,,7253.536585365854
3198,,8.0,,,,,,7256.463414634146
3205,5.0,,,,,,,7276.951219512195
3206,,8.0,,,,,,7279.878048780488
3216,5.0,,,,,,,7309.1463414634145
3217,,8.0,,,,,,7312.073170731707
3222,,,0.7120792269706726,0.749514639377594,0.0024919756688177586,0.06486064940690994,0.010220497846603394,7320.333333333333
3226,,,0.7597646713256836,0.8176425099372864,0.007446541450917721,0.06279872357845306,-0.039637383073568344,7331.0
3235,5.0,,,,,,,7355.0
3236,,8.0,,,,,,7357.666666666667
3242,5.0,,,,,,,7373.666666666667
3243,,8.0,,,,,,7376.333333333333
3252,5.0,,,,,,,7400.333333333333
3253,,8.0,,,,,,7403.0
3263,5.0,,,,,,,7429.666666666667
3264,,8.0,,,,,,7432.333333333333
3270,,,0.7536647915840149,0.8243869543075562,0.014551696367561817,0.058228496462106705,0.03829916566610336,7443.0
3280,5.0,,,,,,,7469.666666666667
3281,,8.0,,,,,,7472.333333333333
3292,5.0,,,,,,,7501.666666666667
3293,,8.0,,,,,,7504.333333333333
3299,5.0,,,,,,,7520.333333333333
3300,,8.0,,,,,,7523.0
3310,5.0,,,,,,,7549.666666666667
3311,,8.0,,,,,,7552.333333333333
3318,,,0.7354922294616699,0.7935250401496887,0.00908683892339468,0.05226646736264229,0.1680876463651657,7565.212765957447
3326,5.0,,,,,,,7585.63829787234
3327,,8.0,,,,,,7588.191489361702
3336,5.0,,,,,,,7611.170212765957
3337,,8.0,,,,,,7613.723404255319
3345,5.0,,,,,,,7634.148936170212
3346,,8.0,,,,,,7636.702127659574
3359,5.0,,,,,,,7669.893617021276
3360,,8.0,,,,,,7672.446808510638
3365,,,0.6701487302780151,0.7335508465766907,0.015886276960372925,0.042051706463098526,-0.5247544050216675,7677.478260869565
3377,5.0,,,,,,,7692.347826086957
3378,,8.0,,,,,,7693.586956521739
3388,5.0,,,,,,,7705.978260869565
3389,,8.0,,,,,,7707.217391304348
3399,5.0,,,,,,,7719.608695652174
3400,,8.0,,,,,,7720.847826086957
3407,5.0,,,,,,,7729.521739130435
3408,,8.0,,,,,,7730.760869565217
3413,,,0.7264163494110107,0.763147234916687,0.005340310744941235,0.05253376066684723,-0.34832796454429626,7736.615384615385
3426,5.0,,,,,,,7766.615384615385
3427,,8.0,,,,,,7768.923076923077
3437,5.0,,,,,,,7792.0
3438,,8.0,,,,,,7794.307692307692
3448,5.0,,,,,,,7817.384615384615
3449,,8.0,,,,,,7819.692307692308
3461,5.0,,,,,,,7847.384615384615
3462,,8.0,,,,,,7849.692307692308
3466,,,0.7653101086616516,0.7951273918151855,0.02007419988512993,0.06682192534208298,-0.35114920139312744,7854.727272727273
3471,,,0.7445341348648071,0.7886492609977722,0.019710572436451912,0.08685103058815002,-0.21234533190727234,7868.363636363636
3479,5.0,,,,,,,7890.181818181818
3480,,8.0,,,,,,7892.909090909091
3492,5.0,,,,,,,7925.636363636364
3493,,8.0,,,,,,7928.363636363636
3499,5.0,,,,,,,7944.727272727273
3500,,8.0,,,,,,7947.454545454545
3507,5.0,,,,,,,7966.545454545455
3508,,8.0,,,,,,7969.272727272727
3514,,,0.7891201972961426,0.829821765422821,0.0298076793551445,0.10215365886688232,0.23622991144657135,7979.5
3518,5.0,,,,,,,7989.5
3519,,8.0,,,,,,7992.0
3530,5.0,,,,,,,8019.5
3531,,8.0,,,,,,8022.0
3540,5.0,,,,,,,8044.5
3541,,8.0,,,,,,8047.0
3557,5.0,,,,,,,8087.0
3558,,8.0,,,,,,8089.5
3564,,,0.7430179715156555,0.7654295563697815,0.043412938714027405,0.1093500405550003,0.11122678220272064,8099.826086956522
3573,5.0,,,,,,,8123.304347826087
3574,,8.0,,,,,,8125.913043478261
3581,5.0,,,,,,,8144.173913043478
3582,,8.0,,,,,,8146.782608695652
3595,5.0,,,,,,,8180.695652173913
3596,,8.0,,,,,,8183.304347826087
3605,5.0,,,,,,,8206.782608695652
3606,,8.0,,,,,,8209.391304347826
3612,,,0.78509521484375,0.8326194882392883,0.016185404732823372,0.07769866287708282,-0.10200728476047516,8219.2
3622,5.0,,,,,,,8243.2
3623,,8.0,,,,,,8245.6
3638,5.0,,,,,,,8281.6
3639,,8.0,,,,,,8284.0
3646,5.0,,,,,,,8300.8
3647,,8.0,,,,,,8303.2
3657,5.0,,,,,,,8327.2
3658,,8.0,,,,,,8329.6
3662,,,0.7719697952270508,0.7946984767913818,0.018414760008454323,0.07551287114620209,-0.08281873166561127,8334.448979591836
3675,5.0,,,,,,,8366.285714285714
3676,,8.0,,,,,,8368.734693877552
3687,5.0,,,,,,,8395.673469387755
3688,,8.0,,,,,,8398.122448979591
3699,5.0,,,,,,,8425.061224489797
3700,,8.0,,,,,,8427.510204081633
3708,5.0,,,,,,,8447.102040816326
3709,,8.0,,,,,,8449.551020408164
3713,,,0.7570983171463013,0.7953402400016785,-0.0012946282513439655,0.0622834786772728,-0.3238902986049652,8454.4
3715,,,0.7377627491950989,0.7802716493606567,-0.0014046680880710483,0.042933139950037,-0.2536548972129822,8459.2
3721,5.0,,,,,,,8473.6
3722,,8.0,,,,,,8476.0
3734,5.0,,,,,,,8504.8
3735,,8.0,,,,,,8507.2
3745,5.0,,,,,,,8531.2
3746,,8.0,,,,,,8533.6
3760,5.0,,,,,,,8567.2
3761,,8.0,,,,,,8569.6
3767,,,0.7379661798477173,0.782473087310791,0.015294213779270649,0.03904939070343971,-0.34416288137435913,8580.57142857143
3773,5.0,,,,,,,8597.714285714286
3774,,3.0,,,,,,8600.57142857143
3779,5.0,,,,,,,8614.857142857143
3780,,3.0,,,,,,8617.714285714286
3793,5.0,,,,,,,8654.857142857143
3794,,3.0,,,,,,8657.714285714286
3804,5.0,,,,,,,8686.285714285714
3805,,3.0,,,,,,8689.142857142857
3810,,,0.8123285174369812,0.8348299860954285,0.022879434749484062,0.05809308961033821,0.18044599890708923,8698.153846153846
3817,5.0,,,,,,,8719.692307692309
3818,,8.0,,,,,,8722.76923076923
3827,5.0,,,,,,,8750.461538461539
3828,,8.0,,,,,,8753.538461538461
3835,5.0,,,,,,,8775.076923076924
3836,,8.0,,,,,,8778.153846153846
3845,5.0,,,,,,,8805.846153846154
3846,,8.0,,,,,,8808.923076923076
3851,,,0.7559666633605957,0.7839063405990601,0.014631424099206924,0.05850352719426155,-0.24130292236804962,8817.0
3866,5.0,,,,,,,8854.5
3867,,1.0,,,,,,8857.0
3874,5.0,,,,,,,8874.5
3875,,1.0,,,,,,8877.0
3886,5.0,,,,,,,8904.5
3887,,1.0,,,,,,8907.0
3895,5.0,,,,,,,8927.0
3896,,1.0,,,,,,8929.5
3901,,,0.7399641275405884,0.7929699420928955,0.028531983494758606,0.08621502667665482,-0.12051613628864288,8937.454545454546
3908,5.0,,,,,,,8956.545454545454
3909,,8.0,,,,,,8959.272727272728
3918,5.0,,,,,,,8983.818181818182
3919,,8.0,,,,,,8986.545454545454
3932,5.0,,,,,,,9022.0
3933,,8.0,,,,,,9024.727272727272
3941,5.0,,,,,,,9046.545454545454
3942,,8.0,,,,,,9049.272727272728
3949,,,0.7290640473365784,0.7699137330055237,0.008395909331738949,0.07060205191373825,0.4939863979816437,9061.6
3953,,,0.7996870875358582,0.833336591720581,0.008571960963308811,0.05158171057701111,0.27078691124916077,9071.2
3961,5.0,,,,,,,9090.4
3962,,8.0,,,,,,9092.8
3972,5.0,,,,,,,9116.8
3973,,8.0,,,,,,9119.2
3981,5.0,,,,,,,9138.4
3982,,8.0,,,,,,9140.8
3993,5.0,,,,,,,9167.2
3994,,8.0,,,,,,9169.6
4003,,,0.7467046976089478,0.7958608269691467,0.00745911430567503,0.07377072423696518,0.48796212673187256,9185.846153846154
4015,5.0,,,,,,,9213.538461538461
4016,,8.0,,,,,,9215.846153846154
4024,5.0,,,,,,,9234.307692307691
4025,,8.0,,,,,,9236.615384615385
4033,5.0,,,,,,,9255.076923076924
4034,,8.0,,,,,,9257.384615384615
4047,5.0,,,,,,,9287.384615384615
4048,,8.0,,,,,,9289.692307692309
4055,,,0.7966514229774475,0.8258605599403381,0.0048040905967354774,0.049808524549007416,0.03590695559978485,9302.434782608696
4061,5.0,,,,,,,9318.08695652174
4062,,8.0,,,,,,9320.695652173914
4071,5.0,,,,,,,9344.173913043478
4072,,8.0,,,,,,9346.782608695652
4084,5.0,,,,,,,9378.08695652174
4085,,8.0,,,,,,9380.695652173914
4095,5.0,,,,,,,9406.782608695652
4096,,8.0,,,,,,9409.391304347826
4102,,,0.7450596690177917,0.8025211095809937,0.007425003219395876,0.05325351655483246,0.2713230848312378,9419.34693877551
4117,5.0,,,,,,,9456.081632653062
4118,,8.0,,,,,,9458.530612244898
4126,5.0,,,,,,,9478.122448979591
4127,,8.0,,,,,,9480.57142857143
4136,5.0,,,,,,,9502.612244897959
4137,,8.0,,,,,,9505.061224489797
4146,5.0,,,,,,,9527.102040816326
4147,,8.0,,,,,,9529.551020408164
4151,,,0.7533705830574036,0.7927978038787842,0.008080320432782173,0.05679704248905182,0.5823115706443787,9534.608695652174
4160,5.0,,,,,,,9558.08695652174
4161,,8.0,,,,,,9560.695652173914
4171,5.0,,,,,,,9586.782608695652
4172,,8.0,,,,,,9589.391304347826
4184,5.0,,,,,,,9620.695652173914
4185,,8.0,,,,,,9623.304347826086
4194,5.0,,,,,,,9646.782608695652
4195,,8.0,,,,,,9649.391304347826
4201,,,0.731918454170227,0.822290301322937,0.007633311673998833,0.04674386605620384,0.6349447965621948,9660.181818181818
4203,,,0.7665925621986389,0.8051966428756714,0.002520175650715828,0.03789708763360977,0.5687342882156372,9665.636363636364
4213,5.0,,,,,,,9692.90909090909
4214,,8.0,,,,,,9695.636363636364
4222,5.0,,,,,,,9717.454545454546
4223,,8.0,,,,,,9720.181818181818
4229,5.0,,,,,,,9736.545454545454
4230,,8.0,,,,,,9739.272727272728
4240,5.0,,,,,,,9766.545454545454
4241,,8.0,,,,,,9769.272727272728
4248,,,0.8191639184951782,0.8507080078125,0.018842730671167374,0.059754662215709686,0.695168673992157,9784.631578947368
4257,5.0,,,,,,,9813.052631578947
4258,,8.0,,,,,,9816.21052631579
4263,5.0,,,,,,,9832.0
4264,,8.0,,,,,,9835.157894736842
4271,5.0,,,,,,,9857.263157894737
4272,,8.0,,,,,,9860.421052631578
4280,5.0,,,,,,,9885.684210526315
4281,,8.0,,,,,,9888.842105263158
4285,,,0.8242256045341492,0.8654835224151611,0.016945458948612213,0.05068488046526909,0.4825597405433655,9895.0
4292,5.0,,,,,,,9916.0
4293,,8.0,,,,,,9919.0
4303,5.0,,,,,,,9949.0
4304,,8.0,,,,,,9952.0
4310,5.0,,,,,,,9970.0
4311,,8.0,,,,,,9973.0
4322,5.0,,,,,,,10006.0
4323,,8.0,,,,,,10009.0
4328,,,0.772962749004364,0.7880762219429016,0.010819997638463974,0.05556097999215126,0.5595028400421143,10017.853658536585
4340,5.0,,,,,,,10052.975609756097
4341,,8.0,,,,,,10055.90243902439
4351,5.0,,,,,,,10085.170731707318
4352,,8.0,,,,,,10088.09756097561
4357,5.0,,,,,,,10102.731707317073
4358,,8.0,,,,,,10105.658536585366
4365,5.0,,,,,,,10126.146341463415
4366,,8.0,,,,,,10129.073170731708
4372,,,0.752288281917572,0.7718499898910522,0.012898080050945282,0.049080003052949905,0.04912155121564865,10140.780487804877
4382,5.0,,,,,,,10170.048780487805
4383,,8.0,,,,,,10172.975609756097
4392,5.0,,,,,,,10199.317073170732
4393,,8.0,,,,,,10202.243902439024
4398,5.0,,,,,,,10216.878048780487
4399,,8.0,,,,,,10219.80487804878
4408,5.0,,,,,,,10246.146341463415
4409,,8.0,,,,,,10249.073170731708
4414,,,0.7456883192062378,0.7785013914108276,-0.0006423979066312313,0.03846459090709686,0.05356069281697273,10256.8
4418,,,0.7392257452011108,0.807589054107666,0.007718479726463556,0.029305219650268555,0.00038011340075172484,10266.4
4425,5.0,,,,,,,10283.2
4426,,8.0,,,,,,10285.6
4438,5.0,,,,,,,10314.4
4439,,8.0,,,,,,10316.8
4447,5.0,,,,,,,10336.0
4448,,8.0,,,,,,10338.4
4460,5.0,,,,,,,10367.2
4461,,8.0,,,,,,10369.6
4470,,,0.8097182512283325,0.8531644940376282,0.013647045940160751,0.05620487034320831,-0.3847080171108246,10389.560975609756
4477,5.0,,,,,,,10410.048780487805
4478,,8.0,,,,,,10412.975609756097
4486,5.0,,,,,,,10436.390243902439
4487,,8.0,,,,,,10439.317073170732
4493,5.0,,,,,,,10456.878048780487
4494,,8.0,,,,,,10459.80487804878
4503,5.0,,,,,,,10486.146341463415
4504,,8.0,,,,,,10489.073170731708
4508,,,0.8059332966804504,0.823771059513092,0.013639924116432667,0.046719741076231,-0.6990042924880981,10494.666666666666
4516,5.0,,,,,,,10516.0
4517,,8.0,,,,,,10518.666666666666
4530,5.0,,,,,,,10553.333333333334
4531,,8.0,,,,,,10556.0
4540,5.0,,,,,,,10580.0
4541,,8.0,,,,,,10582.666666666666
4550,5.0,,,,,,,10606.666666666666
4551,,8.0,,,,,,10609.333333333334
4557,,,0.7931665778160095,0.8214380145072937,0.02497679740190506,0.08827303349971771,-0.29927241802215576,10618.538461538461
4567,5.0,,,,,,,10640.333333333334
4568,,8.0,,,,,,10642.51282051282
4573,5.0,,,,,,,10653.410256410256
4574,,8.0,,,,,,10655.589743589744
4581,5.0,,,,,,,10670.846153846154
4582,,8.0,,,,,,10673.02564102564
4591,5.0,,,,,,,10692.641025641025
4592,,8.0,,,,,,10694.820512820514
4597,,,0.7448750138282776,0.8562166690826416,0.0040192920714616776,0.0337180458009243,-0.4761081039905548,10702.853658536585
4606,5.0,,,,,,,10729.19512195122
4607,,8.0,,,,,,10732.121951219513
4616,5.0,,,,,,,10758.463414634147
4617,,8.0,,,,,,10761.390243902439
4626,5.0,,,,,,,10787.731707317073
4627,,8.0,,,,,,10790.658536585366
4634,5.0,,,,,,,10811.146341463415
4635,,8.0,,,,,,10814.073170731708
4639,,,0.7619079351425171,0.812832236289978,-0.0023265203926712275,0.09840744733810425,-0.2583424150943756,10819.666666666666
4642,,,0.7785320281982422,0.8073422312736511,0.01931168884038925,0.07296665757894516,-0.13129855692386627,10827.666666666666
4650,5.0,,,,,,,10849.0
4651,,8.0,,,,,,10851.666666666666
4665,5.0,,,,,,,10889.0
4666,,8.0,,,,,,10891.666666666666
4674,5.0,,,,,,,10913.0
4675,,8.0,,,,,,10915.666666666666
4681,5.0,,,,,,,10931.666666666666
4682,,8.0,,,,,,10934.333333333334
4689,,,0.780439555644989,0.8380100727081299,0.012313480488955975,0.10738833993673325,0.2991594970226288,10948.707317073171
4695,5.0,,,,,,,10966.268292682927
4696,,8.0,,,,,,10969.19512195122
4706,5.0,,,,,,,10998.463414634147
4707,,8.0,,,,,,11001.390243902439
4714,5.0,,,,,,,11021.878048780487
4715,,8.0,,,,,,11024.80487804878
4724,5.0,,,,,,,11051.146341463415
4725,,8.0,,,,,,11054.073170731708
4730,,,0.8167593479156494,0.8543185591697693,0.02546685002744198,0.20930995047092438,1.6560500860214233,11062.581395348838
4737,5.0,,,,,,,11082.116279069767
4738,,8.0,,,,,,11084.906976744185
4746,5.0,,,,,,,11107.232558139534
4747,,8.0,,,,,,11110.023255813954
4757,5.0,,,,,,,11137.93023255814
4758,,8.0,,,,,,11140.720930232557
4769,5.0,,,,,,,11171.418604651162
4770,,8.0,,,,,,11174.209302325582
4778,,,0.7397104501724243,0.8221834301948547,0.007123780902475119,0.08418884873390198,0.20968782901763916,11190.333333333334
4787,5.0,,,,,,,11214.333333333334
4788,,8.0,,,,,,11217.0
4797,5.0,,,,,,,11241.0
4798,,8.0,,,,,,11243.666666666666
4808,5.0,,,,,,,11270.333333333334
4809,,8.0,,,,,,11273.0
4816,5.0,,,,,,,11291.666666666666
4817,,8.0,,,,,,11294.333333333334
4821,,,0.7025307416915894,0.7814294695854187,0.0022563899401575327,0.05197807773947716,-0.23323456943035126,11299.790697674418
4832,5.0,,,,,,,11330.488372093023
4833,,8.0,,,,,,11333.279069767443
4842,5.0,,,,,,,11358.39534883721
4843,,8.0,,,,,,11361.186046511628
4852,5.0,,,,,,,11386.302325581395
4853,,8.0,,,,,,11389.093023255815
4861,5.0,,,,,,,11411.418604651162
4862,,8.0,,,,,,11414.209302325582
4866,,,0.7620960474014282,0.8078585863113403,0.00047559171798639,0.05880174785852432,-0.2878093421459198,11419.608695652174
4870,,,0.818885862827301,0.8462134599685669,-0.0027468763291835785,0.04070281609892845,-0.281072735786438,11430.04347826087
4877,5.0,,,,,,,11448.304347826086
4878,,8.0,,,,,,11450.91304347826
4887,5.0,,,,,,,11474.391304347826
4888,,8.0,,,,,,11477.0
4898,5.0,,,,,,,11503.08695652174
4899,,8.0,,,,,,11505.695652173914
4909,5.0,,,,,,,11531.782608695652
4910,,8.0,,,,,,11534.391304347826
4916,,,0.806734025478363,0.8405157327651978,0.01873244345188141,0.09191535413265228,0.08203664422035217,11540.0
4926,5.0,,,,,,,11550.0
4927,,8.0,,,,,,11551.0
4937,5.0,,,,,,,11561.0
4938,,8.0,,,,,,11562.0
4948,5.0,,,,,,,11572.0
4949,,8.0,,,,,,11573.0
4957,5.0,,,,,,,11581.0
4958,,8.0,,,,,,11582.0
4965,,,0.7946527004241943,0.845886766910553,0.0044185807928442955,0.05806458368897438,0.012729788199067116,11592.6
4973,5.0,,,,,,,11611.8
4974,,8.0,,,,,,11614.2
4984,5.0,,,,,,,11638.2
4985,,8.0,,,,,,11640.6
4999,5.0,,,,,,,11674.2
5000,,8.0,,,,,,11676.6
5009,5.0,,,,,,,11698.2
5010,,8.0,,,,,,11700.6
5015,,,0.7646046280860901,0.8263463973999023,0.004760364536195993,0.05957455188035965,-0.04377484694123268,11708.853658536585
5024,5.0,,,,,,,11735.19512195122
5025,,8.0,,,,,,11738.121951219513
5032,5.0,,,,,,,11758.609756097561
5033,,8.0,,,,,,11761.536585365853
5042,5.0,,,,,,,11787.878048780487
5043,,8.0,,,,,,11790.80487804878
5052,5.0,,,,,,,11817.146341463415
5053,,8.0,,,,,,11820.073170731708
5057,,,0.8353011608123779,0.8831883072853088,0.009325217455625534,0.05413874611258507,-0.34517303109169006,11825.857142857143
5068,5.0,,,,,,,11857.285714285714
5069,,8.0,,,,,,11860.142857142857
5077,5.0,,,,,,,11883.0
5078,,8.0,,,,,,11885.857142857143
5088,5.0,,,,,,,11914.42857142857
5089,,8.0,,,,,,11917.285714285714
5096,5.0,,,,,,,11937.285714285714
5097,,8.0,,,,,,11940.142857142857
5101,,,0.8933959007263184,0.9196758270263672,-0.09471535682678223,0.24868051707744598,0.9501456022262573,11945.264150943396
5109,,,0.9129927754402161,0.95518958568573,0.03593705594539642,0.14209024608135223,0.4975278973579407,11963.377358490567
5123,5.0,,,,,,,11995.075471698114
5124,,8.0,,,,,,11997.33962264151
5129,5.0,,,,,,,12008.66037735849
5130,,8.0,,,,,,12010.924528301886
5142,5.0,,,,,,,12038.094339622641
5143,,8.0,,,,,,12040.358490566037
5151,5.0,,,,,,,12058.471698113208
5152,,8.0,,,,,,12060.735849056604
5157,,,0.8163785338401794,0.8686060905456543,0.008549036458134651,0.09014316648244858,-0.20525863766670227,12068.333333333334
5167,5.0,,,,,,,12095.0
5168,,8.0,,,,,,12097.666666666666
5177,5.0,,,,,,,12121.666666666666
5178,,8.0,,,,,,12124.333333333334
5186,5.0,,,,,,,12145.666666666666
5187,,8.0,,,,,,12148.333333333334
5198,5.0,,,,,,,12177.666666666666
5199,,8.0,,,,,,12180.333333333334
5204,,,0.8247867822647095,0.8700597286224365,0.005123484879732132,0.03757417947053909,-0.1885814219713211,12188.217391304348
5217,5.0,,,,,,,12222.130434782608
5218,,8.0,,,,,,12224.739130434782
5227,5.0,,,,,,,12248.217391304348
5228,,8.0,,,,,,12250.826086956522
5235,5.0,,,,,,,12269.08695652174
5236,,8.0,,,,,,12271.695652173914
5246,5.0,,,,,,,12297.782608695652
5247,,8.0,,,,,,12300.391304347826
5251,,,0.7949535846710205,0.8285858035087585,0.013226834125816822,0.0363636277616024,-0.13589215278625488,12306.42857142857
5262,5.0,,,,,,,12344.142857142857
5263,,8.0,,,,,,12347.57142857143
5268,5.0,,,,,,,12364.714285714286
5269,,8.0,,,,,,12368.142857142857
5276,5.0,,,,,,,12392.142857142857
5277,,8.0,,,,,,12395.57142857143
5283,5.0,,,,,,,12416.142857142857
5284,,8.0,,,,,,12419.57142857143
5288,,,0.7717975378036499,0.8255960941314697,0.007715677376836538,0.030210506170988083,-0.22720307111740112,12425.926829268292
5297,5.0,,,,,,,12452.268292682927
5298,,8.0,,,,,,12455.19512195122
5306,5.0,,,,,,,12478.609756097561
5307,,8.0,,,,,,12481.536585365853
5316,5.0,,,,,,,12507.878048780487
5317,,8.0,,,,,,12510.80487804878
5326,5.0,,,,,,,12537.146341463415
5327,,8.0,,,,,,12540.073170731708
5331,,,0.8214561939239502,0.8481086492538452,0.02421846240758896,0.05605804920196533,0.10503591597080231,12545.790697674418
5335,,,0.8388797640800476,0.8572365641593933,0.015758825466036797,0.04483694210648537,0.0986948236823082,12556.953488372093
5344,5.0,,,,,,,12582.06976744186
5345,,8.0,,,,,,12584.860465116279
5350,5.0,,,,,,,12598.813953488372
5351,,8.0,,,,,,12601.60465116279
5360,5.0,,,,,,,12626.720930232557
5361,,8.0,,,,,,12629.511627906977
5371,5.0,,,,,,,12657.418604651162
5372,,8.0,,,,,,12660.209302325582
5377,,,0.7422091960906982,0.7998083829879761,0.006598335690796375,0.04410547763109207,0.2262495458126068,12668.454545454546
5383,5.0,,,,,,,12684.818181818182
5384,,8.0,,,,,,12687.545454545454
5391,5.0,,,,,,,12706.636363636364
5392,,8.0,,,,,,12709.363636363636
5403,5.0,,,,,,,12739.363636363636
5404,,8.0,,,,,,12742.09090909091
5417,5.0,,,,,,,12777.545454545454
5418,,8.0,,,,,,12780.272727272728
5422,,,0.8263083696365356,0.8907779455184937,0.00605264026671648,0.03954155370593071,0.10152312368154526,12785.727272727272
5431,5.0,,,,,,,12810.272727272728
5432,,8.0,,,,,,12813.0
5445,5.0,,,,,,,12848.454545454546
5446,,8.0,,,,,,12851.181818181818
5455,5.0,,,,,,,12875.727272727272
5456,,8.0,,,,,,12878.454545454546
5463,5.0,,,,,,,12897.545454545454
5464,,8.0,,,,,,12900.272727272728
5468,,,0.8505690097808838,0.877907931804657,0.023108933120965958,0.05760498344898224,0.41506752371788025,12905.790697674418
5479,5.0,,,,,,,12936.488372093023
5480,,8.0,,,,,,12939.279069767443
5491,5.0,,,,,,,12969.976744186046
5492,,8.0,,,,,,12972.767441860466
5500,5.0,,,,,,,12995.093023255815
5501,,8.0,,,,,,12997.883720930233
5508,5.0,,,,,,,13017.418604651162
5509,,8.0,,,,,,13020.209302325582
5515,,,0.790352463722229,0.8520933985710144,0.006891194265335798,0.031406499445438385,0.1367800235748291,13033.0
5525,5.0,,,,,,,13066.333333333334
5526,,8.0,,,,,,13069.666666666666
5533,5.0,,,,,,,13093.0
5534,,8.0,,,,,,13096.333333333334
5539,5.0,,,,,,,13113.0
5540,,8.0,,,,,,13116.333333333334
5546,5.0,,,,,,,13136.333333333334
5547,,8.0,,,,,,13139.666666666666
5551,,,0.785922110080719,0.845120370388031,0.009084034711122513,0.034010469913482666,0.16490024328231812,13145.553191489362
5557,,,0.8166133761405945,0.8502434492111206,0.005161461886018515,0.02451193332672119,0.06740321964025497,13160.872340425532
5567,5.0,,,,,,,13186.404255319148
5568,,8.0,,,,,,13188.95744680851
5576,5.0,,,,,,,13209.382978723404
5577,,8.0,,,,,,13211.936170212766
5588,5.0,,,,,,,13240.021276595744
5589,,8.0,,,,,,13242.574468085106
5595,5.0,,,,,,,13257.893617021276
5596,,8.0,,,,,,13260.446808510638
5605,,,0.8242123126983643,0.8671107292175293,0.02132224291563034,0.056599829345941544,0.1998651772737503,13278.652173913044
5610,5.0,,,,,,,13291.695652173914
5611,,8.0,,,,,,13294.304347826086
5623,5.0,,,,,,,13325.608695652174
5624,,8.0,,,,,,13328.217391304348
5632,5.0,,,,,,,13349.08695652174
5633,,8.0,,,,,,13351.695652173914
5643,5.0,,,,,,,13377.782608695652
5644,,8.0,,,,,,13380.391304347826
5649,,,0.7826511859893799,0.8482527732849121,0.030915001407265663,0.058085937052965164,0.4662269651889801,13388.106382978724
5659,5.0,,,,,,,13413.63829787234
5660,,8.0,,,,,,13416.191489361701
5672,5.0,,,,,,,13446.829787234043
5673,,8.0,,,,,,13449.382978723404
5683,5.0,,,,,,,13474.91489361702
5684,,8.0,,,,,,13477.468085106382
5692,5.0,,,,,,,13497.893617021276
5693,,8.0,,,,,,13500.446808510638
5697,,,0.7875311374664307,0.8224896192550659,0.01232612319290638,0.05653294920921326,0.8735015988349915,13506.157894736842
5704,5.0,,,,,,,13528.263157894737
5705,,8.0,,,,,,13531.421052631578
5713,5.0,,,,,,,13556.684210526315
5714,,8.0,,,,,,13559.842105263158
5720,5.0,,,,,,,13578.78947368421
5721,,8.0,,,,,,13581.947368421053
5732,5.0,,,,,,,13616.684210526315
5733,,8.0,,,,,,13619.842105263158
5737,,,0.8463883996009827,0.8897739052772522,0.0005944102886132896,0.03767713904380798,0.3913995027542114,13625.448979591836
5751,5.0,,,,,,,13659.734693877552
5752,,8.0,,,,,,13662.183673469388
5763,5.0,,,,,,,13689.122448979591
5764,,8.0,,,,,,13691.57142857143
5774,5.0,,,,,,,13716.061224489797
5775,,8.0,,,,,,13718.510204081633
5783,5.0,,,,,,,13738.102040816326
5784,,8.0,,,,,,13740.551020408164
5789,,,0.828630805015564,0.8582568764686584,0.0008375911857001483,0.04418349266052246,0.5156076550483704,13748.0
5793,,,0.8379467725753784,0.8805564641952515,0.025572042912244797,0.07371485978364944,0.6363471150398254,13758.0
5802,5.0,,,,,,,13780.5
5803,,8.0,,,,,,13783.0
5811,5.0,,,,,,,13803.0
5812,,8.0,,,,,,13805.5
5824,5.0,,,,,,,13835.5
5825,,8.0,,,,,,13838.0
5833,5.0,,,,,,,13858.0
5834,,8.0,,,,,,13860.5
5840,,,0.8370404243469238,0.8760365843772888,0.010984715074300766,0.036537714302539825,0.11371299624443054,13871.372093023256
5849,5.0,,,,,,,13896.488372093023
5850,,8.0,,,,,,13899.279069767443
5857,5.0,,,,,,,13918.813953488372
5858,,8.0,,,,,,13921.60465116279
5868,5.0,,,,,,,13949.511627906977
5869,,8.0,,,,,,13952.302325581395
5878,5.0,,,,,,,13977.418604651162
5879,,8.0,,,,,,13980.209302325582
5883,,,0.7802286148071289,0.8072879910469055,0.019573869183659554,0.06492602825164795,0.1353309005498886,13985.790697674418
5890,5.0,,,,,,,14005.32558139535
5891,,8.0,,,,,,14008.116279069767
5901,5.0,,,,,,,14036.023255813954
5902,,8.0,,,,,,14038.813953488372
5913,5.0,,,,,,,14069.511627906977
5914,,8.0,,,,,,14072.302325581395
5923,5.0,,,,,,,14097.418604651162
5924,,8.0,,,,,,14100.209302325582
5929,,,0.7330887913703918,0.8101686239242554,0.00987795926630497,0.036734167486429214,0.24471212923526764,14108.106382978724
5943,5.0,,,,,,,14143.851063829787
5944,,8.0,,,,,,14146.404255319148
5952,5.0,,,,,,,14166.829787234043
5953,,8.0,,,,,,14169.382978723404
5960,5.0,,,,,,,14187.255319148937
5961,,8.0,,,,,,14189.808510638299
5972,5.0,,,,,,,14217.893617021276
5973,,8.0,,,,,,14220.446808510638
5978,,,0.8384900689125061,0.8820900321006775,0.01425735093653202,0.042068641632795334,0.10136479884386063,14228.333333333334
5990,5.0,,,,,,,14260.333333333334
5991,,8.0,,,,,,14263.0
6000,5.0,,,,,,,14287.0
6001,,8.0,,,,,,14289.666666666666
6011,5.0,,,,,,,14316.333333333334
6012,,8.0,,,,,,14319.0
6019,5.0,,,,,,,14337.666666666666
6020,,8.0,,,,,,14340.333333333334
6025,,,0.7864540815353394,0.819536566734314,0.010702403262257576,0.02839239314198494,0.038864437490701675,14348.333333333334
6035,,,0.8522871136665344,0.8885823488235474,0.003980953246355057,0.02965095080435276,0.12003101408481598,14375.0
6042,5.0,,,,,,,14393.666666666666
6043,,8.0,,,,,,14396.333333333334
6048,5.0,,,,,,,14409.666666666666
6049,,8.0,,,,,,14412.333333333334
6056,5.0,,,,,,,14431.0
6057,,8.0,,,,,,14433.666666666666
6066,5.0,,,,,,,14457.666666666666
6067,,8.0,,,,,,14460.333333333334
6073,,,0.8367635011672974,0.8632028102874756,0.015566111542284489,0.03797696903347969,0.29529115557670593,14471.57142857143
6079,5.0,,,,,,,14488.714285714286
6080,,8.0,,,,,,14491.57142857143
6092,5.0,,,,,,,14525.857142857143
6093,,8.0,,,,,,14528.714285714286
6097,5.0,,,,,,,14540.142857142857
6098,,8.0,,,,,,14543.0
6110,5.0,,,,,,,14577.285714285714
6111,,8.0,,,,,,14580.142857142857
6117,,,0.802612841129303,0.8209261894226074,-0.0006140403565950692,0.029796797782182693,0.07038627564907074,14591.780487804877
6124,5.0,,,,,,,14612.268292682927
6125,,8.0,,,,,,14615.19512195122
6133,5.0,,,,,,,14638.609756097561
6134,,8.0,,,,,,14641.536585365853
6144,5.0,,,,,,,14670.80487804878
6145,,8.0,,,,,,14673.731707317073
6153,5.0,,,,,,,14697.146341463415
6154,,8.0,,,,,,14700.073170731708
6159,,,0.7678955793380737,0.8131377696990967,0.011305514723062515,0.03648018836975098,0.31327536702156067,14708.106382978724
6168,5.0,,,,,,,14731.08510638298
6169,,8.0,,,,,,14733.63829787234
6180,5.0,,,,,,,14761.72340425532
6181,,8.0,,,,,,14764.27659574468
6190,5.0,,,,,,,14787.255319148937
6191,,8.0,,,,,,14789.808510638299
6202,5.0,,,,,,,14817.893617021276
6203,,8.0,,,,,,14820.446808510638
6208,,,0.8168915510177612,0.8455560803413391,0.019068432971835136,0.052927758544683456,0.759360671043396,14827.5
6220,5.0,,,,,,,14854.5
6221,,8.0,,,,,,14856.75
6230,5.0,,,,,,,14877.0
6231,,8.0,,,,,,14879.25
6241,5.0,,,,,,,14901.75
6242,,8.0,,,,,,14904.0
6252,5.0,,,,,,,14926.5
6253,,8.0,,,,,,14928.75
6258,,,0.8232611417770386,0.8765023946762085,0.01866914890706539,0.036051422357559204,0.7648984789848328,14936.581395348838
6261,,,0.8256313800811768,0.8619902729988098,0.010287286713719368,0.041599348187446594,0.6593610048294067,14944.953488372093
6268,5.0,,,,,,,14964.488372093023
6269,,8.0,,,,,,14967.279069767443
6278,5.0,,,,,,,14992.39534883721
6279,,8.0,,,,,,14995.186046511628
6288,5.0,,,,,,,15020.302325581395
6289,,8.0,,,,,,15023.093023255815
6297,5.0,,,,,,,15045.418604651162
6298,,8.0,,,,,,15048.209302325582
6303,,,0.854447066783905,0.8731021285057068,0.005671522580087185,0.022691302001476288,0.4102288484573364,15058.058823529413
6308,5.0,,,,,,,15075.70588235294
6309,,8.0,,,,,,15079.235294117647
6316,5.0,,,,,,,15103.941176470587
6317,,8.0,,,,,,15107.470588235294
6325,5.0,,,,,,,15135.70588235294
6326,,8.0,,,,,,15139.235294117647
6333,5.0,,,,,,,15163.941176470587
6334,,8.0,,,,,,15167.470588235294
6342,,,0.8349748253822327,0.8710997104644775,0.009525460191071033,0.03349711745977402,0.3716074228286743,15181.526315789473
6356,5.0,,,,,,,15211.0
6357,,8.0,,,,,,15213.105263157895
6368,5.0,,,,,,,15236.263157894737
6369,,8.0,,,,,,15238.368421052632
6380,5.0,,,,,,,15261.526315789473
6381,,8.0,,,,,,15263.631578947368
6392,5.0,,,,,,,15286.78947368421
6393,,8.0,,,,,,15288.894736842105
6397,,,0.8406442403793335,0.8848549127578735,0.006136137060821056,0.022501209750771523,0.26883479952812195,15294.0
6404,5.0,,,,,,,15315.0
6405,,8.0,,,,,,15318.0
6417,5.0,,,,,,,15354.0
6418,,8.0,,,,,,15357.0
6425,5.0,,,,,,,15378.0
6426,,8.0,,,,,,15381.0
6434,5.0,,,,,,,15405.0
6435,,8.0,,,,,,15408.0
6441,,,0.8100035190582275,0.8428913354873657,0.01504773274064064,0.03939051181077957,-0.12235643714666367,15418.5
6452,5.0,,,,,,,15446.0
6453,,8.0,,,,,,15448.5
6461,5.0,,,,,,,15468.5
6462,,8.0,,,,,,15471.0
6469,5.0,,,,,,,15488.5
6470,,8.0,,,,,,15491.0
6484,5.0,,,,,,,15526.0
6485,,8.0,,,,,,15528.5
6489,,,0.8404675126075745,0.871423065662384,0.004054875113070011,0.04130561649799347,-0.11219832301139832,15533.35294117647
6494,,,0.8400184512138367,0.8730369806289673,0.011188376694917679,0.034296657890081406,-0.32934704422950745,15545.117647058823
6502,5.0,,,,,,,15563.941176470587
6503,,8.0,,,,,,15566.29411764706
6514,5.0,,,,,,,15592.176470588236
6515,,8.0,,,,,,15594.529411764706
6526,5.0,,,,,,,15620.411764705883
6527,,8.0,,,,,,15622.764705882353
6537,5.0,,,,,,,15646.29411764706
6538,,8.0,,,,,,15648.64705882353
6545,,,0.7652407288551331,0.8111260533332825,0.016210759058594704,0.061254821717739105,0.1323494017124176,15661.434782608696
6556,5.0,,,,,,,15690.130434782608
6557,,8.0,,,,,,15692.739130434782
6564,5.0,,,,,,,15711.0
6565,,8.0,,,,,,15713.608695652174
6578,5.0,,,,,,,15747.521739130434
6579,,8.0,,,,,,15750.130434782608
6585,5.0,,,,,,,15765.782608695652
6586,,8.0,,,,,,15768.391304347826
6592,,,0.7804430723190308,0.8034507036209106,0.010916239582002163,0.03223481774330139,-0.018336229026317596,15780.473684210527
6601,5.0,,,,,,,15808.894736842105
6602,,8.0,,,,,,15812.052631578947
6608,5.0,,,,,,,15831.0
6609,,8.0,,,,,,15834.157894736842
6615,5.0,,,,,,,15853.105263157895
6616,,8.0,,,,,,15856.263157894737
6625,5.0,,,,,,,15884.684210526315
6626,,8.0,,,,,,15887.842105263158
6634,,,0.8011571168899536,0.8269714117050171,0.0012056783307343721,0.027577627450227737,0.13877317309379578,15901.526315789473
6651,5.0,,,,,,,15937.315789473685
6652,,8.0,,,,,,15939.421052631578
6660,5.0,,,,,,,15956.263157894737
6661,,8.0,,,,,,15958.368421052632
6672,5.0,,,,,,,15981.526315789473
6673,,8.0,,,,,,15983.631578947368
6684,5.0,,,,,,,16006.78947368421
6685,,8.0,,,,,,16008.894736842105
6689,,,0.8398004174232483,0.8816859126091003,0.008810039609670639,0.027660401538014412,0.701791524887085,16013.105263157895
6704,5.0,,,,,,,16044.684210526315
6705,,8.0,,,,,,16046.78947368421
6719,5.0,,,,,,,16076.263157894737
6720,,8.0,,,,,,16078.368421052632
6733,5.0,,,,,,,16105.736842105263
6734,,8.0,,,,,,16107.842105263158
6743,5.0,,,,,,,16126.78947368421
6744,,8.0,,,,,,16128.894736842105
6748,,,0.8105028867721558,0.857542097568512,0.0018224279629066586,0.024094171822071075,0.21232488751411438,16133.666666666666
6751,,,0.7731509208679199,0.8193292617797852,0.005969888065010309,0.043817806988954544,0.42059820890426636,16141.666666666666
6760,5.0,,,,,,,16165.666666666666
6761,,8.0,,,,,,16168.333333333334
6770,5.0,,,,,,,16192.333333333334
6771,,8.0,,,,,,16195.0
6780,5.0,,,,,,,16219.0
6781,,8.0,,,,,,16221.666666666666
6790,5.0,,,,,,,16245.666666666666
6791,,8.0,,,,,,16248.333333333334
6800,,,0.9061506390571594,0.922390341758728,0.0016912146238610148,0.02016475796699524,0.09898291528224945,16271.57142857143
6807,5.0,,,,,,,16295.57142857143
6808,,8.0,,,,,,16299.0
6812,5.0,,,,,,,16312.714285714286
6813,,8.0,,,,,,16316.142857142857
6818,5.0,,,,,,,16333.285714285714
6819,,8.0,,,,,,16336.714285714286
6827,5.0,,,,,,,16364.142857142857
6828,,8.0,,,,,,16367.57142857143
6833,,,0.815141499042511,0.8752303719520569,0.005642526783049107,0.037175729870796204,0.1932576596736908,16376.714285714286
6842,5.0,,,,,,,16402.428571428572
6843,,8.0,,,,,,16405.285714285714
6854,5.0,,,,,,,16436.714285714286
6855,,8.0,,,,,,16439.571428571428
6861,5.0,,,,,,,16456.714285714286
6862,,8.0,,,,,,16459.571428571428
6871,5.0,,,,,,,16485.285714285714
6872,,8.0,,,,,,16488.14285714286
6876,,,0.7974064350128174,0.8485536575317383,0.0031793902162462473,0.04707034304738045,-0.01715666987001896,16493.926829268294
6886,5.0,,,,,,,16523.19512195122
6887,,8.0,,,,,,16526.121951219513
6895,5.0,,,,,,,16549.536585365855
6896,,8.0,,,,,,16552.463414634145
6904,5.0,,,,,,,16575.878048780487
6905,,8.0,,,,,,16578.80487804878
6914,5.0,,,,,,,16605.146341463416
6915,,8.0,,,,,,16608.073170731706
6920,,,0.745256245136261,0.7907130122184753,0.012541263364255428,0.036281321197748184,-0.16952836513519287,16617.153846153848
6928,5.0,,,,,,,16641.76923076923
6929,,8.0,,,,,,16644.846153846152
6935,5.0,,,,,,,16663.30769230769
6936,,8.0,,,,,,16666.384615384617
6945,5.0,,,,,,,16694.076923076922
6946,,8.0,,,,,,16697.153846153848
6955,5.0,,,,,,,16724.846153846152
6956,,8.0,,,,,,16727.923076923078
6961,,,0.8363993167877197,0.8781716227531433,0.00701375026255846,0.0279079619795084,-0.6732611060142517,16737.153846153848
6965,,,0.8113020062446594,0.8421148061752319,0.024384312331676483,0.05487160384654999,-0.48494473099708557,16749.46153846154
6971,5.0,,,,,,,16767.923076923078
6972,,8.0,,,,,,16771.0
6979,5.0,,,,,,,16792.53846153846
6980,,8.0,,,,,,16795.615384615383
6988,5.0,,,,,,,16820.23076923077
6989,,8.0,,,,,,16823.30769230769
6996,5.0,,,,,,,16844.846153846152
6997,,8.0,,,,,,16847.923076923078
7001,,,0.8312133550643921,0.8791408538818359,0.015912756323814392,0.06081797555088997,-0.4431731104850769,16853.5
7013,5.0,,,,,,,16883.5
7014,,8.0,,,,,,16886.0
7028,5.0,,,,,,,16921.0
7029,,8.0,,,,,,16923.5
7038,5.0,,,,,,,16946.0
7039,,8.0,,,,,,16948.5
7046,5.0,,,,,,,16966.0
7047,,8.0,,,,,,16968.5
7056,,,0.8295771479606628,0.8588381409645081,0.019602658227086067,0.04725496843457222,-0.5370297431945801,16984.846153846152
7065,5.0,,,,,,,17005.615384615383
7066,,8.0,,,,,,17007.923076923078
7072,5.0,,,,,,,17021.76923076923
7073,,8.0,,,,,,17024.076923076922
7087,5.0,,,,,,,17056.384615384617
7088,,8.0,,,,,,17058.69230769231
7100,5.0,,,,,,,17086.384615384617
7101,,8.0,,,,,,17088.69230769231
7106,,,0.8064113259315491,0.8356088399887085,0.009592032991349697,0.0477113239467144,-0.40422961115837097,17097.0
7118,5.0,,,,,,,17133.0
7119,,8.0,,,,,,17136.0
7125,5.0,,,,,,,17154.0
7126,,8.0,,,,,,17157.0
7133,5.0,,,,,,,17178.0
7134,,8.0,,,,,,17181.0
7142,5.0,,,,,,,17205.0
7143,,8.0,,,,,,17208.0
7147,,,0.7898026704788208,0.8289624452590942,0.014362793415784836,0.05914990231394768,0.09215079247951508,17213.666666666668
7161,5.0,,,,,,,17251.0
7162,,8.0,,,,,,17253.666666666668
7170,5.0,,,,,,,17275.0
7171,,8.0,,,,,,17277.666666666668
7181,5.0,,,,,,,17304.333333333332
7182,,8.0,,,,,,17307.0
7189,5.0,,,,,,,17325.666666666668
7190,,8.0,,,,,,17328.333333333332
7195,,,0.8260270357131958,0.8346214294433594,0.031697094440460205,0.08346427232027054,-0.13000203669071198,17335.897959183672
7200,,,0.8396167755126953,0.8610836267471313,0.008530023507773876,0.027388518676161766,-0.43481993675231934,17348.14285714286
7207,5.0,,,,,,,17365.285714285714
7208,,8.0,,,,,,17367.73469387755
7222,5.0,,,,,,,17402.020408163266
7223,,8.0,,,,,,17404.469387755104
7230,5.0,,,,,,,17421.61224489796
7231,,8.0,,,,,,17424.061224489797
7240,5.0,,,,,,,17446.102040816328
7241,,8.0,,,,,,17448.551020408162
7246,,,0.8440290689468384,0.867098331451416,0.009264874272048473,0.03704964742064476,-0.4258657395839691,17458.5
7254,5.0,,,,,,,17488.5
7255,,8.0,,,,,,17492.25
7261,5.0,,,,,,,17514.75
7262,,8.0,,,,,,17518.5
7267,5.0,,,,,,,17537.25
7268,,8.0,,,,,,17541.0
7274,5.0,,,,,,,17563.5
7275,,8.0,,,,,,17567.25
7280,,,0.7757708430290222,0.8289446234703064,0.013389628380537033,0.047186870127916336,-0.17142166197299957,17576.106382978724
7291,5.0,,,,,,,17604.191489361703
7292,,8.0,,,,,,17606.744680851065
7299,5.0,,,,,,,17624.617021276597
7300,,8.0,,,,,,17627.17021276596
7311,5.0,,,,,,,17655.255319148935
7312,,8.0,,,,,,17657.808510638297
7323,5.0,,,,,,,17685.893617021276
7324,,8.0,,,,,,17688.44680851064
7331,,,0.8054995536804199,0.856823742389679,0.011606138199567795,0.032460253685712814,-0.5185089111328125,17701.434782608696
7341,5.0,,,,,,,17727.521739130436
7342,,8.0,,,,,,17730.130434782608
7351,5.0,,,,,,,17753.608695652172
7352,,8.0,,,,,,17756.217391304348
7361,5.0,,,,,,,17779.695652173912
7362,,8.0,,,,,,17782.304347826088
7371,5.0,,,,,,,17805.782608695652
7372,,8.0,,,,,,17808.391304347828
7377,,,0.820318877696991,0.8691849708557129,0.00790694821625948,0.03542304039001465,-0.3357864320278168,17816.714285714286
7387,5.0,,,,,,,17845.285714285714
7388,,8.0,,,,,,17848.14285714286
7397,5.0,,,,,,,17873.85714285714
7398,,8.0,,,,,,17876.714285714286
7406,5.0,,,,,,,17899.571428571428
7407,,8.0,,,,,,17902.428571428572
7415,5.0,,,,,,,17925.285714285714
7416,,8.0,,,,,,17928.14285714286
7421,,,0.8339917063713074,0.8688332438468933,0.024193178862333298,0.04336182400584221,-0.43561387062072754,17935.897959183672
7425,,,0.7675877809524536,0.8194278478622437,0.01026180200278759,0.0334031842648983,-0.4062599837779999,17945.69387755102
7435,5.0,,,,,,,17970.183673469386
7436,,8.0,,,,,,17972.632653061224
7448,5.0,,,,,,,18002.020408163266
7449,,8.0,,,,,,18004.469387755104
7459,5.0,,,,,,,18028.95918367347
7460,,8.0,,,,,,18031.408163265307
7466,5.0,,,,,,,18046.102040816328
7467,,8.0,,,,,,18048.551020408162
7475,,,0.8385565876960754,0.8758202195167542,0.01064204704016447,0.041803862899541855,-0.6947178244590759,18063.244897959183
7484,5.0,,,,,,,18085.285714285714
7485,,8.0,,,,,,18087.73469387755
7496,5.0,,,,,,,18114.673469387755
7497,,8.0,,,,,,18117.122448979593
7505,5.0,,,,,,,18136.714285714286
7506,,8.0,,,,,,18139.163265306124
7517,5.0,,,,,,,18166.102040816328
7518,,8.0,,,,,,18168.551020408162
7524,,,0.8292630910873413,0.8516960740089417,0.00630512461066246,0.044407278299331665,-0.8506030440330505,18179.18181818182
7531,5.0,,,,,,,18198.272727272728
7532,,8.0,,,,,,18201.0
7540,5.0,,,,,,,18222.81818181818
7541,,8.0,,,,,,18225.545454545456
7555,5.0,,,,,,,18263.727272727272
7556,,8.0,,,,,,18266.454545454544
7563,5.0,,,,,,,18285.545454545456
7564,,8.0,,,,,,18288.272727272728
7570,,,0.7861037254333496,0.8298072814941406,-0.007930250838398933,0.029263459146022797,-0.4181475341320038,18299.0
7581,5.0,,,,,,,18328.333333333332
7582,,8.0,,,,,,18331.0
7588,5.0,,,,,,,18347.0
7589,,8.0,,,,,,18349.666666666668
7599,5.0,,,,,,,18376.333333333332
7600,,8.0,,,,,,18379.0
7610,5.0,,,,,,,18405.666666666668
7611,,8.0,,,,,,18408.333333333332
7617,,,0.8254444599151611,0.8529956936836243,-0.0028083703946322203,0.048154767602682114,-0.7134706974029541,18418.5
7627,5.0,,,,,,,18443.5
7628,,8.0,,,,,,18446.0
7635,5.0,,,,,,,18463.5
7636,,8.0,,,,,,18466.0
7649,5.0,,,,,,,18498.5
7650,,8.0,,,,,,18501.0
7660,5.0,,,,,,,18526.0
7661,,8.0,,,,,,18528.5
7665,,,0.8313612341880798,0.8586947321891785,0.00766777852550149,0.027058374136686325,-1.0504666566848755,18534.076923076922
7667,,,0.7760418057441711,0.8046631813049316,0.0067077321000397205,0.030079310759902,-1.0818912982940674,18540.23076923077
7676,5.0,,,,,,,18567.923076923078
7677,,8.0,,,,,,18571.0
7683,5.0,,,,,,,18589.46153846154
7684,,8.0,,,,,,18592.53846153846
7692,5.0,,,,,,,18617.153846153848
7693,,8.0,,,,,,18620.23076923077
7701,5.0,,,,,,,18644.846153846152
7702,,8.0,,,,,,18647.923076923078
7711,,,0.8331061005592346,0.8679715991020203,0.0006224504322744906,0.012740930542349815,-0.9393969178199768,18665.117647058825
7717,5.0,,,,,,,18679.235294117647
7718,,8.0,,,,,,18681.58823529412
7733,5.0,,,,,,,18716.882352941175
7734,,8.0,,,,,,18719.235294117647
7745,5.0,,,,,,,18745.117647058825
7746,,8.0,,,,,,18747.470588235294
7754,5.0,,,,,,,18766.29411764706
7755,,8.0,,,,,,18768.647058823528
7759,,,0.7906339168548584,0.8212674856185913,0.013814950361847878,0.029053015634417534,-0.3992399573326111,18773.264150943396
7773,5.0,,,,,,,18804.962264150945
7774,,8.0,,,,,,18807.22641509434
7782,5.0,,,,,,,18825.33962264151
7783,,8.0,,,,,,18827.603773584906
7794,5.0,,,,,,,18852.509433962263
7795,,8.0,,,,,,18854.77358490566
7809,5.0,,,,,,,18886.471698113208
7810,,8.0,,,,,,18888.735849056604
7815,,,0.753791093826294,0.791193425655365,0.019354771822690964,0.04498954117298126,-0.17796309292316437,18896.333333333332
7828,5.0,,,,,,,18931.0
7829,,8.0,,,,,,18933.666666666668
7837,5.0,,,,,,,18955.0
7838,,8.0,,,,,,18957.666666666668
7845,5.0,,,,,,,18976.333333333332
7846,,8.0,,,,,,18979.0
7856,5.0,,,,,,,19005.666666666668
7857,,8.0,,,,,,19008.333333333332
7861,,,0.8265324234962463,0.8524469137191772,0.018541937693953514,0.04457719996571541,-0.2370615303516388,19014.333333333332
7869,5.0,,,,,,,19041.0
7870,,8.0,,,,,,19044.333333333332
7875,5.0,,,,,,,19061.0
7876,,8.0,,,,,,19064.333333333332
7886,5.0,,,,,,,19097.666666666668
7887,,8.0,,,,,,19101.0
7894,5.0,,,,,,,19124.333333333332
7895,,8.0,,,,,,19127.666666666668
7899,,,0.7817967534065247,0.8339378833770752,0.017685072496533394,0.05816330015659332,-0.042195893824100494,19133.926829268294
7903,,,0.8444012403488159,0.8766769170761108,0.01423814706504345,0.05030762031674385,-0.061459142714738846,19145.634146341465
7911,5.0,,,,,,,19169.048780487807
7912,,8.0,,,,,,19171.975609756097
7919,5.0,,,,,,,19192.463414634145
7920,,8.0,,,,,,19195.39024390244
7926,5.0,,,,,,,19212.951219512193
7927,,8.0,,,,,,19215.878048780487
7937,5.0,,,,,,,19245.146341463416
7938,,8.0,,,,,,19248.073170731706
7945,,,0.8273608684539795,0.859484076499939,0.016284259036183357,0.05039599910378456,0.3646012842655182,19261.909090909092
7952,5.0,,,,,,,19281.0
7953,,8.0,,,,,,19283.727272727272
7960,5.0,,,,,,,19302.81818181818
7961,,8.0,,,,,,19305.545454545456
7970,5.0,,,,,,,19330.090909090908
7971,,8.0,,,,,,19332.81818181818
7983,5.0,,,,,,,19365.545454545456
7984,,8.0,,,,,,19368.272727272728
7991,,,0.7633917331695557,0.8247841000556946,0.010327802039682865,0.04146762564778328,-0.04114662855863571,19381.909090909092
8001,5.0,,,,,,,19409.18181818182
8002,,8.0,,,,,,19411.909090909092
8011,5.0,,,,,,,19436.454545454544
8012,,8.0,,,,,,19439.18181818182
8019,5.0,,,,,,,19458.272727272728
8020,,8.0,,,,,,19461.0
8029,5.0,,,,,,,19485.545454545456
8030,,8.0,,,,,,19488.272727272728
8034,,,0.8002846240997314,0.8268021941184998,-0.00246770353987813,0.028491009026765823,0.1680741161108017,19493.926829268294
8040,5.0,,,,,,,19511.48780487805
8041,,8.0,,,,,,19514.414634146342
8050,5.0,,,,,,,19540.756097560974
8051,,8.0,,,,,,19543.682926829268
8061,5.0,,,,,,,19572.951219512193
8062,,8.0,,,,,,19575.878048780487
8072,5.0,,,,,,,19605.146341463416
8073,,8.0,,,,,,19608.073170731706
8077,,,0.8240492343902588,0.8492088913917542,0.008672921918332577,0.024191418662667274,-0.2691692113876343,19614.529411764706
8088,5.0,,,,,,,19653.352941176472
8089,,8.0,,,,,,19656.882352941175
8095,5.0,,,,,,,19678.058823529413
8096,,8.0,,,,,,19681.58823529412
8103,5.0,,,,,,,19706.29411764706
8104,,8.0,,,,,,19709.823529411766
8108,5.0,,,,,,,19723.941176470587
8109,,8.0,,,,,,19727.470588235294
8113,,,0.7737016677856445,0.8121175765991211,0.012116127647459507,0.057567059993743896,0.17723795771598816,19733.4
8116,,,0.7897356748580933,0.8401702046394348,0.027093276381492615,0.06449174135923386,0.20517286658287048,19740.6
8123,5.0,,,,,,,19757.4
8124,,8.0,,,,,,19759.8
8140,5.0,,,,,,,19798.2
8141,,8.0,,,,,,19800.6
8152,5.0,,,,,,,19827.0
8153,,8.0,,,,,,19829.4
8160,5.0,,,,,,,19846.2
8161,,8.0,,,,,,19848.6
8168,,,0.8370371460914612,0.8769310712814331,0.001960435649380088,0.01763583905994892,0.1082315444946289,19862.70731707317
8177,5.0,,,,,,,19889.048780487807
8178,,8.0,,,,,,19891.975609756097
8187,5.0,,,,,,,19918.317073170732
8188,,8.0,,,,,,19921.243902439026
8197,5.0,,,,,,,19947.585365853658
8198,,8.0,,,,,,19950.51219512195
8203,5.0,,,,,,,19965.146341463416
8204,,8.0,,,,,,19968.073170731706
8210,,,0.7561584115028381,0.7958481311798096,0.006983477622270584,0.025744305923581123,-0.03970189392566681,19979.18181818182
8219,5.0,,,,,,,20003.727272727272
8220,,8.0,,,,,,20006.454545454544
8229,5.0,,,,,,,20031.0
8230,,8.0,,,,,,20033.727272727272
8241,5.0,,,,,,,20063.727272727272
8242,,8.0,,,,,,20066.454545454544
8249,5.0,,,,,,,20085.545454545456
8250,,8.0,,,,,,20088.272727272728
8254,,,0.8728201985359192,0.8951124548912048,0.008523781783878803,0.019100971519947052,0.19260188937187195,20093.5
8266,5.0,,,,,,,20123.5
8267,,8.0,,,,,,20126.0
8278,5.0,,,,,,,20153.5
8279,,8.0,,,,,,20156.0
8289,5.0,,,,,,,20181.0
8290,,8.0,,,,,,20183.5
8299,5.0,,,,,,,20206.0
8300,,8.0,,,,,,20208.5
8304,,,0.7725673913955688,0.816953182220459,0.012032986618578434,0.030070392414927483,0.2759803533554077,20214.0
8311,5.0,,,,,,,20235.0
8312,,8.0,,,,,,20238.0
8318,5.0,,,,,,,20256.0
8319,,8.0,,,,,,20259.0
8327,5.0,,,,,,,20283.0
8328,,8.0,,,,,,20286.0
8341,5.0,,,,,,,20325.0
8342,,8.0,,,,,,20328.0
8346,,,0.8135144710540771,0.8392714858055115,-0.0038898612838238478,0.024286359548568726,0.3703976571559906,20333.55319148936
8351,,,0.780460774898529,0.8126749396324158,0.003542488906532526,0.017232708632946014,0.3434872329235077,20346.31914893617
8359,5.0,,,,,,,20366.744680851065
8360,,8.0,,,,,,20369.297872340427
8370,5.0,,,,,,,20394.82978723404
8371,,8.0,,,,,,20397.382978723403
8378,5.0,,,,,,,20415.255319148935
8379,,8.0,,,,,,20417.808510638297
8390,5.0,,,,,,,20445.893617021276
8391,,8.0,,,,,,20448.44680851064
8399,,,0.7915064692497253,0.8428031206130981,0.016025319695472717,0.04388321191072464,0.6316922307014465,20463.76595744681
8410,5.0,,,,,,,20491.85106382979
8411,,8.0,,,,,,20494.40425531915
8418,5.0,,,,,,,20512.27659574468
8419,,8.0,,,,,,20514.82978723404
8429,5.0,,,,,,,20540.36170212766
8430,,8.0,,,,,,20542.91489361702
8439,5.0,,,,,,,20565.893617021276
8440,,8.0,,,,,,20568.44680851064
8449,,,0.81448894739151,0.8486377000808716,0.01693163998425007,0.03897509351372719,0.5998857021331787,20585.117647058825
8463,5.0,,,,,,,20618.058823529413
8464,,8.0,,,,,,20620.41176470588
8473,5.0,,,,,,,20641.58823529412
8474,,8.0,,,,,,20643.941176470587
8482,5.0,,,,,,,20662.764705882353
8483,,8.0,,,,,,20665.117647058825
8492,5.0,,,,,,,20686.29411764706
8493,,8.0,,,,,,20688.647058823528
8498,,,0.7681940197944641,0.8007603883743286,-0.0010867256205528975,0.022372538223862648,0.681594729423523,20696.853658536584
8507,5.0,,,,,,,20723.19512195122
8508,,8.0,,,,,,20726.121951219513
8513,5.0,,,,,,,20740.756097560974
8514,,8.0,,,,,,20743.682926829268
8523,5.0,,,,,,,20770.024390243903
8524,,8.0,,,,,,20772.951219512193
8535,5.0,,,,,,,20805.146341463416
8536,,8.0,,,,,,20808.073170731706
8540,,,0.8315332531929016,0.8574690818786621,0.004398806020617485,0.01688147895038128,0.6301578283309937,20813.448979591838
8553,5.0,,,,,,,20845.285714285714
8554,,8.0,,,,,,20847.73469387755
8567,5.0,,,,,,,20879.571428571428
8568,,8.0,,,,,,20882.020408163266
8577,5.0,,,,,,,20904.061224489797
8578,,8.0,,,,,,20906.51020408163
8586,5.0,,,,,,,20926.102040816328
8587,,8.0,,,,,,20928.551020408162
8592,,,0.7962303757667542,0.8162438273429871,0.024226171895861626,0.0580863319337368,1.152243971824646,20936.217391304348
8596,,,0.7911149263381958,0.8507195711135864,0.020579729229211807,0.033928461372852325,1.0687261819839478,20946.652173913044
8609,5.0,,,,,,,20980.565217391304
8610,,8.0,,,,,,20983.17391304348
8620,5.0,,,,,,,21009.260869565216
8621,,8.0,,,,,,21011.869565217392
8627,5.0,,,,,,,21027.521739130436
8628,,8.0,,,,,,21030.130434782608
8634,5.0,,,,,,,21045.782608695652
8635,,8.0,,,,,,21048.391304347828
8643,,,0.8014669418334961,0.8336349129676819,0.004093147348612547,0.012629231438040733,0.856468915939331,21063.244897959183
8653,5.0,,,,,,,21087.73469387755
8654,,8.0,,,,,,21090.183673469386
8661,5.0,,,,,,,21107.326530612245
8662,,8.0,,,,,,21109.775510204083
8674,5.0,,,,,,,21139.163265306124
8675,,8.0,,,,,,21141.61224489796
8685,5.0,,,,,,,21166.102040816328
8686,,8.0,,,,,,21168.551020408162
8692,,,0.8328248858451843,0.8568916320800781,0.004941085819154978,0.016337808221578598,0.8487707376480103,21178.34693877551
8702,5.0,,,,,,,21202.836734693876
8703,,8.0,,,,,,21205.285714285714
8713,5.0,,,,,,,21229.775510204083
8714,,8.0,,,,,,21232.224489795917
8723,5.0,,,,,,,21254.26530612245
8724,,8.0,,,,,,21256.714285714286
8736,5.0,,,,,,,21286.102040816328
8737,,8.0,,,,,,21288.551020408162
8742,,,0.7662448883056641,0.7929497361183167,-0.00021190331608522683,0.03925735875964165,0.754876434803009,21296.454545454544
8755,5.0,,,,,,,21331.909090909092
8756,,8.0,,,,,,21334.636363636364
8762,5.0,,,,,,,21351.0
8763,,8.0,,,,,,21353.727272727272
8774,5.0,,,,,,,21383.727272727272
8775,,8.0,,,,,,21386.454545454544
8782,5.0,,,,,,,21405.545454545456
8783,,8.0,,,,,,21408.272727272728
8787,,,0.7701034545898438,0.807171106338501,0.008764623664319515,0.025402892380952835,0.3170067369937897,21414.157894736843
8799,5.0,,,,,,,21452.052631578947
8800,,8.0,,,,,,21455.21052631579
8805,5.0,,,,,,,21471.0
8806,,8.0,,,,,,21474.157894736843
8813,5.0,,,,,,,21496.263157894737
8814,,8.0,,,,,,21499.42105263158
8822,5.0,,,,,,,21524.684210526317
8823,,8.0,,,,,,21527.842105263157
8828,,,0.7872353196144104,0.8176241517066956,-0.002540325978770852,0.02481510117650032,0.2665264308452606,21535.285714285714
8831,,,0.8135697841644287,0.8518176674842834,0.005450925324112177,0.024133671075105667,0.2233227640390396,21541.714285714286
8846,5.0,,,,,,,21573.85714285714
8847,,8.0,,,,,,21576.0
8855,5.0,,,,,,,21593.14285714286
8856,,8.0,,,,,,21595.285714285714
8865,5.0,,,,,,,21614.571428571428
8866,,8.0,,,,,,21616.714285714286
8880,5.0,,,,,,,21646.714285714286
8881,,8.0,,,,,,21648.85714285714
8891,,,0.7586912512779236,0.8087191581726074,0.0006179317715577781,0.027650941163301468,0.02669418975710869,21665.237288135595
8904,5.0,,,,,,,21691.677966101695
8905,,8.0,,,,,,21693.71186440678
8919,5.0,,,,,,,21722.186440677968
8920,,8.0,,,,,,21724.22033898305
8931,5.0,,,,,,,21746.593220338982
8932,,8.0,,,,,,21748.627118644068
8941,5.0,,,,,,,21766.93220338983
8942,,8.0,,,,,,21768.966101694914
8947,,,0.758047342300415,0.8032370805740356,0.007219547871500254,0.024220138788223267,-0.3493642807006836,21776.0
8955,5.0,,,,,,,21796.0
8956,,8.0,,,,,,21798.5
8967,5.0,,,,,,,21826.0
8968,,8.0,,,,,,21828.5
8982,5.0,,,,,,,21863.5
8983,,8.0,,,,,,21866.0
8991,5.0,,,,,,,21886.0
8992,,8.0,,,,,,21888.5
8997,,,0.8140690326690674,0.8486667275428772,0.007969565689563751,0.02967618964612484,-0.10259439796209335,21896.333333333332
9010,5.0,,,,,,,21931.0
9011,,8.0,,,,,,21933.666666666668
9019,5.0,,,,,,,21955.0
9020,,8.0,,,,,,21957.666666666668
9028,5.0,,,,,,,21979.0
9029,,8.0,,,,,,21981.666666666668
9038,5.0,,,,,,,22005.666666666668
9039,,8.0,,,,,,22008.333333333332
9045,,,0.7717174887657166,0.8127619624137878,-0.001657119719311595,0.032752178609371185,-0.409953236579895,22017.206896551725
9060,5.0,,,,,,,22048.241379310344
9061,,8.0,,,,,,22050.310344827587
9071,5.0,,,,,,,22071.0
9072,,8.0,,,,,,22073.068965517243
9085,5.0,,,,,,,22099.96551724138
9086,,8.0,,,,,,22102.03448275862
9098,5.0,,,,,,,22126.862068965518
9099,,8.0,,,,,,22128.931034482757
9105,,,0.8051175475120544,0.8450703024864197,0.0004937265766784549,0.021705517545342445,-0.27544134855270386,22138.659574468085
9108,,,0.77703857421875,0.7958663105964661,0.005391554906964302,0.018277248367667198,-0.2856768071651459,22146.31914893617
9118,5.0,,,,,,,22171.85106382979
9119,,8.0,,,,,,22174.40425531915
9127,5.0,,,,,,,22194.82978723404
9128,,8.0,,,,,,22197.382978723403
9137,5.0,,,,,,,22220.36170212766
9138,,8.0,,,,,,22222.91489361702
9147,5.0,,,,,,,22245.893617021276
9148,,8.0,,,,,,22248.44680851064
9153,,,0.752446174621582,0.7856099009513855,0.010806442238390446,0.061653945595026016,-0.3756701946258545,22255.8
9163,5.0,,,,,,,22279.8
9164,,8.0,,,,,,22282.2
9172,5.0,,,,,,,22301.4
9173,,8.0,,,,,,22303.8
9184,5.0,,,,,,,22330.2
9185,,8.0,,,,,,22332.6
9199,5.0,,,,,,,22366.2
9200,,8.0,,,,,,22368.6
9205,,,0.7917426824569702,0.8345903158187866,0.0024503290187567472,0.021848570555448532,-0.21050970256328583,22377.486486486487
9215,5.0,,,,,,,22409.91891891892
9216,,8.0,,,,,,22413.162162162163
9221,5.0,,,,,,,22429.37837837838
9222,,8.0,,,,,,22432.62162162162
9231,5.0,,,,,,,22461.81081081081
9232,,8.0,,,,,,22465.054054054053
9238,5.0,,,,,,,22484.513513513513
9239,,8.0,,,,,,22487.756756756757
9244,,,0.7716394066810608,0.804215133190155,0.005282532423734665,0.013322231359779835,-0.1471594274044037,22495.615384615383
9258,5.0,,,,,,,22527.923076923078
9259,,8.0,,,,,,22530.23076923077
9269,5.0,,,,,,,22553.30769230769
9270,,8.0,,,,,,22555.615384615383
9280,5.0,,,,,,,22578.69230769231
9281,,8.0,,,,,,22581.0
9292,5.0,,,,,,,22606.384615384617
9293,,8.0,,,,,,22608.69230769231
9297,,,0.7740849852561951,0.8097707033157349,0.01219174824655056,0.03126000612974167,0.18195483088493347,22613.608695652172
9309,5.0,,,,,,,22644.91304347826
9310,,8.0,,,,,,22647.521739130436
9321,5.0,,,,,,,22676.217391304348
9322,,8.0,,,,,,22678.82608695652
9332,5.0,,,,,,,22704.91304347826
9333,,8.0,,,,,,22707.521739130436
9340,5.0,,,,,,,22725.782608695652
9341,,8.0,,,,,,22728.391304347828
9345,,,0.7808419466018677,0.8316487073898315,0.002876586513593793,0.01455122884362936,-0.2204551100730896,22733.448979591838
9349,,,0.7520264387130737,0.7831448912620544,0.005801693070679903,0.018132099881768227,-0.18109114468097687,22743.244897959183
9357,5.0,,,,,,,22762.836734693876
9358,,8.0,,,,,,22765.285714285714
9369,5.0,,,,,,,22792.224489795917
9370,,8.0,,,,,,22794.673469387755
9375,5.0,,,,,,,22806.918367346938
9376,,8.0,,,,,,22809.367346938776
9391,5.0,,,,,,,22846.102040816328
9392,,8.0,,,,,,22848.551020408162
9402,,,0.7457713484764099,0.7934650182723999,0.002401906531304121,0.023057609796524048,0.23896221816539764,22866.272727272728
9416,5.0,,,,,,,22896.81818181818
9417,,8.0,,,,,,22899.0
9428,5.0,,,,,,,22923.0
9429,,8.0,,,,,,22925.18181818182
9438,5.0,,,,,,,22944.81818181818
9439,,8.0,,,,,,22947.0
9448,5.0,,,,,,,22966.636363636364
9449,,8.0,,,,,,22968.81818181818
9456,,,0.7793310880661011,0.8164498209953308,0.012071697972714901,0.03500853478908539,0.2892738878726959,22980.23076923077
9469,5.0,,,,,,,23010.23076923077
9470,,8.0,,,,,,23012.53846153846
9479,5.0,,,,,,,23033.30769230769
9480,,8.0,,,,,,23035.615384615383
9494,5.0,,,,,,,23067.923076923078
9495,,8.0,,,,,,23070.23076923077
9502,5.0,,,,,,,23086.384615384617
9503,,8.0,,,,,,23088.69230769231
9508,,,0.7581192851066589,0.7878094911575317,0.000677929725497961,0.01656261645257473,0.276530385017395,23097.666666666668
9518,5.0,,,,,,,23131.0
9519,,8.0,,,,,,23134.333333333332
9524,5.0,,,,,,,23151.0
9525,,8.0,,,,,,23154.333333333332
9531,5.0,,,,,,,23174.333333333332
9532,,8.0,,,,,,23177.666666666668
9540,5.0,,,,,,,23204.333333333332
9541,,8.0,,,,,,23207.666666666668
9545,,,0.8091588020324707,0.8248798847198486,0.000611840165220201,0.0105367973446846,0.12051551789045334,23213.666666666668
9559,5.0,,,,,,,23251.0
9560,,8.0,,,,,,23253.666666666668
9569,5.0,,,,,,,23277.666666666668
9570,,8.0,,,,,,23280.333333333332
9580,5.0,,,,,,,23307.0
9581,,8.0,,,,,,23309.666666666668
9587,5.0,,,,,,,23325.666666666668
9588,,8.0,,,,,,23328.333333333332
9593,,,0.7283428907394409,0.7605924010276794,0.010122819803655148,0.03161778301000595,0.41314178705215454,23335.615384615383
9596,,,0.7724669575691223,0.7937479019165039,0.005204401444643736,0.023420875892043114,0.307565301656723,23342.53846153846
9604,5.0,,,,,,,23361.0
9605,,8.0,,,,,,23363.30769230769
9617,5.0,,,,,,,23391.0
9618,,8.0,,,,,,23393.30769230769
9632,5.0,,,,,,,23425.615384615383
9633,,8.0,,,,,,23427.923076923078
9641,5.0,,,,,,,23446.384615384617
9642,,8.0,,,,,,23448.69230769231
9646,,,0.7687400579452515,0.8088186979293823,0.00166766915936023,0.0073405480943620205,0.03377990424633026,23454.076923076922
9655,5.0,,,,,,,23481.76923076923
9656,,8.0,,,,,,23484.846153846152
9668,5.0,,,,,,,23521.76923076923
9669,,8.0,,,,,,23524.846153846152
9675,5.0,,,,,,,23543.30769230769
9676,,8.0,,,,,,23546.384615384617
9682,5.0,,,,,,,23564.846153846152
9683,,8.0,,,,,,23567.923076923078
9689,,,0.7461377382278442,0.7801234722137451,-0.00016776795382611454,0.013432743959128857,-0.016641730442643166,23579.780487804877
9698,5.0,,,,,,,23606.121951219513
9699,,8.0,,,,,,23609.048780487807
9705,5.0,,,,,,,23626.60975609756
9706,,8.0,,,,,,23629.536585365855
9715,5.0,,,,,,,23655.878048780487
9716,,8.0,,,,,,23658.80487804878
9725,5.0,,,,,,,23685.146341463416
9726,,8.0,,,,,,23688.073170731706
9730,,,0.7815415859222412,0.80950927734375,0.0051832725293934345,0.020354023203253746,0.2565710246562958,23694.157894736843
9740,5.0,,,,,,,23725.736842105263
9741,,8.0,,,,,,23728.894736842107
9746,5.0,,,,,,,23744.684210526317
9747,,8.0,,,,,,23747.842105263157
9756,5.0,,,,,,,23776.263157894737
9757,,8.0,,,,,,23779.42105263158
9765,5.0,,,,,,,23804.684210526317
9766,,8.0,,,,,,23807.842105263157
9770,,,0.7325466871261597,0.7736722826957703,0.018873408436775208,0.049452874809503555,0.23602579534053802,23814.076923076922
9778,5.0,,,,,,,23838.69230769231
9779,,8.0,,,,,,23841.76923076923
9787,5.0,,,,,,,23866.384615384617
9788,,8.0,,,,,,23869.46153846154
9794,5.0,,,,,,,23887.923076923078
9795,,8.0,,,,,,23891.0
9806,5.0,,,,,,,23924.846153846152
9807,,8.0,,,,,,23927.923076923078
9812,,,0.9225854873657227,0.9371573328971863,-0.14927415549755096,0.1623413860797882,-0.14978158473968506,23935.897959183672
9815,,,0.8613353967666626,0.8756369948387146,0.00196949765086174,0.015056679025292397,-0.25298458337783813,23943.244897959183
9825,5.0,,,,,,,23967.73469387755
9826,,8.0,,,,,,23970.183673469386
9835,5.0,,,,,,,23992.224489795917
9836,,8.0,,,,,,23994.673469387755
9846,5.0,,,,,,,24019.163265306124
9847,,8.0,,,,,,24021.61224489796
9857,5.0,,,,,,,24046.102040816328
9858,,8.0,,,,,,24048.551020408162
9864,,,0.8424731492996216,0.8810502886772156,0.0195667315274477,0.03831006586551666,-0.329635888338089,24058.5
9871,5.0,,,,,,,24076.0
9872,,8.0,,,,,,24078.5
9885,5.0,,,,,,,24111.0
9886,,8.0,,,,,,24113.5
9897,5.0,,,,,,,24141.0
9898,,8.0,,,,,,24143.5
9907,5.0,,,,,,,24166.0
9908,,8.0,,,,,,24168.5
9913,,,0.8271124362945557,0.8678308129310608,-0.000715009868144989,0.026105305179953575,-0.5147234797477722,24177.0
9921,5.0,,,,,,,24201.0
9922,,8.0,,,,,,24204.0
9932,5.0,,,,,,,24234.0
9933,,8.0,,,,,,24237.0
9938,5.0,,,,,,,24252.0
9939,,8.0,,,,,,24255.0
9949,5.0,,,,,,,24285.0
9950,,8.0,,,,,,24288.0
9956,,,0.7698449492454529,0.7982318997383118,0.0017939629033207893,0.03271140530705452,0.0045234025456011295,24300.0
9966,5.0,,,,,,,24330.0
9967,,8.0,,,,,,24333.0
9977,5.0,,,,,,,24363.0
9978,,8.0,,,,,,24366.0
9984,5.0,,,,,,,24384.0
9985,,8.0,,,,,,24387.0
9991,5.0,,,,,,,24405.0
9992,,8.0,,,,,,24408.0
9996,,,0.7487585544586182,0.7793864011764526,0.0004972708411514759,0.012911674566566944,-0.009616228751838207,24413.727272727272
10010,5.0,,,,,,,24451.909090909092
10011,,8.0,,,,,,24454.636363636364
10019,5.0,,,,,,,24476.454545454544
10020,,8.0,,,,,,24479.18181818182
10029,5.0,,,,,,,24503.727272727272
10030,,8.0,,,,,,24506.454545454544
10037,5.0,,,,,,,24525.545454545456
10038,,8.0,,,,,,24528.272727272728
10043,,,0.7960081100463867,0.8256470561027527,0.0106284124776721,0.04500584676861763,0.39098432660102844,24537.153846153848
10045,,,0.7589535713195801,0.784098207950592,0.012727991677820683,0.04379689693450928,0.3329356014728546,24543.30769230769
10053,5.0,,,,,,,24567.923076923078
10054,,8.0,,,,,,24571.0
10064,5.0,,,,,,,24601.76923076923
10065,,8.0,,,,,,24604.846153846152
10071,5.0,,,,,,,24623.30769230769
10072,,8.0,,,,,,24626.384615384617
10078,5.0,,,,,,,24644.846153846152
10079,,8.0,,,,,,24647.923076923078
10085,,,0.7539896368980408,0.8005830645561218,0.002338333986699581,0.00911304447799921,0.10216563194990158,24659.372093023256
10096,5.0,,,,,,,24690.06976744186
10097,,8.0,,,,,,24692.86046511628
10107,5.0,,,,,,,24720.767441860466
10108,,8.0,,,,,,24723.558139534885
10115,5.0,,,,,,,24743.093023255813
10116,,8.0,,,,,,24745.883720930233
10123,5.0,,,,,,,24765.418604651164
10124,,8.0,,,,,,24768.20930232558
10132,,,0.7359631061553955,0.7740183472633362,0.0029814853332936764,0.01612379215657711,-0.08629416674375534,24782.53846153846
10148,5.0,,,,,,,24819.46153846154
10149,,8.0,,,,,,24821.76923076923
10159,5.0,,,,,,,24844.846153846152
10160,,8.0,,,,,,24847.153846153848
10170,5.0,,,,,,,24870.23076923077
10171,,8.0,,,,,,24872.53846153846
10177,5.0,,,,,,,24886.384615384617
10178,,8.0,,,,,,24888.69230769231
10185,,,0.7610350251197815,0.7902483344078064,0.0052310447208583355,0.011877546086907387,-0.539721667766571,24900.79591836735
10199,5.0,,,,,,,24935.081632653062
10200,,8.0,,,,,,24937.530612244896
10212,5.0,,,,,,,24966.918367346938
10213,,8.0,,,,,,24969.367346938776
10219,5.0,,,,,,,24984.061224489797
10220,,8.0,,,,,,24986.51020408163
10228,5.0,,,,,,,25006.102040816328
10229,,8.0,,,,,,25008.551020408162
10233,,,0.797929584980011,0.8122432827949524,-0.0006753772613592446,0.01847098022699356,-0.693115770816803,25013.926829268294
10241,5.0,,,,,,,25037.341463414636
10242,,8.0,,,,,,25040.268292682926
10251,5.0,,,,,,,25066.60975609756
10252,,8.0,,,,,,25069.536585365855
10260,5.0,,,,,,,25092.951219512193
10261,,8.0,,,,,,25095.878048780487
10271,5.0,,,,,,,25125.146341463416
10272,,8.0,,,,,,25128.073170731706
10277,,,0.7584664225578308,0.7823879718780518,0.00032684655161574483,0.016245340928435326,-0.5289999842643738,25135.897959183672
10281,,,0.7409048080444336,0.7923852801322937,0.002236418891698122,0.010759294033050537,-0.5588634610176086,25145.69387755102
10288,5.0,,,,,,,25162.836734693876
10289,,8.0,,,,,,25165.285714285714
10300,5.0,,,,,,,25192.224489795917
10301,,8.0,,,,,,25194.673469387755
10311,5.0,,,,,,,25219.163265306124
10312,,8.0,,,,,,25221.61224489796
10322,5.0,,,,,,,25246.102040816328
10323,,8.0,,,,,,25248.551020408162
10328,,,0.7684767246246338,0.7950920462608337,0.006743708625435829,0.0234858188778162,-0.40494897961616516,25256.454545454544
10337,5.0,,,,,,,25281.0
10338,,8.0,,,,,,25283.727272727272
10347,5.0,,,,,,,25308.272727272728
10348,,8.0,,,,,,25311.0
10357,5.0,,,,,,,25335.545454545456
10358,,8.0,,,,,,25338.272727272728
10368,5.0,,,,,,,25365.545454545456
10369,,8.0,,,,,,25368.272727272728
10373,,,0.7591089606285095,0.8227756023406982,0.005086806602776051,0.029981257393956184,-0.341411828994751,25374.333333333332
10379,5.0,,,,,,,25394.333333333332
10380,,8.0,,,,,,25397.666666666668
10389,5.0,,,,,,,25427.666666666668
10390,,8.0,,,,,,25431.0
10397,5.0,,,,,,,25454.333333333332
10398,,8.0,,,,,,25457.666666666668
10406,5.0,,,,,,,25484.333333333332
10407,,8.0,,,,,,25487.666666666668
10411,,,0.7513583898544312,0.7919812798500061,0.008420220576226711,0.02049950882792473,-0.23817303776741028,25494.333333333332
10420,5.0,,,,,,,25524.333333333332
10421,,8.0,,,,,,25527.666666666668
10427,5.0,,,,,,,25547.666666666668
10428,,8.0,,,,,,25551.0
10436,5.0,,,,,,,25577.666666666668
10437,,8.0,,,,,,25581.0
10444,5.0,,,,,,,25604.333333333332
10445,,8.0,,,,,,25607.666666666668
10449,,,0.7919092774391174,0.8285963535308838,0.006147017702460289,0.012727984227240086,-0.23515918850898743,25613.222222222223
10461,5.0,,,,,,,25639.88888888889
10462,,8.0,,,,,,25642.11111111111
10475,5.0,,,,,,,25671.0
10476,,8.0,,,,,,25673.222222222223
10488,5.0,,,,,,,25699.88888888889
10489,,8.0,,,,,,25702.11111111111
10500,5.0,,,,,,,25726.555555555555
10501,,8.0,,,,,,25728.777777777777
10505,,,0.7365046739578247,0.7854345440864563,0.01910526305437088,0.04813185706734657,0.10677575320005417,25733.85714285714
10509,,,0.7603058218955994,0.7962000370025635,0.005886248778551817,0.021971721202135086,0.010678103193640709,25745.285714285714
10517,5.0,,,,,,,25768.14285714286
10518,,8.0,,,,,,25771.0
10524,5.0,,,,,,,25788.14285714286
10525,,8.0,,,,,,25791.0
10534,5.0,,,,,,,25816.714285714286
10535,,8.0,,,,,,25819.571428571428
10544,5.0,,,,,,,25845.285714285714
10545,,8.0,,,,,,25848.14285714286
10550,,,0.7361202239990234,0.7743025422096252,0.0014876677887514234,0.006683281157165766,-0.5210614800453186,25857.666666666668
10559,5.0,,,,,,,25887.666666666668
10560,,8.0,,,,,,25891.0
10565,5.0,,,,,,,25907.666666666668
10566,,8.0,,,,,,25911.0
10574,5.0,,,,,,,25937.666666666668
10575,,8.0,,,,,,25941.0
10582,5.0,,,,,,,25964.333333333332
10583,,8.0,,,,,,25967.666666666668
10589,,,0.751876950263977,0.7927142381668091,0.001808749046176672,0.00959718693047762,-0.3811381161212921,25977.79245283019
10603,5.0,,,,,,,26009.490566037737
10604,,8.0,,,,,,26011.754716981133
10614,5.0,,,,,,,26034.396226415094
10615,,8.0,,,,,,26036.66037735849
10627,5.0,,,,,,,26063.830188679247
10628,,8.0,,,,,,26066.094339622643
10637,5.0,,,,,,,26086.471698113208
10638,,8.0,,,,,,26088.735849056604
10643,,,0.7137304544448853,0.7561542391777039,-0.0046211895532906055,0.029198572039604187,-0.4182375371456146,26092.644444444446
10650,5.0,,,,,,,26098.4
10651,,8.0,,,,,,26099.222222222223
10664,5.0,,,,,,,26109.911111111112
10665,,8.0,,,,,,26110.733333333334
10673,5.0,,,,,,,26117.31111111111
10674,,8.0,,,,,,26118.133333333335
10684,5.0,,,,,,,26126.355555555554
10685,,8.0,,,,,,26127.17777777778
10691,,,0.7338987588882446,0.7859974503517151,0.019908081740140915,0.035662293434143066,-0.1338300257921219,26137.72972972973
10698,5.0,,,,,,,26160.432432432433
10699,,8.0,,,,,,26163.675675675677
10707,5.0,,,,,,,26189.62162162162
10708,,8.0,,,,,,26192.864864864863
10714,5.0,,,,,,,26212.324324324323
10715,,8.0,,,,,,26215.567567567567
10723,5.0,,,,,,,26241.513513513513
10724,,8.0,,,,,,26244.756756756757
10728,,,0.766693115234375,0.7913808226585388,-0.0008538630208931863,0.009400350041687489,-0.3916325867176056,26249.79069767442
10730,,,0.7460616827011108,0.7809827923774719,0.011843414045870304,0.019815437495708466,-0.3553212881088257,26253.372093023256
10740,5.0,,,,,,,26271.279069767443
10741,,8.0,,,,,,26273.06976744186
10748,5.0,,,,,,,26285.60465116279
10749,,8.0,,,,,,26287.39534883721
10759,5.0,,,,,,,26305.302325581397
10760,,8.0,,,,,,26307.093023255813
10768,5.0,,,,,,,26321.418604651164
10769,,8.0,,,,,,26323.20930232558
10776,,,0.7819951176643372,0.8108494877815247,0.010990029200911522,0.03408149629831314,-0.5287602543830872,26336.162790697676
10786,5.0,,,,,,,26364.06976744186
10787,,8.0,,,,,,26366.86046511628
10793,5.0,,,,,,,26383.60465116279
10794,,8.0,,,,,,26386.39534883721
10803,5.0,,,,,,,26411.511627906977
10804,,8.0,,,,,,26414.302325581397
10813,5.0,,,,,,,26439.418604651164
10814,,8.0,,,,,,26442.20930232558
10819,,,0.7278971076011658,0.7670846581459045,0.0030666133388876915,0.01810380257666111,-0.006759102921932936,26448.823529411766
10824,5.0,,,,,,,26458.382352941175
10825,,8.0,,,,,,26460.29411764706
10833,5.0,,,,,,,26475.58823529412
10834,,8.0,,,,,,26477.5
10842,5.0,,,,,,,26492.79411764706
10843,,8.0,,,,,,26494.70588235294
10849,5.0,,,,,,,26506.176470588234
10850,,8.0,,,,,,26508.08823529412
10855,,,0.7823100090026855,0.8169705867767334,0.004186097998172045,0.020078783854842186,0.057898230850696564,26515.581395348836
10867,5.0,,,,,,,26549.06976744186
10868,,8.0,,,,,,26551.86046511628
10877,5.0,,,,,,,26576.976744186046
10878,,8.0,,,,,,26579.767441860466
10885,5.0,,,,,,,26599.302325581397
10886,,8.0,,,,,,26602.093023255813
10894,5.0,,,,,,,26624.418604651164
10895,,8.0,,,,,,26627.20930232558
10900,,,0.7460241913795471,0.7931963205337524,0.02932325191795826,0.05508837848901749,0.4155523478984833,26635.333333333332
10904,5.0,,,,,,,26646.0
10905,,8.0,,,,,,26648.666666666668
10916,5.0,,,,,,,26678.0
10917,,8.0,,,,,,26680.666666666668
10932,5.0,,,,,,,26720.666666666668
10933,,8.0,,,,,,26723.333333333332
10941,5.0,,,,,,,26744.666666666668
10942,,8.0,,,,,,26747.333333333332
10946,,,0.7414654493331909,0.7974597811698914,0.0191818755120039,0.03726987540721893,0.1564502716064453,26752.222222222223
10950,,,0.6837224364280701,0.7473482489585876,0.018624896183609962,0.041281118988990784,0.22548066079616547,26761.11111111111
10961,5.0,,,,,,,26785.555555555555
10962,,8.0,,,,,,26787.777777777777
10975,5.0,,,,,,,26816.666666666668
10976,,8.0,,,,,,26818.88888888889
10984,5.0,,,,,,,26836.666666666668
10985,,8.0,,,,,,26838.88888888889
10997,5.0,,,,,,,26865.555555555555
10998,,8.0,,,,,,26867.777777777777
11003,,,0.7407959699630737,0.7932695150375366,0.0017394603928551078,0.019683336839079857,0.0873713344335556,26876.0
11014,5.0,,,,,,,26909.0
11015,,8.0,,,,,,26912.0
11020,5.0,,,,,,,26927.0
11021,,8.0,,,,,,26930.0
11028,5.0,,,,,,,26951.0
11029,,8.0,,,,,,26954.0
11039,5.0,,,,,,,26984.0
11040,,8.0,,,,,,26987.0
11044,,,0.7633704543113708,0.8008542060852051,-0.003249075496569276,0.021347040310502052,0.1077004224061966,26994.0
11050,5.0,,,,,,,27018.0
11051,,8.0,,,,,,27022.0
11057,5.0,,,,,,,27046.0
11058,,8.0,,,,,,27050.0
11064,5.0,,,,,,,27074.0
11065,,8.0,,,,,,27078.0
11071,5.0,,,,,,,27102.0
11072,,8.0,,,,,,27106.0
11077,,,0.7173029780387878,0.7537928819656372,-0.000367386091966182,0.014887409284710884,-0.17668578028678894,27115.333333333332
11089,5.0,,,,,,,27147.333333333332
11090,,8.0,,,,,,27150.0
11098,5.0,,,,,,,27171.333333333332
11099,,8.0,,,,,,27174.0
11109,5.0,,,,,,,27200.666666666668
11110,,8.0,,,,,,27203.333333333332
11118,5.0,,,,,,,27224.666666666668
11119,,8.0,,,,,,27227.333333333332
11125,,,0.741570770740509,0.7815356254577637,0.017910325899720192,0.04810779541730881,-0.18254104256629944,27236.923076923078
11133,5.0,,,,,,,27255.384615384617
11134,,8.0,,,,,,27257.69230769231
11144,5.0,,,,,,,27280.76923076923
11145,,8.0,,,,,,27283.076923076922
11157,5.0,,,,,,,27310.76923076923
11158,,8.0,,,,,,27313.076923076922
11172,5.0,,,,,,,27345.384615384617
11173,,8.0,,,,,,27347.69230769231
11179,,,0.709651529788971,0.737085223197937,0.00547314016148448,0.021747175604104996,-0.3063991665840149,27353.3125
11186,,,0.7434549331665039,0.7786535620689392,0.002018619328737259,0.015271751210093498,-0.3306370675563812,27361.041666666668
11197,5.0,,,,,,,27373.1875
11198,,8.0,,,,,,27374.291666666668
11207,5.0,,,,,,,27384.229166666668
11208,,8.0,,,,,,27385.333333333332
11213,5.0,,,,,,,27390.854166666668
11214,,8.0,,,,,,27391.958333333332
11222,5.0,,,,,,,27400.791666666668
11223,,8.0,,,,,,27401.895833333332
11229,,,0.699863076210022,0.7342166304588318,0.010825338773429394,0.04343126714229584,-0.18977519869804382,27410.659574468085
11241,5.0,,,,,,,27441.297872340427
11242,,8.0,,,,,,27443.85106382979
11248,5.0,,,,,,,27459.17021276596
11249,,8.0,,,,,,27461.72340425532
11261,5.0,,,,,,,27492.36170212766
11262,,8.0,,,,,,27494.91489361702
11271,5.0,,,,,,,27517.893617021276
11272,,8.0,,,,,,27520.44680851064
11277,,,0.7626374363899231,0.804938793182373,0.007359724026173353,0.03159170597791672,-0.36977070569992065,27528.714285714286
11286,5.0,,,,,,,27554.428571428572
11287,,8.0,,,,,,27557.285714285714
11294,5.0,,,,,,,27577.285714285714
11295,,8.0,,,,,,27580.14285714286
11304,5.0,,,,,,,27605.85714285714
11305,,8.0,,,,,,27608.714285714286
11315,5.0,,,,,,,27637.285714285714
11316,,8.0,,,,,,27640.14285714286
11321,,,0.785361647605896,0.8004270792007446,0.009363802149891853,0.034329380840063095,-0.631898820400238,27648.454545454544
11332,5.0,,,,,,,27678.454545454544
11333,,8.0,,,,,,27681.18181818182
11339,5.0,,,,,,,27697.545454545456
11340,,8.0,,,,,,27700.272727272728
11349,5.0,,,,,,,27724.81818181818
11350,,8.0,,,,,,27727.545454545456
11361,5.0,,,,,,,27757.545454545456
11362,,8.0,,,,,,27760.272727272728
11369,,,0.6979553699493408,0.7304855585098267,0.0008420575759373605,0.02072884328663349,-0.5712308883666992,27773.666666666668
11378,5.0,,,,,,,27797.666666666668
11379,,8.0,,,,,,27800.333333333332
11387,5.0,,,,,,,27821.666666666668
11388,,8.0,,,,,,27824.333333333332
11397,5.0,,,,,,,27848.333333333332
11398,,8.0,,,,,,27851.0
11408,5.0,,,,,,,27877.666666666668
11409,,8.0,,,,,,27880.333333333332
11414,,,0.6880655288696289,0.7394305467605591,0.0010192013578489423,0.02605597674846649,-0.6522164344787598,27888.581395348836
11415,,,0.7190360426902771,0.755171537399292,0.00257673067972064,0.02629968151450157,-0.6303414106369019,27891.372093023256
11423,5.0,,,,,,,27913.697674418603
11424,,8.0,,,,,,27916.488372093023
11429,5.0,,,,,,,27930.441860465115
11430,,8.0,,,,,,27933.232558139534
11440,5.0,,,,,,,27961.13953488372
11441,,8.0,,,,,,27963.93023255814
11453,5.0,,,,,,,27997.418604651164
11454,,8.0,,,,,,28000.20930232558
11460,,,0.7316814661026001,0.8117334246635437,0.0002775386383291334,0.021141504868865013,-0.6720758676528931,28009.428571428572
11468,5.0,,,,,,,28026.571428571428
11469,,8.0,,,,,,28028.714285714286
11484,5.0,,,,,,,28060.85714285714
11485,,8.0,,,,,,28063.0
11497,5.0,,,,,,,28088.714285714286
11498,,8.0,,,,,,28090.85714285714
11511,5.0,,,,,,,28118.714285714286
11512,,8.0,,,,,,28120.85714285714
11519,,,0.7178426384925842,0.7466281056404114,0.02173038013279438,0.04439038410782814,-0.20762433111667633,28135.63157894737
11526,5.0,,,,,,,28157.736842105263
11527,,8.0,,,,,,28160.894736842107
11535,5.0,,,,,,,28186.157894736843
11536,,8.0,,,,,,28189.315789473683
11543,5.0,,,,,,,28211.42105263158
11544,,8.0,,,,,,28214.57894736842
11551,5.0,,,,,,,28236.684210526317
11552,,8.0,,,,,,28239.842105263157
11557,,,0.7708131670951843,0.7991883158683777,0.006359202321618795,0.02246742695569992,-0.24401681125164032,28248.454545454544
11570,5.0,,,,,,,28283.909090909092
11571,,8.0,,,,,,28286.636363636364
11580,5.0,,,,,,,28311.18181818182
11581,,8.0,,,,,,28313.909090909092
11590,5.0,,,,,,,28338.454545454544
11591,,8.0,,,,,,28341.18181818182
11597,5.0,,,,,,,28357.545454545456
11598,,8.0,,,,,,28360.272727272728
11603,,,0.742597222328186,0.8250929713249207,0.002505738753825426,0.014764044433832169,-0.31760019063949585,28367.70588235294
11616,5.0,,,,,,,28398.29411764706
11617,,8.0,,,,,,28400.647058823528
11627,5.0,,,,,,,28424.176470588234
11628,,8.0,,,,,,28426.529411764706
11640,5.0,,,,,,,28454.764705882353
11641,,8.0,,,,,,28457.117647058825
11650,5.0,,,,,,,28478.29411764706
11651,,8.0,,,,,,28480.647058823528
11655,,,0.706321656703949,0.7467144727706909,0.00037888321094214916,0.011641070246696472,-0.47433412075042725,28486.076923076922
11657,,,0.7548452615737915,0.8161624670028687,0.006015399936586618,0.014311198145151138,-0.4546022415161133,28492.23076923077
11664,5.0,,,,,,,28513.76923076923
11665,,8.0,,,,,,28516.846153846152
11675,5.0,,,,,,,28547.615384615383
11676,,8.0,,,,,,28550.69230769231
11682,5.0,,,,,,,28569.153846153848
11683,,8.0,,,,,,28572.23076923077
11691,5.0,,,,,,,28596.846153846152
11692,,8.0,,,,,,28599.923076923078
11697,,,0.7424651384353638,0.7761029601097107,0.006394427269697189,0.025583984330296516,-0.30649733543395996,28608.714285714286
11705,5.0,,,,,,,28631.571428571428
11706,,8.0,,,,,,28634.428571428572
11713,5.0,,,,,,,28654.428571428572
11714,,8.0,,,,,,28657.285714285714
11727,5.0,,,,,,,28694.428571428572
11728,,8.0,,,,,,28697.285714285714
11735,5.0,,,,,,,28717.285714285714
11736,,8.0,,,,,,28720.14285714286
11743,,,0.7402491569519043,0.7950757145881653,0.0131699712947011,0.03820791095495224,-0.21356646716594696,28732.79591836735
11756,5.0,,,,,,,28764.632653061224
11757,,8.0,,,,,,28767.081632653062
11770,5.0,,,,,,,28798.918367346938
11771,,8.0,,,,,,28801.367346938776
11778,5.0,,,,,,,28818.51020408163
11779,,8.0,,,,,,28820.95918367347
11786,5.0,,,,,,,28838.102040816328
11787,,8.0,,,,,,28840.551020408162
11791,,,0.7363020181655884,0.7827323079109192,0.0005880743265151978,0.015474865213036537,-0.07616578042507172,28845.926829268294
11800,5.0,,,,,,,28872.268292682926
11801,,8.0,,,,,,28875.19512195122
11809,5.0,,,,,,,28898.60975609756
11810,,8.0,,,,,,28901.536585365855
11820,5.0,,,,,,,28930.80487804878
11821,,8.0,,,,,,28933.731707317074
11829,5.0,,,,,,,28957.146341463416
11830,,8.0,,,,,,28960.073170731706
11836,,,0.7664096355438232,0.8157151341438293,0.00522732874378562,0.010941537097096443,-0.28398293256759644,28971.780487804877
11844,5.0,,,,,,,28995.19512195122
11845,,8.0,,,,,,28998.121951219513
11853,5.0,,,,,,,29021.536585365855
11854,,8.0,,,,,,29024.463414634145
11862,5.0,,,,,,,29047.878048780487
11863,,8.0,,,,,,29050.80487804878
11872,5.0,,,,,,,29077.146341463416
11873,,8.0,,,,,,29080.073170731706
11878,,,0.7689231634140015,0.8392113447189331,0.011446366086602211,0.01874391734600067,-0.16764414310455322,29088.454545454544
11881,,,0.7640637159347534,0.7980774641036987,0.008485103957355022,0.03499462455511093,-0.115473672747612,29096.636363636364
11893,5.0,,,,,,,29129.363636363636
11894,,8.0,,,,,,29132.090909090908
11903,5.0,,,,,,,29156.636363636364
11904,,8.0,,,,,,29159.363636363636
11910,5.0,,,,,,,29175.727272727272
11911,,8.0,,,,,,29178.454545454544
11918,5.0,,,,,,,29197.545454545456
11919,,8.0,,,,,,29200.272727272728
11926,,,0.7029028534889221,0.7759342789649963,0.006994226016104221,0.022104710340499878,-0.19605781137943268,29214.428571428572
11936,5.0,,,,,,,29243.0
11937,,8.0,,,,,,29245.85714285714
11945,5.0,,,,,,,29268.714285714286
11946,,8.0,,,,,,29271.571428571428
11953,5.0,,,,,,,29291.571428571428
11954,,8.0,,,,,,29294.428571428572
11962,5.0,,,,,,,29317.285714285714
11963,,8.0,,,,,,29320.14285714286
11970,,,0.7455896735191345,0.7857326865196228,0.00027710144058801234,0.012834888882935047,-0.5791800022125244,29335.0
11981,5.0,,,,,,,29368.0
11982,,8.0,,,,,,29371.0
11987,5.0,,,,,,,29386.0
11988,,8.0,,,,,,29389.0
11993,5.0,,,,,,,29404.0
11994,,8.0,,,,,,29407.0
12004,5.0,,,,,,,29437.0
12005,,8.0,,,,,,29440.0
12010,,,0.7512336373329163,0.7823013067245483,0.0026528420858085155,0.01581627130508423,-0.6336562037467957,29448.581395348836
12018,5.0,,,,,,,29470.906976744187
12019,,8.0,,,,,,29473.697674418603
12030,5.0,,,,,,,29504.39534883721
12031,,8.0,,,,,,29507.18604651163
12038,5.0,,,,,,,29526.720930232557
12039,,8.0,,,,,,29529.511627906977
12049,5.0,,,,,,,29557.418604651164
12050,,8.0,,,,,,29560.20930232558
12056,,,0.7572631239891052,0.8009442687034607,-0.0017471963074058294,0.022113749757409096,-0.774675726890564,29570.659574468085
12069,5.0,,,,,,,29603.85106382979
12070,,8.0,,,,,,29606.40425531915
12079,5.0,,,,,,,29629.382978723403
12080,,8.0,,,,,,29631.936170212764
12089,5.0,,,,,,,29654.91489361702
12090,,8.0,,,,,,29657.468085106382
12098,5.0,,,,,,,29677.893617021276
12099,,8.0,,,,,,29680.44680851064
12104,,,0.755159854888916,0.799296498298645,-0.00442318432033062,0.0190232302993536,-0.5942712426185608,29687.528301886792
12106,,,0.7326729893684387,0.7626188397407532,-0.005231915041804314,0.024275660514831543,-0.5370016098022461,29692.056603773584
12122,5.0,,,,,,,29728.283018867925
12123,,8.0,,,,,,29730.54716981132
12131,5.0,,,,,,,29748.66037735849
12132,,8.0,,,,,,29750.924528301886
12143,5.0,,,,,,,29775.830188679247
12144,,8.0,,,,,,29778.094339622643
12153,5.0,,,,,,,29798.471698113208
12154,,8.0,,,,,,29800.735849056604
12158,,,0.6530352234840393,0.7123923897743225,0.010808432474732399,0.028114786371588707,-0.12692421674728394,29805.79069767442
12168,5.0,,,,,,,29833.697674418603
12169,,8.0,,,,,,29836.488372093023
12177,5.0,,,,,,,29858.81395348837
12178,,8.0,,,,,,29861.60465116279
12188,5.0,,,,,,,29889.511627906977
12189,,8.0,,,,,,29892.302325581397
12198,5.0,,,,,,,29917.418604651164
12199,,8.0,,,,,,29920.20930232558
12206,,,0.7679017186164856,0.80714350938797,0.0038448951672762632,0.010351003147661686,-0.4940228760242462,29932.23076923077
12217,5.0,,,,,,,29957.615384615383
12218,,8.0,,,,,,29959.923076923078
12227,5.0,,,,,,,29980.69230769231
12228,,8.0,,,,,,29983.0
12238,5.0,,,,,,,30006.076923076922
12239,,8.0,,,,,,30008.384615384617
12252,5.0,,,,,,,30038.384615384617
12253,,8.0,,,,,,30040.69230769231
12259,,,0.7374676465988159,0.7633994817733765,0.012950684875249863,0.03136404976248741,-0.3699020445346832,30051.372093023256
12268,5.0,,,,,,,30076.488372093023
12269,,8.0,,,,,,30079.279069767443
12280,5.0,,,,,,,30109.976744186046
12281,,8.0,,,,,,30112.767441860466
12289,5.0,,,,,,,30135.093023255813
12290,,8.0,,,,,,30137.883720930233
12297,5.0,,,,,,,30157.418604651164
12298,,8.0,,,,,,30160.20930232558
12302,,,0.7476973533630371,0.7865613102912903,0.005929993465542793,0.02282753586769104,-0.6169513463973999,30165.55319148936
12315,5.0,,,,,,,30198.744680851065
12316,,8.0,,,,,,30201.297872340427
12327,5.0,,,,,,,30229.382978723403
12328,,8.0,,,,,,30231.936170212764
12337,5.0,,,,,,,30254.91489361702
12338,,8.0,,,,,,30257.468085106382
12346,5.0,,,,,,,30277.893617021276
12347,,8.0,,,,,,30280.44680851064
12352,,,0.7017780542373657,0.7502683997154236,0.004156452137976885,0.01597956195473671,-0.1436300426721573,30288.454545454544
12356,,,0.7464075088500977,0.7967454195022583,0.009717530570924282,0.017216183245182037,-0.1480424702167511,30299.363636363636
12363,5.0,,,,,,,30318.454545454544
12364,,8.0,,,,,,30321.18181818182
12373,5.0,,,,,,,30345.727272727272
12374,,8.0,,,,,,30348.454545454544
12382,5.0,,,,,,,30370.272727272728
12383,,8.0,,,,,,30373.0
12392,5.0,,,,,,,30397.545454545456
12393,,8.0,,,,,,30400.272727272728
12401,,,0.7356476187705994,0.7810229063034058,0.005168835632503033,0.03365924954414368,-0.022829903289675713,30416.95348837209
12411,5.0,,,,,,,30444.86046511628
12412,,8.0,,,,,,30447.6511627907
12417,5.0,,,,,,,30461.60465116279
12418,,8.0,,,,,,30464.39534883721
12426,5.0,,,,,,,30486.720930232557
12427,,8.0,,,,,,30489.511627906977
12437,5.0,,,,,,,30517.418604651164
12438,,8.0,,,,,,30520.20930232558
12446,,,0.7435465455055237,0.7900115251541138,0.017821375280618668,0.03923482075333595,-0.1298207938671112,30535.76595744681
12457,5.0,,,,,,,30563.85106382979
12458,,8.0,,,,,,30566.40425531915
12470,5.0,,,,,,,30597.042553191488
12471,,8.0,,,,,,30599.59574468085
12478,5.0,,,,,,,30617.468085106382
12479,,8.0,,,,,,30620.021276595744
12486,5.0,,,,,,,30637.893617021276
12487,,8.0,,,,,,30640.44680851064
12493,,,0.7523766160011292,0.8016076683998108,0.010660843923687935,0.020415470004081726,0.18452776968479156,30645.53846153846
12504,5.0,,,,,,,30654.846153846152
12505,,8.0,,,,,,30655.69230769231
12517,5.0,,,,,,,30665.846153846152
12518,,8.0,,,,,,30666.69230769231
12530,5.0,,,,,,,30676.846153846152
12531,,8.0,,,,,,30677.69230769231
12540,5.0,,,,,,,30685.30769230769
12541,,8.0,,,,,,30686.153846153848
12546,,,0.6716101169586182,0.7044088840484619,-0.0005752702709287405,0.004081902094185352,-0.018825560808181763,30692.0
12565,5.0,,,,,,,30739.5
12566,,8.0,,,,,,30742.0
12574,5.0,,,,,,,30762.0
12575,,8.0,,,,,,30764.5
12578,5.0,,,,,,,30772.0
12579,,8.0,,,,,,30774.5
12590,5.0,,,,,,,30802.0
12591,,8.0,,,,,,30804.5
12596,,,0.7475325465202332,0.7973226308822632,0.007394686341285706,0.01933056116104126,0.17322970926761627,30813.315789473683
12600,,,0.7306246161460876,0.7574689984321594,-0.0009381277486681938,0.00678202323615551,0.08298717439174652,30825.947368421053
12606,5.0,,,,,,,30844.894736842107
12607,,8.0,,,,,,30848.052631578947
12614,5.0,,,,,,,30870.157894736843
12615,,8.0,,,,,,30873.315789473683
12621,5.0,,,,,,,30892.263157894737
12622,,8.0,,,,,,30895.42105263158
12630,5.0,,,,,,,30920.684210526317
12631,,8.0,,,,,,30923.842105263157
12635,,,0.6387501358985901,0.677559494972229,0.011166657321155071,0.04105720669031143,0.3299350440502167,30929.55319148936
12649,5.0,,,,,,,30965.297872340427
12650,,8.0,,,,,,30967.85106382979
12656,5.0,,,,,,,30983.17021276596
12657,,8.0,,,,,,30985.72340425532
12664,5.0,,,,,,,31003.59574468085
12665,,8.0,,,,,,31006.14893617021
12679,5.0,,,,,,,31041.893617021276
12680,,8.0,,,,,,31044.44680851064
12686,,,0.702802300453186,0.7465360760688782,0.0068625230342149734,0.023486610502004623,0.18653108179569244,31054.82608695652
12696,5.0,,,,,,,31080.91304347826
12697,,8.0,,,,,,31083.521739130436
12707,5.0,,,,,,,31109.608695652172
12708,,8.0,,,,,,31112.217391304348
12718,5.0,,,,,,,31138.304347826088
12719,,8.0,,,,,,31140.91304347826
12727,5.0,,,,,,,31161.782608695652
12728,,8.0,,,,,,31164.391304347828
12734,,,0.7248541712760925,0.7761861085891724,0.0012002259027212858,0.007919718511402607,0.03217581659555435,31175.372093023256
12740,5.0,,,,,,,31192.116279069767
12741,,8.0,,,,,,31194.906976744187
12752,5.0,,,,,,,31225.60465116279
12753,,8.0,,,,,,31228.39534883721
12761,5.0,,,,,,,31250.720930232557
12762,,8.0,,,,,,31253.511627906977
12772,5.0,,,,,,,31281.418604651164
12773,,8.0,,,,,,31284.20930232558
12779,,,0.722612202167511,0.7465140223503113,0.006630818359553814,0.016490401700139046,0.11962389200925827,31294.5
12786,5.0,,,,,,,31312.0
12787,,8.0,,,,,,31314.5
12796,5.0,,,,,,,31337.0
12797,,8.0,,,,,,31339.5
12806,5.0,,,,,,,31362.0
12807,,8.0,,,,,,31364.5
12822,5.0,,,,,,,31402.0
12823,,8.0,,,,,,31404.5
12828,,,0.7052889466285706,0.7408706545829773,0.008857539854943752,0.03216616436839104,0.48263078927993774,31413.0
12830,,,0.738415002822876,0.7749715447425842,0.004893336910754442,0.018443290144205093,0.4140184223651886,31419.0
12842,5.0,,,,,,,31455.0
12843,,8.0,,,,,,31458.0
12851,5.0,,,,,,,31482.0
12852,,8.0,,,,,,31485.0
12858,5.0,,,,,,,31503.0
12859,,8.0,,,,,,31506.0
12864,5.0,,,,,,,31521.0
12865,,8.0,,,,,,31524.0
12871,,,0.731502890586853,0.7710720896720886,0.0028188687283545732,0.012647553347051144,0.1835218369960785,31535.780487804877
12879,5.0,,,,,,,31559.19512195122
12880,,8.0,,,,,,31562.121951219513
12889,5.0,,,,,,,31588.463414634145
12890,,8.0,,,,,,31591.39024390244
12898,5.0,,,,,,,31614.80487804878
12899,,8.0,,,,,,31617.731707317074
12907,5.0,,,,,,,31641.146341463416
12908,,8.0,,,,,,31644.073170731706
12914,,,0.6655592918395996,0.7103415727615356,0.0009072473039850593,0.012031236663460732,0.0962619036436081,31656.0
12922,5.0,,,,,,,31680.0
12923,,8.0,,,,,,31683.0
12930,5.0,,,,,,,31704.0
12931,,8.0,,,,,,31707.0
12941,5.0,,,,,,,31737.0
12942,,8.0,,,,,,31740.0
12949,5.0,,,,,,,31761.0
12950,,8.0,,,,,,31764.0
12956,,,0.7329871654510498,0.7615679502487183,0.001194931217469275,0.009892238304018974,0.14170962572097778,31775.0
12966,5.0,,,,,,,31801.666666666668
12967,,8.0,,,,,,31804.333333333332
12973,5.0,,,,,,,31820.333333333332
12974,,8.0,,,,,,31823.0
12985,5.0,,,,,,,31852.333333333332
12986,,8.0,,,,,,31855.0
12996,5.0,,,,,,,31881.666666666668
12997,,8.0,,,,,,31884.333333333332
13001,,,0.7307035326957703,0.7699729800224304,0.004226865246891975,0.014451748691499233,0.34093862771987915,31889.608695652172
13013,5.0,,,,,,,31920.91304347826
13014,,8.0,,,,,,31923.521739130436
13023,5.0,,,,,,,31947.0
13024,,8.0,,,,,,31949.608695652172
13034,5.0,,,,,,,31975.695652173912
13035,,8.0,,,,,,31978.304347826088
13044,5.0,,,,,,,32001.782608695652
13045,,8.0,,,,,,32004.391304347828
13049,,,0.6970683336257935,0.7259191870689392,0.002196612535044551,0.019009137526154518,0.4156824052333832,32009.727272727272
13052,,,0.766389787197113,0.8013485074043274,0.013307493180036545,0.035184238106012344,0.48746615648269653,32017.909090909092
13059,5.0,,,,,,,32037.0
13060,,8.0,,,,,,32039.727272727272
13065,5.0,,,,,,,32053.363636363636
13066,,8.0,,,,,,32056.090909090908
13080,5.0,,,,,,,32094.272727272728
13081,,8.0,,,,,,32097.0
13090,5.0,,,,,,,32121.545454545456
13091,,8.0,,,,,,32124.272727272728
13098,,,0.7007304430007935,0.7596806287765503,0.0031983070075511932,0.012633784674108028,0.11953664571046829,32137.666666666668
13107,5.0,,,,,,,32161.666666666668
13108,,8.0,,,,,,32164.333333333332
13115,5.0,,,,,,,32183.0
13116,,8.0,,,,,,32185.666666666668
13126,5.0,,,,,,,32212.333333333332
13127,,8.0,,,,,,32215.0
13137,5.0,,,,,,,32241.666666666668
13138,,8.0,,,,,,32244.333333333332
13142,,,0.7553927898406982,0.7844457626342773,0.0050583574920892715,0.011211724951863289,-0.14535073935985565,32250.0
13150,5.0,,,,,,,32274.0
13151,,8.0,,,,,,32277.0
13158,5.0,,,,,,,32298.0
13159,,8.0,,,,,,32301.0
13167,5.0,,,,,,,32325.0
13168,,8.0,,,,,,32328.0
13179,5.0,,,,,,,32361.0
13180,,8.0,,,,,,32364.0
13186,,,0.7574658393859863,0.7959251403808594,0.005672701168805361,0.009644069708883762,-0.011447230353951454,32376.23076923077
13193,5.0,,,,,,,32397.76923076923
13194,,8.0,,,,,,32400.846153846152
13201,5.0,,,,,,,32422.384615384617
13202,,8.0,,,,,,32425.46153846154
13210,5.0,,,,,,,32450.076923076922
13211,,8.0,,,,,,32453.153846153848
13220,5.0,,,,,,,32480.846153846152
13221,,8.0,,,,,,32483.923076923078
13226,,,0.8212788105010986,0.8570927381515503,0.00656442204490304,0.022386156022548676,0.15548257529735565,32491.528301886792
13235,5.0,,,,,,,32511.905660377357
13236,,8.0,,,,,,32514.169811320753
13249,5.0,,,,,,,32543.603773584906
13250,,8.0,,,,,,32545.867924528302
13262,5.0,,,,,,,32573.037735849055
13263,,8.0,,,,,,32575.30188679245
13275,5.0,,,,,,,32602.471698113208
13276,,8.0,,,,,,32604.735849056604
13280,,,0.7420452833175659,0.792048990726471,0.007653451059013605,0.01735672913491726,-0.004024473950266838,32608.375
13283,,,0.7362977862358093,0.787045955657959,0.004080972168594599,0.014244024641811848,-0.02461770735681057,32612.5
13291,5.0,,,,,,,32623.5
13292,,8.0,,,,,,32624.875
13301,5.0,,,,,,,32637.25
13302,,8.0,,,,,,32638.625
13309,5.0,,,,,,,32648.25
13310,,8.0,,,,,,32649.625
13317,5.0,,,,,,,32659.25
13318,,8.0,,,,,,32660.625
13324,,,0.7466468214988708,0.8035955429077148,0.006788443773984909,0.04285278171300888,0.8226224184036255,32670.571428571428
13330,5.0,,,,,,,32687.714285714286
13331,,8.0,,,,,,32690.571428571428
13341,5.0,,,,,,,32719.14285714286
13342,,8.0,,,,,,32722.0
13353,5.0,,,,,,,32753.428571428572
13354,,8.0,,,,,,32756.285714285714
13361,5.0,,,,,,,32776.28571428572
13362,,8.0,,,,,,32779.142857142855
13366,,,0.6964210271835327,0.7335364818572998,0.010943319648504257,0.04944681003689766,0.735299289226532,32784.666666666664
13379,5.0,,,,,,,32819.333333333336
13380,,8.0,,,,,,32822.0
13389,5.0,,,,,,,32846.0
13390,,8.0,,,,,,32848.666666666664
13402,5.0,,,,,,,32880.666666666664
13403,,8.0,,,,,,32883.333333333336
13408,5.0,,,,,,,32896.666666666664
13409,,8.0,,,,,,32899.333333333336
13416,,,0.7171351909637451,0.7799908518791199,0.014348740689456463,0.04893652722239494,0.3542709946632385,32911.6
13429,5.0,,,,,,,32942.8
13430,,8.0,,,,,,32945.2
13438,5.0,,,,,,,32964.4
13439,,8.0,,,,,,32966.8
13446,5.0,,,,,,,32983.6
13447,,8.0,,,,,,32986.0
13460,5.0,,,,,,,33017.2
13461,,8.0,,,,,,33019.6
13465,,,0.7397274374961853,0.7945080399513245,-0.00022245066065806895,0.009682029485702515,0.3192254602909088,33025.07692307692
13474,5.0,,,,,,,33052.769230769234
13475,,8.0,,,,,,33055.846153846156
13481,5.0,,,,,,,33074.307692307695
13482,,8.0,,,,,,33077.38461538462
13492,5.0,,,,,,,33108.153846153844
13493,,8.0,,,,,,33111.230769230766
13501,5.0,,,,,,,33135.846153846156
13502,,8.0,,,,,,33138.92307692308
13506,,,0.7298803329467773,0.7566567659378052,0.00450165243819356,0.016803119331598282,0.3974685072898865,33144.92682926829
13507,,,0.7065220475196838,0.7405756115913391,0.003773587988689542,0.03372224420309067,0.5008857250213623,33147.85365853659
13518,5.0,,,,,,,33180.04878048781
13519,,8.0,,,,,,33182.9756097561
13527,5.0,,,,,,,33206.39024390244
13528,,8.0,,,,,,33209.31707317073
13535,5.0,,,,,,,33229.80487804878
13536,,8.0,,,,,,33232.73170731707
13544,5.0,,,,,,,33256.14634146341
13545,,8.0,,,,,,33259.07317073171
13551,,,0.6864981651306152,0.7289484143257141,0.00888709258288145,0.02935030125081539,0.7933778166770935,33272.0
13562,5.0,,,,,,,33308.666666666664
13563,,8.0,,,,,,33312.0
13568,5.0,,,,,,,33328.666666666664
13569,,8.0,,,,,,33332.0
13574,5.0,,,,,,,33348.666666666664
13575,,8.0,,,,,,33352.0
13582,5.0,,,,,,,33375.333333333336
13583,,8.0,,,,,,33378.666666666664
13589,,,0.7191910147666931,0.7599745392799377,0.0065188840962946415,0.01931050792336464,0.4654485881328583,33389.65957446808
13599,5.0,,,,,,,33415.1914893617
13600,,8.0,,,,,,33417.744680851065
13610,5.0,,,,,,,33443.27659574468
13611,,8.0,,,,,,33445.82978723404
13621,5.0,,,,,,,33471.36170212766
13622,,8.0,,,,,,33473.914893617024
13631,5.0,,,,,,,33496.89361702128
13632,,8.0,,,,,,33499.44680851064
13636,,,0.6919944882392883,0.728240966796875,0.007400721311569214,0.027021139860153198,0.35671988129615784,33504.666666666664
13651,5.0,,,,,,,33544.666666666664
13652,,8.0,,,,,,33547.333333333336
13657,5.0,,,,,,,33560.666666666664
13658,,8.0,,,,,,33563.333333333336
13669,5.0,,,,,,,33592.666666666664
13670,,8.0,,,,,,33595.333333333336
13678,5.0,,,,,,,33616.666666666664
13679,,8.0,,,,,,33619.333333333336
13684,,,0.7371426224708557,0.7831215858459473,0.004777348600327969,0.019488664343953133,-0.12033703923225403,33627.10638297872
13693,5.0,,,,,,,33650.085106382976
13694,,8.0,,,,,,33652.63829787234
13705,5.0,,,,,,,33680.72340425532
13706,,8.0,,,,,,33683.27659574468
13716,5.0,,,,,,,33708.8085106383
13717,,8.0,,,,,,33711.36170212766
13727,5.0,,,,,,,33736.89361702128
13728,,8.0,,,,,,33739.44680851064
13732,,,0.7425306439399719,0.7906126379966736,0.0011055800132453442,0.01620551571249962,-0.16114822030067444,33744.79069767442
13736,,,0.6856831908226013,0.7311050295829773,0.0019984315149486065,0.007131633348762989,-0.18681761622428894,33755.95348837209
13742,5.0,,,,,,,33772.6976744186
13743,,8.0,,,,,,33775.48837209302
13753,5.0,,,,,,,33803.395348837206
13754,,8.0,,,,,,33806.186046511626
13764,5.0,,,,,,,33834.09302325582
13765,,8.0,,,,,,33836.88372093023
13772,5.0,,,,,,,33856.41860465116
13773,,8.0,,,,,,33859.20930232558
13779,,,0.7349767684936523,0.7846251726150513,0.0050411708652973175,0.014274554327130318,-0.06032947450876236,33870.181818181816
13789,5.0,,,,,,,33897.454545454544
13790,,8.0,,,,,,33900.181818181816
13797,5.0,,,,,,,33919.27272727273
13798,,8.0,,,,,,33922.0
13808,5.0,,,,,,,33949.27272727273
13809,,8.0,,,,,,33952.0
13818,5.0,,,,,,,33976.545454545456
13819,,8.0,,,,,,33979.27272727273
13826,,,0.6859302520751953,0.7362567186355591,0.0028762745205312967,0.017610853537917137,-0.04608476534485817,33993.16279069767
13835,5.0,,,,,,,34018.27906976744
13836,,8.0,,,,,,34021.06976744186
13847,5.0,,,,,,,34051.767441860466
13848,,8.0,,,,,,34054.558139534885
13855,5.0,,,,,,,34074.09302325582
13856,,8.0,,,,,,34076.88372093023
13863,5.0,,,,,,,34096.41860465116
13864,,8.0,,,,,,34099.20930232558
13868,,,0.7014501094818115,0.7725569605827332,-0.0043035103008151054,0.018696047365665436,-0.17827856540679932,34104.79069767442
13876,5.0,,,,,,,34127.11627906977
13877,,8.0,,,,,,34129.90697674418
13884,5.0,,,,,,,34149.441860465115
13885,,8.0,,,,,,34152.232558139534
13897,5.0,,,,,,,34185.72093023256
13898,,8.0,,,,,,34188.51162790698
13908,5.0,,,,,,,34216.41860465116
13909,,8.0,,,,,,34219.20930232558
13914,,,0.7179247736930847,0.7437271475791931,0.012131446972489357,0.021447211503982544,-0.17704322934150696,34227.217391304344
13923,5.0,,,,,,,34250.69565217391
13924,,8.0,,,,,,34253.30434782609
13933,5.0,,,,,,,34276.782608695656
13934,,8.0,,,,,,34279.391304347824
13945,5.0,,,,,,,34308.086956521736
13946,,8.0,,,,,,34310.69565217391
13956,5.0,,,,,,,34336.782608695656
13957,,8.0,,,,,,34339.391304347824
13962,,,0.7604627013206482,0.7991878986358643,0.005574378650635481,0.01130529772490263,-0.44910070300102234,34346.61538461538
13968,,,0.6792924404144287,0.7359403967857361,0.002152498345822096,0.01654720865190029,-0.41354212164878845,34360.46153846154
13979,5.0,,,,,,,34385.846153846156
13980,,8.0,,,,,,34388.153846153844
13989,5.0,,,,,,,34408.92307692308
13990,,8.0,,,,,,34411.230769230766
13998,5.0,,,,,,,34429.692307692305
13999,,8.0,,,,,,34432.0
14010,5.0,,,,,,,34457.38461538462
14011,,8.0,,,,,,34459.692307692305
14017,,,0.7072914838790894,0.7663937211036682,0.004921081475913525,0.015645937994122505,0.12517115473747253,34469.65957446808
14025,5.0,,,,,,,34490.085106382976
14026,,8.0,,,,,,34492.63829787234
14034,5.0,,,,,,,34513.063829787236
14035,,8.0,,,,,,34515.617021276594
14051,5.0,,,,,,,34556.46808510638
14052,,8.0,,,,,,34559.02127659575
14059,5.0,,,,,,,34576.89361702128
14060,,8.0,,,,,,34579.44680851064
14065,,,0.718695342540741,0.7668999433517456,0.0037859033327549696,0.022493435069918633,0.04602503031492233,34586.444444444445
14075,5.0,,,,,,,34608.666666666664
14076,,8.0,,,,,,34610.88888888889
14090,5.0,,,,,,,34642.0
14091,,8.0,,,,,,34644.22222222222
14104,5.0,,,,,,,34673.11111111111
14105,,8.0,,,,,,34675.333333333336
14115,5.0,,,,,,,34697.555555555555
14116,,8.0,,,,,,34699.77777777778
14120,,,0.6913155317306519,0.7490800619125366,0.014247599057853222,0.03500455617904663,0.07166431099176407,34704.857142857145
14130,5.0,,,,,,,34733.42857142857
14131,,8.0,,,,,,34736.28571428572
14139,5.0,,,,,,,34759.142857142855
14140,,8.0,,,,,,34762.0
14149,5.0,,,,,,,34787.71428571428
14150,,8.0,,,,,,34790.57142857143
14159,5.0,,,,,,,34816.28571428572
14160,,8.0,,,,,,34819.142857142855
14164,,,0.7001709342002869,0.7130268812179565,0.008287201635539532,0.03033502586185932,-0.136526420712471,34824.307692307695
14177,5.0,,,,,,,34854.307692307695
14178,,8.0,,,,,,34856.61538461538
14187,5.0,,,,,,,34877.38461538462
14188,,8.0,,,,,,34879.692307692305
14204,5.0,,,,,,,34916.61538461538
14205,,8.0,,,,,,34918.92307692308
14213,5.0,,,,,,,34937.38461538462
14214,,8.0,,,,,,34939.692307692305
14219,,,0.7557023763656616,0.7982648015022278,0.0034133014269173145,0.01396168302744627,-0.26543253660202026,34947.454545454544
14223,,,0.7481037378311157,0.7875857949256897,0.003028769511729479,0.017352841794490814,-0.18737907707691193,34958.36363636364
14229,5.0,,,,,,,34974.72727272727
14230,,8.0,,,,,,34977.454545454544
14239,5.0,,,,,,,35002.0
14240,,8.0,,,,,,35004.72727272727
14246,5.0,,,,,,,35021.09090909091
14247,,8.0,,,,,,35023.818181818184
14259,5.0,,,,,,,35056.545454545456
14260,,8.0,,,,,,35059.27272727273
14267,,,0.7047855854034424,0.7410565614700317,0.010467594489455223,0.028483614325523376,-0.14907382428646088,35072.21276595745
14278,5.0,,,,,,,35100.29787234042
14279,,8.0,,,,,,35102.85106382979
14286,5.0,,,,,,,35120.72340425532
14287,,8.0,,,,,,35123.27659574468
14296,5.0,,,,,,,35146.255319148935
14297,,8.0,,,,,,35148.8085106383
14308,5.0,,,,,,,35176.89361702128
14309,,8.0,,,,,,35179.44680851064
14314,,,0.697971761226654,0.7264454960823059,0.005215514451265335,0.021905552595853806,-0.20132872462272644,35187.58139534884
14320,5.0,,,,,,,35204.32558139535
14321,,8.0,,,,,,35207.11627906977
14333,5.0,,,,,,,35240.604651162794
14334,,8.0,,,,,,35243.395348837206
14343,5.0,,,,,,,35268.51162790698
14344,,8.0,,,,,,35271.3023255814
14353,5.0,,,,,,,35296.41860465116
14354,,8.0,,,,,,35299.20930232558
14361,,,0.7890129089355469,0.818013608455658,0.010456797666847706,0.033556483685970306,-0.4162047803401947,35311.6
14373,5.0,,,,,,,35340.4
14374,,8.0,,,,,,35342.8
14384,5.0,,,,,,,35366.8
14385,,8.0,,,,,,35369.2
14393,5.0,,,,,,,35388.4
14394,,8.0,,,,,,35390.8
14405,5.0,,,,,,,35417.2
14406,,8.0,,,,,,35419.6
14412,,,0.6972485780715942,0.7188560962677002,0.0054593924432992935,0.018652476370334625,-0.7902526259422302,35430.78048780488
14419,5.0,,,,,,,35451.26829268293
14420,,8.0,,,,,,35454.19512195122
14426,5.0,,,,,,,35471.756097560974
14427,,8.0,,,,,,35474.68292682927
14437,5.0,,,,,,,35503.95121951219
14438,,8.0,,,,,,35506.87804878049
14448,5.0,,,,,,,35536.14634146341
14449,,8.0,,,,,,35539.07317073171
14453,,,0.6667284369468689,0.7310353517532349,-0.0023987905588001013,0.018263213336467743,-0.18660829961299896,35544.35294117647
14458,,,0.709751546382904,0.7492400407791138,0.003223690902814269,0.009717995300889015,-0.20895591378211975,35556.117647058825
14469,5.0,,,,,,,35582.0
14470,,8.0,,,,,,35584.35294117647
14481,5.0,,,,,,,35610.23529411765
14482,,8.0,,,,,,35612.58823529412
14489,5.0,,,,,,,35629.05882352941
14490,,8.0,,,,,,35631.41176470588
14501,5.0,,,,,,,35657.294117647056
14502,,8.0,,,,,,35659.64705882353
14508,,,0.684509813785553,0.7468044757843018,0.019491782411932945,0.04593908414244652,0.002718463772907853,35670.78048780488
14516,5.0,,,,,,,35694.19512195122
14517,,8.0,,,,,,35697.12195121951
14524,5.0,,,,,,,35717.60975609756
14525,,8.0,,,,,,35720.53658536585
14532,5.0,,,,,,,35741.0243902439
14533,,8.0,,,,,,35743.95121951219
14544,5.0,,,,,,,35776.14634146341
14545,,8.0,,,,,,35779.07317073171
14550,,,0.6612673997879028,0.7319323420524597,0.012842842377722263,0.025070758536458015,-0.043123502284288406,35788.0
14556,5.0,,,,,,,35806.0
14557,,8.0,,,,,,35809.0
14567,5.0,,,,,,,35839.0
14568,,8.0,,,,,,35842.0
14576,5.0,,,,,,,35866.0
14577,,8.0,,,,,,35869.0
14586,5.0,,,,,,,35896.0
14587,,8.0,,,,,,35899.0
14594,,,0.7029330134391785,0.7471913695335388,0.008745965547859669,0.02287108823657036,-0.14515379071235657,35914.307692307695
14604,5.0,,,,,,,35945.07692307692
14605,,8.0,,,,,,35948.153846153844
14613,5.0,,,,,,,35972.769230769234
14614,,8.0,,,,,,35975.846153846156
14620,5.0,,,,,,,35994.307692307695
14621,,8.0,,,,,,35997.38461538462
14627,5.0,,,,,,,36015.846153846156
14628,,8.0,,,,,,36018.92307692308
14632,,,0.7139483690261841,0.7681175470352173,0.0073146820068359375,0.019514888525009155,-0.17594589293003082,36024.92682926829
14643,5.0,,,,,,,36057.12195121951
14644,,8.0,,,,,,36060.04878048781
14650,5.0,,,,,,,36077.60975609756
14651,,8.0,,,,,,36080.53658536585
14659,5.0,,,,,,,36103.95121951219
14660,,8.0,,,,,,36106.87804878049
14670,5.0,,,,,,,36136.14634146341
14671,,8.0,,,,,,36139.07317073171
14676,,,0.6536877155303955,0.6965947151184082,0.005294857546687126,0.015600806102156639,-0.029838768765330315,36146.897959183676
14679,,,0.6805360317230225,0.7178617715835571,0.008648451417684555,0.018363721668720245,-0.03998405486345291,36154.244897959186
14690,5.0,,,,,,,36181.183673469386
14691,,8.0,,,,,,36183.63265306123
14699,5.0,,,,,,,36203.22448979592
14700,,8.0,,,,,,36205.67346938775
14708,5.0,,,,,,,36225.26530612245
14709,,8.0,,,,,,36227.71428571428
14721,5.0,,,,,,,36257.102040816324
14722,,8.0,,,,,,36259.551020408166
14728,,,0.7973219156265259,0.8165656924247742,0.0019148687133565545,0.024584272876381874,-0.09025673568248749,36269.82608695652
14739,5.0,,,,,,,36298.52173913043
14740,,8.0,,,,,,36301.13043478261
14748,5.0,,,,,,,36322.0
14749,,8.0,,,,,,36324.608695652176
14759,5.0,,,,,,,36350.69565217391
14760,,8.0,,,,,,36353.30434782609
14769,5.0,,,,,,,36376.782608695656
14770,,8.0,,,,,,36379.391304347824
14778,,,0.7100282311439514,0.7641091346740723,0.006146338302642107,0.025317732244729996,0.009448843076825142,36394.765957446805
14783,5.0,,,,,,,36407.53191489362
14784,,8.0,,,,,,36410.085106382976
14801,5.0,,,,,,,36453.48936170213
14802,,8.0,,,,,,36456.04255319149
14809,5.0,,,,,,,36473.914893617024
14810,,8.0,,,,,,36476.46808510638
14818,5.0,,,,,,,36496.89361702128
14819,,8.0,,,,,,36499.44680851064
14823,,,0.7439568638801575,0.7720529437065125,0.002759283874183893,0.012576254084706306,-0.2619079053401947,36504.72727272727
14832,5.0,,,,,,,36529.27272727273
14833,,8.0,,,,,,36532.0
14841,5.0,,,,,,,36553.818181818184
14842,,8.0,,,,,,36556.545454545456
14856,5.0,,,,,,,36594.72727272727
14857,,8.0,,,,,,36597.454545454544
14864,5.0,,,,,,,36616.545454545456
14865,,8.0,,,,,,36619.27272727273
14871,,,0.6860060691833496,0.7525546550750732,0.006526143290102482,0.030142130330204964,-0.08853542804718018,36629.2
14880,5.0,,,,,,,36650.8
14881,,8.0,,,,,,36653.2
14892,5.0,,,,,,,36679.6
14893,,8.0,,,,,,36682.0
14901,5.0,,,,,,,36701.2
14902,,8.0,,,,,,36703.6
14916,5.0,,,,,,,36737.2
14917,,8.0,,,,,,36739.6
14921,,,0.6791942119598389,0.729748547077179,0.00046575532178394496,0.018815776333212852,0.12946079671382904,36744.857142857145
14925,,,0.7255566120147705,0.7480432391166687,0.0055063688196241856,0.022093653678894043,0.09621988981962204,36756.28571428572
14932,5.0,,,,,,,36776.28571428572
14933,,8.0,,,,,,36779.142857142855
14943,5.0,,,,,,,36807.71428571428
14944,,8.0,,,,,,36810.57142857143
14952,5.0,,,,,,,36833.42857142857
14953,,8.0,,,,,,36836.28571428572
14960,5.0,,,,,,,36856.28571428572
14961,,8.0,,,,,,36859.142857142855
14968,,,0.6945921778678894,0.7474122643470764,0.006407313980162144,0.015105287544429302,0.10387971997261047,36871.056603773584
14982,5.0,,,,,,,36902.75471698113
14983,,8.0,,,,,,36905.018867924526
14993,5.0,,,,,,,36927.660377358494
14994,,8.0,,,,,,36929.92452830189
15007,5.0,,,,,,,36959.35849056604
15008,,8.0,,,,,,36961.622641509435
15015,5.0,,,,,,,36977.47169811321
15016,,8.0,,,,,,36979.735849056604
15022,,,0.8007641434669495,0.8051831722259521,0.01219245232641697,0.022738555446267128,-0.14654895663261414,36991.230769230766
15033,5.0,,,,,,,37025.07692307692
15034,,8.0,,,,,,37028.153846153844
15041,5.0,,,,,,,37049.692307692305
15042,,8.0,,,,,,37052.769230769234
15048,5.0,,,,,,,37071.230769230766
15049,,8.0,,,,,,37074.307692307695
15056,5.0,,,,,,,37095.846153846156
15057,,8.0,,,,,,37098.92307692308
15062,,,0.7744085788726807,0.8107593059539795,0.012197366915643215,0.031252387911081314,-0.006603100337088108,37108.48648648649
15071,5.0,,,,,,,37137.67567567567
15072,,8.0,,,,,,37140.91891891892
15079,5.0,,,,,,,37163.62162162162
15080,,8.0,,,,,,37166.86486486487
15087,5.0,,,,,,,37189.56756756757
15088,,8.0,,,,,,37192.81081081081
15095,5.0,,,,,,,37215.51351351351
15096,,8.0,,,,,,37218.75675675676
15103,,,0.7918940782546997,0.8210500478744507,-0.007606140337884426,0.025447335094213486,-0.3883959650993347,37232.21276595745
15117,5.0,,,,,,,37267.95744680851
15118,,8.0,,,,,,37270.51063829787
15128,5.0,,,,,,,37296.04255319149
15129,,8.0,,,,,,37298.59574468085
15134,5.0,,,,,,,37311.36170212766
15135,,8.0,,,,,,37313.914893617024
15144,5.0,,,,,,,37336.89361702128
15145,,8.0,,,,,,37339.44680851064
15149,,,0.6964350938796997,0.7454254031181335,0.0034799776040017605,0.02465137280523777,-0.4358413517475128,37344.4
15152,,,0.6293954253196716,0.6756334900856018,0.011286754161119461,0.034369148313999176,-0.333010196685791,37351.6
15162,5.0,,,,,,,37375.6
15163,,8.0,,,,,,37378.0
15173,5.0,,,,,,,37402.0
15174,,8.0,,,,,,37404.4
15185,5.0,,,,,,,37430.8
15186,,8.0,,,,,,37433.2
15196,5.0,,,,,,,37457.2
15197,,8.0,,,,,,37459.6
15202,,,0.6982859373092651,0.7334343194961548,0.004065409302711487,0.02220195159316063,-0.37637102603912354,37467.58139534884
15214,5.0,,,,,,,37501.06976744186
15215,,8.0,,,,,,37503.86046511628
15225,5.0,,,,,,,37531.767441860466
15226,,8.0,,,,,,37534.558139534885
15235,5.0,,,,,,,37559.67441860465
15236,,8.0,,,,,,37562.46511627907
15241,5.0,,,,,,,37576.41860465116
15242,,8.0,,,,,,37579.20930232558
15248,,,0.7753868699073792,0.8075968623161316,-0.00010348409705329686,0.011785169132053852,-0.7538740634918213,37590.78048780488
15257,5.0,,,,,,,37617.12195121951
15258,,8.0,,,,,,37620.04878048781
15264,5.0,,,,,,,37637.60975609756
15265,,8.0,,,,,,37640.53658536585
15276,5.0,,,,,,,37672.73170731707
15277,,8.0,,,,,,37675.65853658537
15284,5.0,,,,,,,37696.14634146341
15285,,8.0,,,,,,37699.07317073171
15291,,,0.7546917200088501,0.8077467083930969,0.006446333136409521,0.031773366034030914,-0.47536060214042664,37709.5
15304,5.0,,,,,,,37742.0
15305,,8.0,,,,,,37744.5
15312,5.0,,,,,,,37762.0
15313,,8.0,,,,,,37764.5
15324,5.0,,,,,,,37792.0
15325,,8.0,,,,,,37794.5
15334,5.0,,,,,,,37817.0
15335,,8.0,,,,,,37819.5
15339,,,0.7428425550460815,0.7998207807540894,0.0013728068443015218,0.007142093498259783,-0.2836107611656189,37824.22222222222
15355,5.0,,,,,,,37859.77777777778
15356,,8.0,,,,,,37862.0
15367,5.0,,,,,,,37886.444444444445
15368,,8.0,,,,,,37888.666666666664
15380,5.0,,,,,,,37915.333333333336
15381,,8.0,,,,,,37917.555555555555
15390,5.0,,,,,,,37937.555555555555
15391,,8.0,,,,,,37939.77777777778
15397,,,0.656139075756073,0.7127397656440735,0.010568071156740189,0.02455340325832367,-0.14777123928070068,37949.34693877551
15405,,,0.692203164100647,0.7266697883605957,-0.004126604646444321,0.0315265879034996,-0.08019039779901505,37968.93877551021
15412,5.0,,,,,,,37986.08163265306
15413,,8.0,,,,,,37988.5306122449
15422,5.0,,,,,,,38010.57142857143
15423,,8.0,,,,,,38013.02040816326
15432,5.0,,,,,,,38035.06122448979
15433,,8.0,,,,,,38037.510204081635
15441,5.0,,,,,,,38057.102040816324
15442,,8.0,,,,,,38059.551020408166
15449,,,0.72016841173172,0.7742056846618652,0.00121101806871593,0.004571782425045967,-0.16184239089488983,38072.21276595745
15462,5.0,,,,,,,38105.40425531915
15463,,8.0,,,,,,38107.95744680851
15471,5.0,,,,,,,38128.382978723406
15472,,8.0,,,,,,38130.936170212764
15481,5.0,,,,,,,38153.914893617024
15482,,8.0,,,,,,38156.46808510638
15490,5.0,,,,,,,38176.89361702128
15491,,8.0,,,,,,38179.44680851064
15498,,,0.6764962673187256,0.7368870973587036,0.006888869218528271,0.021771427243947983,-0.03138357773423195,38194.307692307695
15507,5.0,,,,,,,38222.0
15508,,8.0,,,,,,38225.07692307692
15514,5.0,,,,,,,38243.53846153846
15515,,8.0,,,,,,38246.61538461538
15521,5.0,,,,,,,38265.07692307692
15522,,8.0,,,,,,38268.153846153844
15531,5.0,,,,,,,38295.846153846156
15532,,8.0,,,,,,38298.92307692308
15538,,,0.7124308347702026,0.7370932698249817,0.003616513917222619,0.018498726189136505,0.11005556583404541,38309.5
15546,5.0,,,,,,,38329.5
15547,,8.0,,,,,,38332.0
15561,5.0,,,,,,,38367.0
15562,,8.0,,,,,,38369.5
15572,5.0,,,,,,,38394.5
15573,,8.0,,,,,,38397.0
15581,5.0,,,,,,,38417.0
15582,,8.0,,,,,,38419.5
15587,,,0.6889349222183228,0.7342334389686584,0.0028565367683768272,0.014912541955709457,0.13827091455459595,38426.61538461538
15599,5.0,,,,,,,38454.307692307695
15600,,8.0,,,,,,38456.61538461538
15610,5.0,,,,,,,38479.692307692305
15611,,8.0,,,,,,38482.0
15622,5.0,,,,,,,38507.38461538462
15623,,8.0,,,,,,38509.692307692305
15635,5.0,,,,,,,38537.38461538462
15636,,8.0,,,,,,38539.692307692305
15640,,,0.6801344752311707,0.7113444805145264,-0.0003500126185826957,0.0030443575233221054,-0.03163442760705948,38544.4
15643,,,0.7140637040138245,0.7575791478157043,0.002317656995728612,0.01432635635137558,0.0649673193693161,38551.6
15653,5.0,,,,,,,38575.6
15654,,8.0,,,,,,38578.0
15665,5.0,,,,,,,38604.4
15666,,8.0,,,,,,38606.8
15678,5.0,,,,,,,38635.6
15679,,8.0,,,,,,38638.0
15687,5.0,,,,,,,38657.2
15688,,8.0,,,,,,38659.6
15694,,,0.7085268497467041,0.7638649940490723,0.006319624837487936,0.03407840058207512,-0.05118345841765404,38670.37209302326
15705,5.0,,,,,,,38701.06976744186
15706,,8.0,,,,,,38703.86046511628
15717,5.0,,,,,,,38734.558139534885
15718,,8.0,,,,,,38737.348837209305
15724,5.0,,,,,,,38754.09302325582
15725,,8.0,,,,,,38756.88372093023
15732,5.0,,,,,,,38776.41860465116
15733,,8.0,,,,,,38779.20930232558
15741,,,0.6869204044342041,0.7522789835929871,0.0020358851179480553,0.01069166511297226,-0.36609622836112976,38798.21621621621
15747,5.0,,,,,,,38817.67567567567
15748,,8.0,,,,,,38820.91891891892
15756,5.0,,,,,,,38846.86486486487
15757,,8.0,,,,,,38850.10810810811
15763,5.0,,,,,,,38869.56756756757
15764,,8.0,,,,,,38872.81081081081
15771,5.0,,,,,,,38895.51351351351
15772,,8.0,,,,,,38898.75675675676
15776,,,0.686669111251831,0.7442790269851685,0.00020559584663715214,0.012571574188768864,-0.04243182763457298,38904.264150943396
15785,5.0,,,,,,,38924.64150943396
15786,,8.0,,,,,,38926.90566037736
15797,5.0,,,,,,,38951.811320754714
15798,,8.0,,,,,,38954.07547169811
15811,5.0,,,,,,,38983.50943396227
15812,,8.0,,,,,,38985.77358490566
15826,5.0,,,,,,,39017.47169811321
15827,,8.0,,,,,,39019.735849056604
15832,,,0.7024607062339783,0.7587288618087769,-0.0007991009042598307,0.009504437446594238,0.20949651300907135,39027.454545454544
15839,5.0,,,,,,,39046.545454545456
15840,,8.0,,,,,,39049.27272727273
15847,5.0,,,,,,,39068.36363636364
15848,,8.0,,,,,,39071.09090909091
15859,5.0,,,,,,,39101.09090909091
15860,,8.0,,,,,,39103.818181818184
15872,5.0,,,,,,,39136.545454545456
15873,,8.0,,,,,,39139.27272727273
15878,,,0.676881730556488,0.7527332305908203,0.005761224776506424,0.011934538371860981,0.21147520840168,39147.10638297872
15881,,,0.6662291884422302,0.7217128276824951,0.0016110442811623216,0.008931941352784634,0.19450558722019196,39154.765957446805
15892,5.0,,,,,,,39182.85106382979
15893,,8.0,,,,,,39185.40425531915
15904,5.0,,,,,,,39213.48936170213
15905,,8.0,,,,,,39216.04255319149
15912,5.0,,,,,,,39233.914893617024
15913,,8.0,,,,,,39236.46808510638
15921,5.0,,,,,,,39256.89361702128
15922,,8.0,,,,,,39259.44680851064
15927,,,0.6656163930892944,0.7067695260047913,0.0030116853304207325,0.015377185307443142,-0.030086727812886238,39268.31578947369
15935,5.0,,,,,,,39293.57894736842
15936,,8.0,,,,,,39296.73684210526
15942,5.0,,,,,,,39315.68421052631
15943,,8.0,,,,,,39318.84210526316
15956,5.0,,,,,,,39359.89473684211
15957,,8.0,,,,,,39363.05263157895
15961,5.0,,,,,,,39375.68421052631
15962,,8.0,,,,,,39378.84210526316
15966,,,0.7392458915710449,0.7636793851852417,0.00036459628609009087,0.0021732691675424576,0.10551831126213074,39384.92682926829
15976,5.0,,,,,,,39414.19512195122
15977,,8.0,,,,,,39417.12195121951
15987,5.0,,,,,,,39446.39024390244
15988,,8.0,,,,,,39449.31707317073
15994,5.0,,,,,,,39466.87804878049
15995,,8.0,,,,,,39469.80487804878
16004,5.0,,,,,,,39496.14634146341
16005,,8.0,,,,,,39499.07317073171
16011,,,0.6623329520225525,0.6971641182899475,0.00032549109891988337,0.026065507903695107,0.3587331175804138,39509.34693877551
16019,5.0,,,,,,,39528.93877551021
16020,,8.0,,,,,,39531.38775510204
16030,5.0,,,,,,,39555.87755102041
16031,,8.0,,,,,,39558.32653061225
16042,5.0,,,,,,,39585.26530612245
16043,,8.0,,,,,,39587.71428571428
16055,5.0,,,,,,,39617.102040816324
16056,,8.0,,,,,,39619.551020408166
16062,,,0.6824102401733398,0.7236505150794983,0.0019526237156242132,0.009693748317658901,0.47979509830474854,39629.34693877551
16072,5.0,,,,,,,39653.836734693876
16073,,8.0,,,,,,39656.28571428572
16083,5.0,,,,,,,39680.77551020408
16084,,8.0,,,,,,39683.22448979592
16095,5.0,,,,,,,39710.163265306124
16096,,8.0,,,,,,39712.61224489796
16106,5.0,,,,,,,39737.102040816324
16107,,8.0,,,,,,39739.551020408166
16112,,,0.6509213447570801,0.7188605070114136,0.0022737919352948666,0.01055639423429966,0.3394143879413605,39746.0
16118,,,0.7086486220359802,0.7592368125915527,0.003967047203332186,0.00904973316937685,0.36828044056892395,39758.0
16131,5.0,,,,,,,39784.0
16132,,8.0,,,,,,39786.0
16147,5.0,,,,,,,39816.0
16148,,8.0,,,,,,39818.0
16160,5.0,,,,,,,39842.0
16161,,8.0,,,,,,39844.0
16168,5.0,,,,,,,39858.0
16169,,8.0,,,,,,39860.0
16176,,,0.7133264541625977,0.775358259677887,0.00015891791554167867,0.005607077851891518,0.08622148633003235,39873.16279069767
16185,5.0,,,,,,,39898.27906976744
16186,,8.0,,,,,,39901.06976744186
16196,5.0,,,,,,,39928.976744186046
16197,,8.0,,,,,,39931.767441860466
16205,5.0,,,,,,,39954.09302325582
16206,,8.0,,,,,,39956.88372093023
16213,5.0,,,,,,,39976.41860465116
16214,,8.0,,,,,,39979.20930232558
16218,,,0.7138969302177429,0.7570707201957703,0.0025566613767296076,0.005560374818742275,0.2977370023727417,39985.0
16232,5.0,,,,,,,40027.0
16233,,8.0,,,,,,40030.0
16239,5.0,,,,,,,40048.0
16240,,8.0,,,,,,40051.0
16250,5.0,,,,,,,40081.0
16251,,8.0,,,,,,40084.0
16255,5.0,,,,,,,40096.0
16256,,8.0,,,,,,40099.0
16263,,,0.5964202284812927,0.6339914798736572,0.00045262122876010835,0.016900362446904182,0.29343676567077637,40111.795918367345
16273,5.0,,,,,,,40136.28571428572
16274,,8.0,,,,,,40138.73469387755
16283,5.0,,,,,,,40160.77551020408
16284,,8.0,,,,,,40163.22448979592
16297,5.0,,,,,,,40195.06122448979
16298,,8.0,,,,,,40197.510204081635
16306,5.0,,,,,,,40217.102040816324
16307,,8.0,,,,,,40219.551020408166
16312,,,0.6644836068153381,0.6983489394187927,0.0005609815125353634,0.004721126519143581,0.3275710642337799,40227.217391304344
16321,5.0,,,,,,,40250.69565217391
16322,,8.0,,,,,,40253.30434782609
16330,5.0,,,,,,,40274.17391304348
16331,,8.0,,,,,,40276.782608695656
16340,5.0,,,,,,,40300.260869565216
16341,,8.0,,,,,,40302.86956521739
16354,5.0,,,,,,,40336.782608695656
16355,,8.0,,,,,,40339.391304347824
16359,,,0.6509125828742981,0.7100473046302795,0.003936442080885172,0.012524140998721123,0.23192963004112244,40345.15789473684
16362,,,0.6696842312812805,0.726771891117096,0.01636754907667637,0.029696278274059296,0.3676471412181854,40354.63157894737
16371,5.0,,,,,,,40383.05263157895
16372,,8.0,,,,,,40386.21052631579
16378,5.0,,,,,,,40405.15789473684
16379,,8.0,,,,,,40408.31578947369
16384,5.0,,,,,,,40424.10526315789
16385,,8.0,,,,,,40427.26315789474
16394,5.0,,,,,,,40455.68421052631
16395,,8.0,,,,,,40458.84210526316
16400,,,0.6709272861480713,0.7071037888526917,0.004549776203930378,0.016731970012187958,0.46981045603752136,40467.0
16407,5.0,,,,,,,40484.5
16408,,8.0,,,,,,40487.0
16422,5.0,,,,,,,40522.0
16423,,8.0,,,,,,40524.5
16433,5.0,,,,,,,40549.5
16434,,8.0,,,,,,40552.0
16444,5.0,,,,,,,40577.0
16445,,8.0,,,,,,40579.5
16449,,,0.695997416973114,0.7463676333427429,0.004422518890351057,0.014845565892755985,0.1973845362663269,40584.92682926829
16459,5.0,,,,,,,40614.19512195122
16460,,8.0,,,,,,40617.12195121951
16469,5.0,,,,,,,40643.46341463415
16470,,8.0,,,,,,40646.39024390244
16478,5.0,,,,,,,40669.80487804878
16479,,8.0,,,,,,40672.73170731707
16487,5.0,,,,,,,40696.14634146341
16488,,8.0,,,,,,40699.07317073171
16494,,,0.9618502855300903,0.9904069900512695,0.006546503398567438,0.05394851788878441,0.27453935146331787,40710.57142857143
16505,5.0,,,,,,,40742.0
16506,,8.0,,,,,,40744.857142857145
16513,5.0,,,,,,,40764.857142857145
16514,,8.0,,,,,,40767.71428571428
16522,5.0,,,,,,,40790.57142857143
16523,,8.0,,,,,,40793.42857142857
16531,5.0,,,,,,,40816.28571428572
16532,,8.0,,,,,,40819.142857142855
16537,,,0.8166684508323669,0.8464544415473938,0.009561064653098583,0.03013298287987709,-0.29723361134529114,40827.0
16548,5.0,,,,,,,40854.5
16549,,8.0,,,,,,40857.0
16558,5.0,,,,,,,40879.5
16559,,8.0,,,,,,40882.0
16571,5.0,,,,,,,40912.0
16572,,8.0,,,,,,40914.5
16581,5.0,,,,,,,40937.0
16582,,8.0,,,,,,40939.5
16586,,,0.772034227848053,0.8086124062538147,0.015335602685809135,0.04323555901646614,-0.11302553862333298,40945.0
16591,,,0.7167708873748779,0.7671326994895935,0.002220889087766409,0.032065365463495255,-0.13380549848079681,40960.0
16598,5.0,,,,,,,40981.0
16599,,8.0,,,,,,40984.0
16604,5.0,,,,,,,40999.0
16605,,8.0,,,,,,41002.0
16611,5.0,,,,,,,41020.0
16612,,8.0,,,,,,41023.0
16623,5.0,,,,,,,41056.0
16624,,8.0,,,,,,41059.0
16631,,,0.7042040228843689,0.7580605745315552,-0.00021970960369799286,0.01870921440422535,-0.37378525733947754,41073.42857142857
16639,5.0,,,,,,,41096.28571428572
16640,,8.0,,,,,,41099.142857142855
16651,5.0,,,,,,,41130.57142857143
16652,,8.0,,,,,,41133.42857142857
16658,5.0,,,,,,,41150.57142857143
16659,,8.0,,,,,,41153.42857142857
16667,5.0,,,,,,,41176.28571428572
16668,,8.0,,,,,,41179.142857142855
16675,,,0.6861376166343689,0.7419732809066772,0.0037365697789937258,0.01945124752819538,-0.4106949269771576,41191.795918367345
16687,5.0,,,,,,,41221.183673469386
16688,,8.0,,,,,,41223.63265306123
16700,5.0,,,,,,,41253.02040816326
16701,,8.0,,,,,,41255.4693877551
16708,5.0,,,,,,,41272.61224489796
16709,,8.0,,,,,,41275.06122448979
16718,5.0,,,,,,,41297.102040816324
16719,,8.0,,,,,,41299.551020408166
16724,,,0.710003674030304,0.7649227380752563,0.003508582478389144,0.017018279060721397,-0.21999318897724152,41307.10638297872
16736,5.0,,,,,,,41337.744680851065
16737,,8.0,,,,,,41340.29787234042
16745,5.0,,,,,,,41360.72340425532
16746,,8.0,,,,,,41363.27659574468
16756,5.0,,,,,,,41388.8085106383
16757,,8.0,,,,,,41391.36170212766
16767,5.0,,,,,,,41416.89361702128
16768,,8.0,,,,,,41419.44680851064
16774,,,0.7181392908096313,0.7540614008903503,0.0042442139238119125,0.017746368423104286,-0.08888553082942963,41429.34693877551
16783,5.0,,,,,,,41451.38775510204
16784,,8.0,,,,,,41453.836734693876
16795,5.0,,,,,,,41480.77551020408
16796,,8.0,,,,,,41483.22448979592
16809,5.0,,,,,,,41515.06122448979
16810,,8.0,,,,,,41517.510204081635
16818,5.0,,,,,,,41537.102040816324
16819,,8.0,,,,,,41539.551020408166
16824,,,0.6533207297325134,0.6771594285964966,-0.000659892160911113,0.012989822775125504,-0.1474311351776123,41547.333333333336
16828,,,0.6940514445304871,0.7323076128959656,-0.000751353392843157,0.018535060808062553,-0.1420367956161499,41558.0
16834,5.0,,,,,,,41574.0
16835,,8.0,,,,,,41576.666666666664
16848,5.0,,,,,,,41611.333333333336
16849,,8.0,,,,,,41614.0
16856,5.0,,,,,,,41632.666666666664
16857,,8.0,,,,,,41635.333333333336
16865,5.0,,,,,,,41656.666666666664
16866,,8.0,,,,,,41659.333333333336
16871,,,0.6707829236984253,0.7321423888206482,0.007488673087209463,0.017864694818854332,-0.14493364095687866,41667.454545454544
16881,5.0,,,,,,,41694.72727272727
16882,,8.0,,,,,,41697.454545454544
16895,5.0,,,,,,,41732.90909090909
16896,,8.0,,,,,,41735.63636363636
16902,5.0,,,,,,,41752.0
16903,,8.0,,,,,,41754.72727272727
16911,5.0,,,,,,,41776.545454545456
16912,,8.0,,,,,,41779.27272727273
16919,,,0.7118384838104248,0.7684256434440613,0.00021657939942087978,0.019094258546829224,-0.10092797875404358,41792.434782608696
16929,5.0,,,,,,,41818.52173913043
16930,,8.0,,,,,,41821.13043478261
16939,5.0,,,,,,,41844.608695652176
16940,,8.0,,,,,,41847.217391304344
16948,5.0,,,,,,,41868.086956521736
16949,,8.0,,,,,,41870.69565217391
16959,5.0,,,,,,,41896.782608695656
16960,,8.0,,,,,,41899.391304347824
16964,,,0.7530614137649536,0.7885950207710266,0.006526201032102108,0.01877371221780777,-0.08306066691875458,41904.35294117647
16977,5.0,,,,,,,41934.94117647059
16978,,8.0,,,,,,41937.294117647056
16984,5.0,,,,,,,41951.41176470588
16985,,8.0,,,,,,41953.76470588235
16996,5.0,,,,,,,41979.64705882353
16997,,8.0,,,,,,41982.0
17012,5.0,,,,,,,42017.294117647056
17013,,8.0,,,,,,42019.64705882353
17018,,,0.7126526832580566,0.7552542090415955,-0.00034622056409716606,0.002905410947278142,-0.1450498402118683,42027.58139534884
17029,5.0,,,,,,,42058.27906976744
17030,,8.0,,,,,,42061.06976744186
17040,5.0,,,,,,,42088.976744186046
17041,,8.0,,,,,,42091.767441860466
17048,5.0,,,,,,,42111.3023255814
17049,,8.0,,,,,,42114.09302325582
17057,5.0,,,,,,,42136.41860465116
17058,,8.0,,,,,,42139.20930232558
17062,,,0.7276309728622437,0.761174201965332,0.009050159715116024,0.021901633590459824,0.030683424323797226,42144.857142857145
17066,,,0.6722593307495117,0.7282044291496277,0.005125607829540968,0.020202098414301872,0.014885896816849709,42156.28571428572
17076,5.0,,,,,,,42184.857142857145
17077,,8.0,,,,,,42187.71428571428
17082,5.0,,,,,,,42202.0
17083,,8.0,,,,,,42204.857142857145
17089,5.0,,,,,,,42222.0
17090,,8.0,,,,,,42224.857142857145
17101,5.0,,,,,,,42256.28571428572
17102,,8.0,,,,,,42259.142857142855
17109,,,0.7289094924926758,0.7629210352897644,0.0032923840917646885,0.013432856649160385,-0.00898970477283001,42272.666666666664
17117,5.0,,,,,,,42294.0
17118,,8.0,,,,,,42296.666666666664
17128,5.0,,,,,,,42323.333333333336
17129,,8.0,,,,,,42326.0
17137,5.0,,,,,,,42347.333333333336
17138,,8.0,,,,,,42350.0
17148,5.0,,,,,,,42376.666666666664
17149,,8.0,,,,,,42379.333333333336
17155,,,0.6842785477638245,0.7583399415016174,0.0025158138014376163,0.010753699578344822,0.05587879940867424,42390.57142857143
17164,5.0,,,,,,,42416.28571428572
17165,,8.0,,,,,,42419.142857142855
17170,5.0,,,,,,,42433.42857142857
17171,,8.0,,,,,,42436.28571428572
17181,5.0,,,,,,,42464.857142857145
17182,,8.0,,,,,,42467.71428571428
17192,5.0,,,,,,,42496.28571428572
17193,,8.0,,,,,,42499.142857142855
17199,,,0.6483522057533264,0.7004793882369995,0.004515431821346283,0.009454778395593166,0.06193287670612335,42508.92307692308
17213,5.0,,,,,,,42541.230769230766
17214,,8.0,,,,,,42543.53846153846
17223,5.0,,,,,,,42564.307692307695
17224,,8.0,,,,,,42566.61538461538
17235,5.0,,,,,,,42592.0
17236,,8.0,,,,,,42594.307692307695
17246,5.0,,,,,,,42617.38461538462
17247,,8.0,,,,,,42619.692307692305
17252,,,0.6846900582313538,0.7520506978034973,0.004195277113467455,0.00939834862947464,0.072503961622715,42627.85365853659
17263,5.0,,,,,,,42660.04878048781
17264,,8.0,,,,,,42662.9756097561
17272,5.0,,,,,,,42686.39024390244
17273,,8.0,,,,,,42689.31707317073
17282,5.0,,,,,,,42715.65853658537
17283,,8.0,,,,,,42718.58536585366
17289,5.0,,,,,,,42736.14634146341
17290,,8.0,,,,,,42739.07317073171
17297,,,0.6544754505157471,0.7083642482757568,0.00662586884573102,0.012502937577664852,0.2788717746734619,42752.434782608696
17304,,,0.6262766122817993,0.7245057225227356,0.0027778351213783026,0.008475003764033318,0.25112128257751465,42770.69565217391
17315,5.0,,,,,,,42799.391304347824
17316,,8.0,,,,,,42802.0
17324,5.0,,,,,,,42822.86956521739
17325,,8.0,,,,,,42825.47826086957
17330,5.0,,,,,,,42838.52173913043
17331,,8.0,,,,,,42841.13043478261
17337,5.0,,,,,,,42856.782608695656
17338,,8.0,,,,,,42859.391304347824
17344,,,0.6812944412231445,0.7189145088195801,0.00598603580147028,0.014534080401062965,0.10911639779806137,42869.05882352941
17357,5.0,,,,,,,42899.64705882353
17358,,8.0,,,,,,42902.0
17367,5.0,,,,,,,42923.17647058824
17368,,8.0,,,,,,42925.529411764706
17378,5.0,,,,,,,42949.05882352941
17379,,8.0,,,,,,42951.41176470588
17390,5.0,,,,,,,42977.294117647056
17391,,8.0,,,,,,42979.64705882353
17399,,,0.6293579936027527,0.6740224361419678,0.003868001513183117,0.014643507078289986,0.04946819692850113,42995.63636363636
17407,5.0,,,,,,,43017.454545454544
17408,,8.0,,,,,,43020.181818181816
17417,5.0,,,,,,,43044.72727272727
17418,,8.0,,,,,,43047.454545454544
17426,5.0,,,,,,,43069.27272727273
17427,,8.0,,,,,,43072.0
17436,5.0,,,,,,,43096.545454545456
17437,,8.0,,,,,,43099.27272727273
17442,,,0.7136160731315613,0.772771954536438,0.002064051106572151,0.009362343698740005,0.10357620567083359,43107.217391304344
17453,5.0,,,,,,,43135.913043478264
17454,,8.0,,,,,,43138.52173913043
17464,5.0,,,,,,,43164.608695652176
17465,,8.0,,,,,,43167.217391304344
17474,5.0,,,,,,,43190.69565217391
17475,,8.0,,,,,,43193.30434782609
17484,5.0,,,,,,,43216.782608695656
17485,,8.0,,,,,,43219.391304347824
17489,,,0.6278287172317505,0.6802115440368652,0.006089725997298956,0.010804248042404652,-0.08163582533597946,43225.0
17498,5.0,,,,,,,43252.0
17499,,8.0,,,,,,43255.0
17506,5.0,,,,,,,43276.0
17507,,8.0,,,,,,43279.0
17518,5.0,,,,,,,43312.0
17519,,8.0,,,,,,43315.0
17526,5.0,,,,,,,43336.0
17527,,8.0,,,,,,43339.0
17533,,,0.6719041466712952,0.7461600303649902,0.005286233965307474,0.013543568551540375,-0.13742992281913757,43349.2
17536,,,0.6770370602607727,0.7281650304794312,0.002355966717004776,0.016939744353294373,-0.1593218445777893,43356.4
17548,5.0,,,,,,,43385.2
17549,,8.0,,,,,,43387.6
17561,5.0,,,,,,,43416.4
17562,,8.0,,,,,,43418.8
17571,5.0,,,,,,,43440.4
17572,,8.0,,,,,,43442.8
17578,5.0,,,,,,,43457.2
17579,,8.0,,,,,,43459.6
17586,,,0.6441088318824768,0.7095847129821777,0.004793599247932434,0.013325822539627552,0.11856049299240112,43472.21276595745
17595,5.0,,,,,,,43495.1914893617
17596,,8.0,,,,,,43497.744680851065
17606,5.0,,,,,,,43523.27659574468
17607,,8.0,,,,,,43525.82978723404
17614,5.0,,,,,,,43543.70212765958
17615,,8.0,,,,,,43546.255319148935
17627,5.0,,,,,,,43576.89361702128
17628,,8.0,,,,,,43579.44680851064
17636,,,0.660688042640686,0.7053207159042358,0.003320876508951187,0.01814069226384163,0.12255602329969406,43594.765957446805
17646,5.0,,,,,,,43620.29787234042
17647,,8.0,,,,,,43622.85106382979
17654,5.0,,,,,,,43640.72340425532
17655,,8.0,,,,,,43643.27659574468
17668,5.0,,,,,,,43676.46808510638
17669,,8.0,,,,,,43679.02127659575
17676,5.0,,,,,,,43696.89361702128
17677,,8.0,,,,,,43699.44680851064
17684,,,0.6501737236976624,0.677994966506958,0.0005782978259958327,0.009508523158729076,-0.12429380416870117,43711.6
17699,5.0,,,,,,,43747.6
17700,,8.0,,,,,,43750.0
17711,5.0,,,,,,,43776.4
17712,,8.0,,,,,,43778.8
17721,5.0,,,,,,,43800.4
17722,,8.0,,,,,,43802.8
17728,5.0,,,,,,,43817.2
17729,,8.0,,,,,,43819.6
17734,,,0.7192272543907166,0.7553098201751709,0.003802643623203039,0.018876057118177414,-0.30297794938087463,43826.897959183676
17747,5.0,,,,,,,43858.73469387755
17748,,8.0,,,,,,43861.183673469386
17759,5.0,,,,,,,43888.12244897959
17760,,8.0,,,,,,43890.57142857143
17771,5.0,,,,,,,43917.510204081635
17772,,8.0,,,,,,43919.95918367347
17779,5.0,,,,,,,43937.102040816324
17780,,8.0,,,,,,43939.551020408166
17785,,,0.6822837591171265,0.7399782538414001,0.006349906791001558,0.01945791020989418,-0.4979044497013092,43947.10638297872
17791,,,0.7059367895126343,0.7274376749992371,0.004810193553566933,0.012911362573504448,-0.5293470025062561,43962.425531914894
17800,5.0,,,,,,,43985.40425531915
17801,,8.0,,,,,,43987.95744680851
17811,5.0,,,,,,,44013.48936170213
17812,,8.0,,,,,,44016.04255319149
17820,5.0,,,,,,,44036.46808510638
17821,,8.0,,,,,,44039.02127659575
17828,5.0,,,,,,,44056.89361702128
17829,,8.0,,,,,,44059.44680851064
17838,,,0.706447184085846,0.747715175151825,0.002287663519382477,0.02150633931159973,-0.42140576243400574,44078.36363636364
17846,5.0,,,,,,,44100.181818181816
17847,,8.0,,,,,,44102.90909090909
17856,5.0,,,,,,,44127.454545454544
17857,,8.0,,,,,,44130.181818181816
17863,5.0,,,,,,,44146.545454545456
17864,,8.0,,,,,,44149.27272727273
17874,5.0,,,,,,,44176.545454545456
17875,,8.0,,,,,,44179.27272727273
17881,,,0.6413106918334961,0.6862104535102844,0.008561712689697742,0.028578082099556923,-0.11775282025337219,44189.5
17894,5.0,,,,,,,44222.0
17895,,8.0,,,,,,44224.5
17903,5.0,,,,,,,44244.5
17904,,8.0,,,,,,44247.0
17914,5.0,,,,,,,44272.0
17915,,8.0,,,,,,44274.5
17924,5.0,,,,,,,44297.0
17925,,8.0,,,,,,44299.5
17932,,,0.7108273506164551,0.7620241045951843,0.0006053349352441728,0.002733118599280715,-0.4449097514152527,44312.666666666664
17942,5.0,,,,,,,44339.333333333336
17943,,8.0,,,,,,44342.0
17952,5.0,,,,,,,44366.0
17953,,8.0,,,,,,44368.666666666664
17964,5.0,,,,,,,44398.0
17965,,8.0,,,,,,44400.666666666664
17971,5.0,,,,,,,44416.666666666664
17972,,8.0,,,,,,44419.333333333336
17977,,,0.6441672444343567,0.6903320550918579,0.0080987848341465,0.01717999391257763,-0.26536595821380615,44427.10638297872
17986,5.0,,,,,,,44450.085106382976
17987,,8.0,,,,,,44452.63829787234
18002,5.0,,,,,,,44490.936170212764
18003,,8.0,,,,,,44493.48936170213
18009,5.0,,,,,,,44508.8085106383
18010,,8.0,,,,,,44511.36170212766
18020,5.0,,,,,,,44536.89361702128
18021,,8.0,,,,,,44539.44680851064
18026,,,0.6417776942253113,0.6995164752006531,0.002996868919581175,0.013985098339617252,-0.3637222647666931,44547.10638297872
18030,,,0.733215868473053,0.7743704915046692,0.007602444849908352,0.017539486289024353,-0.35129883885383606,44557.31914893617
18043,5.0,,,,,,,44590.51063829787
18044,,8.0,,,,,,44593.063829787236
18050,5.0,,,,,,,44608.382978723406
18051,,8.0,,,,,,44610.936170212764
18059,5.0,,,,,,,44631.36170212766
18060,,8.0,,,,,,44633.914893617024
18069,5.0,,,,,,,44656.89361702128
18070,,8.0,,,,,,44659.44680851064
18076,,,0.6391710042953491,0.6751413941383362,0.0030101407319307327,0.018276074901223183,-0.26489725708961487,44670.0
18082,5.0,,,,,,,44686.0
18083,,8.0,,,,,,44688.666666666664
18094,5.0,,,,,,,44718.0
18095,,8.0,,,,,,44720.666666666664
18106,5.0,,,,,,,44750.0
18107,,8.0,,,,,,44752.666666666664
18116,5.0,,,,,,,44776.666666666664
18117,,8.0,,,,,,44779.333333333336
18121,,,0.6845442056655884,0.769500732421875,0.007594228256493807,0.03932078927755356,-0.2856157124042511,44784.92682926829
18130,5.0,,,,,,,44811.26829268293
18131,,8.0,,,,,,44814.19512195122
18142,5.0,,,,,,,44846.39024390244
18143,,8.0,,,,,,44849.31707317073
18151,5.0,,,,,,,44872.73170731707
18152,,8.0,,,,,,44875.65853658537
18159,5.0,,,,,,,44896.14634146341
18160,,8.0,,,,,,44899.07317073171
18166,,,0.7086377143859863,0.7334630489349365,0.01685028336942196,0.041806332767009735,-0.1521737277507782,44910.181818181816
18177,5.0,,,,,,,44940.181818181816
18178,,8.0,,,,,,44942.90909090909
18190,5.0,,,,,,,44975.63636363636
18191,,8.0,,,,,,44978.36363636364
18198,5.0,,,,,,,44997.454545454544
18199,,8.0,,,,,,45000.181818181816
18205,5.0,,,,,,,45016.545454545456
18206,,8.0,,,,,,45019.27272727273
18210,,,0.6578994393348694,0.7564627528190613,0.008098621852695942,0.01732955314218998,-0.3788169026374817,45025.0
18220,5.0,,,,,,,45055.0
18221,,8.0,,,,,,45058.0
18230,5.0,,,,,,,45085.0
18231,,8.0,,,,,,45088.0
18239,5.0,,,,,,,45112.0
18240,,8.0,,,,,,45115.0
18247,5.0,,,,,,,45136.0
18248,,8.0,,,,,,45139.0
18252,,,0.6310765147209167,0.6984933018684387,0.0026731304824352264,0.0195174477994442,-0.2035055011510849,45144.79069767442
18253,,,0.6831339001655579,0.7313122153282166,0.0015113570261746645,0.007946383208036423,-0.2522977292537689,45147.58139534884
18259,5.0,,,,,,,45164.32558139535
18260,,8.0,,,,,,45167.11627906977
18271,5.0,,,,,,,45197.813953488374
18272,,8.0,,,,,,45200.604651162794
18283,5.0,,,,,,,45231.3023255814
18284,,8.0,,,,,,45234.09302325582
18292,5.0,,,,,,,45256.41860465116
18293,,8.0,,,,,,45259.20930232558
18301,,,0.6880613565444946,0.7471043467521667,0.007776802405714989,0.01316297147423029,-0.166291281580925,45275.95348837209
18308,5.0,,,,,,,45295.48837209302
18309,,8.0,,,,,,45298.27906976744
18317,5.0,,,,,,,45320.604651162794
18318,,8.0,,,,,,45323.395348837206
18329,5.0,,,,,,,45354.09302325582
18330,,8.0,,,,,,45356.88372093023
18337,5.0,,,,,,,45376.41860465116
18338,,8.0,,,,,,45379.20930232558
18344,,,0.7225762009620667,0.7578306198120117,0.01516062393784523,0.06314058601856232,0.16855552792549133,45389.34693877551
18357,5.0,,,,,,,45421.183673469386
18358,,8.0,,,,,,45423.63265306123
18369,5.0,,,,,,,45450.57142857143
18370,,8.0,,,,,,45453.02040816326
18381,5.0,,,,,,,45479.95918367347
18382,,8.0,,,,,,45482.4081632653
18388,5.0,,,,,,,45497.102040816324
18389,,8.0,,,,,,45499.551020408166
18394,,,0.6494128108024597,0.7007030844688416,0.00984108354896307,0.028313007205724716,0.15474048256874084,45509.05882352941
18400,5.0,,,,,,,45530.23529411765
18401,,8.0,,,,,,45533.76470588235
18411,5.0,,,,,,,45569.05882352941
18412,,8.0,,,,,,45572.58823529412
18418,5.0,,,,,,,45593.76470588235
18419,,8.0,,,,,,45597.294117647056
18424,5.0,,,,,,,45614.94117647059
18425,,8.0,,,,,,45618.470588235294
18431,,,0.6853403449058533,0.7402563691139221,0.0037026265636086464,0.015397383831441402,0.02078433334827423,45630.0
18443,5.0,,,,,,,45662.0
18444,,8.0,,,,,,45664.666666666664
18453,5.0,,,,,,,45688.666666666664
18454,,8.0,,,,,,45691.333333333336
18461,5.0,,,,,,,45710.0
18462,,8.0,,,,,,45712.666666666664
18471,5.0,,,,,,,45736.666666666664
18472,,8.0,,,,,,45739.333333333336
18476,,,0.6253233551979065,0.6738659143447876,0.0007718107081018388,0.01772073283791542,-0.051808133721351624,45744.264150943396
18483,,,0.6942094564437866,0.7658091187477112,0.001237013260833919,0.006531508639454842,-0.1387513428926468,45760.11320754717
18494,5.0,,,,,,,45785.018867924526
18495,,8.0,,,,,,45787.28301886792
18504,5.0,,,,,,,45807.660377358494
18505,,8.0,,,,,,45809.92452830189
18517,5.0,,,,,,,45837.09433962264
18518,,8.0,,,,,,45839.35849056604
18526,5.0,,,,,,,45857.47169811321
18527,,8.0,,,,,,45859.735849056604
18535,,,0.647375762462616,0.7269837856292725,0.006333453115075827,0.01444854773581028,-0.287746399641037,45873.32075471698
18543,5.0,,,,,,,45891.43396226415
18544,,8.0,,,,,,45893.698113207545
18559,5.0,,,,,,,45927.660377358494
18560,,8.0,,,,,,45929.92452830189
18571,5.0,,,,,,,45954.83018867925
18572,,8.0,,,,,,45957.09433962264
18581,5.0,,,,,,,45977.47169811321
18582,,8.0,,,,,,45979.735849056604
18591,,,0.6660755276679993,0.6971144676208496,0.00961295049637556,0.01754978857934475,-0.4601975977420807,45994.63157894737
18608,5.0,,,,,,,46030.42105263158
18609,,8.0,,,,,,46032.52631578947
18620,5.0,,,,,,,46055.68421052631
18621,,8.0,,,,,,46057.78947368421
18631,5.0,,,,,,,46078.84210526316
18632,,8.0,,,,,,46080.94736842105
18640,5.0,,,,,,,46097.78947368421
18641,,8.0,,,,,,46099.89473684211
18646,,,0.672852098941803,0.6981052160263062,0.004191562067717314,0.014075879007577896,-0.286557137966156,46108.48648648649
18655,5.0,,,,,,,46137.67567567567
18656,,8.0,,,,,,46140.91891891892
18662,5.0,,,,,,,46160.37837837838
18663,,8.0,,,,,,46163.62162162162
18673,5.0,,,,,,,46196.05405405405
18674,,8.0,,,,,,46199.2972972973
18679,5.0,,,,,,,46215.51351351351
18680,,8.0,,,,,,46218.75675675676
18684,,,0.7915891408920288,0.8161291480064392,0.0040328968316316605,0.00842146947979927,-0.29393234848976135,46224.608695652176
18697,5.0,,,,,,,46258.52173913043
18698,,8.0,,,,,,46261.13043478261
18707,5.0,,,,,,,46284.608695652176
18708,,8.0,,,,,,46287.217391304344
18716,5.0,,,,,,,46308.086956521736
18717,,8.0,,,,,,46310.69565217391
18727,5.0,,,,,,,46336.782608695656
18728,,8.0,,,,,,46339.391304347824
18733,,,0.6919645071029663,0.7466522455215454,0.0031095792073756456,0.00842907465994358,-0.2633558213710785,46347.217391304344
18736,,,0.7281211614608765,0.7821699380874634,0.00484909163787961,0.014753824099898338,-0.2181461900472641,46355.04347826087
18742,5.0,,,,,,,46370.69565217391
18743,,8.0,,,,,,46373.30434782609
18755,5.0,,,,,,,46404.608695652176
18756,,8.0,,,,,,46407.217391304344
18767,5.0,,,,,,,46435.913043478264
18768,,8.0,,,,,,46438.52173913043
18775,5.0,,,,,,,46456.782608695656
18776,,8.0,,,,,,46459.391304347824
18781,,,0.661675751209259,0.6998934149742126,0.0007884594378992915,0.007983651012182236,-0.24254782497882843,46467.71428571428
18791,5.0,,,,,,,46496.28571428572
18792,,8.0,,,,,,46499.142857142855
18802,5.0,,,,,,,46527.71428571428
18803,,8.0,,,,,,46530.57142857143
18811,5.0,,,,,,,46553.42857142857
18812,,8.0,,,,,,46556.28571428572
18819,5.0,,,,,,,46576.28571428572
18820,,8.0,,,,,,46579.142857142855
18826,,,0.6977917551994324,0.7275347113609314,0.006255007814615965,0.02034328132867813,-0.19262352585792542,46588.42857142857
18838,5.0,,,,,,,46614.142857142855
18839,,8.0,,,,,,46616.28571428572
18852,5.0,,,,,,,46644.142857142855
18853,,8.0,,,,,,46646.28571428572
18866,5.0,,,,,,,46674.142857142855
18867,,8.0,,,,,,46676.28571428572
18877,5.0,,,,,,,46697.71428571428
18878,,8.0,,,,,,46699.857142857145
18885,,,0.6855666637420654,0.7271625399589539,0.012163324281573296,0.024986229836940765,-0.11457803100347519,46711.41176470588
18897,5.0,,,,,,,46739.64705882353
18898,,8.0,,,,,,46742.0
18905,5.0,,,,,,,46758.470588235294
18906,,8.0,,,,,,46760.82352941176
18920,5.0,,,,,,,46793.76470588235
18921,,8.0,,,,,,46796.117647058825
18930,5.0,,,,,,,46817.294117647056
18931,,8.0,,,,,,46819.64705882353
18936,,,0.639413595199585,0.6976819634437561,0.0013131157029420137,0.008507700636982918,-0.14992253482341766,46826.705882352944
18949,5.0,,,,,,,46857.294117647056
18950,,8.0,,,,,,46859.64705882353
18958,5.0,,,,,,,46878.470588235294
18959,,8.0,,,,,,46880.82352941176
18970,5.0,,,,,,,46906.705882352944
18971,,8.0,,,,,,46909.05882352941
18983,5.0,,,,,,,46937.294117647056
18984,,8.0,,,,,,46939.64705882353
18990,,,0.6704597473144531,0.7218173742294312,0.0024300641380250454,0.012033484876155853,-0.05262614041566849,46950.78048780488
18993,,,0.664965808391571,0.7232069373130798,0.00402363296598196,0.010306035168468952,-0.06916208565235138,46959.560975609755
19004,5.0,,,,,,,46991.756097560974
19005,,8.0,,,,,,46994.68292682927
19009,5.0,,,,,,,47006.39024390244
19010,,8.0,,,,,,47009.31707317073
19020,5.0,,,,,,,47038.58536585366
19021,,8.0,,,,,,47041.51219512195
19026,5.0,,,,,,,47056.14634146341
19027,,8.0,,,,,,47059.07317073171
19033,,,0.6791801452636719,0.7431401014328003,0.005144852213561535,0.01680261455476284,-0.1442405879497528,47069.05882352941
19043,5.0,,,,,,,47092.58823529412
19044,,8.0,,,,,,47094.94117647059
19054,5.0,,,,,,,47118.470588235294
19055,,8.0,,,,,,47120.82352941176
19065,5.0,,,,,,,47144.35294117647
19066,,8.0,,,,,,47146.705882352944
19079,5.0,,,,,,,47177.294117647056
19080,,8.0,,,,,,47179.64705882353
19084,,,0.6822144389152527,0.7277881503105164,0.008950390852987766,0.015110576525330544,-0.10917257517576218,47184.608695652176
19098,5.0,,,,,,,47221.13043478261
19099,,8.0,,,,,,47223.739130434784
19110,5.0,,,,,,,47252.434782608696
19111,,8.0,,,,,,47255.04347826087
19119,5.0,,,,,,,47275.913043478264
19120,,8.0,,,,,,47278.52173913043
19127,5.0,,,,,,,47296.782608695656
19128,,8.0,,,,,,47299.391304347824
19133,,,0.6074640154838562,0.6464935541152954,0.003105178475379944,0.018305998295545578,-0.012178435921669006,47307.71428571428
19147,5.0,,,,,,,47347.71428571428
19148,,8.0,,,,,,47350.57142857143
19157,5.0,,,,,,,47376.28571428572
19158,,8.0,,,,,,47379.142857142855
19162,5.0,,,,,,,47390.57142857143
19163,,8.0,,,,,,47393.42857142857
19171,5.0,,,,,,,47416.28571428572
19172,,8.0,,,,,,47419.142857142855
19178,,,0.6594331860542297,0.6929482817649841,0.0034911197144538164,0.020583629608154297,0.1262376457452774,47428.92307692308
19188,5.0,,,,,,,47452.0
19189,,8.0,,,,,,47454.307692307695
19205,5.0,,,,,,,47491.230769230766
19206,,8.0,,,,,,47493.53846153846
19217,5.0,,,,,,,47518.92307692308
19218,,8.0,,,,,,47521.230769230766
19225,5.0,,,,,,,47537.38461538462
19226,,8.0,,,,,,47539.692307692305
19231,,,0.6388248801231384,0.6805903315544128,0.004556639585644007,0.02233031764626503,0.11527593433856964,47548.0
19232,,,0.6720771193504333,0.7012844085693359,0.005235214252024889,0.009724310599267483,0.07737047970294952,47551.0
19243,5.0,,,,,,,47584.0
19244,,8.0,,,,,,47587.0
19251,5.0,,,,,,,47608.0
19252,,8.0,,,,,,47611.0
19259,5.0,,,,,,,47632.0
19260,,8.0,,,,,,47635.0
19267,5.0,,,,,,,47656.0
19268,,8.0,,,,,,47659.0
19275,,,0.6355065107345581,0.7099640369415283,0.010386962443590164,0.024762975051999092,0.41040098667144775,47673.16279069767
19287,5.0,,,,,,,47706.651162790695
19288,,8.0,,,,,,47709.441860465115
19296,5.0,,,,,,,47731.767441860466
19297,,8.0,,,,,,47734.558139534885
19305,5.0,,,,,,,47756.88372093023
19306,,8.0,,,,,,47759.67441860465
19312,5.0,,,,,,,47776.41860465116
19313,,8.0,,,,,,47779.20930232558
19319,,,0.6397724151611328,0.7054837346076965,0.007280855905264616,0.018448570743203163,0.397671639919281,47790.181818181816
19328,5.0,,,,,,,47814.72727272727
19329,,8.0,,,,,,47817.454545454544
19338,5.0,,,,,,,47842.0
19339,,8.0,,,,,,47844.72727272727
19346,5.0,,,,,,,47863.818181818184
19347,,8.0,,,,,,47866.545454545456
19358,5.0,,,,,,,47896.545454545456
19359,,8.0,,,,,,47899.27272727273
19366,,,0.6712679266929626,0.7136653661727905,0.009971684776246548,0.017454184591770172,0.16110345721244812,47911.056603773584
19377,5.0,,,,,,,47935.96226415094
19378,,8.0,,,,,,47938.22641509434
19391,5.0,,,,,,,47967.660377358494
19392,,8.0,,,,,,47969.92452830189
19402,5.0,,,,,,,47992.56603773585
19403,,8.0,,,,,,47994.83018867925
19413,5.0,,,,,,,48017.47169811321
19414,,8.0,,,,,,48019.735849056604
19420,,,0.6755016446113586,0.7004595994949341,0.006959434133023024,0.028934255242347717,0.3035425841808319,48029.05882352941
19436,5.0,,,,,,,48066.705882352944
19437,,8.0,,,,,,48069.05882352941
19446,5.0,,,,,,,48090.23529411765
19447,,8.0,,,,,,48092.58823529412
19460,5.0,,,,,,,48123.17647058824
19461,,8.0,,,,,,48125.529411764706
19466,5.0,,,,,,,48137.294117647056
19467,,8.0,,,,,,48139.64705882353
19471,,,0.6315646171569824,0.6695677638053894,0.003431647317484021,0.013004427775740623,0.12186722457408905,48144.92682926829
19474,,,0.6400148868560791,0.6988238096237183,0.0059221358969807625,0.020876741036772728,0.1406698077917099,48153.70731707317
19484,5.0,,,,,,,48182.9756097561
19485,,8.0,,,,,,48185.90243902439
19494,5.0,,,,,,,48212.243902439026
19495,,8.0,,,,,,48215.170731707316
19502,5.0,,,,,,,48235.65853658537
19503,,8.0,,,,,,48238.58536585366
19509,5.0,,,,,,,48256.14634146341
19510,,8.0,,,,,,48259.07317073171
19515,,,0.66078782081604,0.7419974207878113,0.0019704371225088835,0.022166887298226357,0.0044729444198310375,48268.666666666664
19521,5.0,,,,,,,48288.666666666664
19522,,8.0,,,,,,48292.0
19532,5.0,,,,,,,48325.333333333336
19533,,8.0,,,,,,48328.666666666664
19540,5.0,,,,,,,48352.0
19541,,8.0,,,,,,48355.333333333336
19547,5.0,,,,,,,48375.333333333336
19548,,8.0,,,,,,48378.666666666664
19553,,,0.6420679688453674,0.6674826145172119,0.001459640683606267,0.00885885488241911,0.06814077496528625,48387.454545454544
19564,5.0,,,,,,,48417.454545454544
19565,,8.0,,,,,,48420.181818181816
19572,5.0,,,,,,,48439.27272727273
19573,,8.0,,,,,,48442.0
19585,5.0,,,,,,,48474.72727272727
19586,,8.0,,,,,,48477.454545454544
19593,5.0,,,,,,,48496.545454545456
19594,,8.0,,,,,,48499.27272727273
19598,,,0.6513353586196899,0.7117350101470947,-0.0008364624227397144,0.006256350316107273,-0.30414000153541565,48504.5
19607,5.0,,,,,,,48527.0
19608,,8.0,,,,,,48529.5
19618,5.0,,,,,,,48554.5
19619,,8.0,,,,,,48557.0
19631,5.0,,,,,,,48587.0
19632,,8.0,,,,,,48589.5
19643,5.0,,,,,,,48617.0
19644,,8.0,,,,,,48619.5
19649,,,0.6620506644248962,0.7438491582870483,0.014436692930758,0.037766046822071075,0.13110396265983582,48627.10638297872
19660,5.0,,,,,,,48655.1914893617
19661,,8.0,,,,,,48657.744680851065
19671,5.0,,,,,,,48683.27659574468
19672,,8.0,,,,,,48685.82978723404
19682,5.0,,,,,,,48711.36170212766
19683,,8.0,,,,,,48713.914893617024
19692,5.0,,,,,,,48736.89361702128
19693,,8.0,,,,,,48739.44680851064
19697,,,0.6732199192047119,0.7243937849998474,0.011464052833616734,0.023971090093255043,0.308109849691391,48744.35294117647
19702,,,0.6601917147636414,0.704780101776123,0.005091357510536909,0.013520179316401482,0.3032771944999695,48756.117647058825
19713,5.0,,,,,,,48782.0
19714,,8.0,,,,,,48784.35294117647
19726,5.0,,,,,,,48812.58823529412
19727,,8.0,,,,,,48814.94117647059
19734,5.0,,,,,,,48831.41176470588
19735,,8.0,,,,,,48833.76470588235
19745,5.0,,,,,,,48857.294117647056
19746,,8.0,,,,,,48859.64705882353
19752,,,0.6817525625228882,0.746881902217865,0.006872392725199461,0.011884032748639584,0.42779073119163513,48870.181818181816
19761,5.0,,,,,,,48894.72727272727
19762,,8.0,,,,,,48897.454545454544
19770,5.0,,,,,,,48919.27272727273
19771,,8.0,,,,,,48922.0
19780,5.0,,,,,,,48946.545454545456
19781,,8.0,,,,,,48949.27272727273
19791,5.0,,,,,,,48976.545454545456
19792,,8.0,,,,,,48979.27272727273
19797,,,0.658332109451294,0.7237147688865662,0.011440781876444817,0.020963555201888084,0.2597016990184784,48987.85365853659
19807,5.0,,,,,,,49017.12195121951
19808,,8.0,,,,,,49020.04878048781
19817,5.0,,,,,,,49046.39024390244
19818,,8.0,,,,,,49049.31707317073
19827,5.0,,,,,,,49075.65853658537
19828,,8.0,,,,,,49078.58536585366
19834,5.0,,,,,,,49096.14634146341
19835,,8.0,,,,,,49099.07317073171
19839,,,0.6659059524536133,0.7019398212432861,0.0024028883781284094,0.00429283082485199,0.12716776132583618,49105.0
19848,5.0,,,,,,,49132.0
19849,,8.0,,,,,,49135.0
19855,5.0,,,,,,,49153.0
19856,,8.0,,,,,,49156.0
19867,5.0,,,,,,,49189.0
19868,,8.0,,,,,,49192.0
19876,5.0,,,,,,,49216.0
19877,,8.0,,,,,,49219.0
19881,,,0.6877359747886658,0.7230079770088196,0.0016881391638889909,0.009628379717469215,0.35904550552368164,49224.608695652176
19895,5.0,,,,,,,49261.13043478261
19896,,8.0,,,,,,49263.739130434784
19904,5.0,,,,,,,49284.608695652176
19905,,8.0,,,,,,49287.217391304344
19912,5.0,,,,,,,49305.47826086957
19913,,8.0,,,,,,49308.086956521736
19924,5.0,,,,,,,49336.782608695656
19925,,8.0,,,,,,49339.391304347824
19929,,,0.6604229807853699,0.713437557220459,0.007304548751562834,0.017435187473893166,0.42547497153282166,49344.181818181816
19932,,,0.6797919869422913,0.7394410967826843,0.009505080990493298,0.016972005367279053,0.3835972845554352,49350.72727272727
19943,5.0,,,,,,,49374.72727272727
19944,,8.0,,,,,,49376.90909090909
19959,5.0,,,,,,,49409.63636363636
19960,,8.0,,,,,,49411.818181818184
19971,5.0,,,,,,,49435.818181818184
19972,,8.0,,,,,,49438.0
19981,5.0,,,,,,,49457.63636363636
19982,,8.0,,,,,,49459.818181818184
19987,,,0.6546652913093567,0.7029426693916321,0.003482124302536249,0.016782885417342186,0.593256950378418,49468.666666666664
19994,5.0,,,,,,,49492.0
19995,,8.0,,,,,,49495.333333333336
20003,5.0,,,,,,,49522.0
20004,,8.0,,,,,,49525.333333333336
20012,5.0,,,,,,,49552.0
20013,,8.0,,,,,,49555.333333333336
20019,5.0,,,,,,,49575.333333333336
20020,,8.0,,,,,,49578.666666666664
20026,,,0.673872172832489,0.7152855396270752,0.005467816721647978,0.013210119679570198,0.2728428244590759,49590.78048780488
20037,5.0,,,,,,,49622.9756097561
20038,,8.0,,,,,,49625.90243902439
20045,5.0,,,,,,,49646.39024390244
20046,,8.0,,,,,,49649.31707317073
20051,5.0,,,,,,,49663.95121951219
20052,,8.0,,,,,,49666.87804878049
20062,5.0,,,,,,,49696.14634146341
20063,,8.0,,,,,,49699.07317073171
20069,,,0.6902065277099609,0.7521089315414429,0.0028554003220051527,0.00518620852380991,0.4539857506752014,49710.37209302326
20081,5.0,,,,,,,49743.86046511628
20082,,8.0,,,,,,49746.651162790695
20090,5.0,,,,,,,49768.976744186046
20091,,8.0,,,,,,49771.767441860466
20099,5.0,,,,,,,49794.09302325582
20100,,8.0,,,,,,49796.88372093023
20107,5.0,,,,,,,49816.41860465116
20108,,8.0,,,,,,49819.20930232558
20113,,,0.6124942302703857,0.6741101145744324,0.002524202223867178,0.011778455227613449,0.5199076533317566,49827.10638297872
20128,5.0,,,,,,,49865.40425531915
20129,,8.0,,,,,,49867.95744680851
20139,5.0,,,,,,,49893.48936170213
20140,,8.0,,,,,,49896.04255319149
20147,5.0,,,,,,,49913.914893617024
20148,,8.0,,,,,,49916.46808510638
20156,5.0,,,,,,,49936.89361702128
20157,,8.0,,,,,,49939.44680851064
20161,,,0.603797435760498,0.6464121341705322,0.0021468326449394226,0.00889143068343401,0.746679425239563,49944.79069767442
20165,,,0.6657248735427856,0.7221530675888062,-0.0003084133204538375,0.006264818832278252,0.7288374304771423,49955.95348837209
20174,5.0,,,,,,,49981.06976744186
20175,,8.0,,,,,,49983.86046511628
20186,5.0,,,,,,,50014.558139534885
20187,,8.0,,,,,,50017.348837209305
20194,5.0,,,,,,,50036.88372093023
20195,,8.0,,,,,,50039.67441860465
20201,5.0,,,,,,,50056.41860465116
20202,,8.0,,,,,,50059.20930232558
20208,,,0.6863932013511658,0.7237207293510437,-6.97681462042965e-05,0.010197927244007587,0.7288572788238525,50070.78048780488
20220,5.0,,,,,,,50105.90243902439
20221,,8.0,,,,,,50108.829268292684
20227,5.0,,,,,,,50126.39024390244
20228,,8.0,,,,,,50129.31707317073
20237,5.0,,,,,,,50155.65853658537
20238,,8.0,,,,,,50158.58536585366
20244,5.0,,,,,,,50176.14634146341
20245,,8.0,,,,,,50179.07317073171
20251,,,0.6828609704971313,0.7245688438415527,0.0009976668516173959,0.006872852798551321,0.5618870854377747,50191.72972972973
20258,5.0,,,,,,,50214.43243243243
20259,,8.0,,,,,,50217.67567567567
20265,5.0,,,,,,,50237.13513513513
20266,,8.0,,,,,,50240.37837837838
20275,5.0,,,,,,,50269.56756756757
20276,,8.0,,,,,,50272.81081081081
20283,5.0,,,,,,,50295.51351351351
20284,,8.0,,,,,,50298.75675675676
20289,,,0.6489198207855225,0.7133211493492126,0.0017036704812198877,0.019079476594924927,0.7018534541130066,50306.61538461538
20299,5.0,,,,,,,50329.692307692305
20300,,8.0,,,,,,50332.0
20314,5.0,,,,,,,50364.307692307695
20315,,8.0,,,,,,50366.61538461538
20327,5.0,,,,,,,50394.307692307695
20328,,8.0,,,,,,50396.61538461538
20337,5.0,,,,,,,50417.38461538462
20338,,8.0,,,,,,50419.692307692305
20344,,,0.6691808700561523,0.7134198546409607,0.01949324831366539,0.034238047897815704,1.0095739364624023,50428.92307692308
20357,5.0,,,,,,,50458.92307692308
20358,,8.0,,,,,,50461.230769230766
20369,5.0,,,,,,,50486.61538461538
20370,,8.0,,,,,,50488.92307692308
20381,5.0,,,,,,,50514.307692307695
20382,,8.0,,,,,,50516.61538461538
20391,5.0,,,,,,,50537.38461538462
20392,,8.0,,,,,,50539.692307692305
20396,,,0.634562075138092,0.6969011425971985,0.012789444997906685,0.030566342175006866,0.920652449131012,50543.34146341463
20398,,,0.6774216294288635,0.7269539833068848,0.011812972836196423,0.026622194796800613,0.9512061476707458,50546.0243902439
20408,5.0,,,,,,,50559.439024390245
20409,,8.0,,,,,,50560.78048780488
20418,5.0,,,,,,,50572.85365853659
20419,,8.0,,,,,,50574.19512195122
20427,5.0,,,,,,,50584.92682926829
20428,,8.0,,,,,,50586.26829268293
20434,5.0,,,,,,,50594.31707317073
20435,,8.0,,,,,,50595.65853658537
20442,,,0.6715368628501892,0.7023856043815613,0.0051926239393651485,0.021980909630656242,0.6375292539596558,50609.97297297297
20452,5.0,,,,,,,50642.40540540541
20453,,8.0,,,,,,50645.64864864865
20460,5.0,,,,,,,50668.35135135135
20461,,8.0,,,,,,50671.59459459459
20468,5.0,,,,,,,50694.2972972973
20469,,8.0,,,,,,50697.54054054054
20473,5.0,,,,,,,50710.51351351351
20474,,8.0,,,,,,50713.75675675676
20480,,,0.6441211104393005,0.6787049770355225,0.004488686099648476,0.02706916071474552,0.43170133233070374,50725.78048780488
20489,5.0,,,,,,,50752.12195121951
20490,,8.0,,,,,,50755.04878048781
20499,5.0,,,,,,,50781.39024390244
20500,,8.0,,,,,,50784.31707317073
20510,5.0,,,,,,,50813.58536585366
20511,,8.0,,,,,,50816.51219512195
20516,5.0,,,,,,,50831.14634146341
20517,,8.0,,,,,,50834.07317073171
20523,,,0.6212109327316284,0.6566011905670166,0.0052498443983495235,0.018254190683364868,0.49191513657569885,50844.2
20536,5.0,,,,,,,50875.4
20537,,8.0,,,,,,50877.8
20547,5.0,,,,,,,50901.8
20548,,8.0,,,,,,50904.2
20557,5.0,,,,,,,50925.8
20558,,8.0,,,,,,50928.2
20568,5.0,,,,,,,50952.2
20569,,8.0,,,,,,50954.6
20574,,,0.6869145035743713,0.7216953039169312,0.00023274619888979942,0.013201091438531876,0.6870155334472656,50963.857142857145
20582,5.0,,,,,,,50991.28571428572
20583,,8.0,,,,,,50994.71428571428
20593,5.0,,,,,,,51029.0
20594,,8.0,,,,,,51032.42857142857
20599,5.0,,,,,,,51049.57142857143
20600,,8.0,,,,,,51053.0
20605,5.0,,,,,,,51070.142857142855
20606,,8.0,,,,,,51073.57142857143
20611,,,0.6543409824371338,0.7091223001480103,0.0021440242417156696,0.01213143952190876,0.4336412250995636,51082.454545454544
20614,,,0.7135183215141296,0.7407465577125549,0.013372471556067467,0.022957095876336098,0.4920685291290283,51090.63636363636
20622,5.0,,,,,,,51112.454545454544
20623,,8.0,,,,,,51115.181818181816
20633,5.0,,,,,,,51142.454545454544
20634,,8.0,,,,,,51145.181818181816
20642,5.0,,,,,,,51167.0
20643,,8.0,,,,,,51169.72727272727
20651,5.0,,,,,,,51191.545454545456
20652,,8.0,,,,,,51194.27272727273
20658,,,0.6794183850288391,0.7208587527275085,0.002665157662704587,0.011365709826350212,0.0817170962691307,51205.37209302326
20664,5.0,,,,,,,51222.11627906977
20665,,8.0,,,,,,51224.90697674418
20675,5.0,,,,,,,51252.813953488374
20676,,8.0,,,,,,51255.604651162794
20684,5.0,,,,,,,51277.93023255814
20685,,8.0,,,,,,51280.72093023256
20696,5.0,,,,,,,51311.41860465116
20697,,8.0,,,,,,51314.20930232558
20702,,,0.6570678353309631,0.6969329714775085,-0.0024365384597331285,0.015683362260460854,-0.04915645346045494,51321.705882352944
20710,5.0,,,,,,,51340.529411764706
20711,,8.0,,,,,,51342.882352941175
20722,5.0,,,,,,,51368.76470588235
20723,,8.0,,,,,,51371.117647058825
20742,5.0,,,,,,,51415.82352941176
20743,,8.0,,,,,,51418.17647058824
20749,5.0,,,,,,,51432.294117647056
20750,,8.0,,,,,,51434.64705882353
20755,,,0.6841456294059753,0.7475674152374268,0.006446561310440302,0.01964792050421238,-0.05884261801838875,51441.8
20764,5.0,,,,,,,51463.4
20765,,8.0,,,,,,51465.8
20778,5.0,,,,,,,51497.0
20779,,8.0,,,,,,51499.4
20788,5.0,,,,,,,51521.0
20789,,8.0,,,,,,51523.4
20801,5.0,,,,,,,51552.2
20802,,8.0,,,,,,51554.6
20806,,,0.6351822018623352,0.7043160200119019,0.004601397551596165,0.01979535073041916,0.037992216646671295,51559.857142857145
20813,5.0,,,,,,,51579.857142857145
20814,,8.0,,,,,,51582.71428571428
20824,5.0,,,,,,,51611.28571428572
20825,,8.0,,,,,,51614.142857142855
20837,5.0,,,,,,,51648.42857142857
20838,,8.0,,,,,,51651.28571428572
20845,5.0,,,,,,,51671.28571428572
20846,,8.0,,,,,,51674.142857142855
20851,,,0.7181886434555054,0.7619861364364624,0.0023236689157783985,0.005461184307932854,0.06114256754517555,51682.217391304344
20855,,,0.6646057963371277,0.7082698345184326,0.013443480245769024,0.036905236542224884,0.29688093066215515,51692.65217391304
20862,5.0,,,,,,,51710.913043478264
20863,,8.0,,,,,,51713.52173913043
20874,5.0,,,,,,,51742.217391304344
20875,,8.0,,,,,,51744.82608695652
20884,5.0,,,,,,,51768.30434782609
20885,,8.0,,,,,,51770.913043478264
20893,5.0,,,,,,,51791.782608695656
20894,,8.0,,,,,,51794.391304347824
20899,,,0.6771684885025024,0.718054473400116,0.015291880816221237,0.03591682389378548,-0.08853716403245926,51801.61538461538
20915,5.0,,,,,,,51838.53846153846
20916,,8.0,,,,,,51840.846153846156
20928,5.0,,,,,,,51868.53846153846
20929,,8.0,,,,,,51870.846153846156
20938,5.0,,,,,,,51891.61538461538
20939,,8.0,,,,,,51893.92307692308
20947,5.0,,,,,,,51912.38461538462
20948,,8.0,,,,,,51914.692307692305
20952,,,0.6625732779502869,0.7352729439735413,0.026905102655291557,0.06471336632966995,0.3058535158634186,51919.55319148936
20958,5.0,,,,,,,51934.87234042553
20959,,8.0,,,,,,51937.425531914894
20970,5.0,,,,,,,51965.51063829787
20971,,8.0,,,,,,51968.063829787236
20978,5.0,,,,,,,51985.936170212764
20979,,8.0,,,,,,51988.48936170213
20996,5.0,,,,,,,52031.89361702128
20997,,8.0,,,,,,52034.44680851064
21002,,,0.6721025109291077,0.7225205898284912,0.010986766777932644,0.030574098229408264,-0.10779523849487305,52041.61538461538
21016,5.0,,,,,,,52073.92307692308
21017,,8.0,,,,,,52076.230769230766
21027,5.0,,,,,,,52099.307692307695
21028,,8.0,,,,,,52101.61538461538
21038,5.0,,,,,,,52124.692307692305
21039,,8.0,,,,,,52127.0
21050,5.0,,,,,,,52152.38461538462
21051,,8.0,,,,,,52154.692307692305
21058,,,0.6097883582115173,0.6608235836029053,-0.00044454348972067237,0.007261853199452162,-0.3546825349330902,52166.795918367345
21065,5.0,,,,,,,52183.93877551021
21066,,8.0,,,,,,52186.38775510204
21078,5.0,,,,,,,52215.77551020408
21079,,8.0,,,,,,52218.22448979592
21090,5.0,,,,,,,52245.163265306124
21091,,8.0,,,,,,52247.61224489796
21101,5.0,,,,,,,52272.102040816324
21102,,8.0,,,,,,52274.551020408166
21106,,,0.6762909293174744,0.7140186429023743,0.0008012455655261874,0.021421898156404495,-0.33284178376197815,52279.92682926829
21109,,,0.6301097273826599,0.6918282508850098,0.0013174560153856874,0.012314184568822384,-0.3650529086589813,52288.70731707317
21116,5.0,,,,,,,52309.19512195122
21117,,8.0,,,,,,52312.12195121951
21125,5.0,,,,,,,52335.53658536585
21126,,8.0,,,,,,52338.46341463415
21134,5.0,,,,,,,52361.87804878049
21135,,8.0,,,,,,52364.80487804878
21144,5.0,,,,,,,52391.14634146341
21145,,8.0,,,,,,52394.07317073171
21150,,,0.6305949687957764,0.6762521266937256,0.002175017027184367,0.01635281927883625,-0.5431486964225769,52402.71428571428
21160,5.0,,,,,,,52431.28571428572
21161,,8.0,,,,,,52434.142857142855
21169,5.0,,,,,,,52457.0
21170,,8.0,,,,,,52459.857142857145
21177,5.0,,,,,,,52479.857142857145
21178,,8.0,,,,,,52482.71428571428
21188,5.0,,,,,,,52511.28571428572
21189,,8.0,,,,,,52514.142857142855
21195,,,0.6740186810493469,0.7162492871284485,0.002290294272825122,0.017288537696003914,-0.38755860924720764,52523.545454545456
21205,5.0,,,,,,,52545.36363636364
21206,,8.0,,,,,,52547.545454545456
21215,5.0,,,,,,,52567.181818181816
21216,,8.0,,,,,,52569.36363636364
21230,5.0,,,,,,,52599.90909090909
21231,,8.0,,,,,,52602.09090909091
21245,5.0,,,,,,,52632.63636363636
21246,,8.0,,,,,,52634.818181818184
21252,,,0.6415719985961914,0.6858131289482117,0.013298342935740948,0.024458419531583786,-0.08917555212974548,52640.0
21261,5.0,,,,,,,52649.0
21262,,8.0,,,,,,52650.0
21272,5.0,,,,,,,52660.0
21273,,8.0,,,,,,52661.0
21282,5.0,,,,,,,52670.0
21283,,8.0,,,,,,52671.0
21290,5.0,,,,,,,52678.0
21291,,8.0,,,,,,52679.0
21295,,,0.6687724590301514,0.7306641936302185,0.00909925252199173,0.017879163846373558,-0.06505341082811356,52682.92682926829
21308,5.0,,,,,,,52720.9756097561
21309,,8.0,,,,,,52723.90243902439
21318,5.0,,,,,,,52750.243902439026
21319,,8.0,,,,,,52753.170731707316
21325,5.0,,,,,,,52770.73170731707
21326,,8.0,,,,,,52773.65853658537
21333,5.0,,,,,,,52794.14634146341
21334,,8.0,,,,,,52797.07317073171
21338,,,0.7185662388801575,0.7594160437583923,0.026528460904955864,0.045784514397382736,0.03170923516154289,52802.4
21340,,,0.7101191282272339,0.7460309863090515,0.021628711372613907,0.04004288837313652,-0.031038183718919754,52807.2
21349,5.0,,,,,,,52828.8
21350,,8.0,,,,,,52831.2
21359,5.0,,,,,,,52852.8
21360,,8.0,,,,,,52855.2
21372,5.0,,,,,,,52884.0
21373,,8.0,,,,,,52886.4
21385,5.0,,,,,,,52915.2
21386,,8.0,,,,,,52917.6
21390,,,0.6561957001686096,0.7122979760169983,0.0016714638331905007,0.016507290303707123,0.0771506056189537,52922.857142857145
21402,5.0,,,,,,,52957.142857142855
21403,,8.0,,,,,,52960.0
21409,5.0,,,,,,,52977.142857142855
21410,,8.0,,,,,,52980.0
21420,5.0,,,,,,,53008.57142857143
21421,,8.0,,,,,,53011.42857142857
21429,5.0,,,,,,,53034.28571428572
21430,,8.0,,,,,,53037.142857142855
21436,,,0.6357378363609314,0.6751641035079956,0.0020495925564318895,0.014399300329387188,0.002495667664334178,53047.5
21441,5.0,,,,,,,53060.0
21442,,8.0,,,,,,53062.5
21456,5.0,,,,,,,53097.5
21457,,8.0,,,,,,53100.0
21465,5.0,,,,,,,53120.0
21466,,8.0,,,,,,53122.5
21479,5.0,,,,,,,53155.0
21480,,8.0,,,,,,53157.5
21485,,,0.6772065758705139,0.7122969031333923,0.003776323748752475,0.024564409628510475,-0.13225944340229034,53162.2
21493,5.0,,,,,,,53171.0
21494,,8.0,,,,,,53172.1
21502,5.0,,,,,,,53180.9
21503,,8.0,,,,,,53182.0
21509,5.0,,,,,,,53188.6
21510,,8.0,,,,,,53189.7
21521,5.0,,,,,,,53201.8
21522,,8.0,,,,,,53202.9
21527,,,0.7623705267906189,0.7891116738319397,0.009131819009780884,0.025107460096478462,-0.1800020933151245,53209.217391304344
21539,5.0,,,,,,,53240.52173913043
21540,,8.0,,,,,,53243.13043478261
21550,5.0,,,,,,,53269.217391304344
21551,,8.0,,,,,,53271.82608695652
21561,5.0,,,,,,,53297.913043478264
21562,,8.0,,,,,,53300.52173913043
21569,5.0,,,,,,,53318.782608695656
21570,,8.0,,,,,,53321.391304347824
21574,,,0.7137117385864258,0.7637823224067688,0.007580076344311237,0.01999945566058159,-0.4813450574874878,53326.4
21577,,,0.6765648126602173,0.7266949415206909,0.01712890900671482,0.03321775794029236,-0.3206774890422821,53333.6
21591,5.0,,,,,,,53367.2
21592,,8.0,,,,,,53369.6
21597,5.0,,,,,,,53381.6
21598,,8.0,,,,,,53384.0
21608,5.0,,,,,,,53408.0
21609,,8.0,,,,,,53410.4
21621,5.0,,,,,,,53439.2
21622,,8.0,,,,,,53441.6
21628,,,0.6524680256843567,0.7023094892501831,0.0033730219583958387,0.006584034767001867,0.038693081587553024,53453.0
21635,5.0,,,,,,,53474.0
21636,,8.0,,,,,,53477.0
21641,5.0,,,,,,,53492.0
21642,,8.0,,,,,,53495.0
21653,5.0,,,,,,,53528.0
21654,,8.0,,,,,,53531.0
21663,5.0,,,,,,,53558.0
21664,,8.0,,,,,,53561.0
21671,,,0.6590687036514282,0.7030946016311646,0.006223143078386784,0.01539792399853468,0.23819981515407562,53576.97297297297
21674,5.0,,,,,,,53586.7027027027
21675,,8.0,,,,,,53589.94594594595
21683,5.0,,,,,,,53615.89189189189
21684,,8.0,,,,,,53619.13513513513
21696,5.0,,,,,,,53658.05405405405
21697,,8.0,,,,,,53661.2972972973
21702,5.0,,,,,,,53677.51351351351
21703,,8.0,,,,,,53680.75675675676
21707,,,0.7094244956970215,0.7580596804618835,0.008560935966670513,0.032551441341638565,0.3109968304634094,53684.84782608696
21720,5.0,,,,,,,53695.86956521739
21721,,8.0,,,,,,53696.717391304344
21728,5.0,,,,,,,53702.65217391304
21729,,8.0,,,,,,53703.5
21741,5.0,,,,,,,53713.67391304348
21742,,8.0,,,,,,53714.52173913043
21750,5.0,,,,,,,53721.30434782609
21751,,8.0,,,,,,53722.15217391304
21756,,,0.6421827673912048,0.7142598628997803,0.007742006331682205,0.013490093871951103,0.12127593159675598,53729.0
21766,5.0,,,,,,,53759.0
21767,,8.0,,,,,,53762.0
21777,5.0,,,,,,,53792.0
21778,,8.0,,,,,,53795.0
21785,5.0,,,,,,,53816.0
21786,,8.0,,,,,,53819.0
21792,5.0,,,,,,,53837.0
21793,,8.0,,,,,,53840.0
21797,,,0.6502734422683716,0.7444080710411072,0.023022299632430077,0.04144635424017906,0.3556884229183197,53846.15789473684
21801,,,0.7254470586776733,0.7576065063476562,-0.001308278413489461,0.030877314507961273,0.2216317504644394,53858.78947368421
21805,5.0,,,,,,,53871.42105263158
21806,,8.0,,,,,,53874.57894736842
21811,5.0,,,,,,,53890.36842105263
21812,,8.0,,,,,,53893.52631578947
21821,5.0,,,,,,,53921.94736842105
21822,,8.0,,,,,,53925.10526315789
21832,5.0,,,,,,,53956.68421052631
21833,,8.0,,,,,,53959.84210526316
21838,,,0.6891220211982727,0.7188349366188049,0.004640840459614992,0.0347198061645031,0.11994196474552155,53968.0
21845,5.0,,,,,,,53985.5
21846,,8.0,,,,,,53988.0
21858,5.0,,,,,,,54018.0
21859,,8.0,,,,,,54020.5
21869,5.0,,,,,,,54045.5
21870,,8.0,,,,,,54048.0
21882,5.0,,,,,,,54078.0
21883,,8.0,,,,,,54080.5
21889,,,0.6315801739692688,0.6838833093643188,0.007240410894155502,0.022750211879611015,0.058151546865701675,54089.666666666664
21902,5.0,,,,,,,54118.555555555555
21903,,8.0,,,,,,54120.77777777778
21920,5.0,,,,,,,54158.555555555555
21921,,8.0,,,,,,54160.77777777778
21930,5.0,,,,,,,54180.77777777778
21931,,8.0,,,,,,54183.0
21938,5.0,,,,,,,54198.555555555555
21939,,8.0,,,,,,54200.77777777778
21944,,,0.6825405359268188,0.7398681044578552,0.006234499625861645,0.010155114345252514,-0.038657065480947495,54208.58139534884
21952,5.0,,,,,,,54230.90697674418
21953,,8.0,,,,,,54233.6976744186
21963,5.0,,,,,,,54261.604651162794
21964,,8.0,,,,,,54264.395348837206
21971,5.0,,,,,,,54283.93023255814
21972,,8.0,,,,,,54286.72093023256
21983,5.0,,,,,,,54317.41860465116
21984,,8.0,,,,,,54320.20930232558
21990,,,0.7588196396827698,0.7777873873710632,0.0026130510959774256,0.019557228311896324,-0.005948247388005257,54331.181818181816
21998,5.0,,,,,,,54353.0
21999,,8.0,,,,,,54355.72727272727
22007,5.0,,,,,,,54377.545454545456
22008,,8.0,,,,,,54380.27272727273
22018,5.0,,,,,,,54407.545454545456
22019,,8.0,,,,,,54410.27272727273
22029,5.0,,,,,,,54437.545454545456
22030,,8.0,,,,,,54440.27272727273
22035,,,0.7566497921943665,0.8089818954467773,0.002803204348310828,0.014543884433805943,-0.216864675283432,54448.85365853659
22039,,,0.6669270992279053,0.7175021171569824,0.009141528978943825,0.028621986508369446,-0.026381073519587517,54460.560975609755
22044,5.0,,,,,,,54475.19512195122
22045,,8.0,,,,,,54478.12195121951
22053,5.0,,,,,,,54501.53658536585
22054,,8.0,,,,,,54504.46341463415
22062,5.0,,,,,,,54527.87804878049
22063,,8.0,,,,,,54530.80487804878
22072,5.0,,,,,,,54557.14634146341
22073,,8.0,,,,,,54560.07317073171
22080,,,0.6392567157745361,0.726959228515625,0.00526430644094944,0.01581527292728424,0.0506647489964962,54572.6
22090,5.0,,,,,,,54596.6
22091,,8.0,,,,,,54599.0
22101,5.0,,,,,,,54623.0
22102,,8.0,,,,,,54625.4
22109,5.0,,,,,,,54642.2
22110,,8.0,,,,,,54644.6
22124,5.0,,,,,,,54678.2
22125,,8.0,,,,,,54680.6
22130,,,0.6414459347724915,0.7041438817977905,0.012444883584976196,0.03542346879839897,0.13378293812274933,54687.705882352944
22142,5.0,,,,,,,54715.94117647059
22143,,8.0,,,,,,54718.294117647056
22151,5.0,,,,,,,54737.117647058825
22152,,8.0,,,,,,54739.470588235294
22163,5.0,,,,,,,54765.35294117647
22164,,8.0,,,,,,54767.705882352944
22177,5.0,,,,,,,54798.294117647056
22178,,8.0,,,,,,54800.64705882353
22182,,,0.6530686020851135,0.6875511407852173,-0.0024004962760955095,0.021699056029319763,0.2895260155200958,54805.5
22195,5.0,,,,,,,54838.0
22196,,8.0,,,,,,54840.5
22203,5.0,,,,,,,54858.0
22204,,8.0,,,,,,54860.5
22215,5.0,,,,,,,54888.0
22216,,8.0,,,,,,54890.5
22227,5.0,,,,,,,54918.0
22228,,8.0,,,,,,54920.5
22236,,,0.6685535311698914,0.6971021294593811,0.005413291044533253,0.011162538081407547,-0.06409235298633575,54935.244897959186
22249,5.0,,,,,,,54967.08163265306
22250,,8.0,,,,,,54969.5306122449
22257,5.0,,,,,,,54986.67346938775
22258,,8.0,,,,,,54989.12244897959
22269,5.0,,,,,,,55016.06122448979
22270,,8.0,,,,,,55018.510204081635
22278,5.0,,,,,,,55038.102040816324
22279,,8.0,,,,,,55040.551020408166
22283,,,0.6690319180488586,0.7338589429855347,0.005011497065424919,0.01237480714917183,-0.10599391907453537,55045.608695652176
22290,,,0.6916559934616089,0.7230843305587769,0.006407422944903374,0.010788940824568272,-0.14796967804431915,55063.86956521739
22300,5.0,,,,,,,55089.95652173913
22301,,8.0,,,,,,55092.565217391304
22311,5.0,,,,,,,55118.65217391304
22312,,8.0,,,,,,55121.260869565216
22320,5.0,,,,,,,55142.13043478261
22321,,8.0,,,,,,55144.739130434784
22326,5.0,,,,,,,55157.782608695656
22327,,8.0,,,,,,55160.391304347824
22334,,,0.8593753576278687,0.891205370426178,0.010467858985066414,0.01760132797062397,-0.05485724285244942,55175.97297297297
22338,5.0,,,,,,,55188.94594594595
22339,,8.0,,,,,,55192.18918918919
22348,5.0,,,,,,,55221.37837837838
22349,,8.0,,,,,,55224.62162162162
22358,5.0,,,,,,,55253.81081081081
22359,,8.0,,,,,,55257.05405405405
22365,5.0,,,,,,,55276.51351351351
22366,,8.0,,,,,,55279.75675675676
22372,,,0.6601927876472473,0.7209376096725464,0.011604965664446354,0.03676611930131912,0.013700701296329498,55291.37209302326
22381,5.0,,,,,,,55316.48837209302
22382,,8.0,,,,,,55319.27906976744
22390,5.0,,,,,,,55341.604651162794
22391,,8.0,,,,,,55344.395348837206
22401,5.0,,,,,,,55372.3023255814
22402,,8.0,,,,,,55375.09302325582
22410,5.0,,,,,,,55397.41860465116
22411,,8.0,,,,,,55400.20930232558
22417,,,0.6548150777816772,0.7081407904624939,0.005695787258446217,0.022591859102249146,-0.0359826423227787,55410.34693877551
22428,5.0,,,,,,,55437.28571428572
22429,,8.0,,,,,,55439.73469387755
22441,5.0,,,,,,,55469.12244897959
22442,,8.0,,,,,,55471.57142857143
22455,5.0,,,,,,,55503.4081632653
22456,,8.0,,,,,,55505.857142857145
22461,5.0,,,,,,,55518.102040816324
22462,,8.0,,,,,,55520.551020408166
22468,,,0.6660586595535278,0.711493968963623,0.008599759079515934,0.022325797006487846,-0.09801408648490906,55531.181818181816
22478,5.0,,,,,,,55558.454545454544
22479,,8.0,,,,,,55561.181818181816
22490,5.0,,,,,,,55591.181818181816
22491,,8.0,,,,,,55593.90909090909
22498,5.0,,,,,,,55613.0
22499,,8.0,,,,,,55615.72727272727
22507,5.0,,,,,,,55637.545454545456
22508,,8.0,,,,,,55640.27272727273
22514,,,0.6712440252304077,0.7264275550842285,0.005584945902228355,0.015006604604423046,-0.024610979482531548,55650.34693877551
22518,,,0.6516525745391846,0.6723207831382751,0.004195342771708965,0.02492368035018444,0.05233100429177284,55660.142857142855
22526,5.0,,,,,,,55679.73469387755
22527,,8.0,,,,,,55682.183673469386
22539,5.0,,,,,,,55711.57142857143
22540,,8.0,,,,,,55714.02040816326
22551,5.0,,,,,,,55740.95918367347
22552,,8.0,,,,,,55743.4081632653
22558,5.0,,,,,,,55758.102040816324
22559,,8.0,,,,,,55760.551020408166
22566,,,0.6890406012535095,0.729506254196167,0.005854495335370302,0.00820047315210104,0.06315461546182632,55772.6
22575,5.0,,,,,,,55794.2
22576,,8.0,,,,,,55796.6
22585,5.0,,,,,,,55818.2
22586,,8.0,,,,,,55820.6
22596,5.0,,,,,,,55844.6
22597,,8.0,,,,,,55847.0
22610,5.0,,,,,,,55878.2
22611,,8.0,,,,,,55880.6
22615,,,0.6699422001838684,0.7288299798965454,0.004233561456203461,0.011473258025944233,-0.030254099518060684,55885.608695652176
22625,5.0,,,,,,,55911.69565217391
22626,,8.0,,,,,,55914.30434782609
22638,5.0,,,,,,,55945.608695652176
22639,,8.0,,,,,,55948.217391304344
22648,5.0,,,,,,,55971.69565217391
22649,,8.0,,,,,,55974.30434782609
22658,5.0,,,,,,,55997.782608695656
22659,,8.0,,,,,,56000.391304347824
22664,,,0.6728970408439636,0.7228676676750183,0.013737058266997337,0.025994807481765747,0.1294766217470169,56009.48648648649
22672,5.0,,,,,,,56035.43243243243
22673,,8.0,,,,,,56038.67567567567
22680,5.0,,,,,,,56061.37837837838
22681,,8.0,,,,,,56064.62162162162
22688,5.0,,,,,,,56087.32432432433
22689,,8.0,,,,,,56090.56756756757
22697,5.0,,,,,,,56116.51351351351
22698,,8.0,,,,,,56119.75675675676
22703,,,0.6362758278846741,0.7065156102180481,0.00015010248171165586,0.002262214897200465,0.0936615914106369,56127.897959183676
22717,5.0,,,,,,,56162.183673469386
22718,,8.0,,,,,,56164.63265306123
22728,5.0,,,,,,,56189.12244897959
22729,,8.0,,,,,,56191.57142857143
22738,5.0,,,,,,,56213.61224489796
22739,,8.0,,,,,,56216.06122448979
22748,5.0,,,,,,,56238.102040816324
22749,,8.0,,,,,,56240.551020408166
22755,,,0.6560980677604675,0.7213981747627258,0.006857066880911589,0.013951454311609268,0.10718049854040146,56249.79245283019
22759,,,0.7160153985023499,0.7726631164550781,0.005626631435006857,0.00668690912425518,0.08220892399549484,56258.84905660377
22765,5.0,,,,,,,56272.43396226415
22766,,8.0,,,,,,56274.698113207545
22777,5.0,,,,,,,56299.6037735849
22778,,8.0,,,,,,56301.8679245283
22791,5.0,,,,,,,56331.301886792455
22792,,8.0,,,,,,56333.56603773585
22803,5.0,,,,,,,56358.47169811321
22804,,8.0,,,,,,56360.735849056604
22810,,,0.6910973191261292,0.752583920955658,0.013759788125753403,0.029046785086393356,0.09278091043233871,56370.82608695652
22822,5.0,,,,,,,56402.13043478261
22823,,8.0,,,,,,56404.739130434784
22834,5.0,,,,,,,56433.434782608696
22835,,8.0,,,,,,56436.04347826087
22841,5.0,,,,,,,56451.69565217391
22842,,8.0,,,,,,56454.30434782609
22851,5.0,,,,,,,56477.782608695656
22852,,8.0,,,,,,56480.391304347824
22859,,,0.6331425309181213,0.694148600101471,-0.00024881813442334533,0.017957255244255066,0.13612066209316254,56494.16279069767
22872,5.0,,,,,,,56530.441860465115
22873,,8.0,,,,,,56533.232558139534
22881,5.0,,,,,,,56555.558139534885
22882,,8.0,,,,,,56558.348837209305
22889,5.0,,,,,,,56577.88372093023
22890,,8.0,,,,,,56580.67441860465
22896,5.0,,,,,,,56597.41860465116
22897,,8.0,,,,,,56600.20930232558
22902,,,0.6733201146125793,0.7136111855506897,0.008360513485968113,0.02616594173014164,0.19906118512153625,56609.153846153844
22912,5.0,,,,,,,56639.92307692308
22913,,8.0,,,,,,56643.0
22920,5.0,,,,,,,56664.53846153846
22921,,8.0,,,,,,56667.61538461538
22931,5.0,,,,,,,56698.38461538462
22932,,8.0,,,,,,56701.46153846154
22937,5.0,,,,,,,56716.846153846156
22938,,8.0,,,,,,56719.92307692308
22943,,,0.6078625321388245,0.6809844374656677,-0.0014495673822239041,0.02100438065826893,0.02332460880279541,56729.31578947369
22951,5.0,,,,,,,56754.57894736842
22952,,8.0,,,,,,56757.73684210526
22961,5.0,,,,,,,56786.15789473684
22962,,8.0,,,,,,56789.31578947369
22967,5.0,,,,,,,56805.10526315789
22968,,8.0,,,,,,56808.26315789474
22977,5.0,,,,,,,56836.68421052631
22978,,8.0,,,,,,56839.84210526316
22982,,,0.6569195985794067,0.7077041864395142,0.01615876704454422,0.03046691231429577,0.13691671192646027,56845.666666666664
22985,,,0.6934704780578613,0.7194588780403137,0.010035797953605652,0.027065688744187355,0.1350162923336029,56853.666666666664
22994,5.0,,,,,,,56877.666666666664
22995,,8.0,,,,,,56880.333333333336
23003,5.0,,,,,,,56901.666666666664
23004,,8.0,,,,,,56904.333333333336
23014,5.0,,,,,,,56931.0
23015,,8.0,,,,,,56933.666666666664
23024,5.0,,,,,,,56957.666666666664
23025,,8.0,,,,,,56960.333333333336
23030,,,0.6641758680343628,0.7295184135437012,0.004549482837319374,0.016651282086968422,-0.08701448887586594,56968.85365853659
23044,5.0,,,,,,,57009.829268292684
23045,,8.0,,,,,,57012.756097560974
23051,5.0,,,,,,,57030.31707317073
23052,,8.0,,,,,,57033.243902439026
23059,5.0,,,,,,,57053.73170731707
23060,,8.0,,,,,,57056.65853658537
23067,5.0,,,,,,,57077.14634146341
23068,,8.0,,,,,,57080.07317073171
23074,,,0.6660211682319641,0.7191631197929382,0.00113530398812145,0.017095962539315224,-0.23249025642871857,57090.65957446808
23083,5.0,,,,,,,57113.63829787234
23084,,8.0,,,,,,57116.1914893617
23098,5.0,,,,,,,57151.936170212764
23099,,8.0,,,,,,57154.48936170213
23105,5.0,,,,,,,57169.8085106383
23106,,8.0,,,,,,57172.36170212766
23116,5.0,,,,,,,57197.89361702128
23117,,8.0,,,,,,57200.44680851064
23121,,,0.7093218564987183,0.7651969194412231,0.018493732437491417,0.03560163080692291,-0.07272100448608398,57206.0
23130,5.0,,,,,,,57233.0
23131,,8.0,,,,,,57236.0
23141,5.0,,,,,,,57266.0
23142,,8.0,,,,,,57269.0
23153,5.0,,,,,,,57302.0
23154,,8.0,,,,,,57305.0
23158,5.0,,,,,,,57317.0
23159,,8.0,,,,,,57320.0
23163,,,0.6817662715911865,0.707309901714325,0.0075322589837014675,0.02159121260046959,-0.08632445335388184,57325.92682926829
23172,5.0,,,,,,,57352.26829268293
23173,,8.0,,,,,,57355.19512195122
23181,5.0,,,,,,,57378.60975609756
23182,,8.0,,,,,,57381.53658536585
23192,5.0,,,,,,,57410.80487804878
23193,,8.0,,,,,,57413.73170731707
23201,5.0,,,,,,,57437.14634146341
23202,,8.0,,,,,,57440.07317073171
23207,,,0.6431934237480164,0.7030922174453735,0.0041517880745232105,0.006037686951458454,-0.2101542204618454,57448.10638297872
23210,,,0.653722882270813,0.7157291173934937,0.004501968156546354,0.01665979065001011,-0.16411271691322327,57455.765957446805
23222,5.0,,,,,,,57486.40425531915
23223,,8.0,,,,,,57488.95744680851
23231,5.0,,,,,,,57509.382978723406
23232,,8.0,,,,,,57511.936170212764
23239,5.0,,,,,,,57529.8085106383
23240,,8.0,,,,,,57532.36170212766
23250,5.0,,,,,,,57557.89361702128
23251,,8.0,,,,,,57560.44680851064
23258,,,0.6528914570808411,0.7238702774047852,0.011012091301381588,0.03907279670238495,-0.2940938174724579,57573.21276595745
23269,5.0,,,,,,,57601.29787234042
23270,,8.0,,,,,,57603.85106382979
23276,5.0,,,,,,,57619.17021276596
23277,,8.0,,,,,,57621.72340425532
23288,5.0,,,,,,,57649.8085106383
23289,,8.0,,,,,,57652.36170212766
23299,5.0,,,,,,,57677.89361702128
23300,,8.0,,,,,,57680.44680851064
23306,,,0.6350996494293213,0.7012277245521545,0.00555231561884284,0.02352684922516346,-0.4331056773662567,57691.37209302326
23314,5.0,,,,,,,57713.6976744186
23315,,8.0,,,,,,57716.48837209302
23324,5.0,,,,,,,57741.604651162794
23325,,8.0,,,,,,57744.395348837206
23335,5.0,,,,,,,57772.3023255814
23336,,8.0,,,,,,57775.09302325582
23344,5.0,,,,,,,57797.41860465116
23345,,8.0,,,,,,57800.20930232558
23349,,,0.6441373229026794,0.6886845827102661,0.011274096556007862,0.023427894338965416,-0.3068619966506958,57805.72727272727
23358,5.0,,,,,,,57830.27272727273
23359,,8.0,,,,,,57833.0
23368,5.0,,,,,,,57857.545454545456
23369,,8.0,,,,,,57860.27272727273
23379,5.0,,,,,,,57887.545454545456
23380,,8.0,,,,,,57890.27272727273
23390,5.0,,,,,,,57917.545454545456
23391,,8.0,,,,,,57920.27272727273
23395,,,0.6383538246154785,0.6887394189834595,0.013803567737340927,0.04160258173942566,-0.25817030668258667,57926.07692307692
23402,5.0,,,,,,,57947.61538461538
23403,,8.0,,,,,,57950.692307692305
23410,5.0,,,,,,,57972.230769230766
23411,,8.0,,,,,,57975.307692307695
23422,5.0,,,,,,,58009.153846153844
23423,,8.0,,,,,,58012.230769230766
23431,5.0,,,,,,,58036.846153846156
23432,,8.0,,,,,,58039.92307692308
23436,,,0.6207202076911926,0.6639623641967773,0.020663656294345856,0.033758748322725296,-0.03797344118356705,58045.92682926829
23441,,,0.6853135824203491,0.7196371555328369,0.025204062461853027,0.05090002343058586,0.05070794001221657,58060.560975609755
23449,5.0,,,,,,,58083.9756097561
23450,,8.0,,,,,,58086.90243902439
23457,5.0,,,,,,,58107.39024390244
23458,,8.0,,,,,,58110.31707317073
23462,5.0,,,,,,,58122.0243902439
23463,,8.0,,,,,,58124.95121951219
23474,5.0,,,,,,,58157.14634146341
23475,,8.0,,,,,,58160.07317073171
23485,,,0.6845523118972778,0.7210528254508972,0.0072402250953018665,0.037518493831157684,-0.02556774578988552,58180.5
23493,5.0,,,,,,,58200.5
23494,,8.0,,,,,,58203.0
23505,5.0,,,,,,,58230.5
23506,,8.0,,,,,,58233.0
23514,5.0,,,,,,,58253.0
23515,,8.0,,,,,,58255.5
23524,5.0,,,,,,,58278.0
23525,,8.0,,,,,,58280.5
23529,,,0.6594390869140625,0.7160464525222778,0.002640063874423504,0.009755397215485573,0.020508144050836563,58286.15789473684
23543,5.0,,,,,,,58330.36842105263
23544,,8.0,,,,,,58333.52631578947
23550,5.0,,,,,,,58352.47368421053
23551,,8.0,,,,,,58355.63157894737
23557,5.0,,,,,,,58374.57894736842
23558,,8.0,,,,,,58377.73684210526
23564,5.0,,,,,,,58396.68421052631
23565,,8.0,,,,,,58399.84210526316
23569,,,0.6541091203689575,0.6958817839622498,0.005816966760903597,0.013174489140510559,-0.05835839360952377,58405.92682926829
23581,5.0,,,,,,,58441.04878048781
23582,,8.0,,,,,,58443.9756097561
23591,5.0,,,,,,,58470.31707317073
23592,,8.0,,,,,,58473.243902439026
23599,5.0,,,,,,,58493.73170731707
23600,,8.0,,,,,,58496.65853658537
23607,5.0,,,,,,,58517.14634146341
23608,,8.0,,,,,,58520.07317073171
23613,,,0.6291158199310303,0.714392364025116,0.020101133733987808,0.03949924558401108,-0.10105691850185394,58529.48648648649
23617,5.0,,,,,,,58542.45945945946
23618,,8.0,,,,,,58545.7027027027
23630,5.0,,,,,,,58584.62162162162
23631,,8.0,,,,,,58587.86486486487
23639,5.0,,,,,,,58613.81081081081
23640,,8.0,,,,,,58617.05405405405
23646,5.0,,,,,,,58636.51351351351
23647,,8.0,,,,,,58639.75675675676
23651,,,0.6270888447761536,0.6783897280693054,0.0008285212679766119,0.0034871131647378206,-0.13866928219795227,58645.142857142855
23654,,,0.6337984204292297,0.6782622933387756,0.005999286659061909,0.02091130055487156,-0.051583562046289444,58651.57142857143
23667,5.0,,,,,,,58679.42857142857
23668,,8.0,,,,,,58681.57142857143
23678,5.0,,,,,,,58703.0
23679,,8.0,,,,,,58705.142857142855
23690,5.0,,,,,,,58728.71428571428
23691,,8.0,,,,,,58730.857142857145
23704,5.0,,,,,,,58758.71428571428
23705,,8.0,,,,,,58760.857142857145
23712,,,0.6209526658058167,0.6908209919929504,0.0033810012973845005,0.011914767324924469,-0.23705452680587769,58774.16279069767
23722,5.0,,,,,,,58802.06976744186
23723,,8.0,,,,,,58804.86046511628
23729,5.0,,,,,,,58821.604651162794
23730,,8.0,,,,,,58824.395348837206
23736,5.0,,,,,,,58841.13953488372
23737,,8.0,,,,,,58843.93023255814
23749,5.0,,,,,,,58877.41860465116
23750,,8.0,,,,,,58880.20930232558
23754,,,0.6451664566993713,0.7302700281143188,0.002035254379734397,0.007947255857288837,-0.20660510659217834,58885.448979591834
23763,5.0,,,,,,,58907.489795918365
23764,,8.0,,,,,,58909.93877551021
23776,5.0,,,,,,,58939.32653061225
23777,,8.0,,,,,,58941.77551020408
23787,5.0,,,,,,,58966.26530612245
23788,,8.0,,,,,,58968.71428571428
23800,5.0,,,,,,,58998.102040816324
23801,,8.0,,,,,,59000.551020408166
23806,,,0.6230579614639282,0.6702411770820618,0.01061296183615923,0.031008245423436165,0.059177473187446594,59008.71428571428
23814,5.0,,,,,,,59031.57142857143
23815,,8.0,,,,,,59034.42857142857
23823,5.0,,,,,,,59057.28571428572
23824,,8.0,,,,,,59060.142857142855
23833,5.0,,,,,,,59085.857142857145
23834,,8.0,,,,,,59088.71428571428
23844,5.0,,,,,,,59117.28571428572
23845,,8.0,,,,,,59120.142857142855
23850,,,0.6292245388031006,0.6836857199668884,0.004810028243809938,0.012110915035009384,-0.11103180795907974,59129.0
23858,5.0,,,,,,,59153.0
23859,,8.0,,,,,,59156.0
23865,5.0,,,,,,,59174.0
23866,,8.0,,,,,,59177.0
23877,5.0,,,,,,,59210.0
23878,,8.0,,,,,,59213.0
23886,5.0,,,,,,,59237.0
23887,,8.0,,,,,,59240.0
23892,,,0.6103265881538391,0.6924903988838196,-0.0008736583986319602,0.03533020615577698,0.13787533342838287,59248.0
23893,,,0.6074419617652893,0.6519441604614258,0.010530306957662106,0.021104970946907997,-0.024747515097260475,59250.5
23905,5.0,,,,,,,59280.5
23906,,8.0,,,,,,59283.0
23914,5.0,,,,,,,59303.0
23915,,8.0,,,,,,59305.5
23928,5.0,,,,,,,59338.0
23929,,8.0,,,,,,59340.5
23936,5.0,,,,,,,59358.0
23937,,8.0,,,,,,59360.5
23944,,,0.6776152849197388,0.7022563219070435,0.021725347265601158,0.044863972812891006,0.39335522055625916,59374.70731707317
23950,5.0,,,,,,,59392.26829268293
23951,,8.0,,,,,,59395.19512195122
23961,5.0,,,,,,,59424.46341463415
23962,,8.0,,,,,,59427.39024390244
23970,5.0,,,,,,,59450.80487804878
23971,,8.0,,,,,,59453.73170731707
23979,5.0,,,,,,,59477.14634146341
23980,,8.0,,,,,,59480.07317073171
23986,,,0.6896746158599854,0.724834144115448,0.004546893294900656,0.024127503857016563,0.1315591186285019,59490.34693877551
24003,5.0,,,,,,,59531.97959183674
24004,,8.0,,,,,,59534.42857142857
24012,5.0,,,,,,,59554.02040816326
24013,,8.0,,,,,,59556.4693877551
24020,5.0,,,,,,,59573.61224489796
24021,,8.0,,,,,,59576.06122448979
24030,5.0,,,,,,,59598.102040816324
24031,,8.0,,,,,,59600.551020408166
24035,,,0.6516122817993164,0.7052083015441895,0.001591250766068697,0.011301643215119839,0.4131162762641907,59605.79069767442
24045,5.0,,,,,,,59633.6976744186
24046,,8.0,,,,,,59636.48837209302
24056,5.0,,,,,,,59664.395348837206
24057,,8.0,,,,,,59667.186046511626
24066,5.0,,,,,,,59692.3023255814
24067,,8.0,,,,,,59695.09302325582
24075,5.0,,,,,,,59717.41860465116
24076,,8.0,,,,,,59720.20930232558
24081,,,0.6481961607933044,0.7036881446838379,0.00033672773861326277,0.008883380331099033,0.4933221638202667,59728.10638297872
24093,5.0,,,,,,,59758.744680851065
24094,,8.0,,,,,,59761.29787234042
24101,5.0,,,,,,,59779.17021276596
24102,,8.0,,,,,,59781.72340425532
24116,5.0,,,,,,,59817.46808510638
24117,,8.0,,,,,,59820.02127659575
24124,5.0,,,,,,,59837.89361702128
24125,,8.0,,,,,,59840.44680851064
24129,,,0.8111599683761597,0.8439803123474121,0.003715354250743985,0.010663221590220928,-0.11288116127252579,59845.448979591834
24132,,,0.6356178522109985,0.702114462852478,0.002191974315792322,0.009715130552649498,-0.10580821335315704,59852.795918367345
24142,5.0,,,,,,,59877.28571428572
24143,,8.0,,,,,,59879.73469387755
24152,5.0,,,,,,,59901.77551020408
24153,,8.0,,,,,,59904.22448979592
24163,5.0,,,,,,,59928.71428571428
24164,,8.0,,,,,,59931.163265306124
24175,5.0,,,,,,,59958.102040816324
24176,,8.0,,,,,,59960.551020408166
24183,,,0.6834633946418762,0.7317383885383606,0.0024700993672013283,0.009255126118659973,-0.0032896955963224173,59973.434782608696
24191,5.0,,,,,,,59994.30434782609
24192,,8.0,,,,,,59996.913043478264
24203,5.0,,,,,,,60025.608695652176
24204,,8.0,,,,,,60028.217391304344
24216,5.0,,,,,,,60059.52173913043
24217,,8.0,,,,,,60062.13043478261
24223,5.0,,,,,,,60077.782608695656
24224,,8.0,,,,,,60080.391304347824
24232,,,0.6608407497406006,0.6940126419067383,0.0021526541095227003,0.011233570985496044,-0.03204633295536041,60096.04347826087
24243,5.0,,,,,,,60124.739130434784
24244,,8.0,,,,,,60127.34782608696
24249,5.0,,,,,,,60140.391304347824
24250,,8.0,,,,,,60143.0
24261,5.0,,,,,,,60171.69565217391
24262,,8.0,,,,,,60174.30434782609
24271,5.0,,,,,,,60197.782608695656
24272,,8.0,,,,,,60200.391304347824
24276,,,0.6621242165565491,0.6988375782966614,0.0034293169155716896,0.01473886426538229,0.1580648273229599,60206.42857142857
24281,5.0,,,,,,,60223.57142857143
24282,,8.0,,,,,,60227.0
24289,5.0,,,,,,,60251.0
24290,,8.0,,,,,,60254.42857142857
24301,5.0,,,,,,,60292.142857142855
24302,,8.0,,,,,,60295.57142857143
24308,5.0,,,,,,,60316.142857142855
24309,,8.0,,,,,,60319.57142857143
24314,,,0.6383793354034424,0.6943743824958801,0.01168531272560358,0.026071596890687943,0.2602115571498871,60327.897959183676
24327,5.0,,,,,,,60359.73469387755
24328,,8.0,,,,,,60362.183673469386
24340,5.0,,,,,,,60391.57142857143
24341,,8.0,,,,,,60394.02040816326
24348,5.0,,,,,,,60411.163265306124
24349,,8.0,,,,,,60413.61224489796
24359,5.0,,,,,,,60438.102040816324
24360,,8.0,,,,,,60440.551020408166
24365,,,0.6736997365951538,0.706976592540741,0.00748788146302104,0.022230222821235657,0.49631673097610474,60447.61538461538
24369,,,0.6538937091827393,0.6850302219390869,0.0013100790092721581,0.01425289735198021,0.45703062415122986,60456.846153846156
24380,5.0,,,,,,,60482.230769230766
24381,,8.0,,,,,,60484.53846153846
24388,5.0,,,,,,,60500.692307692305
24389,,8.0,,,,,,60503.0
24402,5.0,,,,,,,60533.0
24403,,8.0,,,,,,60535.307692307695
24413,5.0,,,,,,,60558.38461538462
24414,,8.0,,,,,,60560.692307692305
24422,,,0.6248139142990112,0.6935714483261108,0.007493231445550919,0.01924794912338257,0.2571258246898651,60575.244897959186
24433,5.0,,,,,,,60602.183673469386
24434,,8.0,,,,,,60604.63265306123
24441,5.0,,,,,,,60621.77551020408
24442,,8.0,,,,,,60624.22448979592
24452,5.0,,,,,,,60648.71428571428
24453,,8.0,,,,,,60651.163265306124
24464,5.0,,,,,,,60678.102040816324
24465,,8.0,,,,,,60680.551020408166
24471,,,0.6421295404434204,0.6953975558280945,0.0050157206133008,0.014920380897819996,-0.07317480444908142,60692.0
24480,5.0,,,,,,,60719.0
24481,,8.0,,,,,,60722.0
24489,5.0,,,,,,,60746.0
24490,,8.0,,,,,,60749.0
24498,5.0,,,,,,,60773.0
24499,,8.0,,,,,,60776.0
24506,5.0,,,,,,,60797.0
24507,,8.0,,,,,,60800.0
24511,,,0.651561975479126,0.6861388683319092,0.005526156164705753,0.013672447763383389,-0.08362880349159241,60805.72727272727
24524,5.0,,,,,,,60841.181818181816
24525,,8.0,,,,,,60843.90909090909
24533,5.0,,,,,,,60865.72727272727
24534,,8.0,,,,,,60868.454545454544
24543,5.0,,,,,,,60893.0
24544,,8.0,,,,,,60895.72727272727
24552,5.0,,,,,,,60917.545454545456
24553,,8.0,,,,,,60920.27272727273
24558,,,0.5839508175849915,0.6566355228424072,-0.00047760779852978885,0.01737568899989128,-0.5053852796554565,60928.58139534884
24568,5.0,,,,,,,60956.48837209302
24569,,8.0,,,,,,60959.27906976744
24576,5.0,,,,,,,60978.813953488374
24577,,8.0,,,,,,60981.604651162794
24586,5.0,,,,,,,61006.72093023256
24587,,8.0,,,,,,61009.51162790698
24597,5.0,,,,,,,61037.41860465116
24598,,8.0,,,,,,61040.20930232558
24602,,,0.6476153135299683,0.6893080472946167,0.005430726800113916,0.01643514260649681,-0.4385307729244232,61045.79069767442
24606,,,0.6478493213653564,0.7032520174980164,0.008291649632155895,0.029751868918538094,-0.322830468416214,61056.95348837209
24612,5.0,,,,,,,61073.6976744186
24613,,8.0,,,,,,61076.48837209302
24619,5.0,,,,,,,61093.232558139534
24620,,8.0,,,,,,61096.023255813954
24630,5.0,,,,,,,61123.93023255814
24631,,8.0,,,,,,61126.72093023256
24642,5.0,,,,,,,61157.41860465116
24643,,8.0,,,,,,61160.20930232558
24652,,,0.6277465224266052,0.6780315041542053,0.0024773215409368277,0.0042238738387823105,-0.16641847789287567,61176.846153846156
24662,5.0,,,,,,,61199.92307692308
24663,,8.0,,,,,,61202.230769230766
24672,5.0,,,,,,,61223.0
24673,,8.0,,,,,,61225.307692307695
24685,5.0,,,,,,,61253.0
24686,,8.0,,,,,,61255.307692307695
24696,5.0,,,,,,,61278.38461538462
24697,,8.0,,,,,,61280.692307692305
24702,,,0.6759620904922485,0.7165215015411377,0.009661625139415264,0.024189257994294167,-0.06866024434566498,61288.0
24714,5.0,,,,,,,61318.0
24715,,8.0,,,,,,61320.5
24721,5.0,,,,,,,61335.5
24722,,8.0,,,,,,61338.0
24736,5.0,,,,,,,61373.0
24737,,8.0,,,,,,61375.5
24746,5.0,,,,,,,61398.0
24747,,8.0,,,,,,61400.5
24754,,,0.6756364703178406,0.7182815670967102,0.007231151219457388,0.01763925887644291,-0.04909694567322731,61412.6
24763,5.0,,,,,,,61434.2
24764,,8.0,,,,,,61436.6
24779,5.0,,,,,,,61472.6
24780,,8.0,,,,,,61475.0
24790,5.0,,,,,,,61499.0
24791,,8.0,,,,,,61501.4
24798,5.0,,,,,,,61518.2
24799,,8.0,,,,,,61520.6
24803,,,0.683493435382843,0.7374652028083801,0.006152852904051542,0.021909989416599274,-0.014848541468381882,61525.55319148936
24816,5.0,,,,,,,61558.744680851065
24817,,8.0,,,,,,61561.29787234042
24825,5.0,,,,,,,61581.72340425532
24826,,8.0,,,,,,61584.27659574468
24837,5.0,,,,,,,61612.36170212766
24838,,8.0,,,,,,61614.914893617024
24847,5.0,,,,,,,61637.89361702128
24848,,8.0,,,,,,61640.44680851064
24853,,,0.6546197533607483,0.6819186210632324,0.005421882029622793,0.016783269122242928,0.0495653934776783,61647.8
24856,,,0.6009020805358887,0.6880112886428833,0.0034669828601181507,0.013089711777865887,0.02460695244371891,61655.0
24861,5.0,,,,,,,61667.0
24862,,8.0,,,,,,61669.4
24872,5.0,,,,,,,61693.4
24873,,8.0,,,,,,61695.8
24888,5.0,,,,,,,61731.8
24889,,8.0,,,,,,61734.2
24899,5.0,,,,,,,61758.2
24900,,8.0,,,,,,61760.6
24908,,,0.6197078227996826,0.6761366128921509,0.0009159271721728146,0.00876094214618206,-0.1486877202987671,61775.5
24920,5.0,,,,,,,61805.5
24921,,8.0,,,,,,61808.0
24931,5.0,,,,,,,61833.0
24932,,8.0,,,,,,61835.5
24941,5.0,,,,,,,61858.0
24942,,8.0,,,,,,61860.5
24949,5.0,,,,,,,61878.0
24950,,8.0,,,,,,61880.5
24960,,,0.6636378765106201,0.6926600337028503,0.008334452286362648,0.021532922983169556,0.09729878604412079,61898.27272727273
24973,5.0,,,,,,,61926.63636363636
24974,,8.0,,,,,,61928.818181818184
24984,5.0,,,,,,,61950.63636363636
24985,,8.0,,,,,,61952.818181818184
24997,5.0,,,,,,,61979.0
24998,,8.0,,,,,,61981.181818181816
25006,5.0,,,,,,,61998.63636363636
25007,,8.0,,,,,,62000.818181818184
25013,,,0.6063979268074036,0.6368716955184937,0.0045776814222335815,0.010842710733413696,0.0906510055065155,62011.181818181816
25031,5.0,,,,,,,62060.27272727273
25032,,8.0,,,,,,62063.0
25035,5.0,,,,,,,62071.181818181816
25036,,8.0,,,,,,62073.90909090909
25045,5.0,,,,,,,62098.454545454544
25046,,8.0,,,,,,62101.181818181816
25052,5.0,,,,,,,62117.545454545456
25053,,8.0,,,,,,62120.27272727273
25058,,,0.6906368732452393,0.7163888216018677,0.00405259570106864,0.01677919551730156,0.16058304905891418,62128.85365853659
25071,5.0,,,,,,,62166.90243902439
25072,,8.0,,,,,,62169.829268292684
25080,5.0,,,,,,,62193.243902439026
25081,,8.0,,,,,,62196.170731707316
25089,5.0,,,,,,,62219.58536585366
25090,,8.0,,,,,,62222.51219512195
25095,5.0,,,,,,,62237.14634146341
25096,,8.0,,,,,,62240.07317073171
25102,,,0.6654244661331177,0.7003112435340881,0.0049708932638168335,0.023133734241127968,0.11063461750745773,62250.34693877551
25105,,,0.6467413306236267,0.6871500015258789,0.0006177577888593078,0.01244482584297657,0.06269239634275436,62257.69387755102
25115,5.0,,,,,,,62282.183673469386
25116,,8.0,,,,,,62284.63265306123
25120,5.0,,,,,,,62294.42857142857
25121,,8.0,,,,,,62296.87755102041
25134,5.0,,,,,,,62328.71428571428
25135,,8.0,,,,,,62331.163265306124
25146,5.0,,,,,,,62358.102040816324
25147,,8.0,,,,,,62360.551020408166
25154,,,0.6319703459739685,0.692023754119873,0.002734303707256913,0.010538462549448013,0.2804291248321533,62374.42857142857
25161,5.0,,,,,,,62394.42857142857
25162,,8.0,,,,,,62397.28571428572
25171,5.0,,,,,,,62423.0
25172,,8.0,,,,,,62425.857142857145
25183,5.0,,,,,,,62457.28571428572
25184,,8.0,,,,,,62460.142857142855
25190,5.0,,,,,,,62477.28571428572
25191,,8.0,,,,,,62480.142857142855
25198,,,0.5932965874671936,0.6398249268531799,0.009408259764313698,0.016048504039645195,0.3353240489959717,62492.795918367345
25212,5.0,,,,,,,62527.08163265306
25213,,8.0,,,,,,62529.5306122449
25223,5.0,,,,,,,62554.02040816326
25224,,8.0,,,,,,62556.4693877551
25234,5.0,,,,,,,62580.95918367347
25235,,8.0,,,,,,62583.4081632653
25241,5.0,,,,,,,62598.102040816324
25242,,8.0,,,,,,62600.551020408166
25246,,,0.6342434883117676,0.698861837387085,0.0014798640040680766,0.006334324833005667,0.2986826002597809,62605.79069767442
25254,5.0,,,,,,,62628.11627906977
25255,,8.0,,,,,,62630.90697674418
25261,5.0,,,,,,,62647.651162790695
25262,,8.0,,,,,,62650.441860465115
25275,5.0,,,,,,,62686.72093023256
25276,,8.0,,,,,,62689.51162790698
25286,5.0,,,,,,,62717.41860465116
25287,,8.0,,,,,,62720.20930232558
25291,,,0.5877633094787598,0.6487308144569397,0.0031869413796812296,0.01204588171094656,0.16209296882152557,62725.72727272727
25301,5.0,,,,,,,62753.0
25302,,8.0,,,,,,62755.72727272727
25311,5.0,,,,,,,62780.27272727273
25312,,8.0,,,,,,62783.0
25323,5.0,,,,,,,62813.0
25324,,8.0,,,,,,62815.72727272727
25332,5.0,,,,,,,62837.545454545456
25333,,8.0,,,,,,62840.27272727273
25337,,,0.6478039622306824,0.6964563727378845,0.0011958745308220387,0.009117644280195236,0.3165077567100525,62845.55319148936
25338,,,0.6566585302352905,0.6872897148132324,0.006018938031047583,0.010434752330183983,0.32880139350891113,62848.10638297872
25350,5.0,,,,,,,62878.744680851065
25351,,8.0,,,,,,62881.29787234042
25360,5.0,,,,,,,62904.27659574468
25361,,8.0,,,,,,62906.82978723404
25369,5.0,,,,,,,62927.255319148935
25370,,8.0,,,,,,62929.8085106383
25381,5.0,,,,,,,62957.89361702128
25382,,8.0,,,,,,62960.44680851064
25387,,,0.6436859369277954,0.686002254486084,0.0009773345664143562,0.00872238352894783,0.39164236187934875,62969.48648648649
25395,5.0,,,,,,,62995.43243243243
25396,,8.0,,,,,,62998.67567567567
25403,5.0,,,,,,,63021.37837837838
25404,,8.0,,,,,,63024.62162162162
25410,5.0,,,,,,,63044.08108108108
25411,,8.0,,,,,,63047.32432432433
25420,5.0,,,,,,,63076.51351351351
25421,,8.0,,,,,,63079.75675675676
25428,,,0.7113956212997437,0.7610347867012024,0.011838464066386223,0.020062332972884178,0.24220958352088928,63093.90909090909
25433,5.0,,,,,,,63107.545454545456
25434,,8.0,,,,,,63110.27272727273
25444,5.0,,,,,,,63137.545454545456
25445,,8.0,,,,,,63140.27272727273
25460,5.0,,,,,,,63181.181818181816
25461,,8.0,,,,,,63183.90909090909
25466,5.0,,,,,,,63197.545454545456
25467,,8.0,,,,,,63200.27272727273
25471,,,0.6744831800460815,0.7202202081680298,0.01074624340981245,0.02766789309680462,0.3252861499786377,63205.72727272727
25481,5.0,,,,,,,63233.0
25482,,8.0,,,,,,63235.72727272727
25490,5.0,,,,,,,63257.545454545456
25491,,8.0,,,,,,63260.27272727273
25502,5.0,,,,,,,63290.27272727273
25503,,8.0,,,,,,63293.0
25512,5.0,,,,,,,63317.545454545456
25513,,8.0,,,,,,63320.27272727273
25519,,,0.613735020160675,0.66111159324646,0.00011883310799021274,0.0019707344472408295,0.11662210524082184,63331.181818181816
25530,5.0,,,,,,,63361.181818181816
25531,,8.0,,,,,,63363.90909090909
25538,5.0,,,,,,,63383.0
25539,,8.0,,,,,,63385.72727272727
25549,5.0,,,,,,,63413.0
25550,,8.0,,,,,,63415.72727272727
25558,5.0,,,,,,,63437.545454545456
25559,,8.0,,,,,,63440.27272727273
25563,,,0.7121992111206055,0.761383593082428,-0.0005490004550665617,0.009528319351375103,0.12174831330776215,63445.22222222222
25567,,,0.6873255968093872,0.7269504070281982,0.003841197583824396,0.007737971842288971,0.13903681933879852,63454.11111111111
25576,5.0,,,,,,,63474.11111111111
25577,,8.0,,,,,,63476.333333333336
25589,5.0,,,,,,,63503.0
25590,,8.0,,,,,,63505.22222222222
25602,5.0,,,,,,,63531.88888888889
25603,,8.0,,,,,,63534.11111111111
25614,5.0,,,,,,,63558.555555555555
25615,,8.0,,,,,,63560.77777777778
25623,,,0.6669056415557861,0.7274084091186523,0.008222950622439384,0.012946559116244316,0.017515141516923904,63575.5
25635,5.0,,,,,,,63605.5
25636,,8.0,,,,,,63608.0
25646,5.0,,,,,,,63633.0
25647,,8.0,,,,,,63635.5
25655,5.0,,,,,,,63655.5
25656,,8.0,,,,,,63658.0
25664,5.0,,,,,,,63678.0
25665,,8.0,,,,,,63680.5
25669,,,0.639664888381958,0.683294951915741,0.004400557838380337,0.01918911188840866,0.09610432386398315,63685.857142857145
25681,5.0,,,,,,,63720.142857142855
25682,,8.0,,,,,,63723.0
25691,5.0,,,,,,,63748.71428571428
25692,,8.0,,,,,,63751.57142857143
25699,5.0,,,,,,,63771.57142857143
25700,,8.0,,,,,,63774.42857142857
25708,5.0,,,,,,,63797.28571428572
25709,,8.0,,,,,,63800.142857142855
25713,,,0.607915461063385,0.6485843658447266,0.008588643744587898,0.016896545886993408,-0.23210662603378296,63806.333333333336
25720,5.0,,,,,,,63829.666666666664
25721,,8.0,,,,,,63833.0
25730,5.0,,,,,,,63863.0
25731,,8.0,,,,,,63866.333333333336
25737,5.0,,,,,,,63886.333333333336
25738,,8.0,,,,,,63889.666666666664
25746,5.0,,,,,,,63916.333333333336
25747,,8.0,,,,,,63919.666666666664
25751,,,0.6758909225463867,0.7173379063606262,-0.0006893415120430291,0.02006428688764572,-0.19903741776943207,63926.42857142857
25756,5.0,,,,,,,63943.57142857143
25757,,8.0,,,,,,63947.0
25763,5.0,,,,,,,63967.57142857143
25764,,8.0,,,,,,63971.0
25772,5.0,,,,,,,63998.42857142857
25773,,8.0,,,,,,64001.857142857145
25783,5.0,,,,,,,64036.142857142855
25784,,8.0,,,,,,64039.57142857143
25788,,,0.6875583529472351,0.7396697402000427,0.006357772275805473,0.01260308362543583,-0.48220503330230713,64045.666666666664
25790,,,0.6242182850837708,0.687002420425415,0.0008178994758054614,0.012613281607627869,-0.4122401475906372,64051.0
25799,5.0,,,,,,,64075.0
25800,,8.0,,,,,,64077.666666666664
25807,5.0,,,,,,,64096.333333333336
25808,,8.0,,,,,,64099.0
25821,5.0,,,,,,,64133.666666666664
25822,,8.0,,,,,,64136.333333333336
25830,5.0,,,,,,,64157.666666666664
25831,,8.0,,,,,,64160.333333333336
25839,,,0.6431726813316345,0.7053086161613464,0.007219861727207899,0.013958810828626156,-0.4787583351135254,64175.244897959186
25849,5.0,,,,,,,64199.73469387755
25850,,8.0,,,,,,64202.183673469386
25860,5.0,,,,,,,64226.67346938775
25861,,8.0,,,,,,64229.12244897959
25866,5.0,,,,,,,64241.36734693877
25867,,8.0,,,,,,64243.816326530614
25881,5.0,,,,,,,64278.102040816324
25882,,8.0,,,,,,64280.551020408166
25888,,,0.6612338423728943,0.7130228877067566,0.010046529583632946,0.029244523495435715,-0.13414061069488525,64292.230769230766
25895,5.0,,,,,,,64313.769230769234
25896,,8.0,,,,,,64316.846153846156
25902,5.0,,,,,,,64335.307692307695
25903,,8.0,,,,,,64338.38461538462
25910,5.0,,,,,,,64359.92307692308
25911,,8.0,,,,,,64363.0
25922,5.0,,,,,,,64396.846153846156
25923,,8.0,,,,,,64399.92307692308
25929,,,0.6727481484413147,0.7159009575843811,0.0033164394553750753,0.007019896525889635,-0.24036313593387604,64412.0
25940,5.0,,,,,,,64445.0
25941,,8.0,,,,,,64448.0
25947,5.0,,,,,,,64466.0
25948,,8.0,,,,,,64469.0
25956,5.0,,,,,,,64493.0
25957,,8.0,,,,,,64496.0
25964,5.0,,,,,,,64517.0
25965,,8.0,,,,,,64520.0
25971,,,0.6313016414642334,0.6946803331375122,0.004778131376951933,0.009771773591637611,0.1768658310174942,64530.65957446808
25982,5.0,,,,,,,64558.744680851065
25983,,8.0,,,,,,64561.29787234042
25994,5.0,,,,,,,64589.382978723406
25995,,8.0,,,,,,64591.936170212764
26002,5.0,,,,,,,64609.8085106383
26003,,8.0,,,,,,64612.36170212766
26013,5.0,,,,,,,64637.89361702128
26014,,8.0,,,,,,64640.44680851064
26018,,,0.6461079716682434,0.7544971108436584,0.004850562196224928,0.0120770875364542,0.0032352348789572716,64645.666666666664
26021,,,0.6322534084320068,0.6773301362991333,0.00031732063507661223,0.002132778987288475,-0.09046986699104309,64653.666666666664
26036,5.0,,,,,,,64693.666666666664
26037,,8.0,,,,,,64696.333333333336
26047,5.0,,,,,,,64723.0
26048,,8.0,,,,,,64725.666666666664
26056,5.0,,,,,,,64747.0
26057,,8.0,,,,,,64749.666666666664
26060,5.0,,,,,,,64757.666666666664
26061,,8.0,,,,,,64760.333333333336
26066,,,0.6607838273048401,0.6966729164123535,0.00042451670742593706,0.015741616487503052,-0.0329371877014637,64769.153846153844
26073,5.0,,,,,,,64790.692307692305
26074,,8.0,,,,,,64793.769230769234
26083,5.0,,,,,,,64821.46153846154
26084,,8.0,,,,,,64824.53846153846
26091,5.0,,,,,,,64846.07692307692
26092,,8.0,,,,,,64849.153846153844
26101,5.0,,,,,,,64876.846153846156
26102,,8.0,,,,,,64879.92307692308
26108,,,0.683921754360199,0.7427683472633362,0.003083682619035244,0.0076613095588982105,0.08591040223836899,64889.79245283019
26122,5.0,,,,,,,64921.49056603773
26123,,8.0,,,,,,64923.75471698113
26134,5.0,,,,,,,64948.660377358494
26135,,8.0,,,,,,64950.92452830189
26145,5.0,,,,,,,64973.56603773585
26146,,8.0,,,,,,64975.83018867925
26156,5.0,,,,,,,64998.47169811321
26157,,8.0,,,,,,65000.735849056604
26162,,,0.6645715832710266,0.7271367311477661,-0.0024843120481818914,0.011425402015447617,-0.01118193194270134,65009.31578947369
26171,5.0,,,,,,,65037.73684210526
26172,,8.0,,,,,,65040.89473684211
26179,5.0,,,,,,,65063.0
26180,,8.0,,,,,,65066.15789473684
26188,5.0,,,,,,,65091.42105263158
26189,,8.0,,,,,,65094.57894736842
26196,5.0,,,,,,,65116.68421052631
26197,,8.0,,,,,,65119.84210526316
26202,,,0.6567105054855347,0.7214250564575195,0.01302008330821991,0.027913739904761314,-0.12994928658008575,65128.85365853659
26209,5.0,,,,,,,65149.34146341463
26210,,8.0,,,,,,65152.26829268293
26221,5.0,,,,,,,65184.46341463415
26222,,8.0,,,,,,65187.39024390244
26230,5.0,,,,,,,65210.80487804878
26231,,8.0,,,,,,65213.73170731707
26239,5.0,,,,,,,65237.14634146341
26240,,8.0,,,,,,65240.07317073171
26246,,,0.6427351236343384,0.697218656539917,0.000989913591183722,0.021834339946508408,-0.0735284611582756,65250.5
26248,,,0.6233205795288086,0.6464515328407288,0.011305706575512886,0.03655749931931496,0.10216400772333145,65255.5
26255,5.0,,,,,,,65273.0
26256,,8.0,,,,,,65275.5
26267,5.0,,,,,,,65303.0
26268,,8.0,,,,,,65305.5
26276,5.0,,,,,,,65325.5
26277,,8.0,,,,,,65328.0
26289,5.0,,,,,,,65358.0
26290,,8.0,,,,,,65360.5
26299,,,0.7047472596168518,0.743410050868988,0.0013094869209453464,0.011853090487420559,-0.25952303409576416,65377.117647058825
26314,5.0,,,,,,,65412.41176470588
26315,,8.0,,,,,,65414.76470588235
26326,5.0,,,,,,,65440.64705882353
26327,,8.0,,,,,,65443.0
26331,5.0,,,,,,,65452.41176470588
26332,,8.0,,,,,,65454.76470588235
26342,5.0,,,,,,,65478.294117647056
26343,,8.0,,,,,,65480.64705882353
26349,,,0.6969488263130188,0.7363084554672241,0.004874263424426317,0.01601562462747097,0.3907124400138855,65491.0
26358,5.0,,,,,,,65515.0
26359,,8.0,,,,,,65517.666666666664
26368,5.0,,,,,,,65541.66666666667
26369,,8.0,,,,,,65544.33333333333
26380,5.0,,,,,,,65573.66666666667
26381,,8.0,,,,,,65576.33333333333
26389,5.0,,,,,,,65597.66666666667
26390,,8.0,,,,,,65600.33333333333
26395,,,0.6502358913421631,0.7184024453163147,0.0033502220176160336,0.01803313009440899,0.008053013123571873,65608.21739130435
26407,5.0,,,,,,,65639.52173913043
26408,,8.0,,,,,,65642.13043478261
26420,5.0,,,,,,,65673.43478260869
26421,,8.0,,,,,,65676.04347826086
26428,5.0,,,,,,,65694.30434782608
26429,,8.0,,,,,,65696.91304347826
26437,5.0,,,,,,,65717.78260869565
26438,,8.0,,,,,,65720.39130434782
26442,,,0.6641044616699219,0.7288774847984314,0.01204316969960928,0.02362477034330368,0.39938873052597046,65725.79069767441
26451,5.0,,,,,,,65750.90697674418
26452,,8.0,,,,,,65753.69767441861
26461,5.0,,,,,,,65778.81395348837
26462,,8.0,,,,,,65781.6046511628
26468,5.0,,,,,,,65798.3488372093
26469,,8.0,,,,,,65801.13953488372
26482,5.0,,,,,,,65837.41860465116
26483,,8.0,,,,,,65840.20930232559
26487,,,0.6523865461349487,0.7186852097511292,0.005116044078022242,0.018833259120583534,0.21438820660114288,65845.35294117648
26491,,,0.6635535955429077,0.6987727880477905,0.006739467848092318,0.022104214876890182,0.2363969385623932,65854.76470588235
26501,5.0,,,,,,,65878.29411764706
26502,,8.0,,,,,,65880.64705882352
26511,5.0,,,,,,,65901.82352941176
26512,,8.0,,,,,,65904.17647058824
26521,5.0,,,,,,,65925.35294117648
26522,,8.0,,,,,,65927.70588235294
26535,5.0,,,,,,,65958.29411764706
26536,,8.0,,,,,,65960.64705882352
26541,,,0.6298622488975525,0.7033609747886658,-0.0007180971442721784,0.012084480375051498,0.20648625493049622,65968.33333333333
26551,5.0,,,,,,,65995.0
26552,,8.0,,,,,,65997.66666666667
26563,5.0,,,,,,,66027.0
26564,,8.0,,,,,,66029.66666666667
26575,5.0,,,,,,,66059.0
26576,,8.0,,,,,,66061.66666666667
26582,5.0,,,,,,,66077.66666666667
26583,,8.0,,,,,,66080.33333333333
26590,,,0.9229347109794617,0.9551681280136108,0.000517522101290524,0.01122734323143959,0.19353891909122467,66092.79591836735
26600,5.0,,,,,,,66117.28571428571
26601,,8.0,,,,,,66119.73469387754
26611,5.0,,,,,,,66144.22448979592
26612,,8.0,,,,,,66146.67346938775
26619,5.0,,,,,,,66163.8163265306
26620,,8.0,,,,,,66166.26530612246
26633,5.0,,,,,,,66198.10204081633
26634,,8.0,,,,,,66200.55102040817
26639,,,0.7699642777442932,0.8101220726966858,0.008988874964416027,0.021980298683047295,0.07867954671382904,66208.21739130435
26651,5.0,,,,,,,66239.52173913043
26652,,8.0,,,,,,66242.13043478261
26660,5.0,,,,,,,66263.0
26661,,8.0,,,,,,66265.60869565218
26671,5.0,,,,,,,66291.69565217392
26672,,8.0,,,,,,66294.30434782608
26681,5.0,,,,,,,66317.78260869565
26682,,8.0,,,,,,66320.39130434782
26688,,,0.7347220778465271,0.7774273753166199,0.0006070201634429395,0.012633456848561764,0.07204185426235199,66330.65957446808
26701,5.0,,,,,,,66363.85106382979
26702,,8.0,,,,,,66366.40425531915
26709,5.0,,,,,,,66384.27659574468
26710,,8.0,,,,,,66386.82978723405
26723,5.0,,,,,,,66420.02127659574
26724,,8.0,,,,,,66422.5744680851
26730,5.0,,,,,,,66437.89361702128
26731,,8.0,,,,,,66440.44680851063
26738,,,0.6382418870925903,0.6966835260391235,0.006106498651206493,0.014723091386258602,-0.14102087914943695,66452.6
26743,,,0.7114289402961731,0.7520058155059814,0.008994968608021736,0.021634571254253387,-0.04400371015071869,66464.6
26751,5.0,,,,,,,66483.8
26752,,8.0,,,,,,66486.2
26765,5.0,,,,,,,66517.4
26766,,8.0,,,,,,66519.8
26774,5.0,,,,,,,66539.0
26775,,8.0,,,,,,66541.4
26782,5.0,,,,,,,66558.2
26783,,8.0,,,,,,66560.6
26787,,,0.6502357125282288,0.7149768471717834,0.016896255314350128,0.03862524405121803,0.11854030191898346,66566.42857142857
26795,5.0,,,,,,,66593.85714285714
26796,,8.0,,,,,,66597.28571428571
26804,5.0,,,,,,,66624.71428571429
26805,,8.0,,,,,,66628.14285714286
26812,5.0,,,,,,,66652.14285714286
26813,,8.0,,,,,,66655.57142857143
26819,5.0,,,,,,,66676.14285714286
26820,,8.0,,,,,,66679.57142857143
26827,,,0.6487118005752563,0.6801723837852478,0.0009530247189104557,0.00512869656085968,-0.10568967461585999,66693.0
26836,5.0,,,,,,,66715.5
26837,,8.0,,,,,,66718.0
26850,5.0,,,,,,,66750.5
26851,,8.0,,,,,,66753.0
26860,5.0,,,,,,,66775.5
26861,,8.0,,,,,,66778.0
26869,5.0,,,,,,,66798.0
26870,,8.0,,,,,,66800.5
26875,,,0.6607307195663452,0.7139723300933838,0.0038198765832930803,0.020328950136899948,0.07153752446174622,66808.58139534884
26885,5.0,,,,,,,66836.48837209302
26886,,8.0,,,,,,66839.27906976744
26895,5.0,,,,,,,66864.3953488372
26896,,8.0,,,,,,66867.18604651163
26902,5.0,,,,,,,66883.93023255814
26903,,8.0,,,,,,66886.72093023256
26914,5.0,,,,,,,66917.41860465116
26915,,8.0,,,,,,66920.20930232559
26919,,,0.6737696528434753,0.7289771437644958,-0.0001404526992700994,0.01857725717127323,0.05381873622536659,66925.72727272728
26932,5.0,,,,,,,66961.18181818182
26933,,8.0,,,,,,66963.90909090909
26943,5.0,,,,,,,66991.18181818182
26944,,8.0,,,,,,66993.90909090909
26952,5.0,,,,,,,67015.72727272728
26953,,8.0,,,,,,67018.45454545454
26960,5.0,,,,,,,67037.54545454546
26961,,8.0,,,,,,67040.27272727272
26965,,,0.6493973731994629,0.6949297785758972,0.007168288342654705,0.029859161004424095,0.13007260859012604,67045.85714285714
26969,,,0.6474364995956421,0.71473628282547,0.006916123442351818,0.021861795336008072,0.07232651859521866,67057.28571428571
26976,5.0,,,,,,,67077.28571428571
26977,,8.0,,,,,,67080.14285714286
26984,5.0,,,,,,,67100.14285714286
26985,,8.0,,,,,,67103.0
26993,5.0,,,,,,,67125.85714285714
26994,,8.0,,,,,,67128.71428571429
27004,5.0,,,,,,,67157.28571428571
27005,,8.0,,,,,,67160.14285714286
27011,,,0.636267900466919,0.6830400228500366,-0.0005222313920967281,0.01733406074345112,0.19926726818084717,67172.47368421052
27020,5.0,,,,,,,67200.8947368421
27021,,8.0,,,,,,67204.05263157895
27029,5.0,,,,,,,67229.31578947368
27030,,8.0,,,,,,67232.47368421052
27037,5.0,,,,,,,67254.57894736843
27038,,8.0,,,,,,67257.73684210527
27044,5.0,,,,,,,67276.68421052632
27045,,8.0,,,,,,67279.84210526316
27053,,,0.6622149348258972,0.740487813949585,4.3544503569137305e-05,0.014555801637470722,0.11624912917613983,67295.5
27062,5.0,,,,,,,67318.0
27063,,8.0,,,,,,67320.5
27073,5.0,,,,,,,67345.5
27074,,8.0,,,,,,67348.0
27082,5.0,,,,,,,67368.0
27083,,8.0,,,,,,67370.5
27094,5.0,,,,,,,67398.0
27095,,8.0,,,,,,67400.5
27100,,,0.624703049659729,0.6780861616134644,0.00012388011964503676,0.01396943163126707,0.0882759839296341,67408.45454545454
27118,5.0,,,,,,,67457.54545454546
27119,,8.0,,,,,,67460.27272727272
27125,5.0,,,,,,,67476.63636363637
27126,,8.0,,,,,,67479.36363636363
27132,5.0,,,,,,,67495.72727272728
27133,,8.0,,,,,,67498.45454545454
27140,5.0,,,,,,,67517.54545454546
27141,,8.0,,,,,,67520.27272727272
27146,,,0.6624845266342163,0.7314795851707458,0.009434276260435581,0.025799650698900223,0.19366489350795746,67528.45454545454
27159,5.0,,,,,,,67563.90909090909
27160,,8.0,,,,,,67566.63636363637
27167,5.0,,,,,,,67585.72727272728
27168,,8.0,,,,,,67588.45454545454
27177,5.0,,,,,,,67613.0
27178,,8.0,,,,,,67615.72727272728
27186,5.0,,,,,,,67637.54545454546
27187,,8.0,,,,,,67640.27272727272
27191,,,0.6112540364265442,0.6873288154602051,-0.001367688993923366,0.007594117894768715,0.0558907613158226,67645.66666666667
27196,,,0.6379307508468628,0.7037137150764465,0.0002318169572390616,0.013586788438260555,0.07343709468841553,67659.0
27203,5.0,,,,,,,67677.66666666667
27204,,8.0,,,,,,67680.33333333333
27215,5.0,,,,,,,67709.66666666667
27216,,8.0,,,,,,67712.33333333333
27224,5.0,,,,,,,67733.66666666667
27225,,8.0,,,,,,67736.33333333333
27233,5.0,,,,,,,67757.66666666667
27234,,8.0,,,,,,67760.33333333333
27243,,,0.6153987646102905,0.6599497199058533,0.008163701742887497,0.015666985884308815,0.06442464143037796,67782.45945945945
27247,5.0,,,,,,,67795.43243243243
27248,,8.0,,,,,,67798.67567567568
27255,5.0,,,,,,,67821.37837837837
27256,,8.0,,,,,,67824.62162162163
27264,5.0,,,,,,,67850.56756756757
27265,,8.0,,,,,,67853.81081081081
27272,5.0,,,,,,,67876.51351351352
27273,,8.0,,,,,,67879.75675675676
27277,,,0.6445716619491577,0.7129220366477966,0.004745045211166143,0.008341807872056961,0.14593356847763062,67886.15789473684
27289,5.0,,,,,,,67924.05263157895
27290,,8.0,,,,,,67927.21052631579
27298,5.0,,,,,,,67952.47368421052
27299,,8.0,,,,,,67955.63157894737
27307,5.0,,,,,,,67980.8947368421
27308,,8.0,,,,,,67984.05263157895
27312,5.0,,,,,,,67996.68421052632
27313,,8.0,,,,,,67999.84210526316
27319,,,0.6051321029663086,0.6547900438308716,0.009561330080032349,0.027360830456018448,0.19676484167575836,68012.23076923077
27330,5.0,,,,,,,68046.07692307692
27331,,8.0,,,,,,68049.15384615384
27340,5.0,,,,,,,68076.84615384616
27341,,8.0,,,,,,68079.92307692308
27347,5.0,,,,,,,68098.38461538461
27348,,8.0,,,,,,68101.46153846153
27353,5.0,,,,,,,68116.84615384616
27354,,8.0,,,,,,68119.92307692308
27358,,,0.6245850324630737,0.6728172898292542,-0.00031024127383716404,0.0047749606892466545,0.10596778988838196,68126.07692307692
27368,5.0,,,,,,,68156.84615384616
27369,,8.0,,,,,,68159.92307692308
27378,5.0,,,,,,,68187.61538461539
27379,,8.0,,,,,,68190.69230769231
27387,5.0,,,,,,,68215.30769230769
27388,,8.0,,,,,,68218.38461538461
27394,5.0,,,,,,,68236.84615384616
27395,,8.0,,,,,,68239.92307692308
27401,,,0.6380125880241394,0.6894910335540771,0.011527076363563538,0.019916517660021782,0.2089422345161438,68251.57142857143
27402,,,0.620660662651062,0.6437978744506836,0.015103510580956936,0.02750076912343502,0.31659069657325745,68254.42857142857
27410,5.0,,,,,,,68277.28571428571
27411,,8.0,,,,,,68280.14285714286
27421,5.0,,,,,,,68308.71428571429
27422,,8.0,,,,,,68311.57142857143
27432,5.0,,,,,,,68340.14285714286
27433,,8.0,,,,,,68343.0
27438,5.0,,,,,,,68357.28571428571
27439,,8.0,,,,,,68360.14285714286
27447,,,0.7078205347061157,0.7916569709777832,0.00822643656283617,0.02359895221889019,0.09587576240301132,68375.5
27452,5.0,,,,,,,68388.0
27453,,8.0,,,,,,68390.5
27466,5.0,,,,,,,68423.0
27467,,8.0,,,,,,68425.5
27480,5.0,,,,,,,68458.0
27481,,8.0,,,,,,68460.5
27488,5.0,,,,,,,68478.0
27489,,8.0,,,,,,68480.5
27495,,,0.6589853763580322,0.7087530493736267,0.005992243066430092,0.016518643125891685,-0.08007149398326874,68492.0
27503,5.0,,,,,,,68516.0
27504,,8.0,,,,,,68519.0
27510,5.0,,,,,,,68537.0
27511,,8.0,,,,,,68540.0
27521,5.0,,,,,,,68570.0
27522,,8.0,,,,,,68573.0
27530,5.0,,,,,,,68597.0
27531,,8.0,,,,,,68600.0
27539,,,0.6279011368751526,0.6785725951194763,0.0013601959217339754,0.006606739014387131,0.010955334641039371,68615.24489795919
27552,5.0,,,,,,,68647.08163265306
27553,,8.0,,,,,,68649.5306122449
27560,5.0,,,,,,,68666.67346938775
27561,,8.0,,,,,,68669.12244897959
27568,5.0,,,,,,,68686.26530612246
27569,,8.0,,,,,,68688.71428571429
27581,5.0,,,,,,,68718.10204081633
27582,,8.0,,,,,,68720.55102040817
27587,,,0.5745716094970703,0.6266264319419861,0.006465437822043896,0.010960148647427559,0.005073790904134512,68727.89795918367
27594,5.0,,,,,,,68745.04081632652
27595,,8.0,,,,,,68747.48979591837
27607,5.0,,,,,,,68776.87755102041
27608,,8.0,,,,,,68779.32653061225
27619,5.0,,,,,,,68806.26530612246
27620,,8.0,,,,,,68808.71428571429
27632,5.0,,,,,,,68838.10204081633
27633,,8.0,,,,,,68840.55102040817
27637,,,0.6434595584869385,0.670941948890686,0.013341310434043407,0.0202439296990633,0.26021382212638855,68845.85714285714
27640,,,0.6206876039505005,0.7014658451080322,0.007586254272609949,0.016423886641860008,0.3056519031524658,68854.42857142857
27646,5.0,,,,,,,68871.57142857143
27647,,8.0,,,,,,68874.42857142857
27655,5.0,,,,,,,68897.28571428571
27656,,8.0,,,,,,68900.14285714286
27667,5.0,,,,,,,68931.57142857143
27668,,8.0,,,,,,68934.42857142857
27676,5.0,,,,,,,68957.28571428571
27677,,8.0,,,,,,68960.14285714286
27683,,,0.6104825139045715,0.6867436170578003,-0.00014402171655092388,0.0040699089877307415,0.38477614521980286,68970.82608695653
27693,5.0,,,,,,,68996.91304347826
27694,,8.0,,,,,,68999.52173913043
27704,5.0,,,,,,,69025.60869565218
27705,,8.0,,,,,,69028.21739130435
27713,5.0,,,,,,,69049.08695652174
27714,,8.0,,,,,,69051.69565217392
27724,5.0,,,,,,,69077.78260869565
27725,,8.0,,,,,,69080.39130434782
27731,,,0.6453376412391663,0.6901816725730896,0.006376747973263264,0.013270586729049683,0.5067749619483948,69092.0
27737,5.0,,,,,,,69110.0
27738,,8.0,,,,,,69113.0
27748,5.0,,,,,,,69143.0
27749,,8.0,,,,,,69146.0
27757,5.0,,,,,,,69170.0
27758,,8.0,,,,,,69173.0
27766,5.0,,,,,,,69197.0
27767,,8.0,,,,,,69200.0
27772,,,0.584200382232666,0.6663371324539185,0.01119973324239254,0.02296057716012001,0.3919224739074707,69208.45454545454
27781,5.0,,,,,,,69233.0
27782,,8.0,,,,,,69235.72727272728
27793,5.0,,,,,,,69265.72727272728
27794,,8.0,,,,,,69268.45454545454
27802,5.0,,,,,,,69290.27272727272
27803,,8.0,,,,,,69293.0
27812,5.0,,,,,,,69317.54545454546
27813,,8.0,,,,,,69320.27272727272
27817,,,0.5677427053451538,0.6192285418510437,0.007183687761425972,0.01853625290095806,0.20100000500679016,69325.60869565218
27829,5.0,,,,,,,69356.91304347826
27830,,8.0,,,,,,69359.52173913043
27838,5.0,,,,,,,69380.39130434782
27839,,8.0,,,,,,69383.0
27848,5.0,,,,,,,69406.47826086957
27849,,8.0,,,,,,69409.08695652174
27860,5.0,,,,,,,69437.78260869565
27861,,8.0,,,,,,69440.39130434782
27865,,,0.6576657295227051,0.6864649653434753,0.008115863427519798,0.021045362576842308,0.15468452870845795,69445.79069767441
27867,,,0.5513900518417358,0.6080979704856873,0.0063948300667107105,0.017072271555662155,0.08322055637836456,69451.37209302325
27877,5.0,,,,,,,69479.27906976744
27878,,8.0,,,,,,69482.06976744186
27885,5.0,,,,,,,69501.6046511628
27886,,8.0,,,,,,69504.3953488372
27896,5.0,,,,,,,69532.30232558139
27897,,8.0,,,,,,69535.09302325582
27905,5.0,,,,,,,69557.41860465116
27906,,8.0,,,,,,69560.20930232559
27914,,,0.5672429800033569,0.5992921590805054,0.0021761078387498856,0.014678075909614563,-0.11474177986383438,69577.28571428571
27923,5.0,,,,,,,69603.0
27924,,8.0,,,,,,69605.85714285714
27931,5.0,,,,,,,69625.85714285714
27932,,8.0,,,,,,69628.71428571429
27938,5.0,,,,,,,69645.85714285714
27939,,8.0,,,,,,69648.71428571429
27949,5.0,,,,,,,69677.28571428571
27950,,8.0,,,,,,69680.14285714286
27955,,,0.6197570562362671,0.6977983117103577,0.00216878205537796,0.012342618778347969,-0.0009087456855922937,69688.45454545454
27961,5.0,,,,,,,69704.81818181818
27962,,8.0,,,,,,69707.54545454546
27974,5.0,,,,,,,69740.27272727272
27975,,8.0,,,,,,69743.0
27986,5.0,,,,,,,69773.0
27987,,8.0,,,,,,69775.72727272728
27995,5.0,,,,,,,69797.54545454546
27996,,8.0,,,,,,69800.27272727272
28001,,,0.6369108557701111,0.700390636920929,0.001367068849503994,0.004058035556226969,-0.3132186233997345,69809.0
28007,5.0,,,,,,,69827.0
28008,,8.0,,,,,,69830.0
28018,5.0,,,,,,,69860.0
28019,,8.0,,,,,,69863.0
28028,5.0,,,,,,,69890.0
28029,,8.0,,,,,,69893.0
28037,5.0,,,,,,,69917.0
28038,,8.0,,,,,,69920.0
28044,,,0.6075538992881775,0.657067060470581,0.004313930403441191,0.016822094097733498,-0.23325927555561066,69930.5
28055,5.0,,,,,,,69958.0
28056,,8.0,,,,,,69960.5
28067,5.0,,,,,,,69988.0
28068,,8.0,,,,,,69990.5
28077,5.0,,,,,,,70013.0
28078,,8.0,,,,,,70015.5
28087,5.0,,,,,,,70038.0
28088,,8.0,,,,,,70040.5
28093,,,0.6215183734893799,0.6892282962799072,0.007094122469425201,0.016333725303411484,0.033035073429346085,70049.0
28096,,,0.6042194366455078,0.6715531945228577,0.0018980632303282619,0.012700348161160946,-0.06043003499507904,70058.0
28105,5.0,,,,,,,70085.0
28106,,8.0,,,,,,70088.0
28112,5.0,,,,,,,70106.0
28113,,8.0,,,,,,70109.0
28121,5.0,,,,,,,70133.0
28122,,8.0,,,,,,70136.0
28129,5.0,,,,,,,70157.0
28130,,8.0,,,,,,70160.0
28137,,,0.65754634141922,0.7170340418815613,0.000600747240241617,0.015601947903633118,0.0935608521103859,70174.16279069768
28142,5.0,,,,,,,70188.11627906977
28143,,8.0,,,,,,70190.90697674418
28154,5.0,,,,,,,70221.6046511628
28155,,8.0,,,,,,70224.3953488372
28166,5.0,,,,,,,70255.09302325582
28167,,8.0,,,,,,70257.88372093023
28174,5.0,,,,,,,70277.41860465116
28175,,8.0,,,,,,70280.20930232559
28181,,,0.63068687915802,0.6708992123603821,0.010671334341168404,0.024417579174041748,0.04469623789191246,70290.5
28191,5.0,,,,,,,70315.5
28192,,8.0,,,,,,70318.0
28205,5.0,,,,,,,70350.5
28206,,8.0,,,,,,70353.0
28215,5.0,,,,,,,70375.5
28216,,8.0,,,,,,70378.0
28224,5.0,,,,,,,70398.0
28225,,8.0,,,,,,70400.5
28230,,,0.6542794108390808,0.7045736908912659,0.003318993141874671,0.0119961341843009,-0.02077905647456646,70408.33333333333
28236,5.0,,,,,,,70424.33333333333
28237,,8.0,,,,,,70427.0
28248,5.0,,,,,,,70456.33333333333
28249,,8.0,,,,,,70459.0
28260,5.0,,,,,,,70488.33333333333
28261,,8.0,,,,,,70491.0
28271,5.0,,,,,,,70517.66666666667
28272,,8.0,,,,,,70520.33333333333
28278,,,0.5731149315834045,0.6398354172706604,0.006216729991137981,0.01269818376749754,-0.10206012427806854,70531.57142857143
28285,5.0,,,,,,,70551.57142857143
28286,,8.0,,,,,,70554.42857142857
28294,5.0,,,,,,,70577.28571428571
28295,,8.0,,,,,,70580.14285714286
28303,5.0,,,,,,,70603.0
28304,,8.0,,,,,,70605.85714285714
28315,5.0,,,,,,,70637.28571428571
28316,,8.0,,,,,,70640.14285714286
28322,,,0.5886586904525757,0.6599011421203613,0.007932208478450775,0.017850114032626152,0.14795447885990143,70651.57142857143
28325,,,0.6151172518730164,0.6719978451728821,0.0015665150713175535,0.006565255578607321,0.0047066593542695045,70660.14285714286
28334,5.0,,,,,,,70685.85714285714
28335,,8.0,,,,,,70688.71428571429
28344,5.0,,,,,,,70714.42857142857
28345,,8.0,,,,,,70717.28571428571
28352,5.0,,,,,,,70737.28571428571
28353,,8.0,,,,,,70740.14285714286
28359,5.0,,,,,,,70757.28571428571
28360,,8.0,,,,,,70760.14285714286
28366,,,0.581285834312439,0.646981954574585,0.006266308017075062,0.014424038119614124,0.08969756960868835,70770.5
28379,5.0,,,,,,,70803.0
28380,,8.0,,,,,,70805.5
28387,5.0,,,,,,,70823.0
28388,,8.0,,,,,,70825.5
28396,5.0,,,,,,,70845.5
28397,,8.0,,,,,,70848.0
28409,5.0,,,,,,,70878.0
28410,,8.0,,,,,,70880.5
28416,,,0.5858070850372314,0.6352590918540955,0.0026982633862644434,0.0069024208933115005,0.10069752484560013,70890.3469387755
28426,5.0,,,,,,,70914.83673469388
28427,,8.0,,,,,,70917.28571428571
28438,5.0,,,,,,,70944.22448979592
28439,,8.0,,,,,,70946.67346938775
28447,5.0,,,,,,,70966.26530612246
28448,,8.0,,,,,,70968.71428571429
28460,5.0,,,,,,,70998.10204081633
28461,,8.0,,,,,,71000.55102040817
28466,,,0.5777924656867981,0.6248126029968262,0.01008153147995472,0.023819874972105026,0.13701573014259338,71007.70588235294
28478,5.0,,,,,,,71035.94117647059
28479,,8.0,,,,,,71038.29411764706
28489,5.0,,,,,,,71061.82352941176
28490,,8.0,,,,,,71064.17647058824
28502,5.0,,,,,,,71092.41176470589
28503,,8.0,,,,,,71094.76470588235
28513,5.0,,,,,,,71118.29411764706
28514,,8.0,,,,,,71120.64705882352
28520,,,0.5801538825035095,0.6436173915863037,0.0072213043458759785,0.016531364992260933,-0.06739448755979538,71130.2
28532,5.0,,,,,,,71159.0
28533,,8.0,,,,,,71161.4
28546,5.0,,,,,,,71192.6
28547,,8.0,,,,,,71195.0
28555,5.0,,,,,,,71214.2
28556,,8.0,,,,,,71216.6
28565,5.0,,,,,,,71238.2
28566,,8.0,,,,,,71240.6
28570,,,0.6316505670547485,0.679668664932251,0.004396195989102125,0.015643594786524773,-0.2910027801990509,71245.79069767441
28572,,,0.6850592494010925,0.7252064347267151,0.002561301691457629,0.023505473509430885,-0.2932102382183075,71251.37209302325
28580,5.0,,,,,,,71273.69767441861
28581,,8.0,,,,,,71276.48837209302
28588,5.0,,,,,,,71296.02325581395
28589,,8.0,,,,,,71298.81395348837
28598,5.0,,,,,,,71323.93023255814
28599,,8.0,,,,,,71326.72093023256
28610,5.0,,,,,,,71357.41860465116
28611,,8.0,,,,,,71360.20930232559
28618,,,0.6464175581932068,0.6927642226219177,0.005531902890652418,0.01555810496211052,-0.06205858290195465,71371.42105263157
28629,5.0,,,,,,,71394.57894736843
28630,,8.0,,,,,,71396.68421052632
28641,5.0,,,,,,,71419.84210526316
28642,,8.0,,,,,,71421.94736842105
28654,5.0,,,,,,,71447.21052631579
28655,,8.0,,,,,,71449.31578947368
28669,5.0,,,,,,,71478.78947368421
28670,,8.0,,,,,,71480.8947368421
28677,,,0.6399930119514465,0.6861684322357178,0.009179925546050072,0.018073350191116333,0.20183517038822174,71495.0
28687,5.0,,,,,,,71525.0
28688,,8.0,,,,,,71528.0
28697,5.0,,,,,,,71555.0
28698,,8.0,,,,,,71558.0
28704,5.0,,,,,,,71576.0
28705,,8.0,,,,,,71579.0
28711,5.0,,,,,,,71597.0
28712,,8.0,,,,,,71600.0
28719,,,0.6159750819206238,0.666727602481842,0.01180579699575901,0.017289072275161743,-0.07380444556474686,71614.16279069768
28728,5.0,,,,,,,71639.27906976744
28729,,8.0,,,,,,71642.06976744186
28738,5.0,,,,,,,71667.18604651163
28739,,8.0,,,,,,71669.97674418605
28747,5.0,,,,,,,71692.30232558139
28748,,8.0,,,,,,71695.09302325582
28756,5.0,,,,,,,71717.41860465116
28757,,8.0,,,,,,71720.20930232559
28762,,,0.5931482911109924,0.6580871343612671,0.003621343057602644,0.0072939409874379635,0.08301524072885513,71727.70588235294
28776,5.0,,,,,,,71760.64705882352
28777,,8.0,,,,,,71763.0
28788,5.0,,,,,,,71788.88235294117
28789,,8.0,,,,,,71791.23529411765
28795,5.0,,,,,,,71805.35294117648
28796,,8.0,,,,,,71807.70588235294
28809,5.0,,,,,,,71838.29411764706
28810,,8.0,,,,,,71840.64705882352
28815,,,0.5959274768829346,0.6660973429679871,0.008485094644129276,0.02376694418489933,0.037989962846040726,71847.8
28818,,,0.6484620571136475,0.6853899955749512,0.0034836430568248034,0.013884042389690876,-0.02625960484147072,71855.0
28826,5.0,,,,,,,71874.2
28827,,8.0,,,,,,71876.6
28834,5.0,,,,,,,71893.4
28835,,8.0,,,,,,71895.8
28845,5.0,,,,,,,71919.8
28846,,8.0,,,,,,71922.2
28861,5.0,,,,,,,71958.2
28862,,8.0,,,,,,71960.6
28868,,,0.621086597442627,0.6473302841186523,0.004664719104766846,0.009059468284249306,-0.057376429438591,71969.42857142857
28878,5.0,,,,,,,71990.85714285714
28879,,8.0,,,,,,71993.0
28890,5.0,,,,,,,72016.57142857143
28891,,8.0,,,,,,72018.71428571429
28902,5.0,,,,,,,72042.28571428571
28903,,8.0,,,,,,72044.42857142857
28919,5.0,,,,,,,72078.71428571429
28920,,8.0,,,,,,72080.85714285714
28928,,,0.6015254259109497,0.6357158422470093,-0.00017489447782281786,0.01308462768793106,0.04074022173881531,72096.33333333333
28939,5.0,,,,,,,72125.66666666667
28940,,8.0,,,,,,72128.33333333333
28949,5.0,,,,,,,72152.33333333333
28950,,8.0,,,,,,72155.0
28959,5.0,,,,,,,72179.0
28960,,8.0,,,,,,72181.66666666667
28966,5.0,,,,,,,72197.66666666667
28967,,8.0,,,,,,72200.33333333333
28973,,,0.6369202136993408,0.6841407418251038,0.0012556517031043768,0.008691687136888504,-0.01912849023938179,72211.37209302325
28980,5.0,,,,,,,72230.90697674418
28981,,8.0,,,,,,72233.69767441861
28986,5.0,,,,,,,72247.6511627907
28987,,8.0,,,,,,72250.44186046511
28999,5.0,,,,,,,72283.93023255814
29000,,8.0,,,,,,72286.72093023256
29011,5.0,,,,,,,72317.41860465116
29012,,8.0,,,,,,72320.20930232559
29017,,,0.5800584554672241,0.6202787756919861,0.0054065166041255,0.018453160300850868,0.019254745915532112,72328.21739130435
29029,5.0,,,,,,,72359.52173913043
29030,,8.0,,,,,,72362.13043478261
29038,5.0,,,,,,,72383.0
29039,,8.0,,,,,,72385.60869565218
29046,5.0,,,,,,,72403.86956521739
29047,,8.0,,,,,,72406.47826086957
29059,5.0,,,,,,,72437.78260869565
29060,,8.0,,,,,,72440.39130434782
29064,,,0.6111980676651001,0.654771625995636,0.008982641622424126,0.020602568984031677,-0.2084629237651825,72445.22222222222
29068,,,0.6662232875823975,0.7141910791397095,0.012049580924212933,0.03559340536594391,-0.17626747488975525,72454.11111111111
29081,5.0,,,,,,,72483.0
29082,,8.0,,,,,,72485.22222222222
29095,5.0,,,,,,,72514.11111111111
29096,,8.0,,,,,,72516.33333333333
29103,5.0,,,,,,,72531.88888888889
29104,,8.0,,,,,,72534.11111111111
29115,5.0,,,,,,,72558.55555555556
29116,,8.0,,,,,,72560.77777777778
29123,,,0.6344740390777588,0.6904602646827698,0.0005920418188907206,0.01066985446959734,-0.27886396646499634,72573.0
29135,5.0,,,,,,,72603.0
29136,,8.0,,,,,,72605.5
29145,5.0,,,,,,,72628.0
29146,,8.0,,,,,,72630.5
29153,5.0,,,,,,,72648.0
29154,,8.0,,,,,,72650.5
29165,5.0,,,,,,,72678.0
29166,,8.0,,,,,,72680.5
29173,,,0.608271598815918,0.6812344789505005,0.0011121724965050817,0.00955622736364603,-0.28223901987075806,72693.43478260869
29185,5.0,,,,,,,72724.73913043478
29186,,8.0,,,,,,72727.34782608696
29197,5.0,,,,,,,72756.04347826086
29198,,8.0,,,,,,72758.65217391304
29206,5.0,,,,,,,72779.52173913043
29207,,8.0,,,,,,72782.13043478261
29213,5.0,,,,,,,72797.78260869565
29214,,8.0,,,,,,72800.39130434782
29219,,,0.5917374491691589,0.6608933210372925,0.004597079008817673,0.009129835292696953,-0.2875843644142151,72808.0
29229,5.0,,,,,,,72833.0
29230,,8.0,,,,,,72835.5
29241,5.0,,,,,,,72863.0
29242,,8.0,,,,,,72865.5
29248,5.0,,,,,,,72880.5
29249,,8.0,,,,,,72883.0
29263,5.0,,,,,,,72918.0
29264,,8.0,,,,,,72920.5
29268,,,0.6241334676742554,0.6764872074127197,0.002877173712477088,0.004553182516247034,-0.031651802361011505,72925.44897959183
29285,5.0,,,,,,,72967.08163265306
29286,,8.0,,,,,,72969.5306122449
29291,5.0,,,,,,,72981.77551020408
29292,,8.0,,,,,,72984.22448979592
29299,5.0,,,,,,,73001.36734693877
29300,,8.0,,,,,,73003.8163265306
29314,5.0,,,,,,,73038.10204081633
29315,,8.0,,,,,,73040.55102040817
29320,,,0.6000360250473022,0.6679896116256714,0.0027640187181532383,0.011021276004612446,-0.08768117427825928,73048.21739130435
29322,,,0.618202269077301,0.6838222146034241,0.0008076473022811115,0.0016960818320512772,-0.11812383681535721,73053.43478260869
29335,5.0,,,,,,,73087.34782608696
29336,,8.0,,,,,,73089.95652173914
29346,5.0,,,,,,,73116.04347826086
29347,,8.0,,,,,,73118.65217391304
29355,5.0,,,,,,,73139.52173913043
29356,,8.0,,,,,,73142.13043478261
29362,5.0,,,,,,,73157.78260869565
29363,,8.0,,,,,,73160.39130434782
29371,,,0.597940981388092,0.6545531153678894,0.007086576893925667,0.03212612867355347,0.15642425417900085,73174.32075471699
29380,5.0,,,,,,,73194.69811320755
29381,,8.0,,,,,,73196.96226415095
29390,5.0,,,,,,,73217.3396226415
29391,,8.0,,,,,,73219.60377358491
29403,5.0,,,,,,,73246.77358490566
29404,,8.0,,,,,,73249.03773584905
29417,5.0,,,,,,,73278.47169811321
29418,,8.0,,,,,,73280.7358490566
29422,,,0.6166021823883057,0.6882856488227844,0.0025838599540293217,0.0055496422573924065,0.029191138222813606,73285.85714285714
29430,5.0,,,,,,,73308.71428571429
29431,,8.0,,,,,,73311.57142857143
29438,5.0,,,,,,,73331.57142857143
29439,,8.0,,,,,,73334.42857142857
29452,5.0,,,,,,,73371.57142857143
29453,,8.0,,,,,,73374.42857142857
29461,5.0,,,,,,,73397.28571428571
29462,,8.0,,,,,,73400.14285714286
29469,,,0.5975767374038696,0.6800776720046997,0.00920313224196434,0.024931548163294792,0.1141030415892601,73415.63157894737
29476,5.0,,,,,,,73437.73684210527
29477,,8.0,,,,,,73440.8947368421
29486,5.0,,,,,,,73469.31578947368
29487,,8.0,,,,,,73472.47368421052
29493,5.0,,,,,,,73491.42105263157
29494,,8.0,,,,,,73494.57894736843
29501,5.0,,,,,,,73516.68421052632
29502,,8.0,,,,,,73519.84210526316
29506,,,0.6489112973213196,0.7096839547157288,0.00618068827316165,0.015746889635920525,0.1583152711391449,73526.0
29514,5.0,,,,,,,73550.0
29515,,8.0,,,,,,73553.0
29523,5.0,,,,,,,73577.0
29524,,8.0,,,,,,73580.0
29534,5.0,,,,,,,73610.0
29535,,8.0,,,,,,73613.0
29543,5.0,,,,,,,73637.0
29544,,8.0,,,,,,73640.0
29549,,,0.5958569645881653,0.6238921880722046,0.003967800177633762,0.011145140044391155,0.2094036340713501,73649.31578947368
29551,,,0.5961905717849731,0.6571380496025085,0.00459696538746357,0.009411006234586239,0.22094790637493134,73655.63157894737
29557,5.0,,,,,,,73674.57894736843
29558,,8.0,,,,,,73677.73684210527
29568,5.0,,,,,,,73709.31578947368
29569,,8.0,,,,,,73712.47368421052
29575,5.0,,,,,,,73731.42105263157
29576,,8.0,,,,,,73734.57894736843
29583,5.0,,,,,,,73756.68421052632
29584,,8.0,,,,,,73759.84210526316
29591,,,0.6205514073371887,0.6852465271949768,0.003497649449855089,0.022527381777763367,0.12432229518890381,73772.79591836735
29604,5.0,,,,,,,73804.63265306123
29605,,8.0,,,,,,73807.08163265306
29615,5.0,,,,,,,73831.57142857143
29616,,8.0,,,,,,73834.02040816327
29627,5.0,,,,,,,73860.95918367348
29628,,8.0,,,,,,73863.40816326531
29634,5.0,,,,,,,73878.10204081633
29635,,8.0,,,,,,73880.55102040817
29641,,,0.6107496023178101,0.6929736733436584,0.003033138345927,0.017815319821238518,0.09451092779636383,73890.2
29654,5.0,,,,,,,73921.4
29655,,8.0,,,,,,73923.8
29666,5.0,,,,,,,73950.2
29667,,8.0,,,,,,73952.6
29677,5.0,,,,,,,73976.6
29678,,8.0,,,,,,73979.0
29686,5.0,,,,,,,73998.2
29687,,8.0,,,,,,74000.6
29694,,,0.6285598874092102,0.6894967555999756,-0.0011209797812625766,0.005592167377471924,-0.03209393098950386,74011.72727272728
29708,5.0,,,,,,,74042.27272727272
29709,,8.0,,,,,,74044.45454545454
29723,5.0,,,,,,,74075.0
29724,,8.0,,,,,,74077.18181818182
29731,5.0,,,,,,,74092.45454545454
29732,,8.0,,,,,,74094.63636363637
29743,5.0,,,,,,,74118.63636363637
29744,,8.0,,,,,,74120.81818181818
29748,,,0.6356932520866394,0.6705869436264038,0.004273219965398312,0.015328645706176758,-0.15718650817871094,74125.5
29758,5.0,,,,,,,74150.5
29759,,8.0,,,,,,74153.0
29768,5.0,,,,,,,74175.5
29769,,8.0,,,,,,74178.0
29782,5.0,,,,,,,74210.5
29783,,8.0,,,,,,74213.0
29793,5.0,,,,,,,74238.0
29794,,8.0,,,,,,74240.5
29799,,,0.5924718379974365,0.6574485898017883,0.0040361336432397366,0.02008664235472679,-0.19950412213802338,74248.85365853658
29802,,,0.6082214117050171,0.6623941659927368,0.0011476059444248676,0.0051152971573174,-0.27229592204093933,74257.63414634146
29811,5.0,,,,,,,74283.9756097561
29812,,8.0,,,,,,74286.90243902439
29819,5.0,,,,,,,74307.39024390244
29820,,8.0,,,,,,74310.31707317074
29829,5.0,,,,,,,74336.65853658537
29830,,8.0,,,,,,74339.58536585367
29836,5.0,,,,,,,74357.14634146342
29837,,8.0,,,,,,74360.0731707317
29843,,,0.6397575736045837,0.6567083597183228,0.004606944974511862,0.025945493951439857,0.10713044553995132,74372.0
29851,5.0,,,,,,,74396.0
29852,,8.0,,,,,,74399.0
29857,5.0,,,,,,,74414.0
29858,,8.0,,,,,,74417.0
29867,5.0,,,,,,,74444.0
29868,,8.0,,,,,,74447.0
29878,5.0,,,,,,,74477.0
29879,,8.0,,,,,,74480.0
29885,,,0.7324926853179932,0.765941321849823,0.010846604593098164,0.016120467334985733,0.13034576177597046,74491.37209302325
29891,5.0,,,,,,,74508.11627906977
29892,,8.0,,,,,,74510.90697674418
29902,5.0,,,,,,,74538.81395348837
29903,,8.0,,,,,,74541.6046511628
29915,5.0,,,,,,,74575.09302325582
29916,,8.0,,,,,,74577.88372093023
29923,5.0,,,,,,,74597.41860465116
29924,,8.0,,,,,,74600.20930232559
29931,,,0.6605041027069092,0.7118951678276062,-0.004212832078337669,0.02223677560687065,0.5626543164253235,74615.0
29942,5.0,,,,,,,74648.0
29943,,8.0,,,,,,74651.0
29949,5.0,,,,,,,74669.0
29950,,8.0,,,,,,74672.0
29959,5.0,,,,,,,74699.0
29960,,8.0,,,,,,74702.0
29965,5.0,,,,,,,74717.0
29966,,8.0,,,,,,74720.0
29972,,,0.7113181948661804,0.7703078985214233,0.0036852790508419275,0.006530319340527058,0.0932822972536087,74729.92307692308
29983,5.0,,,,,,,74755.30769230769
29984,,8.0,,,,,,74757.61538461539
29994,5.0,,,,,,,74780.69230769231
29995,,8.0,,,,,,74783.0
30005,5.0,,,,,,,74806.07692307692
30006,,8.0,,,,,,74808.38461538461
30019,5.0,,,,,,,74838.38461538461
30020,,8.0,,,,,,74840.69230769231
30025,,,0.6050167679786682,0.6634750962257385,0.0022022943012416363,0.013049514032900333,0.1295141577720642,74848.58139534884
30027,,,0.5967410802841187,0.6538369655609131,0.0026979364920407534,0.012045150622725487,0.1194135844707489,74854.16279069768
30035,5.0,,,,,,,74876.48837209302
30036,,8.0,,,,,,74879.27906976744
30046,5.0,,,,,,,74907.18604651163
30047,,8.0,,,,,,74909.97674418605
30054,5.0,,,,,,,74929.51162790698
30055,,8.0,,,,,,74932.30232558139
30064,5.0,,,,,,,74957.41860465116
30065,,8.0,,,,,,74960.20930232559
30071,,,0.6606099009513855,0.7313366532325745,0.0012496791314333677,0.014066656120121479,0.20975284278392792,74971.37209302325
30078,5.0,,,,,,,74990.90697674418
30079,,8.0,,,,,,74993.69767441861
30089,5.0,,,,,,,75021.6046511628
30090,,8.0,,,,,,75024.3953488372
30096,5.0,,,,,,,75041.13953488372
30097,,8.0,,,,,,75043.93023255814
30109,5.0,,,,,,,75077.41860465116
30110,,8.0,,,,,,75080.20930232559
30116,,,0.6359584331512451,0.6849757432937622,0.0027567415963858366,0.009252681396901608,0.03219986706972122,75091.18181818182
30124,5.0,,,,,,,75113.0
30125,,8.0,,,,,,75115.72727272728
30136,5.0,,,,,,,75145.72727272728
30137,,8.0,,,,,,75148.45454545454
30147,5.0,,,,,,,75175.72727272728
30148,,8.0,,,,,,75178.45454545454
30155,5.0,,,,,,,75197.54545454546
30156,,8.0,,,,,,75200.27272727272
30162,,,0.6401646137237549,0.6710125207901001,0.007349712308496237,0.027385476976633072,0.15218541026115417,75210.65957446808
30174,5.0,,,,,,,75241.29787234042
30175,,8.0,,,,,,75243.85106382979
30182,5.0,,,,,,,75261.72340425532
30183,,8.0,,,,,,75264.27659574468
30192,5.0,,,,,,,75287.25531914894
30193,,8.0,,,,,,75289.8085106383
30204,5.0,,,,,,,75317.89361702128
30205,,8.0,,,,,,75320.44680851063
30211,,,0.6222458481788635,0.6852073669433594,0.007353619672358036,0.015523857437074184,-0.02786904387176037,75331.57142857143
30220,5.0,,,,,,,75357.28571428571
30221,,8.0,,,,,,75360.14285714286
30227,5.0,,,,,,,75377.28571428571
30228,,8.0,,,,,,75380.14285714286
30236,5.0,,,,,,,75403.0
30237,,8.0,,,,,,75405.85714285714
30248,5.0,,,,,,,75437.28571428571
30249,,8.0,,,,,,75440.14285714286
30253,,,0.6425307989120483,0.70206218957901,0.0032749236561357975,0.01106297317892313,-0.06608980894088745,75445.4
30257,,,0.6192317605018616,0.6946948766708374,0.008472448214888573,0.03005363419651985,0.0483415387570858,75455.0
30268,5.0,,,,,,,75481.4
30269,,8.0,,,,,,75483.8
30279,5.0,,,,,,,75507.8
30280,,8.0,,,,,,75510.2
30289,5.0,,,,,,,75531.8
30290,,8.0,,,,,,75534.2
30300,5.0,,,,,,,75558.2
30301,,8.0,,,,,,75560.6
30310,,,0.5899473428726196,0.6797403693199158,0.0021566860377788544,0.02251371368765831,0.050932951271533966,75578.31914893616
30322,5.0,,,,,,,75608.9574468085
30323,,8.0,,,,,,75611.51063829787
30330,5.0,,,,,,,75629.3829787234
30331,,8.0,,,,,,75631.93617021276
30337,5.0,,,,,,,75647.25531914894
30338,,8.0,,,,,,75649.8085106383
30349,5.0,,,,,,,75677.89361702128
30350,,8.0,,,,,,75680.44680851063
30357,,,0.6226947903633118,0.6685309410095215,0.015109850093722343,0.027630481868982315,-0.1215338259935379,75695.0
30365,5.0,,,,,,,75719.0
30366,,8.0,,,,,,75722.0
30374,5.0,,,,,,,75746.0
30375,,8.0,,,,,,75749.0
30384,5.0,,,,,,,75776.0
30385,,8.0,,,,,,75779.0
30391,5.0,,,,,,,75797.0
30392,,8.0,,,,,,75800.0
30396,,,0.6277873516082764,0.6749632954597473,0.007182473782449961,0.015278605744242668,-0.07843691855669022,75805.9268292683
30402,5.0,,,,,,,75823.48780487805
30403,,8.0,,,,,,75826.41463414633
30411,5.0,,,,,,,75849.82926829268
30412,,8.0,,,,,,75852.75609756098
30421,5.0,,,,,,,75879.09756097561
30422,,8.0,,,,,,75882.0243902439
30434,5.0,,,,,,,75917.14634146342
30435,,8.0,,,,,,75920.0731707317
30439,,,0.580784261226654,0.6455498933792114,0.0015216933097690344,0.012757434509694576,-0.2940668761730194,75925.79069767441
30450,5.0,,,,,,,75956.48837209302
30451,,8.0,,,,,,75959.27906976744
30464,5.0,,,,,,,75995.55813953489
30465,,8.0,,,,,,75998.3488372093
30470,5.0,,,,,,,76012.30232558139
30471,,8.0,,,,,,76015.09302325582
30479,5.0,,,,,,,76037.41860465116
30480,,8.0,,,,,,76040.20930232559
30484,,,0.6708858013153076,0.7093880772590637,0.00011211716628167778,0.02625095285475254,-0.21272879838943481,76045.79069767441
30486,,,0.5876643061637878,0.6381826996803284,0.0013600988313555717,0.012981483712792397,-0.3134140074253082,76051.37209302325
30492,5.0,,,,,,,76068.11627906977
30493,,8.0,,,,,,76070.90697674418
30505,5.0,,,,,,,76104.3953488372
30506,,8.0,,,,,,76107.18604651163
30512,5.0,,,,,,,76123.93023255814
30513,,8.0,,,,,,76126.72093023256
30524,5.0,,,,,,,76157.41860465116
30525,,8.0,,,,,,76160.20930232559
30532,,,0.607470691204071,0.6399810314178467,0.005897508934140205,0.014455416239798069,-0.2642197906970978,76175.63157894737
30538,5.0,,,,,,,76194.57894736843
30539,,8.0,,,,,,76197.73684210527
30545,5.0,,,,,,,76216.68421052632
30546,,8.0,,,,,,76219.84210526316
30555,5.0,,,,,,,76248.26315789473
30556,,8.0,,,,,,76251.42105263157
30564,5.0,,,,,,,76276.68421052632
30565,,8.0,,,,,,76279.84210526316
30569,,,0.6733792424201965,0.7202188968658447,0.005095651838928461,0.021524745970964432,-0.012232020497322083,76285.60869565218
30582,5.0,,,,,,,76319.52173913043
30583,,8.0,,,,,,76322.13043478261
30591,5.0,,,,,,,76343.0
30592,,8.0,,,,,,76345.60869565218
30602,5.0,,,,,,,76371.69565217392
30603,,8.0,,,,,,76374.30434782608
30612,5.0,,,,,,,76397.78260869565
30613,,8.0,,,,,,76400.39130434782
30617,,,0.6097204089164734,0.6743683815002441,0.0050506992265582085,0.01189153641462326,-0.031611911952495575,76405.35294117648
30630,5.0,,,,,,,76435.94117647059
30631,,8.0,,,,,,76438.29411764706
30644,5.0,,,,,,,76468.88235294117
30645,,8.0,,,,,,76471.23529411765
30655,5.0,,,,,,,76494.76470588235
30656,,8.0,,,,,,76497.11764705883
30665,5.0,,,,,,,76518.29411764706
30666,,8.0,,,,,,76520.64705882352
30670,,,0.6612793207168579,0.7079982161521912,0.010478870011866093,0.03729620948433876,0.12705673277378082,76526.0
30682,5.0,,,,,,,76562.0
30683,,8.0,,,,,,76565.0
30690,5.0,,,,,,,76586.0
30691,,8.0,,,,,,76589.0
30700,5.0,,,,,,,76616.0
30701,,8.0,,,,,,76619.0
30707,5.0,,,,,,,76637.0
30708,,8.0,,,,,,76640.0
30712,,,0.6486164331436157,0.6791493892669678,-0.0010439668549224734,0.011894316412508488,0.015888337045907974,76645.44897959183
30716,,,0.6017731428146362,0.6795929670333862,-0.0010081580840051174,0.020399803295731544,0.07387039810419083,76655.24489795919
30724,5.0,,,,,,,76674.83673469388
30725,,8.0,,,,,,76677.28571428571
30730,5.0,,,,,,,76689.5306122449
30731,,8.0,,,,,,76691.97959183673
30744,5.0,,,,,,,76723.8163265306
30745,,8.0,,,,,,76726.26530612246
30758,5.0,,,,,,,76758.10204081633
30759,,8.0,,,,,,76760.55102040817
30766,,,0.6027193069458008,0.6415578126907349,0.00869181752204895,0.02854340896010399,0.2567291557788849,76772.6
30774,5.0,,,,,,,76791.8
30775,,8.0,,,,,,76794.2
30787,5.0,,,,,,,76823.0
30788,,8.0,,,,,,76825.4
30799,5.0,,,,,,,76851.8
30800,,8.0,,,,,,76854.2
30810,5.0,,,,,,,76878.2
30811,,8.0,,,,,,76880.6
30818,,,0.6288148164749146,0.6845291256904602,0.010936593636870384,0.02137533389031887,0.1716548651456833,76893.66666666667
30831,5.0,,,,,,,76928.33333333333
30832,,8.0,,,,,,76931.0
30843,5.0,,,,,,,76960.33333333333
30844,,8.0,,,,,,76963.0
30849,5.0,,,,,,,76976.33333333333
30850,,8.0,,,,,,76979.0
30857,5.0,,,,,,,76997.66666666667
30858,,8.0,,,,,,77000.33333333333
30864,,,0.6676353812217712,0.7113534808158875,0.0019339926075190306,0.008578290231525898,0.013553581200540066,77010.3469387755
30873,5.0,,,,,,,77032.38775510204
30874,,8.0,,,,,,77034.83673469388
30880,5.0,,,,,,,77049.5306122449
30881,,8.0,,,,,,77051.97959183673
30892,5.0,,,,,,,77078.91836734694
30893,,8.0,,,,,,77081.36734693877
30908,5.0,,,,,,,77118.10204081633
30909,,8.0,,,,,,77120.55102040817
30913,,,0.6135595440864563,0.6538466811180115,0.0007860859041102231,0.00571787916123867,0.012770338915288448,77125.1052631579
30925,5.0,,,,,,,77150.36842105263
30926,,8.0,,,,,,77152.47368421052
30938,5.0,,,,,,,77177.73684210527
30939,,8.0,,,,,,77179.84210526316
30953,5.0,,,,,,,77209.31578947368
30954,,8.0,,,,,,77211.42105263157
30967,5.0,,,,,,,77238.78947368421
30968,,8.0,,,,,,77240.8947368421
30972,,,0.6402877569198608,0.6936074495315552,0.004890723153948784,0.021158112213015556,0.15276966989040375,77245.66666666667
30978,,,0.5998910665512085,0.6709333062171936,0.00030870703631080687,0.001949760364368558,0.04894524812698364,77261.66666666667
30987,5.0,,,,,,,77285.66666666667
30988,,8.0,,,,,,77288.33333333333
31001,5.0,,,,,,,77323.0
31002,,8.0,,,,,,77325.66666666667
31006,5.0,,,,,,,77336.33333333333
31007,,8.0,,,,,,77339.0
31014,5.0,,,,,,,77357.66666666667
31015,,8.0,,,,,,77360.33333333333
31021,,,0.6638978719711304,0.698836624622345,-0.0005920567200519145,0.008129824884235859,-0.004835902247577906,77371.78048780488
31030,5.0,,,,,,,77398.12195121951
31031,,8.0,,,,,,77401.0487804878
31037,5.0,,,,,,,77418.60975609756
31038,,8.0,,,,,,77421.53658536586
31047,5.0,,,,,,,77447.87804878049
31048,,8.0,,,,,,77450.80487804877
31057,5.0,,,,,,,77477.14634146342
31058,,8.0,,,,,,77480.0731707317
31064,,,0.6250311732292175,0.6570585370063782,-0.0004937815829180181,0.0197223499417305,-0.007127123419195414,77489.92307692308
31078,5.0,,,,,,,77522.23076923077
31079,,8.0,,,,,,77524.53846153847
31087,5.0,,,,,,,77543.0
31088,,8.0,,,,,,77545.30769230769
31102,5.0,,,,,,,77577.61538461539
31103,,8.0,,,,,,77579.92307692308
31111,5.0,,,,,,,77598.38461538461
31112,,8.0,,,,,,77600.69230769231
31119,,,0.6565278768539429,0.7161650657653809,0.0066570136696100235,0.016214407980442047,0.060985662043094635,77613.43478260869
31131,5.0,,,,,,,77644.73913043478
31132,,8.0,,,,,,77647.34782608696
31141,5.0,,,,,,,77670.82608695653
31142,,8.0,,,,,,77673.43478260869
31153,5.0,,,,,,,77702.13043478261
31154,,8.0,,,,,,77704.73913043478
31159,5.0,,,,,,,77717.78260869565
31160,,8.0,,,,,,77720.39130434782
31164,,,0.5799106359481812,0.6263860464096069,-0.0002717410970944911,0.0055284951813519,0.06761082261800766,77725.22222222222
31182,5.0,,,,,,,77765.22222222222
31183,,8.0,,,,,,77767.44444444444
31192,5.0,,,,,,,77787.44444444444
31193,,8.0,,,,,,77789.66666666667
31204,5.0,,,,,,,77814.11111111111
31205,,8.0,,,,,,77816.33333333333
31215,5.0,,,,,,,77838.55555555556
31216,,8.0,,,,,,77840.77777777778
31220,,,0.6275971531867981,0.6962624788284302,0.0024417629465460777,0.011584275402128696,0.18982937932014465,77845.5
31221,,,0.6291822791099548,0.6814637184143066,0.001843573641963303,0.01265717763453722,0.19334806501865387,77848.0
31230,5.0,,,,,,,77870.5
31231,,8.0,,,,,,77873.0
31239,5.0,,,,,,,77893.0
31240,,8.0,,,,,,77895.5
31255,5.0,,,,,,,77933.0
31256,,8.0,,,,,,77935.5
31265,5.0,,,,,,,77958.0
31266,,8.0,,,,,,77960.5
31273,,,0.6000862121582031,0.6567410826683044,0.0007536091143265367,0.009106258861720562,0.2950897216796875,77974.42857142857
31281,5.0,,,,,,,77997.28571428571
31282,,8.0,,,,,,78000.14285714286
31291,5.0,,,,,,,78025.85714285714
31292,,8.0,,,,,,78028.71428571429
31300,5.0,,,,,,,78051.57142857143
31301,,8.0,,,,,,78054.42857142857
31309,5.0,,,,,,,78077.28571428571
31310,,8.0,,,,,,78080.14285714286
31315,,,0.6142464280128479,0.6790827512741089,0.0034376815892755985,0.00917727965861559,0.3380352556705475,78087.28571428571
31328,5.0,,,,,,,78115.14285714286
31329,,8.0,,,,,,78117.28571428571
31339,5.0,,,,,,,78138.71428571429
31340,,8.0,,,,,,78140.85714285714
31354,5.0,,,,,,,78170.85714285714
31355,,8.0,,,,,,78173.0
31367,5.0,,,,,,,78198.71428571429
31368,,8.0,,,,,,78200.85714285714
31373,,,0.6322198510169983,0.6882460117340088,0.0048150960355997086,0.007453019265085459,0.3291469216346741,78208.33333333333
31384,5.0,,,,,,,78237.66666666667
31385,,8.0,,,,,,78240.33333333333
31393,5.0,,,,,,,78261.66666666667
31394,,8.0,,,,,,78264.33333333333
31403,5.0,,,,,,,78288.33333333333
31404,,8.0,,,,,,78291.0
31414,5.0,,,,,,,78317.66666666667
31415,,8.0,,,,,,78320.33333333333
31419,,,0.6250544190406799,0.6597941517829895,5.607215280178934e-05,0.0129205621778965,0.2920265197753906,78325.66666666667
31438,5.0,,,,,,,78376.33333333333
31439,,8.0,,,,,,78379.0
31446,5.0,,,,,,,78397.66666666667
31447,,8.0,,,,,,78400.33333333333
31452,5.0,,,,,,,78413.66666666667
31453,,8.0,,,,,,78416.33333333333
31461,5.0,,,,,,,78437.66666666667
31462,,8.0,,,,,,78440.33333333333
31466,,,0.6229170560836792,0.6890525817871094,0.0013982881791889668,0.003207252826541662,0.2566196918487549,78445.85714285714
31469,,,0.640981137752533,0.6873482465744019,-2.7902258807444014e-05,0.011503243818879128,0.37397146224975586,78454.42857142857
31476,5.0,,,,,,,78474.42857142857
31477,,8.0,,,,,,78477.28571428571
31484,5.0,,,,,,,78497.28571428571
31485,,8.0,,,,,,78500.14285714286
31495,5.0,,,,,,,78528.71428571429
31496,,8.0,,,,,,78531.57142857143
31505,5.0,,,,,,,78557.28571428571
31506,,8.0,,,,,,78560.14285714286
31512,,,0.6241800785064697,0.6660844087600708,0.0032077813521027565,0.022680731490254402,0.18978925049304962,78572.72972972973
31518,5.0,,,,,,,78592.18918918919
31519,,8.0,,,,,,78595.43243243243
31528,5.0,,,,,,,78624.62162162163
31529,,8.0,,,,,,78627.86486486487
31533,5.0,,,,,,,78640.83783783784
31534,,8.0,,,,,,78644.08108108108
31544,5.0,,,,,,,78676.51351351352
31545,,8.0,,,,,,78679.75675675676
31551,,,0.6322219967842102,0.6757627129554749,0.0075432248413562775,0.028963370248675346,0.1780679076910019,78690.82608695653
31564,5.0,,,,,,,78724.73913043478
31565,,8.0,,,,,,78727.34782608696
31575,5.0,,,,,,,78753.43478260869
31576,,8.0,,,,,,78756.04347826086
31582,5.0,,,,,,,78771.69565217392
31583,,8.0,,,,,,78774.30434782608
31592,5.0,,,,,,,78797.78260869565
31593,,8.0,,,,,,78800.39130434782
31599,,,0.6495409607887268,0.6981411576271057,0.0005336590693332255,0.0038114157505333424,0.04541385918855667,78811.37209302325
31607,5.0,,,,,,,78833.69767441861
31608,,8.0,,,,,,78836.48837209302
31617,5.0,,,,,,,78861.6046511628
31618,,8.0,,,,,,78864.3953488372
31628,5.0,,,,,,,78892.30232558139
31629,,8.0,,,,,,78895.09302325582
31637,5.0,,,,,,,78917.41860465116
31638,,8.0,,,,,,78920.20930232559
31645,,,0.6282104253768921,0.6740392446517944,0.0025112098082900047,0.009588297456502914,0.06820336729288101,78932.79591836735
31656,5.0,,,,,,,78959.73469387754
31657,,8.0,,,,,,78962.1836734694
31668,5.0,,,,,,,78989.12244897959
31669,,8.0,,,,,,78991.57142857143
31680,5.0,,,,,,,79018.51020408163
31681,,8.0,,,,,,79020.95918367348
31688,5.0,,,,,,,79038.10204081633
31689,,8.0,,,,,,79040.55102040817
31693,,,0.5950002670288086,0.6335521936416626,-0.0008059537503868341,0.011027478612959385,0.1368730366230011,79045.2641509434
31699,,,0.6002670526504517,0.66706782579422,0.0012689594877883792,0.00871050264686346,0.07553917914628983,79058.84905660378
31708,5.0,,,,,,,79079.22641509434
31709,,8.0,,,,,,79081.49056603774
31720,5.0,,,,,,,79106.39622641509
31721,,8.0,,,,,,79108.6603773585
31727,5.0,,,,,,,79122.24528301887
31728,,8.0,,,,,,79124.50943396226
31743,5.0,,,,,,,79158.47169811321
31744,,8.0,,,,,,79160.7358490566
31751,,,0.6421079635620117,0.6851874589920044,-0.0003971465630456805,0.0012231750879436731,-0.009143046103417873,79179.55172413793
31759,5.0,,,,,,,79212.6551724138
31760,,8.0,,,,,,79216.79310344828
31763,5.0,,,,,,,79229.20689655172
31764,,8.0,,,,,,79233.3448275862
31769,5.0,,,,,,,79254.03448275862
31770,,8.0,,,,,,79258.1724137931
31774,5.0,,,,,,,79274.72413793103
31775,,8.0,,,,,,79278.86206896552
31779,,,0.7594351172447205,0.782970666885376,0.01345743890851736,0.03748597949743271,0.05973217636346817,79285.9268292683
31790,5.0,,,,,,,79318.12195121951
31791,,8.0,,,,,,79321.0487804878
31800,5.0,,,,,,,79347.39024390244
31801,,8.0,,,,,,79350.31707317074
31806,5.0,,,,,,,79364.9512195122
31807,,8.0,,,,,,79367.87804878049
31817,5.0,,,,,,,79397.14634146342
31818,,8.0,,,,,,79400.0731707317
31824,,,0.6568694114685059,0.7092912197113037,0.0059781186282634735,0.020574159920215607,-0.4486261010169983,79409.7924528302
31832,5.0,,,,,,,79427.90566037736
31833,,8.0,,,,,,79430.16981132075
31844,5.0,,,,,,,79455.07547169812
31845,,8.0,,,,,,79457.3396226415
31859,5.0,,,,,,,79489.03773584905
31860,,8.0,,,,,,79491.30188679245
31872,5.0,,,,,,,79518.47169811321
31873,,8.0,,,,,,79520.7358490566
31878,,,0.6976864337921143,0.780998706817627,0.007853979244828224,0.027895748615264893,-0.13419023156166077,79528.21739130435
31888,5.0,,,,,,,79554.30434782608
31889,,8.0,,,,,,79556.91304347826
31898,5.0,,,,,,,79580.39130434782
31899,,8.0,,,,,,79583.0
31907,5.0,,,,,,,79603.86956521739
31908,,8.0,,,,,,79606.47826086957
31920,5.0,,,,,,,79637.78260869565
31921,,8.0,,,,,,79640.39130434782
31925,,,0.6990693807601929,0.7642727494239807,0.006544646807014942,0.01625361293554306,-0.07554933428764343,79645.66666666667
31929,,,0.6341403126716614,0.6606466770172119,0.014824185520410538,0.02400304190814495,0.013574725016951561,79656.33333333333
31940,5.0,,,,,,,79685.66666666667
31941,,8.0,,,,,,79688.33333333333
31949,5.0,,,,,,,79709.66666666667
31950,,8.0,,,,,,79712.33333333333
31959,5.0,,,,,,,79736.33333333333
31960,,8.0,,,,,,79739.0
31967,5.0,,,,,,,79757.66666666667
31968,,8.0,,,,,,79760.33333333333
31973,,,0.6286560297012329,0.705683708190918,0.0018401863053441048,0.0029034207109361887,0.03563055768609047,79768.71428571429
31982,5.0,,,,,,,79794.42857142857
31983,,8.0,,,,,,79797.28571428571
31990,5.0,,,,,,,79817.28571428571
31991,,8.0,,,,,,79820.14285714286
32002,5.0,,,,,,,79851.57142857143
32003,,8.0,,,,,,79854.42857142857
32011,5.0,,,,,,,79877.28571428571
32012,,8.0,,,,,,79880.14285714286
32016,,,0.5985053777694702,0.6710343956947327,0.00826586876064539,0.031126074492931366,0.20380999147891998,79885.55319148937
32027,5.0,,,,,,,79913.63829787234
32028,,8.0,,,,,,79916.1914893617
32036,5.0,,,,,,,79936.6170212766
32037,,8.0,,,,,,79939.17021276595
32049,5.0,,,,,,,79969.8085106383
32050,,8.0,,,,,,79972.36170212766
32060,5.0,,,,,,,79997.89361702128
32061,,8.0,,,,,,80000.44680851063
32065,,,0.6222256422042847,0.6999579071998596,0.014773973263800144,0.024483563378453255,0.21824853122234344,80005.72727272728
32080,5.0,,,,,,,80046.63636363637
32081,,8.0,,,,,,80049.36363636363
32087,5.0,,,,,,,80065.72727272728
32088,,8.0,,,,,,80068.45454545454
32096,5.0,,,,,,,80090.27272727272
32097,,8.0,,,,,,80093.0
32106,5.0,,,,,,,80117.54545454546
32107,,8.0,,,,,,80120.27272727272
32113,,,0.6109763979911804,0.6477267146110535,0.007498897612094879,0.0139030572026968,0.100254125893116,80130.82608695653
32126,5.0,,,,,,,80164.73913043478
32127,,8.0,,,,,,80167.34782608696
32136,5.0,,,,,,,80190.82608695653
32137,,8.0,,,,,,80193.43478260869
32148,5.0,,,,,,,80222.13043478261
32149,,8.0,,,,,,80224.73913043478
32154,5.0,,,,,,,80237.78260869565
32155,,8.0,,,,,,80240.39130434782
32161,,,0.5925154089927673,0.6246623396873474,0.0017630623187869787,0.006932116113603115,0.11022599786520004,80249.31578947368
32165,,,0.6012992858886719,0.6568593978881836,0.0017152262153103948,0.017629023641347885,0.18559160828590393,80257.73684210527
32180,5.0,,,,,,,80289.31578947368
32181,,8.0,,,,,,80291.42105263157
32189,5.0,,,,,,,80308.26315789473
32190,,8.0,,,,,,80310.36842105263
32203,5.0,,,,,,,80337.73684210527
32204,,8.0,,,,,,80339.84210526316
32213,5.0,,,,,,,80358.78947368421
32214,,8.0,,,,,,80360.8947368421
32220,,,0.6305447220802307,0.6934146285057068,0.006368061061948538,0.03146640956401825,0.27091675996780396,80371.18181818182
32226,5.0,,,,,,,80387.54545454546
32227,,8.0,,,,,,80390.27272727272
32236,5.0,,,,,,,80414.81818181818
32237,,8.0,,,,,,80417.54545454546
32251,5.0,,,,,,,80455.72727272728
32252,,8.0,,,,,,80458.45454545454
32259,5.0,,,,,,,80477.54545454546
32260,,8.0,,,,,,80480.27272727272
32267,,,0.5790570974349976,0.6609031558036804,0.0033648652024567127,0.01826224848628044,0.18657588958740234,80492.79591836735
32279,5.0,,,,,,,80522.1836734694
32280,,8.0,,,,,,80524.63265306123
32292,5.0,,,,,,,80554.02040816327
32293,,8.0,,,,,,80556.4693877551
32301,5.0,,,,,,,80576.0612244898
32302,,8.0,,,,,,80578.51020408163
32310,5.0,,,,,,,80598.10204081633
32311,,8.0,,,,,,80600.55102040817
32316,,,0.5648780465126038,0.6335555911064148,0.004169593099504709,0.014851575717329979,0.009209190495312214,80608.21739130435
32330,5.0,,,,,,,80644.73913043478
32331,,8.0,,,,,,80647.34782608696
32338,5.0,,,,,,,80665.60869565218
32339,,8.0,,,,,,80668.21739130435
32346,5.0,,,,,,,80686.47826086957
32347,,8.0,,,,,,80689.08695652174
32358,5.0,,,,,,,80717.78260869565
32359,,8.0,,,,,,80720.39130434782
32363,,,0.5914234519004822,0.6199817061424255,0.009952468797564507,0.02183612436056137,0.22053392231464386,80725.44897959183
32372,5.0,,,,,,,80747.48979591837
32373,,8.0,,,,,,80749.9387755102
32380,5.0,,,,,,,80767.08163265306
32381,,8.0,,,,,,80769.5306122449
32398,5.0,,,,,,,80811.16326530612
32399,,8.0,,,,,,80813.61224489796
32409,5.0,,,,,,,80838.10204081633
32410,,8.0,,,,,,80840.55102040817
32415,,,0.5803559422492981,0.6369912624359131,0.00687062693759799,0.015237648040056229,-0.09558950364589691,80847.52830188679
32418,,,0.6513158082962036,0.6883693933486938,0.006105721462517977,0.015201201662421227,-0.08959953486919403,80854.32075471699
32428,5.0,,,,,,,80876.96226415095
32429,,8.0,,,,,,80879.22641509434
32445,5.0,,,,,,,80915.45283018867
32446,,8.0,,,,,,80917.71698113208
32454,5.0,,,,,,,80935.83018867925
32455,,8.0,,,,,,80938.09433962264
32464,5.0,,,,,,,80958.47169811321
32465,,8.0,,,,,,80960.7358490566
32470,,,0.6614189743995667,0.708747386932373,0.005010698456317186,0.015250158496201038,0.06000905483961105,80968.10638297872
32478,5.0,,,,,,,80988.53191489361
32479,,8.0,,,,,,80991.08510638298
32489,5.0,,,,,,,81016.6170212766
32490,,8.0,,,,,,81019.17021276595
32500,5.0,,,,,,,81044.70212765958
32501,,8.0,,,,,,81047.25531914894
32513,5.0,,,,,,,81077.89361702128
32514,,8.0,,,,,,81080.44680851063
32518,,,0.6341723203659058,0.6869460344314575,0.0031743089202791452,0.015769237652420998,-0.05263378471136093,81085.79069767441
32531,5.0,,,,,,,81122.06976744186
32532,,8.0,,,,,,81124.86046511628
32540,5.0,,,,,,,81147.18604651163
32541,,8.0,,,,,,81149.97674418605
32547,5.0,,,,,,,81166.72093023256
32548,,8.0,,,,,,81169.51162790698
32558,5.0,,,,,,,81197.41860465116
32559,,8.0,,,,,,81200.20930232559
32565,,,0.6090177893638611,0.6639624834060669,0.01327074971050024,0.02708621323108673,0.013323458842933178,81211.37209302325
32575,5.0,,,,,,,81239.27906976744
32576,,8.0,,,,,,81242.06976744186
32586,5.0,,,,,,,81269.97674418605
32587,,8.0,,,,,,81272.76744186046
32596,5.0,,,,,,,81297.88372093023
32597,,8.0,,,,,,81300.67441860466
32603,5.0,,,,,,,81317.41860465116
32604,,8.0,,,,,,81320.20930232559
32608,,,0.6255190372467041,0.6735811829566956,0.0027637449093163013,0.014680134132504463,0.15633723139762878,81325.14285714286
32621,5.0,,,,,,,81353.0
32622,,8.0,,,,,,81355.14285714286
32632,5.0,,,,,,,81376.57142857143
32633,,8.0,,,,,,81378.71428571429
32652,5.0,,,,,,,81419.42857142857
32653,,8.0,,,,,,81421.57142857143
32661,5.0,,,,,,,81438.71428571429
32662,,8.0,,,,,,81440.85714285714
32667,,,0.6216159462928772,0.6644600629806519,-0.003284350037574768,0.016079913824796677,0.2861427664756775,81447.8
32672,,,0.5999190211296082,0.6759334802627563,0.0008729237597435713,0.003006329759955406,0.20246732234954834,81459.8
32680,5.0,,,,,,,81479.0
32681,,8.0,,,,,,81481.4
32691,5.0,,,,,,,81505.4
32692,,8.0,,,,,,81507.8
32702,5.0,,,,,,,81531.8
32703,,8.0,,,,,,81534.2
32713,5.0,,,,,,,81558.2
32714,,8.0,,,,,,81560.6
32720,,,0.5522754788398743,0.606657862663269,0.003038352355360985,0.007612497080117464,0.18878453969955444,81570.2
32732,5.0,,,,,,,81599.0
32733,,8.0,,,,,,81601.4
32743,5.0,,,,,,,81625.4
32744,,8.0,,,,,,81627.8
32754,5.0,,,,,,,81651.8
32755,,8.0,,,,,,81654.2
32765,5.0,,,,,,,81678.2
32766,,8.0,,,,,,81680.6
32772,,,0.5724800825119019,0.6313324570655823,4.854103099205531e-05,0.02227078005671501,0.30148568749427795,81690.3469387755
32783,5.0,,,,,,,81717.28571428571
32784,,8.0,,,,,,81719.73469387754
32793,5.0,,,,,,,81741.77551020408
32794,,8.0,,,,,,81744.22448979592
32805,5.0,,,,,,,81771.16326530612
32806,,8.0,,,,,,81773.61224489796
32816,5.0,,,,,,,81798.10204081633
32817,,8.0,,,,,,81800.55102040817
32825,,,0.6084920167922974,0.7036140561103821,0.009198041632771492,0.024638719856739044,0.13613197207450867,81817.63414634146
32831,5.0,,,,,,,81835.19512195123
32832,,8.0,,,,,,81838.12195121951
32841,5.0,,,,,,,81864.46341463414
32842,,8.0,,,,,,81867.39024390244
32850,5.0,,,,,,,81890.80487804877
32851,,8.0,,,,,,81893.73170731707
32859,5.0,,,,,,,81917.14634146342
32860,,8.0,,,,,,81920.0731707317
32864,,,0.6290532350540161,0.6667788624763489,0.0060388450510799885,0.0076590473763644695,0.12076523900032043,81926.15789473684
32870,5.0,,,,,,,81945.1052631579
32871,,8.0,,,,,,81948.26315789473
32883,5.0,,,,,,,81986.15789473684
32884,,8.0,,,,,,81989.31578947368
32892,5.0,,,,,,,82014.57894736843
32893,,8.0,,,,,,82017.73684210527
32899,5.0,,,,,,,82036.68421052632
32900,,8.0,,,,,,82039.84210526316
32904,,,0.6322396397590637,0.6756631135940552,0.002297217957675457,0.006953822448849678,0.27861493825912476,82045.85714285714
32907,,,0.6108084917068481,0.6644404530525208,0.0017859414219856262,0.012781799770891666,0.3410091698169708,82054.42857142857
32916,5.0,,,,,,,82080.14285714286
32917,,8.0,,,,,,82083.0
32927,5.0,,,,,,,82111.57142857143
32928,,8.0,,,,,,82114.42857142857
32936,5.0,,,,,,,82137.28571428571
32937,,8.0,,,,,,82140.14285714286
32943,5.0,,,,,,,82157.28571428571
32944,,8.0,,,,,,82160.14285714286
32952,,,0.6041837930679321,0.6900025010108948,0.004275323823094368,0.007962229661643505,0.2729438245296478,82176.04347826086
32959,5.0,,,,,,,82194.30434782608
32960,,8.0,,,,,,82196.91304347826
32968,5.0,,,,,,,82217.78260869565
32969,,8.0,,,,,,82220.39130434782
32980,5.0,,,,,,,82249.08695652174
32981,,8.0,,,,,,82251.69565217392
32991,5.0,,,,,,,82277.78260869565
32992,,8.0,,,,,,82280.39130434782
32998,,,0.5853243470191956,0.6434690952301025,0.0038447962142527103,0.013714118860661983,0.2663072645664215,82290.65957446808
33011,5.0,,,,,,,82323.85106382979
33012,,8.0,,,,,,82326.40425531915
33018,5.0,,,,,,,82341.72340425532
33019,,8.0,,,,,,82344.27659574468
33028,5.0,,,,,,,82367.25531914894
33029,,8.0,,,,,,82369.8085106383
33040,5.0,,,,,,,82397.89361702128
33041,,8.0,,,,,,82400.44680851063
33047,,,0.6282632350921631,0.6608328223228455,0.009523849934339523,0.016536979004740715,0.3141595125198364,82412.0
33055,5.0,,,,,,,82436.0
33056,,8.0,,,,,,82439.0
33066,5.0,,,,,,,82469.0
33067,,8.0,,,,,,82472.0
33073,5.0,,,,,,,82490.0
33074,,8.0,,,,,,82493.0
33082,5.0,,,,,,,82517.0
33083,,8.0,,,,,,82520.0
33090,,,0.5673896670341492,0.6196743249893188,0.002562528243288398,0.004634808283299208,0.36219295859336853,82535.97297297297
33096,5.0,,,,,,,82555.43243243243
33097,,8.0,,,,,,82558.67567567568
33103,5.0,,,,,,,82578.13513513513
33104,,8.0,,,,,,82581.37837837837
33111,5.0,,,,,,,82604.08108108108
33112,,8.0,,,,,,82607.32432432432
33121,5.0,,,,,,,82636.51351351352
33122,,8.0,,,,,,82639.75675675676
33126,,,0.6214619874954224,0.6739653944969177,-0.002178860129788518,0.01880207099020481,0.5411123037338257,82645.85714285714
33129,,,0.6408947706222534,0.6774058938026428,0.000683230347931385,0.0054313670843839645,0.3869361877441406,82654.42857142857
33137,5.0,,,,,,,82677.28571428571
33138,,8.0,,,,,,82680.14285714286
33146,5.0,,,,,,,82703.0
33147,,8.0,,,,,,82705.85714285714
33155,5.0,,,,,,,82728.71428571429
33156,,8.0,,,,,,82731.57142857143
33165,5.0,,,,,,,82757.28571428571
33166,,8.0,,,,,,82760.14285714286
33172,,,0.6767281293869019,0.7101411819458008,0.001626661280170083,0.0063990443013608456,0.1666363775730133,82770.5
33182,5.0,,,,,,,82795.5
33183,,8.0,,,,,,82798.0
33192,5.0,,,,,,,82820.5
33193,,8.0,,,,,,82823.0
33201,5.0,,,,,,,82843.0
33202,,8.0,,,,,,82845.5
33215,5.0,,,,,,,82878.0
33216,,8.0,,,,,,82880.5
33220,,,0.6470513343811035,0.6904681324958801,0.007045350037515163,0.01758912391960621,0.4210168123245239,82885.66666666667
33228,5.0,,,,,,,82907.0
33229,,8.0,,,,,,82909.66666666667
33240,5.0,,,,,,,82939.0
33241,,8.0,,,,,,82941.66666666667
33251,5.0,,,,,,,82968.33333333333
33252,,8.0,,,,,,82971.0
33262,5.0,,,,,,,82997.66666666667
33263,,8.0,,,,,,83000.33333333333
33269,,,0.6184228658676147,0.6690688133239746,0.011629519052803516,0.023531977087259293,0.5065485239028931,83011.0
33278,5.0,,,,,,,83035.0
33279,,8.0,,,,,,83037.66666666667
33289,5.0,,,,,,,83064.33333333333
33290,,8.0,,,,,,83067.0
33297,5.0,,,,,,,83085.66666666667
33298,,8.0,,,,,,83088.33333333333
33309,5.0,,,,,,,83117.66666666667
33310,,8.0,,,,,,83120.33333333333
33317,,,0.5673601627349854,0.6111405491828918,-5.3619121899828315e-05,0.0013308797497302294,0.33625128865242004,83133.21276595745
33332,5.0,,,,,,,83171.51063829787
33333,,8.0,,,,,,83174.06382978724
33341,5.0,,,,,,,83194.48936170213
33342,,8.0,,,,,,83197.0425531915
33349,5.0,,,,,,,83214.91489361702
33350,,8.0,,,,,,83217.46808510639
33358,5.0,,,,,,,83237.89361702128
33359,,8.0,,,,,,83240.44680851063
33364,,,0.6105910539627075,0.6716647148132324,0.0011495222570374608,0.008525482378900051,0.307604044675827,83248.71428571429
33369,,,0.6368952393531799,0.6756059527397156,0.006004576105624437,0.010157122276723385,0.34348079562187195,83263.0
33376,5.0,,,,,,,83283.0
33377,,8.0,,,,,,83285.85714285714
33385,5.0,,,,,,,83308.71428571429
33386,,8.0,,,,,,83311.57142857143
33394,5.0,,,,,,,83334.42857142857
33395,,8.0,,,,,,83337.28571428571
33402,5.0,,,,,,,83357.28571428571
33403,,8.0,,,,,,83360.14285714286
33410,,,0.62516850233078,0.6795514822006226,-6.794013461330906e-05,0.0009753117337822914,0.1656644642353058,83374.16279069768
33419,5.0,,,,,,,83399.27906976744
33420,,8.0,,,,,,83402.06976744186
33429,5.0,,,,,,,83427.18604651163
33430,,8.0,,,,,,83429.97674418605
33437,5.0,,,,,,,83449.51162790698
33438,,8.0,,,,,,83452.30232558139
33447,5.0,,,,,,,83477.41860465116
33448,,8.0,,,,,,83480.20930232559
33454,,,0.6679695844650269,0.7210407853126526,0.013478300534188747,0.019145920872688293,0.20759476721286774,83489.7924528302
33467,5.0,,,,,,,83519.22641509434
33468,,8.0,,,,,,83521.49056603774
33480,5.0,,,,,,,83548.6603773585
33481,,8.0,,,,,,83550.92452830188
33492,5.0,,,,,,,83575.83018867925
33493,,8.0,,,,,,83578.09433962264
33502,5.0,,,,,,,83598.47169811321
33503,,8.0,,,,,,83600.7358490566
33509,,,0.6635767817497253,0.7335211634635925,0.009937186725437641,0.029671434313058853,0.35780373215675354,83612.72972972973
33518,5.0,,,,,,,83641.91891891892
33519,,8.0,,,,,,83645.16216216216
33527,5.0,,,,,,,83671.1081081081
33528,,8.0,,,,,,83674.35135135135
33534,5.0,,,,,,,83693.81081081081
33535,,8.0,,,,,,83697.05405405405
33541,5.0,,,,,,,83716.51351351352
33542,,8.0,,,,,,83719.75675675676
33547,,,0.5721963047981262,0.5998679399490356,0.0085077416151762,0.01684795692563057,0.2950475811958313,83728.45454545454
33558,5.0,,,,,,,83758.45454545454
33559,,8.0,,,,,,83761.18181818182
33569,5.0,,,,,,,83788.45454545454
33570,,8.0,,,,,,83791.18181818182
33579,5.0,,,,,,,83815.72727272728
33580,,8.0,,,,,,83818.45454545454
33587,5.0,,,,,,,83837.54545454546
33588,,8.0,,,,,,83840.27272727272
33592,,,0.6317098140716553,0.6817792057991028,0.0032219269778579473,0.005711106583476067,-0.18294359743595123,83845.5
33595,,,0.5992791056632996,0.6525571942329407,0.0002141792356269434,0.004772899206727743,-0.18820618093013763,83853.0
33605,5.0,,,,,,,83878.0
33606,,8.0,,,,,,83880.5
33616,5.0,,,,,,,83905.5
33617,,8.0,,,,,,83908.0
33626,5.0,,,,,,,83930.5
33627,,8.0,,,,,,83933.0
33637,5.0,,,,,,,83958.0
33638,,8.0,,,,,,83960.5
33645,,,0.5875228643417358,0.6623950600624084,0.00010984496475430205,0.010080971755087376,-0.40276604890823364,83972.79591836735
33657,5.0,,,,,,,84002.1836734694
33658,,8.0,,,,,,84004.63265306123
33667,5.0,,,,,,,84026.67346938775
33668,,8.0,,,,,,84029.12244897959
33678,5.0,,,,,,,84053.61224489796
33679,,8.0,,,,,,84056.0612244898
33688,5.0,,,,,,,84078.10204081633
33689,,8.0,,,,,,84080.55102040817
33694,,,0.6111174821853638,0.6680367588996887,-7.068696959322551e-06,0.014506610110402107,-0.22198201715946198,84089.15384615384
33701,5.0,,,,,,,84110.69230769231
33702,,8.0,,,,,,84113.76923076923
33710,5.0,,,,,,,84138.38461538461
33711,,8.0,,,,,,84141.46153846153
33718,5.0,,,,,,,84163.0
33719,,8.0,,,,,,84166.07692307692
33729,5.0,,,,,,,84196.84615384616
33730,,8.0,,,,,,84199.92307692308
33735,,,0.5864335298538208,0.6052123308181763,0.004308056086301804,0.028638172894716263,-0.10709858685731888,84209.48648648648
33743,5.0,,,,,,,84235.43243243243
33744,,8.0,,,,,,84238.67567567568
33755,5.0,,,,,,,84274.35135135135
33756,,8.0,,,,,,84277.5945945946
33761,5.0,,,,,,,84293.81081081081
33762,,8.0,,,,,,84297.05405405405
33768,5.0,,,,,,,84316.51351351352
33769,,8.0,,,,,,84319.75675675676
33774,,,0.6142969131469727,0.6611398458480835,0.011493297293782234,0.026745948940515518,-0.029035039246082306,84327.8
33788,5.0,,,,,,,84361.4
33789,,8.0,,,,,,84363.8
33796,5.0,,,,,,,84380.6
33797,,8.0,,,,,,84383.0
33812,5.0,,,,,,,84419.0
33813,,8.0,,,,,,84421.4
33820,5.0,,,,,,,84438.2
33821,,8.0,,,,,,84440.6
33825,,,0.6074820160865784,0.6740714907646179,0.008355006575584412,0.013807442039251328,-0.18149583041667938,84445.2641509434
33828,,,0.5883275270462036,0.6373491287231445,0.012892838567495346,0.03247315436601639,0.07637226581573486,84452.05660377358
33840,5.0,,,,,,,84479.22641509434
33841,,8.0,,,,,,84481.49056603774
33853,5.0,,,,,,,84508.6603773585
33854,,8.0,,,,,,84510.92452830188
33864,5.0,,,,,,,84533.56603773584
33865,,8.0,,,,,,84535.83018867925
33875,5.0,,,,,,,84558.47169811321
33876,,8.0,,,,,,84560.7358490566
33882,,,0.6290179491043091,0.6786498427391052,0.002785158110782504,0.014868102967739105,0.00265079946257174,84571.0
33890,5.0,,,,,,,84592.33333333333
33891,,8.0,,,,,,84595.0
33904,5.0,,,,,,,84629.66666666667
33905,,8.0,,,,,,84632.33333333333
33912,5.0,,,,,,,84651.0
33913,,8.0,,,,,,84653.66666666667
33922,5.0,,,,,,,84677.66666666667
33923,,8.0,,,,,,84680.33333333333
33928,,,0.6148602366447449,0.6445105075836182,0.00564030883833766,0.027295541018247604,0.12868361175060272,84687.36363636363
33943,5.0,,,,,,,84720.09090909091
33944,,8.0,,,,,,84722.27272727272
33953,5.0,,,,,,,84741.90909090909
33954,,8.0,,,,,,84744.09090909091
33964,5.0,,,,,,,84765.90909090909
33965,,8.0,,,,,,84768.09090909091
33979,5.0,,,,,,,84798.63636363637
33980,,8.0,,,,,,84800.81818181818
33987,,,0.6371558904647827,0.678901731967926,-0.0006925950292497873,0.00994126033037901,0.1255589723587036,84813.21276595745
33995,5.0,,,,,,,84833.63829787234
33996,,8.0,,,,,,84836.1914893617
34007,5.0,,,,,,,84864.27659574468
34008,,8.0,,,,,,84866.82978723405
34020,5.0,,,,,,,84897.46808510639
34021,,8.0,,,,,,84900.02127659574
34028,5.0,,,,,,,84917.89361702128
34029,,8.0,,,,,,84920.44680851063
34035,,,0.6004806160926819,0.6457152962684631,0.000833001802675426,0.00489898631349206,-0.05372567102313042,84933.0
34042,5.0,,,,,,,84956.33333333333
34043,,8.0,,,,,,84959.66666666667
34050,5.0,,,,,,,84983.0
34051,,8.0,,,,,,84986.33333333333
34058,5.0,,,,,,,85009.66666666667
34059,,8.0,,,,,,85013.0
34066,5.0,,,,,,,85036.33333333333
34067,,8.0,,,,,,85039.66666666667
34072,,,0.6029742956161499,0.6592413187026978,0.008206135593354702,0.01802387647330761,0.009996389970183372,85049.0
34075,,,0.6278833150863647,0.6735979914665222,0.004144884180277586,0.013758107088506222,-0.002536854473873973,85058.0
34082,5.0,,,,,,,85079.0
34083,,8.0,,,,,,85082.0
34091,5.0,,,,,,,85106.0
34092,,8.0,,,,,,85109.0
34099,5.0,,,,,,,85130.0
34100,,8.0,,,,,,85133.0
34108,5.0,,,,,,,85157.0
34109,,8.0,,,,,,85160.0
34117,,,0.5754867792129517,0.6299942135810852,-0.00293632666580379,0.01130311656743288,0.02938377857208252,85173.3448275862
34128,5.0,,,,,,,85196.10344827586
34129,,8.0,,,,,,85198.1724137931
34144,5.0,,,,,,,85229.20689655172
34145,,8.0,,,,,,85231.27586206897
34158,5.0,,,,,,,85258.1724137931
34159,,8.0,,,,,,85260.24137931035
34168,5.0,,,,,,,85278.86206896552
34169,,8.0,,,,,,85280.93103448275
34174,,,0.7208068370819092,0.7565293908119202,0.012408875860273838,0.019392788410186768,0.19661183655261993,85288.71428571429
34184,5.0,,,,,,,85317.28571428571
34185,,8.0,,,,,,85320.14285714286
34196,5.0,,,,,,,85351.57142857143
34197,,8.0,,,,,,85354.42857142857
34204,5.0,,,,,,,85374.42857142857
34205,,8.0,,,,,,85377.28571428571
34212,5.0,,,,,,,85397.28571428571
34213,,8.0,,,,,,85400.14285714286
34219,,,0.6553553938865662,0.6895380020141602,0.006145924795418978,0.009391210973262787,0.10846000164747238,85410.65957446808
34231,5.0,,,,,,,85441.29787234042
34232,,8.0,,,,,,85443.85106382979
34243,5.0,,,,,,,85471.93617021276
34244,,8.0,,,,,,85474.48936170213
34251,5.0,,,,,,,85492.36170212766
34252,,8.0,,,,,,85494.91489361702
34261,5.0,,,,,,,85517.89361702128
34262,,8.0,,,,,,85520.44680851063
34267,,,0.5649657249450684,0.6413965225219727,0.003464217996224761,0.008139189332723618,-0.011219900101423264,85528.58139534884
34277,5.0,,,,,,,85556.48837209302
34278,,8.0,,,,,,85559.27906976744
34287,5.0,,,,,,,85584.3953488372
34288,,8.0,,,,,,85587.18604651163
34296,5.0,,,,,,,85609.51162790698
34297,,8.0,,,,,,85612.30232558139
34306,5.0,,,,,,,85637.41860465116
34307,,8.0,,,,,,85640.20930232559
34311,,,0.6188135147094727,0.6720471382141113,0.008943194523453712,0.01993252895772457,-0.20384636521339417,85645.2641509434
34314,,,0.5894385576248169,0.622446596622467,0.010219639167189598,0.024459566920995712,-0.17044244706630707,85652.05660377358
34325,5.0,,,,,,,85676.96226415095
34326,,8.0,,,,,,85679.22641509434
34335,5.0,,,,,,,85699.60377358491
34336,,8.0,,,,,,85701.8679245283
34350,5.0,,,,,,,85733.56603773584
34351,,8.0,,,,,,85735.83018867925
34361,5.0,,,,,,,85758.47169811321
34362,,8.0,,,,,,85760.7358490566
34366,,,0.6134173274040222,0.6650211811065674,0.0004071881412528455,0.0021910732612013817,-0.2430524379014969,85765.72727272728
34376,5.0,,,,,,,85793.0
34377,,8.0,,,,,,85795.72727272728
34387,5.0,,,,,,,85823.0
34388,,8.0,,,,,,85825.72727272728
34396,5.0,,,,,,,85847.54545454546
34397,,8.0,,,,,,85850.27272727272
34407,5.0,,,,,,,85877.54545454546
34408,,8.0,,,,,,85880.27272727272
34412,,,0.6818743944168091,0.726446807384491,0.004220788367092609,0.010372820310294628,-0.1740008145570755,85885.60869565218
34420,5.0,,,,,,,85906.47826086957
34421,,8.0,,,,,,85909.08695652174
34430,5.0,,,,,,,85932.56521739131
34431,,8.0,,,,,,85935.17391304347
34443,5.0,,,,,,,85966.47826086957
34444,,8.0,,,,,,85969.08695652174
34455,5.0,,,,,,,85997.78260869565
34456,,8.0,,,,,,86000.39130434782
34461,,,0.6299145817756653,0.6831488609313965,0.012415888719260693,0.031240181997418404,-0.08503859490156174,86008.45454545454
34472,5.0,,,,,,,86038.45454545454
34473,,8.0,,,,,,86041.18181818182
34483,5.0,,,,,,,86068.45454545454
34484,,8.0,,,,,,86071.18181818182
34493,5.0,,,,,,,86095.72727272728
34494,,8.0,,,,,,86098.45454545454
34501,5.0,,,,,,,86117.54545454546
34502,,8.0,,,,,,86120.27272727272
34506,,,0.6299700736999512,0.6688244342803955,0.0019789861980825663,0.01837802492082119,0.018236417323350906,86126.15789473684
34514,5.0,,,,,,,86151.42105263157
34515,,8.0,,,,,,86154.57894736843
34521,5.0,,,,,,,86173.52631578948
34522,,8.0,,,,,,86176.68421052632
34532,5.0,,,,,,,86208.26315789473
34533,,8.0,,,,,,86211.42105263157
34541,5.0,,,,,,,86236.68421052632
34542,,8.0,,,,,,86239.84210526316
34546,,,0.6891352534294128,0.7173570394515991,-0.0010070871794596314,0.006237155757844448,-0.14310164749622345,86245.79069767441
34549,,,0.6772509813308716,0.7040185332298279,-0.0008335696184076369,0.0053019169718027115,-0.09434165805578232,86254.16279069768
34559,5.0,,,,,,,86282.06976744186
34560,,8.0,,,,,,86284.86046511628
34566,5.0,,,,,,,86301.6046511628
34567,,8.0,,,,,,86304.3953488372
34580,5.0,,,,,,,86340.67441860466
34581,,8.0,,,,,,86343.46511627907
34586,5.0,,,,,,,86357.41860465116
34587,,8.0,,,,,,86360.20930232559
34593,,,0.7409507036209106,0.7860966920852661,0.00507451081648469,0.016407478600740433,0.3072934150695801,86371.18181818182
34603,5.0,,,,,,,86398.45454545454
34604,,8.0,,,,,,86401.18181818182
34613,5.0,,,,,,,86425.72727272728
34614,,8.0,,,,,,86428.45454545454
34625,5.0,,,,,,,86458.45454545454
34626,,8.0,,,,,,86461.18181818182
34632,5.0,,,,,,,86477.54545454546
34633,,8.0,,,,,,86480.27272727272
34641,,,0.6283553242683411,0.6831572651863098,0.01114501990377903,0.021836357191205025,-0.0704662874341011,86496.33333333333
34652,5.0,,,,,,,86525.66666666667
34653,,8.0,,,,,,86528.33333333333
34662,5.0,,,,,,,86552.33333333333
34663,,8.0,,,,,,86555.0
34673,5.0,,,,,,,86581.66666666667
34674,,8.0,,,,,,86584.33333333333
34679,5.0,,,,,,,86597.66666666667
34680,,8.0,,,,,,86600.33333333333
34684,,,0.6519349217414856,0.7155018448829651,0.007449102587997913,0.01715072989463806,-0.2588224709033966,86605.79069767441
34694,5.0,,,,,,,86633.69767441861
34695,,8.0,,,,,,86636.48837209302
34705,5.0,,,,,,,86664.3953488372
34706,,8.0,,,,,,86667.18604651163
34712,5.0,,,,,,,86683.93023255814
34713,,8.0,,,,,,86686.72093023256
34724,5.0,,,,,,,86717.41860465116
34725,,8.0,,,,,,86720.20930232559
34730,,,0.6282737851142883,0.6792980432510376,-0.00014951766934245825,0.0033882863353937864,-0.2990146279335022,86728.45454545454
34740,5.0,,,,,,,86755.72727272728
34741,,8.0,,,,,,86758.45454545454
34748,5.0,,,,,,,86777.54545454546
34749,,8.0,,,,,,86780.27272727272
34760,5.0,,,,,,,86810.27272727272
34761,,8.0,,,,,,86813.0
34770,5.0,,,,,,,86837.54545454546
34771,,8.0,,,,,,86840.27272727272
34776,,,0.5699607133865356,0.6529209613800049,-0.0018960995366796851,0.009439604356884956,-0.34322938323020935,86848.45454545454
34778,,,0.624974250793457,0.6842935085296631,0.011336448602378368,0.020242221653461456,-0.3066052198410034,86853.90909090909
34788,5.0,,,,,,,86881.18181818182
34789,,8.0,,,,,,86883.90909090909
34798,5.0,,,,,,,86908.45454545454
34799,,8.0,,,,,,86911.18181818182
34809,5.0,,,,,,,86938.45454545454
34810,,8.0,,,,,,86941.18181818182
34816,5.0,,,,,,,86957.54545454546
34817,,8.0,,,,,,86960.27272727272
34821,,,0.5945085883140564,0.6348506212234497,0.005794792901724577,0.015779240056872368,-0.13177083432674408,86966.24324324324
34827,5.0,,,,,,,86985.7027027027
34828,,8.0,,,,,,86988.94594594595
34836,5.0,,,,,,,87014.8918918919
34837,,8.0,,,,,,87018.13513513513
34844,5.0,,,,,,,87040.83783783784
34845,,8.0,,,,,,87044.08108108108
34855,5.0,,,,,,,87076.51351351352
34856,,8.0,,,,,,87079.75675675676
34860,,,0.58261638879776,0.6464664340019226,0.0010854204883798957,0.005621382035315037,-0.1470859795808792,87085.72727272728
34873,5.0,,,,,,,87121.18181818182
34874,,8.0,,,,,,87123.90909090909
34879,5.0,,,,,,,87137.54545454546
34880,,8.0,,,,,,87140.27272727272
34889,5.0,,,,,,,87164.81818181818
34890,,8.0,,,,,,87167.54545454546
34901,5.0,,,,,,,87197.54545454546
34902,,8.0,,,,,,87200.27272727272
34906,,,0.5994452834129333,0.6397534608840942,0.003057560883462429,0.005055025685578585,-0.19731251895427704,87205.4
34921,5.0,,,,,,,87241.4
34922,,8.0,,,,,,87243.8
34934,5.0,,,,,,,87272.6
34935,,8.0,,,,,,87275.0
34943,5.0,,,,,,,87294.2
34944,,8.0,,,,,,87296.6
34953,5.0,,,,,,,87318.2
34954,,8.0,,,,,,87320.6
34958,,,0.5898001194000244,0.6401202082633972,0.0005783610977232456,0.011745696887373924,-0.2165246307849884,87325.14285714286
34972,5.0,,,,,,,87355.14285714286
34973,,8.0,,,,,,87357.28571428571
34983,5.0,,,,,,,87378.71428571429
34984,,8.0,,,,,,87380.85714285714
34998,5.0,,,,,,,87410.85714285714
34999,,8.0,,,,,,87413.0
35011,5.0,,,,,,,87438.71428571429
35012,,8.0,,,,,,87440.85714285714
35016,,,0.5823157429695129,0.6436820030212402,0.004909249488264322,0.008028690703213215,-0.15125665068626404,87445.4
35023,,,0.6277304887771606,0.6703535914421082,0.001282565644942224,0.008719149976968765,-0.12913759052753448,87462.2
35035,5.0,,,,,,,87491.0
35036,,8.0,,,,,,87493.4
35043,5.0,,,,,,,87510.2
35044,,8.0,,,,,,87512.6
35056,5.0,,,,,,,87541.4
35057,,8.0,,,,,,87543.8
35063,5.0,,,,,,,87558.2
35064,,8.0,,,,,,87560.6
35072,,,0.6086588501930237,0.6529085636138916,0.001695162383839488,0.009405686520040035,-0.23570139706134796,87576.33333333333
35078,5.0,,,,,,,87592.33333333333
35079,,8.0,,,,,,87595.0
35091,5.0,,,,,,,87627.0
35092,,8.0,,,,,,87629.66666666667
35099,5.0,,,,,,,87648.33333333333
35100,,8.0,,,,,,87651.0
35110,5.0,,,,,,,87677.66666666667
35111,,8.0,,,,,,87680.33333333333
35120,,,0.6425385475158691,0.7063812017440796,0.014254055917263031,0.029778506606817245,-0.2185698002576828,87701.94736842105
35125,5.0,,,,,,,87717.73684210527
35126,,8.0,,,,,,87720.8947368421
35130,5.0,,,,,,,87733.52631578948
35131,,8.0,,,,,,87736.68421052632
35140,5.0,,,,,,,87765.1052631579
35141,,8.0,,,,,,87768.26315789473
35150,5.0,,,,,,,87796.68421052632
35151,,8.0,,,,,,87799.84210526316
35156,,,0.6226226687431335,0.670930802822113,0.004219873808324337,0.00665054889395833,-0.3076379597187042,87809.15384615384
35162,5.0,,,,,,,87827.61538461539
35163,,8.0,,,,,,87830.69230769231
35172,5.0,,,,,,,87858.38461538461
35173,,8.0,,,,,,87861.46153846153
35184,5.0,,,,,,,87895.30769230769
35185,,8.0,,,,,,87898.38461538461
35191,5.0,,,,,,,87916.84615384616
35192,,8.0,,,,,,87919.92307692308
35196,,,0.5776435136795044,0.6213392019271851,0.008080900646746159,0.023510931059718132,-0.05095267668366432,87926.07692307692
35204,5.0,,,,,,,87950.69230769231
35205,,8.0,,,,,,87953.76923076923
35213,5.0,,,,,,,87978.38461538461
35214,,8.0,,,,,,87981.46153846153
35225,5.0,,,,,,,88015.30769230769
35226,,8.0,,,,,,88018.38461538461
35232,5.0,,,,,,,88036.84615384616
35233,,8.0,,,,,,88039.92307692308
35237,,,0.5983104109764099,0.630944550037384,0.012912405654788017,0.030284002423286438,-0.12040437757968903,88045.2641509434
35242,,,0.5910482406616211,0.6489914059638977,0.0001768170768627897,0.002833335194736719,-0.32334545254707336,88056.58490566038
35252,5.0,,,,,,,88079.22641509434
35253,,8.0,,,,,,88081.49056603774
35264,5.0,,,,,,,88106.39622641509
35265,,8.0,,,,,,88108.6603773585
35277,5.0,,,,,,,88135.83018867925
35278,,8.0,,,,,,88138.09433962264
35287,5.0,,,,,,,88158.47169811321
35288,,8.0,,,,,,88160.7358490566
35293,,,0.5899034142494202,0.6563841700553894,0.004399644676595926,0.01306803710758686,-0.17093467712402344,88168.58139534884
35300,5.0,,,,,,,88188.11627906977
35301,,8.0,,,,,,88190.90697674418
35309,5.0,,,,,,,88213.23255813954
35310,,8.0,,,,,,88216.02325581395
35321,5.0,,,,,,,88246.72093023256
35322,,8.0,,,,,,88249.51162790698
35332,5.0,,,,,,,88277.41860465116
35333,,8.0,,,,,,88280.20930232559
35338,,,0.646639883518219,0.6818364262580872,-0.0013440917246043682,0.009370987303555012,-0.5659419298171997,88289.0
35345,5.0,,,,,,,88310.0
35346,,8.0,,,,,,88313.0
35354,5.0,,,,,,,88337.0
35355,,8.0,,,,,,88340.0
35364,5.0,,,,,,,88367.0
35365,,8.0,,,,,,88370.0
35374,5.0,,,,,,,88397.0
35375,,8.0,,,,,,88400.0
35379,,,0.5735260844230652,0.6113602519035339,-0.001353078056126833,0.010090973228216171,-0.3052733242511749,88405.60869565218
35388,5.0,,,,,,,88429.08695652174
35389,,8.0,,,,,,88431.69565217392
35400,5.0,,,,,,,88460.39130434782
35401,,8.0,,,,,,88463.0
35414,5.0,,,,,,,88496.91304347826
35415,,8.0,,,,,,88499.52173913043
35422,5.0,,,,,,,88517.78260869565
35423,,8.0,,,,,,88520.39130434782
35429,,,0.5967428684234619,0.6610211730003357,0.007125901058316231,0.016873115673661232,-0.023356735706329346,88531.57142857143
35439,5.0,,,,,,,88560.14285714286
35440,,8.0,,,,,,88563.0
35449,5.0,,,,,,,88588.71428571429
35450,,8.0,,,,,,88591.57142857143
35455,5.0,,,,,,,88605.85714285714
35456,,8.0,,,,,,88608.71428571429
35466,5.0,,,,,,,88637.28571428571
35467,,8.0,,,,,,88640.14285714286
35472,,,0.6061818599700928,0.647199273109436,0.0011082980781793594,0.004650226794183254,0.04089120402932167,88648.21739130435
35476,,,0.5986107587814331,0.6439809799194336,0.004166213795542717,0.012743369676172733,0.10415950417518616,88658.65217391304
35485,5.0,,,,,,,88682.13043478261
35486,,8.0,,,,,,88684.73913043478
35492,5.0,,,,,,,88700.39130434782
35493,,8.0,,,,,,88703.0
35503,5.0,,,,,,,88729.08695652174
35504,,8.0,,,,,,88731.69565217392
35514,5.0,,,,,,,88757.78260869565
35515,,8.0,,,,,,88760.39130434782
35523,,,0.6460786461830139,0.685361385345459,0.0033320696093142033,0.01386909931898117,0.13672898709774017,88776.04347826086
35530,5.0,,,,,,,88794.30434782608
35531,,8.0,,,,,,88796.91304347826
35541,5.0,,,,,,,88823.0
35542,,8.0,,,,,,88825.60869565218
35552,5.0,,,,,,,88851.69565217392
35553,,8.0,,,,,,88854.30434782608
35562,5.0,,,,,,,88877.78260869565
35563,,8.0,,,,,,88880.39130434782
35571,,,0.5815550684928894,0.6456679105758667,-0.001192619325593114,0.005556175019592047,-0.15863309800624847,88897.28571428571
35580,5.0,,,,,,,88923.0
35581,,8.0,,,,,,88925.85714285714
35587,5.0,,,,,,,88943.0
35588,,8.0,,,,,,88945.85714285714
35596,5.0,,,,,,,88968.71428571429
35597,,8.0,,,,,,88971.57142857143
35606,5.0,,,,,,,88997.28571428571
35607,,8.0,,,,,,89000.14285714286
35611,,,0.6338189244270325,0.6534016132354736,-0.0012409862829372287,0.00884461309760809,-0.12256958335638046,89005.2641509434
35625,5.0,,,,,,,89036.96226415095
35626,,8.0,,,,,,89039.22641509434
35635,5.0,,,,,,,89059.60377358491
35636,,8.0,,,,,,89061.8679245283
35647,5.0,,,,,,,89086.77358490566
35648,,8.0,,,,,,89089.03773584905
35661,5.0,,,,,,,89118.47169811321
35662,,8.0,,,,,,89120.7358490566
35667,,,0.6469557881355286,0.713566243648529,0.00675844494253397,0.019499529153108597,0.15822023153305054,89129.66666666667
35673,5.0,,,,,,,89149.66666666667
35674,,8.0,,,,,,89153.0
35686,5.0,,,,,,,89193.0
35687,,8.0,,,,,,89196.33333333333
35692,5.0,,,,,,,89213.0
35693,,8.0,,,,,,89216.33333333333
35699,5.0,,,,,,,89236.33333333333
35700,,8.0,,,,,,89239.66666666667
35704,,,0.6259990334510803,0.6858041286468506,0.004838474094867706,0.016046779230237007,-0.008847585879266262,89245.9268292683
35706,,,0.5530776977539062,0.6437563896179199,0.005140455439686775,0.01400711853057146,-0.01501427125185728,89251.78048780488
35714,5.0,,,,,,,89275.19512195123
35715,,8.0,,,,,,89278.12195121951
35724,5.0,,,,,,,89304.46341463414
35725,,8.0,,,,,,89307.39024390244
35734,5.0,,,,,,,89333.73170731707
35735,,8.0,,,,,,89336.65853658537
35742,5.0,,,,,,,89357.14634146342
35743,,8.0,,,,,,89360.0731707317
35750,,,0.5704898238182068,0.6195673942565918,0.006895605940371752,0.01632552035152912,0.140846848487854,89369.0
35758,5.0,,,,,,,89381.0
35759,,8.0,,,,,,89382.5
35765,5.0,,,,,,,89391.5
35766,,8.0,,,,,,89393.0
35775,5.0,,,,,,,89406.5
35776,,8.0,,,,,,89408.0
35786,5.0,,,,,,,89423.0
35787,,8.0,,,,,,89424.5
35793,,,0.5859987735748291,0.641903281211853,0.0003145241644233465,0.0009446228505112231,-0.023898553103208542,89434.18181818182
35806,5.0,,,,,,,89469.63636363637
35807,,8.0,,,,,,89472.36363636363
35814,5.0,,,,,,,89491.45454545454
35815,,8.0,,,,,,89494.18181818182
35823,5.0,,,,,,,89516.0
35824,,8.0,,,,,,89518.72727272728
35832,5.0,,,,,,,89540.54545454546
35833,,8.0,,,,,,89543.27272727272
35839,,,0.6245701909065247,0.6996514797210693,0.0011517968960106373,0.008297013118863106,0.06441419571638107,89554.0
35850,5.0,,,,,,,89583.33333333333
35851,,8.0,,,,,,89586.0
35861,5.0,,,,,,,89612.66666666667
35862,,8.0,,,,,,89615.33333333333
35872,5.0,,,,,,,89642.0
35873,,8.0,,,,,,89644.66666666667
35879,5.0,,,,,,,89660.66666666667
35880,,8.0,,,,,,89663.33333333333
35884,,,0.6519730091094971,0.6977969408035278,0.0004297203558962792,0.0018417888786643744,0.23426304757595062,89668.66666666667
35892,5.0,,,,,,,89690.0
35893,,8.0,,,,,,89692.66666666667
35907,5.0,,,,,,,89730.0
35908,,8.0,,,,,,89732.66666666667
35917,5.0,,,,,,,89756.66666666667
35918,,8.0,,,,,,89759.33333333333
35926,5.0,,,,,,,89780.66666666667
35927,,8.0,,,,,,89783.33333333333
35931,,,0.5909271240234375,0.6500969529151917,0.003361018840223551,0.007225870620459318,0.26756125688552856,89788.79069767441
35934,,,0.6136173605918884,0.6657916903495789,-0.0008892951882444322,0.008547032251954079,0.23565241694450378,89797.16279069768
35943,5.0,,,,,,,89822.27906976744
35944,,8.0,,,,,,89825.06976744186
35954,5.0,,,,,,,89852.97674418605
35955,,8.0,,,,,,89855.76744186046
35964,5.0,,,,,,,89880.88372093023
35965,,8.0,,,,,,89883.67441860466
35971,5.0,,,,,,,89900.41860465116
35972,,8.0,,,,,,89903.20930232559
35984,,,0.6497424244880676,0.6855624914169312,0.009924350306391716,0.023537995293736458,0.30274417996406555,89927.6
35997,5.0,,,,,,,89958.8
35998,,8.0,,,,,,89961.2
36007,5.0,,,,,,,89982.8
36008,,8.0,,,,,,89985.2
36015,5.0,,,,,,,90002.0
36016,,8.0,,,,,,90004.4
36023,5.0,,,,,,,90021.2
36024,,8.0,,,,,,90023.6
36032,,,0.6370285749435425,0.6939420700073242,6.76870477036573e-05,0.008206319995224476,-0.08497640490531921,90039.95348837209
36042,5.0,,,,,,,90067.86046511628
36043,,8.0,,,,,,90070.6511627907
36052,5.0,,,,,,,90095.76744186046
36053,,8.0,,,,,,90098.55813953489
36061,5.0,,,,,,,90120.88372093023
36062,,8.0,,,,,,90123.67441860466
36068,5.0,,,,,,,90140.41860465116
36069,,8.0,,,,,,90143.20930232559
36073,,,0.5919073224067688,0.6550460457801819,0.00791151076555252,0.015833929181098938,-0.07690943777561188,90148.66666666667
36087,5.0,,,,,,,90186.0
36088,,8.0,,,,,,90188.66666666667
36098,5.0,,,,,,,90215.33333333333
36099,,8.0,,,,,,90218.0
36107,5.0,,,,,,,90239.33333333333
36108,,8.0,,,,,,90242.0
36115,5.0,,,,,,,90260.66666666667
36116,,8.0,,,,,,90263.33333333333
36121,,,0.5976569056510925,0.6885401010513306,7.353930413955823e-05,0.002343123545870185,0.11302655935287476,90271.71428571429
36127,5.0,,,,,,,90288.85714285714
36128,,8.0,,,,,,90291.71428571429
36137,5.0,,,,,,,90317.42857142857
36138,,8.0,,,,,,90320.28571428571
36149,5.0,,,,,,,90351.71428571429
36150,,8.0,,,,,,90354.57142857143
36159,5.0,,,,,,,90380.28571428571
36160,,8.0,,,,,,90383.14285714286
36164,,,0.5994314551353455,0.6527009606361389,0.004614310339093208,0.005270365625619888,-0.04194623976945877,90388.44897959183
36169,,,0.5880504250526428,0.664965033531189,0.002560477703809738,0.00589281739667058,-0.002306607086211443,90400.69387755102
36181,5.0,,,,,,,90430.08163265306
36182,,8.0,,,,,,90432.5306122449
36189,5.0,,,,,,,90449.67346938775
36190,,8.0,,,,,,90452.12244897959
36198,5.0,,,,,,,90471.71428571429
36199,,8.0,,,,,,90474.16326530612
36210,5.0,,,,,,,90501.10204081633
36211,,8.0,,,,,,90503.55102040817
36217,,,0.594052255153656,0.6435146927833557,-0.0007976904744282365,0.003568463958799839,-0.14302298426628113,90514.78048780488
36225,5.0,,,,,,,90538.19512195123
36226,,8.0,,,,,,90541.12195121951
36232,5.0,,,,,,,90558.68292682926
36233,,8.0,,,,,,90561.60975609756
36244,5.0,,,,,,,90593.80487804877
36245,,8.0,,,,,,90596.73170731707
36253,5.0,,,,,,,90620.14634146342
36254,,8.0,,,,,,90623.0731707317
36261,,,0.6339826583862305,0.7032820582389832,0.0006753745838068426,0.011012851260602474,-0.05074898526072502,90638.0
36270,5.0,,,,,,,90665.0
36271,,8.0,,,,,,90668.0
36277,5.0,,,,,,,90686.0
36278,,8.0,,,,,,90689.0
36286,5.0,,,,,,,90713.0
36287,,8.0,,,,,,90716.0
36295,5.0,,,,,,,90740.0
36296,,8.0,,,,,,90743.0
36301,,,0.6008833050727844,0.6643604040145874,0.01332169771194458,0.0380743034183979,0.1498325616121292,90752.15384615384
36307,5.0,,,,,,,90770.61538461539
36308,,8.0,,,,,,90773.69230769231
36313,5.0,,,,,,,90789.07692307692
36314,,8.0,,,,,,90792.15384615384
36326,5.0,,,,,,,90829.07692307692
36327,,8.0,,,,,,90832.15384615384
36336,5.0,,,,,,,90859.84615384616
36337,,8.0,,,,,,90862.92307692308
36343,,,0.620800256729126,0.6630289554595947,0.008171218447387218,0.02323303185403347,0.2794433534145355,90872.42857142857
36355,5.0,,,,,,,90898.14285714286
36356,,8.0,,,,,,90900.28571428571
36365,5.0,,,,,,,90919.57142857143
36366,,8.0,,,,,,90921.71428571429
36376,5.0,,,,,,,90943.14285714286
36377,,8.0,,,,,,90945.28571428571
36394,5.0,,,,,,,90981.71428571429
36395,,8.0,,,,,,90983.85714285714
36399,,,0.5496160984039307,0.6234359741210938,0.003913538530468941,0.018369976431131363,0.12175766378641129,90988.60869565218
36402,,,0.5616732835769653,0.6050707697868347,-0.0004222005663905293,0.0022776536643505096,-0.008911310695111752,90996.43478260869
36412,5.0,,,,,,,91022.52173913043
36413,,8.0,,,,,,91025.13043478261
36423,5.0,,,,,,,91051.21739130435
36424,,8.0,,,,,,91053.82608695653
36433,5.0,,,,,,,91077.30434782608
36434,,8.0,,,,,,91079.91304347826
36442,5.0,,,,,,,91100.78260869565
36443,,8.0,,,,,,91103.39130434782
36447,,,0.6211139559745789,0.6698073148727417,0.010567360557615757,0.019184060394763947,0.0285261832177639,91108.5
36457,5.0,,,,,,,91133.5
36458,,8.0,,,,,,91136.0
36467,5.0,,,,,,,91158.5
36468,,8.0,,,,,,91161.0
36477,5.0,,,,,,,91183.5
36478,,8.0,,,,,,91186.0
36492,5.0,,,,,,,91221.0
36493,,8.0,,,,,,91223.5
36498,,,0.5947288274765015,0.6430670022964478,-0.00023221626179292798,0.011708661913871765,-0.19567807018756866,91231.58139534884
36510,5.0,,,,,,,91265.06976744186
36511,,8.0,,,,,,91267.86046511628
36518,5.0,,,,,,,91287.3953488372
36519,,8.0,,,,,,91290.18604651163
36531,5.0,,,,,,,91323.67441860466
36532,,8.0,,,,,,91326.46511627907
36537,5.0,,,,,,,91340.41860465116
36538,,8.0,,,,,,91343.20930232559
36544,,,0.6096227169036865,0.6932528614997864,0.003004857338964939,0.013358053751289845,0.06679968535900116,91354.37209302325
36552,5.0,,,,,,,91376.69767441861
36553,,8.0,,,,,,91379.48837209302
36562,5.0,,,,,,,91404.6046511628
36563,,8.0,,,,,,91407.3953488372
36571,5.0,,,,,,,91429.72093023256
36572,,8.0,,,,,,91432.51162790698
36582,5.0,,,,,,,91460.41860465116
36583,,8.0,,,,,,91463.20930232559
36588,,,0.6024855971336365,0.6467626690864563,0.006949673872441053,0.013531220145523548,0.12366709113121033,91471.85365853658
36601,5.0,,,,,,,91509.90243902439
36602,,8.0,,,,,,91512.82926829268
36609,5.0,,,,,,,91533.31707317074
36610,,8.0,,,,,,91536.24390243902
36615,5.0,,,,,,,91550.87804878049
36616,,8.0,,,,,,91553.80487804877
36625,5.0,,,,,,,91580.14634146342
36626,,8.0,,,,,,91583.0731707317
36630,,,0.6080055832862854,0.6487486362457275,0.003924997989088297,0.01368952076882124,0.29059898853302,91588.2641509434
36634,,,0.5935945510864258,0.635002613067627,0.003968220204114914,0.010797730647027493,0.2677878439426422,91597.32075471699
36647,5.0,,,,,,,91626.75471698113
36648,,8.0,,,,,,91629.01886792453
36660,5.0,,,,,,,91656.18867924529
36661,,8.0,,,,,,91658.45283018867
36671,5.0,,,,,,,91681.09433962264
36672,,8.0,,,,,,91683.35849056604
36680,5.0,,,,,,,91701.47169811321
36681,,8.0,,,,,,91703.7358490566
36687,,,0.6512925028800964,0.7025303244590759,-0.0037986026145517826,0.017757385969161987,0.23287707567214966,91714.18181818182
36697,5.0,,,,,,,91741.45454545454
36698,,8.0,,,,,,91744.18181818182
36705,5.0,,,,,,,91763.27272727272
36706,,8.0,,,,,,91766.0
36718,5.0,,,,,,,91798.72727272728
36719,,8.0,,,,,,91801.45454545454
36726,5.0,,,,,,,91820.54545454546
36727,,8.0,,,,,,91823.27272727272
36731,,,0.5866900682449341,0.6342871189117432,-0.000913675525225699,0.013949811458587646,-0.00044421685743145645,91828.55319148937
36745,5.0,,,,,,,91864.29787234042
36746,,8.0,,,,,,91866.85106382979
36755,5.0,,,,,,,91889.82978723405
36756,,8.0,,,,,,91892.3829787234
36764,5.0,,,,,,,91912.8085106383
36765,,8.0,,,,,,91915.36170212766
36775,5.0,,,,,,,91940.89361702128
36776,,8.0,,,,,,91943.44680851063
36781,,,0.6695859432220459,0.7329701781272888,-0.009520952589809895,0.021307004615664482,0.1418137401342392,91951.45454545454
36794,5.0,,,,,,,91986.90909090909
36795,,8.0,,,,,,91989.63636363637
36803,5.0,,,,,,,92011.45454545454
36804,,8.0,,,,,,92014.18181818182
36814,5.0,,,,,,,92041.45454545454
36815,,8.0,,,,,,92044.18181818182
36821,5.0,,,,,,,92060.54545454546
36822,,8.0,,,,,,92063.27272727272
36826,,,0.6614777445793152,0.707181453704834,0.0025451609399169683,0.01018540095537901,-0.18424129486083984,92068.85714285714
36833,5.0,,,,,,,92088.85714285714
36834,,8.0,,,,,,92091.71428571429
36844,5.0,,,,,,,92120.28571428571
36845,,8.0,,,,,,92123.14285714286
36854,5.0,,,,,,,92148.85714285714
36855,,8.0,,,,,,92151.71428571429
36865,5.0,,,,,,,92180.28571428571
36866,,8.0,,,,,,92183.14285714286
36870,,,0.5741783380508423,0.6051883101463318,0.0024041805882006884,0.004041836131364107,-0.1554073989391327,92188.66666666667
36875,,,0.6220182776451111,0.6759554147720337,0.00620622094720602,0.014406402595341206,-0.11441906541585922,92202.0
36882,5.0,,,,,,,92220.66666666667
36883,,8.0,,,,,,92223.33333333333
36892,5.0,,,,,,,92247.33333333333
36893,,8.0,,,,,,92250.0
36903,5.0,,,,,,,92276.66666666667
36904,,8.0,,,,,,92279.33333333333
36912,5.0,,,,,,,92300.66666666667
36913,,8.0,,,,,,92303.33333333333
36919,,,0.6079341769218445,0.6700416803359985,0.0027989002410322428,0.009750749915838242,-0.0634942352771759,92313.82608695653
36929,5.0,,,,,,,92339.91304347826
36930,,8.0,,,,,,92342.52173913043
36939,5.0,,,,,,,92366.0
36940,,8.0,,,,,,92368.60869565218
36954,5.0,,,,,,,92405.13043478261
36955,,8.0,,,,,,92407.73913043478
36960,5.0,,,,,,,92420.78260869565
36961,,8.0,,,,,,92423.39130434782
36966,,,0.6283587217330933,0.6845846176147461,0.006484238430857658,0.017922643572092056,0.09099742770195007,92432.0
36974,5.0,,,,,,,92456.0
36975,,8.0,,,,,,92459.0
36987,5.0,,,,,,,92495.0
36988,,8.0,,,,,,92498.0
36996,5.0,,,,,,,92522.0
36997,,8.0,,,,,,92525.0
37002,5.0,,,,,,,92540.0
37003,,8.0,,,,,,92543.0
37007,,,0.6023730635643005,0.6646267771720886,0.003437269711866975,0.009158440865576267,-0.17057107388973236,92548.44897959183
37016,5.0,,,,,,,92570.48979591837
37017,,8.0,,,,,,92572.9387755102
37028,5.0,,,,,,,92599.87755102041
37029,,8.0,,,,,,92602.32653061225
37043,5.0,,,,,,,92636.61224489796
37044,,8.0,,,,,,92639.0612244898
37053,5.0,,,,,,,92661.10204081633
37054,,8.0,,,,,,92663.55102040817
37059,,,0.6385593414306641,0.6778704524040222,0.008219640702009201,0.015186051838099957,0.20499400794506073,92670.89795918367
37066,5.0,,,,,,,92688.04081632652
37067,,8.0,,,,,,92690.48979591837
37078,5.0,,,,,,,92717.42857142857
37079,,8.0,,,,,,92719.87755102041
37088,5.0,,,,,,,92741.91836734694
37089,,8.0,,,,,,92744.36734693877
37104,5.0,,,,,,,92781.10204081633
37105,,8.0,,,,,,92783.55102040817
37110,,,0.5974169373512268,0.6454046964645386,0.0010151778114959598,0.008785957470536232,-0.06840506941080093,92791.21739130435
37115,,,0.5722390413284302,0.6350572109222412,0.007964515127241611,0.01108401920646429,-0.09639935195446014,92804.26086956522
37126,5.0,,,,,,,92832.95652173914
37127,,8.0,,,,,,92835.56521739131
37132,5.0,,,,,,,92848.60869565218
37133,,8.0,,,,,,92851.21739130435
37143,5.0,,,,,,,92877.30434782608
37144,,8.0,,,,,,92879.91304347826
37152,5.0,,,,,,,92900.78260869565
37153,,8.0,,,,,,92903.39130434782
37158,,,0.6122590899467468,0.6734243035316467,0.007872126065194607,0.023382849991321564,-0.010199766606092453,92911.45454545454
37167,5.0,,,,,,,92936.0
37168,,8.0,,,,,,92938.72727272728
37181,5.0,,,,,,,92974.18181818182
37182,,8.0,,,,,,92976.90909090909
37189,5.0,,,,,,,92996.0
37190,,8.0,,,,,,92998.72727272728
37198,5.0,,,,,,,93020.54545454546
37199,,8.0,,,,,,93023.27272727272
37204,,,0.6008529663085938,0.6634596586227417,-0.005854021292179823,0.017255280166864395,0.0919523760676384,93031.0
37213,5.0,,,,,,,93053.5
37214,,8.0,,,,,,93056.0
37224,5.0,,,,,,,93081.0
37225,,8.0,,,,,,93083.5
37237,5.0,,,,,,,93113.5
37238,,8.0,,,,,,93116.0
37248,5.0,,,,,,,93141.0
37249,,8.0,,,,,,93143.5
37255,,,0.5980634689331055,0.6351855993270874,0.00546054495498538,0.0100379828363657,0.021343691274523735,93154.57142857143
37263,5.0,,,,,,,93177.42857142857
37264,,8.0,,,,,,93180.28571428571
37271,5.0,,,,,,,93200.28571428571
37272,,8.0,,,,,,93203.14285714286
37281,5.0,,,,,,,93228.85714285714
37282,,8.0,,,,,,93231.71428571429
37292,5.0,,,,,,,93260.28571428571
37293,,8.0,,,,,,93263.14285714286
37298,,,0.6147995591163635,0.6622318625450134,0.007220192812383175,0.021617745980620384,0.15187621116638184,93271.0
37310,5.0,,,,,,,93301.0
37311,,8.0,,,,,,93303.5
37318,5.0,,,,,,,93321.0
37319,,8.0,,,,,,93323.5
37330,5.0,,,,,,,93351.0
37331,,8.0,,,,,,93353.5
37342,5.0,,,,,,,93381.0
37343,,8.0,,,,,,93383.5
37348,,,0.5919797420501709,0.6322258114814758,-0.0021446256432682276,0.007786455564200878,0.38857218623161316,93391.33333333333
37352,,,0.6020089387893677,0.6585729122161865,-0.0005511799245141447,0.013355255126953125,0.3896940052509308,93402.0
37363,5.0,,,,,,,93431.33333333333
37364,,8.0,,,,,,93434.0
37372,5.0,,,,,,,93455.33333333333
37373,,8.0,,,,,,93458.0
37380,5.0,,,,,,,93476.66666666667
37381,,8.0,,,,,,93479.33333333333
37389,5.0,,,,,,,93500.66666666667
37390,,8.0,,,,,,93503.33333333333
37398,,,0.5709327459335327,0.6223530173301697,0.0001730919029796496,0.0011769769480451941,0.3180616796016693,93520.63414634146
37404,5.0,,,,,,,93538.19512195123
37405,,8.0,,,,,,93541.12195121951
37412,5.0,,,,,,,93561.60975609756
37413,,8.0,,,,,,93564.53658536586
37422,5.0,,,,,,,93590.87804878049
37423,,8.0,,,,,,93593.80487804877
37432,5.0,,,,,,,93620.14634146342
37433,,8.0,,,,,,93623.0731707317
37440,,,0.5604036450386047,0.5994971990585327,0.008481494151055813,0.029643399640917778,0.19636192917823792,93635.6
37451,5.0,,,,,,,93662.0
37452,,8.0,,,,,,93664.4
37466,5.0,,,,,,,93698.0
37467,,8.0,,,,,,93700.4
37474,5.0,,,,,,,93717.2
37475,,8.0,,,,,,93719.6
37484,5.0,,,,,,,93741.2
37485,,8.0,,,,,,93743.6
37489,,,0.6403696537017822,0.693294882774353,0.0021580313332378864,0.0283600315451622,0.02604907937347889,93749.0
37498,5.0,,,,,,,93776.0
37499,,8.0,,,,,,93779.0
37508,5.0,,,,,,,93806.0
37509,,8.0,,,,,,93809.0
37517,5.0,,,,,,,93833.0
37518,,8.0,,,,,,93836.0
37526,5.0,,,,,,,93860.0
37527,,8.0,,,,,,93863.0
37531,,,0.5723260641098022,0.6662256121635437,0.014490374363958836,0.0229159165173769,0.06155409291386604,93868.85714285714
37541,5.0,,,,,,,93897.42857142857
37542,,8.0,,,,,,93900.28571428571
37548,5.0,,,,,,,93917.42857142857
37549,,8.0,,,,,,93920.28571428571
37561,5.0,,,,,,,93954.57142857143
37562,,8.0,,,,,,93957.42857142857
37570,5.0,,,,,,,93980.28571428571
37571,,8.0,,,,,,93983.14285714286
37576,,,0.5707762241363525,0.6409014463424683,0.008272279053926468,0.016477573662996292,-0.03366035595536232,93990.89795918367
37580,,,0.64457106590271,0.7033286094665527,0.001801676000468433,0.006575855892151594,-0.07111295312643051,94000.69387755102
37588,5.0,,,,,,,94020.28571428571
37589,,8.0,,,,,,94022.73469387754
37600,5.0,,,,,,,94049.67346938775
37601,,8.0,,,,,,94052.12244897959
37612,5.0,,,,,,,94079.0612244898
37613,,8.0,,,,,,94081.51020408163
37621,5.0,,,,,,,94101.10204081633
37622,,8.0,,,,,,94103.55102040817
37628,,,0.6236208081245422,0.698451042175293,0.0008790197316557169,0.003837033873423934,0.02174188382923603,94113.5
37636,5.0,,,,,,,94133.5
37637,,8.0,,,,,,94136.0
37648,5.0,,,,,,,94163.5
37649,,8.0,,,,,,94166.0
37658,5.0,,,,,,,94188.5
37659,,8.0,,,,,,94191.0
37671,5.0,,,,,,,94221.0
37672,,8.0,,,,,,94223.5
37677,,,0.6002649664878845,0.6485126614570618,0.003986366093158722,0.012359512969851494,0.10339362174272537,94232.15384615384
37689,5.0,,,,,,,94269.07692307692
37690,,8.0,,,,,,94272.15384615384
37699,5.0,,,,,,,94299.84615384616
37700,,8.0,,,,,,94302.92307692308
37705,5.0,,,,,,,94318.30769230769
37706,,8.0,,,,,,94321.38461538461
37712,5.0,,,,,,,94339.84615384616
37713,,8.0,,,,,,94342.92307692308
37717,,,0.5856634974479675,0.630984365940094,0.007120196241885424,0.021239398047327995,0.11233732104301453,94348.55319148937
37733,5.0,,,,,,,94389.40425531915
37734,,8.0,,,,,,94391.9574468085
37740,5.0,,,,,,,94407.27659574468
37741,,8.0,,,,,,94409.82978723405
37749,5.0,,,,,,,94430.25531914894
37750,,8.0,,,,,,94432.8085106383
37761,5.0,,,,,,,94460.89361702128
37762,,8.0,,,,,,94463.44680851063
37766,,,0.6563577651977539,0.7104569673538208,0.0004492563894018531,0.015913082286715508,0.21238109469413757,94469.07692307692
37777,5.0,,,,,,,94502.92307692308
37778,,8.0,,,,,,94506.0
37785,5.0,,,,,,,94527.53846153847
37786,,8.0,,,,,,94530.61538461539
37793,5.0,,,,,,,94552.15384615384
37794,,8.0,,,,,,94555.23076923077
37802,5.0,,,,,,,94579.84615384616
37803,,8.0,,,,,,94582.92307692308
37807,,,0.5618600845336914,0.6156951785087585,0.0072160628624260426,0.014961843378841877,0.35879260301589966,94588.9268292683
37811,,,0.6149068474769592,0.6842342615127563,0.0021960348822176456,0.005729243624955416,0.23242022097110748,94600.63414634146
37817,5.0,,,,,,,94618.19512195123
37818,,8.0,,,,,,94621.12195121951
37826,5.0,,,,,,,94644.53658536586
37827,,8.0,,,,,,94647.46341463414
37834,5.0,,,,,,,94667.9512195122
37835,,8.0,,,,,,94670.87804878049
37845,5.0,,,,,,,94700.14634146342
37846,,8.0,,,,,,94703.0731707317
37852,,,0.5952985286712646,0.6396649479866028,0.008520855568349361,0.02046491578221321,0.3198242485523224,94712.92307692308
37859,5.0,,,,,,,94729.07692307692
37860,,8.0,,,,,,94731.38461538461
37873,5.0,,,,,,,94761.38461538461
37874,,8.0,,,,,,94763.69230769231
37888,5.0,,,,,,,94796.0
37889,,8.0,,,,,,94798.30769230769
37899,5.0,,,,,,,94821.38461538461
37900,,8.0,,,,,,94823.69230769231
37907,,,0.5916637182235718,0.6379297375679016,0.0011109759798273444,0.014989614486694336,0.2950614392757416,94835.41176470589
37915,5.0,,,,,,,94854.23529411765
37916,,8.0,,,,,,94856.58823529411
37925,5.0,,,,,,,94877.76470588235
37926,,8.0,,,,,,94880.11764705883
37936,5.0,,,,,,,94903.64705882352
37937,,8.0,,,,,,94906.0
37952,5.0,,,,,,,94941.29411764706
37953,,8.0,,,,,,94943.64705882352
37961,,,0.611330509185791,0.6658875942230225,0.0044556246139109135,0.010432540439069271,0.13047383725643158,94960.28571428571
37972,5.0,,,,,,,94991.71428571429
37973,,8.0,,,,,,94994.57142857143
37980,5.0,,,,,,,95014.57142857143
37981,,8.0,,,,,,95017.42857142857
37988,5.0,,,,,,,95037.42857142857
37989,,8.0,,,,,,95040.28571428571
37996,5.0,,,,,,,95060.28571428571
37997,,8.0,,,,,,95063.14285714286
38001,,,0.6216372847557068,0.6531688570976257,0.00377405877225101,0.011301077902317047,0.14887452125549316,95068.79069767441
38015,5.0,,,,,,,95107.86046511628
38016,,8.0,,,,,,95110.6511627907
38023,5.0,,,,,,,95130.18604651163
38024,,8.0,,,,,,95132.97674418605
38032,5.0,,,,,,,95155.30232558139
38033,,8.0,,,,,,95158.09302325582
38041,5.0,,,,,,,95180.41860465116
38042,,8.0,,,,,,95183.20930232559
38047,,,0.6245303153991699,0.679681122303009,0.0025517335161566734,0.00414413632825017,0.018603451550006866,95191.0
38050,,,0.6225554943084717,0.6514902114868164,0.0071062310598790646,0.011442919261753559,0.07184288650751114,95198.5
38059,5.0,,,,,,,95221.0
38060,,8.0,,,,,,95223.5
38069,5.0,,,,,,,95246.0
38070,,8.0,,,,,,95248.5
38078,5.0,,,,,,,95268.5
38079,,8.0,,,,,,95271.0
38091,5.0,,,,,,,95301.0
38092,,8.0,,,,,,95303.5
38099,,,0.6049952507019043,0.6773593425750732,0.002743308199569583,0.005021572113037109,0.011090895161032677,95316.66666666667
38108,5.0,,,,,,,95340.66666666667
38109,,8.0,,,,,,95343.33333333333
38117,5.0,,,,,,,95364.66666666667
38118,,8.0,,,,,,95367.33333333333
38126,5.0,,,,,,,95388.66666666667
38127,,8.0,,,,,,95391.33333333333
38138,5.0,,,,,,,95420.66666666667
38139,,8.0,,,,,,95423.33333333333
38144,,,0.6285336017608643,0.6643715500831604,0.0006642859661951661,0.0011997089022770524,-0.1345287263393402,95431.10638297872
38154,5.0,,,,,,,95456.63829787234
38155,,8.0,,,,,,95459.1914893617
38162,5.0,,,,,,,95477.06382978724
38163,,8.0,,,,,,95479.6170212766
38171,5.0,,,,,,,95500.0425531915
38172,,8.0,,,,,,95502.59574468085
38187,5.0,,,,,,,95540.89361702128
38188,,8.0,,,,,,95543.44680851063
38196,,,0.6215498447418213,0.6565244197845459,0.00455291336402297,0.009403407573699951,-0.057053349912166595,95558.0
38210,5.0,,,,,,,95591.6
38211,,8.0,,,,,,95594.0
38219,5.0,,,,,,,95613.2
38220,,8.0,,,,,,95615.6
38227,5.0,,,,,,,95632.4
38228,,8.0,,,,,,95634.8
38239,5.0,,,,,,,95661.2
38240,,8.0,,,,,,95663.6
38245,,,0.5633397698402405,0.5979588031768799,0.005009718704968691,0.018513649702072144,-0.23044319450855255,95671.10638297872
38258,5.0,,,,,,,95704.29787234042
38259,,8.0,,,,,,95706.85106382979
38269,5.0,,,,,,,95732.3829787234
38270,,8.0,,,,,,95734.93617021276
38278,5.0,,,,,,,95755.36170212766
38279,,8.0,,,,,,95757.91489361702
38288,5.0,,,,,,,95780.89361702128
38289,,8.0,,,,,,95783.44680851063
38293,,,0.612504780292511,0.6552630662918091,0.005727376323193312,0.01423619780689478,-0.25112926959991455,95788.55319148937
38301,,,0.5983477234840393,0.6550172567367554,0.00024516109260730445,0.0013537683989852667,-0.32508552074432373,95808.97872340426
38310,5.0,,,,,,,95831.9574468085
38311,,8.0,,,,,,95834.51063829787
38317,5.0,,,,,,,95849.82978723405
38318,,8.0,,,,,,95852.3829787234
38325,5.0,,,,,,,95870.25531914894
38326,,8.0,,,,,,95872.8085106383
38337,5.0,,,,,,,95900.89361702128
38338,,8.0,,,,,,95903.44680851063
38343,,,0.5798833966255188,0.6150003671646118,0.0006840057903900743,0.004036714788526297,-0.11854460090398788,95912.31578947368
38352,5.0,,,,,,,95940.73684210527
38353,,8.0,,,,,,95943.8947368421
38361,5.0,,,,,,,95969.15789473684
38362,,8.0,,,,,,95972.31578947368
38369,5.0,,,,,,,95994.42105263157
38370,,8.0,,,,,,95997.57894736843
38377,5.0,,,,,,,96019.68421052632
38378,,8.0,,,,,,96022.84210526316
38385,,,0.6307485103607178,0.6813167333602905,0.0008161094738170505,0.005604375619441271,0.042438115924596786,96036.43478260869
38392,5.0,,,,,,,96054.69565217392
38393,,8.0,,,,,,96057.30434782608
38401,5.0,,,,,,,96078.17391304347
38402,,8.0,,,,,,96080.78260869565
38411,5.0,,,,,,,96104.26086956522
38412,,8.0,,,,,,96106.86956521739
38425,5.0,,,,,,,96140.78260869565
38426,,8.0,,,,,,96143.39130434782
38433,,,0.5782114267349243,0.6223282217979431,0.0023334133438766003,0.009274033829569817,-0.04598316550254822,96157.42857142857
38443,5.0,,,,,,,96186.0
38444,,8.0,,,,,,96188.85714285714
38454,5.0,,,,,,,96217.42857142857
38455,,8.0,,,,,,96220.28571428571
38463,5.0,,,,,,,96243.14285714286
38464,,8.0,,,,,,96246.0
38469,5.0,,,,,,,96260.28571428571
38470,,8.0,,,,,,96263.14285714286
38475,,,0.5395539999008179,0.6184362173080444,0.0008700324688106775,0.007633529603481293,0.06463570892810822,96271.33333333333
38488,5.0,,,,,,,96306.0
38489,,8.0,,,,,,96308.66666666667
38496,5.0,,,,,,,96327.33333333333
38497,,8.0,,,,,,96330.0
38503,5.0,,,,,,,96346.0
38504,,8.0,,,,,,96348.66666666667
38516,5.0,,,,,,,96380.66666666667
38517,,8.0,,,,,,96383.33333333333
38522,,,0.6428684592247009,0.7003160119056702,0.0036584397312253714,0.014787362888455391,0.07961917668581009,96391.10638297872
38528,,,0.6485390663146973,0.6893451809883118,0.006421215366572142,0.02002936415374279,0.13267433643341064,96406.4255319149
38536,5.0,,,,,,,96426.85106382979
38537,,8.0,,,,,,96429.40425531915
38544,5.0,,,,,,,96447.27659574468
38545,,8.0,,,,,,96449.82978723405
38557,5.0,,,,,,,96480.46808510639
38558,,8.0,,,,,,96483.02127659574
38565,5.0,,,,,,,96500.89361702128
38566,,8.0,,,,,,96503.44680851063
38575,,,0.6217131018638611,0.675828218460083,0.010338605381548405,0.014593791216611862,0.1648164540529251,96521.0
38585,5.0,,,,,,,96546.0
38586,,8.0,,,,,,96548.5
38599,5.0,,,,,,,96581.0
38600,,8.0,,,,,,96583.5
38605,5.0,,,,,,,96596.0
38606,,8.0,,,,,,96598.5
38615,5.0,,,,,,,96621.0
38616,,8.0,,,,,,96623.5
38623,,,0.6042774319648743,0.6359269618988037,0.0029184159357100725,0.005930420942604542,-0.06017295643687248,96635.6
38632,5.0,,,,,,,96657.2
38633,,8.0,,,,,,96659.6
38640,5.0,,,,,,,96676.4
38641,,8.0,,,,,,96678.8
38654,5.0,,,,,,,96710.0
38655,,8.0,,,,,,96712.4
38667,5.0,,,,,,,96741.2
38668,,8.0,,,,,,96743.6
38673,,,0.5545873045921326,0.5910046100616455,0.003761285450309515,0.012519538402557373,-0.10984507948160172,96751.71428571429
38682,5.0,,,,,,,96777.42857142857
38683,,8.0,,,,,,96780.28571428571
38690,5.0,,,,,,,96800.28571428571
38691,,8.0,,,,,,96803.14285714286
38700,5.0,,,,,,,96828.85714285714
38701,,8.0,,,,,,96831.71428571429
38711,5.0,,,,,,,96860.28571428571
38712,,8.0,,,,,,96863.14285714286
38716,,,0.6148294806480408,0.672263503074646,0.0012898942222818732,0.004155442584306002,-0.32046669721603394,96868.9268292683
38726,5.0,,,,,,,96898.19512195123
38727,,8.0,,,,,,96901.12195121951
38732,5.0,,,,,,,96915.75609756098
38733,,8.0,,,,,,96918.68292682926
38742,5.0,,,,,,,96945.0243902439
38743,,8.0,,,,,,96947.9512195122
38754,5.0,,,,,,,96980.14634146342
38755,,8.0,,,,,,96983.0731707317
38759,,,0.5767571926116943,0.6308875679969788,0.0022613320033997297,0.008976900018751621,-0.2824562191963196,96988.72727272728
38764,,,0.614907443523407,0.6818180680274963,-0.0007319572614505887,0.012557321228086948,-0.232523575425148,97002.36363636363
38772,5.0,,,,,,,97024.18181818182
38773,,8.0,,,,,,97026.90909090909
38779,5.0,,,,,,,97043.27272727272
38780,,8.0,,,,,,97046.0
38790,5.0,,,,,,,97073.27272727272
38791,,8.0,,,,,,97076.0
38800,5.0,,,,,,,97100.54545454546
38801,,8.0,,,,,,97103.27272727272
38810,,,0.5938853025436401,0.6358170509338379,0.006849663332104683,0.010068275965750217,-0.09553929418325424,97118.85714285714
38826,5.0,,,,,,,97153.14285714286
38827,,8.0,,,,,,97155.28571428571
38836,5.0,,,,,,,97174.57142857143
38837,,8.0,,,,,,97176.71428571429
38848,5.0,,,,,,,97200.28571428571
38849,,8.0,,,,,,97202.42857142857
38858,5.0,,,,,,,97221.71428571429
38859,,8.0,,,,,,97223.85714285714
38865,,,0.5670972466468811,0.625455379486084,0.0005696282023563981,0.001992892473936081,-0.11550117284059525,97232.7924528302
38876,5.0,,,,,,,97257.69811320755
38877,,8.0,,,,,,97259.96226415095
38890,5.0,,,,,,,97289.39622641509
38891,,8.0,,,,,,97291.6603773585
38903,5.0,,,,,,,97318.83018867925
38904,,8.0,,,,,,97321.09433962264
38913,5.0,,,,,,,97341.47169811321
38914,,8.0,,,,,,97343.7358490566
38919,,,0.5664500594139099,0.6337615847587585,0.00320079131051898,0.008380627259612083,-0.05499204993247986,97351.71428571429
38928,5.0,,,,,,,97377.42857142857
38929,,8.0,,,,,,97380.28571428571
38937,5.0,,,,,,,97403.14285714286
38938,,8.0,,,,,,97406.0
38949,5.0,,,,,,,97437.42857142857
38950,,8.0,,,,,,97440.28571428571
38957,5.0,,,,,,,97460.28571428571
38958,,8.0,,,,,,97463.14285714286
38964,,,0.6259450912475586,0.6669625043869019,0.0037807514891028404,0.010469318367540836,-0.14016321301460266,97473.82608695653
38973,5.0,,,,,,,97497.30434782608
38974,,8.0,,,,,,97499.91304347826
38983,5.0,,,,,,,97523.39130434782
38984,,8.0,,,,,,97526.0
38994,5.0,,,,,,,97552.08695652174
38995,,8.0,,,,,,97554.69565217392
39005,5.0,,,,,,,97580.78260869565
39006,,8.0,,,,,,97583.39130434782
39012,,,0.609143853187561,0.6581345796585083,0.001259259064681828,0.023189596831798553,0.0414612740278244,97593.2
39014,,,0.5848003625869751,0.6363593339920044,0.0008915399666875601,0.003745437366887927,-0.060180336236953735,97598.0
39022,5.0,,,,,,,97617.2
39023,,8.0,,,,,,97619.6
39030,5.0,,,,,,,97636.4
39031,,8.0,,,,,,97638.8
39042,5.0,,,,,,,97665.2
39043,,8.0,,,,,,97667.6
39057,5.0,,,,,,,97701.2
39058,,8.0,,,,,,97703.6
39063,,,0.5838195085525513,0.6259337067604065,0.0012611782876774669,0.013061033561825752,-0.040092043578624725,97711.45454545454
39073,5.0,,,,,,,97738.72727272728
39074,,8.0,,,,,,97741.45454545454
39085,5.0,,,,,,,97771.45454545454
39086,,8.0,,,,,,97774.18181818182
39094,5.0,,,,,,,97796.0
39095,,8.0,,,,,,97798.72727272728
39103,5.0,,,,,,,97820.54545454546
39104,,8.0,,,,,,97823.27272727272
39111,,,0.5770773887634277,0.6214519739151001,0.0014271984109655023,0.016405344009399414,0.023657074198126793,97834.72727272728
39131,5.0,,,,,,,97878.36363636363
39132,,8.0,,,,,,97880.54545454546
39143,5.0,,,,,,,97904.54545454546
39144,,8.0,,,,,,97906.72727272728
39153,5.0,,,,,,,97926.36363636363
39154,,8.0,,,,,,97928.54545454546
39160,5.0,,,,,,,97941.63636363637
39161,,8.0,,,,,,97943.81818181818
39167,,,0.5818759202957153,0.647706151008606,0.00029782502679154277,0.002758207730948925,-0.1372271627187729,97954.18181818182
39176,5.0,,,,,,,97978.72727272728
39177,,8.0,,,,,,97981.45454545454
39189,5.0,,,,,,,98014.18181818182
39190,,8.0,,,,,,98016.90909090909
39197,5.0,,,,,,,98036.0
39198,,8.0,,,,,,98038.72727272728
39206,5.0,,,,,,,98060.54545454546
39207,,8.0,,,,,,98063.27272727272
39211,,,0.6047281622886658,0.6753875017166138,0.0051550292409956455,0.014948121272027493,-0.08890252560377121,98068.79069767441
39222,5.0,,,,,,,98099.48837209302
39223,,8.0,,,,,,98102.27906976744
39233,5.0,,,,,,,98130.18604651163
39234,,8.0,,,,,,98132.97674418605
39243,5.0,,,,,,,98158.09302325582
39244,,8.0,,,,,,98160.88372093023
39251,5.0,,,,,,,98180.41860465116
39252,,8.0,,,,,,98183.20930232559
39257,,,0.6077033281326294,0.6696212291717529,0.001739158877171576,0.007352127693593502,-0.08817343413829803,98191.10638297872
39264,,,0.6106922626495361,0.6413024663925171,0.006089499220252037,0.03223638981580734,0.12940169870853424,98208.97872340426
39275,5.0,,,,,,,98237.06382978724
39276,,8.0,,,,,,98239.6170212766
39285,5.0,,,,,,,98262.59574468085
39286,,8.0,,,,,,98265.14893617021
39294,5.0,,,,,,,98285.5744680851
39295,,8.0,,,,,,98288.12765957447
39300,5.0,,,,,,,98300.89361702128
39301,,8.0,,,,,,98303.44680851063
39307,,,0.6349382996559143,0.7177813053131104,0.0013435077853500843,0.006258439272642136,0.06090882793068886,98313.5
39318,5.0,,,,,,,98341.0
39319,,8.0,,,,,,98343.5
39326,5.0,,,,,,,98361.0
39327,,8.0,,,,,,98363.5
39333,5.0,,,,,,,98378.5
39334,,8.0,,,,,,98381.0
39350,5.0,,,,,,,98421.0
39351,,8.0,,,,,,98423.5
39357,,,0.6030442714691162,0.6496425867080688,0.005643033422529697,0.016173236072063446,0.24558012187480927,98434.78048780488
39366,5.0,,,,,,,98461.12195121951
39367,,8.0,,,,,,98464.0487804878
39372,5.0,,,,,,,98478.68292682926
39373,,8.0,,,,,,98481.60975609756
39382,5.0,,,,,,,98507.9512195122
39383,,8.0,,,,,,98510.87804878049
39393,5.0,,,,,,,98540.14634146342
39394,,8.0,,,,,,98543.0731707317
39399,,,0.588593065738678,0.6307719945907593,0.006004051771014929,0.013225040398538113,0.38569900393486023,98551.85365853658
39408,5.0,,,,,,,98578.19512195123
39409,,8.0,,,,,,98581.12195121951
39417,5.0,,,,,,,98604.53658536586
39418,,8.0,,,,,,98607.46341463414
39429,5.0,,,,,,,98639.65853658537
39430,,8.0,,,,,,98642.58536585367
39436,5.0,,,,,,,98660.14634146342
39437,,8.0,,,,,,98663.0731707317
39442,,,0.6100063920021057,0.6765854954719543,-0.0008656653226353228,0.007231463212519884,0.007906065322458744,98670.70588235294
39454,5.0,,,,,,,98698.94117647059
39455,,8.0,,,,,,98701.29411764706
39464,5.0,,,,,,,98722.4705882353
39465,,8.0,,,,,,98724.82352941176
39479,5.0,,,,,,,98757.76470588235
39480,,8.0,,,,,,98760.11764705883
39489,5.0,,,,,,,98781.29411764706
39490,,8.0,,,,,,98783.64705882352
39494,,,0.5806517601013184,0.6552374362945557,-0.0002645748609211296,0.00112236721906811,0.07426942884922028,98788.60869565218
39496,,,0.5987085700035095,0.6586411595344543,-0.0006819695117883384,0.004030994139611721,0.08490719646215439,98793.82608695653
39506,5.0,,,,,,,98819.91304347826
39507,,8.0,,,,,,98822.52173913043
39513,5.0,,,,,,,98838.17391304347
39514,,8.0,,,,,,98840.78260869565
39523,5.0,,,,,,,98864.26086956522
39524,,8.0,,,,,,98866.86956521739
39537,5.0,,,,,,,98900.78260869565
39538,,8.0,,,,,,98903.39130434782
39542,,,0.6438478231430054,0.6680246591567993,0.005107991397380829,0.012790760956704617,0.004949984140694141,98908.55319148937
39555,5.0,,,,,,,98941.74468085106
39556,,8.0,,,,,,98944.29787234042
39562,5.0,,,,,,,98959.6170212766
39563,,8.0,,,,,,98962.17021276595
39574,5.0,,,,,,,98990.25531914894
39575,,8.0,,,,,,98992.8085106383
39586,5.0,,,,,,,99020.89361702128
39587,,8.0,,,,,,99023.44680851063
39594,,,0.6226035356521606,0.6918693780899048,0.0030722790397703648,0.011358329094946384,0.08906012773513794,99036.43478260869
39599,5.0,,,,,,,99049.47826086957
39600,,8.0,,,,,,99052.08695652174
39612,5.0,,,,,,,99083.39130434782
39613,,8.0,,,,,,99086.0
39622,5.0,,,,,,,99109.47826086957
39623,,8.0,,,,,,99112.08695652174
39634,5.0,,,,,,,99140.78260869565
39635,,8.0,,,,,,99143.39130434782
39640,,,0.6762358546257019,0.7146087884902954,0.00503963278606534,0.008173320442438126,0.565020740032196,99150.44444444444
39650,5.0,,,,,,,99172.66666666667
39651,,8.0,,,,,,99174.88888888889
39663,5.0,,,,,,,99201.55555555556
39664,,8.0,,,,,,99203.77777777778
39675,5.0,,,,,,,99228.22222222222
39676,,8.0,,,,,,99230.44444444444
39690,5.0,,,,,,,99261.55555555556
39691,,8.0,,,,,,99263.77777777778
39699,,,0.681630551815033,0.7437165975570679,0.006559437140822411,0.016010433435440063,0.5614413619041443,99281.0
39710,5.0,,,,,,,99314.0
39711,,8.0,,,,,,99317.0
39719,5.0,,,,,,,99341.0
39720,,8.0,,,,,,99344.0
39725,5.0,,,,,,,99359.0
39726,,8.0,,,,,,99362.0
39732,5.0,,,,,,,99380.0
39733,,8.0,,,,,,99383.0
39737,,,0.6452813148498535,0.678151547908783,0.001033770153298974,0.00553607102483511,0.6166636347770691,99388.14285714286
39740,,,0.6149828433990479,0.6561947464942932,0.00024222995853051543,0.004207826219499111,0.6078391075134277,99394.57142857143
39751,5.0,,,,,,,99418.14285714286
39752,,8.0,,,,,,99420.28571428571
39762,5.0,,,,,,,99441.71428571429
39763,,8.0,,,,,,99443.85714285714
39776,5.0,,,,,,,99471.71428571429
39777,,8.0,,,,,,99473.85714285714
39790,5.0,,,,,,,99501.71428571429
39791,,8.0,,,,,,99503.85714285714
39801,,,0.5951830744743347,0.6590941548347473,-0.000621259561739862,0.010824855417013168,0.4696987271308899,99525.53488372093
39812,5.0,,,,,,,99556.23255813954
39813,,8.0,,,,,,99559.02325581395
39819,5.0,,,,,,,99575.76744186046
39820,,8.0,,,,,,99578.55813953489
39828,5.0,,,,,,,99600.88372093023
39829,,8.0,,,,,,99603.67441860466
39835,5.0,,,,,,,99620.41860465116
39836,,8.0,,,,,,99623.20930232559
39845,,,0.6507682800292969,0.6927684545516968,0.010620590299367905,0.025390299037098885,0.4579230546951294,99643.14285714286
39853,5.0,,,,,,,99666.0
39854,,8.0,,,,,,99668.85714285714
39860,5.0,,,,,,,99686.0
39861,,8.0,,,,,,99688.85714285714
39867,5.0,,,,,,,99706.0
39868,,8.0,,,,,,99708.85714285714
39879,5.0,,,,,,,99740.28571428571
39880,,8.0,,,,,,99743.14285714286
39885,,,0.5820955634117126,0.6597287654876709,0.008168697357177734,0.019558416679501534,0.3360884487628937,99751.10638297872
39896,5.0,,,,,,,99779.1914893617
39897,,8.0,,,,,,99781.74468085106
39904,5.0,,,,,,,99799.6170212766
39905,,8.0,,,,,,99802.17021276595
39918,5.0,,,,,,,99835.36170212766
39919,,8.0,,,,,,99837.91489361702
39928,5.0,,,,,,,99860.89361702128
39929,,8.0,,,,,,99863.44680851063
39935,,,0.620127260684967,0.669842541217804,0.0005702076596207917,0.01827319525182247,0.36898720264434814,99874.0
39949,5.0,,,,,,,99911.33333333333
39950,,8.0,,,,,,99914.0
39960,5.0,,,,,,,99940.66666666667
39961,,8.0,,,,,,99943.33333333333
39967,5.0,,,,,,,99959.33333333333
39968,,8.0,,,,,,99962.0
39975,5.0,,,,,,,99980.66666666667
39976,,8.0,,,,,,99983.33333333333
39982,,,0.5988786816596985,0.6212314367294312,0.010655365884304047,0.033775802701711655,0.30968543887138367,99994.0
39983,,,0.5888594388961792,0.6340259313583374,0.002052413998171687,0.011568835936486721,0.18964369595050812,99996.66666666667
39995,5.0,,,,,,,100028.66666666667
39996,,8.0,,,,,,100031.33333333333
40003,5.0,,,,,,,100050.0
40004,,8.0,,,,,,100052.66666666667
40012,5.0,,,,,,,100074.0
40013,,8.0,,,,,,100076.66666666667
40022,5.0,,,,,,,100100.66666666667
40023,,8.0,,,,,,100103.33333333333
40030,,,0.584707498550415,0.6248460412025452,0.0011555227683857083,0.008300142362713814,0.06554598361253738,100116.0
40047,5.0,,,,,,,100158.5
40048,,8.0,,,,,,100161.0
40056,5.0,,,,,,,100181.0
40057,,8.0,,,,,,100183.5
40063,5.0,,,,,,,100198.5
40064,,8.0,,,,,,100201.0
40072,5.0,,,,,,,100221.0
40073,,8.0,,,,,,100223.5
40078,,,0.6340307593345642,0.6843014359474182,0.006573957856744528,0.01861361414194107,0.21199867129325867,100232.0
40091,5.0,,,,,,,100271.0
40092,,8.0,,,,,,100274.0
40100,5.0,,,,,,,100298.0
40101,,8.0,,,,,,100301.0
40107,5.0,,,,,,,100319.0
40108,,8.0,,,,,,100322.0
40114,5.0,,,,,,,100340.0
40115,,8.0,,,,,,100343.0
40119,,,0.6268981099128723,0.699030876159668,0.007735971827059984,0.013777661137282848,0.18049833178520203,100348.55319148937
40130,5.0,,,,,,,100376.63829787234
40131,,8.0,,,,,,100379.1914893617
40142,5.0,,,,,,,100407.27659574468
40143,,8.0,,,,,,100409.82978723405
40150,5.0,,,,,,,100427.70212765958
40151,,8.0,,,,,,100430.25531914894
40163,5.0,,,,,,,100460.89361702128
40164,,8.0,,,,,,100463.44680851063
40168,,,0.5967093706130981,0.6395639777183533,0.005278793163597584,0.010384797118604183,0.22044262290000916,100468.85714285714
40178,5.0,,,,,,,100497.42857142857
40179,,8.0,,,,,,100500.28571428571
40187,5.0,,,,,,,100523.14285714286
40188,,8.0,,,,,,100526.0
40197,5.0,,,,,,,100551.71428571429
40198,,8.0,,,,,,100554.57142857143
40207,5.0,,,,,,,100580.28571428571
40208,,8.0,,,,,,100583.14285714286
40213,,,0.5800526738166809,0.6420978903770447,0.006467010825872421,0.022490615025162697,0.28500834107398987,100591.85365853658
40216,,,0.5766628980636597,0.6449648141860962,0.005311605520546436,0.012468154542148113,0.16409632563591003,100600.63414634146
40223,5.0,,,,,,,100621.12195121951
40224,,8.0,,,,,,100624.0487804878
40232,5.0,,,,,,,100647.46341463414
40233,,8.0,,,,,,100650.39024390244
40244,5.0,,,,,,,100682.58536585367
40245,,8.0,,,,,,100685.51219512195
40250,5.0,,,,,,,100700.14634146342
40251,,8.0,,,,,,100703.0731707317
40258,,,0.6232132315635681,0.6645820736885071,-0.003367470810189843,0.01580008864402771,0.0893431156873703,100715.23076923077
40267,5.0,,,,,,,100736.0
40268,,8.0,,,,,,100738.30769230769
40281,5.0,,,,,,,100768.30769230769
40282,,8.0,,,,,,100770.61538461539
40296,5.0,,,,,,,100802.92307692308
40297,,8.0,,,,,,100805.23076923077
40304,5.0,,,,,,,100821.38461538461
40305,,8.0,,,,,,100823.69230769231
40309,,,0.6367749571800232,0.6788389682769775,-0.0005642062751576304,0.0019197440706193447,0.11055953800678253,100829.15789473684
40317,5.0,,,,,,,100854.42105263157
40318,,8.0,,,,,,100857.57894736843
40324,5.0,,,,,,,100876.52631578948
40325,,8.0,,,,,,100879.68421052632
40338,5.0,,,,,,,100920.73684210527
40339,,8.0,,,,,,100923.8947368421
40344,5.0,,,,,,,100939.68421052632
40345,,8.0,,,,,,100942.84210526316
40349,,,0.6134803891181946,0.6697277426719666,-0.00016982965462375432,0.007140882778912783,0.06177077069878578,100948.60869565218
40363,5.0,,,,,,,100985.13043478261
40364,,8.0,,,,,,100987.73913043478
40373,5.0,,,,,,,101011.21739130435
40374,,8.0,,,,,,101013.82608695653
40382,5.0,,,,,,,101034.69565217392
40383,,8.0,,,,,,101037.30434782608
40392,5.0,,,,,,,101060.78260869565
40393,,8.0,,,,,,101063.39130434782
40400,,,0.6366941332817078,0.6928754448890686,-0.0005559121491387486,0.007583554368466139,0.33646702766418457,101074.72727272728
40419,5.0,,,,,,,101116.18181818182
40420,,8.0,,,,,,101118.36363636363
40431,5.0,,,,,,,101142.36363636363
40432,,8.0,,,,,,101144.54545454546
40439,5.0,,,,,,,101159.81818181818
40440,,8.0,,,,,,101162.0
40449,5.0,,,,,,,101181.63636363637
40450,,8.0,,,,,,101183.81818181818
40454,,,0.5756313800811768,0.61970454454422,0.003238596487790346,0.00828117411583662,0.28433218598365784,101188.9268292683
40456,,,0.5403438806533813,0.6033661961555481,-0.0007482112850993872,0.0032198827248066664,0.2701931893825531,101194.78048780488
40462,5.0,,,,,,,101212.34146341463
40463,,8.0,,,,,,101215.26829268293
40472,5.0,,,,,,,101241.60975609756
40473,,8.0,,,,,,101244.53658536586
40481,5.0,,,,,,,101267.9512195122
40482,,8.0,,,,,,101270.87804878049
40492,5.0,,,,,,,101300.14634146342
40493,,8.0,,,,,,101303.0731707317
40501,,,0.5799756646156311,0.6537503004074097,0.0035691200755536556,0.007711935322731733,0.307718425989151,101321.38461538461
40508,5.0,,,,,,,101342.92307692308
40509,,8.0,,,,,,101346.0
40517,5.0,,,,,,,101370.61538461539
40518,,8.0,,,,,,101373.69230769231
40522,5.0,,,,,,,101386.0
40523,,8.0,,,,,,101389.07692307692
40533,5.0,,,,,,,101419.84615384616
40534,,8.0,,,,,,101422.92307692308
40540,,,0.5697147250175476,0.6137996315956116,0.004022019449621439,0.0166374109685421,0.297637939453125,101435.23076923077
40552,5.0,,,,,,,101472.15384615384
40553,,8.0,,,,,,101475.23076923077
40561,5.0,,,,,,,101499.84615384616
40562,,8.0,,,,,,101502.92307692308
40568,5.0,,,,,,,101521.38461538461
40569,,8.0,,,,,,101524.46153846153
40574,5.0,,,,,,,101539.84615384616
40575,,8.0,,,,,,101542.92307692308
40581,,,0.6320229172706604,0.6760129332542419,0.0009944925550371408,0.01244471874088049,0.20634524524211884,101555.72972972973
40585,5.0,,,,,,,101568.7027027027
40586,,8.0,,,,,,101571.94594594595
40592,5.0,,,,,,,101591.4054054054
40593,,8.0,,,,,,101594.64864864865
40598,5.0,,,,,,,101610.86486486487
40599,,8.0,,,,,,101614.1081081081
40613,5.0,,,,,,,101659.51351351352
40614,,8.0,,,,,,101662.75675675676
40618,,,0.5862264037132263,0.6369905471801758,0.005597362760454416,0.020328598096966743,0.10198221355676651,101668.60869565218
40629,5.0,,,,,,,101697.30434782608
40630,,8.0,,,,,,101699.91304347826
40645,5.0,,,,,,,101739.04347826086
40646,,8.0,,,,,,101741.65217391304
40657,5.0,,,,,,,101770.34782608696
40658,,8.0,,,,,,101772.95652173914
40661,5.0,,,,,,,101780.78260869565
40662,,8.0,,,,,,101783.39130434782
40666,,,0.5614372491836548,0.6396577954292297,0.0006368148024193943,0.004697452764958143,-0.031634651124477386,101788.4
40673,,,0.5540266036987305,0.6017701625823975,0.0014066469157114625,0.00615170132368803,-0.025490351021289825,101805.2
40681,5.0,,,,,,,101824.4
40682,,8.0,,,,,,101826.8
40694,5.0,,,,,,,101855.6
40695,,8.0,,,,,,101858.0
40705,5.0,,,,,,,101882.0
40706,,8.0,,,,,,101884.4
40713,5.0,,,,,,,101901.2
40714,,8.0,,,,,,101903.6
40722,,,0.5485392212867737,0.5982550978660583,0.004795459099113941,0.017913812771439552,0.11654500663280487,101919.33333333333
40731,5.0,,,,,,,101943.33333333333
40732,,8.0,,,,,,101946.0
40741,5.0,,,,,,,101970.0
40742,,8.0,,,,,,101972.66666666667
40753,5.0,,,,,,,102002.0
40754,,8.0,,,,,,102004.66666666667
40760,5.0,,,,,,,102020.66666666667
40761,,8.0,,,,,,102023.33333333333
40767,,,0.566710889339447,0.595173716545105,0.011422145180404186,0.024152424186468124,0.07910219579935074,102033.2
40779,5.0,,,,,,,102062.0
40780,,8.0,,,,,,102064.4
40787,5.0,,,,,,,102081.2
40788,,8.0,,,,,,102083.6
40799,5.0,,,,,,,102110.0
40800,,8.0,,,,,,102112.4
40812,5.0,,,,,,,102141.2
40813,,8.0,,,,,,102143.6
40818,,,0.5173977613449097,0.5741753578186035,0.0003864737809635699,0.007410371210426092,-0.043044693768024445,102151.0
40830,5.0,,,,,,,102181.0
40831,,8.0,,,,,,102183.5
40841,5.0,,,,,,,102208.5
40842,,8.0,,,,,,102211.0
40849,5.0,,,,,,,102228.5
40850,,8.0,,,,,,102231.0
40862,5.0,,,,,,,102261.0
40863,,8.0,,,,,,102263.5
40868,,,0.5885728001594543,0.6448063850402832,-0.001118793268688023,0.005819168407469988,0.053835783153772354,102271.58139534884
40881,5.0,,,,,,,102307.86046511628
40882,,8.0,,,,,,102310.6511627907
40889,5.0,,,,,,,102330.18604651163
40890,,8.0,,,,,,102332.97674418605
40897,5.0,,,,,,,102352.51162790698
40898,,8.0,,,,,,102355.30232558139
40907,5.0,,,,,,,102380.41860465116
40908,,8.0,,,,,,102383.20930232559
40912,,,0.5683896541595459,0.6212483048439026,0.014912606216967106,0.022780437022447586,0.21896031498908997,102389.75
40915,,,0.6147788763046265,0.6592016220092773,0.005278653930872679,0.012604541145265102,0.14129245281219482,102401.0
40920,5.0,,,,,,,102419.75
40921,,8.0,,,,,,102423.5
40928,5.0,,,,,,,102449.75
40929,,8.0,,,,,,102453.5
40936,5.0,,,,,,,102479.75
40937,,8.0,,,,,,102483.5
40941,5.0,,,,,,,102498.5
40942,,8.0,,,,,,102502.25
40949,,,0.5713270902633667,0.6304459571838379,0.004523663315922022,0.02015107125043869,0.36016276478767395,102516.66666666667
40956,5.0,,,,,,,102535.33333333333
40957,,8.0,,,,,,102538.0
40965,5.0,,,,,,,102559.33333333333
40966,,8.0,,,,,,102562.0
40977,5.0,,,,,,,102591.33333333333
40978,,8.0,,,,,,102594.0
40988,5.0,,,,,,,102620.66666666667
40989,,8.0,,,,,,102623.33333333333
40994,,,0.5718716382980347,0.6098411083221436,0.0014817649498581886,0.008586984127759933,0.251483291387558,102631.21739130435
41006,5.0,,,,,,,102662.52173913043
41007,,8.0,,,,,,102665.13043478261
41020,5.0,,,,,,,102699.04347826086
41021,,8.0,,,,,,102701.65217391304
41026,5.0,,,,,,,102714.69565217392
41027,,8.0,,,,,,102717.30434782608
41036,5.0,,,,,,,102740.78260869565
41037,,8.0,,,,,,102743.39130434782
41042,,,0.6154965758323669,0.6730876564979553,0.00041770757525227964,0.002609983319416642,0.13839666545391083,102751.33333333333
41051,5.0,,,,,,,102775.33333333333
41052,,8.0,,,,,,102778.0
41064,5.0,,,,,,,102810.0
41065,,8.0,,,,,,102812.66666666667
41073,5.0,,,,,,,102834.0
41074,,8.0,,,,,,102836.66666666667
41083,5.0,,,,,,,102860.66666666667
41084,,8.0,,,,,,102863.33333333333
41090,,,0.5992252826690674,0.6570780277252197,0.006653736811131239,0.012617724016308784,0.15766075253486633,102874.57142857143
41096,5.0,,,,,,,102891.71428571429
41097,,8.0,,,,,,102894.57142857143
41108,5.0,,,,,,,102926.0
41109,,8.0,,,,,,102928.85714285714
41118,5.0,,,,,,,102954.57142857143
41119,,8.0,,,,,,102957.42857142857
41127,5.0,,,,,,,102980.28571428571
41128,,8.0,,,,,,102983.14285714286
41133,,,0.611365020275116,0.6757696270942688,0.00768282962962985,0.024601997807621956,0.060489218682050705,102990.89795918367
41135,,,0.6177377104759216,0.6708658933639526,-0.00045037473319098353,0.004117351025342941,-0.07904664427042007,102995.79591836735
41144,5.0,,,,,,,103017.83673469388
41145,,8.0,,,,,,103020.28571428571
41153,5.0,,,,,,,103039.87755102041
41154,,8.0,,,,,,103042.32653061225
41165,5.0,,,,,,,103069.26530612246
41166,,8.0,,,,,,103071.71428571429
41178,5.0,,,,,,,103101.10204081633
41179,,8.0,,,,,,103103.55102040817
41186,,,0.6945482492446899,0.7369352579116821,0.005284926388412714,0.011569888330996037,-0.06991653889417648,103116.43478260869
41192,5.0,,,,,,,103132.08695652174
41193,,8.0,,,,,,103134.69565217392
41204,5.0,,,,,,,103163.39130434782
41205,,8.0,,,,,,103166.0
41216,5.0,,,,,,,103194.69565217392
41217,,8.0,,,,,,103197.30434782608
41226,5.0,,,,,,,103220.78260869565
41227,,8.0,,,,,,103223.39130434782
41235,,,0.8700096011161804,0.8979954123497009,0.016843779012560844,0.07455898821353912,0.8305426836013794,103241.38461538461
41242,5.0,,,,,,,103262.92307692308
41243,,8.0,,,,,,103266.0
41252,5.0,,,,,,,103293.69230769231
41253,,8.0,,,,,,103296.76923076923
41261,5.0,,,,,,,103321.38461538461
41262,,8.0,,,,,,103324.46153846153
41267,5.0,,,,,,,103339.84615384616
41268,,8.0,,,,,,103342.92307692308
41275,,,0.6809923052787781,0.7108303308486938,0.0018151650438085198,0.015759658068418503,0.24597017467021942,103356.0
41283,5.0,,,,,,,103376.0
41284,,8.0,,,,,,103378.5
41293,5.0,,,,,,,103401.0
41294,,8.0,,,,,,103403.5
41302,5.0,,,,,,,103423.5
41303,,8.0,,,,,,103426.0
41317,5.0,,,,,,,103461.0
41318,,8.0,,,,,,103463.5
41323,,,0.6273735165596008,0.6739280223846436,0.0049830409698188305,0.015395165421068668,0.2579360902309418,103472.48648648648
41332,5.0,,,,,,,103501.67567567568
41333,,8.0,,,,,,103504.91891891892
41338,5.0,,,,,,,103521.13513513513
41339,,8.0,,,,,,103524.37837837837
41346,5.0,,,,,,,103547.08108108108
41347,,8.0,,,,,,103550.32432432432
41356,5.0,,,,,,,103579.51351351352
41357,,8.0,,,,,,103582.75675675676
41361,,,0.5821945667266846,0.6332588195800781,0.0010331985540688038,0.01000434160232544,0.27408885955810547,103588.9268292683
41364,,,0.5667794346809387,0.6648390293121338,7.576495409011841e-05,0.006802717689424753,0.2356201559305191,103597.70731707317
41373,5.0,,,,,,,103624.0487804878
41374,,8.0,,,,,,103626.9756097561
41381,5.0,,,,,,,103647.46341463414
41382,,8.0,,,,,,103650.39024390244
41393,5.0,,,,,,,103682.58536585367
41394,,8.0,,,,,,103685.51219512195
41399,5.0,,,,,,,103700.14634146342
41400,,8.0,,,,,,103703.0731707317
41410,,,0.5861154794692993,0.6352920532226562,6.371337804012e-05,0.013272973708808422,0.19354347884655,103726.0
41418,5.0,,,,,,,103748.85714285714
41419,,8.0,,,,,,103751.71428571429
41424,5.0,,,,,,,103766.0
41425,,8.0,,,,,,103768.85714285714
41434,5.0,,,,,,,103794.57142857143
41435,,8.0,,,,,,103797.42857142857
41443,5.0,,,,,,,103820.28571428571
41444,,8.0,,,,,,103823.14285714286
41451,,,0.5816556811332703,0.617714524269104,0.0003736470243893564,0.005961752030998468,0.07670684903860092,103837.42857142857
41459,5.0,,,,,,,103860.28571428571
41460,,8.0,,,,,,103863.14285714286
41469,5.0,,,,,,,103888.85714285714
41470,,8.0,,,,,,103891.71428571429
41478,5.0,,,,,,,103914.57142857143
41479,,8.0,,,,,,103917.42857142857
41487,5.0,,,,,,,103940.28571428571
41488,,8.0,,,,,,103943.14285714286
41493,,,0.5948237776756287,0.6741519570350647,0.00015284294204320759,0.0007971394225023687,0.07711945474147797,103951.45454545454
41503,5.0,,,,,,,103978.72727272728
41504,,8.0,,,,,,103981.45454545454
41513,5.0,,,,,,,104006.0
41514,,8.0,,,,,,104008.72727272728
41525,5.0,,,,,,,104038.72727272728
41526,,8.0,,,,,,104041.45454545454
41533,5.0,,,,,,,104060.54545454546
41534,,8.0,,,,,,104063.27272727272
41538,,,0.5470234155654907,0.6232395768165588,-2.486241100996267e-05,0.0017695741262286901,0.14153973758220673,104069.0
41544,5.0,,,,,,,104087.0
41545,,8.0,,,,,,104090.0
41552,5.0,,,,,,,104111.0
41553,,8.0,,,,,,104114.0
41563,5.0,,,,,,,104144.0
41564,,8.0,,,,,,104147.0
41575,5.0,,,,,,,104180.0
41576,,8.0,,,,,,104183.0
41580,,,0.6132352352142334,0.6542103886604309,0.0016613482730463147,0.009261311031877995,0.10657640546560287,104188.72727272728
41583,,,0.5688596367835999,0.6392488479614258,0.013344802893698215,0.0321219377219677,0.2766590714454651,104196.90909090909
41593,5.0,,,,,,,104224.18181818182
41594,,8.0,,,,,,104226.90909090909
41603,5.0,,,,,,,104251.45454545454
41604,,8.0,,,,,,104254.18181818182
41613,5.0,,,,,,,104278.72727272728
41614,,8.0,,,,,,104281.45454545454
41621,5.0,,,,,,,104300.54545454546
41622,,8.0,,,,,,104303.27272727272
41629,,,0.5882523059844971,0.6121333837509155,0.00678714644163847,0.01958412677049637,0.10702072829008102,104315.41176470589
41636,5.0,,,,,,,104331.88235294117
41637,,8.0,,,,,,104334.23529411765
41649,5.0,,,,,,,104362.4705882353
41650,,8.0,,,,,,104364.82352941176
41662,5.0,,,,,,,104393.05882352941
41663,,8.0,,,,,,104395.41176470589
41674,5.0,,,,,,,104421.29411764706
41675,,8.0,,,,,,104423.64705882352
41681,,,0.5489932298660278,0.5922969579696655,0.007404664997011423,0.012077506631612778,0.18646672368049622,104433.65957446808
41692,5.0,,,,,,,104461.74468085106
41693,,8.0,,,,,,104464.29787234042
41701,5.0,,,,,,,104484.72340425532
41702,,8.0,,,,,,104487.27659574468
41712,5.0,,,,,,,104512.8085106383
41713,,8.0,,,,,,104515.36170212766
41723,5.0,,,,,,,104540.89361702128
41724,,8.0,,,,,,104543.44680851063
41730,,,0.5714902877807617,0.6516602635383606,0.0067320712842047215,0.033760916441679,0.38753506541252136,104553.3469387755
41745,5.0,,,,,,,104590.08163265306
41746,,8.0,,,,,,104592.5306122449
41755,5.0,,,,,,,104614.57142857143
41756,,8.0,,,,,,104617.02040816327
41762,5.0,,,,,,,104631.71428571429
41763,,8.0,,,,,,104634.16326530612
41774,5.0,,,,,,,104661.10204081633
41775,,8.0,,,,,,104663.55102040817
41779,,,0.5769612789154053,0.6276186108589172,-0.0005547588807530701,0.014777490869164467,0.07036672532558441,104668.55319148937
41791,5.0,,,,,,,104699.1914893617
41792,,8.0,,,,,,104701.74468085106
41803,5.0,,,,,,,104729.82978723405
41804,,8.0,,,,,,104732.3829787234
41812,5.0,,,,,,,104752.8085106383
41813,,8.0,,,,,,104755.36170212766
41823,5.0,,,,,,,104780.89361702128
41824,,8.0,,,,,,104783.44680851063
41831,,,0.5894723534584045,0.6288771033287048,-0.001417658757418394,0.011173742823302746,0.0978599563241005,104795.05660377358
41837,,,0.5969895124435425,0.6350504159927368,0.003648351412266493,0.013517552986741066,0.08906836807727814,104808.64150943396
41845,5.0,,,,,,,104826.75471698113
41846,,8.0,,,,,,104829.01886792453
41855,5.0,,,,,,,104849.39622641509
41856,,8.0,,,,,,104851.6603773585
41864,5.0,,,,,,,104869.77358490566
41865,,8.0,,,,,,104872.03773584905
41878,5.0,,,,,,,104901.47169811321
41879,,8.0,,,,,,104903.7358490566
