_step,Agent/Lagrangian,Lag/mean_cost,Diag/tv_post_prior,Diag/tv_post_prior_max_agent,Diag/bv_signed,Diag/bv_abs,Diag/v_post,steps
36,,,0.9989519119262695,0.9996007680892944,-0.058222249150276184,0.10967466980218887,0.08342767506837845,413.57142857142856
45,5.0,,,,,,,428.35714285714283
46,,8.0,,,,,,430.0
55,5.0,,,,,,,444.7857142857143
56,,8.0,,,,,,446.42857142857144
63,5.0,,,,,,,457.92857142857144
64,,8.0,,,,,,459.57142857142856
72,5.0,,,,,,,472.7142857142857
73,,8.0,,,,,,474.3571428571429
83,,,0.9782220125198364,0.9887173175811768,-0.00021948725043330342,0.0071506681852042675,4.879608631134033,480.72093023255815
91,5.0,,,,,,,486.1162790697674
92,,8.0,,,,,,486.7906976744186
98,5.0,,,,,,,490.83720930232556
99,,8.0,,,,,,491.51162790697674
111,5.0,,,,,,,499.6046511627907
112,,8.0,,,,,,500.27906976744185
117,5.0,,,,,,,503.6511627906977
118,,8.0,,,,,,504.3255813953488
126,,,0.6570607423782349,0.7574078440666199,-0.02845330722630024,0.17821505665779114,4.188731670379639,518.452380952381
134,5.0,,,,,,,539.9761904761905
135,,8.0,,,,,,542.6666666666666
144,5.0,,,,,,,566.8809523809524
145,,8.0,,,,,,569.5714285714286
152,5.0,,,,,,,588.4047619047619
153,,8.0,,,,,,591.0952380952381
161,5.0,,,,,,,612.6190476190476
162,,8.0,,,,,,615.3095238095239
166,,,0.63149493932724,0.7348234057426453,-0.08171761780977249,0.2200365662574768,6.88895320892334,618.7142857142857
176,5.0,,,,,,,625.8571428571429
177,,8.0,,,,,,626.5714285714286
188,5.0,,,,,,,634.4285714285714
189,,8.0,,,,,,635.1428571428571
198,5.0,,,,,,,641.5714285714286
199,,8.0,,,,,,642.2857142857143
205,5.0,,,,,,,646.5714285714286
206,,8.0,,,,,,647.2857142857143
210,,,0.5404283404350281,0.6957474946975708,-0.02224692702293396,0.49585068225860596,8.299662590026855,648.6274509803922
214,,,0.4712069034576416,0.6023913025856018,-0.12325030565261841,0.5113300085067749,8.118108749389648,651.1372549019608
222,5.0,,,,,,,656.156862745098
223,,8.0,,,,,,656.7843137254902
231,5.0,,,,,,,661.8039215686274
232,,8.0,,,,,,662.4313725490196
248,5.0,,,,,,,672.4705882352941
249,,8.0,,,,,,673.0980392156863
258,5.0,,,,,,,678.7450980392157
259,,8.0,,,,,,679.3725490196078
264,,,0.46898484230041504,0.5383993983268738,-0.3112766742706299,0.529158890247345,6.821081161499023,681.4285714285714
271,5.0,,,,,,,686.4285714285714
272,,8.0,,,,,,687.1428571428571
280,5.0,,,,,,,692.8571428571429
281,,8.0,,,,,,693.5714285714286
291,5.0,,,,,,,700.7142857142857
292,,8.0,,,,,,701.4285714285714
302,5.0,,,,,,,708.5714285714286
303,,8.0,,,,,,709.2857142857143
310,,,0.5246667861938477,0.5929344296455383,0.021995438262820244,0.20381319522857666,4.708923816680908,712.3829787234042
317,5.0,,,,,,,716.5531914893617
318,,8.0,,,,,,717.1489361702128
333,5.0,,,,,,,726.0851063829787
334,,8.0,,,,,,726.6808510638298
343,5.0,,,,,,,732.0425531914893
344,,8.0,,,,,,732.6382978723404
351,5.0,,,,,,,736.8085106382979
352,,8.0,,,,,,737.4042553191489
357,,,0.47712767124176025,0.6227626204490662,-0.024342432618141174,0.17930811643600464,2.881263256072998,738.8846153846154
369,5.0,,,,,,,744.1923076923077
370,,8.0,,,,,,744.6346153846154
384,5.0,,,,,,,750.8269230769231
385,,8.0,,,,,,751.2692307692307
395,5.0,,,,,,,755.6923076923077
396,,8.0,,,,,,756.1346153846154
405,5.0,,,,,,,760.1153846153846
406,,8.0,,,,,,760.5576923076923
410,,,0.5579125285148621,0.6655470728874207,-0.003002581186592579,0.21244168281555176,2.2322282791137695,761.8717948717949
418,5.0,,,,,,,768.8461538461538
419,,8.0,,,,,,769.7179487179487
429,5.0,,,,,,,778.4358974358975
430,,8.0,,,,,,779.3076923076923
440,5.0,,,,,,,788.025641025641
441,,8.0,,,,,,788.8974358974359
446,5.0,,,,,,,793.2564102564103
447,,8.0,,,,,,794.1282051282051
451,,,0.5375978946685791,0.6661543846130371,-0.01918368972837925,0.2783964276313782,1.4384506940841675,795.5777777777778
455,,,0.5270593166351318,0.6154265999794006,0.012426583096385002,0.26895034313201904,1.3410073518753052,797.8888888888889
467,5.0,,,,,,,804.8222222222222
468,,8.0,,,,,,805.4
476,5.0,,,,,,,810.0222222222222
477,,8.0,,,,,,810.6
482,5.0,,,,,,,813.4888888888889
483,,8.0,,,,,,814.0666666666667
493,5.0,,,,,,,819.8444444444444
494,,8.0,,,,,,820.4222222222222
501,,,0.4614272713661194,0.6051467657089233,-0.05216485634446144,0.22516749799251556,1.5486491918563843,822.8181818181819
511,5.0,,,,,,,827.3636363636364
512,,8.0,,,,,,827.8181818181819
519,5.0,,,,,,,831.0
520,,8.0,,,,,,831.4545454545455
528,5.0,,,,,,,835.0909090909091
529,,8.0,,,,,,835.5454545454545
539,5.0,,,,,,,840.0909090909091
540,,8.0,,,,,,840.5454545454545
545,,,0.5035082697868347,0.6301559805870056,-0.06061655282974243,0.202870175242424,4.307438850402832,842.0243902439024
554,5.0,,,,,,,846.6341463414634
555,,8.0,,,,,,847.1463414634146
564,5.0,,,,,,,851.7560975609756
565,,8.0,,,,,,852.2682926829268
573,5.0,,,,,,,856.3658536585366
574,,8.0,,,,,,856.8780487804878
582,5.0,,,,,,,860.9756097560976
583,,8.0,,,,,,861.4878048780488
587,,,0.510677695274353,0.5958290100097656,0.011659483425319195,0.2012609839439392,2.3711795806884766,862.6216216216217
595,5.0,,,,,,,867.5945945945946
596,,8.0,,,,,,868.2162162162163
606,5.0,,,,,,,874.4324324324324
607,,8.0,,,,,,875.0540540540541
615,5.0,,,,,,,880.027027027027
616,,8.0,,,,,,880.6486486486486
621,5.0,,,,,,,883.7567567567568
622,,8.0,,,,,,884.3783783783783
628,,,0.5319268107414246,0.5762242674827576,-0.006682919338345528,0.12497488409280777,4.637640953063965,886.6530612244898
644,5.0,,,,,,,895.469387755102
645,,8.0,,,,,,896.0204081632653
653,5.0,,,,,,,900.4285714285714
654,,8.0,,,,,,900.9795918367347
664,5.0,,,,,,,906.4897959183673
665,,8.0,,,,,,907.0408163265306
672,5.0,,,,,,,910.8979591836735
673,,8.0,,,,,,911.4489795918367
678,,,0.5514318346977234,0.596920371055603,0.04813627898693085,0.1358703076839447,3.227844476699829,912.8333333333334
683,,,0.49311235547065735,0.5438568592071533,-0.02154983952641487,0.11735831946134567,2.6736745834350586,914.9166666666666
692,5.0,,,,,,,918.6666666666666
693,,8.0,,,,,,919.0833333333334
701,5.0,,,,,,,922.4166666666666
702,,8.0,,,,,,922.8333333333334
711,5.0,,,,,,,926.5833333333334
712,,8.0,,,,,,927.0
722,5.0,,,,,,,931.1666666666666
723,,8.0,,,,,,931.5833333333334
729,,,0.46745678782463074,0.5726197957992554,0.010595659725368023,0.13378217816352844,2.497312068939209,933.3888888888889
740,5.0,,,,,,,938.4814814814815
741,,8.0,,,,,,938.9444444444445
751,5.0,,,,,,,943.574074074074
752,,8.0,,,,,,944.0370370370371
764,5.0,,,,,,,949.5925925925926
765,,8.0,,,,,,950.0555555555555
778,5.0,,,,,,,956.074074074074
779,,8.0,,,,,,956.5370370370371
786,,,0.49335628747940063,0.5609381198883057,-0.015540788881480694,0.1187451034784317,3.7801337242126465,959.0909090909091
792,5.0,,,,,,,962.2272727272727
793,,8.0,,,,,,962.75
806,5.0,,,,,,,969.5454545454545
807,,8.0,,,,,,970.0681818181819
818,5.0,,,,,,,975.8181818181819
819,,8.0,,,,,,976.3409090909091
824,5.0,,,,,,,978.9545454545455
825,,8.0,,,,,,979.4772727272727
830,,,0.4773501455783844,0.5811478495597839,0.04058441147208214,0.14972041547298431,2.1298444271087646,980.9777777777778
837,5.0,,,,,,,984.4
838,,8.0,,,,,,984.8888888888889
846,5.0,,,,,,,988.8
847,,8.0,,,,,,989.2888888888889
859,5.0,,,,,,,995.1555555555556
860,,8.0,,,,,,995.6444444444444
871,5.0,,,,,,,1001.0222222222222
872,,8.0,,,,,,1001.5111111111111
878,,,0.5284621119499207,0.5994902849197388,0.024520713835954666,0.18786294758319855,1.786300539970398,1003.2765957446809
891,5.0,,,,,,,1008.8085106382979
892,,8.0,,,,,,1009.2340425531914
898,5.0,,,,,,,1011.7872340425532
899,,8.0,,,,,,1012.2127659574468
908,5.0,,,,,,,1016.0425531914893
909,,8.0,,,,,,1016.468085106383
920,5.0,,,,,,,1021.1489361702128
921,,8.0,,,,,,1021.5744680851063
925,,,0.5490186810493469,0.6128643155097961,-0.005802753381431103,0.15898321568965912,2.352020740509033,1022.5294117647059
931,,,0.5485858917236328,0.5787777900695801,0.04166737198829651,0.1668294221162796,2.4430980682373047,1025.7058823529412
943,5.0,,,,,,,1032.0588235294117
944,,8.0,,,,,,1032.5882352941176
954,5.0,,,,,,,1037.8823529411766
955,,8.0,,,,,,1038.4117647058824
964,5.0,,,,,,,1043.1764705882354
965,,8.0,,,,,,1043.7058823529412
973,5.0,,,,,,,1047.9411764705883
974,,8.0,,,,,,1048.4705882352941
978,,,0.5804488062858582,0.6653209328651428,0.07355938106775284,0.19800472259521484,1.004716396331787,1049.8947368421052
988,5.0,,,,,,,1058.842105263158
989,,8.0,,,,,,1059.7368421052631
995,5.0,,,,,,,1065.1052631578948
996,,8.0,,,,,,1066.0
1005,5.0,,,,,,,1074.0526315789473
1006,,8.0,,,,,,1074.9473684210527
1013,5.0,,,,,,,1081.2105263157894
1014,,8.0,,,,,,1082.1052631578948
1021,,,0.5044863820075989,0.5582919120788574,0.0496227964758873,0.12729881703853607,0.8637426495552063,1085.723404255319
1030,5.0,,,,,,,1091.8510638297873
1031,,8.0,,,,,,1092.531914893617
1037,5.0,,,,,,,1096.6170212765958
1038,,8.0,,,,,,1097.2978723404256
1056,5.0,,,,,,,1109.5531914893618
1057,,8.0,,,,,,1110.2340425531916
1062,5.0,,,,,,,1113.6382978723404
1063,,8.0,,,,,,1114.3191489361702
1068,,,0.5196069478988647,0.6339854598045349,0.028335390612483025,0.1687633991241455,-0.07078809291124344,1116.5294117647059
1084,5.0,,,,,,,1128.764705882353
1085,,8.0,,,,,,1129.5294117647059
1093,5.0,,,,,,,1135.6470588235295
1094,,8.0,,,,,,1136.4117647058824
1101,5.0,,,,,,,1141.764705882353
1102,,8.0,,,,,,1142.5294117647059
1115,5.0,,,,,,,1152.4705882352941
1116,,8.0,,,,,,1153.235294117647
1120,,,0.5212509632110596,0.6149512529373169,0.0156526081264019,0.17926767468452454,-0.8941586017608643,1156.608695652174
1129,5.0,,,,,,,1180.0869565217392
1130,,8.0,,,,,,1182.695652173913
1142,5.0,,,,,,,1214.0
1143,,8.0,,,,,,1216.608695652174
1151,5.0,,,,,,,1237.4782608695652
1152,,8.0,,,,,,1240.086956521739
1163,5.0,,,,,,,1268.7826086956522
1164,,8.0,,,,,,1271.391304347826
1168,,,0.5067490339279175,0.5746524333953857,0.000341245555318892,0.1659744530916214,0.1104222983121872,1274.6458333333333
1172,,,0.5295174717903137,0.5840945243835449,0.01912323571741581,0.19412767887115479,0.3267156481742859,1277.2291666666667
1187,5.0,,,,,,,1286.9166666666667
1188,,8.0,,,,,,1287.5625
1196,5.0,,,,,,,1292.7291666666667
1197,,8.0,,,,,,1293.375
1206,5.0,,,,,,,1299.1875
1207,,8.0,,,,,,1299.8333333333333
1213,5.0,,,,,,,1303.7083333333333
1214,,8.0,,,,,,1304.3541666666667
1221,,,0.46378859877586365,0.5361430644989014,0.03344539552927017,0.1677180379629135,-0.28400030732154846,1308.0526315789473
1229,5.0,,,,,,,1314.157894736842
1230,,8.0,,,,,,1314.921052631579
1235,5.0,,,,,,,1318.7368421052631
1236,,8.0,,,,,,1319.5
1244,5.0,,,,,,,1325.6052631578948
1245,,8.0,,,,,,1326.3684210526317
1253,5.0,,,,,,,1332.4736842105262
1254,,8.0,,,,,,1333.2368421052631
1258,,,0.515920877456665,0.5880827903747559,0.045817214995622635,0.14349330961704254,1.2546404600143433,1334.878048780488
1266,5.0,,,,,,,1341.9024390243903
1267,,8.0,,,,,,1342.780487804878
1278,5.0,,,,,,,1352.439024390244
1279,,8.0,,,,,,1353.3170731707316
1288,5.0,,,,,,,1361.219512195122
1289,,8.0,,,,,,1362.0975609756097
1296,5.0,,,,,,,1368.2439024390244
1297,,8.0,,,,,,1369.121951219512
1301,,,0.5042279958724976,0.5783538222312927,0.01980995014309883,0.14297741651535034,1.510935664176941,1370.7551020408164
1311,5.0,,,,,,,1378.3061224489795
1312,,8.0,,,,,,1379.061224489796
1321,5.0,,,,,,,1385.857142857143
1322,,8.0,,,,,,1386.6122448979593
1332,5.0,,,,,,,1394.1632653061224
1333,,8.0,,,,,,1394.9183673469388
1347,5.0,,,,,,,1405.4897959183672
1348,,8.0,,,,,,1406.2448979591836
1355,,,0.553777277469635,0.5976747870445251,-0.0180604737251997,0.15816260874271393,1.7885538339614868,1415.421052631579
1368,5.0,,,,,,,1442.7894736842106
1369,,8.0,,,,,,1444.8947368421052
1376,5.0,,,,,,,1459.6315789473683
1377,,8.0,,,,,,1461.7368421052631
1390,5.0,,,,,,,1489.1052631578948
1391,,8.0,,,,,,1491.2105263157894
1406,5.0,,,,,,,1522.7894736842104
1407,,8.0,,,,,,1524.8947368421052
1413,,,0.4971165955066681,0.5933237075805664,-0.07345723360776901,0.16915686428546906,1.262611985206604,1533.1016949152543
1416,,,0.4805719256401062,0.5281035900115967,0.07674668729305267,0.16806527972221375,0.9610723257064819,1539.2033898305085
1425,5.0,,,,,,,1557.5084745762713
1426,,8.0,,,,,,1559.542372881356
1436,5.0,,,,,,,1579.8813559322034
1437,,8.0,,,,,,1581.915254237288
1453,5.0,,,,,,,1614.457627118644
1454,,8.0,,,,,,1616.4915254237287
1467,5.0,,,,,,,1642.9322033898304
1468,,8.0,,,,,,1644.9661016949153
1473,,,0.5258677005767822,0.6060788631439209,0.002737541450187564,0.11315274238586426,-0.35118064284324646,1652.4545454545455
1485,5.0,,,,,,,1685.1818181818182
1486,,8.0,,,,,,1687.909090909091
1494,5.0,,,,,,,1709.7272727272727
1495,,8.0,,,,,,1712.4545454545455
1503,5.0,,,,,,,1734.2727272727273
1504,,8.0,,,,,,1737.0
1513,5.0,,,,,,,1761.5454545454545
1514,,8.0,,,,,,1764.2727272727273
1523,,,0.4713136851787567,0.5381116271018982,-0.0008285496733151376,0.14683711528778076,0.6345169544219971,1783.3636363636363
1529,5.0,,,,,,,1799.7272727272727
1530,,8.0,,,,,,1802.4545454545455
1540,5.0,,,,,,,1829.7272727272727
1541,,8.0,,,,,,1832.4545454545455
1550,5.0,,,,,,,1857.0
1551,,8.0,,,,,,1859.7272727272727
1559,5.0,,,,,,,1881.5454545454545
1560,,8.0,,,,,,1884.2727272727273
1565,,,0.5621467232704163,0.6670941710472107,0.0020671698730438948,0.10397277027368546,1.5662645101547241,1892.5813953488373
1575,5.0,,,,,,,1920.4883720930234
1576,,8.0,,,,,,1923.2790697674418
1584,5.0,,,,,,,1945.6046511627908
1585,,8.0,,,,,,1948.3953488372092
1593,5.0,,,,,,,1970.7209302325582
1594,,8.0,,,,,,1973.5116279069766
1604,5.0,,,,,,,2001.4186046511627
1605,,8.0,,,,,,2004.2093023255813
1609,,,0.5203575491905212,0.6288787126541138,0.02483275718986988,0.10245693475008011,1.6747937202453613,2009.5531914893618
1621,5.0,,,,,,,2040.1914893617022
1622,,8.0,,,,,,2042.7446808510638
1630,5.0,,,,,,,2063.1702127659573
1631,,8.0,,,,,,2065.723404255319
1640,5.0,,,,,,,2088.7021276595747
1641,,8.0,,,,,,2091.255319148936
1653,5.0,,,,,,,2121.8936170212764
1654,,8.0,,,,,,2124.446808510638
1658,,,0.5092936158180237,0.6430697441101074,0.020226934924721718,0.11346283555030823,1.2468979358673096,2129.608695652174
1660,,,0.4675002694129944,0.5603585243225098,0.029841894283890724,0.1002863422036171,1.1618061065673828,2134.8260869565215
1673,5.0,,,,,,,2168.7391304347825
1674,,8.0,,,,,,2171.3478260869565
1682,5.0,,,,,,,2192.217391304348
1683,,8.0,,,,,,2194.8260869565215
1692,5.0,,,,,,,2218.304347826087
1693,,8.0,,,,,,2220.913043478261
1701,5.0,,,,,,,2241.782608695652
1702,,8.0,,,,,,2244.391304347826
1707,,,0.45344531536102295,0.5406743884086609,0.020265543833374977,0.11958421766757965,0.48885685205459595,2252.5813953488373
1715,5.0,,,,,,,2274.906976744186
1716,,8.0,,,,,,2277.6976744186045
1727,5.0,,,,,,,2308.3953488372094
1728,,8.0,,,,,,2311.186046511628
1741,5.0,,,,,,,2347.4651162790697
1742,,8.0,,,,,,2350.2558139534885
1746,5.0,,,,,,,2361.4186046511627
1747,,8.0,,,,,,2364.2093023255816
1753,,,0.44561418890953064,0.532353401184082,0.036126334220170975,0.0842517539858818,1.3615261316299438,2375.3720930232557
1761,5.0,,,,,,,2397.6976744186045
1762,,8.0,,,,,,2400.4883720930234
1772,5.0,,,,,,,2428.3953488372094
1773,,8.0,,,,,,2431.186046511628
1784,5.0,,,,,,,2461.8837209302324
1785,,8.0,,,,,,2464.6744186046512
1791,5.0,,,,,,,2481.4186046511627
1792,,8.0,,,,,,2484.2093023255816
1798,,,0.48043155670166016,0.5604214668273926,0.03075592778623104,0.148347869515419,1.855433702468872,2496.4736842105262
1806,5.0,,,,,,,2521.7368421052633
1807,,8.0,,,,,,2524.8947368421054
1814,5.0,,,,,,,2547.0
1815,,8.0,,,,,,2550.157894736842
1820,5.0,,,,,,,2565.9473684210525
1821,,8.0,,,,,,2569.1052631578946
1831,5.0,,,,,,,2600.684210526316
1832,,8.0,,,,,,2603.842105263158
1837,,,0.46775761246681213,0.5479927659034729,0.015675198286771774,0.10934758186340332,1.0059542655944824,2610.9545454545455
1848,5.0,,,,,,,2632.7045454545455
1849,,8.0,,,,,,2634.681818181818
1859,5.0,,,,,,,2654.4545454545455
1860,,8.0,,,,,,2656.431818181818
1866,5.0,,,,,,,2668.2954545454545
1867,,8.0,,,,,,2670.2727272727275
1877,5.0,,,,,,,2690.0454545454545
1878,,8.0,,,,,,2692.0227272727275
1882,,,0.6611888408660889,0.7119042873382568,-0.04925587400794029,0.17617028951644897,1.8020856380462646,2696.3529411764707
1886,,,0.5015518069267273,0.5576156377792358,0.022821051999926567,0.11664062738418579,1.8879196643829346,2705.764705882353
1895,5.0,,,,,,,2726.9411764705883
1896,,8.0,,,,,,2729.294117647059
1905,5.0,,,,,,,2750.470588235294
1906,,8.0,,,,,,2752.823529411765
1914,5.0,,,,,,,2771.6470588235293
1915,,8.0,,,,,,2774.0
1930,5.0,,,,,,,2809.294117647059
1931,,8.0,,,,,,2811.6470588235293
1939,,,0.517388105392456,0.5984708070755005,0.029701199382543564,0.09192922711372375,1.465564250946045,2825.764705882353
1949,5.0,,,,,,,2849.294117647059
1950,,8.0,,,,,,2851.6470588235293
1957,5.0,,,,,,,2868.1176470588234
1958,,8.0,,,,,,2870.470588235294
1969,5.0,,,,,,,2896.3529411764707
1970,,8.0,,,,,,2898.705882352941
1983,5.0,,,,,,,2929.294117647059
1984,,8.0,,,,,,2931.6470588235293
1989,,,0.4845883250236511,0.5298317670822144,-0.018998371437191963,0.09582630544900894,1.1754369735717773,2939.1063829787236
2000,5.0,,,,,,,2967.191489361702
2001,,8.0,,,,,,2969.744680851064
2009,5.0,,,,,,,2990.1702127659573
2010,,8.0,,,,,,2992.723404255319
2022,5.0,,,,,,,3023.3617021276596
2023,,8.0,,,,,,3025.9148936170213
2032,5.0,,,,,,,3048.8936170212764
2033,,8.0,,,,,,3051.446808510638
2039,,,0.4828168749809265,0.5745062828063965,0.028463704511523247,0.0942026823759079,0.7366987466812134,3060.315789473684
2048,5.0,,,,,,,3079.2631578947367
2049,,8.0,,,,,,3081.3684210526317
2061,5.0,,,,,,,3106.6315789473683
2062,,8.0,,,,,,3108.7368421052633
2075,5.0,,,,,,,3136.1052631578946
2076,,8.0,,,,,,3138.2105263157896
2091,5.0,,,,,,,3169.7894736842104
2092,,8.0,,,,,,3171.8947368421054
2097,,,0.542356550693512,0.6272488832473755,0.02003408595919609,0.06980524957180023,1.2771309614181519,3180.315789473684
2107,5.0,,,,,,,3211.8947368421054
2108,,8.0,,,,,,3215.0526315789475
2116,5.0,,,,,,,3240.315789473684
2117,,8.0,,,,,,3243.4736842105262
2122,5.0,,,,,,,3259.2631578947367
2123,,8.0,,,,,,3262.4210526315787
2131,5.0,,,,,,,3287.684210526316
2132,,8.0,,,,,,3290.842105263158
2137,,,0.4114363491535187,0.5144315958023071,0.0013064503436908126,0.06485499441623688,1.2595205307006836,3298.8979591836733
2139,,,0.48756611347198486,0.5822442770004272,0.011795767582952976,0.0713491216301918,1.3438787460327148,3303.795918367347
2147,5.0,,,,,,,3323.387755102041
2148,,8.0,,,,,,3325.8367346938776
2159,5.0,,,,,,,3352.7755102040815
2160,,8.0,,,,,,3355.2244897959185
2169,5.0,,,,,,,3377.265306122449
2170,,8.0,,,,,,3379.714285714286
2182,5.0,,,,,,,3409.1020408163267
2183,,8.0,,,,,,3411.5510204081634
2188,,,0.40669408440589905,0.47269928455352783,0.012389247305691242,0.05872446671128273,1.2127573490142822,3415.2244897959185
2199,5.0,,,,,,,3421.9591836734694
2200,,8.0,,,,,,3422.5714285714284
2210,5.0,,,,,,,3428.6938775510203
2211,,8.0,,,,,,3429.3061224489797
2221,5.0,,,,,,,3435.4285714285716
2222,,8.0,,,,,,3436.0408163265306
2233,5.0,,,,,,,3442.7755102040815
2234,,8.0,,,,,,3443.387755102041
2242,,,0.4897727072238922,0.5501699447631836,0.026862554252147675,0.10289034992456436,1.1260011196136475,3455.764705882353
2251,5.0,,,,,,,3476.9411764705883
2252,,8.0,,,,,,3479.294117647059
2263,5.0,,,,,,,3505.176470588235
2264,,8.0,,,,,,3507.529411764706
2273,5.0,,,,,,,3528.705882352941
2274,,8.0,,,,,,3531.0588235294117
2286,5.0,,,,,,,3559.294117647059
2287,,8.0,,,,,,3561.6470588235293
2291,,,0.4610600471496582,0.5666337013244629,0.019180409610271454,0.09633287042379379,0.37566399574279785,3566.9268292682927
2298,5.0,,,,,,,3587.4146341463415
2299,,8.0,,,,,,3590.3414634146343
2306,5.0,,,,,,,3610.829268292683
2307,,8.0,,,,,,3613.756097560976
2316,5.0,,,,,,,3640.0975609756097
2317,,8.0,,,,,,3643.0243902439024
2329,5.0,,,,,,,3678.1463414634145
2330,,8.0,,,,,,3681.0731707317073
2334,,,0.4230552315711975,0.5369977355003357,0.0186935905367136,0.07009880989789963,0.2493065744638443,3686.608695652174
2349,5.0,,,,,,,3725.7391304347825
2350,,8.0,,,,,,3728.3478260869565
2359,5.0,,,,,,,3751.8260869565215
2360,,8.0,,,,,,3754.4347826086955
2367,5.0,,,,,,,3772.695652173913
2368,,8.0,,,,,,3775.304347826087
2377,5.0,,,,,,,3798.782608695652
2378,,8.0,,,,,,3801.391304347826
2382,,,0.41920310258865356,0.47225987911224365,0.03623689338564873,0.08091586828231812,0.9586129784584045,3804.7090909090907
2385,,,0.4284168779850006,0.48313432931900024,0.01738681271672249,0.06706711649894714,0.9402255415916443,3806.836363636364
2400,5.0,,,,,,,3817.4727272727273
2401,,8.0,,,,,,3818.181818181818
2410,5.0,,,,,,,3824.5636363636363
2411,,8.0,,,,,,3825.2727272727275
2419,5.0,,,,,,,3830.9454545454546
2420,,8.0,,,,,,3831.6545454545453
2434,5.0,,,,,,,3841.581818181818
2435,,8.0,,,,,,3842.2909090909093
2442,,,0.47621670365333557,0.5310102105140686,0.03246613219380379,0.09843331575393677,0.9953731894493103,3847.255319148936
2453,5.0,,,,,,,3858.9574468085107
2454,,8.0,,,,,,3860.021276595745
2465,5.0,,,,,,,3871.723404255319
2466,,8.0,,,,,,3872.7872340425533
2475,5.0,,,,,,,3882.3617021276596
2476,,8.0,,,,,,3883.425531914894
2483,5.0,,,,,,,3890.872340425532
2484,,8.0,,,,,,3891.936170212766
2492,,,0.4417470097541809,0.5097144842147827,0.016358735039830208,0.07371269166469574,1.0613479614257812,3897.8979591836733
2500,5.0,,,,,,,3905.734693877551
2501,,8.0,,,,,,3906.714285714286
2513,5.0,,,,,,,3918.469387755102
2514,,8.0,,,,,,3919.4489795918366
2524,5.0,,,,,,,3929.2448979591836
2525,,8.0,,,,,,3930.2244897959185
2534,5.0,,,,,,,3939.0408163265306
2535,,8.0,,,,,,3940.0204081632655
2542,,,0.46471941471099854,0.5378481149673462,0.05448225140571594,0.11738347262144089,1.0478049516677856,3947.72
2553,5.0,,,,,,,3966.2
2554,,8.0,,,,,,3967.88
2565,5.0,,,,,,,3986.36
2566,,8.0,,,,,,3988.04
2579,5.0,,,,,,,4009.88
2580,,8.0,,,,,,4011.56
2586,5.0,,,,,,,4021.64
2587,,8.0,,,,,,4023.32
2591,,,0.44465434551239014,0.513969361782074,0.060412757098674774,0.11723533272743225,0.06862427294254303,4026.0666666666666
2599,5.0,,,,,,,4034.6
2600,,8.0,,,,,,4035.6666666666665
2612,5.0,,,,,,,4048.4666666666667
2613,,8.0,,,,,,4049.5333333333333
2623,5.0,,,,,,,4060.2
2624,,8.0,,,,,,4061.266666666667
2633,5.0,,,,,,,4070.866666666667
2634,,8.0,,,,,,4071.9333333333334
2640,,,0.4841305911540985,0.5656666159629822,0.010204702615737915,0.09305313974618912,0.5583497881889343,4081.0
2641,,,0.4486806094646454,0.5449177622795105,0.015429825522005558,0.0927133858203888,0.4145112931728363,4083.6666666666665
2654,5.0,,,,,,,4118.333333333333
2655,,8.0,,,,,,4121.0
2662,5.0,,,,,,,4139.666666666667
2663,,8.0,,,,,,4142.333333333333
2669,5.0,,,,,,,4158.333333333333
2670,,8.0,,,,,,4161.0
2680,5.0,,,,,,,4187.666666666667
2681,,8.0,,,,,,4190.333333333333
2686,,,0.5331003069877625,0.5944260358810425,0.029157748445868492,0.13695688545703888,1.1527979373931885,4196.675675675676
2697,5.0,,,,,,,4216.891891891892
2698,,8.0,,,,,,4218.72972972973
2704,5.0,,,,,,,4229.756756756757
2705,,8.0,,,,,,4231.594594594595
2711,5.0,,,,,,,4242.621621621622
2712,,8.0,,,,,,4244.459459459459
2719,5.0,,,,,,,4257.324324324324
2720,,8.0,,,,,,4259.1621621621625
2724,,,0.4631217420101166,0.5268200635910034,0.013346916995942593,0.11156313121318817,0.45229917764663696,4262.243902439024
2733,5.0,,,,,,,4273.4390243902435
2734,,8.0,,,,,,4274.682926829269
2741,5.0,,,,,,,4283.390243902439
2742,,8.0,,,,,,4284.634146341464
2753,5.0,,,,,,,4298.317073170731
2754,,8.0,,,,,,4299.5609756097565
2762,5.0,,,,,,,4309.512195121952
2763,,8.0,,,,,,4310.756097560976
2769,,,0.47495168447494507,0.5500074028968811,0.014803651720285416,0.11349621415138245,0.12491540610790253,4320.780487804878
2777,5.0,,,,,,,4344.195121951219
2778,,8.0,,,,,,4347.121951219512
2787,5.0,,,,,,,4373.463414634146
2788,,8.0,,,,,,4376.390243902439
2796,5.0,,,,,,,4399.804878048781
2797,,8.0,,,,,,4402.731707317073
2805,5.0,,,,,,,4426.1463414634145
2806,,8.0,,,,,,4429.073170731707
2811,,,0.4592722952365875,0.5278415679931641,0.022542182356119156,0.09254378080368042,-0.293989360332489,4433.782608695652
2819,5.0,,,,,,,4440.913043478261
2820,,8.0,,,,,,4441.804347826087
2829,5.0,,,,,,,4449.826086956522
2830,,8.0,,,,,,4450.717391304348
2844,5.0,,,,,,,4463.195652173913
2845,,8.0,,,,,,4464.086956521739
2853,5.0,,,,,,,4471.217391304348
2854,,8.0,,,,,,4472.108695652174
2859,,,0.5059206485748291,0.578315794467926,0.027146268635988235,0.08367326110601425,0.9093106389045715,4474.375
2864,,,0.3996248245239258,0.4393901526927948,0.027739351615309715,0.07436638325452805,0.8399280309677124,4477.8125
2873,5.0,,,,,,,4484.0
2874,,8.0,,,,,,4484.6875
2883,5.0,,,,,,,4490.875
2884,,8.0,,,,,,4491.5625
2893,5.0,,,,,,,4497.75
2894,,8.0,,,,,,4498.4375
2903,5.0,,,,,,,4504.625
2904,,8.0,,,,,,4505.3125
2909,,,0.42635810375213623,0.5044255256652832,0.03701675683259964,0.12053953856229782,0.03057832084596157,4511.217391304348
2923,5.0,,,,,,,4547.739130434783
2924,,8.0,,,,,,4550.347826086957
2935,5.0,,,,,,,4579.04347826087
2936,,8.0,,,,,,4581.652173913043
2942,5.0,,,,,,,4597.304347826087
2943,,8.0,,,,,,4599.913043478261
2951,5.0,,,,,,,4620.782608695652
2952,,8.0,,,,,,4623.391304347826
2958,,,0.41752520203590393,0.4439568817615509,0.001231457688845694,0.12348651885986328,0.19215664267539978,4633.659574468085
2969,5.0,,,,,,,4661.744680851064
2970,,8.0,,,,,,4664.297872340426
2976,5.0,,,,,,,4679.617021276596
2977,,8.0,,,,,,4682.170212765957
2987,5.0,,,,,,,4707.702127659574
2988,,8.0,,,,,,4710.255319148936
3000,5.0,,,,,,,4740.893617021276
3001,,8.0,,,,,,4743.446808510638
3007,,,0.5202089548110962,0.6380429267883301,-0.0012097881408408284,0.12840646505355835,0.4541229009628296,4753.2
3018,5.0,,,,,,,4779.6
3019,,8.0,,,,,,4782.0
3033,5.0,,,,,,,4815.6
3034,,8.0,,,,,,4818.0
3041,5.0,,,,,,,4834.8
3042,,8.0,,,,,,4837.2
3052,5.0,,,,,,,4861.2
3053,,8.0,,,,,,4863.6
3058,,,0.44811931252479553,0.5149661302566528,-0.007816258817911148,0.10809530317783356,0.8258111476898193,4871.106382978724
3072,5.0,,,,,,,4906.851063829788
3073,,8.0,,,,,,4909.404255319149
3081,5.0,,,,,,,4929.829787234043
3082,,8.0,,,,,,4932.382978723404
3088,5.0,,,,,,,4947.702127659574
3089,,8.0,,,,,,4950.255319148936
3101,5.0,,,,,,,4980.893617021276
3102,,8.0,,,,,,4983.446808510638
3106,,,0.504784345626831,0.5867528319358826,0.010746220126748085,0.12342981994152069,1.6032273769378662,4989.243243243243
3108,,,0.4423712193965912,0.5066034197807312,0.00338920671492815,0.09611193090677261,1.0178802013397217,4995.72972972973
3113,5.0,,,,,,,5011.945945945946
3114,,8.0,,,,,,5015.189189189189
3121,5.0,,,,,,,5037.891891891892
3122,,8.0,,,,,,5041.135135135135
3132,5.0,,,,,,,5073.5675675675675
3133,,8.0,,,,,,5076.810810810811
3140,5.0,,,,,,,5099.513513513513
3141,,8.0,,,,,,5102.756756756757
3147,,,0.4523746073246002,0.5300018191337585,0.02771727181971073,0.09872257709503174,0.41092702746391296,5113.34693877551
3157,5.0,,,,,,,5137.836734693878
3158,,8.0,,,,,,5140.285714285715
3166,5.0,,,,,,,5159.877551020408
3167,,8.0,,,,,,5162.326530612245
3181,5.0,,,,,,,5196.6122448979595
3182,,8.0,,,,,,5199.061224489796
3191,5.0,,,,,,,5221.102040816327
3192,,8.0,,,,,,5223.551020408163
3200,,,0.44771337509155273,0.5614422559738159,0.028024747967720032,0.1070319265127182,0.5912484526634216,5241.0
3207,5.0,,,,,,,5262.0
3208,,8.0,,,,,,5265.0
3216,5.0,,,,,,,5289.0
3217,,8.0,,,,,,5292.0
3224,5.0,,,,,,,5313.0
3225,,8.0,,,,,,5316.0
3233,5.0,,,,,,,5340.0
3234,,8.0,,,,,,5343.0
3239,,,0.3827861547470093,0.47191351652145386,0.028507407754659653,0.0869939923286438,0.12500430643558502,5350.897959183673
3248,5.0,,,,,,,5372.938775510204
3249,,8.0,,,,,,5375.3877551020405
3261,5.0,,,,,,,5404.775510204082
3262,,8.0,,,,,,5407.224489795918
3271,5.0,,,,,,,5429.265306122449
3272,,8.0,,,,,,5431.714285714285
3284,5.0,,,,,,,5461.102040816327
3285,,8.0,,,,,,5463.551020408163
3290,,,0.4769665002822876,0.5563992857933044,0.03246700018644333,0.12469460815191269,1.0378564596176147,5472.315789473684
3298,5.0,,,,,,,5497.578947368421
3299,,8.0,,,,,,5500.736842105263
3307,5.0,,,,,,,5526.0
3308,,8.0,,,,,,5529.1578947368425
3317,5.0,,,,,,,5557.578947368421
3318,,8.0,,,,,,5560.736842105263
3324,5.0,,,,,,,5579.684210526316
3325,,8.0,,,,,,5582.8421052631575
3330,,,0.44638726115226746,0.5274285674095154,0.01180350873619318,0.08471009880304337,0.5815199613571167,5587.7192982456145
3332,,,0.45438411831855774,0.4876706302165985,0.02194313332438469,0.09621476382017136,0.7085279822349548,5589.438596491228
3341,5.0,,,,,,,5597.175438596491
3342,,8.0,,,,,,5598.035087719299
3355,5.0,,,,,,,5609.210526315789
3356,,8.0,,,,,,5610.070175438596
3370,5.0,,,,,,,5622.105263157895
3371,,8.0,,,,,,5622.964912280701
3383,5.0,,,,,,,5633.2807017543855
3384,,8.0,,,,,,5634.140350877193
3394,,,0.4116336405277252,0.4858347475528717,0.01984826661646366,0.08327749371528625,0.14780831336975098,5650.272727272727
3402,5.0,,,,,,,5667.727272727273
3403,,8.0,,,,,,5669.909090909091
3416,5.0,,,,,,,5698.272727272727
3417,,8.0,,,,,,5700.454545454545
3425,5.0,,,,,,,5717.909090909091
3426,,8.0,,,,,,5720.090909090909
3440,5.0,,,,,,,5750.636363636364
3441,,8.0,,,,,,5752.818181818182
3447,,,0.495066374540329,0.5874494314193726,0.03543185070157051,0.1326577514410019,0.2392406314611435,5761.545454545455
3457,5.0,,,,,,,5783.363636363636
3458,,8.0,,,,,,5785.545454545455
3469,5.0,,,,,,,5809.545454545455
3470,,8.0,,,,,,5811.727272727273
3485,5.0,,,,,,,5844.454545454545
3486,,8.0,,,,,,5846.636363636364
3497,5.0,,,,,,,5870.636363636364
3498,,8.0,,,,,,5872.818181818182
3505,,,0.42763006687164307,0.49191024899482727,0.027747493237257004,0.09485365450382233,-0.018409252166748047,5884.056603773585
3518,5.0,,,,,,,5913.490566037736
3519,,8.0,,,,,,5915.754716981132
3530,5.0,,,,,,,5940.66037735849
3531,,8.0,,,,,,5942.924528301887
3540,5.0,,,,,,,5963.301886792453
3541,,8.0,,,,,,5965.566037735849
3552,5.0,,,,,,,5990.471698113208
3553,,8.0,,,,,,5992.735849056604
3557,,,0.4482218325138092,0.5744295120239258,0.02305368147790432,0.08456213027238846,0.47876816987991333,5997.727272727273
3566,5.0,,,,,,,6022.272727272727
3567,,8.0,,,,,,6025.0
3573,5.0,,,,,,,6041.363636363636
3574,,8.0,,,,,,6044.090909090909
3583,5.0,,,,,,,6068.636363636364
3584,,8.0,,,,,,6071.363636363636
3598,5.0,,,,,,,6109.545454545455
3599,,8.0,,,,,,6112.272727272727
3603,,,0.4057925045490265,0.48926877975463867,0.03151874989271164,0.060130536556243896,0.044220682233572006,6118.243243243243
3606,,,0.466020405292511,0.5776011943817139,0.01729355752468109,0.05750539153814316,0.1144772320985794,6127.972972972973
3612,5.0,,,,,,,6147.4324324324325
3613,,8.0,,,,,,6150.675675675676
3618,5.0,,,,,,,6166.891891891892
3619,,8.0,,,,,,6170.135135135135
3628,5.0,,,,,,,6199.324324324324
3629,,8.0,,,,,,6202.5675675675675
3637,5.0,,,,,,,6228.513513513513
3638,,8.0,,,,,,6231.756756756757
3643,,,0.47294721007347107,0.5286283493041992,0.01011289469897747,0.07942172884941101,1.6030656099319458,6240.714285714285
3652,5.0,,,,,,,6266.428571428572
3653,,8.0,,,,,,6269.285714285715
3664,5.0,,,,,,,6300.714285714285
3665,,8.0,,,,,,6303.571428571428
3671,5.0,,,,,,,6320.714285714285
3672,,8.0,,,,,,6323.571428571428
3681,5.0,,,,,,,6349.285714285715
3682,,8.0,,,,,,6352.142857142857
3688,,,0.4094828963279724,0.4599314332008362,0.014422939158976078,0.06940058618783951,1.1633466482162476,6363.0
3695,5.0,,,,,,,6381.666666666667
3696,,8.0,,,,,,6384.333333333333
3707,5.0,,,,,,,6413.666666666667
3708,,8.0,,,,,,6416.333333333333
3720,5.0,,,,,,,6448.333333333333
3721,,8.0,,,,,,6451.0
3728,5.0,,,,,,,6469.666666666667
3729,,8.0,,,,,,6472.333333333333
3735,,,0.44349205493927,0.5138434767723083,0.0366210900247097,0.08936430513858795,1.2435182332992554,6482.34693877551
3748,5.0,,,,,,,6514.183673469388
3749,,8.0,,,,,,6516.632653061224
3761,5.0,,,,,,,6546.0204081632655
3762,,8.0,,,,,,6548.469387755102
3770,5.0,,,,,,,6568.061224489796
3771,,8.0,,,,,,6570.510204081633
3779,5.0,,,,,,,6590.102040816327
3780,,8.0,,,,,,6592.551020408163
3785,,,0.47598156332969666,0.5697097778320312,0.028574440628290176,0.095988929271698,1.5043197870254517,6600.581395348837
3795,5.0,,,,,,,6628.488372093023
3796,,8.0,,,,,,6631.279069767442
3805,5.0,,,,,,,6656.395348837209
3806,,8.0,,,,,,6659.186046511628
3816,5.0,,,,,,,6687.093023255814
3817,,8.0,,,,,,6689.883720930233
3824,5.0,,,,,,,6709.418604651163
3825,,8.0,,,,,,6712.209302325581
3830,,,0.46105366945266724,0.555627167224884,0.03489689156413078,0.09089794009923935,1.640265941619873,6720.454545454545
3832,,,0.43998900055885315,0.5305992960929871,0.022751837968826294,0.09580839425325394,1.6416512727737427,6725.909090909091
3838,5.0,,,,,,,6742.272727272727
3839,,8.0,,,,,,6745.0
3848,5.0,,,,,,,6769.545454545455
3849,,8.0,,,,,,6772.272727272727
3860,5.0,,,,,,,6802.272727272727
3861,,8.0,,,,,,6805.0
3870,5.0,,,,,,,6829.545454545455
3871,,8.0,,,,,,6832.272727272727
3880,,,0.4166894257068634,0.48659980297088623,0.020692817866802216,0.07521124184131622,0.9509910941123962,6841.6
3892,5.0,,,,,,,6854.8
3893,,8.0,,,,,,6855.9
3900,5.0,,,,,,,6863.6
3901,,8.0,,,,,,6864.7
3911,5.0,,,,,,,6875.7
3912,,8.0,,,,,,6876.8
3922,5.0,,,,,,,6887.8
3923,,8.0,,,,,,6888.9
3928,,,0.5103631615638733,0.5962920188903809,0.015890875831246376,0.10333771258592606,1.0809082984924316,6894.051282051282
3934,5.0,,,,,,,6906.205128205128
3935,,8.0,,,,,,6908.2307692307695
3943,5.0,,,,,,,6924.4358974358975
3944,,8.0,,,,,,6926.461538461538
3951,5.0,,,,,,,6940.641025641025
3952,,8.0,,,,,,6942.666666666667
3963,5.0,,,,,,,6964.948717948718
3964,,8.0,,,,,,6966.974358974359
3968,,,0.45776084065437317,0.5312179327011108,-0.0019148678984493017,0.07018373161554337,0.9846441745758057,6971.35294117647
3978,5.0,,,,,,,6994.882352941177
3979,,8.0,,,,,,6997.235294117647
3992,5.0,,,,,,,7027.823529411765
3993,,8.0,,,,,,7030.176470588235
4001,5.0,,,,,,,7049.0
4002,,8.0,,,,,,7051.35294117647
4016,5.0,,,,,,,7084.294117647059
4017,,8.0,,,,,,7086.64705882353
4025,,,0.5091907978057861,0.5753701329231262,0.025537189096212387,0.10318990796804428,1.2605382204055786,7099.526315789473
4039,5.0,,,,,,,7129.0
4040,,8.0,,,,,,7131.105263157895
4049,5.0,,,,,,,7150.0526315789475
4050,,8.0,,,,,,7152.1578947368425
4062,5.0,,,,,,,7177.421052631579
4063,,8.0,,,,,,7179.526315789473
4075,5.0,,,,,,,7204.789473684211
4076,,8.0,,,,,,7206.894736842105
4080,,,0.43512776494026184,0.536832869052887,0.007598149124532938,0.06957082450389862,0.23619970679283142,7211.5
4084,,,0.44800493121147156,0.5560259222984314,0.03320835158228874,0.07598591595888138,0.28559672832489014,7221.5
4090,5.0,,,,,,,7236.5
4091,,8.0,,,,,,7239.0
4100,5.0,,,,,,,7261.5
4101,,8.0,,,,,,7264.0
4110,5.0,,,,,,,7286.5
4111,,8.0,,,,,,7289.0
4125,5.0,,,,,,,7324.0
4126,,8.0,,,,,,7326.5
4131,,,0.4575471878051758,0.6194941997528076,0.01876499131321907,0.09906370937824249,0.599426805973053,7334.714285714285
4140,5.0,,,,,,,7360.428571428572
4141,,8.0,,,,,,7363.285714285715
4148,5.0,,,,,,,7383.285714285715
4149,,8.0,,,,,,7386.142857142857
4160,5.0,,,,,,,7417.571428571428
4161,,8.0,,,,,,7420.428571428572
4169,5.0,,,,,,,7443.285714285715
4170,,8.0,,,,,,7446.142857142857
4176,,,0.44496428966522217,0.5016162395477295,0.0090383505448699,0.0729077085852623,0.793144166469574,7456.34693877551
4187,5.0,,,,,,,7483.285714285715
4188,,8.0,,,,,,7485.734693877551
4197,5.0,,,,,,,7507.775510204082
4198,,8.0,,,,,,7510.224489795918
4209,5.0,,,,,,,7537.163265306122
4210,,8.0,,,,,,7539.6122448979595
4220,5.0,,,,,,,7564.102040816327
4221,,8.0,,,,,,7566.551020408163
4225,,,0.458891361951828,0.5690269470214844,0.027147432789206505,0.12348499149084091,0.2538868486881256,7571.790697674419
4233,5.0,,,,,,,7594.116279069767
4234,,8.0,,,,,,7596.906976744186
4245,5.0,,,,,,,7627.604651162791
4246,,8.0,,,,,,7630.395348837209
4256,5.0,,,,,,,7658.302325581395
4257,,8.0,,,,,,7661.093023255814
4265,5.0,,,,,,,7683.418604651163
4266,,8.0,,,,,,7686.209302325581
4271,,,0.48334863781929016,0.5529524683952332,0.020269153639674187,0.09290596097707748,0.2518092095851898,7694.581395348837
4282,5.0,,,,,,,7725.279069767442
4283,,8.0,,,,,,7728.069767441861
4294,5.0,,,,,,,7758.767441860465
4295,,8.0,,,,,,7761.558139534884
4301,5.0,,,,,,,7778.302325581395
4302,,8.0,,,,,,7781.093023255814
4310,5.0,,,,,,,7803.418604651163
4311,,8.0,,,,,,7806.209302325581
4316,,,0.3586449921131134,0.5113477110862732,0.01764155924320221,0.09231361746788025,-0.742117702960968,7814.581395348837
4319,,,0.3873330354690552,0.43992379307746887,0.03237362951040268,0.09495870769023895,-0.5331875681877136,7822.953488372093
4329,5.0,,,,,,,7850.860465116279
4330,,8.0,,,,,,7853.6511627906975
4339,5.0,,,,,,,7878.767441860465
4340,,8.0,,,,,,7881.558139534884
4347,5.0,,,,,,,7901.093023255814
4348,,8.0,,,,,,7903.883720930233
4355,5.0,,,,,,,7923.418604651163
4356,,8.0,,,,,,7926.209302325581
4363,,,0.4328566789627075,0.4984623193740845,0.017751500010490417,0.11305040866136551,-0.22481119632720947,7931.938775510204
4371,5.0,,,,,,,7937.816326530612
4372,,8.0,,,,,,7938.551020408163
4379,5.0,,,,,,,7943.693877551021
4380,,8.0,,,,,,7944.428571428572
4391,5.0,,,,,,,7952.510204081633
4392,,8.0,,,,,,7953.244897959184
4406,5.0,,,,,,,7963.530612244898
4407,,8.0,,,,,,7964.265306122449
4413,,,0.46243149042129517,0.5981782078742981,0.016443829983472824,0.0949171707034111,0.03663112595677376,7973.571428571428
4421,5.0,,,,,,,7996.428571428572
4422,,8.0,,,,,,7999.285714285715
4437,5.0,,,,,,,8042.142857142857
4438,,8.0,,,,,,8045.0
4444,5.0,,,,,,,8062.142857142857
4445,,8.0,,,,,,8065.0
4450,5.0,,,,,,,8079.285714285715
4451,,8.0,,,,,,8082.142857142857
4456,,,0.4387733042240143,0.5129806399345398,0.03396134823560715,0.1003008782863617,0.026783911511301994,8087.820512820513
4467,5.0,,,,,,,8103.333333333333
4468,,8.0,,,,,,8104.74358974359
4476,5.0,,,,,,,8116.025641025641
4477,,8.0,,,,,,8117.4358974358975
4481,5.0,,,,,,,8123.076923076923
4482,,8.0,,,,,,8124.48717948718
4491,5.0,,,,,,,8137.179487179487
4492,,8.0,,,,,,8138.589743589743
4497,,,0.42057958245277405,0.49874165654182434,0.03371545299887657,0.12149428576231003,-0.5705463290214539,8145.0
4509,5.0,,,,,,,8175.0
4510,,8.0,,,,,,8177.5
4521,5.0,,,,,,,8205.0
4522,,8.0,,,,,,8207.5
4531,5.0,,,,,,,8230.0
4532,,8.0,,,,,,8232.5
4541,5.0,,,,,,,8255.0
4542,,8.0,,,,,,8257.5
4546,,,0.4537951946258545,0.5696539282798767,0.04852905869483948,0.12188295274972916,-0.17003390192985535,8262.35294117647
4549,,,0.40918755531311035,0.5212680101394653,0.04184567928314209,0.10798190534114838,-0.25697022676467896,8269.411764705883
4560,5.0,,,,,,,8295.29411764706
4561,,8.0,,,,,,8297.64705882353
4570,5.0,,,,,,,8318.823529411764
4571,,8.0,,,,,,8321.176470588236
4583,5.0,,,,,,,8349.411764705883
4584,,8.0,,,,,,8351.764705882353
4594,5.0,,,,,,,8375.29411764706
4595,,8.0,,,,,,8377.64705882353
4602,,,0.45879223942756653,0.5824086666107178,0.009366844780743122,0.10838286578655243,-0.5646279454231262,8389.411764705883
4621,5.0,,,,,,,8434.117647058823
4622,,8.0,,,,,,8436.470588235294
4629,5.0,,,,,,,8452.941176470587
4630,,8.0,,,,,,8455.29411764706
4638,5.0,,,,,,,8474.117647058823
4639,,8.0,,,,,,8476.470588235294
4647,5.0,,,,,,,8495.29411764706
4648,,8.0,,,,,,8497.64705882353
4654,,,0.4608292281627655,0.5111304521560669,0.03362494334578514,0.08971991389989853,-0.09251555800437927,8507.659574468085
4665,5.0,,,,,,,8535.744680851063
4666,,8.0,,,,,,8538.297872340425
4680,5.0,,,,,,,8574.04255319149
4681,,8.0,,,,,,8576.595744680852
4686,5.0,,,,,,,8589.36170212766
4687,,8.0,,,,,,8591.91489361702
4696,5.0,,,,,,,8614.893617021276
4697,,8.0,,,,,,8617.446808510638
4704,,,0.48823991417884827,0.5577845573425293,0.04689344763755798,0.12469229847192764,0.47266995906829834,8630.434782608696
4714,5.0,,,,,,,8656.521739130434
4715,,8.0,,,,,,8659.130434782608
4725,5.0,,,,,,,8685.217391304348
4726,,8.0,,,,,,8687.826086956522
4733,5.0,,,,,,,8706.08695652174
4734,,8.0,,,,,,8708.695652173914
4744,5.0,,,,,,,8734.782608695652
4745,,8.0,,,,,,8737.391304347826
4750,,,0.4391659200191498,0.5309842824935913,0.018220918253064156,0.07706514745950699,0.2592609226703644,8745.853658536585
4760,5.0,,,,,,,8775.121951219513
4761,,8.0,,,,,,8778.048780487805
4768,5.0,,,,,,,8798.536585365853
4769,,8.0,,,,,,8801.463414634147
4777,5.0,,,,,,,8824.878048780487
4778,,8.0,,,,,,8827.80487804878
4787,5.0,,,,,,,8854.146341463415
4788,,8.0,,,,,,8857.073170731708
4792,,,0.5319901704788208,0.5880692601203918,-0.003974247258156538,0.06623484939336777,1.277827501296997,8862.553191489362
4794,,,0.4452672600746155,0.5787274837493896,0.01074227038770914,0.047636788338422775,1.0458792448043823,8867.659574468085
4803,5.0,,,,,,,8890.63829787234
4804,,8.0,,,,,,8893.191489361701
4817,5.0,,,,,,,8926.382978723404
4818,,8.0,,,,,,8928.936170212766
4826,5.0,,,,,,,8949.36170212766
4827,,8.0,,,,,,8951.91489361702
4836,5.0,,,,,,,8974.893617021276
4837,,8.0,,,,,,8977.446808510638
4844,,,0.4458690881729126,0.5193037986755371,0.023654066026210785,0.06424997001886368,1.1495953798294067,8983.130434782608
4855,5.0,,,,,,,8991.739130434782
4856,,8.0,,,,,,8992.521739130434
4867,5.0,,,,,,,9001.130434782608
4868,,8.0,,,,,,9001.91304347826
4879,5.0,,,,,,,9010.521739130434
4880,,8.0,,,,,,9011.304347826086
4884,5.0,,,,,,,9014.434782608696
4885,,8.0,,,,,,9015.217391304348
4891,,,0.39677295088768005,0.5291724801063538,0.021419374272227287,0.07860470563173294,1.3386693000793457,9022.666666666666
4908,5.0,,,,,,,9060.444444444445
4909,,8.0,,,,,,9062.666666666666
4916,5.0,,,,,,,9078.222222222223
4917,,8.0,,,,,,9080.444444444445
4928,5.0,,,,,,,9104.888888888889
4929,,8.0,,,,,,9107.111111111111
4940,5.0,,,,,,,9131.555555555555
4941,,8.0,,,,,,9133.777777777777
4945,,,0.4539016783237457,0.5816206336021423,0.01489181350916624,0.05054020136594772,2.0510382652282715,9137.048780487805
4954,5.0,,,,,,,9146.487804878048
4955,,8.0,,,,,,9147.536585365853
4962,5.0,,,,,,,9154.878048780487
4963,,8.0,,,,,,9155.926829268292
4971,5.0,,,,,,,9164.317073170732
4972,,8.0,,,,,,9165.365853658537
4983,5.0,,,,,,,9176.90243902439
4984,,8.0,,,,,,9177.951219512195
4989,,,0.4639543294906616,0.5239246487617493,0.029634395614266396,0.08771815150976181,2.03039288520813,9184.106382978724
4998,5.0,,,,,,,9207.08510638298
4999,,8.0,,,,,,9209.63829787234
5009,5.0,,,,,,,9235.170212765957
5010,,8.0,,,,,,9237.72340425532
5016,5.0,,,,,,,9253.04255319149
5017,,8.0,,,,,,9255.595744680852
5032,5.0,,,,,,,9293.893617021276
5033,,8.0,,,,,,9296.446808510638
5039,,,0.4552222788333893,0.5692549347877502,0.018876507878303528,0.07299647480249405,1.564664602279663,9307.181818181818
5041,,,0.4482366442680359,0.5226047039031982,0.018537376075983047,0.06825574487447739,1.6235060691833496,9312.636363636364
5048,5.0,,,,,,,9331.727272727272
5049,,8.0,,,,,,9334.454545454546
5060,5.0,,,,,,,9364.454545454546
5061,,8.0,,,,,,9367.181818181818
5069,5.0,,,,,,,9389.0
5070,,8.0,,,,,,9391.727272727272
5078,5.0,,,,,,,9413.545454545454
5079,,8.0,,,,,,9416.272727272728
5089,,,0.4444262981414795,0.5392029285430908,0.022551944479346275,0.09998026490211487,0.7301555275917053,9424.833333333334
5099,5.0,,,,,,,9433.166666666666
5100,,8.0,,,,,,9434.0
5111,5.0,,,,,,,9443.166666666666
5112,,8.0,,,,,,9444.0
5121,5.0,,,,,,,9451.5
5122,,8.0,,,,,,9452.333333333334
5134,5.0,,,,,,,9462.333333333334
5135,,8.0,,,,,,9463.166666666666
5143,,,0.3858829736709595,0.47844168543815613,0.06863309442996979,0.11218331009149551,0.02963150478899479,9475.538461538461
5160,5.0,,,,,,,9514.76923076923
5161,,8.0,,,,,,9517.076923076924
5170,5.0,,,,,,,9537.846153846154
5171,,8.0,,,,,,9540.153846153846
5179,5.0,,,,,,,9558.615384615385
5180,,8.0,,,,,,9560.923076923076
5188,5.0,,,,,,,9579.384615384615
5189,,8.0,,,,,,9581.692307692309
5194,,,0.4289722442626953,0.533820390701294,0.04558038339018822,0.10608097165822983,-0.008104081265628338,9585.42857142857
5212,5.0,,,,,,,9598.285714285714
5213,,8.0,,,,,,9599.0
5221,5.0,,,,,,,9604.714285714286
5222,,8.0,,,,,,9605.42857142857
5233,5.0,,,,,,,9613.285714285714
5234,,8.0,,,,,,9614.0
5246,5.0,,,,,,,9622.57142857143
5247,,8.0,,,,,,9623.285714285714
5251,,,0.3831181824207306,0.47052201628685,0.023919053375720978,0.09353615343570709,0.09344399720430374,9624.869565217392
5261,5.0,,,,,,,9633.565217391304
5262,,8.0,,,,,,9634.434782608696
5274,5.0,,,,,,,9644.869565217392
5275,,8.0,,,,,,9645.739130434782
5286,5.0,,,,,,,9655.304347826086
5287,,8.0,,,,,,9656.173913043478
5294,5.0,,,,,,,9662.260869565218
5295,,8.0,,,,,,9663.130434782608
5300,,,0.46298179030418396,0.5570058822631836,0.029399815946817398,0.09527242183685303,0.44432327151298523,9665.35593220339
5304,,,0.4396686553955078,0.5462571382522583,0.017236070707440376,0.09681780636310577,0.4518548846244812,9668.06779661017
5315,5.0,,,,,,,9675.525423728814
5316,,8.0,,,,,,9676.203389830509
5325,5.0,,,,,,,9682.305084745763
5326,,8.0,,,,,,9682.983050847457
5337,5.0,,,,,,,9690.440677966102
5338,,8.0,,,,,,9691.118644067798
5355,5.0,,,,,,,9702.64406779661
5356,,8.0,,,,,,9703.322033898305
5361,,,0.5471152067184448,0.6122159361839294,0.016780897974967957,0.14785714447498322,0.5201908946037292,9710.0
5372,5.0,,,,,,,9743.0
5373,,8.0,,,,,,9746.0
5377,5.0,,,,,,,9758.0
5378,,8.0,,,,,,9761.0
5386,5.0,,,,,,,9785.0
5387,,8.0,,,,,,9788.0
5397,5.0,,,,,,,9818.0
5398,,8.0,,,,,,9821.0
5404,,,0.47295045852661133,0.5393610000610352,0.022157257422804832,0.075083889067173,0.5417651534080505,9831.5
5416,5.0,,,,,,,9861.5
5417,,8.0,,,,,,9864.0
5426,5.0,,,,,,,9886.5
5427,,8.0,,,,,,9889.0
5435,5.0,,,,,,,9909.0
5436,,8.0,,,,,,9911.5
5447,5.0,,,,,,,9939.0
5448,,8.0,,,,,,9941.5
5452,,,0.43696099519729614,0.5045239925384521,0.02228054590523243,0.08961407840251923,0.715734601020813,9946.608695652174
5462,5.0,,,,,,,9972.695652173914
5463,,8.0,,,,,,9975.304347826086
5472,5.0,,,,,,,9998.782608695652
5473,,8.0,,,,,,10001.391304347826
5487,5.0,,,,,,,10037.91304347826
5488,,8.0,,,,,,10040.521739130434
5495,5.0,,,,,,,10058.782608695652
5496,,8.0,,,,,,10061.391304347826
5500,,,0.4161030650138855,0.5101745128631592,0.012293742969632149,0.07531488686800003,-0.29109323024749756,10066.105263157895
5512,5.0,,,,,,,10091.368421052632
5513,,8.0,,,,,,10093.473684210527
5524,5.0,,,,,,,10116.631578947368
5525,,8.0,,,,,,10118.736842105263
5538,5.0,,,,,,,10146.105263157895
5539,,8.0,,,,,,10148.21052631579
5554,5.0,,,,,,,10179.78947368421
5555,,8.0,,,,,,10181.894736842105
5559,,,0.42363983392715454,0.5301886796951294,0.005862561520189047,0.09575434029102325,0.20212246477603912,10186.727272727272
5561,,,0.4364407956600189,0.517304003238678,0.028350288048386574,0.09545265883207321,0.3009968101978302,10192.181818181818
5567,5.0,,,,,,,10208.545454545454
5568,,8.0,,,,,,10211.272727272728
5578,5.0,,,,,,,10238.545454545454
5579,,8.0,,,,,,10241.272727272728
5588,5.0,,,,,,,10265.818181818182
5589,,8.0,,,,,,10268.545454545454
5600,5.0,,,,,,,10298.545454545454
5601,,8.0,,,,,,10301.272727272728
5609,,,0.5161628127098083,0.5870753526687622,-0.00379755487665534,0.10937196761369705,0.302522748708725,10317.333333333334
5620,5.0,,,,,,,10346.666666666666
5621,,8.0,,,,,,10349.333333333334
5632,5.0,,,,,,,10378.666666666666
5633,,8.0,,,,,,10381.333333333334
5640,5.0,,,,,,,10400.0
5641,,8.0,,,,,,10402.666666666666
5647,5.0,,,,,,,10418.666666666666
5648,,8.0,,,,,,10421.333333333334
5656,,,0.34673020243644714,0.4201768636703491,0.01569201424717903,0.055409543216228485,0.28245359659194946,10435.32075471698
5670,5.0,,,,,,,10467.018867924528
5671,,8.0,,,,,,10469.283018867925
5680,5.0,,,,,,,10489.66037735849
5681,,8.0,,,,,,10491.924528301886
5691,5.0,,,,,,,10514.566037735849
5692,,8.0,,,,,,10516.830188679245
5702,5.0,,,,,,,10539.471698113208
5703,,8.0,,,,,,10541.735849056604
5708,,,0.44139859080314636,0.5086698532104492,0.014654652215540409,0.1056533232331276,1.3529161214828491,10548.363636363636
5719,5.0,,,,,,,10572.363636363636
5720,,8.0,,,,,,10574.545454545454
5733,5.0,,,,,,,10602.90909090909
5734,,8.0,,,,,,10605.09090909091
5746,5.0,,,,,,,10631.272727272728
5747,,8.0,,,,,,10633.454545454546
5759,5.0,,,,,,,10659.636363636364
5760,,8.0,,,,,,10661.818181818182
5765,,,0.4172099530696869,0.5307019948959351,0.02220780774950981,0.08414328098297119,0.5559870600700378,10665.5
5778,5.0,,,,,,,10675.25
5779,,8.0,,,,,,10676.0
5788,5.0,,,,,,,10682.75
5789,,8.0,,,,,,10683.5
5801,5.0,,,,,,,10692.5
5802,,8.0,,,,,,10693.25
5809,5.0,,,,,,,10698.5
5810,,8.0,,,,,,10699.25
5814,,,0.4831152856349945,0.5637691617012024,0.012305965647101402,0.12339712679386139,1.2125627994537354,10702.208333333334
5817,,,0.45407038927078247,0.532154381275177,0.0034077304881066084,0.11446889489889145,1.3512576818466187,10708.833333333334
5827,5.0,,,,,,,10730.916666666666
5828,,8.0,,,,,,10733.125
5835,5.0,,,,,,,10748.583333333334
5836,,8.0,,,,,,10750.791666666666
5845,5.0,,,,,,,10770.666666666666
5846,,8.0,,,,,,10772.875
5859,5.0,,,,,,,10801.583333333334
5860,,8.0,,,,,,10803.791666666666
5867,,,0.4331224858760834,0.5076345801353455,0.03149721026420593,0.0953277051448822,0.1491599828004837,10816.212765957447
5881,5.0,,,,,,,10851.95744680851
5882,,8.0,,,,,,10854.510638297872
5893,5.0,,,,,,,10882.595744680852
5894,,8.0,,,,,,10885.148936170213
5900,5.0,,,,,,,10900.468085106382
5901,,8.0,,,,,,10903.021276595744
5908,5.0,,,,,,,10920.893617021276
5909,,8.0,,,,,,10923.446808510638
5913,,,0.44647228717803955,0.5309358835220337,0.005524167791008949,0.10745509713888168,0.9613528251647949,10929.157894736842
5924,5.0,,,,,,,10963.894736842105
5925,,8.0,,,,,,10967.052631578947
5931,5.0,,,,,,,10986.0
5932,,8.0,,,,,,10989.157894736842
5940,5.0,,,,,,,11014.421052631578
5941,,8.0,,,,,,11017.578947368422
5948,5.0,,,,,,,11039.684210526315
5949,,8.0,,,,,,11042.842105263158
5957,,,0.4320376515388489,0.4961814284324646,0.032452430576086044,0.11368734389543533,1.5048528909683228,11058.5
5966,5.0,,,,,,,11081.0
5967,,8.0,,,,,,11083.5
5975,5.0,,,,,,,11103.5
5976,,8.0,,,,,,11106.0
5989,5.0,,,,,,,11138.5
5990,,8.0,,,,,,11141.0
5998,5.0,,,,,,,11161.0
5999,,8.0,,,,,,11163.5
6003,,,0.461860716342926,0.5926822423934937,0.013077941723167896,0.07934574782848358,1.0983718633651733,11168.727272727272
6012,5.0,,,,,,,11193.272727272728
6013,,8.0,,,,,,11196.0
6022,5.0,,,,,,,11220.545454545454
6023,,8.0,,,,,,11223.272727272728
6030,5.0,,,,,,,11242.363636363636
6031,,8.0,,,,,,11245.09090909091
6044,5.0,,,,,,,11280.545454545454
6045,,8.0,,,,,,11283.272727272728
6049,,,0.43263933062553406,0.48447826504707336,0.017566712573170662,0.06907130032777786,1.0923051834106445,11288.608695652174
6052,,,0.4215680658817291,0.49780207872390747,0.011218434199690819,0.07452262938022614,1.2899677753448486,11296.434782608696
6061,5.0,,,,,,,11319.91304347826
6062,,8.0,,,,,,11322.521739130434
6076,5.0,,,,,,,11359.04347826087
6077,,8.0,,,,,,11361.652173913044
6085,5.0,,,,,,,11382.521739130434
6086,,8.0,,,,,,11385.130434782608
6092,5.0,,,,,,,11400.782608695652
6093,,8.0,,,,,,11403.391304347826
6099,,,0.37912943959236145,0.42455950379371643,0.029938988387584686,0.09651364386081696,0.16755008697509766,11412.878048780487
6105,5.0,,,,,,,11426.634146341463
6106,,8.0,,,,,,11428.926829268292
6113,5.0,,,,,,,11444.975609756097
6114,,8.0,,,,,,11447.268292682927
6123,5.0,,,,,,,11467.90243902439
6124,,8.0,,,,,,11470.19512195122
6135,5.0,,,,,,,11495.414634146342
6136,,8.0,,,,,,11497.707317073171
6142,,,0.43814146518707275,0.5360576510429382,0.04679259657859802,0.12762947380542755,0.19482502341270447,11510.0
6151,5.0,,,,,,,11540.0
6152,,8.0,,,,,,11543.333333333334
6156,5.0,,,,,,,11556.666666666666
6157,,8.0,,,,,,11560.0
6166,5.0,,,,,,,11590.0
6167,,8.0,,,,,,11593.333333333334
6173,5.0,,,,,,,11613.333333333334
6174,,8.0,,,,,,11616.666666666666
6178,,,0.4350161552429199,0.5120362043380737,0.025013796985149384,0.09369581192731857,-0.30599674582481384,11623.076923076924
6188,5.0,,,,,,,11653.846153846154
6189,,8.0,,,,,,11656.923076923076
6199,5.0,,,,,,,11687.692307692309
6200,,8.0,,,,,,11690.76923076923
6205,5.0,,,,,,,11706.153846153846
6206,,8.0,,,,,,11709.23076923077
6214,5.0,,,,,,,11733.846153846154
6215,,8.0,,,,,,11736.923076923076
6219,,,0.4306468069553375,0.530316174030304,0.022639859467744827,0.14744572341442108,-0.48908936977386475,11742.790697674418
6233,5.0,,,,,,,11781.860465116279
6234,,8.0,,,,,,11784.651162790698
6240,5.0,,,,,,,11801.39534883721
6241,,8.0,,,,,,11804.186046511628
6248,5.0,,,,,,,11823.720930232557
6249,,8.0,,,,,,11826.511627906977
6259,5.0,,,,,,,11854.418604651162
6260,,8.0,,,,,,11857.209302325582
6264,,,0.3962676525115967,0.4582834541797638,0.0007775879930704832,0.14902228116989136,-0.765724241733551,11862.727272727272
6266,,,0.4080485999584198,0.49678027629852295,0.021897388622164726,0.1360522359609604,-0.6000763177871704,11868.181818181818
6277,5.0,,,,,,,11898.181818181818
6278,,8.0,,,,,,11900.90909090909
6285,5.0,,,,,,,11920.0
6286,,8.0,,,,,,11922.727272727272
6297,5.0,,,,,,,11952.727272727272
6298,,8.0,,,,,,11955.454545454546
6305,5.0,,,,,,,11974.545454545454
6306,,8.0,,,,,,11977.272727272728
6310,,,0.46906372904777527,0.5715168714523315,0.02194659598171711,0.12155121564865112,-0.3413783311843872,11983.333333333334
6316,5.0,,,,,,,12003.333333333334
6317,,8.0,,,,,,12006.666666666666
6324,5.0,,,,,,,12030.0
6325,,8.0,,,,,,12033.333333333334
6333,5.0,,,,,,,12060.0
6334,,8.0,,,,,,12063.333333333334
6343,5.0,,,,,,,12093.333333333334
6344,,8.0,,,,,,12096.666666666666
6353,,,0.5092586278915405,0.5710001587867737,-0.006298523861914873,0.1241392120718956,0.0389154888689518,12112.857142857143
6370,5.0,,,,,,,12149.285714285714
6371,,8.0,,,,,,12151.42857142857
6381,5.0,,,,,,,12172.857142857143
6382,,8.0,,,,,,12175.0
6392,5.0,,,,,,,12196.42857142857
6393,,8.0,,,,,,12198.57142857143
6401,5.0,,,,,,,12215.714285714286
6402,,8.0,,,,,,12217.857142857143
6409,,,0.43341612815856934,0.48212993144989014,0.023641735315322876,0.11365588754415512,0.6874048709869385,12231.707317073171
6417,5.0,,,,,,,12255.121951219513
6418,,8.0,,,,,,12258.048780487805
6426,5.0,,,,,,,12281.463414634147
6427,,8.0,,,,,,12284.390243902439
6438,5.0,,,,,,,12316.585365853658
6439,,8.0,,,,,,12319.512195121952
6444,5.0,,,,,,,12334.146341463415
6445,,8.0,,,,,,12337.073170731708
6449,,,0.4605283737182617,0.5528681874275208,0.01576036401093006,0.12201272696256638,0.016780095174908638,12342.727272727272
6458,5.0,,,,,,,12367.272727272728
6459,,8.0,,,,,,12370.0
6470,5.0,,,,,,,12400.0
6471,,8.0,,,,,,12402.727272727272
6481,5.0,,,,,,,12430.0
6482,,8.0,,,,,,12432.727272727272
6490,5.0,,,,,,,12454.545454545454
6491,,8.0,,,,,,12457.272727272728
6495,,,0.49903273582458496,0.5739403963088989,0.024943649768829346,0.12484968453645706,0.6016586422920227,12463.0
6499,,,0.45217835903167725,0.6022799015045166,0.03140867501497269,0.12759895622730255,0.5797712206840515,12475.0
6505,5.0,,,,,,,12493.0
6506,,8.0,,,,,,12496.0
6519,5.0,,,,,,,12535.0
6520,,8.0,,,,,,12538.0
6527,5.0,,,,,,,12559.0
6528,,8.0,,,,,,12562.0
6532,5.0,,,,,,,12574.0
6533,,8.0,,,,,,12577.0
6540,,,0.3606894016265869,0.485770046710968,0.011502253822982311,0.06353738158941269,0.22487737238407135,12589.795918367347
6547,5.0,,,,,,,12606.938775510203
6548,,8.0,,,,,,12609.387755102041
6558,5.0,,,,,,,12633.877551020409
6559,,8.0,,,,,,12636.326530612245
6571,5.0,,,,,,,12665.714285714286
6572,,8.0,,,,,,12668.163265306122
6583,5.0,,,,,,,12695.102040816326
6584,,8.0,,,,,,12697.551020408164
6589,,,0.4773472547531128,0.5759188532829285,0.013785189017653465,0.144444540143013,0.6885053515434265,12705.333333333334
6595,5.0,,,,,,,12721.333333333334
6596,,8.0,,,,,,12724.0
6609,5.0,,,,,,,12758.666666666666
6610,,8.0,,,,,,12761.333333333334
6618,5.0,,,,,,,12782.666666666666
6619,,8.0,,,,,,12785.333333333334
6630,5.0,,,,,,,12814.666666666666
6631,,8.0,,,,,,12817.333333333334
6635,,,0.46152666211128235,0.591057300567627,0.01511310413479805,0.11336322873830795,0.741562008857727,12823.0
6643,5.0,,,,,,,12847.0
6644,,8.0,,,,,,12850.0
6650,5.0,,,,,,,12868.0
6651,,8.0,,,,,,12871.0
6658,5.0,,,,,,,12892.0
6659,,8.0,,,,,,12895.0
6672,5.0,,,,,,,12934.0
6673,,8.0,,,,,,12937.0
6677,,,0.4523301124572754,0.5701645612716675,0.02693297155201435,0.0958920419216156,1.210777759552002,12942.727272727272
6684,5.0,,,,,,,12961.818181818182
6685,,8.0,,,,,,12964.545454545454
6696,5.0,,,,,,,12994.545454545454
6697,,8.0,,,,,,12997.272727272728
6707,5.0,,,,,,,13024.545454545454
6708,,8.0,,,,,,13027.272727272728
6718,5.0,,,,,,,13054.545454545454
6719,,8.0,,,,,,13057.272727272728
6723,,,0.4265543818473816,0.5069624781608582,0.007534068543463945,0.07437825202941895,1.008885383605957,13063.0
6727,,,0.4258924424648285,0.4852125942707062,-0.0003156188176944852,0.07728131115436554,1.0642030239105225,13075.0
6739,5.0,,,,,,,13111.0
6740,,8.0,,,,,,13114.0
6744,5.0,,,,,,,13126.0
6745,,8.0,,,,,,13129.0
6752,5.0,,,,,,,13150.0
6753,,8.0,,,,,,13153.0
6760,5.0,,,,,,,13174.0
6761,,8.0,,,,,,13177.0
6766,,,0.4633079171180725,0.5806176662445068,0.04001583158969879,0.0975082516670227,0.9100960493087769,13185.581395348838
6774,5.0,,,,,,,13207.906976744185
6775,,8.0,,,,,,13210.697674418605
6782,5.0,,,,,,,13230.232558139534
6783,,8.0,,,,,,13233.023255813954
6793,5.0,,,,,,,13260.93023255814
6794,,8.0,,,,,,13263.720930232557
6805,5.0,,,,,,,13294.418604651162
6806,,8.0,,,,,,13297.209302325582
6812,,,0.37315040826797485,0.4737437963485718,0.015384946018457413,0.1277913600206375,1.9166405200958252,13308.372093023256
6818,5.0,,,,,,,13325.116279069767
6819,,8.0,,,,,,13327.906976744185
6828,5.0,,,,,,,13353.023255813954
6829,,8.0,,,,,,13355.813953488372
6839,5.0,,,,,,,13383.720930232557
6840,,8.0,,,,,,13386.511627906977
6850,5.0,,,,,,,13414.418604651162
6851,,8.0,,,,,,13417.209302325582
6857,,,0.46772804856300354,0.5405555963516235,0.045372284948825836,0.1425657868385315,1.6809301376342773,13428.181818181818
6863,5.0,,,,,,,13444.545454545454
6864,,8.0,,,,,,13447.272727272728
6874,5.0,,,,,,,13474.545454545454
6875,,8.0,,,,,,13477.272727272728
6882,5.0,,,,,,,13496.363636363636
6883,,8.0,,,,,,13499.09090909091
6896,5.0,,,,,,,13534.545454545454
6897,,8.0,,,,,,13537.272727272728
6901,,,0.388098806142807,0.4425908327102661,0.04060177132487297,0.09897910803556442,1.1717989444732666,13543.157894736842
6906,5.0,,,,,,,13558.947368421053
6907,,8.0,,,,,,13562.105263157895
6918,5.0,,,,,,,13596.842105263158
6919,,8.0,,,,,,13600.0
6928,5.0,,,,,,,13628.421052631578
6929,,8.0,,,,,,13631.578947368422
6936,5.0,,,,,,,13653.684210526315
6937,,8.0,,,,,,13656.842105263158
6942,,,0.4272744655609131,0.47876614332199097,0.01580285280942917,0.10023809224367142,1.1864745616912842,13665.333333333334
6944,,,0.4030434787273407,0.503208577632904,0.024218089878559113,0.086872898042202,1.1788411140441895,13670.666666666666
6954,5.0,,,,,,,13697.333333333334
6955,,8.0,,,,,,13700.0
6962,5.0,,,,,,,13718.666666666666
6963,,8.0,,,,,,13721.333333333334
6970,5.0,,,,,,,13740.0
6971,,8.0,,,,,,13742.666666666666
6983,5.0,,,,,,,13774.666666666666
6984,,8.0,,,,,,13777.333333333334
6991,,,0.4437312185764313,0.5030931234359741,0.01843058504164219,0.07290986180305481,1.1959311962127686,13789.795918367347
7004,5.0,,,,,,,13821.632653061224
7005,,8.0,,,,,,13824.081632653062
7013,5.0,,,,,,,13843.673469387755
7014,,8.0,,,,,,13846.122448979591
7022,5.0,,,,,,,13865.714285714286
7023,,8.0,,,,,,13868.163265306122
7034,5.0,,,,,,,13895.102040816326
7035,,8.0,,,,,,13897.551020408164
7039,,,0.45461225509643555,0.5201427340507507,0.018666861578822136,0.08088694512844086,1.3095728158950806,13902.790697674418
7048,5.0,,,,,,,13927.906976744185
7049,,8.0,,,,,,13930.697674418605
7057,5.0,,,,,,,13953.023255813954
7058,,8.0,,,,,,13955.813953488372
7067,5.0,,,,,,,13980.93023255814
7068,,8.0,,,,,,13983.720930232557
7079,5.0,,,,,,,14014.418604651162
7080,,8.0,,,,,,14017.209302325582
7085,,,0.49863705039024353,0.5785331726074219,0.02394547499716282,0.12066600471735,1.3339111804962158,14025.454545454546
7098,5.0,,,,,,,14060.90909090909
7099,,8.0,,,,,,14063.636363636364
7107,5.0,,,,,,,14085.454545454546
7108,,8.0,,,,,,14088.181818181818
7116,5.0,,,,,,,14110.0
7117,,8.0,,,,,,14112.727272727272
7125,5.0,,,,,,,14134.545454545454
7126,,8.0,,,,,,14137.272727272728
7131,,,0.4229697287082672,0.5455119609832764,0.003323368262499571,0.08042151480913162,0.8806304931640625,14145.333333333334
7143,5.0,,,,,,,14177.333333333334
7144,,8.0,,,,,,14180.0
7153,5.0,,,,,,,14204.0
7154,,8.0,,,,,,14206.666666666666
7163,5.0,,,,,,,14230.666666666666
7164,,8.0,,,,,,14233.333333333334
7172,5.0,,,,,,,14254.666666666666
7173,,8.0,,,,,,14257.333333333334
7177,,,0.430936336517334,0.5549207329750061,0.012941017746925354,0.09378951042890549,0.5259745717048645,14262.926829268292
7181,,,0.4319875240325928,0.5340428352355957,0.03960808366537094,0.11217524111270905,0.7227303385734558,14274.634146341463
7188,5.0,,,,,,,14295.121951219513
7189,,8.0,,,,,,14298.048780487805
7200,5.0,,,,,,,14330.243902439024
7201,,8.0,,,,,,14333.170731707318
7204,5.0,,,,,,,14341.951219512195
7205,,8.0,,,,,,14344.878048780487
7215,5.0,,,,,,,14374.146341463415
7216,,8.0,,,,,,14377.073170731708
7225,,,0.413048654794693,0.5427343249320984,0.021005962044000626,0.07986337691545486,-0.09641780704259872,14396.363636363636
7235,5.0,,,,,,,14423.636363636364
7236,,8.0,,,,,,14426.363636363636
7247,5.0,,,,,,,14456.363636363636
7248,,8.0,,,,,,14459.09090909091
7254,5.0,,,,,,,14475.454545454546
7255,,8.0,,,,,,14478.181818181818
7261,5.0,,,,,,,14494.545454545454
7262,,8.0,,,,,,14497.272727272728
7269,,,0.4872100055217743,0.5903962254524231,0.04027791693806648,0.13440486788749695,0.4439811706542969,14510.434782608696
7281,5.0,,,,,,,14541.739130434782
7282,,8.0,,,,,,14544.347826086956
7292,5.0,,,,,,,14570.434782608696
7293,,8.0,,,,,,14573.04347826087
7303,5.0,,,,,,,14599.130434782608
7304,,8.0,,,,,,14601.739130434782
7309,5.0,,,,,,,14614.782608695652
7310,,8.0,,,,,,14617.391304347826
7315,,,0.45479708909988403,0.5897107720375061,0.031359583139419556,0.11152541637420654,0.35576674342155457,14626.153846153846
7325,5.0,,,,,,,14656.923076923076
7326,,8.0,,,,,,14660.0
7331,5.0,,,,,,,14675.384615384615
7332,,8.0,,,,,,14678.461538461539
7342,5.0,,,,,,,14709.23076923077
7343,,8.0,,,,,,14712.307692307691
7350,5.0,,,,,,,14733.846153846154
7351,,8.0,,,,,,14736.923076923076
7356,,,0.3886463940143585,0.5001594424247742,0.021636178717017174,0.12301091849803925,0.027829166501760483,14745.106382978724
7367,5.0,,,,,,,14773.191489361701
7368,,8.0,,,,,,14775.744680851063
7379,5.0,,,,,,,14803.829787234043
7380,,8.0,,,,,,14806.382978723404
7388,5.0,,,,,,,14826.808510638299
7389,,8.0,,,,,,14829.36170212766
7399,5.0,,,,,,,14854.893617021276
7400,,8.0,,,,,,14857.446808510638
7406,,,0.44235408306121826,0.5313946604728699,0.026862917467951775,0.10489204525947571,0.6645389199256897,14867.659574468085
7408,,,0.4070005714893341,0.5139226913452148,0.0062625352293252945,0.09569048881530762,0.42635807394981384,14872.765957446809
7418,5.0,,,,,,,14898.297872340425
7419,,8.0,,,,,,14900.851063829787
7427,5.0,,,,,,,14921.27659574468
7428,,8.0,,,,,,14923.829787234043
7439,5.0,,,,,,,14951.91489361702
7440,,8.0,,,,,,14954.468085106382
7448,5.0,,,,,,,14974.893617021276
7449,,8.0,,,,,,14977.446808510638
7454,,,0.4148426651954651,0.5171307325363159,0.024987580254673958,0.083332359790802,0.5103029608726501,14985.581395348838
7464,5.0,,,,,,,15013.488372093023
7465,,8.0,,,,,,15016.279069767443
7472,5.0,,,,,,,15035.813953488372
7473,,8.0,,,,,,15038.60465116279
7483,5.0,,,,,,,15066.511627906977
7484,,8.0,,,,,,15069.302325581395
7493,5.0,,,,,,,15094.418604651162
7494,,8.0,,,,,,15097.209302325582
7500,,,0.48483362793922424,0.6166315674781799,0.03439582511782646,0.11421579867601395,1.6103827953338623,15108.0
7511,5.0,,,,,,,15137.333333333334
7512,,8.0,,,,,,15140.0
7520,5.0,,,,,,,15161.333333333334
7521,,8.0,,,,,,15164.0
7530,5.0,,,,,,,15188.0
7531,,8.0,,,,,,15190.666666666666
7540,5.0,,,,,,,15214.666666666666
7541,,8.0,,,,,,15217.333333333334
7547,,,0.44185706973075867,0.487603098154068,0.018596449866890907,0.08567584306001663,1.807931661605835,15227.34693877551
7561,5.0,,,,,,,15261.632653061224
7562,,8.0,,,,,,15264.081632653062
7575,5.0,,,,,,,15295.918367346938
7576,,8.0,,,,,,15298.367346938776
7581,5.0,,,,,,,15310.612244897959
7582,,8.0,,,,,,15313.061224489797
7591,5.0,,,,,,,15335.102040816326
7592,,8.0,,,,,,15337.551020408164
7596,,,0.46378400921821594,0.5372024178504944,0.004603977780789137,0.12422192841768265,1.60652494430542,15343.157894736842
7605,5.0,,,,,,,15371.578947368422
7606,,8.0,,,,,,15374.736842105263
7614,5.0,,,,,,,15400.0
7615,,8.0,,,,,,15403.157894736842
7621,5.0,,,,,,,15422.105263157895
7622,,8.0,,,,,,15425.263157894737
7631,5.0,,,,,,,15453.684210526315
7632,,8.0,,,,,,15456.842105263158
7636,,,0.45205679535865784,0.5836015939712524,0.029004892334342003,0.10982121527194977,-0.8054638504981995,15462.857142857143
7640,,,0.500568151473999,0.6299017071723938,0.03554346412420273,0.11768165975809097,-0.34140443801879883,15474.285714285714
7646,5.0,,,,,,,15491.42857142857
7647,,8.0,,,,,,15494.285714285714
7653,5.0,,,,,,,15511.42857142857
7654,,8.0,,,,,,15514.285714285714
7660,5.0,,,,,,,15531.42857142857
7661,,8.0,,,,,,15534.285714285714
7675,5.0,,,,,,,15574.285714285714
7676,,8.0,,,,,,15577.142857142857
7682,,,0.38725608587265015,0.46219444274902344,0.0067298454232513905,0.10166206955909729,-0.6436178088188171,15587.659574468085
7694,5.0,,,,,,,15618.297872340425
7695,,8.0,,,,,,15620.851063829787
7705,5.0,,,,,,,15646.382978723404
7706,,8.0,,,,,,15648.936170212766
7715,5.0,,,,,,,15671.91489361702
7716,,8.0,,,,,,15674.468085106382
7724,5.0,,,,,,,15694.893617021276
7725,,8.0,,,,,,15697.446808510638
7732,,,0.37521815299987793,0.4782957136631012,0.03216344490647316,0.09904836863279343,-0.0019164900295436382,15703.265306122448
7745,5.0,,,,,,,15713.877551020409
7746,,8.0,,,,,,15714.69387755102
7755,5.0,,,,,,,15722.040816326531
7756,,8.0,,,,,,15722.857142857143
7766,5.0,,,,,,,15731.020408163266
7767,,8.0,,,,,,15731.836734693878
7775,5.0,,,,,,,15738.367346938776
7776,,8.0,,,,,,15739.183673469388
7782,,,0.38951462507247925,0.4477939307689667,0.022263798862695694,0.08978775888681412,0.08413402736186981,15743.195652173914
7796,5.0,,,,,,,15758.108695652174
7797,,8.0,,,,,,15759.173913043478
7805,5.0,,,,,,,15767.695652173914
7806,,8.0,,,,,,15768.760869565218
7814,5.0,,,,,,,15777.282608695652
7815,,8.0,,,,,,15778.347826086956
7823,5.0,,,,,,,15786.869565217392
7824,,8.0,,,,,,15787.934782608696
7828,,,0.6727868914604187,0.8486641049385071,0.06267496943473816,0.19474852085113525,0.2759126126766205,15792.42857142857
7836,5.0,,,,,,,15819.857142857143
7837,,8.0,,,,,,15823.285714285714
7845,5.0,,,,,,,15850.714285714286
7846,,8.0,,,,,,15854.142857142857
7852,5.0,,,,,,,15874.714285714286
7853,,8.0,,,,,,15878.142857142857
7860,5.0,,,,,,,15902.142857142857
7861,,8.0,,,,,,15905.57142857143
7866,,,0.5120546221733093,0.6109238266944885,0.03865073248744011,0.1356199085712433,0.4256497919559479,15911.45
7869,,,0.4815201461315155,0.5487204790115356,0.04677974805235863,0.14599297940731049,0.6052341461181641,15915.125
7879,5.0,,,,,,,15927.375
7880,,8.0,,,,,,15928.6
7885,5.0,,,,,,,15934.725
7886,,8.0,,,,,,15935.95
7894,5.0,,,,,,,15945.75
7895,,8.0,,,,,,15946.975
7902,5.0,,,,,,,15955.55
7903,,8.0,,,,,,15956.775
7911,,,0.4786064028739929,0.626366138458252,0.01359044760465622,0.1273421049118042,-0.07497041672468185,15972.634146341463
7918,5.0,,,,,,,15993.121951219513
7919,,8.0,,,,,,15996.048780487805
7927,5.0,,,,,,,16019.463414634147
7928,,8.0,,,,,,16022.390243902439
7934,5.0,,,,,,,16039.951219512195
7935,,8.0,,,,,,16042.878048780487
7945,5.0,,,,,,,16072.146341463415
7946,,8.0,,,,,,16075.073170731708
7951,,,0.3363233208656311,0.4314579367637634,0.014218841679394245,0.0526084266602993,-0.5802302956581116,16083.714285714286
7963,5.0,,,,,,,16118.0
7964,,8.0,,,,,,16120.857142857143
7973,5.0,,,,,,,16146.57142857143
7974,,8.0,,,,,,16149.42857142857
7981,5.0,,,,,,,16169.42857142857
7982,,8.0,,,,,,16172.285714285714
7989,5.0,,,,,,,16192.285714285714
7990,,8.0,,,,,,16195.142857142857
7994,,,0.4687195122241974,0.5217779874801636,0.03435063362121582,0.1378769874572754,0.5256473422050476,16200.448979591836
8006,5.0,,,,,,,16229.836734693878
8007,,8.0,,,,,,16232.285714285714
8014,5.0,,,,,,,16249.42857142857
8015,,8.0,,,,,,16251.877551020409
8027,5.0,,,,,,,16281.265306122448
8028,,8.0,,,,,,16283.714285714286
8040,5.0,,,,,,,16313.102040816326
8041,,8.0,,,,,,16315.551020408164
8045,,,0.41927802562713623,0.5354477763175964,0.04578283056616783,0.10399994999170303,-0.08462675660848618,16320.666666666666
8055,5.0,,,,,,,16347.333333333334
8056,,8.0,,,,,,16350.0
8067,5.0,,,,,,,16379.333333333334
8068,,8.0,,,,,,16382.0
8076,5.0,,,,,,,16403.333333333332
8077,,8.0,,,,,,16406.0
8087,5.0,,,,,,,16432.666666666668
8088,,8.0,,,,,,16435.333333333332
8092,,,0.3576778173446655,0.4763477146625519,0.019166938960552216,0.05297357216477394,-0.48130181431770325,16440.608695652172
8096,,,0.4513128101825714,0.5526074767112732,0.0212069284170866,0.08460395038127899,-0.08255806565284729,16451.043478260868
8105,5.0,,,,,,,16474.521739130436
8106,,8.0,,,,,,16477.130434782608
8115,5.0,,,,,,,16500.608695652172
8116,,8.0,,,,,,16503.217391304348
8124,5.0,,,,,,,16524.08695652174
8125,,8.0,,,,,,16526.695652173912
8135,5.0,,,,,,,16552.782608695652
8136,,8.0,,,,,,16555.391304347828
8145,,,0.47925373911857605,0.5932987332344055,0.022850973531603813,0.10924660414457321,0.5333757996559143,16572.117647058825
8158,5.0,,,,,,,16602.70588235294
8159,,8.0,,,,,,16605.058823529413
8169,5.0,,,,,,,16628.58823529412
8170,,8.0,,,,,,16630.941176470587
8179,5.0,,,,,,,16652.117647058825
8180,,8.0,,,,,,16654.470588235294
8188,5.0,,,,,,,16673.29411764706
8189,,8.0,,,,,,16675.647058823528
8196,,,0.39238664507865906,0.4698711633682251,0.03886179253458977,0.14486125111579895,0.40357673168182373,16687.41176470588
8209,5.0,,,,,,,16718.0
8210,,8.0,,,,,,16720.352941176472
8220,5.0,,,,,,,16743.882352941175
8221,,8.0,,,,,,16746.235294117647
8231,5.0,,,,,,,16769.764705882353
8232,,8.0,,,,,,16772.117647058825
8241,5.0,,,,,,,16793.29411764706
8242,,8.0,,,,,,16795.647058823528
8251,,,0.4030933976173401,0.47829240560531616,0.014020100235939026,0.11959712207317352,-0.032089363783597946,16813.0
8259,5.0,,,,,,,16833.0
8260,,8.0,,,,,,16835.5
8270,5.0,,,,,,,16860.5
8271,,8.0,,,,,,16863.0
8278,5.0,,,,,,,16880.5
8279,,8.0,,,,,,16883.0
8291,5.0,,,,,,,16913.0
8292,,8.0,,,,,,16915.5
8298,,,0.4214116036891937,0.5082709789276123,0.010700301267206669,0.1053396463394165,0.19742238521575928,16920.46
8310,5.0,,,,,,,16930.3
8311,,8.0,,,,,,16931.12
8322,5.0,,,,,,,16940.14
8323,,8.0,,,,,,16940.96
8333,5.0,,,,,,,16949.16
8334,,8.0,,,,,,16949.98
8343,5.0,,,,,,,16957.36
8344,,8.0,,,,,,16958.18
8348,,,0.4244277775287628,0.5102338194847107,0.029154649004340172,0.11312266439199448,0.600583016872406,16961.352941176472
8354,,,0.44323840737342834,0.5381141304969788,0.02113032341003418,0.11095289885997772,0.5087828040122986,16975.470588235294
8366,5.0,,,,,,,17003.70588235294
8367,,8.0,,,,,,17006.058823529413
8378,5.0,,,,,,,17031.941176470587
8379,,8.0,,,,,,17034.29411764706
8385,5.0,,,,,,,17048.41176470588
8386,,8.0,,,,,,17050.764705882353
8396,5.0,,,,,,,17074.29411764706
8397,,8.0,,,,,,17076.647058823528
8403,,,0.4095638394355774,0.5330501794815063,0.02886524610221386,0.0959341749548912,0.5996899008750916,17087.780487804877
8411,5.0,,,,,,,17111.19512195122
8412,,8.0,,,,,,17114.121951219513
8422,5.0,,,,,,,17143.39024390244
8423,,8.0,,,,,,17146.317073170732
8431,5.0,,,,,,,17169.731707317074
8432,,8.0,,,,,,17172.658536585364
8439,5.0,,,,,,,17193.146341463416
8440,,8.0,,,,,,17196.073170731706
8448,,,0.43852508068084717,0.5516048073768616,0.01938292384147644,0.12042143195867538,1.0901845693588257,17211.244897959183
8460,5.0,,,,,,,17240.632653061224
8461,,8.0,,,,,,17243.081632653062
8469,5.0,,,,,,,17262.673469387755
8470,,8.0,,,,,,17265.122448979593
8478,5.0,,,,,,,17284.714285714286
8479,,8.0,,,,,,17287.163265306124
8490,5.0,,,,,,,17314.102040816328
8491,,8.0,,,,,,17316.551020408162
8498,,,0.3893653154373169,0.5318883061408997,0.002682808320969343,0.07259619235992432,0.8289833664894104,17329.909090909092
8503,5.0,,,,,,,17343.545454545456
8504,,8.0,,,,,,17346.272727272728
8512,5.0,,,,,,,17368.090909090908
8513,,8.0,,,,,,17370.81818181818
8521,5.0,,,,,,,17392.636363636364
8522,,8.0,,,,,,17395.363636363636
8536,5.0,,,,,,,17433.545454545456
8537,,8.0,,,,,,17436.272727272728
8541,,,0.4005185067653656,0.4945327937602997,0.025648731738328934,0.10120899230241776,1.263965368270874,17441.352941176472
8555,5.0,,,,,,,17474.29411764706
8556,,8.0,,,,,,17476.647058823528
8567,5.0,,,,,,,17502.529411764706
8568,,8.0,,,,,,17504.882352941175
8583,5.0,,,,,,,17540.176470588234
8584,,8.0,,,,,,17542.529411764706
8589,5.0,,,,,,,17554.29411764706
8590,,8.0,,,,,,17556.647058823528
8596,,,0.3379858136177063,0.41805166006088257,0.010488390922546387,0.052941013127565384,0.9076327085494995,17566.82608695652
8598,,,0.3691079616546631,0.47330254316329956,0.008511333726346493,0.05338897928595543,0.9800770282745361,17572.043478260868
8608,5.0,,,,,,,17598.130434782608
8609,,8.0,,,,,,17600.739130434784
8617,5.0,,,,,,,17621.608695652172
8618,,8.0,,,,,,17624.217391304348
8624,5.0,,,,,,,17639.869565217392
8625,,8.0,,,,,,17642.478260869564
8637,5.0,,,,,,,17673.782608695652
8638,,8.0,,,,,,17676.391304347828
8644,,,0.4475211799144745,0.5567205548286438,0.01845397986471653,0.0817914605140686,1.0036003589630127,17689.285714285714
8649,5.0,,,,,,,17706.428571428572
8650,,8.0,,,,,,17709.85714285714
8658,5.0,,,,,,,17737.285714285714
8659,,8.0,,,,,,17740.714285714286
8665,5.0,,,,,,,17761.285714285714
8666,,8.0,,,,,,17764.714285714286
8674,5.0,,,,,,,17792.14285714286
8675,,8.0,,,,,,17795.571428571428
8680,,,0.4066549241542816,0.49068236351013184,0.03216670826077461,0.07246706634759903,0.9326955080032349,17804.454545454544
8689,5.0,,,,,,,17829.0
8690,,8.0,,,,,,17831.727272727272
8703,5.0,,,,,,,17867.18181818182
8704,,8.0,,,,,,17869.909090909092
8712,5.0,,,,,,,17891.727272727272
8713,,8.0,,,,,,17894.454545454544
8720,5.0,,,,,,,17913.545454545456
8721,,8.0,,,,,,17916.272727272728
8725,,,0.34828343987464905,0.4410288631916046,0.029987001791596413,0.0713334009051323,0.7083683609962463,17922.157894736843
8733,5.0,,,,,,,17947.42105263158
8734,,8.0,,,,,,17950.57894736842
8742,5.0,,,,,,,17975.842105263157
8743,,8.0,,,,,,17979.0
8750,5.0,,,,,,,18001.105263157893
8751,,8.0,,,,,,18004.263157894737
8760,5.0,,,,,,,18032.684210526317
8761,,8.0,,,,,,18035.842105263157
8768,,,0.43987685441970825,0.5674191117286682,0.015899360179901123,0.07927266508340836,0.7065742015838623,18050.162790697676
8777,5.0,,,,,,,18075.279069767443
8778,,8.0,,,,,,18078.06976744186
8782,5.0,,,,,,,18089.232558139534
8783,,8.0,,,,,,18092.023255813954
8793,5.0,,,,,,,18119.93023255814
8794,,8.0,,,,,,18122.720930232557
8805,5.0,,,,,,,18153.418604651164
8806,,8.0,,,,,,18156.20930232558
8810,,,0.4468595087528229,0.5142366886138916,0.040268052369356155,0.09604959934949875,0.44878625869750977,18161.608695652172
8814,,,0.4519176185131073,0.5290178060531616,0.00903867743909359,0.07879474759101868,0.43131235241889954,18172.043478260868
8824,5.0,,,,,,,18198.130434782608
8825,,8.0,,,,,,18200.739130434784
8830,5.0,,,,,,,18213.782608695652
8831,,8.0,,,,,,18216.391304347828
8844,5.0,,,,,,,18250.304347826088
8845,,8.0,,,,,,18252.91304347826
8853,5.0,,,,,,,18273.782608695652
8854,,8.0,,,,,,18276.391304347828
8861,,,0.3286059498786926,0.4023159444332123,0.018438322469592094,0.060089461505413055,-0.23698464035987854,18287.13559322034
8878,5.0,,,,,,,18321.71186440678
8879,,8.0,,,,,,18323.745762711864
8890,5.0,,,,,,,18346.118644067796
8891,,8.0,,,,,,18348.15254237288
8902,5.0,,,,,,,18370.525423728814
8903,,8.0,,,,,,18372.5593220339
8914,5.0,,,,,,,18394.93220338983
8915,,8.0,,,,,,18396.966101694914
8921,,,0.43310436606407166,0.5509272813796997,0.028084322810173035,0.09063518047332764,0.3386364281177521,18406.2
8930,5.0,,,,,,,18427.8
8931,,8.0,,,,,,18430.2
8942,5.0,,,,,,,18456.6
8943,,8.0,,,,,,18459.0
8954,5.0,,,,,,,18485.4
8955,,8.0,,,,,,18487.8
8966,5.0,,,,,,,18514.2
8967,,8.0,,,,,,18516.6
8975,,,0.5224700570106506,0.6695485711097717,0.025143884122371674,0.11563348025083542,0.19115082919597626,18529.344827586207
8986,5.0,,,,,,,18552.103448275862
8987,,8.0,,,,,,18554.172413793105
9000,5.0,,,,,,,18581.068965517243
9001,,8.0,,,,,,18583.137931034482
9013,5.0,,,,,,,18607.96551724138
9014,,8.0,,,,,,18610.03448275862
9026,5.0,,,,,,,18634.862068965518
9027,,8.0,,,,,,18636.931034482757
9032,,,0.46923133730888367,0.5796318650245667,0.014330442063510418,0.11743694543838501,0.10534732043743134,18644.333333333332
9045,5.0,,,,,,,18679.0
9046,,8.0,,,,,,18681.666666666668
9051,5.0,,,,,,,18695.0
9052,,8.0,,,,,,18697.666666666668
9066,5.0,,,,,,,18735.0
9067,,8.0,,,,,,18737.666666666668
9073,5.0,,,,,,,18753.666666666668
9074,,8.0,,,,,,18756.333333333332
9078,,,0.3888815641403198,0.4413585066795349,0.020036377012729645,0.07096007466316223,-0.06776934862136841,18762.75
9080,,,0.4617023169994354,0.5581894516944885,0.019755173474550247,0.09848669171333313,0.3429870307445526,18770.25
9088,5.0,,,,,,,18800.25
9089,,8.0,,,,,,18804.0
9094,5.0,,,,,,,18822.75
9095,,8.0,,,,,,18826.5
9100,5.0,,,,,,,18845.25
9101,,8.0,,,,,,18849.0
9107,5.0,,,,,,,18871.5
9108,,8.0,,,,,,18875.25
9114,,,0.4823230803012848,0.5768071413040161,0.0181823018938303,0.10147028416395187,0.13454103469848633,18886.82608695652
9126,5.0,,,,,,,18918.130434782608
9127,,8.0,,,,,,18920.739130434784
9138,5.0,,,,,,,18949.434782608696
9139,,8.0,,,,,,18952.043478260868
9148,5.0,,,,,,,18975.521739130436
9149,,8.0,,,,,,18978.130434782608
9155,5.0,,,,,,,18993.782608695652
9156,,8.0,,,,,,18996.391304347828
9160,,,0.4188039302825928,0.49611181020736694,0.011283321306109428,0.07567756623029709,0.35315680503845215,19001.666666666668
9172,5.0,,,,,,,19033.666666666668
9173,,8.0,,,,,,19036.333333333332
9179,5.0,,,,,,,19052.333333333332
9180,,8.0,,,,,,19055.0
9192,5.0,,,,,,,19087.0
9193,,8.0,,,,,,19089.666666666668
9202,5.0,,,,,,,19113.666666666668
9203,,8.0,,,,,,19116.333333333332
9208,,,0.4518280029296875,0.5422821640968323,0.017852649092674255,0.0724654421210289,0.03002052754163742,19124.714285714286
9218,5.0,,,,,,,19153.285714285714
9219,,8.0,,,,,,19156.14285714286
9225,5.0,,,,,,,19173.285714285714
9226,,8.0,,,,,,19176.14285714286
9234,5.0,,,,,,,19199.0
9235,,8.0,,,,,,19201.85714285714
9246,5.0,,,,,,,19233.285714285714
9247,,8.0,,,,,,19236.14285714286
9252,,,0.46273472905158997,0.6093460321426392,0.04129151254892349,0.11241485923528671,0.1886598765850067,19245.85714285714
9258,5.0,,,,,,,19266.428571428572
9259,,8.0,,,,,,19269.85714285714
9265,5.0,,,,,,,19290.428571428572
9266,,8.0,,,,,,19293.85714285714
9275,5.0,,,,,,,19324.714285714286
9276,,8.0,,,,,,19328.14285714286
9283,5.0,,,,,,,19352.14285714286
9284,,8.0,,,,,,19355.571428571428
9288,,,0.43699514865875244,0.5695967078208923,0.009759066626429558,0.07119012624025345,-0.1761924773454666,19361.5
9295,,,0.43701788783073425,0.5073912143707275,0.02310207299888134,0.11365091055631638,0.016972696408629417,19379.0
9304,5.0,,,,,,,19401.5
9305,,8.0,,,,,,19404.0
9314,5.0,,,,,,,19426.5
9315,,8.0,,,,,,19429.0
9323,5.0,,,,,,,19449.0
9324,,8.0,,,,,,19451.5
9333,5.0,,,,,,,19474.0
9334,,8.0,,,,,,19476.5
9341,,,0.4006727933883667,0.4823291599750519,0.005443391390144825,0.07134069502353668,-0.06672357022762299,19489.666666666668
9347,5.0,,,,,,,19505.666666666668
9348,,8.0,,,,,,19508.333333333332
9357,5.0,,,,,,,19532.333333333332
9358,,8.0,,,,,,19535.0
9370,5.0,,,,,,,19567.0
9371,,8.0,,,,,,19569.666666666668
9380,5.0,,,,,,,19593.666666666668
9381,,8.0,,,,,,19596.333333333332
9389,,,0.4581386148929596,0.5293998122215271,0.006569181568920612,0.09284843504428864,-0.15809549391269684,19611.76595744681
9397,5.0,,,,,,,19632.191489361703
9398,,8.0,,,,,,19634.744680851065
9408,5.0,,,,,,,19660.27659574468
9409,,8.0,,,,,,19662.82978723404
9418,5.0,,,,,,,19685.808510638297
9419,,8.0,,,,,,19688.36170212766
9429,5.0,,,,,,,19713.893617021276
9430,,8.0,,,,,,19716.44680851064
9434,,,0.47030168771743774,0.5848808288574219,0.015108121559023857,0.06495930254459381,0.05760306119918823,19720.869565217392
9447,5.0,,,,,,,19745.17391304348
9448,,8.0,,,,,,19747.043478260868
9457,5.0,,,,,,,19763.869565217392
9458,,8.0,,,,,,19765.739130434784
9467,5.0,,,,,,,19782.565217391304
9468,,8.0,,,,,,19784.434782608696
9477,5.0,,,,,,,19801.260869565216
9478,,8.0,,,,,,19803.130434782608
9483,,,0.46427351236343384,0.5482483506202698,0.011780047789216042,0.073424331843853,0.5456979870796204,19810.217391304348
9493,5.0,,,,,,,19836.304347826088
9494,,8.0,,,,,,19838.91304347826
9507,5.0,,,,,,,19872.82608695652
9508,,8.0,,,,,,19875.434782608696
9518,5.0,,,,,,,19901.521739130436
9519,,8.0,,,,,,19904.130434782608
9525,5.0,,,,,,,19919.782608695652
9526,,8.0,,,,,,19922.391304347828
9530,,,0.44615572690963745,0.5347995162010193,0.03779967129230499,0.12259470671415329,0.33903253078460693,19928.243243243243
9533,,,0.46597301959991455,0.5740702748298645,0.00297499168664217,0.10407131165266037,0.1892918199300766,19937.972972972973
9538,5.0,,,,,,,19954.18918918919
9539,,8.0,,,,,,19957.432432432433
9544,5.0,,,,,,,19973.64864864865
9545,,8.0,,,,,,19976.891891891893
9555,5.0,,,,,,,20009.324324324323
9556,,8.0,,,,,,20012.567567567567
9564,5.0,,,,,,,20038.513513513513
9565,,8.0,,,,,,20041.756756756757
9572,,,0.4670880138874054,0.589952826499939,0.009660614654421806,0.06436701118946075,1.2142510414123535,20055.0
9583,5.0,,,,,,,20082.5
9584,,8.0,,,,,,20085.0
9592,5.0,,,,,,,20105.0
9593,,8.0,,,,,,20107.5
9604,5.0,,,,,,,20135.0
9605,,8.0,,,,,,20137.5
9614,5.0,,,,,,,20160.0
9615,,8.0,,,,,,20162.5
9622,,,0.4485705494880676,0.5495561957359314,0.017825203016400337,0.06333451718091965,1.300681471824646,20175.909090909092
9633,5.0,,,,,,,20205.909090909092
9634,,8.0,,,,,,20208.636363636364
9640,5.0,,,,,,,20225.0
9641,,8.0,,,,,,20227.727272727272
9654,5.0,,,,,,,20263.18181818182
9655,,8.0,,,,,,20265.909090909092
9660,5.0,,,,,,,20279.545454545456
9661,,8.0,,,,,,20282.272727272728
9666,,,0.5030884146690369,0.5929188132286072,-0.005214632023125887,0.0902363657951355,1.2969059944152832,20289.8
9678,5.0,,,,,,,20318.6
9679,,8.0,,,,,,20321.0
9689,5.0,,,,,,,20345.0
9690,,8.0,,,,,,20347.4
9701,5.0,,,,,,,20373.8
9702,,8.0,,,,,,20376.2
9712,5.0,,,,,,,20400.2
9713,,8.0,,,,,,20402.6
9718,,,0.45228686928749084,0.5524497032165527,-0.0031617966014891863,0.044297970831394196,0.7857410907745361,20410.853658536584
9729,5.0,,,,,,,20443.048780487807
9730,,8.0,,,,,,20445.975609756097
9738,5.0,,,,,,,20469.39024390244
9739,,8.0,,,,,,20472.317073170732
9749,5.0,,,,,,,20501.585365853658
9750,,8.0,,,,,,20504.51219512195
9755,5.0,,,,,,,20519.146341463416
9756,,8.0,,,,,,20522.073170731706
9760,,,0.41635069251060486,0.5062472224235535,0.00017522131383884698,0.04921676591038704,0.9652934670448303,20527.608695652172
9764,,,0.49282416701316833,0.6326912045478821,0.00838994886726141,0.06875748187303543,1.002285361289978,20538.043478260868
9774,5.0,,,,,,,20564.130434782608
9775,,8.0,,,,,,20566.739130434784
9783,5.0,,,,,,,20587.608695652172
9784,,8.0,,,,,,20590.217391304348
9793,5.0,,,,,,,20613.695652173912
9794,,8.0,,,,,,20616.304347826088
9803,5.0,,,,,,,20639.782608695652
9804,,8.0,,,,,,20642.391304347828
9809,,,0.4389709532260895,0.5034451484680176,0.01686694845557213,0.0674477368593216,1.150955080986023,20650.714285714286
9821,5.0,,,,,,,20685.0
9822,,8.0,,,,,,20687.85714285714
9831,5.0,,,,,,,20713.571428571428
9832,,8.0,,,,,,20716.428571428572
9838,5.0,,,,,,,20733.571428571428
9839,,8.0,,,,,,20736.428571428572
9847,5.0,,,,,,,20759.285714285714
9848,,8.0,,,,,,20762.14285714286
9852,,,0.5224088430404663,0.581006646156311,0.02782149612903595,0.0762515589594841,-0.2453060895204544,20768.157894736843
9860,5.0,,,,,,,20793.42105263158
9861,,8.0,,,,,,20796.57894736842
9870,5.0,,,,,,,20825.0
9871,,8.0,,,,,,20828.157894736843
9878,5.0,,,,,,,20850.263157894737
9879,,8.0,,,,,,20853.42105263158
9887,5.0,,,,,,,20878.684210526317
9888,,8.0,,,,,,20881.842105263157
9892,,,0.3935352563858032,0.5022410154342651,0.013533088378608227,0.0786055475473404,-0.3752292990684509,20887.30769230769
9906,5.0,,,,,,,20919.615384615383
9907,,8.0,,,,,,20921.923076923078
9916,5.0,,,,,,,20942.69230769231
9917,,8.0,,,,,,20945.0
9927,5.0,,,,,,,20968.076923076922
9928,,8.0,,,,,,20970.384615384617
9941,5.0,,,,,,,21000.384615384617
9942,,8.0,,,,,,21002.69230769231
9946,,,0.4824085235595703,0.621478259563446,0.02707960084080696,0.08933614939451218,-0.16179336607456207,21007.5
9954,5.0,,,,,,,21027.5
9955,,8.0,,,,,,21030.0
9966,5.0,,,,,,,21057.5
9967,,8.0,,,,,,21060.0
9977,5.0,,,,,,,21085.0
9978,,8.0,,,,,,21087.5
9991,5.0,,,,,,,21120.0
9992,,8.0,,,,,,21122.5
9996,,,0.43185487389564514,0.5242789387702942,0.015489229001104832,0.07195506244897842,0.26440536975860596,21127.727272727272
9998,,,0.4584633708000183,0.5957990884780884,0.0026960927061736584,0.0609702467918396,0.1757873147726059,21133.18181818182
10004,5.0,,,,,,,21149.545454545456
10005,,8.0,,,,,,21152.272727272728
10011,5.0,,,,,,,21168.636363636364
10012,,8.0,,,,,,21171.363636363636
10029,5.0,,,,,,,21217.727272727272
10030,,8.0,,,,,,21220.454545454544
10037,5.0,,,,,,,21239.545454545456
10038,,8.0,,,,,,21242.272727272728
10045,,,0.4697817265987396,0.6151061058044434,0.012842838652431965,0.07816027104854584,0.6520283222198486,21255.909090909092
10053,5.0,,,,,,,21277.727272727272
10054,,8.0,,,,,,21280.454545454544
10066,5.0,,,,,,,21313.18181818182
10067,,8.0,,,,,,21315.909090909092
10072,5.0,,,,,,,21329.545454545456
10073,,8.0,,,,,,21332.272727272728
10083,5.0,,,,,,,21359.545454545456
10084,,8.0,,,,,,21362.272727272728
10091,,,0.4668125510215759,0.5246136784553528,0.009507288224995136,0.05281830206513405,0.3489820659160614,21373.42105263158
10106,5.0,,,,,,,21405.0
10107,,8.0,,,,,,21407.105263157893
10117,5.0,,,,,,,21428.157894736843
10118,,8.0,,,,,,21430.263157894737
10129,5.0,,,,,,,21453.42105263158
10130,,8.0,,,,,,21455.526315789473
10142,5.0,,,,,,,21480.78947368421
10143,,8.0,,,,,,21482.894736842107
10148,,,0.5376302003860474,0.6682214140892029,0.013939937576651573,0.057394128292798996,0.8359143137931824,21490.581395348836
10158,5.0,,,,,,,21518.488372093023
10159,,8.0,,,,,,21521.279069767443
10166,5.0,,,,,,,21540.81395348837
10167,,8.0,,,,,,21543.60465116279
10173,5.0,,,,,,,21560.3488372093
10174,,8.0,,,,,,21563.13953488372
10187,5.0,,,,,,,21599.418604651164
10188,,8.0,,,,,,21602.20930232558
10193,,,0.5010308027267456,0.6148817539215088,0.017926055938005447,0.05004129558801651,0.5686801671981812,21611.315789473683
10208,5.0,,,,,,,21658.684210526317
10209,,8.0,,,,,,21661.842105263157
10214,5.0,,,,,,,21677.63157894737
10215,,8.0,,,,,,21680.78947368421
10221,5.0,,,,,,,21699.736842105263
10222,,8.0,,,,,,21702.894736842107
10227,5.0,,,,,,,21718.684210526317
10228,,8.0,,,,,,21721.842105263157
10233,,,0.4600145220756531,0.5501628518104553,0.03996872529387474,0.07362035661935806,0.7482057809829712,21730.581395348836
10238,,,0.686053454875946,0.7453140020370483,-0.0022621583193540573,0.0617777556180954,0.6227988004684448,21744.53488372093
10248,5.0,,,,,,,21772.441860465115
10249,,8.0,,,,,,21775.232558139534
10255,5.0,,,,,,,21791.976744186046
10256,,8.0,,,,,,21794.767441860466
10262,5.0,,,,,,,21811.511627906977
10263,,8.0,,,,,,21814.302325581397
10272,5.0,,,,,,,21839.418604651164
10273,,8.0,,,,,,21842.20930232558
10281,,,0.4779166877269745,0.5935277342796326,0.03721824660897255,0.1406136006116867,0.08193467557430267,21858.043478260868
10292,5.0,,,,,,,21886.739130434784
10293,,8.0,,,,,,21889.347826086956
10302,5.0,,,,,,,21912.82608695652
10303,,8.0,,,,,,21915.434782608696
10312,5.0,,,,,,,21938.91304347826
10313,,8.0,,,,,,21941.521739130436
10320,5.0,,,,,,,21959.782608695652
10321,,8.0,,,,,,21962.391304347828
10330,,,0.48582664132118225,0.5551459193229675,0.0010165103012695909,0.06087001785635948,0.17086617648601532,21980.0
10343,5.0,,,,,,,22012.5
10344,,8.0,,,,,,22015.0
10352,5.0,,,,,,,22035.0
10353,,8.0,,,,,,22037.5
10359,5.0,,,,,,,22052.5
10360,,8.0,,,,,,22055.0
10370,5.0,,,,,,,22080.0
10371,,8.0,,,,,,22082.5
10377,,,0.4717290699481964,0.5928572416305542,0.012862293049693108,0.05887158587574959,0.4048130512237549,22093.18181818182
10388,5.0,,,,,,,22123.18181818182
10389,,8.0,,,,,,22125.909090909092
10402,5.0,,,,,,,22161.363636363636
10403,,8.0,,,,,,22164.090909090908
10410,5.0,,,,,,,22183.18181818182
10411,,8.0,,,,,,22185.909090909092
10416,5.0,,,,,,,22199.545454545456
10417,,8.0,,,,,,22202.272727272728
10423,,,0.4721837043762207,0.5767336487770081,0.012182960286736488,0.05080340430140495,0.2709977626800537,22211.79245283019
10433,5.0,,,,,,,22234.43396226415
10434,,8.0,,,,,,22236.69811320755
10443,5.0,,,,,,,22257.075471698114
10444,,8.0,,,,,,22259.33962264151
10460,5.0,,,,,,,22295.56603773585
10461,,8.0,,,,,,22297.830188679247
10471,5.0,,,,,,,22320.471698113208
10472,,8.0,,,,,,22322.735849056604
10477,,,0.444173127412796,0.5238247513771057,0.0026075413916260004,0.06757345795631409,0.48740431666374207,22330.0
10479,,,0.5404154062271118,0.6273887157440186,-0.003450412070378661,0.07793580740690231,0.5473085641860962,22335.0
10486,5.0,,,,,,,22352.5
10487,,8.0,,,,,,22355.0
10494,5.0,,,,,,,22372.5
10495,,8.0,,,,,,22375.0
10511,5.0,,,,,,,22415.0
10512,,8.0,,,,,,22417.5
10521,5.0,,,,,,,22440.0
10522,,8.0,,,,,,22442.5
10528,,,0.512794554233551,0.5881156921386719,0.0037382678128778934,0.044203463941812515,0.4837971329689026,22452.5
10539,5.0,,,,,,,22480.0
10540,,8.0,,,,,,22482.5
10548,5.0,,,,,,,22502.5
10549,,8.0,,,,,,22505.0
10558,5.0,,,,,,,22527.5
10559,,8.0,,,,,,22530.0
10571,5.0,,,,,,,22560.0
10572,,8.0,,,,,,22562.5
10579,,,0.4429584741592407,0.570971667766571,0.01140929851680994,0.06680530309677124,0.63298100233078,22575.212765957447
10589,5.0,,,,,,,22600.744680851065
10590,,8.0,,,,,,22603.297872340427
10601,5.0,,,,,,,22631.382978723403
10602,,8.0,,,,,,22633.936170212764
10612,5.0,,,,,,,22659.468085106382
10613,,8.0,,,,,,22662.021276595744
10620,5.0,,,,,,,22679.893617021276
10621,,8.0,,,,,,22682.44680851064
10628,,,0.4508127272129059,0.5908567905426025,0.008337808772921562,0.05865245312452316,0.23449721932411194,22696.162790697676
10636,5.0,,,,,,,22718.488372093023
10637,,8.0,,,,,,22721.279069767443
10645,5.0,,,,,,,22743.60465116279
10646,,8.0,,,,,,22746.39534883721
10652,5.0,,,,,,,22763.13953488372
10653,,8.0,,,,,,22765.93023255814
10665,5.0,,,,,,,22799.418604651164
10666,,8.0,,,,,,22802.20930232558
10670,,,0.512377917766571,0.6293187141418457,0.00214976305142045,0.04574701562523842,0.37818023562431335,22807.608695652172
10682,5.0,,,,,,,22838.91304347826
10683,,8.0,,,,,,22841.521739130436
10694,5.0,,,,,,,22870.217391304348
10695,,8.0,,,,,,22872.82608695652
10701,5.0,,,,,,,22888.478260869564
10702,,8.0,,,,,,22891.08695652174
10713,5.0,,,,,,,22919.782608695652
10714,,8.0,,,,,,22922.391304347828
10718,,,0.4588092267513275,0.5297773480415344,0.006177117582410574,0.05681523308157921,0.28258952498435974,22927.55319148936
10722,,,0.4865337312221527,0.5334198474884033,0.0006052983808331192,0.04881071299314499,0.23781968653202057,22937.76595744681
10733,5.0,,,,,,,22965.85106382979
10734,,8.0,,,,,,22968.40425531915
10746,5.0,,,,,,,22999.042553191488
10747,,8.0,,,,,,23001.59574468085
10757,5.0,,,,,,,23027.127659574468
10758,,8.0,,,,,,23029.68085106383
10762,5.0,,,,,,,23039.893617021276
10763,,8.0,,,,,,23042.44680851064
10768,,,0.46287596225738525,0.5320966243743896,0.012399522587656975,0.04410937801003456,0.03703489899635315,23051.0
10777,5.0,,,,,,,23078.0
10778,,8.0,,,,,,23081.0
10787,5.0,,,,,,,23108.0
10788,,8.0,,,,,,23111.0
10794,5.0,,,,,,,23129.0
10795,,8.0,,,,,,23132.0
10804,5.0,,,,,,,23159.0
10805,,8.0,,,,,,23162.0
10811,,,0.42940753698349,0.5092971324920654,0.01150560099631548,0.02805515006184578,0.42614611983299255,23172.5
10820,5.0,,,,,,,23195.0
10821,,8.0,,,,,,23197.5
10831,5.0,,,,,,,23222.5
10832,,8.0,,,,,,23225.0
10845,5.0,,,,,,,23257.5
10846,,8.0,,,,,,23260.0
10854,5.0,,,,,,,23280.0
10855,,8.0,,,,,,23282.5
10860,,,0.5115212202072144,0.587934136390686,0.010503888130187988,0.05539612099528313,0.7617852687835693,23289.70588235294
10870,5.0,,,,,,,23313.235294117647
10871,,8.0,,,,,,23315.58823529412
10882,5.0,,,,,,,23341.470588235294
10883,,8.0,,,,,,23343.823529411766
10897,5.0,,,,,,,23376.764705882353
10898,,8.0,,,,,,23379.117647058825
10907,5.0,,,,,,,23400.29411764706
10908,,8.0,,,,,,23402.647058823528
10914,,,0.5243844985961914,0.616962194442749,0.019305747002363205,0.062308941036462784,0.6224433779716492,23412.82608695652
10924,5.0,,,,,,,23438.91304347826
10925,,8.0,,,,,,23441.521739130436
10934,5.0,,,,,,,23465.0
10935,,8.0,,,,,,23467.608695652172
10942,5.0,,,,,,,23485.869565217392
10943,,8.0,,,,,,23488.478260869564
10955,5.0,,,,,,,23519.782608695652
10956,,8.0,,,,,,23522.391304347828
10960,,,0.5143221020698547,0.6180874705314636,0.024337897077202797,0.07137052714824677,0.9195660948753357,23527.926829268294
10964,,,0.4577966332435608,0.5431337356567383,0.006132957525551319,0.042314257472753525,0.8203526735305786,23539.634146341465
10972,5.0,,,,,,,23563.048780487807
10973,,8.0,,,,,,23565.975609756097
10981,5.0,,,,,,,23589.39024390244
10982,,8.0,,,,,,23592.317073170732
10990,5.0,,,,,,,23615.731707317074
10991,,8.0,,,,,,23618.658536585364
10998,5.0,,,,,,,23639.146341463416
10999,,8.0,,,,,,23642.073170731706
11007,,,0.45708972215652466,0.6092153787612915,0.022143114358186722,0.05616067349910736,0.6441226601600647,23657.76595744681
11021,5.0,,,,,,,23693.510638297874
11022,,8.0,,,,,,23696.063829787236
11029,5.0,,,,,,,23713.936170212764
11030,,8.0,,,,,,23716.489361702126
11038,5.0,,,,,,,23736.91489361702
11039,,8.0,,,,,,23739.468085106382
11047,5.0,,,,,,,23759.893617021276
11048,,8.0,,,,,,23762.44680851064
11055,,,0.4310161769390106,0.562916100025177,0.008359863422811031,0.03736552596092224,0.35036778450012207,23776.70731707317
11062,5.0,,,,,,,23797.19512195122
11063,,8.0,,,,,,23800.121951219513
11072,5.0,,,,,,,23826.463414634145
11073,,8.0,,,,,,23829.39024390244
11081,5.0,,,,,,,23852.80487804878
11082,,8.0,,,,,,23855.731707317074
11090,5.0,,,,,,,23879.146341463416
11091,,8.0,,,,,,23882.073170731706
11095,,,0.47758880257606506,0.5736902952194214,0.015308478847146034,0.05052328109741211,0.21386119723320007,23887.85714285714
11108,5.0,,,,,,,23925.0
11109,,8.0,,,,,,23927.85714285714
11118,5.0,,,,,,,23953.571428571428
11119,,8.0,,,,,,23956.428571428572
11127,5.0,,,,,,,23979.285714285714
11128,,8.0,,,,,,23982.14285714286
11134,5.0,,,,,,,23999.285714285714
11135,,8.0,,,,,,24002.14285714286
11141,,,0.4863608777523041,0.6151866316795349,0.02355441078543663,0.06037947162985802,0.42454996705055237,24012.2
11152,5.0,,,,,,,24038.6
11153,,8.0,,,,,,24041.0
11166,5.0,,,,,,,24072.2
11167,,8.0,,,,,,24074.6
11176,5.0,,,,,,,24096.2
11177,,8.0,,,,,,24098.6
11186,5.0,,,,,,,24120.2
11187,,8.0,,,,,,24122.6
11192,,,0.4573535919189453,0.5681769251823425,0.022582143545150757,0.06452327221632004,0.5485361814498901,24129.8
11193,,,0.5090367794036865,0.5956079959869385,0.008070908486843109,0.052675195038318634,0.5464386940002441,24132.2
11206,5.0,,,,,,,24163.4
11207,,8.0,,,,,,24165.8
11219,5.0,,,,,,,24194.6
11220,,8.0,,,,,,24197.0
11227,5.0,,,,,,,24213.8
11228,,8.0,,,,,,24216.2
11238,5.0,,,,,,,24240.2
11239,,8.0,,,,,,24242.6
11245,,,0.49212732911109924,0.6042158007621765,0.004082817584276199,0.04823676496744156,0.5835635662078857,24253.780487804877
11252,5.0,,,,,,,24274.268292682926
11253,,8.0,,,,,,24277.19512195122
11261,5.0,,,,,,,24300.60975609756
11262,,8.0,,,,,,24303.536585365855
11273,5.0,,,,,,,24335.731707317074
11274,,8.0,,,,,,24338.658536585364
11281,5.0,,,,,,,24359.146341463416
11282,,8.0,,,,,,24362.073170731706
11288,,,0.5194975733757019,0.6376867890357971,0.027879100292921066,0.06197439506649971,1.1092387437820435,24373.18181818182
11297,5.0,,,,,,,24397.727272727272
11298,,8.0,,,,,,24400.454545454544
11309,5.0,,,,,,,24430.454545454544
11310,,8.0,,,,,,24433.18181818182
11321,5.0,,,,,,,24463.18181818182
11322,,8.0,,,,,,24465.909090909092
11327,5.0,,,,,,,24479.545454545456
11328,,8.0,,,,,,24482.272727272728
11333,,,0.5112507939338684,0.6342793107032776,0.027729643508791924,0.07691412419080734,0.37255433201789856,24491.666666666668
11343,5.0,,,,,,,24525.0
11344,,8.0,,,,,,24528.333333333332
11349,5.0,,,,,,,24545.0
11350,,8.0,,,,,,24548.333333333332
11355,5.0,,,,,,,24565.0
11356,,8.0,,,,,,24568.333333333332
11365,5.0,,,,,,,24598.333333333332
11366,,8.0,,,,,,24601.666666666668
11372,,,0.562524676322937,0.655430793762207,0.029663139954209328,0.07382515072822571,1.0084902048110962,24612.82608695652
11388,5.0,,,,,,,24654.565217391304
11389,,8.0,,,,,,24657.17391304348
11397,5.0,,,,,,,24678.043478260868
11398,,8.0,,,,,,24680.652173913044
11406,5.0,,,,,,,24701.521739130436
11407,,8.0,,,,,,24704.130434782608
11413,5.0,,,,,,,24719.782608695652
11414,,8.0,,,,,,24722.391304347828
11418,,,0.4648815989494324,0.6410596966743469,0.001463577733375132,0.035229071974754333,0.5615676641464233,24728.243243243243
11419,,,0.4308314025402069,0.5189018249511719,0.0035053992178291082,0.02738942950963974,0.603430986404419,24731.486486486487
11426,5.0,,,,,,,24754.18918918919
11427,,8.0,,,,,,24757.432432432433
11435,5.0,,,,,,,24783.37837837838
11436,,8.0,,,,,,24786.62162162162
11444,5.0,,,,,,,24812.567567567567
11445,,8.0,,,,,,24815.81081081081
11452,5.0,,,,,,,24838.513513513513
11453,,8.0,,,,,,24841.756756756757
11459,,,0.4752912223339081,0.5659504532814026,0.01735677570104599,0.05616816505789757,0.6783921718597412,24852.5
11468,5.0,,,,,,,24875.0
11469,,8.0,,,,,,24877.5
11480,5.0,,,,,,,24905.0
11481,,8.0,,,,,,24907.5
11490,5.0,,,,,,,24930.0
11491,,8.0,,,,,,24932.5
11502,5.0,,,,,,,24960.0
11503,,8.0,,,,,,24962.5
11513,,,0.5472170114517212,0.674828052520752,0.0019584293477237225,0.05768110230565071,0.7498165369033813,24982.14285714286
11527,5.0,,,,,,,25016.428571428572
11528,,8.0,,,,,,25018.877551020407
11536,5.0,,,,,,,25038.469387755104
11537,,8.0,,,,,,25040.918367346938
11545,5.0,,,,,,,25060.51020408163
11546,,8.0,,,,,,25062.95918367347
11553,5.0,,,,,,,25080.102040816328
11554,,8.0,,,,,,25082.551020408162
11558,,,0.5026366114616394,0.6339173913002014,0.015972783789038658,0.05446050316095352,0.9307911992073059,25087.727272727272
11569,5.0,,,,,,,25117.727272727272
11570,,8.0,,,,,,25120.454545454544
11578,5.0,,,,,,,25142.272727272728
11579,,8.0,,,,,,25145.0
11590,5.0,,,,,,,25175.0
11591,,8.0,,,,,,25177.727272727272
11599,5.0,,,,,,,25199.545454545456
11600,,8.0,,,,,,25202.272727272728
11605,,,0.456733763217926,0.544639527797699,0.02225741371512413,0.061337754130363464,0.9359128475189209,25210.333333333332
11621,5.0,,,,,,,25253.0
11622,,8.0,,,,,,25255.666666666668
11627,5.0,,,,,,,25269.0
11628,,8.0,,,,,,25271.666666666668
11638,5.0,,,,,,,25298.333333333332
11639,,8.0,,,,,,25301.0
11646,5.0,,,,,,,25319.666666666668
11647,,8.0,,,,,,25322.333333333332
11653,,,0.4477500915527344,0.5584383010864258,0.00600100215524435,0.030464278534054756,0.8614422082901001,25332.2
11658,,,0.48977193236351013,0.6625049114227295,0.013411532156169415,0.05848591402173042,1.0410202741622925,25344.2
11667,5.0,,,,,,,25365.8
11668,,8.0,,,,,,25368.2
11680,5.0,,,,,,,25397.0
11681,,8.0,,,,,,25399.4
11692,5.0,,,,,,,25425.8
11693,,8.0,,,,,,25428.2
11698,5.0,,,,,,,25440.2
11699,,8.0,,,,,,25442.6
11707,,,0.4777296781539917,0.5917595624923706,0.009060339070856571,0.05752003937959671,1.0307878255844116,25457.5
11716,5.0,,,,,,,25480.0
11717,,8.0,,,,,,25482.5
11728,5.0,,,,,,,25510.0
11729,,8.0,,,,,,25512.5
11739,5.0,,,,,,,25537.5
11740,,8.0,,,,,,25540.0
11748,5.0,,,,,,,25560.0
11749,,8.0,,,,,,25562.5
11755,,,0.3929860293865204,0.47985032200813293,0.002529683755710721,0.03415432199835777,0.5612667798995972,25571.545454545456
11770,5.0,,,,,,,25604.272727272728
11771,,8.0,,,,,,25606.454545454544
11778,5.0,,,,,,,25621.727272727272
11779,,8.0,,,,,,25623.909090909092
11795,5.0,,,,,,,25658.81818181818
11796,,8.0,,,,,,25661.0
11805,5.0,,,,,,,25680.636363636364
11806,,8.0,,,,,,25682.81818181818
11810,,,0.4840017855167389,0.5494012832641602,0.014203393831849098,0.05245159566402435,0.2657052278518677,25688.076923076922
11815,5.0,,,,,,,25703.46153846154
11816,,8.0,,,,,,25706.53846153846
11830,5.0,,,,,,,25749.615384615383
11831,,8.0,,,,,,25752.69230769231
11837,5.0,,,,,,,25771.153846153848
11838,,8.0,,,,,,25774.23076923077
11846,5.0,,,,,,,25798.846153846152
11847,,8.0,,,,,,25801.923076923078
11853,,,0.48207196593284607,0.5465566515922546,0.008993994444608688,0.04077409580349922,0.40766316652297974,25811.923076923078
11865,5.0,,,,,,,25839.615384615383
11866,,8.0,,,,,,25841.923076923078
11873,5.0,,,,,,,25858.076923076922
11874,,8.0,,,,,,25860.384615384617
11889,5.0,,,,,,,25895.0
11890,,8.0,,,,,,25897.30769230769
11900,5.0,,,,,,,25920.384615384617
11901,,8.0,,,,,,25922.69230769231
11905,,,0.5128893256187439,0.6262733936309814,0.02764909900724888,0.06794331967830658,0.4144410490989685,25927.727272727272
11907,,,0.5268353819847107,0.6594625115394592,0.016753381118178368,0.06073535978794098,0.2942953109741211,25933.18181818182
11919,5.0,,,,,,,25965.909090909092
11920,,8.0,,,,,,25968.636363636364
11927,5.0,,,,,,,25987.727272727272
11928,,8.0,,,,,,25990.454545454544
11939,5.0,,,,,,,26020.454545454544
11940,,8.0,,,,,,26023.18181818182
11946,5.0,,,,,,,26039.545454545456
11947,,8.0,,,,,,26042.272727272728
11954,,,0.49567365646362305,0.598501443862915,0.00407437514513731,0.03141025826334953,0.4573667347431183,26055.212765957447
11963,5.0,,,,,,,26078.191489361703
11964,,8.0,,,,,,26080.744680851065
11976,5.0,,,,,,,26111.382978723403
11977,,8.0,,,,,,26113.936170212764
11986,5.0,,,,,,,26136.91489361702
11987,,8.0,,,,,,26139.468085106382
11995,5.0,,,,,,,26159.893617021276
11996,,8.0,,,,,,26162.44680851064
12001,,,0.49814629554748535,0.5570157766342163,0.01818682812154293,0.06595645099878311,0.7935863137245178,26170.454545454544
12012,5.0,,,,,,,26200.454545454544
12013,,8.0,,,,,,26203.18181818182
12022,5.0,,,,,,,26227.727272727272
12023,,8.0,,,,,,26230.454545454544
12032,5.0,,,,,,,26255.0
12033,,8.0,,,,,,26257.727272727272
12041,5.0,,,,,,,26279.545454545456
12042,,8.0,,,,,,26282.272727272728
12051,,,0.49148353934288025,0.5696352124214172,0.0037762715946882963,0.02979716844856739,0.43262529373168945,26301.363636363636
12061,5.0,,,,,,,26328.636363636364
12062,,8.0,,,,,,26331.363636363636
12068,5.0,,,,,,,26347.727272727272
12069,,8.0,,,,,,26350.454545454544
12078,5.0,,,,,,,26375.0
12079,,8.0,,,,,,26377.727272727272
12087,5.0,,,,,,,26399.545454545456
12088,,8.0,,,,,,26402.272727272728
12095,,,0.4969538748264313,0.582644522190094,0.013440909795463085,0.037870828062295914,0.4204416275024414,26415.0
12105,5.0,,,,,,,26440.0
12106,,8.0,,,,,,26442.5
12113,5.0,,,,,,,26460.0
12114,,8.0,,,,,,26462.5
12126,5.0,,,,,,,26492.5
12127,,8.0,,,,,,26495.0
12137,5.0,,,,,,,26520.0
12138,,8.0,,,,,,26522.5
12143,,,0.4941767752170563,0.561712920665741,0.011046405881643295,0.07862845063209534,0.7749471068382263,26530.106382978724
12145,,,0.45437371730804443,0.541149914264679,0.004360557068139315,0.04089571535587311,0.5484552383422852,26535.212765957447
12157,5.0,,,,,,,26565.85106382979
12158,,8.0,,,,,,26568.40425531915
12168,5.0,,,,,,,26593.936170212764
12169,,8.0,,,,,,26596.489361702126
12177,5.0,,,,,,,26616.91489361702
12178,,8.0,,,,,,26619.468085106382
12186,5.0,,,,,,,26639.893617021276
12187,,8.0,,,,,,26642.44680851064
12194,,,0.5358904004096985,0.6029391884803772,0.01673814095556736,0.06733768433332443,0.5462230443954468,26653.571428571428
12208,5.0,,,,,,,26683.571428571428
12209,,8.0,,,,,,26685.714285714286
12226,5.0,,,,,,,26722.14285714286
12227,,8.0,,,,,,26724.285714285714
12234,5.0,,,,,,,26739.285714285714
12235,,8.0,,,,,,26741.428571428572
12244,5.0,,,,,,,26760.714285714286
12245,,8.0,,,,,,26762.85714285714
12249,,,0.5069229006767273,0.5951151847839355,0.0017800354398787022,0.06982497125864029,0.3081898093223572,26767.666666666668
12259,5.0,,,,,,,26794.333333333332
12260,,8.0,,,,,,26797.0
12269,5.0,,,,,,,26821.0
12270,,8.0,,,,,,26823.666666666668
12283,5.0,,,,,,,26858.333333333332
12284,,8.0,,,,,,26861.0
12291,5.0,,,,,,,26879.666666666668
12292,,8.0,,,,,,26882.333333333332
12297,,,0.5811461806297302,0.6568384170532227,0.0387992337346077,0.07293310761451721,0.2715654969215393,26890.454545454544
12309,5.0,,,,,,,26923.18181818182
12310,,8.0,,,,,,26925.909090909092
12317,5.0,,,,,,,26945.0
12318,,8.0,,,,,,26947.727272727272
12324,5.0,,,,,,,26964.090909090908
12325,,8.0,,,,,,26966.81818181818
12337,5.0,,,,,,,26999.545454545456
12338,,8.0,,,,,,27002.272727272728
12342,,,0.5364036560058594,0.6386150121688843,0.005054219160228968,0.0907699465751648,1.5138294696807861,27008.076923076922
12349,5.0,,,,,,,27029.615384615383
12350,,8.0,,,,,,27032.69230769231
12362,5.0,,,,,,,27069.615384615383
12363,,8.0,,,,,,27072.69230769231
12373,5.0,,,,,,,27103.46153846154
12374,,8.0,,,,,,27106.53846153846
12378,5.0,,,,,,,27118.846153846152
12379,,8.0,,,,,,27121.923076923078
12383,,,0.597490131855011,0.6898733377456665,0.029314901679754257,0.08526911586523056,0.9627627730369568,27128.333333333332
12385,,,0.4383251667022705,0.5288802981376648,0.014053034596145153,0.06102776154875755,0.7922087907791138,27135.0
12392,5.0,,,,,,,27158.333333333332
12393,,8.0,,,,,,27161.666666666668
12402,5.0,,,,,,,27191.666666666668
12403,,8.0,,,,,,27195.0
12409,5.0,,,,,,,27215.0
12410,,8.0,,,,,,27218.333333333332
12416,5.0,,,,,,,27238.333333333332
12417,,8.0,,,,,,27241.666666666668
12423,,,0.4990454316139221,0.6515421271324158,0.019731158390641212,0.06381066888570786,0.7130418419837952,27254.23076923077
12431,5.0,,,,,,,27278.846153846152
12432,,8.0,,,,,,27281.923076923078
12441,5.0,,,,,,,27309.615384615383
12442,,8.0,,,,,,27312.69230769231
12447,5.0,,,,,,,27328.076923076922
12448,,8.0,,,,,,27331.153846153848
12457,5.0,,,,,,,27358.846153846152
12458,,8.0,,,,,,27361.923076923078
12463,,,0.5469881892204285,0.6246411204338074,0.014547259546816349,0.054718248546123505,0.9354545474052429,27371.153846153848
12471,5.0,,,,,,,27395.76923076923
12472,,8.0,,,,,,27398.846153846152
12481,5.0,,,,,,,27426.53846153846
12482,,8.0,,,,,,27429.615384615383
12489,5.0,,,,,,,27451.153846153848
12490,,8.0,,,,,,27454.23076923077
12498,5.0,,,,,,,27478.846153846152
12499,,8.0,,,,,,27481.923076923078
12505,,,0.5235009789466858,0.6292264461517334,0.009392819367349148,0.05521876737475395,1.107017159461975,27489.35
12515,5.0,,,,,,,27503.85
12516,,8.0,,,,,,27505.3
12522,5.0,,,,,,,27514.0
12523,,8.0,,,,,,27515.45
12530,5.0,,,,,,,27525.6
12531,,8.0,,,,,,27527.05
12540,5.0,,,,,,,27540.1
12541,,8.0,,,,,,27541.55
12545,,,0.5845460891723633,0.6819457411766052,0.010445247404277325,0.06334049254655838,1.259655475616455,27545.926829268294
12556,5.0,,,,,,,27578.121951219513
12557,,8.0,,,,,,27581.048780487807
12567,5.0,,,,,,,27610.317073170732
12568,,8.0,,,,,,27613.243902439026
12575,5.0,,,,,,,27633.731707317074
12576,,8.0,,,,,,27636.658536585364
12583,5.0,,,,,,,27657.146341463416
12584,,8.0,,,,,,27660.073170731706
12590,,,0.47303465008735657,0.622966468334198,0.013033966533839703,0.07355029881000519,1.222642183303833,27670.659574468085
12596,,,0.5415783524513245,0.6242266893386841,0.009836563840508461,0.055358611047267914,1.1104527711868286,27685.978723404256
12604,5.0,,,,,,,27706.40425531915
12605,,8.0,,,,,,27708.957446808512
12610,5.0,,,,,,,27721.72340425532
12611,,8.0,,,,,,27724.27659574468
12618,5.0,,,,,,,27742.14893617021
12619,,8.0,,,,,,27744.702127659573
12632,5.0,,,,,,,27777.893617021276
12633,,8.0,,,,,,27780.44680851064
12644,,,0.43501710891723633,0.4827550947666168,0.002544957213103771,0.036019217222929,0.9238044023513794,27801.823529411766
12655,5.0,,,,,,,27827.70588235294
12656,,8.0,,,,,,27830.058823529413
12665,5.0,,,,,,,27851.235294117647
12666,,8.0,,,,,,27853.58823529412
12675,5.0,,,,,,,27874.764705882353
12676,,8.0,,,,,,27877.117647058825
12685,5.0,,,,,,,27898.29411764706
12686,,8.0,,,,,,27900.647058823528
12693,,,0.4967680871486664,0.576496422290802,0.00403294013813138,0.04890197888016701,0.835244357585907,27914.70731707317
12700,5.0,,,,,,,27935.19512195122
12701,,8.0,,,,,,27938.121951219513
12710,5.0,,,,,,,27964.463414634145
12711,,8.0,,,,,,27967.39024390244
12722,5.0,,,,,,,27999.585365853658
12723,,8.0,,,,,,28002.51219512195
12728,5.0,,,,,,,28017.146341463416
12729,,8.0,,,,,,28020.073170731706
12735,,,0.562370240688324,0.6765774488449097,0.0029336935840547085,0.05299145355820656,0.9447109699249268,28029.44680851064
12746,5.0,,,,,,,28053.08510638298
12747,,8.0,,,,,,28055.23404255319
12758,5.0,,,,,,,28078.872340425532
12759,,8.0,,,,,,28081.021276595744
12768,5.0,,,,,,,28100.36170212766
12769,,8.0,,,,,,28102.510638297874
12777,5.0,,,,,,,28119.702127659573
12778,,8.0,,,,,,28121.85106382979
12782,,,0.48510661721229553,0.5967286229133606,0.007835457101464272,0.07060719281435013,0.7537700533866882,28126.409090909092
12790,5.0,,,,,,,28145.68181818182
12791,,8.0,,,,,,28148.090909090908
12805,5.0,,,,,,,28181.81818181818
12806,,8.0,,,,,,28184.227272727272
12814,5.0,,,,,,,28203.5
12815,,8.0,,,,,,28205.909090909092
12823,5.0,,,,,,,28225.18181818182
12824,,8.0,,,,,,28227.590909090908
12829,,,0.5709505081176758,0.6842113733291626,-0.0019680194091051817,0.059037741273641586,-0.255856454372406,28233.115384615383
12834,,,0.4964923560619354,0.6440197825431824,0.016233278438448906,0.06553742289543152,-0.16788150370121002,28240.903846153848
12842,5.0,,,,,,,28253.365384615383
12843,,8.0,,,,,,28254.923076923078
12853,5.0,,,,,,,28270.5
12854,,8.0,,,,,,28272.05769230769
12866,5.0,,,,,,,28290.75
12867,,8.0,,,,,,28292.30769230769
12877,5.0,,,,,,,28307.884615384617
12878,,8.0,,,,,,28309.44230769231
12883,,,0.5434681177139282,0.6390202641487122,-0.002991883549839258,0.06144431605935097,0.07690954953432083,28316.581395348836
12893,5.0,,,,,,,28344.488372093023
12894,,8.0,,,,,,28347.279069767443
12904,5.0,,,,,,,28375.18604651163
12905,,8.0,,,,,,28377.976744186046
12911,5.0,,,,,,,28394.720930232557
12912,,8.0,,,,,,28397.511627906977
12922,5.0,,,,,,,28425.418604651164
12923,,8.0,,,,,,28428.20930232558
12928,,,0.49743881821632385,0.5878674387931824,-0.003605935489758849,0.08781072497367859,-0.23025286197662354,28436.714285714286
12937,5.0,,,,,,,28462.428571428572
12938,,8.0,,,,,,28465.285714285714
12949,5.0,,,,,,,28496.714285714286
12950,,8.0,,,,,,28499.571428571428
12957,5.0,,,,,,,28519.571428571428
12958,,8.0,,,,,,28522.428571428572
12966,5.0,,,,,,,28545.285714285714
12967,,8.0,,,,,,28548.14285714286
12973,,,0.5098143219947815,0.6044678092002869,0.027515461668372154,0.06726229190826416,0.3216862678527832,28559.0
12980,5.0,,,,,,,28577.666666666668
12981,,8.0,,,,,,28580.333333333332
12986,5.0,,,,,,,28593.666666666668
12987,,8.0,,,,,,28596.333333333332
12998,5.0,,,,,,,28625.666666666668
12999,,8.0,,,,,,28628.333333333332
13013,5.0,,,,,,,28665.666666666668
13014,,8.0,,,,,,28668.333333333332
13019,,,0.5484345555305481,0.6308906078338623,0.027080804109573364,0.06428762525320053,0.3726525604724884,28675.70588235294
13030,5.0,,,,,,,28701.58823529412
13031,,8.0,,,,,,28703.941176470587
13043,5.0,,,,,,,28732.176470588234
13044,,8.0,,,,,,28734.529411764706
13055,5.0,,,,,,,28760.41176470588
13056,,8.0,,,,,,28762.764705882353
13066,5.0,,,,,,,28786.29411764706
13067,,8.0,,,,,,28788.647058823528
13072,,,0.48716917634010315,0.6038576364517212,0.019683504477143288,0.06260735541582108,0.31029295921325684,28796.106382978724
13076,,,0.5334092378616333,0.6121662259101868,0.011270341463387012,0.04013023152947426,0.2748584449291229,28806.31914893617
13083,5.0,,,,,,,28824.191489361703
13084,,8.0,,,,,,28826.744680851065
13094,5.0,,,,,,,28852.27659574468
13095,,8.0,,,,,,28854.82978723404
13107,5.0,,,,,,,28885.468085106382
13108,,8.0,,,,,,28888.021276595744
13115,5.0,,,,,,,28905.893617021276
13116,,8.0,,,,,,28908.44680851064
13122,,,0.4751060903072357,0.592065155506134,0.020393826067447662,0.0485660657286644,0.34786245226860046,28919.0
13132,5.0,,,,,,,28945.666666666668
13133,,8.0,,,,,,28948.333333333332
13144,5.0,,,,,,,28977.666666666668
13145,,8.0,,,,,,28980.333333333332
13154,5.0,,,,,,,29004.333333333332
13155,,8.0,,,,,,29007.0
13162,5.0,,,,,,,29025.666666666668
13163,,8.0,,,,,,29028.333333333332
13167,,,0.5497816801071167,0.6559011936187744,0.013999911956489086,0.05006638169288635,0.32697728276252747,29033.79069767442
13181,5.0,,,,,,,29072.86046511628
13182,,8.0,,,,,,29075.6511627907
13191,5.0,,,,,,,29100.767441860466
13192,,8.0,,,,,,29103.558139534885
13198,5.0,,,,,,,29120.302325581397
13199,,8.0,,,,,,29123.093023255813
13207,5.0,,,,,,,29145.418604651164
13208,,8.0,,,,,,29148.20930232558
13214,,,0.5032192468643188,0.5872699022293091,0.009390485472977161,0.07116995006799698,0.3775179982185364,29158.34693877551
13223,5.0,,,,,,,29180.38775510204
13224,,8.0,,,,,,29182.836734693876
13234,5.0,,,,,,,29207.326530612245
13235,,8.0,,,,,,29209.775510204083
13247,5.0,,,,,,,29239.163265306124
13248,,8.0,,,,,,29241.61224489796
13258,5.0,,,,,,,29266.102040816328
13259,,8.0,,,,,,29268.551020408162
13263,,,0.548394501209259,0.6224767565727234,0.01641305722296238,0.06314361840486526,0.6968836784362793,29273.666666666668
13272,5.0,,,,,,,29297.666666666668
13273,,8.0,,,,,,29300.333333333332
13287,5.0,,,,,,,29337.666666666668
13288,,8.0,,,,,,29340.333333333332
13297,5.0,,,,,,,29364.333333333332
13298,,8.0,,,,,,29367.0
13305,5.0,,,,,,,29385.666666666668
13306,,8.0,,,,,,29388.333333333332
13311,,,0.5225827693939209,0.5955827832221985,0.012302541173994541,0.054190587252378464,0.6194953322410583,29395.70588235294
13315,,,0.5075445771217346,0.6455115675926208,0.010304638184607029,0.07352422922849655,0.9074922204017639,29405.117647058825
13328,5.0,,,,,,,29435.70588235294
13329,,8.0,,,,,,29438.058823529413
13336,5.0,,,,,,,29454.529411764706
13337,,8.0,,,,,,29456.882352941175
13348,5.0,,,,,,,29482.764705882353
13349,,8.0,,,,,,29485.117647058825
13358,5.0,,,,,,,29506.29411764706
13359,,8.0,,,,,,29508.647058823528
13366,,,0.5099142789840698,0.6231935024261475,0.017327815294265747,0.06539513915777206,0.8107753992080688,29522.70731707317
13373,5.0,,,,,,,29543.19512195122
13374,,8.0,,,,,,29546.121951219513
13384,5.0,,,,,,,29575.39024390244
13385,,8.0,,,,,,29578.317073170732
13393,5.0,,,,,,,29601.731707317074
13394,,8.0,,,,,,29604.658536585364
13401,5.0,,,,,,,29625.146341463416
13402,,8.0,,,,,,29628.073170731706
13408,,,0.5386341214179993,0.6163814067840576,0.007186078000813723,0.05336233600974083,0.6882940530776978,29638.659574468085
13420,5.0,,,,,,,29669.297872340427
13421,,8.0,,,,,,29671.85106382979
13431,5.0,,,,,,,29697.382978723403
13432,,8.0,,,,,,29699.936170212764
13439,5.0,,,,,,,29717.808510638297
13440,,8.0,,,,,,29720.36170212766
13450,5.0,,,,,,,29745.893617021276
13451,,8.0,,,,,,29748.44680851064
13457,,,0.5256937742233276,0.6101895570755005,0.012304124422371387,0.06083236262202263,0.5213256478309631,29758.2
13468,5.0,,,,,,,29784.6
13469,,8.0,,,,,,29787.0
13484,5.0,,,,,,,29823.0
13485,,8.0,,,,,,29825.4
13492,5.0,,,,,,,29842.2
13493,,8.0,,,,,,29844.6
13502,5.0,,,,,,,29866.2
13503,,8.0,,,,,,29868.6
13509,,,0.6048164367675781,0.740700900554657,0.011982099153101444,0.05685165524482727,0.4738519489765167,29878.058823529413
13521,5.0,,,,,,,29906.29411764706
13522,,8.0,,,,,,29908.647058823528
13530,5.0,,,,,,,29927.470588235294
13531,,8.0,,,,,,29929.823529411766
13545,5.0,,,,,,,29962.764705882353
13546,,8.0,,,,,,29965.117647058825
13555,5.0,,,,,,,29986.29411764706
13556,,8.0,,,,,,29988.647058823528
13560,,,0.5417864918708801,0.6185884475708008,0.007963443174958229,0.04032599553465843,0.4652479588985443,29993.85714285714
13563,,,0.5889765024185181,0.6595852971076965,0.010245532728731632,0.060173097997903824,0.607460081577301,30002.428571428572
13570,5.0,,,,,,,30022.428571428572
13571,,8.0,,,,,,30025.285714285714
13581,5.0,,,,,,,30053.85714285714
13582,,8.0,,,,,,30056.714285714286
13588,5.0,,,,,,,30073.85714285714
13589,,8.0,,,,,,30076.714285714286
13599,5.0,,,,,,,30105.285714285714
13600,,8.0,,,,,,30108.14285714286
13608,,,0.5773696899414062,0.6643581986427307,0.01130360271781683,0.0561893992125988,0.8957161903381348,30124.043478260868
13619,5.0,,,,,,,30152.739130434784
13620,,8.0,,,,,,30155.347826086956
13627,5.0,,,,,,,30173.608695652172
13628,,8.0,,,,,,30176.217391304348
13635,5.0,,,,,,,30194.478260869564
13636,,8.0,,,,,,30197.08695652174
13647,5.0,,,,,,,30225.782608695652
13648,,8.0,,,,,,30228.391304347828
13654,,,0.5451364517211914,0.6564559936523438,0.028056228533387184,0.0651564747095108,1.0919928550720215,30241.0
13662,5.0,,,,,,,30267.666666666668
13663,,8.0,,,,,,30271.0
13671,5.0,,,,,,,30297.666666666668
13672,,8.0,,,,,,30301.0
13677,5.0,,,,,,,30317.666666666668
13678,,8.0,,,,,,30321.0
13685,5.0,,,,,,,30344.333333333332
13686,,8.0,,,,,,30347.666666666668
13691,,,0.5033669471740723,0.5709091424942017,0.006795632187277079,0.041121382266283035,0.7998883128166199,30356.581395348836
13700,5.0,,,,,,,30381.697674418603
13701,,8.0,,,,,,30384.488372093023
13710,5.0,,,,,,,30409.60465116279
13711,,8.0,,,,,,30412.39534883721
13719,5.0,,,,,,,30434.720930232557
13720,,8.0,,,,,,30437.511627906977
13730,5.0,,,,,,,30465.418604651164
13731,,8.0,,,,,,30468.20930232558
13736,,,0.5488659143447876,0.6633741855621338,0.00447618355974555,0.04113744571805,0.6985557675361633,30476.333333333332
13751,5.0,,,,,,,30516.333333333332
13752,,8.0,,,,,,30519.0
13760,5.0,,,,,,,30540.333333333332
13761,,8.0,,,,,,30543.0
13770,5.0,,,,,,,30567.0
13771,,8.0,,,,,,30569.666666666668
13777,5.0,,,,,,,30585.666666666668
13778,,8.0,,,,,,30588.333333333332
13782,,,0.5300865769386292,0.6429137587547302,0.011101603507995605,0.03419799730181694,0.8329336047172546,30593.448979591838
13785,,,0.5068846344947815,0.6411610841751099,0.017198817804455757,0.056995607912540436,0.9336118698120117,30600.79591836735
13792,5.0,,,,,,,30617.938775510203
13793,,8.0,,,,,,30620.38775510204
13806,5.0,,,,,,,30652.224489795917
13807,,8.0,,,,,,30654.673469387755
13821,5.0,,,,,,,30688.95918367347
13822,,8.0,,,,,,30691.408163265307
13828,5.0,,,,,,,30706.102040816328
13829,,8.0,,,,,,30708.551020408162
13833,,,0.5292178392410278,0.635196328163147,0.02685842476785183,0.06678228825330734,0.8803605437278748,30713.926829268294
13841,5.0,,,,,,,30737.341463414636
13842,,8.0,,,,,,30740.268292682926
13853,5.0,,,,,,,30772.463414634145
13854,,8.0,,,,,,30775.39024390244
13861,5.0,,,,,,,30795.878048780487
13862,,8.0,,,,,,30798.80487804878
13871,5.0,,,,,,,30825.146341463416
13872,,8.0,,,,,,30828.073170731706
13879,,,0.5149856805801392,0.5692914724349976,0.012472964823246002,0.0533539317548275,0.7261192202568054,30841.0
13887,5.0,,,,,,,30861.0
13888,,8.0,,,,,,30863.5
13898,5.0,,,,,,,30888.5
13899,,8.0,,,,,,30891.0
13910,5.0,,,,,,,30918.5
13911,,8.0,,,,,,30921.0
13921,5.0,,,,,,,30946.0
13922,,8.0,,,,,,30948.5
13927,,,0.606810450553894,0.7165671586990356,0.0021255044266581535,0.04826192930340767,0.16432595252990723,30956.0
13941,5.0,,,,,,,30991.0
13942,,8.0,,,,,,30993.5
13951,5.0,,,,,,,31016.0
13952,,8.0,,,,,,31018.5
13958,5.0,,,,,,,31033.5
13959,,8.0,,,,,,31036.0
13971,5.0,,,,,,,31066.0
13972,,8.0,,,,,,31068.5
13977,,,0.6894975900650024,0.7765009999275208,0.13934345543384552,0.1975131630897522,0.4307388663291931,31077.0
13987,5.0,,,,,,,31107.0
13988,,8.0,,,,,,31110.0
13996,5.0,,,,,,,31134.0
13997,,8.0,,,,,,31137.0
14006,5.0,,,,,,,31164.0
14007,,8.0,,,,,,31167.0
14013,5.0,,,,,,,31185.0
14014,,8.0,,,,,,31188.0
14020,,,0.6483083367347717,0.7197238206863403,0.026204703375697136,0.09171408414840698,1.1315281391143799,31198.5
14025,,,0.5824337601661682,0.7425264716148376,0.017632395029067993,0.08918537944555283,1.1275523900985718,31211.0
14040,5.0,,,,,,,31248.5
14041,,8.0,,,,,,31251.0
14047,5.0,,,,,,,31266.0
14048,,8.0,,,,,,31268.5
14056,5.0,,,,,,,31288.5
14057,,8.0,,,,,,31291.0
14063,5.0,,,,,,,31306.0
14064,,8.0,,,,,,31308.5
14073,,,0.6147622466087341,0.6737010478973389,0.005665531847625971,0.04330585524439812,0.7084089517593384,31326.0
14081,5.0,,,,,,,31346.0
14082,,8.0,,,,,,31348.5
14097,5.0,,,,,,,31386.0
14098,,8.0,,,,,,31388.5
14105,5.0,,,,,,,31406.0
14106,,8.0,,,,,,31408.5
14113,5.0,,,,,,,31426.0
14114,,8.0,,,,,,31428.5
14121,,,0.5542539358139038,0.6467812061309814,0.016093730926513672,0.06539139896631241,0.7423503994941711,31441.909090909092
14134,5.0,,,,,,,31477.363636363636
14135,,8.0,,,,,,31480.090909090908
14142,5.0,,,,,,,31499.18181818182
14143,,8.0,,,,,,31501.909090909092
14148,5.0,,,,,,,31515.545454545456
14149,,8.0,,,,,,31518.272727272728
14159,5.0,,,,,,,31545.545454545456
14160,,8.0,,,,,,31548.272727272728
14167,,,0.5948070883750916,0.6296741962432861,0.019789768382906914,0.08316989243030548,0.6469838619232178,31562.162790697676
14178,5.0,,,,,,,31592.86046511628
14179,,8.0,,,,,,31595.6511627907
14190,5.0,,,,,,,31626.3488372093
14191,,8.0,,,,,,31629.13953488372
14197,5.0,,,,,,,31645.883720930233
14198,,8.0,,,,,,31648.674418604653
14204,5.0,,,,,,,31665.418604651164
14205,,8.0,,,,,,31668.20930232558
14210,,,0.5467464923858643,0.6442735195159912,0.015316019766032696,0.05160054564476013,0.6988798975944519,31676.217391304348
14219,5.0,,,,,,,31699.695652173912
14220,,8.0,,,,,,31702.304347826088
14231,5.0,,,,,,,31731.0
14232,,8.0,,,,,,31733.608695652172
14237,5.0,,,,,,,31746.652173913044
14238,,8.0,,,,,,31749.260869565216
14252,5.0,,,,,,,31785.782608695652
14253,,8.0,,,,,,31788.391304347828
14257,,,0.5562496185302734,0.6722365617752075,0.012308215722441673,0.05432838946580887,0.7441878318786621,31794.157894736843
14261,,,0.5060139894485474,0.5834946632385254,0.004079492762684822,0.06029600650072098,0.7832247018814087,31806.78947368421
14268,5.0,,,,,,,31828.894736842107
14269,,8.0,,,,,,31832.052631578947
14277,5.0,,,,,,,31857.315789473683
14278,,8.0,,,,,,31860.473684210527
14283,5.0,,,,,,,31876.263157894737
14284,,8.0,,,,,,31879.42105263158
14292,5.0,,,,,,,31904.684210526317
14293,,8.0,,,,,,31907.842105263157
14298,,,0.4941357970237732,0.6531760692596436,0.0030340503435581923,0.040323060005903244,0.49457550048828125,31916.106382978724
14314,5.0,,,,,,,31956.957446808512
14315,,8.0,,,,,,31959.510638297874
14325,5.0,,,,,,,31985.042553191488
14326,,8.0,,,,,,31987.59574468085
14333,5.0,,,,,,,32005.468085106382
14334,,8.0,,,,,,32008.021276595744
14341,5.0,,,,,,,32025.893617021276
14342,,8.0,,,,,,32028.44680851064
14348,,,0.6095018982887268,0.7163452506065369,0.012496885843575,0.06583770364522934,0.7994162440299988,32039.372093023256
14358,5.0,,,,,,,32067.279069767443
14359,,8.0,,,,,,32070.06976744186
14370,5.0,,,,,,,32100.767441860466
14371,,8.0,,,,,,32103.558139534885
14379,5.0,,,,,,,32125.883720930233
14380,,8.0,,,,,,32128.674418604653
14386,5.0,,,,,,,32145.418604651164
14387,,8.0,,,,,,32148.20930232558
14393,,,0.5215331315994263,0.6119675040245056,0.010379270650446415,0.06616764515638351,0.6427885293960571,32157.666666666668
14410,5.0,,,,,,,32195.444444444445
14411,,8.0,,,,,,32197.666666666668
14419,5.0,,,,,,,32215.444444444445
14420,,8.0,,,,,,32217.666666666668
14428,5.0,,,,,,,32235.444444444445
14429,,8.0,,,,,,32237.666666666668
14442,5.0,,,,,,,32266.555555555555
14443,,8.0,,,,,,32268.777777777777
14449,,,0.5291004180908203,0.6325966119766235,0.0070631299167871475,0.033060308545827866,0.3289772868156433,32274.80487804878
14459,5.0,,,,,,,32287.48780487805
14460,,8.0,,,,,,32288.756097560974
14471,5.0,,,,,,,32302.70731707317
14472,,8.0,,,,,,32303.975609756097
14478,5.0,,,,,,,32311.585365853658
14479,,8.0,,,,,,32312.853658536584
14485,5.0,,,,,,,32320.463414634145
14486,,8.0,,,,,,32321.731707317074
14491,,,0.5317555069923401,0.6133392453193665,0.011219456791877747,0.06935259699821472,0.6293020248413086,32327.444444444445
14495,,,0.5733843445777893,0.6346028447151184,0.009688696824014187,0.06555509567260742,0.43902942538261414,32336.333333333332
14507,5.0,,,,,,,32363.0
14508,,8.0,,,,,,32365.222222222223
14517,5.0,,,,,,,32385.222222222223
14518,,8.0,,,,,,32387.444444444445
14532,5.0,,,,,,,32418.555555555555
14533,,8.0,,,,,,32420.777777777777
14541,5.0,,,,,,,32438.555555555555
14542,,8.0,,,,,,32440.777777777777
14548,,,0.5994336009025574,0.7228356003761292,0.023980967700481415,0.05519486591219902,0.33065521717071533,32450.2
14559,5.0,,,,,,,32476.6
14560,,8.0,,,,,,32479.0
14574,5.0,,,,,,,32512.6
14575,,8.0,,,,,,32515.0
14585,5.0,,,,,,,32539.0
14586,,8.0,,,,,,32541.4
14593,5.0,,,,,,,32558.2
14594,,8.0,,,,,,32560.6
14600,,,0.6266003251075745,0.6669074296951294,0.02989034913480282,0.09153570234775543,0.6751419901847839,32570.5
14613,5.0,,,,,,,32603.0
14614,,8.0,,,,,,32605.5
14624,5.0,,,,,,,32630.5
14625,,8.0,,,,,,32633.0
14631,5.0,,,,,,,32648.0
14632,,8.0,,,,,,32650.5
14643,5.0,,,,,,,32678.0
14644,,8.0,,,,,,32680.5
14649,,,0.5711835622787476,0.717269778251648,0.02928139641880989,0.10710611939430237,0.8839165568351746,32688.714285714286
14660,5.0,,,,,,,32720.14285714286
14661,,8.0,,,,,,32723.0
14667,5.0,,,,,,,32740.14285714286
14668,,8.0,,,,,,32743.0
14676,5.0,,,,,,,32765.85714285714
14677,,8.0,,,,,,32768.71428571428
14687,5.0,,,,,,,32797.28571428572
14688,,8.0,,,,,,32800.142857142855
14692,,,0.49532249569892883,0.5697964429855347,0.016754474490880966,0.07348406314849854,0.154169499874115,32805.5
14706,5.0,,,,,,,32840.5
14707,,8.0,,,,,,32843.0
14714,5.0,,,,,,,32860.5
14715,,8.0,,,,,,32863.0
14726,5.0,,,,,,,32890.5
14727,,8.0,,,,,,32893.0
14737,5.0,,,,,,,32918.0
14738,,8.0,,,,,,32920.5
14744,,,0.5268748998641968,0.6406912803649902,0.01627938449382782,0.07548508793115616,0.16828055679798126,32929.31578947369
14747,,,0.5375893712043762,0.6763632893562317,0.023507002741098404,0.06607451289892197,-0.049943458288908005,32935.63157894737
14760,5.0,,,,,,,32963.0
14761,,8.0,,,,,,32965.10526315789
14771,5.0,,,,,,,32986.15789473684
14772,,8.0,,,,,,32988.26315789474
14787,5.0,,,,,,,33019.84210526316
14788,,8.0,,,,,,33021.94736842105
14796,5.0,,,,,,,33038.78947368421
14797,,8.0,,,,,,33040.89473684211
14802,,,0.5964586734771729,0.6913191080093384,0.014687684364616871,0.06949138641357422,-0.007088520098477602,33045.22222222222
14817,5.0,,,,,,,33061.88888888889
14818,,8.0,,,,,,33063.0
14828,5.0,,,,,,,33074.11111111111
14829,,8.0,,,,,,33075.22222222222
14833,5.0,,,,,,,33079.666666666664
14834,,8.0,,,,,,33080.77777777778
14843,5.0,,,,,,,33090.77777777778
14844,,8.0,,,,,,33091.88888888889
14851,,,0.6140680909156799,0.7183921933174133,0.008011821657419205,0.044459447264671326,-0.019331518560647964,33103.21276595745
14859,5.0,,,,,,,33123.63829787234
14860,,8.0,,,,,,33126.1914893617
14872,5.0,,,,,,,33156.82978723404
14873,,8.0,,,,,,33159.382978723406
14883,5.0,,,,,,,33184.914893617024
14884,,8.0,,,,,,33187.46808510638
14892,5.0,,,,,,,33207.89361702128
14893,,8.0,,,,,,33210.44680851064
14900,,,0.49129360914230347,0.5768203735351562,0.0013928496045991778,0.04573279619216919,0.19328461587429047,33223.434782608696
14913,5.0,,,,,,,33257.34782608696
14914,,8.0,,,,,,33259.95652173913
14921,5.0,,,,,,,33278.217391304344
14922,,8.0,,,,,,33280.82608695652
14932,5.0,,,,,,,33306.913043478264
14933,,8.0,,,,,,33309.52173913043
14940,5.0,,,,,,,33327.782608695656
14941,,8.0,,,,,,33330.391304347824
14945,,,0.5355846881866455,0.6484741568565369,0.0029841121286153793,0.03388620913028717,0.34784018993377686,33335.0
14958,5.0,,,,,,,33361.0
14959,,8.0,,,,,,33363.0
14971,5.0,,,,,,,33387.0
14972,,8.0,,,,,,33389.0
14981,5.0,,,,,,,33407.0
14982,,8.0,,,,,,33409.0
15002,5.0,,,,,,,33449.0
15003,,8.0,,,,,,33451.0
15007,,,0.5450271964073181,0.6446699500083923,0.008015858940780163,0.07096025347709656,0.7224853038787842,33455.5
15010,,,0.513709306716919,0.5926501154899597,0.005533017683774233,0.07707523554563522,0.7574818134307861,33463.0
15019,5.0,,,,,,,33485.5
15020,,8.0,,,,,,33488.0
15029,5.0,,,,,,,33510.5
15030,,8.0,,,,,,33513.0
15041,5.0,,,,,,,33540.5
15042,,8.0,,,,,,33543.0
15052,5.0,,,,,,,33568.0
15053,,8.0,,,,,,33570.5
15060,,,0.5720719695091248,0.6709378957748413,-0.017638694494962692,0.06148876994848251,0.9758996367454529,33582.056603773584
15074,5.0,,,,,,,33613.75471698113
15075,,8.0,,,,,,33616.018867924526
15084,5.0,,,,,,,33636.3962264151
15085,,8.0,,,,,,33638.660377358494
15097,5.0,,,,,,,33665.83018867925
15098,,8.0,,,,,,33668.09433962264
15107,5.0,,,,,,,33688.47169811321
15108,,8.0,,,,,,33690.735849056604
15114,,,0.6026766300201416,0.7346620559692383,0.00408952496945858,0.037712082266807556,-0.5690019726753235,33700.82608695652
15126,5.0,,,,,,,33732.13043478261
15127,,8.0,,,,,,33734.739130434784
15138,5.0,,,,,,,33763.434782608696
15139,,8.0,,,,,,33766.04347826087
15145,5.0,,,,,,,33781.69565217391
15146,,8.0,,,,,,33784.30434782609
15155,5.0,,,,,,,33807.782608695656
15156,,8.0,,,,,,33810.391304347824
15161,,,0.5602574348449707,0.6302173137664795,0.007982729934155941,0.049650005996227264,-0.5829378962516785,33820.27272727273
15166,5.0,,,,,,,33838.454545454544
15167,,8.0,,,,,,33842.09090909091
15173,5.0,,,,,,,33863.90909090909
15174,,8.0,,,,,,33867.545454545456
15183,5.0,,,,,,,33900.27272727273
15184,,8.0,,,,,,33903.90909090909
15190,5.0,,,,,,,33925.72727272727
15191,,8.0,,,,,,33929.36363636364
15195,,,0.4486829340457916,0.5687564015388489,0.016604265198111534,0.04557843133807182,-0.7452567219734192,33935.55319148936
15204,5.0,,,,,,,33958.53191489362
15205,,8.0,,,,,,33961.085106382976
15216,5.0,,,,,,,33989.17021276596
15217,,8.0,,,,,,33991.72340425532
15228,5.0,,,,,,,34019.8085106383
15229,,8.0,,,,,,34022.36170212766
15239,5.0,,,,,,,34047.89361702128
15240,,8.0,,,,,,34050.44680851064
15244,,,0.4879322052001953,0.6043270826339722,0.031065909191966057,0.07281580567359924,-0.21722210943698883,34055.5
15248,,,0.4776693880558014,0.5753933191299438,0.027562903240323067,0.05827723816037178,-0.301584929227829,34065.5
15259,5.0,,,,,,,34093.0
15260,,8.0,,,,,,34095.5
15267,5.0,,,,,,,34113.0
15268,,8.0,,,,,,34115.5
15279,5.0,,,,,,,34143.0
15280,,8.0,,,,,,34145.5
15289,5.0,,,,,,,34168.0
15290,,8.0,,,,,,34170.5
15298,,,0.5376858711242676,0.6300152540206909,0.025630077347159386,0.07141215354204178,-0.36234331130981445,34185.765957446805
15305,5.0,,,,,,,34203.63829787234
15306,,8.0,,,,,,34206.1914893617
15318,5.0,,,,,,,34236.82978723404
15319,,8.0,,,,,,34239.382978723406
15328,5.0,,,,,,,34262.36170212766
15329,,8.0,,,,,,34264.914893617024
15338,5.0,,,,,,,34287.89361702128
15339,,8.0,,,,,,34290.44680851064
15345,,,0.5147843360900879,0.608268141746521,0.024532724171876907,0.07411615550518036,-0.11262944340705872,34297.68292682927
15355,5.0,,,,,,,34313.29268292683
15356,,8.0,,,,,,34314.85365853659
15364,5.0,,,,,,,34327.34146341463
15365,,8.0,,,,,,34328.90243902439
15372,5.0,,,,,,,34339.829268292684
15373,,8.0,,,,,,34341.39024390244
15381,5.0,,,,,,,34353.87804878049
15382,,8.0,,,,,,34355.439024390245
15387,,,0.5370888710021973,0.6593677997589111,0.022215595468878746,0.058935437351465225,-0.17493559420108795,34363.31578947369
15395,5.0,,,,,,,34388.57894736842
15396,,8.0,,,,,,34391.73684210526
15405,5.0,,,,,,,34420.15789473684
15406,,8.0,,,,,,34423.31578947369
15415,5.0,,,,,,,34451.73684210526
15416,,8.0,,,,,,34454.89473684211
15421,5.0,,,,,,,34470.68421052631
15422,,8.0,,,,,,34473.84210526316
15426,,,0.586604654788971,0.6873356699943542,0.009698336943984032,0.04630060866475105,-0.3789789378643036,34479.608695652176
15437,5.0,,,,,,,34508.30434782609
15438,,8.0,,,,,,34510.913043478264
15447,5.0,,,,,,,34534.391304347824
15448,,8.0,,,,,,34537.0
15459,5.0,,,,,,,34565.69565217391
15460,,8.0,,,,,,34568.30434782609
15469,5.0,,,,,,,34591.782608695656
15470,,8.0,,,,,,34594.391304347824
15476,,,0.49928632378578186,0.5695467591285706,0.021869121119379997,0.07972157001495361,-0.0914757177233696,34605.181818181816
15477,,,0.5074428915977478,0.660184919834137,0.00020884303376078606,0.06720269471406937,-0.25979283452033997,34607.90909090909
15485,5.0,,,,,,,34629.72727272727
15486,,8.0,,,,,,34632.454545454544
15499,5.0,,,,,,,34667.90909090909
15500,,8.0,,,,,,34670.63636363636
15509,5.0,,,,,,,34695.181818181816
15510,,8.0,,,,,,34697.90909090909
15515,5.0,,,,,,,34711.545454545456
15516,,8.0,,,,,,34714.27272727273
15522,,,0.531101644039154,0.6370471715927124,0.009187012910842896,0.047635383903980255,-0.038488492369651794,34725.181818181816
15531,5.0,,,,,,,34749.72727272727
15532,,8.0,,,,,,34752.454545454544
15543,5.0,,,,,,,34782.454545454544
15544,,8.0,,,,,,34785.181818181816
15551,5.0,,,,,,,34804.27272727273
15552,,8.0,,,,,,34807.0
15561,5.0,,,,,,,34831.545454545456
15562,,8.0,,,,,,34834.27272727273
15570,,,0.5634338855743408,0.6608825922012329,0.03327256813645363,0.08055447787046432,0.5034194588661194,34852.0
15577,5.0,,,,,,,34873.0
15578,,8.0,,,,,,34876.0
15584,5.0,,,,,,,34894.0
15585,,8.0,,,,,,34897.0
15593,5.0,,,,,,,34921.0
15594,,8.0,,,,,,34924.0
15603,5.0,,,,,,,34951.0
15604,,8.0,,,,,,34954.0
15610,,,0.5378445982933044,0.5922544002532959,0.024375248700380325,0.06669304519891739,0.1450347751379013,34965.57142857143
15616,5.0,,,,,,,34982.71428571428
15617,,8.0,,,,,,34985.57142857143
15623,5.0,,,,,,,35002.71428571428
15624,,8.0,,,,,,35005.57142857143
15639,5.0,,,,,,,35048.42857142857
15640,,8.0,,,,,,35051.28571428572
15647,5.0,,,,,,,35071.28571428572
15648,,8.0,,,,,,35074.142857142855
15652,,,0.5256375074386597,0.6079142689704895,0.012324080802500248,0.04591904580593109,0.3434927761554718,35079.5
15663,5.0,,,,,,,35107.0
15664,,8.0,,,,,,35109.5
15675,5.0,,,,,,,35137.0
15676,,8.0,,,,,,35139.5
15690,5.0,,,,,,,35174.5
15691,,8.0,,,,,,35177.0
15697,5.0,,,,,,,35192.0
15698,,8.0,,,,,,35194.5
15702,,,0.5852944850921631,0.6628275513648987,0.04093242064118385,0.08642397820949554,0.5871946811676025,35199.666666666664
15706,,,0.5562447309494019,0.6827095746994019,0.028263811022043228,0.06255055218935013,0.6328921914100647,35210.333333333336
15714,5.0,,,,,,,35231.666666666664
15715,,8.0,,,,,,35234.333333333336
15723,5.0,,,,,,,35255.666666666664
15724,,8.0,,,,,,35258.333333333336
15737,5.0,,,,,,,35293.0
15738,,8.0,,,,,,35295.666666666664
15744,5.0,,,,,,,35311.666666666664
15745,,8.0,,,,,,35314.333333333336
15750,,,0.5252324938774109,0.6227385997772217,0.012288246303796768,0.03938428685069084,0.297945499420166,35323.0
15757,5.0,,,,,,,35344.0
15758,,8.0,,,,,,35347.0
15771,5.0,,,,,,,35386.0
15772,,8.0,,,,,,35389.0
15778,5.0,,,,,,,35407.0
15779,,8.0,,,,,,35410.0
15786,5.0,,,,,,,35431.0
15787,,8.0,,,,,,35434.0
15792,,,0.5411645174026489,0.6403107643127441,0.017549864947795868,0.039863888174295425,0.23006245493888855,35442.333333333336
15804,5.0,,,,,,,35474.333333333336
15805,,8.0,,,,,,35477.0
15812,5.0,,,,,,,35495.666666666664
15813,,8.0,,,,,,35498.333333333336
15820,5.0,,,,,,,35517.0
15821,,8.0,,,,,,35519.666666666664
15833,5.0,,,,,,,35551.666666666664
15834,,8.0,,,,,,35554.333333333336
15841,,,0.49478018283843994,0.6062015891075134,0.006825460586696863,0.030858023092150688,0.48477932810783386,35567.90909090909
15852,5.0,,,,,,,35597.90909090909
15853,,8.0,,,,,,35600.63636363636
15859,5.0,,,,,,,35617.0
15860,,8.0,,,,,,35619.72727272727
15869,5.0,,,,,,,35644.27272727273
15870,,8.0,,,,,,35647.0
15879,5.0,,,,,,,35671.545454545456
15880,,8.0,,,,,,35674.27272727273
15885,,,0.5887284278869629,0.7262097001075745,0.010417327284812927,0.04338341951370239,0.4878092110157013,35682.58139534884
15894,5.0,,,,,,,35707.6976744186
15895,,8.0,,,,,,35710.48837209302
15907,5.0,,,,,,,35743.976744186046
15908,,8.0,,,,,,35746.767441860466
15915,5.0,,,,,,,35766.3023255814
15916,,8.0,,,,,,35769.09302325582
15924,5.0,,,,,,,35791.41860465116
15925,,8.0,,,,,,35794.20930232558
15929,,,0.5332469344139099,0.5960994958877563,0.025836486369371414,0.06885747611522675,0.49030232429504395,35799.4
15934,,,0.486708402633667,0.5943053960800171,0.009729113429784775,0.03632499650120735,0.24023248255252838,35811.4
15944,5.0,,,,,,,35835.4
15945,,8.0,,,,,,35837.8
15955,5.0,,,,,,,35861.8
15956,,8.0,,,,,,35864.2
15967,5.0,,,,,,,35890.6
15968,,8.0,,,,,,35893.0
15976,5.0,,,,,,,35912.2
15977,,8.0,,,,,,35914.6
15985,,,0.5504096150398254,0.6526315212249756,0.015949200838804245,0.059723369777202606,0.2323332130908966,35933.21621621621
15994,5.0,,,,,,,35962.40540540541
15995,,8.0,,,,,,35965.64864864865
16003,5.0,,,,,,,35991.59459459459
16004,,8.0,,,,,,35994.83783783784
16009,5.0,,,,,,,36011.05405405405
16010,,8.0,,,,,,36014.2972972973
16015,5.0,,,,,,,36030.51351351351
16016,,8.0,,,,,,36033.75675675676
16023,,,0.5235700011253357,0.6089417934417725,0.008616174571216106,0.027425771579146385,0.10045164078474045,36045.88888888889
16035,5.0,,,,,,,36072.555555555555
16036,,8.0,,,,,,36074.77777777778
16049,5.0,,,,,,,36103.666666666664
16050,,8.0,,,,,,36105.88888888889
16059,5.0,,,,,,,36125.88888888889
16060,,8.0,,,,,,36128.11111111111
16071,5.0,,,,,,,36152.555555555555
16072,,8.0,,,,,,36154.77777777778
16076,,,0.5067764520645142,0.5913490653038025,0.014490282163023949,0.044170282781124115,0.14863498508930206,36159.857142857145
16087,5.0,,,,,,,36191.28571428572
16088,,8.0,,,,,,36194.142857142855
16096,5.0,,,,,,,36217.0
16097,,8.0,,,,,,36219.857142857145
16106,5.0,,,,,,,36245.57142857143
16107,,8.0,,,,,,36248.42857142857
16115,5.0,,,,,,,36271.28571428572
16116,,8.0,,,,,,36274.142857142855
16121,,,0.5142605304718018,0.5731663703918457,0.006424886640161276,0.03840997815132141,-0.031087907031178474,36283.0
16130,5.0,,,,,,,36310.0
16131,,8.0,,,,,,36313.0
16135,5.0,,,,,,,36325.0
16136,,8.0,,,,,,36328.0
16148,5.0,,,,,,,36364.0
16149,,8.0,,,,,,36367.0
16157,5.0,,,,,,,36391.0
16158,,8.0,,,,,,36394.0
16164,,,0.4387222230434418,0.5274592041969299,0.012889120727777481,0.029531758278608322,0.01976116932928562,36404.2
16168,,,0.5120622515678406,0.6081759929656982,0.018193243071436882,0.05813074856996536,0.2495047003030777,36413.8
16177,5.0,,,,,,,36435.4
16178,,8.0,,,,,,36437.8
16189,5.0,,,,,,,36464.2
16190,,8.0,,,,,,36466.6
16199,5.0,,,,,,,36488.2
16200,,8.0,,,,,,36490.6
16209,5.0,,,,,,,36512.2
16210,,8.0,,,,,,36514.6
16215,,,0.5308313369750977,0.5728891491889954,0.00857741292566061,0.0456870011985302,0.4891810417175293,36522.58139534884
16225,5.0,,,,,,,36550.48837209302
16226,,8.0,,,,,,36553.27906976744
16233,5.0,,,,,,,36572.813953488374
16234,,8.0,,,,,,36575.604651162794
16246,5.0,,,,,,,36609.09302325582
16247,,8.0,,,,,,36611.88372093023
16254,5.0,,,,,,,36631.41860465116
16255,,8.0,,,,,,36634.20930232558
16260,,,0.4949803650379181,0.5862092971801758,0.009913690388202667,0.04173389449715614,0.47312530875205994,36642.71428571428
16267,5.0,,,,,,,36662.71428571428
16268,,8.0,,,,,,36665.57142857143
16282,5.0,,,,,,,36705.57142857143
16283,,8.0,,,,,,36708.42857142857
16291,5.0,,,,,,,36731.28571428572
16292,,8.0,,,,,,36734.142857142855
16298,5.0,,,,,,,36751.28571428572
16299,,8.0,,,,,,36754.142857142855
16304,,,0.5266240239143372,0.5893297791481018,0.010408819653093815,0.04498809948563576,0.6898790597915649,36763.0
16313,5.0,,,,,,,36790.0
16314,,8.0,,,,,,36793.0
16323,5.0,,,,,,,36820.0
16324,,8.0,,,,,,36823.0
16332,5.0,,,,,,,36847.0
16333,,8.0,,,,,,36850.0
16340,5.0,,,,,,,36871.0
16341,,8.0,,,,,,36874.0
16347,,,0.534884512424469,0.5955930948257446,0.017184250056743622,0.04595622420310974,0.5618835687637329,36885.0
16357,5.0,,,,,,,36911.666666666664
16358,,8.0,,,,,,36914.333333333336
16370,5.0,,,,,,,36946.333333333336
16371,,8.0,,,,,,36949.0
16381,5.0,,,,,,,36975.666666666664
16382,,8.0,,,,,,36978.333333333336
16387,5.0,,,,,,,36991.666666666664
16388,,8.0,,,,,,36994.333333333336
16392,,,0.5113704204559326,0.6045570373535156,0.009866105392575264,0.041622187942266464,0.542863130569458,36999.264150943396
16398,,,0.5490255355834961,0.6268134117126465,0.016023702919483185,0.037982579320669174,0.5156692862510681,37012.84905660377
16404,5.0,,,,,,,37026.43396226415
16405,,8.0,,,,,,37028.698113207545
16415,5.0,,,,,,,37051.339622641506
16416,,8.0,,,,,,37053.6037735849
16427,5.0,,,,,,,37078.50943396227
16428,,8.0,,,,,,37080.77358490566
16442,5.0,,,,,,,37112.47169811321
16443,,8.0,,,,,,37114.735849056604
16448,,,0.6031987071037292,0.7124894857406616,0.03436155989766121,0.06932148337364197,1.0778001546859741,37124.5
16451,5.0,,,,,,,37135.75
16452,,8.0,,,,,,37139.5
16457,5.0,,,,,,,37158.25
16458,,8.0,,,,,,37162.0
16469,5.0,,,,,,,37203.25
16470,,8.0,,,,,,37207.0
16476,5.0,,,,,,,37229.5
16477,,8.0,,,,,,37233.25
16484,,,0.5553128123283386,0.5979631543159485,0.0021575253922492266,0.029070718213915825,1.606985330581665,37247.434782608696
16492,5.0,,,,,,,37268.30434782609
16493,,8.0,,,,,,37270.913043478264
16502,5.0,,,,,,,37294.391304347824
16503,,8.0,,,,,,37297.0
16514,5.0,,,,,,,37325.69565217391
16515,,8.0,,,,,,37328.30434782609
16524,5.0,,,,,,,37351.782608695656
16525,,8.0,,,,,,37354.391304347824
16531,,,0.498933345079422,0.5893391370773315,0.009666170924901962,0.03380896523594856,1.4897764921188354,37365.37209302326
16539,5.0,,,,,,,37387.6976744186
16540,,8.0,,,,,,37390.48837209302
16550,5.0,,,,,,,37418.395348837206
16551,,8.0,,,,,,37421.186046511626
16559,5.0,,,,,,,37443.51162790698
16560,,8.0,,,,,,37446.3023255814
16569,5.0,,,,,,,37471.41860465116
16570,,8.0,,,,,,37474.20930232558
16574,,,0.5320254564285278,0.637385368347168,0.010946444235742092,0.04240876063704491,1.5217612981796265,37479.55319148936
16588,5.0,,,,,,,37515.29787234042
16589,,8.0,,,,,,37517.85106382979
16596,5.0,,,,,,,37535.72340425532
16597,,8.0,,,,,,37538.27659574468
16605,5.0,,,,,,,37558.70212765958
16606,,8.0,,,,,,37561.255319148935
16618,5.0,,,,,,,37591.89361702128
16619,,8.0,,,,,,37594.44680851064
16624,,,0.6229754686355591,0.7058830857276917,0.03424600139260292,0.07571931928396225,1.7665600776672363,37603.31578947369
16626,,,0.47969093918800354,0.5785520076751709,0.009133460931479931,0.03345412015914917,1.3571088314056396,37609.63157894737
16631,5.0,,,,,,,37625.42105263158
16632,,8.0,,,,,,37628.57894736842
16636,5.0,,,,,,,37641.21052631579
16637,,8.0,,,,,,37644.36842105263
16644,5.0,,,,,,,37666.47368421053
16645,,8.0,,,,,,37669.63157894737
16658,5.0,,,,,,,37710.68421052631
16659,,8.0,,,,,,37713.84210526316
16665,,,0.5432723760604858,0.6281248927116394,0.0015143145574256778,0.02641310915350914,1.1912736892700195,37728.25
16671,5.0,,,,,,,37750.75
16672,,8.0,,,,,,37754.5
16678,5.0,,,,,,,37777.0
16679,,8.0,,,,,,37780.75
16684,5.0,,,,,,,37799.5
16685,,8.0,,,,,,37803.25
16692,5.0,,,,,,,37829.5
16693,,8.0,,,,,,37833.25
16699,,,0.5095516443252563,0.6291235089302063,0.012951553799211979,0.05321710556745529,1.1637934446334839,37848.25
16703,5.0,,,,,,,37863.25
16704,,8.0,,,,,,37867.0
16712,5.0,,,,,,,37897.0
16713,,8.0,,,,,,37900.75
16719,5.0,,,,,,,37923.25
16720,,8.0,,,,,,37927.0
16726,5.0,,,,,,,37949.5
16727,,8.0,,,,,,37953.25
16732,,,0.4799374043941498,0.5829358696937561,0.0006925236084498465,0.03805526718497276,1.0184252262115479,37961.444444444445
16747,5.0,,,,,,,37994.77777777778
16748,,8.0,,,,,,37997.0
16757,5.0,,,,,,,38017.0
16758,,8.0,,,,,,38019.22222222222
16768,5.0,,,,,,,38041.444444444445
16769,,8.0,,,,,,38043.666666666664
16782,5.0,,,,,,,38072.555555555555
16783,,8.0,,,,,,38074.77777777778
16792,,,0.5930052399635315,0.6326491832733154,0.012248465791344643,0.052671510726213455,1.3897206783294678,38091.4
16801,5.0,,,,,,,38113.0
16802,,8.0,,,,,,38115.4
16814,5.0,,,,,,,38144.2
16815,,8.0,,,,,,38146.6
16823,5.0,,,,,,,38165.8
16824,,8.0,,,,,,38168.2
16834,5.0,,,,,,,38192.2
16835,,8.0,,,,,,38194.6
16840,,,0.5436078906059265,0.6265231370925903,0.005510083865374327,0.042292699217796326,1.0137279033660889,38201.705882352944
16845,,,0.5792490839958191,0.6929115056991577,0.005974095780402422,0.06694142520427704,1.2008087635040283,38213.470588235294
16857,5.0,,,,,,,38241.705882352944
16858,,8.0,,,,,,38244.05882352941
16870,5.0,,,,,,,38272.294117647056
16871,,8.0,,,,,,38274.64705882353
16878,5.0,,,,,,,38291.117647058825
16879,,8.0,,,,,,38293.470588235294
16887,5.0,,,,,,,38312.294117647056
16888,,8.0,,,,,,38314.64705882353
16893,,,0.5659058690071106,0.6134856939315796,0.010179532691836357,0.04587654396891594,0.9854171872138977,38323.0
16901,5.0,,,,,,,38347.0
16902,,8.0,,,,,,38350.0
16912,5.0,,,,,,,38380.0
16913,,8.0,,,,,,38383.0
16922,5.0,,,,,,,38410.0
16923,,8.0,,,,,,38413.0
16929,5.0,,,,,,,38431.0
16930,,8.0,,,,,,38434.0
16936,,,0.5915893316268921,0.6927731037139893,0.01033607218414545,0.032708194106817245,0.6534073352813721,38445.181818181816
16943,5.0,,,,,,,38464.27272727273
16944,,8.0,,,,,,38467.0
16953,5.0,,,,,,,38491.545454545456
16954,,8.0,,,,,,38494.27272727273
16964,5.0,,,,,,,38521.545454545456
16965,,8.0,,,,,,38524.27272727273
16975,5.0,,,,,,,38551.545454545456
16976,,8.0,,,,,,38554.27272727273
16980,,,0.536816418170929,0.6288424134254456,0.008920966647565365,0.0518624447286129,0.5684175491333008,38559.4
16994,5.0,,,,,,,38593.0
16995,,8.0,,,,,,38595.4
17006,5.0,,,,,,,38621.8
17007,,8.0,,,,,,38624.2
17015,5.0,,,,,,,38643.4
17016,,8.0,,,,,,38645.8
17027,5.0,,,,,,,38672.2
17028,,8.0,,,,,,38674.6
17033,,,0.5561468601226807,0.6360588669776917,0.022731339558959007,0.05667212978005409,0.4392128884792328,38682.10638297872
17047,5.0,,,,,,,38717.85106382979
17048,,8.0,,,,,,38720.40425531915
17057,5.0,,,,,,,38743.382978723406
17058,,8.0,,,,,,38745.936170212764
17069,5.0,,,,,,,38774.02127659575
17070,,8.0,,,,,,38776.574468085106
17076,5.0,,,,,,,38791.89361702128
17077,,8.0,,,,,,38794.44680851064
17081,,,0.5539907813072205,0.6368725895881653,0.018903488293290138,0.0426112562417984,0.3784419894218445,38800.07692307692
17087,,,0.5638128519058228,0.6605682969093323,0.018069788813591003,0.05088227242231369,0.3868933916091919,38818.53846153846
17092,5.0,,,,,,,38833.92307692308
17093,,8.0,,,,,,38837.0
17100,5.0,,,,,,,38858.53846153846
17101,,8.0,,,,,,38861.61538461538
17107,5.0,,,,,,,38880.07692307692
17108,,8.0,,,,,,38883.153846153844
17117,5.0,,,,,,,38910.846153846156
17118,,8.0,,,,,,38913.92307692308
17126,,,0.5608068108558655,0.6661310195922852,0.014226440340280533,0.0472511351108551,0.6061739325523376,38928.53846153846
17138,5.0,,,,,,,38956.230769230766
17139,,8.0,,,,,,38958.53846153846
17146,5.0,,,,,,,38974.692307692305
17147,,8.0,,,,,,38977.0
17158,5.0,,,,,,,39002.38461538462
17159,,8.0,,,,,,39004.692307692305
17171,5.0,,,,,,,39032.38461538462
17172,,8.0,,,,,,39034.692307692305
17178,,,0.5555213689804077,0.6516410708427429,0.012070544064044952,0.047805774956941605,0.3843129575252533,39044.65957446808
17187,5.0,,,,,,,39067.63829787234
17188,,8.0,,,,,,39070.1914893617
17198,5.0,,,,,,,39095.72340425532
17199,,8.0,,,,,,39098.27659574468
17210,5.0,,,,,,,39126.36170212766
17211,,8.0,,,,,,39128.914893617024
17220,5.0,,,,,,,39151.89361702128
17221,,8.0,,,,,,39154.44680851064
17225,,,0.5150725841522217,0.6008713841438293,0.01724208891391754,0.040128473192453384,0.12438958138227463,39159.608695652176
17235,5.0,,,,,,,39185.69565217391
17236,,8.0,,,,,,39188.30434782609
17244,5.0,,,,,,,39209.17391304348
17245,,8.0,,,,,,39211.782608695656
17255,5.0,,,,,,,39237.86956521739
17256,,8.0,,,,,,39240.47826086957
17268,5.0,,,,,,,39271.782608695656
17269,,8.0,,,,,,39274.391304347824
17273,,,0.583304762840271,0.686595618724823,0.016946155577898026,0.08447340130805969,0.4976453483104706,39280.07692307692
17285,5.0,,,,,,,39317.0
17286,,8.0,,,,,,39320.07692307692
17289,5.0,,,,,,,39329.307692307695
17290,,8.0,,,,,,39332.38461538462
17299,5.0,,,,,,,39360.07692307692
17300,,8.0,,,,,,39363.153846153844
17309,5.0,,,,,,,39390.846153846156
17310,,8.0,,,,,,39393.92307692308
17314,,,0.47539833188056946,0.550605297088623,0.011559859849512577,0.040964264422655106,0.24151936173439026,39399.35294117647
17316,,,0.6092225909233093,0.7321929931640625,-0.007664288394153118,0.047637034207582474,0.31505823135375977,39404.05882352941
17326,5.0,,,,,,,39427.58823529412
17327,,8.0,,,,,,39429.94117647059
17340,5.0,,,,,,,39460.529411764706
17341,,8.0,,,,,,39462.882352941175
17352,5.0,,,,,,,39488.76470588235
17353,,8.0,,,,,,39491.117647058825
17362,5.0,,,,,,,39512.294117647056
17363,,8.0,,,,,,39514.64705882353
17370,,,0.5523259043693542,0.6551253199577332,0.0024391054175794125,0.032045599073171616,0.17343886196613312,39527.0
17382,5.0,,,,,,,39557.0
17383,,8.0,,,,,,39559.5
17390,5.0,,,,,,,39577.0
17391,,8.0,,,,,,39579.5
17402,5.0,,,,,,,39607.0
17403,,8.0,,,,,,39609.5
17412,5.0,,,,,,,39632.0
17413,,8.0,,,,,,39634.5
17418,,,0.5940133929252625,0.664888858795166,0.01690499857068062,0.06743291765451431,0.6849258542060852,39641.52830188679
17432,5.0,,,,,,,39673.22641509434
17433,,8.0,,,,,,39675.49056603773
17443,5.0,,,,,,,39698.1320754717
17444,,8.0,,,,,,39700.3962264151
17453,5.0,,,,,,,39720.77358490566
17454,,8.0,,,,,,39723.03773584906
17467,5.0,,,,,,,39752.47169811321
17468,,8.0,,,,,,39754.735849056604
17476,,,0.5660309195518494,0.6444558501243591,0.007222953252494335,0.05590815097093582,0.6675555109977722,39772.0
17483,5.0,,,,,,,39793.0
17484,,8.0,,,,,,39796.0
17492,5.0,,,,,,,39820.0
17493,,8.0,,,,,,39823.0
17498,5.0,,,,,,,39838.0
17499,,8.0,,,,,,39841.0
17509,5.0,,,,,,,39871.0
17510,,8.0,,,,,,39874.0
17514,,,0.5984287261962891,0.6611531376838684,0.02446531131863594,0.08108410984277725,0.9278619885444641,39879.55319148936
17523,5.0,,,,,,,39902.53191489362
17524,,8.0,,,,,,39905.085106382976
17530,5.0,,,,,,,39920.40425531915
17531,,8.0,,,,,,39922.95744680851
17546,5.0,,,,,,,39961.255319148935
17547,,8.0,,,,,,39963.8085106383
17558,5.0,,,,,,,39991.89361702128
17559,,8.0,,,,,,39994.44680851064
17565,,,0.5100000500679016,0.5689690709114075,0.007046899292618036,0.02401749975979328,0.5591431260108948,40006.0
17568,,,0.4828837811946869,0.5676783919334412,0.004929447080940008,0.020065894350409508,0.5253925919532776,40015.0
17577,5.0,,,,,,,40042.0
17578,,8.0,,,,,,40045.0
17585,5.0,,,,,,,40066.0
17586,,8.0,,,,,,40069.0
17592,5.0,,,,,,,40087.0
17593,,8.0,,,,,,40090.0
17600,5.0,,,,,,,40111.0
17601,,8.0,,,,,,40114.0
17608,,,0.5426719784736633,0.5957045555114746,0.003866899758577347,0.04138577729463577,0.6787091493606567,40126.056603773584
17621,5.0,,,,,,,40155.49056603773
17622,,8.0,,,,,,40157.75471698113
17632,5.0,,,,,,,40180.3962264151
17633,,8.0,,,,,,40182.660377358494
17644,5.0,,,,,,,40207.56603773585
17645,,8.0,,,,,,40209.83018867925
17655,5.0,,,,,,,40232.47169811321
17656,,8.0,,,,,,40234.735849056604
17663,,,0.529325544834137,0.6054403185844421,0.008241690695285797,0.04126334190368652,0.7106115818023682,40247.0
17676,5.0,,,,,,,40279.5
17677,,8.0,,,,,,40282.0
17687,5.0,,,,,,,40307.0
17688,,8.0,,,,,,40309.5
17695,5.0,,,,,,,40327.0
17696,,8.0,,,,,,40329.5
17705,5.0,,,,,,,40352.0
17706,,8.0,,,,,,40354.5
17712,,,0.5190638899803162,0.5783466696739197,0.02032732218503952,0.04968060925602913,0.4835551083087921,40366.47368421053
17718,5.0,,,,,,,40385.42105263158
17719,,8.0,,,,,,40388.57894736842
17728,5.0,,,,,,,40417.0
17729,,8.0,,,,,,40420.15789473684
17736,5.0,,,,,,,40442.26315789474
17737,,8.0,,,,,,40445.42105263158
17745,5.0,,,,,,,40470.68421052631
17746,,8.0,,,,,,40473.84210526316
17751,,,0.5827911496162415,0.6793699860572815,0.01621817983686924,0.05069877207279205,0.61297208070755,40482.454545454544
17763,5.0,,,,,,,40515.181818181816
17764,,8.0,,,,,,40517.90909090909
17771,5.0,,,,,,,40537.0
17772,,8.0,,,,,,40539.72727272727
17776,5.0,,,,,,,40550.63636363636
17777,,8.0,,,,,,40553.36363636364
17791,5.0,,,,,,,40591.545454545456
17792,,8.0,,,,,,40594.27272727273
17796,,,0.5902920365333557,0.7045910358428955,0.014543469995260239,0.04968024417757988,0.4268825650215149,40599.608695652176
17799,,,0.543672502040863,0.6377285718917847,0.001844733371399343,0.01908382959663868,0.2354373186826706,40607.434782608696
17809,5.0,,,,,,,40633.52173913043
17810,,8.0,,,,,,40636.13043478261
17822,5.0,,,,,,,40667.434782608696
17823,,8.0,,,,,,40670.04347826087
17829,5.0,,,,,,,40685.69565217391
17830,,8.0,,,,,,40688.30434782609
17839,5.0,,,,,,,40711.782608695656
17840,,8.0,,,,,,40714.391304347824
17845,,,0.5992839336395264,0.6864455342292786,0.003230447182431817,0.047752559185028076,0.42408066987991333,40721.897959183676
17857,5.0,,,,,,,40751.28571428572
17858,,8.0,,,,,,40753.73469387755
17868,5.0,,,,,,,40778.22448979592
17869,,8.0,,,,,,40780.67346938775
17881,5.0,,,,,,,40810.06122448979
17882,,8.0,,,,,,40812.510204081635
17890,5.0,,,,,,,40832.102040816324
17891,,8.0,,,,,,40834.551020408166
17895,,,0.5052423477172852,0.6134196519851685,0.005356722977012396,0.03375258296728134,-0.023413600400090218,40839.264150943396
17908,5.0,,,,,,,40868.698113207545
17909,,8.0,,,,,,40870.96226415094
17922,5.0,,,,,,,40900.3962264151
17923,,8.0,,,,,,40902.660377358494
17932,5.0,,,,,,,40923.03773584906
17933,,8.0,,,,,,40925.301886792455
17945,5.0,,,,,,,40952.47169811321
17946,,8.0,,,,,,40954.735849056604
17951,,,0.5299102663993835,0.6317228078842163,0.003951109945774078,0.04139041155576706,0.002302932320162654,40962.58139534884
17962,5.0,,,,,,,40993.27906976744
17963,,8.0,,,,,,40996.06976744186
17969,5.0,,,,,,,41012.813953488374
17970,,8.0,,,,,,41015.604651162794
17979,5.0,,,,,,,41040.72093023256
17980,,8.0,,,,,,41043.51162790698
17990,5.0,,,,,,,41071.41860465116
17991,,8.0,,,,,,41074.20930232558
17995,,,0.5475499033927917,0.6613731384277344,0.007991335354745388,0.03094949945807457,-0.12541307508945465,41079.4
18014,5.0,,,,,,,41125.0
18015,,8.0,,,,,,41127.4
18026,5.0,,,,,,,41153.8
18027,,8.0,,,,,,41156.2
18032,5.0,,,,,,,41168.2
18033,,8.0,,,,,,41170.6
18042,5.0,,,,,,,41192.2
18043,,8.0,,,,,,41194.6
18047,,,0.5986283421516418,0.6756177544593811,0.02533525414764881,0.078880675137043,-0.12797392904758453,41199.72727272727
18050,,,0.55902498960495,0.6009923815727234,0.005691138096153736,0.06347549706697464,-0.24629433453083038,41207.90909090909
18056,5.0,,,,,,,41224.27272727273
18057,,8.0,,,,,,41227.0
18067,5.0,,,,,,,41254.27272727273
18068,,8.0,,,,,,41257.0
18076,5.0,,,,,,,41278.818181818184
18077,,8.0,,,,,,41281.545454545456
18088,5.0,,,,,,,41311.545454545456
18089,,8.0,,,,,,41314.27272727273
18095,,,0.5813612937927246,0.7006118893623352,0.02269965410232544,0.08083127439022064,0.07245384901762009,41325.78048780488
18104,5.0,,,,,,,41352.12195121951
18105,,8.0,,,,,,41355.04878048781
18117,5.0,,,,,,,41390.170731707316
18118,,8.0,,,,,,41393.09756097561
18123,5.0,,,,,,,41407.73170731707
18124,,8.0,,,,,,41410.65853658537
18131,5.0,,,,,,,41431.14634146341
18132,,8.0,,,,,,41434.07317073171
18138,,,0.5393742918968201,0.6539216041564941,0.012966183014214039,0.04478715732693672,0.05504649877548218,41445.57142857143
18146,5.0,,,,,,,41468.42857142857
18147,,8.0,,,,,,41471.28571428572
18156,5.0,,,,,,,41497.0
18157,,8.0,,,,,,41499.857142857145
18165,5.0,,,,,,,41522.71428571428
18166,,8.0,,,,,,41525.57142857143
18175,5.0,,,,,,,41551.28571428572
18176,,8.0,,,,,,41554.142857142855
18180,,,0.501693844795227,0.5789030194282532,0.016103679314255714,0.045899394899606705,-0.19855797290802002,41559.448979591834
18192,5.0,,,,,,,41588.836734693876
18193,,8.0,,,,,,41591.28571428572
18205,5.0,,,,,,,41620.67346938775
18206,,8.0,,,,,,41623.12244897959
18216,5.0,,,,,,,41647.61224489796
18217,,8.0,,,,,,41650.06122448979
18226,5.0,,,,,,,41672.102040816324
18227,,8.0,,,,,,41674.551020408166
18232,,,0.5513041019439697,0.6571071743965149,0.011571387760341167,0.038737937808036804,0.04116540402173996,41682.0
18240,5.0,,,,,,,41702.0
18241,,8.0,,,,,,41704.5
18255,5.0,,,,,,,41739.5
18256,,8.0,,,,,,41742.0
18265,5.0,,,,,,,41764.5
18266,,8.0,,,,,,41767.0
18276,5.0,,,,,,,41792.0
18277,,8.0,,,,,,41794.5
18282,,,0.5738771557807922,0.6219968795776367,0.01801009476184845,0.037829186767339706,0.32228103280067444,41801.52830188679
18285,,,0.4802423119544983,0.5623668432235718,0.0075740204192698,0.03443752974271774,0.2683045566082001,41808.32075471698
18294,5.0,,,,,,,41828.698113207545
18295,,8.0,,,,,,41830.96226415094
18307,5.0,,,,,,,41858.1320754717
18308,,8.0,,,,,,41860.3962264151
18317,5.0,,,,,,,41880.77358490566
18318,,8.0,,,,,,41883.03773584906
18331,5.0,,,,,,,41912.47169811321
18332,,8.0,,,,,,41914.735849056604
18341,,,0.595767080783844,0.6674094200134277,-0.0009509819792583585,0.04793138429522514,0.08322082459926605,41929.41379310345
18351,5.0,,,,,,,41950.10344827586
18352,,8.0,,,,,,41952.1724137931
18361,5.0,,,,,,,41970.793103448275
18362,,8.0,,,,,,41972.862068965514
18375,5.0,,,,,,,41999.75862068965
18376,,8.0,,,,,,42001.8275862069
18391,5.0,,,,,,,42032.862068965514
18392,,8.0,,,,,,42034.93103448276
18400,,,0.6109891533851624,0.6873005628585815,0.01167086511850357,0.04582164064049721,0.3237816393375397,42049.244897959186
18413,5.0,,,,,,,42081.08163265306
18414,,8.0,,,,,,42083.5306122449
18423,5.0,,,,,,,42105.57142857143
18424,,8.0,,,,,,42108.02040816326
18432,5.0,,,,,,,42127.61224489796
18433,,8.0,,,,,,42130.06122448979
18442,5.0,,,,,,,42152.102040816324
18443,,8.0,,,,,,42154.551020408166
18448,,,0.5454651713371277,0.6759772896766663,0.013818836770951748,0.03911243751645088,0.23136243224143982,42162.333333333336
18459,5.0,,,,,,,42191.666666666664
18460,,8.0,,,,,,42194.333333333336
18472,5.0,,,,,,,42226.333333333336
18473,,8.0,,,,,,42229.0
18482,5.0,,,,,,,42253.0
18483,,8.0,,,,,,42255.666666666664
18489,5.0,,,,,,,42271.666666666664
18490,,8.0,,,,,,42274.333333333336
18494,,,0.5116179585456848,0.6028920412063599,0.013881630264222622,0.03284360095858574,0.2227778136730194,42280.0
18507,5.0,,,,,,,42319.0
18508,,8.0,,,,,,42322.0
18512,5.0,,,,,,,42334.0
18513,,8.0,,,,,,42337.0
18523,5.0,,,,,,,42367.0
18524,,8.0,,,,,,42370.0
18531,5.0,,,,,,,42391.0
18532,,8.0,,,,,,42394.0
18537,,,0.5568628907203674,0.6444857120513916,0.01315332017838955,0.04247310012578964,0.5231130719184875,42401.52830188679
18541,,,0.527662456035614,0.6295801997184753,0.006738144438713789,0.021782930940389633,0.3188488185405731,42410.58490566038
18549,5.0,,,,,,,42428.698113207545
18550,,8.0,,,,,,42430.96226415094
18562,5.0,,,,,,,42458.1320754717
18563,,8.0,,,,,,42460.3962264151
18576,5.0,,,,,,,42489.83018867925
18577,,8.0,,,,,,42492.09433962264
18586,5.0,,,,,,,42512.47169811321
18587,,8.0,,,,,,42514.735849056604
18593,,,0.5222581624984741,0.6470377445220947,0.010619556531310081,0.04057160019874573,0.5936106443405151,42525.0
18603,5.0,,,,,,,42551.666666666664
18604,,8.0,,,,,,42554.333333333336
18612,5.0,,,,,,,42575.666666666664
18613,,8.0,,,,,,42578.333333333336
18621,5.0,,,,,,,42599.666666666664
18622,,8.0,,,,,,42602.333333333336
18633,5.0,,,,,,,42631.666666666664
18634,,8.0,,,,,,42634.333333333336
18642,,,0.5293136835098267,0.6039851903915405,0.008165889419615269,0.03058966062963009,0.327123761177063,42649.5
18660,5.0,,,,,,,42694.5
18661,,8.0,,,,,,42697.0
18668,5.0,,,,,,,42714.5
18669,,8.0,,,,,,42717.0
18676,5.0,,,,,,,42734.5
18677,,8.0,,,,,,42737.0
18683,5.0,,,,,,,42752.0
18684,,8.0,,,,,,42754.5
18689,,,0.5556813478469849,0.6122169494628906,0.011881780810654163,0.049825269728899,0.34062257409095764,42761.8
18701,5.0,,,,,,,42790.6
18702,,8.0,,,,,,42793.0
18713,5.0,,,,,,,42819.4
18714,,8.0,,,,,,42821.8
18727,5.0,,,,,,,42853.0
18728,,8.0,,,,,,42855.4
18735,5.0,,,,,,,42872.2
18736,,8.0,,,,,,42874.6
18741,,,0.5370422005653381,0.655975341796875,0.021672334522008896,0.03857645019888878,0.33443790674209595,42881.705882352944
18750,5.0,,,,,,,42902.882352941175
18751,,8.0,,,,,,42905.23529411765
18765,5.0,,,,,,,42938.17647058824
18766,,8.0,,,,,,42940.529411764706
18773,5.0,,,,,,,42957.0
18774,,8.0,,,,,,42959.35294117647
18788,5.0,,,,,,,42992.294117647056
18789,,8.0,,,,,,42994.64705882353
18793,,,0.5671034455299377,0.6424721479415894,0.008090740069746971,0.03181450068950653,0.36914828419685364,42998.875
18796,,,0.5672067999839783,0.7313055396080017,0.014414913021028042,0.04933959245681763,0.5198497772216797,43004.5
18809,5.0,,,,,,,43028.875
18810,,8.0,,,,,,43030.75
18820,5.0,,,,,,,43049.5
18821,,8.0,,,,,,43051.375
18835,5.0,,,,,,,43077.625
18836,,8.0,,,,,,43079.5
18854,5.0,,,,,,,43113.25
18855,,8.0,,,,,,43115.125
18860,,,0.5750483274459839,0.6438742876052856,0.01005034614354372,0.037055883556604385,0.22562380135059357,43122.0
18874,5.0,,,,,,,43157.0
18875,,8.0,,,,,,43159.5
18885,5.0,,,,,,,43184.5
18886,,8.0,,,,,,43187.0
18894,5.0,,,,,,,43207.0
18895,,8.0,,,,,,43209.5
18904,5.0,,,,,,,43232.0
18905,,8.0,,,,,,43234.5
18912,,,0.648644208908081,0.7648279070854187,0.026809480041265488,0.07157182693481445,0.2814270257949829,43246.056603773584
18921,5.0,,,,,,,43266.43396226415
18922,,8.0,,,,,,43268.698113207545
18932,5.0,,,,,,,43291.339622641506
18933,,8.0,,,,,,43293.6037735849
18946,5.0,,,,,,,43323.03773584906
18947,,8.0,,,,,,43325.301886792455
18959,5.0,,,,,,,43352.47169811321
18960,,8.0,,,,,,43354.735849056604
18965,,,0.5402700304985046,0.6387755274772644,0.0023082979023456573,0.05073165521025658,-0.020886844024062157,43362.217391304344
18976,5.0,,,,,,,43390.913043478264
18977,,8.0,,,,,,43393.52173913043
18986,5.0,,,,,,,43417.0
18987,,8.0,,,,,,43419.608695652176
18995,5.0,,,,,,,43440.47826086957
18996,,8.0,,,,,,43443.086956521736
19007,5.0,,,,,,,43471.782608695656
19008,,8.0,,,,,,43474.391304347824
19012,,,0.714458167552948,0.7837821245193481,-0.0057094828225672245,0.13283167779445648,0.21045257151126862,43479.666666666664
19024,5.0,,,,,,,43511.666666666664
19025,,8.0,,,,,,43514.333333333336
19035,5.0,,,,,,,43541.0
19036,,8.0,,,,,,43543.666666666664
19046,5.0,,,,,,,43570.333333333336
19047,,8.0,,,,,,43573.0
19054,5.0,,,,,,,43591.666666666664
19055,,8.0,,,,,,43594.333333333336
19060,,,0.5685325264930725,0.6463976502418518,0.01759527064859867,0.08140244334936142,-0.3312685787677765,43602.217391304344
19062,,,0.5710048079490662,0.6700671315193176,0.00923177320510149,0.07979755103588104,-0.3062881827354431,43607.434782608696
19072,5.0,,,,,,,43633.52173913043
19073,,8.0,,,,,,43636.13043478261
19084,5.0,,,,,,,43664.82608695652
19085,,8.0,,,,,,43667.434782608696
19096,5.0,,,,,,,43696.13043478261
19097,,8.0,,,,,,43698.739130434784
19102,5.0,,,,,,,43711.782608695656
19103,,8.0,,,,,,43714.391304347824
19109,,,0.5215530395507812,0.6138531565666199,0.011368837207555771,0.06721765547990799,-0.1044621393084526,43726.47368421053
19119,5.0,,,,,,,43758.05263157895
19120,,8.0,,,,,,43761.21052631579
19127,5.0,,,,,,,43783.31578947369
19128,,8.0,,,,,,43786.47368421053
19134,5.0,,,,,,,43805.42105263158
19135,,8.0,,,,,,43808.57894736842
19142,5.0,,,,,,,43830.68421052631
19143,,8.0,,,,,,43833.84210526316
19153,,,0.5772603750228882,0.6609187722206116,0.021216336637735367,0.06345650553703308,0.1619178056716919,43857.48780487805
19162,5.0,,,,,,,43883.829268292684
19163,,8.0,,,,,,43886.756097560974
19171,5.0,,,,,,,43910.170731707316
19172,,8.0,,,,,,43913.09756097561
19180,5.0,,,,,,,43936.51219512195
19181,,8.0,,,,,,43939.439024390245
19185,5.0,,,,,,,43951.14634146341
19186,,8.0,,,,,,43954.07317073171
19190,,,0.56544429063797,0.6563030481338501,0.008168392814695835,0.047564547508955,-0.0294589102268219,43959.4
19199,5.0,,,,,,,43981.0
19200,,8.0,,,,,,43983.4
19215,5.0,,,,,,,44019.4
19216,,8.0,,,,,,44021.8
19228,5.0,,,,,,,44050.6
19229,,8.0,,,,,,44053.0
19237,5.0,,,,,,,44072.2
19238,,8.0,,,,,,44074.6
19243,,,0.5491686463356018,0.6191431879997253,0.01729682646691799,0.05903990939259529,0.22634023427963257,44082.454545454544
19255,5.0,,,,,,,44115.181818181816
19256,,8.0,,,,,,44117.90909090909
19262,5.0,,,,,,,44134.27272727273
19263,,8.0,,,,,,44137.0
19274,5.0,,,,,,,44167.0
19275,,8.0,,,,,,44169.72727272727
19283,5.0,,,,,,,44191.545454545456
19284,,8.0,,,,,,44194.27272727273
19289,,,0.5711745023727417,0.6766444444656372,0.01421448402106762,0.04038245603442192,0.05124970152974129,44200.87096774193
19294,,,0.5114412307739258,0.5784547924995422,0.01695225201547146,0.05273721367120743,0.17301850020885468,44210.54838709677
19306,5.0,,,,,,,44233.77419354839
19307,,8.0,,,,,,44235.709677419356
19316,5.0,,,,,,,44253.12903225807
19317,,8.0,,,,,,44255.06451612903
19335,5.0,,,,,,,44289.903225806454
19336,,8.0,,,,,,44291.83870967742
19347,5.0,,,,,,,44313.12903225807
19348,,8.0,,,,,,44315.06451612903
19355,,,0.5944287180900574,0.6973870992660522,0.003679699031636119,0.05879600718617439,0.08000671118497849,44329.0
19363,5.0,,,,,,,44353.0
19364,,8.0,,,,,,44356.0
19372,5.0,,,,,,,44380.0
19373,,8.0,,,,,,44383.0
19380,5.0,,,,,,,44404.0
19381,,8.0,,,,,,44407.0
19389,5.0,,,,,,,44431.0
19390,,8.0,,,,,,44434.0
19395,,,0.5507943034172058,0.6988576054573059,0.004295408260077238,0.036135923117399216,-0.00909046083688736,44443.48648648649
19403,5.0,,,,,,,44469.43243243243
19404,,8.0,,,,,,44472.67567567567
19411,5.0,,,,,,,44495.37837837838
19412,,8.0,,,,,,44498.62162162162
19421,5.0,,,,,,,44527.81081081081
19422,,8.0,,,,,,44531.05405405405
19428,5.0,,,,,,,44550.51351351351
19429,,8.0,,,,,,44553.75675675676
19435,,,0.5644626617431641,0.6332513689994812,0.014000521041452885,0.04071405157446861,0.06226443499326706,44563.101694915254
19448,5.0,,,,,,,44589.542372881355
19449,,8.0,,,,,,44591.57627118644
19463,5.0,,,,,,,44620.05084745763
19464,,8.0,,,,,,44622.08474576271
19474,5.0,,,,,,,44642.42372881356
19475,,8.0,,,,,,44644.457627118645
19489,5.0,,,,,,,44672.93220338983
19490,,8.0,,,,,,44674.96610169492
19495,,,0.5616747736930847,0.6714903116226196,0.005215561483055353,0.027578379958868027,0.01357982400804758,44683.153846153844
19504,5.0,,,,,,,44710.846153846156
19505,,8.0,,,,,,44713.92307692308
19513,5.0,,,,,,,44738.53846153846
19514,,8.0,,,,,,44741.61538461538
19524,5.0,,,,,,,44772.38461538462
19525,,8.0,,,,,,44775.46153846154
19530,5.0,,,,,,,44790.846153846156
19531,,8.0,,,,,,44793.92307692308
19536,,,0.5619268417358398,0.6492754220962524,0.008967907167971134,0.032077472656965256,0.21042923629283905,44801.8
19539,,,0.49107787013053894,0.5964154601097107,0.009541517123579979,0.046594418585300446,0.3050250709056854,44809.0
19551,5.0,,,,,,,44837.8
19552,,8.0,,,,,,44840.2
19560,5.0,,,,,,,44859.4
19561,,8.0,,,,,,44861.8
19570,5.0,,,,,,,44883.4
19571,,8.0,,,,,,44885.8
19582,5.0,,,,,,,44912.2
19583,,8.0,,,,,,44914.6
19588,,,0.5605456829071045,0.617423951625824,0.006918629631400108,0.033838264644145966,0.29932746291160583,44922.217391304344
19597,5.0,,,,,,,44945.69565217391
19598,,8.0,,,,,,44948.30434782609
19607,5.0,,,,,,,44971.782608695656
19608,,8.0,,,,,,44974.391304347824
19618,5.0,,,,,,,45000.47826086957
19619,,8.0,,,,,,45003.086956521736
19630,5.0,,,,,,,45031.782608695656
19631,,8.0,,,,,,45034.391304347824
19635,,,0.5624185800552368,0.6699755787849426,0.02290733903646469,0.061041392385959625,0.6538596749305725,45039.35294117647
19646,5.0,,,,,,,45065.23529411765
19647,,8.0,,,,,,45067.58823529412
19658,5.0,,,,,,,45093.470588235294
19659,,8.0,,,,,,45095.82352941176
19675,5.0,,,,,,,45133.470588235294
19676,,8.0,,,,,,45135.82352941176
19683,5.0,,,,,,,45152.294117647056
19684,,8.0,,,,,,45154.64705882353
19689,,,0.5002156496047974,0.5937097072601318,0.00600392185151577,0.023428086191415787,0.19868797063827515,45162.85365853659
19698,5.0,,,,,,,45189.19512195122
19699,,8.0,,,,,,45192.12195121951
19705,5.0,,,,,,,45209.68292682927
19706,,8.0,,,,,,45212.60975609756
19714,5.0,,,,,,,45236.0243902439
19715,,8.0,,,,,,45238.95121951219
19726,5.0,,,,,,,45271.14634146341
19727,,8.0,,,,,,45274.07317073171
19732,,,0.5327797532081604,0.6234566569328308,0.008006643503904343,0.0378921739757061,0.24388404190540314,45283.48648648649
19737,5.0,,,,,,,45299.7027027027
19738,,8.0,,,,,,45302.94594594595
19747,5.0,,,,,,,45332.13513513513
19748,,8.0,,,,,,45335.37837837838
19758,5.0,,,,,,,45367.81081081081
19759,,8.0,,,,,,45371.05405405405
19765,5.0,,,,,,,45390.51351351351
19766,,8.0,,,,,,45393.75675675676
19770,,,0.5581325888633728,0.6503200531005859,0.00528867868706584,0.04174653813242912,0.2274821549654007,45399.5
19774,,,0.5574060082435608,0.6693826913833618,0.0024516487028449774,0.02811398357152939,0.059404049068689346,45409.5
19787,5.0,,,,,,,45442.0
19788,,8.0,,,,,,45444.5
19796,5.0,,,,,,,45464.5
19797,,8.0,,,,,,45467.0
19804,5.0,,,,,,,45484.5
19805,,8.0,,,,,,45487.0
19815,5.0,,,,,,,45512.0
19816,,8.0,,,,,,45514.5
19821,,,0.5532061457633972,0.6198223829269409,0.00762015487998724,0.03287223353981972,0.22094091773033142,45522.217391304344
19828,5.0,,,,,,,45540.47826086957
19829,,8.0,,,,,,45543.086956521736
19840,5.0,,,,,,,45571.782608695656
19841,,8.0,,,,,,45574.391304347824
19854,5.0,,,,,,,45608.30434782609
19855,,8.0,,,,,,45610.913043478264
19863,5.0,,,,,,,45631.782608695656
19864,,8.0,,,,,,45634.391304347824
19869,,,0.5841957330703735,0.6558486819267273,0.009687296114861965,0.04038192704319954,0.23098759353160858,45643.31578947369
19877,5.0,,,,,,,45668.57894736842
19878,,8.0,,,,,,45671.73684210526
19889,5.0,,,,,,,45706.47368421053
19890,,8.0,,,,,,45709.63157894737
19895,5.0,,,,,,,45725.42105263158
19896,,8.0,,,,,,45728.57894736842
19903,5.0,,,,,,,45750.68421052631
19904,,8.0,,,,,,45753.84210526316
19910,,,0.5951800346374512,0.6755032539367676,0.003250419395044446,0.03495071828365326,0.24136760830879211,45763.545454545456
19924,5.0,,,,,,,45794.09090909091
19925,,8.0,,,,,,45796.27272727273
19935,5.0,,,,,,,45818.09090909091
19936,,8.0,,,,,,45820.27272727273
19949,5.0,,,,,,,45848.63636363636
19950,,8.0,,,,,,45850.818181818184
19960,5.0,,,,,,,45872.63636363636
19961,,8.0,,,,,,45874.818181818184
19965,,,0.5251147150993347,0.5787847638130188,0.014622481539845467,0.044612351804971695,0.19740059971809387,45879.857142857145
19973,5.0,,,,,,,45902.71428571428
19974,,8.0,,,,,,45905.57142857143
19984,5.0,,,,,,,45934.142857142855
19985,,8.0,,,,,,45937.0
19995,5.0,,,,,,,45965.57142857143
19996,,8.0,,,,,,45968.42857142857
20004,5.0,,,,,,,45991.28571428572
20005,,8.0,,,,,,45994.142857142855
20010,,,0.6569064855575562,0.7178630232810974,0.052304018288850784,0.08860045671463013,1.0159590244293213,46001.897959183676
20013,,,0.5283437967300415,0.5850692987442017,0.013453010469675064,0.03709494695067406,0.7486429810523987,46009.244897959186
20021,5.0,,,,,,,46028.836734693876
20022,,8.0,,,,,,46031.28571428572
20034,5.0,,,,,,,46060.67346938775
20035,,8.0,,,,,,46063.12244897959
20045,5.0,,,,,,,46087.61224489796
20046,,8.0,,,,,,46090.06122448979
20055,5.0,,,,,,,46112.102040816324
20056,,8.0,,,,,,46114.551020408166
20063,,,0.6049662828445435,0.695945680141449,0.01062370091676712,0.03362739086151123,0.8304470777511597,46127.21276595745
20068,5.0,,,,,,,46139.97872340425
20069,,8.0,,,,,,46142.53191489362
20079,5.0,,,,,,,46168.063829787236
20080,,8.0,,,,,,46170.617021276594
20091,5.0,,,,,,,46198.70212765958
20092,,8.0,,,,,,46201.255319148935
20104,5.0,,,,,,,46231.89361702128
20105,,8.0,,,,,,46234.44680851064
20111,,,0.5725936889648438,0.7104002833366394,0.009042029269039631,0.028712233528494835,1.1316124200820923,46246.47368421053
20120,5.0,,,,,,,46274.89473684211
20121,,8.0,,,,,,46278.05263157895
20129,5.0,,,,,,,46303.31578947369
20130,,8.0,,,,,,46306.47368421053
20135,5.0,,,,,,,46322.26315789474
20136,,8.0,,,,,,46325.42105263158
20144,5.0,,,,,,,46350.68421052631
20145,,8.0,,,,,,46353.84210526316
20150,,,0.5034852027893066,0.5820645689964294,0.0030435523949563503,0.02281433716416359,0.6661297082901001,46361.8
20158,5.0,,,,,,,46381.0
20159,,8.0,,,,,,46383.4
20170,5.0,,,,,,,46409.8
20171,,8.0,,,,,,46412.2
20184,5.0,,,,,,,46443.4
20185,,8.0,,,,,,46445.8
20196,5.0,,,,,,,46472.2
20197,,8.0,,,,,,46474.6
20202,,,0.49796801805496216,0.6039841175079346,0.010726960375905037,0.03033623844385147,0.5316859483718872,46482.454545454544
20215,5.0,,,,,,,46517.90909090909
20216,,8.0,,,,,,46520.63636363636
20222,5.0,,,,,,,46537.0
20223,,8.0,,,,,,46539.72727272727
20232,5.0,,,,,,,46564.27272727273
20233,,8.0,,,,,,46567.0
20242,5.0,,,,,,,46591.545454545456
20243,,8.0,,,,,,46594.27272727273
20247,,,0.5413190722465515,0.6203720569610596,0.012770147062838078,0.04165716469287872,0.5515519380569458,46599.608695652176
20249,,,0.569696843624115,0.6458976864814758,0.012915886007249355,0.03698481246829033,0.5425381064414978,46604.82608695652
20261,5.0,,,,,,,46636.13043478261
20262,,8.0,,,,,,46638.739130434784
20268,5.0,,,,,,,46654.391304347824
20269,,8.0,,,,,,46657.0
20279,5.0,,,,,,,46683.086956521736
20280,,8.0,,,,,,46685.69565217391
20290,5.0,,,,,,,46711.782608695656
20291,,8.0,,,,,,46714.391304347824
20298,,,0.5659205913543701,0.6622552871704102,0.0068590519949793816,0.03415771201252937,0.5181989669799805,46727.0
20310,5.0,,,,,,,46757.0
20311,,8.0,,,,,,46759.5
20320,5.0,,,,,,,46782.0
20321,,8.0,,,,,,46784.5
20330,5.0,,,,,,,46807.0
20331,,8.0,,,,,,46809.5
20340,5.0,,,,,,,46832.0
20341,,8.0,,,,,,46834.5
20348,,,0.5306142568588257,0.6339650750160217,0.01553724892437458,0.03662312775850296,0.5132449865341187,46847.90909090909
20359,5.0,,,,,,,46877.90909090909
20360,,8.0,,,,,,46880.63636363636
20373,5.0,,,,,,,46916.09090909091
20374,,8.0,,,,,,46918.818181818184
20378,5.0,,,,,,,46929.72727272727
20379,,8.0,,,,,,46932.454545454544
20386,5.0,,,,,,,46951.545454545456
20387,,8.0,,,,,,46954.27272727273
20392,,,0.5567317008972168,0.6896435618400574,0.009117508307099342,0.03706751763820648,0.34005874395370483,46962.454545454544
20402,5.0,,,,,,,46989.72727272727
20403,,8.0,,,,,,46992.454545454544
20412,5.0,,,,,,,47017.0
20413,,8.0,,,,,,47019.72727272727
20422,5.0,,,,,,,47044.27272727273
20423,,8.0,,,,,,47047.0
20432,5.0,,,,,,,47071.545454545456
20433,,8.0,,,,,,47074.27272727273
20438,,,0.5721309781074524,0.6905675530433655,0.02506752870976925,0.04658062011003494,0.25731128454208374,47083.0
20447,5.0,,,,,,,47110.0
20448,,8.0,,,,,,47113.0
20455,5.0,,,,,,,47134.0
20456,,8.0,,,,,,47137.0
20465,5.0,,,,,,,47164.0
20466,,8.0,,,,,,47167.0
20474,5.0,,,,,,,47191.0
20475,,8.0,,,,,,47194.0
20480,,,0.5482537746429443,0.6372816562652588,0.014658604748547077,0.029828662052750587,-0.05156543105840683,47203.0
20484,,,0.5226932764053345,0.6038714647293091,-0.00038300466258078814,0.033309128135442734,-0.017494065687060356,47215.0
20490,5.0,,,,,,,47233.0
20491,,8.0,,,,,,47236.0
20499,5.0,,,,,,,47260.0
20500,,8.0,,,,,,47263.0
20509,5.0,,,,,,,47290.0
20510,,8.0,,,,,,47293.0
20516,5.0,,,,,,,47311.0
20517,,8.0,,,,,,47314.0
20524,,,0.5011275410652161,0.5700588226318359,0.00396085437387228,0.018666917458176613,-0.0022409965749830008,47327.666666666664
20538,5.0,,,,,,,47365.0
20539,,8.0,,,,,,47367.666666666664
20546,5.0,,,,,,,47386.333333333336
20547,,8.0,,,,,,47389.0
20557,5.0,,,,,,,47415.666666666664
20558,,8.0,,,,,,47418.333333333336
20563,5.0,,,,,,,47431.666666666664
20564,,8.0,,,,,,47434.333333333336
20569,,,0.6316087245941162,0.6851674914360046,-0.007943115197122097,0.03363169729709625,0.08687245845794678,47443.0
20578,5.0,,,,,,,47470.0
20579,,8.0,,,,,,47473.0
20587,5.0,,,,,,,47497.0
20588,,8.0,,,,,,47500.0
20596,5.0,,,,,,,47524.0
20597,,8.0,,,,,,47527.0
20605,5.0,,,,,,,47551.0
20606,,8.0,,,,,,47554.0
20612,,,0.5630782246589661,0.652741014957428,0.004689943976700306,0.02705479972064495,0.5142682790756226,47563.92307692308
20625,5.0,,,,,,,47593.92307692308
20626,,8.0,,,,,,47596.230769230766
20634,5.0,,,,,,,47614.692307692305
20635,,8.0,,,,,,47617.0
20644,5.0,,,,,,,47637.769230769234
20645,,8.0,,,,,,47640.07692307692
20659,5.0,,,,,,,47672.38461538462
20660,,8.0,,,,,,47674.692307692305
20665,,,0.5996142029762268,0.6479348540306091,0.012641068547964096,0.0549154132604599,0.5894846320152283,47682.85365853659
20674,5.0,,,,,,,47709.19512195122
20675,,8.0,,,,,,47712.12195121951
20684,5.0,,,,,,,47738.46341463415
20685,,8.0,,,,,,47741.39024390244
20693,5.0,,,,,,,47764.80487804878
20694,,8.0,,,,,,47767.73170731707
20702,5.0,,,,,,,47791.14634146341
20703,,8.0,,,,,,47794.07317073171
20707,,,0.5742557048797607,0.6846550107002258,0.012700279243290424,0.028866762295365334,0.11209169775247574,47799.72727272727
20711,,,0.6108812093734741,0.7056080102920532,0.01437603123486042,0.0454062893986702,0.197469100356102,47810.63636363636
20720,5.0,,,,,,,47835.181818181816
20721,,8.0,,,,,,47837.90909090909
20728,5.0,,,,,,,47857.0
20729,,8.0,,,,,,47859.72727272727
20738,5.0,,,,,,,47884.27272727273
20739,,8.0,,,,,,47887.0
20748,5.0,,,,,,,47911.545454545456
20749,,8.0,,,,,,47914.27272727273
20756,,,0.5354747772216797,0.6210921406745911,0.017145469784736633,0.04023519158363342,0.030660806223750114,47929.63157894737
20766,5.0,,,,,,,47961.21052631579
20767,,8.0,,,,,,47964.36842105263
20774,5.0,,,,,,,47986.47368421053
20775,,8.0,,,,,,47989.63157894737
20782,5.0,,,,,,,48011.73684210526
20783,,8.0,,,,,,48014.89473684211
20788,5.0,,,,,,,48030.68421052631
20789,,8.0,,,,,,48033.84210526316
20795,,,0.5757220983505249,0.623741865158081,0.001075534150004387,0.03628050535917282,0.25151413679122925,48044.34693877551
20810,5.0,,,,,,,48081.08163265306
20811,,8.0,,,,,,48083.5306122449
20816,5.0,,,,,,,48095.77551020408
20817,,8.0,,,,,,48098.22448979592
20829,5.0,,,,,,,48127.61224489796
20830,,8.0,,,,,,48130.06122448979
20839,5.0,,,,,,,48152.102040816324
20840,,8.0,,,,,,48154.551020408166
20844,,,0.5125912427902222,0.627209484577179,0.022775864228606224,0.05066820979118347,0.5938707590103149,48159.448979591834
20854,5.0,,,,,,,48183.93877551021
20855,,8.0,,,,,,48186.38775510204
20864,5.0,,,,,,,48208.42857142857
20865,,8.0,,,,,,48210.87755102041
20876,5.0,,,,,,,48237.816326530614
20877,,8.0,,,,,,48240.26530612245
20890,5.0,,,,,,,48272.102040816324
20891,,8.0,,,,,,48274.551020408166
20895,,,0.550078272819519,0.6657294034957886,0.006260948721319437,0.03090314380824566,0.6695699691772461,48280.333333333336
20904,5.0,,,,,,,48310.333333333336
20905,,8.0,,,,,,48313.666666666664
20910,5.0,,,,,,,48330.333333333336
20911,,8.0,,,,,,48333.666666666664
20922,5.0,,,,,,,48370.333333333336
20923,,8.0,,,,,,48373.666666666664
20928,5.0,,,,,,,48390.333333333336
20929,,8.0,,,,,,48393.666666666664
20933,,,0.599894642829895,0.6724799871444702,0.02357325702905655,0.04926760122179985,0.6594140529632568,48399.22222222222
20940,,,0.5653761625289917,0.5991666316986084,0.020458778366446495,0.040754567831754684,0.5946888327598572,48414.77777777778
20951,5.0,,,,,,,48439.22222222222
20952,,8.0,,,,,,48441.444444444445
20959,5.0,,,,,,,48457.0
20960,,8.0,,,,,,48459.22222222222
20974,5.0,,,,,,,48490.333333333336
20975,,8.0,,,,,,48492.555555555555
20984,5.0,,,,,,,48512.555555555555
20985,,8.0,,,,,,48514.77777777778
20990,,,0.576955258846283,0.6639482975006104,0.007986806333065033,0.04123322293162346,0.5591017007827759,48523.857142857145
20997,5.0,,,,,,,48547.857142857145
20998,,8.0,,,,,,48551.28571428572
21006,5.0,,,,,,,48578.71428571428
21007,,8.0,,,,,,48582.142857142855
21011,5.0,,,,,,,48595.857142857145
21012,,8.0,,,,,,48599.28571428572
21021,5.0,,,,,,,48630.142857142855
21022,,8.0,,,,,,48633.57142857143
21030,,,0.5707961320877075,0.6826057434082031,0.012850833125412464,0.0295614805072546,0.23899783194065094,48651.28571428572
21038,5.0,,,,,,,48674.142857142855
21039,,8.0,,,,,,48677.0
21048,5.0,,,,,,,48702.71428571428
21049,,8.0,,,,,,48705.57142857143
21055,5.0,,,,,,,48722.71428571428
21056,,8.0,,,,,,48725.57142857143
21065,5.0,,,,,,,48751.28571428572
21066,,8.0,,,,,,48754.142857142855
21074,,,0.55917888879776,0.6660312414169312,0.006995751056820154,0.02651791274547577,0.2905192971229553,48769.244897959186
21087,5.0,,,,,,,48801.08163265306
21088,,8.0,,,,,,48803.5306122449
21097,5.0,,,,,,,48825.57142857143
21098,,8.0,,,,,,48828.02040816326
21105,5.0,,,,,,,48845.163265306124
21106,,8.0,,,,,,48847.61224489796
21116,5.0,,,,,,,48872.102040816324
21117,,8.0,,,,,,48874.551020408166
21121,,,0.539566159248352,0.6426681876182556,0.017850160598754883,0.047673750668764114,0.3294265568256378,48879.79069767442
21130,5.0,,,,,,,48904.90697674418
21131,,8.0,,,,,,48907.6976744186
21144,5.0,,,,,,,48943.976744186046
21145,,8.0,,,,,,48946.767441860466
21151,5.0,,,,,,,48963.51162790698
21152,,8.0,,,,,,48966.3023255814
21161,5.0,,,,,,,48991.41860465116
21162,,8.0,,,,,,48994.20930232558
21166,,,0.5818812847137451,0.6503258347511292,0.013355298899114132,0.0368565134704113,0.4400407075881958,48999.666666666664
21167,,,0.5916960835456848,0.6910282969474792,0.01396331749856472,0.05662153661251068,0.48228582739830017,49002.333333333336
21175,5.0,,,,,,,49023.666666666664
21176,,8.0,,,,,,49026.333333333336
21184,5.0,,,,,,,49047.666666666664
21185,,8.0,,,,,,49050.333333333336
21196,5.0,,,,,,,49079.666666666664
21197,,8.0,,,,,,49082.333333333336
21208,5.0,,,,,,,49111.666666666664
21209,,8.0,,,,,,49114.333333333336
21215,,,0.49647876620292664,0.591099739074707,0.009970994666218758,0.034626711159944534,0.24907976388931274,49124.65957446808
21223,5.0,,,,,,,49145.085106382976
21224,,8.0,,,,,,49147.63829787234
21237,5.0,,,,,,,49180.82978723404
21238,,8.0,,,,,,49183.382978723406
21250,5.0,,,,,,,49214.02127659575
21251,,8.0,,,,,,49216.574468085106
21257,5.0,,,,,,,49231.89361702128
21258,,8.0,,,,,,49234.44680851064
21265,,,0.5445994138717651,0.6342899799346924,0.008861756883561611,0.0454920195043087,0.10412968695163727,49247.434782608696
21275,5.0,,,,,,,49273.52173913043
21276,,8.0,,,,,,49276.13043478261
21286,5.0,,,,,,,49302.217391304344
21287,,8.0,,,,,,49304.82608695652
21294,5.0,,,,,,,49323.086956521736
21295,,8.0,,,,,,49325.69565217391
21305,5.0,,,,,,,49351.782608695656
21306,,8.0,,,,,,49354.391304347824
21310,,,0.5723365545272827,0.6536400318145752,0.012570081278681755,0.05431897193193436,0.3589267432689667,49360.0
21320,5.0,,,,,,,49390.0
21321,,8.0,,,,,,49393.0
21329,5.0,,,,,,,49417.0
21330,,8.0,,,,,,49420.0
21339,5.0,,,,,,,49447.0
21340,,8.0,,,,,,49450.0
21347,5.0,,,,,,,49471.0
21348,,8.0,,,,,,49474.0
21353,,,0.5711264610290527,0.6531304717063904,0.006574480794370174,0.025939304381608963,0.15986031293869019,49482.217391304344
21361,5.0,,,,,,,49503.086956521736
21362,,8.0,,,,,,49505.69565217391
21376,5.0,,,,,,,49542.217391304344
21377,,8.0,,,,,,49544.82608695652
21386,5.0,,,,,,,49568.30434782609
21387,,8.0,,,,,,49570.913043478264
21395,5.0,,,,,,,49591.782608695656
21396,,8.0,,,,,,49594.391304347824
21403,,,0.529938280582428,0.6015383005142212,0.003003834979608655,0.026019351556897163,0.11867386847734451,49607.434782608696
21405,,,0.5458360910415649,0.6192774176597595,0.012045224197208881,0.031558532267808914,0.10934886336326599,49612.65217391304
21414,5.0,,,,,,,49636.13043478261
21415,,8.0,,,,,,49638.739130434784
21424,5.0,,,,,,,49662.217391304344
21425,,8.0,,,,,,49664.82608695652
21435,5.0,,,,,,,49690.913043478264
21436,,8.0,,,,,,49693.52173913043
21443,5.0,,,,,,,49711.782608695656
21444,,8.0,,,,,,49714.391304347824
21449,,,0.5570192933082581,0.6025876998901367,-0.0025511591229587793,0.020136194303631783,-0.15252377092838287,49722.10638297872
21456,5.0,,,,,,,49739.97872340425
21457,,8.0,,,,,,49742.53191489362
21467,5.0,,,,,,,49768.063829787236
21468,,8.0,,,,,,49770.617021276594
21483,5.0,,,,,,,49808.914893617024
21484,,8.0,,,,,,49811.46808510638
21492,5.0,,,,,,,49831.89361702128
21493,,8.0,,,,,,49834.44680851064
21501,,,0.5387894511222839,0.625219464302063,-0.0009552775300107896,0.03961213305592537,-0.19408227503299713,49850.63636363636
21509,5.0,,,,,,,49872.454545454544
21510,,8.0,,,,,,49875.181818181816
21520,5.0,,,,,,,49902.454545454544
21521,,8.0,,,,,,49905.181818181816
21524,5.0,,,,,,,49913.36363636364
21525,,8.0,,,,,,49916.09090909091
21538,5.0,,,,,,,49951.545454545456
21539,,8.0,,,,,,49954.27272727273
21544,,,0.5715534090995789,0.627508282661438,-0.00044896709732711315,0.028461094945669174,0.03703055903315544,49961.897959183676
21553,5.0,,,,,,,49983.93877551021
21554,,8.0,,,,,,49986.38775510204
21563,5.0,,,,,,,50008.42857142857
21564,,8.0,,,,,,50010.87755102041
21577,5.0,,,,,,,50042.71428571428
21578,,8.0,,,,,,50045.163265306124
21589,5.0,,,,,,,50072.102040816324
21590,,8.0,,,,,,50074.551020408166
21596,,,0.5949581265449524,0.6816997528076172,0.01365627534687519,0.05256804823875427,0.22349180281162262,50084.2
21607,5.0,,,,,,,50110.6
21608,,8.0,,,,,,50113.0
21619,5.0,,,,,,,50139.4
21620,,8.0,,,,,,50141.8
21628,5.0,,,,,,,50161.0
21629,,8.0,,,,,,50163.4
21641,5.0,,,,,,,50192.2
21642,,8.0,,,,,,50194.6
21646,,,0.5533238649368286,0.6338269710540771,0.004912041127681732,0.028713246807456017,0.10009469836950302,50199.448979591834
21652,,,0.5804808139801025,0.6610664129257202,0.012356650084257126,0.04902622848749161,0.4318702816963196,50214.142857142855
21666,5.0,,,,,,,50248.42857142857
21667,,8.0,,,,,,50250.87755102041
21675,5.0,,,,,,,50270.4693877551
21676,,8.0,,,,,,50272.91836734694
21683,5.0,,,,,,,50290.06122448979
21684,,8.0,,,,,,50292.510204081635
21692,5.0,,,,,,,50312.102040816324
21693,,8.0,,,,,,50314.551020408166
21698,,,0.5888469219207764,0.7006075382232666,0.004312157165259123,0.04709610342979431,-0.11208117753267288,50323.153846153844
21704,5.0,,,,,,,50341.61538461538
21705,,8.0,,,,,,50344.692307692305
21711,5.0,,,,,,,50363.153846153844
21712,,8.0,,,,,,50366.230769230766
21720,5.0,,,,,,,50390.846153846156
21721,,8.0,,,,,,50393.92307692308
21733,5.0,,,,,,,50430.846153846156
21734,,8.0,,,,,,50433.92307692308
21740,,,0.5616594552993774,0.6161942481994629,0.001854824717156589,0.03045395202934742,-0.01990569196641445,50444.34693877551
21751,5.0,,,,,,,50471.28571428572
21752,,8.0,,,,,,50473.73469387755
21760,5.0,,,,,,,50493.32653061225
21761,,8.0,,,,,,50495.77551020408
21775,5.0,,,,,,,50530.06122448979
21776,,8.0,,,,,,50532.510204081635
21784,5.0,,,,,,,50552.102040816324
21785,,8.0,,,,,,50554.551020408166
21793,,,0.541930615901947,0.6660652160644531,0.008632085286080837,0.018997298553586006,-0.11224479973316193,50568.32075471698
21806,5.0,,,,,,,50597.75471698113
21807,,8.0,,,,,,50600.018867924526
21818,5.0,,,,,,,50624.92452830189
21819,,8.0,,,,,,50627.188679245286
21827,5.0,,,,,,,50645.301886792455
21828,,8.0,,,,,,50647.56603773585
21839,5.0,,,,,,,50672.47169811321
21840,,8.0,,,,,,50674.735849056604
21846,,,0.5466312170028687,0.6576436758041382,0.010126719251275063,0.029354095458984375,0.2858096659183502,50682.8064516129
21864,5.0,,,,,,,50717.645161290326
21865,,8.0,,,,,,50719.58064516129
21879,5.0,,,,,,,50746.67741935484
21880,,8.0,,,,,,50748.6129032258
21895,5.0,,,,,,,50777.645161290326
21896,,8.0,,,,,,50779.58064516129
21903,5.0,,,,,,,50793.12903225807
21904,,8.0,,,,,,50795.06451612903
21908,,,0.6021376848220825,0.7126601934432983,0.011647041887044907,0.050275303423404694,0.11214243620634079,50799.666666666664
21912,,,0.5690454840660095,0.6553131937980652,-0.0005907051963731647,0.033961161971092224,-0.08154488354921341,50810.333333333336
21919,5.0,,,,,,,50829.0
21920,,8.0,,,,,,50831.666666666664
21927,5.0,,,,,,,50850.333333333336
21928,,8.0,,,,,,50853.0
21939,5.0,,,,,,,50882.333333333336
21940,,8.0,,,,,,50885.0
21950,5.0,,,,,,,50911.666666666664
21951,,8.0,,,,,,50914.333333333336
21957,,,0.5968092679977417,0.6720424890518188,0.015801381319761276,0.03464803099632263,0.22988875210285187,50925.57142857143
21969,5.0,,,,,,,50959.857142857145
21970,,8.0,,,,,,50962.71428571428
21976,5.0,,,,,,,50979.857142857145
21977,,8.0,,,,,,50982.71428571428
21983,5.0,,,,,,,50999.857142857145
21984,,8.0,,,,,,51002.71428571428
21994,5.0,,,,,,,51031.28571428572
21995,,8.0,,,,,,51034.142857142855
22001,,,0.5697035789489746,0.6753629446029663,0.006811375729739666,0.025346051901578903,0.21613061428070068,51043.545454545456
22013,5.0,,,,,,,51069.72727272727
22014,,8.0,,,,,,51071.90909090909
22028,5.0,,,,,,,51102.454545454544
22029,,8.0,,,,,,51104.63636363636
22039,5.0,,,,,,,51126.454545454544
22040,,8.0,,,,,,51128.63636363636
22051,5.0,,,,,,,51152.63636363636
22052,,8.0,,,,,,51154.818181818184
22057,,,0.5565799474716187,0.6424673795700073,0.01036523375660181,0.03750467300415039,0.43518418073654175,51161.52830188679
22071,5.0,,,,,,,51193.22641509434
22072,,8.0,,,,,,51195.49056603773
22089,5.0,,,,,,,51233.981132075474
22090,,8.0,,,,,,51236.24528301887
22097,5.0,,,,,,,51252.09433962264
22098,,8.0,,,,,,51254.35849056604
22106,5.0,,,,,,,51272.47169811321
22107,,8.0,,,,,,51274.735849056604
22112,,,0.569021999835968,0.6762247681617737,0.00870807096362114,0.026707343757152557,0.3870210647583008,51282.217391304344
22125,5.0,,,,,,,51316.13043478261
22126,,8.0,,,,,,51318.739130434784
22134,5.0,,,,,,,51339.608695652176
22135,,8.0,,,,,,51342.217391304344
22144,5.0,,,,,,,51365.69565217391
22145,,8.0,,,,,,51368.30434782609
22154,5.0,,,,,,,51391.782608695656
22155,,8.0,,,,,,51394.391304347824
22159,,,0.5448102355003357,0.6272366046905518,0.0010583701077848673,0.01784876361489296,0.2545393407344818,51399.666666666664
22162,,,0.6490100622177124,0.7135395407676697,0.003985521383583546,0.018956521525979042,0.2624540627002716,51407.666666666664
22171,5.0,,,,,,,51431.666666666664
22172,,8.0,,,,,,51434.333333333336
22178,5.0,,,,,,,51450.333333333336
22179,,8.0,,,,,,51453.0
22191,5.0,,,,,,,51485.0
22192,,8.0,,,,,,51487.666666666664
22201,5.0,,,,,,,51511.666666666664
22202,,8.0,,,,,,51514.333333333336
22208,,,0.574006199836731,0.6672411561012268,0.0062935505993664265,0.03581955283880234,0.4342581033706665,51526.72972972973
22215,5.0,,,,,,,51549.43243243243
22216,,8.0,,,,,,51552.67567567567
22224,5.0,,,,,,,51578.62162162162
22225,,8.0,,,,,,51581.86486486487
22232,5.0,,,,,,,51604.56756756757
22233,,8.0,,,,,,51607.81081081081
22240,5.0,,,,,,,51630.51351351351
22241,,8.0,,,,,,51633.75675675676
22245,,,0.5224445462226868,0.645443856716156,0.0026637562550604343,0.03621746599674225,0.4774743616580963,51640.07692307692
22255,5.0,,,,,,,51670.846153846156
22256,,8.0,,,,,,51673.92307692308
22261,5.0,,,,,,,51689.307692307695
22262,,8.0,,,,,,51692.38461538462
22272,5.0,,,,,,,51723.153846153844
22273,,8.0,,,,,,51726.230769230766
22281,5.0,,,,,,,51750.846153846156
22282,,8.0,,,,,,51753.92307692308
22286,,,0.5452467203140259,0.6172340512275696,0.010985330678522587,0.024300776422023773,0.4086778461933136,51760.15789473684
22298,5.0,,,,,,,51798.05263157895
22299,,8.0,,,,,,51801.21052631579
22305,5.0,,,,,,,51820.15789473684
22306,,8.0,,,,,,51823.31578947369
22314,5.0,,,,,,,51848.57894736842
22315,,8.0,,,,,,51851.73684210526
22321,5.0,,,,,,,51870.68421052631
22322,,8.0,,,,,,51873.84210526316
22327,,,0.583705484867096,0.6937456727027893,0.005350531544536352,0.02456621453166008,0.15270011126995087,51882.85365853659
22336,5.0,,,,,,,51909.19512195122
22337,,8.0,,,,,,51912.12195121951
22343,5.0,,,,,,,51929.68292682927
22344,,8.0,,,,,,51932.60975609756
22356,5.0,,,,,,,51967.73170731707
22357,,8.0,,,,,,51970.65853658537
22364,5.0,,,,,,,51991.14634146341
22365,,8.0,,,,,,51994.07317073171
22369,,,0.58522629737854,0.6891244053840637,0.003649413352832198,0.03582627698779106,0.666419267654419,51999.79069767442
22373,,,0.5775764584541321,0.6637305021286011,0.013884970918297768,0.0451415479183197,0.6799103617668152,52010.95348837209
22382,5.0,,,,,,,52036.06976744186
22383,,8.0,,,,,,52038.86046511628
22388,5.0,,,,,,,52052.813953488374
22389,,8.0,,,,,,52055.604651162794
22397,5.0,,,,,,,52077.93023255814
22398,,8.0,,,,,,52080.72093023256
22409,5.0,,,,,,,52111.41860465116
22410,,8.0,,,,,,52114.20930232558
22415,,,0.6337952017784119,0.6782331466674805,0.015982456505298615,0.052543383091688156,0.3029100000858307,52122.58139534884
22428,5.0,,,,,,,52158.86046511628
22429,,8.0,,,,,,52161.651162790695
22434,5.0,,,,,,,52175.604651162794
22435,,8.0,,,,,,52178.395348837206
22444,5.0,,,,,,,52203.51162790698
22445,,8.0,,,,,,52206.3023255814
22454,5.0,,,,,,,52231.41860465116
22455,,8.0,,,,,,52234.20930232558
22462,,,0.5779553651809692,0.6843920946121216,0.012528627179563046,0.03619376942515373,-0.0533631294965744,52246.230769230766
22476,5.0,,,,,,,52278.53846153846
22477,,8.0,,,,,,52280.846153846156
22487,5.0,,,,,,,52303.92307692308
22488,,8.0,,,,,,52306.230769230766
22500,5.0,,,,,,,52333.92307692308
22501,,8.0,,,,,,52336.230769230766
22508,5.0,,,,,,,52352.38461538462
22509,,8.0,,,,,,52354.692307692305
22514,,,0.5396609902381897,0.6123587489128113,0.0023093707859516144,0.01477179303765297,-0.17916259169578552,52362.0
22529,5.0,,,,,,,52399.5
22530,,8.0,,,,,,52402.0
22539,5.0,,,,,,,52424.5
22540,,8.0,,,,,,52427.0
22550,5.0,,,,,,,52452.0
22551,,8.0,,,,,,52454.5
22558,5.0,,,,,,,52472.0
22559,,8.0,,,,,,52474.5
22565,,,0.6125291585922241,0.7113010287284851,-0.004229353740811348,0.02865355648100376,-0.015014362521469593,52484.5
22577,5.0,,,,,,,52514.5
22578,,8.0,,,,,,52517.0
22587,5.0,,,,,,,52539.5
22588,,8.0,,,,,,52542.0
22598,5.0,,,,,,,52567.0
22599,,8.0,,,,,,52569.5
22608,5.0,,,,,,,52592.0
22609,,8.0,,,,,,52594.5
22613,,,0.541121780872345,0.6521941423416138,0.01149247121065855,0.034141842275857925,-0.0698356106877327,52599.448979591834
22617,,,0.5933579206466675,0.6327812671661377,-0.005175744649022818,0.05469154566526413,0.08393740653991699,52609.244897959186
22625,5.0,,,,,,,52628.836734693876
22626,,8.0,,,,,,52631.28571428572
22637,5.0,,,,,,,52658.22448979592
22638,,8.0,,,,,,52660.67346938775
22649,5.0,,,,,,,52687.61224489796
22650,,8.0,,,,,,52690.06122448979
22659,5.0,,,,,,,52712.102040816324
22660,,8.0,,,,,,52714.551020408166
22666,,,0.5593387484550476,0.6461625099182129,0.005662922747433186,0.04972771927714348,0.5304881930351257,52725.0
22675,5.0,,,,,,,52749.0
22676,,8.0,,,,,,52751.666666666664
22685,5.0,,,,,,,52775.666666666664
22686,,8.0,,,,,,52778.333333333336
22692,5.0,,,,,,,52794.333333333336
22693,,8.0,,,,,,52797.0
22706,5.0,,,,,,,52831.666666666664
22707,,8.0,,,,,,52834.333333333336
22713,,,0.5926575064659119,0.6644394397735596,0.00429025711491704,0.02249743789434433,0.2926480174064636,52846.0
22723,5.0,,,,,,,52876.0
22724,,8.0,,,,,,52879.0
22731,5.0,,,,,,,52900.0
22732,,8.0,,,,,,52903.0
22741,5.0,,,,,,,52930.0
22742,,8.0,,,,,,52933.0
22748,5.0,,,,,,,52951.0
22749,,8.0,,,,,,52954.0
22753,,,0.6317193508148193,0.7318167686462402,0.00368177960626781,0.034187521785497665,0.19343151152133942,52959.4
22766,5.0,,,,,,,52990.6
22767,,8.0,,,,,,52993.0
22774,5.0,,,,,,,53009.8
22775,,8.0,,,,,,53012.2
22788,5.0,,,,,,,53043.4
22789,,8.0,,,,,,53045.8
22800,5.0,,,,,,,53072.2
22801,,8.0,,,,,,53074.6
22806,,,0.6221754550933838,0.7092541456222534,0.010021756403148174,0.04181503877043724,0.38940635323524475,53081.897959183676
22818,5.0,,,,,,,53111.28571428572
22819,,8.0,,,,,,53113.73469387755
22828,5.0,,,,,,,53135.77551020408
22829,,8.0,,,,,,53138.22448979592
22838,5.0,,,,,,,53160.26530612245
22839,,8.0,,,,,,53162.71428571428
22851,5.0,,,,,,,53192.102040816324
22852,,8.0,,,,,,53194.551020408166
22858,,,0.5935841202735901,0.664262056350708,0.011259651742875576,0.04116589203476906,0.42634811997413635,53203.545454545456
22863,,,0.6123782396316528,0.6890890598297119,0.010499918833374977,0.02968669682741165,0.28817421197891235,53214.454545454544
22873,5.0,,,,,,,53236.27272727273
22874,,8.0,,,,,,53238.454545454544
22886,5.0,,,,,,,53264.63636363636
22887,,8.0,,,,,,53266.818181818184
22900,5.0,,,,,,,53295.181818181816
22901,,8.0,,,,,,53297.36363636364
22908,5.0,,,,,,,53312.63636363636
22909,,8.0,,,,,,53314.818181818184
22915,,,0.54876309633255,0.6288771033287048,0.0057930778712034225,0.03600018471479416,0.4927634298801422,53324.34693877551
22925,5.0,,,,,,,53348.836734693876
22926,,8.0,,,,,,53351.28571428572
22939,5.0,,,,,,,53383.12244897959
22940,,8.0,,,,,,53385.57142857143
22947,5.0,,,,,,,53402.71428571428
22948,,8.0,,,,,,53405.163265306124
22959,5.0,,,,,,,53432.102040816324
22960,,8.0,,,,,,53434.551020408166
22966,,,0.5893421769142151,0.6894599199295044,0.006576579995453358,0.04641401395201683,0.4052371680736542,53445.181818181816
22975,5.0,,,,,,,53469.72727272727
22976,,8.0,,,,,,53472.454545454544
22987,5.0,,,,,,,53502.454545454544
22988,,8.0,,,,,,53505.181818181816
22999,5.0,,,,,,,53535.181818181816
23000,,8.0,,,,,,53537.90909090909
23005,5.0,,,,,,,53551.545454545456
23006,,8.0,,,,,,53554.27272727273
23010,,,0.5839353203773499,0.6539498567581177,0.00559516716748476,0.019503027200698853,-0.06132166087627411,53559.79069767442
23020,5.0,,,,,,,53587.6976744186
23021,,8.0,,,,,,53590.48837209302
23029,5.0,,,,,,,53612.813953488374
23030,,8.0,,,,,,53615.604651162794
23040,5.0,,,,,,,53643.51162790698
23041,,8.0,,,,,,53646.3023255814
23050,5.0,,,,,,,53671.41860465116
23051,,8.0,,,,,,53674.20930232558
23057,,,0.5458930730819702,0.6319406628608704,0.008781030774116516,0.03209926560521126,0.08017665147781372,53685.0
23068,5.0,,,,,,,53714.333333333336
23069,,8.0,,,,,,53717.0
23078,5.0,,,,,,,53741.0
23079,,8.0,,,,,,53743.666666666664
23087,5.0,,,,,,,53765.0
23088,,8.0,,,,,,53767.666666666664
23097,5.0,,,,,,,53791.666666666664
23098,,8.0,,,,,,53794.333333333336
23102,,,0.5321713089942932,0.6133698225021362,0.008808556012809277,0.037560753524303436,0.11050821095705032,53799.4
23106,,,0.546720564365387,0.6543897986412048,0.01277507096529007,0.034069646149873734,0.09934229403734207,53809.0
23116,5.0,,,,,,,53833.0
23117,,8.0,,,,,,53835.4
23129,5.0,,,,,,,53864.2
23130,,8.0,,,,,,53866.6
23139,5.0,,,,,,,53888.2
23140,,8.0,,,,,,53890.6
23149,5.0,,,,,,,53912.2
23150,,8.0,,,,,,53914.6
23158,,,0.5777126550674438,0.7084358334541321,0.009901204146444798,0.04214848205447197,0.17387361824512482,53929.0
23169,5.0,,,,,,,53955.4
23170,,8.0,,,,,,53957.8
23180,5.0,,,,,,,53981.8
23181,,8.0,,,,,,53984.2
23190,5.0,,,,,,,54005.8
23191,,8.0,,,,,,54008.2
23201,5.0,,,,,,,54032.2
23202,,8.0,,,,,,54034.6
23211,,,0.6061432957649231,0.7101225256919861,0.017581351101398468,0.047792188823223114,0.3592529594898224,54050.846153846156
23222,5.0,,,,,,,54076.230769230766
23223,,8.0,,,,,,54078.53846153846
23235,5.0,,,,,,,54106.230769230766
23236,,8.0,,,,,,54108.53846153846
23243,5.0,,,,,,,54124.692307692305
23244,,8.0,,,,,,54127.0
23255,5.0,,,,,,,54152.38461538462
23256,,8.0,,,,,,54154.692307692305
23263,,,0.5416482090950012,0.6260110139846802,0.01365091372281313,0.028889399021863937,0.0696566179394722,54167.666666666664
23277,5.0,,,,,,,54205.0
23278,,8.0,,,,,,54207.666666666664
23286,5.0,,,,,,,54229.0
23287,,8.0,,,,,,54231.666666666664
23294,5.0,,,,,,,54250.333333333336
23295,,8.0,,,,,,54253.0
23302,5.0,,,,,,,54271.666666666664
23303,,8.0,,,,,,54274.333333333336
23307,,,0.5480408668518066,0.6100555658340454,0.0019323682645335793,0.02435735985636711,-0.12559226155281067,54280.07692307692
23319,5.0,,,,,,,54317.0
23320,,8.0,,,,,,54320.07692307692
23327,5.0,,,,,,,54341.61538461538
23328,,8.0,,,,,,54344.692307692305
23334,5.0,,,,,,,54363.153846153844
23335,,8.0,,,,,,54366.230769230766
23343,5.0,,,,,,,54390.846153846156
23344,,8.0,,,,,,54393.92307692308
23348,,,0.6166067123413086,0.6820607781410217,0.019558541476726532,0.054471563547849655,0.20323923230171204,54399.22222222222
23352,,,0.5922723412513733,0.6670249700546265,0.011057552881538868,0.027813388034701347,-0.007990761660039425,54408.11111111111
23362,5.0,,,,,,,54430.333333333336
23363,,8.0,,,,,,54432.555555555555
23371,5.0,,,,,,,54450.333333333336
23372,,8.0,,,,,,54452.555555555555
23384,5.0,,,,,,,54479.22222222222
23385,,8.0,,,,,,54481.444444444445
23399,5.0,,,,,,,54512.555555555555
23400,,8.0,,,,,,54514.77777777778
23406,,,0.6279820203781128,0.7381147146224976,0.009621246717870235,0.028239469975233078,0.2471899539232254,54523.92307692308
23421,5.0,,,,,,,54558.53846153846
23422,,8.0,,,,,,54560.846153846156
23432,5.0,,,,,,,54583.92307692308
23433,,8.0,,,,,,54586.230769230766
23443,5.0,,,,,,,54609.307692307695
23444,,8.0,,,,,,54611.61538461538
23453,5.0,,,,,,,54632.38461538462
23454,,8.0,,,,,,54634.692307692305
23458,,,0.622904360294342,0.6810566186904907,-0.00460411561653018,0.03582964465022087,0.04109925404191017,54639.5
23470,5.0,,,,,,,54669.5
23471,,8.0,,,,,,54672.0
23480,5.0,,,,,,,54694.5
23481,,8.0,,,,,,54697.0
23490,5.0,,,,,,,54719.5
23491,,8.0,,,,,,54722.0
23503,5.0,,,,,,,54752.0
23504,,8.0,,,,,,54754.5
23510,,,0.601864755153656,0.6966363191604614,0.007865610532462597,0.037228696048259735,-0.18800154328346252,54766.47368421053
23519,5.0,,,,,,,54794.89473684211
23520,,8.0,,,,,,54798.05263157895
23525,5.0,,,,,,,54813.84210526316
23526,,8.0,,,,,,54817.0
23534,5.0,,,,,,,54842.26315789474
23535,,8.0,,,,,,54845.42105263158
23543,5.0,,,,,,,54870.68421052631
23544,,8.0,,,,,,54873.84210526316
23548,,,0.6427192091941833,0.7230873703956604,0.00619059382006526,0.031990133225917816,0.14541007578372955,54879.181818181816
23566,5.0,,,,,,,54918.454545454544
23567,,8.0,,,,,,54920.63636363636
23581,5.0,,,,,,,54951.181818181816
23582,,8.0,,,,,,54953.36363636364
23589,5.0,,,,,,,54968.63636363636
23590,,8.0,,,,,,54970.818181818184
23600,5.0,,,,,,,54992.63636363636
23601,,8.0,,,,,,54994.818181818184
23605,,,0.698921799659729,0.776423454284668,0.009117262437939644,0.025701602920889854,0.11670512706041336,54999.5
23608,,,0.6117602586746216,0.6723732352256775,0.004155450966209173,0.038765016943216324,0.21400661766529083,55007.0
23619,5.0,,,,,,,55034.5
23620,,8.0,,,,,,55037.0
23629,5.0,,,,,,,55059.5
23630,,8.0,,,,,,55062.0
23639,5.0,,,,,,,55084.5
23640,,8.0,,,,,,55087.0
23650,5.0,,,,,,,55112.0
23651,,8.0,,,,,,55114.5
23659,,,0.592315137386322,0.6850107908248901,0.01619388349354267,0.0559358187019825,0.21330061554908752,55129.765957446805
23673,5.0,,,,,,,55165.51063829787
23674,,8.0,,,,,,55168.063829787236
23686,5.0,,,,,,,55198.70212765958
23687,,8.0,,,,,,55201.255319148935
23693,5.0,,,,,,,55216.574468085106
23694,,8.0,,,,,,55219.12765957447
23699,5.0,,,,,,,55231.89361702128
23700,,8.0,,,,,,55234.44680851064
23706,,,0.6124120354652405,0.6891643404960632,0.01316178496927023,0.05568902939558029,0.24976667761802673,55245.0
23716,5.0,,,,,,,55271.666666666664
23717,,8.0,,,,,,55274.333333333336
23725,5.0,,,,,,,55295.666666666664
23726,,8.0,,,,,,55298.333333333336
23737,5.0,,,,,,,55327.666666666664
23738,,8.0,,,,,,55330.333333333336
23746,5.0,,,,,,,55351.666666666664
23747,,8.0,,,,,,55354.333333333336
23751,,,0.6365084052085876,0.6901269555091858,0.007127906195819378,0.03531498461961746,-0.18812642991542816,55359.92682926829
23763,5.0,,,,,,,55395.04878048781
23764,,8.0,,,,,,55397.9756097561
23774,5.0,,,,,,,55427.243902439026
23775,,8.0,,,,,,55430.170731707316
23781,5.0,,,,,,,55447.73170731707
23782,,8.0,,,,,,55450.65853658537
23789,5.0,,,,,,,55471.14634146341
23790,,8.0,,,,,,55474.07317073171
23795,,,0.6042562127113342,0.6754776239395142,0.004230796825140715,0.03158758580684662,-0.07282216101884842,55482.454545454544
23802,5.0,,,,,,,55501.545454545456
23803,,8.0,,,,,,55504.27272727273
23814,5.0,,,,,,,55534.27272727273
23815,,8.0,,,,,,55537.0
23826,5.0,,,,,,,55567.0
23827,,8.0,,,,,,55569.72727272727
23835,5.0,,,,,,,55591.545454545456
23836,,8.0,,,,,,55594.27272727273
23841,,,0.5757337212562561,0.6833221316337585,0.006195498630404472,0.02559104561805725,-0.24102436006069183,55602.217391304344
23843,,,0.6180036067962646,0.7068061232566833,0.009881649166345596,0.0338352732360363,-0.08046233654022217,55607.434782608696
23849,5.0,,,,,,,55623.086956521736
23850,,8.0,,,,,,55625.69565217391
23862,5.0,,,,,,,55657.0
23863,,8.0,,,,,,55659.608695652176
23872,5.0,,,,,,,55683.086956521736
23873,,8.0,,,,,,55685.69565217391
23883,5.0,,,,,,,55711.782608695656
23884,,8.0,,,,,,55714.391304347824
23892,,,0.5796813368797302,0.6834729313850403,0.002166110323742032,0.03285248950123787,-0.12950941920280457,55729.0
23899,5.0,,,,,,,55745.8
23900,,8.0,,,,,,55748.2
23911,5.0,,,,,,,55774.6
23912,,8.0,,,,,,55777.0
23925,5.0,,,,,,,55808.2
23926,,8.0,,,,,,55810.6
23935,5.0,,,,,,,55832.2
23936,,8.0,,,,,,55834.6
23941,,,0.5416410565376282,0.647264838218689,0.012516495771706104,0.03687335178256035,-0.30557188391685486,55842.85365853659
23950,5.0,,,,,,,55869.19512195122
23951,,8.0,,,,,,55872.12195121951
23959,5.0,,,,,,,55895.53658536585
23960,,8.0,,,,,,55898.46341463415
23964,5.0,,,,,,,55910.170731707316
23965,,8.0,,,,,,55913.09756097561
23978,5.0,,,,,,,55951.14634146341
23979,,8.0,,,,,,55954.07317073171
23984,,,0.554672122001648,0.6120854020118713,0.009780759923160076,0.050640229135751724,-0.02099468931555748,55963.0
23990,5.0,,,,,,,55981.0
23991,,8.0,,,,,,55984.0
24000,5.0,,,,,,,56011.0
24001,,8.0,,,,,,56014.0
24013,5.0,,,,,,,56050.0
24014,,8.0,,,,,,56053.0
24020,5.0,,,,,,,56071.0
24021,,8.0,,,,,,56074.0
24027,,,0.5640258193016052,0.7024566531181335,-0.0014752480201423168,0.011427398771047592,-0.3575763404369354,56083.92307692308
24041,5.0,,,,,,,56116.230769230766
24042,,8.0,,,,,,56118.53846153846
24051,5.0,,,,,,,56139.307692307695
24052,,8.0,,,,,,56141.61538461538
24065,5.0,,,,,,,56171.61538461538
24066,,8.0,,,,,,56173.92307692308
24074,5.0,,,,,,,56192.38461538462
24075,,8.0,,,,,,56194.692307692305
24079,,,0.5965433716773987,0.6804088354110718,0.01261825766414404,0.04127248376607895,0.08277732133865356,56199.35294117647
24085,,,0.5432785749435425,0.6284626722335815,0.0061667547561228275,0.0244694072753191,-0.017159374430775642,56213.470588235294
24097,5.0,,,,,,,56241.705882352944
24098,,8.0,,,,,,56244.05882352941
24107,5.0,,,,,,,56265.23529411765
24108,,8.0,,,,,,56267.58823529412
24119,5.0,,,,,,,56293.470588235294
24120,,8.0,,,,,,56295.82352941176
24127,5.0,,,,,,,56312.294117647056
24128,,8.0,,,,,,56314.64705882353
24136,,,0.5580491423606873,0.6283441185951233,0.005421523470431566,0.033162206411361694,0.16043154895305634,56328.11111111111
24146,5.0,,,,,,,56350.333333333336
24147,,8.0,,,,,,56352.555555555555
24162,5.0,,,,,,,56385.88888888889
24163,,8.0,,,,,,56388.11111111111
24174,5.0,,,,,,,56412.555555555555
24175,,8.0,,,,,,56414.77777777778
24183,5.0,,,,,,,56432.555555555555
24184,,8.0,,,,,,56434.77777777778
24189,,,0.5572679042816162,0.6554063558578491,0.009894303977489471,0.042933594435453415,0.00010833473788807169,56443.666666666664
24196,5.0,,,,,,,56467.0
24197,,8.0,,,,,,56470.333333333336
24202,5.0,,,,,,,56487.0
24203,,8.0,,,,,,56490.333333333336
24210,5.0,,,,,,,56513.666666666664
24211,,8.0,,,,,,56517.0
24221,5.0,,,,,,,56550.333333333336
24222,,8.0,,,,,,56553.666666666664
24231,,,0.6107202768325806,0.703244686126709,0.019144784659147263,0.039676450192928314,-0.0830157920718193,56569.20338983051
24241,5.0,,,,,,,56589.542372881355
24242,,8.0,,,,,,56591.57627118644
24252,5.0,,,,,,,56611.91525423729
24253,,8.0,,,,,,56613.94915254237
24266,5.0,,,,,,,56640.38983050847
24267,,8.0,,,,,,56642.42372881356
24282,5.0,,,,,,,56672.93220338983
24283,,8.0,,,,,,56674.96610169492
24289,,,0.6099812388420105,0.6857341527938843,0.014898668974637985,0.03379127383232117,-0.3284720182418823,56685.57142857143
24299,5.0,,,,,,,56714.142857142855
24300,,8.0,,,,,,56717.0
24311,5.0,,,,,,,56748.42857142857
24312,,8.0,,,,,,56751.28571428572
24318,5.0,,,,,,,56768.42857142857
24319,,8.0,,,,,,56771.28571428572
24326,5.0,,,,,,,56791.28571428572
24327,,8.0,,,,,,56794.142857142855
24331,,,0.5874696373939514,0.6628415584564209,0.014699066989123821,0.043348222970962524,-0.5416104793548584,56799.448979591834
24334,,,0.5924301147460938,0.6569963693618774,0.01798149012029171,0.041684478521347046,-0.5422014594078064,56806.795918367345
24346,5.0,,,,,,,56836.183673469386
24347,,8.0,,,,,,56838.63265306123
24355,5.0,,,,,,,56858.22448979592
24356,,8.0,,,,,,56860.67346938775
24365,5.0,,,,,,,56882.71428571428
24366,,8.0,,,,,,56885.163265306124
24377,5.0,,,,,,,56912.102040816324
24378,,8.0,,,,,,56914.551020408166
24385,,,0.5607367753982544,0.6120867729187012,0.008493703790009022,0.0422700010240078,-0.4107874929904938,56927.666666666664
24396,5.0,,,,,,,56957.0
24397,,8.0,,,,,,56959.666666666664
24408,5.0,,,,,,,56989.0
24409,,8.0,,,,,,56991.666666666664
24415,5.0,,,,,,,57007.666666666664
24416,,8.0,,,,,,57010.333333333336
24424,5.0,,,,,,,57031.666666666664
24425,,8.0,,,,,,57034.333333333336
24430,,,0.5664937496185303,0.6452038288116455,0.0018274449976161122,0.023998931050300598,-0.48612281680107117,57043.666666666664
24440,5.0,,,,,,,57077.0
24441,,8.0,,,,,,57080.333333333336
24449,5.0,,,,,,,57107.0
24450,,8.0,,,,,,57110.333333333336
24458,5.0,,,,,,,57137.0
24459,,8.0,,,,,,57140.333333333336
24462,5.0,,,,,,,57150.333333333336
24463,,8.0,,,,,,57153.666666666664
24467,,,0.6167933344841003,0.7034460306167603,0.007589052431285381,0.03169947862625122,-0.1434059888124466,57159.22222222222
24483,5.0,,,,,,,57194.77777777778
24484,,8.0,,,,,,57197.0
24495,5.0,,,,,,,57221.444444444445
24496,,8.0,,,,,,57223.666666666664
24508,5.0,,,,,,,57250.333333333336
24509,,8.0,,,,,,57252.555555555555
24518,5.0,,,,,,,57272.555555555555
24519,,8.0,,,,,,57274.77777777778
24523,,,0.6179879307746887,0.6937434077262878,-0.0006025202455930412,0.03474203869700432,-0.03150053322315216,57279.79069767442
24529,5.0,,,,,,,57296.53488372093
24530,,8.0,,,,,,57299.32558139535
24541,5.0,,,,,,,57330.023255813954
24542,,8.0,,,,,,57332.813953488374
24556,5.0,,,,,,,57371.88372093023
24557,,8.0,,,,,,57374.67441860465
24563,5.0,,,,,,,57391.41860465116
24564,,8.0,,,,,,57394.20930232558
24568,,,0.5067833662033081,0.5857692956924438,0.002767422702163458,0.015471482649445534,-0.17392516136169434,57399.55319148936
24571,,,0.6373947858810425,0.6864616274833679,-0.0019750131759792566,0.054646238684654236,0.07786822319030762,57407.21276595745
24580,5.0,,,,,,,57430.1914893617
24581,,8.0,,,,,,57432.744680851065
24587,5.0,,,,,,,57448.063829787236
24588,,8.0,,,,,,57450.617021276594
24603,5.0,,,,,,,57488.914893617024
24604,,8.0,,,,,,57491.46808510638
24612,5.0,,,,,,,57511.89361702128
24613,,8.0,,,,,,57514.44680851064
24618,,,0.6027458906173706,0.6996959447860718,0.0037144494708627462,0.018910929560661316,-0.23358511924743652,57522.0
24632,5.0,,,,,,,57557.0
24633,,8.0,,,,,,57559.5
24638,5.0,,,,,,,57572.0
24639,,8.0,,,,,,57574.5
24648,5.0,,,,,,,57597.0
24649,,8.0,,,,,,57599.5
24662,5.0,,,,,,,57632.0
24663,,8.0,,,,,,57634.5
24668,,,0.5467974543571472,0.60330730676651,0.0003979498287662864,0.030934086069464684,0.15056250989437103,57643.153846153844
24674,5.0,,,,,,,57661.61538461538
24675,,8.0,,,,,,57664.692307692305
24680,5.0,,,,,,,57680.07692307692
24681,,8.0,,,,,,57683.153846153844
24692,5.0,,,,,,,57717.0
24693,,8.0,,,,,,57720.07692307692
24703,5.0,,,,,,,57750.846153846156
24704,,8.0,,,,,,57753.92307692308
24708,,,0.5247966051101685,0.61825031042099,0.0031666536815464497,0.04156814143061638,0.20281752943992615,57759.35294117647
24720,5.0,,,,,,,57787.58823529412
24721,,8.0,,,,,,57789.94117647059
24734,5.0,,,,,,,57820.529411764706
24735,,8.0,,,,,,57822.882352941175
24744,5.0,,,,,,,57844.05882352941
24745,,8.0,,,,,,57846.41176470588
24756,5.0,,,,,,,57872.294117647056
24757,,8.0,,,,,,57874.64705882353
24761,,,0.5609467625617981,0.6784531474113464,0.002133470494300127,0.01974363811314106,0.1956876516342163,57879.264150943396
24773,5.0,,,,,,,57906.43396226415
24774,,8.0,,,,,,57908.698113207545
24787,5.0,,,,,,,57938.1320754717
24788,,8.0,,,,,,57940.3962264151
24799,5.0,,,,,,,57965.301886792455
24800,,8.0,,,,,,57967.56603773585
24811,5.0,,,,,,,57992.47169811321
24812,,8.0,,,,,,57994.735849056604
24817,,,0.6173625588417053,0.6894428133964539,0.004724124446511269,0.02375609055161476,0.32424432039260864,58001.897959183676
24819,,,0.6152524948120117,0.6938966512680054,0.0032234922982752323,0.019168568775057793,0.31203439831733704,58006.795918367345
24832,5.0,,,,,,,58038.63265306123
24833,,8.0,,,,,,58041.08163265306
24845,5.0,,,,,,,58070.4693877551
24846,,8.0,,,,,,58072.91836734694
24855,5.0,,,,,,,58094.95918367347
24856,,8.0,,,,,,58097.4081632653
24862,5.0,,,,,,,58112.102040816324
24863,,8.0,,,,,,58114.551020408166
24872,,,0.5855296850204468,0.6434282064437866,0.004926079884171486,0.019875362515449524,0.4131512939929962,58131.69387755102
24881,5.0,,,,,,,58153.73469387755
24882,,8.0,,,,,,58156.183673469386
24890,5.0,,,,,,,58175.77551020408
24891,,8.0,,,,,,58178.22448979592
24902,5.0,,,,,,,58205.163265306124
24903,,8.0,,,,,,58207.61224489796
24913,5.0,,,,,,,58232.102040816324
24914,,8.0,,,,,,58234.551020408166
24920,,,0.5695174932479858,0.6227118968963623,0.013839660212397575,0.03250705450773239,0.45999085903167725,58245.78048780488
24932,5.0,,,,,,,58280.90243902439
24933,,8.0,,,,,,58283.829268292684
24938,5.0,,,,,,,58298.46341463415
24939,,8.0,,,,,,58301.39024390244
24945,5.0,,,,,,,58318.95121951219
24946,,8.0,,,,,,58321.87804878049
24956,5.0,,,,,,,58351.14634146341
24957,,8.0,,,,,,58354.07317073171
24963,,,0.5447977781295776,0.6136118769645691,0.01456508506089449,0.04892206937074661,0.47784584760665894,58364.65957446808
24974,5.0,,,,,,,58392.744680851065
24975,,8.0,,,,,,58395.29787234042
24987,5.0,,,,,,,58425.936170212764
24988,,8.0,,,,,,58428.48936170213
24997,5.0,,,,,,,58451.46808510638
24998,,8.0,,,,,,58454.02127659575
25005,5.0,,,,,,,58471.89361702128
25006,,8.0,,,,,,58474.44680851064
25010,,,0.5181711912155151,0.5952288508415222,0.015247950330376625,0.042387958616018295,0.3278123140335083,58479.92682926829
25018,5.0,,,,,,,58503.34146341463
25019,,8.0,,,,,,58506.26829268293
25025,5.0,,,,,,,58523.829268292684
25026,,8.0,,,,,,58526.756097560974
25037,5.0,,,,,,,58558.95121951219
25038,,8.0,,,,,,58561.87804878049
25048,5.0,,,,,,,58591.14634146341
25049,,8.0,,,,,,58594.07317073171
25054,,,0.5663496851921082,0.6853527426719666,0.005567620974034071,0.03368166461586952,0.42557406425476074,58602.10638297872
25056,,,0.5369649529457092,0.641499400138855,-0.0019899855833500624,0.0326983742415905,0.41636303067207336,58607.21276595745
25066,5.0,,,,,,,58632.744680851065
25067,,8.0,,,,,,58635.29787234042
25077,5.0,,,,,,,58660.82978723404
25078,,8.0,,,,,,58663.382978723406
25085,5.0,,,,,,,58681.255319148935
25086,,8.0,,,,,,58683.8085106383
25097,5.0,,,,,,,58711.89361702128
25098,,8.0,,,,,,58714.44680851064
25106,,,0.608821451663971,0.6707926988601685,0.009741056710481644,0.03339649364352226,0.5245479941368103,58730.333333333336
25114,5.0,,,,,,,58751.666666666664
25115,,8.0,,,,,,58754.333333333336
25124,5.0,,,,,,,58778.333333333336
25125,,8.0,,,,,,58781.0
25137,5.0,,,,,,,58813.0
25138,,8.0,,,,,,58815.666666666664
25144,5.0,,,,,,,58831.666666666664
25145,,8.0,,,,,,58834.333333333336
25151,,,0.5850992798805237,0.6524698734283447,0.018239857628941536,0.04486094042658806,0.5763466358184814,58845.37209302326
25158,5.0,,,,,,,58864.90697674418
25159,,8.0,,,,,,58867.6976744186
25171,5.0,,,,,,,58901.186046511626
25172,,8.0,,,,,,58903.976744186046
25179,5.0,,,,,,,58923.51162790698
25180,,8.0,,,,,,58926.3023255814
25189,5.0,,,,,,,58951.41860465116
25190,,8.0,,,,,,58954.20930232558
25195,,,0.6086523532867432,0.6742010712623596,0.00800203625112772,0.030099669471383095,0.5467867851257324,58962.58139534884
25204,5.0,,,,,,,58987.6976744186
25205,,8.0,,,,,,58990.48837209302
25215,5.0,,,,,,,59018.395348837206
25216,,8.0,,,,,,59021.186046511626
25221,5.0,,,,,,,59035.13953488372
25222,,8.0,,,,,,59037.93023255814
25234,5.0,,,,,,,59071.41860465116
25235,,8.0,,,,,,59074.20930232558
25241,,,0.5282285213470459,0.6338236331939697,0.004779415670782328,0.022666748613119125,0.4383339285850525,59084.34693877551
25253,5.0,,,,,,,59113.73469387755
25254,,8.0,,,,,,59116.183673469386
25265,5.0,,,,,,,59143.12244897959
25266,,8.0,,,,,,59145.57142857143
25275,5.0,,,,,,,59167.61224489796
25276,,8.0,,,,,,59170.06122448979
25285,5.0,,,,,,,59192.102040816324
25286,,8.0,,,,,,59194.551020408166
25290,,,0.5855293273925781,0.6455498337745667,0.002446637488901615,0.023275703191757202,0.6167376637458801,59199.608695652176
25294,,,0.6117051839828491,0.7043814063072205,0.011232075281441212,0.025763142853975296,0.7458255290985107,59210.04347826087
25305,5.0,,,,,,,59238.739130434784
25306,,8.0,,,,,,59241.34782608696
25316,5.0,,,,,,,59267.434782608696
25317,,8.0,,,,,,59270.04347826087
25323,5.0,,,,,,,59285.69565217391
25324,,8.0,,,,,,59288.30434782609
25333,5.0,,,,,,,59311.782608695656
25334,,8.0,,,,,,59314.391304347824
25344,,,0.5841952562332153,0.7044755220413208,0.013684943318367004,0.03478098660707474,0.6871401071548462,59334.87234042553
25354,5.0,,,,,,,59360.40425531915
25355,,8.0,,,,,,59362.95744680851
25362,5.0,,,,,,,59380.82978723404
25363,,8.0,,,,,,59383.382978723406
25373,5.0,,,,,,,59408.914893617024
25374,,8.0,,,,,,59411.46808510638
25382,5.0,,,,,,,59431.89361702128
25383,,8.0,,,,,,59434.44680851064
25389,,,0.5420086979866028,0.6904189586639404,-0.002423670142889023,0.01583564095199108,0.32712939381599426,59445.57142857143
25398,5.0,,,,,,,59471.28571428572
25399,,8.0,,,,,,59474.142857142855
25406,5.0,,,,,,,59494.142857142855
25407,,8.0,,,,,,59497.0
25417,5.0,,,,,,,59525.57142857143
25418,,8.0,,,,,,59528.42857142857
25426,5.0,,,,,,,59551.28571428572
25427,,8.0,,,,,,59554.142857142855
25431,,,0.7017039060592651,0.78181391954422,0.01973963901400566,0.050523921847343445,-0.7481243014335632,59560.07692307692
25438,5.0,,,,,,,59581.61538461538
25439,,8.0,,,,,,59584.692307692305
25444,5.0,,,,,,,59600.07692307692
25445,,8.0,,,,,,59603.153846153844
25455,5.0,,,,,,,59633.92307692308
25456,,8.0,,,,,,59637.0
25467,5.0,,,,,,,59670.846153846156
25468,,8.0,,,,,,59673.92307692308
25472,,,0.5696142315864563,0.6569421291351318,0.006627177819609642,0.029115421697497368,-0.3698030114173889,59679.79069767442
25486,5.0,,,,,,,59718.86046511628
25487,,8.0,,,,,,59721.651162790695
25491,5.0,,,,,,,59732.813953488374
25492,,8.0,,,,,,59735.604651162794
25500,5.0,,,,,,,59757.93023255814
25501,,8.0,,,,,,59760.72093023256
25512,5.0,,,,,,,59791.41860465116
25513,,8.0,,,,,,59794.20930232558
25518,,,0.6297817230224609,0.6872056126594543,0.008127105422317982,0.048581313341856,-0.05344708263874054,59803.31578947369
25522,,,0.5764868855476379,0.6747987270355225,0.009779955260455608,0.04541678726673126,-0.034139443188905716,59815.94736842105
25530,5.0,,,,,,,59841.21052631579
25531,,8.0,,,,,,59844.36842105263
25537,5.0,,,,,,,59863.31578947369
25538,,8.0,,,,,,59866.47368421053
25545,5.0,,,,,,,59888.57894736842
25546,,8.0,,,,,,59891.73684210526
25552,5.0,,,,,,,59910.68421052631
25553,,8.0,,,,,,59913.84210526316
25559,,,0.5761471390724182,0.6687027812004089,-0.0010004384675994515,0.027149351313710213,-0.131680428981781,59926.47368421053
25565,5.0,,,,,,,59945.42105263158
25566,,8.0,,,,,,59948.57894736842
25570,5.0,,,,,,,59961.21052631579
25571,,8.0,,,,,,59964.36842105263
25582,5.0,,,,,,,59999.10526315789
25583,,8.0,,,,,,60002.26315789474
25592,5.0,,,,,,,60030.68421052631
25593,,8.0,,,,,,60033.84210526316
25598,,,0.6110782027244568,0.668618381023407,0.008741803467273712,0.03821706399321556,-0.03190719708800316,60042.454545454544
25612,5.0,,,,,,,60080.63636363636
25613,,8.0,,,,,,60083.36363636364
25620,5.0,,,,,,,60102.454545454544
25621,,8.0,,,,,,60105.181818181816
25628,5.0,,,,,,,60124.27272727273
25629,,8.0,,,,,,60127.0
25638,5.0,,,,,,,60151.545454545456
25639,,8.0,,,,,,60154.27272727273
25646,,,0.5367290377616882,0.6528741121292114,0.01665867306292057,0.048780009150505066,0.06402044743299484,60169.63157894737
25650,5.0,,,,,,,60182.26315789474
25651,,8.0,,,,,,60185.42105263158
25656,5.0,,,,,,,60201.21052631579
25657,,8.0,,,,,,60204.36842105263
25666,5.0,,,,,,,60232.78947368421
25667,,8.0,,,,,,60235.94736842105
25678,5.0,,,,,,,60270.68421052631
25679,,8.0,,,,,,60273.84210526316
25684,,,0.5669180750846863,0.644257128238678,0.002834104001522064,0.03723638877272606,-0.07513505220413208,60282.333333333336
25697,5.0,,,,,,,60317.0
25698,,8.0,,,,,,60319.666666666664
25707,5.0,,,,,,,60343.666666666664
25708,,8.0,,,,,,60346.333333333336
25716,5.0,,,,,,,60367.666666666664
25717,,8.0,,,,,,60370.333333333336
25725,5.0,,,,,,,60391.666666666664
25726,,8.0,,,,,,60394.333333333336
25730,,,0.5305992364883423,0.6091002821922302,0.0021581517066806555,0.03514827787876129,0.07713976502418518,60399.4
25733,,,0.5857522487640381,0.6989385485649109,0.005796810612082481,0.027572065591812134,0.0617806501686573,60406.6
25745,5.0,,,,,,,60435.4
25746,,8.0,,,,,,60437.8
25753,5.0,,,,,,,60454.6
25754,,8.0,,,,,,60457.0
25760,5.0,,,,,,,60471.4
25761,,8.0,,,,,,60473.8
25777,5.0,,,,,,,60512.2
25778,,8.0,,,,,,60514.6
25785,,,0.5815785527229309,0.6731944680213928,-0.0004211963387206197,0.03579489514231682,0.10307053476572037,60527.90909090909
25795,5.0,,,,,,,60555.181818181816
25796,,8.0,,,,,,60557.90909090909
25806,5.0,,,,,,,60585.181818181816
25807,,8.0,,,,,,60587.90909090909
25813,5.0,,,,,,,60604.27272727273
25814,,8.0,,,,,,60607.0
25823,5.0,,,,,,,60631.545454545456
25824,,8.0,,,,,,60634.27272727273
25829,,,0.5783193111419678,0.6575910449028015,0.014511982910335064,0.03537668660283089,0.12328287959098816,60642.333333333336
25840,5.0,,,,,,,60671.666666666664
25841,,8.0,,,,,,60674.333333333336
25848,5.0,,,,,,,60693.0
25849,,8.0,,,,,,60695.666666666664
25859,5.0,,,,,,,60722.333333333336
25860,,8.0,,,,,,60725.0
25870,5.0,,,,,,,60751.666666666664
25871,,8.0,,,,,,60754.333333333336
25879,,,0.5861637592315674,0.6417650580406189,0.009541120380163193,0.02272501215338707,0.15183986723423004,60769.5
25887,5.0,,,,,,,60789.5
25888,,8.0,,,,,,60792.0
25898,5.0,,,,,,,60817.0
25899,,8.0,,,,,,60819.5
25912,5.0,,,,,,,60852.0
25913,,8.0,,,,,,60854.5
25920,5.0,,,,,,,60872.0
25921,,8.0,,,,,,60874.5
25926,,,0.6076427698135376,0.6966887712478638,0.011564879678189754,0.04090101271867752,0.2639850080013275,60882.58139534884
25935,5.0,,,,,,,60907.6976744186
25936,,8.0,,,,,,60910.48837209302
25946,5.0,,,,,,,60938.395348837206
25947,,8.0,,,,,,60941.186046511626
25957,5.0,,,,,,,60969.09302325582
25958,,8.0,,,,,,60971.88372093023
25965,5.0,,,,,,,60991.41860465116
25966,,8.0,,,,,,60994.20930232558
25970,,,0.5681138634681702,0.6663852334022522,0.012415686622262001,0.030170205980539322,0.2944708466529846,60999.35294117647
25975,,,0.6026082634925842,0.708926796913147,0.013582208193838596,0.040457967668771744,0.32360684871673584,61011.117647058825
25985,5.0,,,,,,,61034.64705882353
25986,,8.0,,,,,,61037.0
25994,5.0,,,,,,,61055.82352941176
25995,,8.0,,,,,,61058.17647058824
26006,5.0,,,,,,,61084.05882352941
26007,,8.0,,,,,,61086.41176470588
26018,5.0,,,,,,,61112.294117647056
26019,,8.0,,,,,,61114.64705882353
26024,,,0.5688943862915039,0.663459062576294,0.017265357077121735,0.05602001026272774,0.42023351788520813,61123.153846153844
26033,5.0,,,,,,,61150.846153846156
26034,,8.0,,,,,,61153.92307692308
26043,5.0,,,,,,,61181.61538461538
26044,,8.0,,,,,,61184.692307692305
26052,5.0,,,,,,,61209.307692307695
26053,,8.0,,,,,,61212.38461538462
26059,5.0,,,,,,,61230.846153846156
26060,,8.0,,,,,,61233.92307692308
26065,,,0.581716775894165,0.6755813956260681,0.009976854547858238,0.02022276259958744,0.1589779108762741,61241.61538461538
26078,5.0,,,,,,,61271.61538461538
26079,,8.0,,,,,,61273.92307692308
26090,5.0,,,,,,,61299.307692307695
26091,,8.0,,,,,,61301.61538461538
26103,5.0,,,,,,,61329.307692307695
26104,,8.0,,,,,,61331.61538461538
26113,5.0,,,,,,,61352.38461538462
26114,,8.0,,,,,,61354.692307692305
26119,,,0.567395806312561,0.6879453659057617,0.004513239488005638,0.030177513137459755,0.17295008897781372,61362.0
26133,5.0,,,,,,,61397.0
26134,,8.0,,,,,,61399.5
26142,5.0,,,,,,,61419.5
26143,,8.0,,,,,,61422.0
26156,5.0,,,,,,,61454.5
26157,,8.0,,,,,,61457.0
26163,5.0,,,,,,,61472.0
26164,,8.0,,,,,,61474.5
26168,,,0.5565062761306763,0.6750869154930115,0.007033250294625759,0.021898096427321434,0.15933269262313843,61479.5
26182,5.0,,,,,,,61514.5
26183,,8.0,,,,,,61517.0
26191,5.0,,,,,,,61537.0
26192,,8.0,,,,,,61539.5
26202,5.0,,,,,,,61564.5
26203,,8.0,,,,,,61567.0
26213,5.0,,,,,,,61592.0
26214,,8.0,,,,,,61594.5
26218,,,0.5686659812927246,0.6652284860610962,0.005101999267935753,0.025528592988848686,0.25143685936927795,61599.72727272727
26221,,,0.6578636169433594,0.7542746067047119,0.019692979753017426,0.0646941140294075,0.49516960978507996,61607.90909090909
26231,5.0,,,,,,,61635.181818181816
26232,,8.0,,,,,,61637.90909090909
26243,5.0,,,,,,,61667.90909090909
26244,,8.0,,,,,,61670.63636363636
26253,5.0,,,,,,,61695.181818181816
26254,,8.0,,,,,,61697.90909090909
26259,5.0,,,,,,,61711.545454545456
26260,,8.0,,,,,,61714.27272727273
26266,,,0.651292622089386,0.7351383566856384,-0.0011261272011324763,0.0367048904299736,0.7974787354469299,61724.82608695652
26274,5.0,,,,,,,61745.69565217391
26275,,8.0,,,,,,61748.30434782609
26289,5.0,,,,,,,61784.82608695652
26290,,8.0,,,,,,61787.434782608696
26299,5.0,,,,,,,61810.913043478264
26300,,8.0,,,,,,61813.52173913043
26307,5.0,,,,,,,61831.782608695656
26308,,8.0,,,,,,61834.391304347824
26314,,,0.5476510524749756,0.6374354362487793,-0.0006330449250526726,0.028824681416153908,0.9280219674110413,61844.82608695652
26325,5.0,,,,,,,61873.52173913043
26326,,8.0,,,,,,61876.13043478261
26333,5.0,,,,,,,61894.391304347824
26334,,8.0,,,,,,61897.0
26343,5.0,,,,,,,61920.47826086957
26344,,8.0,,,,,,61923.086956521736
26355,5.0,,,,,,,61951.782608695656
26356,,8.0,,,,,,61954.391304347824
26361,,,0.5395253896713257,0.6455294489860535,2.0083289200556464e-05,0.026287762448191643,0.5025336146354675,61961.897959183676
26372,5.0,,,,,,,61988.836734693876
26373,,8.0,,,,,,61991.28571428572
26380,5.0,,,,,,,62008.42857142857
26381,,8.0,,,,,,62010.87755102041
26395,5.0,,,,,,,62045.163265306124
26396,,8.0,,,,,,62047.61224489796
26406,5.0,,,,,,,62072.102040816324
26407,,8.0,,,,,,62074.551020408166
26412,,,0.5807312726974487,0.6896447539329529,0.006112468894571066,0.020499976351857185,0.44576406478881836,62083.31578947369
26421,5.0,,,,,,,62111.73684210526
26422,,8.0,,,,,,62114.89473684211
26432,5.0,,,,,,,62146.47368421053
26433,,8.0,,,,,,62149.63157894737
26439,5.0,,,,,,,62168.57894736842
26440,,8.0,,,,,,62171.73684210526
26446,5.0,,,,,,,62190.68421052631
26447,,8.0,,,,,,62193.84210526316
26451,,,0.5586786270141602,0.6418776512145996,0.001478838617913425,0.03603249788284302,0.37761375308036804,62199.857142857145
26455,,,0.606022298336029,0.6927932500839233,0.004571250174194574,0.014830990694463253,0.2694595754146576,62211.28571428572
26464,5.0,,,,,,,62237.0
26465,,8.0,,,,,,62239.857142857145
26474,5.0,,,,,,,62265.57142857143
26475,,8.0,,,,,,62268.42857142857
26483,5.0,,,,,,,62291.28571428572
26484,,8.0,,,,,,62294.142857142855
26490,5.0,,,,,,,62311.28571428572
26491,,8.0,,,,,,62314.142857142855
26499,,,0.5656384229660034,0.6974713206291199,0.005370691884309053,0.02249836176633835,0.43544238805770874,62331.634146341465
26507,5.0,,,,,,,62355.04878048781
26508,,8.0,,,,,,62357.9756097561
26518,5.0,,,,,,,62387.243902439026
26519,,8.0,,,,,,62390.170731707316
26527,5.0,,,,,,,62413.58536585366
26528,,8.0,,,,,,62416.51219512195
26533,5.0,,,,,,,62431.14634146341
26534,,8.0,,,,,,62434.07317073171
26538,,,0.6199511289596558,0.6998314261436462,0.005541251040995121,0.0234209094196558,0.4755067527294159,62440.24324324324
26551,5.0,,,,,,,62482.40540540541
26552,,8.0,,,,,,62485.64864864865
26559,5.0,,,,,,,62508.35135135135
26560,,8.0,,,,,,62511.59459459459
26566,5.0,,,,,,,62531.05405405405
26567,,8.0,,,,,,62534.2972972973
26572,5.0,,,,,,,62550.51351351351
26573,,8.0,,,,,,62553.75675675676
26577,,,0.5973201990127563,0.6964992880821228,0.008483237586915493,0.03268050402402878,0.5065613389015198,62559.307692307695
26588,5.0,,,,,,,62584.692307692305
26589,,8.0,,,,,,62587.0
26597,5.0,,,,,,,62605.46153846154
26598,,8.0,,,,,,62607.769230769234
26617,5.0,,,,,,,62651.61538461538
26618,,8.0,,,,,,62653.92307692308
26626,5.0,,,,,,,62672.38461538462
26627,,8.0,,,,,,62674.692307692305
26631,,,0.5987144112586975,0.6688405275344849,-0.0012236314360052347,0.013060333207249641,0.3733959197998047,62679.4
26644,5.0,,,,,,,62710.6
26645,,8.0,,,,,,62713.0
26657,5.0,,,,,,,62741.8
26658,,8.0,,,,,,62744.2
26668,5.0,,,,,,,62768.2
26669,,8.0,,,,,,62770.6
26678,5.0,,,,,,,62792.2
26679,,8.0,,,,,,62794.6
26686,,,0.5722417831420898,0.6457825899124146,0.004424366634339094,0.024514110758900642,0.3540221154689789,62805.275862068964
26688,,,0.5728541016578674,0.6406483054161072,0.009509877301752567,0.027095502242445946,0.30128735303878784,62809.41379310345
26703,5.0,,,,,,,62840.44827586207
26704,,8.0,,,,,,62842.51724137931
26718,5.0,,,,,,,62871.48275862069
26719,,8.0,,,,,,62873.55172413793
26731,5.0,,,,,,,62898.379310344826
26732,,8.0,,,,,,62900.44827586207
26738,5.0,,,,,,,62912.862068965514
26739,,8.0,,,,,,62914.93103448276
26746,,,0.5178868770599365,0.5820338129997253,0.013205294497311115,0.03400362282991409,0.5413766503334045,62926.795918367345
26756,5.0,,,,,,,62951.28571428572
26757,,8.0,,,,,,62953.73469387755
26768,5.0,,,,,,,62980.67346938775
26769,,8.0,,,,,,62983.12244897959
26778,5.0,,,,,,,63005.163265306124
26779,,8.0,,,,,,63007.61224489796
26789,5.0,,,,,,,63032.102040816324
26790,,8.0,,,,,,63034.551020408166
26794,,,0.543760359287262,0.6391803026199341,0.013700498268008232,0.04099670797586441,0.625008225440979,63040.333333333336
26801,5.0,,,,,,,63063.666666666664
26802,,8.0,,,,,,63067.0
26811,5.0,,,,,,,63097.0
26812,,8.0,,,,,,63100.333333333336
26821,5.0,,,,,,,63130.333333333336
26822,,8.0,,,,,,63133.666666666664
26827,5.0,,,,,,,63150.333333333336
26828,,8.0,,,,,,63153.666666666664
26838,,,0.5690310597419739,0.6407792568206787,0.009177208878099918,0.02713553048670292,0.5198290944099426,63173.470588235294
26850,5.0,,,,,,,63201.705882352944
26851,,8.0,,,,,,63204.05882352941
26858,5.0,,,,,,,63220.529411764706
26859,,8.0,,,,,,63222.882352941175
26870,5.0,,,,,,,63248.76470588235
26871,,8.0,,,,,,63251.117647058825
26880,5.0,,,,,,,63272.294117647056
26881,,8.0,,,,,,63274.64705882353
26886,,,0.5804115533828735,0.6458613276481628,0.015836741775274277,0.02738453820347786,0.2977718412876129,63283.0
26896,5.0,,,,,,,63313.0
26897,,8.0,,,,,,63316.0
26902,5.0,,,,,,,63331.0
26903,,8.0,,,,,,63334.0
26915,5.0,,,,,,,63370.0
26916,,8.0,,,,,,63373.0
26922,5.0,,,,,,,63391.0
26923,,8.0,,,,,,63394.0
26927,,,0.5965325832366943,0.6807495355606079,0.005476858466863632,0.016574431210756302,0.15544459223747253,63399.666666666664
26931,,,0.6427415013313293,0.738233208656311,0.002022893400862813,0.032478027045726776,0.3770761787891388,63410.333333333336
26939,5.0,,,,,,,63431.666666666664
26940,,8.0,,,,,,63434.333333333336
26950,5.0,,,,,,,63461.0
26951,,8.0,,,,,,63463.666666666664
26959,5.0,,,,,,,63485.0
26960,,8.0,,,,,,63487.666666666664
26969,5.0,,,,,,,63511.666666666664
26970,,8.0,,,,,,63514.333333333336
26975,,,0.6317691206932068,0.7209254503250122,0.01047445647418499,0.044170647859573364,0.28088048100471497,63521.444444444445
26988,5.0,,,,,,,63550.333333333336
26989,,8.0,,,,,,63552.555555555555
26997,5.0,,,,,,,63570.333333333336
26998,,8.0,,,,,,63572.555555555555
27013,5.0,,,,,,,63605.88888888889
27014,,8.0,,,,,,63608.11111111111
27025,5.0,,,,,,,63632.555555555555
27026,,8.0,,,,,,63634.77777777778
27032,,,0.5266472697257996,0.5919933915138245,-0.001019384479150176,0.026733530685305595,0.1949985921382904,63644.82608695652
27044,5.0,,,,,,,63676.13043478261
27045,,8.0,,,,,,63678.739130434784
27053,5.0,,,,,,,63699.608695652176
27054,,8.0,,,,,,63702.217391304344
27062,5.0,,,,,,,63723.086956521736
27063,,8.0,,,,,,63725.69565217391
27073,5.0,,,,,,,63751.782608695656
27074,,8.0,,,,,,63754.391304347824
27080,,,0.6189384460449219,0.6885172724723816,0.0037526218220591545,0.02223913185298443,0.36096447706222534,63763.31578947369
27093,5.0,,,,,,,63790.68421052631
27094,,8.0,,,,,,63792.78947368421
27109,5.0,,,,,,,63824.36842105263
27110,,8.0,,,,,,63826.47368421053
27119,5.0,,,,,,,63845.42105263158
27120,,8.0,,,,,,63847.52631578947
27132,5.0,,,,,,,63872.78947368421
27133,,8.0,,,,,,63874.89473684211
27138,,,0.5184975266456604,0.5873668789863586,0.004971323534846306,0.028388217091560364,0.6316273808479309,63882.10638297872
27149,5.0,,,,,,,63910.1914893617
27150,,8.0,,,,,,63912.744680851065
27161,5.0,,,,,,,63940.82978723404
27162,,8.0,,,,,,63943.382978723406
27171,5.0,,,,,,,63966.36170212766
27172,,8.0,,,,,,63968.914893617024
27181,5.0,,,,,,,63991.89361702128
27182,,8.0,,,,,,63994.44680851064
27186,,,0.5991232395172119,0.6721599698066711,0.006328090094029903,0.017191151157021523,0.32617810368537903,63999.857142857145
27188,,,0.6418777704238892,0.6934593319892883,0.008102664723992348,0.026229260489344597,0.37042465806007385,64005.57142857143
27198,5.0,,,,,,,64034.142857142855
27199,,8.0,,,,,,64037.0
27208,5.0,,,,,,,64062.71428571428
27209,,8.0,,,,,,64065.57142857143
27218,5.0,,,,,,,64091.28571428572
27219,,8.0,,,,,,64094.142857142855
27225,5.0,,,,,,,64111.28571428572
27226,,8.0,,,,,,64114.142857142855
27236,,,0.602965772151947,0.6770466566085815,0.01198094803839922,0.0331249013543129,0.6455751061439514,64134.142857142855
27246,5.0,,,,,,,64158.63265306123
27247,,8.0,,,,,,64161.08163265306
27254,5.0,,,,,,,64178.22448979592
27255,,8.0,,,,,,64180.67346938775
27266,5.0,,,,,,,64207.61224489796
27267,,8.0,,,,,,64210.06122448979
27276,5.0,,,,,,,64232.102040816324
27277,,8.0,,,,,,64234.551020408166
27281,,,0.5635983943939209,0.700564444065094,0.0031589248683303595,0.01743997633457184,0.41697919368743896,64240.15789473684
27288,5.0,,,,,,,64262.26315789474
27289,,8.0,,,,,,64265.42105263158
27297,5.0,,,,,,,64290.68421052631
27298,,8.0,,,,,,64293.84210526316
27305,5.0,,,,,,,64315.94736842105
27306,,8.0,,,,,,64319.10526315789
27316,5.0,,,,,,,64350.68421052631
27317,,8.0,,,,,,64353.84210526316
27321,,,0.5862079858779907,0.6378248929977417,0.004787285812199116,0.03006618097424507,0.4187864065170288,64359.448979591834
27333,5.0,,,,,,,64388.836734693876
27334,,8.0,,,,,,64391.28571428572
27345,5.0,,,,,,,64418.22448979592
27346,,8.0,,,,,,64420.67346938775
27360,5.0,,,,,,,64454.95918367347
27361,,8.0,,,,,,64457.4081632653
27367,5.0,,,,,,,64472.102040816324
27368,,8.0,,,,,,64474.551020408166
27372,,,0.5782478451728821,0.687619149684906,0.010694047436118126,0.031443819403648376,0.4221062660217285,64479.79069767442
27387,5.0,,,,,,,64521.651162790695
27388,,8.0,,,,,,64524.441860465115
27394,5.0,,,,,,,64541.186046511626
27395,,8.0,,,,,,64543.976744186046
27403,5.0,,,,,,,64566.3023255814
27404,,8.0,,,,,,64569.09302325582
27412,5.0,,,,,,,64591.41860465116
27413,,8.0,,,,,,64594.20930232558
27417,,,0.5692822933197021,0.6524494886398315,0.012975869700312614,0.04660705849528313,0.2655158042907715,64599.55319148936
27421,,,0.5854953527450562,0.643423318862915,0.017957603558897972,0.05274776369333267,0.3511839807033539,64609.765957446805
27431,5.0,,,,,,,64635.29787234042
27432,,8.0,,,,,,64637.85106382979
27442,5.0,,,,,,,64663.382978723406
27443,,8.0,,,,,,64665.936170212764
27452,5.0,,,,,,,64688.914893617024
27453,,8.0,,,,,,64691.46808510638
27461,5.0,,,,,,,64711.89361702128
27462,,8.0,,,,,,64714.44680851064
27473,,,0.6015135645866394,0.7685102820396423,0.006346024572849274,0.020262835547327995,-0.04244745150208473,64734.77777777778
27484,5.0,,,,,,,64759.22222222222
27485,,8.0,,,,,,64761.444444444445
27494,5.0,,,,,,,64781.444444444445
27495,,8.0,,,,,,64783.666666666664
27502,5.0,,,,,,,64799.22222222222
27503,,8.0,,,,,,64801.444444444445
27517,5.0,,,,,,,64832.555555555555
27518,,8.0,,,,,,64834.77777777778
27526,,,0.5560945868492126,0.6517997980117798,0.010185351595282555,0.030066045001149178,0.1751517802476883,64847.0
27540,5.0,,,,,,,64875.0
27541,,8.0,,,,,,64877.0
27556,5.0,,,,,,,64907.0
27557,,8.0,,,,,,64909.0
27569,5.0,,,,,,,64933.0
27570,,8.0,,,,,,64935.0
27579,5.0,,,,,,,64953.0
27580,,8.0,,,,,,64955.0
27584,,,0.6666433811187744,0.7704916596412659,0.007525813300162554,0.021510537713766098,0.09502538293600082,64959.666666666664
27595,5.0,,,,,,,64989.0
27596,,8.0,,,,,,64991.666666666664
27605,5.0,,,,,,,65015.666666666664
27606,,8.0,,,,,,65018.333333333336
27617,5.0,,,,,,,65047.666666666664
27618,,8.0,,,,,,65050.333333333336
27626,5.0,,,,,,,65071.666666666664
27627,,8.0,,,,,,65074.333333333336
27634,,,0.6388636231422424,0.6884574294090271,0.010910088196396828,0.03571058064699173,0.47957873344421387,65086.6
27645,5.0,,,,,,,65113.0
27646,,8.0,,,,,,65115.4
27651,5.0,,,,,,,65127.4
27652,,8.0,,,,,,65129.8
27664,5.0,,,,,,,65158.6
27665,,8.0,,,,,,65161.0
27678,5.0,,,,,,,65192.2
27679,,8.0,,,,,,65194.6
27684,,,0.6240826845169067,0.6678552627563477,-0.0003468020586296916,0.02235635183751583,0.3544462025165558,65202.217391304344
27686,,,0.6167765259742737,0.7224389314651489,0.006261187605559826,0.03031006269156933,0.45333024859428406,65207.434782608696
27693,5.0,,,,,,,65225.69565217391
27694,,8.0,,,,,,65228.30434782609
27707,5.0,,,,,,,65262.217391304344
27708,,8.0,,,,,,65264.82608695652
27715,5.0,,,,,,,65283.086956521736
27716,,8.0,,,,,,65285.69565217391
27726,5.0,,,,,,,65311.782608695656
27727,,8.0,,,,,,65314.391304347824
27735,,,0.5763645172119141,0.6662425994873047,0.014795823954045773,0.040132105350494385,0.2679343819618225,65334.142857142855
27740,5.0,,,,,,,65351.28571428572
27741,,8.0,,,,,,65354.71428571428
27747,5.0,,,,,,,65375.28571428572
27748,,8.0,,,,,,65378.71428571428
27755,5.0,,,,,,,65402.71428571428
27756,,8.0,,,,,,65406.142857142855
27763,5.0,,,,,,,65430.142857142855
27764,,8.0,,,,,,65433.57142857143
27768,,,0.5490579605102539,0.6088730692863464,0.006847001612186432,0.021047964692115784,0.32819730043411255,65440.63636363636
27773,5.0,,,,,,,65458.818181818184
27774,,8.0,,,,,,65462.454545454544
27783,5.0,,,,,,,65495.181818181816
27784,,8.0,,,,,,65498.818181818184
27791,5.0,,,,,,,65524.27272727273
27792,,8.0,,,,,,65527.90909090909
27798,5.0,,,,,,,65549.72727272728
27799,,8.0,,,,,,65553.36363636363
27806,,,0.5702643394470215,0.656545877456665,0.00870214682072401,0.03192875534296036,0.34280553460121155,65567.21276595745
27817,5.0,,,,,,,65595.29787234042
27818,,8.0,,,,,,65597.85106382979
27827,5.0,,,,,,,65620.82978723405
27828,,8.0,,,,,,65623.3829787234
27837,5.0,,,,,,,65646.36170212766
27838,,8.0,,,,,,65648.91489361702
27847,5.0,,,,,,,65671.89361702128
27848,,8.0,,,,,,65674.44680851063
27853,,,0.5358847379684448,0.6051338911056519,0.006115246564149857,0.022183088585734367,0.2563026249408722,65682.58139534884
27866,5.0,,,,,,,65718.86046511628
27867,,8.0,,,,,,65721.6511627907
27877,5.0,,,,,,,65749.55813953489
27878,,8.0,,,,,,65752.3488372093
27888,5.0,,,,,,,65780.25581395348
27889,,8.0,,,,,,65783.04651162791
27892,5.0,,,,,,,65791.41860465116
27893,,8.0,,,,,,65794.20930232559
27898,,,0.5989540219306946,0.6954691410064697,0.006165728438645601,0.020527716726064682,0.2501536011695862,65802.0
27900,,,0.604110062122345,0.7000139951705933,0.018878452479839325,0.034843120723962784,0.41513389348983765,65807.0
27913,5.0,,,,,,,65839.5
27914,,8.0,,,,,,65842.0
27921,5.0,,,,,,,65859.5
27922,,8.0,,,,,,65862.0
27932,5.0,,,,,,,65887.0
27933,,8.0,,,,,,65889.5
27942,5.0,,,,,,,65912.0
27943,,8.0,,,,,,65914.5
27949,,,0.5592321753501892,0.6282557249069214,0.012538348324596882,0.036274950951337814,0.6119730472564697,65926.72972972973
27955,5.0,,,,,,,65946.18918918919
27956,,8.0,,,,,,65949.43243243243
27967,5.0,,,,,,,65985.1081081081
27968,,8.0,,,,,,65988.35135135135
27976,5.0,,,,,,,66014.2972972973
27977,,8.0,,,,,,66017.54054054055
27981,5.0,,,,,,,66030.51351351352
27982,,8.0,,,,,,66033.75675675676
27989,,,0.5992484092712402,0.6761944890022278,0.0053229318000376225,0.03317764773964882,0.6464716196060181,66046.6
27997,5.0,,,,,,,66065.8
27998,,8.0,,,,,,66068.2
28005,5.0,,,,,,,66085.0
28006,,8.0,,,,,,66087.4
28019,5.0,,,,,,,66118.6
28020,,8.0,,,,,,66121.0
28033,5.0,,,,,,,66152.2
28034,,8.0,,,,,,66154.6
28040,,,0.5744527578353882,0.6546419858932495,0.0036932926159352064,0.01542428508400917,0.5070341229438782,66163.7924528302
28056,5.0,,,,,,,66200.01886792453
28057,,8.0,,,,,,66202.28301886792
28065,5.0,,,,,,,66220.39622641509
28066,,8.0,,,,,,66222.6603773585
28078,5.0,,,,,,,66249.83018867925
28079,,8.0,,,,,,66252.09433962264
28088,5.0,,,,,,,66272.47169811321
28089,,8.0,,,,,,66274.7358490566
28098,,,0.5965452194213867,0.6754217147827148,0.012306484393775463,0.027824122458696365,0.5738533735275269,66294.14285714286
28108,5.0,,,,,,,66322.71428571429
28109,,8.0,,,,,,66325.57142857143
28114,5.0,,,,,,,66339.85714285714
28115,,8.0,,,,,,66342.71428571429
28124,5.0,,,,,,,66368.42857142857
28125,,8.0,,,,,,66371.28571428571
28132,5.0,,,,,,,66391.28571428571
28133,,8.0,,,,,,66394.14285714286
28137,,,0.5843773484230042,0.6364726424217224,-0.0010521956719458103,0.01853666454553604,0.4840852618217468,66399.79069767441
28141,,,0.6267299652099609,0.6989321112632751,0.007654484361410141,0.02198158949613571,0.5783212780952454,66410.95348837209
28145,5.0,,,,,,,66422.11627906977
28146,,8.0,,,,,,66424.90697674418
28155,5.0,,,,,,,66450.02325581395
28156,,8.0,,,,,,66452.81395348837
28167,5.0,,,,,,,66483.51162790698
28168,,8.0,,,,,,66486.30232558139
28177,5.0,,,,,,,66511.41860465116
28178,,8.0,,,,,,66514.20930232559
28188,,,0.5503856539726257,0.621680736541748,0.005418858025223017,0.03024507313966751,0.2891412377357483,66538.53846153847
28193,5.0,,,,,,,66553.92307692308
28194,,8.0,,,,,,66557.0
28199,5.0,,,,,,,66572.38461538461
28200,,8.0,,,,,,66575.46153846153
28208,5.0,,,,,,,66600.07692307692
28209,,8.0,,,,,,66603.15384615384
28218,5.0,,,,,,,66630.84615384616
28219,,8.0,,,,,,66633.92307692308
28226,,,0.6979303359985352,0.7821972966194153,0.014497748576104641,0.03322140499949455,0.27880531549453735,66646.23076923077
28238,5.0,,,,,,,66673.92307692308
28239,,8.0,,,,,,66676.23076923077
28249,5.0,,,,,,,66699.30769230769
28250,,8.0,,,,,,66701.61538461539
28260,5.0,,,,,,,66724.69230769231
28261,,8.0,,,,,,66727.0
28272,5.0,,,,,,,66752.38461538461
28273,,8.0,,,,,,66754.69230769231
28278,,,0.6316103339195251,0.722026526927948,0.006741321180015802,0.025197790935635567,0.04569964110851288,66762.21739130435
28289,5.0,,,,,,,66790.91304347826
28290,,8.0,,,,,,66793.52173913043
28298,5.0,,,,,,,66814.39130434782
28299,,8.0,,,,,,66817.0
28308,5.0,,,,,,,66840.47826086957
28309,,8.0,,,,,,66843.08695652174
28320,5.0,,,,,,,66871.78260869565
28321,,8.0,,,,,,66874.39130434782
28329,,,0.5831438899040222,0.6341375112533569,0.002320752013474703,0.02567761391401291,0.11665011197328568,66889.0
28335,5.0,,,,,,,66903.4
28336,,8.0,,,,,,66905.8
28349,5.0,,,,,,,66937.0
28350,,8.0,,,,,,66939.4
28359,5.0,,,,,,,66961.0
28360,,8.0,,,,,,66963.4
28372,5.0,,,,,,,66992.2
28373,,8.0,,,,,,66994.6
28377,,,0.6017881035804749,0.6954782009124756,0.008994205854833126,0.022888390347361565,0.13070759177207947,66999.60869565218
28382,,,0.5670312643051147,0.6575401425361633,-0.001916317269206047,0.01396938692778349,0.0677131786942482,67012.65217391304
28390,5.0,,,,,,,67033.52173913043
28391,,8.0,,,,,,67036.13043478261
28398,5.0,,,,,,,67054.39130434782
28399,,8.0,,,,,,67057.0
28408,5.0,,,,,,,67080.47826086957
28409,,8.0,,,,,,67083.08695652174
28420,5.0,,,,,,,67111.78260869565
28421,,8.0,,,,,,67114.39130434782
28426,,,0.6386097073554993,0.7322931289672852,0.003099072026088834,0.017894059419631958,0.0694643184542656,67123.31578947368
28432,5.0,,,,,,,67142.26315789473
28433,,8.0,,,,,,67145.42105263157
28445,5.0,,,,,,,67183.31578947368
28446,,8.0,,,,,,67186.47368421052
28452,5.0,,,,,,,67205.42105263157
28453,,8.0,,,,,,67208.57894736843
28460,5.0,,,,,,,67230.68421052632
28461,,8.0,,,,,,67233.84210526316
28467,,,0.5607748627662659,0.6544760465621948,0.013520420528948307,0.03521155193448067,0.1703794300556183,67246.0
28476,5.0,,,,,,,67273.0
28477,,8.0,,,,,,67276.0
28480,5.0,,,,,,,67285.0
28481,,8.0,,,,,,67288.0
28493,5.0,,,,,,,67324.0
28494,,8.0,,,,,,67327.0
28502,5.0,,,,,,,67351.0
28503,,8.0,,,,,,67354.0
28507,,,0.6106122136116028,0.7083526253700256,0.004645680543035269,0.04378459230065346,0.22448615729808807,67359.66666666667
28519,5.0,,,,,,,67391.66666666667
28520,,8.0,,,,,,67394.33333333333
28530,5.0,,,,,,,67421.0
28531,,8.0,,,,,,67423.66666666667
28538,5.0,,,,,,,67442.33333333333
28539,,8.0,,,,,,67445.0
28549,5.0,,,,,,,67471.66666666667
28550,,8.0,,,,,,67474.33333333333
28554,,,0.5894297361373901,0.7188150882720947,0.007280376739799976,0.03797715902328491,0.2812517285346985,67479.4
28571,5.0,,,,,,,67520.2
28572,,8.0,,,,,,67522.6
28581,5.0,,,,,,,67544.2
28582,,8.0,,,,,,67546.6
28590,5.0,,,,,,,67565.8
28591,,8.0,,,,,,67568.2
28601,5.0,,,,,,,67592.2
28602,,8.0,,,,,,67594.6
28606,,,0.6407815217971802,0.7732715606689453,0.018661504611372948,0.04258428141474724,0.0697256475687027,67599.55319148937
28611,,,0.5681139826774597,0.6703662872314453,0.012583336792886257,0.032538965344429016,0.12858298420906067,67612.31914893616
28621,5.0,,,,,,,67637.85106382979
28622,,8.0,,,,,,67640.40425531915
28628,5.0,,,,,,,67655.72340425532
28629,,8.0,,,,,,67658.27659574468
28635,5.0,,,,,,,67673.59574468085
28636,,8.0,,,,,,67676.14893617021
28650,5.0,,,,,,,67711.89361702128
28651,,8.0,,,,,,67714.44680851063
28656,,,0.5977321863174438,0.6774182915687561,0.002778352005407214,0.025739077478647232,-0.11620981246232986,67724.05882352941
28661,5.0,,,,,,,67741.70588235294
28662,,8.0,,,,,,67745.23529411765
28669,5.0,,,,,,,67769.94117647059
28670,,8.0,,,,,,67773.4705882353
28677,5.0,,,,,,,67798.17647058824
28678,,8.0,,,,,,67801.70588235294
28686,5.0,,,,,,,67829.94117647059
28687,,8.0,,,,,,67833.4705882353
28694,,,0.5878127813339233,0.6851534843444824,0.025326188653707504,0.05925190821290016,0.4648754596710205,67847.0
28703,5.0,,,,,,,67869.5
28704,,8.0,,,,,,67872.0
28709,5.0,,,,,,,67884.5
28710,,8.0,,,,,,67887.0
28722,5.0,,,,,,,67917.0
28723,,8.0,,,,,,67919.5
28736,5.0,,,,,,,67952.0
28737,,8.0,,,,,,67954.5
28741,,,0.6593632698059082,0.7043215036392212,0.004405728075653315,0.06274795532226562,0.02043207176029682,67959.79069767441
28748,5.0,,,,,,,67979.32558139534
28749,,8.0,,,,,,67982.11627906977
28759,5.0,,,,,,,68010.02325581395
28760,,8.0,,,,,,68012.81395348837
28770,5.0,,,,,,,68040.72093023256
28771,,8.0,,,,,,68043.51162790698
28781,5.0,,,,,,,68071.41860465116
28782,,8.0,,,,,,68074.20930232559
28786,,,0.6246073246002197,0.7262675762176514,0.005231956485658884,0.02522105909883976,-0.05205986648797989,68079.35294117648
28803,5.0,,,,,,,68119.35294117648
28804,,8.0,,,,,,68121.70588235294
28811,5.0,,,,,,,68138.17647058824
28812,,8.0,,,,,,68140.5294117647
28822,5.0,,,,,,,68164.05882352941
28823,,8.0,,,,,,68166.41176470589
28834,5.0,,,,,,,68192.29411764706
28835,,8.0,,,,,,68194.64705882352
28839,,,0.5320529341697693,0.6006240248680115,0.01099909283220768,0.039005815982818604,0.15965957939624786,68199.5
28842,,,0.5749619007110596,0.6741437911987305,0.011537276208400726,0.0372101292014122,0.16046775877475739,68207.0
28850,5.0,,,,,,,68227.0
28851,,8.0,,,,,,68229.5
28862,5.0,,,,,,,68257.0
28863,,8.0,,,,,,68259.5
28876,5.0,,,,,,,68292.0
28877,,8.0,,,,,,68294.5
28884,5.0,,,,,,,68312.0
28885,,8.0,,,,,,68314.5
28891,,,0.5390570163726807,0.6641731858253479,0.00015336299838963896,0.017304211854934692,-0.06679058820009232,68325.57142857143
28901,5.0,,,,,,,68354.14285714286
28902,,8.0,,,,,,68357.0
28908,5.0,,,,,,,68374.14285714286
28909,,8.0,,,,,,68377.0
28917,5.0,,,,,,,68399.85714285714
28918,,8.0,,,,,,68402.71428571429
28928,5.0,,,,,,,68431.28571428571
28929,,8.0,,,,,,68434.14285714286
28934,,,0.5555814504623413,0.6490403413772583,0.00043856760021299124,0.01697409711778164,-0.0018986749928444624,68442.58139534884
28946,5.0,,,,,,,68476.06976744186
28947,,8.0,,,,,,68478.86046511628
28955,5.0,,,,,,,68501.18604651163
28956,,8.0,,,,,,68503.97674418605
28963,5.0,,,,,,,68523.51162790698
28964,,8.0,,,,,,68526.30232558139
28973,5.0,,,,,,,68551.41860465116
28974,,8.0,,,,,,68554.20930232559
28979,,,0.5538991689682007,0.6202032566070557,0.01366408821195364,0.036838967353105545,0.14930425584316254,68561.70588235294
28991,5.0,,,,,,,68589.94117647059
28992,,8.0,,,,,,68592.29411764706
29001,5.0,,,,,,,68613.4705882353
29002,,8.0,,,,,,68615.82352941176
29015,5.0,,,,,,,68646.41176470589
29016,,8.0,,,,,,68648.76470588235
29026,5.0,,,,,,,68672.29411764706
29027,,8.0,,,,,,68674.64705882352
29031,,,0.5653045773506165,0.6548340916633606,-0.0011925090802833438,0.025545762851834297,0.0811748132109642,68679.72727272728
29042,5.0,,,,,,,68709.72727272728
29043,,8.0,,,,,,68712.45454545454
29055,5.0,,,,,,,68745.18181818182
29056,,8.0,,,,,,68747.90909090909
29059,5.0,,,,,,,68756.09090909091
29060,,8.0,,,,,,68758.81818181818
29072,5.0,,,,,,,68791.54545454546
29073,,8.0,,,,,,68794.27272727272
29077,,,0.5940117239952087,0.6577678322792053,0.001227845437824726,0.020358523353934288,0.038387082517147064,68799.85714285714
29080,,,0.5774349570274353,0.6734248399734497,0.011563469655811787,0.028675956651568413,0.08466941118240356,68808.42857142857
29089,5.0,,,,,,,68834.14285714286
29090,,8.0,,,,,,68837.0
29102,5.0,,,,,,,68871.28571428571
29103,,8.0,,,,,,68874.14285714286
29110,5.0,,,,,,,68894.14285714286
29111,,8.0,,,,,,68897.0
29116,5.0,,,,,,,68911.28571428571
29117,,8.0,,,,,,68914.14285714286
29124,,,0.5660557150840759,0.671418309211731,0.002228743163868785,0.01493928674608469,0.005451662000268698,68927.43478260869
29133,5.0,,,,,,,68950.91304347826
29134,,8.0,,,,,,68953.52173913043
29142,5.0,,,,,,,68974.39130434782
29143,,8.0,,,,,,68977.0
29155,5.0,,,,,,,69008.30434782608
29156,,8.0,,,,,,69010.91304347826
29164,5.0,,,,,,,69031.78260869565
29165,,8.0,,,,,,69034.39130434782
29173,,,0.5650515556335449,0.644524872303009,0.0038795885629951954,0.01327817514538765,0.13885192573070526,69049.24489795919
29183,5.0,,,,,,,69073.73469387754
29184,,8.0,,,,,,69076.1836734694
29195,5.0,,,,,,,69103.12244897959
29196,,8.0,,,,,,69105.57142857143
29206,5.0,,,,,,,69130.0612244898
29207,,8.0,,,,,,69132.51020408163
29215,5.0,,,,,,,69152.10204081633
29216,,8.0,,,,,,69154.55102040817
29224,,,0.5896672010421753,0.6649662852287292,0.0031870906241238117,0.01995985396206379,0.12713666260242462,69167.3448275862
29239,5.0,,,,,,,69198.37931034483
29240,,8.0,,,,,,69200.44827586207
29252,5.0,,,,,,,69225.27586206897
29253,,8.0,,,,,,69227.3448275862
29265,5.0,,,,,,,69252.1724137931
29266,,8.0,,,,,,69254.24137931035
29275,5.0,,,,,,,69272.86206896552
29276,,8.0,,,,,,69274.93103448275
29281,,,0.585991382598877,0.7074862122535706,0.015084175392985344,0.04225124791264534,0.08877745270729065,69282.45454545454
29289,5.0,,,,,,,69304.27272727272
29290,,8.0,,,,,,69307.0
29301,5.0,,,,,,,69337.0
29302,,8.0,,,,,,69339.72727272728
29313,5.0,,,,,,,69369.72727272728
29314,,8.0,,,,,,69372.45454545454
29321,5.0,,,,,,,69391.54545454546
29322,,8.0,,,,,,69394.27272727272
29326,,,0.5866538286209106,0.676733136177063,0.007190844044089317,0.023232322186231613,0.030226411297917366,69399.66666666667
29331,,,0.62546306848526,0.714245617389679,0.0007824536878615618,0.050269801169633865,0.14855022728443146,69413.0
29339,5.0,,,,,,,69434.33333333333
29340,,8.0,,,,,,69437.0
29349,5.0,,,,,,,69461.0
29350,,8.0,,,,,,69463.66666666667
29357,5.0,,,,,,,69482.33333333333
29358,,8.0,,,,,,69485.0
29368,5.0,,,,,,,69511.66666666667
29369,,8.0,,,,,,69514.33333333333
29378,,,0.5841859579086304,0.6411701440811157,0.012512659654021263,0.03846435993909836,0.11191257834434509,69532.31914893616
29387,5.0,,,,,,,69555.29787234042
29388,,8.0,,,,,,69557.85106382979
29396,5.0,,,,,,,69578.27659574468
29397,,8.0,,,,,,69580.82978723405
29406,5.0,,,,,,,69603.8085106383
29407,,8.0,,,,,,69606.36170212766
29417,5.0,,,,,,,69631.89361702128
29418,,8.0,,,,,,69634.44680851063
29423,,,0.6388446092605591,0.7195065021514893,0.007015739567577839,0.03265067934989929,0.053116586059331894,69642.71428571429
29430,5.0,,,,,,,69662.71428571429
29431,,8.0,,,,,,69665.57142857143
29438,5.0,,,,,,,69685.57142857143
29439,,8.0,,,,,,69688.42857142857
29450,5.0,,,,,,,69719.85714285714
29451,,8.0,,,,,,69722.71428571429
29461,5.0,,,,,,,69751.28571428571
29462,,8.0,,,,,,69754.14285714286
29467,,,0.5216273665428162,0.6031883358955383,0.0027568405494093895,0.011971291154623032,-0.19809642434120178,69762.0
29482,5.0,,,,,,,69799.5
29483,,8.0,,,,,,69802.0
29492,5.0,,,,,,,69824.5
29493,,8.0,,,,,,69827.0
29501,5.0,,,,,,,69847.0
29502,,8.0,,,,,,69849.5
29511,5.0,,,,,,,69872.0
29512,,8.0,,,,,,69874.5
29517,,,0.5632935166358948,0.6375933885574341,0.005956118460744619,0.018972719088196754,-0.2129145860671997,69881.89795918367
29528,5.0,,,,,,,69908.83673469388
29529,,8.0,,,,,,69911.28571428571
29539,5.0,,,,,,,69935.77551020408
29540,,8.0,,,,,,69938.22448979592
29551,5.0,,,,,,,69965.16326530612
29552,,8.0,,,,,,69967.61224489796
29562,5.0,,,,,,,69992.10204081633
29563,,8.0,,,,,,69994.55102040817
29569,,,0.6249949932098389,0.6868769526481628,0.0035319803282618523,0.02319609560072422,-0.36229339241981506,70004.2
29573,,,0.5662088394165039,0.6929281949996948,0.005712399259209633,0.0267421193420887,-0.28681135177612305,70013.8
29580,5.0,,,,,,,70030.6
29581,,8.0,,,,,,70033.0
29589,5.0,,,,,,,70052.2
29590,,8.0,,,,,,70054.6
29603,5.0,,,,,,,70085.8
29604,,8.0,,,,,,70088.2
29614,5.0,,,,,,,70112.2
29615,,8.0,,,,,,70114.6
29621,,,0.6370453238487244,0.7308307886123657,0.0037325932644307613,0.021626688539981842,-0.37467309832572937,70126.72972972973
29628,5.0,,,,,,,70149.43243243243
29629,,8.0,,,,,,70152.67567567568
29633,5.0,,,,,,,70165.64864864865
29634,,8.0,,,,,,70168.8918918919
29642,5.0,,,,,,,70194.83783783784
29643,,8.0,,,,,,70198.08108108108
29653,5.0,,,,,,,70230.51351351352
29654,,8.0,,,,,,70233.75675675676
29663,,,0.5998085737228394,0.7051517367362976,0.005491515621542931,0.03969785198569298,-0.09660526365041733,70252.65217391304
29671,5.0,,,,,,,70273.52173913043
29672,,8.0,,,,,,70276.13043478261
29684,5.0,,,,,,,70307.43478260869
29685,,8.0,,,,,,70310.04347826086
29694,5.0,,,,,,,70333.52173913043
29695,,8.0,,,,,,70336.13043478261
29701,5.0,,,,,,,70351.78260869565
29702,,8.0,,,,,,70354.39130434782
29709,,,0.6390858292579651,0.7038910984992981,0.008928910829126835,0.024388039484620094,-0.019803421571850777,70371.11764705883
29718,5.0,,,,,,,70402.88235294117
29719,,8.0,,,,,,70406.41176470589
29725,5.0,,,,,,,70427.58823529411
29726,,8.0,,,,,,70431.11764705883
29733,5.0,,,,,,,70455.82352941176
29734,,8.0,,,,,,70459.35294117648
29737,5.0,,,,,,,70469.94117647059
29738,,8.0,,,,,,70473.4705882353
29742,,,0.5525643229484558,0.6505166292190552,0.003550431691110134,0.029165199026465416,-0.1488647609949112,70479.44897959183
29755,5.0,,,,,,,70511.28571428571
29756,,8.0,,,,,,70513.73469387754
29767,5.0,,,,,,,70540.67346938775
29768,,8.0,,,,,,70543.12244897959
29778,5.0,,,,,,,70567.61224489796
29779,,8.0,,,,,,70570.0612244898
29788,5.0,,,,,,,70592.10204081633
29789,,8.0,,,,,,70594.55102040817
29793,,,0.6265836358070374,0.7564964294433594,0.0004242373979650438,0.01814468950033188,-0.03751464560627937,70600.24324324324
29795,,,0.6121909022331238,0.6844698786735535,0.0023101402912288904,0.01629168912768364,-0.03972308337688446,70606.72972972973
29800,5.0,,,,,,,70622.94594594595
29801,,8.0,,,,,,70626.18918918919
29807,5.0,,,,,,,70645.64864864865
29808,,8.0,,,,,,70648.8918918919
29819,5.0,,,,,,,70684.56756756757
29820,,8.0,,,,,,70687.81081081081
29827,5.0,,,,,,,70710.51351351352
29828,,8.0,,,,,,70713.75675675676
29835,,,0.49659910798072815,0.53001469373703,0.01405688188970089,0.03314914181828499,0.2796359658241272,70727.0
29848,5.0,,,,,,,70759.5
29849,,8.0,,,,,,70762.0
29859,5.0,,,,,,,70787.0
29860,,8.0,,,,,,70789.5
29870,5.0,,,,,,,70814.5
29871,,8.0,,,,,,70817.0
29877,5.0,,,,,,,70832.0
29878,,8.0,,,,,,70834.5
29883,,,0.5682439208030701,0.6561847925186157,0.00733252102509141,0.01952170580625534,0.17274338006973267,70844.05882352941
29889,5.0,,,,,,,70865.23529411765
29890,,8.0,,,,,,70868.76470588235
29899,5.0,,,,,,,70900.5294117647
29900,,8.0,,,,,,70904.05882352941
29907,5.0,,,,,,,70928.76470588235
29908,,8.0,,,,,,70932.29411764706
29913,5.0,,,,,,,70949.94117647059
29914,,8.0,,,,,,70953.4705882353
29920,,,0.6178425550460815,0.6886152625083923,0.00039527437184005976,0.012793204747140408,0.40857312083244324,70964.5
29931,5.0,,,,,,,70992.0
29932,,8.0,,,,,,70994.5
29939,5.0,,,,,,,71012.0
29940,,8.0,,,,,,71014.5
29951,5.0,,,,,,,71042.0
29952,,8.0,,,,,,71044.5
29963,5.0,,,,,,,71072.0
29964,,8.0,,,,,,71074.5
29968,,,0.6629366874694824,0.737584114074707,0.011729536578059196,0.03679773211479187,0.5733109712600708,71079.66666666667
29975,5.0,,,,,,,71098.33333333333
29976,,8.0,,,,,,71101.0
29983,5.0,,,,,,,71119.66666666667
29984,,8.0,,,,,,71122.33333333333
29996,5.0,,,,,,,71154.33333333333
29997,,8.0,,,,,,71157.0
30010,5.0,,,,,,,71191.66666666667
30011,,8.0,,,,,,71194.33333333333
30015,,,0.5948759913444519,0.667449414730072,0.0012069460935890675,0.011921926401555538,0.06603164225816727,71199.5
30019,,,0.6412802934646606,0.6970962285995483,0.0021789418533444405,0.015599511563777924,0.15067170560359955,71209.5
30028,5.0,,,,,,,71232.0
30029,,8.0,,,,,,71234.5
30036,5.0,,,,,,,71252.0
30037,,8.0,,,,,,71254.5
30048,5.0,,,,,,,71282.0
30049,,8.0,,,,,,71284.5
30060,5.0,,,,,,,71312.0
30061,,8.0,,,,,,71314.5
30067,,,0.6052917242050171,0.6815032958984375,0.003232271410524845,0.024724271148443222,0.15454921126365662,71324.82608695653
30075,5.0,,,,,,,71345.69565217392
30076,,8.0,,,,,,71348.30434782608
30087,5.0,,,,,,,71377.0
30088,,8.0,,,,,,71379.60869565218
30100,5.0,,,,,,,71410.91304347826
30101,,8.0,,,,,,71413.52173913043
30108,5.0,,,,,,,71431.78260869565
30109,,8.0,,,,,,71434.39130434782
30115,,,0.5787463188171387,0.6833637356758118,0.007345355115830898,0.02246946655213833,0.08517494052648544,71444.5
30125,5.0,,,,,,,71469.5
30126,,8.0,,,,,,71472.0
30136,5.0,,,,,,,71497.0
30137,,8.0,,,,,,71499.5
30142,5.0,,,,,,,71512.0
30143,,8.0,,,,,,71514.5
30158,5.0,,,,,,,71552.0
30159,,8.0,,,,,,71554.5
30165,,,0.5526193976402283,0.6385712027549744,0.020808009430766106,0.03989846631884575,0.1768840104341507,71567.0
30174,5.0,,,,,,,71597.0
30175,,8.0,,,,,,71600.33333333333
30182,5.0,,,,,,,71623.66666666667
30183,,8.0,,,,,,71627.0
30189,5.0,,,,,,,71647.0
30190,,8.0,,,,,,71650.33333333333
30196,5.0,,,,,,,71670.33333333333
30197,,8.0,,,,,,71673.66666666667
30201,,,0.5619604587554932,0.6586644649505615,0.009721041657030582,0.021213321015238762,-0.13116376101970673,71679.22222222222
30218,5.0,,,,,,,71717.0
30219,,8.0,,,,,,71719.22222222222
30231,5.0,,,,,,,71745.88888888889
30232,,8.0,,,,,,71748.11111111111
30243,5.0,,,,,,,71772.55555555556
30244,,8.0,,,,,,71774.77777777778
30252,5.0,,,,,,,71792.55555555556
30253,,8.0,,,,,,71794.77777777778
30257,,,0.5830793380737305,0.6590739488601685,0.0016117867780849338,0.0105975903570652,-0.14354516565799713,71799.44897959183
30262,,,0.5759278535842896,0.6872271299362183,0.004057375248521566,0.01896054297685623,-0.03729166463017464,71811.69387755102
30270,5.0,,,,,,,71831.28571428571
30271,,8.0,,,,,,71833.73469387754
30280,5.0,,,,,,,71855.77551020408
30281,,8.0,,,,,,71858.22448979592
30293,5.0,,,,,,,71887.61224489796
30294,,8.0,,,,,,71890.0612244898
30303,5.0,,,,,,,71912.10204081633
30304,,8.0,,,,,,71914.55102040817
30311,,,0.5984020829200745,0.6551600694656372,0.004753293469548225,0.03390795737504959,0.08535602688789368,71931.11764705883
30316,5.0,,,,,,,71948.76470588235
30317,,8.0,,,,,,71952.29411764706
30324,5.0,,,,,,,71977.0
30325,,8.0,,,,,,71980.5294117647
30331,5.0,,,,,,,72001.70588235294
30332,,8.0,,,,,,72005.23529411765
30339,5.0,,,,,,,72029.94117647059
30340,,8.0,,,,,,72033.4705882353
30346,,,0.5962896943092346,0.6637768149375916,0.007118816953152418,0.03375280648469925,0.3461002707481384,72046.0
30352,5.0,,,,,,,72064.0
30353,,8.0,,,,,,72067.0
30363,5.0,,,,,,,72097.0
30364,,8.0,,,,,,72100.0
30370,5.0,,,,,,,72118.0
30371,,8.0,,,,,,72121.0
30381,5.0,,,,,,,72151.0
30382,,8.0,,,,,,72154.0
30387,,,0.6214466691017151,0.7206736207008362,0.006654299795627594,0.014985298737883568,0.3010199964046478,72162.21739130435
30396,5.0,,,,,,,72185.69565217392
30397,,8.0,,,,,,72188.30434782608
30407,5.0,,,,,,,72214.39130434782
30408,,8.0,,,,,,72217.0
30416,5.0,,,,,,,72237.86956521739
30417,,8.0,,,,,,72240.47826086957
30429,5.0,,,,,,,72271.78260869565
30430,,8.0,,,,,,72274.39130434782
30435,,,0.585795521736145,0.6735981106758118,0.007499230094254017,0.016969822347164154,0.30673548579216003,72281.70588235294
30443,5.0,,,,,,,72300.5294117647
30444,,8.0,,,,,,72302.88235294117
30461,5.0,,,,,,,72342.88235294117
30462,,8.0,,,,,,72345.23529411765
30472,5.0,,,,,,,72368.76470588235
30473,,8.0,,,,,,72371.11764705883
30482,5.0,,,,,,,72392.29411764706
30483,,8.0,,,,,,72394.64705882352
30487,,,0.5765816569328308,0.6938995718955994,0.016391266137361526,0.02948783151805401,0.2677329182624817,72399.60869565218
30491,,,0.5705845952033997,0.6137203574180603,0.005448837298899889,0.018293362110853195,0.21919025480747223,72410.04347826086
30503,5.0,,,,,,,72441.34782608696
30504,,8.0,,,,,,72443.95652173914
30512,5.0,,,,,,,72464.82608695653
30513,,8.0,,,,,,72467.43478260869
30523,5.0,,,,,,,72493.52173913043
30524,,8.0,,,,,,72496.13043478261
30530,5.0,,,,,,,72511.78260869565
30531,,8.0,,,,,,72514.39130434782
30539,,,0.6304811239242554,0.7121524810791016,0.003140289569273591,0.012972034513950348,0.31772446632385254,72531.28571428571
30549,5.0,,,,,,,72559.85714285714
30550,,8.0,,,,,,72562.71428571429
30556,5.0,,,,,,,72579.85714285714
30557,,8.0,,,,,,72582.71428571429
30566,5.0,,,,,,,72608.42857142857
30567,,8.0,,,,,,72611.28571428571
30574,5.0,,,,,,,72631.28571428571
30575,,8.0,,,,,,72634.14285714286
30580,,,0.5830363035202026,0.6663575172424316,0.004490370396524668,0.014698227867484093,0.3729759752750397,72644.05882352941
30585,5.0,,,,,,,72661.70588235294
30586,,8.0,,,,,,72665.23529411765
30593,5.0,,,,,,,72689.94117647059
30594,,8.0,,,,,,72693.4705882353
30600,5.0,,,,,,,72714.64705882352
30601,,8.0,,,,,,72718.17647058824
30610,5.0,,,,,,,72749.94117647059
30611,,8.0,,,,,,72753.4705882353
30616,,,0.5912675857543945,0.6808505058288574,0.002536895452067256,0.010030476376414299,0.21242251992225647,72762.45454545454
30629,5.0,,,,,,,72797.90909090909
30630,,8.0,,,,,,72800.63636363637
30637,5.0,,,,,,,72819.72727272728
30638,,8.0,,,,,,72822.45454545454
30645,5.0,,,,,,,72841.54545454546
30646,,8.0,,,,,,72844.27272727272
30656,5.0,,,,,,,72871.54545454546
30657,,8.0,,,,,,72874.27272727272
30662,,,0.5902719497680664,0.6794341802597046,0.01074931863695383,0.017391322180628777,0.6019262671470642,72883.15384615384
30669,5.0,,,,,,,72904.69230769231
30670,,8.0,,,,,,72907.76923076923
30676,5.0,,,,,,,72926.23076923077
30677,,8.0,,,,,,72929.30769230769
30688,5.0,,,,,,,72963.15384615384
30689,,8.0,,,,,,72966.23076923077
30697,5.0,,,,,,,72990.84615384616
30698,,8.0,,,,,,72993.92307692308
30702,,,0.6057384014129639,0.6849697232246399,0.010309819132089615,0.02905723825097084,0.5247185826301575,72999.5
30704,,,0.5669832825660706,0.6388536095619202,0.0033281256910413504,0.027664247900247574,0.4919564425945282,73004.5
30712,5.0,,,,,,,73024.5
30713,,8.0,,,,,,73027.0
30725,5.0,,,,,,,73057.0
30726,,8.0,,,,,,73059.5
30734,5.0,,,,,,,73079.5
30735,,8.0,,,,,,73082.0
30747,5.0,,,,,,,73112.0
30748,,8.0,,,,,,73114.5
30754,,,0.6090229749679565,0.6387772560119629,0.007087689358741045,0.013874316588044167,0.29431378841400146,73126.47368421052
30758,5.0,,,,,,,73139.1052631579
30759,,8.0,,,,,,73142.26315789473
30772,5.0,,,,,,,73183.31578947368
30773,,8.0,,,,,,73186.47368421052
30777,5.0,,,,,,,73199.1052631579
30778,,8.0,,,,,,73202.26315789473
30787,5.0,,,,,,,73230.68421052632
30788,,8.0,,,,,,73233.84210526316
30792,,,0.5922435522079468,0.6713164448738098,0.00257040630094707,0.011615647934377193,0.15955257415771484,73239.79069767441
30801,5.0,,,,,,,73264.90697674418
30802,,8.0,,,,,,73267.69767441861
30812,5.0,,,,,,,73295.6046511628
30813,,8.0,,,,,,73298.3953488372
30821,5.0,,,,,,,73320.72093023256
30822,,8.0,,,,,,73323.51162790698
30832,5.0,,,,,,,73351.41860465116
30833,,8.0,,,,,,73354.20930232559
30840,,,0.5523354411125183,0.6460005640983582,0.0030575748533010483,0.016748085618019104,-0.10421638935804367,73366.05660377358
30853,5.0,,,,,,,73395.49056603774
30854,,8.0,,,,,,73397.75471698113
30862,5.0,,,,,,,73415.8679245283
30863,,8.0,,,,,,73418.1320754717
30875,5.0,,,,,,,73445.30188679245
30876,,8.0,,,,,,73447.56603773584
30887,5.0,,,,,,,73472.47169811321
30888,,8.0,,,,,,73474.7358490566
30894,,,0.6088888645172119,0.6682971715927124,0.005012541078031063,0.030051544308662415,-0.18436868488788605,73484.82608695653
30906,5.0,,,,,,,73516.13043478261
30907,,8.0,,,,,,73518.73913043478
30915,5.0,,,,,,,73539.60869565218
30916,,8.0,,,,,,73542.21739130435
30926,5.0,,,,,,,73568.30434782608
30927,,8.0,,,,,,73570.91304347826
30935,5.0,,,,,,,73591.78260869565
30936,,8.0,,,,,,73594.39130434782
30942,,,0.6251416206359863,0.7114673852920532,0.014256883412599564,0.028652260079979897,0.08922309428453445,73605.37209302325
30945,,,0.5122156739234924,0.578804075717926,0.006737115792930126,0.020968839526176453,-0.024423958733677864,73613.74418604652
30953,5.0,,,,,,,73636.06976744186
30954,,8.0,,,,,,73638.86046511628
30962,5.0,,,,,,,73661.18604651163
30963,,8.0,,,,,,73663.97674418605
30971,5.0,,,,,,,73686.30232558139
30972,,8.0,,,,,,73689.09302325582
30980,5.0,,,,,,,73711.41860465116
30981,,8.0,,,,,,73714.20930232559
30985,,,0.5841463804244995,0.7064036726951599,0.009813725017011166,0.026582660153508186,-0.09549921005964279,73719.2641509434
30999,5.0,,,,,,,73750.96226415095
31000,,8.0,,,,,,73753.22641509434
31011,5.0,,,,,,,73778.1320754717
31012,,8.0,,,,,,73780.39622641509
31022,5.0,,,,,,,73803.03773584905
31023,,8.0,,,,,,73805.30188679245
31035,5.0,,,,,,,73832.47169811321
31036,,8.0,,,,,,73834.7358490566
31042,,,0.5644271373748779,0.6106911897659302,0.012749035842716694,0.030237851664423943,0.27780309319496155,73846.72972972973
31050,5.0,,,,,,,73872.67567567568
31051,,8.0,,,,,,73875.91891891892
31057,5.0,,,,,,,73895.37837837837
31058,,8.0,,,,,,73898.62162162163
31066,5.0,,,,,,,73924.56756756757
31067,,8.0,,,,,,73927.81081081081
31074,5.0,,,,,,,73950.51351351352
31075,,8.0,,,,,,73953.75675675676
31081,,,0.6032272577285767,0.7177063226699829,0.007382410112768412,0.0171397402882576,0.21947498619556427,73967.0
31090,5.0,,,,,,,73997.0
31091,,8.0,,,,,,74000.33333333333
31097,5.0,,,,,,,74020.33333333333
31098,,8.0,,,,,,74023.66666666667
31104,5.0,,,,,,,74043.66666666667
31105,,8.0,,,,,,74047.0
31112,5.0,,,,,,,74070.33333333333
31113,,8.0,,,,,,74073.66666666667
31119,,,0.5918111801147461,0.6465909481048584,0.009002629667520523,0.03515492379665375,0.3119453489780426,74085.0
31133,5.0,,,,,,,74122.33333333333
31134,,8.0,,,,,,74125.0
31139,5.0,,,,,,,74138.33333333333
31140,,8.0,,,,,,74141.0
31150,5.0,,,,,,,74167.66666666667
31151,,8.0,,,,,,74170.33333333333
31159,5.0,,,,,,,74191.66666666667
31160,,8.0,,,,,,74194.33333333333
31167,,,0.6066915988922119,0.658958911895752,0.004592475015670061,0.013221017085015774,0.09984342753887177,74207.21276595745
31169,,,0.5473716855049133,0.6259751915931702,0.00428335927426815,0.00973708275705576,0.11488374322652817,74212.31914893616
31179,5.0,,,,,,,74237.85106382979
31180,,8.0,,,,,,74240.40425531915
31186,5.0,,,,,,,74255.72340425532
31187,,8.0,,,,,,74258.27659574468
31197,5.0,,,,,,,74283.8085106383
31198,,8.0,,,,,,74286.36170212766
31208,5.0,,,,,,,74311.89361702128
31209,,8.0,,,,,,74314.44680851063
31217,,,0.6022781133651733,0.7150521874427795,0.0016763920430094004,0.013724989257752895,0.13397356867790222,74330.95348837209
31225,5.0,,,,,,,74353.27906976744
31226,,8.0,,,,,,74356.06976744186
31235,5.0,,,,,,,74381.18604651163
31236,,8.0,,,,,,74383.97674418605
31243,5.0,,,,,,,74403.51162790698
31244,,8.0,,,,,,74406.30232558139
31253,5.0,,,,,,,74431.41860465116
31254,,8.0,,,,,,74434.20930232559
31262,,,0.6224026679992676,0.6734032034873962,0.012270898558199406,0.023968640714883804,0.0548238530755043,74448.53846153847
31277,5.0,,,,,,,74483.15384615384
31278,,8.0,,,,,,74485.46153846153
31288,5.0,,,,,,,74508.53846153847
31289,,8.0,,,,,,74510.84615384616
31299,5.0,,,,,,,74533.92307692308
31300,,8.0,,,,,,74536.23076923077
31307,5.0,,,,,,,74552.38461538461
31308,,8.0,,,,,,74554.69230769231
31314,,,0.5806072950363159,0.6827281713485718,-0.0028832813259214163,0.0274486243724823,0.1674666553735733,74565.0
31323,5.0,,,,,,,74589.0
31324,,8.0,,,,,,74591.66666666667
31334,5.0,,,,,,,74618.33333333333
31335,,8.0,,,,,,74621.0
31343,5.0,,,,,,,74642.33333333333
31344,,8.0,,,,,,74645.0
31354,5.0,,,,,,,74671.66666666667
31355,,8.0,,,,,,74674.33333333333
31362,,,0.6287841796875,0.7180813550949097,0.007699641399085522,0.02065679430961609,0.05201472342014313,74686.6
31374,5.0,,,,,,,74715.4
31375,,8.0,,,,,,74717.8
31382,5.0,,,,,,,74734.6
31383,,8.0,,,,,,74737.0
31394,5.0,,,,,,,74763.4
31395,,8.0,,,,,,74765.8
31406,5.0,,,,,,,74792.2
31407,,8.0,,,,,,74794.6
31411,,,0.5743573307991028,0.6499334573745728,0.014239335432648659,0.03652244433760643,0.1664726734161377,74799.66666666667
31415,,,0.615493655204773,0.7245977520942688,0.0033064731396734715,0.024401023983955383,0.10482357442378998,74810.33333333333
31425,5.0,,,,,,,74837.0
31426,,8.0,,,,,,74839.66666666667
31433,5.0,,,,,,,74858.33333333333
31434,,8.0,,,,,,74861.0
31441,5.0,,,,,,,74879.66666666667
31442,,8.0,,,,,,74882.33333333333
31453,5.0,,,,,,,74911.66666666667
31454,,8.0,,,,,,74914.33333333333
31463,,,0.5788678526878357,0.664444625377655,0.01705215312540531,0.04767323285341263,0.20470808446407318,74931.11764705883
31471,5.0,,,,,,,74949.94117647059
31472,,8.0,,,,,,74952.29411764706
31482,5.0,,,,,,,74975.82352941176
31483,,8.0,,,,,,74978.17647058824
31495,5.0,,,,,,,75006.41176470589
31496,,8.0,,,,,,75008.76470588235
31506,5.0,,,,,,,75032.29411764706
31507,,8.0,,,,,,75034.64705882352
31515,,,0.5909947156906128,0.6849274039268494,-0.0007060537463985384,0.011727930046617985,0.04672093316912651,75051.63414634146
31524,5.0,,,,,,,75077.9756097561
31525,,8.0,,,,,,75080.90243902439
31531,5.0,,,,,,,75098.46341463414
31532,,8.0,,,,,,75101.39024390244
31540,5.0,,,,,,,75124.80487804877
31541,,8.0,,,,,,75127.73170731707
31549,5.0,,,,,,,75151.14634146342
31550,,8.0,,,,,,75154.0731707317
31555,,,0.6112599968910217,0.7243843674659729,0.008728276006877422,0.02024625614285469,0.14572598040103912,75162.0
31569,5.0,,,,,,,75197.0
31570,,8.0,,,,,,75199.5
31581,5.0,,,,,,,75227.0
31582,,8.0,,,,,,75229.5
31591,5.0,,,,,,,75252.0
31592,,8.0,,,,,,75254.5
31599,5.0,,,,,,,75272.0
31600,,8.0,,,,,,75274.5
31605,,,0.607525646686554,0.7321865558624268,-0.003008439904078841,0.014900879934430122,0.12821106612682343,75282.58139534884
31615,5.0,,,,,,,75310.48837209302
31616,,8.0,,,,,,75313.27906976744
31626,5.0,,,,,,,75341.18604651163
31627,,8.0,,,,,,75343.97674418605
31635,5.0,,,,,,,75366.30232558139
31636,,8.0,,,,,,75369.09302325582
31644,5.0,,,,,,,75391.41860465116
31645,,8.0,,,,,,75394.20930232559
31649,,,0.5633652806282043,0.6740108728408813,0.008094771765172482,0.020776093006134033,0.22195835411548615,75399.44897959183
31653,,,0.5824899077415466,0.7065684795379639,0.02271071821451187,0.046920206397771835,0.46059995889663696,75409.24489795919
31661,5.0,,,,,,,75428.83673469388
31662,,8.0,,,,,,75431.28571428571
31673,5.0,,,,,,,75458.22448979592
31674,,8.0,,,,,,75460.67346938775
31684,5.0,,,,,,,75485.16326530612
31685,,8.0,,,,,,75487.61224489796
31695,5.0,,,,,,,75512.10204081633
31696,,8.0,,,,,,75514.55102040817
31701,,,0.6592133641242981,0.7099381685256958,0.00250995927490294,0.016051577404141426,0.27778616547584534,75522.45454545454
31711,5.0,,,,,,,75549.72727272728
31712,,8.0,,,,,,75552.45454545454
31719,5.0,,,,,,,75571.54545454546
31720,,8.0,,,,,,75574.27272727272
31732,5.0,,,,,,,75607.0
31733,,8.0,,,,,,75609.72727272728
31741,5.0,,,,,,,75631.54545454546
31742,,8.0,,,,,,75634.27272727272
31747,,,0.6066592931747437,0.6771663427352905,0.005398913286626339,0.03439731523394585,0.4715130627155304,75643.15384615384
31756,5.0,,,,,,,75670.84615384616
31757,,8.0,,,,,,75673.92307692308
31762,5.0,,,,,,,75689.30769230769
31763,,8.0,,,,,,75692.38461538461
31771,5.0,,,,,,,75717.0
31772,,8.0,,,,,,75720.07692307692
31782,5.0,,,,,,,75750.84615384616
31783,,8.0,,,,,,75753.92307692308
31788,,,0.581899881362915,0.6740331649780273,0.008944270201027393,0.02979779802262783,0.5245272517204285,75762.33333333333
31798,5.0,,,,,,,75789.0
31799,,8.0,,,,,,75791.66666666667
31808,5.0,,,,,,,75815.66666666667
31809,,8.0,,,,,,75818.33333333333
31817,5.0,,,,,,,75839.66666666667
31818,,8.0,,,,,,75842.33333333333
31829,5.0,,,,,,,75871.66666666667
31830,,8.0,,,,,,75874.33333333333
31834,,,0.6631561517715454,0.7397028803825378,0.011187458410859108,0.036663733422756195,0.5976336002349854,75879.79069767441
31844,5.0,,,,,,,75907.69767441861
31845,,8.0,,,,,,75910.48837209302
31855,5.0,,,,,,,75938.3953488372
31856,,8.0,,,,,,75941.18604651163
31868,5.0,,,,,,,75974.67441860466
31869,,8.0,,,,,,75977.46511627907
31874,5.0,,,,,,,75991.41860465116
31875,,8.0,,,,,,75994.20930232559
31879,,,0.5748744606971741,0.6375228762626648,0.008772029541432858,0.03173258155584335,0.4218282401561737,75998.96721311475
31886,,,0.5869112014770508,0.6953347325325012,0.00015730527229607105,0.033300288021564484,0.4424920678138733,76012.73770491804
31902,5.0,,,,,,,76044.2131147541
31903,,8.0,,,,,,76046.18032786885
31916,5.0,,,,,,,76071.75409836066
31917,,8.0,,,,,,76073.72131147541
31927,5.0,,,,,,,76093.39344262295
31928,,8.0,,,,,,76095.3606557377
31937,5.0,,,,,,,76113.0655737705
31938,,8.0,,,,,,76115.03278688525
31945,,,0.5848885774612427,0.6968209743499756,0.009410773403942585,0.02314797043800354,0.38972410559654236,76129.0
31952,5.0,,,,,,,76150.0
31953,,8.0,,,,,,76153.0
31962,5.0,,,,,,,76180.0
31963,,8.0,,,,,,76183.0
31973,5.0,,,,,,,76213.0
31974,,8.0,,,,,,76216.0
31979,5.0,,,,,,,76231.0
31980,,8.0,,,,,,76234.0
31987,,,0.5989020466804504,0.6578401327133179,0.006971192546188831,0.022512856870889664,0.2395988404750824,76247.43478260869
31997,5.0,,,,,,,76273.52173913043
31998,,8.0,,,,,,76276.13043478261
32008,5.0,,,,,,,76302.21739130435
32009,,8.0,,,,,,76304.82608695653
32017,5.0,,,,,,,76325.69565217392
32018,,8.0,,,,,,76328.30434782608
32027,5.0,,,,,,,76351.78260869565
32028,,8.0,,,,,,76354.39130434782
32036,,,0.6059515476226807,0.7218387722969055,0.004370522685348988,0.01522399764508009,0.07725579291582108,76367.71428571429
32048,5.0,,,,,,,76393.42857142857
32049,,8.0,,,,,,76395.57142857143
32061,5.0,,,,,,,76421.28571428571
32062,,8.0,,,,,,76423.42857142857
32071,5.0,,,,,,,76442.71428571429
32072,,8.0,,,,,,76444.85714285714
32085,5.0,,,,,,,76472.71428571429
32086,,8.0,,,,,,76474.85714285714
32090,,,0.5692146420478821,0.641862154006958,0.004048182163387537,0.011281273327767849,0.05095553770661354,76480.42857142857
32099,5.0,,,,,,,76511.28571428571
32100,,8.0,,,,,,76514.71428571429
32106,5.0,,,,,,,76535.28571428571
32107,,8.0,,,,,,76538.71428571429
32115,5.0,,,,,,,76566.14285714286
32116,,8.0,,,,,,76569.57142857143
32122,5.0,,,,,,,76590.14285714286
32123,,8.0,,,,,,76593.57142857143
32127,,,0.5667304396629333,0.6255670785903931,0.011319643817842007,0.026544949039816856,0.19788354635238647,76600.15789473684
32129,,,0.605462372303009,0.690328061580658,0.0040597389452159405,0.02142786607146263,0.225195050239563,76606.47368421052
32136,5.0,,,,,,,76628.57894736843
32137,,8.0,,,,,,76631.73684210527
32146,5.0,,,,,,,76660.15789473684
32147,,8.0,,,,,,76663.31578947368
32154,5.0,,,,,,,76685.42105263157
32155,,8.0,,,,,,76688.57894736843
32162,5.0,,,,,,,76710.68421052632
32163,,8.0,,,,,,76713.84210526316
32171,,,0.5427259802818298,0.6445450782775879,0.0008229779195971787,0.007047648541629314,0.07171238958835602,76731.63414634146
32178,5.0,,,,,,,76752.12195121951
32179,,8.0,,,,,,76755.0487804878
32184,5.0,,,,,,,76769.68292682926
32185,,8.0,,,,,,76772.60975609756
32195,5.0,,,,,,,76801.87804878049
32196,,8.0,,,,,,76804.80487804877
32205,5.0,,,,,,,76831.14634146342
32206,,8.0,,,,,,76834.0731707317
32211,,,0.5638943314552307,0.6725121140480042,0.0005418416112661362,0.004875466227531433,-0.040102969855070114,76842.71428571429
32221,5.0,,,,,,,76871.28571428571
32222,,8.0,,,,,,76874.14285714286
32229,5.0,,,,,,,76894.14285714286
32230,,8.0,,,,,,76897.0
32240,5.0,,,,,,,76925.57142857143
32241,,8.0,,,,,,76928.42857142857
32249,5.0,,,,,,,76951.28571428571
32250,,8.0,,,,,,76954.14285714286
32256,,,0.5601316094398499,0.6115643978118896,0.00706160394474864,0.02385740354657173,0.018769940361380577,76964.3469387755
32268,5.0,,,,,,,76993.73469387754
32269,,8.0,,,,,,76996.1836734694
32279,5.0,,,,,,,77020.67346938775
32280,,8.0,,,,,,77023.12244897959
32293,5.0,,,,,,,77054.95918367348
32294,,8.0,,,,,,77057.40816326531
32300,5.0,,,,,,,77072.10204081633
32301,,8.0,,,,,,77074.55102040817
32307,,,0.6201746463775635,0.7077632546424866,0.014006962068378925,0.027432888746261597,0.18696185946464539,77084.05882352941
32324,5.0,,,,,,,77124.05882352941
32325,,8.0,,,,,,77126.41176470589
32332,5.0,,,,,,,77142.88235294117
32333,,8.0,,,,,,77145.23529411765
32342,5.0,,,,,,,77166.41176470589
32343,,8.0,,,,,,77168.76470588235
32353,5.0,,,,,,,77192.29411764706
32354,,8.0,,,,,,77194.64705882352
32358,,,0.5654870867729187,0.628407895565033,0.0001694796810625121,0.02147814817726612,0.06023203581571579,77199.2641509434
32361,,,0.5884090065956116,0.6707868576049805,0.002030113246291876,0.03247864544391632,0.1060509905219078,77206.05660377358
32370,5.0,,,,,,,77226.43396226416
32371,,8.0,,,,,,77228.69811320755
32380,5.0,,,,,,,77249.07547169812
32381,,8.0,,,,,,77251.3396226415
32393,5.0,,,,,,,77278.50943396226
32394,,8.0,,,,,,77280.77358490566
32408,5.0,,,,,,,77312.47169811321
32409,,8.0,,,,,,77314.7358490566
32416,,,0.5749949216842651,0.6468341946601868,0.0013975313631817698,0.02257527969777584,0.3133462965488434,77328.70731707317
32422,5.0,,,,,,,77346.26829268293
32423,,8.0,,,,,,77349.19512195123
32431,5.0,,,,,,,77372.60975609756
32432,,8.0,,,,,,77375.53658536586
32442,5.0,,,,,,,77404.80487804877
32443,,8.0,,,,,,77407.73170731707
32451,5.0,,,,,,,77431.14634146342
32452,,8.0,,,,,,77434.0731707317
32457,,,0.6607367992401123,0.7568814754486084,0.004861683584749699,0.011037438176572323,0.07676590979099274,77443.15384615384
32463,5.0,,,,,,,77461.61538461539
32464,,8.0,,,,,,77464.69230769231
32473,5.0,,,,,,,77492.38461538461
32474,,8.0,,,,,,77495.46153846153
32480,5.0,,,,,,,77513.92307692308
32481,,8.0,,,,,,77517.0
32492,5.0,,,,,,,77550.84615384616
32493,,8.0,,,,,,77553.92307692308
32498,,,0.6428883671760559,0.7167569994926453,0.008878271095454693,0.021244069561362267,0.027874115854501724,77561.89795918367
32507,5.0,,,,,,,77583.9387755102
32508,,8.0,,,,,,77586.38775510204
32522,5.0,,,,,,,77620.67346938775
32523,,8.0,,,,,,77623.12244897959
32534,5.0,,,,,,,77650.0612244898
32535,,8.0,,,,,,77652.51020408163
32543,5.0,,,,,,,77672.10204081633
32544,,8.0,,,,,,77674.55102040817
32549,,,0.6167762279510498,0.6952183842658997,0.01364640612155199,0.02479667030274868,0.1560613363981247,77682.45454545454
32562,5.0,,,,,,,77717.90909090909
32563,,8.0,,,,,,77720.63636363637
32570,5.0,,,,,,,77739.72727272728
32571,,8.0,,,,,,77742.45454545454
32580,5.0,,,,,,,77767.0
32581,,8.0,,,,,,77769.72727272728
32589,5.0,,,,,,,77791.54545454546
32590,,8.0,,,,,,77794.27272727272
32594,,,0.6015762090682983,0.6638777852058411,0.003338806563988328,0.009739733301103115,0.09094846248626709,77799.72727272728
32596,,,0.6135283708572388,0.7437567114830017,0.004495175555348396,0.012173670344054699,0.10646353662014008,77805.18181818182
32603,5.0,,,,,,,77824.27272727272
32604,,8.0,,,,,,77827.0
32614,5.0,,,,,,,77854.27272727272
32615,,8.0,,,,,,77857.0
32626,5.0,,,,,,,77887.0
32627,,8.0,,,,,,77889.72727272728
32635,5.0,,,,,,,77911.54545454546
32636,,8.0,,,,,,77914.27272727272
32646,,,0.5997800230979919,0.7210896015167236,0.005511165130883455,0.03321099653840065,0.28019630908966064,77935.26086956522
32653,5.0,,,,,,,77953.52173913043
32654,,8.0,,,,,,77956.13043478261
32663,5.0,,,,,,,77979.60869565218
32664,,8.0,,,,,,77982.21739130435
32670,5.0,,,,,,,77997.86956521739
32671,,8.0,,,,,,78000.47826086957
32683,5.0,,,,,,,78031.78260869565
32684,,8.0,,,,,,78034.39130434782
32690,,,0.5240733623504639,0.615557849407196,-0.0015058328863233328,0.006901564076542854,0.0251158457249403,78044.65957446808
32701,5.0,,,,,,,78072.74468085106
32702,,8.0,,,,,,78075.29787234042
32711,5.0,,,,,,,78098.27659574468
32712,,8.0,,,,,,78100.82978723405
32721,5.0,,,,,,,78123.8085106383
32722,,8.0,,,,,,78126.36170212766
32732,5.0,,,,,,,78151.89361702128
32733,,8.0,,,,,,78154.44680851063
32741,,,0.537194013595581,0.5896885991096497,0.005269160028547049,0.014687753282487392,0.15191929042339325,78167.52631578948
32753,5.0,,,,,,,78192.78947368421
32754,,8.0,,,,,,78194.8947368421
32763,5.0,,,,,,,78213.84210526316
32764,,8.0,,,,,,78215.94736842105
32774,5.0,,,,,,,78237.0
32775,,8.0,,,,,,78239.1052631579
32791,5.0,,,,,,,78272.78947368421
32792,,8.0,,,,,,78274.8947368421
32797,,,0.563934326171875,0.6841707229614258,0.01426509115844965,0.03254038840532303,0.26239675283432007,78282.10638297872
32804,5.0,,,,,,,78299.97872340426
32805,,8.0,,,,,,78302.53191489361
32815,5.0,,,,,,,78328.06382978724
32816,,8.0,,,,,,78330.6170212766
32826,5.0,,,,,,,78356.14893617021
32827,,8.0,,,,,,78358.70212765958
32840,5.0,,,,,,,78391.89361702128
32841,,8.0,,,,,,78394.44680851063
32846,,,0.6054909229278564,0.7038313746452332,0.004127378575503826,0.013781804591417313,0.23751026391983032,78402.45454545454
32849,,,0.5555018186569214,0.7008370161056519,0.001130772870965302,0.013752354308962822,0.23479574918746948,78410.63636363637
32857,5.0,,,,,,,78432.45454545454
32858,,8.0,,,,,,78435.18181818182
32867,5.0,,,,,,,78459.72727272728
32868,,8.0,,,,,,78462.45454545454
32876,5.0,,,,,,,78484.27272727272
32877,,8.0,,,,,,78487.0
32886,5.0,,,,,,,78511.54545454546
32887,,8.0,,,,,,78514.27272727272
32893,,,0.6117817759513855,0.6883964538574219,0.014154262840747833,0.025624893605709076,0.3242834508419037,78524.3469387755
32904,5.0,,,,,,,78551.28571428571
32905,,8.0,,,,,,78553.73469387754
32919,5.0,,,,,,,78588.02040816327
32920,,8.0,,,,,,78590.4693877551
32929,5.0,,,,,,,78612.51020408163
32930,,8.0,,,,,,78614.95918367348
32937,5.0,,,,,,,78632.10204081633
32938,,8.0,,,,,,78634.55102040817
32944,,,0.5916892290115356,0.677844762802124,0.005028637126088142,0.01744248904287815,0.2614692747592926,78644.05882352941
32951,5.0,,,,,,,78660.5294117647
32952,,8.0,,,,,,78662.88235294117
32961,5.0,,,,,,,78684.05882352941
32962,,8.0,,,,,,78686.41176470589
32980,5.0,,,,,,,78728.76470588235
32981,,8.0,,,,,,78731.11764705883
32990,5.0,,,,,,,78752.29411764706
32991,,8.0,,,,,,78754.64705882352
32996,,,0.5569309592247009,0.6800271272659302,-0.003279272699728608,0.021094990894198418,0.3377586007118225,78762.45454545454
33005,5.0,,,,,,,78787.0
33006,,8.0,,,,,,78789.72727272728
33014,5.0,,,,,,,78811.54545454546
33015,,8.0,,,,,,78814.27272727272
33022,5.0,,,,,,,78833.36363636363
33023,,8.0,,,,,,78836.09090909091
33036,5.0,,,,,,,78871.54545454546
33037,,8.0,,,,,,78874.27272727272
33041,,,0.5577675700187683,0.6418612003326416,0.00258560199290514,0.010808850638568401,0.24542193114757538,78880.5294117647
33047,5.0,,,,,,,78901.70588235294
33048,,8.0,,,,,,78905.23529411765
33054,5.0,,,,,,,78926.41176470589
33055,,8.0,,,,,,78929.94117647059
33062,5.0,,,,,,,78954.64705882352
33063,,8.0,,,,,,78958.17647058824
33072,5.0,,,,,,,78989.94117647059
33073,,8.0,,,,,,78993.4705882353
33079,,,0.5832511782646179,0.6414471864700317,0.005214454140514135,0.012959960848093033,0.21681329607963562,79005.57142857143
33083,,,0.5067657232284546,0.5940636992454529,-0.001081282738596201,0.005408124532550573,0.15564128756523132,79017.0
33089,5.0,,,,,,,79034.14285714286
33090,,8.0,,,,,,79037.0
33101,5.0,,,,,,,79068.42857142857
33102,,8.0,,,,,,79071.28571428571
33111,5.0,,,,,,,79097.0
33112,,8.0,,,,,,79099.85714285714
33116,5.0,,,,,,,79111.28571428571
33117,,8.0,,,,,,79114.14285714286
33124,,,0.521348774433136,0.6244661808013916,0.001578487572260201,0.009655281901359558,-0.21051760017871857,79127.66666666667
33130,5.0,,,,,,,79143.66666666667
33131,,8.0,,,,,,79146.33333333333
33144,5.0,,,,,,,79181.0
33145,,8.0,,,,,,79183.66666666667
33155,5.0,,,,,,,79210.33333333333
33156,,8.0,,,,,,79213.0
33163,5.0,,,,,,,79231.66666666667
33164,,8.0,,,,,,79234.33333333333
33169,,,0.5525619387626648,0.6592214107513428,0.0070801060646772385,0.023776941001415253,-0.009495713748037815,79241.70588235294
33178,5.0,,,,,,,79262.88235294117
33179,,8.0,,,,,,79265.23529411765
33193,5.0,,,,,,,79298.17647058824
33194,,8.0,,,,,,79300.5294117647
33206,5.0,,,,,,,79328.76470588235
33207,,8.0,,,,,,79331.11764705883
33216,5.0,,,,,,,79352.29411764706
33217,,8.0,,,,,,79354.64705882352
33221,,,0.5600378513336182,0.6856080293655396,0.008671143092215061,0.024863557890057564,0.20712047815322876,79360.63636363637
33229,5.0,,,,,,,79389.72727272728
33230,,8.0,,,,,,79393.36363636363
33235,5.0,,,,,,,79411.54545454546
33236,,8.0,,,,,,79415.18181818182
33244,5.0,,,,,,,79444.27272727272
33245,,8.0,,,,,,79447.90909090909
33251,5.0,,,,,,,79469.72727272728
33252,,8.0,,,,,,79473.36363636363
33257,,,0.6269234418869019,0.701232373714447,-0.0029919398948550224,0.014735531061887741,0.11815900355577469,79482.21739130435
33267,5.0,,,,,,,79508.30434782608
33268,,8.0,,,,,,79510.91304347826
33281,5.0,,,,,,,79544.82608695653
33282,,8.0,,,,,,79547.43478260869
33291,5.0,,,,,,,79570.91304347826
33292,,8.0,,,,,,79573.52173913043
33299,5.0,,,,,,,79591.78260869565
33300,,8.0,,,,,,79594.39130434782
33305,,,0.6942129135131836,0.7658424973487854,-0.008325978182256222,0.012166526168584824,0.16964441537857056,79601.8
33309,,,0.6858014464378357,0.7995519042015076,0.008516906760632992,0.027918148785829544,0.25804099440574646,79611.4
33322,5.0,,,,,,,79642.6
33323,,8.0,,,,,,79645.0
33332,5.0,,,,,,,79666.6
33333,,8.0,,,,,,79669.0
33341,5.0,,,,,,,79688.2
33342,,8.0,,,,,,79690.6
33351,5.0,,,,,,,79712.2
33352,,8.0,,,,,,79714.6
33357,,,0.591506838798523,0.7015939950942993,0.006213138811290264,0.040289588272571564,0.10923458635807037,79722.58139534884
33366,5.0,,,,,,,79747.69767441861
33367,,8.0,,,,,,79750.48837209302
33376,5.0,,,,,,,79775.6046511628
33377,,8.0,,,,,,79778.3953488372
33385,5.0,,,,,,,79800.72093023256
33386,,8.0,,,,,,79803.51162790698
33396,5.0,,,,,,,79831.41860465116
33397,,8.0,,,,,,79834.20930232559
33403,,,0.6147996783256531,0.70849609375,0.006708317436277866,0.022199828177690506,0.011398364789783955,79843.7924528302
33416,5.0,,,,,,,79873.22641509434
33417,,8.0,,,,,,79875.49056603774
33426,5.0,,,,,,,79895.8679245283
33427,,8.0,,,,,,79898.1320754717
33441,5.0,,,,,,,79929.83018867925
33442,,8.0,,,,,,79932.09433962264
33451,5.0,,,,,,,79952.47169811321
33452,,8.0,,,,,,79954.7358490566
33457,,,0.6260961890220642,0.7140549421310425,0.01560809463262558,0.03159624710679054,0.1301203817129135,79961.36363636363
33468,5.0,,,,,,,79985.36363636363
33469,,8.0,,,,,,79987.54545454546
33484,5.0,,,,,,,80020.27272727272
33485,,8.0,,,,,,80022.45454545454
33497,5.0,,,,,,,80048.63636363637
33498,,8.0,,,,,,80050.81818181818
33508,5.0,,,,,,,80072.63636363637
33509,,8.0,,,,,,80074.81818181818
33514,,,0.6385529637336731,0.7176638841629028,0.006960727274417877,0.03707641363143921,0.15953680872917175,80082.71428571429
33525,5.0,,,,,,,80114.14285714286
33526,,8.0,,,,,,80117.0
33535,5.0,,,,,,,80142.71428571429
33536,,8.0,,,,,,80145.57142857143
33541,5.0,,,,,,,80159.85714285714
33542,,8.0,,,,,,80162.71428571429
33552,5.0,,,,,,,80191.28571428571
33553,,8.0,,,,,,80194.14285714286
33557,,,0.5775430798530579,0.6445446610450745,0.004565892741084099,0.022408775985240936,0.2864629626274109,80199.22222222222
33562,,,0.5586498379707336,0.6755087375640869,-0.0008945190929807723,0.019640350714325905,0.2127993255853653,80210.33333333333
33574,5.0,,,,,,,80237.0
33575,,8.0,,,,,,80239.22222222222
33585,5.0,,,,,,,80261.44444444444
33586,,8.0,,,,,,80263.66666666667
33595,5.0,,,,,,,80283.66666666667
33596,,8.0,,,,,,80285.88888888889
33608,5.0,,,,,,,80312.55555555556
33609,,8.0,,,,,,80314.77777777778
33615,,,0.5956395268440247,0.6688802242279053,0.001761930645443499,0.019204765558242798,0.09352096915245056,80324.82608695653
33622,5.0,,,,,,,80343.08695652174
33623,,8.0,,,,,,80345.69565217392
33633,5.0,,,,,,,80371.78260869565
33634,,8.0,,,,,,80374.39130434782
33645,5.0,,,,,,,80403.08695652174
33646,,8.0,,,,,,80405.69565217392
33656,5.0,,,,,,,80431.78260869565
33657,,8.0,,,,,,80434.39130434782
33661,,,0.5867545008659363,0.6922382116317749,0.006693921517580748,0.013573787175118923,-0.3716799020767212,80439.60869565218
33673,5.0,,,,,,,80470.91304347826
33674,,8.0,,,,,,80473.52173913043
33685,5.0,,,,,,,80502.21739130435
33686,,8.0,,,,,,80504.82608695653
33695,5.0,,,,,,,80528.30434782608
33696,,8.0,,,,,,80530.91304347826
33704,5.0,,,,,,,80551.78260869565
33705,,8.0,,,,,,80554.39130434782
33712,,,0.6069314479827881,0.6735391616821289,-0.0024992618709802628,0.016090767458081245,-0.17839089035987854,80566.23076923077
33727,5.0,,,,,,,80600.84615384616
33728,,8.0,,,,,,80603.15384615384
33737,5.0,,,,,,,80623.92307692308
33738,,8.0,,,,,,80626.23076923077
33747,5.0,,,,,,,80647.0
33748,,8.0,,,,,,80649.30769230769
33758,5.0,,,,,,,80672.38461538461
33759,,8.0,,,,,,80674.69230769231
33763,,,0.5963245630264282,0.6662631034851074,0.0011901301331818104,0.021310394629836082,-0.21467913687229156,80679.66666666667
33774,5.0,,,,,,,80709.0
33775,,8.0,,,,,,80711.66666666667
33782,5.0,,,,,,,80730.33333333333
33783,,8.0,,,,,,80733.0
33793,5.0,,,,,,,80759.66666666667
33794,,8.0,,,,,,80762.33333333333
33805,5.0,,,,,,,80791.66666666667
33806,,8.0,,,,,,80794.33333333333
33810,,,0.6189512610435486,0.6929335594177246,0.006025852169841528,0.013280187733471394,-0.0898040160536766,80800.33333333333
33814,,,0.6168107390403748,0.6826422810554504,0.0010257408721372485,0.02998373657464981,0.06595084816217422,80813.66666666667
33819,5.0,,,,,,,80830.33333333333
33820,,8.0,,,,,,80833.66666666667
33825,5.0,,,,,,,80850.33333333333
33826,,8.0,,,,,,80853.66666666667
33835,5.0,,,,,,,80883.66666666667
33836,,8.0,,,,,,80887.0
33843,5.0,,,,,,,80910.33333333333
33844,,8.0,,,,,,80913.66666666667
33851,,,0.5730797648429871,0.6443336606025696,-0.003773351898416877,0.01825561374425888,-0.14209061861038208,80927.90909090909
33859,5.0,,,,,,,80949.72727272728
33860,,8.0,,,,,,80952.45454545454
33872,5.0,,,,,,,80985.18181818182
33873,,8.0,,,,,,80987.90909090909
33882,5.0,,,,,,,81012.45454545454
33883,,8.0,,,,,,81015.18181818182
33889,5.0,,,,,,,81031.54545454546
33890,,8.0,,,,,,81034.27272727272
33896,,,0.56980961561203,0.6602947115898132,0.02203909493982792,0.04848497360944748,0.20582711696624756,81044.3469387755
33910,5.0,,,,,,,81078.63265306123
33911,,8.0,,,,,,81081.08163265306
33917,5.0,,,,,,,81095.77551020408
33918,,8.0,,,,,,81098.22448979592
33932,5.0,,,,,,,81132.51020408163
33933,,8.0,,,,,,81134.95918367348
33940,5.0,,,,,,,81152.10204081633
33941,,8.0,,,,,,81154.55102040817
33946,,,0.6091814637184143,0.7128996253013611,0.0012728242436423898,0.012790865264832973,-0.11631077527999878,81162.58139534884
33957,5.0,,,,,,,81193.27906976744
33958,,8.0,,,,,,81196.06976744186
33967,5.0,,,,,,,81221.18604651163
33968,,8.0,,,,,,81223.97674418605
33978,5.0,,,,,,,81251.88372093023
33979,,8.0,,,,,,81254.67441860466
33985,5.0,,,,,,,81271.41860465116
33986,,8.0,,,,,,81274.20930232559
33990,,,0.5339676737785339,0.6491073369979858,0.003585351863875985,0.027601109817624092,0.16254110634326935,81279.72727272728
33998,5.0,,,,,,,81301.54545454546
33999,,8.0,,,,,,81304.27272727272
34010,5.0,,,,,,,81334.27272727272
34011,,8.0,,,,,,81337.0
34022,5.0,,,,,,,81367.0
34023,,8.0,,,,,,81369.72727272728
34031,5.0,,,,,,,81391.54545454546
34032,,8.0,,,,,,81394.27272727272
34036,,,0.5899080038070679,0.6741352677345276,0.00790786650031805,0.022646460682153702,-0.027842940762639046,81399.72727272728
34037,,,0.5934251546859741,0.7063528895378113,0.007053629495203495,0.014107228256762028,-0.04186407849192619,81402.45454545454
34048,5.0,,,,,,,81432.45454545454
34049,,8.0,,,,,,81435.18181818182
34059,5.0,,,,,,,81462.45454545454
34060,,8.0,,,,,,81465.18181818182
34071,5.0,,,,,,,81495.18181818182
34072,,8.0,,,,,,81497.90909090909
34077,5.0,,,,,,,81511.54545454546
34078,,8.0,,,,,,81514.27272727272
34083,,,0.5889981985092163,0.6460954546928406,0.0038224183954298496,0.015222851186990738,-0.06250116974115372,81521.89795918367
34094,5.0,,,,,,,81548.83673469388
34095,,8.0,,,,,,81551.28571428571
34104,5.0,,,,,,,81573.32653061225
34105,,8.0,,,,,,81575.77551020408
34114,5.0,,,,,,,81597.8163265306
34115,,8.0,,,,,,81600.26530612246
34128,5.0,,,,,,,81632.10204081633
34129,,8.0,,,,,,81634.55102040817
34133,,,0.6030701398849487,0.7022818326950073,-0.0035739925224334,0.01285602618008852,-0.012909388169646263,81639.55319148937
34145,5.0,,,,,,,81670.1914893617
34146,,8.0,,,,,,81672.74468085106
34156,5.0,,,,,,,81698.27659574468
34157,,8.0,,,,,,81700.82978723405
34166,5.0,,,,,,,81723.8085106383
34167,,8.0,,,,,,81726.36170212766
34177,5.0,,,,,,,81751.89361702128
34178,,8.0,,,,,,81754.44680851063
34185,,,0.602841854095459,0.6816069483757019,0.004581251181662083,0.02920328453183174,0.2250150889158249,81766.23076923077
34199,5.0,,,,,,,81798.53846153847
34200,,8.0,,,,,,81800.84615384616
34208,5.0,,,,,,,81819.30769230769
34209,,8.0,,,,,,81821.61538461539
34222,5.0,,,,,,,81851.61538461539
34223,,8.0,,,,,,81853.92307692308
34231,5.0,,,,,,,81872.38461538461
34232,,8.0,,,,,,81874.69230769231
34238,,,0.6424500942230225,0.7340266108512878,0.012302570976316929,0.027270246297121048,0.21503287553787231,81884.2
34253,5.0,,,,,,,81920.2
34254,,8.0,,,,,,81922.6
34263,5.0,,,,,,,81944.2
34264,,8.0,,,,,,81946.6
34273,5.0,,,,,,,81968.2
34274,,8.0,,,,,,81970.6
34283,5.0,,,,,,,81992.2
34284,,8.0,,,,,,81994.6
34289,,,0.5775330066680908,0.6074625849723816,0.009358862414956093,0.03175866976380348,0.1577286422252655,82002.10638297872
34291,,,0.5790489315986633,0.704775869846344,0.004094123840332031,0.016806859523057938,0.07701697945594788,82007.21276595745
34299,5.0,,,,,,,82027.63829787234
34300,,8.0,,,,,,82030.1914893617
34312,5.0,,,,,,,82060.82978723405
34313,,8.0,,,,,,82063.3829787234
34324,5.0,,,,,,,82091.46808510639
34325,,8.0,,,,,,82094.02127659574
34332,5.0,,,,,,,82111.89361702128
34333,,8.0,,,,,,82114.44680851063
34340,,,0.6050469279289246,0.7187144756317139,0.00554171996191144,0.019918430596590042,0.19408056139945984,82127.0
34353,5.0,,,,,,,82159.5
34354,,8.0,,,,,,82162.0
34362,5.0,,,,,,,82182.0
34363,,8.0,,,,,,82184.5
34371,5.0,,,,,,,82204.5
34372,,8.0,,,,,,82207.0
34382,5.0,,,,,,,82232.0
34383,,8.0,,,,,,82234.5
34391,,,0.5758318901062012,0.6440929770469666,0.008779327385127544,0.021130114793777466,0.06990263611078262,82248.11111111111
34405,5.0,,,,,,,82279.22222222222
34406,,8.0,,,,,,82281.44444444444
34414,5.0,,,,,,,82299.22222222222
34415,,8.0,,,,,,82301.44444444444
34423,5.0,,,,,,,82319.22222222222
34424,,8.0,,,,,,82321.44444444444
34438,5.0,,,,,,,82352.55555555556
34439,,8.0,,,,,,82354.77777777778
34443,,,0.5348913073539734,0.6350110173225403,0.0021943198516964912,0.018072308972477913,0.09484739601612091,82359.85714285714
34457,5.0,,,,,,,82399.85714285714
34458,,8.0,,,,,,82402.71428571429
34464,5.0,,,,,,,82419.85714285714
34465,,8.0,,,,,,82422.71428571429
34474,5.0,,,,,,,82448.42857142857
34475,,8.0,,,,,,82451.28571428571
34482,5.0,,,,,,,82471.28571428571
34483,,8.0,,,,,,82474.14285714286
34489,,,0.5713880062103271,0.6945449709892273,-7.444719813065603e-05,0.02217465080320835,0.11004547029733658,82486.0
34501,5.0,,,,,,,82522.0
34502,,8.0,,,,,,82525.0
34507,5.0,,,,,,,82540.0
34508,,8.0,,,,,,82543.0
34514,5.0,,,,,,,82561.0
34515,,8.0,,,,,,82564.0
34524,5.0,,,,,,,82591.0
34525,,8.0,,,,,,82594.0
34529,,,0.5725489854812622,0.6668484210968018,0.004607813898473978,0.012930963188409805,-0.12267491966485977,82599.66666666667
34533,,,0.6195488572120667,0.6790066361427307,0.004210997372865677,0.014216710813343525,-0.09559884667396545,82610.33333333333
34543,5.0,,,,,,,82637.0
34544,,8.0,,,,,,82639.66666666667
34553,5.0,,,,,,,82663.66666666667
34554,,8.0,,,,,,82666.33333333333
34563,5.0,,,,,,,82690.33333333333
34564,,8.0,,,,,,82693.0
34571,5.0,,,,,,,82711.66666666667
34572,,8.0,,,,,,82714.33333333333
34581,,,0.5822843909263611,0.6286306381225586,0.002933309180662036,0.01117341872304678,-0.22384341061115265,82730.58490566038
34592,5.0,,,,,,,82755.49056603774
34593,,8.0,,,,,,82757.75471698113
34604,5.0,,,,,,,82782.6603773585
34605,,8.0,,,,,,82784.92452830188
34613,5.0,,,,,,,82803.03773584905
34614,,8.0,,,,,,82805.30188679245
34626,5.0,,,,,,,82832.47169811321
34627,,8.0,,,,,,82834.7358490566
34633,,,0.6462628245353699,0.7189047336578369,0.011066836304962635,0.03120260499417782,0.16235287487506866,82839.82352941176
34643,5.0,,,,,,,82849.23529411765
34644,,8.0,,,,,,82850.17647058824
34653,5.0,,,,,,,82858.64705882352
34654,,8.0,,,,,,82859.58823529411
34664,5.0,,,,,,,82869.0
34665,,8.0,,,,,,82869.94117647059
34679,5.0,,,,,,,82883.11764705883
34680,,8.0,,,,,,82884.05882352941
34685,,,0.5697062015533447,0.6840054988861084,0.0029902649112045765,0.021260883659124374,0.061977170407772064,82890.21739130435
34694,5.0,,,,,,,82913.69565217392
34695,,8.0,,,,,,82916.30434782608
34703,5.0,,,,,,,82937.17391304347
34704,,8.0,,,,,,82939.78260869565
34714,5.0,,,,,,,82965.86956521739
34715,,8.0,,,,,,82968.47826086957
34727,5.0,,,,,,,82999.78260869565
34728,,8.0,,,,,,83002.39130434782
34733,,,0.6223962306976318,0.6631937026977539,0.009293383918702602,0.02389785647392273,0.10516161471605301,83010.10638297872
34743,5.0,,,,,,,83035.63829787234
34744,,8.0,,,,,,83038.1914893617
34757,5.0,,,,,,,83071.3829787234
34758,,8.0,,,,,,83073.93617021276
34764,5.0,,,,,,,83089.25531914894
34765,,8.0,,,,,,83091.8085106383
34776,5.0,,,,,,,83119.89361702128
34777,,8.0,,,,,,83122.44680851063
34781,,,0.5753278136253357,0.6206368803977966,0.00568893039599061,0.03029201179742813,0.5234590172767639,83127.2641509434
34784,,,0.6282302737236023,0.7380294799804688,0.004036010708659887,0.023932157084345818,0.40500614047050476,83134.05660377358
34794,5.0,,,,,,,83156.69811320755
34795,,8.0,,,,,,83158.96226415095
34808,5.0,,,,,,,83188.39622641509
34809,,8.0,,,,,,83190.6603773585
34819,5.0,,,,,,,83213.30188679245
34820,,8.0,,,,,,83215.56603773584
34831,5.0,,,,,,,83240.47169811321
34832,,8.0,,,,,,83242.7358490566
34841,,,0.602327287197113,0.6657517552375793,0.0011222329922020435,0.017242470756173134,0.3218792676925659,83259.4
34851,5.0,,,,,,,83283.4
34852,,8.0,,,,,,83285.8
34860,5.0,,,,,,,83305.0
34861,,8.0,,,,,,83307.4
34873,5.0,,,,,,,83336.2
34874,,8.0,,,,,,83338.6
34883,5.0,,,,,,,83360.2
34884,,8.0,,,,,,83362.6
34891,,,0.6185802817344666,0.7035263180732727,-7.815812568878755e-05,0.020452752709388733,0.09539348632097244,83377.0
34898,5.0,,,,,,,83398.0
34899,,8.0,,,,,,83401.0
34908,5.0,,,,,,,83428.0
34909,,8.0,,,,,,83431.0
34915,5.0,,,,,,,83449.0
34916,,8.0,,,,,,83452.0
34925,5.0,,,,,,,83479.0
34926,,8.0,,,,,,83482.0
34931,,,0.6309236884117126,0.706270158290863,6.128814129624516e-05,0.023708658292889595,0.44184383749961853,83491.15384615384
34939,5.0,,,,,,,83515.76923076923
34940,,8.0,,,,,,83518.84615384616
34951,5.0,,,,,,,83552.69230769231
34952,,8.0,,,,,,83555.76923076923
34959,5.0,,,,,,,83577.30769230769
34960,,8.0,,,,,,83580.38461538461
34966,5.0,,,,,,,83598.84615384616
34967,,8.0,,,,,,83601.92307692308
34971,,,0.6027238368988037,0.6849992871284485,0.0076542445458471775,0.026302848011255264,0.08547724783420563,83607.85714285714
34982,5.0,,,,,,,83639.28571428571
34983,,8.0,,,,,,83642.14285714286
34993,5.0,,,,,,,83670.71428571429
34994,,8.0,,,,,,83673.57142857143
35001,5.0,,,,,,,83693.57142857143
35002,,8.0,,,,,,83696.42857142857
35010,5.0,,,,,,,83719.28571428571
35011,,8.0,,,,,,83722.14285714286
35016,,,0.6122562885284424,0.7033606767654419,0.004731899593025446,0.020393121987581253,-0.191856250166893,83730.85365853658
35019,,,0.593194842338562,0.6653733253479004,0.002020731335505843,0.026953477412462234,-0.11021994799375534,83739.63414634146
35030,5.0,,,,,,,83771.82926829268
35031,,8.0,,,,,,83774.75609756098
35038,5.0,,,,,,,83795.24390243902
35039,,8.0,,,,,,83798.17073170732
35045,5.0,,,,,,,83815.73170731707
35046,,8.0,,,,,,83818.65853658537
35053,5.0,,,,,,,83839.14634146342
35054,,8.0,,,,,,83842.0731707317
35061,,,0.5854985117912292,0.6682056784629822,0.006240330636501312,0.02034093625843525,-0.04195220768451691,83855.0
35073,5.0,,,,,,,83885.0
35074,,8.0,,,,,,83887.5
35083,5.0,,,,,,,83910.0
35084,,8.0,,,,,,83912.5
35093,5.0,,,,,,,83935.0
35094,,8.0,,,,,,83937.5
35103,5.0,,,,,,,83960.0
35104,,8.0,,,,,,83962.5
35110,,,0.5540329813957214,0.6478773951530457,0.0015391174238175154,0.016627568751573563,-0.1039453074336052,83973.78048780488
35119,5.0,,,,,,,84000.12195121951
35120,,8.0,,,,,,84003.0487804878
35130,5.0,,,,,,,84032.31707317074
35131,,8.0,,,,,,84035.24390243902
35139,5.0,,,,,,,84058.65853658537
35140,,8.0,,,,,,84061.58536585367
35146,5.0,,,,,,,84079.14634146342
35147,,8.0,,,,,,84082.0731707317
35153,,,0.5817551612854004,0.6664847135543823,0.011209376156330109,0.033088285475969315,0.1456916779279709,84093.18181818182
35160,5.0,,,,,,,84112.27272727272
35161,,8.0,,,,,,84115.0
35172,5.0,,,,,,,84145.0
35173,,8.0,,,,,,84147.72727272728
35181,5.0,,,,,,,84169.54545454546
35182,,8.0,,,,,,84172.27272727272
35192,5.0,,,,,,,84199.54545454546
35193,,8.0,,,,,,84202.27272727272
35198,,,0.6007574200630188,0.6604781150817871,0.013213406316936016,0.043678849935531616,0.19627894461154938,84210.85365853658
35210,5.0,,,,,,,84245.9756097561
35211,,8.0,,,,,,84248.90243902439
35219,5.0,,,,,,,84272.31707317074
35220,,8.0,,,,,,84275.24390243902
35226,5.0,,,,,,,84292.80487804877
35227,,8.0,,,,,,84295.73170731707
35235,5.0,,,,,,,84319.14634146342
35236,,8.0,,,,,,84322.0731707317
35241,,,0.5755165815353394,0.7068222165107727,0.005867873318493366,0.029364151880145073,0.04130494222044945,84330.85365853658
35244,,,0.5978447198867798,0.6488825678825378,0.004206990823149681,0.024272218346595764,0.17954286932945251,84339.63414634146
35251,5.0,,,,,,,84360.12195121951
35252,,8.0,,,,,,84363.0487804878
35259,5.0,,,,,,,84383.53658536586
35260,,8.0,,,,,,84386.46341463414
35268,5.0,,,,,,,84409.87804878049
35269,,8.0,,,,,,84412.80487804877
35278,5.0,,,,,,,84439.14634146342
35279,,8.0,,,,,,84442.0731707317
35286,,,0.5930508971214294,0.692600667476654,0.0025831819511950016,0.025603579357266426,0.16256839036941528,84454.41176470589
35302,5.0,,,,,,,84492.05882352941
35303,,8.0,,,,,,84494.41176470589
35312,5.0,,,,,,,84515.58823529411
35313,,8.0,,,,,,84517.94117647059
35324,5.0,,,,,,,84543.82352941176
35325,,8.0,,,,,,84546.17647058824
35331,5.0,,,,,,,84560.29411764706
35332,,8.0,,,,,,84562.64705882352
35339,,,0.5700077414512634,0.690441370010376,0.011475039646029472,0.029019154608249664,0.3224312961101532,84575.0
35350,5.0,,,,,,,84602.5
35351,,8.0,,,,,,84605.0
35361,5.0,,,,,,,84630.0
35362,,8.0,,,,,,84632.5
35372,5.0,,,,,,,84657.5
35373,,8.0,,,,,,84660.0
35381,5.0,,,,,,,84680.0
35382,,8.0,,,,,,84682.5
35387,,,0.6070808172225952,0.7065458297729492,0.006911849603056908,0.025703631341457367,0.515755832195282,84689.70588235294
35403,5.0,,,,,,,84727.35294117648
35404,,8.0,,,,,,84729.70588235294
35412,5.0,,,,,,,84748.5294117647
35413,,8.0,,,,,,84750.88235294117
35425,5.0,,,,,,,84779.11764705883
35426,,8.0,,,,,,84781.4705882353
35434,5.0,,,,,,,84800.29411764706
35435,,8.0,,,,,,84802.64705882352
35439,,,0.5170971155166626,0.6281285881996155,0.0034017341677099466,0.015877341851592064,0.26327553391456604,84807.55319148937
35452,5.0,,,,,,,84840.74468085106
35453,,8.0,,,,,,84843.29787234042
35465,5.0,,,,,,,84873.93617021276
35466,,8.0,,,,,,84876.48936170213
35474,5.0,,,,,,,84896.91489361702
35475,,8.0,,,,,,84899.46808510639
35483,5.0,,,,,,,84919.89361702128
35484,,8.0,,,,,,84922.44680851063
35488,,,0.5928276181221008,0.6825717687606812,0.004396808799356222,0.02710677683353424,0.3722352683544159,84927.5
35492,,,0.6819140315055847,0.7870152592658997,0.01142201665788889,0.032761603593826294,0.4652751684188843,84937.5
35503,5.0,,,,,,,84965.0
35504,,8.0,,,,,,84967.5
35510,5.0,,,,,,,84982.5
35511,,8.0,,,,,,84985.0
35522,5.0,,,,,,,85012.5
35523,,8.0,,,,,,85015.0
35533,5.0,,,,,,,85040.0
35534,,8.0,,,,,,85042.5
35541,,,0.698654294013977,0.761099100112915,0.0055810981430113316,0.012660307809710503,0.25698330998420715,85054.79591836735
35555,5.0,,,,,,,85089.08163265306
35556,,8.0,,,,,,85091.5306122449
35567,5.0,,,,,,,85118.4693877551
35568,,8.0,,,,,,85120.91836734694
35576,5.0,,,,,,,85140.51020408163
35577,,8.0,,,,,,85142.95918367348
35584,5.0,,,,,,,85160.10204081633
35585,,8.0,,,,,,85162.55102040817
35589,,,0.5365169644355774,0.6303965449333191,0.007643642369657755,0.015960058197379112,0.22712649405002594,85167.79069767441
35600,5.0,,,,,,,85198.48837209302
35601,,8.0,,,,,,85201.27906976744
35611,5.0,,,,,,,85229.18604651163
35612,,8.0,,,,,,85231.97674418605
35619,5.0,,,,,,,85251.51162790698
35620,,8.0,,,,,,85254.30232558139
35629,5.0,,,,,,,85279.41860465116
35630,,8.0,,,,,,85282.20930232559
35638,,,0.6249222755432129,0.6974958181381226,0.00832008384168148,0.01719854027032852,0.2555709779262543,85298.04347826086
35646,5.0,,,,,,,85318.91304347826
35647,,8.0,,,,,,85321.52173913043
35655,5.0,,,,,,,85342.39130434782
35656,,8.0,,,,,,85345.0
35665,5.0,,,,,,,85368.47826086957
35666,,8.0,,,,,,85371.08695652174
35677,5.0,,,,,,,85399.78260869565
35678,,8.0,,,,,,85402.39130434782
35682,,,0.5588177442550659,0.6664828062057495,0.007475883699953556,0.02277281880378723,0.22154195606708527,85407.72727272728
35692,5.0,,,,,,,85435.0
35693,,8.0,,,,,,85437.72727272728
35704,5.0,,,,,,,85467.72727272728
35705,,8.0,,,,,,85470.45454545454
35716,5.0,,,,,,,85500.45454545454
35717,,8.0,,,,,,85503.18181818182
35723,5.0,,,,,,,85519.54545454546
35724,,8.0,,,,,,85522.27272727272
35729,,,0.6651651263237,0.7600164413452148,0.006124658510088921,0.027748825028538704,0.22642216086387634,85530.10638297872
35730,,,0.5826280117034912,0.6660698056221008,0.00011551108764251694,0.008856594562530518,0.13588057458400726,85532.65957446808
35738,5.0,,,,,,,85553.08510638298
35739,,8.0,,,,,,85555.63829787234
35750,5.0,,,,,,,85583.72340425532
35751,,8.0,,,,,,85586.27659574468
35762,5.0,,,,,,,85614.36170212766
35763,,8.0,,,,,,85616.91489361702
35772,5.0,,,,,,,85639.89361702128
35773,,8.0,,,,,,85642.44680851063
35779,,,0.6351362466812134,0.7493906617164612,0.0028230594471096992,0.0120881712064147,0.019493306055665016,85652.65957446808
35786,5.0,,,,,,,85670.53191489361
35787,,8.0,,,,,,85673.08510638298
35799,5.0,,,,,,,85703.72340425532
35800,,8.0,,,,,,85706.27659574468
35811,5.0,,,,,,,85734.36170212766
35812,,8.0,,,,,,85736.91489361702
35821,5.0,,,,,,,85759.89361702128
35822,,8.0,,,,,,85762.44680851063
35829,,,0.6112860441207886,0.7026726603507996,0.006139855366200209,0.030024632811546326,0.4073891341686249,85775.90909090909
35840,5.0,,,,,,,85805.90909090909
35841,,8.0,,,,,,85808.63636363637
35850,5.0,,,,,,,85833.18181818182
35851,,8.0,,,,,,85835.90909090909
35856,5.0,,,,,,,85849.54545454546
35857,,8.0,,,,,,85852.27272727272
35867,5.0,,,,,,,85879.54545454546
35868,,8.0,,,,,,85882.27272727272
35875,,,0.6000655293464661,0.6875277757644653,0.009533857926726341,0.020342987030744553,0.4868828058242798,85894.79591836735
35888,5.0,,,,,,,85926.63265306123
35889,,8.0,,,,,,85929.08163265306
35898,5.0,,,,,,,85951.12244897959
35899,,8.0,,,,,,85953.57142857143
35909,5.0,,,,,,,85978.0612244898
35910,,8.0,,,,,,85980.51020408163
35918,5.0,,,,,,,86000.10204081633
35919,,8.0,,,,,,86002.55102040817
35923,,,0.6025518178939819,0.6634491682052612,0.014709492214024067,0.02940385602414608,0.5025696158409119,86007.66666666667
35933,5.0,,,,,,,86034.33333333333
35934,,8.0,,,,,,86037.0
35944,5.0,,,,,,,86063.66666666667
35945,,8.0,,,,,,86066.33333333333
35953,5.0,,,,,,,86087.66666666667
35954,,8.0,,,,,,86090.33333333333
35965,5.0,,,,,,,86119.66666666667
35966,,8.0,,,,,,86122.33333333333
35972,,,0.6023852229118347,0.647465705871582,0.004249991849064827,0.01364918053150177,0.14391927421092987,86131.54545454546
35975,,,0.6469674110412598,0.7194864749908447,0.004426911007612944,0.009925104677677155,0.10706985741853714,86138.09090909091
35986,5.0,,,,,,,86162.09090909091
35987,,8.0,,,,,,86164.27272727272
35997,5.0,,,,,,,86186.09090909091
35998,,8.0,,,,,,86188.27272727272
36008,5.0,,,,,,,86210.09090909091
36009,,8.0,,,,,,86212.27272727272
36022,5.0,,,,,,,86240.63636363637
36023,,8.0,,,,,,86242.81818181818
36030,,,0.5728141665458679,0.6340101361274719,0.005948698613792658,0.019610999152064323,0.3281092345714569,86256.16279069768
36038,5.0,,,,,,,86278.48837209302
36039,,8.0,,,,,,86281.27906976744
36048,5.0,,,,,,,86306.3953488372
36049,,8.0,,,,,,86309.18604651163
36059,5.0,,,,,,,86337.09302325582
36060,,8.0,,,,,,86339.88372093023
36067,5.0,,,,,,,86359.41860465116
36068,,8.0,,,,,,86362.20930232559
36074,,,0.6181176900863647,0.6947410106658936,0.006786446552723646,0.022036785259842873,0.4212011396884918,86372.05882352941
36088,5.0,,,,,,,86405.0
36089,,8.0,,,,,,86407.35294117648
36099,5.0,,,,,,,86430.88235294117
36100,,8.0,,,,,,86433.23529411765
36111,5.0,,,,,,,86459.11764705883
36112,,8.0,,,,,,86461.4705882353
36120,5.0,,,,,,,86480.29411764706
36121,,8.0,,,,,,86482.64705882352
36127,,,0.6065091490745544,0.7045708298683167,0.0012073267716914415,0.010517783463001251,0.2514854967594147,86492.65957446808
36141,5.0,,,,,,,86528.40425531915
36142,,8.0,,,,,,86530.9574468085
36151,5.0,,,,,,,86553.93617021276
36152,,8.0,,,,,,86556.48936170213
36158,5.0,,,,,,,86571.8085106383
36159,,8.0,,,,,,86574.36170212766
36169,5.0,,,,,,,86599.89361702128
36170,,8.0,,,,,,86602.44680851063
36174,,,0.583947479724884,0.6570444107055664,0.00644958158954978,0.025631284341216087,0.1970558613538742,86607.79069767441
36182,5.0,,,,,,,86630.11627906977
36183,,8.0,,,,,,86632.90697674418
36195,5.0,,,,,,,86666.3953488372
36196,,8.0,,,,,,86669.18604651163
36205,5.0,,,,,,,86694.30232558139
36206,,8.0,,,,,,86697.09302325582
36214,5.0,,,,,,,86719.41860465116
36215,,8.0,,,,,,86722.20930232559
36219,,,0.6059219837188721,0.6336959600448608,0.010347598232328892,0.025291144847869873,0.002348020439967513,86727.79069767441
36226,,,0.5941399335861206,0.6665577292442322,0.00935051217675209,0.019003141671419144,-0.10683313012123108,86747.32558139534
36235,5.0,,,,,,,86772.44186046511
36236,,8.0,,,,,,86775.23255813954
36242,5.0,,,,,,,86791.97674418605
36243,,8.0,,,,,,86794.76744186046
36248,5.0,,,,,,,86808.72093023256
36249,,8.0,,,,,,86811.51162790698
36259,5.0,,,,,,,86839.41860465116
36260,,8.0,,,,,,86842.20930232559
36265,,,0.6012560129165649,0.6922997236251831,0.0013058281037956476,0.00737779913470149,-0.11884162575006485,86850.58139534884
36276,5.0,,,,,,,86881.27906976744
36277,,8.0,,,,,,86884.06976744186
36284,5.0,,,,,,,86903.6046511628
36285,,8.0,,,,,,86906.3953488372
36291,5.0,,,,,,,86923.13953488372
36292,,8.0,,,,,,86925.93023255814
36304,5.0,,,,,,,86959.41860465116
36305,,8.0,,,,,,86962.20930232559
36309,,,0.6229654550552368,0.689819872379303,0.017841683700680733,0.03224966675043106,0.11941838264465332,86967.72727272728
36318,5.0,,,,,,,86992.27272727272
36319,,8.0,,,,,,86995.0
36329,5.0,,,,,,,87022.27272727272
36330,,8.0,,,,,,87025.0
36342,5.0,,,,,,,87057.72727272728
36343,,8.0,,,,,,87060.45454545454
36350,5.0,,,,,,,87079.54545454546
36351,,8.0,,,,,,87082.27272727272
36359,,,0.6125451922416687,0.7063536047935486,-0.0016975919716060162,0.019852664321660995,0.1510055661201477,87096.53846153847
36373,5.0,,,,,,,87128.84615384616
36374,,8.0,,,,,,87131.15384615384
36386,5.0,,,,,,,87158.84615384616
36387,,8.0,,,,,,87161.15384615384
36394,5.0,,,,,,,87177.30769230769
36395,,8.0,,,,,,87179.61538461539
36404,5.0,,,,,,,87200.38461538461
36405,,8.0,,,,,,87202.69230769231
36409,,,0.5891072750091553,0.6562127470970154,0.012856937944889069,0.03955105319619179,0.12743043899536133,87207.4
36419,5.0,,,,,,,87231.4
36420,,8.0,,,,,,87233.8
36434,5.0,,,,,,,87267.4
36435,,8.0,,,,,,87269.8
36445,5.0,,,,,,,87293.8
36446,,8.0,,,,,,87296.2
36456,5.0,,,,,,,87320.2
36457,,8.0,,,,,,87322.6
36461,,,0.5346974730491638,0.6108719110488892,0.008716329000890255,0.026617825031280518,0.03444886952638626,87327.55319148937
36466,,,0.5702218413352966,0.6251650452613831,-0.002181724179536104,0.00929663609713316,-0.1423325538635254,87340.31914893616
36473,5.0,,,,,,,87358.1914893617
36474,,8.0,,,,,,87360.74468085106
36480,5.0,,,,,,,87376.06382978724
36481,,8.0,,,,,,87378.6170212766
36491,5.0,,,,,,,87404.14893617021
36492,,8.0,,,,,,87406.70212765958
36505,5.0,,,,,,,87439.89361702128
36506,,8.0,,,,,,87442.44680851063
36513,,,0.5829057097434998,0.6742810606956482,-0.006956576835364103,0.03616714850068092,-0.062150631099939346,87454.05660377358
36524,5.0,,,,,,,87478.96226415095
36525,,8.0,,,,,,87481.22641509434
36536,5.0,,,,,,,87506.1320754717
36537,,8.0,,,,,,87508.39622641509
36550,5.0,,,,,,,87537.83018867925
36551,,8.0,,,,,,87540.09433962264
36560,5.0,,,,,,,87560.47169811321
36561,,8.0,,,,,,87562.7358490566
36566,,,0.5686673521995544,0.647072434425354,0.004126867279410362,0.01872112601995468,-0.026697272434830666,87570.71428571429
36576,5.0,,,,,,,87599.28571428571
36577,,8.0,,,,,,87602.14285714286
36588,5.0,,,,,,,87633.57142857143
36589,,8.0,,,,,,87636.42857142857
36595,5.0,,,,,,,87653.57142857143
36596,,8.0,,,,,,87656.42857142857
36604,5.0,,,,,,,87679.28571428571
36605,,8.0,,,,,,87682.14285714286
36612,,,0.5673851370811462,0.6423519849777222,0.00547866290435195,0.019748421385884285,0.09104762226343155,87694.41176470589
36623,5.0,,,,,,,87720.29411764706
36624,,8.0,,,,,,87722.64705882352
36634,5.0,,,,,,,87746.17647058824
36635,,8.0,,,,,,87748.5294117647
36647,5.0,,,,,,,87776.76470588235
36648,,8.0,,,,,,87779.11764705883
36657,5.0,,,,,,,87800.29411764706
36658,,8.0,,,,,,87802.64705882352
36665,,,0.5698214173316956,0.63592129945755,0.0048193479888141155,0.027786988765001297,0.09510364383459091,87815.66666666667
36677,5.0,,,,,,,87847.66666666667
36678,,8.0,,,,,,87850.33333333333
36686,5.0,,,,,,,87871.66666666667
36687,,8.0,,,,,,87874.33333333333
36696,5.0,,,,,,,87898.33333333333
36697,,8.0,,,,,,87901.0
36704,5.0,,,,,,,87919.66666666667
36705,,8.0,,,,,,87922.33333333333
36709,,,0.5911766290664673,0.6771789789199829,0.00694255018606782,0.014466166496276855,0.11446042358875275,87927.85714285714
36715,,,0.5981700420379639,0.6834867596626282,0.00043959368485957384,0.011142878793179989,0.1859535276889801,87945.0
36722,5.0,,,,,,,87965.0
36723,,8.0,,,,,,87967.85714285714
36730,5.0,,,,,,,87987.85714285714
36731,,8.0,,,,,,87990.71428571429
36740,5.0,,,,,,,88016.42857142857
36741,,8.0,,,,,,88019.28571428571
36748,5.0,,,,,,,88039.28571428571
36749,,8.0,,,,,,88042.14285714286
36756,,,0.6076729893684387,0.7096364498138428,-0.001102423993870616,0.010098413564264774,0.24741749465465546,88055.90909090909
36764,5.0,,,,,,,88077.72727272728
36765,,8.0,,,,,,88080.45454545454
36774,5.0,,,,,,,88105.0
36775,,8.0,,,,,,88107.72727272728
36785,5.0,,,,,,,88135.0
36786,,8.0,,,,,,88137.72727272728
36794,5.0,,,,,,,88159.54545454546
36795,,8.0,,,,,,88162.27272727272
36801,,,0.6219158172607422,0.6925459504127502,0.006449144333600998,0.016698699444532394,0.42470863461494446,88173.57142857143
36809,5.0,,,,,,,88196.42857142857
36810,,8.0,,,,,,88199.28571428571
36821,5.0,,,,,,,88230.71428571429
36822,,8.0,,,,,,88233.57142857143
36831,5.0,,,,,,,88259.28571428571
36832,,8.0,,,,,,88262.14285714286
36838,5.0,,,,,,,88279.28571428571
36839,,8.0,,,,,,88282.14285714286
36843,,,0.6108590960502625,0.6815303564071655,0.004702351056039333,0.024118509143590927,0.6053663492202759,88287.44897959183
36853,5.0,,,,,,,88311.9387755102
36854,,8.0,,,,,,88314.38775510204
36868,5.0,,,,,,,88348.67346938775
36869,,8.0,,,,,,88351.12244897959
36881,5.0,,,,,,,88380.51020408163
36882,,8.0,,,,,,88382.95918367348
36889,5.0,,,,,,,88400.10204081633
36890,,8.0,,,,,,88402.55102040817
36895,,,0.6299057602882385,0.7089928984642029,0.007314607035368681,0.026793647557497025,0.537856936454773,88411.15384615384
36902,5.0,,,,,,,88432.69230769231
36903,,8.0,,,,,,88435.76923076923
36913,5.0,,,,,,,88466.53846153847
36914,,8.0,,,,,,88469.61538461539
36920,5.0,,,,,,,88488.07692307692
36921,,8.0,,,,,,88491.15384615384
36930,5.0,,,,,,,88518.84615384616
36931,,8.0,,,,,,88521.92307692308
36935,,,0.5677302479743958,0.6458572745323181,0.016722597181797028,0.0356237068772316,0.4972873628139496,88527.79069767441
36941,,,0.5674059987068176,0.6491405963897705,0.005522485356777906,0.011228108778595924,0.22774112224578857,88544.53488372093
36949,5.0,,,,,,,88566.86046511628
36950,,8.0,,,,,,88569.6511627907
36959,5.0,,,,,,,88594.76744186046
36960,,8.0,,,,,,88597.55813953489
36966,5.0,,,,,,,88614.30232558139
36967,,8.0,,,,,,88617.09302325582
36975,5.0,,,,,,,88639.41860465116
36976,,8.0,,,,,,88642.20930232559
36980,,,0.5935490131378174,0.689899742603302,0.0012488533975556493,0.013716916553676128,0.18932808935642242,88648.07692307692
36989,5.0,,,,,,,88675.76923076923
36990,,8.0,,,,,,88678.84615384616
37000,5.0,,,,,,,88709.61538461539
37001,,8.0,,,,,,88712.69230769231
37007,5.0,,,,,,,88731.15384615384
37008,,8.0,,,,,,88734.23076923077
37016,5.0,,,,,,,88758.84615384616
37017,,8.0,,,,,,88761.92307692308
37026,,,0.5907557010650635,0.7144986391067505,0.00765292439609766,0.014560033567249775,0.2636438310146332,88781.0
37038,5.0,,,,,,,88813.0
37039,,8.0,,,,,,88815.66666666667
37044,5.0,,,,,,,88829.0
37045,,8.0,,,,,,88831.66666666667
37054,5.0,,,,,,,88855.66666666667
37055,,8.0,,,,,,88858.33333333333
37063,5.0,,,,,,,88879.66666666667
37064,,8.0,,,,,,88882.33333333333
37070,,,0.5732480883598328,0.6516580581665039,0.014655888080596924,0.03272440284490585,0.43925905227661133,88892.65957446808
37082,5.0,,,,,,,88923.29787234042
37083,,8.0,,,,,,88925.85106382979
37092,5.0,,,,,,,88948.82978723405
37093,,8.0,,,,,,88951.3829787234
37100,5.0,,,,,,,88969.25531914894
37101,,8.0,,,,,,88971.8085106383
37112,5.0,,,,,,,88999.89361702128
37113,,8.0,,,,,,89002.44680851063
37119,,,0.6344307661056519,0.7300631403923035,-0.00030768889700993896,0.01642759144306183,0.2700628638267517,89012.3469387755
37133,5.0,,,,,,,89046.63265306123
37134,,8.0,,,,,,89049.08163265306
37143,5.0,,,,,,,89071.12244897959
37144,,8.0,,,,,,89073.57142857143
37154,5.0,,,,,,,89098.0612244898
37155,,8.0,,,,,,89100.51020408163
37163,5.0,,,,,,,89120.10204081633
37164,,8.0,,,,,,89122.55102040817
37168,,,0.5835829973220825,0.6737164258956909,0.013831543736159801,0.029845276847481728,0.3470580577850342,89127.9268292683
37169,,,0.5958906412124634,0.6734232306480408,0.004589614924043417,0.012120619416236877,0.21398939192295074,89130.85365853658
37177,5.0,,,,,,,89154.26829268293
37178,,8.0,,,,,,89157.19512195123
37184,5.0,,,,,,,89174.75609756098
37185,,8.0,,,,,,89177.68292682926
37195,5.0,,,,,,,89206.9512195122
37196,,8.0,,,,,,89209.87804878049
37206,5.0,,,,,,,89239.14634146342
37207,,8.0,,,,,,89242.0731707317
37214,,,0.6013056039810181,0.6703091263771057,0.005845489911735058,0.028127141296863556,0.3318343162536621,89253.57142857143
37224,5.0,,,,,,,89275.0
37225,,8.0,,,,,,89277.14285714286
37237,5.0,,,,,,,89302.85714285714
37238,,8.0,,,,,,89305.0
37254,5.0,,,,,,,89339.28571428571
37255,,8.0,,,,,,89341.42857142857
37264,5.0,,,,,,,89360.71428571429
37265,,8.0,,,,,,89362.85714285714
37271,,,0.5319502353668213,0.6385703682899475,0.011136515066027641,0.03133803978562355,0.27121976017951965,89375.58823529411
37280,5.0,,,,,,,89407.35294117648
37281,,8.0,,,,,,89410.88235294117
37288,5.0,,,,,,,89435.58823529411
37289,,8.0,,,,,,89439.11764705883
37295,5.0,,,,,,,89460.29411764706
37296,,8.0,,,,,,89463.82352941176
37300,5.0,,,,,,,89477.94117647059
37301,,8.0,,,,,,89481.4705882353
37309,,,0.5463398098945618,0.6165869832038879,0.006296032574027777,0.02318476513028145,0.21812176704406738,89497.5
37321,5.0,,,,,,,89527.5
37322,,8.0,,,,,,89530.0
37330,5.0,,,,,,,89550.0
37331,,8.0,,,,,,89552.5
37340,5.0,,,,,,,89575.0
37341,,8.0,,,,,,89577.5
37350,5.0,,,,,,,89600.0
37351,,8.0,,,,,,89602.5
37355,,,0.5770591497421265,0.6439919471740723,0.02534324675798416,0.04457099735736847,0.13859418034553528,89607.44897959183
37368,5.0,,,,,,,89639.28571428571
37369,,8.0,,,,,,89641.73469387754
37378,5.0,,,,,,,89663.77551020408
37379,,8.0,,,,,,89666.22448979592
37387,5.0,,,,,,,89685.8163265306
37388,,8.0,,,,,,89688.26530612246
37401,5.0,,,,,,,89720.10204081633
37402,,8.0,,,,,,89722.55102040817
37406,,,0.5765425562858582,0.6648878455162048,0.005094132386147976,0.02175414189696312,0.03911067172884941,89727.4
37407,,,0.6094947457313538,0.7337279915809631,0.0040743714198470116,0.01637972518801689,-0.08428246527910233,89729.8
37419,5.0,,,,,,,89758.6
37420,,8.0,,,,,,89761.0
37430,5.0,,,,,,,89785.0
37431,,8.0,,,,,,89787.4
37443,5.0,,,,,,,89816.2
37444,,8.0,,,,,,89818.6
37453,5.0,,,,,,,89840.2
37454,,8.0,,,,,,89842.6
37461,,,0.5763251185417175,0.6567374467849731,0.004065497778356075,0.020918933674693108,0.04688066989183426,89855.43478260869
37470,5.0,,,,,,,89878.91304347826
37471,,8.0,,,,,,89881.52173913043
37482,5.0,,,,,,,89910.21739130435
37483,,8.0,,,,,,89912.82608695653
37492,5.0,,,,,,,89936.30434782608
37493,,8.0,,,,,,89938.91304347826
37501,5.0,,,,,,,89959.78260869565
37502,,8.0,,,,,,89962.39130434782
37508,,,0.5830068588256836,0.6461266279220581,0.0031652182806283236,0.009911873377859592,0.08511597663164139,89972.82608695653
37515,5.0,,,,,,,89991.08695652174
37516,,8.0,,,,,,89993.69565217392
37523,5.0,,,,,,,90011.95652173914
37524,,8.0,,,,,,90014.56521739131
37534,5.0,,,,,,,90040.65217391304
37535,,8.0,,,,,,90043.26086956522
37549,5.0,,,,,,,90079.78260869565
37550,,8.0,,,,,,90082.39130434782
37555,,,0.5929661393165588,0.6346789598464966,0.000848696508910507,0.02235785685479641,0.28076839447021484,90090.45454545454
37565,5.0,,,,,,,90117.72727272728
37566,,8.0,,,,,,90120.45454545454
37577,5.0,,,,,,,90150.45454545454
37578,,8.0,,,,,,90153.18181818182
37584,5.0,,,,,,,90169.54545454546
37585,,8.0,,,,,,90172.27272727272
37595,5.0,,,,,,,90199.54545454546
37596,,8.0,,,,,,90202.27272727272
37603,,,0.6092472076416016,0.6799282431602478,0.008561543188989162,0.025190744549036026,0.25594061613082886,90214.6
37614,5.0,,,,,,,90241.0
37615,,8.0,,,,,,90243.4
37625,5.0,,,,,,,90267.4
37626,,8.0,,,,,,90269.8
37637,5.0,,,,,,,90296.2
37638,,8.0,,,,,,90298.6
37647,5.0,,,,,,,90320.2
37648,,8.0,,,,,,90322.6
37652,,,0.5525527596473694,0.6230522394180298,-0.0023692427203059196,0.019167298451066017,-0.03354419767856598,90327.79069767441
37656,,,0.5951206684112549,0.6337241530418396,0.008155389688909054,0.012975950725376606,-0.08096149563789368,90338.95348837209
37666,5.0,,,,,,,90366.86046511628
37667,,8.0,,,,,,90369.6511627907
37674,5.0,,,,,,,90389.18604651163
37675,,8.0,,,,,,90391.97674418605
37685,5.0,,,,,,,90419.88372093023
37686,,8.0,,,,,,90422.67441860466
37692,5.0,,,,,,,90439.41860465116
37693,,8.0,,,,,,90442.20930232559
37699,,,0.5442593097686768,0.5914589762687683,-0.0013169521698728204,0.018436521291732788,0.10286293178796768,90452.82608695653
37713,5.0,,,,,,,90489.34782608696
37714,,8.0,,,,,,90491.95652173914
37719,5.0,,,,,,,90505.0
37720,,8.0,,,,,,90507.60869565218
37729,5.0,,,,,,,90531.08695652174
37730,,8.0,,,,,,90533.69565217392
37740,5.0,,,,,,,90559.78260869565
37741,,8.0,,,,,,90562.39130434782
37748,,,0.5444471836090088,0.6560333967208862,0.009639106690883636,0.03877440094947815,0.1952700912952423,90574.41176470589
37757,5.0,,,,,,,90595.58823529411
37758,,8.0,,,,,,90597.94117647059
37766,5.0,,,,,,,90616.76470588235
37767,,8.0,,,,,,90619.11764705883
37781,5.0,,,,,,,90652.05882352941
37782,,8.0,,,,,,90654.41176470589
37793,5.0,,,,,,,90680.29411764706
37794,,8.0,,,,,,90682.64705882352
37800,,,0.5490900874137878,0.6493762135505676,0.009710266254842281,0.03698849678039551,0.08992186933755875,90695.0
37807,5.0,,,,,,,90718.33333333333
37808,,8.0,,,,,,90721.66666666667
37815,5.0,,,,,,,90745.0
37816,,8.0,,,,,,90748.33333333333
37822,5.0,,,,,,,90768.33333333333
37823,,8.0,,,,,,90771.66666666667
37831,5.0,,,,,,,90798.33333333333
37832,,8.0,,,,,,90801.66666666667
37836,,,0.587388813495636,0.6336524486541748,0.007925765588879585,0.018195247277617455,-0.015017923898994923,90808.33333333333
37841,5.0,,,,,,,90825.0
37842,,8.0,,,,,,90828.33333333333
37848,5.0,,,,,,,90848.33333333333
37849,,8.0,,,,,,90851.66666666667
37858,5.0,,,,,,,90881.66666666667
37859,,8.0,,,,,,90885.0
37869,5.0,,,,,,,90918.33333333333
37870,,8.0,,,,,,90921.66666666667
37874,,,0.6160918474197388,0.7143169045448303,0.006061867345124483,0.017168404534459114,-0.13379380106925964,90927.2641509434
37876,,,0.5276288986206055,0.5827769041061401,0.0089900903403759,0.02252849005162716,-0.08648905903100967,90931.7924528302
37885,5.0,,,,,,,90952.16981132075
37886,,8.0,,,,,,90954.43396226416
37894,5.0,,,,,,,90972.54716981133
37895,,8.0,,,,,,90974.81132075471
37906,5.0,,,,,,,90999.71698113208
37907,,8.0,,,,,,91001.98113207547
37924,5.0,,,,,,,91040.47169811321
37925,,8.0,,,,,,91042.7358490566
37932,,,0.577329158782959,0.6559441089630127,0.0058514755219221115,0.014731219038367271,-0.04045020043849945,91054.79591836735
37941,5.0,,,,,,,91076.83673469388
37942,,8.0,,,,,,91079.28571428571
37955,5.0,,,,,,,91111.12244897959
37956,,8.0,,,,,,91113.57142857143
37967,5.0,,,,,,,91140.51020408163
37968,,8.0,,,,,,91142.95918367348
37975,5.0,,,,,,,91160.10204081633
37976,,8.0,,,,,,91162.55102040817
37982,,,0.6153562068939209,0.6590738296508789,0.00198642211034894,0.022275637835264206,0.1464640200138092,91173.37209302325
37993,5.0,,,,,,,91204.06976744186
37994,,8.0,,,,,,91206.86046511628
38005,5.0,,,,,,,91237.55813953489
38006,,8.0,,,,,,91240.3488372093
38014,5.0,,,,,,,91262.67441860466
38015,,8.0,,,,,,91265.46511627907
38020,5.0,,,,,,,91279.41860465116
38021,,8.0,,,,,,91282.20930232559
38025,,,0.566942036151886,0.6649056077003479,0.014859028160572052,0.04012085124850273,0.4592192471027374,91287.60869565218
38034,5.0,,,,,,,91311.08695652174
38035,,8.0,,,,,,91313.69565217392
38046,5.0,,,,,,,91342.39130434782
38047,,8.0,,,,,,91345.0
38058,5.0,,,,,,,91373.69565217392
38059,,8.0,,,,,,91376.30434782608
38068,5.0,,,,,,,91399.78260869565
38069,,8.0,,,,,,91402.39130434782
38074,,,0.551239550113678,0.6726388335227966,-0.006801016628742218,0.05380483344197273,0.5380150079727173,91411.15384615384
38087,5.0,,,,,,,91451.15384615384
38088,,8.0,,,,,,91454.23076923077
38094,5.0,,,,,,,91472.69230769231
38095,,8.0,,,,,,91475.76923076923
38101,5.0,,,,,,,91494.23076923077
38102,,8.0,,,,,,91497.30769230769
38109,5.0,,,,,,,91518.84615384616
38110,,8.0,,,,,,91521.92307692308
38114,,,0.6266646385192871,0.6724455952644348,0.002476853085681796,0.022980347275733948,0.18524719774723053,91527.55319148937
38120,,,0.618971586227417,0.7206363081932068,0.004288130439817905,0.015354837290942669,0.08365967869758606,91542.87234042553
38126,5.0,,,,,,,91558.1914893617
38127,,8.0,,,,,,91560.74468085106
38138,5.0,,,,,,,91588.82978723405
38139,,8.0,,,,,,91591.3829787234
38147,5.0,,,,,,,91611.8085106383
38148,,8.0,,,,,,91614.36170212766
38158,5.0,,,,,,,91639.89361702128
38159,,8.0,,,,,,91642.44680851063
38164,,,0.5872151851654053,0.6689305901527405,0.004413892049342394,0.012866195291280746,-0.13812391459941864,91649.70588235294
38178,5.0,,,,,,,91682.64705882352
38179,,8.0,,,,,,91685.0
38190,5.0,,,,,,,91710.88235294117
38191,,8.0,,,,,,91713.23529411765
38200,5.0,,,,,,,91734.41176470589
38201,,8.0,,,,,,91736.76470588235
38211,5.0,,,,,,,91760.29411764706
38212,,8.0,,,,,,91762.64705882352
38216,,,0.6039477586746216,0.6728302240371704,0.007762185763567686,0.01800980046391487,0.047448255121707916,91768.15789473684
38225,5.0,,,,,,,91796.57894736843
38226,,8.0,,,,,,91799.73684210527
38235,5.0,,,,,,,91828.15789473684
38236,,8.0,,,,,,91831.31578947368
38244,5.0,,,,,,,91856.57894736843
38245,,8.0,,,,,,91859.73684210527
38251,5.0,,,,,,,91878.68421052632
38252,,8.0,,,,,,91881.84210526316
38256,,,0.6023062467575073,0.6804394125938416,0.012111516669392586,0.032281436026096344,-0.049143366515636444,91888.24324324324
38267,5.0,,,,,,,91923.91891891892
38268,,8.0,,,,,,91927.16216216216
38274,5.0,,,,,,,91946.62162162163
38275,,8.0,,,,,,91949.86486486487
38279,5.0,,,,,,,91962.83783783784
38280,,8.0,,,,,,91966.08108108108
38290,5.0,,,,,,,91998.51351351352
38291,,8.0,,,,,,92001.75675675676
38296,,,0.5677923560142517,0.632846474647522,0.008897480554878712,0.027156684547662735,-0.00036548703792504966,92009.52830188679
38310,5.0,,,,,,,92041.22641509434
38311,,8.0,,,,,,92043.49056603774
38319,5.0,,,,,,,92061.60377358491
38320,,8.0,,,,,,92063.8679245283
38335,5.0,,,,,,,92097.83018867925
38336,,8.0,,,,,,92100.09433962264
38345,5.0,,,,,,,92120.47169811321
38346,,8.0,,,,,,92122.7358490566
38351,,,0.5851770639419556,0.7031016945838928,0.010781565681099892,0.023699766024947166,-0.004330635070800781,92130.21739130435
38355,,,0.5936339497566223,0.7195735573768616,0.004403016529977322,0.015218055807054043,-0.09813157469034195,92140.65217391304
38367,5.0,,,,,,,92171.95652173914
38368,,8.0,,,,,,92174.56521739131
38377,5.0,,,,,,,92198.04347826086
38378,,8.0,,,,,,92200.65217391304
38388,5.0,,,,,,,92226.73913043478
38389,,8.0,,,,,,92229.34782608696
38393,5.0,,,,,,,92239.78260869565
38394,,8.0,,,,,,92242.39130434782
38401,,,0.6269633173942566,0.6662872433662415,0.00040602029184810817,0.01251534465700388,-0.19708141684532166,92255.0
38408,5.0,,,,,,,92272.5
38409,,8.0,,,,,,92275.0
38416,5.0,,,,,,,92292.5
38417,,8.0,,,,,,92295.0
38431,5.0,,,,,,,92330.0
38432,,8.0,,,,,,92332.5
38443,5.0,,,,,,,92360.0
38444,,8.0,,,,,,92362.5
38451,,,0.5822197794914246,0.645392656326294,0.00926841702312231,0.02628604881465435,-0.17241662740707397,92377.30769230769
38458,5.0,,,,,,,92398.84615384616
38459,,8.0,,,,,,92401.92307692308
38469,5.0,,,,,,,92432.69230769231
38470,,8.0,,,,,,92435.76923076923
38477,5.0,,,,,,,92457.30769230769
38478,,8.0,,,,,,92460.38461538461
38484,5.0,,,,,,,92478.84615384616
38485,,8.0,,,,,,92481.92307692308
38489,,,0.6319769024848938,0.7018349766731262,0.002719539450481534,0.02391095645725727,0.06660424917936325,92487.35294117648
38498,5.0,,,,,,,92508.5294117647
38499,,8.0,,,,,,92510.88235294117
38514,5.0,,,,,,,92546.17647058824
38515,,8.0,,,,,,92548.5294117647
38528,5.0,,,,,,,92579.11764705883
38529,,8.0,,,,,,92581.4705882353
38537,5.0,,,,,,,92600.29411764706
38538,,8.0,,,,,,92602.64705882352
38544,,,0.6205974817276001,0.7079598903656006,0.021506208926439285,0.0483304038643837,0.24430084228515625,92612.65957446808
38554,5.0,,,,,,,92638.1914893617
38555,,8.0,,,,,,92640.74468085106
38567,5.0,,,,,,,92671.3829787234
38568,,8.0,,,,,,92673.93617021276
38573,5.0,,,,,,,92686.70212765958
38574,,8.0,,,,,,92689.25531914894
38586,5.0,,,,,,,92719.89361702128
38587,,8.0,,,,,,92722.44680851063
38591,,,0.5873328447341919,0.6943711042404175,0.004823056049644947,0.01792457140982151,-0.009209265932440758,92727.85714285714
38596,,,0.5778165459632874,0.6724393963813782,-0.002827258547767997,0.014811302535235882,-0.12719406187534332,92742.14285714286
38607,5.0,,,,,,,92773.57142857143
38608,,8.0,,,,,,92776.42857142857
38614,5.0,,,,,,,92793.57142857143
38615,,8.0,,,,,,92796.42857142857
38622,5.0,,,,,,,92816.42857142857
38623,,8.0,,,,,,92819.28571428571
38630,5.0,,,,,,,92839.28571428571
38631,,8.0,,,,,,92842.14285714286
38639,,,0.5720041990280151,0.6364670395851135,0.0006370074697770178,0.017260294407606125,-0.038196928799152374,92857.76595744681
38646,5.0,,,,,,,92875.63829787234
38647,,8.0,,,,,,92878.1914893617
38656,5.0,,,,,,,92901.17021276595
38657,,8.0,,,,,,92903.72340425532
38667,5.0,,,,,,,92929.25531914894
38668,,8.0,,,,,,92931.8085106383
38679,5.0,,,,,,,92959.89361702128
38680,,8.0,,,,,,92962.44680851063
38688,,,0.698598325252533,0.7740358710289001,-0.006322687026113272,0.03156204894185066,-0.09008140861988068,92975.16949152542
38698,5.0,,,,,,,92995.50847457627
38699,,8.0,,,,,,92997.54237288136
38715,5.0,,,,,,,93030.08474576271
38716,,8.0,,,,,,93032.1186440678
38729,5.0,,,,,,,93058.55932203389
38730,,8.0,,,,,,93060.59322033898
38740,5.0,,,,,,,93080.93220338984
38741,,8.0,,,,,,93082.96610169491
38746,,,0.6780549883842468,0.7618077397346497,0.0031611379235982895,0.004989554639905691,-0.3461497724056244,93090.58139534884
38756,5.0,,,,,,,93118.48837209302
38757,,8.0,,,,,,93121.27906976744
38767,5.0,,,,,,,93149.18604651163
38768,,8.0,,,,,,93151.97674418605
38778,5.0,,,,,,,93179.88372093023
38779,,8.0,,,,,,93182.67441860466
38785,5.0,,,,,,,93199.41860465116
38786,,8.0,,,,,,93202.20930232559
38791,,,0.6324986219406128,0.6967064142227173,0.00721841910853982,0.017655547708272934,-0.1437196582555771,93210.33333333333
38799,5.0,,,,,,,93231.66666666667
38800,,8.0,,,,,,93234.33333333333
38806,5.0,,,,,,,93250.33333333333
38807,,8.0,,,,,,93253.0
38821,5.0,,,,,,,93290.33333333333
38822,,8.0,,,,,,93293.0
38832,5.0,,,,,,,93319.66666666667
38833,,8.0,,,,,,93322.33333333333
38837,,,0.6167542338371277,0.716180145740509,0.017453575506806374,0.0358126126229763,-0.16694152355194092,93327.9268292683
38840,,,0.6126784086227417,0.7077659368515015,0.02282089926302433,0.06587350368499756,0.2744804918766022,93336.70731707317
38850,5.0,,,,,,,93365.9756097561
38851,,8.0,,,,,,93368.90243902439
38858,5.0,,,,,,,93389.39024390244
38859,,8.0,,,,,,93392.31707317074
38864,5.0,,,,,,,93406.9512195122
38865,,8.0,,,,,,93409.87804878049
38875,5.0,,,,,,,93439.14634146342
38876,,8.0,,,,,,93442.0731707317
38884,,,0.5527489185333252,0.6352375745773315,0.007215624209493399,0.0224392581731081,-0.13971413671970367,93456.32075471699
38898,5.0,,,,,,,93488.01886792453
38899,,8.0,,,,,,93490.28301886792
38911,5.0,,,,,,,93517.45283018867
38912,,8.0,,,,,,93519.71698113208
38919,5.0,,,,,,,93535.56603773584
38920,,8.0,,,,,,93537.83018867925
38930,5.0,,,,,,,93560.47169811321
38931,,8.0,,,,,,93562.7358490566
38938,,,0.601899266242981,0.7094406485557556,0.005730570759624243,0.024193022400140762,-0.060378298163414,93575.43478260869
38947,5.0,,,,,,,93598.91304347826
38948,,8.0,,,,,,93601.52173913043
38956,5.0,,,,,,,93622.39130434782
38957,,8.0,,,,,,93625.0
38969,5.0,,,,,,,93656.30434782608
38970,,8.0,,,,,,93658.91304347826
38978,5.0,,,,,,,93679.78260869565
38979,,8.0,,,,,,93682.39130434782
38986,,,0.5977317094802856,0.6575227379798889,-0.0045715500600636005,0.028427468612790108,0.013397426344454288,93694.41176470589
39000,5.0,,,,,,,93727.35294117648
39001,,8.0,,,,,,93729.70588235294
39010,5.0,,,,,,,93750.88235294117
39011,,8.0,,,,,,93753.23529411765
39021,5.0,,,,,,,93776.76470588235
39022,,8.0,,,,,,93779.11764705883
39031,5.0,,,,,,,93800.29411764706
39032,,8.0,,,,,,93802.64705882352
39036,,,0.5859506726264954,0.6561576128005981,0.0017191416118294,0.00900254212319851,0.0033582246396690607,93807.55319148937
39048,5.0,,,,,,,93838.1914893617
39049,,8.0,,,,,,93840.74468085106
39059,5.0,,,,,,,93866.27659574468
39060,,8.0,,,,,,93868.82978723405
39070,5.0,,,,,,,93894.36170212766
39071,,8.0,,,,,,93896.91489361702
39080,5.0,,,,,,,93919.89361702128
39081,,8.0,,,,,,93922.44680851063
39086,,,0.576162576675415,0.6335844993591309,0.00421731686219573,0.021842943504452705,0.14576436579227448,93929.52830188679
39091,,,0.5913107395172119,0.6513015627861023,0.003298728261142969,0.025737913325428963,0.07840679585933685,93940.84905660378
39105,5.0,,,,,,,93972.54716981133
39106,,8.0,,,,,,93974.81132075471
39115,5.0,,,,,,,93995.18867924529
39116,,8.0,,,,,,93997.45283018867
39126,5.0,,,,,,,94020.09433962264
39127,,8.0,,,,,,94022.35849056604
39135,5.0,,,,,,,94040.47169811321
39136,,8.0,,,,,,94042.7358490566
39145,,,0.604834794998169,0.634547233581543,0.015829116106033325,0.031666193157434464,0.17711544036865234,94063.0
39154,5.0,,,,,,,94090.0
39155,,8.0,,,,,,94093.0
39158,5.0,,,,,,,94102.0
39159,,8.0,,,,,,94105.0
39169,5.0,,,,,,,94135.0
39170,,8.0,,,,,,94138.0
39177,5.0,,,,,,,94159.0
39178,,8.0,,,,,,94162.0
39185,,,0.5959225296974182,0.6811609864234924,0.002353148302063346,0.02361118048429489,0.2245752066373825,94173.88888888889
39197,5.0,,,,,,,94200.55555555556
39198,,8.0,,,,,,94202.77777777778
39206,5.0,,,,,,,94220.55555555556
39207,,8.0,,,,,,94222.77777777778
39219,5.0,,,,,,,94249.44444444444
39220,,8.0,,,,,,94251.66666666667
39233,5.0,,,,,,,94280.55555555556
39234,,8.0,,,,,,94282.77777777778
39240,,,0.5799193382263184,0.6920607686042786,0.004087083041667938,0.015527189709246159,0.18093258142471313,94291.54545454546
39251,5.0,,,,,,,94315.54545454546
39252,,8.0,,,,,,94317.72727272728
39266,5.0,,,,,,,94348.27272727272
39267,,8.0,,,,,,94350.45454545454
39279,5.0,,,,,,,94376.63636363637
39280,,8.0,,,,,,94378.81818181818
39290,5.0,,,,,,,94400.63636363637
39291,,8.0,,,,,,94402.81818181818
39296,,,0.634759783744812,0.705256462097168,0.0007421503541991115,0.01686359941959381,0.25145962834358215,94409.0
39309,5.0,,,,,,,94435.0
39310,,8.0,,,,,,94437.0
39326,5.0,,,,,,,94469.0
39327,,8.0,,,,,,94471.0
39343,5.0,,,,,,,94503.0
39344,,8.0,,,,,,94505.0
39352,5.0,,,,,,,94521.0
39353,,8.0,,,,,,94523.0
39357,,,0.5980262756347656,0.6903533339500427,0.005610807798802853,0.0180188175290823,0.21131117641925812,94527.44897959183
39360,,,0.6323995590209961,0.7057750225067139,0.01183580793440342,0.030902434140443802,0.48015421628952026,94534.79591836735
39373,5.0,,,,,,,94566.63265306123
39374,,8.0,,,,,,94569.08163265306
39384,5.0,,,,,,,94593.57142857143
39385,,8.0,,,,,,94596.02040816327
39396,5.0,,,,,,,94622.95918367348
39397,,8.0,,,,,,94625.40816326531
39403,5.0,,,,,,,94640.10204081633
39404,,8.0,,,,,,94642.55102040817
39409,,,0.5615741014480591,0.6546341776847839,0.0017919496167451143,0.00552514148876071,0.2677130699157715,94650.71428571429
39417,5.0,,,,,,,94673.57142857143
39418,,8.0,,,,,,94676.42857142857
39427,5.0,,,,,,,94702.14285714286
39428,,8.0,,,,,,94705.0
39436,5.0,,,,,,,94727.85714285714
39437,,8.0,,,,,,94730.71428571429
39447,5.0,,,,,,,94759.28571428571
39448,,8.0,,,,,,94762.14285714286
39453,,,0.576377809047699,0.6685832142829895,0.006811958737671375,0.02780320681631565,0.2050381898880005,94770.21739130435
39464,5.0,,,,,,,94798.91304347826
39465,,8.0,,,,,,94801.52173913043
39475,5.0,,,,,,,94827.60869565218
39476,,8.0,,,,,,94830.21739130435
39484,5.0,,,,,,,94851.08695652174
39485,,8.0,,,,,,94853.69565217392
39495,5.0,,,,,,,94879.78260869565
39496,,8.0,,,,,,94882.39130434782
39502,,,0.5927005410194397,0.7170918583869934,0.012597463093698025,0.03232914209365845,0.3850398659706116,94893.37209302325
39510,5.0,,,,,,,94915.69767441861
39511,,8.0,,,,,,94918.48837209302
39519,5.0,,,,,,,94940.81395348837
39520,,8.0,,,,,,94943.6046511628
39530,5.0,,,,,,,94971.51162790698
39531,,8.0,,,,,,94974.30232558139
39540,5.0,,,,,,,94999.41860465116
39541,,8.0,,,,,,95002.20930232559
39546,,,0.5684729218482971,0.638489305973053,0.008489060215651989,0.02299145609140396,0.41473251581192017,95010.45454545454
39558,5.0,,,,,,,95043.18181818182
39559,,8.0,,,,,,95045.90909090909
39568,5.0,,,,,,,95070.45454545454
39569,,8.0,,,,,,95073.18181818182
39578,5.0,,,,,,,95097.72727272728
39579,,8.0,,,,,,95100.45454545454
39586,5.0,,,,,,,95119.54545454546
39587,,8.0,,,,,,95122.27272727272
39592,,,0.5833466053009033,0.6764577627182007,-3.435767939663492e-05,0.003939962480217218,0.0563121996819973,95130.33333333333
39598,,,0.6048238277435303,0.7189927697181702,0.0015118891606107354,0.005266696680337191,0.07274128496646881,95146.33333333333
39604,5.0,,,,,,,95162.33333333333
39605,,8.0,,,,,,95165.0
39612,5.0,,,,,,,95183.66666666667
39613,,8.0,,,,,,95186.33333333333
39621,5.0,,,,,,,95207.66666666667
39622,,8.0,,,,,,95210.33333333333
39633,5.0,,,,,,,95239.66666666667
39634,,8.0,,,,,,95242.33333333333
39641,,,0.5431353449821472,0.6771494746208191,0.010102667845785618,0.02749156951904297,0.23554569482803345,95255.66666666667
39649,5.0,,,,,,,95277.0
39650,,8.0,,,,,,95279.66666666667
39659,5.0,,,,,,,95303.66666666667
39660,,8.0,,,,,,95306.33333333333
39668,5.0,,,,,,,95327.66666666667
39669,,8.0,,,,,,95330.33333333333
39680,5.0,,,,,,,95359.66666666667
39681,,8.0,,,,,,95362.33333333333
39686,,,0.5657256841659546,0.6403906941413879,0.010071637108922005,0.015102232806384563,0.18041178584098816,95370.45454545454
39699,5.0,,,,,,,95405.90909090909
39700,,8.0,,,,,,95408.63636363637
39707,5.0,,,,,,,95427.72727272728
39708,,8.0,,,,,,95430.45454545454
39714,5.0,,,,,,,95446.81818181818
39715,,8.0,,,,,,95449.54545454546
39726,5.0,,,,,,,95479.54545454546
39727,,8.0,,,,,,95482.27272727272
39733,,,0.5619710683822632,0.6349472999572754,0.011978634633123875,0.04400720074772835,0.25040334463119507,95493.0
39740,5.0,,,,,,,95511.66666666667
39741,,8.0,,,,,,95514.33333333333
39750,5.0,,,,,,,95538.33333333333
39751,,8.0,,,,,,95541.0
39761,5.0,,,,,,,95567.66666666667
39762,,8.0,,,,,,95570.33333333333
39773,5.0,,,,,,,95599.66666666667
39774,,8.0,,,,,,95602.33333333333
39778,,,0.6016877889633179,0.6898545026779175,0.01700468361377716,0.035767942667007446,0.26908400654792786,95607.22222222222
39795,5.0,,,,,,,95645.0
39796,,8.0,,,,,,95647.22222222222
39804,5.0,,,,,,,95665.0
39805,,8.0,,,,,,95667.22222222222
39814,5.0,,,,,,,95687.22222222222
39815,,8.0,,,,,,95689.44444444444
39829,5.0,,,,,,,95720.55555555556
39830,,8.0,,,,,,95722.77777777778
39835,,,0.5777067542076111,0.6846067309379578,0.009283887222409248,0.023357059806585312,0.1588374674320221,95729.44444444444
39839,,,0.5912904739379883,0.6664761304855347,0.013199236243963242,0.03115864284336567,0.2574538290500641,95738.33333333333
39847,5.0,,,,,,,95756.11111111111
39848,,8.0,,,,,,95758.33333333333
39856,5.0,,,,,,,95776.11111111111
39857,,8.0,,,,,,95778.33333333333
39871,5.0,,,,,,,95809.44444444444
39872,,8.0,,,,,,95811.66666666667
39885,5.0,,,,,,,95840.55555555556
39886,,8.0,,,,,,95842.77777777778
39891,,,0.5695368051528931,0.6509537100791931,0.011531292460858822,0.027706962078809738,0.1411782056093216,95849.21052631579
39908,5.0,,,,,,,95885.0
39909,,8.0,,,,,,95887.1052631579
39918,5.0,,,,,,,95906.05263157895
39919,,8.0,,,,,,95908.15789473684
39929,5.0,,,,,,,95929.21052631579
39930,,8.0,,,,,,95931.31578947368
39944,5.0,,,,,,,95960.78947368421
39945,,8.0,,,,,,95962.8947368421
39951,,,0.5942016839981079,0.6878306269645691,0.0012523554032668471,0.006480250973254442,-0.10873904824256897,95973.37209302325
39958,5.0,,,,,,,95992.90697674418
39959,,8.0,,,,,,95995.69767441861
39967,5.0,,,,,,,96018.02325581395
39968,,8.0,,,,,,96020.81395348837
39980,5.0,,,,,,,96054.30232558139
39981,,8.0,,,,,,96057.09302325582
39989,5.0,,,,,,,96079.41860465116
39990,,8.0,,,,,,96082.20930232559
39995,,,0.6057218313217163,0.67646324634552,0.004657374229282141,0.02179083228111267,0.07699529826641083,96090.45454545454
40004,5.0,,,,,,,96115.0
40005,,8.0,,,,,,96117.72727272728
40014,5.0,,,,,,,96142.27272727272
40015,,8.0,,,,,,96145.0
40024,5.0,,,,,,,96169.54545454546
40025,,8.0,,,,,,96172.27272727272
40035,5.0,,,,,,,96199.54545454546
40036,,8.0,,,,,,96202.27272727272
40042,,,0.5976419448852539,0.6897479295730591,0.0012056634295731783,0.012997305020689964,-0.07152027636766434,96212.05882352941
40059,5.0,,,,,,,96252.05882352941
40060,,8.0,,,,,,96254.41176470589
40072,5.0,,,,,,,96282.64705882352
40073,,8.0,,,,,,96285.0
40081,5.0,,,,,,,96303.82352941176
40082,,8.0,,,,,,96306.17647058824
40088,5.0,,,,,,,96320.29411764706
40089,,8.0,,,,,,96322.64705882352
40093,,,0.5899242758750916,0.6413099765777588,0.0017158150440081954,0.013246363028883934,0.19673602283000946,96327.85714285714
40094,,,0.6207258701324463,0.6995370388031006,0.008141398429870605,0.04540193825960159,0.45180755853652954,96330.71428571429
40103,5.0,,,,,,,96356.42857142857
40104,,8.0,,,,,,96359.28571428571
40116,5.0,,,,,,,96393.57142857143
40117,,8.0,,,,,,96396.42857142857
40125,5.0,,,,,,,96419.28571428571
40126,,8.0,,,,,,96422.14285714286
40132,5.0,,,,,,,96439.28571428571
40133,,8.0,,,,,,96442.14285714286
40139,,,0.5298430919647217,0.5743774771690369,0.003033291082829237,0.00567591143772006,0.2347669154405594,96452.3469387755
40149,5.0,,,,,,,96476.83673469388
40150,,8.0,,,,,,96479.28571428571
40161,5.0,,,,,,,96506.22448979592
40162,,8.0,,,,,,96508.67346938775
40170,5.0,,,,,,,96528.26530612246
40171,,8.0,,,,,,96530.71428571429
40183,5.0,,,,,,,96560.10204081633
40184,,8.0,,,,,,96562.55102040817
40189,,,0.5783504247665405,0.6701996922492981,0.0047055999748408794,0.01633673533797264,0.34537485241889954,96570.71428571429
40200,5.0,,,,,,,96602.14285714286
40201,,8.0,,,,,,96605.0
40208,5.0,,,,,,,96625.0
40209,,8.0,,,,,,96627.85714285714
40216,5.0,,,,,,,96647.85714285714
40217,,8.0,,,,,,96650.71428571429
40227,5.0,,,,,,,96679.28571428571
40228,,8.0,,,,,,96682.14285714286
40232,,,0.6381233930587769,0.7245579957962036,0.004191433545202017,0.02191860042512417,0.3647018373012543,96687.66666666667
40242,5.0,,,,,,,96714.33333333333
40243,,8.0,,,,,,96717.0
40254,5.0,,,,,,,96746.33333333333
40255,,8.0,,,,,,96749.0
40265,5.0,,,,,,,96775.66666666667
40266,,8.0,,,,,,96778.33333333333
40274,5.0,,,,,,,96799.66666666667
40275,,8.0,,,,,,96802.33333333333
40281,,,0.590031087398529,0.6824883818626404,0.003795540425926447,0.010040882974863052,0.3815264105796814,96812.3469387755
40294,5.0,,,,,,,96844.1836734694
40295,,8.0,,,,,,96846.63265306123
40306,5.0,,,,,,,96873.57142857143
40307,,8.0,,,,,,96876.02040816327
40315,5.0,,,,,,,96895.61224489796
40316,,8.0,,,,,,96898.0612244898
40325,5.0,,,,,,,96920.10204081633
40326,,8.0,,,,,,96922.55102040817
40330,,,0.5934067964553833,0.683302104473114,0.009527084417641163,0.02744133584201336,0.3973919153213501,96927.44897959183
40336,,,0.6175984144210815,0.6892038583755493,0.0012929968070238829,0.010119288228452206,0.27864328026771545,96942.14285714286
40343,5.0,,,,,,,96959.28571428571
40344,,8.0,,,,,,96961.73469387754
40356,5.0,,,,,,,96991.12244897959
40357,,8.0,,,,,,96993.57142857143
40366,5.0,,,,,,,97015.61224489796
40367,,8.0,,,,,,97018.0612244898
40376,5.0,,,,,,,97040.10204081633
40377,,8.0,,,,,,97042.55102040817
40387,,,0.611266016960144,0.7108118534088135,0.020258087664842606,0.032176509499549866,0.41928914189338684,97060.27272727272
40399,5.0,,,,,,,97086.45454545454
40400,,8.0,,,,,,97088.63636363637
40410,5.0,,,,,,,97110.45454545454
40411,,8.0,,,,,,97112.63636363637
40422,5.0,,,,,,,97136.63636363637
40423,,8.0,,,,,,97138.81818181818
40433,5.0,,,,,,,97160.63636363637
40434,,8.0,,,,,,97162.81818181818
40439,,,0.6109802722930908,0.7290114164352417,0.009137100540101528,0.018587971106171608,0.08418397605419159,97170.10638297872
40451,5.0,,,,,,,97200.74468085106
40452,,8.0,,,,,,97203.29787234042
40465,5.0,,,,,,,97236.48936170213
40466,,8.0,,,,,,97239.0425531915
40473,5.0,,,,,,,97256.91489361702
40474,,8.0,,,,,,97259.46808510639
40482,5.0,,,,,,,97279.89361702128
40483,,8.0,,,,,,97282.44680851063
40489,,,0.6223973035812378,0.7100592255592346,0.00034722487907856703,0.030820321291685104,0.24147872626781464,97294.0
40495,5.0,,,,,,,97312.0
40496,,8.0,,,,,,97315.0
40506,5.0,,,,,,,97345.0
40507,,8.0,,,,,,97348.0
40516,5.0,,,,,,,97375.0
40517,,8.0,,,,,,97378.0
40524,5.0,,,,,,,97399.0
40525,,8.0,,,,,,97402.0
40532,,,0.5791152715682983,0.6499099731445312,0.006196075119078159,0.025562334805727005,0.138465017080307,97414.23076923077
40547,5.0,,,,,,,97448.84615384616
40548,,8.0,,,,,,97451.15384615384
40555,5.0,,,,,,,97467.30769230769
40556,,8.0,,,,,,97469.61538461539
40567,5.0,,,,,,,97495.0
40568,,8.0,,,,,,97497.30769230769
40578,5.0,,,,,,,97520.38461538461
40579,,8.0,,,,,,97522.69230769231
40583,,,0.5408117175102234,0.6168398261070251,0.005061822943389416,0.021135574206709862,0.36019161343574524,97527.85714285714
40587,,,0.5230530500411987,0.6096128821372986,0.0011914079077541828,0.014516332186758518,0.186698317527771,97539.28571428571
40593,5.0,,,,,,,97556.42857142857
40594,,8.0,,,,,,97559.28571428571
40602,5.0,,,,,,,97582.14285714286
40603,,8.0,,,,,,97585.0
40613,5.0,,,,,,,97613.57142857143
40614,,8.0,,,,,,97616.42857142857
40622,5.0,,,,,,,97639.28571428571
40623,,8.0,,,,,,97642.14285714286
40631,,,0.5869774222373962,0.6846721768379211,0.011429651640355587,0.02714143879711628,0.30139482021331787,97663.75
40636,5.0,,,,,,,97682.5
40637,,8.0,,,,,,97686.25
40641,5.0,,,,,,,97701.25
40642,,8.0,,,,,,97705.0
40647,5.0,,,,,,,97723.75
40648,,8.0,,,,,,97727.5
40656,5.0,,,,,,,97757.5
40657,,8.0,,,,,,97761.25
40663,,,0.5670488476753235,0.6348866820335388,0.00998762622475624,0.03557256609201431,0.3620821535587311,97772.82608695653
40673,5.0,,,,,,,97798.91304347826
40674,,8.0,,,,,,97801.52173913043
40684,5.0,,,,,,,97827.60869565218
40685,,8.0,,,,,,97830.21739130435
40694,5.0,,,,,,,97853.69565217392
40695,,8.0,,,,,,97856.30434782608
40704,5.0,,,,,,,97879.78260869565
40705,,8.0,,,,,,97882.39130434782
40709,,,0.5980641841888428,0.6756890416145325,0.007666678633540869,0.029161473736166954,0.35144126415252686,97887.9268292683
40721,5.0,,,,,,,97923.0487804878
40722,,8.0,,,,,,97925.9756097561
40728,5.0,,,,,,,97943.53658536586
40729,,8.0,,,,,,97946.46341463414
40739,5.0,,,,,,,97975.73170731707
40740,,8.0,,,,,,97978.65853658537
40747,5.0,,,,,,,97999.14634146342
40748,,8.0,,,,,,98002.0731707317
40755,,,0.6891641616821289,0.7611830234527588,0.004556275904178619,0.02708016149699688,0.09642162919044495,98013.88888888889
40768,5.0,,,,,,,98042.77777777778
40769,,8.0,,,,,,98045.0
40779,5.0,,,,,,,98067.22222222222
40780,,8.0,,,,,,98069.44444444444
40791,5.0,,,,,,,98093.88888888889
40792,,8.0,,,,,,98096.11111111111
40803,5.0,,,,,,,98120.55555555556
40804,,8.0,,,,,,98122.77777777778
40809,,,0.6835277080535889,0.7605697512626648,0.0018456127727404237,0.017137520015239716,0.5361284613609314,98129.33333333333
40810,,,0.642869234085083,0.7263076901435852,0.0027317116037011147,0.024956803768873215,0.651097297668457,98131.5
40818,5.0,,,,,,,98148.83333333333
40819,,8.0,,,,,,98151.0
40827,5.0,,,,,,,98168.33333333333
40828,,8.0,,,,,,98170.5
40836,5.0,,,,,,,98187.83333333333
40837,,8.0,,,,,,98190.0
40847,5.0,,,,,,,98211.66666666667
40848,,8.0,,,,,,98213.83333333333
40853,,,0.6027345061302185,0.7028130292892456,0.006927689537405968,0.02468009851872921,0.5516095161437988,98222.0
40859,5.0,,,,,,,98240.0
40860,,8.0,,,,,,98243.0
40869,5.0,,,,,,,98270.0
40870,,8.0,,,,,,98273.0
40881,5.0,,,,,,,98306.0
40882,,8.0,,,,,,98309.0
40889,5.0,,,,,,,98330.0
40890,,8.0,,,,,,98333.0
40896,,,0.6214669346809387,0.6810489892959595,0.0032443522941321135,0.018686484545469284,0.5820604562759399,98346.28571428571
40906,5.0,,,,,,,98380.57142857143
40907,,8.0,,,,,,98384.0
40912,5.0,,,,,,,98401.14285714286
40913,,8.0,,,,,,98404.57142857143
40921,5.0,,,,,,,98432.0
40922,,8.0,,,,,,98435.42857142857
40926,5.0,,,,,,,98449.14285714286
40927,,8.0,,,,,,98452.57142857143
40932,,,0.6206801533699036,0.6858018636703491,0.007785058114677668,0.02274690382182598,0.5779297947883606,98460.8
40948,5.0,,,,,,,98499.2
40949,,8.0,,,,,,98501.6
40961,5.0,,,,,,,98530.4
40962,,8.0,,,,,,98532.8
40970,5.0,,,,,,,98552.0
40971,,8.0,,,,,,98554.4
40978,5.0,,,,,,,98571.2
40979,,8.0,,,,,,98573.6
40985,,,0.6218576431274414,0.709671676158905,0.0059830560348927975,0.022067077457904816,0.3329789638519287,98584.57142857143
40996,5.0,,,,,,,98616.0
40997,,8.0,,,,,,98618.85714285714
41003,5.0,,,,,,,98636.0
41004,,8.0,,,,,,98638.85714285714
41014,5.0,,,,,,,98667.42857142857
41015,,8.0,,,,,,98670.28571428571
41022,5.0,,,,,,,98690.28571428571
41023,,8.0,,,,,,98693.14285714286
41027,,,0.6201701760292053,0.6949057579040527,0.0003592374559957534,0.026471847668290138,0.21750947833061218,98698.35294117648
41030,,,0.5857753157615662,0.6500093936920166,0.004441731609404087,0.018042458221316338,0.14293977618217468,98705.41176470589
41044,5.0,,,,,,,98738.35294117648
41045,,8.0,,,,,,98740.70588235294
41053,5.0,,,,,,,98759.5294117647
41054,,8.0,,,,,,98761.88235294117
41065,5.0,,,,,,,98787.76470588235
41066,,8.0,,,,,,98790.11764705883
41075,5.0,,,,,,,98811.29411764706
41076,,8.0,,,,,,98813.64705882352
41082,,,0.6191492080688477,0.6705582737922668,0.006010930985212326,0.015938760712742805,0.3471650183200836,98825.0
41089,5.0,,,,,,,98846.0
41090,,8.0,,,,,,98849.0
41098,5.0,,,,,,,98873.0
41099,,8.0,,,,,,98876.0
41107,5.0,,,,,,,98900.0
41108,,8.0,,,,,,98903.0
41117,5.0,,,,,,,98930.0
41118,,8.0,,,,,,98933.0
41123,,,0.5390351414680481,0.6192546486854553,0.006284696515649557,0.026236517354846,0.32861578464508057,98938.69387755102
41134,5.0,,,,,,,98953.51020408163
41135,,8.0,,,,,,98954.85714285714
41145,5.0,,,,,,,98968.32653061225
41146,,8.0,,,,,,98969.67346938775
41158,5.0,,,,,,,98985.83673469388
41159,,8.0,,,,,,98987.1836734694
41168,5.0,,,,,,,98999.30612244898
41169,,8.0,,,,,,99000.6530612245
41173,,,0.5480480790138245,0.6358309984207153,0.0064091794192790985,0.04179657995700836,0.4927997291088104,99004.44897959183
41181,5.0,,,,,,,99024.04081632652
41182,,8.0,,,,,,99026.48979591837
41196,5.0,,,,,,,99060.77551020408
41197,,8.0,,,,,,99063.22448979592
41206,5.0,,,,,,,99085.26530612246
41207,,8.0,,,,,,99087.71428571429
41219,5.0,,,,,,,99117.10204081633
41220,,8.0,,,,,,99119.55102040817
41225,,,0.5611926913261414,0.6596906781196594,0.010907107032835484,0.040507107973098755,0.5948094725608826,99126.89795918367
41239,5.0,,,,,,,99161.1836734694
41240,,8.0,,,,,,99163.63265306123
41248,5.0,,,,,,,99183.22448979592
41249,,8.0,,,,,,99185.67346938775
41261,5.0,,,,,,,99215.0612244898
41262,,8.0,,,,,,99217.51020408163
41270,5.0,,,,,,,99237.10204081633
41271,,8.0,,,,,,99239.55102040817
41276,,,0.6068865060806274,0.6583386063575745,0.003879997180774808,0.014866161160171032,0.35326606035232544,99244.70833333333
41280,,,0.6137872934341431,0.6804483532905579,0.007014330942183733,0.032281845808029175,0.5255036950111389,99250.125
41295,5.0,,,,,,,99270.4375
41296,,8.0,,,,,,99271.79166666667
41303,5.0,,,,,,,99281.27083333333
41304,,8.0,,,,,,99282.625
41313,5.0,,,,,,,99294.8125
41314,,8.0,,,,,,99296.16666666667
41320,5.0,,,,,,,99304.29166666667
41321,,8.0,,,,,,99305.64583333333
41328,,,0.5917154550552368,0.6886862516403198,0.0026927385479211807,0.021899551153182983,0.47322627902030945,99312.95348837209
41335,5.0,,,,,,,99323.37209302325
41336,,8.0,,,,,,99324.86046511628
41347,5.0,,,,,,,99341.23255813954
41348,,8.0,,,,,,99342.72093023256
41357,5.0,,,,,,,99356.11627906977
41358,,8.0,,,,,,99357.6046511628
41365,5.0,,,,,,,99368.02325581395
41366,,8.0,,,,,,99369.51162790698
41372,,,0.5926677584648132,0.6629530787467957,-0.002776576206088066,0.010037102736532688,0.45316722989082336,99377.7924528302
41386,5.0,,,,,,,99409.49056603774
41387,,8.0,,,,,,99411.75471698113
41400,5.0,,,,,,,99441.18867924529
41401,,8.0,,,,,,99443.45283018867
41412,5.0,,,,,,,99468.35849056604
41413,,8.0,,,,,,99470.62264150943
41420,5.0,,,,,,,99486.47169811321
41421,,8.0,,,,,,99488.7358490566
41425,,,0.5787258148193359,0.6239897608757019,0.0037799449637532234,0.017728442326188087,0.43589141964912415,99493.60869565218
41437,5.0,,,,,,,99524.91304347826
41438,,8.0,,,,,,99527.52173913043
41447,5.0,,,,,,,99551.0
41448,,8.0,,,,,,99553.60869565218
41458,5.0,,,,,,,99579.69565217392
41459,,8.0,,,,,,99582.30434782608
41468,5.0,,,,,,,99605.78260869565
41469,,8.0,,,,,,99608.39130434782
41474,,,0.6045619249343872,0.6605113744735718,0.00900009460747242,0.03383946791291237,0.37523218989372253,99613.97959183673
41489,5.0,,,,,,,99636.32653061225
41490,,8.0,,,,,,99637.8163265306
41500,5.0,,,,,,,99652.71428571429
41501,,8.0,,,,,,99654.20408163265
41514,5.0,,,,,,,99673.57142857143
41515,,8.0,,,,,,99675.0612244898
41519,5.0,,,,,,,99681.02040816327
41520,,8.0,,,,,,99682.51020408163
41524,,,0.6324625611305237,0.7165477871894836,0.015686772763729095,0.03881218656897545,0.5026887655258179,99686.5
41530,,,0.6209203004837036,0.7385004758834839,0.02184486575424671,0.044319506734609604,0.6084828972816467,99701.5
41536,5.0,,,,,,,99716.5
41537,,8.0,,,,,,99719.0
41548,5.0,,,,,,,99746.5
41549,,8.0,,,,,,99749.0
41558,5.0,,,,,,,99771.5
41559,,8.0,,,,,,99774.0
41569,5.0,,,,,,,99799.0
41570,,8.0,,,,,,99801.5
41576,,,0.5969159603118896,0.6752835512161255,-0.00014871392340864986,0.022820351645350456,0.30394983291625977,99812.37209302325
41586,5.0,,,,,,,99840.27906976744
41587,,8.0,,,,,,99843.06976744186
41597,5.0,,,,,,,99870.97674418605
41598,,8.0,,,,,,99873.76744186046
41606,5.0,,,,,,,99896.09302325582
41607,,8.0,,,,,,99898.88372093023
41614,5.0,,,,,,,99918.41860465116
41615,,8.0,,,,,,99921.20930232559
41621,,,0.5784462690353394,0.6763448119163513,0.0030609031673520803,0.008848344907164574,-0.0006158848409540951,99932.18181818182
41629,5.0,,,,,,,99954.0
41630,,8.0,,,,,,99956.72727272728
41639,5.0,,,,,,,99981.27272727272
41640,,8.0,,,,,,99984.0
41648,5.0,,,,,,,100005.81818181818
41649,,8.0,,,,,,100008.54545454546
41660,5.0,,,,,,,100038.54545454546
41661,,8.0,,,,,,100041.27272727272
41665,,,0.5983532071113586,0.6752592921257019,0.0019972214940935373,0.010323096998035908,-0.111170694231987,100046.60869565218
41679,5.0,,,,,,,100083.13043478261
41680,,8.0,,,,,,100085.73913043478
41686,5.0,,,,,,,100101.39130434782
41687,,8.0,,,,,,100104.0
41702,5.0,,,,,,,100143.13043478261
41703,,8.0,,,,,,100145.73913043478
41708,5.0,,,,,,,100158.78260869565
41709,,8.0,,,,,,100161.39130434782
41714,,,0.5771333575248718,0.6262897253036499,0.006480940151959658,0.026653865352272987,0.04755504056811333,100169.33333333333
41725,5.0,,,,,,,100198.66666666667
41726,,8.0,,,,,,100201.33333333333
41733,5.0,,,,,,,100220.0
41734,,8.0,,,,,,100222.66666666667
41744,5.0,,,,,,,100249.33333333333
41745,,8.0,,,,,,100252.0
41755,5.0,,,,,,,100278.66666666667
41756,,8.0,,,,,,100281.33333333333
41761,,,0.5931302309036255,0.6729802489280701,0.005170520395040512,0.012856847606599331,0.02403782308101654,100289.21739130435
41763,,,0.5810839533805847,0.677139937877655,0.0024056495167315006,0.00777934305369854,-0.016558203846216202,100294.43478260869
41775,5.0,,,,,,,100325.73913043478
41776,,8.0,,,,,,100328.34782608696
41786,5.0,,,,,,,100354.43478260869
41787,,8.0,,,,,,100357.04347826086
41795,5.0,,,,,,,100377.91304347826
41796,,8.0,,,,,,100380.52173913043
41803,5.0,,,,,,,100398.78260869565
41804,,8.0,,,,,,100401.39130434782
41809,,,0.6107953190803528,0.6834447979927063,0.010175837203860283,0.04281702637672424,0.3099130690097809,100409.45454545454
41817,5.0,,,,,,,100431.27272727272
41818,,8.0,,,,,,100434.0
41830,5.0,,,,,,,100466.72727272728
41831,,8.0,,,,,,100469.45454545454
41841,5.0,,,,,,,100496.72727272728
41842,,8.0,,,,,,100499.45454545454
41849,5.0,,,,,,,100518.54545454546
41850,,8.0,,,,,,100521.27272727272
41855,,,0.5969640016555786,0.71336430311203,0.0018346753204241395,0.026447730138897896,0.08643540740013123,100529.45454545454
41868,5.0,,,,,,,100564.90909090909
41869,,8.0,,,,,,100567.63636363637
41878,5.0,,,,,,,100592.18181818182
41879,,8.0,,,,,,100594.90909090909
41887,5.0,,,,,,,100616.72727272728
41888,,8.0,,,,,,100619.45454545454
41895,5.0,,,,,,,100638.54545454546
41896,,8.0,,,,,,100641.27272727272
41900,,,0.58256596326828,0.689229428768158,0.00981053151190281,0.027515042573213577,-0.0005263096536509693,100646.9268292683
41909,5.0,,,,,,,100673.26829268293
41910,,8.0,,,,,,100676.19512195123
41918,5.0,,,,,,,100699.60975609756
41919,,8.0,,,,,,100702.53658536586
41928,5.0,,,,,,,100728.87804878049
41929,,8.0,,,,,,100731.80487804877
41938,5.0,,,,,,,100758.14634146342
41939,,8.0,,,,,,100761.0731707317
41943,,,0.5869380235671997,0.6674016118049622,0.0067207966931164265,0.014255903661251068,0.09787707775831223,100766.66666666667
41952,5.0,,,,,,,100790.66666666667
41953,,8.0,,,,,,100793.33333333333
41965,5.0,,,,,,,100825.33333333333
41966,,8.0,,,,,,100828.0
41975,5.0,,,,,,,100852.0
41976,,8.0,,,,,,100854.66666666667
41985,5.0,,,,,,,100878.66666666667
41986,,8.0,,,,,,100881.33333333333
41990,,,0.5923342704772949,0.6660033464431763,0.0007010502158664167,0.009127078577876091,0.02402746118605137,100886.55319148937
41994,,,0.5867157578468323,0.6686931848526001,0.013240874744951725,0.02879323437809944,0.18615417182445526,100896.76595744681
42003,5.0,,,,,,,100919.74468085106
42004,,8.0,,,,,,100922.29787234042
42015,5.0,,,,,,,100950.3829787234
42016,,8.0,,,,,,100952.93617021276
42022,5.0,,,,,,,100968.25531914894
42023,,8.0,,,,,,100970.8085106383
42034,5.0,,,,,,,100998.89361702128
42035,,8.0,,,,,,101001.44680851063
42042,,,0.6280784010887146,0.7383504509925842,0.015292496420443058,0.03263368085026741,0.3213135898113251,101015.70731707317
42050,5.0,,,,,,,101039.12195121951
42051,,8.0,,,,,,101042.0487804878
42061,5.0,,,,,,,101071.31707317074
42062,,8.0,,,,,,101074.24390243902
42070,5.0,,,,,,,101097.65853658537
42071,,8.0,,,,,,101100.58536585367
42077,5.0,,,,,,,101118.14634146342
42078,,8.0,,,,,,101121.0731707317
42083,,,0.6246805787086487,0.7010321021080017,0.0033744494430720806,0.018645327538251877,0.17077763378620148,101129.0
42096,5.0,,,,,,,101161.5
42097,,8.0,,,,,,101164.0
42109,5.0,,,,,,,101194.0
42110,,8.0,,,,,,101196.5
42121,5.0,,,,,,,101224.0
42122,,8.0,,,,,,101226.5
42127,5.0,,,,,,,101239.0
42128,,8.0,,,,,,101241.5
42133,,,0.5986976623535156,0.7093473076820374,0.005885864142328501,0.02876570262014866,0.17345044016838074,101249.21739130435
42147,5.0,,,,,,,101285.73913043478
42148,,8.0,,,,,,101288.34782608696
42157,5.0,,,,,,,101311.82608695653
42158,,8.0,,,,,,101314.43478260869
42166,5.0,,,,,,,101335.30434782608
42167,,8.0,,,,,,101337.91304347826
42175,5.0,,,,,,,101358.78260869565
42176,,8.0,,,,,,101361.39130434782
42183,,,0.5500715374946594,0.615382969379425,0.012401824817061424,0.031275928020477295,0.09511475265026093,101375.16279069768
42193,5.0,,,,,,,101403.06976744186
42194,,8.0,,,,,,101405.86046511628
42200,5.0,,,,,,,101422.6046511628
42201,,8.0,,,,,,101425.3953488372
42212,5.0,,,,,,,101456.09302325582
42213,,8.0,,,,,,101458.88372093023
42220,5.0,,,,,,,101478.41860465116
42221,,8.0,,,,,,101481.20930232559
42226,,,0.6205959320068359,0.7044086456298828,-0.0033941965084522963,0.020476726815104485,0.14540502429008484,101489.58139534884
42228,,,0.6297590732574463,0.70821213722229,0.0035668062046170235,0.02759137749671936,0.1427215188741684,101495.16279069768
42237,5.0,,,,,,,101520.27906976744
42238,,8.0,,,,,,101523.06976744186
42248,5.0,,,,,,,101550.97674418605
42249,,8.0,,,,,,101553.76744186046
42256,5.0,,,,,,,101573.30232558139
42257,,8.0,,,,,,101576.09302325582
42265,5.0,,,,,,,101598.41860465116
42266,,8.0,,,,,,101601.20930232559
42272,,,0.6133620142936707,0.6635351181030273,-6.417179974960163e-05,0.011252384632825851,0.21066926419734955,101611.3469387755
42280,5.0,,,,,,,101630.9387755102
42281,,8.0,,,,,,101633.38775510204
42295,5.0,,,,,,,101667.67346938775
42296,,8.0,,,,,,101670.12244897959
42305,5.0,,,,,,,101692.16326530612
42306,,8.0,,,,,,101694.61224489796
42316,5.0,,,,,,,101719.10204081633
42317,,8.0,,,,,,101721.55102040817
42322,,,0.6099838018417358,0.7037264704704285,0.01053901482373476,0.018397249281406403,0.39714768528938293,101730.31578947368
42327,5.0,,,,,,,101746.1052631579
42328,,8.0,,,,,,101749.26315789473
42336,5.0,,,,,,,101774.52631578948
42337,,8.0,,,,,,101777.68421052632
42346,5.0,,,,,,,101806.1052631579
42347,,8.0,,,,,,101809.26315789473
42356,5.0,,,,,,,101837.68421052632
42357,,8.0,,,,,,101840.84210526316
42361,,,0.6048194766044617,0.6480131149291992,0.007466595619916916,0.019031574949622154,0.6617887616157532,101846.44897959183
42375,5.0,,,,,,,101880.73469387754
42376,,8.0,,,,,,101883.1836734694
42388,5.0,,,,,,,101912.57142857143
42389,,8.0,,,,,,101915.02040816327
42396,5.0,,,,,,,101932.16326530612
42397,,8.0,,,,,,101934.61224489796
42407,5.0,,,,,,,101959.10204081633
42408,,8.0,,,,,,101961.55102040817
42413,,,0.626862645149231,0.6664929986000061,0.019551459699869156,0.044221967458724976,0.6447824835777283,101969.0
42420,5.0,,,,,,,101986.5
42421,,8.0,,,,,,101989.0
42434,5.0,,,,,,,102021.5
42435,,8.0,,,,,,102024.0
42444,5.0,,,,,,,102046.5
42445,,8.0,,,,,,102049.0
42457,5.0,,,,,,,102079.0
42458,,8.0,,,,,,102081.5
42462,,,0.6492458581924438,0.7182392477989197,0.007111740298569202,0.024387359619140625,0.36185795068740845,102086.9268292683
42465,,,0.624980628490448,0.706944465637207,0.0006708370638079941,0.029140515252947807,0.3372924029827118,102095.70731707317
42474,5.0,,,,,,,102122.0487804878
42475,,8.0,,,,,,102124.9756097561
42481,5.0,,,,,,,102142.53658536586
42482,,8.0,,,,,,102145.46341463414
42488,5.0,,,,,,,102163.0243902439
42489,,8.0,,,,,,102165.9512195122
42500,5.0,,,,,,,102198.14634146342
42501,,8.0,,,,,,102201.0731707317
42505,,,0.599827229976654,0.7208989858627319,0.005492619704455137,0.013209756463766098,0.36527219414711,102206.66666666667
42516,5.0,,,,,,,102236.0
42517,,8.0,,,,,,102238.66666666667
42527,5.0,,,,,,,102265.33333333333
42528,,8.0,,,,,,102268.0
42537,5.0,,,,,,,102292.0
42538,,8.0,,,,,,102294.66666666667
42547,5.0,,,,,,,102318.66666666667
42548,,8.0,,,,,,102321.33333333333
42555,,,0.6228408217430115,0.6964590549468994,0.001823420519940555,0.01401319820433855,0.2510961890220642,102334.0
42569,5.0,,,,,,,102369.0
42570,,8.0,,,,,,102371.5
42580,5.0,,,,,,,102396.5
42581,,8.0,,,,,,102399.0
42590,5.0,,,,,,,102421.5
42591,,8.0,,,,,,102424.0
42597,5.0,,,,,,,102439.0
42598,,8.0,,,,,,102441.5
42603,,,0.6037493944168091,0.6694915294647217,0.010477696545422077,0.023149920627474785,0.2016289234161377,102449.33333333333
42614,5.0,,,,,,,102478.66666666667
42615,,8.0,,,,,,102481.33333333333
42625,5.0,,,,,,,102508.0
42626,,8.0,,,,,,102510.66666666667
42635,5.0,,,,,,,102534.66666666667
42636,,8.0,,,,,,102537.33333333333
42644,5.0,,,,,,,102558.66666666667
42645,,8.0,,,,,,102561.33333333333
42649,,,0.5732154846191406,0.657175600528717,0.004055919125676155,0.01970951072871685,0.2590823471546173,102567.33333333333
42661,5.0,,,,,,,102607.33333333333
42662,,8.0,,,,,,102610.66666666667
42671,5.0,,,,,,,102640.66666666667
42672,,8.0,,,,,,102644.0
42676,5.0,,,,,,,102657.33333333333
42677,,8.0,,,,,,102660.66666666667
42682,5.0,,,,,,,102677.33333333333
42683,,8.0,,,,,,102680.66666666667
42687,,,0.5965683460235596,0.6612670421600342,-0.0027304694522172213,0.03040408529341221,0.21319763362407684,102686.44897959183
42689,,,0.6373664140701294,0.7134524583816528,0.004381628707051277,0.008092579431831837,0.061927057802677155,102691.3469387755
42700,5.0,,,,,,,102718.28571428571
42701,,8.0,,,,,,102720.73469387754
42708,5.0,,,,,,,102737.87755102041
42709,,8.0,,,,,,102740.32653061225
42724,5.0,,,,,,,102777.0612244898
42725,,8.0,,,,,,102779.51020408163
42733,5.0,,,,,,,102799.10204081633
42734,,8.0,,,,,,102801.55102040817
42741,,,0.5706208944320679,0.6500686407089233,0.005398142151534557,0.008814464323222637,0.1738096922636032,102815.42857142857
42749,5.0,,,,,,,102838.28571428571
42750,,8.0,,,,,,102841.14285714286
42758,5.0,,,,,,,102864.0
42759,,8.0,,,,,,102866.85714285714
42771,5.0,,,,,,,102901.14285714286
42772,,8.0,,,,,,102904.0
42777,5.0,,,,,,,102918.28571428571
42778,,8.0,,,,,,102921.14285714286
42785,,,0.5744946002960205,0.6632310748100281,0.02831852436065674,0.04853104054927826,0.5790243148803711,102934.90909090909
42794,5.0,,,,,,,102959.45454545454
42795,,8.0,,,,,,102962.18181818182
42801,5.0,,,,,,,102978.54545454546
42802,,8.0,,,,,,102981.27272727272
42811,5.0,,,,,,,103005.81818181818
42812,,8.0,,,,,,103008.54545454546
42823,5.0,,,,,,,103038.54545454546
42824,,8.0,,,,,,103041.27272727272
42829,,,0.6150520443916321,0.7082388401031494,0.010340499691665173,0.03273502364754677,0.36000919342041016,103049.58139534884
42836,5.0,,,,,,,103069.11627906977
42837,,8.0,,,,,,103071.90697674418
42849,5.0,,,,,,,103105.3953488372
42850,,8.0,,,,,,103108.18604651163
42860,5.0,,,,,,,103136.09302325582
42861,,8.0,,,,,,103138.88372093023
42868,5.0,,,,,,,103158.41860465116
42869,,8.0,,,,,,103161.20930232559
42875,,,0.565969705581665,0.7206207513809204,0.0008471460896544158,0.017309892922639847,0.27779340744018555,103171.05882352941
42888,5.0,,,,,,,103201.64705882352
42889,,8.0,,,,,,103204.0
42900,5.0,,,,,,,103229.88235294117
42901,,8.0,,,,,,103232.23529411765
42910,5.0,,,,,,,103253.41176470589
42911,,8.0,,,,,,103255.76470588235
42921,5.0,,,,,,,103279.29411764706
42922,,8.0,,,,,,103281.64705882352
42926,,,0.7016067504882812,0.7774849534034729,-0.0003377162793185562,0.019200993701815605,0.5473943948745728,103286.66666666667
42929,,,0.6009953022003174,0.6883800029754639,0.008856079541146755,0.018565859645605087,0.5559713840484619,103294.66666666667
42938,5.0,,,,,,,103318.66666666667
42939,,8.0,,,,,,103321.33333333333
42949,5.0,,,,,,,103348.0
42950,,8.0,,,,,,103350.66666666667
42957,5.0,,,,,,,103369.33333333333
42958,,8.0,,,,,,103372.0
42968,5.0,,,,,,,103398.66666666667
42969,,8.0,,,,,,103401.33333333333
42979,,,0.6465610861778259,0.7337770462036133,0.01698843203485012,0.035828012973070145,0.4589734971523285,103420.8
42990,5.0,,,,,,,103447.2
42991,,8.0,,,,,,103449.6
42999,5.0,,,,,,,103468.8
43000,,8.0,,,,,,103471.2
43013,5.0,,,,,,,103502.4
43014,,8.0,,,,,,103504.8
43020,5.0,,,,,,,103519.2
43021,,8.0,,,,,,103521.6
43026,,,0.5936969518661499,0.6838732957839966,0.012012535706162453,0.02062002383172512,0.2423478066921234,103530.85714285714
43035,5.0,,,,,,,103561.71428571429
43036,,8.0,,,,,,103565.14285714286
43042,5.0,,,,,,,103585.71428571429
43043,,8.0,,,,,,103589.14285714286
43049,5.0,,,,,,,103609.71428571429
43050,,8.0,,,,,,103613.14285714286
43057,5.0,,,,,,,103637.14285714286
43058,,8.0,,,,,,103640.57142857143
43062,,,0.6076868772506714,0.667628288269043,0.0007497840560972691,0.026524437591433525,0.21920491755008698,103646.72727272728
43077,5.0,,,,,,,103687.63636363637
43078,,8.0,,,,,,103690.36363636363
43084,5.0,,,,,,,103706.72727272728
43085,,8.0,,,,,,103709.45454545454
43092,5.0,,,,,,,103728.54545454546
43093,,8.0,,,,,,103731.27272727272
43103,5.0,,,,,,,103758.54545454546
43104,,8.0,,,,,,103761.27272727272
43108,,,0.5678078532218933,0.6448161602020264,0.0048801107332110405,0.035913072526454926,0.30627113580703735,103766.9268292683
43121,5.0,,,,,,,103804.9756097561
43122,,8.0,,,,,,103807.90243902439
43129,5.0,,,,,,,103828.39024390244
43130,,8.0,,,,,,103831.31707317074
43138,5.0,,,,,,,103854.73170731707
43139,,8.0,,,,,,103857.65853658537
43146,5.0,,,,,,,103878.14634146342
43147,,8.0,,,,,,103881.0731707317
43151,,,0.5925756096839905,0.6654728055000305,0.0014358845073729753,0.032826926559209824,0.22488002479076385,103886.66666666667
43156,,,0.566883385181427,0.652069628238678,0.003479739185422659,0.013426033779978752,0.08244019001722336,103900.0
43164,5.0,,,,,,,103921.33333333333
43165,,8.0,,,,,,103924.0
43174,5.0,,,,,,,103948.0
43175,,8.0,,,,,,103950.66666666667
43183,5.0,,,,,,,103972.0
43184,,8.0,,,,,,103974.66666666667
43193,5.0,,,,,,,103998.66666666667
43194,,8.0,,,,,,104001.33333333333
43201,,,0.6252182126045227,0.6867426633834839,0.016197258606553078,0.040931154042482376,0.16686032712459564,104014.66666666667
43213,5.0,,,,,,,104046.66666666667
43214,,8.0,,,,,,104049.33333333333
43222,5.0,,,,,,,104070.66666666667
43223,,8.0,,,,,,104073.33333333333
43227,5.0,,,,,,,104084.0
43228,,8.0,,,,,,104086.66666666667
43240,5.0,,,,,,,104118.66666666667
43241,,8.0,,,,,,104121.33333333333
43246,,,0.5933932662010193,0.6977278590202332,0.008890355005860329,0.028578191995620728,0.27163273096084595,104129.85365853658
43254,5.0,,,,,,,104153.26829268293
43255,,8.0,,,,,,104156.19512195123
43265,5.0,,,,,,,104185.46341463414
43266,,8.0,,,,,,104188.39024390244
43276,5.0,,,,,,,104217.65853658537
43277,,8.0,,,,,,104220.58536585367
43283,5.0,,,,,,,104238.14634146342
43284,,8.0,,,,,,104241.0731707317
43290,,,0.6327432990074158,0.7071338295936584,0.006618546321988106,0.023674344643950462,0.08794905245304108,104253.23076923077
43297,5.0,,,,,,,104274.76923076923
43298,,8.0,,,,,,104277.84615384616
43306,5.0,,,,,,,104302.46153846153
43307,,8.0,,,,,,104305.53846153847
43317,5.0,,,,,,,104336.30769230769
43318,,8.0,,,,,,104339.38461538461
43324,5.0,,,,,,,104357.84615384616
43325,,8.0,,,,,,104360.92307692308
43331,,,0.6109399795532227,0.7588523030281067,-0.00030699963099323213,0.0331527478992939,0.1713283360004425,104371.3469387755
43345,5.0,,,,,,,104405.63265306123
43346,,8.0,,,,,,104408.08163265306
43357,5.0,,,,,,,104435.02040816327
43358,,8.0,,,,,,104437.4693877551
43367,5.0,,,,,,,104459.51020408163
43368,,8.0,,,,,,104461.95918367348
43375,5.0,,,,,,,104479.10204081633
43376,,8.0,,,,,,104481.55102040817
43380,,,0.5919221043586731,0.6425691843032837,0.003912423737347126,0.022942667827010155,0.3158467411994934,104487.33333333333
43384,,,0.5421199798583984,0.6120577454566956,0.00018797889060806483,0.004906884394586086,0.08788927644491196,104500.66666666667
43388,5.0,,,,,,,104514.0
43389,,8.0,,,,,,104517.33333333333
43397,5.0,,,,,,,104544.0
43398,,8.0,,,,,,104547.33333333333
43408,5.0,,,,,,,104580.66666666667
43409,,8.0,,,,,,104584.0
43413,5.0,,,,,,,104597.33333333333
43414,,8.0,,,,,,104600.66666666667
43420,,,0.5653395056724548,0.6277337074279785,0.023318251594901085,0.03691279888153076,0.2510649859905243,104610.92307692308
43434,5.0,,,,,,,104643.23076923077
43435,,8.0,,,,,,104645.53846153847
43448,5.0,,,,,,,104675.53846153847
43449,,8.0,,,,,,104677.84615384616
43458,5.0,,,,,,,104698.61538461539
43459,,8.0,,,,,,104700.92307692308
43467,5.0,,,,,,,104719.38461538461
43468,,8.0,,,,,,104721.69230769231
43476,,,0.5530497431755066,0.6577664613723755,0.0078112296760082245,0.035439539700746536,0.4556535482406616,104737.33333333333
43487,5.0,,,,,,,104766.66666666667
43488,,8.0,,,,,,104769.33333333333
43496,5.0,,,,,,,104790.66666666667
43497,,8.0,,,,,,104793.33333333333
43503,5.0,,,,,,,104809.33333333333
43504,,8.0,,,,,,104812.0
43514,5.0,,,,,,,104838.66666666667
43515,,8.0,,,,,,104841.33333333333
43519,,,0.5877720713615417,0.6631439924240112,-0.0008749866392463446,0.011426468379795551,0.17448927462100983,104846.72727272728
43533,5.0,,,,,,,104884.90909090909
43534,,8.0,,,,,,104887.63636363637
43546,5.0,,,,,,,104920.36363636363
43547,,8.0,,,,,,104923.09090909091
43553,5.0,,,,,,,104939.45454545454
43554,,8.0,,,,,,104942.18181818182
43560,5.0,,,,,,,104958.54545454546
43561,,8.0,,,,,,104961.27272727272
43565,,,0.5842291116714478,0.6578328609466553,0.0049162739887833595,0.021255668252706528,0.36365652084350586,104966.55319148937
43575,5.0,,,,,,,104992.08510638298
43576,,8.0,,,,,,104994.63829787234
43586,5.0,,,,,,,105020.17021276595
43587,,8.0,,,,,,105022.72340425532
43598,5.0,,,,,,,105050.8085106383
43599,,8.0,,,,,,105053.36170212766
43609,5.0,,,,,,,105078.89361702128
43610,,8.0,,,,,,105081.44680851063
