step,beta,cost
46.0,,9.0
93.0,,9.0
140.0,,9.0
211.0,,9.0
267.0,,9.0
316.0,,9.0
369.0,,9.0
424.0,,9.0
476.0,,9.0
495.6666666666667,0.00018999999156221747,
506.7291666666667,0.0002799999783746898,
531.3125,0.0004599999519996345,
535.0,,9.0
557.125,0.0005499999388121068,
570.6458333333334,0.0006399999256245792,
590.3125,0.0008199998992495239,
594.0,,9.0
614.25,0.0009099998860619962,
627.75,0.0009999999310821295,
637.875,0.0010899999178946018,
644.625,0.0011799999047070742,
648.0,,9.0
664.9714285714285,0.0012699998915195465,
695.1428571428571,0.0014499998651444912,
708.3428571428572,0.0015399998519569635,
714.0,,9.0
728.6341463414634,0.0016299998387694359,
747.6585365853658,0.0017199998255819082,
754.9756097560976,0.0018099998123943806,
769.609756097561,0.001899999799206853,
774.0,,9.0
789.0,0.0019899997860193253,
799.0,0.0020799997728317976,
812.75,0.00216999975964427,
820.25,0.0022599997464567423,
824.0,,9.0
853.4545454545455,0.002439999720081687,
861.6363636363636,0.0025299997068941593,
873.0909090909091,0.0026199996937066317,
878.0,,9.0
890.4054054054054,0.002709999680519104,
898.6756756756756,0.0027999996673315763,
912.4594594594595,0.0028899996541440487,
924.8648648648649,0.002979999640956521,
929.0,,9.0
940.8611111111111,0.0030699996277689934,
956.1111111111111,0.0031599996145814657,
971.3611111111111,0.003249999601393938,
984.9166666666666,0.0033399995882064104,
990.0,,9.0
1010.625,0.0034299995750188828,
1023.2291666666666,0.003519999561831355,
1031.25,0.0036099995486438274,
1041.5625,0.0036999995354562998,
1045.0,,9.0
1061.3513513513512,0.003789999522268772,
1073.2432432432433,0.0038799995090812445,
1083.6486486486488,0.003969999495893717,
1095.5405405405406,0.004059999715536833,
1100.0,,9.0
1111.96,0.004149999935179949,
1123.0,0.004240000154823065,
1132.2,0.004330000374466181,
1143.24,0.004420000594109297,
1146.0,,9.0
1191.0,0.004510000813752413,
1266.0,0.004690001253038645,
1314.75,0.004780001472681761,
1326.0,,9.0
1342.4237288135594,0.004870001692324877,
1353.6610169491526,0.004960001911967993,
1363.1694915254238,0.005050002131611109,
1374.406779661017,0.005140002351254225,
1377.0,,9.0
1390.8666666666666,0.005230002570897341,
1402.6,0.005320002790540457,
1412.2,0.005410003010183573,
1421.8,0.005500003229826689,
1425.0,,9.0
1441.276595744681,0.005590003449469805,
1462.9787234042553,0.005770003888756037,
1472.7446808510638,0.005860004108399153,
1476.0,,9.0
1490.0,0.005950004328042269,
1503.0,0.006040004547685385,
1514.0,0.006130004767328501,
1525.0,0.006220004986971617,
1528.0,,9.0
1545.5,0.006310005206614733,
1553.6666666666667,0.006400005426257849,
1560.6666666666667,0.006490005645900965,
1573.5,0.006580005865544081,
1577.0,,9.0
1596.5652173913043,0.006670006085187197,
1610.9130434782608,0.006760006304830313,
1623.9565217391305,0.006850006524473429,
1633.0869565217392,0.006940006744116545,
1637.0,,9.0
1652.076923076923,0.007030006963759661,
1665.0,0.007120007183402777,
1677.923076923077,0.007210007403045893,
1689.7692307692307,0.007300007622689009,
1693.0,,9.0
1717.0,0.007480008061975241,
1726.391304347826,0.007570008281618357,
1737.8695652173913,0.007660008501261473,
1741.0,,9.0
1750.6744186046512,0.007750008720904589,
1765.1860465116279,0.007840008474886417,
1779.6976744186047,0.007930008694529533,
1789.3720930232557,0.00802000891417265,
1793.0,,9.0
1828.36,0.008110009133815765,
1851.24,0.008200009353458881,
1872.04,0.008290009573101997,
1890.76,0.008380009792745113,
1897.0,,9.0
1985.301886792453,0.008560010232031345,
2039.6415094339623,0.008650010451674461,
2066.811320754717,0.008740010671317577,
2077.0,,9.0
2088.5384615384614,0.008830010890960693,
2102.641025641026,0.00892001111060381,
2112.897435897436,0.009010011330246925,
2123.153846153846,0.009100011549890041,
2127.0,,9.0
2145.2,0.009190011769533157,
2160.8,0.009280011989176273,
2173.8,0.00937001220881939,
2188.1,0.009460012428462505,
2192.0,,9.0
2242.8695652173915,0.009550012648105621,
2297.6521739130435,0.009640012867748737,
2360.2608695652175,0.00982001330703497,
2372.0,,9.0
2433.4634146341464,0.009910013526678085,
2459.8048780487807,0.010000013746321201,
2508.0975609756097,0.010090013965964317,
2538.829268292683,0.010180014185607433,
2552.0,,9.0
2568.6739130434785,0.01027001440525055,
2595.608695652174,0.010450014844536781,
2611.0,,9.0
2625.086956521739,0.010630015283823013,
2636.8260869565215,0.01072001550346613,
2647.391304347826,0.010810015723109245,
2661.478260869565,0.010900015942752361,
2665.0,,9.0
2678.72,0.010990016162395477,
2688.52,0.011080016382038593,
2702.24,0.01117001660168171,
2711.06,0.011260016821324825,
2714.0,,9.0
2736.653846153846,0.011350017040967941,
2748.576923076923,0.011440017260611057,
2759.3076923076924,0.011530017480254173,
2772.423076923077,0.01162001769989729,
2776.0,,9.0
2826.943396226415,0.011710017919540405,
2901.6603773584907,0.011890018358826637,
2945.811320754717,0.011980018578469753,
2956.0,,9.0
3048.0,0.012160019017755985,
3084.0,0.012250019237399101,
3124.0,0.012340019457042217,
3136.0,,9.0
3183.1428571428573,0.012430019676685333,
3256.0,0.012610020115971565,
3303.1428571428573,0.012700020335614681,
3316.0,,9.0
3408.093023255814,0.012880020774900913,
3445.767441860465,0.01297002099454403,
3483.4418604651164,0.013060021214187145,
3496.0,,9.0
3523.6170212765956,0.013240021653473377,
3539.936170212766,0.013330021873116493,
3555.0,,9.0
3599.081632653061,0.013510022312402725,
3632.1428571428573,0.013600022532045841,
3679.8979591836733,0.013690022751688957,
3735.0,,9.0
3748.673469387755,0.01387002319097519,
3766.4489795918366,0.013960023410618305,
3784.2244897959185,0.014050023630261421,
3797.8979591836733,0.014140023849904537,
3802.0,,9.0
3813.6341463414633,0.014230024069547653,
3823.9756097560976,0.01432002428919077,
3838.1951219512193,0.014410024508833885,
3851.121951219512,0.014500024728477001,
3855.0,,9.0
3869.4545454545455,0.014590024948120117,
3892.340909090909,0.01477002538740635,
3904.3863636363635,0.014860025607049465,
3908.0,,9.0
3923.8260869565215,0.014950025826692581,
3949.391304347826,0.015130026265978813,
3960.3478260869565,0.01522002648562193,
3964.0,,9.0
3982.2,0.015310026705265045,
4001.7,0.015400026924908161,
4013.4,0.015490027144551277,
4025.1,0.015580027364194393,
4029.0,,9.0
4085.0,0.01567002758383751,
4121.0,0.01576002687215805,
4153.0,0.015850026160478592,
4197.0,0.015940025448799133,
4209.0,,9.0
4252.04347826087,0.016030024737119675,
4287.260869565217,0.016120024025440216,
4326.391304347826,0.016210023313760757,
4389.0,,9.0
4420.658536585366,0.01648002117872238,
4433.609756097561,0.016570020467042923,
4443.682926829269,0.016660019755363464,
4448.0,,9.0
4504.25,0.016750019043684006,
4523.0,0.016840018332004547,
4616.75,0.01702001690864563,
4628.0,,9.0
4655.55,0.017200015485286713,
4681.65,0.017380014061927795,
4686.0,,9.0
4706.9,0.017470013350248337,
4715.7,0.017560012638568878,
4727.8,0.01765001192688942,
4737.7,0.01774001121520996,
4741.0,,9.0
4755.3,0.017830010503530502,
4768.5,0.017920009791851044,
4782.8,0.018010009080171585,
4792.7,0.018100008368492126,
4796.0,,9.0
4819.872340425532,0.01828000694513321,
4830.723404255319,0.01837000623345375,
4843.744680851064,0.018460005521774292,
4847.0,,9.0
4864.581395348837,0.018550004810094833,
4875.883720930233,0.018640004098415375,
4897.232558139535,0.018820002675056458,
4901.0,,9.0
4926.714285714285,0.018910001963377,
4934.428571428572,0.01900000125169754,
4960.142857142857,0.019179999828338623,
4964.0,,9.0
4977.708333333333,0.019269999116659164,
4986.520833333333,0.019359998404979706,
4995.333333333333,0.019449997693300247,
5011.0,,9.0
5024.0,0.01962999626994133,
5035.7,0.01971999555826187,
5059.1,0.019899994134902954,
5063.0,,9.0
5070.897959183673,0.019989993423223495,
5080.551020408163,0.020079992711544037,
5091.959183673469,0.020169991999864578,
5103.367346938776,0.02025999128818512,
5106.0,,9.0
5120.081632653061,0.02034999057650566,
5128.530612244898,0.020439989864826202,
5140.734693877551,0.020529989153146744,
5149.183673469388,0.020619988441467285,
5152.0,,9.0
5166.04,0.020709987729787827,
5176.84,0.020799987018108368,
5191.96,0.02088998630642891,
5202.76,0.02097998559474945,
5206.0,,9.0
5231.641025641025,0.021159984171390533,
5243.179487179487,0.021249983459711075,
5252.153846153846,0.021339982748031616,
5256.0,,9.0
5265.837209302325,0.021429982036352158,
5275.674418604651,0.0215199813246727,
5286.604651162791,0.02160998061299324,
5299.720930232558,0.021699979901313782,
5303.0,,9.0
5318.714285714285,0.021789979189634323,
5330.5,0.021879978477954865,
5342.285714285715,0.021969977766275406,
5354.071428571428,0.022059977054595947,
5358.0,,9.0
5407.411764705882,0.02214997634291649,
5488.588235294118,0.02232997491955757,
5527.411764705882,0.022419974207878113,
5538.0,,9.0
5549.511627906977,0.022509973496198654,
5567.418604651163,0.022599972784519196,
5577.6511627906975,0.022689972072839737,
5589.162790697675,0.02277997136116028,
5593.0,,9.0
5610.42,0.02286997064948082,
5625.16,0.02295996993780136,
5641.24,0.023049969226121902,
5655.98,0.023139968514442444,
5660.0,,9.0
5676.545454545455,0.023229967802762985,
5688.0,0.023319967091083527,
5699.454545454545,0.023409966379404068,
5716.0,,9.0
5732.0,0.02358996495604515,
5744.0,0.023679964244365692,
5766.0,0.023859962821006775,
5769.0,,9.0
5786.303571428572,0.023949962109327316,
5800.553571428572,0.024039961397647858,
5822.946428571428,0.02421995997428894,
5826.0,,9.0
5856.232558139535,0.024399958550930023,
5867.116279069767,0.024489957839250565,
5874.372093023256,0.024579957127571106,
5878.0,,9.0
5892.069767441861,0.024669956415891647,
5904.860465116279,0.02475995570421219,
5915.093023255814,0.02484995499253273,
5929.162790697675,0.02493995428085327,
5933.0,,9.0
5948.418181818181,0.025029953569173813,
5959.018181818182,0.025119952857494354,
5971.545454545455,0.025209952145814896,
5983.109090909091,0.025299951434135437,
5986.0,,9.0
6004.928571428572,0.02538995072245598,
6015.339285714285,0.02547995001077652,
6027.642857142857,0.02556994929909706,
6036.160714285715,0.025659948587417603,
6039.0,,9.0
6082.4,0.025839947164058685,
6109.266666666666,0.025929946452379227,
6125.8,0.026019945740699768,
6132.0,,9.0
6160.872340425532,0.02619994431734085,
6170.914893617021,0.026289943605661392,
6187.234042553191,0.026379942893981934,
6191.0,,9.0
6229.297872340426,0.026469942182302475,
6267.595744680851,0.026559941470623016,
6305.893617021276,0.026649940758943558,
6371.0,,9.0
6402.698113207547,0.026919938623905182,
6423.830188679245,0.027099937200546265,
6427.0,,9.0
6441.302325581395,0.027189936488866806,
6448.930232558139,0.027279935777187347,
6457.511627906977,0.02736993506550789,
6465.139534883721,0.02745993435382843,
6468.0,,9.0
6485.0,0.02754993364214897,
6497.75,0.027639932930469513,
6509.4375,0.027729932218790054,
6515.8125,0.027819931507110596,
6519.0,,9.0
6532.304347826087,0.027909930795431137,
6540.065217391304,0.02799993008375168,
6557.804347826087,0.02808992937207222,
6570.0,,9.0
6585.555555555556,0.028269927948713303,
6596.666666666667,0.028359927237033844,
6605.555555555556,0.028449926525354385,
6616.666666666667,0.028539925813674927,
6620.0,,9.0
6635.63829787234,0.028629925101995468,
6652.31914893617,0.02871992439031601,
6659.617021276596,0.02880992367863655,
6665.872340425532,0.028899922966957092,
6669.0,,9.0
6682.78,0.028989922255277634,
6694.44,0.029079921543598175,
6707.16,0.029169920831918716,
6718.82,0.029259920120239258,
6722.0,,9.0
6736.0,0.0293499194085598,
6747.0,0.02943991869688034,
6758.0,0.029529917985200882,
6769.0,0.029619917273521423,
6772.0,,9.0
6817.95744680851,0.029709916561841965,
6852.425531914893,0.029799915850162506,
6894.553191489362,0.029889915138483047,
6940.510638297872,0.02997991442680359,
6952.0,,9.0
6969.467741935484,0.03006991371512413,
6978.6612903225805,0.03015991300344467,
6993.370967741936,0.030249912291765213,
7006.241935483871,0.030339911580085754,
7009.0,,9.0
7026.2307692307695,0.030429910868406296,
7040.2307692307695,0.030519910156726837,
7051.0,0.03060990944504738,
7061.7692307692305,0.03069990873336792,
7065.0,,9.0
7080.024390243902,0.03078990802168846,
7101.878048780488,0.030969906598329544,
7116.90243902439,0.031059905886650085,
7121.0,,9.0
7163.25,0.03132990375161171,
7169.75,0.03141990303993225,
7173.0,,9.0
7183.666666666667,0.03150990232825279,
7205.0,0.031689900904893875,
7217.8,0.031779900193214417,
7221.0,,9.0
7235.477272727273,0.03186989948153496,
7257.75,0.03204989805817604,
7266.659090909091,0.03213989734649658,
7270.0,,9.0
7307.976190476191,0.032409895211458206,
7321.071428571428,0.03249989449977875,
7325.0,,9.0
7345.795454545455,0.03258989378809929,
7362.431818181818,0.03267989307641983,
7372.136363636364,0.03276989236474037,
7386.0,,9.0
7400.0,0.032949890941381454,
7421.777777777777,0.03312988951802254,
7437.333333333333,0.03321988880634308,
7442.0,,9.0
7468.086956521739,0.03339988738298416,
7481.130434782609,0.0334898866713047,
7488.739130434783,0.033579885959625244,
7492.0,,9.0
7544.0,0.033669885247945786,
7640.0,0.03384988382458687,
7660.0,0.03393988311290741,
7672.0,,9.0
7689.581395348837,0.03402988240122795,
7701.302325581395,0.03411988168954849,
7715.953488372093,0.034209880977869034,
7735.0,,9.0
7757.5,0.03438987955451012,
7771.0,0.03447987884283066,
7781.5,0.0345698781311512,
7793.5,0.03465987741947174,
7798.0,,9.0
7811.2,0.03474987670779228,
7823.2,0.034839875996112823,
7848.4,0.035019874572753906,
7852.0,,9.0
7864.708333333333,0.03510987386107445,
7879.958333333333,0.03519987314939499,
7892.666666666667,0.03528987243771553,
7909.1875,0.03537987172603607,
7913.0,,9.0
7934.736842105263,0.03546987101435661,
7954.921052631579,0.035649869590997696,
7972.0,,9.0
7989.333333333333,0.03582986816763878,
7997.333333333333,0.03591986745595932,
8024.0,0.0360998660326004,
8028.0,,9.0
8049.0888888888885,0.036189865320920944,
8096.133333333333,0.03645986318588257,
8101.0,,9.0
8115.142857142857,0.03654986247420311,
8129.285714285715,0.03663986176252365,
8142.142857142857,0.03672986105084419,
8155.0,,9.0
8208.181818181818,0.036909859627485275,
8245.0,0.03699985891580582,
8277.727272727272,0.03708985820412636,
8322.727272727272,0.0371798574924469,
8335.0,,9.0
8363.524590163934,0.03735985606908798,
8375.88524590164,0.037449855357408524,
8393.0,,9.0
8417.414634146342,0.037629853934049606,
8477.341463414634,0.03789985179901123,
8484.0,,9.0
8527.04347826087,0.03798985108733177,
8609.217391304348,0.038169849663972855,
8652.260869565218,0.038259848952293396,
8664.0,,9.0
8679.627906976744,0.03834984824061394,
8688.744186046511,0.03843984752893448,
8703.06976744186,0.03852984681725502,
8716.093023255815,0.03861984610557556,
8720.0,,9.0
8733.846153846154,0.0387098453938961,
8744.923076923076,0.038799844682216644,
8768.0,,9.0
8795.92857142857,0.03915984183549881,
8805.642857142857,0.03924984112381935,
8815.357142857143,0.03933984041213989,
8819.0,,9.0
8870.7,0.03969983756542206,
8874.0,,9.0
8889.2,0.0397898368537426,
8900.6,0.03987983614206314,
8913.266666666666,0.03996983543038368,
8927.2,0.040059834718704224,
8931.0,,9.0
8946.466666666667,0.040149834007024765,
8958.066666666668,0.040239833295345306,
8972.244444444445,0.04032983258366585,
8989.0,,9.0
9016.377777777778,0.04059983044862747,
9027.577777777778,0.04068982973694801,
9041.266666666666,0.040779829025268555,
9045.0,,9.0
9061.170731707318,0.040869828313589096,
9074.853658536585,0.04095982760190964,
9084.80487804878,0.04104982689023018,
9092.268292682927,0.04113982617855072,
9096.0,,9.0
9115.333333333334,0.04122982546687126,
9128.625,0.0413198247551918,
9138.291666666666,0.041409824043512344,
9150.375,0.041499823331832886,
9154.0,,9.0
9166.170212765957,0.04158982262015343,
9178.340425531915,0.04167982190847397,
9188.297872340425,0.04176982119679451,
9202.68085106383,0.04185982048511505,
9206.0,,9.0
9221.529411764706,0.04194981977343559,
9241.29411764706,0.042039819061756134,
9255.411764705883,0.042129818350076675,
9273.764705882353,0.04221981763839722,
9278.0,,9.0
9311.833333333334,0.0423998162150383,
9321.166666666666,0.04248981550335884,
9330.5,0.04257981479167938,
9334.0,,9.0
9350.434782608696,0.042669814079999924,
9362.760869565218,0.042759813368320465,
9380.565217391304,0.042849812656641006,
9397.0,,9.0
9415.068181818182,0.04302981123328209,
9435.545454545454,0.04320980980992317,
9446.386363636364,0.04329980909824371,
9450.0,,9.0
9466.470588235294,0.043389808386564255,
9481.56862745098,0.043479807674884796,
9493.921568627451,0.04356980696320534,
9515.882352941177,0.04365980625152588,
9520.0,,9.0
9537.116279069767,0.04374980553984642,
9547.813953488372,0.04383980482816696,
9553.162790697674,0.0439298041164875,
9562.790697674418,0.044019803404808044,
9566.0,,9.0
9582.470588235294,0.044109802693128586,
9600.313725490196,0.04419980198144913,
9616.78431372549,0.04428980126976967,
9631.882352941177,0.04437980055809021,
9636.0,,9.0
9654.0,0.04446979984641075,
9663.6,0.04455979913473129,
9672.0,0.044649798423051834,
9680.4,0.044739797711372375,
9684.0,,9.0
9697.106382978724,0.04482979699969292,
9712.595744680852,0.04491979628801346,
9723.31914893617,0.045009795576334,
9736.425531914894,0.04509979486465454,
9740.0,,9.0
9751.0,0.04518979415297508,
9759.0,0.045279793441295624,
9774.0,0.045369792729616165,
9793.0,,9.0
9827.574468085106,0.04563979059457779,
9853.851063829787,0.04581978917121887,
9858.0,,9.0
9889.058823529413,0.046089787036180496,
9899.411764705883,0.04617978632450104,
9902.0,,9.0
9917.627906976744,0.04626978561282158,
9929.348837209302,0.04635978490114212,
9941.06976744186,0.04644978418946266,
9958.0,,9.0
9972.333333333334,0.046629782766103745,
9987.76923076923,0.04680978134274483,
9997.692307692309,0.04689978063106537,
10001.0,,9.0
10043.35294117647,0.04698977991938591,
10099.823529411764,0.04707977920770645,
10170.411764705883,0.047259777784347534,
10181.0,,9.0
10202.42857142857,0.047349777072668076,
10215.285714285714,0.04743977636098862,
10228.142857142857,0.04752977564930916,
10246.714285714286,0.0476197749376297,
10251.0,,9.0
10266.6,0.04770977422595024,
10277.4,0.04779977351427078,
10290.6,0.047889772802591324,
10301.4,0.047979772090911865,
10305.0,,9.0
10317.415094339623,0.04806977137923241,
10332.490566037735,0.04815977066755295,
10342.245283018869,0.04824976995587349,
10349.33962264151,0.04833976924419403,
10352.0,,9.0
10364.673913043478,0.04842976853251457,
10380.804347826086,0.048519767820835114,
10392.326086956522,0.048609767109155655,
10405.0,,9.0
10435.916666666666,0.04887976497411728,
10445.854166666666,0.04896976426243782,
10458.0,,9.0
10478.583333333334,0.0491497628390789,
10510.0,,9.0
10524.92857142857,0.04950975999236107,
10534.42857142857,0.04959975928068161,
10550.714285714286,0.04968975856900215,
10562.92857142857,0.04977975785732269,
10567.0,,9.0
10651.0,0.049959756433963776,
10687.0,0.05004975572228432,
10735.0,0.05013975501060486,
10747.0,,9.0
10760.577777777778,0.0502297542989254,
10790.866666666667,0.050499752163887024,
10794.0,,9.0
10817.52380952381,0.05067975074052811,
10828.666666666666,0.05076975002884865,
10842.285714285714,0.05085974931716919,
10846.0,,9.0
10866.8,0.05094974860548973,
10879.8,0.05103974789381027,
10894.1,0.051129747182130814,
10907.1,0.051219746470451355,
10911.0,,9.0
10936.458333333334,0.05139974504709244,
10958.0,,9.0
10972.26923076923,0.05166974291205406,
10982.461538461539,0.0517597422003746,
10991.634615384615,0.051849741488695145,
11007.942307692309,0.051939740777015686,
11011.0,,9.0
11027.09090909091,0.05202974006533623,
11043.181818181818,0.05211973935365677,
11056.59090909091,0.05220973864197731,
11070.0,,9.0
11081.925925925925,0.05238973721861839,
11093.851851851852,0.052479736506938934,
11104.074074074075,0.052569735795259476,
11113.444444444445,0.05265973508358002,
11116.0,,9.0
11132.5625,0.05274973437190056,
11140.291666666666,0.0528397336602211,
11153.541666666666,0.05292973294854164,
11165.6875,0.05301973223686218,
11169.0,,9.0
11179.162162162162,0.053109731525182724,
11194.405405405405,0.053199730813503265,
11203.297297297297,0.05328973010182381,
11212.18918918919,0.05337972939014435,
11216.0,,9.0
11234.90909090909,0.05346972867846489,
11259.636363636364,0.05364972725510597,
11275.636363636364,0.053739726543426514,
11280.0,,9.0
11338.5,0.053829725831747055,
11370.0,0.053919725120067596,
11397.0,0.05400972440838814,
11446.5,0.05409972369670868,
11460.0,,9.0
11489.52380952381,0.05427972227334976,
11504.285714285714,0.0543697215616703,
11517.57142857143,0.054459720849990845,
11522.0,,9.0
11537.0,0.054549720138311386,
11545.75,0.05463971942663193,
11558.25,0.05472971871495247,
11568.25,0.05481971800327301,
11572.0,,9.0
11580.333333333334,0.05490971729159355,
11597.0,0.05499971657991409,
11618.42857142857,0.055179715156555176,
11622.0,,9.0
11632.2,0.05526971444487572,
11646.225,0.05535971373319626,
11658.975,0.0554497130215168,
11669.175,0.05553971230983734,
11673.0,,9.0
11689.0,0.05562971159815788,
11707.0,0.055809710174798965,
11727.0,,9.0
11743.615384615385,0.05598970875144005,
11758.846153846154,0.05607970803976059,
11765.76923076923,0.05616970732808113,
11776.846153846154,0.05625970661640167,
11781.0,,9.0
11791.760869565218,0.056349705904722214,
11802.521739130434,0.056439705193042755,
11815.673913043478,0.056529704481363297,
11832.41304347826,0.05661970376968384,
11836.0,,9.0
11848.48,0.05670970305800438,
11862.0,0.05679970234632492,
11874.48,0.05688970163464546,
11884.88,0.056979700922966,
11888.0,,9.0
11902.90243902439,0.057069700211286545,
11912.073170731708,0.057159699499607086,
11922.390243902439,0.05724969878792763,
11931.560975609756,0.05733969807624817,
11935.0,,9.0
11959.979591836734,0.05751969665288925,
11986.0,,9.0
12003.53488372093,0.057789694517850876,
12018.372093023256,0.05787969380617142,
12029.162790697674,0.05796969309449196,
12039.953488372093,0.0580596923828125,
12044.0,,9.0
12059.191489361701,0.05814969167113304,
12070.04255319149,0.05823969095945358,
12083.063829787234,0.058329690247774124,
12091.744680851063,0.058419689536094666,
12095.0,,9.0
12110.545454545454,0.05850968882441521,
12122.204545454546,0.05859968811273575,
12136.454545454546,0.05868968740105629,
12148.113636363636,0.05877968668937683,
12152.0,,9.0
12167.54347826087,0.05886968597769737,
12180.695652173914,0.058959685266017914,
12192.652173913044,0.059049684554338455,
12207.0,,9.0
12259.5,0.05922968313097954,
12375.75,0.05949968099594116,
12387.0,,9.0
12480.91304347826,0.059679679572582245,
12512.217391304348,0.059769678860902786,
12567.0,,9.0
12582.302325581395,0.05994967743754387,
12599.790697674418,0.06012967601418495,
12610.720930232557,0.06021967530250549,
12614.0,,9.0
12633.058823529413,0.060309674590826035,
12643.64705882353,0.060399673879146576,
12656.35294117647,0.06048967316746712,
12664.823529411764,0.06057967245578766,
12668.0,,9.0
12694.714285714286,0.06075967103242874,
12703.214285714286,0.06084967032074928,
12715.357142857143,0.060939669609069824,
12719.0,,9.0
12735.037735849057,0.061029668897390366,
12744.471698113208,0.06111966818571091,
12754.849056603774,0.06120966747403145,
12766.169811320755,0.06129966676235199,
12769.0,,9.0
12789.089285714286,0.06138966605067253,
12806.5,0.06147966533899307,
12818.55357142857,0.061569664627313614,
12839.982142857143,0.061659663915634155,
12844.0,,9.0
12863.463414634147,0.0617496632039547,
12871.80487804878,0.06183966249227524,
12896.829268292682,0.06201966106891632,
12901.0,,9.0
12961.0,0.06210966035723686,
12997.923076923076,0.062199659645557404,
13034.846153846154,0.062289658933877945,
13067.153846153846,0.062379658222198486,
13081.0,,9.0
13092.521739130434,0.06246965751051903,
13119.021739130434,0.06264965981245041,
13130.54347826087,0.06273966282606125,
13134.0,,9.0
13155.148936170213,0.0627896636724472,
13171.765957446809,0.06283966451883316,
13200.468085106382,0.06293966621160507,
13205.0,,5.0
13218.046511627907,0.06302966922521591,
13229.906976744185,0.06311967223882675,
13241.767441860466,0.06320967525243759,
13252.441860465116,0.06329967826604843,
13256.0,,9.0
13328.857142857143,0.06338968127965927,
13363.142857142857,0.06347968429327011,
13397.42857142857,0.06356968730688095,
13423.142857142857,0.06365969032049179,
13436.0,,9.0
13453.1,0.06374969333410263,
13464.5,0.06383969634771347,
13493.0,,9.0
13515.509803921568,0.06410970538854599,
13528.372549019608,0.06419970840215683,
13554.098039215687,0.06428971141576767,
13570.176470588236,0.06437971442937851,
13575.0,,9.0
13632.375,0.06449971348047256,
13647.25,0.06455971300601959,
13670.625,0.06461971253156662,
13677.0,,6.0
13723.95652173913,0.06470971554517746,
13767.0,0.0647997185587883,
13845.260869565218,0.06497972458600998,
13857.0,,9.0
13879.239130434782,0.06506972759962082,
13907.54347826087,0.06515973061323166,
13927.760869565218,0.0652497336268425,
13943.934782608696,0.06533973664045334,
13950.0,,9.0
13966.5,0.06542973965406418,
13983.0,0.06551974266767502,
13998.23076923077,0.06560974568128586,
14012.192307692309,0.0656997486948967,
14016.0,,9.0
14030.357142857143,0.06578975170850754,
14051.095238095239,0.06587975472211838,
14083.0,,9.0
14098.346153846154,0.0661497637629509,
14122.461538461539,0.06632976979017258,
14136.711538461539,0.06641977280378342,
14140.0,,9.0
14198.775510204081,0.06650977581739426,
14239.183673469388,0.0665997788310051,
14308.979591836734,0.06677978485822678,
14320.0,,9.0
14331.041666666666,0.06686978787183762,
14342.083333333334,0.06695979088544846,
14355.333333333334,0.0670497938990593,
14369.6875,0.06713979691267014,
14373.0,,9.0
14423.4,0.06722979992628098,
14459.4,0.06731980293989182,
14513.4,0.06740980595350266,
14542.2,0.0674998089671135,
14553.0,,9.0
14586.48,0.06767981499433517,
14596.4,0.06776981800794601,
14611.28,0.06785982102155685,
14615.0,,9.0
14705.0,0.06803982704877853,
14743.57142857143,0.06812983006238937,
14782.142857142857,0.06821983307600021,
14795.0,,9.0
14809.181818181818,0.06830983608961105,
14819.818181818182,0.0683998391032219,
14828.09090909091,0.06848984211683273,
14843.454545454546,0.06857984513044357,
14847.0,,9.0
14940.75,0.06875985115766525,
15027.0,,9.0
15052.5,0.06897985935211182,
15073.75,0.0690198615193367,
15129.0,,4.0
15155.046511627907,0.06918986886739731,
15173.651162790698,0.06927987188100815,
15182.953488372093,0.06936987489461899,
15203.418604651162,0.06945987790822983,
15209.0,,9.0
15288.2,0.06963988393545151,
15338.6,0.06972988694906235,
15378.2,0.06981988996267319,
15389.0,,9.0
15426.75,0.06990989297628403,
15473.9375,0.06999989598989487,
15499.104166666666,0.0700898990035057,
15530.5625,0.07017990201711655,
15540.0,,9.0
15590.0,0.07026990503072739,
15720.0,,9.0
15748.823529411764,0.07062991708517075,
15773.529411764706,0.07071992009878159,
15798.235294117647,0.07080992311239243,
15818.823529411764,0.07089992612600327,
15825.0,,9.0
15838.75,0.0709899291396141,
15850.0,0.07107993215322495,
15860.0,0.07116993516683578,
15880.0,,9.0
15940.0,0.07134994119405746,
15980.0,0.0714399442076683,
16050.0,0.07161995023488998,
16060.0,,9.0
16079.309090909092,0.07165995240211487,
16088.963636363636,0.07169995456933975,
16101.836363636363,0.07173995673656464,
16119.0,,4.0
16138.770833333334,0.07186996191740036,
16173.75,0.07204996794462204,
16187.4375,0.07213997095823288,
16192.0,,9.0
16209.95652173913,0.07222997397184372,
16233.04347826087,0.0724099799990654,
16247.152173913044,0.07249998301267624,
16251.0,,9.0
16275.62962962963,0.07258998602628708,
16294.981481481482,0.07267998903989792,
16340.722222222223,0.0728599950671196,
16346.0,,9.0
16392.153846153848,0.07294999808073044,
16447.53846153846,0.07304000109434128,
16475.23076923077,0.07313000410795212,
16512.153846153848,0.07322000712156296,
16526.0,,9.0
16592.976744186046,0.0733100101351738,
16618.093023255813,0.07340001314878464,
16664.13953488372,0.07349001616239548,
16693.441860465115,0.07358001917600632,
16706.0,,9.0
16736.976744186046,0.07367002218961716,
16760.20930232558,0.073760025203228,
16780.86046511628,0.07385002821683884,
16809.25581395349,0.07394003123044968,
16817.0,,9.0
16852.121951219513,0.07403003424406052,
16881.39024390244,0.07412003725767136,
16907.731707317074,0.0742100402712822,
16937.0,,9.0
16949.63829787234,0.07439004629850388,
16963.425531914894,0.07448004931211472,
16991.0,,9.0
17022.08695652174,0.07484006136655807,
17031.978260869564,0.07493006438016891,
17051.760869565216,0.07502006739377975,
17056.0,,9.0
17074.13953488372,0.07505007088184357,
17086.232558139534,0.07508007436990738,
17095.302325581397,0.07511007785797119,
17116.46511627907,0.075140081346035,
17121.0,,3.0
17143.04651162791,0.07518008351325989,
17179.79069767442,0.07526008784770966,
17194.488372093023,0.07530009001493454,
17200.0,,4.0
17220.95918367347,0.07533009350299835,
17254.816326530614,0.07539010047912598,
17274.163265306124,0.07542010396718979,
17279.0,,3.0
17293.869565217392,0.07544010132551193,
17317.0,0.07546009868383408,
17333.521739130436,0.07548009604215622,
17350.043478260868,0.07550009340047836,
17355.0,,2.0
17423.571428571428,0.0755900964140892,
17453.571428571428,0.07568009942770004,
17522.14285714286,0.07586010545492172,
17535.0,,9.0
17575.25,0.07595010846853256,
17601.125,0.0760401114821434,
17632.75,0.07613011449575424,
17664.375,0.07622011750936508,
17673.0,,9.0
17697.21818181818,0.07631012052297592,
17728.163636363635,0.0764901265501976,
17742.963636363635,0.07658012956380844,
17747.0,,9.0
17838.69811320755,0.07676013559103012,
17869.264150943396,0.07685013860464096,
17916.811320754718,0.0769401416182518,
17927.0,,9.0
17952.82222222222,0.07703014463186264,
17971.266666666666,0.07712014764547348,
18004.466666666667,0.07730015367269516,
18010.0,,9.0
18054.081632653062,0.077390156686306,
18098.163265306124,0.07748015969991684,
18134.897959183672,0.07757016271352768,
18190.0,,9.0
18213.309523809523,0.07769016921520233,
18234.5,0.07772017270326614,
18251.45238095238,0.07775017619132996,
18272.64285714286,0.07778017967939377,
18279.0,,3.0
18298.0,0.07787018269300461,
18312.777777777777,0.07796018570661545,
18344.444444444445,0.07805018872022629,
18367.666666666668,0.07814019173383713,
18374.0,,9.0
18419.5,0.07819019258022308,
18447.5,0.07824019342660904,
18482.5,0.078290194272995,
18538.5,0.07834019511938095,
18549.0,,5.0
18641.0,0.07852020114660263,
18681.0,0.07861020416021347,
18717.0,0.07870020717382431,
18729.0,,9.0
18746.4,0.07875020802021027,
18763.8,0.07880020886659622,
18787.0,0.07885020971298218,
18810.2,0.07890021055936813,
18816.0,,5.0
18864.29268292683,0.07899021357297897,
18895.024390243903,0.07908021658658981,
18982.829268292684,0.07926022261381149,
18996.0,,9.0
19080.48979591837,0.07944022864103317,
19131.918367346938,0.07953023165464401,
19164.979591836734,0.07962023466825485,
19176.0,,9.0
19196.95238095238,0.07967023551464081,
19216.0,0.07972023636102676,
19229.333333333332,0.07977023720741272,
19250.285714285714,0.07982023805379868,
19256.0,,5.0
19305.090909090908,0.07991024106740952,
19333.727272727272,0.08000024408102036,
19423.727272727272,0.08018025010824203,
19436.0,,9.0
19449.787234042553,0.0801902487874031,
19466.63829787234,0.08020024746656418,
19503.40425531915,0.08022024482488632,
19508.0,,1.0
19537.333333333332,0.08031024783849716,
19566.666666666668,0.080400250852108,
19601.866666666665,0.08049025386571884,
19631.2,0.08058025687932968,
19640.0,,9.0
19704.8,0.08067025989294052,
19733.6,0.08076026290655136,
19766.0,0.0808502659201622,
19809.2,0.08094026893377304,
19820.0,,9.0
19837.975609756097,0.08096026629209518,
19854.317073170732,0.08098026365041733,
19882.09756097561,0.08102025836706161,
19887.0,,2.0
19945.978723404256,0.08114027231931686,
19950.0,,3.0
19967.608695652172,0.08120027184486389,
19986.978260869564,0.08126027137041092,
20008.108695652172,0.08132027089595795,
20025.717391304348,0.08138027042150497,
20031.0,,6.0
20112.509433962263,0.08156027644872665,
20200.811320754718,0.08174028247594833,
20211.0,,9.0
20226.44680851064,0.08177028596401215,
20239.08510638298,0.08180028945207596,
20257.340425531915,0.08183029294013977,
20272.787234042553,0.08186029642820358,
20277.0,,3.0
20329.363636363636,0.08195029944181442,
20358.81818181818,0.08204030245542526,
20414.454545454544,0.0821303054690361,
20457.0,,9.0
20507.232558139534,0.08231031149625778,
20540.720930232557,0.08240031450986862,
20595.13953488372,0.08249031752347946,
20624.441860465115,0.0825803205370903,
20637.0,,9.0
20657.20408163265,0.08267032355070114,
20669.326530612245,0.08276032656431198,
20686.836734693876,0.08285032957792282,
20703.0,,9.0
20738.686274509804,0.08302033692598343,
20753.980392156864,0.08306033909320831,
20768.0,,4.0
20781.725,0.08312033861875534,
20796.975,0.08314033597707748,
20810.7,0.08316033333539963,
20824.425,0.08318033069372177,
20829.0,,2.0
20847.673469387755,0.08319032937288284,
20858.877551020407,0.08320032805204391,
20886.26530612245,0.08322032541036606,
20890.0,,1.0
20920.666666666668,0.08326032012701035,
20950.0,0.08330031484365463,
20954.0,,2.0
20967.530612244896,0.08339031785726547,
20981.061224489797,0.08348032087087631,
20988.34693877551,0.08357032388448715,
21005.0,,9.0
21068.157894736843,0.08375032991170883,
21093.42105263158,0.08384033292531967,
21134.473684210527,0.08393033593893051,
21175.526315789473,0.08402033895254135,
21185.0,,9.0
21245.0,0.08411034196615219,
21293.75,0.08420034497976303,
21365.0,,9.0
21413.29268292683,0.08447035402059555,
21457.19512195122,0.08456035703420639,
21492.317073170732,0.08465036004781723,
21531.829268292684,0.08474036306142807,
21545.0,,9.0
21564.929824561405,0.08478036522865295,
21581.122807017542,0.08482036739587784,
21592.333333333332,0.08486036956310272,
21612.263157894737,0.0849003717303276,
21616.0,,4.0
21631.127272727274,0.08494037389755249,
21647.418181818182,0.08498037606477737,
21660.21818181818,0.08502037823200226,
21680.0,,4.0
21698.5,0.08510038256645203,
21718.321428571428,0.08514038473367691,
21734.178571428572,0.0851803869009018,
21754.0,,4.0
21770.581818181818,0.08524038642644882,
21807.890909090907,0.08530037850141525,
21811.0,,2.0
21847.81818181818,0.08539038151502609,
21884.636363636364,0.08548038452863693,
21933.727272727272,0.08557038754224777,
21978.727272727272,0.08566039055585861,
21991.0,,9.0
22004.156862745098,0.08575039356946945,
22031.666666666668,0.08593039959669113,
22052.0,,9.0
22065.18604651163,0.08611040562391281,
22097.418604651164,0.08629041165113449,
22110.60465116279,0.08638041466474533,
22115.0,,9.0
22130.25,0.08641041815280914,
22155.666666666668,0.08647042512893677,
22172.1875,0.08650042861700058,
22176.0,,3.0
22192.315789473683,0.08654043078422546,
22202.105263157893,0.08658043295145035,
22216.78947368421,0.08662043511867523,
22233.105263157893,0.08666043728590012,
22238.0,,4.0
22260.153846153848,0.086700439453125,
22269.846153846152,0.08674044162034988,
22287.846153846152,0.08678044378757477,
22305.846153846152,0.08682044595479965,
22310.0,,4.0
22344.918367346938,0.08688045293092728,
22369.0,,3.0
22405.81818181818,0.08703046292066574,
22483.545454545456,0.08721046894788742,
22549.0,,9.0
22596.14285714286,0.0873904749751091,
22630.428571428572,0.08748047798871994,
22677.571428571428,0.08757048100233078,
22729.0,,9.0
22742.5,0.08775048702955246,
22759.0,0.0878404900431633,
22784.5,0.08802049607038498,
22789.0,,9.0
22829.5,0.08811049908399582,
22874.5,0.08820050209760666,
22901.5,0.0882905051112175,
22955.5,0.08838050812482834,
22969.0,,9.0
22991.021276595744,0.08840050548315048,
22999.63829787234,0.08841050416231155,
23011.127659574468,0.08842050284147263,
23014.0,,1.0
23030.38,0.08844050019979477,
23041.72,0.08846049755811691,
23058.1,0.08848049491643906,
23077.0,,2.0
23090.75,0.08852048963308334,
23104.5,0.08854048699140549,
23120.75,0.08856048434972763,
23137.0,,2.0
23152.923076923078,0.08863048255443573,
23168.846153846152,0.08868048340082169,
23184.76923076923,0.08873048424720764,
23200.69230769231,0.0887804850935936,
23206.0,,5.0
23251.957446808512,0.08887048810720444,
23297.91489361702,0.08896049112081528,
23332.382978723403,0.08905049413442612,
23374.510638297874,0.08914049714803696,
23386.0,,9.0
23402.64864864865,0.08919049799442291,
23419.297297297297,0.08924049884080887,
23438.027027027027,0.08929049968719482,
23456.756756756757,0.08934050053358078,
23463.0,,5.0
23515.727272727272,0.08952050656080246,
23542.090909090908,0.0896105095744133,
23571.090909090908,0.08970051258802414,
23579.0,,9.0
23591.70588235294,0.08979051560163498,
23607.58823529412,0.08988051861524582,
23629.823529411766,0.0900605246424675,
23633.0,,9.0
23687.0,0.09015052765607834,
23715.8,0.09024053066968918,
23766.2,0.09033053368330002,
23802.2,0.09042053669691086,
23813.0,,9.0
23949.956521739132,0.09069054573774338,
23981.260869565216,0.09078054875135422,
23993.0,,9.0
24010.0625,0.0908205509185791,
24020.5625,0.09086055308580399,
24052.0625,0.09094055742025375,
24056.0,,4.0
24072.85714285714,0.09097056090831757,
24088.660714285714,0.09100056439638138,
24103.410714285714,0.09103056788444519,
24115.0,,3.0
24135.666666666668,0.09115057438611984,
24144.708333333332,0.09124057739973068,
24160.208333333332,0.09133058041334152,
24173.125,0.09142058342695236,
24177.0,,9.0
24210.9,0.0915105864405632,
24233.5,0.09160058945417404,
24261.75,0.09169059246778488,
24281.525,0.09178059548139572,
24290.0,,9.0
24350.0,,9.0
24380.92156862745,0.09223061054944992,
24400.450980392157,0.09232061356306076,
24415.098039215685,0.0924106165766716,
24428.117647058825,0.09250061959028244,
24433.0,,9.0
24444.157894736843,0.09259062260389328,
24467.86842105263,0.09277062863111496,
24481.815789473683,0.0928606316447258,
24486.0,,9.0
24537.428571428572,0.09295063465833664,
24629.26530612245,0.09313064068555832,
24666.0,,9.0
24689.61111111111,0.09331064671278,
24706.277777777777,0.09340064972639084,
24721.555555555555,0.09349065274000168,
24736.833333333332,0.09358065575361252,
24741.0,,9.0
24754.615384615383,0.09367065876722336,
24769.365384615383,0.0937606617808342,
24780.71153846154,0.09385066479444504,
24796.596153846152,0.09394066780805588,
24800.0,,9.0
24832.809523809523,0.09403067082166672,
24847.95238095238,0.09412067383527756,
24870.666666666668,0.0942106768488884,
24898.428571428572,0.09430067986249924,
24906.0,,9.0
24919.191489361703,0.09439068287611008,
24936.340425531915,0.09448068588972092,
24948.212765957447,0.09457068890333176,
24964.042553191488,0.0946606919169426,
24968.0,,9.0
24986.928571428572,0.09475069493055344,
25005.85714285714,0.09493070095777512,
25017.214285714286,0.09502070397138596,
25021.0,,9.0
25036.96,0.09506070613861084,
25047.22,0.09510070830583572,
25056.34,0.09514071047306061,
25074.58,0.09518071264028549,
25078.0,,4.0
25089.590909090908,0.09527071565389633,
25102.340909090908,0.09536071866750717,
25116.25,0.09545072168111801,
25129.0,,9.0
25140.23404255319,0.09563072770833969,
25152.489361702126,0.09572073072195053,
25165.76595744681,0.09581073373556137,
25173.936170212764,0.09590073674917221,
25177.0,,9.0
25202.14285714286,0.09608074277639389,
25211.285714285714,0.09617074579000473,
25229.571428571428,0.09626074880361557,
25233.0,,9.0
25250.82,0.09635075181722641,
25267.02,0.09644075483083725,
25309.14,0.09662076085805893,
25314.0,,9.0
25329.384615384617,0.09671076387166977,
25337.076923076922,0.09680076688528061,
25347.653846153848,0.09689076989889145,
25361.115384615383,0.09698077291250229,
25364.0,,9.0
25383.25581395349,0.09707077592611313,
25428.18604651163,0.09734078496694565,
25433.0,,9.0
25452.714285714286,0.09743078798055649,
25469.14285714286,0.09752079099416733,
25497.071428571428,0.09770079702138901,
25502.0,,9.0
25521.6,0.09779080003499985,
25538.4,0.09788080304861069,
25572.0,,9.0
25587.302325581397,0.0981508120894432,
25597.13953488372,0.09824081510305405,
25605.883720930233,0.09833081811666489,
25615.720930232557,0.09842082113027573,
25619.0,,9.0
25651.780487804877,0.0986008271574974,
25665.829268292684,0.09869083017110825,
25678.317073170732,0.09878083318471909,
25683.0,,9.0
25707.75,0.09896083921194077,
25721.25,0.0990508422255516,
25733.625,0.09914084523916245,
25737.0,,9.0
25767.0,0.09920085221529007,
25777.5,0.09923085570335388,
25795.5,0.0992608591914177,
25800.0,,3.0
25842.0,0.09944086521863937,
25859.5,0.09953086823225021,
25878.75,0.09962087124586105,
25884.0,,9.0
25903.923076923078,0.09967087209224701,
25936.653846153848,0.09977087378501892,
25958.0,,5.0
25979.923076923078,0.09989087283611298,
26013.53846153846,0.10003086924552917,
26029.615384615383,0.10010086745023727,
26034.0,,7.0
26063.333333333332,0.10028087347745895,
26086.0,0.10046087950468063,
26090.0,,9.0
26107.428571428572,0.10055088251829147,
26136.47619047619,0.10073088854551315,
26146.64285714286,0.10082089155912399,
26151.0,,9.0
26164.304347826088,0.10086089372634888,
26180.565217391304,0.10090089589357376,
26199.782608695652,0.10094089806079865,
26214.565217391304,0.10098090022802353,
26219.0,,4.0
26256.5,0.10107090324163437,
26316.5,0.10116090625524521,
26361.5,0.10125090926885605,
26387.75,0.10134091228246689,
26399.0,,9.0
26411.666666666668,0.10143091529607773,
26426.444444444445,0.10152091830968857,
26452.833333333332,0.10170092433691025,
26456.0,,9.0
26505.090909090908,0.10179092735052109,
26546.0,0.10188093036413193,
26582.81818181818,0.10197093337774277,
26623.727272727272,0.10206093639135361,
26636.0,,9.0
26659.836734693876,0.10215093940496445,
26676.224489795917,0.10224094241857529,
26689.632653061224,0.10233094543218613,
26704.530612244896,0.10242094844579697,
26709.0,,9.0
26724.25,0.1025109514594078,
26733.4,0.10260095447301865,
26748.65,0.10269095748662949,
26765.425,0.10278096050024033,
26770.0,,9.0
26789.782608695652,0.10287096351385117,
26855.065217391304,0.10314097255468369,
26861.0,,9.0
26909.0,0.10323097556829453,
27001.0,0.1034109815955162,
27029.0,0.10350098460912704,
27041.0,,9.0
27067.590909090908,0.10356098413467407,
27113.68181818182,0.10374098271131516,
27119.0,,6.0
27139.615384615383,0.10378098487854004,
27155.076923076922,0.10382098704576492,
27182.134615384617,0.10390099138021469,
27186.0,,4.0
27204.88,0.10394099354743958,
27215.5,0.10398099571466446,
27226.12,0.10402099788188934,
27241.46,0.10406100004911423,
27245.0,,4.0
27262.14285714286,0.10415100306272507,
27281.0,0.10424100607633591,
27291.285714285714,0.10433100908994675,
27317.0,,9.0
27341.880952380954,0.10451101511716843,
27366.761904761905,0.10460101813077927,
27387.119047619046,0.1046910211443901,
27412.0,,9.0
27434.037037037036,0.10481102764606476,
27454.777777777777,0.10484103113412857,
27461.25925925926,0.10487103462219238,
27478.11111111111,0.1049010381102562,
27482.0,,3.0
27499.54761904762,0.10495103895664215,
27513.904761904763,0.1050010398030281,
27529.85714285714,0.10505104064941406,
27549.0,,5.0
27589.909090909092,0.10519104450941086,
27679.909090909092,0.10537105053663254,
27716.727272727272,0.10546105355024338,
27729.0,,9.0
27747.36,0.10549105703830719,
27761.4,0.105521060526371,
27768.96,0.10555106401443481,
27779.76,0.10558106750249863,
27783.0,,3.0
27796.75,0.10561107099056244,
27813.0,0.10564107447862625,
27823.0,0.10567107796669006,
27834.25,0.10570108145475388,
27838.0,,3.0
27852.418604651164,0.10579108446836472,
27876.93023255814,0.1059710904955864,
27895.674418604653,0.10606109350919724,
27900.0,,9.0
27954.33962264151,0.10615109652280807,
27988.30188679245,0.10624109953641891,
28039.245283018867,0.10633110255002975,
28069.811320754718,0.1064211055636406,
28080.0,,9.0
28103.490566037737,0.10651110857725143,
28142.64150943396,0.10669111460447311,
28163.0,,9.0
28184.853658536584,0.1068711206316948,
28197.341463414636,0.10696112364530563,
28208.268292682926,0.10705112665891647,
28222.317073170732,0.10714112967252731,
28227.0,,9.0
28267.0,0.10723113268613815,
28307.0,0.10732113569974899,
28351.0,0.10741113871335983,
28395.0,0.10750114172697067,
28407.0,,9.0
28441.775510204083,0.10768114775419235,
28459.163265306124,0.10777115076780319,
28473.65306122449,0.10786115378141403,
28478.0,,9.0
28515.5,0.10795115679502487,
28549.25,0.10804115980863571,
28586.75,0.10813116282224655,
28646.75,0.10822116583585739,
28658.0,,9.0
28704.666666666668,0.10831116884946823,
28741.333333333332,0.10840117186307907,
28794.666666666668,0.10849117487668991,
28828.0,0.10858117789030075,
28838.0,,9.0
28886.75,0.10867118090391159,
28924.25,0.10876118391752243,
28961.75,0.10885118693113327,
29006.75,0.10894118994474411,
29018.0,,9.0
29038.30769230769,0.10901118814945221,
29053.076923076922,0.10908118635416031,
29069.69230769231,0.10915118455886841,
29084.46153846154,0.10922118276357651,
29090.0,,7.0
29136.8,0.10931118577718735,
29172.8,0.10940118879079819,
29208.8,0.10949119180440903,
29259.2,0.10958119481801987,
29270.0,,9.0
29302.1,0.1096711978316307,
29325.64,0.10976120084524155,
29351.32,0.10985120385885239,
29377.0,,9.0
29461.48979591837,0.1101212128996849,
29545.979591836734,0.11030121892690659,
29557.0,,9.0
29571.761904761905,0.11039122194051743,
29598.333333333332,0.1105712279677391,
29614.571428571428,0.11066123098134995,
29619.0,,9.0
29695.96,0.11084122955799103,
29723.0,,6.0
29743.695652173912,0.11096122860908508,
29754.043478260868,0.11102122813463211,
29774.739130434784,0.11108122766017914,
29786.565217391304,0.11114122718572617,
29791.0,,6.0
29816.33962264151,0.111231230199337,
29828.264150943396,0.11132123321294785,
29844.66037735849,0.11141123622655869,
29870.0,,9.0
29889.5,0.11154124140739441,
29904.125,0.1115812435746193,
29918.75,0.11162124574184418,
29930.125,0.11166124790906906,
29935.0,,4.0
29946.675675675677,0.1117512509226799,
29958.35135135135,0.11184125393629074,
29972.945945945947,0.11193125694990158,
29984.62162162162,0.11202125996351242,
29989.0,,9.0
30013.70588235294,0.11205126345157623,
30031.352941176472,0.11208126693964005,
30057.823529411766,0.11211127042770386,
30073.70588235294,0.11214127391576767,
30079.0,,3.0
30115.636363636364,0.11223127692937851,
30141.0,0.11232127994298935,
30160.727272727272,0.11241128295660019,
30203.0,,9.0
30217.486486486487,0.11256128549575806,
30230.162162162163,0.11262128502130508,
30270.0,,6.0
30286.8,0.11280128359794617,
30296.4,0.1128612831234932,
30310.8,0.11292128264904022,
30330.0,,6.0
30343.055555555555,0.11307128518819809,
30377.0,,9.0
30392.324324324323,0.11343129724264145,
30404.243243243243,0.11352130025625229,
30417.864864864863,0.11361130326986313,
30440.0,,9.0
30455.897435897437,0.11379130929708481,
30467.02564102564,0.11388131231069565,
30479.74358974359,0.11397131532430649,
30497.23076923077,0.11406131833791733,
30502.0,,9.0
30547.882352941175,0.11415132135152817,
30593.764705882353,0.11424132436513901,
30629.058823529413,0.11433132737874985,
30671.41176470588,0.11442133039236069,
30682.0,,9.0
30711.244444444445,0.11447133123874664,
30732.133333333335,0.1145213320851326,
30753.022222222222,0.11457133293151855,
30769.733333333334,0.11462133377790451,
30776.0,,5.0
30799.883720930233,0.11467133462429047,
30821.93023255814,0.11472133547067642,
30838.46511627907,0.11477133631706238,
30849.488372093023,0.11482133716344833,
30855.0,,5.0
30869.304347826088,0.11491134017705917,
30879.521739130436,0.11500134319067001,
30888.717391304348,0.11509134620428085,
30898.934782608696,0.1151813492178917,
30902.0,,9.0
30919.695652173912,0.11527135223150253,
30939.0,0.11536135524511337,
30955.08695652174,0.11545135825872421,
30976.0,,9.0
31005.51111111111,0.11560136079788208,
31023.955555555556,0.11566136032342911,
31036.866666666665,0.11572135984897614,
31059.0,,6.0
31086.5,0.11584135890007019,
31106.5,0.11590135842561722,
31126.5,0.11596135795116425,
31146.5,0.11602135747671127,
31154.0,,6.0
31187.235294117647,0.11611136049032211,
31202.745098039217,0.11620136350393295,
31267.0,,9.0
31286.36170212766,0.11647137254476547,
31297.425531914894,0.11656137555837631,
31316.787234042553,0.11665137857198715,
31332.0,,9.0
31358.82978723404,0.11683138459920883,
31385.659574468085,0.11692138761281967,
31406.297872340427,0.11701139062643051,
31429.0,,9.0
31462.063829787236,0.11724139004945755,
31498.27659574468,0.11738138645887375,
31503.0,,7.0
31518.647058823528,0.11741138994693756,
31530.941176470587,0.11744139343500137,
31543.235294117647,0.11747139692306519,
31560.0,,3.0
31581.214285714286,0.11759140342473984,
31592.785714285714,0.11768140643835068,
31615.928571428572,0.11777140945196152,
31641.0,,9.0
31657.042553191488,0.1179514154791832,
31674.31914893617,0.11804141849279404,
31686.659574468085,0.11813142150640488,
31695.297872340427,0.11822142452001572,
31699.0,,9.0
31715.17391304348,0.11831142753362656,
31732.695652173912,0.1184014305472374,
31744.82608695652,0.11849143356084824,
31756.956521739132,0.11858143657445908,
31761.0,,9.0
31772.6,0.11859143525362015,
31782.911111111112,0.11860143393278122,
31799.666666666668,0.11861143261194229,
31815.133333333335,0.11862143129110336,
31819.0,,1.0
31916.5,0.11880143731832504,
31957.75,0.11889144033193588,
31987.75,0.11898144334554672,
31999.0,,9.0
32023.36,0.1191614493727684,
32057.0,,9.0
32072.457627118645,0.11943145841360092,
32085.01694915254,0.11952146142721176,
32100.474576271186,0.1196114644408226,
32111.101694915254,0.11970146745443344,
32114.0,,9.0
32135.81818181818,0.11979147046804428,
32170.363636363636,0.11997147649526596,
32188.545454545456,0.1200614795088768,
32194.0,,9.0
32243.787234042553,0.12015148252248764,
32270.59574468085,0.12024148553609848,
32328.042553191488,0.12033148854970932,
32362.510638297874,0.12042149156332016,
32374.0,,9.0
32393.666666666668,0.12045149505138397,
32404.729166666668,0.12048149853944778,
32429.3125,0.12054150551557541,
32433.0,,3.0
32482.090909090908,0.12063150852918625,
32527.090909090908,0.12072151154279709,
32559.81818181818,0.12081151455640793,
32600.727272727272,0.12090151757001877,
32613.0,,9.0
32628.535714285714,0.12094151973724365,
32643.035714285714,0.12098152190446854,
32656.5,0.12102152407169342,
32667.89285714286,0.1210615262389183,
32671.0,,4.0
32692.478260869564,0.12110152840614319,
32709.0,0.12114153057336807,
32727.17391304348,0.12118153274059296,
32747.0,,4.0
32768.818181818184,0.12126153707504272,
32783.36363636364,0.12130153924226761,
32808.818181818184,0.12134154140949249,
32827.0,,4.0
32842.95,0.12147154659032822,
32880.65,0.12174155563116074,
32885.0,,9.0
32900.454545454544,0.12176155298948288,
32915.90909090909,0.12178155034780502,
32929.818181818184,0.12180154770612717,
32948.36363636364,0.12182154506444931,
32953.0,,2.0
32972.6875,0.12191154807806015,
32987.125,0.12200155109167099,
33012.0625,0.12218155711889267,
33016.0,,9.0
33035.11538461538,0.1222415566444397,
33047.403846153844,0.12230155616998672,
33063.78846153846,0.12236155569553375,
33082.903846153844,0.12242155522108078,
33087.0,,6.0
33107.882352941175,0.12246155738830566,
33144.07843137255,0.12254156172275543,
33158.0,,4.0
33173.67346938775,0.12261156737804413,
33185.42857142857,0.12264157086610794,
33198.489795918365,0.12267157435417175,
33218.08163265306,0.12270157784223557,
33222.0,,3.0
33246.28571428572,0.1227915808558464,
33260.57142857143,0.12288158386945724,
33274.857142857145,0.12297158688306808,
33292.0,,9.0
33320.83720930233,0.1232415959239006,
33336.6976744186,0.12333159893751144,
33349.67441860465,0.12342160195112228,
33354.0,,9.0
33379.60975609756,0.12348160147666931,
33394.243902439026,0.12354160100221634,
33423.51219512195,0.1236616000533104,
33429.0,,6.0
33451.57142857143,0.12375160306692123,
33475.755102040814,0.12384160608053207,
33490.26530612245,0.12393160909414291,
33503.163265306124,0.12402161210775375,
33508.0,,9.0
33551.84210526316,0.12420161813497543,
33598.26315789474,0.12438162416219711,
33606.0,,9.0
33627.0,0.12441162765026093,
33640.125,0.12444163113832474,
33665.0625,0.12450163811445236,
33669.0,,3.0
33691.17647058824,0.1245916411280632,
33708.23529411765,0.12468164414167404,
33730.41176470588,0.12477164715528488,
33750.882352941175,0.12486165016889572,
33756.0,,9.0
33773.10638297872,0.1249016523361206,
33787.36170212766,0.12494165450334549,
33807.31914893617,0.12498165667057037,
33818.72340425532,0.12502165138721466,
33823.0,,4.0
33843.61538461538,0.12506164610385895,
33853.92307692308,0.12510164082050323,
33884.846153846156,0.1251816302537918,
33890.0,,4.0
33917.551020408166,0.1252516359090805,
33934.08163265306,0.1253216415643692,
33957.95918367347,0.1253916472196579,
33974.489795918365,0.1254616528749466,
33980.0,,7.0
33995.92727272727,0.12551164627075195,
34017.163636363635,0.1255616396665573,
34030.43636363636,0.12561163306236267,
34049.01818181818,0.12566162645816803,
34053.0,,5.0
34073.045454545456,0.12572163343429565,
34084.5,0.12578164041042328,
34100.25,0.1258416473865509,
34111.704545454544,0.12590165436267853,
34116.0,,6.0
34132.85106382979,0.12596166133880615,
34146.63829787234,0.12602166831493378,
34165.02127659575,0.1260816752910614,
34188.0,,6.0
34205.6,0.12623168528079987,
34217.333333333336,0.1263216882944107,
34236.4,0.12641169130802155,
34249.6,0.12650169432163239,
34254.0,,9.0
34276.829268292684,0.12654168903827667,
34289.12195121951,0.12658168375492096,
34308.439024390245,0.12662167847156525,
34326.0,,4.0
34384.28,0.1267816573381424,
34388.0,,3.0
34405.34782608696,0.12680165469646454,
34415.260869565216,0.12682165205478668,
34441.282608695656,0.12686164677143097,
34445.0,,2.0
34469.82,0.12693165242671967,
34484.42,0.12700165808200836,
34518.0,,7.0
34535.170731707316,0.12717166543006897,
34582.0,,3.0
34599.3023255814,0.12729164958000183,
34628.13953488372,0.12735164165496826,
34644.0,,3.0
34663.75,0.12747164070606232,
34697.86363636364,0.127651646733284,
34717.61363636364,0.12774164974689484,
34723.0,,9.0
34741.54285714286,0.12777164578437805,
34758.4,0.12780164182186127,
34768.514285714286,0.12783163785934448,
34776.94285714286,0.1278616338968277,
34782.0,,3.0
34802.882352941175,0.12792164087295532,
34815.41176470588,0.12798164784908295,
34832.117647058825,0.12804165482521057,
34848.82352941176,0.1281016618013382,
34853.0,,6.0
34874.89743589744,0.12814165651798248,
34890.53846153846,0.12818165123462677,
34909.307692307695,0.12826164066791534,
34914.0,,4.0
34931.84444444445,0.12835164368152618,
34948.066666666666,0.12844164669513702,
34962.666666666664,0.12853164970874786,
34982.13333333333,0.1286216527223587,
34987.0,,9.0
35005.260869565216,0.12865164875984192,
35016.217391304344,0.12868164479732513,
35025.95652173913,0.12871164083480835,
35039.34782608696,0.12874163687229156,
35043.0,,3.0
35118.555555555555,0.12910164892673492,
35123.0,,9.0
35140.11111111111,0.12916165590286255,
35158.77777777778,0.12922166287899017,
35175.88888888889,0.1292816698551178,
35188.333333333336,0.12934167683124542,
35193.0,,6.0
35208.86538461538,0.12943167984485626,
35222.61538461538,0.1295216828584671,
35234.25,0.12961168587207794,
35244.82692307692,0.12970168888568878,
35248.0,,9.0
35269.811320754714,0.12974168360233307,
35281.35849056604,0.12978167831897736,
35296.75471698113,0.12982167303562164,
35312.15094339623,0.12986166775226593,
35316.0,,4.0
35338.454545454544,0.12992165982723236,
35351.454545454544,0.12995165586471558,
35364.454545454544,0.1299816519021988,
35368.0,,3.0
35385.31914893617,0.13002164661884308,
35401.063829787236,0.13006164133548737,
35419.95744680851,0.13010163605213165,
35437.27659574468,0.13014163076877594,
35442.0,,4.0
35462.8,0.13018162548542023,
35477.2,0.13022162020206451,
35485.2,0.1302616149187088,
35501.2,0.1303016096353531,
35506.0,,4.0
35524.77777777778,0.1303316056728363,
35549.333333333336,0.13039159774780273,
35566.666666666664,0.13042159378528595,
35571.0,,3.0
35587.25,0.13046158850193024,
35601.0,0.13050158321857452,
35614.75,0.1305415779352188,
35627.25,0.1305815726518631,
35631.0,,4.0
35653.47368421053,0.13062156736850739,
35664.71052631579,0.13066156208515167,
35677.55263157895,0.13070155680179596,
35687.18421052631,0.13074155151844025,
35692.0,,4.0
35714.42105263158,0.13078154623508453,
35729.36842105263,0.13082154095172882,
35757.39473684211,0.1309015303850174,
35763.0,,4.0
35793.35897435898,0.13102154433727264,
35814.230769230766,0.13108155131340027,
35831.307692307695,0.1311415582895279,
35837.0,,6.0
35853.38,0.13118155300617218,
35867.24,0.13122154772281647,
35883.62,0.13126154243946075,
35896.22,0.13130153715610504,
35900.0,,4.0
35919.085106382976,0.1313515305519104,
35930.82978723404,0.13140152394771576,
35951.382978723406,0.13145151734352112,
35964.59574468085,0.13150151073932648,
35969.0,,5.0
35983.47727272727,0.13159151375293732,
35994.61363636364,0.13168151676654816,
36001.295454545456,0.131771519780159,
36014.65909090909,0.13186152279376984,
36018.0,,9.0
36033.84,0.13190151751041412,
36061.56,0.1319815069437027,
36084.0,,4.0
36100.225,0.13211150467395782,
36114.975,0.13220150768756866,
36125.3,0.1322915107011795,
36138.575,0.13238151371479034,
36143.0,,9.0
36163.377358490565,0.13241150975227356,
36172.54716981132,0.13244150578975677,
36181.71698113208,0.13247150182724,
36193.943396226416,0.1325014978647232,
36197.0,,3.0
36218.16981132075,0.13256150484085083,
36246.811320754714,0.13268151879310608,
36263.0,,6.0
36279.69565217391,0.13280153274536133,
36289.434782608696,0.13286153972148895,
36301.95652173913,0.13292154669761658,
36322.82608695652,0.1329815536737442,
36327.0,,6.0
36358.698113207545,0.13306154310703278,
36383.6037735849,0.13314153254032135,
36387.0,,4.0
36411.651162790695,0.13318152725696564,
36422.74418604651,0.13320152461528778,
36436.3023255814,0.13322152197360992,
36440.0,,2.0
36458.92592592593,0.13331152498722076,
36479.2037037037,0.1334015280008316,
36495.42592592593,0.13349153101444244,
36508.944444444445,0.13358153402805328,
36513.0,,9.0
36534.58139534884,0.13367153704166412,
36544.023255813954,0.13376154005527496,
36558.86046511628,0.1338515430688858,
36566.95348837209,0.13394154608249664,
36571.0,,9.0
36591.666666666664,0.133991539478302,
36603.82352941176,0.13404153287410736,
36615.98039215686,0.13409152626991272,
36629.35294117647,0.13414151966571808,
36633.0,,5.0
36649.02173913043,0.13418151438236237,
36662.13043478261,0.13422150909900665,
36679.608695652176,0.13426150381565094,
36695.63043478261,0.13430149853229523,
36700.0,,4.0
36714.895833333336,0.13439150154590607,
36750.104166666664,0.13457150757312775,
36760.9375,0.1346615105867386,
36765.0,,9.0
36776.70212765958,0.1346915066242218,
36787.34042553192,0.13472150266170502,
36800.10638297872,0.13475149869918823,
36811.8085106383,0.13478149473667145,
36815.0,,3.0
36845.21276595745,0.1349015086889267,
36861.82978723404,0.13496151566505432,
36886.0,,6.0
36914.5,0.1351415365934372,
36929.5,0.13520154356956482,
36949.0,,6.0
36996.9375,0.1353515386581421,
37004.3125,0.1353815346956253,
37008.0,,3.0
37027.0,0.1354215294122696,
37048.53333333333,0.13550151884555817,
37061.2,0.13554151356220245,
37065.0,,4.0
37093.333333333336,0.13561151921749115,
37105.0,0.13568152487277985,
37115.0,0.13575153052806854,
37130.0,0.13582153618335724,
37135.0,,7.0
37159.21568627451,0.13591153919696808,
37169.41176470588,0.13600154221057892,
37182.1568627451,0.13609154522418976,
37196.17647058824,0.1361815482378006,
37200.0,,9.0
37214.61538461538,0.13620154559612274,
37227.769230769234,0.13622154295444489,
37240.92307692308,0.13624154031276703,
37252.61538461538,0.13626153767108917,
37257.0,,2.0
37291.78048780488,0.1363615244626999,
37314.46341463415,0.1364615112543106,
37319.0,,5.0
37329.14634146341,0.13655151426792145,
37339.29268292683,0.1366415172815323,
37353.243902439026,0.13673152029514313,
37371.0,,9.0
37390.84210526316,0.13686151802539825,
37403.05263157895,0.13690151274204254,
37413.73684210526,0.13694150745868683,
37424.42105263158,0.13698150217533112,
37429.0,,4.0
37440.739130434784,0.13707150518894196,
37450.13043478261,0.1371615082025528,
37464.217391304344,0.13725151121616364,
37479.47826086957,0.13734151422977448,
37483.0,,9.0
37503.244897959186,0.13738150894641876,
37510.836734693876,0.13742150366306305,
37526.02040816326,0.13746149837970734,
37541.204081632655,0.13750149309635162,
37545.0,,4.0
37580.02702702703,0.1375414878129959,
37597.54054054054,0.13756148517131805,
37611.16216216216,0.1375814825296402,
37617.0,,2.0
37636.666666666664,0.13764148950576782,
37660.54761904762,0.13776150345802307,
37671.78571428572,0.1378215104341507,
37676.0,,6.0
37701.1875,0.13790151476860046,
37722.5,0.13798151910305023,
37745.75,0.1380615234375,
37763.1875,0.13814152777194977,
37769.0,,8.0
37788.61538461538,0.13818152248859406,
37811.692307692305,0.13826151192188263,
37825.53846153846,0.13830150663852692,
37829.0,,4.0
37847.15,0.13833150267601013,
37862.0,0.13836149871349335,
37873.55,0.13839149475097656,
37890.05,0.13842149078845978,
37895.0,,3.0
37956.36363636364,0.13851149380207062,
38005.454545454544,0.13860149681568146,
38038.181818181816,0.1386914998292923,
38062.72727272727,0.13878150284290314,
38075.0,,9.0
38120.95744680851,0.13887150585651398,
38151.59574468085,0.13896150887012482,
38201.382978723406,0.13905151188373566,
38243.51063829787,0.1391415148973465,
38255.0,,9.0
38274.71428571428,0.13923151791095734,
38290.204081632655,0.13932152092456818,
38304.28571428572,0.13941152393817902,
38324.0,,9.0
38337.42857142857,0.1395915299654007,
38347.5,0.13968153297901154,
38367.642857142855,0.13986153900623322,
38371.0,,9.0
38390.78723404255,0.13989153504371643,
38402.65957446808,0.13992153108119965,
38418.48936170213,0.13995152711868286,
38429.04255319149,0.13998152315616608,
38433.0,,3.0
38449.875,0.14000152051448822,
38458.875,0.14002151787281036,
38483.625,0.14006151258945465,
38487.0,,2.0
38508.333333333336,0.14011150598526,
38524.64705882353,0.14016149938106537,
38535.94117647059,0.14021149277687073,
38547.23529411765,0.1402614861726761,
38551.0,,5.0
38564.5,0.14028148353099823,
38578.0,0.14030148088932037,
38588.125,0.14032147824764252,
38605.0,,2.0
38621.95652173913,0.1403614729642868,
38634.67391304348,0.14038147032260895,
38647.391304347824,0.1404014676809311,
38665.760869565216,0.14042146503925323,
38670.0,,2.0
38687.5,0.14045146107673645,
38698.0,0.14048145711421967,
38722.5,0.1405414491891861,
38726.0,,3.0
38737.48717948718,0.14059144258499146,
38750.41025641026,0.14064143598079681,
38764.769230769234,0.14069142937660217,
38782.0,,5.0
38878.0,0.1409214287996292,
38950.0,0.1411014348268509,
38962.0,,9.0
38984.65957446808,0.14115142822265625,
39004.29787234042,0.1412014216184616,
39016.382978723406,0.14125141501426697,
39028.46808510638,0.14130140841007233,
39033.0,,5.0
39047.8717948718,0.14133140444755554,
39056.794871794875,0.14136140048503876,
39086.53846153846,0.1414213925600052,
39091.0,,3.0
39139.0,0.14151139557361603,
39175.0,0.14160139858722687,
39215.0,0.1416914016008377,
39271.0,,9.0
39291.0,0.14181140065193176,
39301.666666666664,0.14184139668941498,
39315.0,0.1418713927268982,
39327.0,0.1419013887643814,
39331.0,,3.0
39354.02222222222,0.14199139177799225,
39367.177777777775,0.1420813947916031,
39385.26666666667,0.14217139780521393,
39400.066666666666,0.14226140081882477,
39405.0,,9.0
39424.88372093023,0.1422813981771469,
39435.48837209302,0.14230139553546906,
39450.06976744186,0.1423213928937912,
39458.023255813954,0.14234139025211334,
39462.0,,2.0
39482.7,0.14243139326572418,
39499.26,0.14252139627933502,
39513.06,0.14261139929294586,
39531.0,,9.0
39547.13333333333,0.1427714079618454,
39557.4,0.1428414136171341,
39575.0,0.1429114192724228,
39592.6,0.1429814249277115,
39597.0,,7.0
39612.71428571428,0.14302141964435577,
39622.71428571428,0.14306141436100006,
39652.71428571428,0.14314140379428864,
39657.0,,4.0
39671.04878048781,0.143191397190094,
39688.21951219512,0.14324139058589935,
39716.31707317073,0.14334137737751007,
39721.0,,5.0
39737.545454545456,0.14338137209415436,
39747.72727272727,0.14342136681079865,
39760.454545454544,0.14346136152744293,
39773.181818181816,0.14350135624408722,
39777.0,,4.0
39800.767441860466,0.14357136189937592,
39812.651162790695,0.1436413675546646,
39844.90697674418,0.143781378865242,
39850.0,,7.0
39868.48648648649,0.14381137490272522,
39894.67567567567,0.14387136697769165,
39902.37837837838,0.14390136301517487,
39907.0,,3.0
39934.066666666666,0.1439613550901413,
39961.13333333333,0.14402134716510773,
39965.0,,3.0
39991.36734693877,0.14408135414123535,
39998.30612244898,0.14414136111736298,
40010.795918367345,0.1442013680934906,
40028.836734693876,0.14426137506961823,
40033.0,,6.0
40055.35294117647,0.144341379404068,
40079.19607843137,0.14442138373851776,
40091.117647058825,0.14450138807296753,
40109.0,,8.0
40127.46153846154,0.14462138712406158,
40155.153846153844,0.14470137655735016,
40165.53846153846,0.14474137127399445,
40169.0,,4.0
40191.5,0.14480136334896088,
40210.44736842105,0.1448613554239273,
40214.0,,3.0
40232.441860465115,0.1449013501405716,
40243.79069767442,0.14494134485721588,
40270.74418604651,0.14502133429050446,
40275.0,,4.0
40285.59459459459,0.1450413316488266,
40297.51351351351,0.14506132900714874,
40324.0,,2.0
40341.627118644064,0.14513131976127625,
40355.94915254237,0.14516131579875946,
40370.27118644068,0.14519131183624268,
40385.69491525424,0.1452213078737259,
40389.0,,3.0
40401.73170731707,0.14531131088733673,
40413.04878048781,0.14540131390094757,
40425.78048780488,0.1454913169145584,
40442.756097560974,0.14558131992816925,
40447.0,,9.0
40471.6976744186,0.14576132595539093,
40484.04651162791,0.14585132896900177,
40501.88372093023,0.1459413319826126,
40506.0,,9.0
40516.29787234042,0.14597132802009583,
40525.65957446808,0.14600132405757904,
40537.82978723404,0.14603132009506226,
40547.1914893617,0.14606131613254547,
40550.0,,3.0
40564.04255319149,0.14610131084918976,
40575.53191489362,0.14614130556583405,
40585.744680851065,0.14618130028247833,
40606.17021276596,0.14622129499912262,
40610.0,,4.0
40627.32075471698,0.14625129103660583,
40646.67924528302,0.14631128311157227,
40660.943396226416,0.14634127914905548,
40664.0,,3.0
40686.84090909091,0.14639127254486084,
40699.02272727273,0.1464412659406662,
40726.431818181816,0.14654125273227692,
40731.0,,5.0
40760.80392156863,0.14663125574588776,
40777.56862745098,0.1467212587594986,
40794.333333333336,0.14681126177310944,
40820.41176470588,0.14690126478672028,
40826.0,,9.0
40847.39655172414,0.14697127044200897,
40865.01724137931,0.14704127609729767,
40883.89655172414,0.14711128175258636,
40895.224137931036,0.14718128740787506,
40899.0,,7.0
40914.86,0.14722128212451935,
40927.06,0.14726127684116364,
40944.14,0.14730127155780792,
40956.34,0.1473412662744522,
40960.0,,4.0
40974.0,0.14739125967025757,
40985.666666666664,0.14744125306606293,
41000.833333333336,0.1474912464618683,
41012.5,0.14754123985767365,
41016.0,,5.0
41042.94736842105,0.14760123193264008,
41058.10526315789,0.1476312279701233,
41074.94736842105,0.1476612240076065,
41080.0,,3.0
41094.58139534884,0.14771121740341187,
41107.83720930233,0.14776121079921722,
41122.41860465116,0.14781120419502258,
41133.023255813954,0.14786119759082794,
41137.0,,5.0
41158.78571428572,0.14795120060443878,
41173.30952380953,0.14804120361804962,
41184.92857142857,0.14813120663166046,
41193.642857142855,0.1482212096452713,
41198.0,,9.0
41222.42105263158,0.1482612043619156,
41236.15789473684,0.14830119907855988,
41243.78947368421,0.14834119379520416,
41251.42105263158,0.14838118851184845,
41256.0,,4.0
41271.67567567567,0.14841118454933167,
41296.75675675676,0.1484711766242981,
41309.2972972973,0.1485011726617813,
41314.0,,3.0
41341.391304347824,0.14860115945339203,
41358.34782608696,0.1486511528491974,
41370.086956521736,0.14870114624500275,
41374.0,,5.0
41391.83018867925,0.1487511396408081,
41406.09433962264,0.14880113303661346,
41417.981132075474,0.14885112643241882,
41433.43396226415,0.14890111982822418,
41437.0,,5.0
41456.80952380953,0.14894111454486847,
41469.0,0.14898110926151276,
41484.23809523809,0.14902110397815704,
41496.42857142857,0.14906109869480133,
41501.0,,4.0
41513.97959183674,0.14908109605312347,
41537.77551020408,0.14912109076976776,
41550.755102040814,0.1491410881280899,
41554.0,,2.0
41570.09756097561,0.14923109114170074,
41592.04878048781,0.14941109716892242,
41609.60975609756,0.14950110018253326,
41614.0,,9.0
41629.05263157895,0.1495210975408554,
41635.89473684211,0.14954109489917755,
41661.89473684211,0.14958108961582184,
41666.0,,2.0
41678.78947368421,0.14962108433246613,
41690.15789473684,0.1496610790491104,
41715.73684210526,0.149741068482399,
41720.0,,4.0
41737.02702702703,0.1498010754585266,
41752.35135135135,0.14986108243465424,
41765.97297297297,0.14992108941078186,
41777.89189189189,0.14998109638690948,
41783.0,,6.0
41796.023255813954,0.15000109374523163,
41810.348837209305,0.15002109110355377,
41819.46511627907,0.15004108846187592,
41835.09302325582,0.15006108582019806,
41839.0,,2.0
41856.75,0.15012109279632568,
41873.020833333336,0.1501810997724533,
41887.8125,0.15024110674858093,
41905.5625,0.15030111372470856,
41910.0,,6.0
41971.27659574468,0.1503911167383194,
42021.063829787236,0.15048111975193024,
42044.04255319149,0.15057112276554108,
42078.51063829787,0.15066112577915192,
42090.0,,9.0
42101.0,0.15071111917495728,
42113.0,0.15076111257076263,
42124.0,0.150811105966568,
42141.0,0.15086109936237335,
42144.0,,5.0
42162.416666666664,0.15090109407901764,
42171.083333333336,0.15094108879566193,
42177.583333333336,0.1509810835123062,
42192.75,0.1510210782289505,
42196.0,,4.0
42213.91111111111,0.15111108124256134,
42229.066666666666,0.15120108425617218,
42244.22222222222,0.15129108726978302,
42253.86666666667,0.15138109028339386,
42258.0,,9.0
42297.22448979592,0.15165109932422638,
42316.204081632655,0.15174110233783722,
42320.0,,9.0
42334.666666666664,0.15183110535144806,
42358.5,0.1519211083650589,
42373.166666666664,0.15201111137866974,
42391.5,0.15210111439228058,
42397.0,,9.0
42424.1914893617,0.1521611213684082,
42437.78723404255,0.15222112834453583,
42451.382978723406,0.15228113532066345,
42463.46808510638,0.15234114229679108,
42468.0,,6.0
42479.75,0.15236113965511322,
42500.9,0.1524011343717575,
42511.475,0.15242113173007965,
42515.0,,2.0
42530.36363636364,0.1524411290884018,
42549.27272727273,0.15248112380504608,
42567.0,,2.0
42603.8,0.1526811271905899,
42616.6,0.15277113020420074,
42639.0,,9.0
42659.4,0.1529211401939392,
42669.6,0.15298114717006683,
42684.9,0.15304115414619446,
42701.9,0.15310116112232208,
42707.0,,6.0
42721.71698113208,0.15315115451812744,
42746.622641509435,0.15325114130973816,
42767.0,,5.0
42783.24,0.15332113206386566,
42794.84,0.1533411294221878,
42808.76,0.15336112678050995,
42821.52,0.1533811241388321,
42825.0,,2.0
42877.10526315789,0.15347112715244293,
42910.26315789474,0.15356113016605377,
42962.36842105263,0.1536511331796646,
43005.0,,9.0
43023.12244897959,0.15380114316940308,
43039.73469387755,0.1538611501455307,
43056.34693877551,0.15392115712165833,
43079.0,,6.0
43095.17391304348,0.1540711671113968,
43108.65217391304,0.15416117012500763,
43122.13043478261,0.15425117313861847,
43136.95652173913,0.1543411761522293,
43141.0,,9.0
43157.666666666664,0.15436117351055145,
43167.38888888889,0.1543811708688736,
43178.5,0.15440116822719574,
43186.833333333336,0.15442116558551788,
43191.0,,2.0
43202.91111111111,0.15451116859912872,
43217.8,0.15460117161273956,
43231.2,0.1546911746263504,
43258.0,,9.0
43271.95121951219,0.15479117631912231,
43287.170731707316,0.1548011749982834,
43297.31707317073,0.15481117367744446,
43306.19512195122,0.15482117235660553,
43310.0,,1.0
43330.634146341465,0.1548311710357666,
43353.560975609755,0.15486116707324982,
43357.0,,1.0
43372.311111111114,0.15488116443157196,
43387.62222222222,0.1549011617898941,
43397.044444444444,0.15492115914821625,
43406.46666666667,0.1549411565065384,
43410.0,,2.0
43424.27450980392,0.15496115386486053,
43436.509803921566,0.15498115122318268,
43447.72549019608,0.15500114858150482,
43458.94117647059,0.15502114593982697,
43462.0,,2.0
43479.239130434784,0.1551111489534378,
43495.15217391304,0.15520115196704865,
43505.760869565216,0.15529115498065948,
43519.02173913043,0.15538115799427032,
43523.0,,9.0
43570.183673469386,0.15550114214420319,
43586.836734693876,0.15554113686084747,
43591.0,,4.0
43631.5,0.155701145529747,
43651.75,0.15578114986419678,
43674.25,0.15586115419864655,
43681.0,,8.0
43700.217391304344,0.15595115721225739,
43719.434782608696,0.15604116022586823,
43729.782608695656,0.15613116323947906,
43749.0,,9.0
43765.25,0.15631116926670074,
43777.75,0.15640117228031158,
43789.0,0.15649117529392242,
43805.25,0.15658117830753326,
43809.0,,9.0
43828.64444444444,0.15665118396282196,
43840.73333333333,0.15672118961811066,
43860.37777777778,0.15679119527339935,
43872.46666666667,0.15686120092868805,
43877.0,,7.0
43902.26829268293,0.1569512039422989,
43916.70731707317,0.15704120695590973,
43931.14634146341,0.15713120996952057,
43945.58536585366,0.1572212129831314,
43951.0,,9.0
43974.30434782609,0.15731121599674225,
43988.86956521739,0.1574012190103531,
44001.97826086957,0.15749122202396393,
44018.0,,9.0
44035.7,0.15761122107505798,
44053.4,0.1576412171125412,
44062.84,0.15767121315002441,
44073.46,0.15770120918750763,
44077.0,,3.0
44093.163265306124,0.15774120390415192,
44109.32653061225,0.1577811986207962,
44128.42857142857,0.1578211933374405,
44144.5918367347,0.15786118805408478,
44149.0,,4.0
44162.829268292684,0.15795119106769562,
44176.65853658537,0.15804119408130646,
44193.560975609755,0.1581311970949173,
44207.39024390244,0.15822120010852814,
44212.0,,9.0
44227.391304347824,0.15826119482517242,
44242.782608695656,0.1583011895418167,
44253.04347826087,0.158341184258461,
44267.15217391304,0.15838117897510529,
44271.0,,4.0
44292.66,0.15840117633342743,
44305.2,0.15842117369174957,
44315.46,0.15844117105007172,
44328.0,,2.0
44347.0243902439,0.15850116312503815,
44359.70731707317,0.15854115784168243,
44375.560975609755,0.15858115255832672,
44393.0,,4.0
44411.975,0.1586611419916153,
44436.125,0.15870113670825958,
44446.475,0.15874113142490387,
44456.825,0.15878112614154816,
44462.0,,4.0
44485.692307692305,0.158871129155159,
44495.846153846156,0.15896113216876984,
44506.0,0.15905113518238068,
44522.92307692308,0.15914113819599152,
44528.0,,9.0
44544.22727272727,0.15917113423347473,
44554.65909090909,0.15920113027095795,
44563.931818181816,0.15923112630844116,
44579.0,,3.0
44596.75,0.15931111574172974,
44614.5,0.1593611091375351,
44627.8125,0.15941110253334045,
44645.5625,0.1594610959291458,
44650.0,,5.0
44664.625,0.1595010906457901,
44677.625,0.1595410853624344,
44700.375,0.15958108007907867,
44710.125,0.15962107479572296,
44715.0,,4.0
44730.63157894737,0.15966106951236725,
44742.78947368421,0.15970106422901154,
44760.15789473684,0.15974105894565582,
44775.78947368421,0.1597810536623001,
44781.0,,4.0
44812.26666666667,0.15986104309558868,
44828.64444444444,0.15990103781223297,
44843.53333333333,0.15994103252887726,
44848.0,,4.0
44864.74509803922,0.15997102856636047,
44876.705882352944,0.1600010246038437,
44893.450980392154,0.1600310206413269,
44909.0,,3.0
44932.71428571428,0.16011101007461548,
44947.95918367347,0.16016100347042084,
44986.91836734694,0.16026099026203156,
44992.0,,5.0
45019.085106382976,0.1603509932756424,
45033.34042553192,0.16044099628925323,
45041.89361702128,0.16053099930286407,
45054.72340425532,0.16062100231647491,
45059.0,,9.0
45079.294117647056,0.16071100533008575,
45094.17647058824,0.1608010083436966,
45123.94117647059,0.16098101437091827,
45128.0,,9.0
45172.08163265306,0.16110102832317352,
45183.836734693876,0.16116103529930115,
45195.5918367347,0.16122104227542877,
45200.0,,6.0
45223.568181818184,0.16127103567123413,
45231.88636363636,0.1613210290670395,
45245.75,0.16137102246284485,
45261.0,,5.0
45281.4,0.1614610105752945,
45290.92,0.16150100529193878,
45309.96,0.16154100000858307,
45324.92,0.16158099472522736,
45329.0,,4.0
45343.52272727273,0.1616709977388382,
45361.27272727273,0.16176100075244904,
45382.25,0.16185100376605988,
45400.0,,9.0
45433.24444444444,0.1621210128068924,
45448.35555555556,0.16221101582050323,
45463.46666666667,0.16230101883411407,
45468.0,,9.0
45479.4,0.16239102184772491,
45495.86666666667,0.16248102486133575,
45506.0,0.1625710278749466,
45521.2,0.16266103088855743,
45525.0,,9.0
45544.76470588235,0.16275103390216827,
45557.117647058825,0.1628410369157791,
45584.294117647056,0.1630210429430008,
45588.0,,9.0
45604.71428571428,0.16307103633880615,
45647.142857142855,0.16322101652622223,
45651.0,,5.0
45673.42,0.16332100331783295,
45689.94,0.1633709967136383,
45706.46,0.16342099010944366,
45710.0,,5.0
45723.882352941175,0.1635109931230545,
45741.23529411765,0.16360099613666534,
45752.80392156863,0.16369099915027618,
45765.529411764706,0.16378100216388702,
45769.0,,9.0
45787.705882352944,0.16387100517749786,
45796.01960784314,0.1639610081911087,
45808.490196078434,0.16405101120471954,
45818.882352941175,0.16414101421833038,
45822.0,,9.0
45837.681818181816,0.16418100893497467,
45853.36363636364,0.16422100365161896,
45886.295454545456,0.16430099308490753,
45891.0,,4.0
45910.0243902439,0.16433098912239075,
45921.73170731707,0.16436098515987396,
45931.9756097561,0.16439098119735718,
45946.60975609756,0.1644209772348404,
45951.0,,3.0
45965.857142857145,0.16451098024845123,
45980.71428571428,0.16460098326206207,
45988.142857142855,0.1646909862756729,
45998.54285714286,0.16478098928928375,
46003.0,,9.0
46017.744680851065,0.1648709923028946,
46058.70212765958,0.16505099833011627,
46075.085106382976,0.1651410013437271,
46080.0,,9.0
46102.90909090909,0.1651809960603714,
46112.931818181816,0.16522099077701569,
46125.818181818184,0.16526098549365997,
46138.704545454544,0.16530098021030426,
46143.0,,4.0
46177.22222222222,0.1653909832239151,
46201.666666666664,0.16548098623752594,
46231.0,0.16557098925113678,
46245.666666666664,0.16566099226474762,
46253.0,,9.0
46274.25,0.16575099527835846,
46293.0,0.16593100130558014,
46304.25,0.16602100431919098,
46308.0,,9.0
46325.879310344826,0.1660510003566742,
46365.84482758621,0.16614098846912384,
46369.0,,3.0
46386.85365853659,0.16623099148273468,
46397.26829268293,0.16632099449634552,
46410.65853658537,0.16641099750995636,
46425.53658536585,0.1665010005235672,
46430.0,,9.0
46448.35555555556,0.16659100353717804,
46461.46666666667,0.16668100655078888,
46489.0,,9.0
46501.82608695652,0.1669510155916214,
46517.217391304344,0.16704101860523224,
46532.608695652176,0.16713102161884308,
46544.15217391304,0.16722102463245392,
46548.0,,9.0
46579.16,0.16738103330135345,
46598.84,0.16746103763580322,
46630.0,,8.0
46649.933333333334,0.16763104498386383,
46683.666666666664,0.1678110510110855,
46694.4,0.16790105402469635,
46699.0,,9.0
46724.395348837206,0.1679510474205017,
46740.023255813954,0.16800104081630707,
46753.6976744186,0.16805103421211243,
46783.0,,5.0
46800.28947368421,0.1681610345840454,
46817.57894736842,0.16822104156017303,
46836.78947368421,0.16828104853630066,
46850.23684210526,0.16834105551242828,
46856.0,,6.0
46875.914893617024,0.16843105852603912,
46895.82978723404,0.16852106153964996,
46912.425531914894,0.1686110645532608,
46929.02127659575,0.16870106756687164,
46934.0,,9.0
46989.65909090909,0.16888108849525452,
47007.61363636364,0.16894109547138214,
47013.0,,6.0
47031.232558139534,0.16903109848499298,
47042.95348837209,0.16912110149860382,
47050.767441860466,0.16921110451221466,
47065.09302325582,0.1693011075258255,
47069.0,,9.0
47099.0,0.1693711131811142,
47126.857142857145,0.1694411188364029,
47141.857142857145,0.1695111244916916,
47152.57142857143,0.16958113014698029,
47159.0,,7.0
47178.14893617021,0.16967113316059113,
47211.65957446808,0.1698511391878128,
47229.21276595745,0.16994114220142365,
47234.0,,9.0
47249.89743589744,0.17000114917755127,
47264.205128205125,0.1700611561536789,
47276.92307692308,0.17012116312980652,
47291.230769230766,0.17018117010593414,
47296.0,,6.0
47319.45652173913,0.17027117311954498,
47351.934782608696,0.17045117914676666,
47373.586956521736,0.1705411821603775,
47379.0,,9.0
47397.153846153844,0.17063118517398834,
47410.769230769234,0.17072118818759918,
47424.38461538462,0.17081119120121002,
47434.596153846156,0.17090119421482086,
47438.0,,9.0
47488.232558139534,0.1710212081670761,
47510.83720930233,0.17108121514320374,
47538.46511627907,0.17114122211933136,
47546.0,,6.0
47576.0,0.17122122645378113,
47594.0,0.1713012307882309,
47632.0,,8.0
47651.0,0.17155124247074127,
47662.083333333336,0.1716412454843521,
47673.166666666664,0.17173124849796295,
47684.25,0.1718212515115738,
47689.0,,9.0
47710.382978723406,0.17191125452518463,
47721.78723404255,0.17200125753879547,
47738.89361702128,0.1720912605524063,
47751.72340425532,0.17218126356601715,
47756.0,,9.0
47770.583333333336,0.172271266579628,
47777.875,0.17236126959323883,
47790.375,0.17245127260684967,
47802.875,0.1725412756204605,
47806.0,,9.0
47817.70731707317,0.17263127863407135,
47830.58536585366,0.1727212816476822,
47839.95121951219,0.17281128466129303,
47850.48780487805,0.17290128767490387,
47854.0,,9.0
47877.58139534884,0.17297129333019257,
47893.90697674418,0.17304129898548126,
47912.04651162791,0.17311130464076996,
47926.558139534885,0.17318131029605865,
47932.0,,7.0
47953.0,0.1732713133096695,
47982.75,0.17345131933689117,
48002.0,,9.0
48029.244897959186,0.1736113280057907,
48051.04081632653,0.1736813336610794,
48067.38775510204,0.1737513393163681,
48085.551020408166,0.1738213449716568,
48091.0,,7.0
48105.448979591834,0.17391134798526764,
48121.102040816324,0.17400135099887848,
48134.34693877551,0.17409135401248932,
48146.38775510204,0.17418135702610016,
48150.0,,9.0
48163.282608695656,0.174271360039711,
48193.934782608696,0.17454136908054352,
48197.0,,9.0
48212.95,0.17456136643886566,
48230.35,0.1745813637971878,
48240.5,0.17460136115550995,
48250.65,0.1746213585138321,
48255.0,,2.0
48270.71428571428,0.17467135190963745,
48282.142857142855,0.1747213453054428,
48299.28571428572,0.17477133870124817,
48310.71428571428,0.17482133209705353,
48315.0,,5.0
48336.333333333336,0.17491133511066437,
48379.0,0.17509134113788605,
48389.666666666664,0.1751813441514969,
48395.0,,9.0
48440.348837209305,0.17536135017871857,
48450.813953488374,0.1754513531923294,
48464.767441860466,0.17554135620594025,
48470.0,,9.0
48489.72222222222,0.1756313592195511,
48501.555555555555,0.17572136223316193,
48517.333333333336,0.17581136524677277,
48535.083333333336,0.1759013682603836,
48541.0,,9.0
48564.5,0.17598137259483337,
48590.13636363636,0.17606137692928314,
48609.36363636364,0.1761413812637329,
48628.59090909091,0.17622138559818268,
48635.0,,8.0
48655.58823529412,0.17626138031482697,
48672.05882352941,0.17630137503147125,
48688.529411764706,0.17634136974811554,
48700.882352941175,0.17638136446475983,
48705.0,,4.0
48719.086956521736,0.1764213591814041,
48730.82608695652,0.1764613538980484,
48741.391304347824,0.1765013486146927,
48759.0,,4.0
48778.53191489362,0.17658133804798126,
48809.55319148936,0.17670132219791412,
48813.0,,4.0
48833.53333333333,0.17679132521152496,
48848.933333333334,0.1768813282251358,
48866.044444444444,0.17697133123874664,
48884.86666666667,0.17706133425235748,
48890.0,,9.0
48908.25,0.17711132764816284,
48925.096153846156,0.1771613210439682,
48958.78846153846,0.17726130783557892,
48963.0,,5.0
48976.04651162791,0.17735131084918976,
48989.09302325582,0.1774413138628006,
49014.0,,9.0
49026.4,0.17771132290363312,
49041.28,0.17780132591724396,
49057.4,0.1778913289308548,
49072.28,0.17798133194446564,
49076.0,,9.0
49095.885714285716,0.178031325340271,
49104.171428571426,0.17808131873607635,
49115.77142857143,0.1781313121318817,
49129.02857142857,0.17818130552768707,
49134.0,,5.0
49147.07142857143,0.17822130024433136,
49157.23809523809,0.17826129496097565,
49174.666666666664,0.17830128967761993,
49190.642857142855,0.17834128439426422,
49195.0,,4.0
49213.63829787234,0.17843128740787506,
49236.936170212764,0.1785212904214859,
49247.8085106383,0.17861129343509674,
49263.34042553192,0.17870129644870758,
49268.0,,9.0
49348.0,0.17888130247592926,
49384.0,0.1789713054895401,
49436.0,0.17906130850315094,
49448.0,,9.0
49464.186046511626,0.17915131151676178,
49474.976744186046,0.17924131453037262,
49489.813953488374,0.17933131754398346,
49501.95348837209,0.1794213205575943,
49506.0,,9.0
49521.81081081081,0.1794613152742386,
49542.89189189189,0.17950130999088287,
49551.67567567567,0.17954130470752716,
49565.72972972973,0.17958129942417145,
49571.0,,4.0
49594.42857142857,0.1796713024377823,
49613.95238095238,0.17976130545139313,
49631.52380952381,0.17985130846500397,
49653.0,,9.0
49666.42105263158,0.17997130751609802,
49681.63157894737,0.18000130355358124,
49692.36842105263,0.18003129959106445,
49701.31578947369,0.18006129562854767,
49704.0,,3.0
49717.913043478264,0.1801213026046753,
49748.52173913043,0.18024131655693054,
49763.82608695652,0.18030132353305817,
49768.0,,6.0
49800.454545454544,0.180391326546669,
49824.795454545456,0.18048132956027985,
49854.545454545456,0.18057133257389069,
49878.88636363636,0.18066133558750153,
49887.0,,9.0
49912.56,0.18075133860111237,
49925.34,0.1808413416147232,
49936.7,0.18093134462833405,
49953.74,0.18102134764194489,
49958.0,,9.0
49985.913043478264,0.1810513436794281,
50011.5,0.18108133971691132,
50034.760869565216,0.18111133575439453,
50058.02173913043,0.18114133179187775,
50065.0,,3.0
50082.52173913043,0.1812313348054886,
50093.30434782609,0.18132133781909943,
50110.82608695652,0.18141134083271027,
50122.95652173913,0.1815013438463211,
50127.0,,9.0
50140.07317073171,0.18159134685993195,
50172.756097560974,0.18177135288715363,
50189.09756097561,0.18186135590076447,
50194.0,,9.0
50232.5,0.18213136494159698,
50246.5,0.18222136795520782,
50250.0,,9.0
50263.4693877551,0.18227136135101318,
50280.30612244898,0.18232135474681854,
50288.163265306124,0.1823713481426239,
50301.63265306123,0.18242134153842926,
50305.0,,5.0
50322.55319148936,0.18247133493423462,
50336.59574468085,0.18252132833003998,
50351.8085106383,0.18257132172584534,
50356.48936170213,0.1826213151216507,
50360.0,,5.0
50401.53846153846,0.18271131813526154,
50447.692307692305,0.18280132114887238,
50475.38461538462,0.18289132416248322,
50526.153846153844,0.18298132717609406,
50540.0,,9.0
50552.5,0.1830713301897049,
50565.0,0.18316133320331573,
50575.0,0.18325133621692657,
50586.25,0.18334133923053741,
50590.0,,9.0
50621.836734693876,0.183421328663826,
50635.102040816324,0.18346132338047028,
50655.0,,4.0
50707.5,0.18368132412433624,
50722.5,0.18377132713794708,
50739.375,0.18386133015155792,
50745.0,,9.0
50757.230769230766,0.18395133316516876,
50771.5,0.1840413361787796,
50782.71153846154,0.18413133919239044,
50798.0,,9.0
50818.0,0.18431134521961212,
50848.0,0.1844913512468338,
50858.0,0.18458135426044464,
50863.0,,9.0
50880.02380952381,0.18462134897708893,
50897.04761904762,0.18466134369373322,
50910.97619047619,0.1847013384103775,
50923.357142857145,0.1847413331270218,
50928.0,,4.0
50961.583333333336,0.1848413199186325,
50971.916666666664,0.18489131331443787,
50986.125,0.18494130671024323,
50990.0,,5.0
51019.84444444445,0.18503130972385406,
51030.37777777778,0.1851213127374649,
51047.933333333334,0.18521131575107574,
51063.73333333333,0.18530131876468658,
51069.0,,9.0
51088.86046511628,0.18535131216049194,
51103.04651162791,0.1854013055562973,
51115.813953488374,0.18545129895210266,
51125.74418604651,0.18550129234790802,
51130.0,,5.0
51156.325,0.18555128574371338,
51174.55,0.18560127913951874,
51204.925,0.18570126593112946,
51211.0,,5.0
51223.92307692308,0.1857212632894516,
51233.153846153844,0.18574126064777374,
51256.230769230766,0.18578125536441803,
51259.0,,2.0
51284.04347826087,0.18587125837802887,
51299.69565217391,0.1859612613916397,
51312.217391304344,0.18605126440525055,
51326.30434782609,0.1861412674188614,
51331.0,,9.0
51346.098039215685,0.18616126477718353,
51360.117647058825,0.18618126213550568,
51371.98039215686,0.18620125949382782,
51386.0,,2.0
51402.0,0.1863112598657608,
51413.42857142857,0.18640126287937164,
51424.857142857145,0.18649126589298248,
51438.57142857143,0.18658126890659332,
51442.0,,9.0
51454.46666666667,0.18667127192020416,
51465.8,0.186761274933815,
51479.4,0.18685127794742584,
51489.6,0.18694128096103668,
51493.0,,9.0
51551.846153846156,0.18703128397464752,
51589.92307692308,0.18712128698825836,
51628.0,0.1872112900018692,
51662.61538461538,0.18730129301548004,
51673.0,,9.0
51728.71428571428,0.18739129602909088,
51763.0,0.18748129904270172,
51810.142857142855,0.18757130205631256,
51853.0,,9.0
52020.72727272727,0.18802131712436676,
52033.0,,9.0
52054.688888888886,0.1881113201379776,
52064.177777777775,0.18820132315158844,
52076.37777777778,0.18829132616519928,
52089.933333333334,0.18838132917881012,
52094.0,,9.0
52141.58974358974,0.188561350107193,
52153.07692307692,0.18862135708332062,
52158.0,,6.0
52179.5625,0.18871136009693146,
52193.9375,0.1888013631105423,
52209.75,0.18889136612415314,
52222.6875,0.18898136913776398,
52227.0,,9.0
52259.519230769234,0.18907137215137482,
52310.86538461538,0.18934138119220734,
52316.0,,9.0
52346.12244897959,0.1893913745880127,
52366.204081632655,0.18944136798381805,
52431.4693877551,0.18954135477542877,
52439.0,,5.0
52457.243902439026,0.1896313577890396,
52473.829268292684,0.18972136080265045,
52488.756097560974,0.1898113638162613,
52502.0243902439,0.18990136682987213,
52507.0,,9.0
52525.333333333336,0.18993136286735535,
52533.19047619047,0.18996135890483856,
52542.357142857145,0.18999135494232178,
52558.07142857143,0.190021350979805,
52562.0,,3.0
52603.475,0.19020135700702667,
52635.075,0.19038136303424835,
52641.0,,9.0
52674.0,0.19042135775089264,
52727.307692307695,0.1905013471841812,
52773.0,,4.0
52799.36734693877,0.19063134491443634,
52814.87755102041,0.19072134792804718,
52833.489795918365,0.19081135094165802,
52844.34693877551,0.19090135395526886,
52849.0,,9.0
52869.97727272727,0.19096136093139648,
52881.27272727273,0.1910213679075241,
52920.0,,6.0
52935.365853658535,0.1911613792181015,
52961.48780487805,0.1912013739347458,
52978.39024390244,0.19122137129306793,
52983.0,,2.0
53013.12195121951,0.19134138524532318,
53028.9756097561,0.1914013922214508,
53048.0,,6.0
53084.32075471698,0.19156138598918915,
53097.3962264151,0.1916113793849945,
53120.64150943396,0.19166137278079987,
53125.0,,5.0
53146.37777777778,0.19170136749744415,
53161.177777777775,0.19174136221408844,
53172.688888888886,0.19178135693073273,
53194.066666666666,0.19182135164737701,
53199.0,,4.0
53213.73333333333,0.19191135466098785,
53223.933333333334,0.1920013576745987,
53233.0,0.19209136068820953,
53246.6,0.19218136370182037,
53250.0,,9.0
53280.16,0.1922113597393036,
53305.68,0.1922413557767868,
53359.04,0.19230134785175323,
53366.0,,3.0
53402.04651162791,0.19248135387897491,
53413.58139534884,0.19257135689258575,
53423.67441860465,0.1926613599061966,
53428.0,,9.0
53446.86363636364,0.19274136424064636,
53465.72727272727,0.19282136857509613,
53490.25,0.1929013729095459,
53505.34090909091,0.19298137724399567,
53511.0,,8.0
53528.4,0.1930713802576065,
53549.28,0.19325138628482819,
53569.0,,9.0
53601.267857142855,0.19341139495372772,
53636.017857142855,0.19348140060901642,
53668.28571428572,0.19355140626430511,
53700.55357142857,0.1936214119195938,
53708.0,,7.0
53725.510204081635,0.19371141493320465,
53769.95918367347,0.19398142397403717,
53774.0,,9.0
53794.32653061225,0.1940414309501648,
53814.65306122449,0.19410143792629242,
53857.0,,6.0
53892.38461538462,0.19426144659519196,
53936.61538461538,0.19434143602848053,
53963.153846153844,0.19438143074512482,
53972.0,,4.0
54005.25,0.19447143375873566,
54029.431818181816,0.1945614367723465,
54062.681818181816,0.19465143978595734,
54095.931818181816,0.19474144279956818,
54105.0,,9.0
54134.4693877551,0.19483144581317902,
54151.5306122449,0.19492144882678986,
54165.489795918365,0.1950114518404007,
54176.34693877551,0.19510145485401154,
54181.0,,9.0
54196.58139534884,0.19519145786762238,
54212.16279069767,0.19528146088123322,
54223.06976744186,0.19537146389484406,
54243.32558139535,0.1954614669084549,
54248.0,,9.0
54270.71111111111,0.19555146992206573,
54286.933333333334,0.19564147293567657,
54299.91111111111,0.19573147594928741,
54321.0,,9.0
54339.2,0.19590148329734802,
54353.2,0.1959814876317978,
54371.4,0.19606149196624756,
54386.8,0.19614149630069733,
54391.0,,8.0
54420.230769230766,0.19619148969650269,
54435.61538461538,0.19624148309230804,
54451.0,0.1962914764881134,
54466.38461538462,0.19634146988391876,
54471.0,,5.0
54482.9,0.19641147553920746,
54533.9,0.19662149250507355,
54539.0,,7.0
54574.53846153846,0.19680149853229523,
54590.333333333336,0.19689150154590607,
54610.07692307692,0.1969815045595169,
54616.0,,9.0
54631.813953488374,0.19701150059700012,
54644.46511627907,0.19704149663448334,
54684.0,,3.0
54703.31707317073,0.1971914917230606,
54719.12195121951,0.19728149473667145,
54750.73170731707,0.19746150076389313,
54756.0,,9.0
54777.568181818184,0.19752150774002075,
54804.11363636364,0.197641521692276,
54824.02272727273,0.19770152866840363,
54829.0,,6.0
54847.232558139534,0.19772152602672577,
54860.25581395349,0.1977415233850479,
54869.37209302326,0.19776152074337006,
54881.09302325582,0.1977815181016922,
54885.0,,2.0
55014.0,,9.0
55028.4375,0.1982315331697464,
55038.9375,0.19832153618335724,
55052.0625,0.19841153919696808,
55073.0625,0.19850154221057892,
55077.0,,9.0
55094.95652173913,0.19859154522418976,
55109.065217391304,0.1986815482378006,
55120.608695652176,0.19877155125141144,
55132.15217391304,0.19886155426502228,
55136.0,,9.0
55172.21276595745,0.19904156029224396,
55192.68085106383,0.1991315633058548,
55205.27659574468,0.19922156631946564,
55210.0,,9.0
55228.40909090909,0.19926156103610992,
55241.90909090909,0.1993015557527542,
55249.27272727273,0.1993415504693985,
55260.318181818184,0.19938154518604279,
55264.0,,4.0
55282.88,0.19947154819965363,
55292.32,0.19956155121326447,
55307.66,0.1996515542268753,
55319.46,0.19974155724048615,
55323.0,,9.0
55343.045454545456,0.19977155327796936,
55357.36363636364,0.19980154931545258,
55365.954545454544,0.1998315453529358,
55381.704545454544,0.199861541390419,
55386.0,,3.0
55438.94117647059,0.19995154440402985,
55484.82352941176,0.20004154741764069,
55516.58823529412,0.20013155043125153,
55555.41176470588,0.20022155344486237,
55566.0,,9.0
55585.53488372093,0.2003115564584732,
55598.09302325582,0.20040155947208405,
55609.25581395349,0.20049156248569489,
55621.813953488374,0.20058156549930573,
55626.0,,9.0
55667.739130434784,0.20068155229091644,
55685.13043478261,0.2007315456867218,
55700.782608695656,0.20078153908252716,
55706.0,,5.0
55743.333333333336,0.20096154510974884,
55766.8,0.20114155113697052,
55770.0,,9.0
55797.5,0.2013215571641922,
55808.75,0.20141156017780304,
55826.25,0.20150156319141388,
55830.0,,9.0
55847.439024390245,0.20154155790805817,
55863.29268292683,0.20158155262470245,
55874.39024390244,0.20162154734134674,
55890.243902439026,0.20166154205799103,
55895.0,,4.0
55920.6,0.20170153677463531,
55936.6,0.2017415314912796,
55955.8,0.2017815262079239,
55970.2,0.20182152092456818,
55975.0,,4.0
56001.933333333334,0.20191152393817902,
56019.88888888889,0.20200152695178986,
56042.333333333336,0.2020915299654007,
56069.26666666667,0.20218153297901154,
56076.0,,9.0
56119.59090909091,0.20227153599262238,
56172.52272727273,0.20245154201984406,
56213.0,,9.0
56250.846153846156,0.20263154804706573,
56291.846153846156,0.20281155407428741,
56326.53846153846,0.20290155708789825,
56336.0,,9.0
56381.27659574468,0.2029915601015091,
56403.914893617024,0.20308156311511993,
56426.55319148936,0.20317156612873077,
56460.51063829787,0.2032615691423416,
56469.0,,9.0
56491.06976744186,0.20335157215595245,
56501.25581395349,0.2034415751695633,
56523.32558139535,0.20353157818317413,
56536.90697674418,0.20362158119678497,
56542.0,,9.0
56580.13953488372,0.20374159514904022,
56618.27906976744,0.20386160910129547,
56624.0,,6.0
56669.882352941175,0.2039516121149063,
56705.17647058824,0.20404161512851715,
56793.41176470588,0.20422162115573883,
56804.0,,9.0
56826.943396226416,0.20431162416934967,
56859.92452830189,0.20449163019657135,
56880.0,,9.0
56904.818181818184,0.20464164018630981,
56927.72727272727,0.20470164716243744,
56943.0,0.20476165413856506,
56958.27272727273,0.2048216611146927,
56964.0,,6.0
56982.41860465116,0.20491166412830353,
56994.13953488372,0.20500166714191437,
57010.88372093023,0.2050916701555252,
57030.976744186046,0.20518167316913605,
57036.0,,9.0
57065.822222222225,0.2052316665649414,
57092.933333333334,0.20528165996074677,
57114.62222222222,0.20533165335655212,
57158.0,,5.0
57174.85106382979,0.2054416537284851,
57195.914893617024,0.20550166070461273,
57209.95744680851,0.20556166768074036,
57219.78723404255,0.20562167465686798,
57224.0,,6.0
57243.380952380954,0.20566166937351227,
57261.0,0.20570166409015656,
57275.09523809524,0.20574165880680084,
57292.71428571428,0.20578165352344513,
57298.0,,4.0
57334.818181818184,0.20590166747570038,
57373.0,,6.0
57431.77551020408,0.20611168444156647,
57468.510204081635,0.2062016874551773,
57505.244897959186,0.20629169046878815,
57541.97959183674,0.206381693482399,
57553.0,,9.0
57598.0,0.20647169649600983,
57679.0,0.2066517025232315,
57719.5,0.20674170553684235,
57733.0,,9.0
57755.188679245286,0.20678170025348663,
57775.79245283019,0.20682169497013092,
57791.64150943396,0.2068616896867752,
57812.24528301887,0.2069016844034195,
57817.0,,4.0
57847.36734693877,0.20696169137954712,
57870.142857142855,0.20702169835567474,
57889.12244897959,0.20708170533180237,
57904.30612244898,0.20714171230793,
57910.0,,6.0
57944.0,0.2072416990995407,
57956.24,0.20729169249534607,
57978.0,,5.0
58026.10810810811,0.2075216919183731,
58059.78378378379,0.2077016979455948,
58067.0,,9.0
58123.470588235294,0.20779170095920563,
58169.35294117647,0.20788170397281647,
58201.117647058825,0.2079717069864273,
58247.0,,9.0
58267.48,0.208151713013649,
58281.56,0.20824171602725983,
58299.48,0.20833171904087067,
58307.16,0.2084217220544815,
58311.0,,9.0
58348.765957446805,0.20850171148777008,
58363.87234042553,0.20854170620441437,
58382.0,,4.0
58412.857142857145,0.2086717039346695,
58451.42857142857,0.20876170694828033,
58472.0,0.20885170996189117,
58500.28571428572,0.20894171297550201,
58508.0,,9.0
58525.83783783784,0.20903171598911285,
58550.16216216216,0.20921172201633453,
58568.0,,9.0
58584.90566037736,0.2093917280435562,
58599.3962264151,0.20948173105716705,
58616.301886792455,0.2095717340707779,
58628.377358490565,0.20966173708438873,
58632.0,,9.0
58667.813953488374,0.20975174009799957,
58729.67441860465,0.20993174612522125,
58762.232558139534,0.2100217491388321,
58772.0,,9.0
58800.255319148935,0.2100917547941208,
58814.382978723406,0.21016176044940948,
58849.70212765958,0.21030177175998688,
58855.0,,7.0
58877.5306122449,0.21034176647663116,
58890.204081632655,0.21038176119327545,
58907.102040816324,0.21042175590991974,
58924.0,,4.0
58940.86363636364,0.21055175364017487,
58951.704545454544,0.2106417566537857,
58961.34090909091,0.21073175966739655,
58977.0,,9.0
58998.913043478264,0.2108517587184906,
59018.086956521736,0.21088175475597382,
59027.67391304348,0.21091175079345703,
59040.0,,3.0
59061.53846153846,0.2110317498445511,
59083.07692307692,0.21121175587177277,
59095.38461538462,0.2113017588853836,
59100.0,,9.0
59116.38775510204,0.2113417536020279,
59134.26530612245,0.21138174831867218,
59147.67346938775,0.21142174303531647,
59168.5306122449,0.21146173775196075,
59173.0,,4.0
59189.92307692308,0.21150173246860504,
59201.769230769234,0.21154172718524933,
59239.0,,4.0
59279.0,0.21168170869350433,
59295.84210526316,0.21170170605182648,
59299.0,,2.0
59328.30909090909,0.21178169548511505,
59357.61818181818,0.21186168491840363,
59361.0,,4.0
59382.30612244898,0.2119016796350479,
59392.95918367347,0.2119416743516922,
59403.61224489796,0.2119816690683365,
59415.448979591834,0.21202166378498077,
59419.0,,4.0
59441.454545454544,0.21209166944026947,
59458.72727272727,0.21216167509555817,
59476.0,0.21223168075084686,
59489.818181818184,0.21230168640613556,
59495.0,,7.0
59516.688888888886,0.21234168112277985,
59527.53333333333,0.21238167583942413,
59539.73333333333,0.21242167055606842,
59551.933333333334,0.2124616652727127,
59556.0,,4.0
59595.0,0.2126416712999344,
59610.0,0.21273167431354523,
59629.5,0.21282167732715607,
59634.0,,9.0
59651.282608695656,0.21283167600631714,
59663.95652173913,0.2128416746854782,
59683.54347826087,0.21286167204380035,
59687.0,,1.0
59702.692307692305,0.21287167072296143,
59721.0,0.21289166808128357,
59734.07692307692,0.21290166676044464,
59738.0,,1.0
59756.93023255814,0.21292166411876678,
59777.58139534884,0.21294166147708893,
59789.62790697674,0.21296165883541107,
59806.83720930233,0.21298165619373322,
59812.0,,2.0
59849.441860465115,0.21307165920734406,
59876.186046511626,0.2131616622209549,
59918.976744186046,0.21334166824817657,
59927.0,,9.0
59941.55319148936,0.21339166164398193,
59954.89361702128,0.2134416550397873,
59970.65957446808,0.21349164843559265,
59984.0,,5.0
60000.183673469386,0.2135816365480423,
60017.61224489796,0.21362163126468658,
60026.32653061225,0.21366162598133087,
60041.26530612245,0.21370162069797516,
60045.0,,4.0
60062.34,0.21374161541461945,
60071.52,0.21378161013126373,
60092.94,0.2138615995645523,
60096.0,,4.0
60111.26315789474,0.21389159560203552,
60129.57894736842,0.21392159163951874,
60141.78947368421,0.21395158767700195,
60150.94736842105,0.21398158371448517,
60154.0,,3.0
60169.25,0.21401157975196838,
60180.34090909091,0.2140415757894516,
60192.818181818184,0.21407157182693481,
60210.84090909091,0.21410156786441803,
60215.0,,3.0
60228.529411764706,0.21419157087802887,
60247.470588235294,0.2142815738916397,
60279.94117647059,0.2144615799188614,
60284.0,,9.0
60301.217391304344,0.21453158557415009,
60315.30434782609,0.21460159122943878,
60351.30434782609,0.21474160254001617,
60356.0,,7.0
60372.857142857145,0.2147715985774994,
60385.5,0.2148015946149826,
60410.78571428572,0.21486158668994904,
60415.0,,3.0
60443.46666666667,0.21488158404827118,
60457.02222222222,0.21489158272743225,
60471.933333333334,0.21490158140659332,
60476.0,,1.0
60491.26315789474,0.21493157744407654,
60512.63157894737,0.21499156951904297,
60529.42105263158,0.21502156555652618,
60534.0,,3.0
60553.0625,0.21504156291484833,
60568.3125,0.21506156027317047,
60577.208333333336,0.21508155763149261,
60591.1875,0.21510155498981476,
60595.0,,2.0
60664.230769230766,0.21518154442310333,
60670.0,,2.0
60709.75,0.21527154743671417,
60725.208333333336,0.215361550450325,
60742.875,0.21545155346393585,
60769.375,0.2155415564775467,
60776.0,,9.0
60807.24528301887,0.21558155119419098,
60824.16981132075,0.21560154855251312,
60841.09433962264,0.21562154591083527,
60845.0,,2.0
60863.07407407407,0.21566154062747955,
60873.24074074074,0.21570153534412384,
60890.18518518518,0.21574153006076813,
60902.61111111111,0.21578152477741241,
60906.0,,4.0
60942.142857142855,0.215861514210701,
60950.0,0.21590150892734528,
60972.0,,4.0
60986.25925925926,0.2159615010023117,
60999.22222222222,0.21598149836063385,
61018.666666666664,0.216001495718956,
61038.11111111111,0.21602149307727814,
61042.0,,2.0
61059.901960784315,0.21611149609088898,
61085.94117647059,0.21620149910449982,
61110.35294117647,0.21629150211811066,
61120.117647058825,0.2163815051317215,
61125.0,,9.0
61141.8,0.21640150249004364,
61155.8,0.21642149984836578,
61188.0,,2.0
61208.8717948718,0.21651148796081543,
61229.743589743586,0.2165614813566208,
61256.307692307695,0.2166614681482315,
61262.0,,5.0
61293.8431372549,0.21672146022319794,
61302.62745098039,0.21675145626068115,
61314.705882352944,0.21678145229816437,
61318.0,,3.0
61378.0,0.2168714553117752,
61401.07692307692,0.21696145832538605,
61447.230769230766,0.2170514613389969,
61484.153846153844,0.21714146435260773,
61498.0,,9.0
61514.8,0.21719145774841309,
61531.6,0.21724145114421844,
61542.4,0.2172914445400238,
61554.4,0.21734143793582916,
61558.0,,5.0
61577.8,0.21739143133163452,
61592.2,0.21744142472743988,
61604.8,0.21749141812324524,
61624.6,0.2175414115190506,
61630.0,,5.0
61642.94117647059,0.21758140623569489,
61657.05882352941,0.21762140095233917,
61673.529411764706,0.21766139566898346,
61686.470588235294,0.21770139038562775,
61690.0,,4.0
61714.12765957447,0.217821404337883,
61728.87234042553,0.21788141131401062,
61753.0,,6.0
61784.30434782609,0.21803142130374908,
61831.260869565216,0.21812142431735992,
61921.260869565216,0.2183014303445816,
61933.0,,9.0
61957.92307692308,0.21835142374038696,
61973.153846153844,0.21840141713619232,
62000.846153846156,0.21850140392780304,
62005.0,,5.0
62023.857142857145,0.21856141090393066,
62066.95918367347,0.21874143183231354,
62071.0,,6.0
62096.9375,0.2187514305114746,
62110.770833333336,0.21876142919063568,
62133.25,0.21877142786979675,
62148.8125,0.21878142654895782,
62154.0,,1.0
62172.0,0.21881142258644104,
62190.0,0.21884141862392426,
62206.36363636364,0.21887141466140747,
62221.09090909091,0.21890141069889069,
62226.0,,3.0
62281.102040816324,0.21899141371250153,
62325.183673469386,0.21908141672611237,
62358.244897959186,0.2191714197397232,
62394.97959183674,0.21926142275333405,
62406.0,,9.0
62427.73469387755,0.2193114161491394,
62472.65306122449,0.21946139633655548,
62477.0,,5.0
62492.95,0.21951138973236084,
62504.55,0.2195613831281662,
62530.65,0.21966136991977692,
62535.0,,5.0
62551.81578947369,0.21971136331558228,
62566.76315789474,0.21976135671138763,
62583.57894736842,0.219811350107193,
62606.0,,5.0
62641.795454545456,0.21994133293628693,
62658.84090909091,0.2199813276529312,
62681.0,,4.0
62704.666666666664,0.22004131972789764,
62715.71111111111,0.2200613170862198,
62733.066666666666,0.22008131444454193,
62747.26666666667,0.22010131180286407,
62752.0,,2.0
62767.11111111111,0.22012130916118622,
62786.0,0.22014130651950836,
62831.333333333336,0.22018130123615265,
62837.0,,2.0
62858.057692307695,0.2202012985944748,
62876.307692307695,0.22022129595279694,
62890.346153846156,0.22024129331111908,
62905.78846153846,0.22026129066944122,
62910.0,,2.0
62927.67441860465,0.22035129368305206,
62940.04651162791,0.2204412966966629,
62964.79069767442,0.22053129971027374,
62980.6976744186,0.22062130272388458,
62986.0,,9.0
62999.846153846156,0.2206512987613678,
63012.307692307695,0.220681294798851,
63026.153846153844,0.22071129083633423,
63035.846153846156,0.22074128687381744,
63040.0,,3.0
63071.5,0.22082127630710602,
63098.891304347824,0.2209012657403946,
63103.0,,4.0
63115.04081632653,0.22099126875400543,
63127.08163265306,0.22108127176761627,
63139.12244897959,0.2211712747812271,
63158.38775510204,0.22126127779483795,
63162.0,,9.0
63174.86956521739,0.22129127383232117,
63199.0,0.22132126986980438,
63219.913043478264,0.2213512659072876,
63236.0,,3.0
63254.0,0.22141125798225403,
63273.63636363636,0.22144125401973724,
63290.0,0.22147125005722046,
63303.09090909091,0.22150124609470367,
63308.0,,3.0
63335.857142857145,0.22159124910831451,
63348.857142857145,0.22168125212192535,
63365.57142857143,0.2217712551355362,
63380.42857142857,0.22186125814914703,
63386.0,,9.0
63411.6,0.22188125550746918,
63434.0,0.22190125286579132,
63443.6,0.22192125022411346,
63461.2,0.2219412475824356,
63466.0,,2.0
63510.666666666664,0.22206123173236847,
63529.05882352941,0.22210122644901276,
63533.0,,4.0
63569.36363636364,0.22217123210430145,
63586.818181818184,0.22224123775959015,
63608.63636363636,0.22238124907016754,
63613.0,,7.0
63633.52830188679,0.2224312424659729,
63647.64150943396,0.22248123586177826,
63664.32075471698,0.22253122925758362,
63677.15094339623,0.22258122265338898,
63681.0,,5.0
63705.846153846156,0.22260122001171112,
63721.92307692308,0.22262121737003326,
63733.61538461538,0.2226412147283554,
63752.61538461538,0.22266121208667755,
63757.0,,2.0
63776.26829268293,0.2227512151002884,
63789.756097560974,0.22284121811389923,
63807.09756097561,0.22293122112751007,
63836.0,,9.0
63868.0,0.22314123809337616,
63882.666666666664,0.22320124506950378,
63896.0,0.2232612520456314,
63900.0,,6.0
63926.04255319149,0.2233012467622757,
63938.29787234042,0.22334124147891998,
63950.55319148936,0.22338123619556427,
63967.40425531915,0.22342123091220856,
63972.0,,4.0
63991.13043478261,0.22349123656749725,
64029.391304347824,0.22363124787807465,
64046.782608695656,0.22370125353336334,
64052.0,,7.0
64147.0,0.22388125956058502,
64182.0,0.22397126257419586,
64217.0,0.2240612655878067,
64232.0,,9.0
64250.666666666664,0.22411125898361206,
64270.5,0.22416125237941742,
64286.833333333336,0.22421124577522278,
64291.5,0.22426123917102814,
64295.0,,5.0
64314.811320754714,0.22429123520851135,
64323.301886792455,0.22432123124599457,
64334.622641509435,0.22435122728347778,
64342.16981132075,0.224381223320961,
64345.0,,3.0
64361.37777777778,0.22447122633457184,
64379.24444444444,0.22456122934818268,
64395.62222222222,0.22465123236179352,
64407.53333333333,0.22474123537540436,
64412.0,,9.0
64437.2,0.22478123009204865,
64448.0,0.22482122480869293,
64462.4,0.22486121952533722,
64478.6,0.2249012142419815,
64484.0,,4.0
64515.02272727273,0.22500120103359222,
64529.795454545456,0.22505119442939758,
64544.568181818184,0.22510118782520294,
64549.0,,5.0
64569.0,0.22514118254184723,
64583.444444444445,0.22518117725849152,
64605.666666666664,0.2252611666917801,
64609.0,,4.0
64631.97872340425,0.22535116970539093,
64647.29787234042,0.22544117271900177,
64664.14893617021,0.2255311757326126,
64681.0,,9.0
64696.75,0.2257111817598343,
64712.5,0.22580118477344513,
64735.25,0.22589118778705597,
64752.75,0.2259811908006668,
64758.0,,9.0
64780.0,0.22607119381427765,
64802.0,0.2261611968278885,
64824.0,0.22625119984149933,
64844.0,0.22634120285511017,
64850.0,,9.0
64898.0,0.226431205868721,
64946.0,0.22652120888233185,
64974.0,0.2266112118959427,
65018.0,0.22670121490955353,
65030.0,,9.0
65061.62790697674,0.22679121792316437,
65093.25581395349,0.2268812209367752,
65124.88372093023,0.22697122395038605,
65156.51162790698,0.2270612269639969,
65166.0,,9.0
65193.37777777778,0.22708122432231903,
65230.53333333333,0.22712121903896332,
65248.13333333333,0.22714121639728546,
65254.0,,2.0
65265.166666666664,0.22717121243476868,
65277.92857142857,0.2272012084722519,
65300.26190476191,0.2272312045097351,
65316.21428571428,0.22726120054721832,
65321.0,,3.0
65342.470588235294,0.22728119790554047,
65389.705882352944,0.2273411899805069,
65394.0,,2.0
65411.94117647059,0.22738118469715118,
65431.07843137255,0.22742117941379547,
65443.03921568627,0.22746117413043976,
65455.0,,4.0
65478.36842105263,0.2275511622428894,
65493.94736842105,0.22760115563869476,
65504.333333333336,0.22765114903450012,
65525.10526315789,0.22770114243030548,
65529.0,,5.0
65571.70833333333,0.22778113186359406,
65588.79166666667,0.22782112658023834,
65611.0,,4.0
65666.71428571429,0.22795112431049347,
65696.71428571429,0.2280411273241043,
65743.85714285714,0.22813113033771515,
65778.14285714286,0.228221133351326,
65791.0,,9.0
65804.0625,0.22823113203048706,
65821.875,0.22824113070964813,
65834.9375,0.2282511293888092,
65844.4375,0.22826112806797028,
65848.0,,1.0
65902.0,0.22835113108158112,
65938.0,0.22844113409519196,
66017.2,0.22862114012241364,
66028.0,,9.0
66041.28571428571,0.22866113483905792,
66056.04761904762,0.2287011295557022,
66069.33333333333,0.2287411242723465,
66085.57142857143,0.22878111898899078,
66090.0,,4.0
66123.33333333333,0.22896112501621246,
66146.0,0.22914113104343414,
66150.0,,9.0
66166.53333333334,0.22923113405704498,
66176.17777777778,0.22932113707065582,
66192.71111111112,0.22941114008426666,
66207.86666666667,0.2295011430978775,
66212.0,,9.0
66231.66666666667,0.22952114045619965,
66242.2564102564,0.2295411378145218,
66254.35897435897,0.22956113517284393,
66266.46153846153,0.22958113253116608,
66271.0,,2.0
66292.30434782608,0.2296411395072937,
66304.47826086957,0.22970114648342133,
66321.21739130435,0.22976115345954895,
66336.43478260869,0.22982116043567657,
66341.0,,6.0
66404.91666666667,0.23000116646289825,
66451.625,0.23018117249011993,
66459.0,,9.0
66470.41463414633,0.23020116984844208,
66486.90243902439,0.23022116720676422,
66498.31707317074,0.23024116456508636,
66507.19512195123,0.2302611619234085,
66511.0,,2.0
66541.78,0.23035116493701935,
66556.36,0.2304411679506302,
66575.8,0.23053117096424103,
66587.14,0.23062117397785187,
66592.0,,9.0
66608.08510638298,0.2307111769914627,
66655.0,,9.0
66685.66666666667,0.23107118904590607,
66704.06666666667,0.2311611920595169,
66718.37777777777,0.23125119507312775,
66740.86666666667,0.2313411980867386,
66747.0,,9.0
66780.91304347826,0.23143120110034943,
66809.60869565218,0.23152120411396027,
66833.08695652174,0.2316112071275711,
66867.0,,9.0
66906.84615384616,0.23188121616840363,
66922.02564102564,0.23197121918201447,
66935.30769230769,0.2320612221956253,
66941.0,,9.0
66958.80434782608,0.23208121955394745,
66987.56521739131,0.23212121427059174,
66999.89130434782,0.23214121162891388,
67004.0,,2.0
67021.79166666667,0.2322012186050415,
67035.77083333333,0.23226122558116913,
67061.1875,0.23238123953342438,
67065.0,,6.0
67086.42857142857,0.23247124254703522,
67100.71428571429,0.23256124556064606,
67118.57142857143,0.2326512485742569,
67140.0,,9.0
67159.83673469388,0.23278124630451202,
67181.32653061225,0.2328212410211563,
67199.51020408163,0.2328612357378006,
67216.04081632652,0.23290123045444489,
67221.0,,4.0
67258.91666666667,0.23299123346805573,
67293.91666666667,0.23308123648166656,
67317.25,0.2331712394952774,
67361.0,,9.0
67390.89285714286,0.23344124853610992,
67423.0,,9.0
67453.35714285714,0.23370125889778137,
67467.52380952382,0.23378126323223114,
67481.69047619047,0.2338612675666809,
67508.0,,8.0
67525.36170212766,0.23401127755641937,
67542.72340425532,0.23408128321170807,
67557.1914893617,0.23415128886699677,
67571.65957446808,0.23422129452228546,
67576.0,,7.0
67591.31914893616,0.2343112975358963,
67613.02127659574,0.23449130356311798,
67632.17021276595,0.23458130657672882,
67636.0,,9.0
67652.8,0.2345913052558899,
67662.6,0.23460130393505096,
67680.8,0.23461130261421204,
67694.8,0.2346213012933731,
67699.0,,1.0
67730.17948717948,0.23470129072666168,
67744.94871794872,0.23474128544330597,
67758.07692307692,0.23478128015995026,
67763.0,,4.0
67776.72549019608,0.2348012775182724,
67787.50980392157,0.23482127487659454,
67800.25490196078,0.2348412722349167,
67810.05882352941,0.23486126959323883,
67813.0,,2.0
67828.5,0.23495127260684967,
67842.70833333333,0.2350412756204605,
67875.0,,9.0
67889.86956521739,0.23524127900600433,
67905.97826086957,0.23526127636432648,
67914.65217391304,0.23528127372264862,
67928.28260869565,0.23530127108097076,
67932.0,,2.0
67960.16,0.2353612631559372,
67992.16,0.23542125523090363,
67996.0,,3.0
68038.4705882353,0.23548124730587006,
68049.64705882352,0.2355012446641922,
68053.0,,2.0
68067.0425531915,0.2355012446641922,
68078.74468085106,0.2355012446641922,
68108.0,,0.0
68127.56521739131,0.23559124767780304,
68151.04347826086,0.23568125069141388,
68176.47826086957,0.23577125370502472,
68192.13043478261,0.23586125671863556,
68198.0,,9.0
68212.27450980392,0.23587125539779663,
68224.35294117648,0.2358812540769577,
68239.72549019608,0.23589125275611877,
68250.70588235294,0.23590125143527985,
68254.0,,1.0
68275.33333333333,0.23593124747276306,
68288.13333333333,0.23596124351024628,
68302.35555555555,0.2359912395477295,
68318.0,,3.0
68338.46511627907,0.23607122898101807,
68379.3953488372,0.23617121577262878,
68398.0,,5.0
68434.4705882353,0.2363412231206894,
68443.88235294117,0.23640123009681702,
68458.0,,6.0
68481.43396226416,0.23652124404907227,
68490.54716981133,0.2365812510251999,
68508.77358490566,0.23664125800132751,
68523.09433962264,0.23670126497745514,
68527.0,,6.0
68559.23255813954,0.23674125969409943,
68575.3488372093,0.23676125705242157,
68585.6046511628,0.2367812544107437,
68590.0,,2.0
68611.15555555555,0.23680125176906586,
68623.24444444444,0.236821249127388,
68632.3111111111,0.23684124648571014,
68653.46666666666,0.2368612438440323,
68658.0,,2.0
68680.63414634146,0.23695124685764313,
68690.53658536586,0.23704124987125397,
68701.85365853658,0.2371312528848648,
68716.0,,9.0
68738.78,0.23728126287460327,
68750.84,0.2373412698507309,
68765.58,0.23740127682685852,
68778.98,0.23746128380298615,
68783.0,,6.0
68821.64705882352,0.2375812977552414,
68831.66666666667,0.23764130473136902,
68851.70588235294,0.23770131170749664,
68856.0,,6.0
68886.85714285714,0.23779131472110748,
68904.0,0.23788131773471832,
68917.71428571429,0.23797132074832916,
68934.85714285714,0.23806132376194,
68940.0,,9.0
68959.84,0.23809131979942322,
68987.12,0.23815131187438965,
68998.28,0.23818130791187286,
69002.0,,3.0
69026.78260869565,0.2382713109254837,
69035.04347826086,0.23836131393909454,
69053.21739130435,0.23845131695270538,
69073.04347826086,0.23854131996631622,
69078.0,,9.0
69092.89361702128,0.2385513186454773,
69124.8085106383,0.2385813146829605,
69128.0,,1.0
69146.85454545454,0.23867131769657135,
69155.72727272728,0.2387613207101822,
69172.36363636363,0.23885132372379303,
69189.0,,9.0
69202.8,0.238961324095726,
69223.5,0.23898132145404816,
69239.025,0.2390013188123703,
69252.825,0.23902131617069244,
69258.0,,2.0
69276.28571428571,0.23906131088733673,
69287.71428571429,0.23910130560398102,
69299.14285714286,0.2391413003206253,
69310.57142857143,0.2391812950372696,
69314.0,,4.0
69329.3488372093,0.23927129805088043,
69344.69767441861,0.23936130106449127,
69361.58139534884,0.2394513040781021,
69375.3953488372,0.23954130709171295,
69380.0,,9.0
69402.25454545455,0.23958130180835724,
69420.8,0.23962129652500153,
69431.92727272728,0.2396612912416458,
69444.29090909091,0.2397012859582901,
69448.0,,4.0
69465.07894736843,0.23979128897190094,
69502.34210526316,0.24006129801273346,
69507.0,,9.0
69519.76,0.24010129272937775,
69538.32,0.24014128744602203,
69549.92,0.24018128216266632,
69561.52,0.2402212768793106,
69565.0,,4.0
69583.28571428571,0.24031127989292145,
69593.95238095238,0.2404012829065323,
69610.71428571429,0.24049128592014313,
69624.42857142857,0.24058128893375397,
69629.0,,9.0
69648.76744186046,0.24066129326820374,
69668.53488372093,0.2407412976026535,
69686.32558139534,0.24082130193710327,
69714.0,,8.0
69735.14893617021,0.24094130098819733,
69748.74468085106,0.2409812957048416,
69763.85106382979,0.2410212904214859,
69780.46808510639,0.2410612851381302,
69785.0,,4.0
69803.57142857143,0.24110127985477448,
69827.71428571429,0.24114127457141876,
69840.71428571429,0.24118126928806305,
69863.0,,4.0
69874.60714285714,0.24122126400470734,
69888.89285714286,0.24122126400470734,
69910.32142857143,0.24122126400470734,
69913.0,,0.0
69929.84090909091,0.2412312626838684,
69954.45454545454,0.24125126004219055,
69966.11363636363,0.24126125872135162,
69970.0,,1.0
69986.63414634146,0.2413012534379959,
70013.85365853658,0.24138124287128448,
70027.46341463414,0.24142123758792877,
70032.0,,4.0
70046.73684210527,0.24144123494625092,
70061.47368421052,0.24146123230457306,
70083.57894736843,0.2414812296628952,
70096.47368421052,0.24150122702121735,
70102.0,,2.0
70134.19230769231,0.24160121381282806,
70147.30769230769,0.24165120720863342,
70160.42307692308,0.24170120060443878,
70164.0,,5.0
70184.85106382979,0.24179120361804962,
70219.10638297872,0.2419712096452713,
70229.53191489361,0.24206121265888214,
70234.0,,9.0
70252.60377358491,0.24210120737552643,
70259.16981132075,0.24214120209217072,
70276.67924528301,0.242181196808815,
70288.71698113208,0.2422211915254593,
70292.0,,4.0
70318.63414634146,0.24230119585990906,
70337.0731707317,0.24238120019435883,
70353.46341463414,0.2424612045288086,
70376.0,,8.0
70396.66666666667,0.2425612062215805,
70408.82352941176,0.24258120357990265,
70419.76470588235,0.2426012009382248,
70434.35294117648,0.24262119829654694,
70438.0,,2.0
70456.04081632652,0.24271120131015778,
70468.5306122449,0.24280120432376862,
70482.40816326531,0.24289120733737946,
70501.83673469388,0.2429812103509903,
70506.0,,9.0
70541.24444444444,0.24302120506763458,
70552.08888888889,0.24304120242595673,
70562.93333333333,0.24306119978427887,
70567.0,,2.0
70582.36585365854,0.2431512027978897,
70597.73170731707,0.24324120581150055,
70611.56097560975,0.2433312088251114,
70625.39024390244,0.24342121183872223,
70630.0,,9.0
70677.75510204081,0.24345120787620544,
70691.02040816327,0.24346120655536652,
70695.0,,1.0
70714.96721311475,0.24355120956897736,
70727.32786885246,0.2436412125825882,
70736.83606557376,0.24373121559619904,
70750.14754098361,0.24382121860980988,
70753.0,,9.0
70769.90243902439,0.24391122162342072,
70779.12195121951,0.24400122463703156,
70792.9512195122,0.2440912276506424,
70816.0,,9.0
70846.82978723405,0.24424122273921967,
70862.97872340426,0.24427121877670288,
70880.59574468085,0.2443012148141861,
70885.0,,3.0
70902.87755102041,0.24434120953083038,
70917.77551020408,0.24438120424747467,
70932.67346938775,0.24442119896411896,
70953.5306122449,0.24446119368076324,
70958.0,,4.0
70978.22222222222,0.24450118839740753,
70995.55555555556,0.24454118311405182,
71010.0,0.2445811778306961,
71018.66666666667,0.2446211725473404,
71023.0,,4.0
71037.625,0.24463117122650146,
71046.625,0.24464116990566254,
71059.0,0.2446511685848236,
71073.625,0.24466116726398468,
71077.0,,1.0
71106.6,0.24475117027759552,
71121.4,0.24484117329120636,
71132.91111111111,0.2449311763048172,
71146.06666666667,0.24502117931842804,
71151.0,,9.0
71185.50943396226,0.24508117139339447,
71194.41509433962,0.24511116743087769,
71206.6603773585,0.2451411634683609,
71210.0,,3.0
71240.0,0.2452111691236496,
71264.0,0.2452811747789383,
71288.0,0.245351180434227,
71324.0,0.24542118608951569,
71333.0,,7.0
71373.40816326531,0.24551118910312653,
71410.14285714286,0.24560119211673737,
71461.57142857143,0.2456911951303482,
71501.97959183673,0.24578119814395905,
71513.0,,9.0
71530.53488372093,0.2458011955022812,
71545.37209302325,0.24582119286060333,
71556.16279069768,0.24584119021892548,
71566.95348837209,0.24586118757724762,
71571.0,,2.0
71591.0,0.24592119455337524,
71605.0,0.24598120152950287,
71625.0,0.2460412085056305,
71639.0,0.24610121548175812,
71645.0,,6.0
71665.51351351352,0.24616122245788574,
71682.2972972973,0.24622122943401337,
71695.35135135135,0.246281236410141,
71708.4054054054,0.24634124338626862,
71714.0,,6.0
71733.0625,0.24643124639987946,
71747.04166666667,0.2465212494134903,
71771.1875,0.24670125544071198,
71775.0,,9.0
71801.33333333333,0.24677126109600067,
71818.26190476191,0.24684126675128937,
71831.42857142857,0.24691127240657806,
71848.35714285714,0.24698127806186676,
71854.0,,7.0
71864.66666666667,0.24701127409934998,
71879.33333333333,0.2470412701368332,
71894.0,0.2470712661743164,
71914.0,0.24710126221179962,
71918.0,,3.0
71941.4375,0.24717126786708832,
71974.25,0.2473112791776657,
71988.3125,0.2473812848329544,
71993.0,,7.0
72018.2,0.2474212795495987,
72030.2,0.24744127690792084,
72049.4,0.24746127426624298,
72053.0,,2.0
72068.06521739131,0.24750126898288727,
72099.56521739131,0.24758125841617584,
72116.0,,4.0
72132.22222222222,0.24768126010894775,
72152.5,0.24774126708507538,
72168.72222222222,0.247801274061203,
72184.94444444444,0.24786128103733063,
72189.0,,6.0
72221.26086956522,0.2480412870645523,
72230.47826086957,0.24813129007816315,
72238.54347826086,0.248221293091774,
72242.0,,9.0
72257.42857142857,0.24824129045009613,
72267.3469387755,0.24826128780841827,
72283.87755102041,0.24828128516674042,
72292.69387755102,0.24830128252506256,
72296.0,,2.0
72318.64705882352,0.2483212798833847,
72333.74509803922,0.24834127724170685,
72351.86274509804,0.248361274600029,
72368.4705882353,0.24838127195835114,
72373.0,,2.0
72391.91304347826,0.24847127497196198,
72415.86956521739,0.24865128099918365,
72431.0,,9.0
72491.0,0.24883128702640533,
72526.29411764706,0.24892129004001617,
72561.58823529411,0.24901129305362701,
72600.41176470589,0.24910129606723785,
72611.0,,9.0
72625.5,0.24913129210472107,
72635.65,0.24916128814220428,
72650.15,0.2491912841796875,
72664.65,0.24922128021717072,
72669.0,,3.0
72705.0,0.24931128323078156,
72738.0,0.2494012862443924,
72780.0,0.24949128925800323,
72840.0,0.24958129227161407,
72849.0,,9.0
72876.13043478261,0.24967129528522491,
72891.39130434782,0.24976129829883575,
72921.91304347826,0.24994130432605743,
72927.0,,9.0
72944.56862745098,0.24997130036354065,
72957.74509803922,0.25000131130218506,
72968.72549019608,0.25003132224082947,
72979.70588235294,0.2500613331794739,
72983.0,,3.0
72992.43396226416,0.2500913441181183,
73017.90566037736,0.2501513659954071,
73033.0,,3.0
73050.2972972973,0.2502513825893402,
73065.86486486487,0.2503213882446289,
73077.97297297297,0.2503913938999176,
73091.81081081081,0.2504613995552063,
73097.0,,7.0
73114.1,0.25055140256881714,
73124.36,0.250641405582428,
73139.18,0.2507314085960388,
73150.58,0.25082141160964966,
73154.0,,9.0
73169.2,0.2508414089679718,
73176.8,0.25086140632629395,
73192.0,0.2508814036846161,
73207.2,0.25090140104293823,
73211.0,,2.0
73248.05882352941,0.25092142820358276,
73259.17647058824,0.25093144178390503,
73274.0,,1.0
73320.0,0.2509814500808716,
73364.0,,2.0
73382.31818181818,0.25106143951416016,
73396.40909090909,0.25110143423080444,
73421.77272727272,0.251181423664093,
73426.0,,4.0
73441.11111111111,0.2512114346027374,
73460.0,0.25124144554138184,
73476.37037037036,0.25127145648002625,
73490.22222222222,0.25130146741867065,
73494.0,,3.0
73523.36363636363,0.25134146213531494,
73557.36363636363,0.25138145685195923,
73562.0,,2.0
73587.04347826086,0.25141146779060364,
73600.95652173914,0.25144147872924805,
73612.08695652174,0.25147148966789246,
73621.82608695653,0.25150150060653687,
73626.0,,3.0
73649.01886792453,0.2515915036201477,
73662.83018867925,0.25168150663375854,
73674.3396226415,0.2517715096473694,
73687.0,,9.0
73721.52380952382,0.2520415186882019,
73731.19047619047,0.25213152170181274,
73740.85714285714,0.2522215247154236,
73745.0,,9.0
73911.5,0.25258153676986694,
73925.0,,9.0
73945.8163265306,0.2526015341281891,
73958.30612244898,0.25262153148651123,
73972.1836734694,0.2526415288448334,
73988.83673469388,0.2526615262031555,
73993.0,,2.0
74009.36363636363,0.25272151827812195,
74024.09090909091,0.2527815103530884,
74040.45454545454,0.2528415024280548,
74060.09090909091,0.25290149450302124,
74065.0,,6.0
74082.23404255319,0.2529214918613434,
74091.4255319149,0.2529414892196655,
74105.21276595745,0.25296148657798767,
74119.0,,2.0
74138.34545454546,0.25307148694992065,
74156.3090909091,0.2531614899635315,
74172.89090909091,0.25325149297714233,
74190.85454545454,0.2533414959907532,
74195.0,,9.0
74210.82926829268,0.2533715069293976,
74219.46341463414,0.253401517868042,
74249.68292682926,0.2534615397453308,
74254.0,,3.0
74272.77272727272,0.25355154275894165,
74287.52272727272,0.2536415457725525,
74296.90909090909,0.25373154878616333,
74313.0,,9.0
74329.61538461539,0.2538515627384186,
74343.46153846153,0.253881573677063,
74365.61538461539,0.2539115846157074,
74385.0,,3.0
74396.9512195122,0.25403159856796265,
74404.12195121951,0.2541216015815735,
74414.87804878049,0.2542116045951843,
74430.41463414633,0.25430160760879517,
74434.0,,9.0
74453.15384615384,0.25437161326408386,
74470.17948717948,0.25444161891937256,
74487.20512820513,0.25451162457466125,
74517.0,,7.0
74538.97619047618,0.2546016275882721,
74552.5,0.25462162494659424,
74566.02380952382,0.2546416223049164,
74588.0,,2.0
74604.88372093023,0.25469163060188293,
74615.62790697675,0.25472164154052734,
74654.0,,3.0
74673.65853658537,0.25481167435646057,
74685.75609756098,0.254841685295105,
74700.87804878049,0.2548716962337494,
74711.46341463414,0.2549017071723938,
74716.0,,3.0
74732.14893617021,0.2549317181110382,
74746.82978723405,0.2549617290496826,
74765.91489361702,0.254991739988327,
74780.59574468085,0.25502175092697144,
74785.0,,3.0
74869.48979591837,0.2552017569541931,
74906.22448979592,0.25529175996780396,
74965.0,,9.0
74980.73333333334,0.2554217576980591,
74992.53333333334,0.25546175241470337,
75020.06666666667,0.25554174184799194,
75024.0,,4.0
75056.5,0.25560176372528076,
75070.94444444444,0.25563177466392517,
75085.38888888889,0.2556617856025696,
75089.0,,3.0
75136.54716981133,0.2559317946434021,
75145.60377358491,0.25602179765701294,
75149.0,,9.0
75168.0,0.2561118006706238,
75180.66666666667,0.2562018036842346,
75197.13333333333,0.25629180669784546,
75202.2,0.2563818097114563,
75206.0,,9.0
75236.21951219512,0.2564218044281006,
75246.29268292683,0.25644180178642273,
75265.0,,2.0
75298.33333333333,0.25654178857803345,
75311.66666666667,0.25658178329467773,
75325.0,0.256621778011322,
75329.0,,4.0
75352.94736842105,0.25671178102493286,
75367.68421052632,0.2568017840385437,
75382.42105263157,0.25689178705215454,
75393.47368421052,0.2569817900657654,
75399.0,,9.0
75535.0,0.2572517991065979,
75579.0,,9.0
75686.14285714286,0.2575218081474304,
75746.14285714286,0.2577018141746521,
75759.0,,9.0
75778.36363636363,0.25779181718826294,
75812.25,0.2579718232154846,
75825.15909090909,0.25806182622909546,
75830.0,,9.0
75846.88372093023,0.25810182094573975,
75857.62790697675,0.25814181566238403,
75872.97674418605,0.2581818103790283,
75891.3953488372,0.2582218050956726,
75896.0,,4.0
75919.26530612246,0.25831180810928345,
75936.32653061225,0.2584018111228943,
75951.83673469388,0.2584918141365051,
75967.3469387755,0.25858181715011597,
75972.0,,9.0
75990.0,0.25862181186676025,
76006.5,0.25866180658340454,
76015.5,0.25870180130004883,
76027.5,0.2587417960166931,
76032.0,,4.0
76052.79545454546,0.25876179337501526,
76065.27272727272,0.2587817907333374,
76076.36363636363,0.25880178809165955,
76093.0,,2.0
76162.79591836735,0.25891178846359253,
76192.1836734694,0.25900179147720337,
76232.59183673469,0.2590917944908142,
76261.97959183673,0.25918179750442505,
76273.0,,9.0
76297.82,0.2592318058013916,
76312.42,0.25928181409835815,
76325.56,0.2593318223953247,
76341.62,0.25938183069229126,
76346.0,,5.0
76388.33333333333,0.25941184163093567,
76473.0,,3.0
76495.19512195123,0.2595618665218353,
76518.9756097561,0.2596818506717682,
76533.24390243902,0.2597418427467346,
76538.0,,6.0
76557.14893617021,0.25977185368537903,
76581.08510638298,0.25980186462402344,
76592.25531914894,0.25983187556266785,
76608.21276595745,0.25986188650131226,
76613.0,,3.0
76632.0,0.2599118947982788,
76647.2,0.25996190309524536,
76664.3,0.2600119113922119,
76683.3,0.26006191968917847,
76689.0,,5.0
76716.95833333333,0.26010191440582275,
76733.47916666667,0.2601219117641449,
76746.1875,0.26014190912246704,
76750.0,,2.0
76770.9756097561,0.2602319121360779,
76789.85365853658,0.2603219151496887,
76810.82926829268,0.26041191816329956,
76829.70731707317,0.2605019211769104,
76836.0,,9.0
76855.78723404255,0.26052191853523254,
76868.97872340426,0.2605419158935547,
76882.17021276595,0.26056191325187683,
76894.0425531915,0.260581910610199,
76898.0,,2.0
76918.08695652174,0.26062190532684326,
76951.56521739131,0.26070189476013184,
76969.97826086957,0.2607418894767761,
76975.0,,4.0
76995.84905660378,0.26080188155174255,
77004.43396226416,0.260861873626709,
77017.92452830188,0.2609218657016754,
77040.0,,6.0
77053.2,0.26101186871528625,
77066.4,0.26104187965393066,
77089.86666666667,0.2610718905925751,
77101.6,0.2611019015312195,
77106.0,,3.0
77140.0,0.26118189096450806,
77157.68,0.26122188568115234,
77169.92,0.26126188039779663,
77174.0,,4.0
77206.0,0.26136189699172974,
77234.44444444444,0.26146191358566284,
77238.0,,5.0
77274.27272727272,0.26152193546295166,
77308.81818181818,0.2615819573402405,
77314.0,,3.0
77330.35897435897,0.26162195205688477,
77343.7435897436,0.26166194677352905,
77354.15384615384,0.26170194149017334,
77367.53846153847,0.2617419362068176,
77372.0,,4.0
77387.69230769231,0.26180192828178406,
77406.8717948718,0.2618619203567505,
77434.76923076923,0.26198190450668335,
77440.0,,6.0
77476.3829787234,0.26204192638397217,
77482.44680851063,0.2620719373226166,
77493.36170212766,0.262101948261261,
77497.0,,3.0
77510.6888888889,0.2621319591999054,
77524.37777777777,0.2621619701385498,
77536.82222222222,0.2621919810771942,
77549.26666666666,0.2622219920158386,
77553.0,,3.0
77580.17948717948,0.26228198409080505,
77604.64102564103,0.2623419761657715,
77626.38461538461,0.2624019682407379,
77650.84615384616,0.26246196031570435,
77659.0,,6.0
77676.23913043478,0.26249197125434875,
77689.5,0.26252198219299316,
77702.76086956522,0.2625519931316376,
77716.02173913043,0.262582004070282,
77720.0,,3.0
77749.86666666667,0.26262199878692627,
77779.73333333334,0.26266199350357056,
77784.0,,2.0
77801.90697674418,0.26269200444221497,
77816.55813953489,0.2627220153808594,
77831.20930232559,0.2627520263195038,
77849.11627906977,0.2627820372581482,
77854.0,,3.0
77867.22448979592,0.2628220319747925,
77889.26530612246,0.26286202669143677,
77921.59183673469,0.26294201612472534,
77926.0,,4.0
77957.66666666667,0.26297202706336975,
77969.33333333333,0.26300203800201416,
77991.0,0.26303204894065857,
78011.0,0.263062059879303,
78016.0,,3.0
78033.77551020408,0.2630920708179474,
78046.08163265306,0.2631220817565918,
78058.38775510204,0.2631520926952362,
78083.0,,3.0
78099.61538461539,0.26320210099220276,
78114.38461538461,0.2632220983505249,
78131.0,0.26324209570884705,
78149.46153846153,0.2632620930671692,
78155.0,,2.0
78174.19047619047,0.2633020877838135,
78187.47619047618,0.26334208250045776,
78197.80952380953,0.26338207721710205,
78212.57142857143,0.26342207193374634,
78217.0,,4.0
78237.03571428571,0.2635120749473572,
78251.17857142857,0.263602077960968,
78265.32142857143,0.26369208097457886,
78283.0,,9.0
78313.4,0.263822078704834,
78327.8,0.26384207606315613,
78350.2,0.26386207342147827,
78355.0,,2.0
78370.55555555556,0.2639120817184448,
78389.22222222222,0.2639620900154114,
78404.77777777778,0.26401209831237793,
78420.33333333333,0.2640621066093445,
78425.0,,5.0
78444.65957446808,0.2640921175479889,
78469.93617021276,0.2641521394252777,
78486.78723404255,0.2641821503639221,
78491.0,,3.0
78534.04347826086,0.26427215337753296,
78573.17391304347,0.2643621563911438,
78608.39130434782,0.26445215940475464,
78659.26086956522,0.2645421624183655,
78671.0,,9.0
78744.32692307692,0.2645722031593323,
78758.63461538461,0.26458221673965454,
78764.0,,1.0
78805.02173913043,0.2646722197532654,
78838.80434782608,0.26485222578048706,
78867.76086956522,0.2649422287940979,
78875.0,,9.0
78899.26666666666,0.26500222086906433,
78928.73333333334,0.2651222050189972,
78947.8,0.2651821970939636,
78953.0,,6.0
78963.55769230769,0.26520219445228577,
78997.57692307692,0.26524218916893005,
79010.48076923077,0.2652621865272522,
79014.0,,2.0
79036.8085106383,0.26535218954086304,
79052.48936170213,0.2654421925544739,
79062.46808510639,0.2655321955680847,
79081.0,,9.0
79099.2,0.2656421959400177,
79116.0,0.26566219329833984,
79146.8,0.26570218801498413,
79151.0,,2.0
79170.65853658537,0.26573219895362854,
79185.78048780488,0.26576220989227295,
79197.87804878049,0.26579222083091736,
79208.46341463414,0.26582223176956177,
79213.0,,3.0
79238.77777777778,0.2658822536468506,
79271.0,,3.0
79302.625,0.266022264957428,
79314.125,0.26606225967407227,
79335.6875,0.26610225439071655,
79340.0,,4.0
79350.14285714286,0.26614224910736084,
79367.04761904762,0.2661822438240051,
79383.95238095238,0.2662222385406494,
79405.92857142857,0.2662622332572937,
79411.0,,4.0
79446.30232558139,0.2663422226905823,
79460.11627906977,0.26638221740722656,
79472.3953488372,0.26642221212387085,
79477.0,,4.0
79492.62790697675,0.2665122151374817,
79501.55813953489,0.26660221815109253,
79521.6511627907,0.2667822241783142,
79525.0,,9.0
79548.77358490566,0.26687222719192505,
79575.18867924529,0.26705223321914673,
79595.0,,9.0
79613.67346938775,0.2672322392463684,
79626.12244897959,0.26732224225997925,
79637.32653061225,0.2674122452735901,
79652.26530612246,0.2675022482872009,
79656.0,,9.0
79686.60416666667,0.2675122618675232,
79714.85416666667,0.26752227544784546,
79769.0,,1.0
79783.18181818182,0.26756229996681213,
79796.27272727272,0.2675822973251343,
79825.72727272728,0.26762229204177856,
79829.0,,2.0
79856.6,0.26766228675842285,
79876.53333333334,0.267682284116745,
79898.0,,2.0
79921.17391304347,0.26773229241371155,
79939.0,0.26776230335235596,
79974.65217391304,0.2678223252296448,
79980.0,,3.0
79999.22916666667,0.2679123282432556,
80015.5,0.26800233125686646,
80027.33333333333,0.2680923342704773,
80046.5625,0.26818233728408813,
80051.0,,9.0
80064.95348837209,0.268272340297699,
80095.6511627907,0.26845234632492065,
80106.81395348837,0.2685423493385315,
80111.0,,9.0
80129.79166666667,0.26862233877182007,
80148.58333333333,0.26870232820510864,
80162.25,0.2687823176383972,
80187.875,0.2688623070716858,
80193.0,,8.0
80209.61538461539,0.26888230443000793,
80226.23076923077,0.2689023017883301,
80237.30769230769,0.2689222991466522,
80265.0,,2.0
80301.74418604652,0.2690622806549072,
80314.6046511628,0.26912227272987366,
80338.48837209302,0.2691822648048401,
80344.0,,6.0
80362.91228070176,0.2692722678184509,
80402.08771929824,0.2694522738456726,
80416.94736842105,0.26954227685928345,
80421.0,,9.0
80438.0,0.2695622742176056,
80473.41666666667,0.2696022689342499,
80484.75,0.269622266292572,
80489.0,,2.0
80506.97872340426,0.26965227723121643,
80523.5744680851,0.26968228816986084,
80540.17021276595,0.26971229910850525,
80554.0,,3.0
80576.15909090909,0.26977232098579407,
80585.02272727272,0.2698023319244385,
80601.27272727272,0.2698323428630829,
80619.0,,3.0
80635.85185185185,0.26991236209869385,
80663.53703703704,0.27001237869262695,
80680.38888888889,0.2700623869895935,
80684.0,,5.0
80704.45454545454,0.27015239000320435,
80715.36363636363,0.2702423930168152,
80744.0,,9.0
80762.04081632652,0.2704524099826813,
80774.5306122449,0.2704824209213257,
80807.83673469388,0.2705424427986145,
80812.0,,3.0
80827.55555555556,0.27063244581222534,
80838.44444444444,0.2707224488258362,
80863.33333333333,0.27090245485305786,
80868.0,,9.0
80887.11764705883,0.27093246579170227,
80904.96078431372,0.2709624767303467,
80916.43137254902,0.2709924876689911,
80929.17647058824,0.2710224986076355,
80933.0,,3.0
80946.24074074074,0.27111250162124634,
80958.27777777778,0.2712025046348572,
80972.72222222222,0.271292507648468,
80998.0,,9.0
81020.35185185185,0.27142250537872314,
81038.75925925926,0.27146250009536743,
81053.22222222222,0.2715024948120117,
81065.05555555556,0.271542489528656,
81069.0,,4.0
81089.14814814815,0.27156248688697815,
81104.25925925926,0.2715824842453003,
81120.62962962964,0.27160248160362244,
81133.22222222222,0.2716224789619446,
81137.0,,2.0
81154.76923076923,0.2717124819755554,
81168.73076923077,0.27180248498916626,
81186.5,0.2718924880027771,
81199.19230769231,0.27198249101638794,
81203.0,,9.0
81223.33333333333,0.2719925045967102,
81232.82222222222,0.27200251817703247,
81245.02222222222,0.27201253175735474,
81259.93333333333,0.272022545337677,
81264.0,,1.0
81306.85714285714,0.27211254835128784,
81336.85714285714,0.2722025513648987,
81392.57142857143,0.2722925543785095,
81431.14285714286,0.27238255739212036,
81444.0,,9.0
81462.96226415095,0.2724025547504425,
81474.3396226415,0.27242255210876465,
81490.77358490566,0.2724425494670868,
81507.2075471698,0.27246254682540894,
81511.0,,2.0
81529.41666666667,0.2725025415420532,
81557.75,0.2725825309753418,
81574.75,0.2726225256919861,
81579.0,,4.0
81598.25,0.27270251512527466,
81635.0,0.2728624939918518,
81650.75,0.2729424834251404,
81656.0,,8.0
81674.85714285714,0.27295249700546265,
81685.85714285714,0.2729625105857849,
81700.0,0.2729725241661072,
81717.28571428571,0.27298253774642944,
81722.0,,1.0
81742.29268292683,0.2730725407600403,
81757.90243902439,0.2731625437736511,
81767.26829268293,0.27325254678726196,
81786.0,,9.0
81806.4,0.2733725607395172,
81834.0,0.27343258261680603,
81842.4,0.27346259355545044,
81846.0,,3.0
81865.42857142857,0.27352258563041687,
81876.5306122449,0.2735825777053833,
81894.57142857143,0.27364256978034973,
81909.83673469388,0.27370256185531616,
81914.0,,6.0
81977.0,0.273792564868927,
82017.5,0.27388256788253784,
82040.0,0.2739725708961487,
82080.5,0.2740625739097595,
82094.0,,9.0
82116.45454545454,0.27415257692337036,
82128.27272727272,0.2742425799369812,
82144.81818181818,0.27433258295059204,
82155.45454545454,0.2744225859642029,
82159.0,,9.0
82179.26666666666,0.2745125889778137,
82194.2,0.2746925950050354,
82203.8,0.27478259801864624,
82207.0,,9.0
82233.63414634146,0.2748225927352905,
82246.31707317074,0.27484259009361267,
82255.19512195123,0.2748625874519348,
82259.0,,2.0
82273.63414634146,0.2748925983905792,
82294.12195121951,0.27492260932922363,
82304.36585365854,0.27495262026786804,
82314.60975609756,0.27498263120651245,
82319.0,,3.0
82333.75675675676,0.2750726342201233,
82356.94594594595,0.27516263723373413,
82397.0,,9.0
82408.6,0.2753726541996002,
82424.06666666667,0.27540266513824463,
82435.66666666667,0.27543267607688904,
82455.0,,3.0
82474.31707317074,0.2754727005958557,
82507.68292682926,0.27549272775650024,
82521.73170731707,0.2755027413368225,
82527.0,,1.0
82542.33333333333,0.2755427360534668,
82560.73333333334,0.2755827307701111,
82596.0,,4.0
82614.13953488372,0.27569273114204407,
82623.20930232559,0.2757227420806885,
82642.86046511628,0.2757527530193329,
82656.46511627907,0.2757827639579773,
82661.0,,3.0
82681.9268292683,0.27587276697158813,
82719.9756097561,0.2760527729988098,
82733.29268292683,0.27614277601242065,
82739.0,,9.0
82762.44186046511,0.2762327790260315,
82772.48837209302,0.27632278203964233,
82811.0,,9.0
82828.42857142857,0.2765327990055084,
82842.95238095238,0.27656280994415283,
82867.64285714286,0.27662283182144165,
82872.0,,3.0
82887.4,0.27666282653808594,
82904.2,0.2767028212547302,
82915.4,0.2767428159713745,
82930.8,0.2767828106880188,
82935.0,,4.0
82950.975,0.2768628001213074,
82966.95,0.27694278955459595,
82984.7,0.2770227789878845,
83000.675,0.2771027684211731,
83006.0,,8.0
83023.75609756098,0.2771427631378174,
83033.31707317074,0.27718275785446167,
83042.87804878049,0.27722275257110596,
83062.0,,4.0
83094.55813953489,0.27736276388168335,
83114.09302325582,0.2774127721786499,
83127.11627906977,0.27746278047561646,
83132.0,,5.0
83149.38775510204,0.277512788772583,
83165.32653061225,0.27756279706954956,
83198.6530612245,0.27766281366348267,
83203.0,,5.0
83225.0,0.2777228057384491,
83242.28571428571,0.2777827978134155,
83258.0,0.27784278988838196,
83280.0,,6.0
83298.19607843137,0.2779427766799927,
83318.66666666667,0.27802276611328125,
83334.58823529411,0.27806276082992554,
83338.0,,4.0
83354.04651162791,0.2780827581882477,
83365.27906976744,0.2781027555465698,
83384.53488372093,0.27812275290489197,
83402.18604651163,0.2781427502632141,
83407.0,,2.0
83420.71428571429,0.2781727612018585,
83431.0,0.27820277214050293,
83442.42857142857,0.27823278307914734,
83451.57142857143,0.27826279401779175,
83455.0,,3.0
83467.50980392157,0.2782827913761139,
83482.29411764706,0.27830278873443604,
83513.0,,2.0
83529.74418604652,0.27836278080940247,
83556.25581395348,0.27840277552604675,
83573.0,,2.0
83597.10714285714,0.2784627676010132,
83630.58928571429,0.27854275703430176,
83643.98214285714,0.27858275175094604,
83648.0,,4.0
83667.9574468085,0.2786727547645569,
83686.48936170213,0.2787627577781677,
83696.46808510639,0.27885276079177856,
83710.72340425532,0.2789427638053894,
83715.0,,9.0
83761.15555555555,0.27909278869628906,
83777.53333333334,0.2791427969932556,
83782.0,,5.0
83798.32653061225,0.2791728079319,
83809.55102040817,0.27920281887054443,
83819.75510204081,0.27923282980918884,
83828.9387755102,0.27926284074783325,
83832.0,,3.0
83850.04081632652,0.2792828381061554,
83863.91836734694,0.27930283546447754,
83875.02040816327,0.2793228328227997,
83900.0,,2.0
83921.0,0.27936282753944397,
83948.5625,0.27940282225608826,
83959.0625,0.2794228196144104,
83963.0,,2.0
83983.0,0.27944281697273254,
83997.0,0.2794628143310547,
84017.0,0.27948281168937683,
84033.0,,2.0
84053.04545454546,0.2795328199863434,
84067.36363636363,0.2795628309249878,
84077.38636363637,0.2795928418636322,
84091.70454545454,0.2796228528022766,
84096.0,,3.0
84110.17777777778,0.279652863740921,
84120.48888888888,0.27968287467956543,
84133.37777777777,0.27971288561820984,
84150.13333333333,0.27974289655685425,
84154.0,,3.0
84173.47826086957,0.2797929048538208,
84188.78260869565,0.27984291315078735,
84199.91304347826,0.2798929214477539,
84213.82608695653,0.27994292974472046,
84218.0,,5.0
84240.4,0.27997294068336487,
84251.6,0.2800029516220093,
84267.6,0.2800329625606537,
84285.2,0.2800629734992981,
84290.0,,3.0
84318.86046511628,0.2802029848098755,
84340.93023255814,0.2802729904651642,
84357.90697674418,0.2803429961204529,
84363.0,,7.0
84385.16666666667,0.2804329991340637,
84396.25,0.28052300214767456,
84412.08333333333,0.2806130051612854,
84434.25,0.28070300817489624,
84439.0,,9.0
84509.93333333333,0.2808230519294739,
84515.0,,3.0
84544.21739130435,0.280923068523407,
84556.73913043478,0.28097307682037354,
84574.82608695653,0.2810230851173401,
84579.0,,5.0
84622.33333333333,0.2811131179332733,
84639.0,0.2811431288719177,
84644.0,,3.0
84658.10869565218,0.281183123588562,
84674.78260869565,0.2812231183052063,
84699.15217391304,0.2813031077384949,
84703.0,,4.0
84722.5,0.281323105096817,
84731.5,0.28134310245513916,
84764.5,0.28138309717178345,
84769.0,,2.0
84782.61904761905,0.2814030945301056,
84791.28571428571,0.28142309188842773,
84801.19047619047,0.2814430892467499,
84817.28571428571,0.281463086605072,
84821.0,,2.0
84840.83333333333,0.28148308396339417,
84853.58333333333,0.2815030813217163,
84867.75,0.28152307868003845,
84884.75,0.2815430760383606,
84889.0,,2.0
84901.79069767441,0.28155308961868286,
84912.25581395348,0.2815631031990051,
84920.3953488372,0.2815731167793274,
84935.51162790698,0.28158313035964966,
84939.0,,1.0
84964.3111111111,0.2816031277179718,
84973.24444444444,0.28162312507629395,
84989.62222222223,0.2816431224346161,
85001.53333333334,0.28166311979293823,
85006.0,,2.0
85024.9,0.28169313073158264,
85037.5,0.28172314167022705,
85064.275,0.28178316354751587,
85069.0,,3.0
85100.86274509804,0.2818431854248047,
85116.1568627451,0.2818731963634491,
85130.17647058824,0.2819032073020935,
85134.0,,3.0
85165.6888888889,0.2819632291793823,
85178.08888888889,0.28199324011802673,
85196.0,,3.0
85211.33333333333,0.28205326199531555,
85231.26666666666,0.28208327293395996,
85245.06666666667,0.28211328387260437,
85260.4,0.2821432948112488,
85265.0,,3.0
85282.70212765958,0.28219330310821533,
85293.59574468085,0.2822433114051819,
85311.29787234042,0.28229331970214844,
85329.0,,5.0
85343.87804878049,0.28236332535743713,
85355.78048780488,0.2823833227157593,
85369.17073170732,0.2824033200740814,
85385.53658536586,0.28242331743240356,
85390.0,,2.0
85402.32432432432,0.2824433147907257,
85413.1081081081,0.28246331214904785,
85425.43243243243,0.28248330950737,
85442.37837837837,0.28250330686569214,
85447.0,,2.0
85493.88372093023,0.282623291015625,
85505.6046511628,0.2826632857322693,
85510.0,,4.0
85527.85714285714,0.2827532887458801,
85543.92857142857,0.28284329175949097,
85579.64285714286,0.28302329778671265,
85585.0,,9.0
85609.5,0.28302329778671265,
85619.52272727272,0.28302329778671265,
85630.65909090909,0.28302329778671265,
85634.0,,0.0
85658.17777777778,0.2830333113670349,
85669.55555555556,0.2830433249473572,
85680.93333333333,0.28305333852767944,
85693.73333333334,0.2830633521080017,
85698.0,,1.0
85710.97674418605,0.283103346824646,
85722.51162790698,0.2831433415412903,
85741.25581395348,0.28318333625793457,
85755.67441860466,0.28322333097457886,
85760.0,,4.0
85777.54716981133,0.28325334191322327,
85791.58490566038,0.2832833528518677,
85818.49056603774,0.2833433747291565,
85822.0,,3.0
85836.70588235294,0.28336337208747864,
85849.45098039215,0.2833833694458008,
85859.25490196078,0.2834033668041229,
85869.05882352941,0.28342336416244507,
85872.0,,2.0
85883.0625,0.2834533751010895,
85892.89583333333,0.2834833860397339,
85911.33333333333,0.2835133969783783,
85927.3125,0.2835434079170227,
85931.0,,3.0
85948.79166666667,0.28356340527534485,
85978.02083333333,0.28360339999198914,
85988.1875,0.2836233973503113,
85992.0,,2.0
86006.34782608696,0.28366339206695557,
86019.5,0.28370338678359985,
86047.0,,4.0
86061.82,0.28380337357521057,
86075.5,0.2838233709335327,
86100.58,0.283863365650177,
86104.0,,2.0
86119.26086956522,0.2838933765888214,
86127.47826086957,0.2839233875274658,
86139.21739130435,0.28395339846611023,
86154.47826086957,0.28398340940475464,
86158.0,,3.0
86182.01886792453,0.28401342034339905,
86190.8679245283,0.28404343128204346,
86203.50943396226,0.28407344222068787,
86221.2075471698,0.2841034531593323,
86225.0,,3.0
86246.39130434782,0.2841934561729431,
86264.21739130435,0.28428345918655396,
86283.82608695653,0.2843734622001648,
86301.65217391304,0.28446346521377563,
86307.0,,9.0
86322.84,0.2845134735107422,
86340.12,0.28456348180770874,
86374.68,0.28466349840164185,
86379.0,,5.0
86410.81395348837,0.2847434878349304,
86430.90697674418,0.2847834825515747,
86445.97674418605,0.284823477268219,
86451.0,,4.0
86468.60416666667,0.2848534882068634,
86479.4375,0.2848834991455078,
86516.0,,3.0
86531.16666666667,0.28503352403640747,
86542.83333333333,0.2851235270500183,
86575.5,0.28530353307724,
86579.0,,9.0
86594.2,0.2853335440158844,
86605.6,0.2853635549545288,
86620.8,0.2853935658931732,
86636.0,,3.0
86664.5,0.28551357984542847,
86714.0,,9.0
86735.95454545454,0.2858435809612274,
86753.20454545454,0.28590357303619385,
86778.29545454546,0.2860235571861267,
86783.0,,6.0
86795.21052631579,0.28611356019973755,
86805.8947368421,0.2862035632133484,
86825.73684210527,0.28629356622695923,
86836.42105263157,0.28638356924057007,
86841.0,,9.0
86882.6,0.2864835858345032,
86893.8,0.2865335941314697,
86908.2,0.2865836024284363,
86913.0,,5.0
86941.57142857143,0.28666359186172485,
86982.04761904762,0.286823570728302,
87005.85714285714,0.2869035601615906,
87013.0,,8.0
87029.91666666667,0.28691357374191284,
87044.41666666667,0.2869235873222351,
87067.375,0.28694361448287964,
87071.0,,1.0
87127.0,0.2870336174964905,
87171.0,0.2871236205101013,
87199.0,0.28721362352371216,
87239.0,0.287303626537323,
87251.0,,9.0
87287.875,0.2873836159706116,
87299.46428571429,0.28742361068725586,
87306.83928571429,0.28746360540390015,
87310.0,,4.0
87342.86956521739,0.28750360012054443,
87353.82608695653,0.2875235974788666,
87382.0,,2.0
87404.425,0.28757360577583313,
87430.3,0.28763362765312195,
87445.825,0.28766363859176636,
87451.0,,3.0
87469.32727272727,0.2876736521720886,
87484.21818181819,0.2876836657524109,
87497.96363636364,0.28769367933273315,
87514.0,,1.0
87533.76190476191,0.28776368498802185,
87569.33333333333,0.2878836691379547,
87591.07142857143,0.28794366121292114,
87597.0,,6.0
87614.06666666667,0.2879636585712433,
87626.86666666667,0.28798365592956543,
87641.08888888889,0.2880036532878876,
87656.73333333334,0.2880236506462097,
87661.0,,2.0
87699.44186046511,0.28811368346214294,
87714.02325581395,0.28814369440078735,
87718.0,,3.0
87765.15,0.28828370571136475,
87783.6,0.28835371136665344,
87793.85,0.28842371702194214,
87800.0,,7.0
87822.17391304347,0.28845372796058655,
87834.0,0.28848373889923096,
87845.82608695653,0.28851374983787537,
87863.56521739131,0.2885437607765198,
87868.0,,3.0
87884.84210526316,0.2886337637901306,
87899.43859649122,0.28872376680374146,
87932.0,,9.0
87955.22222222222,0.288993775844574,
87965.77777777778,0.2890837788581848,
87989.0,0.28917378187179565,
88001.66666666667,0.2892637848854065,
88008.0,,9.0
88027.06382978724,0.2892937958240509,
88046.12765957447,0.2893238067626953,
88054.29787234042,0.2893538177013397,
88067.91489361702,0.28938382863998413,
88072.0,,3.0
88121.45652173914,0.28947386145591736,
88132.76086956522,0.28950387239456177,
88137.0,,3.0
88158.63636363637,0.2895538806915283,
88200.36363636363,0.289703905582428,
88205.0,,5.0
88230.125,0.28974390029907227,
88243.525,0.28978389501571655,
88255.25,0.28982388973236084,
88266.975,0.2898638844490051,
88272.0,,4.0
88286.68085106384,0.28995388746261597,
88304.29787234042,0.2900438904762268,
88317.51063829787,0.29013389348983765,
88336.59574468085,0.2902238965034485,
88341.0,,9.0
88365.0,0.290243923664093,
88378.33333333333,0.2902539372444153,
88397.0,0.29026395082473755,
88401.0,,1.0
88422.43589743589,0.2903539538383484,
88439.97435897436,0.29044395685195923,
88459.46153846153,0.29053395986557007,
88471.15384615384,0.2906239628791809,
88477.0,,9.0
88492.31914893616,0.29064396023750305,
88508.91489361702,0.2906639575958252,
88520.40425531915,0.29068395495414734,
88533.17021276595,0.2907039523124695,
88537.0,,2.0
88577.40816326531,0.29085397720336914,
88593.32653061225,0.2909039855003357,
88597.0,,5.0
88634.71428571429,0.2910839915275574,
88651.85714285714,0.2911739945411682,
88663.85714285714,0.29126399755477905,
88669.0,,9.0
88692.375,0.29130399227142334,
88702.0,0.2913439869880676,
88730.875,0.2914239764213562,
88735.0,,4.0
88754.9756097561,0.2914539873600006,
88770.34146341463,0.291483998298645,
88779.56097560975,0.29151400923728943,
88793.39024390244,0.29154402017593384,
88798.0,,3.0
88820.37209302325,0.2915840148925781,
88839.30232558139,0.2916240096092224,
88853.06976744186,0.2916640043258667,
88866.83720930232,0.291703999042511,
88872.0,,4.0
88913.36170212766,0.29178398847579956,
88924.08510638298,0.29182398319244385,
88939.40425531915,0.29186397790908813,
88944.0,,4.0
88961.325,0.2919039726257324,
88978.65,0.2919439673423767,
88984.95,0.291983962059021,
89002.275,0.2920239567756653,
89007.0,,4.0
89017.23255813954,0.29203397035598755,
89024.90697674418,0.2920439839363098,
89038.97674418605,0.2920539975166321,
89058.16279069768,0.29206401109695435,
89062.0,,1.0
89075.475,0.2921140193939209,
89100.5,0.29216402769088745,
89115.9,0.292214035987854,
89133.225,0.29226404428482056,
89139.0,,5.0
89155.75471698113,0.2922740578651428,
89176.69811320755,0.2922840714454651,
89193.45283018867,0.29229408502578735,
89208.81132075471,0.2923040986061096,
89213.0,,1.0
89226.77551020408,0.29232409596443176,
89245.14285714286,0.2923440933227539,
89269.63265306123,0.29236409068107605,
89283.40816326531,0.2923840880393982,
89288.0,,2.0
89327.48717948717,0.2924240827560425,
89345.43589743589,0.2924440801143646,
89352.61538461539,0.29246407747268677,
89358.0,,2.0
89396.90243902439,0.2925240695476532,
89408.9756097561,0.29254406690597534,
89413.0,,2.0
89430.86666666667,0.29257407784461975,
89475.53333333334,0.292664110660553,
89480.0,,3.0
89496.75,0.2926841080188751,
89525.225,0.2927241027355194,
89541.975,0.29274410009384155,
89547.0,,2.0
89571.41025641025,0.29277411103248596,
89609.76923076923,0.2928641438484192,
89615.0,,3.0
89631.73913043478,0.2929241359233856,
89646.95652173914,0.29298412799835205,
89660.65217391304,0.2930441200733185,
89680.43478260869,0.2931041121482849,
89685.0,,6.0
89703.7,0.2931441068649292,
89717.3,0.2931841015815735,
89734.3,0.2932240962982178,
89747.9,0.29326409101486206,
89753.0,,4.0
89775.37837837837,0.29329410195350647,
89790.2972972973,0.2933241128921509,
89803.35135135135,0.2933541238307953,
89816.4054054054,0.2933841347694397,
89822.0,,3.0
89838.67391304347,0.293424129486084,
89852.78260869565,0.29346412420272827,
89877.15217391304,0.29354411363601685,
89881.0,,4.0
89894.64,0.2935941219329834,
89908.28,0.29364413022994995,
89921.92,0.2936941385269165,
89939.28,0.29374414682388306,
89943.0,,5.0
89965.72549019608,0.2937641441822052,
89977.6862745098,0.29378414154052734,
89992.03921568628,0.2938041388988495,
90004.0,,2.0
90030.28,0.2938941419124603,
90043.42,0.293964147567749,
90058.02,0.2940341532230377,
90072.62,0.2941041588783264,
90077.0,,7.0
90089.2,0.29412415623664856,
90104.45,0.2941441535949707,
90119.7,0.29416415095329285,
90133.425,0.294184148311615,
90138.0,,2.0
90169.30434782608,0.29427415132522583,
90216.26086956522,0.29436415433883667,
90263.21739130435,0.2944541573524475,
90306.26086956522,0.29454416036605835,
90318.0,,9.0
90334.74418604652,0.29458415508270264,
90343.11627906977,0.2946241497993469,
90358.46511627907,0.2946641445159912,
90373.81395348837,0.2947041392326355,
90378.0,,4.0
90402.81818181818,0.29479414224624634,
90418.77272727272,0.2948841452598572,
90432.95454545454,0.294974148273468,
90456.0,,9.0
90474.05128205128,0.2951541543006897,
90490.46153846153,0.29524415731430054,
90515.07692307692,0.2954241633415222,
90520.0,,9.0
90539.47826086957,0.2954541742801666,
90552.0,0.29548418521881104,
90567.30434782608,0.29551419615745544,
90579.82608695653,0.29554420709609985,
90584.0,,3.0
90601.0,0.2956342101097107,
90610.0,0.29572421312332153,
90618.0,0.2958142161369324,
90627.0,0.2959042191505432,
90630.0,,9.0
90645.39130434782,0.29592421650886536,
90658.21739130435,0.2959442138671875,
90669.76086956522,0.29596421122550964,
90685.15217391304,0.2959842085838318,
90689.0,,2.0
90709.06521739131,0.2960442006587982,
90729.13043478261,0.29610419273376465,
90739.93478260869,0.2961641848087311,
90760.0,,6.0
90802.12244897959,0.29628416895866394,
90837.22448979592,0.29634416103363037,
90882.85714285714,0.2964041531085968,
90932.0,,6.0
90954.35294117648,0.29649415612220764,
90970.74509803922,0.29652416706085205,
90990.11764705883,0.29655417799949646,
91003.5294117647,0.29658418893814087,
91008.0,,3.0
91031.09523809524,0.2966341972351074,
91051.88095238095,0.296684205532074,
91070.35714285714,0.2967342138290405,
91098.07142857143,0.2967842221260071,
91105.0,,5.0
91150.0,0.2968742251396179,
91191.25,0.29696422815322876,
91240.0,0.2970542311668396,
91273.75,0.29714423418045044,
91285.0,,9.0
91299.64,0.29720422625541687,
91314.28,0.2972642183303833,
91342.34,0.29738420248031616,
91346.0,,6.0
91364.89743589744,0.2974342107772827,
91378.64102564103,0.29748421907424927,
91390.66666666667,0.2975342273712158,
91407.84615384616,0.2975842356681824,
91413.0,,5.0
91443.0,0.2976142466068268,
91466.33333333333,0.2976442575454712,
91488.0,0.2976742684841156,
91498.0,0.29770427942276,
91503.0,,3.0
91532.16666666667,0.2978842854499817,
91540.33333333333,0.29797428846359253,
91555.5,0.29806429147720337,
91559.0,,9.0
91578.07692307692,0.2981542944908142,
91591.19230769231,0.29824429750442505,
91603.11538461539,0.2983343005180359,
91617.42307692308,0.29842430353164673,
91621.0,,9.0
91637.83673469388,0.29845431447029114,
91660.28571428571,0.29851433634757996,
91672.63265306123,0.29854434728622437,
91676.0,,3.0
91695.89361702128,0.29858434200286865,
91715.78723404255,0.29862433671951294,
91755.5744680851,0.2987043261528015,
91761.0,,4.0
91776.05660377358,0.2987343370914459,
91784.6603773585,0.29876434803009033,
91799.71698113208,0.29879435896873474,
91818.0,,3.0
91878.0,0.29891437292099,
91912.28571428571,0.29900437593460083,
91942.28571428571,0.29909437894821167,
91985.14285714286,0.2991843819618225,
91998.0,,9.0
92026.78048780488,0.2993243932723999,
92039.73170731707,0.2993943989276886,
92052.68292682926,0.2994644045829773,
92057.0,,7.0
92092.47826086957,0.299534410238266,
92108.0,0.2996044158935547,
92152.34782608696,0.2997444272041321,
92159.0,,7.0
92192.65853658537,0.29982441663742065,
92207.80487804877,0.29986441135406494,
92222.9512195122,0.29990440607070923,
92228.0,,4.0
92265.76595744681,0.29996442794799805,
92280.87234042553,0.29999443888664246,
92294.46808510639,0.30002444982528687,
92299.0,,3.0
92325.32653061225,0.3000544607639313,
92341.12244897959,0.3000844717025757,
92362.1836734694,0.3001144826412201,
92379.73469387754,0.3001444935798645,
92385.0,,3.0
92406.9375,0.3001844882965088,
92442.375,0.30026447772979736,
92466.0,,4.0
92485.49019607843,0.3003244698047638,
92521.6862745098,0.3003644645214081,
92532.82352941176,0.3003844618797302,
92537.0,,2.0
92551.52380952382,0.30041447281837463,
92568.95238095238,0.30044448375701904,
92580.57142857143,0.30047449469566345,
92593.64285714286,0.30050450563430786,
92598.0,,3.0
92647.02325581395,0.3006244897842407,
92661.25581395348,0.300664484500885,
92666.0,,4.0
92718.68292682926,0.30075448751449585,
92753.80487804877,0.3008444905281067,
92846.0,,9.0
92866.51351351352,0.30103451013565063,
92896.35135135135,0.30105453729629517,
92909.4054054054,0.30106455087661743,
92915.0,,1.0
92932.86666666667,0.30115455389022827,
92949.24444444444,0.3012445569038391,
92959.66666666667,0.30133455991744995,
92977.53333333334,0.3014245629310608,
92982.0,,9.0
93024.28571428571,0.3014845848083496,
93038.38095238095,0.301514595746994,
93056.0,,3.0
93073.23076923077,0.3015846014022827,
93084.30769230769,0.301624596118927,
93116.30769230769,0.3017045855522156,
93120.0,,4.0
93136.95652173914,0.3017245829105377,
93151.08695652174,0.30174458026885986,
93165.21739130435,0.301764577627182,
93180.76086956522,0.30178457498550415,
93185.0,,2.0
93240.98076923077,0.3018746078014374,
93251.90384615384,0.3019046187400818,
93256.0,,3.0
93272.38,0.3019346296787262,
93315.22,0.3020246624946594,
93319.0,,3.0
93338.35555555555,0.30205467343330383,
93350.26666666666,0.30208468437194824,
93368.13333333333,0.30211469531059265,
93381.53333333334,0.30214470624923706,
93386.0,,3.0
93415.05,0.3021947145462036,
93437.875,0.30224472284317017,
93450.325,0.3022947311401367,
93469.0,,5.0
93509.625,0.3024347424507141,
93537.75,0.30252474546432495,
93562.75,0.3026147484779358,
93584.625,0.30270475149154663,
93594.0,,9.0
93637.55319148937,0.3028847575187683,
93677.31914893616,0.30306476354599,
93683.0,,9.0
93708.38095238095,0.30308476090431213,
93743.52380952382,0.3031247556209564,
93759.14285714286,0.30314475297927856,
93765.0,,2.0
93788.42857142857,0.3032347559928894,
93825.52380952382,0.3034147620201111,
93841.14285714286,0.3035047650337219,
93847.0,,9.0
93877.51851851853,0.3035547733306885,
93892.77777777778,0.30360478162765503,
93925.20370370371,0.3036547899246216,
93950.0,,5.0
93964.41304347826,0.3037148118019104,
93976.60869565218,0.30372482538223267,
94001.0,,1.0
94025.51063829787,0.3037748634815216,
94047.97872340426,0.303804874420166,
94076.5744680851,0.3038348853588104,
94090.87234042553,0.30386489629745483,
94097.0,,3.0
94132.9375,0.3040449023246765,
94150.1875,0.30413490533828735,
94161.6875,0.3042249083518982,
94166.0,,9.0
94194.82608695653,0.30431491136550903,
94232.13043478261,0.3044949173927307,
94238.91304347826,0.30458492040634155,
94244.0,,9.0
94280.76470588235,0.3046649098396301,
94295.4705882353,0.3047049045562744,
94314.58823529411,0.3047448992729187,
94319.0,,4.0
94350.41666666667,0.3047448992729187,
94358.875,0.3047448992729187,
94373.375,0.3047448992729187,
94377.0,,0.0
94397.04166666667,0.3047749102115631,
94414.0,0.3048049211502075,
94430.95833333333,0.30483493208885193,
94446.375,0.30486494302749634,
94451.0,,3.0
94475.92307692308,0.30489495396614075,
94489.76923076923,0.30492496490478516,
94503.61538461539,0.30495497584342957,
94518.84615384616,0.304984986782074,
94523.0,,3.0
94546.33333333333,0.3050450086593628,
94588.33333333333,0.3051050305366516,
94593.0,,3.0
94613.25,0.30519503355026245,
94652.0625,0.30537503957748413,
94668.9375,0.30546504259109497,
94674.0,,9.0
94692.65217391304,0.3054850399494171,
94704.13043478261,0.30550503730773926,
94724.21739130435,0.3055250346660614,
94735.69565217392,0.30554503202438354,
94740.0,,2.0
94768.06,0.3056650161743164,
94801.0,,6.0
94818.43181818182,0.30579501390457153,
94827.81818181818,0.3058050274848938,
94839.88636363637,0.30581504106521606,
94860.0,,1.0
94917.72,0.305975079536438,
94938.0,,5.0
94974.78260869565,0.30608507990837097,
94981.93478260869,0.3061050772666931,
94985.0,,2.0
95024.67346938775,0.30637508630752563,
95035.69387755102,0.3064650893211365,
95039.0,,9.0
95085.35849056604,0.3065250813961029,
95098.43396226416,0.30654507875442505,
95102.0,,2.0
95122.60869565218,0.3066050708293915,
95181.0,,6.0
95202.46666666666,0.3068050444126129,
95231.6,0.3068450391292572,
95245.4,0.30686503648757935,
95250.0,,2.0
95267.04545454546,0.3069550395011902,
95289.20454545454,0.307045042514801,
95304.54545454546,0.30713504552841187,
95319.88636363637,0.3072250485420227,
95325.0,,9.0
95366.4,0.307265043258667,
95377.44,0.30728504061698914,
95389.86,0.3073050379753113,
95394.0,,2.0
95420.92857142857,0.3073950409889221,
95437.5,0.30748504400253296,
95458.21428571429,0.3075750470161438,
95474.78571428571,0.30766505002975464,
95481.0,,9.0
95491.41463414633,0.3076850473880768,
95507.78048780488,0.3077050447463989,
95521.17073170732,0.30772504210472107,
95537.53658536586,0.3077450394630432,
95542.0,,2.0
95560.78260869565,0.30776503682136536,
95571.34782608696,0.3077850341796875,
95584.26086956522,0.30780503153800964,
95592.47826086957,0.3078250288963318,
95596.0,,2.0
95611.64444444445,0.3078550398349762,
95624.44444444444,0.3078850507736206,
95641.51111111112,0.307915061712265,
95655.73333333334,0.3079450726509094,
95660.0,,3.0
95694.22222222222,0.3080850839614868,
95711.33333333333,0.3081550896167755,
95731.86666666667,0.3082250952720642,
95737.0,,7.0
95777.38095238095,0.30831509828567505,
95795.04761904762,0.3084051012992859,
95810.19047619047,0.30849510431289673,
95835.42857142857,0.30858510732650757,
95843.0,,9.0
95873.69230769231,0.30862510204315186,
95888.23076923077,0.308645099401474,
95901.15384615384,0.30866509675979614,
95906.0,,2.0
95934.57142857143,0.30870509147644043,
95952.9387755102,0.3087450861930847,
95956.0,,2.0
95985.67441860466,0.3088451027870178,
95995.11627906977,0.3088951110839844,
96014.0,,5.0
96032.33333333333,0.30897513031959534,
96055.25,0.30903515219688416,
96065.5625,0.30906516313552856,
96069.0,,3.0
96083.1186440678,0.30907517671585083,
96095.57627118644,0.3090851902961731,
96115.50847457627,0.3091052174568176,
96118.0,,1.0
96140.28205128205,0.30919522047042847,
96156.48717948717,0.3092852234840393,
96174.71794871795,0.30937522649765015,
96190.92307692308,0.309465229511261,
96197.0,,9.0
96212.0,0.3094952404499054,
96249.5,0.3095552623271942,
96261.5,0.3095852732658386,
96266.0,,3.0
96303.06382978724,0.3096652626991272,
96318.74468085106,0.3097052574157715,
96328.72340425532,0.30974525213241577,
96333.0,,4.0
96383.6,0.30986523628234863,
96402.0,,4.0
96419.21739130435,0.3099452257156372,
96432.13043478261,0.3099852204322815,
96446.47826086957,0.3100252151489258,
96463.69565217392,0.31006520986557007,
96468.0,,4.0
96489.21428571429,0.31007522344589233,
96503.35714285714,0.3100852370262146,
96521.03571428571,0.31009525060653687,
96530.46428571429,0.31010526418685913,
96534.0,,1.0
96544.81818181818,0.31019526720046997,
96566.45454545454,0.3102852702140808,
96597.36363636363,0.3104652762413025,
96602.0,,9.0
96619.71428571429,0.3105052709579468,
96631.89285714286,0.31054526567459106,
96645.17857142857,0.31058526039123535,
96664.0,,4.0
96685.30612244898,0.3106452524662018,
96697.14285714286,0.3106652498245239,
96708.97959183673,0.31068524718284607,
96718.44897959183,0.3107052445411682,
96722.0,,2.0
96746.6,0.31072524189949036,
96765.05,0.3107452392578125,
96781.45,0.31076523661613464,
96797.85,0.3107852339744568,
96804.0,,2.0
96819.48936170213,0.31080523133277893,
96830.21276595745,0.3108252286911011,
96856.4255319149,0.31086522340774536,
96860.0,,2.0
96889.43902439025,0.3109252452850342,
96903.29268292683,0.3109552562236786,
96931.0,,3.0
96950.54166666667,0.31100526452064514,
96963.10416666667,0.3110252618789673,
96979.85416666667,0.31104525923728943,
96993.8125,0.3110652565956116,
96998.0,,2.0
97022.34782608696,0.3110852539539337,
97034.52173913043,0.31110525131225586,
97052.78260869565,0.311125248670578,
97063.43478260869,0.31114524602890015,
97068.0,,2.0
97104.08163265306,0.3111652731895447,
97123.51020408163,0.31117528676986694,
97131.83673469388,0.3111853003501892,
97136.0,,1.0
97154.08695652174,0.3112252950668335,
97195.82608695653,0.31134527921676636,
97200.0,,4.0
97215.1914893617,0.3113652765750885,
97226.0425531915,0.31138527393341064,
97247.74468085106,0.31142526865005493,
97251.0,,2.0
97269.05,0.3114452660083771,
97281.4,0.3114652633666992,
97291.85,0.31148526072502136,
97305.15,0.3115052580833435,
97308.0,,2.0
97369.94117647059,0.3115652799606323,
97399.76470588235,0.31159529089927673,
97418.11764705883,0.31162530183792114,
97425.0,,3.0
97441.0,0.31165531277656555,
97454.33333333333,0.31168532371520996,
97462.33333333333,0.31171533465385437,
97481.0,0.3117453455924988,
97485.0,,3.0
97518.35555555555,0.3117753565311432,
97528.88888888889,0.3118053674697876,
97558.73333333334,0.3118653893470764,
97564.0,,3.0
97582.54545454546,0.31195539236068726,
97598.0,0.3120453953742981,
97632.0,,9.0
97652.1,0.31226539611816406,
97663.26666666666,0.31230539083480835,
97680.01666666666,0.31234538555145264,
97695.65,0.3123853802680969,
97699.0,,4.0
97717.57142857143,0.3124253749847412,
97741.71428571429,0.3124653697013855,
97756.57142857143,0.3125053644180298,
97771.42857142857,0.3125453591346741,
97777.0,,4.0
97798.95555555556,0.3126053512096405,
97815.84444444445,0.31266534328460693,
97836.11111111111,0.31272533535957336,
97853.0,,6.0
97882.42307692308,0.31280532479286194,
97898.76923076923,0.3128253221511841,
97913.48076923077,0.3128453195095062,
97933.09615384616,0.31286531686782837,
97938.0,,2.0
97977.375,0.3129553198814392,
98016.75,0.31304532289505005,
98061.75,0.3131353259086609,
98101.125,0.31322532892227173,
98118.0,,9.0
98136.82142857143,0.31324532628059387,
98166.71428571429,0.31328532099723816,
98176.67857142857,0.3133053183555603,
98180.0,,2.0
98217.04347826086,0.313485324382782,
98232.47826086957,0.3135753273963928,
98246.36956521739,0.31366533041000366,
98251.0,,9.0
98280.02173913043,0.31370532512664795,
98314.84782608696,0.3137853145599365,
98340.0,,4.0
98357.20833333333,0.3138353228569031,
98374.41666666667,0.31384533643722534,
98383.02083333333,0.3138553500175476,
98395.3125,0.3138653635978699,
98399.0,,1.0
98417.4,0.31390535831451416,
98429.66666666667,0.31394535303115845,
98443.46666666666,0.31398534774780273,
98463.4,0.314025342464447,
98468.0,,4.0
98494.6,0.31408536434173584,
98526.8,0.31414538621902466,
98531.0,,3.0
98564.37837837837,0.31422537565231323,
98573.16216216216,0.3142653703689575,
98590.72972972973,0.3143053650856018,
98596.0,,4.0
98622.95,0.31435537338256836,
98638.35,0.3144053816795349,
98647.975,0.31445538997650146,
98667.225,0.314505398273468,
98673.0,,5.0
98712.15789473684,0.31459540128707886,
98758.65789473684,0.3148654103279114,
98766.0,,9.0
98775.55102040817,0.31487542390823364,
98790.40816326531,0.3148854374885559,
98803.14285714286,0.3148954510688782,
98814.8163265306,0.31490546464920044,
98818.0,,1.0
98860.43478260869,0.3149954676628113,
98884.30434782608,0.3150854706764221,
98908.17391304347,0.31517547369003296,
98932.04347826086,0.3152654767036438,
98940.0,,9.0
98961.87755102041,0.3153054714202881,
98972.8163265306,0.3153454661369324,
98989.22448979592,0.31538546085357666,
99002.89795918367,0.31542545557022095,
99007.0,,4.0
99036.5,0.31546545028686523,
99061.575,0.3155054450035095,
99066.0,,2.0
99092.13333333333,0.3155754506587982,
99110.8,0.3156454563140869,
99129.46666666666,0.3157154619693756,
99150.0,,7.0
99165.95,0.3157954812049866,
99179.0,0.31580549478530884,
99194.95,0.3158155083656311,
99208.0,,1.0
99228.66666666667,0.3158555328845978,
99243.42857142857,0.3158855438232422,
99255.23809523809,0.3159155547618866,
99265.57142857143,0.315945565700531,
99270.0,,3.0
99286.08510638298,0.315945565700531,
99295.27659574468,0.315945565700531,
99307.91489361702,0.315945565700531,
99324.0,,0.0
99335.3953488372,0.31596556305885315,
99344.51162790698,0.3159855604171753,
99369.58139534884,0.3160255551338196,
99373.0,,2.0
99392.55555555556,0.316055566072464,
99407.22222222222,0.3160855770111084,
99423.11111111111,0.3161155879497528,
99435.33333333333,0.3161455988883972,
99439.0,,3.0
99458.73684210527,0.3161756098270416,
99476.5,0.31620562076568604,
99514.0,,3.0
99529.78947368421,0.31630563735961914,
99544.0,0.3163456320762634,
99555.05263157895,0.3163856267929077,
99569.26315789473,0.316425621509552,
99574.0,,4.0
99603.14285714286,0.31651562452316284,
99618.57142857143,0.3166056275367737,
99632.28571428571,0.3166956305503845,
99658.0,,9.0
99672.17142857143,0.3168056309223175,
99720.0,,2.0
99738.24,0.3168856203556061,
99749.64,0.3169056177139282,
99761.04,0.31692561507225037,
99773.58,0.3169456124305725,
99777.0,,2.0
99797.76923076923,0.3169856071472168,
99810.23076923077,0.3170256018638611,
99829.61538461539,0.31706559658050537,
99844.84615384616,0.31710559129714966,
99849.0,,4.0
99868.14285714286,0.3171555995941162,
99879.30952380953,0.31720560789108276,
99892.07142857143,0.3172556161880493,
99911.21428571429,0.31730562448501587,
99916.0,,5.0
99931.23076923077,0.31734561920166016,
99946.46153846153,0.31738561391830444,
99965.5,0.31742560863494873,
99978.19230769231,0.317465603351593,
99982.0,,4.0
100004.0,0.3174756169319153,
100018.23529411765,0.31748563051223755,
100032.4705882353,0.3174956440925598,
100044.11764705883,0.3175056576728821,
100048.0,,1.0
100078.90909090909,0.3176456689834595,
100097.45454545454,0.31771567463874817,
100111.36363636363,0.31778568029403687,
100116.0,,7.0
100129.86,0.3178356885910034,
100141.2,0.31788569688796997,
100175.22,0.3179857134819031,
100179.0,,5.0
100192.26086956522,0.3180057108402252,
100217.45652173914,0.3180457055568695,
100240.0,,2.0
100262.75555555556,0.3180857002735138,
100276.97777777778,0.31810569763183594,
100304.0,,2.0
100326.93617021276,0.31820568442344666,
100346.59574468085,0.3182656764984131,
100362.97872340426,0.3183256685733795,
100376.08510638298,0.31838566064834595,
100381.0,,6.0
100406.81818181818,0.3184056580066681,
100421.34090909091,0.31842565536499023,
100435.86363636363,0.3184456527233124,
100447.15909090909,0.3184656500816345,
100452.0,,2.0
100492.5,0.3185856342315674,
100510.5,0.3186456263065338,
100533.0,,6.0
100559.17647058824,0.3187556266784668,
100581.86274509804,0.31880563497543335,
100597.56862745098,0.3188556432723999,
100616.76470588235,0.31890565156936646,
100622.0,,5.0
100638.90243902439,0.31893566250801086,
100655.80487804877,0.3189656734466553,
100669.63414634146,0.3189956843852997,
100680.39024390244,0.3190256953239441,
100685.0,,3.0
100710.66666666667,0.3190557062625885,
100721.89583333333,0.3190857172012329,
100741.14583333333,0.3191157281398773,
100757.1875,0.31914573907852173,
100762.0,,3.0
100780.1724137931,0.31916573643684387,
100794.06896551725,0.319185733795166,
100805.8275862069,0.31920573115348816,
100820.79310344828,0.3192257285118103,
100824.0,,2.0
100841.86666666667,0.31924572587013245,
100858.24444444444,0.3192657232284546,
100873.13333333333,0.31928572058677673,
100886.53333333334,0.3193057179450989,
100891.0,,2.0
100907.66666666667,0.31931573152542114,
100932.66666666667,0.3193357586860657,
100946.0,0.31934577226638794,
100951.0,,1.0
100966.25,0.3193857669830322,
100981.5,0.3194257616996765,
100995.36363636363,0.3194657564163208,
101007.84090909091,0.3195057511329651,
101012.0,,4.0
101032.28571428571,0.3195657432079315,
101045.32653061225,0.31962573528289795,
101059.8163265306,0.3196857273578644,
101078.6530612245,0.3197457194328308,
101083.0,,6.0
101105.27272727272,0.31979572772979736,
101138.68181818182,0.31989574432373047,
101153.0,,5.0
101181.21739130435,0.32003575563430786,
101217.13043478261,0.3201257586479187,
101242.78260869565,0.32021576166152954,
101263.30434782608,0.3203057646751404,
101271.0,,9.0
101287.31914893616,0.3203257620334625,
101301.12765957447,0.32034575939178467,
101326.23404255319,0.32038575410842896,
101330.0,,2.0
101356.44736842105,0.3204057812690735,
101375.84210526316,0.32041579484939575,
101391.71052631579,0.320425808429718,
101397.0,,1.0
101407.17391304347,0.3204558193683624,
101418.47826086957,0.32048583030700684,
101430.91304347826,0.32051584124565125,
101445.60869565218,0.32054585218429565,
101449.0,,3.0
101473.4255319149,0.3206058442592621,
101494.36170212766,0.3206658363342285,
101508.31914893616,0.32072582840919495,
101525.76595744681,0.3207858204841614,
101531.0,,6.0
101548.27272727272,0.3208058178424835,
101562.09090909091,0.32082581520080566,
101586.27272727272,0.3208458125591278,
101601.81818181818,0.32086580991744995,
101607.0,,2.0
101628.82978723405,0.32089582085609436,
101642.17021276595,0.32092583179473877,
101651.87234042553,0.3209558427333832,
101660.36170212766,0.3209858536720276,
101664.0,,3.0
101684.06521739131,0.32100585103034973,
101701.04347826086,0.3210258483886719,
101716.47826086957,0.321045845746994,
101730.36956521739,0.32106584310531616,
101735.0,,2.0
101749.48780487805,0.32110583782196045,
101770.41463414633,0.32114583253860474,
101781.68292682926,0.321185827255249,
101796.17073170732,0.3212258219718933,
101801.0,,4.0
101819.4375,0.3212558329105377,
101832.95833333333,0.32128584384918213,
101842.79166666667,0.32131585478782654,
101860.0,,3.0
101920.0,0.3214358687400818,
101964.0,0.3215258717536926,
102004.0,0.32161587476730347,
102028.0,0.3217058777809143,
102040.0,,9.0
102056.61538461539,0.3217158913612366,
102077.38461538461,0.3217359185218811,
102094.0,,1.0
102111.42222222222,0.3217759430408478,
102137.55555555556,0.3218059539794922,
102161.51111111112,0.3218359649181366,
102192.0,,3.0
102210.24390243902,0.3219059705734253,
102225.17073170732,0.3219459652900696,
102238.43902439025,0.32198596000671387,
102255.0243902439,0.32202595472335815,
102260.0,,4.0
102275.30434782608,0.3220759630203247,
102292.0,0.32212597131729126,
102319.82608695653,0.32222598791122437,
102324.0,,5.0
102348.88636363637,0.3223159909248352,
102365.47727272728,0.32240599393844604,
102380.40909090909,0.3224959969520569,
102392.02272727272,0.3225859999656677,
102397.0,,9.0
102411.17777777778,0.322625994682312,
102422.77777777778,0.3226659893989563,
102436.95555555556,0.3227059841156006,
102451.13333333333,0.3227459788322449,
102455.0,,4.0
102471.5925925926,0.3228359818458557,
102484.03703703704,0.32292598485946655,
102495.44444444444,0.3230159878730774,
102511.0,,9.0
102523.29268292683,0.3231959939002991,
102540.85365853658,0.3232859969139099,
102560.17073170732,0.32337599992752075,
102577.73170731707,0.3234660029411316,
102583.0,,9.0
102603.7,0.323496013879776,
102617.5,0.3235260248184204,
102629.92,0.3235560357570648,
102647.86,0.32358604669570923,
102652.0,,3.0
102672.07272727272,0.32361605763435364,
102692.14545454546,0.32364606857299805,
102700.92727272728,0.32367607951164246,
102717.23636363636,0.32370609045028687,
102721.0,,3.0
102764.44444444444,0.3237661123275757,
102785.22222222222,0.3237961232662201,
102806.0,,3.0
102835.79166666667,0.32384616136550903,
102846.10416666667,0.3238561749458313,
102857.5625,0.32386618852615356,
102861.0,,1.0
102876.75,0.32387620210647583,
102892.5,0.3238862156867981,
102903.95454545454,0.32389622926712036,
102919.70454545454,0.3239062428474426,
102924.0,,1.0
102947.59183673469,0.3239462375640869,
102962.85714285714,0.3239862322807312,
102976.73469387754,0.3240262269973755,
102987.83673469388,0.3240662217140198,
102992.0,,4.0
103037.09090909091,0.324156254529953,
103051.63636363637,0.3241862654685974,
103056.0,,3.0
103076.51351351352,0.3242162764072418,
103085.83783783784,0.32424628734588623,
103104.48648648648,0.32427629828453064,
103119.4054054054,0.32430630922317505,
103125.0,,3.0
103143.86956521739,0.32433632016181946,
103160.04347826086,0.32436633110046387,
103170.82608695653,0.3243963420391083,
103182.95652173914,0.3244263529777527,
103187.0,,3.0
103200.4693877551,0.3245163559913635,
103219.32653061225,0.32460635900497437,
103232.79591836735,0.3246963620185852,
103248.95918367348,0.32478636503219604,
103253.0,,9.0
103272.37735849057,0.32481637597084045,
103293.24528301887,0.32484638690948486,
103315.60377358491,0.3248763978481293,
103327.52830188679,0.3249064087867737,
103332.0,,3.0
103358.20930232559,0.3249264359474182,
103368.46511627907,0.3249364495277405,
103381.0,,1.0
103400.51219512195,0.32501646876335144,
103416.12195121951,0.32508647441864014,
103437.58536585367,0.32515648007392883,
103461.0,,7.0
103480.04,0.32525649666786194,
103491.24,0.32528650760650635,
103500.2,0.32531651854515076,
103513.64,0.32534652948379517,
103517.0,,3.0
103535.61363636363,0.3253765404224396,
103549.93181818182,0.325406551361084,
103564.25,0.3254365622997284,
103575.70454545454,0.3254665732383728,
103580.0,,3.0
103601.16279069768,0.32548657059669495,
103610.93023255814,0.3255065679550171,
103645.11627906977,0.3255465626716614,
103650.0,,2.0
103669.44444444444,0.32558655738830566,
103700.55555555556,0.32566654682159424,
103714.16666666667,0.3257065415382385,
103720.0,,4.0
103751.23255813954,0.32572656869888306,
103771.44186046511,0.3257365822792053,
103793.48837209302,0.3257465958595276,
103799.0,,1.0
103822.72093023256,0.325806587934494,
103840.11627906977,0.32586658000946045,
103852.76744186046,0.3259265720844269,
103862.25581395348,0.3259865641593933,
103867.0,,6.0
103895.78787878787,0.326056569814682,
103921.69696969698,0.3261265754699707,
103938.9696969697,0.3261965811252594,
103953.36363636363,0.3262665867805481,
103962.0,,7.0
103993.11764705883,0.32638657093048096,
104010.70588235294,0.3264465630054474,
104026.94117647059,0.3265065550804138,
104031.0,,6.0
104075.08163265306,0.32659655809402466,
104100.79591836735,0.3266865611076355,
104199.97959183673,0.3268665671348572,
104211.0,,9.0
104234.52272727272,0.3269365727901459,
104247.06818181818,0.32700657844543457,
104261.18181818182,0.32707658410072327,
104275.29545454546,0.32714658975601196,
104280.0,,7.0
104293.15384615384,0.3271665871143341,
104305.21153846153,0.32718658447265625,
104317.26923076923,0.3272065818309784,
104333.71153846153,0.32722657918930054,
104337.0,,2.0
104355.23255813954,0.32725659012794495,
104363.04651162791,0.32728660106658936,
104376.06976744186,0.32731661200523376,
104389.09302325582,0.3273466229438782,
104393.0,,3.0
104409.25,0.3273766338825226,
104422.79166666667,0.327406644821167,
104440.39583333333,0.3274366557598114,
104453.9375,0.3274666666984558,
104458.0,,3.0
104477.09090909091,0.3274966776371002,
104490.72727272728,0.32752668857574463,
104504.36363636363,0.32755669951438904,
104518.0,,3.0
104537.36363636363,0.3275967240333557,
104563.18181818182,0.32761675119400024,
104584.15909090909,0.3276267647743225,
104589.0,,1.0
104608.25,0.3276967704296112,
104623.22222222222,0.3277667760848999,
104636.05555555556,0.3278367817401886,
104659.58333333333,0.3279067873954773,
104666.0,,7.0
104686.70909090909,0.3279367983341217,
104714.72727272728,0.3279968202114105,
104729.34545454546,0.32802683115005493,
104733.0,,3.0
104765.35555555555,0.3282068371772766,
104775.3111111111,0.32829684019088745,
104785.26666666666,0.3283868432044983,
104789.0,,9.0
104824.21739130435,0.32847684621810913,
104867.26086956522,0.32856684923171997,
104922.04347826086,0.3286568522453308,
104957.26086956522,0.32874685525894165,
104969.0,,9.0
104984.71428571429,0.32877686619758606,
104997.57142857143,0.32880687713623047,
105007.57142857143,0.3288368880748749,
105024.71428571429,0.3288668990135193,
105029.0,,3.0
105050.34042553192,0.3289068937301636,
105059.12765957447,0.32894688844680786,
105074.1914893617,0.32898688316345215,
105084.23404255319,0.32902687788009644,
105088.0,,4.0
105103.78260869565,0.32905688881874084,
105115.26086956522,0.32908689975738525,
105138.21739130435,0.32911691069602966,
105149.69565217392,0.3291469216346741,
105154.0,,3.0
105177.6530612245,0.3291769325733185,
105186.36734693877,0.3292069435119629,
105201.30612244898,0.3292369544506073,
105211.26530612246,0.3292669653892517,
105215.0,,3.0
105238.57142857143,0.329276978969574,
105251.14285714286,0.32928699254989624,
105266.85714285714,0.3292970061302185,
105287.28571428571,0.32930701971054077,
105292.0,,1.0
105313.04761904762,0.3293970227241516,
105330.85714285714,0.32948702573776245,
105343.80952380953,0.3295770287513733,
105360.0,,9.0
105398.15217391304,0.3297470211982727,
105410.86956521739,0.329787015914917,
105420.76086956522,0.3298270106315613,
105425.0,,4.0
105445.16393442624,0.32986700534820557,
105462.6393442623,0.32990700006484985,
105484.14754098361,0.32994699478149414,
105502.96721311475,0.3299869894981384,
105507.0,,4.0
105524.44897959183,0.33001700043678284,
105540.73469387754,0.33004701137542725,
105551.20408163265,0.33007702231407166,
105560.51020408163,0.33010703325271606,
105564.0,,3.0
105575.2,0.3301270306110382,
105589.6,0.33014702796936035,
105610.4,0.3301670253276825,
105623.2,0.33018702268600464,
105628.0,,2.0
105695.05882352941,0.3302770256996155,
105726.82352941176,0.3303670287132263,
105797.41176470589,0.330547034740448,
105808.0,,9.0
105850.0,0.3306270241737366,
105878.0,0.33070701360702515,
105884.0,,4.0
105920.05128205128,0.3307870030403137,
105931.43589743589,0.330826997756958,
105952.30769230769,0.3308669924736023,
105958.0,,4.0
105989.53488372093,0.3309069871902466,
106013.18604651163,0.33094698190689087,
106063.11627906977,0.33102697134017944,
106071.0,,4.0
106089.97959183673,0.3310869634151459,
106103.89795918367,0.3311469554901123,
106119.08163265306,0.33120694756507874,
106133.0,,6.0
106167.8,0.33130693435668945,
106178.6,0.3313269317150116,
106189.4,0.33134692907333374,
106193.0,,2.0
106210.875,0.3313669264316559,
106227.125,0.331386923789978,
106241.75,0.33140692114830017,
106253.125,0.3314269185066223,
106258.0,,2.0
106272.28260869565,0.3314569294452667,
106289.73913043478,0.33148694038391113,
106307.19565217392,0.33151695132255554,
106326.23913043478,0.33154696226119995,
106331.0,,3.0
106350.66666666667,0.3315669596195221,
106363.30952380953,0.33158695697784424,
106385.78571428571,0.3316269516944885,
106390.0,,2.0
106429.6,0.3317869305610657,
106447.6,0.33186691999435425,
106465.6,0.3319469094276428,
106471.0,,8.0
106492.0,0.33196690678596497,
106505.0,0.3319869041442871,
106516.0,0.33200690150260925,
106529.0,0.3320268988609314,
106532.0,,2.0
106583.92307692308,0.33214688301086426,
106607.0,,4.0
106626.0,0.3322368860244751,
106638.0,0.33228689432144165,
106649.0,0.3323369026184082,
106662.0,,5.0
106678.36363636363,0.33241692185401917,
106718.72727272728,0.3325069546699524,
106722.0,,3.0
106739.44680851063,0.33255696296691895,
106760.3829787234,0.3326069712638855,
106776.08510638298,0.33265697956085205,
106804.0,,5.0
106832.53658536586,0.332736998796463,
106850.09756097561,0.3327670097351074,
106867.65853658537,0.33279702067375183,
106887.41463414633,0.33282703161239624,
106894.0,,3.0
106964.53846153847,0.3328670263290405,
107017.44230769231,0.3329070210456848,
107025.0,,2.0
107043.08333333333,0.3329370319843292,
107068.91666666667,0.33299705386161804,
107087.0,,3.0
107101.175,0.3330470621585846,
107118.5,0.33306705951690674,
107135.825,0.3330870568752289,
107145.275,0.333107054233551,
107150.0,,2.0
107170.91304347826,0.33319705724716187,
107183.78260869565,0.3332870602607727,
107203.08695652174,0.33337706327438354,
107219.17391304347,0.3334670662879944,
107224.0,,9.0
107243.32075471699,0.3334970772266388,
107257.81132075471,0.3335270881652832,
107267.47169811321,0.3335570991039276,
107284.37735849057,0.333587110042572,
107288.0,,3.0
107305.20512820513,0.3336271047592163,
107317.71794871795,0.3336670994758606,
107334.92307692308,0.3337070941925049,
107344.30769230769,0.33374708890914917,
107349.0,,4.0
107364.6,0.33383709192276,
107375.4,0.33392709493637085,
107386.2,0.3340170979499817,
107405.4,0.33410710096359253,
107409.0,,9.0
107444.40425531915,0.33416712284088135,
107453.93617021276,0.33419713377952576,
107468.91489361702,0.33422714471817017,
107473.0,,3.0
107506.83720930232,0.334317147731781,
107522.62790697675,0.33440715074539185,
107542.93023255814,0.3344971537590027,
107563.23255813954,0.3345871567726135,
107570.0,,9.0
107587.48148148147,0.33460715413093567,
107614.79629629629,0.33464714884757996,
107625.72222222222,0.3346671462059021,
107629.0,,2.0
107673.5,0.3348471522331238,
107690.91304347826,0.3349371552467346,
107712.19565217392,0.33502715826034546,
107718.0,,9.0
107743.08108108108,0.33506715297698975,
107776.0,,2.0
107795.91489361702,0.33513715863227844,
107812.76595744681,0.33516716957092285,
107828.08510638298,0.33519718050956726,
107843.40425531915,0.33522719144821167,
107848.0,,3.0
107865.96226415095,0.3352572023868561,
107895.47169811321,0.3353172242641449,
107912.15094339622,0.3353472352027893,
107916.0,,3.0
107933.48717948717,0.33536723256111145,
107946.20512820513,0.3353872299194336,
107955.7435897436,0.33540722727775574,
107973.23076923077,0.3354272246360779,
107978.0,,2.0
107998.85714285714,0.33547723293304443,
108012.26530612246,0.335527241230011,
108034.61224489796,0.33557724952697754,
108046.5306122449,0.3356272578239441,
108051.0,,5.0
108072.75,0.3356672525405884,
108097.84615384616,0.33570724725723267,
108112.90384615384,0.33574724197387695,
108132.98076923077,0.33578723669052124,
108138.0,,4.0
108160.59574468085,0.3358072340488434,
108175.65957446808,0.3358272314071655,
108185.70212765958,0.33584722876548767,
108193.23404255319,0.3358672261238098,
108197.0,,2.0
108213.0,0.33588722348213196,
108242.53846153847,0.33592721819877625,
108257.30769230769,0.3359472155570984,
108261.0,,2.0
108277.44230769231,0.33595722913742065,
108305.94230769231,0.3359772562980652,
108318.0,,1.0
108337.0,0.336037278175354,
108350.57142857143,0.33608728647232056,
108362.78571428571,0.3361372947692871,
108370.92857142857,0.33618730306625366,
108375.0,,5.0
108395.25,0.3362773060798645,
108412.38461538461,0.33636730909347534,
108435.75,0.3364573121070862,
108451.32692307692,0.336547315120697,
108456.0,,9.0
108481.80392156863,0.33657732605934143,
108498.39215686274,0.33660733699798584,
108509.45098039215,0.33663734793663025,
108544.4705882353,0.33666735887527466,
108550.0,,3.0
108566.23529411765,0.3367573618888855,
108581.11764705883,0.33684736490249634,
108597.35294117648,0.3369373679161072,
108614.94117647059,0.337027370929718,
108619.0,,9.0
108636.77551020408,0.33704736828804016,
108653.1836734694,0.3370673656463623,
108681.89795918367,0.3371073603630066,
108686.0,,2.0
108705.6875,0.33711737394332886,
108718.8125,0.3371273875236511,
108734.5625,0.3371374011039734,
108745.0625,0.33714741468429565,
108749.0,,1.0
108781.0,0.33724743127822876,
108813.0,,5.0
108836.0731707317,0.3374374508857727,
108865.43902439025,0.33752745389938354,
108880.12195121951,0.3376174569129944,
108892.70731707317,0.3377074599266052,
108899.0,,9.0
108921.5,0.33772745728492737,
108939.0,0.3377474546432495,
108960.25,0.3377874493598938,
108964.0,,2.0
108983.83333333333,0.3378174602985382,
109000.83333333333,0.3378474712371826,
109012.16666666667,0.337877482175827,
109027.75,0.33790749311447144,
109032.0,,3.0
109050.98,0.3379175066947937,
109064.12,0.33792752027511597,
109084.56,0.33793753385543823,
109100.62,0.3379475474357605,
109105.0,,1.0
109132.45098039215,0.3380075693130493,
109145.62745098039,0.3380375802516937,
109157.70588235294,0.33806759119033813,
109161.0,,3.0
109172.55555555556,0.3380875885486603,
109187.0,0.3381075859069824,
109200.0,0.33812758326530457,
109221.66666666667,0.3381475806236267,
109226.0,,2.0
109256.3829787234,0.33819758892059326,
109290.34042553192,0.33829760551452637,
109310.0,,5.0
109330.19512195123,0.3383876085281372,
109343.65853658537,0.3384276032447815,
109353.75609756098,0.3384675979614258,
109379.0,,4.0
109417.70731707317,0.3385676145553589,
109431.17073170732,0.3385976254940033,
109448.0,,3.0
109460.83333333333,0.33864763379096985,
109474.83333333333,0.338667631149292,
109500.5,0.3387076258659363,
109504.0,,2.0
109524.04545454546,0.3387276232242584,
109538.36363636363,0.33874762058258057,
109554.11363636363,0.3387676179409027,
109562.70454545454,0.33878761529922485,
109567.0,,2.0
109583.5,0.33882761001586914,
109597.0,0.3388676047325134,
109618.0,0.3389075994491577,
109631.5,0.338947594165802,
109636.0,,4.0
109654.57142857143,0.33895760774612427,
109668.5,0.33896762132644653,
109679.33333333333,0.3389776349067688,
109696.35714285714,0.33898764848709106,
109701.0,,1.0
109718.13636363637,0.3390776515007019,
109728.68181818182,0.33916765451431274,
109743.18181818182,0.3392576575279236,
109755.04545454546,0.3393476605415344,
109759.0,,9.0
109810.42857142857,0.33943766355514526,
109843.48979591837,0.3395276665687561,
109894.91836734694,0.33961766958236694,
109939.0,,9.0
109958.01886792453,0.3397276699542999,
109967.52830188679,0.33974766731262207,
109978.09433962264,0.3397676646709442,
109991.83018867925,0.33978766202926636,
109995.0,,2.0
110021.48648648648,0.33982765674591064,
110036.62162162163,0.33986765146255493,
110046.08108108108,0.3399076461791992,
110059.32432432432,0.3399476408958435,
110065.0,,4.0
110078.13725490196,0.3399776518344879,
110109.66666666667,0.34003767371177673,
110128.05882352941,0.34006768465042114,
110132.0,,3.0
110154.06976744186,0.3401176929473877,
110165.95348837209,0.34016770124435425,
110182.93023255814,0.3402177095413208,
110199.90697674418,0.34026771783828735,
110205.0,,5.0
110218.25,0.3402877151966095,
110234.8125,0.34030771255493164,
110244.75,0.3403277099132538,
110258.0,,2.0
110278.0,0.34036770462989807,
110290.5,0.3403877019882202,
110304.25,0.34040769934654236,
110314.25,0.3404276967048645,
110318.0,,2.0
110344.04651162791,0.34047770500183105,
110357.06976744186,0.3405277132987976,
110383.11627906977,0.3406277298927307,
110388.0,,5.0
110411.48936170213,0.34071773290634155,
110426.17021276595,0.3408077359199524,
110437.91489361702,0.34089773893356323,
110457.0,,9.0
110477.15,0.3410777449607849,
110492.65,0.34116774797439575,
110506.6,0.3412577509880066,
110514.35,0.34134775400161743,
110519.0,,9.0
110543.35294117648,0.3413877487182617,
110569.05882352941,0.3414677381515503,
110583.94117647059,0.3415077328681946,
110588.0,,4.0
110616.36363636363,0.3415677547454834,
110635.27272727272,0.3415977656841278,
110649.45454545454,0.3416277766227722,
110653.0,,3.0
110664.47826086957,0.34171777963638306,
110678.82608695653,0.3418077826499939,
110697.47826086957,0.34189778566360474,
110714.69565217392,0.3419877886772156,
110719.0,,9.0
110733.78260869565,0.34201779961586,
110750.04347826086,0.3420478105545044,
110767.78260869565,0.3420778214931488,
110782.56521739131,0.3421078324317932,
110787.0,,3.0
110809.40425531915,0.3421778380870819,
110828.36170212766,0.3422478437423706,
110843.87234042553,0.3423178493976593,
110862.82978723405,0.342387855052948,
110868.0,,7.0
110886.48648648648,0.34243786334991455,
110902.91891891892,0.3424878716468811,
110944.0,,5.0
110984.23255813954,0.34263789653778076,
111032.51162790698,0.3426879048347473,
111064.69767441861,0.34273791313171387,
111104.93023255814,0.3427879214286804,
111117.0,,5.0
111138.1320754717,0.34287792444229126,
111156.24528301887,0.3429679274559021,
111172.84905660378,0.34305793046951294,
111197.0,,9.0
111244.14285714286,0.3432379364967346,
111287.0,0.34332793951034546,
111329.85714285714,0.3434179425239563,
111377.0,,9.0
111395.53191489361,0.34353795647621155,
111411.21276595745,0.34356796741485596,
111426.89361702128,0.34359797835350037,
111439.72340425532,0.3436279892921448,
111444.0,,3.0
111459.78723404255,0.34363800287246704,
111466.55319148937,0.3436480164527893,
111481.21276595745,0.3436580300331116,
111497.0,,1.0
111508.95652173914,0.343688040971756,
111524.5,0.3437080383300781,
111537.65217391304,0.34372803568840027,
111548.41304347826,0.3437480330467224,
111552.0,,2.0
111571.65957446808,0.34383803606033325,
111584.29787234042,0.3439280390739441,
111601.14893617021,0.34401804208755493,
111618.0,,9.0
111639.25,0.3441380560398102,
111652.0,0.3441680669784546,
111667.58333333333,0.344198077917099,
111681.75,0.3442280888557434,
111686.0,,3.0
111710.37735849057,0.3442580997943878,
111723.2075471698,0.3442881107330322,
111750.15094339622,0.34434813261032104,
111754.0,,3.0
111771.52173913043,0.34437814354896545,
111790.39130434782,0.34440815448760986,
111816.0,,3.0
111838.34615384616,0.3445581793785095,
111859.09615384616,0.34464818239212036,
111876.65384615384,0.3447381854057312,
111894.21153846153,0.34482818841934204,
111899.0,,9.0
111939.5,0.3449181914329529,
111993.5,0.3450081944465637,
112025.0,0.34509819746017456,
112065.5,0.3451882004737854,
112079.0,,9.0
112099.76923076923,0.34527820348739624,
112133.0,0.3454582095146179,
112146.84615384616,0.34554821252822876,
112151.0,,9.0
112173.55102040817,0.34557822346687317,
112200.08163265306,0.345638245344162,
112216.0,,3.0
112247.8085106383,0.3458482623100281,
112264.40425531915,0.3459382653236389,
112276.85106382979,0.34602826833724976,
112281.0,,9.0
112306.24444444444,0.3461182713508606,
112320.44444444444,0.34620827436447144,
112333.06666666667,0.3462982773780823,
112352.0,,9.0
112370.14583333333,0.34647828340530396,
112385.5,0.3465682864189148,
112400.85416666667,0.34665828943252563,
112414.8125,0.3467482924461365,
112419.0,,9.0
112543.61538461539,0.347018301486969,
112585.15384615384,0.34710830450057983,
112599.0,,9.0
112620.76,0.3471983075141907,
112631.64,0.3472883105278015,
112650.68,0.34737831354141235,
112662.92,0.3474683165550232,
112667.0,,9.0
112727.0,0.34755831956863403,
112847.0,,9.0
112866.0243902439,0.3478783369064331,
112880.29268292683,0.34792834520339966,
112891.39024390244,0.3479783535003662,
112907.24390243902,0.34802836179733276,
112912.0,,5.0
112944.4,0.3481183648109436,
112960.6,0.34820836782455444,
112971.4,0.3482983708381653,
112987.6,0.3483883738517761,
112993.0,,9.0
113013.77777777778,0.34840837121009827,
113033.33333333333,0.34844836592674255,
113044.33333333333,0.3484683632850647,
113048.0,,2.0
113065.6511627907,0.34847837686538696,
113083.30232558139,0.34848839044570923,
113100.95348837209,0.3484984040260315,
113112.18604651163,0.34850841760635376,
113117.0,,1.0
113131.26829268293,0.348518431186676,
113148.70731707317,0.3485284447669983,
113161.39024390244,0.34853845834732056,
113177.24390243902,0.3485484719276428,
113182.0,,1.0
113211.45454545454,0.34863847494125366,
113232.72727272728,0.3487284779548645,
113249.09090909091,0.34881848096847534,
113267.09090909091,0.3489084839820862,
113272.0,,9.0
113294.81034482758,0.3489384949207306,
113320.87931034483,0.3489985167980194,
113331.74137931035,0.3490285277366638,
113335.0,,3.0
113351.13333333333,0.34904852509498596,
113368.73333333334,0.3490685224533081,
113383.4,0.34908851981163025,
113396.6,0.3491085171699524,
113401.0,,2.0
113418.73333333334,0.34912851452827454,
113440.26666666666,0.3491685092449188,
113454.2,0.34918850660324097,
113458.0,,2.0
113475.30612244898,0.3492185175418854,
113496.9387755102,0.3492785394191742,
113507.75510204081,0.3493085503578186,
113511.0,,3.0
113531.625,0.34935855865478516,
113548.5,0.3494085669517517,
113567.25,0.34945857524871826,
113580.375,0.3495085835456848,
113586.0,,5.0
113604.3,0.3495185971260071,
113618.94,0.34952861070632935,
113632.36,0.3495386242866516,
113647.0,,1.0
113664.94736842105,0.3496386408805847,
113673.1052631579,0.34972864389419556,
113691.05263157895,0.3498186469078064,
113709.0,,9.0
113728.75,0.3499986529350281,
113743.11363636363,0.3500886559486389,
113766.45454545454,0.35017865896224976,
113782.61363636363,0.3502686619758606,
113788.0,,9.0
113820.7843137255,0.35034865140914917,
113870.82352941176,0.3505886197090149,
113876.0,,8.0
113899.0,0.3506286144256592,
113912.41666666667,0.35066860914230347,
113927.75,0.35070860385894775,
113939.25,0.35074859857559204,
113945.0,,4.0
113967.8085106383,0.35077860951423645,
113982.06382978724,0.35080862045288086,
114007.72340425532,0.3508686423301697,
114012.0,,3.0
114021.0,0.35087865591049194,
114036.75,0.3508886694908142,
114048.0,0.3508986830711365,
114062.625,0.35090869665145874,
114066.0,,1.0
114080.52380952382,0.3509286940097809,
114093.59523809524,0.350948691368103,
114109.57142857143,0.35096868872642517,
114122.64285714286,0.3509886860847473,
114127.0,,2.0
114142.68,0.3509986996650696,
114171.8,0.3510187268257141,
114179.64,0.3510287404060364,
114183.0,,1.0
114200.0,0.3510487377643585,
114211.33333333333,0.35106873512268066,
114217.0,0.3510887324810028,
114234.0,,2.0
114248.72727272728,0.35114872455596924,
114273.27272727272,0.3512287139892578,
114284.31818181818,0.3512687087059021,
114288.0,,4.0
114311.56097560975,0.3512987196445465,
114335.12195121951,0.3513587415218353,
114351.9512195122,0.35138875246047974,
114357.0,,3.0
114374.52173913043,0.3514087498188019,
114390.69565217392,0.351428747177124,
114402.82608695653,0.35144874453544617,
114414.95652173914,0.3514687418937683,
114419.0,,2.0
114436.2075471698,0.35152873396873474,
114456.28301886792,0.35158872604370117,
114490.69811320755,0.35170871019363403,
114495.0,,6.0
114519.45283018867,0.3517987132072449,
114535.75471698113,0.3518887162208557,
114552.05660377358,0.35197871923446655,
114567.0,,9.0
114584.14285714286,0.35207873582839966,
114595.57142857143,0.3520887494087219,
114612.71428571429,0.3520987629890442,
114622.71428571429,0.35210877656936646,
114627.0,,1.0
114643.52,0.3521287739276886,
114662.4,0.3521687686443329,
114686.0,,2.0
114699.25581395348,0.35221877694129944,
114711.18604651163,0.35224878787994385,
114728.41860465116,0.35227879881858826,
114739.02325581395,0.35230880975723267,
114743.0,,3.0
114765.8,0.3523388206958771,
114784.04,0.3523688316345215,
114814.44,0.3524288535118103,
114819.0,,3.0
114832.0731707317,0.3524588644504547,
114850.0487804878,0.3524888753890991,
114881.09756097561,0.35254889726638794,
114886.0,,3.0
114908.26086956522,0.3525589108467102,
114920.78260869565,0.35256892442703247,
114931.91304347826,0.35257893800735474,
114950.0,,1.0
114964.14634146342,0.3526289463043213,
114976.87804878049,0.3526689410209656,
114992.43902439025,0.35270893573760986,
115003.75609756098,0.35274893045425415,
115008.0,,4.0
115024.57894736843,0.3527989387512207,
115039.5,0.35284894704818726,
115066.02631578948,0.35294896364212036,
115071.0,,5.0
115106.0,0.35302895307540894,
115124.33333333333,0.3530689477920532,
115141.0,0.3531089425086975,
115146.0,,4.0
115164.57777777778,0.3531489372253418,
115178.08888888889,0.3531889319419861,
115216.93333333333,0.35326892137527466,
115222.0,,4.0
115238.28,0.3532789349555969,
115257.52,0.3532889485359192,
115270.84,0.35329896211624146,
115291.56,0.3533089756965637,
115296.0,,1.0
115317.20930232559,0.353348970413208,
115329.58139534884,0.3533889651298523,
115350.79069767441,0.3534289598464966,
115372.0,,4.0
115383.77777777778,0.3534989655017853,
115409.6888888889,0.3535589873790741,
115421.46666666666,0.3535889983177185,
115425.0,,3.0
115453.21276595745,0.35367900133132935,
115466.23404255319,0.3537690043449402,
115494.44680851063,0.353859007358551,
115520.48936170213,0.35394901037216187,
115527.0,,9.0
115551.48979591837,0.3539990186691284,
115569.44897959183,0.35404902696609497,
115589.04081632652,0.3540990352630615,
115602.10204081633,0.3541490435600281,
115607.0,,5.0
115626.09756097561,0.3542190492153168,
115640.9512195122,0.35428905487060547,
115687.63414634146,0.35442906618118286,
115694.0,,7.0
115710.35135135135,0.35445907711982727,
115719.27027027027,0.3544890880584717,
115744.54054054055,0.3545491099357605,
115749.0,,3.0
115771.02272727272,0.3545891046524048,
115782.61363636363,0.35460910201072693,
115796.52272727272,0.3546290993690491,
115800.0,,2.0
115833.88636363637,0.35466909408569336,
115853.25,0.3546890914440155,
115866.15909090909,0.35470908880233765,
115871.0,,2.0
115890.06382978724,0.3547191023826599,
115903.68085106384,0.3547291159629822,
115920.02127659574,0.35473912954330444,
115930.91489361702,0.3547491431236267,
115935.0,,1.0
115951.10869565218,0.354759156703949,
115975.89130434782,0.3547791838645935,
115988.28260869565,0.35478919744491577,
115992.0,,1.0
116013.22448979592,0.3548091948032379,
116035.77551020408,0.3548491895198822,
116053.02040816327,0.35486918687820435,
116057.0,,2.0
116068.94117647059,0.35489919781684875,
116077.4705882353,0.35492920875549316,
116115.0,,3.0
116131.78571428571,0.35499924421310425,
116140.73809523809,0.3550092577934265,
116145.21428571429,0.3550192713737488,
116158.64285714286,0.35502928495407104,
116162.0,,1.0
116185.70731707317,0.3550392985343933,
116206.78048780488,0.3550493121147156,
116233.12195121951,0.35505932569503784,
116262.09756097561,0.3550693392753601,
116270.0,,1.0
116290.0,0.3551093339920044,
116300.0,0.3551493287086487,
116331.25,0.35522931814193726,
116335.0,,4.0
116350.45454545454,0.3552393317222595,
116359.54545454546,0.3552493453025818,
116385.0,,1.0
116403.33333333333,0.35528936982154846,
116433.33333333333,0.35532936453819275,
116450.0,0.3553493618965149,
116455.0,,2.0
116471.0,0.35539937019348145,
116480.6,0.355449378490448,
116491.8,0.35549938678741455,
116514.2,0.3555493950843811,
116519.0,,5.0
116532.75,0.35555940866470337,
116558.875,0.3555794358253479,
116569.875,0.35558944940567017,
116574.0,,1.0
116598.375,0.3556194603443146,
116608.125,0.355649471282959,
116621.125,0.3556794822216034,
116639.0,,3.0
116657.56,0.35571950674057007,
116674.96,0.35572952032089233,
116685.4,0.3557395339012146,
116693.52,0.35574954748153687,
116697.0,,1.0
116709.12765957447,0.3557795584201813,
116723.68085106384,0.3558095693588257,
116737.02127659574,0.3558395802974701,
116750.36170212766,0.3558695912361145,
116754.0,,3.0
116768.63414634146,0.35595959424972534,
116777.41463414633,0.3560495972633362,
116797.90243902439,0.356139600276947,
116809.60975609756,0.35622960329055786,
116814.0,,9.0
116827.04081632652,0.35625961422920227,
116844.42857142857,0.3562896251678467,
116864.71428571429,0.3563196361064911,
116885.0,,3.0
116902.70212765958,0.35635966062545776,
116914.9574468085,0.35636967420578003,
116927.21276595745,0.3563796877861023,
116944.91489361702,0.35638970136642456,
116949.0,,1.0
116967.48888888888,0.3563997149467468,
116976.02222222222,0.3564097285270691,
116993.08888888889,0.35641974210739136,
117008.73333333334,0.3564297556877136,
117013.0,,1.0
117041.14814814815,0.35645976662635803,
117065.77777777778,0.35648977756500244,
117085.12962962964,0.35651978850364685,
117102.72222222222,0.35654979944229126,
117108.0,,3.0
117124.25806451614,0.35654979944229126,
117133.29032258065,0.35654979944229126,
117146.83870967742,0.35654979944229126,
117164.0,,0.0
117185.81481481482,0.35657981038093567,
117200.74074074074,0.3566098213195801,
117222.55555555556,0.3566698431968689,
117226.0,,3.0
117245.14893617021,0.35668984055519104,
117257.91489361702,0.3567098379135132,
117280.25531914894,0.3567298352718353,
117301.0,,2.0
117311.83333333333,0.35678982734680176,
117344.33333333333,0.35686981678009033,
117366.0,,4.0
117389.78048780488,0.35699981451034546,
117402.46341463414,0.3570898175239563,
117411.9756097561,0.35717982053756714,
117426.24390243902,0.357269823551178,
117431.0,,9.0
117446.37254901961,0.35727983713150024,
117460.64705882352,0.3572898507118225,
117472.72549019608,0.3572998642921448,
117483.70588235294,0.35730987787246704,
117487.0,,1.0
117504.90697674418,0.3573198914527893,
117530.48837209302,0.35733991861343384,
117542.0,,1.0
117553.98214285714,0.3573799431324005,
117570.32142857143,0.3574099540710449,
117603.0,,3.0
117619.41025641025,0.357509970664978,
117635.82051282052,0.3575499653816223,
117648.94871794872,0.3575899600982666,
117662.07692307692,0.3576299548149109,
117667.0,,4.0
117693.0,0.3576699495315552,
117706.0,0.3576899468898773,
117721.0,,2.0
117756.93333333333,0.35774993896484375,
117789.6,0.35778993368148804,
117858.2,0.3578699231147766,
117868.0,,4.0
117914.5,0.35795995593070984,
117935.5,0.35798996686935425,
117940.0,,3.0
117983.18181818182,0.3580499589443207,
118010.81818181818,0.3580699563026428,
118016.0,,2.0
118036.75,0.3581199645996094,
118057.5,0.3581699728965759,
118071.33333333333,0.3582199811935425,
118093.8125,0.35826998949050903,
118099.0,,5.0
118118.56521739131,0.3583199977874756,
118131.60869565218,0.35837000608444214,
118143.34782608696,0.3584200143814087,
118155.08695652174,0.35847002267837524,
118159.0,,5.0
118178.06382978724,0.3584900200366974,
118187.59574468085,0.35851001739501953,
118199.51063829787,0.3585300147533417,
118211.4255319149,0.3585500121116638,
118215.0,,2.0
118230.85714285714,0.3585800230503082,
118248.47619047618,0.35861003398895264,
118267.85714285714,0.35864004492759705,
118289.0,,3.0
118301.88,0.35867005586624146,
118323.96,0.35867005586624146,
118332.24,0.35867005586624146,
118335.0,,0.0
118414.53488372093,0.35885006189346313,
118468.95348837209,0.358940064907074,
118515.0,,9.0
118538.0,0.35905009508132935,
118547.40909090909,0.3590601086616516,
118557.86363636363,0.3590701222419739,
118561.0,,1.0
118589.80555555556,0.3591301441192627,
118603.36111111111,0.3591601550579071,
118616.91666666667,0.3591901659965515,
118622.0,,3.0
118648.57142857143,0.35928016901016235,
118666.28571428571,0.3593701720237732,
118690.64285714286,0.35946017503738403,
118708.35714285714,0.3595501780509949,
118715.0,,9.0
118732.2075471698,0.35956019163131714,
118744.03773584905,0.3595702052116394,
118755.8679245283,0.35958021879196167,
118768.77358490566,0.35959023237228394,
118772.0,,1.0
118815.73333333334,0.3597702383995056,
118848.53333333334,0.3599502444267273,
118854.0,,9.0
118874.04166666667,0.360020250082016,
118894.08333333333,0.3600902557373047,
118923.375,0.3602302670478821,
118928.0,,7.0
118952.41463414633,0.36028027534484863,
118967.43902439025,0.3603302836418152,
118986.21951219512,0.36038029193878174,
118999.36585365854,0.3604303002357483,
119005.0,,5.0
119021.08,0.36048030853271484,
119039.84,0.3605303168296814,
119055.92,0.36058032512664795,
119067.98,0.3606303334236145,
119072.0,,5.0
119110.0,0.3608103394508362,
119124.86956521739,0.360900342464447,
119143.04347826086,0.36099034547805786,
119148.0,,9.0
119184.0,0.3610803484916687,
119233.5,0.36117035150527954,
119269.5,0.3612603545188904,
119314.5,0.3613503575325012,
119328.0,,9.0
119343.6530612245,0.36137035489082336,
119350.87755102041,0.3613903522491455,
119367.73469387754,0.36141034960746765,
119387.0,,2.0
119416.46666666666,0.36152034997940063,
119432.06666666667,0.3616103529930115,
119445.93333333333,0.3617003560066223,
119459.8,0.36179035902023315,
119465.0,,9.0
119477.9268292683,0.36182036995887756,
119493.43902439025,0.361850380897522,
119506.36585365854,0.3618803918361664,
119514.12195121951,0.3619104027748108,
119518.0,,3.0
119536.9,0.3619404137134552,
119552.65,0.3619704246520996,
119581.0,,3.0
119605.26666666666,0.362110435962677,
119618.33333333333,0.3621904253959656,
119659.4,0.3623504042625427,
119665.0,,8.0
119677.49019607843,0.3623504042625427,
119699.58823529411,0.3623504042625427,
119711.11764705883,0.3623504042625427,
119714.0,,0.0
119754.5,0.36244040727615356,
119831.0,0.36262041330337524,
119894.0,,9.0
119916.125,0.3627404272556305,
119927.925,0.3627704381942749,
119939.725,0.3628004491329193,
119948.575,0.3628304600715637,
119953.0,,3.0
119971.35294117648,0.362870454788208,
119988.29411764706,0.3629104495048523,
120020.76470588235,0.36299043893814087,
120025.0,,4.0
120049.6,0.3630504310131073,
120068.05,0.36311042308807373,
120082.4,0.36317041516304016,
120100.85,0.3632304072380066,
120107.0,,6.0
120122.675,0.363260418176651,
120135.5,0.3632904291152954,
120148.325,0.3633204400539398,
120159.725,0.36335045099258423,
120164.0,,3.0
120186.8,0.36338046193122864,
120203.52,0.36341047286987305,
120220.24,0.36344048380851746,
120235.44,0.36347049474716187,
120240.0,,3.0
120250.28571428571,0.363490492105484,
120264.0,0.36351048946380615,
120296.0,,2.0
120321.06976744186,0.3635704815387726,
120338.97674418605,0.3635904788970947,
120355.09302325582,0.36361047625541687,
120367.62790697675,0.363630473613739,
120373.0,,2.0
120395.77358490566,0.36368048191070557,
120411.84905660378,0.3637304902076721,
120429.2641509434,0.36378049850463867,
120444.0,,5.0
120469.84615384616,0.36392050981521606,
120487.61538461539,0.3640105128288269,
120505.38461538461,0.36410051584243774,
120523.15384615384,0.3641905188560486,
120528.0,,9.0
120542.84210526316,0.36423051357269287,
120562.63157894737,0.36427050828933716,
120614.57894736843,0.36435049772262573,
120622.0,,4.0
120635.6170212766,0.3644405007362366,
120646.51063829787,0.3645305037498474,
120661.48936170213,0.36462050676345825,
120681.91489361702,0.3647105097770691,
120686.0,,9.0
120699.59574468085,0.36476051807403564,
120716.21276595745,0.3648105263710022,
120732.82978723405,0.36486053466796875,
120757.0,,5.0
120770.4693877551,0.3649405539035797,
120783.9387755102,0.3649705648422241,
120799.85714285714,0.36500057578086853,
120813.32653061225,0.36503058671951294,
120817.0,,3.0
120833.69565217392,0.36506059765815735,
120851.78260869565,0.36509060859680176,
120862.91304347826,0.36512061953544617,
120876.82608695653,0.3651506304740906,
120881.0,,3.0
120888.6,0.36519062519073486,
120906.33333333333,0.36523061990737915,
120934.2,0.3653106093406677,
120938.0,,4.0
120953.11627906977,0.36532062292099,
120966.72093023256,0.36533063650131226,
120983.3488372093,0.3653406500816345,
121003.0,,1.0
121078.3488372093,0.36553066968917847,
121120.20930232559,0.3656206727027893,
121170.44186046511,0.36571067571640015,
121183.0,,9.0
121227.375,0.3657306730747223,
121259.91666666667,0.36575067043304443,
121295.41666666667,0.3657706677913666,
121316.125,0.3657906651496887,
121325.0,,2.0
121343.75,0.365830659866333,
121381.25,0.3659106492996216,
121394.375,0.36595064401626587,
121400.0,,4.0
121429.07692307692,0.3659806549549103,
121451.92307692308,0.3660106658935547,
121481.0,0.3660406768321991,
121508.0,,3.0
121527.91489361702,0.36613067984580994,
121561.10638297872,0.3662506639957428,
121581.02127659574,0.36631065607070923,
121586.0,,6.0
121603.83720930232,0.3663206696510315,
121616.18604651163,0.36633068323135376,
121640.88372093023,0.3663507103919983,
121645.0,,1.0
121668.64444444445,0.3663807213306427,
121680.46666666666,0.3664107322692871,
121721.0,,3.0
121735.88372093023,0.36650076508522034,
121749.27906976744,0.36653077602386475,
121762.67441860466,0.36656078696250916,
121780.53488372093,0.36659079790115356,
121785.0,,3.0
121806.95833333333,0.3666107952594757,
121818.58333333333,0.36663079261779785,
121843.125,0.36667078733444214,
121847.0,,2.0
121875.33333333333,0.3666808009147644,
121889.5,0.36669081449508667,
121906.81481481482,0.36670082807540894,
121927.27777777778,0.3667108416557312,
121932.0,,1.0
121960.19047619047,0.36676084995269775,
121986.61904761905,0.36686086654663086,
122006.0,,5.0
122019.53846153847,0.36693087220191956,
122031.84615384616,0.3669508695602417,
122066.30769230769,0.366990864276886,
122070.0,,2.0
122102.09302325582,0.3670308589935303,
122114.93023255814,0.3670508563518524,
122134.18604651163,0.36707085371017456,
122139.0,,2.0
122170.41818181818,0.36725085973739624,
122188.74545454545,0.3673408627510071,
122207.07272727272,0.3674308657646179,
122211.0,,9.0
122242.18965517242,0.36749088764190674,
122267.60344827586,0.36752089858055115,
122274.53448275862,0.36755090951919556,
122278.0,,3.0
122304.66666666667,0.3675609230995178,
122330.0,0.36758095026016235,
122346.0,0.3675909638404846,
122350.0,,1.0
122364.44186046511,0.3676009774208069,
122393.32558139534,0.3676210045814514,
122414.18604651163,0.3676310181617737,
122419.0,,1.0
122439.85714285714,0.3676610291004181,
122450.28571428571,0.3676910400390625,
122486.78571428571,0.3677510619163513,
122492.0,,3.0
122511.06666666667,0.36780107021331787,
122531.86666666667,0.3678510785102844,
122547.46666666666,0.367901086807251,
122570.0,,5.0
122587.59090909091,0.3679710924625397,
122614.95454545454,0.3679910898208618,
122632.54545454546,0.36801108717918396,
122650.13636363637,0.3680310845375061,
122656.0,,2.0
122671.0,0.36808109283447266,
122687.5,0.3681311011314392,
122705.5,0.36818110942840576,
122723.5,0.3682311177253723,
122728.0,,5.0
122740.06818181818,0.36828112602233887,
122753.47727272728,0.3683311343193054,
122787.0,,5.0
122801.0,0.36849114298820496,
122851.75,0.36867111921310425,
122857.0,,6.0
122872.5744680851,0.36870113015174866,
122890.74468085106,0.36873114109039307,
122902.4255319149,0.3687611520290375,
122914.10638297872,0.3687911629676819,
122918.0,,3.0
122963.26666666666,0.36883115768432617,
122986.97777777778,0.3688511550426483,
123008.53333333334,0.36887115240097046,
123015.0,,2.0
123035.8163265306,0.3688911497592926,
123049.28571428571,0.36891114711761475,
123075.0,,2.0
123091.71428571429,0.3689611554145813,
123102.0,0.36897116899490356,
123125.14285714286,0.3689911961555481,
123129.0,,1.0
123144.33333333333,0.36900120973587036,
123153.91666666667,0.3690112233161926,
123164.45833333333,0.3690212368965149,
123172.125,0.36903125047683716,
123175.0,,1.0
123201.54545454546,0.3690812587738037,
123216.47727272728,0.36913126707077026,
123248.0,,5.0
123263.75,0.3692612946033478,
123286.65909090909,0.3693213164806366,
123306.70454545454,0.369351327419281,
123311.0,,3.0
123325.85714285714,0.36936134099960327,
123341.85714285714,0.36937135457992554,
123351.0,0.3693813681602478,
123363.57142857143,0.36939138174057007,
123367.0,,1.0
123419.09302325582,0.36951136589050293,
123432.11627906977,0.3695513606071472,
123437.0,,4.0
123453.05405405405,0.36957135796546936,
123474.94594594595,0.36961135268211365,
123486.62162162163,0.3696313500404358,
123491.0,,2.0
123513.75,0.36968135833740234,
123527.75,0.3697313666343689,
123538.25,0.36978137493133545,
123555.75,0.369831383228302,
123561.0,,5.0
123586.68085106384,0.36992138624191284,
123615.3829787234,0.3701013922691345,
123627.46808510639,0.37019139528274536,
123632.0,,9.0
123664.16,0.37023138999938965,
123681.58,0.3702513873577118,
123694.98,0.37027138471603394,
123699.0,,2.0
123719.38636363637,0.37034139037132263,
123738.20454545454,0.37041139602661133,
123752.31818181818,0.3704814016819,
123763.29545454546,0.3705514073371887,
123768.0,,7.0
123782.66666666667,0.37057140469551086,
123794.66666666667,0.370591402053833,
123813.33333333333,0.37061139941215515,
123828.0,0.3706313967704773,
123832.0,,2.0
123861.30232558139,0.37071138620376587,
123878.04651162791,0.37075138092041016,
123887.81395348837,0.37079137563705444,
123892.0,,4.0
123906.55319148937,0.3708113729953766,
123933.23404255319,0.3708513677120209,
123945.36170212766,0.370871365070343,
123949.0,,2.0
123977.71794871795,0.37092137336730957,
123988.48717948717,0.3709713816642761,
124013.61538461539,0.37107139825820923,
124019.0,,5.0
124031.0,0.37109139561653137,
124044.33333333333,0.3711113929748535,
124057.66666666667,0.37113139033317566,
124075.0,0.3711513876914978,
124079.0,,2.0
124099.6603773585,0.37124139070510864,
124114.81132075471,0.3713313937187195,
124131.3396226415,0.3714213967323303,
124147.8679245283,0.37151139974594116,
124152.0,,9.0
124167.81818181818,0.3715214133262634,
124181.0,0.3715314269065857,
124192.86363636363,0.37154144048690796,
124206.04545454546,0.3715514540672302,
124210.0,,1.0
124228.23529411765,0.3715914487838745,
124254.98039215687,0.3716714382171631,
124272.0,,4.0
124281.16666666667,0.37172144651412964,
124294.0,0.3717314600944519,
124304.08333333333,0.37174147367477417,
124316.0,,1.0
124335.25,0.3717914819717407,
124354.5,0.371831476688385,
124370.25,0.3718714714050293,
124380.75,0.3719114661216736,
124386.0,,4.0
124404.21428571429,0.3720014691352844,
124423.64285714286,0.37209147214889526,
124434.57142857143,0.3721814751625061,
124450.35714285714,0.37227147817611694,
124454.0,,9.0
124469.3488372093,0.3722914755344391,
124486.23255813954,0.37231147289276123,
124498.51162790698,0.3723314702510834,
124515.3953488372,0.3723514676094055,
124520.0,,2.0
124532.4705882353,0.3723614811897278,
124551.17647058824,0.37237149477005005,
124560.5294117647,0.3723815083503723,
124573.0,,1.0
124588.36842105263,0.3724815249443054,
124601.81578947368,0.37257152795791626,
124624.86842105263,0.3726615309715271,
124640.23684210527,0.37275153398513794,
124646.0,,9.0
124661.6530612245,0.37278154492378235,
124674.89795918367,0.37281155586242676,
124689.3469387755,0.37284156680107117,
124701.38775510204,0.3728715777397156,
124705.0,,3.0
124716.0,0.3728915750980377,
124728.375,0.37291157245635986,
124744.875,0.372931569814682,
124755.875,0.37295156717300415,
124760.0,,2.0
124821.5,0.37322157621383667,
124839.5,0.3733115792274475,
124844.0,,9.0
124867.36538461539,0.37336158752441406,
124900.07692307692,0.37346160411834717,
124920.32692307692,0.3735116124153137,
124925.0,,5.0
124955.5,0.37353163957595825,
124964.65,0.3735416531562805,
124981.425,0.3735516667366028,
124986.0,,1.0
125007.81818181818,0.3735816776752472,
125036.90909090909,0.373641699552536,
125050.0,,3.0
125063.24074074074,0.3736817240715027,
125077.5,0.37369173765182495,
125091.75925925926,0.3737017512321472,
125101.94444444444,0.3737117648124695,
125105.0,,1.0
125128.72916666667,0.3737317621707916,
125139.89583333333,0.37375175952911377,
125156.64583333333,0.3737717568874359,
125167.8125,0.37379175424575806,
125172.0,,2.0
125212.5,0.3738817572593689,
125248.5,0.37397176027297974,
125284.5,0.3740617632865906,
125338.5,0.3741517663002014,
125352.0,,9.0
125370.9,0.3741917610168457,
125385.075,0.37423175573349,
125399.25,0.3742717504501343,
125410.275,0.37431174516677856,
125415.0,,4.0
125432.0,0.3744017481803894,
125464.69230769231,0.3745817542076111,
125479.07692307692,0.3746717572212219,
125483.0,,9.0
125492.73913043478,0.37470176815986633,
125542.82608695653,0.37479180097579956,
125547.0,,3.0
125565.39215686274,0.37483179569244385,
125579.8431372549,0.37487179040908813,
125600.86274509804,0.3749117851257324,
125610.05882352941,0.3749517798423767,
125614.0,,4.0
125662.75,0.37504178285598755,
125707.75,0.3751317858695984,
125741.5,0.37522178888320923,
125794.0,,9.0
125826.30769230769,0.3754118084907532,
125852.15384615384,0.3755118250846863,
125857.0,,5.0
125871.42222222222,0.3756018280982971,
125884.53333333334,0.37569183111190796,
125900.26666666666,0.3757818341255188,
125912.06666666667,0.37587183713912964,
125916.0,,9.0
125947.29629629629,0.3759518265724182,
125965.35185185185,0.3759918212890625,
125977.38888888889,0.3760318160057068,
125981.0,,4.0
126002.66666666667,0.3761218190193176,
126018.31481481482,0.37621182203292847,
126025.53703703704,0.3763018250465393,
126042.38888888889,0.37639182806015015,
126046.0,,9.0
126060.32653061225,0.3764118254184723,
126081.26530612246,0.3764518201351166,
126096.69387755102,0.3764718174934387,
126100.0,,2.0
126124.61538461539,0.37649181485176086,
126138.15384615384,0.376511812210083,
126148.0,0.37653180956840515,
126160.30769230769,0.3765518069267273,
126164.0,,2.0
126179.35416666667,0.37664180994033813,
126189.125,0.376731812953949,
126211.45833333333,0.3768218159675598,
126231.0,,9.0
126264.0,0.3769718408584595,
126278.52,0.3770018517971039,
126293.04,0.3770318627357483,
126297.0,,3.0
126314.14285714286,0.3770718574523926,
126327.0,0.37711185216903687,
126357.0,,4.0
126372.4,0.37722185254096985,
126397.6,0.37728187441825867,
126408.8,0.3773118853569031,
126413.0,,3.0
126422.08571428571,0.37735188007354736,
126437.22857142857,0.37739187479019165,
126446.31428571428,0.37743186950683594,
126466.0,,4.0
126487.45652173914,0.37749189138412476,
126497.67391304347,0.377501904964447,
126509.93478260869,0.3775119185447693,
126513.0,,1.0
126566.94545454545,0.37763190269470215,
126578.23636363636,0.37767189741134644,
126582.0,,4.0
126599.91111111111,0.3776918947696686,
126628.84444444445,0.37773188948631287,
126639.86666666667,0.377751886844635,
126644.0,,2.0
126659.34090909091,0.37777188420295715,
126665.47727272728,0.3777918815612793,
126672.63636363637,0.37781187891960144,
126685.93181818182,0.3778318762779236,
126689.0,,2.0
126720.6888888889,0.3779318928718567,
126734.46666666666,0.37798190116882324,
126746.86666666667,0.3780319094657898,
126751.0,,5.0
126778.04081632652,0.3780519366264343,
126785.61224489796,0.3780619502067566,
126804.0,,1.0
126816.06382978724,0.37811195850372314,
126829.46808510639,0.37815195322036743,
126867.0,,4.0
126885.76595744681,0.37832194566726685,
126899.17021276595,0.3784119486808777,
126911.23404255319,0.3785019516944885,
126925.97872340426,0.37859195470809937,
126930.0,,9.0
126941.77777777778,0.3786119520664215,
126955.02777777778,0.37863194942474365,
126966.80555555556,0.3786519467830658,
126978.58333333333,0.37867194414138794,
126983.0,,2.0
127005.91304347826,0.37870195508003235,
127016.69565217392,0.37873196601867676,
127030.17391304347,0.37876197695732117,
127040.95652173914,0.3787919878959656,
127045.0,,3.0
127060.5,0.37880200147628784,
127077.55,0.3788120150566101,
127088.4,0.3788220286369324,
127102.35,0.37883204221725464,
127107.0,,1.0
127126.97368421052,0.37889203429222107,
127170.55263157895,0.37907201051712036,
127176.0,,6.0
127189.93333333333,0.37911200523376465,
127205.13333333333,0.37915199995040894,
127229.2,0.3792319893836975,
127233.0,,4.0
127268.71428571429,0.3793720006942749,
127286.57142857143,0.3794420063495636,
127302.64285714286,0.3795120120048523,
127308.0,,7.0
127324.71111111112,0.37953200936317444,
127332.02222222222,0.3795520067214966,
127341.42222222222,0.3795720040798187,
127351.86666666667,0.37959200143814087,
127355.0,,2.0
127368.30232558139,0.379611998796463,
127385.23255813954,0.37963199615478516,
127392.48837209302,0.3796519935131073,
127407.0,,2.0
127425.3396226415,0.379751980304718,
127440.62264150943,0.3798319697380066,
127465.07547169812,0.37991195917129517,
127488.0,,8.0
127509.0,0.38002195954322815,
127522.5,0.38005197048187256,
127534.5,0.38008198142051697,
127549.5,0.3801119923591614,
127554.0,,3.0
127567.8947368421,0.38012200593948364,
127578.0,0.3801320195198059,
127598.21052631579,0.38015204668045044,
127602.0,,1.0
127616.45454545454,0.3801920413970947,
127627.29545454546,0.380232036113739,
127638.13636363637,0.3802720308303833,
127651.38636363637,0.3803120255470276,
127655.0,,4.0
127667.17021276595,0.3803120255470276,
127691.51063829787,0.3803120255470276,
127703.68085106384,0.3803120255470276,
127707.0,,0.0
127726.19047619047,0.38033202290534973,
127740.95238095238,0.3803520202636719,
127754.23809523809,0.380372017621994,
127764.57142857143,0.38039201498031616,
127769.0,,2.0
127787.17021276595,0.38042202591896057,
127809.23404255319,0.3804820477962494,
127826.10638297872,0.3805120587348938,
127830.0,,3.0
127849.83050847458,0.38053205609321594,
127864.15254237287,0.3805520534515381,
127878.47457627118,0.38057205080986023,
127895.0,,2.0
127909.87804878049,0.38060206174850464,
127926.24390243902,0.3806120753288269,
127938.14634146342,0.38062208890914917,
127951.53658536586,0.38063210248947144,
127956.0,,1.0
127985.10638297872,0.3806720972061157,
127994.8085106383,0.38069209456443787,
128009.36170212766,0.38071209192276,
128013.0,,2.0
128043.85714285714,0.3808121085166931,
128058.71428571429,0.38086211681365967,
128073.57142857143,0.3809121251106262,
128077.0,,5.0
128108.0,0.3809621334075928,
128121.28571428571,0.3810121417045593,
128145.64285714286,0.3810621500015259,
128163.35714285714,0.38111215829849243,
128170.0,,5.0
128218.43243243243,0.38120219111442566,
128228.81081081081,0.38123220205307007,
128234.0,,3.0
128286.36363636363,0.3812921941280365,
128294.5090909091,0.38131219148635864,
128298.0,,2.0
128317.32,0.38135218620300293,
128328.36,0.3813921809196472,
128344.92,0.3814321756362915,
128362.86,0.3814721703529358,
128367.0,,4.0
128378.63636363637,0.38149216771125793,
128396.09090909091,0.3815121650695801,
128409.66666666667,0.3815321624279022,
128425.18181818182,0.38155215978622437,
128431.0,,2.0
128450.28846153847,0.3816121518611908,
128462.76923076923,0.3816721439361572,
128472.98076923077,0.38173213601112366,
128490.0,,6.0
128512.06976744186,0.3818621337413788,
128527.3488372093,0.3819321393966675,
128542.62790697675,0.3820021450519562,
128557.90697674418,0.3820721507072449,
128563.0,,7.0
128577.0425531915,0.3821221590042114,
128589.68085106384,0.382172167301178,
128606.53191489361,0.38222217559814453,
128624.78723404255,0.3822721838951111,
128629.0,,5.0
128650.44,0.38228219747543335,
128655.8,0.3822922110557556,
128691.98,0.38231223821640015,
128696.0,,1.0
128716.92307692308,0.3823622465133667,
128731.30769230769,0.38241225481033325,
128740.46153846153,0.3824622631072998,
128764.0,,5.0
128783.47826086957,0.3825322687625885,
128796.0,0.38255226612091064,
128814.08695652174,0.3825722634792328,
128823.82608695653,0.38259226083755493,
128828.0,,2.0
128867.2,0.38262230157852173,
128874.32727272727,0.382632315158844,
128877.0,,1.0
128905.91304347826,0.38271230459213257,
128919.60869565218,0.38275229930877686,
128942.43478260869,0.38279229402542114,
128947.0,,4.0
128978.91489361702,0.3828522861003876,
128993.8085106383,0.3828722834587097,
128997.0,,2.0
129013.28571428571,0.3829022943973541,
129021.42857142857,0.38293230533599854,
129032.28571428571,0.38296231627464294,
129049.92857142857,0.38299232721328735,
129054.0,,3.0
129076.78723404255,0.3830123245716095,
129092.87234042553,0.38303232192993164,
129104.93617021276,0.3830523192882538,
129112.97872340426,0.3830723166465759,
129117.0,,2.0
129132.64444444445,0.38316231966018677,
129144.02222222222,0.3832523226737976,
129159.66666666667,0.38334232568740845,
129176.73333333334,0.3834323287010193,
129181.0,,9.0
129196.2075471698,0.38348233699798584,
129228.96226415095,0.38358235359191895,
129243.0,,5.0
129262.27272727272,0.38364237546920776,
129270.70454545454,0.38365238904953003,
129292.38636363637,0.38367241621017456,
129296.0,,1.0
129317.09090909091,0.3837624192237854,
129338.18181818182,0.3839424252510071,
129350.04545454546,0.3840324282646179,
129354.0,,9.0
129392.51162790698,0.384132444858551,
129403.74418604652,0.3841824531555176,
129423.0,,5.0
129440.59615384616,0.3842424750328064,
129453.5,0.38425248861312866,
129468.75,0.3842625021934509,
129480.48076923077,0.3842725157737732,
129484.0,,1.0
129503.88,0.38432252407073975,
129519.5,0.3843725323677063,
129533.7,0.38442254066467285,
129550.74,0.3844725489616394,
129555.0,,5.0
129575.76923076923,0.38448256254196167,
129590.76923076923,0.38449257612228394,
129602.30769230769,0.3845025897026062,
129611.53846153847,0.38451260328292847,
129615.0,,1.0
129648.86274509804,0.3846026062965393,
129695.03921568628,0.38469260931015015,
129762.76470588235,0.3848726153373718,
129772.0,,9.0
129812.36363636363,0.38489264249801636,
129827.16363636364,0.3849026560783386,
129841.96363636364,0.3849126696586609,
129846.0,,1.0
129871.32075471699,0.38500267267227173,
129883.98113207547,0.38509267568588257,
129893.18867924529,0.3851826786994934,
129903.54716981133,0.38527268171310425,
129907.0,,9.0
129993.08695652174,0.3854526877403259,
130040.04347826086,0.38554269075393677,
130075.26086956522,0.3856326937675476,
130087.0,,9.0
130106.42857142857,0.38572269678115845,
130117.5306122449,0.3858126997947693,
130134.1836734694,0.3859027028083801,
130150.83673469388,0.38599270582199097,
130155.0,,9.0
130173.93023255814,0.3860427141189575,
130203.18604651163,0.3861427307128906,
130229.0,,5.0
130244.12244897959,0.3862227499485016,
130259.24489795919,0.386252760887146,
130282.51020408163,0.3863127827644348,
130286.0,,3.0
130301.78571428571,0.3863427937030792,
130313.85714285714,0.38637280464172363,
130335.21428571429,0.38643282651901245,
130338.0,,3.0
130358.0,0.38646283745765686,
130371.84615384616,0.38649284839630127,
130393.38461538461,0.3865528702735901,
130398.0,,3.0
130430.37735849057,0.38673287630081177,
130442.83018867925,0.3868228793144226,
130464.0,,9.0
130475.15217391304,0.3869328796863556,
130485.06521739131,0.38695287704467773,
130503.65217391304,0.3869728744029999,
130517.28260869565,0.386992871761322,
130521.0,,2.0
130551.46153846153,0.3870928883552551,
130567.96153846153,0.3871428966522217,
130587.0,,5.0
130604.05263157895,0.3872029185295105,
130611.63157894737,0.38721293210983276,
130641.0,,1.0
130672.23529411765,0.38735294342041016,
130686.11764705883,0.3874129354953766,
130696.5294117647,0.387472927570343,
130700.0,,6.0
130711.42857142857,0.38749292492866516,
130735.71428571429,0.3875129222869873,
130751.42857142857,0.38753291964530945,
130770.0,,2.0
130782.90566037736,0.387582927942276,
130801.18867924529,0.3876129388809204,
130809.7924528302,0.3876429498195648,
130823.77358490566,0.38767296075820923,
130827.0,,3.0
130847.69565217392,0.38776296377182007,
130858.04347826086,0.3878529667854309,
130877.26086956522,0.38794296979904175,
130890.56521739131,0.3880329728126526,
130895.0,,9.0
130912.18181818182,0.3880729675292969,
130925.06818181818,0.38811296224594116,
130943.68181818182,0.38815295696258545,
130953.70454545454,0.38819295167922974,
130958.0,,4.0
130997.44444444444,0.3883129358291626,
131010.06666666667,0.38837292790412903,
131029.0,,6.0
131049.4,0.38847291469573975,
131091.9,0.3885928988456726,
131097.0,,4.0
131119.2857142857,0.3886328935623169,
131133.0,0.3886728882789612,
131145.0,0.38871288299560547,
131163.85714285713,0.38875287771224976,
131169.0,,4.0
131208.0,0.38889288902282715,
131234.0,0.38896289467811584,
131254.42857142858,0.38903290033340454,
131260.0,,7.0
131279.9111111111,0.3891229033470154,
131295.55555555556,0.3892129063606262,
131309.77777777778,0.38930290937423706,
131324.0,,9.0
131345.2,0.38948291540145874,
131354.6222222222,0.3895729184150696,
131362.86666666667,0.3896629214286804,
131373.46666666667,0.38975292444229126,
131377.0,,9.0
131427.55555555556,0.3898129165172577,
131437.66666666666,0.38983291387557983,
131442.0,,2.0
131462.76923076922,0.389852911233902,
131485.84615384616,0.38989290595054626,
131498.53846153847,0.3899129033088684,
131502.0,,2.0
131524.36842105264,0.39000290632247925,
131546.73684210525,0.3900929093360901,
131561.64912280702,0.3901829123497009,
131582.52631578947,0.39027291536331177,
131587.0,,9.0
131605.75,0.3903029263019562,
131618.25,0.3903329372406006,
131632.0,0.390362948179245,
131643.25,0.3903929591178894,
131647.0,,3.0
131662.42857142858,0.39048296213150024,
131674.0,0.3905729651451111,
131697.14285714287,0.39075297117233276,
131701.0,,9.0
131716.125,0.3907729685306549,
131735.375,0.39079296588897705,
131751.875,0.3908129632472992,
131762.875,0.39083296060562134,
131767.0,,2.0
131784.77777777778,0.39086297154426575,
131799.0,0.39089298248291016,
131813.22222222222,0.39092299342155457,
131827.44444444444,0.390953004360199,
131831.0,,3.0
131850.085106383,0.3910430073738098,
131861.82978723405,0.39113301038742065,
131895.59574468085,0.39131301641464233,
131900.0,,9.0
131910.5,0.3913530111312866,
131945.0,0.3914330005645752,
131958.5,0.3914729952812195,
131963.0,,4.0
131977.82352941178,0.39148300886154175,
131992.64705882352,0.391493022441864,
132008.70588235295,0.3915030360221863,
132022.29411764705,0.39151304960250854,
132026.0,,1.0
132072.9,0.39169302582740784,
132088.98,0.39175301790237427,
132093.0,,6.0
132143.22727272726,0.3918130099773407,
132153.56818181818,0.39183300733566284,
132158.0,,2.0
132187.05263157896,0.39189302921295166,
132205.2105263158,0.39192304015159607,
132227.0,,3.0
132240.62162162163,0.39200305938720703,
132255.75675675675,0.3920530676841736,
132267.86486486485,0.39210307598114014,
132278.45945945947,0.3921530842781067,
132283.0,,5.0
132299.59574468085,0.3921830952167511,
132308.53191489363,0.3922131061553955,
132326.40425531915,0.3922431170940399,
132339.17021276595,0.3922731280326843,
132343.0,,3.0
132359.11320754717,0.39229312539100647,
132383.28301886792,0.39233312010765076,
132400.54716981133,0.3923531174659729,
132404.0,,2.0
132443.0,0.39244312047958374,
132467.63157894736,0.3925331234931946,
132490.2105263158,0.3926231265068054,
132514.84210526315,0.39271312952041626,
132521.0,,9.0
132533.73170731709,0.3927331268787384,
132562.0243902439,0.3927731215953827,
132574.75609756098,0.39279311895370483,
132579.0,,2.0
132599.06,0.39282312989234924,
132610.86,0.39285314083099365,
132623.84,0.39288315176963806,
132634.46,0.39291316270828247,
132638.0,,3.0
132660.33333333334,0.392963171005249,
132670.75555555554,0.3930131793022156,
132685.64444444445,0.39306318759918213,
132700.53333333333,0.3931131958961487,
132705.0,,5.0
132721.5306122449,0.39312320947647095,
132732.55102040817,0.3931332230567932,
132742.4693877551,0.3931432366371155,
132759.0,,1.0
132780.97619047618,0.3932432532310486,
132799.57142857142,0.3933332562446594,
132811.40476190476,0.39342325925827026,
132824.92857142858,0.3935132622718811,
132830.0,,9.0
132857.0,0.39353328943252563,
132878.0,0.39355331659317017,
132881.0,,1.0
132900.42857142858,0.39359331130981445,
132915.0,0.39363330602645874,
132932.0,0.393673300743103,
132945.35714285713,0.3937132954597473,
132949.0,,4.0
132970.53846153847,0.39373329281806946,
132986.6923076923,0.3937532901763916,
132997.46153846153,0.39377328753471375,
133013.61538461538,0.3937932848930359,
133019.0,,2.0
133038.84210526315,0.3938232958316803,
133048.0,0.3938533067703247,
133060.2105263158,0.3938833177089691,
133072.42105263157,0.3939133286476135,
133077.0,,3.0
133104.4,0.39400333166122437,
133129.06,0.3940933346748352,
133172.9,0.39418333768844604,
133205.78,0.3942733407020569,
133214.0,,9.0
133239.09433962265,0.39428335428237915,
133252.30188679244,0.3942933678627014,
133266.83018867925,0.3943033814430237,
133280.03773584907,0.39431339502334595,
133284.0,,1.0
133298.1463414634,0.3943234086036682,
133329.26829268291,0.39434343576431274,
133337.75609756098,0.394353449344635,
133342.0,,1.0
133361.53488372092,0.3943634629249573,
133371.3023255814,0.39437347650527954,
133385.2558139535,0.3943834900856018,
133402.0,,1.0
133421.81395348837,0.3944835066795349,
133439.97674418605,0.39457350969314575,
133449.88372093023,0.3946635127067566,
133468.0465116279,0.39475351572036743,
133473.0,,9.0
133486.92,0.3947735130786896,
133502.0,0.3947935104370117,
133515.92,0.39481350779533386,
133531.0,,2.0
133543.8260869565,0.3948635160923004,
133554.08695652173,0.3948935270309448,
133569.47826086957,0.39492353796958923,
133586.15217391305,0.39495354890823364,
133590.0,,3.0
133603.88095238095,0.3949635624885559,
133619.02380952382,0.3949735760688782,
133630.38095238095,0.39498358964920044,
133639.2142857143,0.3949936032295227,
133643.0,,1.0
133672.96666666667,0.39501363039016724,
133686.5,0.3950236439704895,
133698.1,0.39503365755081177,
133701.0,,1.0
133713.63829787233,0.3950836658477783,
133733.29787234042,0.3951336741447449,
133747.3404255319,0.3951836824417114,
133762.78723404257,0.395233690738678,
133767.0,,5.0
133791.08163265305,0.3952536880970001,
133800.7142857143,0.39527368545532227,
133810.3469387755,0.3952936828136444,
133822.38775510204,0.39531368017196655,
133826.0,,2.0
133868.63157894736,0.3954036831855774,
133920.73684210525,0.39549368619918823,
133953.8947368421,0.3955836892127991,
133991.7894736842,0.3956736922264099,
134006.0,,9.0
134017.0,0.3956837058067322,
134037.77777777778,0.39569371938705444,
134050.0,0.3957037329673767,
134057.33333333334,0.395713746547699,
134061.0,,1.0
134079.81818181818,0.3958037495613098,
134090.79545454544,0.39589375257492065,
134103.3409090909,0.3959837555885315,
134125.29545454544,0.39607375860214233,
134130.0,,9.0
134216.4,0.396253764629364,
134252.4,0.39634376764297485,
134299.2,0.3964337706565857,
134310.0,,9.0
134327.1,0.39644378423690796,
134339.925,0.3964537978172302,
134362.725,0.39647382497787476,
134367.0,,1.0
134386.89795918367,0.3965638279914856,
134405.26530612246,0.39665383100509644,
134415.97959183675,0.3967438340187073,
134437.4081632653,0.3968338370323181,
134442.0,,9.0
134469.6595744681,0.3968738317489624,
134479.6170212766,0.39689382910728455,
134490.68085106384,0.3969138264656067,
134494.0,,2.0
134522.8,0.3969738483428955,
134550.4,0.3970338702201843,
134554.0,,3.0
134571.40350877194,0.39706388115882874,
134588.80701754385,0.39709389209747314,
134599.68421052632,0.39712390303611755,
134612.73684210525,0.39715391397476196,
134616.0,,3.0
134633.53488372092,0.3972439169883728,
134660.51162790696,0.3974239230155945,
134669.9534883721,0.3975139260292053,
134674.0,,9.0
134695.75,0.3975239396095276,
134707.14285714287,0.39753395318984985,
134720.60714285713,0.3975439667701721,
134732.0,,1.0
134745.26,0.39757397770881653,
134757.5,0.39759397506713867,
134768.72,0.3976139724254608,
134783.0,,2.0
134814.23076923078,0.3976539969444275,
134825.38461538462,0.39766401052474976,
134841.0,,1.0
134862.97619047618,0.39773401618003845,
134888.33333333334,0.3978540003299713,
134906.92857142858,0.39791399240493774,
134912.0,,6.0
134927.5,0.3979739844799042,
134941.70833333334,0.3980339765548706,
134953.33333333334,0.39809396862983704,
134970.125,0.39815396070480347,
134974.0,,6.0
134997.5,0.39815396070480347,
135017.79545454544,0.39815396070480347,
135021.0,,0.0
135038.6,0.39820396900177,
135049.8,0.3982539772987366,
135064.2,0.3983039855957031,
135080.2,0.3983539938926697,
135085.0,,5.0
135106.81818181818,0.39839398860931396,
135124.27272727274,0.39843398332595825,
135135.9090909091,0.39847397804260254,
135149.0,,4.0
135167.2857142857,0.39857396483421326,
135180.3469387755,0.3986339569091797,
135209.08163265305,0.39875394105911255,
135213.0,,6.0
135232.42857142858,0.3987739384174347,
135241.57142857142,0.39879393577575684,
135265.57142857142,0.3988339304924011,
135269.0,,2.0
135284.6,0.39892393350601196,
135301.4,0.3990139365196228,
135319.4,0.3991939425468445,
135323.0,,9.0
135340.23076923078,0.39923393726348877,
135368.53846153847,0.39931392669677734,
135383.3076923077,0.39935392141342163,
135387.0,,4.0
135398.55555555556,0.39938393235206604,
135405.48888888888,0.39941394329071045,
135435.53333333333,0.39947396516799927,
135439.0,,3.0
135452.1914893617,0.39951395988464355,
135464.06382978722,0.39955395460128784,
135481.21276595743,0.39959394931793213,
135497.04255319148,0.3996339440345764,
135501.0,,4.0
135524.2380952381,0.3996739387512207,
135534.40476190476,0.399713933467865,
135546.02380952382,0.3997539281845093,
135557.64285714287,0.39979392290115356,
135562.0,,4.0
135614.3076923077,0.3999139070510864,
135626.07692307694,0.3999539017677307,
135630.0,,4.0
135646.36363636365,0.40004390478134155,
135657.27272727274,0.4001339077949524,
135670.9090909091,0.40022391080856323,
135685.9090909091,0.4003139138221741,
135690.0,,9.0
135701.76923076922,0.4003439247608185,
135727.92307692306,0.4004039466381073,
135741.0,,3.0
135760.60869565216,0.4005039632320404,
135780.21739130435,0.4005739688873291,
135796.26086956522,0.4006439745426178,
135817.65217391305,0.4007139801979065,
135823.0,,7.0
135844.1923076923,0.40080398321151733,
135856.46153846153,0.4008939862251282,
135867.61538461538,0.400983989238739,
135881.0,,9.0
135891.8,0.4010840058326721,
135931.4,0.4011140465736389,
135935.0,,1.0
135954.825,0.4011440575122833,
135965.5,0.40117406845092773,
135991.425,0.40123409032821655,
135996.0,,3.0
136013.44186046513,0.4012441039085388,
136023.90697674418,0.4012541174888611,
136032.0465116279,0.40126413106918335,
136042.51162790696,0.4012741446495056,
136046.0,,1.0
136059.68292682926,0.40130415558815,
136080.82926829267,0.40136417746543884,
136093.26829268291,0.40139418840408325,
136097.0,,3.0
136126.54545454544,0.4014441967010498,
136135.4090909091,0.40149420499801636,
136147.22727272726,0.4015442132949829,
136157.56818181818,0.40159422159194946,
136162.0,,5.0
136184.5,0.401644229888916,
136209.5,0.4017442464828491,
136223.25,0.4017942547798157,
136227.0,,5.0
136246.2857142857,0.4018242657184601,
136255.92857142858,0.4018542766571045,
136267.5,0.4018842875957489,
136278.10714285713,0.4019142985343933,
136281.0,,3.0
136294.25,0.40196430683135986,
136306.175,0.4020143151283264,
136318.1,0.40206432342529297,
136330.025,0.4021143317222595,
136334.0,,5.0
136348.83783783784,0.4021543264389038,
136358.72972972973,0.4021943211555481,
136378.51351351352,0.4022343158721924,
136395.0,,4.0
136428.9019607843,0.4023643136024475,
136449.76470588235,0.40245431661605835,
136494.0980392157,0.4025443196296692,
136520.17647058822,0.40263432264328003,
136528.0,,9.0
136549.0,0.40272432565689087,
136580.5,0.40290433168411255,
136592.5,0.4029943346977234,
136597.0,,9.0
136612.06818181818,0.40300434827804565,
136620.18181818182,0.4030143618583679,
136634.0909090909,0.4030243754386902,
136644.52272727274,0.40303438901901245,
136648.0,,1.0
136666.88095238095,0.40307438373565674,
136678.5,0.403114378452301,
136694.47619047618,0.4031543731689453,
136704.64285714287,0.4031943678855896,
136709.0,,4.0
136735.4705882353,0.4032743573188782,
136763.70588235295,0.40335434675216675,
136769.0,,4.0
136797.84615384616,0.4033743739128113,
136810.53846153847,0.40338438749313354,
136825.53846153847,0.4033944010734558,
136829.0,,1.0
136846.47826086957,0.40341439843177795,
136863.95652173914,0.4034343957901001,
136879.97826086957,0.40345439314842224,
136891.63043478262,0.4034743905067444,
136896.0,,2.0
136910.35897435897,0.40351438522338867,
136924.71794871794,0.40355437994003296,
136936.20512820513,0.40359437465667725,
136947.6923076923,0.40363436937332153,
136952.0,,4.0
136972.65,0.4037243723869324,
136984.45,0.4038143754005432,
137000.675,0.40390437841415405,
137006.575,0.4039943814277649,
137011.0,,9.0
137022.22916666666,0.40407437086105347,
137041.47916666666,0.40415436029434204,
137062.33333333334,0.4042343497276306,
137083.1875,0.4043143391609192,
137088.0,,8.0
137101.2558139535,0.4043143391609192,
137114.51162790696,0.4043143391609192,
137125.11627906977,0.4043143391609192,
137141.02325581395,0.4043143391609192,
137145.0,,0.0
137164.3488372093,0.4043443500995636,
137176.2558139535,0.404374361038208,
137204.53488372092,0.4044343829154968,
137209.0,,3.0
137230.66666666666,0.4044743776321411,
137240.2962962963,0.4045143723487854,
137257.14814814815,0.4045543670654297,
137270.38888888888,0.404594361782074,
137274.0,,4.0
137294.8,0.4046443700790405,
137315.6,0.4046943783760071,
137341.2,0.4047943949699402,
137346.0,,5.0
137370.4705882353,0.4048244059085846,
137381.76470588235,0.404854416847229,
137393.0588235294,0.4048844277858734,
137404.35294117648,0.4049144387245178,
137410.0,,3.0
137428.72,0.40500444173812866,
137447.44,0.4050944447517395,
137463.28,0.40518444776535034,
137477.68,0.4052744507789612,
137482.0,,9.0
137513.8,0.40531444549560547,
137524.4,0.4053344428539276,
137531.46666666667,0.40535444021224976,
137535.0,,2.0
137550.21276595743,0.4053744375705719,
137573.6170212766,0.4054144322872162,
137586.48936170212,0.40543442964553833,
137590.0,,2.0
137609.32,0.40546444058418274,
137618.98,0.40549445152282715,
137639.68,0.40552446246147156,
137654.86,0.40555447340011597,
137659.0,,3.0
137680.6862745098,0.4055844843387604,
137689.98039215687,0.4056144952774048,
137714.76470588235,0.4056445062160492,
137733.35294117648,0.4056745171546936,
137738.0,,3.0
137760.82926829267,0.405704528093338,
137777.9512195122,0.4057345390319824,
137798.8780487805,0.40576454997062683,
137810.29268292684,0.40579456090927124,
137816.0,,3.0
137831.64285714287,0.4058745503425598,
137845.54761904763,0.4059545397758484,
137868.14285714287,0.40603452920913696,
137883.7857142857,0.40611451864242554,
137889.0,,8.0
137908.0,0.40614452958106995,
137922.25,0.40617454051971436,
137934.125,0.40620455145835876,
137942.4375,0.4062345623970032,
137946.0,,3.0
137965.0,0.4062545597553253,
137993.0,0.40631455183029175,
137996.0,,2.0
138012.92307692306,0.40634456276893616,
138028.3076923077,0.40637457370758057,
138039.07692307694,0.406404584646225,
138051.38461538462,0.4064345955848694,
138056.0,,3.0
138093.2,0.4064946174621582,
138114.6181818182,0.406554639339447,
138118.0,,3.0
138131.33333333334,0.4066046476364136,
138178.0,,5.0
138191.77551020408,0.40678468346595764,
138200.95918367346,0.40681469440460205,
138210.14285714287,0.40684470534324646,
138220.24489795917,0.40687471628189087,
138223.0,,3.0
138241.04255319148,0.40688472986221313,
138252.31914893616,0.4068947434425354,
138262.46808510637,0.40690475702285767,
138276.0,,1.0
138283.77272727274,0.40694478154182434,
138298.02272727274,0.40697479248046875,
138313.56818181818,0.40700480341911316,
138329.11363636365,0.40703481435775757,
138333.0,,3.0
138353.8,0.4070848226547241,
138364.2,0.4071348309516907,
138375.9,0.4071848392486572,
138398.0,,5.0
138418.11764705883,0.4072648584842682,
138427.64705882352,0.4072948694229126,
138437.17647058822,0.407324880361557,
138448.82352941178,0.4073548913002014,
138452.0,,3.0
138474.3396226415,0.4074248969554901,
138491.09433962265,0.4074949026107788,
138503.6603773585,0.4075649082660675,
138526.0,,7.0
138541.0243902439,0.40765491127967834,
138549.21951219512,0.4076749086380005,
138566.9756097561,0.40769490599632263,
138577.9024390244,0.4077149033546448,
138582.0,,2.0
138594.7894736842,0.40772491693496704,
138609.0,0.4077349305152893,
138618.94736842104,0.4077449440956116,
138636.0,,1.0
138654.82978723405,0.407774955034256,
138691.2340425532,0.4078349471092224,
138695.0,,2.0
138721.1219512195,0.40789496898651123,
138738.0243902439,0.40792497992515564,
138753.39024390245,0.40795499086380005,
138758.0,,3.0
138772.34782608695,0.4079650044441223,
138786.69565217392,0.4079750180244446,
138798.65217391305,0.40798503160476685,
138809.41304347827,0.4079950451850891,
138813.0,,1.0
138827.97826086957,0.40801504254341125,
138841.80434782608,0.4080350399017334,
138849.86956521738,0.40805503726005554,
138862.54347826086,0.4080750346183777,
138866.0,,2.0
138881.5,0.4081350266933441,
138893.9,0.40819501876831055,
138906.3,0.408255010843277,
138928.0,,6.0
138953.2,0.4083549976348877,
138965.2,0.40837499499320984,
138982.0,,2.0
138996.08333333334,0.4084149897098541,
139008.0,0.40843498706817627,
139019.91666666666,0.4084549844264984,
139030.75,0.40847498178482056,
139034.0,,2.0
139054.58823529413,0.4084949791431427,
139062.431372549,0.40851497650146484,
139081.0588235294,0.40855497121810913,
139084.0,,2.0
139100.22727272726,0.4085749685764313,
139123.4090909091,0.40861496329307556,
139131.52272727274,0.4086349606513977,
139135.0,,2.0
139151.0,0.40865495800971985,
139162.0,0.408674955368042,
139176.0,0.40869495272636414,
139188.0,0.4087149500846863,
139191.0,,2.0
139203.46153846153,0.40872496366500854,
139240.84615384616,0.40875500440597534,
139245.0,,1.0
139262.86046511628,0.4087750017642975,
139277.7441860465,0.40879499912261963,
139291.13953488372,0.4088149964809418,
139304.53488372092,0.4088349938392639,
139309.0,,2.0
139323.46153846153,0.4088349938392639,
139334.3076923077,0.4088349938392639,
139353.28846153847,0.4088349938392639,
139356.0,,0.0
139374.27272727274,0.4088749885559082,
139388.48484848486,0.4089149832725525,
139398.63636363635,0.4089549779891968,
139416.9090909091,0.40899497270584106,
139423.0,,4.0
139438.8148148148,0.4090849757194519,
139451.24074074073,0.40917497873306274,
139464.7962962963,0.4092649817466736,
139480.61111111112,0.4093549847602844,
139484.0,,9.0
139499.45833333334,0.4093649983406067,
139512.70833333334,0.40937501192092896,
139533.6875,0.4093950390815735,
139537.0,,1.0
139549.71739130435,0.40940505266189575,
139561.45652173914,0.409415066242218,
139570.26086956522,0.4094250798225403,
139579.0652173913,0.40943509340286255,
139582.0,,1.0
139610.05,0.40947508811950684,
139618.975,0.409495085477829,
139629.175,0.4095150828361511,
139633.0,,2.0
139648.48936170212,0.40960508584976196,
139658.44680851063,0.4096950888633728,
139668.40425531915,0.40978509187698364,
139685.0,,9.0
139709.58823529413,0.40991508960723877,
139720.76470588235,0.40995508432388306,
139736.41176470587,0.40999507904052734,
139754.29411764705,0.41003507375717163,
139761.0,,4.0
139775.42222222223,0.41006508469581604,
139792.46666666667,0.41009509563446045,
139804.26666666666,0.41012510657310486,
139816.06666666668,0.41015511751174927,
139820.0,,3.0
139835.02222222224,0.41016513109207153,
139846.57777777777,0.4101751446723938,
139868.53333333333,0.41019517183303833,
139872.0,,1.0
139896.0,0.410265177488327,
139916.0,0.4103351831436157,
139948.0,0.4104751944541931,
139954.0,,7.0
139973.42857142858,0.4105151891708374,
139984.85714285713,0.4105551838874817,
140006.57142857142,0.41063517332077026,
140010.0,,4.0
140024.31578947368,0.41064518690109253,
140033.57894736843,0.4106552004814148,
140042.84210526315,0.41066521406173706,
140055.47368421053,0.4106752276420593,
140058.0,,1.0
140085.9411764706,0.41069525480270386,
140099.35294117648,0.4107052683830261,
140115.0,,1.0
140129.93333333332,0.41072529554367065,
140140.6,0.4107353091239929,
140152.33333333334,0.4107453227043152,
140159.8,0.41075533628463745,
140163.0,,1.0
140192.20408163266,0.410775363445282,
140201.9387755102,0.41078537702560425,
140212.75510204083,0.4107953906059265,
140216.0,,1.0
140228.1739130435,0.41081538796424866,
140239.13043478262,0.4108353853225708,
140253.73913043478,0.41085538268089294,
140272.0,,2.0
140287.34,0.4109053909778595,
140303.86,0.4109354019165039,
140315.66,0.4109654128551483,
140327.46,0.4109954237937927,
140331.0,,3.0
140347.90476190476,0.41108542680740356,
140376.64285714287,0.41126543283462524,
140402.0,,9.0
140429.60416666666,0.41139543056488037,
140440.64583333334,0.4114154279232025,
140451.6875,0.41143542528152466,
140455.0,,2.0
140466.5909090909,0.4114454388618469,
140481.6590909091,0.4114554524421692,
140493.25,0.41146546602249146,
140502.52272727274,0.4114754796028137,
140506.0,,1.0
140523.17073170733,0.41149547696113586,
140538.78048780488,0.411515474319458,
140565.31707317074,0.4115554690361023,
140570.0,,2.0
140587.92727272728,0.4115554690361023,
140601.63636363635,0.4115554690361023,
140610.07272727272,0.4115554690361023,
140624.83636363636,0.4115554690361023,
140628.0,,0.0
140640.85714285713,0.41156548261642456,
140652.42857142858,0.4115754961967468,
140682.0,,1.0
140704.20408163266,0.41163551807403564,
140713.3469387755,0.41167551279067993,
140725.10204081633,0.4117155075073242,
140742.08163265305,0.4117555022239685,
140746.0,,4.0
140762.8510638298,0.41181549429893494,
140778.17021276595,0.41187548637390137,
140799.6170212766,0.4119354784488678,
140818.0,,6.0
140845.22222222222,0.41201549768447876,
140854.75,0.412025511264801,
140862.91666666666,0.4120355248451233,
140867.0,,1.0
140886.76744186046,0.4120355248451233,
140897.23255813954,0.4120355248451233,
140904.2093023256,0.4120355248451233,
140917.0,,0.0
140930.77777777778,0.41205552220344543,
140961.0888888889,0.4120955169200897,
140974.86666666667,0.41211551427841187,
140979.0,,2.0
141000.06382978722,0.41212552785873413,
141012.70212765958,0.4121355414390564,
141028.1489361702,0.41214555501937866,
141040.78723404257,0.4121555685997009,
141045.0,,1.0
141060.05660377358,0.41218557953834534,
141085.8679245283,0.41224560141563416,
141098.77358490566,0.41227561235427856,
141102.0,,3.0
141120.46808510637,0.41228562593460083,
141148.17021276595,0.41230565309524536,
141160.04255319148,0.4123156666755676,
141164.0,,1.0
141186.26086956522,0.41234567761421204,
141200.1739130435,0.41237568855285645,
141212.69565217392,0.41240569949150085,
141228.0,,3.0
141238.02702702704,0.41244572401046753,
141252.35135135136,0.4124557375907898,
141265.24324324325,0.41246575117111206,
141276.7027027027,0.4124757647514343,
141281.0,,1.0
141324.88888888888,0.41256576776504517,
141360.0,0.412655770778656,
141403.88888888888,0.41274577379226685,
141425.83333333334,0.4128357768058777,
141439.0,,9.0
141470.83673469388,0.4129357933998108,
141495.32653061225,0.4130358099937439,
141499.0,,5.0
141528.26829268291,0.4130958318710327,
141541.43902439025,0.4131258428096771,
141554.60975609755,0.41315585374832153,
141559.0,,3.0
141603.51162790696,0.41321584582328796,
141617.0,,2.0
141635.46808510637,0.41325584053993225,
141652.6170212766,0.4132758378982544,
141663.17021276595,0.41329583525657654,
141675.04255319148,0.4133158326148987,
141679.0,,2.0
141688.78723404257,0.4133358299732208,
141700.53191489363,0.41335582733154297,
141709.3404255319,0.4133758246898651,
141722.06382978722,0.41339582204818726,
141725.0,,2.0
141735.53658536586,0.41342583298683167,
141747.39024390245,0.4134558439254761,
141763.19512195123,0.4134858548641205,
141775.0487804878,0.4135158658027649,
141779.0,,3.0
141792.5576923077,0.41353586316108704,
141804.3076923077,0.4135558605194092,
141813.34615384616,0.4135758578777313,
141823.28846153847,0.41359585523605347,
141826.0,,2.0
141880.7906976744,0.41371583938598633,
141896.6976744186,0.4137558341026306,
141902.0,,4.0
141924.0,0.4138358235359192,
141940.5,0.41391581296920776,
141953.33333333334,0.41399580240249634,
141973.5,0.4140757918357849,
141979.0,,8.0
142002.68421052632,0.41409581899642944,
142015.0,0.4141058325767517,
142030.15789473685,0.414115846157074,
142033.0,,1.0
142043.78260869565,0.4141358435153961,
142077.47826086957,0.4141758382320404,
142090.95652173914,0.41419583559036255,
142095.0,,2.0
142122.60784313726,0.41423583030700684,
142132.64705882352,0.4142758250236511,
142146.45098039217,0.4143158197402954,
142155.23529411765,0.4143558144569397,
142159.0,,4.0
142185.5,0.414395809173584,
142198.22,0.41441580653190613,
142208.82,0.41443580389022827,
142212.0,,2.0
142226.87179487178,0.4144558012485504,
142241.7435897436,0.41447579860687256,
142265.53846153847,0.41451579332351685,
142270.0,,2.0
142313.8260869565,0.4146658182144165,
142328.89130434784,0.41471582651138306,
142333.0,,5.0
142346.8125,0.4147358238697052,
142365.9375,0.4147758185863495,
142380.8125,0.41479581594467163,
142384.0,,2.0
142401.1875,0.4148158133029938,
142413.79166666666,0.4148358106613159,
142420.66666666666,0.41485580801963806,
142435.5625,0.4148758053779602,
142439.0,,2.0
142455.9,0.41489580273628235,
142467.6,0.4149158000946045,
142476.7,0.41493579745292664,
142487.1,0.4149557948112488,
142491.0,,2.0
142500.81818181818,0.4149858057498932,
142511.86363636365,0.4150158166885376,
142526.5909090909,0.415045827627182,
142541.31818181818,0.4150758385658264,
142545.0,,3.0
142576.2558139535,0.4151158332824707,
142589.27906976745,0.41513583064079285,
142597.09302325582,0.415155827999115,
142601.0,,2.0
142656.7142857143,0.41524583101272583,
142699.57142857142,0.41533583402633667,
142768.14285714287,0.41551584005355835,
142781.0,,9.0
142821.1923076923,0.41554588079452515,
142832.82692307694,0.4155558943748474,
142836.0,,1.0
142853.70212765958,0.41557589173316956,
142867.31914893616,0.4155958890914917,
142882.29787234042,0.41561588644981384,
142895.914893617,0.415635883808136,
142900.0,,2.0
142926.66666666666,0.4156559109687805,
142944.0,0.4156659245491028,
142956.0,0.41567593812942505,
142960.0,,1.0
142976.68085106384,0.41571593284606934,
142986.21276595743,0.4157559275627136,
142998.12765957447,0.4157959222793579,
143012.4255319149,0.4158359169960022,
143016.0,,4.0
143031.2068965517,0.41585591435432434,
143039.6551724138,0.4158759117126465,
143062.4655172414,0.41591590642929077,
143065.0,,2.0
143080.39130434784,0.41595590114593506,
143104.76086956522,0.41603589057922363,
143120.15217391305,0.4160758852958679,
143124.0,,4.0
143138.29166666666,0.4160858988761902,
143150.54166666666,0.41609591245651245,
143160.75,0.4161059260368347,
143173.0,,1.0
143187.9387755102,0.4161459505558014,
143219.0612244898,0.4162059724330902,
143230.26530612246,0.4162359833717346,
143234.0,,3.0
143262.3076923077,0.41632598638534546,
143283.53846153847,0.4164159893989563,
143306.53846153847,0.41650599241256714,
143320.6923076923,0.416595995426178,
143326.0,,9.0
143345.8,0.4166859984397888,
143359.0,0.41677600145339966,
143375.5,0.4168660044670105,
143392.0,,9.0
143411.825,0.4169960021972656,
143422.5,0.4170359969139099,
143448.425,0.4171159863471985,
143453.0,,4.0
143468.64102564103,0.4171459972858429,
143485.84615384616,0.4171760082244873,
143501.4871794872,0.4172060191631317,
143509.3076923077,0.4172360301017761,
143514.0,,3.0
143532.97777777776,0.4172860383987427,
143560.0888888889,0.4173860549926758,
143570.93333333332,0.41743606328964233,
143575.0,,5.0
143587.22222222222,0.4174760580062866,
143600.97222222222,0.4175160527229309,
143625.41666666666,0.4175960421562195,
143630.0,,4.0
143651.63461538462,0.41764605045318604,
143664.61538461538,0.4176960587501526,
143705.0,,5.0
143724.45098039217,0.41780608892440796,
143749.98039215687,0.4178261160850525,
143767.0,,1.0
143784.5,0.4179261326789856,
143803.34615384616,0.41801613569259644,
143815.46153846153,0.4181061387062073,
143832.96153846153,0.4181961417198181,
143837.0,,9.0
143856.1489361702,0.41825613379478455,
143867.63829787233,0.418316125869751,
143893.17021276595,0.41843611001968384,
143897.0,,6.0
143909.39130434784,0.418456107378006,
143934.1739130435,0.41849610209465027,
143954.0,,2.0
143965.95652173914,0.41853609681129456,
143977.91304347827,0.4185560941696167,
143988.78260869565,0.41857609152793884,
144000.73913043478,0.418596088886261,
144004.0,,2.0
144020.39130434784,0.4186360836029053,
144033.0,0.41867607831954956,
144045.60869565216,0.41871607303619385,
144058.21739130435,0.41875606775283813,
144062.0,,4.0
144079.72727272726,0.41878607869148254,
144091.54545454544,0.41881608963012695,
144103.36363636365,0.41884610056877136,
144122.56818181818,0.41887611150741577,
144127.0,,3.0
144154.5294117647,0.41887611150741577,
144165.74509803922,0.41887611150741577,
144179.0,,0.0
144194.525,0.4189361035823822,
144210.05,0.41899609565734863,
144242.825,0.4191160798072815,
144248.0,,6.0
144268.70588235295,0.41919606924057007,
144292.86274509804,0.41927605867385864,
144313.568627451,0.4193560481071472,
144330.82352941178,0.4194360375404358,
144336.0,,8.0
144353.50943396226,0.41952604055404663,
144365.54716981133,0.41961604356765747,
144378.679245283,0.4197060465812683,
144390.71698113208,0.41979604959487915,
144394.0,,9.0
144410.9090909091,0.4198060631752014,
144423.5909090909,0.4198160767555237,
144443.31818181818,0.41982609033584595,
144451.77272727274,0.4198361039161682,
144456.0,,1.0
144481.22727272726,0.41992610692977905,
144499.72727272726,0.4200161099433899,
144513.18181818182,0.42010611295700073,
144524.95454545456,0.4201961159706116,
144530.0,,9.0
144546.6170212766,0.4202861189842224,
144561.72340425532,0.42037612199783325,
144576.82978723405,0.4204661250114441,
144596.46808510637,0.42055612802505493,
144601.0,,9.0
144616.79487179487,0.4205761253833771,
144626.84615384616,0.4205961227416992,
144639.76923076922,0.42061612010002136,
144657.0,,2.0
144687.27906976745,0.4206961393356323,
144704.58139534883,0.42072615027427673,
144714.67441860464,0.42075616121292114,
144719.0,,3.0
144737.76923076922,0.4208161532878876,
144750.67307692306,0.420876145362854,
144776.48076923078,0.42099612951278687,
144780.0,,6.0
144796.24,0.421016126871109,
144834.52,0.42107611894607544,
144838.0,,2.0
144866.0,0.42113614082336426,
144878.0,0.42116615176200867,
144894.0,0.4211961627006531,
144898.0,,3.0
144912.5641025641,0.42124617099761963,
144930.76923076922,0.4212961792945862,
144948.97435897434,0.42134618759155273,
144963.53846153847,0.4213961958885193,
144969.0,,5.0
144989.87179487178,0.4214361906051636,
145010.7435897436,0.42147618532180786,
145037.3076923077,0.42155617475509644,
145043.0,,4.0
145075.86956521738,0.42165619134902954,
145110.30434782608,0.42175620794296265,
145115.0,,5.0
145135.41666666666,0.42182621359825134,
145154.375,0.42189621925354004,
145166.04166666666,0.42196622490882874,
145180.625,0.42203623056411743,
145185.0,,7.0
145203.75,0.4220562279224396,
145216.25,0.4220762252807617,
145230.0,0.42209622263908386,
145251.25,0.422116219997406,
145255.0,,2.0
145286.54285714286,0.42223620414733887,
145318.08571428573,0.42235618829727173,
145324.0,,6.0
145350.1739130435,0.42244619131088257,
145367.0,0.4225361943244934,
145383.8260869565,0.42262619733810425,
145404.39130434784,0.4227162003517151,
145410.0,,9.0
145432.77551020408,0.4227462112903595,
145446.693877551,0.4227762222290039,
145468.20408163266,0.4228362441062927,
145472.0,,3.0
145492.18604651163,0.422876238822937,
145502.27906976745,0.4229162335395813,
145513.81395348837,0.4229562282562256,
145529.67441860464,0.4229962229728699,
145534.0,,4.0
145577.4716981132,0.42313623428344727,
145592.4150943396,0.42320623993873596,
145601.9245283019,0.42327624559402466,
145606.0,,7.0
145619.86486486485,0.4232962429523468,
145636.8108108108,0.42331624031066895,
145647.5945945946,0.4233362376689911,
145658.37837837837,0.42335623502731323,
145663.0,,2.0
145687.3023255814,0.4233962297439575,
145698.81395348837,0.42341622710227966,
145714.16279069768,0.4234362244606018,
145718.0,,2.0
145736.26086956522,0.4234762191772461,
145745.39130434784,0.4235162138938904,
145758.4347826087,0.42355620861053467,
145774.08695652173,0.42359620332717896,
145778.0,,4.0
145791.07692307694,0.42362621426582336,
145800.23076923078,0.4236562252044678,
145809.38461538462,0.4236862361431122,
145829.0,,3.0
145847.9,0.423746258020401,
145862.075,0.4237762689590454,
145874.675,0.4238062798976898,
145892.0,,3.0
145907.0,0.42392629384994507,
145918.7857142857,0.4240162968635559,
145948.7857142857,0.4241963028907776,
145952.0,,9.0
145971.81395348837,0.424256294965744,
146023.0,,6.0
146050.18367346938,0.42449626326560974,
146100.02040816325,0.4246162474155426,
146127.20408163266,0.42467623949050903,
146134.0,,6.0
146152.65217391305,0.42474624514579773,
146168.4347826087,0.4248162508010864,
146181.34782608695,0.4248862564563751,
146195.69565217392,0.4249562621116638,
146200.0,,7.0
146234.91304347827,0.4251362681388855,
146252.36956521738,0.42522627115249634,
146268.23913043478,0.4253162741661072,
146273.0,,9.0
146302.51111111112,0.425406277179718,
146319.11111111112,0.42549628019332886,
146337.55555555556,0.4255862832069397,
146350.46666666667,0.42567628622055054,
146356.0,,9.0
146376.1219512195,0.4256862998008728,
146386.8536585366,0.42569631338119507,
146406.9756097561,0.4257163405418396,
146411.0,,1.0
146426.79487179487,0.42573633790016174,
146442.58974358975,0.4257563352584839,
146452.64102564103,0.42577633261680603,
146462.6923076923,0.4257963299751282,
146467.0,,2.0
146481.10869565216,0.4258263409137726,
146496.5,0.425856351852417,
146513.1739130435,0.4258863627910614,
146522.15217391305,0.4259163737297058,
146526.0,,3.0
146572.0,0.42593640089035034,
146586.72,0.4259464144706726,
146612.48,0.4259564280509949,
146618.0,,1.0
146633.45283018867,0.4260464310646057,
146645.3396226415,0.42613643407821655,
146659.6037735849,0.4262264370918274,
146677.43396226416,0.42631644010543823,
146681.0,,9.0
146693.96296296295,0.4263364374637604,
146706.92592592593,0.4263564348220825,
146728.22222222222,0.4263964295387268,
146731.0,,2.0
146747.85185185185,0.42641642689704895,
146758.6851851852,0.4264364242553711,
146777.94444444444,0.42645642161369324,
146792.38888888888,0.4264764189720154,
146796.0,,2.0
146818.66666666666,0.4265064299106598,
146830.66666666666,0.4265364408493042,
146840.0,0.4265664517879486,
146852.0,0.426596462726593,
146856.0,,3.0
146880.51063829788,0.4266364574432373,
146895.48936170212,0.42665645480155945,
146915.914893617,0.4266764521598816,
146920.0,,2.0
146956.29166666666,0.42685645818710327,
146971.64583333334,0.4269464612007141,
146982.8125,0.42703646421432495,
146987.0,,9.0
147002.42857142858,0.4270464777946472,
147012.7142857143,0.4270564913749695,
147026.85714285713,0.42706650495529175,
147037.14285714287,0.427076518535614,
147041.0,,1.0
147112.42857142858,0.42723649740219116,
147138.14285714287,0.42731648683547974,
147152.42857142858,0.4273964762687683,
147161.0,,8.0
147177.17073170733,0.4274064898490906,
147198.31707317074,0.4274265170097351,
147212.0,,1.0
147221.4,0.4274365305900574,
147230.8,0.4274365305900574,
147242.55,0.4274365305900574,
147255.475,0.4274365305900574,
147259.0,,0.0
147283.0,0.42744654417037964,
147298.0,0.4274565577507019,
147314.5,0.42746657133102417,
147331.0,,1.0
147347.0909090909,0.4274965822696686,
147359.96363636362,0.4275165796279907,
147371.76363636364,0.42753657698631287,
147386.78181818183,0.427556574344635,
147390.0,,2.0
147409.2093023256,0.4275965690612793,
147424.3023255814,0.4276365637779236,
147435.27906976745,0.42767655849456787,
147444.88372093023,0.42771655321121216,
147449.0,,4.0
147471.74509803922,0.4277365505695343,
147481.98039215687,0.42775654792785645,
147493.35294117648,0.4277765452861786,
147503.58823529413,0.42779654264450073,
147507.0,,2.0
147540.22222222222,0.427836537361145,
147567.66666666666,0.4278765320777893,
147572.0,,2.0
147595.87234042553,0.428056538105011,
147606.72340425532,0.4281465411186218,
147619.74468085106,0.42823654413223267,
147623.0,,9.0
147642.77551020408,0.4282565414905548,
147653.24489795917,0.42827653884887695,
147663.7142857143,0.4282965362071991,
147676.51020408163,0.42831653356552124,
147680.0,,2.0
147700.21739130435,0.4283365309238434,
147723.13043478262,0.42837652564048767,
147737.95652173914,0.4283965229988098,
147742.0,,2.0
147758.0909090909,0.42844653129577637,
147774.18181818182,0.4284965395927429,
147784.9090909091,0.4285465478897095,
147801.0,,5.0
147833.14545454545,0.42865657806396484,
147865.29090909092,0.42871659994125366,
147869.0,,3.0
147901.41304347827,0.42881661653518677,
147916.84782608695,0.4288666248321533,
147935.36956521738,0.4289166331291199,
147940.0,,5.0
147951.70212765958,0.428936630487442,
147964.46808510637,0.42895662784576416,
147975.10638297873,0.4289766252040863,
147986.8085106383,0.42899662256240845,
147990.0,,2.0
148009.04,0.429046630859375,
148029.2,0.4291466474533081,
148042.64,0.42919665575027466,
148046.0,,5.0
148056.44444444444,0.42919665575027466,
148065.14814814815,0.42919665575027466,
148079.07407407407,0.42919665575027466,
148090.38888888888,0.42919665575027466,
148093.0,,0.0
148110.23076923078,0.4292166531085968,
148123.15384615384,0.42923665046691895,
148134.64102564103,0.4292566478252411,
148144.6923076923,0.42927664518356323,
148149.0,,2.0
148165.41025641025,0.4293666481971741,
148192.07692307694,0.4294566512107849,
148202.33333333334,0.42954665422439575,
148222.84615384616,0.4296366572380066,
148229.0,,9.0
148246.42222222223,0.42965665459632874,
148258.86666666667,0.4296766519546509,
148267.57777777777,0.429696649312973,
148281.26666666666,0.42971664667129517,
148285.0,,2.0
148298.78,0.42972666025161743,
148314.68,0.4297366738319397,
148323.16,0.42974668741226196,
148334.82,0.42975670099258423,
148338.0,,1.0
148358.78048780488,0.42984670400619507,
148370.9024390244,0.4299367070198059,
148403.80487804877,0.4301167130470276,
148409.0,,9.0
148427.18181818182,0.4301867187023163,
148483.54545454544,0.4303967356681824,
148489.0,,7.0
148503.08695652173,0.4304867386817932,
148518.73913043478,0.43057674169540405,
148556.30434782608,0.43075674772262573,
148561.0,,9.0
148581.69642857142,0.43079674243927,
148595.85714285713,0.4308367371559143,
148604.57142857142,0.4308767318725586,
148618.73214285713,0.4309167265892029,
148622.0,,4.0
148638.68292682926,0.4309467375278473,
148648.41463414635,0.4309767484664917,
148660.92682926828,0.4310067594051361,
148674.82926829267,0.4310367703437805,
148679.0,,3.0
148703.41860465117,0.43112677335739136,
148729.46511627908,0.43130677938461304,
148749.0,,9.0
148765.57142857142,0.431416779756546,
148780.95918367346,0.43143677711486816,
148790.42857142858,0.4314567744731903,
148803.44897959183,0.43147677183151245,
148807.0,,2.0
148892.0,0.43165677785873413,
148922.6,0.43174678087234497,
148949.8,0.4318367838859558,
148960.0,,9.0
148983.63636363635,0.43192678689956665,
149020.56818181818,0.43219679594039917,
149025.0,,9.0
149041.17647058822,0.4322268068790436,
149053.03921568627,0.432256817817688,
149063.82352941178,0.4322868287563324,
149076.76470588235,0.4323168396949768,
149080.0,,3.0
149092.07317073172,0.43233683705329895,
149102.80487804877,0.4323568344116211,
149116.21951219512,0.43237683176994324,
149130.9756097561,0.4323968291282654,
149135.0,,2.0
149146.21951219512,0.43240684270858765,
149157.43902439025,0.4324168562889099,
149168.65853658537,0.4324268698692322,
149181.0,,1.0
149199.13953488372,0.4324468970298767,
149222.86046511628,0.43246692419052124,
149236.81395348837,0.4324769377708435,
149241.0,,1.0
149268.65217391305,0.4326569437980652,
149290.54347826086,0.43283694982528687,
149294.0,,9.0
149330.44444444444,0.43291693925857544,
149348.66666666666,0.4329569339752197,
149370.53333333333,0.432996928691864,
149376.0,,4.0
149392.11111111112,0.4330369234085083,
149406.07407407407,0.4330769181251526,
149430.77777777778,0.43315690755844116,
149434.0,,4.0
149455.9512195122,0.43318691849708557,
149476.43902439025,0.4332469403743744,
149489.60975609755,0.4332769513130188,
149494.0,,3.0
149507.33333333334,0.4333469569683075,
149520.66666666666,0.4334169626235962,
149540.66666666666,0.4334869682788849,
149554.0,0.4335569739341736,
149558.0,,7.0
149573.75,0.4336469769477844,
149605.25,0.43373697996139526,
149616.5,0.4338269829750061,
149641.25,0.43391698598861694,
149648.0,,9.0
149668.6037735849,0.4340069890022278,
149687.49056603774,0.4340969920158386,
149711.5283018868,0.43418699502944946,
149733.84905660377,0.4342769980430603,
149739.0,,9.0
149750.06382978722,0.43428701162338257,
149787.68085106384,0.43431705236434937,
149791.0,,1.0
149819.88888888888,0.4343770742416382,
149827.97777777776,0.4344070851802826,
149839.53333333333,0.434437096118927,
149843.0,,3.0
149861.92592592593,0.43445709347724915,
149916.0,,2.0
149930.40476190476,0.43455708026885986,
149943.5,0.43459707498550415,
149956.59523809524,0.43463706970214844,
149967.07142857142,0.4346770644187927,
149971.0,,4.0
149981.39215686274,0.434717059135437,
149994.9019607843,0.4347570538520813,
150008.41176470587,0.4347970485687256,
150020.88235294117,0.4348370432853699,
150024.0,,4.0
150038.04255319148,0.4349270462989807,
150049.53191489363,0.43501704931259155,
150061.02127659574,0.4351070523262024,
150080.17021276595,0.43519705533981323,
150084.0,,9.0
150115.2888888889,0.4352770447731018,
150132.35555555555,0.4353170394897461,
150143.73333333334,0.4353570342063904,
150148.0,,4.0
150164.8409090909,0.4353770315647125,
150175.20454545456,0.43539702892303467,
150190.75,0.4354170262813568,
150201.11363636365,0.43543702363967896,
150205.0,,2.0
150222.75,0.4354970157146454,
150240.5,0.4355570077896118,
150254.7,0.43561699986457825,
150270.675,0.4356769919395447,
150276.0,,6.0
150294.66666666666,0.43568700551986694,
150301.33333333334,0.4356970191001892,
150310.66666666666,0.4357070326805115,
150324.0,0.43571704626083374,
150328.0,,1.0
150340.73684210525,0.43574705719947815,
150355.7894736842,0.43577706813812256,
150390.52631578947,0.4358370900154114,
150394.0,,3.0
150406.17647058822,0.4359070956707001,
150423.76470588235,0.43597710132598877,
150458.9411764706,0.43611711263656616,
150463.0,,7.0
150497.43396226416,0.43625712394714355,
150513.96226415093,0.43632712960243225,
150531.8679245283,0.43639713525772095,
150536.0,,7.0
150557.66666666666,0.43643712997436523,
150570.66666666666,0.4364771246910095,
150584.75,0.4365171194076538,
150597.75,0.4365571141242981,
150601.0,,4.0
150619.37037037036,0.4366171061992645,
150634.2962962963,0.43667709827423096,
150646.92592592593,0.4367370903491974,
150659.55555555556,0.4367970824241638,
150663.0,,6.0
150675.87234042553,0.4368270933628082,
150691.085106383,0.43685710430145264,
150700.44680851063,0.43688711524009705,
150714.48936170212,0.43691712617874146,
150718.0,,3.0
150743.77777777778,0.4369771480560303,
150757.95555555556,0.4370071589946747,
150772.13333333333,0.4370371699333191,
150776.0,,3.0
150811.20408163266,0.4371371865272522,
150826.693877551,0.43718719482421875,
150840.77551020408,0.4372372031211853,
150845.0,,5.0
150894.52173913043,0.43735718727111816,
150907.63043478262,0.43739718198776245,
150912.0,,4.0
150925.84615384616,0.43742719292640686,
150934.15384615384,0.43745720386505127,
150944.3076923077,0.4374872148036957,
150957.23076923078,0.4375172257423401,
150960.0,,3.0
150992.19047619047,0.4375572204589844,
150998.38095238095,0.4375772178173065,
151008.2857142857,0.43759721517562866,
151012.0,,2.0
151023.02222222224,0.43762722611427307,
151042.3111111111,0.4376572370529175,
151057.46666666667,0.4376872479915619,
151069.86666666667,0.4377172589302063,
151074.0,,3.0
151096.57142857142,0.43777725100517273,
151113.5,0.43783724308013916,
151128.54761904763,0.4378972351551056,
151147.35714285713,0.437957227230072,
151153.0,,6.0
151162.56097560975,0.43797722458839417,
151177.58536585365,0.4379972219467163,
151204.9024390244,0.4380372166633606,
151209.0,,2.0
151227.54545454544,0.4380772113800049,
151243.0,0.43811720609664917,
151261.54545454544,0.43815720081329346,
151272.36363636365,0.43819719552993774,
151277.0,,4.0
151300.0,0.4382871985435486,
151315.8125,0.4383772015571594,
151328.75,0.43846720457077026,
151341.6875,0.4385572075843811,
151346.0,,9.0
151366.51162790696,0.4385872185230255,
151376.76744186046,0.4386172294616699,
151391.41860465117,0.43864724040031433,
151409.0,,3.0
151423.4,0.43870726227760315,
151441.4,0.43873727321624756,
151455.8,0.43876728415489197,
151471.4,0.4387972950935364,
151475.0,,3.0
151490.44680851063,0.43884730339050293,
151507.29787234042,0.4388973116874695,
151519.93617021278,0.43894731998443604,
151536.78723404257,0.4389973282814026,
151541.0,,5.0
151556.0,0.4390673339366913,
151574.0,0.43913733959198,
151584.5,0.4392073452472687,
151605.5,0.4392773509025574,
151610.0,,7.0
151651.25,0.4392973780632019,
151673.9375,0.43930739164352417,
151702.8125,0.43931740522384644,
151709.0,,1.0
151728.72093023255,0.43933743238449097,
151743.51162790696,0.43934744596481323,
151758.3023255814,0.4393574595451355,
151762.0,,1.0
151781.89361702127,0.43937745690345764,
151793.59574468085,0.4393974542617798,
151804.12765957447,0.43941745162010193,
151813.48936170212,0.4394374489784241,
151817.0,,2.0
151857.85714285713,0.43958747386932373,
151872.0,,5.0
151883.63414634147,0.4396574795246124,
151895.26829268291,0.43967747688293457,
151908.19512195123,0.4396974742412567,
151921.1219512195,0.43971747159957886,
151925.0,,2.0
151941.085106383,0.43975746631622314,
151971.914893617,0.4398374557495117,
151983.97872340426,0.439877450466156,
151988.0,,4.0
152040.5,0.43996745347976685,
152070.5,0.4400574564933777,
152108.0,0.4401474595069885,
152156.75,0.44023746252059937,
152168.0,,9.0
152186.07142857142,0.44027745723724365,
152197.57142857142,0.44031745195388794,
152212.35714285713,0.4403574466705322,
152232.07142857142,0.4403974413871765,
152237.0,,4.0
152251.29787234042,0.4404374361038208,
152260.82978723405,0.4404774308204651,
152273.93617021278,0.4405174255371094,
152289.4255319149,0.44055742025375366,
152293.0,,4.0
152361.0,0.4406474232673645,
152389.0,0.44073742628097534,
152461.0,0.440917432308197,
152473.0,,9.0
152487.85714285713,0.44093742966651917,
152500.42857142858,0.4409574270248413,
152514.14285714287,0.44097742438316345,
152525.57142857142,0.4409974217414856,
152529.0,,2.0
152569.21739130435,0.4411774277687073,
152598.1739130435,0.44135743379592896,
152603.0,,9.0
152627.65217391305,0.4413774311542511,
152639.97826086957,0.44139742851257324,
152652.30434782608,0.4414174258708954,
152661.89130434784,0.44143742322921753,
152666.0,,2.0
152728.14285714287,0.4414574205875397,
152753.0,0.4414774179458618,
152790.2857142857,0.44149741530418396,
152827.57142857142,0.4415174126625061,
152840.0,,2.0
152864.45283018867,0.4415974020957947,
152880.75471698114,0.44167739152908325,
152897.05660377358,0.4417573809623718,
152907.9245283019,0.4418373703956604,
152912.0,,8.0
152931.0,0.4418673813343048,
152942.6923076923,0.4418973922729492,
152952.92307692306,0.44192740321159363,
152964.61538461538,0.44195741415023804,
152969.0,,3.0
153006.96296296295,0.44201740622520447,
153016.22222222222,0.4420374035835266,
153019.0,,2.0
153035.10869565216,0.44205740094184875,
153051.21739130435,0.4420773983001709,
153064.84782608695,0.44209739565849304,
153076.0,,2.0
153126.18181818182,0.44226741790771484,
153140.29545454544,0.4423174262046814,
153145.0,,5.0
153183.6896551724,0.44239741563796997,
153197.75862068965,0.44243741035461426,
153209.4827586207,0.44247740507125854,
153213.0,,4.0
153246.67346938775,0.4425573945045471,
153274.95918367346,0.4426373839378357,
153279.0,,4.0
153304.3469387755,0.44272738695144653,
153331.10204081633,0.4429073929786682,
153343.77551020408,0.44299739599227905,
153348.0,,9.0
153362.11764705883,0.4430173933506012,
153376.23529411765,0.44303739070892334,
153386.82352941178,0.4430573880672455,
153402.70588235295,0.4430773854255676,
153408.0,,2.0
153426.26086956522,0.4430873990058899,
153451.04347826086,0.4431074261665344,
153464.08695652173,0.4431174397468567,
153468.0,,1.0
153486.78260869565,0.4431174397468567,
153493.8260869565,0.4431174397468567,
153506.73913043478,0.4431174397468567,
153518.47826086957,0.4431174397468567,
153522.0,,0.0
153542.26315789475,0.4431474506855011,
153553.31578947368,0.4431774616241455,
153569.8947368421,0.4432074725627899,
153586.47368421053,0.4432374835014343,
153592.0,,3.0
153608.6222222222,0.4432874917984009,
153640.35555555555,0.443387508392334,
153655.46666666667,0.44343751668930054,
153660.0,,5.0
153712.925,0.44370752573013306,
153733.0,,9.0
153752.36363636365,0.4438275396823883,
153763.6590909091,0.4438575506210327,
153786.25,0.4438875615596771,
153799.1590909091,0.44391757249832153,
153804.0,,3.0
153835.67307692306,0.44397759437561035,
153852.09615384616,0.44400760531425476,
153865.0,,3.0
153902.06382978722,0.44411760568618774,
153912.04255319148,0.44415760040283203,
153927.72340425532,0.4441975951194763,
153932.0,,4.0
154003.0,,3.0
154026.18181818182,0.4444076418876648,
154037.0,0.44449764490127563,
154058.63636363635,0.4445876479148865,
154071.0,,9.0
154125.0,0.44476765394210815,
154147.5,0.444857656955719,
154179.0,0.44494765996932983,
154237.5,0.4450376629829407,
154251.0,,9.0
154291.86363636365,0.44518768787384033,
154305.04545454544,0.4452376961708069,
154309.0,,5.0
154337.76086956522,0.44531768560409546,
154354.19565217392,0.44535768032073975,
154367.89130434784,0.44539767503738403,
154372.0,,4.0
154393.81818181818,0.4454076886177063,
154406.9090909091,0.44541770219802856,
154420.0,0.44542771577835083,
154432.0,,1.0
154453.51020408163,0.44544774293899536,
154463.6326530612,0.4454577565193176,
154476.2857142857,0.4454677700996399,
154490.20408163266,0.44547778367996216,
154494.0,,1.0
154512.6923076923,0.4454877972602844,
154524.11538461538,0.4454978108406067,
154544.88461538462,0.4455178380012512,
154548.0,,1.0
154562.55319148937,0.4455578327178955,
154578.31914893616,0.4455978274345398,
154588.02127659574,0.4456378221511841,
154601.36170212767,0.44567781686782837,
154605.0,,4.0
154620.29411764705,0.44568783044815063,
154647.82352941178,0.44570785760879517,
154653.9411764706,0.44571787118911743,
154657.0,,1.0
154687.0487804878,0.4457278847694397,
154738.56097560975,0.4457579255104065,
154745.0,,1.0
154756.42857142858,0.44576793909072876,
154797.57142857142,0.44579797983169556,
154801.0,,1.0
154815.35294117648,0.4458179771900177,
154829.70588235295,0.44583797454833984,
154845.25490196078,0.445857971906662,
154858.41176470587,0.44587796926498413,
154862.0,,2.0
154883.33333333334,0.44590798020362854,
154893.2888888889,0.44593799114227295,
154907.51111111112,0.44596800208091736,
154921.73333333334,0.44599801301956177,
154926.0,,3.0
154942.11111111112,0.44600802659988403,
154953.38888888888,0.4460180401802063,
154967.88888888888,0.44602805376052856,
154984.0,,1.0
155006.8,0.44609805941581726,
155023.52,0.4461580514907837,
155041.76,0.4462180435657501,
155055.44,0.44627803564071655,
155060.0,,6.0
155078.0,0.44634804129600525,
155098.0,0.44641804695129395,
155114.0,0.44648805260658264,
155132.0,,7.0
155154.5,0.4465680718421936,
155160.75,0.44657808542251587,
155172.0,0.44658809900283813,
155183.25,0.4465981125831604,
155187.0,,1.0
155211.47368421053,0.44661813974380493,
155219.36842105264,0.4466281533241272,
155229.63157894736,0.44663816690444946,
155232.0,,1.0
155247.3,0.44664818048477173,
155257.5,0.446658194065094,
155266.68,0.44666820764541626,
155279.94,0.4466782212257385,
155283.0,,1.0
155300.24489795917,0.44670823216438293,
155318.81632653062,0.44673824310302734,
155330.75510204083,0.44676825404167175,
155348.0,,3.0
155378.5,0.446858286857605,
155393.14,0.4468882977962494,
155409.0,,3.0
155431.27272727274,0.44692832231521606,
155474.22727272726,0.44695836305618286,
155479.0,,1.0
155495.15384615384,0.4469683766365051,
155513.61538461538,0.4469783902168274,
155521.6923076923,0.44698840379714966,
155535.53846153847,0.4469984173774719,
155539.0,,1.0
155549.3404255319,0.4469984173774719,
155563.12765957447,0.4469984173774719,
155593.0,,0.0
155611.85714285713,0.4470484256744385,
155626.67346938775,0.44709843397140503,
155644.18367346938,0.4471484422683716,
155654.95918367346,0.44719845056533813,
155659.0,,5.0
155683.98039215687,0.44721847772598267,
155705.11764705883,0.4472385048866272,
155708.0,,1.0
155724.46666666667,0.4472685158252716,
155738.4,0.447298526763916,
155748.53333333333,0.4473285377025604,
155761.2,0.44735854864120483,
155765.0,,3.0
155775.23076923078,0.447378545999527,
155788.38461538462,0.4473985433578491,
155804.46153846153,0.44741854071617126,
155822.0,,2.0
155836.48780487804,0.4474385380744934,
155854.92682926828,0.4474385380744934,
155872.0487804878,0.4474385380744934,
155876.0,,0.0
155889.84615384616,0.44745853543281555,
155900.92307692306,0.4474785327911377,
155913.38461538462,0.44749853014945984,
155925.84615384616,0.447518527507782,
155930.0,,2.0
155944.7906976744,0.447518527507782,
155962.0465116279,0.447518527507782,
155970.67441860464,0.447518527507782,
155979.3023255814,0.447518527507782,
155983.0,,0.0
155999.95652173914,0.4475385248661041,
156011.69565217392,0.44755852222442627,
156039.08695652173,0.44759851694107056,
156043.0,,2.0
156060.14285714287,0.4476585388183594,
156075.85714285713,0.4476885497570038,
156088.7142857143,0.4477185606956482,
156093.0,,3.0
156117.48387096773,0.44776856899261475,
156133.06451612903,0.4478185772895813,
156145.3064516129,0.44786858558654785,
156158.66129032258,0.4479185938835144,
156162.0,,5.0
156179.59649122806,0.44793859124183655,
156193.05263157896,0.4479585886001587,
156209.61403508772,0.44797858595848083,
156217.8947368421,0.447998583316803,
156221.0,,2.0
156231.5945945946,0.4480885863304138,
156248.24324324325,0.44817858934402466,
156260.35135135136,0.4482685923576355,
156272.45945945947,0.44835859537124634,
156277.0,,9.0
156292.5,0.44838860630989075,
156311.57692307694,0.44841861724853516,
156325.88461538462,0.44844862818717957,
156335.42307692306,0.448478639125824,
156339.0,,3.0
156357.78260869565,0.4484986364841461,
156368.34782608695,0.44851863384246826,
156389.47826086957,0.44855862855911255,
156393.0,,2.0
156409.25,0.4486486315727234,
156434.97916666666,0.44882863759994507,
156453.9375,0.4489186406135559,
156458.0,,9.0
156477.6,0.44896864891052246,
156497.2,0.449018657207489,
156523.8,0.4491186738014221,
156528.0,,5.0
156570.93023255814,0.4491586685180664,
156594.0465116279,0.4491986632347107,
156660.09302325582,0.44927865266799927,
156670.0,,4.0
156684.10256410256,0.44928866624832153,
156712.3076923077,0.44930869340896606,
156720.76923076922,0.44931870698928833,
156725.0,,1.0
156741.25,0.4493687152862549,
156755.0,0.44941872358322144,
156768.75,0.449468731880188,
156786.25,0.44951874017715454,
156790.0,,5.0
156804.07692307694,0.4496087431907654,
156813.46153846153,0.4496987462043762,
156830.66666666666,0.44978874921798706,
156846.3076923077,0.4498787522315979,
156851.0,,9.0
156890.1489361702,0.4500587582588196,
156912.27659574468,0.4501487612724304,
156925.89361702127,0.45023876428604126,
156931.0,,9.0
156954.97619047618,0.45031875371932983,
156967.59523809524,0.4503587484359741,
156980.2142857143,0.4503987431526184,
156984.0,,4.0
157003.52,0.4504087567329407,
157015.72,0.45041877031326294,
157027.92,0.4504287838935852,
157041.34,0.45043879747390747,
157045.0,,1.0
157064.2857142857,0.4504587948322296,
157104.14285714287,0.45051878690719604,
157108.0,,2.0
157126.1463414634,0.45054879784584045,
157138.24390243902,0.45057880878448486,
157148.82926829267,0.4506088197231293,
157165.46341463414,0.4506388306617737,
157170.0,,3.0
157191.5918367347,0.4506388306617737,
157199.10204081633,0.4506388306617737,
157213.18367346938,0.4506388306617737,
157216.0,,0.0
157230.75,0.4506588280200958,
157245.5,0.45067882537841797,
157258.9090909091,0.4506988227367401,
157270.97727272726,0.45071882009506226,
157275.0,,2.0
157294.78723404257,0.45074883103370667,
157306.6595744681,0.4507788419723511,
157319.8510638298,0.4508088529109955,
157333.04255319148,0.4508388638496399,
157337.0,,3.0
157368.5,0.45091885328292847,
157382.675,0.45095884799957275,
157395.275,0.45099884271621704,
157400.0,,4.0
157418.3673469388,0.45103883743286133,
157433.0612244898,0.4510788321495056,
157444.08163265305,0.4511188268661499,
157456.32653061225,0.4511588215827942,
157460.0,,4.0
157475.0,0.4511888325214386,
157491.5,0.451218843460083,
157505.0,0.4512488543987274,
157518.5,0.4512788653373718,
157523.0,,3.0
157567.0888888889,0.45136889815330505,
157587.0,,3.0
157594.30434782608,0.45140892267227173,
157607.86956521738,0.451418936252594,
157620.39130434784,0.45142894983291626,
157631.86956521738,0.4514389634132385,
157635.0,,1.0
157651.0,0.45145896077156067,
157675.0,0.45149895548820496,
157691.0,0.4515189528465271,
157695.0,,2.0
157729.41666666666,0.45160895586013794,
157766.29166666666,0.4516989588737488,
157785.95833333334,0.4517889618873596,
157805.625,0.45187896490097046,
157813.0,,9.0
157827.47727272726,0.4518989622592926,
157835.27272727274,0.45191895961761475,
157858.6590909091,0.45195895433425903,
157862.0,,2.0
157877.75,0.4519689679145813,
157893.5,0.45197898149490356,
157906.38636363635,0.45198899507522583,
157920.70454545456,0.4519990086555481,
157925.0,,1.0
157962.82926829267,0.4520290195941925,
157990.34146341463,0.4520590305328369,
158024.73170731709,0.4520890414714813,
158055.68292682926,0.45211905241012573,
158066.0,,3.0
158081.16666666666,0.45215904712677,
158109.16666666666,0.4522390365600586,
158118.5,0.4522790312767029,
158122.0,,4.0
158140.39024390245,0.45231902599334717,
158146.0487804878,0.45235902070999146,
158175.75609756098,0.45243901014328003,
158180.0,,4.0
158217.914893617,0.45249900221824646,
158230.55319148937,0.4525189995765686,
158234.0,,2.0
158253.2857142857,0.4525589942932129,
158264.85714285713,0.4525989890098572,
158297.0,,4.0
158315.8085106383,0.4527289867401123,
158340.40425531915,0.4528290033340454,
158360.6595744681,0.45287901163101196,
158365.0,,5.0
158386.34615384616,0.4528990089893341,
158399.15384615384,0.45291900634765625,
158421.92307692306,0.4529390037059784,
158434.73076923078,0.45295900106430054,
158439.0,,2.0
158537.18181818182,0.4531390070915222,
158574.0,0.45322901010513306,
158619.0,,9.0
158638.24528301886,0.45332902669906616,
158675.6037735849,0.45335906744003296,
158679.0,,1.0
158698.66666666666,0.4533790647983551,
158710.46666666667,0.45339906215667725,
158722.26666666666,0.4534190595149994,
158734.06666666668,0.45343905687332153,
158738.0,,2.0
158757.95652173914,0.4534590542316437,
158781.4347826087,0.45349904894828796,
158792.0,,2.0
158809.59615384616,0.4535590410232544,
158824.84615384616,0.4535990357398987,
158840.09615384616,0.45363903045654297,
158849.48076923078,0.45367902517318726,
158853.0,,4.0
158878.4090909091,0.45370903611183167,
158894.04545454544,0.4537390470504761,
158933.13636363635,0.4537990689277649,
158939.0,,3.0
158951.97872340426,0.4538290798664093,
158964.95744680852,0.4538590908050537,
158983.12765957447,0.4538891017436981,
158996.10638297873,0.45391911268234253,
159000.0,,3.0
159014.04,0.4539391100406647,
159025.92,0.4539591073989868,
159037.8,0.45397910475730896,
159050.76,0.4539991021156311,
159054.0,,2.0
159075.328125,0.4540291130542755,
159088.53125,0.4540591239929199,
159098.6875,0.45408913493156433,
159115.953125,0.45411914587020874,
159119.0,,3.0
159154.45454545456,0.4541991353034973,
159169.22727272726,0.4542391300201416,
159179.56818181818,0.4542791247367859,
159184.0,,4.0
159203.47826086957,0.4543191194534302,
159214.60869565216,0.45435911417007446,
159229.91304347827,0.45439910888671875,
159243.8260869565,0.45443910360336304,
159248.0,,4.0
159258.7906976744,0.45443910360336304,
159274.97674418605,0.45443910360336304,
159291.16279069768,0.45443910360336304,
159301.9534883721,0.45443910360336304,
159306.0,,0.0
159314.79487179487,0.4544491171836853,
159326.10256410256,0.45445913076400757,
159337.41025641025,0.45446914434432983,
159355.0,,1.0
159368.96153846153,0.45449915528297424,
159382.92307692306,0.4545191526412964,
159417.1923076923,0.4545591473579407,
159421.0,,2.0
159459.4,0.45473915338516235,
159480.73333333334,0.45491915941238403,
159485.0,,9.0
159498.41463414635,0.45494917035102844,
159508.17073170733,0.45497918128967285,
159521.58536585365,0.45500919222831726,
159535.0,,3.0
159554.55555555556,0.4550592005252838,
159568.0,0.45507919788360596,
159576.55555555556,0.4550991952419281,
159590.0,,2.0
159614.20454545456,0.4552091956138611,
159625.5,0.4552991986274719,
159643.25,0.45538920164108276,
159656.1590909091,0.4554792046546936,
159661.0,,9.0
159699.44,0.45549923181533813,
159708.12,0.4555092453956604,
159719.28,0.45551925897598267,
159723.0,,1.0
159738.09302325582,0.45552927255630493,
159750.44186046513,0.4555392861366272,
159761.41860465117,0.45554929971694946,
159777.88372093023,0.45555931329727173,
159782.0,,1.0
159799.1219512195,0.45558932423591614,
159818.1463414634,0.45561933517456055,
159833.36585365853,0.45564934611320496,
159854.29268292684,0.45567935705184937,
159860.0,,3.0
159885.46808510637,0.45571935176849365,
159897.59574468085,0.4557393491268158,
159913.36170212767,0.45575934648513794,
159917.0,,2.0
159938.39130434784,0.4557693600654602,
159958.0,0.45577937364578247,
159974.04347826086,0.45578938722610474,
159993.65217391305,0.455799400806427,
159999.0,,1.0
160025.33333333334,0.45588940382003784,
160040.38095238095,0.4559794068336487,
160055.42857142858,0.4560694098472595,
160072.35714285713,0.45615941286087036,
160078.0,,9.0
160101.4107142857,0.45622941851615906,
160114.9642857143,0.45629942417144775,
160132.2142857143,0.45636942982673645,
160143.30357142858,0.45643943548202515,
160147.0,,7.0
160166.33333333334,0.4564494490623474,
160201.58823529413,0.4564794898033142,
160205.0,,1.0
160217.68292682926,0.4564794898033142,
160230.36585365853,0.4564794898033142,
160243.0487804878,0.4564794898033142,
160257.0,,0.0
160281.2857142857,0.45656949281692505,
160317.7142857143,0.45674949884414673,
160335.92857142858,0.45683950185775757,
160342.0,,9.0
160364.06382978722,0.456869512796402,
160374.44680851063,0.4568995237350464,
160386.12765957447,0.4569295346736908,
160399.10638297873,0.4569595456123352,
160403.0,,3.0
160421.73170731709,0.45696955919265747,
160429.53658536586,0.45697957277297974,
160442.0243902439,0.456989586353302,
160462.31707317074,0.45699959993362427,
160467.0,,1.0
160484.41176470587,0.4570896029472351,
160501.82352941178,0.45717960596084595,
160519.23529411765,0.4572696089744568,
160536.64705882352,0.4573596119880676,
160541.0,,9.0
160558.25,0.45737960934638977,
160591.18181818182,0.45741960406303406,
160605.29545454544,0.4574396014213562,
160610.0,,2.0
160623.17073170733,0.45745959877967834,
160636.34146341463,0.4574795961380005,
160665.60975609755,0.4575195908546448,
160670.0,,2.0
160688.48888888888,0.4575395882129669,
160715.51111111112,0.4575795829296112,
160734.0,,2.0
160744.96153846153,0.4576095938682556,
160755.92307692306,0.4576196074485779,
160773.46153846153,0.45762962102890015,
160787.71153846153,0.4576396346092224,
160791.0,,1.0
160806.7142857143,0.4576796293258667,
160817.9387755102,0.457719624042511,
160830.2857142857,0.4577596187591553,
160842.6326530612,0.45779961347579956,
160846.0,,4.0
160862.8,0.4578096270561218,
160879.6,0.4578196406364441,
160892.2,0.45782965421676636,
160904.8,0.4578396677970886,
160909.0,,1.0
160929.33333333334,0.4578496813774109,
160941.29411764705,0.45785969495773315,
160954.45098039217,0.4578697085380554,
160966.41176470587,0.4578797221183777,
160970.0,,1.0
160985.7142857143,0.4579097330570221,
160997.14285714287,0.4579397439956665,
161010.0,0.4579697549343109,
161025.7142857143,0.4579997658729553,
161030.0,,3.0
161053.78048780488,0.45802977681159973,
161070.24390243902,0.45805978775024414,
161105.0,,3.0
161198.6,0.45829981565475464,
161234.6,0.4583898186683655,
161274.2,0.4584798216819763,
161285.0,,9.0
161308.34146341463,0.4585598111152649,
161321.07317073172,0.45863980054855347,
161365.63414634147,0.4587997794151306,
161372.0,,8.0
161398.5,0.45881980657577515,
161408.86956521738,0.4588298201560974,
161421.54347826086,0.4588398337364197,
161425.0,,1.0
161457.89795918367,0.4588598608970642,
161483.20408163266,0.45887988805770874,
161487.0,,1.0
161502.6,0.458889901638031,
161524.7,0.45889991521835327,
161535.1,0.45890992879867554,
161548.1,0.4589199423789978,
161552.0,,1.0
161565.5,0.4589599370956421,
161592.5,0.45903992652893066,
161607.5,0.45907992124557495,
161612.0,,4.0
161658.43902439025,0.4591399133205414,
161675.0243902439,0.4591599106788635,
161680.0,,2.0
161717.0,0.4591899514198303,
161728.0,0.4591999650001526,
161731.0,,1.0
161754.66666666666,0.45921996235847473,
161766.5,0.4592399597167969,
161785.09523809524,0.459259957075119,
161802.0,,2.0
161817.975,0.4592899680137634,
161867.675,0.4593200087547302,
161873.0,,1.0
161889.57142857142,0.45934000611305237,
161902.5918367347,0.4593600034713745,
161914.42857142858,0.45938000082969666,
161927.44897959183,0.4593999981880188,
161931.0,,2.0
161973.2564102564,0.45942002534866333,
162002.3076923077,0.4594300389289856,
162034.0,,1.0
162053.43181818182,0.45946004986763,
162063.79545454544,0.45948004722595215,
162074.1590909091,0.4595000445842743,
162087.11363636365,0.45952004194259644,
162091.0,,2.0
162107.38,0.4595300555229187,
162138.88,0.45955008268356323,
162150.22,0.4595600962638855,
162154.0,,1.0
162183.57142857142,0.45957010984420776,
162207.51020408163,0.4595901370048523,
162218.77551020408,0.45960015058517456,
162223.0,,1.0
162234.61904761905,0.4596201479434967,
162250.59523809524,0.45964014530181885,
162279.64285714287,0.45968014001846313,
162284.0,,2.0
162307.2142857143,0.4597601294517517,
162325.07142857142,0.4598401188850403,
162341.14285714287,0.45992010831832886,
162359.0,,8.0
162393.16279069768,0.460080087184906,
162443.09302325582,0.46024006605148315,
162464.11627906977,0.46032005548477173,
162472.0,,8.0
162491.33333333334,0.460330069065094,
162504.56140350876,0.46034008264541626,
162515.75438596492,0.4603500962257385,
162526.94736842104,0.4603601098060608,
162530.0,,1.0
162551.66666666666,0.46045011281967163,
162588.33333333334,0.4606301188468933,
162605.0,,9.0
162620.7142857143,0.46079012751579285,
162633.2857142857,0.46086013317108154,
162647.42857142858,0.46093013882637024,
162666.2857142857,0.46100014448165894,
162671.0,,7.0
162687.18367346938,0.4610401391983032,
162702.1224489796,0.4610801339149475,
162712.08163265305,0.4611201286315918,
162728.26530612246,0.4611601233482361,
162732.0,,4.0
162745.4090909091,0.46117013692855835,
162753.45454545456,0.4611801505088806,
162772.22727272726,0.4611901640892029,
162786.97727272726,0.46120017766952515,
162791.0,,1.0
162811.625,0.4612501859664917,
162828.125,0.46130019426345825,
162852.875,0.46140021085739136,
162857.0,,5.0
162876.43181818182,0.4614102244377136,
162888.0909090909,0.4614202380180359,
162902.3409090909,0.46143025159835815,
162910.11363636365,0.4614402651786804,
162914.0,,1.0
162940.73913043478,0.461490273475647,
162976.39130434784,0.4615902900695801,
162990.65217391305,0.46164029836654663,
162996.0,,5.0
163012.85714285713,0.4616503119468689,
163024.09523809524,0.46166032552719116,
163050.7857142857,0.4616803526878357,
163055.0,,1.0
163072.36842105264,0.4617103636264801,
163086.84210526315,0.4617403745651245,
163100.35087719298,0.4617703855037689,
163107.1052631579,0.46180039644241333,
163110.0,,3.0
163121.86046511628,0.46183040738105774,
163138.46511627908,0.46186041831970215,
163149.13953488372,0.46189042925834656,
163157.44186046513,0.46192044019699097,
163161.0,,3.0
163190.8148148148,0.46210044622421265,
163207.66666666666,0.4621904492378235,
163227.11111111112,0.4622804522514343,
163231.0,,9.0
163245.74468085106,0.4623304605484009,
163257.8085106383,0.46238046884536743,
163275.2340425532,0.462430477142334,
163289.97872340426,0.46248048543930054,
163294.0,,5.0
163316.1590909091,0.46251049637794495,
163323.54545454544,0.46254050731658936,
163341.27272727274,0.46257051825523376,
163359.0,,3.0
163371.679245283,0.4626305401325226,
163383.30188679244,0.462660551071167,
163394.9245283019,0.4626905620098114,
163411.83018867925,0.4627205729484558,
163415.0,,3.0
163428.72093023255,0.4627605676651001,
163442.44186046513,0.4628005623817444,
163460.27906976745,0.46284055709838867,
163469.88372093023,0.46288055181503296,
163474.0,,4.0
163501.14,0.4629005789756775,
163515.3,0.46291059255599976,
163529.46,0.462920606136322,
163533.0,,1.0
163550.9347826087,0.46294060349464417,
163561.69565217392,0.4629606008529663,
163574.84782608695,0.46298059821128845,
163584.41304347827,0.4630005955696106,
163588.0,,2.0
163598.15,0.4630405902862549,
163627.15,0.46312057971954346,
163646.0,,4.0
163670.25531914894,0.46322059631347656,
163690.87234042553,0.46325060725212097,
163699.36170212767,0.4632806181907654,
163703.0,,3.0
163721.39215686274,0.46329063177108765,
163747.66666666666,0.4633106589317322,
163770.0,,1.0
163788.81578947368,0.46336066722869873,
163800.7894736842,0.463400661945343,
163812.76315789475,0.4634406566619873,
163829.86842105264,0.4634806513786316,
163835.0,,4.0
163881.8,0.4636606276035309,
163891.4,0.4637206196784973,
163895.0,,6.0
163907.5,0.46374061703681946,
163921.13636363635,0.4637606143951416,
163941.5909090909,0.4638006091117859,
163945.0,,2.0
163961.3829787234,0.4638606011867523,
163994.1489361702,0.4639805853366852,
164015.0,,6.0
164028.75,0.464070588350296,
164040.97222222222,0.46410059928894043,
164053.19444444444,0.46413061022758484,
164065.41666666666,0.46416062116622925,
164070.0,,3.0
164100.13725490196,0.4641806483268738,
164119.88235294117,0.4642006754875183,
164123.0,,1.0
164138.91836734695,0.4642306864261627,
164150.85714285713,0.46426069736480713,
164168.10204081633,0.46429070830345154,
164184.02040816325,0.46432071924209595,
164188.0,,3.0
164204.7142857143,0.4643307328224182,
164220.14285714287,0.4643407464027405,
164233.0,0.46435075998306274,
164247.14285714287,0.464360773563385,
164251.0,,1.0
164262.48936170212,0.46445077657699585,
164301.55319148937,0.46472078561782837,
164305.0,,9.0
164315.73684210525,0.4647407829761505,
164330.5,0.46476078033447266,
164343.92105263157,0.4647807776927948,
164351.97368421053,0.46480077505111694,
164356.0,,2.0
164371.2380952381,0.46484076976776123,
164388.0,0.4648807644844055,
164403.2380952381,0.4649207592010498,
164415.42857142858,0.4649607539176941,
164420.0,,4.0
164440.37735849057,0.4650007486343384,
164450.56603773584,0.46504074335098267,
164463.01886792452,0.46508073806762695,
164476.6037735849,0.46512073278427124,
164480.0,,4.0
164493.55555555556,0.4651407301425934,
164507.11111111112,0.4651607275009155,
164528.8,0.46518072485923767,
164536.93333333332,0.4652007222175598,
164541.0,,2.0
164558.0,0.4652407169342041,
164567.0,0.4652807116508484,
164594.0,0.46536070108413696,
164597.0,,4.0
164618.08,0.46537071466445923,
164630.48,0.4653807282447815,
164641.64,0.46539074182510376,
164655.28,0.465400755405426,
164659.0,,1.0
164701.85714285713,0.46567076444625854,
164715.32653061225,0.4657607674598694,
164719.0,,9.0
164739.83720930232,0.46581077575683594,
164753.23255813954,0.4658607840538025,
164765.13953488372,0.46591079235076904,
164778.53488372092,0.4659608006477356,
164783.0,,5.0
164794.42307692306,0.46598079800605774,
164833.88461538462,0.46604079008102417,
164837.0,,2.0
164854.60869565216,0.4660607874393463,
164865.1739130435,0.46608078479766846,
164876.91304347827,0.4661007821559906,
164887.47826086957,0.46612077951431274,
164891.0,,2.0
164908.95238095237,0.466130793094635,
164922.7619047619,0.4661408066749573,
164935.19047619047,0.46615082025527954,
164944.85714285713,0.4661608338356018,
164949.0,,1.0
164967.0,0.4662308394908905,
164985.0,0.4663008451461792,
165003.0,0.4663708508014679,
165017.0,0.4664408564567566,
165023.0,,7.0
165064.16666666666,0.466580867767334,
165079.33333333334,0.4666508734226227,
165094.5,0.4667208790779114,
165101.0,,7.0
165126.26086956522,0.4668108820915222,
165146.10869565216,0.46690088510513306,
165162.34782608695,0.4669908881187439,
165178.58695652173,0.46708089113235474,
165184.0,,9.0
165217.5,0.4672008752822876,
165232.85416666666,0.46726086735725403,
165246.8125,0.46732085943222046,
165251.0,,6.0
165263.39130434784,0.4673408567905426,
165275.78260869565,0.46736085414886475,
165304.28260869565,0.46740084886550903,
165308.0,,2.0
165327.375,0.46746084094047546,
165353.20833333334,0.4675808250904083,
165366.125,0.46764081716537476,
165370.0,,6.0
165387.45454545456,0.46767082810401917,
165400.54545454544,0.4677008390426636,
165415.0909090909,0.467730849981308,
165429.63636363635,0.4677608609199524,
165434.0,,3.0
165444.66666666666,0.4678008556365967,
165459.33333333334,0.46784085035324097,
165479.33333333334,0.46788084506988525,
165490.0,0.46792083978652954,
165494.0,,4.0
165518.11627906977,0.4679308533668518,
165530.88372093023,0.4679408669471741,
165539.39534883722,0.46795088052749634,
165555.0,,1.0
165598.13043478262,0.46811091899871826,
165612.95652173914,0.4681609272956848,
165617.0,,5.0
165634.9411764706,0.46818092465400696,
165649.29411764705,0.4682009220123291,
165672.61764705883,0.4682409167289734,
165678.0,,2.0
165696.0,0.46825093030929565,
165710.14285714287,0.4682609438896179,
165725.57142857142,0.4682709574699402,
165737.14285714287,0.46828097105026245,
165741.0,,1.0
165766.2,0.4683009684085846,
165774.6,0.46832096576690674,
165785.8,0.4683409631252289,
165799.8,0.468360960483551,
165804.0,,2.0
165812.6739130435,0.46839097142219543,
165830.02173913043,0.46842098236083984,
165844.89130434784,0.46845099329948425,
165857.28260869565,0.46848100423812866,
165861.0,,3.0
165887.5306122449,0.4685710072517395,
165914.0612244898,0.46866101026535034,
165934.4693877551,0.4687510132789612,
165954.8775510204,0.468841016292572,
165961.0,,9.0
165974.68,0.4688510298728943,
165984.94,0.46886104345321655,
166003.18,0.4688710570335388,
166014.58,0.4688810706138611,
166018.0,,1.0
166035.44897959183,0.46889108419418335,
166047.08163265305,0.4689010977745056,
166059.8775510204,0.4689111113548279,
166071.51020408163,0.46892112493515015,
166075.0,,1.0
166089.48780487804,0.4689311385154724,
166097.39024390245,0.4689411520957947,
166107.92682926828,0.46895116567611694,
166129.0,,1.0
166147.77272727274,0.46905118227005005,
166157.1590909091,0.4691411852836609,
166171.9090909091,0.46923118829727173,
166183.97727272726,0.46932119131088257,
166188.0,,9.0
166213.6,0.4693412184715271,
166229.6,0.46935123205184937,
166247.2,0.46936124563217163,
166252.0,,1.0
166269.8536585366,0.4694012403488159,
166308.53658536586,0.4695212244987488,
166313.0,,4.0
166326.4693877551,0.4695412218570709,
166342.38775510204,0.46956121921539307,
166355.85714285713,0.4695812165737152,
166369.32653061225,0.46960121393203735,
166373.0,,2.0
166390.68,0.4696212112903595,
166399.0,0.46964120864868164,
166421.88,0.4696812033653259,
166425.0,,2.0
166473.13953488372,0.4698411822319031,
166515.0,,8.0
166530.51219512196,0.47002115845680237,
166542.1463414634,0.4700411558151245,
166564.1219512195,0.4700811505317688,
166568.0,,2.0
166580.5,0.47009116411209106,
166603.0,0.4701111912727356,
166619.25,0.47012120485305786,
166623.0,,1.0
166638.24444444446,0.4701312184333801,
166649.13333333333,0.4701412320137024,
166662.2,0.47015124559402466,
166668.73333333334,0.4701612591743469,
166672.0,,1.0
166684.85714285713,0.47019127011299133,
166695.14285714287,0.47022128105163574,
166713.14285714287,0.47025129199028015,
166722.14285714287,0.47028130292892456,
166726.0,,3.0
166761.4375,0.4703413248062134,
166785.0625,0.4704013466835022,
166789.0,,3.0
166810.76,0.4704313576221466,
166824.84,0.470461368560791,
166835.08,0.4704913794994354,
166849.16,0.47052139043807983,
166853.0,,3.0
166879.7857142857,0.4706113934516907,
166904.7857142857,0.47079139947891235,
166922.64285714287,0.4708814024925232,
166928.0,,9.0
166966.65384615384,0.470941424369812,
166980.82692307694,0.4709714353084564,
166991.13461538462,0.47100144624710083,
166995.0,,3.0
167008.04347826086,0.471021443605423,
167018.47826086957,0.4710414409637451,
167051.08695652173,0.4710814356803894,
167055.0,,2.0
167070.25,0.47109144926071167,
167100.75,0.4711114764213562,
167112.1875,0.47112149000167847,
167116.0,,1.0
167129.4693877551,0.4711414873600006,
167148.32653061225,0.47116148471832275,
167163.14285714287,0.4711814820766449,
167177.95918367346,0.47120147943496704,
167182.0,,2.0
167192.88372093023,0.4712114930152893,
167206.18604651163,0.4712215065956116,
167215.86046511628,0.47123152017593384,
167230.37209302327,0.4712415337562561,
167234.0,,1.0
167260.30434782608,0.47126156091690063,
167273.45652173914,0.4712715744972229,
167285.41304347827,0.47128158807754517,
167289.0,,1.0
167305.92307692306,0.4713015854358673,
167344.38461538462,0.47136157751083374,
167349.0,,2.0
167361.4347826087,0.4713815748691559,
167373.86956521738,0.471401572227478,
167386.30434782608,0.47142156958580017,
167401.0,,2.0
167422.29787234042,0.4714815616607666,
167446.87234042553,0.4715215563774109,
167478.0,,4.0
167495.45454545456,0.4716215431690216,
167505.63636363635,0.47164154052734375,
167523.0909090909,0.4716615378856659,
167537.63636363635,0.47168153524398804,
167542.0,,2.0
167575.64,0.47170156240463257,
167587.24,0.47171157598495483,
167596.52,0.4717215895652771,
167600.0,,1.0
167666.1224489796,0.4719015955924988,
167696.42857142858,0.4719915986061096,
167735.0,,9.0
167752.4,0.4721015989780426,
167762.55,0.47212159633636475,
167775.6,0.4721415936946869,
167788.65,0.47216159105300903,
167793.0,,2.0
167831.88888888888,0.4722415804862976,
167849.0,0.4722815752029419,
167858.33333333334,0.4723215699195862,
167863.0,,4.0
167894.41818181818,0.472381591796875,
167910.70909090908,0.4724116027355194,
167923.5090909091,0.4724416136741638,
167927.0,,3.0
167946.35555555555,0.47249162197113037,
167959.75555555554,0.4725416302680969,
167977.6222222222,0.4725916385650635,
167989.53333333333,0.47264164686203003,
167994.0,,5.0
168011.33333333334,0.4726516604423523,
168028.66666666666,0.47266167402267456,
168043.33333333334,0.4726716876029968,
168058.0,,1.0
168076.306122449,0.47270169854164124,
168105.8775510204,0.4727416932582855,
168122.77551020408,0.47276169061660767,
168127.0,,2.0
168156.43396226416,0.4728217124938965,
168169.9245283019,0.4728517234325409,
168188.320754717,0.4728817343711853,
168192.0,,3.0
168203.7,0.47289174795150757,
168211.8,0.47290176153182983,
168223.5,0.4729117751121521,
168234.3,0.47292178869247437,
168237.0,,1.0
168250.81395348837,0.4730117917060852,
168260.86046511628,0.47310179471969604,
168275.93023255814,0.4731917977333069,
168291.0,,9.0
168312.60784313726,0.47329181432724,
168323.98039215687,0.47330182790756226,
168336.49019607843,0.4733118414878845,
168345.58823529413,0.4733218550682068,
168349.0,,1.0
168365.6739130435,0.47334185242652893,
168374.65217391305,0.4733618497848511,
168391.3260869565,0.4733818471431732,
168404.15217391305,0.47340184450149536,
168408.0,,2.0
168428.29545454544,0.47340184450149536,
168440.04545454544,0.47340184450149536,
168455.0,,0.0
168467.75675675675,0.4734118580818176,
168486.8918918919,0.4734218716621399,
168499.64864864864,0.47343188524246216,
168509.2162162162,0.4734418988227844,
168514.0,,1.0
168539.1320754717,0.47353190183639526,
168557.28301886792,0.4736219048500061,
168583.81132075473,0.4738019108772278,
168588.0,,9.0
168608.3,0.47381192445755005,
168618.93333333332,0.4738219380378723,
168628.6,0.4738319516181946,
168643.1,0.47384196519851685,
168646.0,,1.0
168682.8260869565,0.4740219712257385,
168701.23913043478,0.47411197423934937,
168717.97826086957,0.4742019772529602,
168723.0,,9.0
168749.8947368421,0.4742819666862488,
168776.7894736842,0.4744419455528259,
168790.23684210525,0.4745219349861145,
168796.0,,8.0
168806.54166666666,0.47453194856643677,
168825.70833333334,0.4745519757270813,
168839.125,0.47456198930740356,
168842.0,,1.0
168855.53191489363,0.4745819866657257,
168869.06382978722,0.47460198402404785,
168880.3404255319,0.47462198138237,
168891.6170212766,0.47464197874069214,
168895.0,,2.0
168917.6595744681,0.474731981754303,
168932.7659574468,0.4748219847679138,
168947.87234042553,0.47491198778152466,
168966.0,,9.0
168987.2093023256,0.47502198815345764,
169006.6511627907,0.4750419855117798,
169022.55813953487,0.47506198287010193,
169036.6976744186,0.4750819802284241,
169042.0,,2.0
169091.1891891892,0.4751419723033905,
169112.0,,2.0
169157.95744680852,0.4752519726753235,
169188.59574468085,0.4753419756889343,
169292.0,,9.0
169314.36,0.47558197379112244,
169331.56,0.47564196586608887,
169355.64,0.4757019579410553,
169372.84,0.47576195001602173,
169378.0,,6.0
169386.33333333334,0.47576195001602173,
169401.33333333334,0.47576195001602173,
169416.33333333334,0.47576195001602173,
169438.0,,0.0
169464.25,0.475771963596344,
169476.5,0.47578197717666626,
169487.0,0.4757919907569885,
169502.75,0.4758020043373108,
169508.0,,1.0
169546.28,0.4758419990539551,
169570.04,0.47588199377059937,
169574.0,,2.0
169591.87234042553,0.47589200735092163,
169603.78723404257,0.4759020209312439,
169639.53191489363,0.4759220480918884,
169644.0,,1.0
169680.54,0.47594207525253296,
169693.14,0.4759520888328552,
169703.22,0.4759621024131775,
169707.0,,1.0
169725.2,0.47598209977149963,
169737.8,0.4760020971298218,
169753.2,0.4760220944881439,
169765.8,0.47604209184646606,
169770.0,,2.0
169815.51063829788,0.47622209787368774,
169825.78723404257,0.4763121008872986,
169834.59574468085,0.4764021039009094,
169839.0,,9.0
169887.6857142857,0.47667211294174194,
169903.91428571427,0.4767621159553528,
169910.0,,9.0
169934.31578947368,0.4768221080303192,
169954.2105263158,0.47688210010528564,
169969.68421052632,0.4769420921802521,
169994.0,,6.0
170044.27272727274,0.477272093296051,
170073.0,,9.0
170085.0,0.477382093667984,
170118.0,0.47744208574295044,
170121.0,,2.0
170162.02040816325,0.47754210233688354,
170174.32653061225,0.4775921106338501,
170183.89795918367,0.47764211893081665,
170188.0,,5.0
170206.0,0.4776521325111389,
170217.0,0.4776621460914612,
170245.0,0.4776821732521057,
170248.0,,1.0
170261.75,0.47770217061042786,
170275.5,0.47772216796875,
170284.66666666666,0.47774216532707214,
170299.5625,0.4777621626853943,
170303.0,,2.0
170318.0652173913,0.4778021574020386,
170331.76086956522,0.47784215211868286,
170348.19565217392,0.47788214683532715,
170361.89130434784,0.47792214155197144,
170366.0,,4.0
170381.46666666667,0.47795215249061584,
170395.64444444445,0.47798216342926025,
170405.95555555556,0.47801217436790466,
170420.13333333333,0.4780421853065491,
170424.0,,3.0
170508.375,0.47840219736099243,
170514.0,,9.0
170533.1219512195,0.4784221947193146,
170545.41463414635,0.4784421920776367,
170553.60975609755,0.47846218943595886,
170565.9024390244,0.478482186794281,
170570.0,,2.0
170590.3137254902,0.4785521924495697,
170609.17647058822,0.4786221981048584,
170619.33333333334,0.4786922037601471,
170639.64705882352,0.4787622094154358,
170644.0,,7.0
170689.03703703705,0.47888219356536865,
170704.44444444444,0.47892218828201294,
170708.0,,4.0
170739.34782608695,0.47898218035697937,
170759.5,0.4790421724319458,
170804.28260869565,0.47916215658187866,
170811.0,,6.0
170834.18181818182,0.47920215129852295,
170858.52272727274,0.47924214601516724,
170862.0,,2.0
170877.7142857143,0.4792621433734894,
170887.7142857143,0.4792821407318115,
170917.7142857143,0.4793221354484558,
170922.0,,2.0
170938.13333333333,0.47934213280677795,
170948.4,0.4793621301651001,
170967.46666666667,0.47938212752342224,
170983.6,0.4794021248817444,
170988.0,,2.0
171009.25,0.47942212224006653,
171021.75,0.47944211959838867,
171048.0,,2.0
171061.91304347827,0.4795021116733551,
171080.0,0.47952210903167725,
171096.69565217392,0.4795421063899994,
171107.8260869565,0.47956210374832153,
171112.0,,2.0
171130.33333333334,0.4795821011066437,
171143.02564102566,0.4796020984649658,
171152.89743589744,0.47962209582328796,
171162.76923076922,0.4796420931816101,
171167.0,,2.0
171181.60869565216,0.4796721041202545,
171195.0,0.4797021150588989,
171205.95652173914,0.47973212599754333,
171219.34782608695,0.47976213693618774,
171223.0,,3.0
171236.0,0.47977215051651,
171251.16666666666,0.4797821640968323,
171260.91666666666,0.47979217767715454,
171275.0,,1.0
171301.09523809524,0.47989219427108765,
171340.2380952381,0.4799821972846985,
171369.59523809524,0.4800722002983093,
171402.2142857143,0.48016220331192017,
171412.0,,9.0
171433.16279069768,0.480252206325531,
171447.81395348837,0.48034220933914185,
171477.11627906977,0.4805222153663635,
171482.0,,9.0
171499.7142857143,0.48061221837997437,
171514.89795918367,0.4807022213935852,
171530.08163265305,0.48079222440719604,
171540.20408163266,0.4808822274208069,
171544.0,,9.0
171576.5,0.48098224401474,
171591.39583333334,0.48103225231170654,
171604.9375,0.4810822606086731,
171609.0,,5.0
171632.48936170212,0.4811022877693176,
171642.70212765958,0.4811123013496399,
171653.93617021278,0.48112231492996216,
171657.0,,1.0
171701.45762711865,0.4811823070049286,
171714.89830508476,0.48120230436325073,
171718.0,,2.0
171730.4,0.4812223017215729,
171762.0888888889,0.48126229643821716,
171775.86666666667,0.4812822937965393,
171780.0,,2.0
171798.3,0.48130229115486145,
171812.025,0.4813222885131836,
171825.75,0.48134228587150574,
171836.425,0.4813622832298279,
171841.0,,2.0
171857.875,0.48137229681015015,
171868.0,0.4813823103904724,
171875.875,0.4813923239707947,
171895.0,,1.0
171930.04347826086,0.48143237829208374,
171943.60869565216,0.481442391872406,
171947.0,,1.0
171972.33333333334,0.48153239488601685,
171986.58333333334,0.4816223978996277,
172002.41666666666,0.4817124009132385,
172018.25,0.48180240392684937,
172023.0,,9.0
172038.46666666667,0.48184239864349365,
172047.48888888888,0.48188239336013794,
172062.95555555556,0.4819223880767822,
172077.13333333333,0.4819623827934265,
172081.0,,4.0
172103.7906976744,0.48201239109039307,
172118.44186046513,0.4820623993873596,
172129.83720930232,0.48211240768432617,
172146.11627906977,0.4821624159812927,
172151.0,,5.0
172163.57142857142,0.482172429561615,
172187.14285714287,0.4821924567222595,
172201.2857142857,0.4822024703025818,
172206.0,,1.0
172236.23913043478,0.48225247859954834,
172285.08695652173,0.48235249519348145,
172313.0,,5.0
172327.58695652173,0.48242250084877014,
172343.5,0.4824424982070923,
172354.10869565216,0.48246249556541443,
172370.02173913043,0.4824824929237366,
172374.0,,2.0
172407.3469387755,0.4825325012207031,
172421.38775510204,0.4825825095176697,
172454.73469387754,0.4826825261116028,
172460.0,,5.0
172486.6590909091,0.4827425479888916,
172498.25,0.482772558927536,
172507.52272727274,0.4828025698661804,
172511.0,,3.0
172523.2105263158,0.482852578163147,
172538.47368421053,0.4829025864601135,
172555.26315789475,0.4829525947570801,
172564.42105263157,0.48300260305404663,
172569.0,,5.0
172581.25,0.48300260305404663,
172593.5,0.48300260305404663,
172602.4090909091,0.48300260305404663,
172614.6590909091,0.48300260305404663,
172618.0,,0.0
172642.0,0.48309260606765747,
172660.0,0.4831826090812683,
172678.0,0.48327261209487915,
172700.0,0.48336261510849,
172706.0,,9.0
172719.5,0.48338261246681213,
172733.0,0.4834026098251343,
172744.04545454544,0.4834226071834564,
172756.31818181818,0.48344260454177856,
172760.0,,2.0
172781.29787234042,0.483502596616745,
172802.59574468085,0.4835625886917114,
172818.97872340426,0.48362258076667786,
172832.085106383,0.4836825728416443,
172837.0,,6.0
172862.75555555554,0.4837225675582886,
172873.6,0.48376256227493286,
172881.73333333334,0.48380255699157715,
172893.93333333332,0.48384255170822144,
172898.0,,4.0
172921.75,0.4839325547218323,
172943.125,0.4840225577354431,
172962.125,0.48411256074905396,
172985.875,0.4842025637626648,
172993.0,,9.0
173006.58139534883,0.4842625558376312,
173060.90697674418,0.4844425320625305,
173066.0,,6.0
173081.55555555556,0.4844525456428528,
173094.88888888888,0.48446255922317505,
173100.44444444444,0.4844725728034973,
173112.66666666666,0.4844825863838196,
173116.0,,1.0
173138.60869565216,0.4845725893974304,
173148.5,0.48466259241104126,
173161.21739130435,0.4847525954246521,
173181.0,,9.0
173192.11764705883,0.4848625957965851,
173205.08823529413,0.4848825931549072,
173221.76470588235,0.48490259051322937,
173238.4411764706,0.4849225878715515,
173244.0,,2.0
173257.81818181818,0.48497259616851807,
173294.0909090909,0.48507261276245117,
173314.81818181818,0.4851226210594177,
173320.0,,5.0
173335.82978723405,0.48513263463974,
173347.70212765958,0.48514264822006226,
173362.21276595743,0.4851526618003845,
173378.04255319148,0.4851626753807068,
173382.0,,1.0
173398.13636363635,0.4851926863193512,
173415.88636363635,0.4852226972579956,
173448.1590909091,0.4852827191352844,
173453.0,,3.0
173500.14285714287,0.48534271121025085,
173523.0,,2.0
173540.36170212767,0.4854327142238617,
173550.48936170212,0.4855027198791504,
173569.29787234042,0.4855727255344391,
173586.6595744681,0.4856427311897278,
173591.0,,7.0
173615.86956521738,0.4856627583503723,
173628.30434782608,0.4856727719306946,
173643.0,,1.0
173663.02702702704,0.485702782869339,
173670.72972972973,0.48572278022766113,
173695.37837837837,0.4857627749443054,
173700.0,,2.0
173731.3829787234,0.48578280210494995,
173755.2340425532,0.4858028292655945,
173759.0,,1.0
173773.5,0.4858328402042389,
173785.1,0.4858628511428833,
173801.05,0.4858928620815277,
173812.65,0.4859228730201721,
173817.0,,3.0
173836.78260869565,0.48595288395881653,
173850.91304347827,0.48598289489746094,
173865.04347826086,0.48601290583610535,
173877.76086956522,0.48604291677474976,
173882.0,,3.0
173894.73469387754,0.48607292771339417,
173906.48979591837,0.4861029386520386,
173918.24489795917,0.486132949590683,
173927.0612244898,0.4861629605293274,
173930.0,,3.0
173949.64444444445,0.48617297410964966,
173957.73333333334,0.4861829876899719,
173965.82222222222,0.4861930012702942,
173978.53333333333,0.48620301485061646,
173982.0,,1.0
173997.75,0.4862230122089386,
174007.875,0.48624300956726074,
174024.75,0.4862630069255829,
174032.625,0.48628300428390503,
174036.0,,2.0
174054.7441860465,0.48631301522254944,
174086.46511627908,0.48637303709983826,
174093.67441860464,0.48640304803848267,
174098.0,,3.0
174113.1224489796,0.4864330589771271,
174123.5918367347,0.4864630699157715,
174151.51020408163,0.4865230917930603,
174155.0,,3.0
174179.0465116279,0.48661309480667114,
174227.13953488372,0.4867931008338928,
174242.44186046513,0.48688310384750366,
174249.0,,9.0
174266.58139534883,0.4869031012058258,
174284.16279069768,0.48692309856414795,
174295.88372093023,0.4869430959224701,
174307.60465116278,0.48696309328079224,
174312.0,,2.0
174341.0909090909,0.48702311515808105,
174376.0,,3.0
174408.0,0.48712313175201416,
174418.66666666666,0.4871431291103363,
174432.0,,2.0
174451.07692307694,0.48719313740730286,
174464.1923076923,0.48722314834594727,
174490.42307692306,0.4872831702232361,
174494.0,,3.0
174513.14285714287,0.48732316493988037,
174527.5,0.48736315965652466,
174538.66666666666,0.48740315437316895,
174556.2142857143,0.48744314908981323,
174561.0,,4.0
174589.76086956522,0.48750317096710205,
174602.08695652173,0.48753318190574646,
174624.0,,3.0
174641.44897959183,0.487583190202713,
174651.91836734695,0.48760318756103516,
174667.04081632654,0.4876231849193573,
174677.51020408163,0.48764318227767944,
174681.0,,2.0
174691.88372093023,0.4876531958580017,
174706.39534883722,0.487663209438324,
174720.90697674418,0.48767322301864624,
174733.0,,1.0
174745.6,0.4877232313156128,
174796.0,,4.0
174812.26086956522,0.48788321018218994,
174825.5652173913,0.48792320489883423,
174859.5652173913,0.4880031943321228,
174864.0,,4.0
174897.33333333334,0.48809319734573364,
174910.66666666666,0.4881832003593445,
174937.33333333334,0.4882732033729553,
174957.33333333334,0.48836320638656616,
174964.0,,9.0
174988.5,0.488453209400177,
175002.5,0.48854321241378784,
175034.0,,9.0
175054.3,0.48875322937965393,
175065.9,0.48878324031829834,
175078.95,0.48881325125694275,
175087.65,0.48884326219558716,
175092.0,,3.0
175103.4375,0.4888632595539093,
175118.6875,0.48888325691223145,
175135.20833333334,0.4889032542705536,
175153.0,,2.0
175168.8125,0.48895326256752014,
175181.75,0.48898327350616455,
175203.3125,0.48901328444480896,
175217.6875,0.48904329538345337,
175222.0,,3.0
175235.86956521738,0.48908329010009766,
175245.95652173914,0.48912328481674194,
175263.60869565216,0.48916327953338623,
175276.21739130435,0.4892032742500305,
175280.0,,4.0
175298.05555555556,0.48929327726364136,
175329.35185185185,0.48947328329086304,
175341.38888888888,0.4895632863044739,
175345.0,,9.0
175364.58695652173,0.48957329988479614,
175371.5,0.4895833134651184,
175386.47826086957,0.4895933270454407,
175394.54347826086,0.48960334062576294,
175398.0,,1.0
175410.4693877551,0.48960334062576294,
175424.85714285713,0.48960334062576294,
175433.48979591837,0.48960334062576294,
175442.1224489796,0.48960334062576294,
175445.0,,0.0
175470.77272727274,0.4896933436393738,
175485.5,0.4897833466529846,
175520.47727272726,0.4899633526802063,
175526.0,,9.0
175541.95744680852,0.4899633526802063,
175553.6595744681,0.4899633526802063,
175563.2340425532,0.4899633526802063,
175576.0,,0.0
175584.88888888888,0.48997336626052856,
175593.77777777778,0.48998337984085083,
175608.22222222222,0.4899933934211731,
175622.66666666666,0.49000340700149536,
175626.0,,1.0
175641.46666666667,0.4900234043598175,
175651.77777777778,0.49004340171813965,
175660.8,0.4900633990764618,
175680.13333333333,0.49008339643478394,
175684.0,,2.0
175698.51063829788,0.4901033937931061,
175707.74468085106,0.4901233911514282,
175726.21276595743,0.49014338850975037,
175746.0,,2.0
175761.05660377358,0.49018338322639465,
175776.11320754717,0.4902033805847168,
175791.16981132075,0.49022337794303894,
175799.77358490566,0.4902433753013611,
175803.0,,2.0
175816.81395348837,0.49025338888168335,
175830.62790697673,0.4902634024620056,
175843.18604651163,0.4902734160423279,
175853.23255813954,0.49028342962265015,
175857.0,,1.0
175869.45762711865,0.4903034269809723,
175878.59322033898,0.49032342433929443,
175890.22033898305,0.4903434216976166,
175903.50847457626,0.4903634190559387,
175906.0,,2.0
175921.7142857143,0.490373432636261,
175933.14285714287,0.49038344621658325,
175946.0,0.4903934597969055,
175961.7142857143,0.4904034733772278,
175966.0,,1.0
175978.7906976744,0.49041348695755005,
175991.58139534883,0.4904235005378723,
176003.09302325582,0.4904335141181946,
176017.16279069768,0.49044352769851685,
176021.0,,1.0
176031.46511627908,0.49048352241516113,
176045.41860465117,0.4905235171318054,
176057.0465116279,0.4905635118484497,
176067.51162790696,0.490603506565094,
176071.0,,4.0
176087.31914893616,0.49062350392341614,
176101.12765957447,0.4906435012817383,
176112.4255319149,0.4906634986400604,
176126.2340425532,0.49068349599838257,
176130.0,,2.0
176141.2380952381,0.49072349071502686,
176160.90476190476,0.49076348543167114,
176172.14285714287,0.49080348014831543,
176184.7857142857,0.4908434748649597,
176189.0,,4.0
176223.8260869565,0.49093347787857056,
176239.30434782608,0.4910234808921814,
176254.78260869565,0.49111348390579224,
176272.19565217392,0.4912034869194031,
176278.0,,9.0
176317.6739130435,0.49128347635269165,
176346.23913043478,0.4913634657859802,
176351.0,,4.0
176368.0,0.4913634657859802,
176378.2,0.4913634657859802,
176385.0,0.4913634657859802,
176398.6,0.4913634657859802,
176402.0,,0.0
176417.4,0.49138346314430237,
176428.6,0.4914034605026245,
176442.6,0.49142345786094666,
176453.8,0.4914434552192688,
176458.0,,2.0
176475.04347826086,0.49145346879959106,
176488.4347826087,0.49146348237991333,
176510.34782608695,0.49148350954055786,
176514.0,,1.0
176534.22222222222,0.4915735125541687,
176554.44444444444,0.49166351556777954,
176568.44444444444,0.4917535185813904,
176579.33333333334,0.4918435215950012,
176584.0,,9.0
176601.44897959183,0.4918535351753235,
176615.4081632653,0.49186354875564575,
176629.3673469388,0.491873562335968,
176637.51020408163,0.4918835759162903,
176641.0,,1.0
176663.04081632654,0.49192357063293457,
176692.42857142858,0.49200356006622314,
176708.5918367347,0.49204355478286743,
176713.0,,4.0
176728.7142857143,0.49207356572151184,
176739.9387755102,0.49210357666015625,
176754.5306122449,0.49213358759880066,
176768.0,,3.0
176785.23076923078,0.4921936094760895,
176795.28205128206,0.4922236204147339,
176803.89743589744,0.4922536313533783,
176819.6923076923,0.4922836422920227,
176824.0,,3.0
176846.09523809524,0.49229365587234497,
176859.90476190476,0.49230366945266724,
176877.85714285713,0.49232369661331177,
176882.0,,1.0
176916.05405405405,0.49240368604660034,
176927.97297297296,0.49244368076324463,
176939.8918918919,0.4924836754798889,
176945.0,,4.0
176957.51219512196,0.49250367283821106,
176970.0243902439,0.4925236701965332,
176997.82926829267,0.4925636649131775,
177002.0,,2.0
177019.5,0.49265366792678833,
177025.33333333334,0.49274367094039917,
177054.5,0.49292367696762085,
177058.0,,9.0
177076.13953488372,0.4929836690425873,
177091.48837209304,0.4930436611175537,
177104.0465116279,0.49310365319252014,
177113.81395348837,0.4931636452674866,
177118.0,,6.0
177139.79245283018,0.493193656206131,
177151.20754716982,0.4932236671447754,
177158.4716981132,0.4932536780834198,
177173.0,,3.0
177188.5,0.4932937026023865,
177205.55,0.49330371618270874,
177213.3,0.493313729763031,
177230.35,0.49332374334335327,
177235.0,,1.0
177253.2619047619,0.4933437407016754,
177279.95238095237,0.4933837354183197,
177289.7857142857,0.49340373277664185,
177294.0,,2.0
177304.57692307694,0.493423730134964,
177323.61538461538,0.49344372749328613,
177336.3076923077,0.4934637248516083,
177345.82692307694,0.4934837222099304,
177349.0,,2.0
177363.0,0.49351373314857483,
177374.2,0.49354374408721924,
177386.8,0.49357375502586365,
177405.0,,3.0
177422.05263157896,0.4936237633228302,
177434.84210526315,0.49364376068115234,
177446.2105263158,0.4936637580394745,
177454.73684210525,0.49368375539779663,
177459.0,,2.0
177486.65853658537,0.49370378255844116,
177498.9512195122,0.4937137961387634,
177517.39024390245,0.4937238097190857,
177522.0,,1.0
177541.80487804877,0.49376380443573,
177557.36585365853,0.49380379915237427,
177567.26829268291,0.49384379386901855,
177575.75609756098,0.49388378858566284,
177580.0,,4.0
177593.81395348837,0.493903785943985,
177617.67441860464,0.4939437806606293,
177634.0,,2.0
177652.13636363635,0.4939737915992737,
177667.68181818182,0.49398380517959595,
177676.75,0.4939938187599182,
177687.11363636365,0.4940038323402405,
177691.0,,1.0
177711.4255319149,0.49405384063720703,
177726.74468085106,0.4941038489341736,
177735.68085106384,0.49415385723114014,
177751.0,,5.0
177769.39024390245,0.49422386288642883,
177780.70731707316,0.494243860244751,
177790.60975609755,0.4942638576030731,
177804.75609756098,0.49428385496139526,
177809.0,,2.0
177819.74285714285,0.49428385496139526,
177829.14285714287,0.49428385496139526,
177841.22857142857,0.49428385496139526,
177851.9714285714,0.49428385496139526,
177856.0,,0.0
177877.8775510204,0.4943038523197174,
177888.81632653062,0.49432384967803955,
177902.48979591837,0.4943438470363617,
177923.0,,2.0
177969.66666666666,0.4944538474082947,
178016.33333333334,0.4945438504219055,
178053.0,0.49463385343551636,
178093.0,0.4947238564491272,
178103.0,,9.0
178122.27272727274,0.49473387002944946,
178131.9090909091,0.49474388360977173,
178152.38636363635,0.49476391077041626,
178156.0,,1.0
178174.73469387754,0.4947839081287384,
178194.51020408163,0.4948239028453827,
178203.8775510204,0.49484390020370483,
178207.0,,2.0
178223.07692307694,0.4948539137840271,
178237.6923076923,0.49486392736434937,
178249.38461538462,0.49487394094467163,
178259.61538461538,0.4948839545249939,
178264.0,,1.0
178281.62962962964,0.4949139654636383,
178294.07407407407,0.4949439764022827,
178305.4814814815,0.4949739873409271,
178316.88888888888,0.49500399827957153,
178320.0,,3.0
178334.320754717,0.49506399035453796,
178351.24528301886,0.4951239824295044,
178372.0754716981,0.4951839745044708,
178385.09433962265,0.49524396657943726,
178389.0,,6.0
178405.41025641025,0.4952639639377594,
178418.53846153847,0.49528396129608154,
178448.07692307694,0.49532395601272583,
178453.0,,2.0
178475.1739130435,0.4953639507293701,
178497.34782608695,0.4954439401626587,
178509.08695652173,0.495483934879303,
178513.0,,4.0
178561.60869565216,0.49552398920059204,
178565.0,,1.0
178578.8260869565,0.4955340027809143,
178591.5,0.4955440163612366,
178604.1739130435,0.49555402994155884,
178614.54347826086,0.4955640435218811,
178618.0,,1.0
178645.0588235294,0.49562403559684753,
178655.88235294117,0.49568402767181396,
178668.0588235294,0.4957440197467804,
178687.0,,6.0
178703.5,0.49589401483535767,
178715.5,0.4959840178489685,
178729.0,0.49607402086257935,
178748.5,0.4961640238761902,
178753.0,,9.0
178781.17073170733,0.4962040185928345,
178793.24390243902,0.4962240159511566,
178803.9756097561,0.49624401330947876,
178808.0,,2.0
178824.4347826087,0.496254026889801,
178836.1739130435,0.4962640404701233,
178846.73913043478,0.49627405405044556,
178858.47826086957,0.4962840676307678,
178862.0,,1.0
178878.07692307694,0.4963240623474121,
178904.38461538462,0.4964040517807007,
178914.61538461538,0.49644404649734497,
178919.0,,4.0
178937.1463414634,0.4964740574359894,
178965.8780487805,0.4965340793132782,
178976.46341463414,0.4965640902519226,
178981.0,,3.0
179002.42,0.49658408761024475,
179015.02,0.4966040849685669,
179026.36,0.49662408232688904,
179040.22,0.4966440796852112,
179044.0,,2.0
179067.7142857143,0.4967140853404999,
179106.25,0.49685409665107727,
179122.55357142858,0.49692410230636597,
179127.0,,7.0
179140.55555555556,0.49693411588668823,
179155.46666666667,0.4969441294670105,
179164.95555555556,0.49695414304733276,
179183.93333333332,0.49696415662765503,
179188.0,,1.0
179198.8409090909,0.4969841539859772,
179212.0909090909,0.4970041513442993,
179221.72727272726,0.49702414870262146,
179237.38636363635,0.4970441460609436,
179241.0,,2.0
179289.57142857142,0.49710413813591003,
179304.83673469388,0.4971241354942322,
179309.0,,2.0
179323.4,0.49713414907455444,
179348.6,0.497154176235199,
179359.4,0.49716418981552124,
179363.0,,1.0
179383.52173913043,0.49719420075416565,
179405.3260869565,0.49725422263145447,
179418.15217391305,0.4972842335700989,
179422.0,,3.0
179434.54385964913,0.49732422828674316,
179449.01754385966,0.49736422300338745,
179458.66666666666,0.49740421772003174,
179474.1052631579,0.497444212436676,
179477.0,,4.0
179489.55813953487,0.49747422337532043,
179503.51162790696,0.49750423431396484,
179532.81395348837,0.49756425619125366,
179537.0,,3.0
179556.0625,0.4975842535495758,
179573.85416666666,0.49760425090789795,
179585.29166666666,0.4976242482662201,
179594.1875,0.49764424562454224,
179598.0,,2.0
179609.65714285715,0.49764424562454224,
179622.77142857143,0.49764424562454224,
179644.62857142856,0.49764424562454224,
179649.0,,0.0
179661.73469387754,0.4976542592048645,
179671.2857142857,0.49766427278518677,
179686.14285714287,0.49767428636550903,
179697.81632653062,0.4976842999458313,
179701.0,,1.0
179719.7441860465,0.49777430295944214,
179729.83720930232,0.497864305973053,
179745.6976744186,0.4979543089866638,
179763.0,,9.0
179788.44680851063,0.4981043338775635,
179799.51063829788,0.4981343448162079,
179811.68085106384,0.4981643557548523,
179815.0,,3.0
179848.17073170733,0.49825435876846313,
179877.19512195123,0.4984343647956848,
179900.0,,9.0
179913.0,0.49855437874794006,
179930.0,0.4985843896865845,
179941.0,0.4986144006252289,
179949.0,0.4986444115638733,
179952.0,,3.0
179968.81818181818,0.49873441457748413,
179987.31818181818,0.49882441759109497,
180004.13636363635,0.4989144206047058,
180020.95454545456,0.49900442361831665,
180026.0,,9.0
180045.23913043478,0.49903443455696106,
180058.0652173913,0.49906444549560547,
180070.89130434784,0.4990944564342499,
180085.0,,3.0
180097.74,0.49913448095321655,
180105.58,0.4991444945335388,
180131.06,0.49916452169418335,
180134.0,,1.0
180162.4081632653,0.49919453263282776,
180178.38775510204,0.49922454357147217,
180196.14285714287,0.4992545545101166,
180215.67346938775,0.499284565448761,
180221.0,,3.0
180234.9534883721,0.49933457374572754,
180246.11627906977,0.4993845820426941,
180262.86046511628,0.49943459033966064,
180276.81395348837,0.4994845986366272,
180281.0,,5.0
180303.0,0.49954459071159363,
180316.2,0.49960458278656006,
180327.93333333332,0.4996645748615265,
180342.6,0.4997245669364929,
180347.0,,6.0
180367.57142857142,0.4997345805168152,
180380.42857142858,0.49974459409713745,
180390.7142857143,0.4997546076774597,
180406.14285714287,0.499764621257782,
180410.0,,1.0
180428.97959183675,0.4998246133327484,
180445.42857142858,0.49988460540771484,
180458.08163265305,0.4999445974826813,
180468.20408163266,0.5000045895576477,
180472.0,,6.0
180487.09433962265,0.50001460313797,
180519.16981132075,0.5000446438789368,
180522.0,,1.0
180538.0975609756,0.500054657459259,
180550.17073170733,0.5000646710395813,
180572.9756097561,0.5000846982002258,
180577.0,,1.0
180586.3829787234,0.5000947117805481,
180597.8510638298,0.5001047253608704,
180622.87234042553,0.5001247525215149,
180626.0,,1.0
180639.3023255814,0.5001447796821594,
180655.02325581395,0.500164806842804,
180664.6976744186,0.5001848340034485,
180674.37209302327,0.500204861164093,
180678.0,,2.0
180694.77966101695,0.5002948641777039,
180726.10169491524,0.5004748702049255,
180740.64406779662,0.5005648732185364,
180744.0,,9.0
180758.52380952382,0.5006148815155029,
180777.40476190476,0.5006648898124695,
180787.57142857142,0.500714898109436,
180800.64285714287,0.5007649064064026,
180805.0,,5.0
180847.29787234042,0.5008649230003357,
180871.46808510637,0.5009649395942688,
180876.0,,5.0
180891.21276595743,0.5009849667549133,
180902.914893617,0.5010049939155579,
180919.29787234042,0.5010250210762024,
180927.48936170212,0.5010450482368469,
180931.0,,2.0
180951.0,0.5010950565338135,
180963.0,0.50114506483078,
180976.33333333334,0.5011950731277466,
180987.0,0.5012450814247131,
180991.0,,5.0
181020.87234042553,0.501335084438324,
181046.1489361702,0.5014250874519348,
181071.4255319149,0.5015150904655457,
181092.10638297873,0.5016050934791565,
181099.0,,9.0
181117.44186046513,0.5016950964927673,
181127.37209302327,0.5017850995063782,
181141.55813953487,0.501875102519989,
181155.7441860465,0.5019651055335999,
181160.0,,9.0
181187.9818181818,0.5020051598548889,
181198.34545454546,0.5020251870155334,
181213.8909090909,0.502045214176178,
181217.0,,2.0
181240.2340425532,0.5021252036094666,
181270.10638297873,0.5022851824760437,
181295.0,,8.0
181313.97959183675,0.5024151802062988,
181330.42857142858,0.5024651885032654,
181339.2857142857,0.5025151968002319,
181353.20408163266,0.5025652050971985,
181357.0,,5.0
181364.63636363635,0.5025652050971985,
181375.13636363635,0.5025652050971985,
181396.13636363635,0.5025652050971985,
181399.0,,0.0
181420.26923076922,0.5025752186775208,
181438.5,0.502585232257843,
181473.4423076923,0.5026052594184875,
181478.0,,1.0
181494.48888888888,0.5026252865791321,
181508.6222222222,0.5026453137397766,
181520.4,0.5026653409004211,
181527.46666666667,0.5026853680610657,
181531.0,,2.0
181551.55813953487,0.5027053952217102,
181581.60465116278,0.5027454495429993,
181594.2558139535,0.5027654767036438,
181599.0,,2.0
181615.4705882353,0.5028054714202881,
181629.58823529413,0.5028454661369324,
181642.5294117647,0.5028854608535767,
181659.0,,4.0
181671.04545454544,0.5029654502868652,
181684.29545454544,0.5030054450035095,
181696.3409090909,0.5030454397201538,
181708.38636363635,0.5030854344367981,
181712.0,,4.0
181725.72549019608,0.5031154155731201,
181738.4705882353,0.5031453967094421,
181748.27450980392,0.5031753778457642,
181759.0588235294,0.5032053589820862,
181762.0,,3.0
181778.05555555556,0.5032253861427307,
181786.55555555556,0.5032454133033752,
181796.94444444444,0.5032654404640198,
181810.16666666666,0.5032854676246643,
181813.0,,2.0
181825.22222222222,0.5033154487609863,
181841.11111111112,0.5033454298973083,
181853.33333333334,0.5033754110336304,
181864.33333333334,0.5034053921699524,
181868.0,,3.0
181904.70212765958,0.5034454464912415,
181922.25531914894,0.503465473651886,
181938.21276595743,0.5034855008125305,
181943.0,,2.0
181956.93548387097,0.5035654902458191,
181970.87096774194,0.5036454796791077,
181989.4516129032,0.5037254691123962,
182008.03225806452,0.5038054585456848,
182015.0,,8.0
182047.0,0.5038954615592957,
182067.0,0.5039854645729065,
182089.0,0.5040754675865173,
182125.0,0.5041654706001282,
182131.0,,9.0
182146.11111111112,0.5042054653167725,
182161.22222222222,0.5042454600334167,
182177.84444444443,0.504285454750061,
182194.46666666667,0.5043254494667053,
182199.0,,4.0
182220.92592592593,0.5043754577636719,
182236.0,0.5044254660606384,
182268.88888888888,0.5045254826545715,
182273.0,,5.0
182298.76923076922,0.5045855045318604,
182311.65384615384,0.5046455264091492,
182321.96153846153,0.504705548286438,
182336.13461538462,0.5047655701637268,
182340.0,,6.0
182362.875,0.5048555731773376,
182375.58333333334,0.5049455761909485,
182388.29166666666,0.5050355792045593,
182397.1875,0.5051255822181702,
182401.0,,9.0
182411.4,0.5051355957984924,
182429.88888888888,0.5051456093788147,
182440.2888888889,0.505155622959137,
182449.53333333333,0.5051656365394592,
182453.0,,1.0
182468.61224489796,0.5052156448364258,
182480.0612244898,0.5052656531333923,
182489.42857142858,0.5053156614303589,
182500.8775510204,0.5053656697273254,
182504.0,,5.0
182518.5945945946,0.5053956508636475,
182528.32432432432,0.5054256319999695,
182542.9189189189,0.5054556131362915,
182559.13513513515,0.5054855942726135,
182564.0,,3.0
182594.9375,0.5056656002998352,
182607.54166666666,0.505755603313446,
182615.5625,0.5058456063270569,
182619.0,,9.0
182634.8,0.5058656334877014,
182650.6,0.505885660648346,
182672.325,0.5059056878089905,
182692.075,0.505925714969635,
182698.0,,2.0
182714.73913043478,0.5060157179832458,
182729.95652173914,0.5061057209968567,
182746.69565217392,0.5061957240104675,
182768.0,,9.0
182783.36363636365,0.5063757300376892,
182797.54545454544,0.5064657330513,
182814.0909090909,0.5065557360649109,
182829.45454545456,0.5066457390785217,
182833.0,,9.0
182860.84,0.5067357420921326,
182881.72,0.5068257451057434,
182899.12,0.5069157481193542,
182914.78,0.5070057511329651,
182920.0,,9.0
182935.3725490196,0.5070257782936096,
182955.13725490196,0.5070458054542542,
182966.11764705883,0.5070658326148987,
182972.70588235295,0.5070858597755432,
182976.0,,2.0
183004.5,0.5071058869361877,
183015.46153846153,0.50711590051651,
183029.71153846153,0.5071259140968323,
183033.0,,1.0
183058.4693877551,0.5071659684181213,
183066.95918367346,0.5071859955787659,
183081.81632653062,0.5072060227394104,
183085.0,,2.0
183101.12068965516,0.5072160363197327,
183137.1551724138,0.5072460770606995,
183140.0,,1.0
183156.64864864864,0.507266104221344,
183170.27027027027,0.5072861313819885,
183180.86486486485,0.5073061585426331,
183191.45945945947,0.5073261857032776,
183196.0,,2.0
183217.45454545456,0.5073561668395996,
183228.18181818182,0.5073861479759216,
183244.27272727274,0.5074161291122437,
183250.97727272726,0.5074461102485657,
183255.0,,3.0
183270.25,0.5074760913848877,
183294.65,0.5075360536575317,
183311.425,0.5075660347938538,
183316.0,,3.0
183334.5652173913,0.5076160430908203,
183349.15217391305,0.5076660513877869,
183361.08695652173,0.5077160596847534,
183373.02173913043,0.50776606798172,
183377.0,,5.0
183392.62790697673,0.5077860951423645,
183403.7906976744,0.507806122303009,
183421.6511627907,0.5078461766242981,
183425.0,,2.0
183437.76,0.5079361796379089,
183466.76,0.5081161856651306,
183483.0,,9.0
183495.83720930232,0.508226215839386,
183504.39534883722,0.5082462430000305,
183515.09302325582,0.508266270160675,
183525.7906976744,0.5082862973213196,
183529.0,,2.0
183539.26086956522,0.5083063244819641,
183571.3260869565,0.5083463788032532,
183584.15217391305,0.5083664059638977,
183588.0,,2.0
183604.42857142858,0.50837641954422,
183624.14285714287,0.5083964467048645,
183630.7142857143,0.5084064602851868,
183634.0,,1.0
183653.23913043478,0.5084364414215088,
183673.76086956522,0.5084964036941528,
183689.15217391305,0.5085263848304749,
183693.0,,3.0
183738.0,0.5086163878440857,
183786.2142857143,0.5087063908576965,
183863.35714285713,0.5088863968849182,
183873.0,,9.0
183898.10204081633,0.508976399898529,
183914.83673469388,0.5090664029121399,
183934.91836734695,0.5091564059257507,
183949.97959183675,0.5092464089393616,
183955.0,,9.0
183972.84615384616,0.5093364119529724,
183984.0,0.5094264149665833,
183997.38461538462,0.5095164179801941,
184009.65384615384,0.5096064209938049,
184013.0,,9.0
184030.4255319149,0.5096964240074158,
184045.17021276595,0.5097864270210266,
184057.2340425532,0.5098764300346375,
184071.97872340426,0.5099664330482483,
184076.0,,9.0
184090.57142857142,0.5100564360618591,
184110.0,0.51014643907547,
184121.33333333334,0.5102364420890808,
184139.14285714287,0.5103264451026917,
184144.0,,9.0
184159.2,0.5103664398193359,
184171.86666666667,0.5104064345359802,
184183.26666666666,0.5104464292526245,
184197.2,0.5104864239692688,
184201.0,,4.0
184243.85714285713,0.5105764269828796,
184329.57142857142,0.5107564330101013,
184381.0,,9.0
184394.5849056604,0.5108764171600342,
184421.75471698114,0.5109363794326782,
184437.6037735849,0.5109663605690002,
184441.0,,3.0
184475.1052631579,0.5110663771629333,
184494.05263157896,0.5111163854598999,
184509.2105263158,0.5111663937568665,
184513.0,,5.0
184530.55,0.5112063884735107,
184549.45,0.5112863779067993,
184562.95,0.5113263726234436,
184567.0,,4.0
184588.50943396226,0.5113663673400879,
184598.69811320756,0.5114063620567322,
184610.01886792452,0.5114463567733765,
184623.6037735849,0.5114863514900208,
184627.0,,4.0
184646.01886792452,0.511526346206665,
184661.4716981132,0.5115663409233093,
184669.79245283018,0.5116063356399536,
184686.43396226416,0.5116463303565979,
184690.0,,4.0
184700.0,0.5116763114929199,
184711.0,0.5117062926292419,
184724.0,0.511736273765564,
184737.0,0.511766254901886,
184740.0,,3.0
184760.125,0.5118262767791748,
184773.0625,0.5118862986564636,
184790.3125,0.5119463205337524,
184804.6875,0.5120063424110413,
184809.0,,6.0
184824.13043478262,0.5120263695716858,
184863.21739130435,0.5120864510536194,
184867.0,,2.0
184888.95555555556,0.5120964646339417,
184902.46666666667,0.5121064782142639,
184919.35555555555,0.5121164917945862,
184937.93333333332,0.5121265053749084,
184943.0,,1.0
184963.55813953487,0.5122165083885193,
184976.2093023256,0.5123065114021301,
184992.02325581395,0.512396514415741,
185006.2558139535,0.5124865174293518,
185011.0,,9.0
185028.6222222222,0.5124965310096741,
185042.17777777778,0.5125065445899963,
185054.3777777778,0.5125165581703186,
185067.93333333332,0.5125265717506409,
185072.0,,1.0
185085.60975609755,0.5125665664672852,
185103.75609756098,0.5126065611839294,
185115.8536585366,0.5126465559005737,
185129.46341463414,0.512686550617218,
185134.0,,4.0
185150.3829787234,0.51271653175354,
185170.27659574468,0.5127764940261841,
185185.48936170212,0.5128064751625061,
185189.0,,3.0
185208.0487804878,0.5128964781761169,
185221.9024390244,0.5129864811897278,
185237.48780487804,0.5130764842033386,
185260.0,,9.0
185273.2,0.5132564902305603,
185302.53333333333,0.513436496257782,
185326.0,,9.0
185349.81395348837,0.5135765075683594,
185375.11627906977,0.5136765241622925,
185385.53488372092,0.513726532459259,
185390.0,,5.0
185406.0975609756,0.5138165354728699,
185418.9756097561,0.5139065384864807,
185435.07317073172,0.5139965415000916,
185451.17073170733,0.5140865445137024,
185456.0,,9.0
185480.90697674418,0.5141165256500244,
185491.16279069768,0.5141465067863464,
185501.41860465117,0.5141764879226685,
185514.60465116278,0.5142064690589905,
185519.0,,3.0
185539.65454545454,0.5142964720726013,
185555.14545454545,0.5143864750862122,
185571.92727272728,0.514476478099823,
185586.12727272726,0.5145664811134338,
185590.0,,9.0
185610.19047619047,0.5145865082740784,
185617.7619047619,0.5146065354347229,
185630.38095238095,0.5146265625953674,
185639.2142857143,0.514646589756012,
185643.0,,2.0
185654.40740740742,0.514676570892334,
185666.85185185185,0.514706552028656,
185695.88888888888,0.5147665143013,
185699.0,,3.0
185718.80952380953,0.5147964954376221,
185749.2857142857,0.5148564577102661,
185758.42857142858,0.5148864388465881,
185763.0,,3.0
185775.0,0.5149264335632324,
185791.0,0.5149664282798767,
185815.0,0.5150464177131653,
185819.0,,4.0
185837.85714285713,0.5150664448738098,
185848.6326530612,0.5150864720344543,
185866.14285714287,0.5151064991950989,
185885.0,,2.0
185896.34782608695,0.5151565074920654,
185906.4347826087,0.5151864886283875,
185922.8260869565,0.5152164697647095,
185943.0,,3.0
185963.07692307694,0.515266478061676,
185986.5,0.5153065323829651,
186001.0,,2.0
186016.36363636365,0.5153365731239319,
186023.45454545456,0.5153465867042542,
186049.45454545456,0.5153666138648987,
186053.0,,1.0
186084.95652173914,0.5154566168785095,
186106.26086956522,0.5155466198921204,
186125.4347826087,0.5156366229057312,
186151.0,,9.0
186159.8510638298,0.5157466530799866,
186172.02127659574,0.5157666802406311,
186199.68085106384,0.5158067345619202,
186203.0,,2.0
186218.0,0.5158367156982422,
186229.0,0.5158666968345642,
186240.0,0.5158966779708862,
186252.0,0.5159266591072083,
186255.0,,3.0
186265.02272727274,0.5160166621208191,
186300.6590909091,0.5162866711616516,
186304.0,,9.0
186321.5,0.5163766741752625,
186351.72727272726,0.5165566802024841,
186369.22727272726,0.516646683216095,
186374.0,,9.0
186389.8125,0.5166667103767395,
186402.75,0.516686737537384,
186420.0,0.5167067646980286,
186438.6875,0.5167267918586731,
186443.0,,2.0
186458.75,0.5167768001556396,
186474.5,0.5168268084526062,
186486.3125,0.5168768167495728,
186502.0625,0.5169268250465393,
186506.0,,5.0
186521.0,0.5169568061828613,
186536.0,0.5169867873191833,
186566.0,,3.0
186592.68,0.5171467661857605,
186607.76,0.517196774482727,
186620.52,0.5172467827796936,
186624.0,,5.0
186656.30952380953,0.5173668265342712,
186667.54761904763,0.5174268484115601,
186678.7857142857,0.5174868702888489,
186683.0,,6.0
186712.0,0.5175269246101379,
186719.0,0.5175469517707825,
186733.0,,2.0
186747.5185185185,0.5175870060920715,
186759.96296296295,0.5176070332527161,
186771.37037037036,0.5176270604133606,
186785.88888888888,0.5176470875740051,
186789.0,,2.0
186798.0,0.5176470875740051,
186807.0,0.5176470875740051,
186818.0,0.5176470875740051,
186831.0,,0.0
186847.02173913043,0.5176870822906494,
186860.13043478262,0.5177270770072937,
186873.23913043478,0.517767071723938,
186893.63043478262,0.5178070664405823,
186898.0,,4.0
186916.6,0.5178370475769043,
186932.1,0.5178670287132263,
186942.95,0.5178970098495483,
186955.35,0.5179269909858704,
186960.0,,3.0
186992.19512195123,0.5179670453071594,
187001.58536585365,0.517987072467804,
187010.9756097561,0.5180070996284485,
187015.0,,2.0
187033.4090909091,0.5180971026420593,
187098.86363636365,0.5183671116828918,
187105.0,,9.0
187131.4705882353,0.5184071660041809,
187139.3137254902,0.5184271931648254,
187152.0588235294,0.51844722032547,
187155.0,,2.0
187174.6511627907,0.5185372233390808,
187188.2558139535,0.5186272263526917,
187195.81395348837,0.5187172293663025,
187215.46511627908,0.5188072323799133,
187220.0,,9.0
187284.17021276595,0.5189672112464905,
187304.085106383,0.519047200679779,
187317.36170212767,0.5191271901130676,
187324.0,,8.0
187344.1875,0.5191472172737122,
187359.625,0.5191672444343567,
187381.0,,2.0
187396.5744680851,0.5192573070526123,
187410.8510638298,0.5193073153495789,
187426.4255319149,0.5193573236465454,
187438.10638297873,0.519407331943512,
187442.0,,5.0
187497.7142857143,0.5194973349571228,
187532.0,0.5195873379707336,
187609.14285714287,0.5197673439979553,
187622.0,,9.0
187653.41304347827,0.5198573470115662,
187671.89130434784,0.519947350025177,
187688.52173913043,0.5200373530387878,
187701.45652173914,0.5201273560523987,
187707.0,,9.0
187732.7142857143,0.5202173590660095,
187747.0,0.5203073620796204,
187762.7142857143,0.5203973650932312,
187772.7142857143,0.520487368106842,
187777.0,,9.0
187796.83333333334,0.5205773711204529,
187825.16666666666,0.5207573771476746,
187845.0,,9.0
187863.81578947368,0.5209373831748962,
187892.8947368421,0.5211173892021179,
187910.0,,9.0
187926.97959183675,0.5212373733520508,
187937.5918367347,0.5212673544883728,
187945.02040816325,0.5212973356246948,
187958.81632653062,0.5213273167610168,
187962.0,,3.0
187973.25,0.5213473439216614,
187985.75,0.5213673710823059,
187998.25,0.5213873982429504,
188008.25,0.521407425403595,
188012.0,,2.0
188026.4,0.5214174389839172,
188037.2,0.5214274525642395,
188049.2,0.5214374661445618,
188066.0,,1.0
188083.04545454544,0.5214574933052063,
188095.54545454544,0.5214675068855286,
188105.77272727274,0.5214775204658508,
188112.5909090909,0.5214875340461731,
188116.0,,1.0
188132.3076923077,0.5215075612068176,
188155.75,0.5215476155281067,
188165.9423076923,0.5215676426887512,
188169.0,,2.0
188184.86046511628,0.5215876698493958,
188199.27906976745,0.5216076970100403,
188215.13953488372,0.5216277241706848,
188226.67441860464,0.5216477513313293,
188231.0,,2.0
188251.65,0.5216877460479736,
188264.925,0.5217277407646179,
188285.575,0.5218077301979065,
188290.0,,4.0
188311.34615384616,0.5218777060508728,
188329.84615384616,0.5219476819038391,
188345.5,0.5220176577568054,
188359.73076923078,0.5220876336097717,
188364.0,,7.0
188379.0,0.522097647190094,
188402.75,0.5221176743507385,
188420.25,0.5221276879310608,
188424.0,,1.0
188474.0487804878,0.5224876999855042,
188478.0,,9.0
188499.15384615384,0.5225377082824707,
188508.67307692306,0.5225877165794373,
188518.1923076923,0.5226377248764038,
188529.82692307694,0.5226877331733704,
188533.0,,5.0
188552.84,0.5227177143096924,
188565.24,0.5227476954460144,
188578.88,0.5227776765823364,
188591.28,0.5228076577186584,
188595.0,,3.0
188611.97872340426,0.5228476524353027,
188622.89361702127,0.522887647151947,
188636.2340425532,0.5229276418685913,
188648.36170212767,0.5229676365852356,
188652.0,,4.0
188669.6,0.5230376124382019,
188679.2,0.5231075882911682,
188696.8,0.5231775641441345,
188711.2,0.5232475399971008,
188716.0,,7.0
188739.65217391305,0.5233075618743896,
188750.0,0.5233675837516785,
188779.5652173913,0.5234876275062561,
188784.0,,6.0
188814.4,0.5235276818275452,
188825.6,0.5235477089881897,
188848.0,,2.0
188888.85714285713,0.5237477421760559,
188920.2857142857,0.5239277482032776,
188925.0,,9.0
188937.4,0.5240177512168884,
188951.04,0.5241077542304993,
188969.64,0.5241977572441101,
188983.28,0.524287760257721,
188987.0,,9.0
189039.68292682926,0.5243777632713318,
189114.31707317074,0.5245577692985535,
189153.82926829267,0.5246477723121643,
189167.0,,9.0
189183.5625,0.5246677994728088,
189195.70833333334,0.5246878266334534,
189206.75,0.5247078537940979,
189216.6875,0.5247278809547424,
189220.0,,2.0
189265.95744680852,0.5248178839683533,
189300.4255319149,0.5249078869819641,
189334.89361702127,0.524997889995575,
189400.0,,9.0
189420.25,0.5251178741455078,
189428.125,0.5251478552818298,
189439.375,0.5251778364181519,
189450.625,0.5252078175544739,
189454.0,,3.0
189469.88888888888,0.5252278447151184,
189493.11111111112,0.5252678990364075,
189505.33333333334,0.525287926197052,
189509.0,,2.0
189526.58620689655,0.525317907333374,
189537.9655172414,0.525347888469696,
189565.89655172414,0.5254078507423401,
189569.0,,3.0
189582.63636363635,0.5254178643226624,
189594.0,0.5254278779029846,
189615.5909090909,0.5254479050636292,
189619.0,,1.0
189655.0,0.52553790807724,
189700.0,0.5256279110908508,
189785.5,0.5258079171180725,
189799.0,,9.0
189817.0,0.5258579254150391,
189832.6,0.5259079337120056,
189865.0,,5.0
189899.77272727274,0.5260680317878723,
189912.52272727274,0.5260880589485168,
189916.0,,2.0
189933.2558139535,0.5261180400848389,
189944.3488372093,0.5261480212211609,
189954.2093023256,0.5261780023574829,
189965.3023255814,0.5262079834938049,
189969.0,,3.0
189988.47826086957,0.5262479782104492,
190006.5652173913,0.5262879729270935,
190016.30434782608,0.5263279676437378,
190028.8260869565,0.5263679623603821,
190033.0,,4.0
190042.2,0.5263679623603821,
190053.24,0.5263679623603821,
190062.44,0.5263679623603821,
190076.24,0.5263679623603821,
190079.0,,0.0
190095.0909090909,0.5264179706573486,
190106.8909090909,0.5264679789543152,
190124.05454545454,0.5265179872512817,
190134.78181818183,0.5265679955482483,
190138.0,,5.0
190162.33333333334,0.5266579985618591,
190176.02083333334,0.52674800157547,
190192.75,0.5268380045890808,
190206.4375,0.5269280076026917,
190211.0,,9.0
190231.09433962265,0.5269780158996582,
190252.5283018868,0.5270280241966248,
190261.90566037735,0.5270780324935913,
190282.0,,5.0
190296.32653061225,0.5271480679512024,
190309.55102040817,0.5271680951118469,
190320.57142857142,0.5271881222724915,
190332.693877551,0.527208149433136,
190336.0,,2.0
190358.95652173914,0.527238130569458,
190371.86956521738,0.52726811170578,
190384.78260869565,0.527298092842102,
190397.69565217392,0.5273280739784241,
190402.0,,3.0
190417.14285714287,0.5273380875587463,
190427.95918367346,0.5273481011390686,
190440.9387755102,0.5273581147193909,
190451.75510204083,0.5273681282997131,
190455.0,,1.0
190487.44444444444,0.5275481343269348,
190523.13333333333,0.5277281403541565,
190528.0,,9.0
190544.2380952381,0.5278181433677673,
190556.04761904763,0.5279081463813782,
190575.2380952381,0.527998149394989,
190590.0,,9.0
190618.1590909091,0.5281681418418884,
190644.97727272726,0.528248131275177,
190649.0,,4.0
190663.25,0.5282681584358215,
190680.0909090909,0.5282881855964661,
190690.45454545456,0.5283082127571106,
190702.11363636365,0.5283282399177551,
190706.0,,2.0
190723.64285714287,0.5283582210540771,
190735.85714285713,0.5283882021903992,
190746.7142857143,0.5284181833267212,
190758.92857142858,0.5284481644630432,
190763.0,,3.0
190819.8409090909,0.5285282731056213,
190824.0,,2.0
190845.91304347827,0.5285483002662659,
190869.19565217392,0.5285883545875549,
190882.89130434784,0.5286083817481995,
190887.0,,2.0
190901.55319148937,0.5286483764648438,
190914.89361702127,0.528688371181488,
190940.36170212767,0.5287683606147766,
190944.0,,4.0
190959.90697674418,0.5287983417510986,
190969.18604651163,0.5288283228874207,
190982.44186046513,0.5288583040237427,
190997.02325581395,0.5288882851600647,
191001.0,,3.0
191017.53333333333,0.528928279876709,
191029.93333333332,0.5289682745933533,
191042.33333333334,0.5290082693099976,
191059.9,0.5290482640266418,
191063.0,,4.0
191087.33333333334,0.5291382670402527,
191100.21568627452,0.5292282700538635,
191115.96078431373,0.5293182730674744,
191131.70588235295,0.5294082760810852,
191136.0,,9.0
191145.3947368421,0.5294182896614075,
191156.13157894736,0.5294283032417297,
191170.8947368421,0.529438316822052,
191182.97368421053,0.5294483304023743,
191187.0,,1.0
191205.86956521738,0.5294783115386963,
191220.69565217392,0.5295082926750183,
191232.8260869565,0.5295382738113403,
191244.95652173914,0.5295682549476624,
191249.0,,3.0
191279.6,0.5296582579612732,
191294.0,0.529748260974884,
191310.2,0.5298382639884949,
191330.0,,9.0
191349.0243902439,0.5300082564353943,
191366.46341463414,0.5300882458686829,
191377.56097560975,0.5301682353019714,
191390.24390243902,0.53024822473526,
191395.0,,8.0
191406.98039215687,0.53024822473526,
191418.03921568627,0.53024822473526,
191430.01960784313,0.53024822473526,
191439.23529411765,0.53024822473526,
191442.0,,0.0
191465.1219512195,0.5302982330322266,
191521.0,,5.0
191539.75,0.5304682850837708,
191552.25,0.5304883122444153,
191562.25,0.5305083394050598,
191576.0,,2.0
191591.0,0.5305583477020264,
191602.0,0.5305883288383484,
191613.0,0.5306183099746704,
191630.0,,3.0
191643.0,0.530668318271637,
191659.25,0.5306883454322815,
191670.08333333334,0.530708372592926,
191682.0,,2.0
191698.02325581395,0.5307583808898926,
191709.11627906977,0.5307883620262146,
191718.97674418605,0.5308183431625366,
191731.3023255814,0.5308483242988586,
191735.0,,3.0
191782.725,0.5310283303260803,
191818.0,,9.0
191850.26086956522,0.5313883423805237,
191858.3260869565,0.5314783453941345,
191867.54347826086,0.5315683484077454,
191871.0,,9.0
191888.14285714287,0.5316083431243896,
191901.0,0.5316483378410339,
191926.7142857143,0.5317283272743225,
191931.0,,4.0
191943.73170731709,0.5317583084106445,
191959.29268292684,0.5317882895469666,
191972.0243902439,0.5318182706832886,
191984.75609756098,0.5318482518196106,
191989.0,,3.0
191999.1489361702,0.5318582653999329,
192014.93617021278,0.5318682789802551,
192027.3404255319,0.5318782925605774,
192038.6170212766,0.5318883061408997,
192042.0,,1.0
192066.0,0.5319483280181885,
192076.5,0.5320083498954773,
192090.0,0.5320683717727661,
192106.5,0.5321283936500549,
192111.0,,6.0
192151.04761904763,0.5321884751319885,
192164.85714285713,0.5322085022926331,
192169.0,,2.0
192204.9756097561,0.5322884917259216,
192223.68292682926,0.5323684811592102,
192228.0,,4.0
192318.0,0.5325484871864319,
192396.75,0.5327284932136536,
192408.0,,9.0
192451.61538461538,0.5328184366226196,
192466.15384615384,0.5328484177589417,
192471.0,,3.0
192490.65853658537,0.5328984260559082,
192501.24390243902,0.5329484343528748,
192511.82926829267,0.5329984426498413,
192528.46341463414,0.5330484509468079,
192533.0,,5.0
192554.81818181818,0.5331084728240967,
192574.81818181818,0.5331684947013855,
192593.0,0.5332285165786743,
192613.0,,6.0
192624.5,0.5332885384559631,
192633.7,0.5332885384559631,
192646.35,0.5332885384559631,
192655.55,0.5332885384559631,
192659.0,,0.0
192674.82926829267,0.5333085656166077,
192689.21951219512,0.5333285927772522,
192713.68292682926,0.5333686470985413,
192718.0,,2.0
192740.69565217392,0.5334286093711853,
192757.08695652173,0.5334585905075073,
192772.21739130435,0.5334885716438293,
192776.0,,3.0
192788.72727272726,0.5335085988044739,
192806.54545454544,0.5335286259651184,
192815.45454545456,0.5335486531257629,
192828.18181818182,0.5335686802864075,
192832.0,,2.0
192843.81818181818,0.5335986614227295,
192856.54545454544,0.5336286425590515,
192882.0,,3.0
192902.93023255814,0.5336986184120178,
192912.6976744186,0.5337086319923401,
192937.81395348837,0.5337286591529846,
192942.0,,1.0
192955.44444444444,0.5337386727333069,
192967.66666666666,0.5337486863136292,
192979.88888888888,0.5337586998939514,
192993.33333333334,0.5337687134742737,
192997.0,,1.0
193035.07692307694,0.5338687300682068,
193045.46153846153,0.5339187383651733,
193053.53846153847,0.5339687466621399,
193057.0,,5.0
193070.0,0.5339987277984619,
193099.0,0.534058690071106,
193109.0,0.534088671207428,
193112.0,,3.0
193122.0465116279,0.5340986847877502,
193135.86046511628,0.5341086983680725,
193150.93023255814,0.5341187119483948,
193162.23255813954,0.534128725528717,
193166.0,,1.0
193184.26086956522,0.5341787338256836,
193196.0,0.5342287421226501,
193207.73913043478,0.5342787504196167,
193222.08695652173,0.5343287587165833,
193226.0,,5.0
193237.36842105264,0.5343387722969055,
193244.94736842104,0.5343487858772278,
193270.2105263158,0.5343688130378723,
193274.0,,1.0
193285.04545454544,0.5343888401985168,
193299.77272727274,0.5344088673591614,
193314.5,0.5344288945198059,
193324.31818181818,0.5344489216804504,
193328.0,,2.0
193373.19565217392,0.5346089005470276,
193383.23913043478,0.5346888899803162,
193399.97826086957,0.5347688794136047,
193405.0,,8.0
193418.65853658537,0.534808874130249,
193430.9512195122,0.5348488688468933,
193441.8780487805,0.5348888635635376,
193456.9024390244,0.5349288582801819,
193461.0,,4.0
193485.60465116278,0.5349288582801819,
193494.16279069768,0.5349288582801819,
193503.7906976744,0.5349288582801819,
193507.0,,0.0
193527.25531914894,0.5349488854408264,
193540.27659574468,0.534968912601471,
193554.74468085106,0.5349889397621155,
193575.0,,2.0
193601.44444444444,0.5351290106773376,
193622.22222222222,0.5351890325546265,
193637.33333333334,0.5352490544319153,
193643.0,,6.0
193660.33333333334,0.5353190302848816,
193687.0,0.5354589819908142,
193699.0,0.5355289578437805,
193703.0,,7.0
193720.06779661018,0.5355289578437805,
193753.30508474575,0.5355289578437805,
193756.0,,0.0
193777.0,0.5355589389801025,
193788.66666666666,0.5355889201164246,
193808.5,0.5356488823890686,
193812.0,,3.0
193828.37037037036,0.5356588959693909,
193838.0,0.5356689095497131,
193851.4814814815,0.5356789231300354,
193861.11111111112,0.5356889367103577,
193864.0,,1.0
193875.70212765958,0.5356889367103577,
193888.46808510637,0.5356889367103577,
193902.29787234042,0.5356889367103577,
193910.8085106383,0.5356889367103577,
193914.0,,0.0
193999.9090909091,0.5358689427375793,
194032.63636363635,0.5359589457511902,
194081.72727272726,0.536048948764801,
194094.0,,9.0
194109.9090909091,0.5360589623451233,
194122.4090909091,0.5360689759254456,
194140.5909090909,0.5360890030860901,
194144.0,,1.0
194189.7142857143,0.5362690091133118,
194204.4081632653,0.5363590121269226,
194219.10204081633,0.5364490151405334,
194224.0,,9.0
194243.52,0.5364789962768555,
194259.38,0.5365089774131775,
194270.36,0.5365389585494995,
194285.0,,3.0
194300.06976744186,0.5365889668464661,
194312.62790697673,0.5366089940071106,
194325.18604651163,0.5366290211677551,
194335.23255813954,0.5366490483283997,
194339.0,,2.0
194367.5,0.5366690754890442,
194379.375,0.5366790890693665,
194392.4375,0.5366891026496887,
194396.0,,1.0
194415.0909090909,0.5367391109466553,
194428.72727272726,0.5367891192436218,
194451.9090909091,0.5368891358375549,
194456.0,,5.0
194470.3829787234,0.5369791388511658,
194483.6595744681,0.5370691418647766,
194492.51063829788,0.5371591448783875,
194504.68085106384,0.5372491478919983,
194508.0,,9.0
194522.52,0.5372791290283203,
194538.36,0.5373091101646423,
194554.2,0.5373390913009644,
194570.04,0.5373690724372864,
194574.0,,3.0
194599.92,0.5373890995979309,
194612.88,0.5373991131782532,
194624.76,0.5374091267585754,
194628.0,,1.0
194636.2564102564,0.53742915391922,
194659.84615384616,0.537469208240509,
194670.46153846153,0.5374892354011536,
194674.0,,2.0
194724.325,0.5375493168830872,
194730.425,0.5375693440437317,
194735.0,,2.0
194749.86956521738,0.5375993251800537,
194767.21739130435,0.5376293063163757,
194788.28260869565,0.5376892685890198,
194792.0,,3.0
194814.54347826086,0.537699282169342,
194827.80434782608,0.5377092957496643,
194841.0652173913,0.5377193093299866,
194849.02173913043,0.5377293229103088,
194853.0,,1.0
194865.06818181818,0.5377793312072754,
194874.45454545456,0.5378293395042419,
194907.97727272726,0.537929356098175,
194912.0,,5.0
194929.13636363635,0.5379693508148193,
194938.36363636365,0.5380093455314636,
194947.5909090909,0.5380493402481079,
194966.04545454544,0.5380893349647522,
194970.0,,4.0
194984.88888888888,0.5381293296813965,
195017.64444444445,0.5382093191146851,
195032.53333333333,0.5382493138313293,
195037.0,,4.0
195051.18181818182,0.5382693409919739,
195063.0,0.5382893681526184,
195072.45454545456,0.5383093953132629,
195089.0,,2.0
195107.75,0.5384194254875183,
195124.0,0.5385094285011292,
195136.5,0.53859943151474,
195145.25,0.5386894345283508,
195149.0,,9.0
195191.12765957447,0.5387794375419617,
195225.59574468085,0.5388694405555725,
195271.55319148937,0.5389594435691833,
195317.51063829788,0.5390494465827942,
195329.0,,9.0
195347.73469387754,0.5390694737434387,
195357.6530612245,0.5390895009040833,
195374.18367346938,0.5391095280647278,
195379.693877551,0.5391295552253723,
195383.0,,2.0
195405.22222222222,0.5391696095466614,
195418.55555555556,0.5391896367073059,
195429.66666666666,0.5392096638679504,
195433.0,,2.0
195449.79166666666,0.5392696857452393,
195491.125,0.5394497513771057,
195495.0,,6.0
195511.12068965516,0.5395397543907166,
195522.5,0.5396297574043274,
195535.77586206896,0.5397197604179382,
195547.1551724138,0.5398097634315491,
195550.0,,9.0
195582.18181818182,0.5398498177528381,
195596.93181818182,0.5398698449134827,
195609.0,,2.0
195624.42857142858,0.5398998856544495,
195647.57142857142,0.539919912815094,
195663.0,,1.0
195706.04347826086,0.5400199294090271,
195831.26086956522,0.5402899384498596,
195843.0,,9.0
195866.02083333334,0.5403699278831482,
195875.5,0.5404499173164368,
195891.75,0.5405299067497253,
195903.9375,0.5406098961830139,
195908.0,,8.0
195959.42857142858,0.5406998991966248,
196016.0,0.5408799052238464,
196088.0,,9.0
196107.18604651163,0.5409998893737793,
196117.41860465117,0.5410298705101013,
196128.93023255814,0.5410598516464233,
196139.16279069768,0.5410898327827454,
196143.0,,3.0
196156.91304347827,0.5411398410797119,
196175.0,0.5411898493766785,
196190.30434782608,0.541239857673645,
196202.8260869565,0.5412898659706116,
196207.0,,5.0
196222.5744680851,0.5413398742675781,
196234.25531914894,0.5413898825645447,
196251.12765957447,0.5414398908615112,
196264.10638297873,0.5414898991584778,
196268.0,,5.0
196287.0,0.5415499210357666,
196307.9,0.5416099429130554,
196344.0,,6.0
196361.10344827586,0.5417699813842773,
196371.7931034483,0.5418099761009216,
196384.62068965516,0.5418499708175659,
196402.7931034483,0.5418899655342102,
196406.0,,4.0
196422.59574468085,0.5419199466705322,
196435.36170212767,0.5419499278068542,
196450.68085106384,0.5419799089431763,
196462.17021276595,0.5420098900794983,
196466.0,,3.0
196556.0,0.54218989610672,
196586.0,0.5422798991203308,
196633.14285714287,0.5423699021339417,
196646.0,,9.0
196662.09523809524,0.5423899292945862,
196672.0,0.5424099564552307,
196680.66666666666,0.5424299836158752,
196698.0,,2.0
196711.55813953487,0.5424799919128418,
196726.3488372093,0.5425099730491638,
196736.2093023256,0.5425399541854858,
196747.3023255814,0.5425699353218079,
196751.0,,3.0
196771.1914893617,0.5426199436187744,
196785.17021276595,0.542669951915741,
196819.3404255319,0.5427699685096741,
196824.0,,5.0
196840.4347826087,0.5428099632263184,
196852.76086956522,0.5428499579429626,
196887.0,,4.0
196898.27272727274,0.5429799556732178,
196911.42424242425,0.5430299639701843,
196926.45454545456,0.5430799722671509,
196943.36363636365,0.5431299805641174,
196949.0,,5.0
196970.70212765958,0.5432199835777283,
196988.06382978722,0.5433099865913391,
196999.63829787233,0.54339998960495,
197012.6595744681,0.5434899926185608,
197017.0,,9.0
197039.04347826086,0.5435799956321716,
197072.95652173914,0.5437600016593933,
197089.91304347827,0.5438500046730042,
197095.0,,9.0
197111.04255319148,0.5439000129699707,
197123.3829787234,0.5439500212669373,
197140.6595744681,0.5440000295639038,
197149.29787234042,0.5440500378608704,
197153.0,,5.0
197168.6923076923,0.5440900325775146,
197180.46153846153,0.5441300272941589,
197201.0576923077,0.5442100167274475,
197204.0,,4.0
197225.0909090909,0.544230043888092,
197233.0,0.5442500710487366,
197246.18181818182,0.5442700982093811,
197262.0,,2.0
197278.4705882353,0.5443001389503479,
197292.74509803922,0.5443101525306702,
197304.82352941178,0.5443201661109924,
197314.70588235295,0.5443301796913147,
197318.0,,1.0
197336.33333333334,0.544400155544281,
197353.0,0.5444701313972473,
197388.0,0.5446100831031799,
197393.0,,7.0
197411.11320754717,0.5447000861167908,
197421.98113207548,0.5447900891304016,
197438.88679245283,0.5448800921440125,
197457.0,,9.0
197473.54545454544,0.5449901223182678,
197486.54545454544,0.5450101494789124,
197496.0,0.5450301766395569,
197505.45454545456,0.5450502038002014,
197509.0,,2.0
197536.0,0.5451101660728455,
197548.0,0.5451401472091675,
197561.5,0.5451701283454895,
197566.0,,3.0
197586.82352941178,0.545190155506134,
197612.27450980392,0.5452302098274231,
197621.5294117647,0.5452502369880676,
197625.0,,2.0
197637.60869565216,0.5452802181243896,
197657.78260869565,0.5453101992607117,
197679.21739130435,0.5453701615333557,
197683.0,,3.0
197702.0,0.5454601645469666,
197717.54545454544,0.5455501675605774,
197736.54545454544,0.5456401705741882,
197753.81818181818,0.5457301735877991,
197759.0,,9.0
197791.0,0.5458101630210876,
197819.0,0.5458901524543762,
197823.0,,4.0
197839.225,0.5459101796150208,
197853.975,0.5459302067756653,
197865.775,0.5459502339363098,
197877.575,0.5459702610969543,
197882.0,,2.0
197929.14285714287,0.5460602641105652,
197972.0,0.546150267124176,
198006.2857142857,0.5462402701377869,
198049.14285714287,0.5463302731513977,
198062.0,,9.0
198075.15217391305,0.5463602542877197,
198084.71739130435,0.5463902354240417,
198096.6739130435,0.5464202165603638,
198113.41304347827,0.5464501976966858,
198117.0,,3.0
198167.23255813954,0.5465402007102966,
198217.46511627908,0.5466302037239075,
198255.13953488372,0.5467202067375183,
198284.44186046513,0.5468102097511292,
198297.0,,9.0
198319.12765957447,0.5468602180480957,
198327.4255319149,0.5469102263450623,
198342.63829787233,0.5469602346420288,
198357.8510638298,0.5470102429389954,
198362.0,,5.0
198376.693877551,0.5470202565193176,
198404.24489795917,0.5470502972602844,
198407.0,,1.0
198429.21276595743,0.547130286693573,
198455.12765957447,0.5472102761268616,
198473.63829787233,0.5472902655601501,
198488.44680851063,0.5473702549934387,
198494.0,,8.0
198509.320754717,0.5474002361297607,
198525.7358490566,0.5474302172660828,
198548.71698113208,0.5474901795387268,
198552.0,,3.0
198567.48,0.5474901795387268,
198575.22,0.5474901795387268,
198583.82,0.5474901795387268,
198592.42,0.5474901795387268,
198595.0,,0.0
198608.54166666666,0.5475201606750488,
198622.08333333334,0.5475501418113708,
198638.33333333334,0.5475801229476929,
198655.9375,0.5476101040840149,
198660.0,,3.0
198676.81818181818,0.5477001070976257,
198715.5,0.5478801131248474,
198728.95454545456,0.5479701161384583,
198734.0,,9.0
198761.0,0.5481501221656799,
198773.0,0.5482401251792908,
198788.0,0.5483301281929016,
198791.0,,9.0
198809.23255813954,0.5483501553535461,
198819.6511627907,0.5483701825141907,
198830.06976744186,0.5483902096748352,
198843.09302325582,0.5484102368354797,
198847.0,,2.0
198859.27906976745,0.548420250415802,
198877.6976744186,0.5484402775764465,
198887.93023255814,0.5484502911567688,
198891.0,,1.0
198904.57777777777,0.5484502911567688,
198916.06666666668,0.5484502911567688,
198924.42222222223,0.5484502911567688,
198934.86666666667,0.5484502911567688,
198938.0,,0.0
199056.72340425532,0.5487203001976013,
199106.51063829788,0.5488103032112122,
199118.0,,9.0
199222.6511627907,0.5489903092384338,
199260.32558139536,0.5490803122520447,
199298.0,,9.0
199328.38,0.5492103695869446,
199337.2,0.5492303967475891,
199344.06,0.5492504239082336,
199347.0,,2.0
199368.64615384614,0.5493404269218445,
199396.47692307693,0.5495204329490662,
199410.9076923077,0.549610435962677,
199414.0,,9.0
199427.93333333332,0.5496304631233215,
199444.4,0.5496504902839661,
199453.26666666666,0.5496705174446106,
199471.0,,2.0
199493.2,0.5497105717658997,
199517.25,0.5497305989265442,
199526.5,0.5497506260871887,
199539.45,0.5497706532478333,
199545.0,,2.0
199563.0,0.5498206615447998,
199585.23529411765,0.5499206781387329,
199595.82352941178,0.5499706864356995,
199599.0,,5.0
199644.95744680852,0.5500606894493103,
199687.085106383,0.5501506924629211,
199729.21276595743,0.550240695476532,
199767.51063829788,0.5503306984901428,
199779.0,,9.0
199795.4347826087,0.5503507256507874,
199816.5652173913,0.5503907799720764,
199829.47826086957,0.550410807132721,
199833.0,,2.0
199848.6923076923,0.5504308342933655,
199860.6923076923,0.55045086145401,
199869.92307692306,0.5504708886146545,
199878.23076923078,0.5504909157752991,
199881.0,,2.0
199902.13157894736,0.5505009293556213,
199948.23684210525,0.5505309700965881,
199954.0,,1.0
199979.33333333334,0.5506309866905212,
200006.0,0.5507310032844543,
200010.0,,5.0
200021.27659574468,0.5507410168647766,
200034.8085106383,0.5507510304450989,
200047.21276595743,0.5507610440254211,
200063.0,,1.0
200090.48780487804,0.5508111119270325,
200096.46341463414,0.550831139087677,
200108.41463414635,0.5508511662483215,
200112.0,,2.0
200127.23076923078,0.5508711934089661,
200135.53846153847,0.5508912205696106,
200166.0,,2.0
200187.02564102566,0.5510212779045105,
200212.2564102564,0.5511112809181213,
200241.6923076923,0.551291286945343,
200248.0,,9.0
200266.65853658537,0.5513013005256653,
200286.56097560975,0.5513213276863098,
200295.26829268291,0.5513313412666321,
200299.0,,1.0
200318.77551020408,0.5513613224029541,
200328.08163265305,0.5513913035392761,
200340.8775510204,0.5514212846755981,
200352.51020408163,0.5514512658119202,
200356.0,,3.0
200404.0,0.551541268825531,
200448.0,0.5516312718391418,
200496.0,0.5517212748527527,
200536.0,,9.0
200548.71739130435,0.5518112778663635,
200560.45652173914,0.5518112778663635,
200578.0652173913,0.5518112778663635,
200581.0,,0.0
200618.16216216216,0.552081286907196,
200631.54054054053,0.5521712899208069,
200636.0,,9.0
200675.20454545456,0.5523512959480286,
200688.8409090909,0.5524412989616394,
200705.88636363635,0.5525313019752502,
200711.0,,9.0
200745.52380952382,0.5525713562965393,
200755.19047619047,0.5525913834571838,
200769.0,,2.0
200791.03703703705,0.5527014136314392,
200809.1851851852,0.55279141664505,
200835.11111111112,0.5529714226722717,
200839.0,,9.0
200850.5909090909,0.5529914498329163,
200858.70454545456,0.5530114769935608,
200876.0909090909,0.5530315041542053,
200886.52272727274,0.5530515313148499,
200890.0,,2.0
200904.49122807017,0.5530615448951721,
200918.98245614034,0.5530715584754944,
200932.43859649124,0.5530815720558167,
200949.0,,1.0
200964.38461538462,0.5531015992164612,
200976.88461538462,0.5531116127967834,
200984.57692307694,0.5531216263771057,
200996.11538461538,0.553131639957428,
200999.0,,1.0
201016.54716981133,0.5531716346740723,
201036.43396226416,0.5532116293907166,
201048.1320754717,0.5532516241073608,
201061.0,,4.0
201078.9245283019,0.5533116459846497,
201089.30188679244,0.5533316731452942,
201108.16981132075,0.5533717274665833,
201111.0,,2.0
201150.0,0.5534318089485168,
201159.0,0.5534518361091614,
201162.0,,2.0
201178.27906976745,0.5534518361091614,
201186.41860465117,0.5534518361091614,
201199.2093023256,0.5534518361091614,
201208.51162790696,0.5534518361091614,
201212.0,,0.0
201228.46666666667,0.5534918308258057,
201238.6,0.55353182554245,
201252.53333333333,0.5535718202590942,
201265.2,0.5536118149757385,
201269.0,,4.0
201277.41025641025,0.5536218285560608,
201285.8205128205,0.5536318421363831,
201300.53846153847,0.5536418557167053,
201310.0,,1.0
201328.6,0.5536818504333496,
201342.55,0.5537118315696716,
201354.95,0.5537418127059937,
201367.35,0.5537717938423157,
201372.0,,3.0
201387.88235294117,0.5537918210029602,
201395.82352941178,0.5538118481636047,
201405.5294117647,0.5538318753242493,
201414.35294117648,0.5538519024848938,
201417.0,,2.0
201449.0,0.5539419054985046,
201485.0,0.5540319085121155,
201537.0,0.5541219115257263,
201585.0,0.5542119145393372,
201597.0,,9.0
201615.33333333334,0.5542519092559814,
201630.33333333334,0.5542919039726257,
201652.0,0.5543718934059143,
201657.0,,4.0
201675.75,0.5544018745422363,
201699.5,0.5544618368148804,
201708.25,0.5544918179512024,
201712.0,,3.0
201741.61538461538,0.5545118451118469,
201752.89743589744,0.5545218586921692,
201767.0,,1.0
201784.14285714287,0.554581880569458,
201798.42857142858,0.5546318888664246,
201822.7142857143,0.5547319054603577,
201827.0,,5.0
201840.75609756098,0.5547319054603577,
201853.36585365853,0.5547319054603577,
201861.39024390245,0.5547319054603577,
201870.56097560975,0.5547319054603577,
201874.0,,0.0
201894.89583333334,0.5547618865966797,
201905.95833333334,0.5547918677330017,
201917.02083333334,0.5548218488693237,
201929.3125,0.5548518300056458,
201933.0,,3.0
201961.4090909091,0.5549418330192566,
202001.18181818182,0.5550318360328674,
202021.06818181818,0.5551218390464783,
202049.47727272726,0.5552118420600891,
202058.0,,9.0
202075.92,0.5552618503570557,
202087.44,0.5553118586540222,
202101.52,0.5553618669509888,
202118.16,0.5554118752479553,
202122.0,,5.0
202139.70833333334,0.5554218888282776,
202158.45833333334,0.5554419159889221,
202172.0,,1.0
202189.6,0.5554719567298889,
202233.6,0.5555320382118225,
202238.0,,2.0
202261.8,0.5556020140647888,
202273.0,0.5556719899177551,
202292.6,0.5557419657707214,
202303.8,0.5558119416236877,
202308.0,,7.0
202319.7962962963,0.5558319687843323,
202328.87037037036,0.5558519959449768,
202338.85185185185,0.5558720231056213,
202354.27777777778,0.5558920502662659,
202357.0,,2.0
202370.63043478262,0.5559220314025879,
202395.41304347827,0.5559819936752319,
202410.28260869565,0.556011974811554,
202414.0,,3.0
202433.64285714287,0.556052029132843,
202450.66666666666,0.5560720562934875,
202465.07142857142,0.5560920834541321,
202469.0,,2.0
202484.2,0.5561420917510986,
202496.86666666667,0.5561921000480652,
202526.0,,5.0
202546.0,0.5563021302223206,
202551.33333333334,0.5563121438026428,
202567.33333333334,0.5563221573829651,
202578.0,0.5563321709632874,
202582.0,,1.0
202597.0181818182,0.5563421845436096,
202625.9818181818,0.5563622117042542,
202637.78181818183,0.5563722252845764,
202641.0,,1.0
202665.70588235295,0.556452214717865,
202695.70588235295,0.5565322041511536,
202701.0,,4.0
202711.41463414635,0.5565422177314758,
202727.78048780488,0.5565522313117981,
202744.1463414634,0.5565622448921204,
202762.0,,1.0
202777.8260869565,0.5565922856330872,
202789.13043478262,0.5566123127937317,
202799.30434782608,0.5566323399543762,
202814.0,,2.0
202828.59574468085,0.5566723942756653,
202841.10638297873,0.5566924214363098,
202852.5744680851,0.5567124485969543,
202859.87234042553,0.5567324757575989,
202863.0,,2.0
202883.8536585366,0.5567424893379211,
202896.36585365853,0.5567525029182434,
202915.82926829267,0.5567725300788879,
202920.0,,1.0
202936.75,0.5568125247955322,
202953.5,0.5568525195121765,
202965.68181818182,0.5568925142288208,
202982.43181818182,0.5569325089454651,
202987.0,,4.0
203004.0,0.5570225119590759,
203023.61538461538,0.5571125149726868,
203051.07692307694,0.5572925209999084,
203055.0,,9.0
203069.44444444444,0.5573025345802307,
203093.5185185185,0.5573225617408752,
203107.0,,1.0
203153.8,0.5574225783348083,
203193.4,0.5575125813484192,
203236.6,0.55760258436203,
203287.0,,9.0
203319.3076923077,0.5578725934028625,
203336.8076923077,0.5579625964164734,
203352.96153846153,0.5580525994300842,
203357.0,,9.0
203372.5,0.5580726265907288,
203384.125,0.5580926537513733,
203398.33333333334,0.5581126809120178,
203415.125,0.5581327080726624,
203419.0,,2.0
203452.88888888888,0.5581527352333069,
203466.44444444444,0.5581627488136292,
203475.93333333332,0.5581727623939514,
203480.0,,1.0
203497.44897959183,0.5582027435302734,
203523.04081632654,0.5582627058029175,
203533.51020408163,0.5582926869392395,
203537.0,,3.0
203555.77083333334,0.5583226680755615,
203563.5,0.5583526492118835,
203572.33333333334,0.5583826303482056,
203590.0,,3.0
203611.95454545456,0.5585026144981384,
203621.36363636365,0.5585926175117493,
203637.04545454544,0.5586826205253601,
203654.29545454544,0.558772623538971,
203659.0,,9.0
203671.6,0.558802604675293,
203684.2,0.558832585811615,
203701.0,0.558862566947937,
203717.8,0.558892548084259,
203722.0,,3.0
203782.7857142857,0.5590725541114807,
203811.85714285713,0.5591625571250916,
203825.07142857142,0.5592525601387024,
203833.0,,9.0
203847.91304347827,0.5592725872993469,
203859.63043478262,0.5592926144599915,
203869.21739130435,0.559312641620636,
203878.80434782608,0.5593326687812805,
203882.0,,2.0
203899.1875,0.559352695941925,
203919.8125,0.5593927502632141,
203933.5625,0.5594127774238586,
203937.0,,2.0
203954.1219512195,0.5595027804374695,
203976.9512195122,0.5595927834510803,
203988.36585365853,0.5596827864646912,
204015.0,,9.0
204046.18181818182,0.5598627924919128,
204068.45454545456,0.5599527955055237,
204108.54545454544,0.5600427985191345,
204162.0,,9.0
204201.42857142858,0.5602127909660339,
204226.07142857142,0.5602927803993225,
204231.0,,4.0
204256.52727272728,0.560312807559967,
204268.81818181818,0.5603228211402893,
204283.0,,1.0
204319.29166666666,0.5604328513145447,
204334.64583333334,0.5604828596115112,
204345.8125,0.5605328679084778,
204350.0,,5.0
204366.2962962963,0.5605528950691223,
204381.57407407407,0.5605729222297668,
204391.75925925927,0.5605929493904114,
204401.94444444444,0.5606129765510559,
204405.0,,2.0
204419.39024390245,0.5606429576873779,
204432.34146341463,0.5606729388237,
204446.73170731709,0.560702919960022,
204459.68292682926,0.560732901096344,
204464.0,,3.0
204501.32142857142,0.5607629418373108,
204516.05357142858,0.5607729554176331,
204519.0,,1.0
204536.0,0.5607829689979553,
204542.0,0.5607929825782776,
204565.0,0.5608130097389221,
204568.0,,1.0
204595.9818181818,0.5608530044555664,
204612.18181818182,0.5608929991722107,
204626.9090909091,0.560932993888855,
204644.58181818182,0.5609729886054993,
204649.0,,4.0
204676.29411764705,0.5610629916191101,
204698.4705882353,0.561152994632721,
204715.5294117647,0.5612429976463318,
204730.88235294117,0.5613330006599426,
204736.0,,9.0
204762.0909090909,0.5613729953765869,
204780.72727272726,0.5614129900932312,
204795.63636363635,0.5614529848098755,
204812.4090909091,0.5614929795265198,
204818.0,,4.0
204851.6976744186,0.5615929961204529,
204861.32558139536,0.5616430044174194,
204882.18604651163,0.561693012714386,
204887.0,,5.0
204923.88888888888,0.5617730021476746,
204960.77777777778,0.5618529915809631,
204997.66666666666,0.5619329810142517,
205041.93333333332,0.5620129704475403,
205053.0,,8.0
205066.82926829267,0.5620429515838623,
205079.1219512195,0.5620729327201843,
205111.39024390245,0.5621328949928284,
205116.0,,3.0
205143.5294117647,0.56231290102005,
205156.23529411765,0.5624029040336609,
205166.82352941178,0.5624929070472717,
205170.0,,9.0
205187.73913043478,0.5625829100608826,
205202.52173913043,0.5626729130744934,
205233.5652173913,0.5628529191017151,
205238.0,,9.0
205261.30434782608,0.5629129409790039,
205287.52173913043,0.5630329847335815,
205300.63043478262,0.5630930066108704,
205305.0,,6.0
205320.38775510204,0.5631830096244812,
205344.0612244898,0.5633630156517029,
205363.0,,9.0
205456.75,0.5636330246925354,
205490.5,0.5637230277061462,
205531.75,0.5638130307197571,
205543.0,,9.0
205556.9090909091,0.5639030337333679,
205572.36363636365,0.5639930367469788,
205606.36363636365,0.5641730427742004,
205611.0,,9.0
205620.68085106384,0.5642030239105225,
205638.6595744681,0.5642330050468445,
205671.8510638298,0.5642929673194885,
205676.0,,3.0
205692.5909090909,0.5643529891967773,
205722.45454545456,0.564473032951355,
205744.02272727274,0.5645330548286438,
205749.0,,6.0
205771.72727272726,0.5645731091499329,
205781.95454545456,0.5645931363105774,
205795.5909090909,0.5646131634712219,
205799.0,,2.0
205818.6551724138,0.564643144607544,
205839.3448275862,0.564703106880188,
205859.0,,3.0
205872.275,0.5647730827331543,
205888.5,0.5648130774497986,
205898.825,0.5648530721664429,
205918.0,,4.0
205968.52173913043,0.5649730563163757,
206004.60869565216,0.5650530457496643,
206040.69565217392,0.5651330351829529,
206084.0,,8.0
206099.95454545456,0.565233051776886,
206109.77272727274,0.5652530789375305,
206120.81818181818,0.565273106098175,
206134.31818181818,0.5652931332588196,
206138.0,,2.0
206156.58695652173,0.5653131604194641,
206166.5,0.5653331875801086,
206178.89130434784,0.5653532147407532,
206191.28260869565,0.5653732419013977,
206195.0,,2.0
206253.84615384616,0.5654632449150085,
206298.84615384616,0.5655532479286194,
206330.0,0.5656432509422302,
206364.61538461538,0.5657332539558411,
206375.0,,9.0
206390.06818181818,0.5657432675361633,
206412.0909090909,0.5657632946968079,
206426.0,,1.0
206441.23076923078,0.5657933354377747,
206453.6923076923,0.5658133625984192,
206480.0,,2.0
206495.92105263157,0.5658833980560303,
206516.18421052632,0.5659433603286743,
206530.65789473685,0.5659733414649963,
206535.0,,3.0
206559.46153846153,0.5659933686256409,
206566.59615384616,0.5660133957862854,
206576.78846153847,0.5660334229469299,
206584.9423076923,0.5660534501075745,
206588.0,,2.0
206606.34615384616,0.566073477268219,
206619.59615384616,0.5660935044288635,
206641.0,,2.0
206650.84210526315,0.5661535859107971,
206676.7894736842,0.5661936402320862,
206689.31578947368,0.5662136673927307,
206692.0,,2.0
206716.5,0.5662136673927307,
206725.4090909091,0.5662136673927307,
206737.6590909091,0.5662136673927307,
206741.0,,0.0
206754.48837209304,0.5662636756896973,
206769.32558139536,0.5663136839866638,
206784.16279069768,0.5663636922836304,
206794.9534883721,0.5664137005805969,
206799.0,,5.0
206810.8,0.5664337277412415,
206827.025,0.566453754901886,
206840.3,0.5664737820625305,
206858.0,,2.0
206903.41025641025,0.5666738152503967,
206917.23076923078,0.5667638182640076,
206935.0,,9.0
206975.18181818182,0.5668838620185852,
206983.45454545456,0.5668938755989075,
206987.0,,1.0
207002.94594594595,0.566943883895874,
207017.2972972973,0.5669938921928406,
207030.05405405405,0.5670439004898071,
207046.0,,5.0
207061.23076923078,0.5671839118003845,
207077.84615384616,0.5672739148139954,
207098.61538461538,0.5673639178276062,
207118.0,,9.0
207144.27659574468,0.5675439238548279,
207166.51063829788,0.5676339268684387,
207213.0,,9.0
207233.8,0.567893922328949,
207250.7,0.5679339170455933,
207261.1,0.5679739117622375,
207265.0,,4.0
207279.85714285713,0.5679839253425598,
207288.52380952382,0.5679939389228821,
207305.85714285713,0.5680039525032043,
207313.2857142857,0.5680139660835266,
207317.0,,1.0
207337.0,0.5680639743804932,
207357.0,0.5681139826774597,
207367.0,0.5681639909744263,
207382.0,0.5682139992713928,
207387.0,,5.0
207398.025,0.5682539939880371,
207427.95,0.5683339834213257,
207450.0,,4.0
207470.66666666666,0.5684639811515808,
207488.9019607843,0.5685539841651917,
207498.6274509804,0.5686439871788025,
207508.35294117648,0.5687339901924133,
207512.0,,9.0
207523.77777777778,0.5688239932060242,
207535.55555555556,0.568913996219635,
207561.46666666667,0.5690940022468567,
207565.0,,9.0
207578.58823529413,0.5691239833831787,
207592.17647058822,0.5691539645195007,
207605.76470588235,0.5691839456558228,
207624.29411764705,0.5692139267921448,
207628.0,,3.0
207642.79245283018,0.5692339539527893,
207654.4150943396,0.5692539811134338,
207666.03773584907,0.5692740082740784,
207680.83018867925,0.5692940354347229,
207684.0,,2.0
207712.97727272726,0.5693140625953674,
207722.25,0.5693240761756897,
207731.52272727274,0.569334089756012,
207735.0,,1.0
207755.085106383,0.5694240927696228,
207767.63829787233,0.5695140957832336,
207773.914893617,0.5696040987968445,
207790.2340425532,0.5696941018104553,
207794.0,,9.0
207810.25,0.5697240829467773,
207826.5,0.5697540640830994,
207841.5,0.5697840452194214,
207854.0,,3.0
207866.6923076923,0.5698440074920654,
207879.38461538462,0.5698739886283875,
207895.53846153847,0.5699039697647095,
207910.53846153847,0.5699339509010315,
207914.0,,3.0
207928.5294117647,0.5699639320373535,
207943.0588235294,0.5699939131736755,
207956.4705882353,0.5700238943099976,
207971.0,,3.0
207985.44736842104,0.5700739026069641,
207995.07894736843,0.5700939297676086,
208009.52631578947,0.5701139569282532,
208027.18421052632,0.5701339840888977,
208032.0,,2.0
208100.93617021278,0.5703139901161194,
208149.1914893617,0.5704039931297302,
208194.0,,9.0
208210.62790697673,0.5705140233039856,
208227.2558139535,0.5705340504646301,
208254.46511627908,0.5705741047859192,
208259.0,,2.0
208273.86956521738,0.5706040859222412,
208289.97826086957,0.5706340670585632,
208299.89130434784,0.5706640481948853,
208316.0,,3.0
208332.2,0.5707240104675293,
208346.6,0.5707539916038513,
208373.6,0.5708139538764954,
208379.0,,3.0
208404.84615384616,0.5708239674568176,
208415.92307692306,0.5708339810371399,
208427.0,0.5708439946174622,
208439.3076923077,0.5708540081977844,
208443.0,,1.0
208459.44897959183,0.570874035358429,
208472.10204081633,0.5708940625190735,
208482.22448979592,0.570914089679718,
208501.20408163266,0.5709341168403625,
208505.0,,2.0
208527.1739130435,0.5710040926933289,
208544.91304347827,0.5710740685462952,
208558.21739130435,0.5711440443992615,
208568.5652173913,0.5712140202522278,
208573.0,,7.0
208604.02325581395,0.5712540745735168,
208613.46511627908,0.5712741017341614,
208631.0,,2.0
208663.22641509434,0.5714741349220276,
208674.7358490566,0.5715641379356384,
208688.54716981133,0.5716541409492493,
208692.0,,9.0
208711.72,0.5716841220855713,
208725.64,0.5717141032218933,
208736.08,0.5717440843582153,
208746.52,0.5717740654945374,
208750.0,,3.0
208781.21951219512,0.571954071521759,
208809.31707317074,0.5721340775489807,
208814.0,,9.0
208843.7142857143,0.5721741318702698,
208854.32653061225,0.5721941590309143,
208862.81632653062,0.5722141861915588,
208866.0,,2.0
208889.77358490566,0.5722641944885254,
208909.5849056604,0.5723142027854919,
208936.0,,5.0
208956.53333333333,0.5724442005157471,
208984.4,0.5725041627883911,
208997.6,0.5725341439247131,
209002.0,,3.0
209019.16,0.5725841522216797,
209035.0,0.5726341605186462,
209052.16,0.5726841688156128,
209064.04,0.5727341771125793,
209068.0,,5.0
209092.90566037735,0.5727741718292236,
209105.35849056602,0.5728141665458679,
209119.05660377358,0.5728541612625122,
209130.2641509434,0.5728941559791565,
209134.0,,4.0
209148.83720930232,0.5729241371154785,
209165.02325581395,0.5729541182518005,
209187.9534883721,0.5730140805244446,
209192.0,,3.0
209203.11111111112,0.5730140805244446,
209216.44444444444,0.5730140805244446,
209226.44444444444,0.5730140805244446,
209242.0,,0.0
209263.76744186046,0.5730540752410889,
209275.48837209304,0.5730940699577332,
209288.88372093023,0.5731340646743774,
209308.97674418605,0.5731740593910217,
209314.0,,4.0
209331.60416666666,0.5731940865516663,
209349.20833333334,0.5732141137123108,
209364.10416666666,0.5732341408729553,
209374.9375,0.5732541680335999,
209379.0,,2.0
209390.93617021278,0.5732741951942444,
209400.70212765958,0.5732942223548889,
209413.72340425532,0.5733142495155334,
209426.74468085106,0.573334276676178,
209430.0,,2.0
209456.76923076922,0.573394238948822,
209473.12820512822,0.573424220085144,
209483.53846153847,0.5734542012214661,
209488.0,,3.0
209509.51219512196,0.5734742283821106,
209518.73170731709,0.5734842419624329,
209526.92682926828,0.5734942555427551,
209530.0,,1.0
209566.22641509434,0.5735343098640442,
209578.30188679244,0.5735543370246887,
209590.37735849057,0.5735743641853333,
209594.0,,2.0
209609.8536585366,0.5736043453216553,
209622.53658536586,0.5736343264579773,
209638.39024390245,0.5736643075942993,
209654.24390243902,0.5736942887306213,
209659.0,,3.0
209678.6511627907,0.5737543106079102,
209695.27906976745,0.573814332485199,
209719.46511627908,0.5739343762397766,
209724.0,,6.0
209743.21739130435,0.5739943981170654,
209755.04347826086,0.5740544199943542,
209768.34782608695,0.5741144418716431,
209787.5652173913,0.5741744637489319,
209792.0,,6.0
209809.1851851852,0.5742144584655762,
209823.14814814815,0.5742544531822205,
209836.03703703705,0.5742944478988647,
209846.77777777778,0.574334442615509,
209850.0,,4.0
209867.7,0.5743544697761536,
209897.2,0.5743945240974426,
209904.575,0.5744145512580872,
209909.0,,2.0
209951.38461538462,0.5745044946670532,
209961.61538461538,0.5745344758033752,
209966.0,,3.0
209980.92857142858,0.5745444893836975,
210023.0,,1.0
210051.8,0.5746344923973083,
210061.4,0.5746644735336304,
210073.4,0.5746944546699524,
210077.0,,3.0
210092.5128205128,0.5747244358062744,
210106.61538461538,0.5747544169425964,
210116.4871794872,0.5747843980789185,
210127.76923076922,0.5748143792152405,
210132.0,,3.0
210153.51020408163,0.5748243927955627,
210167.42857142858,0.574834406375885,
210177.55102040817,0.5748444199562073,
210194.0,,1.0
210227.69565217392,0.5749143958091736,
210237.13043478262,0.5749443769454956,
210251.95652173914,0.5749743580818176,
210256.0,,3.0
210273.84615384616,0.5750643610954285,
210314.0,,9.0
210344.975,0.5753543972969055,
210353.825,0.5753644108772278,
210373.0,,1.0
210391.77272727274,0.5754044055938721,
210402.5,0.5754343867301941,
210413.22727272726,0.5754643678665161,
210427.97727272726,0.5754943490028381,
210432.0,,3.0
210447.2380952381,0.5755243301391602,
210462.47619047618,0.5755543112754822,
210474.66666666666,0.5755842924118042,
210491.42857142858,0.5756142735481262,
210496.0,,3.0
210506.4,0.5756343007087708,
210520.26666666666,0.5756543278694153,
210535.2888888889,0.5756743550300598,
210544.53333333333,0.5756943821907043,
210548.0,,2.0
210569.14285714287,0.5757843852043152,
210586.7619047619,0.575874388217926,
210597.33333333334,0.5759643912315369,
210622.0,,9.0
210634.53333333333,0.5760843753814697,
210656.46666666667,0.5761443376541138,
210665.86666666667,0.5761743187904358,
210669.0,,3.0
210777.0,0.5763543248176575,
210849.0,,9.0
210866.81818181818,0.5765543580055237,
210901.18181818182,0.5766144394874573,
210905.0,,2.0
210921.22448979592,0.5766344666481018,
210935.2857142857,0.5766544938087463,
210942.85714285713,0.5766745209693909,
210954.75510204083,0.5766945481300354,
210958.0,,2.0
210969.76470588235,0.5767045617103577,
210978.58823529413,0.5767145752906799,
210990.35294117648,0.5767245888710022,
211003.58823529413,0.5767346024513245,
211008.0,,1.0
211032.11538461538,0.5767645835876465,
211046.07692307694,0.5767945647239685,
211070.1923076923,0.5768545269966125,
211074.0,,3.0
211095.21739130435,0.5768945217132568,
211104.5,0.5769345164299011,
211115.10869565216,0.5769745111465454,
211131.02173913043,0.5770145058631897,
211135.0,,4.0
211165.6923076923,0.5770545601844788,
211187.61538461538,0.5770946145057678,
211192.0,,2.0
211201.39130434784,0.5771046280860901,
211212.86956521738,0.5771146416664124,
211225.39130434784,0.5771246552467346,
211236.86956521738,0.5771346688270569,
211240.0,,1.0
211260.86956521738,0.5771746635437012,
211277.5652173913,0.5772146582603455,
211291.47826086957,0.5772546529769897,
211304.0,,4.0
211317.86486486485,0.577324628829956,
211331.72972972973,0.5773546099662781,
211342.51351351352,0.5773845911026001,
211356.37837837837,0.5774145722389221,
211361.0,,3.0
211375.29787234042,0.5774245858192444,
211384.82978723405,0.5774345993995667,
211397.93617021278,0.5774446129798889,
211413.4255319149,0.5774546265602112,
211417.0,,1.0
211432.15555555557,0.5774746537208557,
211461.0888888889,0.5775147080421448,
211474.86666666667,0.5775347352027893,
211479.0,,2.0
211498.62162162163,0.5775547623634338,
211511.1081081081,0.5775747895240784,
211521.8108108108,0.5775948166847229,
211539.64864864864,0.5776148438453674,
211545.0,,2.0
211570.20833333334,0.5776248574256897,
211575.9375,0.577634871006012,
211586.25,0.5776448845863342,
211596.5625,0.5776548981666565,
211600.0,,1.0
211617.23913043478,0.5776649117469788,
211631.8260869565,0.577674925327301,
211645.08695652173,0.5776849389076233,
211657.02173913043,0.5776949524879456,
211661.0,,1.0
211677.87234042553,0.5777149796485901,
211689.55319148937,0.5777350068092346,
211701.2340425532,0.5777550339698792,
211718.10638297873,0.5777750611305237,
211722.0,,2.0
211737.3125,0.577785074710846,
211747.52083333334,0.5777950882911682,
211758.75,0.5778051018714905,
211767.9375,0.5778151154518127,
211771.0,,1.0
211804.76744186046,0.5779550671577454,
211815.51162790696,0.5780250430107117,
211832.39534883722,0.578095018863678,
211837.0,,7.0
211855.31818181818,0.5781350135803223,
211863.77272727274,0.5781750082969666,
211899.0,,4.0
211911.92307692306,0.5782750248908997,
211929.15384615384,0.5782950520515442,
211939.92307692306,0.5783150792121887,
211951.76923076922,0.5783351063728333,
211955.0,,2.0
211973.13953488372,0.5783650875091553,
211987.09302325582,0.5783950686454773,
211999.6511627907,0.5784250497817993,
212010.81395348837,0.5784550309181213,
212015.0,,3.0
212030.33333333334,0.5784650444984436,
212040.55555555556,0.5784750580787659,
212048.73333333334,0.5784850716590881,
212057.93333333332,0.5784950852394104,
212061.0,,1.0
212069.93023255814,0.5785050988197327,
212081.09302325582,0.5785151124000549,
212088.90697674418,0.5785251259803772,
212109.0,,1.0
212144.0,0.5786551833152771,
212174.8,0.5787752270698547,
212179.0,,6.0
212200.17647058822,0.578785240650177,
212212.88235294117,0.5787952542304993,
212222.41176470587,0.5788052678108215,
212229.82352941178,0.5788152813911438,
212233.0,,1.0
212254.6326530612,0.5788452625274658,
212274.10204081633,0.5789052248001099,
212282.75510204083,0.5789352059364319,
212286.0,,3.0
212316.58823529413,0.579035222530365,
212334.431372549,0.5790852308273315,
212347.17647058822,0.5791352391242981,
212351.0,,5.0
212367.7619047619,0.5791552662849426,
212383.0,0.5791752934455872,
212396.7142857143,0.5791953206062317,
212410.42857142858,0.5792153477668762,
212415.0,,2.0
212432.70731707316,0.5793053507804871,
212447.19512195123,0.5793953537940979,
212458.46341463414,0.5794853568077087,
212476.17073170733,0.5795753598213196,
212481.0,,9.0
212540.914893617,0.5796952843666077,
212545.0,,3.0
212567.48979591837,0.5797252655029297,
212578.14285714287,0.5797552466392517,
212599.44897959183,0.5798152089118958,
212603.0,,3.0
212616.42,0.5798451900482178,
212648.14,0.5799051523208618,
212664.0,,3.0
212683.46808510637,0.5799451470375061,
212696.44680851063,0.5799551606178284,
212708.12765957447,0.5799651741981506,
212721.10638297873,0.5799751877784729,
212725.0,,1.0
212744.3220338983,0.5799952149391174,
212755.91525423728,0.580015242099762,
212771.37288135593,0.5800352692604065,
212779.10169491524,0.580055296421051,
212782.0,,2.0
212799.306122449,0.5800753235816956,
212807.95918367346,0.5800953507423401,
212818.77551020408,0.5801153779029846,
212831.75510204083,0.5801354050636292,
212835.0,,2.0
212851.11627906977,0.5801753997802734,
212880.41860465117,0.580255389213562,
212893.60465116278,0.5802953839302063,
212898.0,,4.0
212915.18181818182,0.5803253650665283,
212926.63636363635,0.5803553462028503,
212939.23636363636,0.5803853273391724,
212961.0,,3.0
212973.04081632654,0.5805053114891052,
213016.38775510204,0.5807753205299377,
213020.0,,9.0
213033.55813953487,0.58078533411026,
213042.18604651163,0.5807953476905823,
213056.97674418605,0.5808053612709045,
213069.3023255814,0.5808153748512268,
213073.0,,1.0
213088.6923076923,0.5808453559875488,
213110.92307692306,0.5809053182601929,
213120.07692307694,0.5809352993965149,
213124.0,,3.0
213137.61538461538,0.5809652805328369,
213156.90384615384,0.5809952616691589,
213168.25,0.581025242805481,
213183.0,,3.0
213198.90697674418,0.5810652375221252,
213228.06976744186,0.5810852646827698,
213236.02325581395,0.581095278263092,
213240.0,,1.0
213258.45,0.5811553001403809,
213281.0,0.5812153220176697,
213299.45,0.5812753438949585,
213315.85,0.5813353657722473,
213322.0,,6.0
213370.92307692306,0.5813754200935364,
213375.0,,1.0
213389.04761904763,0.5814154148101807,
213401.69047619047,0.581455409526825,
213417.14285714287,0.5814954042434692,
213429.7857142857,0.5815353989601135,
213434.0,,4.0
213444.18181818182,0.5815454125404358,
213452.9090909091,0.5815554261207581,
213464.54545454544,0.5815654397010803,
213477.63636363635,0.5815754532814026,
213482.0,,1.0
213507.92,0.5816654562950134,
213520.88,0.5817554593086243,
213530.96,0.5818454623222351,
213554.0,,9.0
213580.82352941178,0.581975519657135,
213588.64705882352,0.5819955468177795,
213607.64705882352,0.5820155739784241,
213611.0,,2.0
213625.0,0.5820356011390686,
213634.6923076923,0.5820556282997131,
213663.76923076922,0.5820956826210022,
213667.0,,2.0
213717.4,0.582185685634613,
213764.2,0.5822756886482239,
213811.0,0.5823656916618347,
213836.2,0.5824556946754456,
213847.0,,9.0
213879.5,0.5825156569480896,
213888.25,0.5825456380844116,
213898.25,0.5825756192207336,
213902.0,,3.0
213918.4705882353,0.5826056003570557,
213929.0588235294,0.5826355814933777,
213944.35294117648,0.5826655626296997,
213958.4705882353,0.5826955437660217,
213962.0,,3.0
213972.20408163266,0.5827155709266663,
213980.3673469388,0.5827355980873108,
213993.6326530612,0.5827556252479553,
214008.9387755102,0.5827756524085999,
214012.0,,2.0
214036.3023255814,0.5828356146812439,
214049.09302325582,0.5828655958175659,
214063.16279069768,0.5828955769538879,
214067.0,,3.0
214081.04761904763,0.58292555809021,
214121.7857142857,0.583015501499176,
214126.0,,3.0
214152.35416666666,0.5830355286598206,
214168.39583333334,0.5830455422401428,
214177.5625,0.5830555558204651,
214181.0,,1.0
214195.35897435897,0.5830655694007874,
214208.28205128206,0.5830755829811096,
214232.6923076923,0.5830956101417542,
214237.0,,1.0
214257.16,0.5831356048583984,
214268.5,0.5831755995750427,
214282.36,0.583215594291687,
214300.0,,4.0
214318.1463414634,0.5833055973052979,
214330.24390243902,0.5833556056022644,
214345.36585365853,0.583405613899231,
214357.46341463414,0.5834556221961975,
214362.0,,5.0
214379.04444444444,0.5834956169128418,
214394.77777777778,0.5835356116294861,
214411.82222222222,0.5835756063461304,
214417.06666666668,0.5836156010627747,
214421.0,,4.0
214440.78723404257,0.5836356282234192,
214456.6170212766,0.5836556553840637,
214468.48936170212,0.5836756825447083,
214479.04255319148,0.5836957097053528,
214483.0,,2.0
214516.97435897434,0.5839657187461853,
214536.0,,9.0
214572.66666666666,0.5840857625007629,
214587.07142857142,0.5840957760810852,
214591.0,,1.0
214617.76923076922,0.5841757655143738,
214631.15384615384,0.5842157602310181,
214645.65384615384,0.5842557549476624,
214649.0,,4.0
214665.0,0.5842757821083069,
214674.14285714287,0.5842958092689514,
214686.7142857143,0.584315836429596,
214701.57142857142,0.5843358635902405,
214705.0,,2.0
214718.63636363635,0.5843458771705627,
214733.4090909091,0.584355890750885,
214742.5,0.5843659043312073,
214751.5909090909,0.5843759179115295,
214755.0,,1.0
214774.0909090909,0.5844058990478516,
214789.0909090909,0.5844358801841736,
214802.72727272726,0.5844658613204956,
214810.9090909091,0.5844958424568176,
214815.0,,3.0
214827.73469387754,0.5844958424568176,
214837.5306122449,0.5844958424568176,
214847.32653061225,0.5844958424568176,
214863.0,,0.0
214878.67346938775,0.5845458507537842,
214904.79591836734,0.5846458673477173,
214927.0,,5.0
214961.70588235295,0.5847458839416504,
215045.0,,5.0
215066.125,0.5849258899688721,
215079.125,0.5849558711051941,
215105.125,0.5850158333778381,
215110.0,,3.0
215131.81818181818,0.585105836391449,
215162.36363636365,0.5852858424186707,
215174.0,,9.0
215197.14285714287,0.585395872592926,
215212.57142857142,0.5854058861732483,
215224.693877551,0.5854158997535706,
215228.0,,1.0
215260.14285714287,0.5854559540748596,
215267.85714285713,0.5854759812355042,
215278.14285714287,0.5854960083961487,
215282.0,,2.0
215299.63157894736,0.5855160355567932,
215313.73684210525,0.5855360627174377,
215331.36842105264,0.5855560898780823,
215343.7105263158,0.5855761170387268,
215349.0,,2.0
215364.54347826086,0.5855961441993713,
215375.30434782608,0.5856161713600159,
215400.41304347827,0.5856562256813049,
215404.0,,2.0
215428.4705882353,0.5856762528419495,
215442.74509803922,0.5856862664222717,
215452.9411764706,0.585696280002594,
215456.0,,1.0
215470.15555555557,0.5857062935829163,
215477.77777777778,0.5857163071632385,
215488.66666666666,0.5857263207435608,
215505.0,,1.0
215521.30188679244,0.5857563614845276,
215542.69811320756,0.5857964158058167,
215555.94339622642,0.5858164429664612,
215559.0,,2.0
215569.6875,0.5858364701271057,
215583.9375,0.5858564972877502,
215604.125,0.5858765244483948,
215612.4375,0.5858965516090393,
215616.0,,2.0
215641.10638297873,0.5859065651893616,
215652.40425531915,0.5859165787696838,
215671.2340425532,0.5859366059303284,
215675.0,,1.0
215705.875,0.5859766602516174,
215728.4375,0.5860167145729065,
215732.0,,2.0
215750.15,0.586066722869873,
215765.0,0.5861167311668396,
215776.55,0.5861667394638062,
215793.05,0.5862167477607727,
215798.0,,5.0
215812.44186046513,0.5862667560577393,
215847.7441860465,0.5863667726516724,
215862.18604651163,0.5864167809486389,
215867.0,,5.0
215884.04444444444,0.5864368081092834,
215910.26666666666,0.5864768624305725,
215922.06666666668,0.586496889591217,
215926.0,,2.0
215951.58139534883,0.5865369439125061,
215963.09302325582,0.5865569710731506,
215977.16279069768,0.5865769982337952,
215981.0,,2.0
216019.31578947368,0.5866669416427612,
216034.05263157896,0.5866969227790833,
216037.0,,3.0
216053.775,0.5867169499397278,
216078.175,0.5867570042610168,
216093.425,0.5867770314216614,
216098.0,,2.0
216115.87931034484,0.5868170261383057,
216143.22413793104,0.5868970155715942,
216155.8448275862,0.5869370102882385,
216159.0,,4.0
216174.125,0.5869770050048828,
216185.125,0.5870169997215271,
216204.375,0.5870569944381714,
216225.0,,4.0
216239.14285714287,0.5871269702911377,
216249.42857142858,0.5871569514274597,
216259.7142857143,0.5871869325637817,
216275.14285714287,0.5872169137001038,
216279.0,,3.0
216295.5625,0.5872369408607483,
216306.60416666666,0.5872569680213928,
216328.6875,0.5872970223426819,
216332.0,,2.0
216365.80487804877,0.5873770117759705,
216381.17073170733,0.5874170064926147,
216390.39024390245,0.587457001209259,
216395.0,,4.0
216409.11764705883,0.5874670147895813,
216419.4705882353,0.5874770283699036,
216428.88235294117,0.5874870419502258,
216440.17647058822,0.5874970555305481,
216443.0,,1.0
216458.27272727274,0.5875170826911926,
216472.27272727274,0.5875371098518372,
216495.18181818182,0.5875771641731262,
216499.0,,2.0
216515.5,0.5876071453094482,
216532.0,0.5876371264457703,
216545.5,0.5876671075820923,
216557.5,0.5876970887184143,
216562.0,,3.0
216581.20454545456,0.5877270698547363,
216598.93181818182,0.5877570509910583,
216610.75,0.5877870321273804,
216622.56818181818,0.5878170132637024,
216627.0,,3.0
216645.2,0.5878469944000244,
216658.2,0.5878769755363464,
216673.8,0.5879069566726685,
216688.1,0.5879369378089905,
216692.0,,3.0
216705.53846153847,0.5879969596862793,
216717.38461538462,0.5880569815635681,
216737.6923076923,0.5881170034408569,
216752.92307692306,0.5881770253181458,
216758.0,,6.0
216773.9534883721,0.588187038898468,
216784.2093023256,0.5881970524787903,
216803.58139534883,0.5882170796394348,
216807.0,,1.0
216823.68085106384,0.5882270932197571,
216836.78723404257,0.5882371068000793,
216851.085106383,0.5882471203804016,
216859.4255319149,0.5882571339607239,
216863.0,,1.0
216876.58974358975,0.5882871150970459,
216891.53846153847,0.5883170962333679,
216898.33333333334,0.5883470773696899,
216911.92307692306,0.588377058506012,
216916.0,,3.0
216931.97619047618,0.5883970856666565,
216945.04761904763,0.588417112827301,
216958.11904761905,0.5884371399879456,
216972.64285714287,0.5884571671485901,
216977.0,,2.0
216995.3829787234,0.5884671807289124,
217005.72340425532,0.5884771943092346,
217027.55319148937,0.5884972214698792,
217031.0,,1.0
217047.18604651163,0.5885172486305237,
217059.32558139536,0.5885372757911682,
217071.46511627908,0.5885573029518127,
217084.9534883721,0.5885773301124573,
217089.0,,2.0
217102.7627118644,0.5885973572731018,
217115.54237288135,0.5886173844337463,
217144.05084745763,0.5886574387550354,
217147.0,,2.0
217160.9024390244,0.5886674523353577,
217174.80487804877,0.5886774659156799,
217188.70731707316,0.5886874794960022,
217199.82926829267,0.5886974930763245,
217204.0,,1.0
217214.84615384616,0.5887075066566467,
217225.6923076923,0.588717520236969,
217235.63461538462,0.5887275338172913,
217248.28846153847,0.5887375473976135,
217251.0,,1.0
217262.21951219512,0.5887475609779358,
217275.68292682926,0.5887575745582581,
217297.0,,1.0
217314.33333333334,0.5887876152992249,
217325.16666666666,0.5887976288795471,
217334.91666666666,0.5888076424598694,
217345.75,0.5888176560401917,
217349.0,,1.0
217374.44897959183,0.5888577103614807,
217384.10204081633,0.5888777375221252,
217389.3673469388,0.5888977646827698,
217392.0,,2.0
217406.86956521738,0.588907778263092,
217416.78260869565,0.5889177918434143,
217445.28260869565,0.5889378190040588,
217449.0,,1.0
217465.0,0.5889478325843811,
217501.57142857142,0.5889778733253479,
217505.0,,1.0
217521.2857142857,0.5890078544616699,
217534.85714285713,0.5890378355979919,
217545.7142857143,0.589067816734314,
217557.92857142858,0.589097797870636,
217562.0,,3.0
217572.85,0.5891478061676025,
217582.15,0.5891978144645691,
217603.85,0.5892478227615356,
217619.35,0.5892978310585022,
217624.0,,5.0
217636.8780487805,0.5892978310585022,
217645.07317073172,0.5892978310585022,
217656.78048780488,0.5892978310585022,
217668.48780487804,0.5892978310585022,
217672.0,,0.0
217684.5185185185,0.5893078446388245,
217695.11111111112,0.5893178582191467,
217709.55555555556,0.589327871799469,
217721.11111111112,0.5893378853797913,
217724.0,,1.0
217739.5,0.5893878936767578,
217755.0,0.5894379019737244,
217770.5,0.5894879102706909,
217786.0,,5.0
217797.7,0.5895479321479797,
217810.7,0.589557945728302,
217822.4,0.5895679593086243,
217834.1,0.5895779728889465,
217838.0,,1.0
217858.33333333334,0.5895980000495911,
217872.6862745098,0.5896180272102356,
217895.41176470587,0.5896580815315247,
217899.0,,2.0
217914.0,0.5896680951118469,
217919.0,0.5896781086921692,
217931.0,0.5896881222724915,
217940.0,0.5896981358528137,
217943.0,,1.0
217990.57142857142,0.5899681448936462,
218002.14285714287,0.5900581479072571,
218006.0,,9.0
218022.31914893616,0.5900881290435791,
218034.87234042553,0.5901181101799011,
218061.2340425532,0.5901780724525452,
218065.0,,3.0
