step,beta,cost
21.0,,2.0
101.0,,2.0
272.0,,2.0
368.0,,2.0
392.0,,2.0
450.0,,2.0
473.0,,2.0
483.53061224489795,0.00011999999696854502,
516.0,,2.0
666.0,,2.0
698.0,,2.0
733.0,,2.0
745.4528301886793,0.00044000009074807167,
749.811320754717,0.0004600000975187868,
780.9433962264151,0.0005400000372901559,
799.0,,2.0
809.2765957446809,0.0006199999479576945,
822.0,,2.0
845.0,,2.0
859.6511627906976,0.0007799997692927718,
872.9069767441861,0.0008199997246265411,
875.0,,2.0
1025.0,,2.0
1048.0,,2.0
1075.0,,2.0
1114.1304347826087,0.0010799997253343463,
1225.0,,2.0
1375.0,,2.0
1479.6511627906978,0.001280000084079802,
1514.5348837209303,0.0013000001199543476,
1525.0,,2.0
1656.4606741573034,0.00138000026345253,
1771.067415730337,0.0014400003710761666,
1825.0,,2.0
1852.3,0.001520000514574349,
1864.0,,2.0
1872.1632653061224,0.00156000058632344,
1889.0,,2.0
1895.1707317073171,0.0016400007298216224,
1899.658536585366,0.001660000765696168,
1912.0,,2.0
1934.0,,2.0
1951.6097560975609,0.0018600011244416237,
1953.0,,2.0
1971.695652173913,0.001940001267939806,
1973.0,,2.0
1989.531914893617,0.0020000010263174772,
1994.0,,2.0
1999.6222222222223,0.0020400008652359247,
2017.0,,2.0
2033.1875,0.002160000381991267,
2038.0,,2.0
2049.6279069767443,0.0022200001403689384,
2058.0,,2.0
2077.0,,2.0
2101.0,,2.0
2117.4285714285716,0.002479999093338847,
2124.0,,2.0
2161.0,,2.0
2171.0227272727275,0.0026199985295534134,
2182.0,,2.0
2332.0,,2.0
2482.0,,2.0
2506.975,0.002899997401982546,
2509.0,,2.0
2525.7837837837837,0.002959997160360217,
2530.135135135135,0.002979997079819441,
2532.0,,2.0
2542.7441860465115,0.0030199969187378883,
2554.0,,2.0
2560.8275862068967,0.0030799966771155596,
2569.551724137931,0.003119996516034007,
2576.0,,2.0
2583.3469387755104,0.0031599963549524546,
2589.714285714286,0.0031799962744116783,
2594.122448979592,0.003199996193870902,
2600.0,,2.0
2605.0625,0.0032399960327893496,
2625.3125,0.003299995791167021,
2627.0,,2.0
2641.387755102041,0.003359995549544692,
2646.6632653061224,0.003379995469003916,
2665.8469387755104,0.003439995227381587,
2674.0,,2.0
2693.35,0.003519994905218482,
2699.65,0.0035399948246777058,
2701.0,,2.0
2761.0,0.0035799946635961533,
2804.3333333333335,0.003599994583055377,
2841.0,0.0036199945025146008,
2851.0,,2.0
3001.0,,2.0
3030.0,,0.0
3069.0,0.0037199940998107195,
3180.0,,2.0
3330.0,,2.0
3337.4893617021276,0.0038799934554845095,
3351.7872340425533,0.003919993527233601,
3362.0,,2.0
3512.0,,2.0
3541.0,,0.0
3691.0,,2.0
3770.2,0.004139995202422142,
3871.0,,2.0
3912.0,,2.0
3932.9523809523807,0.004319996573030949,
3956.0,,1.0
3962.2264150943397,0.0043599968776106834,
3978.0,,2.0
3986.4146341463415,0.0044599976390600204,
3992.5853658536585,0.004479997791349888,
4001.0,,2.0
4035.4772727272725,0.004579998552799225,
4038.0,,2.0
4075.0,,2.0
4119.0,,1.0
4125.585365853659,0.004699999466538429,
4140.951219512195,0.004699999466538429,
4146.804878048781,0.004699999466538429,
4149.0,,0.0
4165.173913043478,0.004699999466538429,
4180.0,,0.0
4330.0,,2.0
4351.926829268293,0.004840000532567501,
4361.0,,2.0
4511.0,,2.0
4527.615384615385,0.004980001598596573,
4543.0,,2.0
4553.625,0.0050600022077560425,
4568.0,,2.0
4653.227272727273,0.005140002816915512,
4718.0,,2.0
4726.285714285715,0.005200003273785114,
4733.3877551020405,0.005220003426074982,
4747.0,,2.0
4754.333333333333,0.0052600037306547165,
4775.0,0.0052600037306547165,
4777.0,,0.0
4828.588785046729,0.005340004339814186,
4844.065420560748,0.005380004644393921,
4846.0,,2.0
4954.139534883721,0.005440005101263523,
4996.0,,2.0
5029.0,,2.0
5036.489361702128,0.00554000586271286,
5058.95744680851,0.00554000586271286,
5061.0,,0.0
5106.3488372093025,0.0055600060150027275,
5211.0,,2.0
5221.65306122449,0.00562000647187233,
5240.0,,0.0
5254.297872340426,0.0056600067764520645,
5272.0,,2.0
5282.333333333333,0.005700007081031799,
5288.533333333334,0.005700007081031799,
5303.0,,0.0
5330.0,,0.0
5359.0,,2.0
5388.818181818182,0.005780007690191269,
5391.0,,0.0
5499.5,0.005880008451640606,
5577.0,,2.0
5597.0,,2.0
5631.0,,2.0
5666.0,,2.0
5674.7169811320755,0.006200010888278484,
5699.0,,2.0
5736.0,,2.0
5743.807692307692,0.006340011954307556,
5765.0,,0.0
5772.2,0.00635001203045249,
5793.2,0.006380012258887291,
5795.0,,1.0
5832.925,0.006420012563467026,
5836.0,,1.0
5986.0,,2.0
6061.0,0.00654001347720623,
6136.0,,2.0
6152.133333333333,0.0066200140863657,
6169.0,,2.0
6200.0,,1.0
6225.58947368421,0.006720014847815037,
6288.578947368421,0.006780015304684639,
6387.0,,2.0
6395.425531914893,0.006860015913844109,
6420.0,,0.0
6451.0,,0.0
6457.857142857143,0.006880016066133976,
6475.0,,2.0
6497.0,,2.0
6511.090909090909,0.007060017436742783,
6528.0,,2.0
6571.0,,2.0
6595.894736842105,0.007280019111931324,
6700.0,0.007380019873380661,
6743.0,,2.0
6857.893617021276,0.007480020634829998,
6893.0,,2.0
7043.0,,2.0
7074.132075471698,0.007600021548569202,
7193.0,,2.0
7219.608695652174,0.007720022462308407,
7229.0,,2.0
7259.0,,0.0
7283.32,0.0078000230714678764,
7291.0,,2.0
7308.073170731707,0.007840022444725037,
7323.4390243902435,0.00786002166569233,
7326.0,,1.0
7336.636363636364,0.007880021817982197,
7365.0,,2.0
7377.0,0.007960022427141666,
7398.0,0.008020022884011269,
7401.0,,2.0
7424.170731707317,0.008100023493170738,
7426.0,,2.0
7441.75,0.00816002395004034,
7447.0,,2.0
7454.944444444444,0.008200024254620075,
7473.0,,2.0
7500.777777777777,0.008260024711489677,
7509.666666666667,0.008260024711489677,
7573.0,,1.0
7606.35294117647,0.008320022374391556,
7636.0,,1.0
7674.022222222222,0.008340021595358849,
7695.0,,0.0
7713.913043478261,0.008340021595358849,
7724.0,,0.0
7808.375,0.008380021899938583,
7874.0,,2.0
7906.156862745098,0.008450021035969257,
7915.0,,1.0
7947.715789473684,0.008520021103322506,
7968.0526315789475,0.00856002140790224,
7988.38947368421,0.008600021712481976,
7999.0,,2.0
8028.0,,0.0
8073.473684210527,0.008660022169351578,
8100.0,0.008680022321641445,
8202.315789473685,0.008700022473931313,
8208.0,,0.0
8223.5,0.008700022473931313,
8236.0,,0.0
8266.0,,2.0
8325.0,,0.0
8362.5,0.00880002323538065,
8406.25,0.008820023387670517,
8465.625,0.008860023692250252,
8475.0,,2.0
8537.0,,0.0
8567.0,,0.0
8595.04347826087,0.008860023692250252,
8597.0,,0.0
8761.438095238096,0.009000024758279324,
8791.0,,2.0
8809.869565217392,0.009020024910569191,
8822.0,,0.0
8842.135593220339,0.009060025215148926,
8848.28813559322,0.009080025367438793,
8855.0,,2.0
8866.574468085106,0.00910002551972866,
8870.91489361702,0.00910002551972866,
8889.0,,0.0
8899.31111111111,0.00910002551972866,
8909.622222222222,0.00910002551972866,
8918.0,,0.0
8940.69642857143,0.00910002551972866,
8949.0,,0.0
8956.595238095239,0.00910002551972866,
8978.0,,0.0
9008.0,,0.0
9025.28,0.00910002551972866,
9040.0,,0.0
9083.865168539325,0.00910002551972866,
9088.898876404495,0.00910002551972866,
9104.0,,0.0
9137.0,,1.0
9167.0,,0.0
9229.0,,0.0
9250.765957446809,0.009140023961663246,
9260.0,,0.0
9291.0,,0.0
9318.066666666668,0.009140023961663246,
9320.0,,0.0
9334.651162790698,0.009140023961663246,
9341.627906976744,0.009140023961663246,
9347.906976744185,0.009140023961663246,
9350.0,,0.0
9357.67441860465,0.009140023961663246,
9370.232558139534,0.009140023961663246,
9377.906976744185,0.009140023961663246,
9380.0,,0.0
9386.585365853658,0.009140023961663246,
9410.0,,0.0
9440.0,,0.0
9462.555555555555,0.009140023961663246,
9469.0,,0.0
9500.0,,0.0
9531.0,,0.0
9558.022727272728,0.009140023961663246,
9560.0,,0.0
9590.0,,0.0
9635.816176470587,0.009140023961663246,
9683.0,,0.0
9713.0,,0.0
9743.0,,1.0
9759.842105263158,0.009180022403597832,
9766.157894736842,0.009180022403597832,
9773.0,,0.0
9802.0,,0.0
9854.58695652174,0.009180022403597832,
9861.0,,0.0
9908.084210526316,0.009220020845532417,
9922.01052631579,0.009220020845532417,
9924.0,,0.0
9939.494949494949,0.009220020845532417,
9974.656565656565,0.009220020845532417,
9983.0,,0.0
10133.0,,2.0
10162.0,,0.0
10192.0,,0.0
10221.0,,0.0
10249.2,0.009300021454691887,
10251.0,,0.0
10275.0,0.009300021454691887,
10281.0,,0.0
10312.0,,1.0
10321.434782608696,0.009340019896626472,
10337.608695652174,0.009340019896626472,
10343.0,,0.0
10404.0,,0.0
10419.918367346938,0.009340019896626472,
10432.163265306122,0.009340019896626472,
10434.0,,0.0
10464.0,,0.0
10494.0,,0.0
10523.0,,0.0
10532.782608695652,0.009340019896626472,
10583.0,,0.0
10611.0,,0.0
10625.367346938776,0.009340019896626472,
10643.0,,0.0
10649.082474226803,0.009340019896626472,
10665.505154639175,0.009340019896626472,
10702.0,,0.0
10710.68,0.009350019507110119,
10733.0,,1.0
10762.0,,2.0
10792.0,,0.0
10815.030612244898,0.009460018947720528,
10853.0,,0.0
10882.0,,0.0
10902.0,0.009460018947720528,
10907.0,0.009460018947720528,
10942.0,,0.0
10972.0,,0.0
11002.0,,0.0
11024.0,0.009460018947720528,
11032.0,,0.0
11061.0,,0.0
11090.0,,0.0
11121.0,,0.0
11150.0,,0.0
11177.954545454546,0.009460018947720528,
11180.0,,0.0
11197.884615384615,0.009460018947720528,
11203.846153846154,0.009460018947720528,
11211.0,,0.0
11228.288461538461,0.009460018947720528,
11234.25,0.009460018947720528,
11242.0,,0.0
11252.596153846154,0.009460018947720528,
11258.173076923076,0.009460018947720528,
11271.0,,0.0
11299.0,0.009460018947720528,
11301.0,,0.0
11326.858695652174,0.009460018947720528,
11362.0,,0.0
11390.785714285714,0.009460018947720528,
11393.0,,0.0
11421.0,,0.0
11452.0,,0.0
11465.584905660377,0.009460018947720528,
11482.0,,0.0
11508.384615384615,0.009460018947720528,
11510.0,,0.0
11516.744186046511,0.009460018947720528,
11522.813953488372,0.009460018947720528,
11539.0,,0.0
11551.024390243903,0.009460018947720528,
11568.0,,0.0
11597.0,,0.0
11628.0,,1.0
11650.475,0.009500017389655113,
11656.675,0.009500017389655113,
11659.0,,0.0
11689.0,,0.0
11703.615384615385,0.009500017389655113,
11719.76923076923,0.009500017389655113,
11729.76923076923,0.009500017389655113,
11733.615384615385,0.009500017389655113,
11749.0,,0.0
11769.122807017544,0.009500017389655113,
11780.0,,0.0
11810.0,,0.0
11825.75,0.009500017389655113,
11830.25,0.009500017389655113,
11840.0,,0.0
11847.404255319148,0.009500017389655113,
11869.0,,0.0
11894.846153846154,0.009500017389655113,
11897.0,,0.0
11926.176470588236,0.009500017389655113,
11928.0,,0.0
11961.0,,1.0
11991.0,,0.0
12021.0,,0.0
12043.176470588236,0.009540015831589699,
12050.0,,0.0
12090.644444444444,0.009550015442073345,
12096.155555555555,0.009560015052556992,
12112.0,,1.0
12118.978494623656,0.00959001388400793,
12131.032258064517,0.009610013104975224,
12171.0,,0.0
12192.219512195123,0.009650011546909809,
12201.0,,1.0
12265.353846153846,0.009660011157393456,
12290.0,,0.0
12303.609756097561,0.009660011157393456,
12308.146341463415,0.009660011157393456,
12321.0,,0.0
12382.0,,0.0
12420.38202247191,0.009660011157393456,
12432.719101123595,0.009660011157393456,
12443.0,,0.0
12474.0,,0.0
12493.375,0.009660011157393456,
12505.0,,0.0
12519.204081632653,0.009660011157393456,
12534.0,,0.0
12564.0,,0.0
12587.2,0.009660011157393456,
12596.0,,0.0
12600.736842105263,0.009660011157393456,
12617.315789473685,0.009660011157393456,
12626.0,,0.0
12646.416666666666,0.009660011157393456,
12654.0,,0.0
12666.083333333334,0.009660011157393456,
12673.333333333334,0.009660011157393456,
12683.0,,0.0
12703.204081632653,0.009660011157393456,
12713.0,,0.0
12727.466666666667,0.009660011157393456,
12744.0,,0.0
12752.021276595744,0.009660011157393456,
12771.148936170213,0.009660011157393456,
12773.0,,0.0
12803.0,,0.0
12832.0,,2.0
12862.0,,0.0
12893.34065934066,0.009740011766552925,
12924.0,,0.0
12955.0,,0.0
12963.395833333334,0.009750011377036572,
12986.0,,1.0
13022.774193548386,0.00978001020848751,
13046.0,,0.0
13072.878048780487,0.00978001020848751,
13075.0,,0.0
13084.714285714286,0.009790009818971157,
13097.897959183674,0.00981000903993845,
13106.918367346938,0.009820008650422096,
13109.0,,1.0
13117.235294117647,0.009820008650422096,
13139.0,,0.0
13146.733333333334,0.009820008650422096,
13155.111111111111,0.009820008650422096,
13168.0,,0.0
13191.414634146342,0.009850007481873035,
13200.0,,1.0
13289.0,,0.0
13306.821782178218,0.009860007092356682,
13347.217821782178,0.009860007092356682,
13349.0,,0.0
13357.863636363636,0.009860007092356682,
13376.954545454546,0.009860007092356682,
13379.0,,0.0
13412.0,,1.0
13445.0,,0.0
13475.0,,0.0
13496.42857142857,0.009900005534291267,
13505.0,,0.0
13536.0,,0.0
13565.0,,0.0
13594.0,,0.0
13624.0,,0.0
13653.0,,0.0
13683.0,,0.0
13713.692307692309,0.009900005534291267,
13723.384615384615,0.009900005534291267,
13746.0,,0.0
13754.170212765957,0.009900005534291267,
13778.0,,0.0
13801.068181818182,0.009900005534291267,
13807.0,,0.0
13814.333333333334,0.009900005534291267,
13837.0,,0.0
13844.69387755102,0.009900005534291267,
13852.387755102041,0.009900005534291267,
13866.0,,0.0
13874.57142857143,0.009900005534291267,
13880.081632653062,0.009900005534291267,
13886.816326530612,0.009900005534291267,
13896.0,,0.0
13916.859649122807,0.009900005534291267,
13925.0,,0.0
13956.0,,1.0
13976.414634146342,0.009940003976225853,
13984.731707317073,0.009940003976225853,
13987.0,,0.0
14015.0,,0.0
14023.857142857143,0.009940003976225853,
14046.0,,0.0
14075.0,,0.0
14090.882352941177,0.009940003976225853,
14096.176470588236,0.009940003976225853,
14105.0,,0.0
14135.0,,0.0
14143.421052631578,0.009940003976225853,
14150.263157894737,0.009940003976225853,
14163.421052631578,0.009940003976225853,
14165.0,,0.0
14183.34693877551,0.009940003976225853,
14194.0,,0.0
14221.906976744185,0.009940003976225853,
14224.0,,0.0
14231.102040816326,0.009940003976225853,
14253.0,,0.0
14274.368421052632,0.009940003976225853,
14279.71052631579,0.009940003976225853,
14282.0,,0.0
14312.0,,0.0
14343.0,,0.0
14372.0,,2.0
14384.558139534884,0.010020004585385323,
14402.0,,0.0
14433.0,,0.0
14453.925,0.010020004585385323,
14461.675,0.010020004585385323,
14464.0,,0.0
14470.901960784313,0.01004000473767519,
14486.0,,2.0
14515.0,,2.0
14523.796296296296,0.01020000595599413,
14533.981481481482,0.010240006260573864,
14540.0,,2.0
14549.157894736842,0.010280006565153599,
14553.736842105263,0.010300006717443466,
14561.368421052632,0.010320006869733334,
14566.71052631579,0.010340007022023201,
14569.0,,2.0
14608.395833333334,0.010340007022023201,
14612.84375,0.010340007022023201,
14630.0,,0.0
14659.0,,0.0
14710.366906474821,0.010340007022023201,
14725.654676258993,0.010360007174313068,
14735.438848920863,0.010400007478892803,
14742.165467625899,0.01042000763118267,
14744.0,,2.0
14751.733333333334,0.01042000763118267,
14773.0,,0.0
14799.976744186046,0.01042000763118267,
14802.0,,0.0
14811.8,0.01042000763118267,
14823.7,0.01042000763118267,
14840.5,0.010430007241666317,
14854.5,0.01045000646263361,
14862.9,0.010460006073117256,
14865.0,,1.0
14886.266666666666,0.010460006073117256,
14894.0,,0.0
14910.8,0.010460006073117256,
14924.0,,0.0
14936.231707317073,0.010460006073117256,
14983.0,,0.0
14995.024390243903,0.010460006073117256,
15000.682926829268,0.010460006073117256,
15012.0,,0.0
15041.088235294117,0.010460006073117256,
15050.558823529413,0.010460006073117256,
15060.70588235294,0.010460006073117256,
15089.117647058823,0.010460006073117256,
15093.85294117647,0.010460006073117256,
15104.0,,0.0
15131.857142857143,0.010460006073117256,
15134.0,,0.0
15141.25,0.010460006073117256,
15155.192307692309,0.010460006073117256,
15163.0,,0.0
15171.235294117647,0.010460006073117256,
15181.117647058823,0.010460006073117256,
15191.0,,0.0
15220.0,,0.0
15281.0,,0.0
15286.420454545454,0.010480006225407124,
15316.53409090909,0.010540006682276726,
15334.0,,0.0
15362.0,,0.0
15370.125,0.010540006682276726,
15422.0,,0.0
15445.45945945946,0.010540006682276726,
15450.486486486487,0.010540006682276726,
15453.0,,0.0
15461.0,0.010560006834566593,
15466.6,0.01058000698685646,
15481.0,,2.0
15489.4,0.010640007443726063,
15509.0,,2.0
15525.922535211268,0.010700007900595665,
15530.30985915493,0.010700007900595665,
15553.5,0.010700007900595665,
15575.43661971831,0.010700007900595665,
15581.704225352112,0.010700007900595665,
15598.0,,0.0
15616.883720930233,0.010700007900595665,
15627.0,,0.0
15636.886363636364,0.010700007900595665,
15648.09090909091,0.010700007900595665,
15656.0,,0.0
15683.0,,2.0
15724.74647887324,0.010780008509755135,
15731.338028169013,0.010780008509755135,
15753.859154929578,0.010840008966624737,
15761.0,,2.0
15781.93023255814,0.010860009118914604,
15791.0,,0.0
15832.3,0.010860009118914604,
15835.84,0.010860009118914604,
15850.0,,0.0
15877.473684210527,0.010860009118914604,
15879.0,,0.0
15905.222222222223,0.010860009118914604,
15917.022222222222,0.010860009118914604,
15938.0,,0.0
15968.0,,0.0
15997.0,,0.0
16014.5,0.010860009118914604,
16027.0,,0.0
16055.933333333332,0.010860009118914604,
16058.0,,0.0
16088.0,,0.0
16102.307692307691,0.010860009118914604,
16116.615384615385,0.010860009118914604,
16128.538461538461,0.010860009118914604,
16134.897435897436,0.010860009118914604,
16150.0,,0.0
16169.505617977527,0.010860009118914604,
16177.168539325843,0.010860009118914604,
16204.337078651686,0.010860009118914604,
16209.91011235955,0.010860009118914604,
16212.0,,0.0
16238.92857142857,0.010860009118914604,
16241.0,,0.0
16264.313725490196,0.010860009118914604,
16279.666666666666,0.010860009118914604,
16299.0,,0.0
16329.0,,0.0
16368.230263157895,0.010860009118914604,
16382.868421052632,0.010860009118914604,
16396.33552631579,0.010860009118914604,
16418.0,,0.0
16449.0,,0.0
16464.0,0.010860009118914604,
16479.0,,0.0
16487.18181818182,0.010860009118914604,
16495.363636363636,0.010860009118914604,
16509.0,,0.0
16517.863636363636,0.010860009118914604,
16558.772727272728,0.010860009118914604,
16569.0,,0.0
16576.105263157893,0.010860009118914604,
16599.0,,0.0
16627.363636363636,0.010860009118914604,
16629.0,,0.0
16658.0,,0.0
16674.548780487807,0.010860009118914604,
16694.69512195122,0.010860009118914604,
16717.0,,0.0
16746.0,,0.0
16771.631067961163,0.010860009118914604,
16806.0,,0.0
16820.666666666668,0.010860009118914604,
16892.166666666668,0.010860009118914604,
16894.0,,0.0
16923.0,,0.0
16942.666666666668,0.010860009118914604,
16962.333333333332,0.010860009118914604,
16982.0,,0.0
16994.522727272728,0.010860009118914604,
17002.43181818182,0.010860009118914604,
17011.0,,0.0
17041.0,,0.0
17054.702127659573,0.010860009118914604,
17069.0,,0.0
17100.0,,0.0
17115.92156862745,0.010860009118914604,
17127.29411764706,0.010860009118914604,
17129.0,,0.0
17158.0,,0.0
17188.0,,0.0
17206.96153846154,0.010860009118914604,
17237.69230769231,0.010860009118914604,
17307.0,,0.0
17317.0,0.010860009118914604,
17329.5,0.010860009118914604,
17336.0,,0.0
17350.636363636364,0.010860009118914604,
17362.090909090908,0.010860009118914604,
17364.0,,0.0
17392.751269035532,0.010860009118914604,
17434.680203045686,0.010880009271204472,
17457.44162436548,0.010920009575784206,
17492.18274111675,0.010940009728074074,
17518.53807106599,0.010940009728074074,
17552.08121827411,0.010940009728074074,
17600.0,,0.0
17608.478260869564,0.010940009728074074,
17615.0,0.010940009728074074,
17628.043478260868,0.010940009728074074,
17630.0,,0.0
17651.891891891893,0.010940009728074074,
17660.0,,0.0
17667.82222222222,0.010960009880363941,
17692.0,,2.0
17721.0,,0.0
17735.666666666668,0.011020010337233543,
17749.0,,0.0
17778.0,,0.0
17807.0,,0.0
17814.28275862069,0.011020010337233543,
17876.186206896553,0.011020010337233543,
17888.324137931035,0.011020010337233543,
17895.0,,0.0
17917.0,,2.0
17926.92105263158,0.011100010946393013,
17939.894736842107,0.011100010946393013,
17946.0,,0.0
17956.85106382979,0.011100010946393013,
17976.0,,0.0
18010.0,,1.0
18017.25,0.011140009388327599,
18022.083333333332,0.011140009388327599,
18029.333333333332,0.011140009388327599,
18039.0,,0.0
18068.0,,0.0
18100.0,,0.0
18107.69230769231,0.011140009388327599,
18130.0,,0.0
18135.94871794872,0.011140009388327599,
18147.102564102563,0.011140009388327599,
18159.0,,0.0
18170.5,0.011140009388327599,
18175.0,0.011140009388327599,
18185.5,0.011140009388327599,
18187.0,,0.0
18216.0,,0.0
18230.48780487805,0.011140009388327599,
18240.146341463416,0.011140009388327599,
18249.0,,0.0
18268.772727272728,0.011140009388327599,
18278.0,,0.0
18306.39285714286,0.011140009388327599,
18308.0,,0.0
18321.641025641027,0.011140009388327599,
18328.82051282051,0.011140009388327599,
18336.0,,0.0
18367.0,,0.0
18373.346153846152,0.011140009388327599,
18387.76923076923,0.011140009388327599,
18397.0,,0.0
18405.18181818182,0.011140009388327599,
18410.636363636364,0.011140009388327599,
18427.0,,0.0
18433.315789473683,0.011140009388327599,
18466.157894736843,0.011140009388327599,
18485.105263157893,0.011140009388327599,
18487.0,,0.0
18507.20408163265,0.011140009388327599,
18517.0,,0.0
18554.0,,2.0
18583.0,,0.0
18612.658536585364,0.011220009997487068,
18615.0,,0.0
18630.882352941175,0.011220009997487068,
18636.176470588234,0.011220009997487068,
18645.0,,0.0
18670.546391752578,0.011220009997487068,
18689.40206185567,0.011220009997487068,
18704.0,,0.0
18724.550561797754,0.011220009997487068,
18755.044943820223,0.011220009997487068,
18763.0,,0.0
18782.565217391304,0.011220009997487068,
18793.0,,0.0
18822.0,,0.0
18837.625,0.011220009997487068,
18852.0,,0.0
18864.654545454545,0.011240009218454361,
18881.0,,1.0
18894.291666666668,0.011260008439421654,
18910.0,,0.0
18939.0,,0.0
18968.0,,0.0
18989.75,0.011260008439421654,
18997.0,,0.0
19027.0,,0.0
19056.0,,0.0
19086.0,,0.0
19115.0,,0.0
19145.0,,0.0
19157.244444444445,0.011260008439421654,
19174.0,,0.0
19200.441176470587,0.011260008439421654,
19203.0,,0.0
19233.0,,0.0
19240.25,0.011260008439421654,
19262.0,,0.0
19271.545454545456,0.011260008439421654,
19289.954545454544,0.011260008439421654,
19292.0,,0.0
19322.0,,0.0
19331.166666666668,0.011280008591711521,
19353.166666666668,0.011340009048581123,
19355.0,,2.0
19384.0,,0.0
19406.176470588234,0.011340009048581123,
19413.0,,0.0
19445.0,,0.0
19454.444444444445,0.011340009048581123,
19475.0,,0.0
19507.176923076924,0.011340009048581123,
19536.615384615383,0.011340009048581123,
19552.361538461537,0.011340009048581123,
19564.0,,0.0
19593.5,0.011340009048581123,
19623.0,,0.0
19664.264900662252,0.011380007490515709,
19707.993377483443,0.011380007490515709,
19716.0,,0.0
19745.0,,0.0
19749.936170212764,0.011380007490515709,
19762.893617021276,0.011380007490515709,
19774.0,,0.0
19781.40425531915,0.011380007490515709,
19803.0,,0.0
19836.0,,1.0
19854.938775510203,0.011420005932450294,
19874.469387755104,0.011420005932450294,
19894.0,,0.0
19914.168674698794,0.011420005932450294,
19953.75903614458,0.011420005932450294,
19956.0,,0.0
19978.04081632653,0.011420005932450294,
19986.0,,0.0
20005.772727272728,0.011420005932450294,
20015.0,,0.0
20030.272727272728,0.011420005932450294,
20043.0,,0.0
20065.695652173912,0.011420005932450294,
20101.0,,0.0
20131.0,,0.0
20158.26,0.011420005932450294,
20160.0,,0.0
20169.6875,0.011420005932450294,
20191.0,,0.0
20221.0,,0.0
20228.2,0.011420005932450294,
20251.0,,0.0
20260.23076923077,0.011420005932450294,
20281.0,,0.0
20313.0,,0.0
20334.176470588234,0.011420005932450294,
20343.0,,0.0
20349.74418604651,0.011420005932450294,
20372.0,,0.0
20391.333333333332,0.011420005932450294,
20401.0,,0.0
20414.05,0.011420005932450294,
20430.0,,0.0
20445.644444444446,0.011420005932450294,
20462.0,,0.0
20483.08108108108,0.011420005932450294,
20492.0,,0.0
20521.0,,0.0
20550.0,,1.0
20628.978723404256,0.01146000437438488,
20635.14893617021,0.01146000437438488,
20637.0,,0.0
20663.133333333335,0.01146000437438488,
20665.0,,0.0
20681.65882352941,0.01146000437438488,
20686.517647058823,0.01146000437438488,
20710.117647058825,0.01146000437438488,
20721.917647058825,0.01146000437438488,
20724.0,,0.0
20743.854545454546,0.01146000437438488,
20789.945454545454,0.01146000437438488,
20831.78181818182,0.01146000437438488,
20838.872727272726,0.01146000437438488,
20841.0,,0.0
20872.0,,0.0
20880.195652173912,0.01146000437438488,
20887.130434782608,0.01146000437438488,
20892.804347826088,0.01146000437438488,
20901.0,,0.0
20927.583333333332,0.01146000437438488,
20930.0,,0.0
20989.0,,0.0
21000.978260869564,0.01146000437438488,
21018.0,,0.0
21028.396226415094,0.01146000437438488,
21033.867924528302,0.01146000437438488,
21045.35849056604,0.01146000437438488,
21047.0,,0.0
21063.304347826088,0.01146000437438488,
21077.0,,0.0
21083.96,0.01146000437438488,
21132.68,0.01146000437438488,
21143.7,0.01146000437438488,
21151.82,0.01146000437438488,
21162.26,0.01146000437438488,
21164.0,,0.0
21199.802469135804,0.01146000437438488,
21206.962962962964,0.01146000437438488,
21222.0,,0.0
21235.783783783783,0.01146000437438488,
21252.0,,0.0
21279.26,0.01146000437438488,
21281.0,,0.0
21309.0,,0.0
21338.0,,0.0
21366.0,,0.0
21374.48780487805,0.01146000437438488,
21395.0,,0.0
21453.0,,0.0
21480.816326530614,0.01146000437438488,
21540.0,,0.0
21571.0,,0.0
21578.5,0.01146000437438488,
21598.954545454544,0.01146000437438488,
21601.0,,0.0
21615.0,0.01146000437438488,
21630.0,,0.0
21658.235294117647,0.01146000437438488,
21660.0,,0.0
21667.80769230769,0.01146000437438488,
21687.326923076922,0.01146000437438488,
21689.0,,0.0
21718.0,,0.0
21725.909090909092,0.01146000437438488,
21743.704545454544,0.01146000437438488,
21776.0,,0.0
21805.0,,0.0
21832.022727272728,0.01146000437438488,
21834.0,,0.0
21863.0,,0.0
21885.212765957447,0.01146000437438488,
21892.0,,0.0
21919.0,,0.0
21948.0,,0.0
21978.0,,0.0
22007.0,,0.0
22021.5,0.01146000437438488,
22036.0,,0.0
22065.0,,0.0
22073.055555555555,0.01146000437438488,
22094.0,,0.0
22114.634615384617,0.01146000437438488,
22123.0,,0.0
22134.836734693876,0.01146000437438488,
22149.04081632653,0.01146000437438488,
22163.244897959183,0.01146000437438488,
22179.224489795917,0.01146000437438488,
22181.0,,0.0
22201.714285714286,0.01146000437438488,
22210.0,,0.0
22239.0,,0.0
22247.86111111111,0.011480004526674747,
22268.0,,2.0
22274.041666666668,0.01154000498354435,
22280.6875,0.01154000498354435,
22295.1875,0.01154000498354435,
22297.0,,0.0
22321.558139534885,0.01154000498354435,
22385.0,,0.0
22399.666666666668,0.01154000498354435,
22413.0,0.01154000498354435,
22415.0,,0.0
22433.846153846152,0.01154000498354435,
22443.0,,0.0
22459.947368421053,0.01154000498354435,
22471.0,,0.0
22500.0,,0.0
22508.97619047619,0.01154000498354435,
22529.0,,0.0
22556.0,,0.0
22566.03846153846,0.01154000498354435,
22576.076923076922,0.01154000498354435,
22585.0,,0.0
22593.37777777778,0.01154000498354435,
22614.0,,0.0
22635.454545454544,0.01154000498354435,
22666.444444444445,0.01154000498354435,
22673.0,,0.0
22699.6875,0.01154000498354435,
22701.0,,0.0
22720.463414634145,0.01162000559270382,
22722.0,,2.0
22736.31111111111,0.01162000559270382,
22742.533333333333,0.01162000559270382,
22750.0,,0.0
22778.0,,0.0
22785.733333333334,0.01162000559270382,
22792.17777777778,0.01162000559270382,
22807.0,,0.0
22867.0,,0.0
22925.0,,0.0
22955.0,,0.0
22973.64864864865,0.01162000559270382,
22985.0,,0.0
23013.363636363636,0.01162000559270382,
23015.0,,0.0
23044.0,,0.0
23073.0,,0.0
23102.0,,0.0
23133.0,,0.0
23162.0,,0.0
23169.25,0.01162000559270382,
23191.0,,0.0
23204.125,0.01162000559270382,
23219.125,0.01162000559270382,
23221.0,,0.0
23228.5,0.01162000559270382,
23249.26923076923,0.01162000559270382,
23251.0,,0.0
23280.0,,0.0
23309.0,,0.0
23324.880952380954,0.01162000559270382,
23338.0,,0.0
23350.391304347828,0.01162000559270382,
23368.0,,0.0
23391.06818181818,0.01162000559270382,
23398.31818181818,0.01162000559270382,
23426.0,,0.0
23464.328467153286,0.01162000559270382,
23474.07299270073,0.01162000559270382,
23507.204379562045,0.01162000559270382,
23515.0,,0.0
23545.0,,0.0
23561.238095238095,0.01162000559270382,
23576.0,,0.0
23588.325,0.01162000559270382,
23605.0,,0.0
23627.682926829268,0.01162000559270382,
23635.0,,0.0
23664.0,,0.0
23670.27027027027,0.01162000559270382,
23678.891891891893,0.01162000559270382,
23690.64864864865,0.01162000559270382,
23693.0,,0.0
23722.0,,0.0
23753.0,,0.0
23780.022727272728,0.01162000559270382,
23782.0,,0.0
23798.2,0.011640004813671112,
23812.0,,1.0
23818.904761904763,0.011660004034638405,
23841.0,,0.0
23849.235294117647,0.011660004034638405,
23854.529411764706,0.011660004034638405,
23871.0,,0.0
23892.736842105263,0.011660004034638405,
23928.136842105265,0.011660004034638405,
23930.0,,0.0
23948.741176470587,0.011660004034638405,
23981.36470588235,0.011660004034638405,
23989.0,,0.0
24002.970802919706,0.011660004034638405,
24008.68613138686,0.011660004034638405,
24042.343065693432,0.011660004034638405,
24076.0,,0.0
24098.59574468085,0.011660004034638405,
24135.0,,0.0
24142.894736842107,0.011660004034638405,
24162.63157894737,0.011660004034638405,
24165.0,,0.0
24208.54761904762,0.011660004034638405,
24224.0,,0.0
24234.15053763441,0.011660004034638405,
24283.0,,0.0
24314.0,,0.0
24345.0,,0.0
24375.0,,0.0
24398.954545454544,0.011660004034638405,
24406.0,,0.0
24421.428571428572,0.011660004034638405,
24436.0,,0.0
24464.527472527472,0.011660004034638405,
24495.0,,0.0
24518.32608695652,0.011660004034638405,
24522.108695652172,0.011660004034638405,
24524.0,,0.0
24553.0,,0.0
24572.127659574468,0.011660004034638405,
24582.0,,0.0
24593.764705882353,0.011660004034638405,
24600.235294117647,0.011660004034638405,
24612.0,,0.0
24621.130434782608,0.011660004034638405,
24642.0,,0.0
24670.2,0.011660004034638405,
24672.0,,0.0
24679.854166666668,0.011660004034638405,
24701.0,,0.0
24730.0,,0.0
24759.0,,0.0
24788.0,,0.0
24797.444444444445,0.011660004034638405,
24818.0,,0.0
24829.0,0.01170000433921814,
24838.428571428572,0.011740004643797874,
24840.0,,2.0
24855.08823529412,0.011740004643797874,
24888.617647058825,0.011740004643797874,
24897.0,,0.0
24911.68085106383,0.011740004643797874,
24927.0,,0.0
24956.0,,0.0
24975.375,0.011740004643797874,
24987.0,,0.0
25016.0,,0.0
25022.25,0.011760004796087742,
25041.0,,2.0
25064.709677419356,0.011850004084408283,
25072.83870967742,0.01186000369489193,
25104.0,,0.0
25132.0,,0.0
25153.951219512193,0.01186000369489193,
25162.0,,0.0
25169.619047619046,0.011870003305375576,
25194.0,,1.0
25254.0,,0.0
25283.0,,0.0
25313.0,,0.0
25328.742857142857,0.011900002136826515,
25342.0,,0.0
25372.0,,0.0
25401.0,,0.0
25430.0,,0.0
25449.714285714286,0.011980002745985985,
25451.0,,2.0
25480.0,,0.0
25493.574468085106,0.011980002745985985,
25499.127659574468,0.011980002745985985,
25509.0,,0.0
25538.0,,0.0
25622.157142857144,0.011980002745985985,
25624.0,,0.0
25632.767441860466,0.011980002745985985,
25653.0,,0.0
25666.697674418603,0.011980002745985985,
25684.0,,0.0
25713.0,,0.0
25758.233333333334,0.011980002745985985,
25772.0,,0.0
25778.214285714286,0.011980002745985985,
25798.928571428572,0.011980002745985985,
25801.0,,0.0
25830.0,,0.0
25836.470588235294,0.011980002745985985,
25858.235294117647,0.011980002745985985,
25860.0,,0.0
25889.0,,0.0
25945.96551724138,0.011980002745985985,
25948.0,,0.0
25956.365384615383,0.011980002745985985,
25975.326923076922,0.011980002745985985,
25977.0,,0.0
25989.666666666668,0.011980002745985985,
26005.0,,0.0
26034.14,0.01202000118792057,
26036.0,,1.0
26057.145833333332,0.01202000118792057,
26065.0,,0.0
26096.0,,1.0
26125.0,,0.0
26134.444444444445,0.012059999629855156,
26155.0,,0.0
26184.0,,0.0
26198.5,0.012059999629855156,
26213.0,,0.0
26240.0,,2.0
26259.555555555555,0.012200000695884228,
26313.709401709402,0.012220000848174095,
26325.74358974359,0.012220000848174095,
26328.0,,0.0
26368.227272727272,0.012230000458657742,
26380.5,0.012249999679625034,
26388.0,,1.0
26417.0,,0.0
26444.567567567567,0.01225999929010868,
26447.0,,0.0
26463.975609756097,0.01225999929010868,
26476.0,,0.0
26529.720930232557,0.01225999929010868,
26533.906976744187,0.01225999929010868,
26536.0,,0.0
26552.363636363636,0.01225999929010868,
26566.0,,0.0
26586.666666666668,0.01225999929010868,
26596.0,,0.0
26618.82608695652,0.01225999929010868,
26626.0,,0.0
26656.0,,0.0
26678.0,0.01225999929010868,
26686.0,,0.0
26716.0,,0.0
26723.317073170732,0.01225999929010868,
26746.0,,0.0
26774.26923076923,0.01225999929010868,
26776.0,,0.0
26803.02912621359,0.01225999929010868,
26817.66990291262,0.01225999929010868,
26834.0,,0.0
26860.878048780487,0.01225999929010868,
26863.0,,0.0
26892.0,,0.0
26897.67391304348,0.01225999929010868,
26903.978260869564,0.01225999929010868,
26929.195652173912,0.01225999929010868,
26950.0,,0.0
26960.909090909092,0.01225999929010868,
26980.0,,0.0
27007.224489795917,0.01225999929010868,
27009.0,,0.0
27037.0,,0.0
27050.119047619046,0.01225999929010868,
27066.0,,0.0
27095.0,,0.0
27109.5,0.01225999929010868,
27114.07894736842,0.01225999929010868,
27124.0,,0.0
27179.976744186046,0.01225999929010868,
27182.0,,0.0
27195.33064516129,0.01225999929010868,
27200.24193548387,0.01225999929010868,
27219.185483870966,0.01225999929010868,
27240.935483870966,0.01225999929010868,
27269.0,,0.0
27289.906976744187,0.01225999929010868,
27298.0,,0.0
27306.9375,0.01225999929010868,
27369.5,0.01225999929010868,
27386.0,,0.0
27400.162790697676,0.01225999929010868,
27415.0,,0.0
27445.0,,0.0
27467.555555555555,0.01225999929010868,
27474.0,,0.0
27482.923076923078,0.01225999929010868,
27488.659340659342,0.01225999929010868,
27494.395604395606,0.01225999929010868,
27517.340659340658,0.01225999929010868,
27532.0,,0.0
27561.0,,0.0
27588.954545454544,0.01225999929010868,
27591.0,,0.0
27603.26923076923,0.01225999929010868,
27620.0,,0.0
27647.14893617021,0.01225999929010868,
27649.0,,0.0
27678.0,,0.0
27686.365384615383,0.01225999929010868,
27695.28846153846,0.01225999929010868,
27707.0,,0.0
27736.0,,0.0
27777.871794871793,0.01225999929010868,
27796.153846153848,0.01225999929010868,
27839.20512820513,0.01225999929010868,
27851.0,,0.0
27863.340425531915,0.01225999929010868,
27880.0,,0.0
27886.444444444445,0.01225999929010868,
27909.0,,0.0
27938.0,,0.0
27967.0,,0.0
27996.0,,0.0
28025.0,,0.0
28079.287234042553,0.01228999812155962,
28088.0,,1.0
28102.5,0.012299997732043266,
28115.022727272728,0.012299997732043266,
28117.0,,0.0
28178.97894736842,0.012379998341202736,
28181.0,,2.0
28209.2,0.012379998341202736,
28236.2,0.012379998341202736,
28238.0,,0.0
28273.0,,2.0
28282.48888888889,0.012459998950362206,
28334.0,,1.0
28388.914634146342,0.012499997392296791,
28391.0,,0.0
28421.0,,0.0
28448.066666666666,0.012499997392296791,
28450.0,,0.0
28473.414634146342,0.012499997392296791,
28501.219512195123,0.012499997392296791,
28510.0,,0.0
28521.414634146342,0.012519997544586658,
28546.0,,2.0
28554.055555555555,0.01257999800145626,
28566.13888888889,0.01257999800145626,
28572.583333333332,0.01257999800145626,
28575.0,,0.0
28603.0,,0.0
28618.76404494382,0.01257999800145626,
28631.101123595505,0.01257999800145626,
28641.38202247191,0.01257999800145626,
28664.0,,0.0
28682.454545454544,0.01257999800145626,
28693.0,,0.0
28722.0,,0.0
28741.575,0.01257999800145626,
28751.0,,0.0
28780.0,,0.0
28837.054945054944,0.01257999800145626,
28839.0,,0.0
28869.0,,0.0
28898.0,,0.0
28924.976744186046,0.01257999800145626,
28927.0,,0.0
28956.0,,0.0
28985.0,,0.0
28997.76,0.01257999800145626,
29003.56,0.01257999800145626,
29014.0,,0.0
29023.227272727272,0.01257999800145626,
29043.0,,0.0
29055.50980392157,0.01257999800145626,
29072.0,,0.0
29101.0,,0.0
29159.0,,0.0
29166.69387755102,0.01257999800145626,
29188.0,,0.0
29220.025773195877,0.01257999800145626,
29231.26288659794,0.01257999800145626,
29297.0,,2.0
29306.469387755104,0.01265999861061573,
29318.897959183672,0.01265999861061573,
29326.0,,0.0
29355.0,,0.0
29385.0,,0.0
29391.787234042553,0.01265999861061573,
29414.0,,0.0
29419.471698113208,0.01265999861061573,
29441.35849056604,0.01265999861061573,
29443.0,,0.0
29457.891891891893,0.01265999861061573,
29472.0,,0.0
29488.18604651163,0.01265999861061573,
29498.976744186046,0.01265999861061573,
29501.0,,0.0
29560.0,,0.0
29574.191489361703,0.01265999861061573,
29589.0,,0.0
29598.69230769231,0.01265999861061573,
29617.0,,0.0
29622.075268817203,0.01265999861061573,
29656.967741935485,0.01265999861061573,
29674.09677419355,0.01265999861061573,
29676.0,,0.0
29704.0,,0.0
29712.285714285714,0.01265999861061573,
29718.5,0.01265999861061573,
29733.0,,0.0
29741.458333333332,0.01265999861061573,
29762.0,,0.0
29784.745098039217,0.01265999861061573,
29791.0,,0.0
29803.731707317074,0.01265999861061573,
29820.0,,0.0
29849.0,,0.0
29855.525,0.01265999861061573,
29862.05,0.01265999861061573,
29878.0,,0.0
29895.614814814813,0.01265999861061573,
29902.903703703705,0.01265999861061573,
29927.807407407407,0.01265999861061573,
29960.0,,2.0
29989.0,,0.0
30019.0,,0.0
30034.425531914894,0.0127399992197752,
30046.14893617021,0.0127399992197752,
30048.0,,0.0
30061.735849056604,0.0127399992197752,
30076.0,,0.0
30123.25,0.01281999796628952,
30131.44,0.012839998118579388,
30139.0,,2.0
30167.0,,0.0
30208.855670103094,0.012859998270869255,
30225.0,,0.0
30232.686274509804,0.012859998270869255,
30246.960784313724,0.012859998270869255,
30253.0,,0.0
30281.235294117647,0.012859998270869255,
30283.0,,0.0
30311.0,,0.0
30341.0,,0.0
30398.0,,0.0
30425.1875,0.012859998270869255,
30427.0,,0.0
30434.714285714286,0.012879998423159122,
30454.0,,2.0
30484.0,,0.0
30511.260869565216,0.012939998880028725,
30526.75,0.012939998880028725,
30532.32608695652,0.012939998880028725,
30541.0,,0.0
30555.808510638297,0.012939998880028725,
30570.0,,0.0
30579.756097560974,0.012959999032318592,
30585.853658536584,0.01297999918460846,
30590.121951219513,0.012999999336898327,
30593.170731707316,0.013019999489188194,
30595.0,,2.0
30624.0,,0.0
30654.0,,0.0
30676.5,0.013019999489188194,
30684.0,,0.0
30711.326923076922,0.013019999489188194,
30713.0,,0.0
30741.30188679245,0.013019999489188194,
30743.0,,0.0
30772.0,,0.0
30814.593406593405,0.013019999489188194,
30829.0,,0.0
30836.13725490196,0.013019999489188194,
30841.07843137255,0.013019999489188194,
30848.764705882353,0.013019999489188194,
30857.0,,0.0
30886.5,0.013019999489188194,
30896.760869565216,0.013019999489188194,
30916.0,,0.0
30944.08510638298,0.013019999489188194,
30946.0,,0.0
30969.478260869564,0.013019999489188194,
30976.0,,0.0
31005.0,,0.0
31050.714285714286,0.013019999489188194,
31065.0,,0.0
31093.08510638298,0.013100000098347664,
31095.0,,2.0
31117.94,0.013100000098347664,
31126.0,,0.0
31152.825,0.013100000098347664,
31155.0,,0.0
31183.64077669903,0.013100000098347664,
31202.543689320388,0.013100000098347664,
31214.0,,0.0
31241.204545454544,0.013100000098347664,
31271.0,,0.0
31281.31111111111,0.013100000098347664,
31298.066666666666,0.013100000098347664,
31300.0,,0.0
31323.528301886792,0.013100000098347664,
31327.35849056604,0.013100000098347664,
31329.0,,0.0
31355.76923076923,0.013100000098347664,
31358.0,,0.0
31366.17948717949,0.013100000098347664,
31373.615384615383,0.013100000098347664,
31378.82051282051,0.013100000098347664,
31387.0,,0.0
31415.0,,0.0
31423.29090909091,0.013120000250637531,
31440.563636363637,0.013160000555217266,
31453.0,,2.0
31467.736842105263,0.013180000707507133,
31481.0,,0.0
31507.444444444445,0.013180000707507133,
31509.0,,0.0
31535.934065934067,0.013180000707507133,
31566.0,,0.0
31580.347826086956,0.013180000707507133,
31596.0,,0.0
31610.44776119403,0.013180000707507133,
31632.119402985074,0.013180000707507133,
31660.358208955226,0.013180000707507133,
31684.0,,0.0
31692.56818181818,0.013180000707507133,
31713.0,,0.0
31721.48780487805,0.013180000707507133,
31727.146341463416,0.013180000707507133,
31742.0,,0.0
31769.85714285714,0.013180000707507133,
31772.0,,0.0
31781.227272727272,0.013180000707507133,
31801.0,,0.0
31831.0,,0.0
31857.976744186046,0.013180000707507133,
31860.0,,0.0
31889.0,,0.0
31906.777777777777,0.013180000707507133,
31921.0,,0.0
31930.434782608696,0.013180000707507133,
31935.152173913044,0.013180000707507133,
31942.565217391304,0.013180000707507133,
31949.978260869564,0.013180000707507133,
31952.0,,0.0
31981.277777777777,0.013180000707507133,
31983.0,,0.0
32002.024390243903,0.013180000707507133,
32043.0,,0.0
32098.484662576688,0.013180000707507133,
32162.0,,0.0
32190.0,,0.0
32220.0,,0.0
32248.0,0.013180000707507133,
32250.0,,0.0
32276.285714285714,0.013180000707507133,
32278.0,,0.0
32326.579545454544,0.013260001316666603,
32335.0,,0.0
32379.563829787236,0.013260001316666603,
32394.0,,0.0
32400.904761904763,0.013260001316666603,
32423.0,,0.0
32432.6,0.013260001316666603,
32446.2,0.013260001316666603,
32455.0,,0.0
32462.960784313724,0.013260001316666603,
32469.21568627451,0.013260001316666603,
32474.901960784315,0.013260001316666603,
32484.0,,0.0
32513.0,,0.0
32535.188679245282,0.013260001316666603,
32541.0,,0.0
32572.0,,2.0
32587.615384615383,0.013340001925826073,
32599.326923076922,0.013340001925826073,
32601.0,,0.0
32621.727272727272,0.013340001925826073,
32658.0,,0.0
32686.0,,0.0
32713.85714285714,0.013340001925826073,
32716.0,,0.0
32744.0,,0.0
32759.0,0.013340001925826073,
32774.0,,0.0
32795.76470588235,0.013340001925826073,
32804.0,,0.0
32833.0,,0.0
32841.92753623189,0.013340001925826073,
32861.057971014496,0.013340001925826073,
32921.0,,0.0
32929.12,0.013340001925826073,
32948.26,0.013340001925826073,
32950.0,,0.0
32972.19801980198,0.013340001925826073,
33007.24752475248,0.013340001925826073,
33009.0,,0.0
33029.0,0.013340001925826073,
33039.0,,0.0
33069.0,,0.0
33098.0,,0.0
33108.46511627907,0.013340001925826073,
33121.023255813954,0.013340001925826073,
33128.0,,0.0
33138.46511627907,0.013340001925826073,
33158.0,,0.0
33202.12903225807,0.013340001925826073,
33207.032258064515,0.013340001925826073,
33215.0,,0.0
33255.379746835446,0.013340001925826073,
33273.0,,0.0
33285.21052631579,0.013340001925826073,
33331.0,,0.0
33337.06976744186,0.013340001925826073,
33350.558139534885,0.013340001925826073,
33357.976744186046,0.013340001925826073,
33360.0,,0.0
33389.0,,0.0
33408.11363636364,0.013340001925826073,
33416.02272727273,0.013340001925826073,
33418.0,,0.0
33434.0,0.013340001925826073,
33446.666666666664,0.013340001925826073,
33474.0,0.013340001925826073,
33476.0,,0.0
33491.97959183674,0.013340001925826073,
33505.0,,0.0
33512.807692307695,0.013340001925826073,
33534.0,,0.0
33547.40425531915,0.013340001925826073,
33564.0,,0.0
33594.0,,0.0
33600.692307692305,0.013340001925826073,
33623.0,,0.0
33645.05633802817,0.013340001925826073,
33674.464788732395,0.013340001925826073,
33710.0,,0.0
33716.21428571428,0.013340001925826073,
33723.119047619046,0.013340001925826073,
33736.92857142857,0.013340001925826073,
33739.0,,0.0
33768.0,,0.0
33795.14893617021,0.013340001925826073,
33797.0,,0.0
33825.0,,0.0
33842.857142857145,0.013340001925826073,
33855.0,,0.0
33874.78723404255,0.013340001925826073,
33885.0,,0.0
33893.08888888889,0.013340001925826073,
33913.0,,0.0
33931.85,0.013340001925826073,
33939.825,0.013340001925826073,
33942.0,,0.0
33970.78571428572,0.013340001925826073,
33973.0,,0.0
33994.08108108108,0.013340001925826073,
34003.0,,0.0
34019.75555555556,0.013340001925826073,
34052.62222222222,0.013340001925826073,
34061.0,,0.0
34067.10526315789,0.013340001925826073,
34090.0,,0.0
34110.470588235294,0.013340001925826073,
34119.0,,0.0
34128.55294117647,0.013340001925826073,
34142.2,0.013340001925826073,
34177.0,,0.0
34249.08823529412,0.013340001925826073,
34263.0,,0.0
34282.38461538462,0.013340001925826073,
34291.0,,0.0
34318.0,,0.0
34348.0,,0.0
34361.574468085106,0.013340001925826073,
34377.0,,0.0
34383.153846153844,0.013340001925826073,
34407.0,,0.0
34415.458333333336,0.013340001925826073,
34453.520833333336,0.013340001925826073,
34465.0,,0.0
34524.0,,0.0
34532.12,0.013340001925826073,
34582.0,,0.0
34590.97619047619,0.013340001925826073,
34611.0,,0.0
34640.0,,0.0
34690.09090909091,0.013340001925826073,
34698.0,,0.0
34727.0,,0.0
34757.0,,0.0
34777.13888888889,0.013340001925826073,
34786.0,,0.0
34816.0,,0.0
34837.75,0.013340001925826073,
34845.0,,0.0
34876.0,,0.0
34907.0,,2.0
34936.0,,0.0
34963.22448979592,0.013420002534985542,
34965.0,,0.0
35023.0,,0.0
35033.666666666664,0.01344000268727541,
35037.81481481482,0.013460002839565277,
35042.555555555555,0.013480002991855145,
35057.37037037037,0.013500003144145012,
35062.11111111111,0.013500003144145012,
35103.0,,0.0
35124.52040816326,0.013500003144145012,
35129.755102040814,0.013500003144145012,
35160.0,,0.0
35212.97959183674,0.013500003144145012,
35219.0,,0.0
35246.44642857143,0.013500003144145012,
35248.0,,0.0
35276.0,,0.0
35307.63636363636,0.013500003144145012,
35317.0101010101,0.013500003144145012,
35334.0,,0.0
35359.15909090909,0.013580003753304482,
35361.0,,2.0
35369.92307692308,0.013580003753304482,
35391.593406593405,0.013580003753304482,
35419.0,,0.0
35447.0,,0.0
35466.885714285716,0.013580003753304482,
35473.514285714286,0.013580003753304482,
35476.0,,0.0
35504.0,,0.0
35532.0,,0.0
35554.55319148936,0.013580003753304482,
35571.46808510638,0.013620004057884216,
35585.0,,2.0
35600.555555555555,0.013660004362463951,
35613.0,,0.0
35622.441860465115,0.013660004362463951,
35642.0,,0.0
35671.0,,0.0
35700.0,,0.0
35715.708333333336,0.013660004362463951,
35721.75,0.013660004362463951,
35729.0,,0.0
35786.0,,0.0
35815.0,,2.0
35821.38983050847,0.01374000497162342,
35828.76271186441,0.01374000497162342,
35844.0,,0.0
35892.857142857145,0.01374000497162342,
35901.0,,0.0
35930.0,,0.0
35943.333333333336,0.01374000497162342,
35958.0,,0.0
35987.0,,0.0
36016.0,,0.0
36045.0,,0.0
36052.63636363636,0.01374000497162342,
36073.36363636364,0.01374000497162342,
36075.0,,0.0
36100.9,0.01374000497162342,
36103.0,,0.0
36132.0,,0.0
36161.0,,0.0
36190.0,,0.0
36219.0,,0.0
36234.818181818184,0.01374000497162342,
36254.59090909091,0.01374000497162342,
36275.02272727273,0.01374000497162342,
36277.0,,0.0
36306.0,,0.0
36320.68085106383,0.01374000497162342,
36336.0,,0.0
36364.0,,0.0
36393.0,,0.0
36420.86111111111,0.013780003413558006,
36439.708333333336,0.013780003413558006,
36452.0,,0.0
36480.0,,0.0
36508.0,,0.0
36514.96,0.013780003413558006,
36537.0,,0.0
36558.13636363636,0.013780003413558006,
36568.0,,0.0
36588.95620437956,0.013780003413558006,
36614.357664233576,0.013780003413558006,
36655.0,,0.0
36662.25,0.013780003413558006,
36668.291666666664,0.013780003413558006,
36684.0,,0.0
36714.0,,0.0
36722.68421052631,0.013820003718137741,
36727.31578947369,0.013840003870427608,
36736.0,,2.0
36749.895833333336,0.013860004022717476,
36781.3125,0.013860004022717476,
36794.0,,0.0
36811.756097560974,0.013860004022717476,
36822.0,,0.0
36851.0,,0.0
36873.78571428572,0.013860004022717476,
36877.92857142857,0.013860004022717476,
36880.0,,0.0
36939.0,,0.0
36952.5,0.013860004022717476,
36969.0,,0.0
36998.0,,0.0
37012.651162790695,0.013860004022717476,
37025.90697674418,0.013860004022717476,
37028.0,,0.0
37057.0,,0.0
37065.7,0.013860004022717476,
37086.0,,0.0
37107.0,,2.0
37116.767441860466,0.013940004631876945,
37135.0,,0.0
37182.09708737864,0.013940004631876945,
37203.50485436893,0.013940004631876945,
37227.053398058255,0.013940004631876945,
37250.601941747576,0.013940004631876945,
37267.01456310679,0.013960003852844238,
37279.85922330097,0.013980003073811531,
37282.0,,1.0
37310.0,,0.0
37316.818181818184,0.013980003073811531,
37340.0,,0.0
37349.71428571428,0.013980003073811531,
37355.42857142857,0.013980003073811531,
37368.0,,0.0
37384.692307692305,0.014000002294778824,
37399.0,,1.0
37446.06024096385,0.014059999957680702,
37461.0,,0.0
37486.566666666666,0.014059999957680702,
37506.23333333333,0.014059999957680702,
37518.03333333333,0.014059999957680702,
37520.0,,0.0
37530.5,0.014059999957680702,
37567.25,0.014059999957680702,
37580.0,,0.0
37637.0,,0.0
37650.38461538462,0.014059999957680702,
37666.0,,0.0
37672.38596491228,0.014059999957680702,
37694.0,,0.0
37718.0,,2.0
37739.145833333336,0.014140000566840172,
37747.0,,0.0
37760.181818181816,0.014140000566840172,
37776.0,,0.0
37796.88,0.014140000566840172,
37803.26,0.014140000566840172,
37805.0,,0.0
37818.22222222222,0.014140000566840172,
37830.666666666664,0.014140000566840172,
37833.0,,0.0
37855.0,0.014140000566840172,
37863.0,,0.0
37910.90425531915,0.014169999398291111,
37920.0,,1.0
37935.91891891892,0.01419999822974205,
37951.0,,1.0
37973.4,0.014219997450709343,
37979.0,,0.0
37989.4,0.01422999706119299,
38011.0,,1.0
38042.0,,0.0
38062.85106382979,0.014259995892643929,
38068.21276595745,0.014259995892643929,
38070.0,,0.0
38087.71428571428,0.014259995892643929,
38096.28571428572,0.014259995892643929,
38098.0,,0.0
38145.97196261682,0.014259995892643929,
38157.0,,0.0
38186.0,,0.0
38215.0,,0.0
38244.0,,0.0
38273.0,,0.0
38290.55263157895,0.014259995892643929,
38302.0,,0.0
38328.28571428572,0.014259995892643929,
38330.0,,0.0
38340.34090909091,0.014269995503127575,
38365.0,,1.0
38375.68421052631,0.014299994334578514,
38394.0,,0.0
38450.0,,0.0
38464.204081632655,0.014299994334578514,
38477.22448979592,0.014299994334578514,
38479.0,,0.0
38492.44,0.014299994334578514,
38499.72,0.014299994334578514,
38507.0,,0.0
38534.32692307692,0.014299994334578514,
38536.0,,0.0
38596.0,,0.0
38625.0,,0.0
38655.0,,0.0
38681.13333333333,0.014299994334578514,
38683.0,,0.0
38697.5,0.014299994334578514,
38712.0,,0.0
38756.086956521736,0.014379994943737984,
38764.0,,0.0
38792.0,,0.0
38817.9,0.014379994943737984,
38820.0,,0.0
38846.35294117647,0.014379994943737984,
38848.0,,0.0
38877.0,,0.0
38890.84090909091,0.014379994943737984,
38902.045454545456,0.014379994943737984,
38960.045454545456,0.01441999338567257,
38968.61363636364,0.01441999338567257,
38981.795454545456,0.01441999338567257,
38991.02272727273,0.01441999338567257,
38993.0,,0.0
39007.763636363634,0.01441999338567257,
39022.0,,0.0
39046.489795918365,0.01441999338567257,
39050.163265306124,0.01441999338567257,
39052.0,,0.0
39065.64705882353,0.01441999338567257,
39101.470588235294,0.01441999338567257,
39110.0,,0.0
39137.0,,0.0
39141.54054054054,0.01441999338567257,
39157.43243243243,0.01441999338567257,
39165.0,,0.0
39173.281481481485,0.01441999338567257,
39178.37777777778,0.01441999338567257,
39251.0,,0.0
39260.916666666664,0.01441999338567257,
39279.0,,0.0
39299.186046511626,0.01441999338567257,
39307.0,,0.0
39314.35849056604,0.01441999338567257,
39337.0,,0.0
39477.086956521736,0.014459993690252304,
39516.0,,2.0
39523.14893617021,0.014509993605315685,
39544.0,,1.0
39564.53333333333,0.014619993045926094,
39566.0,,2.0
39627.0,,1.0
39647.71428571428,0.01465999148786068,
39653.92857142857,0.01465999148786068,
39656.0,,0.0
39671.760869565216,0.01465999148786068,
39685.0,,0.0
39702.4623655914,0.01465999148786068,
39708.69892473118,0.01465999148786068,
39743.0,,0.0
39772.0,,0.0
39800.0,,0.0
39819.666666666664,0.01465999148786068,
39837.22619047619,0.01465999148786068,
39859.0,,0.0
39864.86046511628,0.01465999148786068,
39879.186046511626,0.01465999148786068,
39887.0,,0.0
39908.42857142857,0.01465999148786068,
39915.163265306124,0.01465999148786068,
39917.0,,0.0
39946.0,,0.0
39988.06593406593,0.01465999148786068,
39995.71428571428,0.01465999148786068,
40002.08791208791,0.01465999148786068,
40004.0,,0.0
40021.94871794872,0.01465999148786068,
40060.0,,0.0
40111.34426229508,0.01465999148786068,
40147.0,,0.0
40171.78,0.01465999148786068,
40183.58,0.01465999148786068,
40206.0,,0.0
40266.0,,0.0
40295.0,,0.0
40312.29213483146,0.01473999209702015,
40352.0,,0.0
40381.0,,0.0
40411.0,,0.0
40440.0,,0.0
40463.954545454544,0.014769990928471088,
40471.681818181816,0.014779990538954735,
40474.0,,1.0
40502.0,,0.0
40517.92156862745,0.014779990538954735,
40531.0,,0.0
40561.0,,0.0
40589.0,,0.0
40618.0,,0.0
40625.744680851065,0.014779990538954735,
40646.0,,0.0
40676.0,,0.0
40694.56,0.014779990538954735,
40732.26,0.014779990538954735,
40734.0,,0.0
40764.0,,0.0
40794.0,,0.0
40823.0,,0.0
40843.470588235294,0.014779990538954735,
40852.0,,0.0
40869.4,0.014779990538954735,
40881.0,,0.0
40911.0,,0.0
40924.80952380953,0.014779990538954735,
40940.0,,0.0
40961.48837209302,0.014779990538954735,
40968.0,,0.0
40985.045454545456,0.014779990538954735,
40995.954545454544,0.014779990538954735,
40998.0,,0.0
41027.0,,0.0
41040.08620689655,0.01481999084353447,
41044.05172413793,0.014839990995824337,
41048.81034482759,0.014859991148114204,
41050.0,,2.0
41077.02272727273,0.014859991148114204,
41079.0,,0.0
41163.245810055865,0.014859991148114204,
41183.33519553073,0.014859991148114204,
41195.0,,0.0
41204.666666666664,0.014859991148114204,
41218.09259259259,0.014859991148114204,
41222.38888888889,0.014859991148114204,
41224.0,,0.0
41274.183908045976,0.014859991148114204,
41280.96551724138,0.014859991148114204,
41283.0,,0.0
41312.0,,0.0
41324.95744680851,0.014859991148114204,
41341.0,,0.0
41366.24822695035,0.014939991757273674,
41397.17730496454,0.014939991757273674,
41406.014184397165,0.014939991757273674,
41430.0,,0.0
41450.71428571428,0.014939991757273674,
41459.0,,0.0
41486.02272727273,0.014939991757273674,
41488.0,,0.0
41514.583333333336,0.014939991757273674,
41546.0,,0.0
41574.0,,0.0
41603.0,,0.0
41625.846153846156,0.014969990588724613,
41636.0,,1.0
41642.22222222222,0.01497999019920826,
41664.0,,0.0
41671.16279069767,0.014999990351498127,
41692.0,,2.0
41721.0,,0.0
41747.583333333336,0.01505999080836773,
41750.0,,0.0
41776.30275229358,0.01505999080836773,
41795.33027522936,0.01505999080836773,
41811.0,,0.0
41819.767441860466,0.01505999080836773,
41840.0,,0.0
41870.0,,0.0
41893.743902439026,0.01505999080836773,
41913.170731707316,0.01505999080836773,
41919.64634146341,0.01505999080836773,
41929.0,,0.0
41937.25,0.01505999080836773,
41944.75,0.01505999080836773,
41959.0,,0.0
41987.0,,0.0
41994.34210526316,0.01505999080836773,
42018.0,,0.0
42032.85365853659,0.01505999080836773,
42047.0,,0.0
42054.13725490196,0.01505999080836773,
42075.0,,0.0
42083.529411764706,0.01505999080836773,
42095.470588235294,0.01505999080836773,
42104.0,,0.0
42119.862068965514,0.01505999080836773,
42164.0,,1.0
42187.07692307692,0.015099989250302315,
42202.241758241755,0.015099989250302315,
42214.769230769234,0.015099989250302315,
42224.0,,0.0
42254.0,,0.0
42273.333333333336,0.015099989250302315,
42283.0,,0.0
42310.02272727273,0.015099989250302315,
42312.0,,0.0
42327.625,0.015099989250302315,
42342.0,,0.0
42371.0,,0.0
42401.0,,0.0
42410.666666666664,0.015099989250302315,
42430.0,,0.0
42459.0,,0.0
42474.225,0.015099989250302315,
42488.0,,0.0
42517.0,,0.0
42545.81914893617,0.015099989250302315,
42580.0,,0.0
42586.94285714286,0.015099989250302315,
42604.68571428571,0.015099989250302315,
42607.0,,0.0
42637.0,,0.0
42667.0,,0.0
42674.69387755102,0.015099989250302315,
42689.489795918365,0.015099989250302315,
42694.22448979592,0.015099989250302315,
42696.0,,0.0
42712.470588235294,0.015099989250302315,
42726.0,,0.0
42745.67567567567,0.015099989250302315,
42754.0,,0.0
42805.54022988506,0.015099989250302315,
42813.0,,0.0
42849.63157894737,0.015099989250302315,
42869.16842105263,0.015099989250302315,
42871.0,,0.0
42879.29787234042,0.015099989250302315,
42891.425531914894,0.015099989250302315,
42901.0,,0.0
42912.31707317073,0.015099989250302315,
42930.0,,0.0
42958.2,0.015099989250302315,
42960.0,,0.0
42981.75,0.015099989250302315,
42987.1875,0.015099989250302315,
42989.0,,0.0
43018.0,,0.0
43045.02272727273,0.015099989250302315,
43047.0,,0.0
43076.0,,0.0
43122.931818181816,0.015099989250302315,
43135.0,,0.0
43161.21276595745,0.015099989250302315,
43163.0,,0.0
43185.5,0.015099989250302315,
43193.0,,0.0
43222.0,,0.0
43243.7,0.015099989250302315,
43250.0,,0.0
43281.0,,0.0
43309.0,,0.0
43340.0,,2.0
43354.0,0.015179989859461784,
43370.0,,0.0
43398.125,0.015179989859461784,
43400.0,,0.0
43406.854545454546,0.015179989859461784,
43418.98181818182,0.015179989859461784,
43429.0,,0.0
43459.0,,0.0
43466.07317073171,0.015179989859461784,
43514.87804878049,0.015179989859461784,
43517.0,,0.0
43545.0,,0.0
43555.181818181816,0.015179989859461784,
43560.27272727273,0.015179989859461784,
43573.0,,0.0
43594.54285714286,0.015179989859461784,
43599.514285714286,0.015179989859461784,
43602.0,,0.0
43631.0,,0.0
43645.16279069767,0.015179989859461784,
43660.0,,0.0
43689.0,,0.0
43719.0,,0.0
43726.90909090909,0.015179989859461784,
43732.181818181816,0.015179989859461784,
43746.02272727273,0.015179989859461784,
43748.0,,0.0
43777.0,,0.0
43792.3125,0.015239990316331387,
43798.0,,2.0
43805.96078431373,0.015259990468621254,
43827.0,,0.0
43848.88679245283,0.015259990468621254,
43856.0,,0.0
43861.375,0.015259990468621254,
43926.546875,0.015259990468621254,
43942.0,,0.0
43961.758241758245,0.015259990468621254,
43991.71428571428,0.015259990468621254,
44000.0,,0.0
44027.066666666666,0.015259990468621254,
44029.0,,0.0
44057.681318681316,0.015259990468621254,
44072.97802197802,0.015259990468621254,
44085.08791208791,0.015259990468621254,
44087.0,,0.0
44095.02127659575,0.015259990468621254,
44116.0,,0.0
44123.52142857143,0.015259990468621254,
44135.09285714286,0.015259990468621254,
44142.03571428572,0.015259990468621254,
44161.12857142857,0.015259990468621254,
44175.59285714286,0.015279990620911121,
44183.69285714286,0.015299990773200989,
44197.0,,2.0
44220.606060606064,0.015339991077780724,
44245.36363636364,0.015339991077780724,
44254.0,,0.0
44262.92307692308,0.015339991077780724,
44269.61538461538,0.015339991077780724,
44283.0,,0.0
44312.0,,0.0
44326.5,0.015339991077780724,
44341.0,,0.0
44370.0,,0.0
44398.23529411765,0.01537998951971531,
44400.0,,1.0
44425.0,,2.0
44462.17391304348,0.015459990128874779,
44473.32608695652,0.015459990128874779,
44482.0,,0.0
44490.6976744186,0.015479990281164646,
44502.46511627907,0.015539990738034248,
44504.0,,2.0
44512.181818181816,0.015539990738034248,
44524.454545454544,0.015539990738034248,
44534.0,,0.0
44563.0,,0.0
44592.0,,0.0
44621.0,,0.0
44624.6,0.015559990890324116,
44642.0,,2.0
44648.365853658535,0.015619991347193718,
44668.87804878049,0.015619991347193718,
44671.0,,0.0
44684.239130434784,0.015619991347193718,
44698.108695652176,0.015619991347193718,
44700.0,,0.0
44727.32692307692,0.015619991347193718,
44729.0,,0.0
44738.441860465115,0.015619991347193718,
44755.976744186046,0.015619991347193718,
44758.0,,0.0
44781.1,0.015679989010095596,
44788.525,0.01569998823106289,
44791.0,,2.0
44803.18,0.01569998823106289,
44810.14,0.01569998823106289,
44818.26,0.01569998823106289,
44820.0,,0.0
44847.066666666666,0.01569998823106289,
44849.0,,0.0
44857.04878048781,0.01569998823106289,
44870.95121951219,0.01569998823106289,
44879.0,,0.0
44892.239130434784,0.01569998823106289,
44937.0,,0.0
44965.04347826087,0.01569998823106289,
44967.0,,0.0
45052.0,,0.0
45068.186046511626,0.01569998823106289,
45081.0,,0.0
45110.0,,0.0
45141.09090909091,0.01569998823106289,
45161.818181818184,0.01569998823106289,
45170.0,,0.0
45262.60526315789,0.01569998823106289,
45285.0,,0.0
45314.0,,0.0
45343.0,,0.0
45389.57894736842,0.01569998823106289,
45402.0,,0.0
45409.051546391755,0.01569998823106289,
45459.0,,0.0
45488.0,,0.0
45500.97297297297,0.01569998823106289,
45515.56756756757,0.01569998823106289,
45518.0,,0.0
45547.0,,0.0
45577.0,,0.0
45585.166666666664,0.01569998823106289,
45592.75,0.01569998823106289,
45603.25,0.01569998823106289,
45605.0,,0.0
45633.0,,0.0
45663.0,,0.0
45692.0,,0.0
45704.94117647059,0.01569998823106289,
45722.0,,0.0
45769.12871287129,0.01569998823106289,
45778.0,,0.0
45807.0,,0.0
45835.0,,0.0
45849.5,0.01569998823106289,
45861.92857142857,0.01569998823106289,
45864.0,,0.0
45891.63157894737,0.01569998823106289,
45894.0,,0.0
45902.666666666664,0.01569998823106289,
45922.0,,0.0
45930.28571428572,0.01569998823106289,
45935.61224489796,0.01569998823106289,
45951.0,,0.0
45958.51851851852,0.01569998823106289,
45980.0,,0.0
46012.8275862069,0.01569998823106289,
46036.0,,0.0
46043.125,0.01569998823106289,
46079.9375,0.01569998823106289,
46084.6875,0.01569998823106289,
46093.0,,0.0
46101.055555555555,0.01569998823106289,
46122.0,,0.0
46136.37837837838,0.01569998823106289,
46150.0,,0.0
46183.95121951219,0.01569998823106289,
46190.31707317073,0.01569998823106289,
46208.0,,0.0
46230.86538461538,0.01569998823106289,
46237.0,,0.0
46267.0,,0.0
46277.03846153846,0.01569998823106289,
46296.0,,0.0
46301.2972972973,0.01569998823106289,
46307.35135135135,0.01569998823106289,
46324.0,,0.0
46331.40425531915,0.01569998823106289,
46353.0,,0.0
46366.852348993285,0.01569998823106289,
46426.87919463087,0.01569998823106289,
46439.0,,0.0
46448.739130434784,0.01569998823106289,
46467.0,,0.0
46496.0,,0.0
46554.0,,0.0
46569.225,0.01569998823106289,
46580.825,0.01569998823106289,
46583.0,,0.0
46598.13043478261,0.01569998823106289,
46612.0,,0.0
46698.0,,0.0
46756.0,,0.0
46777.75,0.01569998823106289,
46785.0,,0.0
46806.46,0.01569998823106289,
46814.0,,0.0
46842.0,,0.0
46856.86956521739,0.01569998823106289,
46899.0,,0.0
46929.0,,0.0
46961.0,,1.0
47004.32,0.015739990398287773,
47018.0,,0.0
47025.4358974359,0.015739990398287773,
47047.0,,0.0
47076.0,,0.0
47089.67441860465,0.015739990398287773,
47102.04651162791,0.015739990398287773,
47104.0,,0.0
47112.7,0.015739990398287773,
47117.34,0.015739990398287773,
47133.0,,0.0
47139.645833333336,0.015739990398287773,
47162.0,,0.0
47170.14035087719,0.015739990398287773,
47178.28070175439,0.015739990398287773,
47191.0,,0.0
47207.86046511628,0.015739990398287773,
47220.0,,0.0
47230.311111111114,0.015739990398287773,
47235.46666666667,0.015739990398287773,
47249.0,,0.0
47271.25581395349,0.015739990398287773,
47278.0,,0.0
47306.0,,0.0
47323.4,0.015739990398287773,
47335.0,,0.0
47390.12087912088,0.015739990398287773,
47392.0,,0.0
47403.97727272727,0.015739990398287773,
47423.0,,0.0
47430.914893617024,0.015739990398287773,
47438.17021276596,0.015739990398287773,
47454.0,,0.0
47483.207920792076,0.015739990398287773,
47513.0,,0.0
47555.35172413793,0.015739990398287773,
47602.0,,0.0
47611.375,0.015739990398287773,
47632.0,,0.0
47654.84210526316,0.015739990398287773,
47663.0,,0.0
47690.066666666666,0.015739990398287773,
47692.0,,0.0
47720.0,,0.0
47775.825,0.015739990398287773,
47778.0,,0.0
47788.11627906977,0.015739990398287773,
47807.0,,0.0
47817.862068965514,0.015739990398287773,
47835.44827586207,0.015739990398287773,
47837.0,,0.0
47866.0,,0.0
47895.0,,0.0
47922.14893617021,0.015739990398287773,
47924.0,,0.0
47953.0,,0.0
47982.0,,0.0
47989.131868131866,0.015739990398287773,
48007.28571428572,0.015739990398287773,
48039.054945054944,0.015739990398287773,
48041.0,,0.0
48063.307692307695,0.015769992023706436,
48071.0,,1.0
48087.04255319149,0.015779992565512657,
48091.97872340425,0.015779992565512657,
48100.0,,0.0
48130.0,,0.0
48159.0,,0.0
48174.92156862745,0.015779992565512657,
48188.0,,0.0
48196.25,0.015779992565512657,
48218.0,,0.0
48223.117647058825,0.015779992565512657,
48229.94117647059,0.015779992565512657,
48247.0,,0.0
48274.108695652176,0.015779992565512657,
48276.0,,0.0
48304.0,,0.0
48325.192307692305,0.015779992565512657,
48333.0,,0.0
48359.25,0.015779992565512657,
48361.0,,0.0
48383.68292682927,0.015779992565512657,
48421.0,,1.0
48430.90243902439,0.01581999473273754,
48435.85365853659,0.01581999473273754,
48450.0,,0.0
48460.0,0.01581999473273754,
48479.0,,0.0
48488.833333333336,0.01581999473273754,
48509.20238095238,0.01581999473273754,
48538.0,,0.0
48575.36551724138,0.01581999473273754,
48592.56551724138,0.01581999473273754,
48624.0,,0.0
48645.30612244898,0.01581999473273754,
48653.0,,0.0
48660.25,0.01581999473273754,
48682.0,,0.0
48690.57142857143,0.01581999473273754,
48708.28571428572,0.01581999473273754,
48710.0,,0.0
48733.619047619046,0.015849996358156204,
48738.78571428572,0.015859996899962425,
48741.0,,1.0
48798.0,,0.0
48854.0,,0.0
48864.8,0.015859996899962425,
48884.0,,0.0
48894.27906976744,0.015879996120929718,
48918.0,,2.0
48944.444444444445,0.015939993783831596,
48946.0,,0.0
48974.0,,0.0
49001.0,,0.0
49057.108695652176,0.015939993783831596,
49059.0,,0.0
49065.875,0.015939993783831596,
49079.625,0.015939993783831596,
49112.125,0.015939993783831596,
49114.0,,0.0
49125.04761904762,0.015939993783831596,
49143.0,,0.0
49172.0,,0.0
49201.0,,0.0
49229.0,,0.0
49258.0,,0.0
49278.53333333333,0.015939993783831596,
49286.0,,0.0
49322.95652173913,0.015939993783831596,
49371.0,,0.0
49400.0,,0.0
49428.0,,0.0
49436.96,0.015939993783831596,
49448.72,0.015939993783831596,
49454.32,0.015939993783831596,
49456.0,,0.0
49484.0,,0.0
49510.6,0.015939993783831596,
49526.885714285716,0.015939993783831596,
49541.0,,0.0
49573.0,,1.0
49582.441860465115,0.01597999595105648,
49602.0,,0.0
49630.5,0.01597999595105648,
49650.857142857145,0.01597999595105648,
49659.0,,0.0
49705.77647058824,0.01597999595105648,
49715.0,,0.0
49754.54255319149,0.01597999595105648,
49774.0,,0.0
49787.71428571428,0.01597999595105648,
49802.0,,0.0
49833.0,,1.0
49879.77419354839,0.016019998118281364,
49889.12903225807,0.016019998118281364,
49891.0,,0.0
49916.527272727275,0.016019998118281364,
49918.0,,0.0
49936.642857142855,0.016019998118281364,
49947.0,,0.0
49969.634146341465,0.016019998118281364,
49976.0,,0.0
49986.85106382979,0.016019998118281364,
50006.0,,0.0
50036.0,,0.0
50065.0,,0.0
50095.0,,0.0
50116.21951219512,0.016019998118281364,
50124.0,,0.0
50152.0,,0.0
50179.02272727273,0.016019998118281364,
50181.0,,0.0
50205.95348837209,0.016019998118281364,
50236.976744186046,0.016019998118281364,
50239.0,,0.0
50254.425531914894,0.016019998118281364,
50268.0,,0.0
50297.0,,0.0
50303.0,0.016019998118281364,
50327.0,,0.0
50333.92134831461,0.016019998118281364,
50340.213483146064,0.016019998118281364,
50343.3595505618,0.016019998118281364,
50368.52808988764,0.016019998118281364,
50383.0,,0.0
50390.63157894737,0.016019998118281364,
50412.0,,0.0
50441.0,,0.0
50469.0,,0.0
50486.045454545456,0.016019998118281364,
50499.0,,0.0
50515.448979591834,0.016019998118281364,
50530.0,,0.0
50560.0,,0.0
50569.480769230766,0.016019998118281364,
50589.0,,0.0
50599.357142857145,0.016019998118281364,
50618.0,,0.0
50625.95918367347,0.016019998118281364,
50646.163265306124,0.016019998118281364,
50648.0,,0.0
50663.35294117647,0.016019998118281364,
50677.0,,0.0
50694.4623655914,0.016019998118281364,
50735.0,,0.0
50763.78048780488,0.016019998118281364,
50781.04878048781,0.016019998118281364,
50794.0,,0.0
50822.0,,0.0
50831.441860465115,0.016019998118281364,
50836.16279069767,0.016019998118281364,
50851.0,,0.0
50879.0,,0.0
50908.0,,0.0
50917.290322580644,0.016019998118281364,
50923.67741935484,0.016019998118281364,
50932.967741935485,0.016019998118281364,
50986.967741935485,0.016019998118281364,
51009.6129032258,0.016019998118281364,
51035.74193548387,0.016019998118281364,
51052.0,,0.0
51080.0,,0.0
51102.166666666664,0.016019998118281364,
51108.0,,0.0
51122.08235294118,0.016019998118281364,
51143.541176470586,0.016019998118281364,
51165.0,,0.0
51187.40909090909,0.016019998118281364,
51194.0,,0.0
51215.40476190476,0.016019998118281364,
51223.0,,0.0
51300.08148148148,0.016019998118281364,
51309.0,,0.0
51322.8,0.016019998118281364,
51358.28571428572,0.016019998118281364,
51364.857142857145,0.016019998118281364,
51410.857142857145,0.016019998118281364,
51422.02857142857,0.016019998118281364,
51424.0,,0.0
51465.26315789474,0.016019998118281364,
51480.0,,0.0
51499.46341463415,0.016019998118281364,
51537.0,,0.0
51557.47311827957,0.016019998118281364,
51593.0,,0.0
51621.0,,0.0
51627.59090909091,0.016019998118281364,
51640.77272727273,0.016019998118281364,
51648.02272727273,0.016019998118281364,
51650.0,,0.0
51677.44642857143,0.016019998118281364,
51679.0,,0.0
51707.0,,0.0
51736.0,,0.0
51745.11627906977,0.016019998118281364,
51764.0,,0.0
51784.80434782609,0.016019998118281364,
51793.0,,0.0
51822.0,,0.0
51852.0,,0.0
51873.52173913043,0.016019998118281364,
51882.0,,0.0
51894.325,0.016019998118281364,
51911.0,,0.0
51931.26506024096,0.016019998118281364,
51961.31325301205,0.016019998118281364,
51969.0,,0.0
51989.02380952381,0.016019998118281364,
51998.0,,0.0
52027.0,,0.0
52048.75,0.016019998118281364,
52056.0,,0.0
52062.365853658535,0.016019998118281364,
52073.68292682927,0.016019998118281364,
52085.0,,0.0
52111.28571428572,0.016019998118281364,
52113.0,,0.0
52141.0,,0.0
52168.22448979592,0.016019998118281364,
52170.0,,0.0
52198.269230769234,0.016019998118281364,
52200.0,,0.0
52239.7027027027,0.016019998118281364,
52284.902702702704,0.016019998118281364,
52301.394594594596,0.016019998118281364,
52313.0,,0.0
52343.0,,0.0
52373.0,,0.0
52381.936170212764,0.016019998118281364,
52395.34042553192,0.016019998118281364,
52403.0,,0.0
52425.17647058824,0.016019998118281364,
52432.0,,0.0
52454.25581395349,0.016019998118281364,
52458.976744186046,0.016019998118281364,
52461.0,,0.0
52490.0,,0.0
52519.0,,0.0
52547.0,,0.0
52569.22222222222,0.016019998118281364,
52575.333333333336,0.016019998118281364,
52577.0,,0.0
52603.71052631579,0.016019998118281364,
52606.0,,0.0
52636.0,,0.0
52643.142857142855,0.016019998118281364,
52656.0,0.016019998118281364,
52666.0,,0.0
52682.14736842105,0.016019998118281364,
52687.73684210526,0.016019998118281364,
52725.0,,0.0
52749.87804878049,0.016019998118281364,
52752.80487804878,0.016019998118281364,
52755.0,,0.0
52763.57142857143,0.016019998118281364,
52775.204081632655,0.016019998118281364,
52783.163265306124,0.016019998118281364,
52785.0,,0.0
52814.0,,0.0
52846.0,,1.0
52872.825,0.01606000028550625,
52875.0,,0.0
52881.12244897959,0.01606000028550625,
52903.163265306124,0.01606000028550625,
52905.0,,0.0
52913.568181818184,0.01606000028550625,
52934.0,,0.0
52956.666666666664,0.01606000028550625,
52964.0,,0.0
52978.0,0.01606000028550625,
52992.0,,0.0
53020.0,,0.0
53048.163265306124,0.01606000028550625,
53050.0,,0.0
53070.043956043955,0.01606000028550625,
53075.054945054944,0.01606000028550625,
53100.10989010989,0.01606000028550625,
53105.12087912088,0.01606000028550625,
53107.0,,0.0
53121.5,0.01606000028550625,
53136.0,,0.0
53164.0,,0.0
53191.066666666666,0.01606000028550625,
53193.0,,0.0
53223.0,,0.0
53250.294117647056,0.01606000028550625,
53252.0,,0.0
53268.94382022472,0.01606000028550625,
53299.573033707864,0.01606000028550625,
53310.0,,0.0
53338.0,,0.0
53368.0,,0.0
53397.0,,0.0
53424.41818181818,0.01606000028550625,
53426.0,,0.0
53448.02272727273,0.01606000028550625,
53483.0,,0.0
53538.95294117647,0.01606000028550625,
53541.0,,0.0
53550.02222222222,0.01606000028550625,
53554.53333333333,0.01606000028550625,
53570.0,,0.0
53597.22448979592,0.01606000028550625,
53599.0,,0.0
53628.0,,0.0
53654.5,0.01606000028550625,
53656.0,,0.0
53685.0,,0.0
53714.0,,0.0
53743.0,,0.0
53757.25,0.01606000028550625,
53773.0,,0.0
53781.97619047619,0.01606000028550625,
53793.71428571428,0.01606000028550625,
53802.0,,0.0
53831.0,,0.0
53844.51724137931,0.01606000028550625,
53859.0,,0.0
53888.53846153846,0.016100002452731133,
53891.0,,1.0
53899.525,0.016110002994537354,
53912.7,0.016130004078149796,
53919.675,0.016140004619956017,
53922.0,,1.0
53952.0,,0.0
53959.14893617021,0.016140004619956017,
53980.0,,0.0
54024.08045977011,0.016140004619956017,
54039.0,,0.0
54057.709677419356,0.016140004619956017,
54073.30107526882,0.016140004619956017,
54097.0,,0.0
54126.0,,0.0
54154.0,,0.0
54167.6,0.016140004619956017,
54182.0,,0.0
54211.0,,0.0
54218.46666666667,0.016140004619956017,
54224.688888888886,0.016140004619956017,
54239.0,,0.0
54259.19642857143,0.016140004619956017,
54268.0,,0.0
54295.22448979592,0.016140004619956017,
54297.0,,0.0
54309.62745098039,0.016140004619956017,
54325.0,,0.0
54380.2,0.016140004619956017,
54382.0,,0.0
54403.333333333336,0.016140004619956017,
54411.333333333336,0.016140004619956017,
54440.0,,0.0
54468.0,,0.0
54497.0625,0.0161800067871809,
54499.0,,1.0
54528.0,,0.0
54538.0,0.0161800067871809,
54550.666666666664,0.0161800067871809,
54586.0,,0.0
54603.431818181816,0.0161800067871809,
54645.0,,0.0
54681.211764705884,0.0161800067871809,
54699.98823529412,0.0161800067871809,
54702.0,,0.0
54714.666666666664,0.0161800067871809,
54730.0,,0.0
54760.0,,0.0
54785.95121951219,0.0161800067871809,
54788.0,,0.0
54817.0,,0.0
54845.0,,0.0
54863.846153846156,0.0161800067871809,
54871.38461538462,0.0161800067871809,
54873.0,,0.0
54881.08888888889,0.0161800067871809,
54886.066666666666,0.0161800067871809,
54892.28888888889,0.0161800067871809,
54901.0,,0.0
54922.44680851064,0.0161800067871809,
54929.0,,0.0
54936.102040816324,0.0161800067871809,
54958.0,,0.0
54986.0,,0.0
55014.0,,0.0
55033.09090909091,0.0161800067871809,
55042.0,,0.0
55071.95744680851,0.016220008954405785,
55074.0,,1.0
55102.0,,0.0
55114.08888888889,0.016240008175373077,
55134.0,,2.0
55160.04651162791,0.016300005838274956,
55162.0,,0.0
55176.204081632655,0.016300005838274956,
55191.0,,0.0
55220.0,,0.0
55248.0,,0.0
55289.10638297872,0.016300005838274956,
55296.85106382979,0.016300005838274956,
55304.0,,0.0
55333.0,,0.0
55354.232142857145,0.016300005838274956,
55362.0,,0.0
55384.74509803922,0.016300005838274956,
55389.294117647056,0.016300005838274956,
55391.0,,0.0
55398.25,0.016300005838274956,
55410.11363636364,0.016300005838274956,
55420.0,,0.0
55488.78289473684,0.016300005838274956,
55505.0,,0.0
55532.1875,0.016300005838274956,
55534.0,,0.0
55568.406015037595,0.016300005838274956,
55622.0,,1.0
55639.68292682927,0.01634000800549984,
55651.0,,0.0
55717.421875,0.016380010172724724,
55738.75,0.016380010172724724,
55761.296875,0.016380010172724724,
55768.0,,0.0
55794.25,0.016380010172724724,
55796.0,,0.0
55818.913043478264,0.016380010172724724,
55827.0,,0.0
55842.829268292684,0.016400011256337166,
55886.0,,1.0
55893.16279069767,0.016460014507174492,
55914.0,,0.0
55927.416666666664,0.016460014507174492,
55940.25,0.016460014507174492,
55942.0,,0.0
55971.0,,0.0
55979.86111111111,0.016460014507174492,
56000.0,,0.0
56008.217391304344,0.016460014507174492,
56025.239130434784,0.016460014507174492,
56027.0,,0.0
56056.0,,0.0
56078.5,0.016460014507174492,
56086.0,,0.0
56115.0,,0.0
56142.066666666666,0.016460014507174492,
56144.0,,0.0
56151.63636363636,0.016460014507174492,
56170.09090909091,0.016460014507174492,
56172.0,,0.0
56192.186046511626,0.016460014507174492,
56198.04651162791,0.016460014507174492,
56200.0,,0.0
56229.0,,0.0
56243.36170212766,0.016460014507174492,
56247.382978723406,0.016460014507174492,
56256.0,,0.0
56314.0,,0.0
56327.25714285715,0.016460014507174492,
56372.0,,0.0
56400.0,,0.0
56416.17307692308,0.016460014507174492,
56429.0,,0.0
56458.0,,0.0
56484.26470588235,0.016460014507174492,
56515.0,,0.0
56525.311111111114,0.016460014507174492,
56542.066666666666,0.016460014507174492,
56544.0,,0.0
56557.4693877551,0.016480015590786934,
56577.0,,1.0
56588.42857142857,0.016500016674399376,
56600.57142857143,0.016500016674399376,
56607.0,,0.0
56635.0,,0.0
56651.3125,0.016500016674399376,
56664.0,,0.0
56678.976744186046,0.016500016674399376,
56692.0,,0.0
56720.0,,0.0
56754.0,,0.0
56774.36363636364,0.016500016674399376,
56780.09090909091,0.016500016674399376,
56782.0,,0.0
56804.04,0.016500016674399376,
56811.0,,0.0
56841.0,,0.0
56898.0,,0.0
56927.0,,0.0
56932.47826086957,0.016500016674399376,
56947.086956521736,0.016500016674399376,
56955.0,,0.0
56984.0,,0.0
56999.87368421053,0.016500016674399376,
57042.0,,0.0
57049.92452830189,0.016500016674399376,
57072.0,,0.0
57100.0,,0.0
57112.92307692308,0.016500016674399376,
57128.0,,0.0
57156.0,,0.0
57165.606741573036,0.016500016674399376,
57200.191011235955,0.016500016674399376,
57213.0,,0.0
57269.16842105263,0.016580021008849144,
57271.0,,1.0
57293.958333333336,0.016580021008849144,
57300.0,,0.0
57321.46,0.016580021008849144,
57329.0,,0.0
57357.0,,0.0
57370.391304347824,0.016580021008849144,
57377.69565217391,0.016580021008849144,
57385.0,,0.0
57415.0,,0.0
57444.0,,0.0
57463.28888888889,0.016580021008849144,
57472.0,,0.0
57476.97777777778,0.016580021008849144,
57500.0,,0.0
57530.0,,0.0
57557.0,,0.0
57563.10526315789,0.016580021008849144,
57586.0,,0.0
57599.53333333333,0.016580021008849144,
57607.26666666667,0.016580021008849144,
57613.55,0.016580021008849144,
57615.0,,0.0
57636.92682926829,0.016580021008849144,
57644.0,,0.0
57651.16279069767,0.016580021008849144,
57665.48837209302,0.016580021008849144,
57672.0,,0.0
57700.0,,0.0
57729.0,,2.0
57747.80412371134,0.016660017892718315,
57786.0,,0.0
57814.0,,0.0
57823.142857142855,0.016660017892718315,
57831.142857142855,0.016660017892718315,
57839.142857142855,0.016660017892718315,
57854.57142857143,0.016660017892718315,
57870.0,,0.0
57885.68,0.0167000163346529,
57898.0,,2.0
57905.63157894737,0.016740014776587486,
57927.0,,0.0
57954.0,,0.0
57982.0,,0.0
57987.94,0.016740014776587486,
58009.0,,0.0
58016.333333333336,0.016740014776587486,
58037.0,,0.0
58051.41584158416,0.016740014776587486,
58084.683168316835,0.016740014776587486,
58091.33663366337,0.016740014776587486,
58093.0,,0.0
58117.357142857145,0.016800012439489365,
58124.0,,2.0
58153.0,,1.0
58173.97872340425,0.01686001382768154,
58182.0,,0.0
58210.0,,0.0
58215.86046511628,0.01686001382768154,
58224.32558139535,0.01686001382768154,
58238.0,,0.0
58246.97619047619,0.01686001382768154,
58260.78571428572,0.01686001382768154,
58264.92857142857,0.01686001382768154,
58267.0,,0.0
58281.82608695652,0.016900012269616127,
58298.0,,2.0
58336.89411764706,0.016940010711550713,
58355.0,,0.0
58382.90697674418,0.016940010711550713,
58385.0,,0.0
58413.0,,0.0
58443.0,,0.0
58453.41860465116,0.016940010711550713,
58471.0,,0.0
58484.72549019608,0.016940010711550713,
58491.313725490196,0.016940010711550713,
58499.0,,0.0
58508.59405940594,0.016940010711550713,
58556.0,,0.0
58585.0,,0.0
58594.6,0.016950011253356934,
58602.4,0.016960011795163155,
58615.0,,1.0
58629.56,0.016980012878775597,
58643.0,,0.0
58688.3813559322,0.01700001396238804,
58715.754237288136,0.017040016129612923,
58728.0,,1.0
58737.50495049505,0.017060017213225365,
58788.0,,1.0
58803.4,0.01710001938045025,
58816.0,,0.0
58834.044444444444,0.01710001938045025,
58845.0,,0.0
58872.41818181818,0.01710001938045025,
58874.0,,0.0
58880.934782608696,0.01710001938045025,
58903.0,,0.0
58915.72727272727,0.01710001938045025,
58923.36363636364,0.01710001938045025,
58931.0,,0.0
58960.0,,0.0
58999.86138613861,0.017140021547675133,
59021.0,,0.0
59049.0,,0.0
59078.0,,0.0
59107.0,,0.0
59115.86666666667,0.017140021547675133,
59155.13333333333,0.017140021547675133,
59164.0,,0.0
59194.0,,0.0
59203.333333333336,0.017140021547675133,
59220.444444444445,0.017140021547675133,
59222.0,,0.0
59250.0,,0.0
59279.0,,0.0
59290.31707317073,0.017140021547675133,
59308.0,,0.0
59337.0,,0.0
59364.22448979592,0.017140021547675133,
59366.0,,0.0
59383.89361702128,0.017140021547675133,
59395.0,,0.0
59407.5,0.017160022631287575,
59423.125,0.017180023714900017,
59425.0,,1.0
59453.0,,0.0
59462.333333333336,0.017180023714900017,
59481.0,,0.0
59509.0,,0.0
59516.25,0.017180023714900017,
59538.0,,0.0
59567.0,,0.0
59623.0,,0.0
59651.0,,0.0
59681.0,,0.0
59703.5,0.017180023714900017,
59711.0,,0.0
59743.0,,1.0
59761.561151079135,0.0172200258821249,
59780.74100719424,0.0172200258821249,
59809.20143884892,0.0172200258821249,
59822.19424460432,0.0172200258821249,
59829.0,,0.0
59848.698113207545,0.0172200258821249,
59858.0,,0.0
59864.444444444445,0.0172200258821249,
59885.066666666666,0.0172200258821249,
59887.0,,0.0
59973.0,,0.0
59979.59090909091,0.0172200258821249,
59994.09090909091,0.0172200258821249,
60000.02272727273,0.0172200258821249,
60002.0,,0.0
60031.0,,0.0
60058.1875,0.0172200258821249,
60060.0,,0.0
60089.0,,0.0
60117.0,,0.0
60134.62886597938,0.0172200258821249,
60139.9175257732,0.0172200258821249,
60174.0,,0.0
60194.36363636364,0.0172200258821249,
60200.09090909091,0.0172200258821249,
60202.0,,0.0
60239.604395604394,0.0172200258821249,
60251.07692307692,0.0172200258821249,
60258.08791208791,0.0172200258821249,
60260.0,,0.0
60279.333333333336,0.0172200258821249,
60288.0,,0.0
60341.22580645161,0.0172200258821249,
60343.0,,0.0
60371.707070707074,0.0172200258821249,
60380.49494949495,0.0172200258821249,
60401.0,,0.0
60430.0,,0.0
60434.95121951219,0.0172200258821249,
60448.39024390244,0.0172200258821249,
60459.0,,0.0
60478.61538461538,0.0172200258821249,
60489.0,,0.0
60498.767441860466,0.0172200258821249,
60517.0,,0.0
60529.608695652176,0.0172200258821249,
60534.65217391304,0.0172200258821249,
60539.69565217391,0.0172200258821249,
60573.108695652176,0.0172200258821249,
60575.0,,0.0
60591.391304347824,0.0172200258821249,
60604.0,,0.0
60662.0,,0.0
60711.282352941176,0.017260028049349785,
60718.91764705882,0.017260028049349785,
60721.0,,0.0
60734.439024390245,0.017260028049349785,
60750.0,,0.0
60758.36,0.017260028049349785,
60772.04,0.017260028049349785,
60798.64,0.017260028049349785,
60807.0,,0.0
60813.78723404255,0.017260028049349785,
60843.40425531915,0.017260028049349785,
60863.14893617021,0.017260028049349785,
60865.0,,0.0
60878.066666666666,0.017260028049349785,
60893.0,,0.0
60918.846153846156,0.017260028049349785,
60921.0,,0.0
60943.25581395349,0.017260028049349785,
60970.90697674418,0.017260028049349785,
60979.0,,0.0
61007.0,,0.0
61036.0,,0.0
61057.75,0.017260028049349785,
61080.95,0.017260028049349785,
61123.0,,1.0
61153.0,,0.0
61179.976744186046,0.01730003021657467,
61182.0,,0.0
61211.0,,0.0
61219.28571428572,0.01730003021657467,
61233.489795918365,0.01730003021657467,
61240.0,,0.0
61256.0,0.01730003021657467,
61268.0,,0.0
61280.73170731707,0.01730003021657467,
61297.0,,0.0
61318.25925925926,0.01730003021657467,
61325.0,,0.0
61342.02173913043,0.01730003021657467,
61381.108695652176,0.01730003021657467,
61383.0,,0.0
61411.0,,0.0
61439.83720930233,0.017340032383799553,
61442.0,,1.0
61472.0,,0.0
61500.0,,0.0
61529.0,,0.0
61555.28571428572,0.017340032383799553,
61557.0,,0.0
61585.0,,0.0
61591.13636363636,0.017340032383799553,
61596.59090909091,0.017340032383799553,
61615.0,,0.0
61644.0,,1.0
61673.0,,0.0
61701.0,,0.0
61713.307692307695,0.017380034551024437,
61718.230769230766,0.017380034551024437,
61757.0,,0.0
61785.0,,0.0
61814.0,,0.0
61833.80487804878,0.017380034551024437,
61843.0,,0.0
61868.434782608696,0.01742003671824932,
61893.86956521739,0.017450038343667984,
61903.0,,1.0
61930.0,,0.0
61944.1935483871,0.017480039969086647,
61948.709677419356,0.017490040510892868,
61981.6129032258,0.01750004105269909,
61990.0,,0.0
62049.0,,0.0
62055.74418604651,0.01750004105269909,
62078.0,,0.0
62106.0,,0.0
62121.5,0.01750004105269909,
62137.0,,0.0
62152.42857142857,0.01750004105269909,
62157.57142857143,0.01750004105269909,
62165.0,,0.0
62192.108695652176,0.01750004105269909,
62194.0,,0.0
62202.20754716981,0.01750004105269909,
62223.0,,0.0
62227.97777777778,0.01750004105269909,
62239.8,0.01750004105269909,
62251.0,,0.0
62276.846153846156,0.01750004105269909,
62279.0,,0.0
62299.232558139534,0.01750004105269909,
62308.0,,0.0
62334.64864864865,0.01750004105269909,
62337.0,,0.0
62363.32,0.01750004105269909,
62365.0,,0.0
62392.3,0.01750004105269909,
62414.0,0.01750004105269909,
62421.0,,0.0
62455.0,,1.0
62481.0,0.017540043219923973,
62483.0,,0.0
62497.375,0.017540043219923973,
62504.25,0.017540043219923973,
62513.0,,0.0
62544.0,,0.0
62563.77272727273,0.017540043219923973,
62573.0,,0.0
62591.83720930233,0.017540043219923973,
62600.0,,0.0
62613.2,0.017540043219923973,
62627.0,,0.0
62634.27272727273,0.017540043219923973,
62657.0,,0.0
62662.59649122807,0.017540043219923973,
62670.228070175435,0.017540043219923973,
62686.0,,0.0
62693.65957446808,0.017540043219923973,
62699.40425531915,0.017540043219923973,
62716.0,,0.0
62730.28571428572,0.017540043219923973,
62746.0,,0.0
62896.0,,2.0
62905.333333333336,0.017620040103793144,
62924.0,,0.0
62957.0,,1.0
62984.0,,0.0
63012.16470588235,0.017660042271018028,
63028.25882352941,0.017660042271018028,
63041.0,,0.0
63058.4,0.017660042271018028,
63070.0,,0.0
63112.036697247706,0.017660042271018028,
63117.35779816514,0.017660042271018028,
63128.0,,0.0
63158.0,,0.0
63179.145833333336,0.017660042271018028,
63187.0,,0.0
63201.35897435898,0.017660042271018028,
63212.846153846156,0.017660042271018028,
63215.0,,0.0
63244.0,,0.0
63250.934782608696,0.017660042271018028,
63257.86956521739,0.017660042271018028,
63273.0,,0.0
63300.0,,0.0
63329.0,,0.0
63361.0,,0.0
63390.0,,0.0
63399.22727272727,0.017660042271018028,
63411.75,0.017660042271018028,
63419.0,,0.0
63448.0,,0.0
63487.13265306123,0.017660042271018028,
63507.0,,0.0
63515.08888888889,0.017660042271018028,
63535.0,,0.0
63564.0,,0.0
63582.79787234042,0.01769004389643669,
63619.18085106383,0.017700044438242912,
63621.0,,0.0
63652.0,,0.0
63680.0,,0.0
63709.0,,0.0
63717.92307692308,0.017700044438242912,
63767.0,,0.0
63796.0,,0.0
63816.470588235294,0.017700044438242912,
63825.0,,0.0
63834.434782608696,0.017700044438242912,
63852.63043478261,0.017700044438242912,
63884.97826086957,0.017700044438242912,
63887.0,,0.0
63914.0,,0.0
63922.34782608696,0.017700044438242912,
63936.260869565216,0.017700044438242912,
63943.913043478264,0.017700044438242912,
63946.0,,0.0
63975.0,,0.0
63989.441860465115,0.017700044438242912,
64002.0,,0.0
64032.0,,0.0
64046.1914893617,0.017700044438242912,
64061.0,,0.0
64088.0,,0.0
64096.651162790695,0.017700044438242912,
64110.348837209305,0.017700044438242912,
64119.0,,0.0
64126.63636363636,0.017700044438242912,
64145.09090909091,0.017700044438242912,
64147.0,,0.0
64154.63636363636,0.017700044438242912,
64175.0,,0.0
64192.862068965514,0.017700044438242912,
64203.0,,0.0
64224.170731707316,0.017700044438242912,
64231.0,,0.0
64237.72,0.017700044438242912,
64257.32,0.017700044438242912,
64259.0,,0.0
64271.64102564102,0.017700044438242912,
64288.0,,0.0
64307.11363636364,0.017700044438242912,
64315.02272727273,0.017700044438242912,
64317.0,,0.0
64346.0,,0.0
64375.0,,0.0
64389.666666666664,0.017700044438242912,
64403.0,,0.0
64419.11111111111,0.017700044438242912,
64429.583333333336,0.017700044438242912,
64432.0,,0.0
64438.59090909091,0.017700044438242912,
64459.02272727273,0.017700044438242912,
64461.0,,0.0
64488.14893617021,0.017700044438242912,
64490.0,,0.0
64517.066666666666,0.017700044438242912,
64519.0,,0.0
64526.0,0.017700044438242912,
64545.25,0.017700044438242912,
64547.0,,0.0
64554.40425531915,0.017700044438242912,
64560.574468085106,0.017700044438242912,
64576.0,,0.0
64605.0,,0.0
64634.0,,0.0
64653.565217391304,0.017700044438242912,
64664.0,,0.0
64719.137931034486,0.017700044438242912,
64778.98275862069,0.017700044438242912,
64781.0,,0.0
64802.818181818184,0.017700044438242912,
64811.0,,0.0
64824.17647058824,0.017700044438242912,
64839.0,,0.0
64867.0,,0.0
64875.23529411765,0.017700044438242912,
64882.294117647056,0.017700044438242912,
64889.94117647059,0.017700044438242912,
64897.0,,0.0
64914.333333333336,0.017700044438242912,
64925.0,,0.0
64933.28571428572,0.017700044438242912,
64945.02380952381,0.017700044438242912,
64954.0,,0.0
64969.5,0.017720045521855354,
64985.0,,1.0
65006.583333333336,0.017740046605467796,
65013.0,,0.0
65025.58490566038,0.017740046605467796,
65040.35849056604,0.017740046605467796,
65042.0,,0.0
65067.07142857143,0.017740046605467796,
65069.0,,0.0
65125.0,0.017740046605467796,
65127.0,,0.0
65153.21276595745,0.017740046605467796,
65155.0,,0.0
65183.0,,0.0
65193.43137254902,0.017740046605467796,
65239.0,,0.0
65304.166666666664,0.017740046605467796,
65322.3,0.017740046605467796,
65324.0,,0.0
65329.5,0.01776004582643509,
65348.0,,2.0
65368.0,0.017820043489336967,
65393.294117647056,0.017820043489336967,
65399.17647058824,0.017820043489336967,
65406.23529411765,0.017820043489336967,
65408.0,,0.0
65437.0,,0.0
65466.0,,0.0
65486.666666666664,0.017820043489336967,
65494.0,,0.0
65502.04878048781,0.01783004403114319,
65521.80487804878,0.01786004565656185,
65524.0,,1.0
65537.39130434782,0.01786004565656185,
65570.86956521739,0.017890047281980515,
65578.17391304347,0.017900047823786736,
65580.0,,1.0
65637.0,,0.0
65664.10869565218,0.01794004999101162,
65666.0,,0.0
65692.25,0.01794004999101162,
65694.0,,0.0
65723.0,,0.0
65744.40476190476,0.01794004999101162,
65752.0,,0.0
65772.86274509804,0.01794004999101162,
65780.0,,0.0
65809.0,,0.0
65829.66666666667,0.01794004999101162,
65835.66666666667,0.01794004999101162,
65857.0,0.01794004999101162,
65865.0,,0.0
65872.63636363637,0.01794004999101162,
65891.09090909091,0.01794004999101162,
65893.0,,0.0
65918.9512195122,0.01794004999101162,
65921.0,,0.0
65941.4074074074,0.017970051616430283,
65949.85185185185,0.017980052158236504,
65978.0,,0.0
65997.38461538461,0.017980052158236504,
66006.0,,0.0
66036.0,,0.0
66064.0,,0.0
66094.0,,0.0
66124.0,,0.0
66130.22222222222,0.017980052158236504,
66152.0,,0.0
66166.40659340659,0.017980052158236504,
66209.0,,0.0
66237.0,,0.0
66258.92307692308,0.017980052158236504,
66267.0,,0.0
66281.30864197531,0.017980052158236504,
66320.46913580247,0.018010053783655167,
66328.0,,1.0
66361.0,,2.0
66388.0,,0.0
66417.0,,0.0
66432.76086956522,0.01810005120933056,
66446.0,,0.0
66464.69565217392,0.01810005120933056,
66497.10144927536,0.018130052834749222,
66503.33333333333,0.018140053376555443,
66512.0579710145,0.018140053376555443,
66516.42028985507,0.018140053376555443,
66532.0,,0.0
66560.0,,0.0
66576.65957446808,0.018140053376555443,
66580.97872340426,0.018140053376555443,
66587.14893617021,0.018140053376555443,
66589.0,,0.0
66617.73170731707,0.018140053376555443,
66620.0,,0.0
66628.93617021276,0.018140053376555443,
66648.0,,0.0
66677.0,,1.0
66684.33333333333,0.018180055543780327,
66690.33333333333,0.018180055543780327,
66705.0,,0.0
66733.0,,0.0
66745.78260869565,0.018180055543780327,
66761.0,,0.0
66772.6,0.018180055543780327,
66790.0,,0.0
66817.90697674418,0.01822005771100521,
66820.0,,1.0
66848.0,,0.0
66868.0,0.01822005771100521,
66874.28571428571,0.01822005771100521,
66876.0,,0.0
66946.23076923077,0.01822005771100521,
66959.0,,0.0
66990.0,,0.0
66998.61627906977,0.01822005771100521,
67011.87209302325,0.01822005771100521,
67047.0,,0.0
67069.4,0.01822005771100521,
67075.0,,0.0
67092.58139534884,0.01822005771100521,
67103.0,,0.0
67116.86956521739,0.01822005771100521,
67123.80434782608,0.01822005771100521,
67132.0,,0.0
67158.55172413793,0.01822005771100521,
67160.0,,0.0
67189.0,,0.0
67246.0,,0.0
67256.85,0.01822005771100521,
67277.0,,0.0
67288.04761904762,0.01822005771100521,
67303.92857142857,0.01822005771100521,
67306.0,,0.0
67336.0,,0.0
67364.0,,0.0
67371.63636363637,0.01822005771100521,
67390.09090909091,0.01822005771100521,
67392.0,,0.0
67420.125,0.01822005771100521,
67422.0,,0.0
67451.0,,0.0
67480.0,,0.0
67489.92,0.018230058252811432,
67511.0,,1.0
67539.0,,0.0
67556.8947368421,0.018260059878230095,
67569.0,,0.0
67597.0,,0.0
67623.17391304347,0.018260059878230095,
67625.0,,0.0
67655.0,,0.0
67662.05154639175,0.018260059878230095,
67699.65979381443,0.018260059878230095,
67704.94845360825,0.018260059878230095,
67710.23711340207,0.018260059878230095,
67712.0,,0.0
67744.0,,1.0
67773.0,,0.0
67801.0,,0.0
67831.0,,0.0
67850.15789473684,0.01830006204545498,
67859.0,,0.0
67889.0,,0.0
67915.17391304347,0.01830006204545498,
67917.0,,0.0
67929.20512820513,0.01830006204545498,
67937.10256410256,0.01830006204545498,
67945.0,,0.0
67978.0,,1.0
68006.0,,0.0
68013.94117647059,0.018340064212679863,
68033.0,,0.0
68062.0,,0.0
68090.0,0.018340064212679863,
68092.0,,0.0
68121.0,,0.0
68149.0,,0.0
68176.0,,0.0
68204.0,,0.0
68216.5,0.01838006265461445,
68229.0,,2.0
68252.57142857143,0.018420061096549034,
68275.42857142857,0.018420061096549034,
68289.0,,0.0
68318.0,,0.0
68327.25531914894,0.018420061096549034,
68331.5744680851,0.018420061096549034,
68347.0,,0.0
68383.60550458716,0.018420061096549034,
68402.43119266054,0.018420061096549034,
68404.0,,0.0
68430.21276595745,0.018420061096549034,
68432.0,,0.0
68460.0,,0.0
68489.0,,0.0
68519.0,,0.0
68547.0,,0.0
68576.0,,0.0
68595.2156862745,0.018420061096549034,
68604.0,,0.0
68632.0,,0.0
68655.08163265306,0.018420061096549034,
68659.22448979592,0.018420061096549034,
68661.0,,0.0
68671.03472222222,0.018420061096549034,
68692.875,0.018420061096549034,
68746.0,,0.0
68754.23529411765,0.018420061096549034,
68776.0,,0.0
68807.0,,0.0
68836.0,,0.0
68864.0,,0.0
68873.30188679245,0.018420061096549034,
68893.0,,0.0
68922.0,,0.0
68949.1875,0.018420061096549034,
68951.0,,0.0
68979.0,,0.0
69008.0,,0.0
69036.0,,0.0
69058.4,0.018420061096549034,
69064.0,,0.0
69086.4862385321,0.018420061096549034,
69095.37614678899,0.018420061096549034,
69121.0,,0.0
69146.38,0.018420061096549034,
69148.0,,0.0
69176.0,,0.0
69203.0,,0.0
69231.0,,0.0
69260.0,,0.0
69310.91262135922,0.018420061096549034,
69315.33980582525,0.018420061096549034,
69317.0,,0.0
69323.62857142858,0.018420061096549034,
69346.0,,0.0
69380.69565217392,0.018420061096549034,
69388.75,0.018420061096549034,
69403.0,,0.0
69432.0,,0.0
69450.9,0.018420061096549034,
69459.0,,0.0
69488.0,,0.0
69515.44642857143,0.018460063263773918,
69517.0,,1.0
69536.55813953489,0.018460063263773918,
69546.0,,0.0
69575.0,,0.0
69611.83168316832,0.018500065430998802,
69635.0,,0.0
69647.88,0.018500065430998802,
69656.84,0.018500065430998802,
69691.0,,0.0
69706.53571428571,0.018500065430998802,
69718.44642857143,0.018500065430998802,
69720.0,,0.0
69732.37209302325,0.018500065430998802,
69748.0,,0.0
69769.61403508772,0.018500065430998802,
69776.0,,0.0
69792.0,0.018500065430998802,
69806.0,,0.0
69825.42857142857,0.018500065430998802,
69834.0,,0.0
69888.02352941176,0.018500065430998802,
69890.0,,0.0
69905.5,0.018520066514611244,
69921.0,,1.0
69926.83333333333,0.018540067598223686,
69949.0,,0.0
69969.80434782608,0.018540067598223686,
69978.0,,0.0
70006.0,,0.0
70034.0,,0.0
70039.04,0.018540067598223686,
70060.32,0.018540067598223686,
70062.0,,0.0
70089.48120300751,0.018540067598223686,
70127.82706766918,0.018540067598223686,
70147.0,,0.0
70176.0,,0.0
70205.0,,1.0
70231.17391304347,0.01858006976544857,
70233.0,,0.0
70247.1914893617,0.01858006976544857,
70260.14893617021,0.01858006976544857,
70262.0,,0.0
70290.0,,0.0
70306.4705882353,0.01858006976544857,
70318.0,,0.0
70344.87804878049,0.01858006976544857,
70347.0,,0.0
70372.9512195122,0.01858006976544857,
70375.0,,0.0
70395.25531914894,0.01858006976544857,
70401.8085106383,0.01858006976544857,
70429.21276595745,0.01858006976544857,
70431.0,,0.0
70458.10869565218,0.01858006976544857,
70460.0,,0.0
70466.51020408163,0.01858006976544857,
70502.02040816327,0.01858006976544857,
70509.12244897959,0.01858006976544857,
70516.22448979592,0.01858006976544857,
70547.0,,0.0
70605.0,,0.0
70620.55555555556,0.01858006976544857,
70635.0,,0.0
70657.69565217392,0.01858006976544857,
70664.0,,0.0
70689.15909090909,0.01858006976544857,
70691.0,,0.0
70718.1875,0.01858006976544857,
70720.0,,0.0
70750.0,,0.0
70758.27272727272,0.01858006976544857,
70770.36363636363,0.01858006976544857,
70778.0,,0.0
70799.14583333333,0.01858006976544857,
70807.0,,0.0
70822.6,0.01858006976544857,
70835.2,0.01858006976544857,
70837.0,,0.0
70859.30769230769,0.01858006976544857,
70864.32692307692,0.01858006976544857,
70866.0,,0.0
70894.0,,0.0
70923.0,,0.0
70945.0,,2.0
71000.0,,0.0
71018.43902439025,0.01866006664931774,
71027.0,,0.0
71053.09090909091,0.01866006664931774,
71055.0,,0.0
71067.44444444444,0.01866006664931774,
71083.0,,0.0
71091.52173913043,0.01866006664931774,
71111.0,,0.0
71119.37777777777,0.01866006664931774,
71140.0,,0.0
71168.0,,0.0
71195.0,,0.0
71224.0,,0.0
71239.27272727272,0.01866006664931774,
71252.0,,0.0
71306.91463414633,0.01866006664931774,
71309.0,,0.0
71338.0,,0.0
71356.66666666667,0.018690068274736404,
71364.13333333333,0.018700068816542625,
71366.0,,1.0
71383.36842105263,0.018700068816542625,
71396.0,,0.0
71439.5,0.018700068816542625,
71454.0,,0.0
71479.3125,0.018700068816542625,
71481.0,,0.0
71509.0,,0.0
71539.0,,0.0
71565.0,,0.0
71578.58490566038,0.018700068816542625,
71587.07547169812,0.018700068816542625,
71595.0,,0.0
71636.06451612903,0.018700068816542625,
71644.64516129032,0.018700068816542625,
71650.16129032258,0.018700068816542625,
71652.0,,0.0
71680.0,,0.0
71710.0,,0.0
71737.76595744681,0.018700068816542625,
71788.36170212766,0.018700068816542625,
71797.0,,0.0
71820.25,0.018700068816542625,
71825.675,0.018700068816542625,
71828.0,,0.0
71833.14893617021,0.018720068037509918,
71850.0,,2.0
71880.0,,0.0
71888.57142857143,0.018780065700411797,
71895.0,0.018780065700411797,
71907.85714285714,0.018780065700411797,
71910.0,,0.0
71938.0,,0.0
71966.0,,0.0
71974.16,0.018780065700411797,
71979.6,0.018780065700411797,
71985.04,0.018780065700411797,
72008.16,0.018780065700411797,
72037.4,0.018780065700411797,
72051.0,,0.0
72079.0,,0.0
72108.0,,0.0
72129.0,0.018780065700411797,
72134.5,0.018780065700411797,
72136.0,,0.0
72148.30769230769,0.018780065700411797,
72160.61538461539,0.018780065700411797,
72192.0,,0.0
72214.48979591837,0.018780065700411797,
72221.0,,0.0
72278.0,,0.0
72314.03448275862,0.018780065700411797,
72335.0,,0.0
72361.825,0.018780065700411797,
72364.0,,0.0
72378.8085106383,0.018780065700411797,
72391.14893617021,0.018780065700411797,
72393.0,,0.0
72422.0,,0.0
72447.72972972973,0.018780065700411797,
72450.0,,0.0
72528.7731092437,0.018780065700411797,
72536.0,,0.0
72565.0,,1.0
72593.0,,0.0
72600.42857142857,0.01882006786763668,
72619.28571428571,0.01882006786763668,
72621.0,,0.0
72649.0,,0.0
72677.0,,0.0
72691.58,0.01882006786763668,
72704.0,,0.0
72754.25974025975,0.01882006786763668,
72758.72727272728,0.01882006786763668,
72788.32467532468,0.01882006786763668,
72790.0,,0.0
72798.93617021276,0.01882006786763668,
72820.0,,0.0
72832.9574468085,0.01882006786763668,
72849.0,,0.0
72874.9,0.01882006786763668,
72877.0,,0.0
72905.0,,0.0
72934.0,,0.0
72963.0,,0.0
72991.88636363637,0.01882006786763668,
72994.0,,0.0
72999.90625,0.01882006786763668,
73021.0,,0.0
73029.90909090909,0.01882006786763668,
73035.0,0.01882006786763668,
73042.0,0.01882006786763668,
73047.09090909091,0.01882006786763668,
73049.0,,0.0
73056.16279069768,0.01882006786763668,
73067.88372093023,0.01882006786763668,
73075.04651162791,0.01882006786763668,
73077.0,,0.0
73098.6626506024,0.01882006786763668,
73115.43373493975,0.01882006786763668,
73135.0,,0.0
73144.1,0.01882006786763668,
73163.0,,0.0
73191.0,,0.0
73218.5,0.01882006786763668,
73220.0,,0.0
73241.96078431372,0.01882006786763668,
73252.0,,0.0
73273.0,0.01882006786763668,
73278.38461538461,0.01882006786763668,
73280.0,,0.0
73306.0,0.01882006786763668,
73308.0,,0.0
73334.49462365592,0.01882006786763668,
73349.54838709677,0.01882006786763668,
73356.7741935484,0.01882006786763668,
73364.0,,0.0
73377.5,0.01882006786763668,
73391.0,,0.0
73416.66666666667,0.018850069493055344,
73424.0,,1.0
73446.68292682926,0.018890071660280228,
73455.0,,1.0
73472.23076923077,0.01890007220208645,
73480.84615384616,0.01890007220208645,
73483.0,,0.0
73490.30434782608,0.01890007220208645,
73511.0,,0.0
73567.0,,0.0
73596.0,,0.0
73623.0,,0.0
73649.32,0.01890007220208645,
73651.0,,0.0
73679.2,0.018940074369311333,
73681.0,,1.0
73729.91304347826,0.018940074369311333,
73762.52173913043,0.018940074369311333,
73771.0,,0.0
73780.3,0.018940074369311333,
73802.0,,0.0
73812.76923076923,0.018940074369311333,
73828.38461538461,0.018940074369311333,
73830.0,,0.0
73842.9756097561,0.018940074369311333,
73858.0,,0.0
73886.0,,0.0
73892.82352941176,0.018940074369311333,
73915.0,,0.0
73943.0,,0.0
73950.81395348837,0.018940074369311333,
73957.32558139534,0.018940074369311333,
73969.04651162791,0.018940074369311333,
73971.0,,0.0
73989.46808510639,0.018940074369311333,
73999.0,,0.0
74015.33333333333,0.018940074369311333,
74027.0,,0.0
74057.0,,1.0
74084.0,,0.0
74093.02222222222,0.018990077078342438,
74098.17777777778,0.01900007762014866,
74111.06666666667,0.0190200787037611,
74113.0,,1.0
74135.14545454546,0.0190200787037611,
74142.0,,0.0
74168.09090909091,0.0190200787037611,
74170.0,,0.0
74198.0,,0.0
74219.28,0.0190200787037611,
74226.0,,0.0
74256.0,,0.0
74284.0,,0.0
74311.0,,0.0
74340.0,,0.0
74360.78409090909,0.0190200787037611,
74399.0,,0.0
74416.13725490196,0.019030079245567322,
74451.90196078431,0.019060080870985985,
74472.76470588235,0.019060080870985985,
74475.0,,0.0
74502.0,,0.0
74522.36170212766,0.019060080870985985,
74531.0,,0.0
74561.0,,0.0
74568.30434782608,0.019060080870985985,
74589.0,,0.0
74609.76923076923,0.019060080870985985,
74619.0,,0.0
74627.56818181818,0.019060080870985985,
74639.43181818182,0.019060080870985985,
74648.0,,0.0
74660.88888888889,0.019060080870985985,
74677.0,,0.0
74705.0,,0.0
74720.39855072464,0.019060080870985985,
74733.33333333333,0.019060080870985985,
74743.80434782608,0.019060080870985985,
74790.0,,0.0
74819.0,,0.0
74838.77272727272,0.019060080870985985,
74848.0,,0.0
74862.04,0.019060080870985985,
74868.52,0.019060080870985985,
74875.0,,0.0
74904.0,,0.0
74926.5,0.019060080870985985,
74931.95454545454,0.019060080870985985,
74934.0,,0.0
74963.0,,0.0
74980.4,0.019060080870985985,
74986.2,0.019060080870985985,
74990.26,0.019060080870985985,
74992.0,,0.0
75020.0,,0.0
75027.05405405405,0.019060080870985985,
75049.0,,0.0
75056.96774193548,0.019060080870985985,
75092.51612903226,0.019060080870985985,
75106.0,,0.0
75134.0,,0.0
75145.8795180723,0.019060080870985985,
75177.32530120482,0.019060080870985985,
75181.51807228915,0.019060080870985985,
75189.90361445783,0.019060080870985985,
75192.0,,0.0
75204.17391304347,0.019060080870985985,
75209.65217391304,0.019060080870985985,
75220.0,,0.0
75248.0,,0.0
75261.42592592593,0.019060080870985985,
75277.0,,0.0
75286.13043478261,0.019060080870985985,
75290.39130434782,0.019060080870985985,
75303.17391304347,0.019060080870985985,
75305.0,,0.0
75334.0,,0.0
75361.1875,0.019060080870985985,
75363.0,,0.0
75378.33333333333,0.019060080870985985,
75385.0,0.019060080870985985,
75391.0,,0.0
75419.0,,0.0
75425.525,0.019060080870985985,
75438.575,0.019060080870985985,
75448.0,,0.0
75477.0,,0.0
75492.56097560975,0.019060080870985985,
75506.0,,0.0
75521.08,0.019060080870985985,
75535.0,,0.0
75540.6,0.019060080870985985,
75563.0,,0.0
75571.87755102041,0.019060080870985985,
75592.0,,0.0
75610.84615384616,0.019060080870985985,
75620.0,,0.0
75628.05555555556,0.019060080870985985,
75649.0,,0.0
75678.0,,0.0
75692.59793814433,0.019060080870985985,
75698.07216494845,0.019060080870985985,
75735.17525773196,0.019060080870985985,
75737.0,,0.0
75752.71917808219,0.019060080870985985,
75822.0,,0.0
75850.0,,0.0
75878.0,,0.0
75905.0,,0.0
75934.0,,0.0
75944.74418604652,0.019060080870985985,
75964.69767441861,0.019060080870985985,
75967.0,,0.0
75996.0,,0.0
76021.51111111112,0.019060080870985985,
76028.97777777778,0.019060080870985985,
76042.66666666667,0.019060080870985985,
76052.0,,0.0
76083.0,,0.0
76089.36363636363,0.019060080870985985,
76111.0,,0.0
76118.33333333333,0.019060080870985985,
76162.33333333333,0.019060080870985985,
76178.33333333333,0.019060080870985985,
76201.0,,0.0
76229.0,,0.0
76257.0,,0.0
76286.0,,0.0
76293.30434782608,0.019060080870985985,
76300.0,0.019060080870985985,
76312.17391304347,0.019060080870985985,
76314.0,,0.0
76342.0,,0.0
76371.0,,0.0
76379.48780487805,0.019060080870985985,
76400.0,,0.0
76428.0,,0.0
76456.0,,0.0
76485.0,,0.0
76504.44,0.019060080870985985,
76512.0,,0.0
76541.0,,0.0
76562.67032967033,0.019060080870985985,
76599.0,,0.0
76626.0,,0.0
76635.04109589041,0.019060080870985985,
76681.0,,0.0
76706.27659574468,0.019060080870985985,
76708.0,,0.0
76722.0,0.019080081954598427,
76736.0,,1.0
76744.775,0.01910008303821087,
76763.0,,0.0
76786.0,,2.0
76818.0,,1.0
76846.0,,0.0
76860.28571428571,0.019220082089304924,
76874.0,,0.0
76903.0,,0.0
76917.58333333333,0.019220082089304924,
76931.0,,0.0
76944.92,0.019220082089304924,
76958.26,0.019220082089304924,
76960.0,,0.0
76966.525,0.019220082089304924,
76989.0,,0.0
77017.0,,0.0
77049.0,,1.0
77084.0,0.019260084256529808,
77091.58333333333,0.019260084256529808,
77103.25,0.019260084256529808,
77105.0,,0.0
77112.10204081633,0.019260084256529808,
77116.24489795919,0.019260084256529808,
77125.71428571429,0.019260084256529808,
77134.0,,0.0
77149.16666666667,0.019260084256529808,
77162.0,,0.0
77189.1875,0.019260084256529808,
77191.0,,0.0
77210.83673469388,0.019260084256529808,
77216.3469387755,0.019260084256529808,
77218.0,,0.0
77257.3111111111,0.01927008479833603,
77276.0,,1.0
77306.0,,0.0
77320.8085106383,0.019300086423754692,
77333.14893617021,0.019300086423754692,
77335.0,,0.0
77364.0,,0.0
77373.33333333333,0.019300086423754692,
77392.0,,0.0
77420.0,,0.0
77449.0,,0.0
77469.76923076923,0.019300086423754692,
77479.0,,0.0
77499.53333333334,0.019300086423754692,
77507.0,,0.0
77535.0,,0.0
77548.64705882352,0.019320087507367134,
77564.0,,1.0
77580.18604651163,0.019340088590979576,
77593.0,,0.0
77621.0,,0.0
77651.0,,0.0
77677.25,0.019340088590979576,
77679.0,,0.0
77707.0,,0.0
77733.87804878049,0.019340088590979576,
77736.0,,0.0
77750.3111111111,0.019340088590979576,
77764.0,,0.0
77793.0,,1.0
77820.06666666667,0.01938009075820446,
77849.06666666667,0.01938009075820446,
77851.0,,0.0
77880.0,,0.0
77897.73381294963,0.01938009075820446,
77924.64028776978,0.01938009075820446,
77944.20863309353,0.01938009075820446,
77963.1654676259,0.01938009075820446,
77965.0,,0.0
77985.85106382979,0.01938009075820446,
77993.0,,0.0
78007.0,0.01938009075820446,
78021.0,,0.0
78048.26,0.01938009075820446,
78050.0,,0.0
78071.06,0.01938009075820446,
78077.0,,0.0
78105.0,,0.0
78114.4054054054,0.01938009075820446,
78131.64864864865,0.01938009075820446,
78134.0,,0.0
78141.53846153847,0.01938009075820446,
78162.0,,0.0
78169.20930232559,0.01939009130001068,
78174.25581395348,0.019400091841816902,
78193.0,,1.0
78221.0,,0.0
78254.0,,1.0
78280.97674418605,0.019460095092654228,
78283.0,,0.0
78299.73076923077,0.019460095092654228,
78310.32692307692,0.019460095092654228,
78312.0,,0.0
78318.51162790698,0.019460095092654228,
78338.04651162791,0.019460095092654228,
78340.0,,0.0
78351.45454545454,0.019460095092654228,
78368.0,,0.0
78398.0,,1.0
78406.45833333333,0.019500097259879112,
78419.75,0.019500097259879112,
78425.1875,0.019500097259879112,
78427.0,,0.0
78440.07843137255,0.019500097259879112,
78454.29411764706,0.019500097259879112,
78456.0,,0.0
78500.47252747252,0.019540095701813698,
78513.0,,2.0
78541.0,,0.0
78548.60544217686,0.019580094143748283,
78555.04081632652,0.019580094143748283,
78561.47619047618,0.019580094143748283,
78608.27891156463,0.019580094143748283,
78627.0,,0.0
78657.0,,0.0
78684.0,,0.0
78714.0,,0.0
78729.35294117648,0.019580094143748283,
78743.0,,0.0
78772.0,,0.0
78807.55128205128,0.019580094143748283,
78820.41025641025,0.019580094143748283,
78831.0,,0.0
78872.25,0.019580094143748283,
78886.0,,0.0
78896.03773584905,0.019580094143748283,
78901.32075471699,0.019580094143748283,
78914.0,,0.0
78922.125,0.019580094143748283,
78929.0,0.019580094143748283,
78935.25,0.019580094143748283,
78942.125,0.019580094143748283,
78944.0,,0.0
78970.825,0.019580094143748283,
78973.0,,0.0
78992.01886792453,0.019580094143748283,
79001.0,,0.0
79022.63636363637,0.019580094143748283,
79029.0,,0.0
79072.9493670886,0.019580094143748283,
79085.0,,0.0
79114.0,,0.0
79122.2075471698,0.019580094143748283,
79143.0,,0.0
79172.0,,0.0
79201.0,,0.0
79228.0,,0.0
79238.54545454546,0.019580094143748283,
79257.0,,0.0
79277.0,0.019580094143748283,
79285.0,,0.0
79296.76923076923,0.019580094143748283,
79312.0,,0.0
79319.74468085106,0.019580094143748283,
79340.0,,0.0
79369.0,,0.0
79399.0,,0.0
79428.0,,0.0
79434.44444444444,0.019580094143748283,
79466.66666666667,0.019580094143748283,
79477.62222222223,0.019580094143748283,
79486.0,,0.0
79501.55555555556,0.019580094143748283,
79514.0,,0.0
79541.0,,0.0
79567.55670103093,0.019580094143748283,
79577.94845360825,0.019580094143748283,
79597.0,,0.0
79604.59523809524,0.019580094143748283,
79626.0,,0.0
79652.23076923077,0.019610095769166946,
79659.0,,1.0
79688.0,,0.0
79693.65384615384,0.01964009553194046,
79709.0,,2.0
79715.36585365854,0.01970009319484234,
79723.14634146342,0.01970009319484234,
79738.0,,0.0
79767.0,,0.0
79796.0,,1.0
79804.36538461539,0.019740095362067223,
79838.38461538461,0.019740095362067223,
79854.0,,0.0
79866.30769230769,0.019740095362067223,
79874.76923076923,0.019740095362067223,
79884.0,,0.0
79910.97674418605,0.019740095362067223,
79913.0,,0.0
79942.0,,0.0
79951.15384615384,0.019740095362067223,
79968.38461538461,0.019740095362067223,
79970.0,,0.0
79999.0,,0.0
80028.0,,0.0
80056.0,,0.0
80071.10416666667,0.019740095362067223,
80083.1875,0.019740095362067223,
80085.0,,0.0
80113.0,,0.0
80125.325,0.019740095362067223,
80142.0,,0.0
80149.975,0.019740095362067223,
80156.5,0.019740095362067223,
80162.3,0.019740095362067223,
80171.0,,0.0
80181.27083333333,0.019740095362067223,
80191.54166666667,0.019740095362067223,
80200.0,,0.0
80205.68421052632,0.019740095362067223,
80227.0,,0.0
80260.0,,0.0
80310.46280991736,0.019740095362067223,
80328.06611570247,0.019740095362067223,
80357.40495867768,0.019740095362067223,
80402.0,,0.0
80408.0,0.019740095362067223,
80429.0,,0.0
80438.1914893617,0.019740095362067223,
80456.0,,0.0
80466.10869565218,0.019740095362067223,
80487.0,,0.0
80514.0,,0.0
80521.76388888889,0.019740095362067223,
80585.66666666667,0.019740095362067223,
80600.0,,0.0
80621.46153846153,0.019740095362067223,
80631.0,,0.0
80650.85454545454,0.019740095362067223,
80659.0,,0.0
80673.67391304347,0.019740095362067223,
80679.54347826086,0.019740095362067223,
80684.23913043478,0.019740095362067223,
80686.0,,0.0
80715.0,,0.0
80744.0,,0.0
80751.16279069768,0.019740095362067223,
80757.02325581395,0.019740095362067223,
80772.0,,0.0
80860.0,,0.0
80884.40816326531,0.019740095362067223,
80886.0,,0.0
80894.75675675676,0.019740095362067223,
80913.0,,0.0
80923.0,0.019740095362067223,
80960.22222222222,0.019740095362067223,
80968.0,,0.0
80982.5,0.019740095362067223,
81026.0,,1.0
81040.60869565218,0.019780097529292107,
81054.0,,0.0
81071.36,0.019780097529292107,
81080.32,0.019780097529292107,
81082.0,,0.0
81110.0,,0.0
81139.0,,0.0
81154.21739130435,0.019780097529292107,
81167.0,,0.0
81193.97674418605,0.019780097529292107,
81196.0,,0.0
81236.83333333333,0.019780097529292107,
81252.0,,0.0
81309.0,,1.0
81337.0,,0.0
81394.0,,0.0
81451.0,,0.0
81458.10204081633,0.01982009969651699,
81468.16326530612,0.01982009969651699,
81480.0,,0.0
81494.89361702128,0.01982009969651699,
81508.0,,0.0
81537.0,,0.0
81544.36842105263,0.01982009969651699,
81552.47368421052,0.01982009969651699,
81562.78947368421,0.01982009969651699,
81565.0,,0.0
81591.25,0.01982009969651699,
81593.0,,0.0
81609.95774647887,0.01982009969651699,
81629.33802816902,0.01982009969651699,
81650.5352112676,0.01982009969651699,
81660.8309859155,0.01982009969651699,
81668.0985915493,0.01982009969651699,
81679.0,,0.0
81735.0,,0.0
81761.87804878049,0.01982009969651699,
81764.0,,0.0
81791.76595744681,0.01982009969651699,
81820.14893617021,0.01982009969651699,
81822.0,,0.0
81829.0,0.01982009969651699,
81850.0,,0.0
81883.26086956522,0.01982009969651699,
81918.98550724638,0.01982009969651699,
81935.0,,0.0
81946.56521739131,0.01982009969651699,
81963.0,,0.0
81991.0,,0.0
81997.8813559322,0.01982009969651699,
82020.0,,0.0
82049.0,,0.0
82079.0,,0.0
82107.0,,0.0
82127.90697674418,0.01982009969651699,
82136.0,,0.0
82165.0,,0.0
82193.0,,0.0
82201.79069767441,0.01982009969651699,
82220.0,,0.0
82249.0,,0.0
82275.13333333333,0.01982009969651699,
82277.0,,0.0
82318.4,0.01982009969651699,
82335.2,0.01982009969651699,
82337.0,,0.0
82345.27272727272,0.01982009969651699,
82371.27272727272,0.019840098917484283,
82389.0,,2.0
82417.0,,0.0
82445.0,,0.0
82473.0,,0.0
82502.0,,0.0
82513.2,0.019900096580386162,
82521.04,0.019900096580386162,
82530.0,,0.0
82550.57142857143,0.019900096580386162,
82557.0,,0.0
82586.0,,0.0
82603.64285714286,0.019900096580386162,
82628.75,0.019900096580386162,
82643.0,,0.0
82700.0,,0.0
82707.16279069768,0.019900096580386162,
82728.0,,0.0
82757.0,,0.0
82770.4693877551,0.019900096580386162,
82787.0,,0.0
82816.0,,0.0
82857.94805194806,0.019900096580386162,
82901.0,,0.0
82914.6888888889,0.019900096580386162,
82929.0,,0.0
82957.0,,0.0
82976.23664122137,0.019900096580386162,
83007.01526717558,0.019900096580386162,
83024.3282442748,0.019900096580386162,
83041.0,,0.0
83069.36170212766,0.019940098747611046,
83092.44680851063,0.019940098747611046,
83101.02127659574,0.019940098747611046,
83103.0,,0.0
83131.0,,0.0
83157.17391304347,0.019940098747611046,
83159.0,,0.0
83182.4705882353,0.019940098747611046,
83203.70588235294,0.019940098747611046,
83208.73529411765,0.019940098747611046,
83216.0,,0.0
83241.0243902439,0.019940098747611046,
83243.0,,0.0
83252.1,0.019940098747611046,
83271.0,,0.0
83291.71428571429,0.019940098747611046,
83300.0,,0.0
83315.48936170213,0.019940098747611046,
83320.25531914894,0.019940098747611046,
83328.0,,0.0
83343.4255319149,0.019940098747611046,
83355.14893617021,0.019940098747611046,
83357.0,,0.0
83384.0,,0.0
83398.91428571429,0.019940098747611046,
83413.0,,0.0
83442.0,,0.0
83471.0,,0.0
83495.75,0.01997010037302971,
83504.0,,1.0
83535.0,,0.0
83560.84615384616,0.01998010091483593,
83563.0,,0.0
83597.04761904762,0.01998010091483593,
83604.90476190476,0.01998010091483593,
83612.23809523809,0.01998010091483593,
83618.0,,0.0
83646.0,,0.0
83663.5,0.01998010091483593,
83672.25,0.01998010091483593,
83674.0,,0.0
83681.24390243902,0.01998010091483593,
83699.0243902439,0.01998010091483593,
83701.0,,0.0
83708.56521739131,0.01998010091483593,
83730.0,,0.0
83743.18181818182,0.01998010091483593,
83759.0,,0.0
83779.0,0.020010102540254593,
83787.0,,1.0
83809.3488372093,0.020020103082060814,
83818.0,,0.0
83844.28571428571,0.020020103082060814,
83846.0,,0.0
83931.0,,0.0
83968.65957446808,0.020020103082060814,
83990.0,,0.0
84018.0,,0.0
84040.55555555556,0.020020103082060814,
84047.0,,0.0
84059.6,0.020020103082060814,
84074.0,,0.0
84089.6,0.020020103082060814,
84101.0,,0.0
84120.11278195489,0.020080100744962692,
84173.75187969925,0.020100099965929985,
84181.15037593985,0.020100099965929985,
84183.0,,0.0
84192.66666666667,0.020100099965929985,
84212.0,,0.0
84240.5,0.020100099965929985,
84255.05319148937,0.020100099965929985,
84269.0,,0.0
84298.0,,0.0
84324.04651162791,0.020100099965929985,
84331.20930232559,0.020100099965929985,
84354.0,,0.0
84363.11627906977,0.020100099965929985,
84380.04651162791,0.020100099965929985,
84382.0,,0.0
84397.4375,0.020100099965929985,
84421.1875,0.020100099965929985,
84437.21875,0.020100099965929985,
84439.0,,0.0
84459.53333333334,0.020100099965929985,
84467.0,,0.0
84496.0,,0.0
84509.2,0.020100099965929985,
84553.0,0.020100099965929985,
84559.6,0.020100099965929985,
84597.4,0.020100099965929985,
84619.0,0.020100099965929985,
84634.0,,0.0
84665.0,,1.0
84693.0,,0.0
84718.0243902439,0.02014010213315487,
84720.0,,0.0
84740.21739130435,0.02014010213315487,
84750.0,,0.0
84776.38461538461,0.02014010213315487,
84778.0,,0.0
84791.5744680851,0.02014010213315487,
84805.14893617021,0.02014010213315487,
84807.0,,0.0
84815.61538461539,0.02014010213315487,
84835.0,,0.0
84867.74157303371,0.020180104300379753,
84897.0,,0.0
84926.0,,0.0
84952.17391304347,0.020180104300379753,
84954.0,,0.0
84982.0,,0.0
84990.57142857143,0.020180104300379753,
85010.0,,0.0
85016.84444444445,0.020180104300379753,
85021.82222222222,0.020180104300379753,
85028.04444444444,0.020180104300379753,
85036.13333333333,0.020180104300379753,
85038.0,,0.0
85058.85106382979,0.020180104300379753,
85066.0,,0.0
85094.0,,0.0
85123.0,,0.0
85143.48780487805,0.020180104300379753,
85151.0,,0.0
85171.36363636363,0.020180104300379753,
85177.09090909091,0.020180104300379753,
85179.0,,0.0
85201.01851851853,0.020180104300379753,
85206.38888888889,0.020180104300379753,
85208.0,,0.0
85235.0,,0.0
85264.0,,0.0
85285.56410256411,0.020180104300379753,
85293.0,,0.0
85303.5,0.020180104300379753,
85321.0,,0.0
85334.61224489796,0.020180104300379753,
85350.0,,0.0
85378.0,,0.0
85402.51162790698,0.020210105925798416,
85409.0,,1.0
85434.27659574468,0.020220106467604637,
85436.0,,0.0
85457.77777777778,0.020220106467604637,
85464.0,,0.0
85493.0,,0.0
85520.0,,0.0
85546.0202020202,0.020220106467604637,
85556.76767676767,0.020220106467604637,
85567.51515151515,0.020220106467604637,
85576.0,,0.0
85592.39130434782,0.020220106467604637,
85605.0,,0.0
85633.0,,0.0
85639.3440860215,0.020220106467604637,
85692.0,,0.0
85734.07142857143,0.020220106467604637,
85741.53571428571,0.020220106467604637,
85749.0,,0.0
85762.55140186916,0.020220106467604637,
85805.3738317757,0.020220106467604637,
85807.0,,0.0
85827.80434782608,0.020220106467604637,
85836.0,,0.0
85865.0,,0.0
85876.89743589744,0.020220106467604637,
85891.76923076923,0.020220106467604637,
85894.0,,0.0
85899.6,0.020220106467604637,
85922.0,,0.0
85952.0,,1.0
85959.30434782608,0.02026010863482952,
85972.08695652174,0.02026010863482952,
85980.0,,0.0
86009.0,,0.0
86039.0,,0.0
86067.0,,0.0
86074.85416666667,0.02026010863482952,
86082.10416666667,0.02026010863482952,
86096.0,,0.0
86106.5,0.02026010863482952,
86124.0,,0.0
86153.0,,0.0
86179.17391304347,0.02026010863482952,
86181.0,,0.0
86202.21951219512,0.02026010863482952,
86207.87804878049,0.02026010863482952,
86210.0,,0.0
86231.53846153847,0.02026010863482952,
86238.0,,0.0
86285.83333333333,0.02026010863482952,
86294.0,,0.0
86308.9625,0.02026010863482952,
86332.475,0.02026010863482952,
86351.0,,0.0
86377.46153846153,0.02026010863482952,
86407.0,,0.0
86421.56666666667,0.02026010863482952,
86457.03333333334,0.02026010863482952,
86462.1,0.02026010863482952,
86464.0,,0.0
86470.95348837209,0.020280107855796814,
86479.51162790698,0.0203201062977314,
86487.0,,2.0
86516.0,,0.0
86544.0,,0.0
86557.92,0.020340105518698692,
86571.26,0.020340105518698692,
86573.0,,0.0
86579.44444444444,0.020340105518698692,
86593.62222222223,0.020340105518698692,
86602.0,,0.0
86631.0,,0.0
86658.0,,0.0
86715.0,,0.0
86741.69767441861,0.020340105518698692,
86756.67441860466,0.020340105518698692,
86763.83720930232,0.020340105518698692,
86771.0,,0.0
86786.81818181818,0.020340105518698692,
86790.77272727272,0.020340105518698692,
86800.0,,0.0
86827.0,,0.0
86832.42857142857,0.020340105518698692,
86860.25,0.020340105518698692,
86884.0,,0.0
86892.08888888889,0.020340105518698692,
86897.6888888889,0.020340105518698692,
86912.0,,0.0
86978.0,,0.0
86999.84,0.020380107685923576,
87016.08,0.020380107685923576,
87032.32,0.020380107685923576,
87034.0,,0.0
87062.0,,0.0
87068.38,0.020380107685923576,
87091.0,,0.0
87107.0425531915,0.020380107685923576,
87120.0,,0.0
87134.56,0.020380107685923576,
87148.0,,0.0
87169.33333333333,0.02041010931134224,
87174.66666666667,0.02042010985314846,
87206.0,,0.0
87235.0,,0.0
87260.38,0.02042010985314846,
87262.0,,0.0
87268.28571428571,0.02042010985314846,
87276.28571428571,0.02042010985314846,
87290.0,,0.0
87319.0,,2.0
87330.86274509804,0.02050010673701763,
87342.72549019608,0.02050010673701763,
87374.0,,0.0
87390.07407407407,0.02050010673701763,
87400.44444444444,0.02050010673701763,
87402.0,,0.0
87414.96296296296,0.02050010673701763,
87430.0,,0.0
87443.44,0.02050010673701763,
87450.16,0.02050010673701763,
87458.0,,0.0
87476.20930232559,0.02050010673701763,
87485.0,,0.0
87510.84615384616,0.02050010673701763,
87513.0,,0.0
87520.73333333334,0.02050010673701763,
87525.88888888889,0.02050010673701763,
87540.06666666667,0.02050010673701763,
87542.0,,0.0
87570.0,,0.0
87583.01086956522,0.02050010673701763,
87627.0,,0.0
87632.23076923077,0.02050010673701763,
87665.57692307692,0.02050010673701763,
87710.03846153847,0.02050010673701763,
87712.0,,0.0
87740.0,,0.0
87749.15789473684,0.02050010673701763,
87769.0,,0.0
87796.0,,0.0
87809.02325581395,0.02050010673701763,
87824.0,,0.0
87836.8735632184,0.02050010673701763,
87858.11494252873,0.02050010673701763,
87864.55172413793,0.02050010673701763,
87878.06896551725,0.02050010673701763,
87880.0,,0.0
87908.0,,0.0
87928.86363636363,0.02050010673701763,
87935.0,,0.0
87963.0,,0.0
87982.9375,0.02050010673701763,
87992.0,,0.0
88020.0,,0.0
88027.14893617021,0.02050010673701763,
88048.0,,0.0
88068.23255813954,0.02050010673701763,
88074.97674418605,0.02050010673701763,
88077.0,,0.0
88102.27659574468,0.02050010673701763,
88104.0,,0.0
88111.46666666666,0.02050010673701763,
88132.0,,0.0
88180.88888888889,0.02050010673701763,
88185.33333333333,0.02050010673701763,
88187.0,,0.0
88201.5,0.02050010673701763,
88207.63461538461,0.02050010673701763,
88216.0,,0.0
88233.08823529411,0.02050010673701763,
88259.94117647059,0.02050010673701763,
88270.31617647059,0.02050010673701763,
88299.0,,0.0
88306.41860465116,0.02050010673701763,
88311.13953488372,0.02050010673701763,
88357.0,,0.0
88372.42857142857,0.02050010673701763,
88385.0,,0.0
88413.0,,0.0
88442.0,,0.0
88482.25,0.02050010673701763,
88498.0,,0.0
88527.0,,0.0
88555.0,,0.0
88561.66666666667,0.02050010673701763,
88583.0,,0.0
88604.35294117648,0.02050010673701763,
88638.0,,0.0
88667.0,,0.0
88680.0625,0.02050010673701763,
88695.1875,0.02050010673701763,
88722.0,,0.0
88750.83720930232,0.02050010673701763,
88753.0,,0.0
88775.85714285714,0.02050010673701763,
88780.85714285714,0.02050010673701763,
88783.0,,0.0
88815.0,,1.0
88843.42105263157,0.02057011052966118,
88848.15789473684,0.0205801110714674,
88851.0,,1.0
88901.78260869565,0.0205801110714674,
88921.61956521739,0.0205801110714674,
88924.0,,0.0
88940.30434782608,0.0205801110714674,
88961.82608695653,0.02059011161327362,
88982.04347826086,0.020620113238692284,
88984.0,,1.0
88999.19047619047,0.020620113238692284,
89013.0,,0.0
89045.0,,0.0
89077.0,,0.0
89104.06666666667,0.020620113238692284,
89106.0,,0.0
89130.66666666667,0.020620113238692284,
89136.0,0.020620113238692284,
89155.33333333333,0.020620113238692284,
89164.0,,0.0
89175.9,0.020620113238692284,
89182.2,0.020620113238692284,
89192.0,,0.0
89222.0,,0.0
89250.0,,0.0
89266.28571428571,0.020620113238692284,
89271.2967032967,0.020620113238692284,
89276.93406593407,0.020620113238692284,
89307.0,,0.0
89333.28571428571,0.020620113238692284,
89335.0,,0.0
89342.69387755102,0.020620113238692284,
89354.5306122449,0.020620113238692284,
89362.22448979592,0.020620113238692284,
89364.0,,0.0
89391.02272727272,0.020620113238692284,
89393.0,,0.0
89403.91764705883,0.020620113238692284,
89414.15294117646,0.020620113238692284,
89433.94117647059,0.020620113238692284,
89451.0,,0.0
89461.71739130435,0.020620113238692284,
89473.69565217392,0.020620113238692284,
89480.0,,0.0
89493.41666666667,0.020620113238692284,
89499.83333333333,0.020620113238692284,
89508.0,,0.0
89519.9,0.020620113238692284,
89525.5,0.020620113238692284,
89561.9,0.020620113238692284,
89564.0,,0.0
89589.41176470589,0.020620113238692284,
89591.0,,0.0
89620.0,,0.0
89626.0,0.020620113238692284,
89642.5,0.020620113238692284,
89659.0,0.02066011168062687,
89674.0,,2.0
89692.66666666667,0.020700110122561455,
89697.48387096774,0.020700110122561455,
89701.09677419355,0.020700110122561455,
89718.55913978495,0.020700110122561455,
89728.19354838709,0.020700110122561455,
89730.0,,0.0
89736.8679245283,0.020700110122561455,
89756.41509433962,0.020700110122561455,
89758.0,,0.0
89786.0,,0.0
89816.0,,1.0
89845.0,,0.0
89872.0,,0.0
89900.0,,0.0
89930.0,,0.0
89972.90869565218,0.02074011228978634,
90024.88260869565,0.02074011228978634,
90056.91304347826,0.02074011228978634,
90069.0,,0.0
90080.56521739131,0.02074011228978634,
90097.0,,0.0
90123.79487179487,0.02074011228978634,
90154.0,,0.0
90164.0425531915,0.02074011228978634,
90213.0,,0.0
90234.77777777778,0.02074011228978634,
90241.0,,0.0
90247.61818181818,0.02074011228978634,
90254.74545454545,0.02074011228978634,
90267.47272727273,0.02074011228978634,
90269.0,,0.0
90305.0,,2.0
90319.29787234042,0.02082010917365551,
90333.0,,0.0
90339.59090909091,0.02082010917365551,
90362.0,,0.0
90393.0,,1.0
90420.0,,0.0
90447.0,,0.0
90474.0,,0.0
90501.0,,0.0
90519.32727272727,0.020860111340880394,
90529.0,,0.0
90557.0,,0.0
90566.05882352941,0.020860111340880394,
90571.88235294117,0.020860111340880394,
90604.23529411765,0.020860111340880394,
90612.0,,0.0
90624.88636363637,0.020860111340880394,
90637.15909090909,0.020860111340880394,
90639.0,,0.0
90649.12765957447,0.020860111340880394,
90667.0,,0.0
90695.0,,0.0
90709.44186046511,0.020860111340880394,
90722.0,,0.0
90736.94845360825,0.020860111340880394,
90744.1237113402,0.020860111340880394,
90753.09278350516,0.020860111340880394,
90759.67010309278,0.020860111340880394,
90780.0,,0.0
90809.0,,0.0
90866.0,,0.0
90883.68292682926,0.020900113508105278,
90895.0,,0.0
90914.09090909091,0.020900113508105278,
90923.0,,0.0
90951.0,,0.0
90980.0,,0.0
90987.53846153847,0.020900113508105278,
91008.0,,0.0
91036.0,,0.0
91064.0,,0.0
91083.92307692308,0.020900113508105278,
91088.76923076923,0.020900113508105278,
91120.0,,0.0
91126.6,0.020900113508105278,
91147.0,,0.0
91157.85714285714,0.020900113508105278,
91164.14285714286,0.020900113508105278,
91175.0,,0.0
91183.8163265306,0.02092011272907257,
91200.3469387755,0.02098011039197445,
91202.0,,2.0
91258.0,,0.0
91273.92156862745,0.02100011147558689,
91279.60784313726,0.021010112017393112,
91287.0,,1.0
91316.0,,0.0
91344.0,,0.0
91373.0,,0.0
91390.23076923077,0.021020112559199333,
91401.0,,0.0
91408.9191919192,0.021020112559199333,
91457.0,,0.0
91483.13333333333,0.021020112559199333,
91485.0,,0.0
91513.0,,0.0
91541.0,,0.0
91571.0,,0.0
91582.05263157895,0.021020112559199333,
91599.0,,0.0
91617.66666666667,0.021020112559199333,
91625.13333333333,0.021020112559199333,
91627.0,,0.0
91656.0,,0.0
91684.0,,0.0
91702.88372093023,0.021020112559199333,
91713.0,,0.0
91720.5,0.021020112559199333,
91725.0,0.021020112559199333,
91740.75,0.021020112559199333,
91743.0,,0.0
91799.0,,0.0
91828.0,,0.0
91834.75,0.021020112559199333,
91855.0,,0.0
91875.11363636363,0.021020112559199333,
91914.0,,0.0
91933.38461538461,0.021020112559199333,
91942.0,,0.0
91957.7627118644,0.021020112559199333,
91972.0,,0.0
91979.05434782608,0.021020112559199333,
91986.10869565218,0.021020112559199333,
91993.16304347826,0.021020112559199333,
91997.01086956522,0.021020112559199333,
92009.19565217392,0.021020112559199333,
92029.07608695653,0.021020112559199333,
92031.0,,0.0
92037.96666666666,0.021020112559199333,
92088.0,,0.0
92116.0,,0.0
92143.0,,0.0
92173.0,,1.0
92185.36144578313,0.021060114726424217,
92192.22891566265,0.021060114726424217,
92230.0,,0.0
92239.4693877551,0.021060114726424217,
92259.0,,0.0
92287.0,,0.0
92314.0,,0.0
92335.91111111111,0.021060114726424217,
92343.0,,0.0
92369.28571428571,0.021060114726424217,
92371.0,,0.0
92390.77528089887,0.021060114726424217,
92396.95505617978,0.021060114726424217,
92406.22471910113,0.021070115268230438,
92463.0786516854,0.0211001168936491,
92476.05617977527,0.0211001168936491,
92481.0,,0.0
92509.0,,0.0
92517.61538461539,0.0211001168936491,
92537.0,,0.0
92551.4,0.0211001168936491,
92564.0,,0.0
92593.0,,0.0
92615.47619047618,0.021130118519067764,
92652.0,,0.0
92660.16666666667,0.021140119060873985,
92666.58333333333,0.021140119060873985,
92680.0,,0.0
92700.53333333334,0.021140119060873985,
92708.0,,0.0
92733.15909090909,0.021140119060873985,
92735.0,,0.0
92780.11111111111,0.021140119060873985,
92793.0,,0.0
92821.0,,0.0
92848.40659340659,0.021140119060873985,
92868.8021978022,0.021140119060873985,
92879.0,,0.0
92907.30188679245,0.021140119060873985,
92909.0,,0.0
92937.29268292683,0.021140119060873985,
92964.87804878049,0.021140119060873985,
92967.0,,0.0
92992.9512195122,0.021140119060873985,
92995.0,,0.0
93023.0,,0.0
93050.38888888889,0.021140119060873985,
93052.0,,0.0
93060.56818181818,0.021140119060873985,
93079.02272727272,0.021140119060873985,
93081.0,,0.0
93088.54,0.021140119060873985,
93110.0,,0.0
93136.41509433962,0.021140119060873985,
93138.0,,0.0
93168.0,,0.0
93176.37777777777,0.021140119060873985,
93197.0,,0.0
93204.14893617021,0.021140119060873985,
93225.0,,0.0
93274.63503649634,0.021140119060873985,
93279.59854014599,0.021140119060873985,
93295.1094890511,0.021140119060873985,
93310.0,,0.0
93316.36585365854,0.021140119060873985,
93339.0,,0.0
93388.84,0.021140119060873985,
93395.0,,0.0
93401.875,0.021140119060873985,
93408.17708333333,0.021140119060873985,
93450.0,,0.0
93457.53846153847,0.021150119602680206,
93478.0,,1.0
93507.0,,1.0
93534.0,,0.0
93563.0,,0.0
93580.78048780488,0.021220123395323753,
93590.0,,0.0
93618.0,,0.0
93646.0,,0.0
93674.0,,0.0
93703.0,,0.0
93730.0,,0.0
93753.6170212766,0.021220123395323753,
93758.08510638298,0.021220123395323753,
93760.0,,0.0
93768.26666666666,0.021230123937129974,
93779.28888888888,0.021250125020742416,
93791.0,,1.0
93818.0,,0.0
93847.0,,0.0
93876.0,,0.0
93882.78723404255,0.021260125562548637,
93905.0,,0.0
93933.0,,0.0
93960.0,,0.0
94011.69565217392,0.021260125562548637,
94018.0,,0.0
94026.28571428571,0.021260125562548637,
94039.30612244898,0.021260125562548637,
94045.22448979592,0.021260125562548637,
94047.0,,0.0
94105.0,,0.0
94133.0,,0.0
94138.63736263737,0.021260125562548637,
94149.91208791209,0.021260125562548637,
94165.57142857143,0.021260125562548637,
94190.0,,0.0
94218.0,,0.0
94224.85714285714,0.021260125562548637,
94246.0,,0.0
94271.0,0.021260125562548637,
94281.5,0.021260125562548637,
94303.0,,0.0
94310.2,0.021260125562548637,
94321.6,0.021260125562548637,
94330.0,,0.0
94394.65693430656,0.021260125562548637,
94400.30656934307,0.021260125562548637,
94406.58394160584,0.021260125562548637,
94416.0,,0.0
94444.0,,0.0
94454.33333333333,0.021260125562548637,
94472.78571428571,0.021260125562548637,
94475.0,,0.0
94490.19047619047,0.021260125562548637,
94504.0,,0.0
94511.39622641509,0.021260125562548637,
94518.7924528302,0.021260125562548637,
94532.0,,0.0
94539.80769230769,0.021260125562548637,
94561.0,,0.0
94568.61538461539,0.021260125562548637,
94585.92307692308,0.021260125562548637,
94588.0,,0.0
94617.0,,0.0
94646.0,,0.0
94665.6,0.021260125562548637,
94674.0,,0.0
94702.0,,0.0
94709.07142857143,0.021260125562548637,
94729.0,,0.0
94742.53333333334,0.021260125562548637,
94756.06666666667,0.021260125562548637,
94758.0,,0.0
94787.0,,0.0
94819.47826086957,0.021260125562548637,
94870.0,,0.0
94879.88636363637,0.021260125562548637,
94899.0,,0.0
94909.41025641025,0.021260125562548637,
94928.0,,0.0
94972.39759036145,0.0212901271879673,
94983.0,,1.0
95007.51162790698,0.02130012772977352,
95014.0,,0.0
95043.0,,0.0
95072.0,,0.0
95147.53956834532,0.02130012772977352,
95156.0,,0.0
95163.0,0.02130012772977352,
95184.0,,0.0
95239.0,,0.0
95268.0,,0.0
95277.90243902439,0.02130012772977352,
95297.0,,0.0
95324.0,,0.0
95352.0,,0.0
95365.17647058824,0.02130012772977352,
95380.0,,0.0
95404.44444444444,0.02130012772977352,
95435.0,,0.0
95444.53191489361,0.02130012772977352,
95455.25531914894,0.02130012772977352,
95463.0,,0.0
95492.0,,0.0
95521.0,,0.0
95548.0,,0.0
95575.0,,0.0
95590.15909090909,0.02130012772977352,
95596.75,0.02130012772977352,
95604.0,,0.0
95615.94230769231,0.02130012772977352,
95623.21153846153,0.02130012772977352,
95631.0,,0.0
95660.0,,0.0
95686.13333333333,0.02130012772977352,
95688.0,,0.0
95703.42857142857,0.02130012772977352,
95715.0,,0.0
95744.0,,0.0
95770.0,0.02130012772977352,
95772.0,,0.0
95787.38775510204,0.02130012772977352,
95792.71428571429,0.02130012772977352,
95830.0,,0.0
95838.27956989247,0.02130012772977352,
95850.10752688172,0.02130012772977352,
95885.0,,0.0
95912.0,,0.0
95930.69230769231,0.02130012772977352,
95939.0,,0.0
95952.14285714286,0.02130012772977352,
95967.0,,0.0
95996.0,,0.0
96022.41509433962,0.02130012772977352,
96024.0,,0.0
96052.0,,0.0
96072.82857142857,0.02130012772977352,
96079.0,,0.0
96111.51612903226,0.02130012772977352,
96116.33333333333,0.02130012772977352,
96124.76344086022,0.02130012772977352,
96133.19354838709,0.02130012772977352,
96135.0,,0.0
96164.0,,0.0
96179.68,0.02130012772977352,
96192.0,,0.0
96210.69230769231,0.02130012772977352,
96219.0,,0.0
96246.0,,0.0
96275.0,,0.0
96295.25,0.02130012772977352,
96302.0,,0.0
96316.58333333333,0.02130012772977352,
96330.0,,0.0
96363.61111111111,0.02130012772977352,
96385.0,,0.0
96413.0,,0.0
96420.02127659574,0.02130012772977352,
96441.08510638298,0.02130012772977352,
96443.0,,0.0
96522.8865248227,0.02130012772977352,
96531.0,,0.0
96539.80434782608,0.02130012772977352,
96558.0,,0.0
96577.76470588235,0.02130012772977352,
96586.0,,0.0
96597.48717948717,0.02130012772977352,
96605.38461538461,0.02130012772977352,
96611.84615384616,0.02130012772977352,
96614.0,,0.0
96672.0,,0.0
96679.81395348837,0.02130012772977352,
96700.0,,0.0
96707.08888888889,0.02130012772977352,
96729.0,,0.0
96749.57142857143,0.02130012772977352,
96757.0,,0.0
96785.0,,0.0
96810.47169811321,0.02130012772977352,
96812.0,,0.0
96837.3125,0.02130012772977352,
96839.0,,0.0
96867.0,,0.0
96894.0,,0.0
96922.0,,0.0
96951.0,,0.0
96978.0,,0.0
97060.18705035972,0.02130012772977352,
97062.0,,0.0
97090.0,,0.0
97097.61538461539,0.02130012772977352,
97104.53846153847,0.02130012772977352,
97117.0,,0.0
97145.0,,0.0
97164.55813953489,0.02130012772977352,
97174.0,,0.0
97182.34042553192,0.02130012772977352,
97202.0,,0.0
97224.34042553192,0.0213601253926754,
97230.08510638298,0.021380124613642693,
97232.0,,2.0
97250.85,0.021380124613642693,
97256.05,0.021380124613642693,
97258.0,,0.0
97266.51546391753,0.021400123834609985,
97306.65979381443,0.021460121497511864,
97317.0,,0.0
97346.0,,0.0
97351.51612903226,0.021470122039318085,
97403.0,,0.0
97413.2,0.021500123664736748,
97421.0,0.021500123664736748,
97430.0,,0.0
97459.0,,0.0
97472.70212765958,0.021500123664736748,
97479.25531914894,0.021500123664736748,
97487.0,,0.0
97511.86842105263,0.021500123664736748,
97514.0,,0.0
97523.33333333333,0.021500123664736748,
97542.0,,0.0
97553.91489361702,0.021500123664736748,
97570.0,,0.0
97600.0,,1.0
97629.0,,1.0
97642.7358490566,0.021580127999186516,
97657.0,,0.0
97686.0,,0.0
97715.0,,0.0
97742.0,,0.0
97761.79310344828,0.021580127999186516,
97770.0,,0.0
97777.74468085106,0.021580127999186516,
97798.0,,0.0
97818.90697674418,0.021580127999186516,
97824.97674418605,0.021580127999186516,
97827.0,,0.0
97853.13333333333,0.021580127999186516,
97855.0,,0.0
97884.0,,0.0
97899.14634146342,0.021580127999186516,
97911.0,,0.0
97918.81395348837,0.021580127999186516,
97946.16279069768,0.021580127999186516,
97950.72093023256,0.021580127999186516,
97967.0,,0.0
97996.0,,0.0
98009.22448979592,0.021580127999186516,
98023.0,,0.0
98051.0,,0.0
98064.61224489796,0.021600129082798958,
98074.08163265306,0.02161012962460518,
98080.0,,1.0
98118.08421052631,0.0216201301664114,
98134.0,,0.0
98161.0,,0.0
98169.16279069768,0.0216201301664114,
98188.0,,0.0
98217.0,,0.0
98273.0,,0.0
98288.21739130435,0.0216201301664114,
98294.30434782608,0.0216201301664114,
98301.0,,0.0
98310.27272727272,0.0216201301664114,
98331.0,,0.0
98339.27272727272,0.0216201301664114,
98359.0,,0.0
98369.8,0.0216201301664114,
98386.0,,0.0
98396.94594594595,0.0216201301664114,
98413.0,,0.0
98439.0,0.0216201301664114,
98441.0,,0.0
98466.84615384616,0.0216201301664114,
98469.0,,0.0
98499.0,,0.0
98528.0,,0.0
98557.0,,0.0
98584.10869565218,0.0216201301664114,
98586.0,,0.0
98614.0,,0.0
98628.4827586207,0.0216201301664114,
98635.20689655172,0.0216201301664114,
98642.44827586207,0.0216201301664114,
98644.0,,0.0
98660.4705882353,0.0216201301664114,
98665.96078431372,0.0216201301664114,
98672.0,,0.0
98700.0,,0.0
98713.33333333333,0.0216201301664114,
98728.0,,0.0
98785.0,,0.0
98817.0,,1.0
98826.8,0.021660132333636284,
98833.1,0.021660132333636284,
98842.9,0.021660132333636284,
98845.0,,0.0
98873.0,,0.0
98886.92,0.021660132333636284,
98902.0,,0.0
98924.40909090909,0.021660132333636284,
98929.02272727272,0.021660132333636284,
98931.0,,0.0
98941.12765957447,0.021660132333636284,
98957.21276595745,0.021660132333636284,
98959.0,,0.0
99003.17777777778,0.021660132333636284,
99043.0,,0.0
99071.0,,0.0
99077.75,0.021660132333636284,
99083.9375,0.021660132333636284,
99098.0,,0.0
99103.8,0.021660132333636284,
99109.6,0.021660132333636284,
99117.33333333333,0.021660132333636284,
99127.0,,0.0
99137.98947368421,0.021660132333636284,
99185.0,,0.0
99197.83333333333,0.021660132333636284,
99211.25,0.021660132333636284,
99213.0,,0.0
99240.26,0.021660132333636284,
99242.0,,0.0
99270.0,,0.0
99278.74285714286,0.021660132333636284,
99313.71428571429,0.021660132333636284,
99322.45714285714,0.021660132333636284,
99324.0,,0.0
99353.0,,0.0
99377.09278350516,0.021660132333636284,
99383.55670103093,0.021660132333636284,
99403.53608247422,0.021660132333636284,
99408.23711340207,0.021660132333636284,
99410.0,,0.0
99431.75,0.021660132333636284,
99439.0,,0.0
99457.88372093023,0.021660132333636284,
99468.0,,0.0
99489.61818181818,0.021660132333636284,
99497.0,,0.0
99525.0,,0.0
99532.17948717948,0.021660132333636284,
99553.0,,0.0
99567.2641509434,0.021660132333636284,
99581.0,,0.0
99596.4268292683,0.021660132333636284,
99636.0,,0.0
99643.13725490196,0.021660132333636284,
99664.0,,0.0
99706.29032258065,0.021660132333636284,
99721.0,,0.0
99748.0,,0.0
99764.3125,0.021660132333636284,
99770.95833333333,0.021660132333636284,
99777.0,,0.0
99805.0,,0.0
99818.5,0.021660132333636284,
99832.0,,0.0
99838.86746987952,0.021660132333636284,
99869.77108433735,0.021660132333636284,
99881.44578313253,0.021660132333636284,
99889.0,,0.0
99902.36363636363,0.021660132333636284,
99907.45454545454,0.021660132333636284,
99911.90909090909,0.021660132333636284,
99929.72727272728,0.021660132333636284,
99943.09090909091,0.021660132333636284,
99945.0,,0.0
99972.0,,0.0
100000.0,,0.0
100028.0,,0.0
100043.88095238095,0.021660132333636284,
100057.0,,0.0
100085.0,,0.0
100095.0,0.021660132333636284,
100106.33333333333,0.021660132333636284,
100113.0,,0.0
100134.0,0.021660132333636284,
100141.0,,0.0
100183.90322580645,0.021660132333636284,
100196.16129032258,0.021660132333636284,
100198.0,,0.0
100228.0,,0.0
100237.66666666667,0.021660132333636284,
100249.26666666666,0.021660132333636284,
100257.0,,0.0
100264.56,0.021660132333636284,
100284.0,,0.0
100305.375,0.021660132333636284,
100341.0,,0.0
100351.8,0.021660132333636284,
100364.50588235294,0.021660132333636284,
100375.94117647059,0.021660132333636284,
100379.75294117647,0.021660132333636284,
100395.0,,0.0
100414.95652173914,0.021660132333636284,
100422.0,,0.0
100435.69565217392,0.021660132333636284,
100452.0,,0.0
100471.80487804877,0.021660132333636284,
100480.0,,0.0
100508.0,,0.0
100527.92307692308,0.021660132333636284,
100536.0,,0.0
100565.0,,0.0
100572.42857142857,0.021660132333636284,
100593.0,,0.0
100599.6,0.021660132333636284,
100605.0,0.021660132333636284,
100620.0,,0.0
100647.0,,0.0
100694.57142857143,0.021660132333636284,
100758.0,,0.0
100765.16279069768,0.021660132333636284,
100786.0,,0.0
100794.4,0.021660132333636284,
100798.32,0.021660132333636284,
100805.04,0.021660132333636284,
100814.0,,0.0
100844.0,,0.0
100871.0,,0.0
100899.0,,0.0
100913.5,0.021660132333636284,
100928.0,,0.0
100947.65714285715,0.021660132333636284,
101012.15714285715,0.021700134500861168,
101014.0,,1.0
101042.0,,0.0
101069.0,,0.0
101089.07547169812,0.021700134500861168,
101097.0,,0.0
101152.0,,0.0
101165.33333333333,0.021700134500861168,
101180.0,,0.0
101193.41666666667,0.021700134500861168,
101206.25,0.021700134500861168,
101208.0,,0.0
101234.28571428571,0.021700134500861168,
101236.0,,0.0
101261.74712643678,0.021700134500861168,
101270.11494252873,0.021700134500861168,
101282.3448275862,0.021700134500861168,
101290.06896551725,0.021700134500861168,
101292.0,,0.0
101306.3111111111,0.021700134500861168,
101312.53333333334,0.021700134500861168,
101318.13333333333,0.021700134500861168,
101320.0,,0.0
101346.25,0.021700134500861168,
101348.0,,0.0
101359.45454545454,0.021700134500861168,
101366.45454545454,0.021700134500861168,
101376.0,,0.0
101390.25,0.021700134500861168,
101402.71875,0.021700134500861168,
101410.4375,0.021700134500861168,
101433.0,,0.0
101439.21428571429,0.021700134500861168,
101462.0,,0.0
101470.0425531915,0.021700134500861168,
101487.27659574468,0.021700134500861168,
101489.0,,0.0
101497.4,0.021700134500861168,
101509.16,0.021700134500861168,
101517.0,,0.0
101523.84444444445,0.021700134500861168,
101545.0,,0.0
101570.44230769231,0.021700134500861168,
101572.0,,0.0
101586.2641509434,0.021700134500861168,
101600.0,,0.0
101606.66666666667,0.021700134500861168,
101620.0,0.021700134500861168,
101640.66666666667,0.021700134500861168,
101684.0,,0.0
101697.50993377484,0.021700134500861168,
101738.03973509934,0.021700134500861168,
101767.31125827815,0.021700134500861168,
101769.0,,0.0
101794.9512195122,0.021700134500861168,
101797.0,,0.0
101812.10416666667,0.021700134500861168,
101826.0,,0.0
101861.7032967033,0.021700134500861168,
101883.0,,0.0
101902.83333333333,0.02172013558447361,
101917.0,,1.0
101940.27272727272,0.021770138293504715,
101946.81818181818,0.021780138835310936,
101949.0,,1.0
101954.4375,0.021780138835310936,
101970.14583333333,0.021780138835310936,
101978.0,,0.0
101991.22222222222,0.021780138835310936,
102006.0,,0.0
102069.0,,1.0
102096.0,,0.0
102118.22222222222,0.02182014100253582,
102126.0,,0.0
102154.0,,0.0
102166.73170731707,0.02182014100253582,
102183.0,,0.0
102211.0,,0.0
102268.0,,0.0
102296.0,,0.0
102324.0,,0.0
102335.2,0.02182014100253582,
102340.1,0.02182014100253582,
102352.0,,0.0
102361.33333333333,0.02182014100253582,
102380.0,,0.0
102408.0,,0.0
102420.37209302325,0.02182014100253582,
102434.04651162791,0.02182014100253582,
102436.0,,0.0
102450.93617021276,0.02182014100253582,
102463.0,,0.0
102472.52,0.02182014100253582,
102489.32,0.02182014100253582,
102491.0,,0.0
102508.31944444444,0.02182014100253582,
102531.01388888889,0.02182014100253582,
102536.38888888889,0.02182014100253582,
102577.0,,0.0
102585.64,0.02182014100253582,
102604.0,,0.0
102617.5,0.02182014100253582,
102631.0,,0.0
102640.77358490566,0.02183014154434204,
102656.1320754717,0.021850142627954483,
102668.0,,1.0
102677.29347826086,0.021860143169760704,
102703.93478260869,0.021860143169760704,
102725.0,,0.0
102764.31914893616,0.021860143169760704,
102768.48936170213,0.021860143169760704,
102775.0425531915,0.021860143169760704,
102781.0,,0.0
102800.11724137931,0.021860143169760704,
102806.48965517241,0.021860143169760704,
102822.71034482759,0.021860143169760704,
102865.0,,0.0
102894.0,,0.0
102900.52631578948,0.021860143169760704,
102925.0,,0.0
102940.70833333333,0.021860143169760704,
102952.1875,0.021860143169760704,
102954.0,,0.0
102974.8309859155,0.021860143169760704,
103007.30281690141,0.021860143169760704,
103013.42957746479,0.021860143169760704,
103033.0352112676,0.021860143169760704,
103041.0,,0.0
103055.8717948718,0.021860143169760704,
103070.0,,0.0
103098.0,,0.0
103118.12244897959,0.021860143169760704,
103125.22448979592,0.021860143169760704,
103127.0,,0.0
103146.6,0.021860143169760704,
103155.0,,0.0
103160.6,0.021860143169760704,
103166.82222222222,0.021860143169760704,
103183.0,,0.0
103211.0,,0.0
103240.0,,0.0
103270.0,,0.0
103290.80434782608,0.021860143169760704,
103299.0,,0.0
103319.44927536232,0.021860143169760704,
103337.49275362318,0.021860143169760704,
103359.14492753622,0.021860143169760704,
103362.7536231884,0.021860143169760704,
103382.0,,0.0
103413.17647058824,0.021860143169760704,
103422.0,0.021860143169760704,
103435.5294117647,0.021860143169760704,
103442.0,,0.0
103487.05714285714,0.021860143169760704,
103504.84285714285,0.021860143169760704,
103510.17857142857,0.021860143169760704,
103525.0,,0.0
103530.04,0.021860143169760704,
103553.0,,0.0
103562.1724137931,0.021860143169760704,
103573.31034482758,0.021860143169760704,
103608.03448275862,0.021860143169760704,
103610.0,,0.0
103639.0,,0.0
103647.86363636363,0.021860143169760704,
103669.0,,0.0
103697.0,,0.0
103716.76470588235,0.021860143169760704,
103753.0,,0.0
103781.0,,0.0
103809.33333333333,0.021860143169760704,
103811.0,,0.0
103827.27906976744,0.021860143169760704,
103839.0,,0.0
103866.10869565218,0.021860143169760704,
103868.0,,0.0
103897.0,,0.0
103925.0,,0.0
103954.0,,0.0
103983.0,,0.0
104011.0,,0.0
104049.0,0.021860143169760704,
104068.0,,0.0
104083.66,0.021860143169760704,
104090.04,0.021860143169760704,
104097.0,,0.0
104126.0,,0.0
104153.0,,0.0
104160.35353535354,0.021860143169760704,
104209.0,,0.0
104237.0,,0.0
104266.0,,0.0
104286.85106382979,0.021860143169760704,
104292.21276595745,0.021860143169760704,
104294.0,,0.0
104322.0,,0.0
104351.0,,0.0
104380.0,,0.0
104394.77358490566,0.021860143169760704,
104401.3396226415,0.021860143169760704,
104409.0,,0.0
104428.19387755102,0.021860143169760704,
104443.89795918367,0.021860143169760704,
104466.0,,0.0
104495.0,,0.0
104523.0,,0.0
104550.0,,0.0
104576.92857142857,0.021860143169760704,
104579.0,,0.0
104606.0,,0.0
104632.38461538461,0.021860143169760704,
104634.0,,0.0
104640.875,0.021860143169760704,
104679.625,0.021860143169760704,
104719.0,,0.0
104747.0,,0.0
104775.0,,0.0
104803.0,,0.0
104807.48979591837,0.021860143169760704,
104821.52040816327,0.021860143169760704,
104836.67346938775,0.021860143169760704,
104858.0,,0.0
104886.0,,0.0
104892.36363636363,0.021860143169760704,
104914.0,,0.0
104922.66666666667,0.021860143169760704,
104942.0,,0.0
104954.27272727272,0.021860143169760704,
104960.40909090909,0.021860143169760704,
104969.0,,0.0
104998.0,,0.0
105026.0,,0.0
105046.16,0.021860143169760704,
105054.0,,0.0
105084.0,,0.0
105097.48837209302,0.021860143169760704,
105101.53488372093,0.021860143169760704,
105113.0,,0.0
105121.19512195123,0.021860143169760704,
105127.34146341463,0.021860143169760704,
105141.0,,0.0
105148.425,0.021860143169760704,
105153.825,0.021860143169760704,
105168.0,,0.0
105182.11363636363,0.021860143169760704,
105193.15909090909,0.021860143169760704,
105195.0,,0.0
105223.0,,0.0
105238.57407407407,0.021860143169760704,
105252.0,,0.0
105272.25,0.021860143169760704,
105279.0,,0.0
105308.0,,0.0
105378.36363636363,0.021860143169760704,
105394.0,,0.0
105420.32,0.021860143169760704,
105422.0,,0.0
105443.28846153847,0.021860143169760704,
105449.0,,0.0
105507.0,,0.0
105516.73913043478,0.021860143169760704,
105535.0,,0.0
105563.0,,0.0
105569.62264150943,0.021860143169760704,
105590.0,,0.0
105617.0,,0.0
105645.0,,0.0
105673.0,,0.0
105699.92857142857,0.021860143169760704,
105702.0,,0.0
105737.0,0.021860143169760704,
105749.83333333333,0.021860143169760704,
105758.0,,0.0
105786.0,,0.0
105812.41509433962,0.021860143169760704,
105814.0,,0.0
105840.09090909091,0.021860143169760704,
105842.0,,0.0
105852.72340425532,0.021860143169760704,
105870.0,,0.0
105897.0,,0.0
105911.88372093023,0.021860143169760704,
105929.0,,0.0
105948.89361702128,0.021860143169760704,
105984.0,,0.0
106013.0,,0.0
106023.47619047618,0.021860143169760704,
106030.67857142857,0.021860143169760704,
106047.70238095238,0.021860143169760704,
106066.03571428571,0.021860143169760704,
106068.0,,0.0
106096.0,,0.0
106110.25,0.021860143169760704,
106153.0,,0.0
106180.1875,0.021860143169760704,
106182.0,,0.0
106209.06666666667,0.021860143169760704,
106211.0,,0.0
106216.37735849057,0.021860143169760704,
106268.0,,0.0
106278.81395348837,0.021860143169760704,
106299.0,,0.0
106327.0,,0.0
106348.15555555555,0.021860143169760704,
106355.0,,0.0
106384.0,,0.0
106397.18181818182,0.021860143169760704,
106413.0,,0.0
106418.73626373627,0.021860143169760704,
106471.0,,0.0
106499.0,,0.0
106528.0,,0.0
106556.0,,0.0
106573.13483146067,0.021860143169760704,
106617.0,,2.0
106637.21739130435,0.021940140053629875,
106647.0,,0.0
106680.0,,1.0
106699.25,0.02198014222085476,
106706.25,0.02198014222085476,
106708.0,,0.0
106736.0,,0.0
106765.0,,0.0
106783.66666666667,0.02198014222085476,
106791.25,0.02198014222085476,
106793.0,,0.0
106799.82926829268,0.02198014222085476,
106812.12195121951,0.02198014222085476,
106821.0,,0.0
106850.0,,0.0
106872.93902439025,0.02198014222085476,
106888.9268292683,0.02198014222085476,
106894.48780487805,0.02198014222085476,
106907.0,,0.0
106916.66666666667,0.02198014222085476,
106936.0,,0.0
106965.0,,0.0
106994.0,,0.0
107019.11627906977,0.02198014222085476,
107021.0,,0.0
107030.1836734694,0.02198014222085476,
107041.20408163265,0.02198014222085476,
107051.0,,0.0
107059.57142857143,0.02198014222085476,
107078.85714285714,0.02198014222085476,
107081.0,,0.0
107109.0,,0.0
107159.26666666666,0.02198014222085476,
107167.0,,0.0
107195.0,,0.0
107202.41860465116,0.02198014222085476,
107207.81395348837,0.02198014222085476,
107215.23255813954,0.02198014222085476,
107224.0,,0.0
107237.6888888889,0.02198014222085476,
107250.13333333333,0.02198014222085476,
107252.0,,0.0
107263.72093023256,0.02198014222085476,
107280.0,,0.0
107289.1836734694,0.02198014222085476,
107310.0,,0.0
107315.18518518518,0.02198014222085476,
107320.88888888889,0.02198014222085476,
107338.0,,0.0
107377.74242424243,0.02198014222085476,
107424.0,,0.0
107437.70212765958,0.02198014222085476,
107444.25531914894,0.02198014222085476,
107452.0,,0.0
107483.0,,0.0
107498.0,0.02198014222085476,
107513.0,,0.0
107527.5,0.02198014222085476,
107542.0,,0.0
107557.62790697675,0.02198014222085476,
107570.0,,0.0
107597.06666666667,0.02198014222085476,
107599.0,,0.0
107619.93023255814,0.02198014222085476,
107629.0,,0.0
107659.0,,0.0
107710.54285714286,0.02198014222085476,
107716.82857142857,0.02198014222085476,
107747.0,,0.0
107762.42857142857,0.02198014222085476,
107777.0,,0.0
107803.13333333333,0.02198014222085476,
107805.0,,0.0
107825.25531914894,0.02198014222085476,
107833.0,,0.0
107859.76923076923,0.02198014222085476,
107862.0,,0.0
107875.10638297872,0.02198014222085476,
107890.0,,0.0
107896.4705882353,0.02198014222085476,
107920.0,,0.0
107976.0,,0.0
107996.36170212766,0.02198014222085476,
108005.0,,0.0
108022.0,0.02198014222085476,
108033.0,,0.0
108040.0731707317,0.02198014222085476,
108047.85365853658,0.02198014222085476,
108059.87804878049,0.02198014222085476,
108062.0,,0.0
108091.0,,0.0
108120.0,,0.0
108148.0,,0.0
108175.0,,0.0
108200.78947368421,0.02198014222085476,
108203.0,,0.0
108210.63636363637,0.02198014222085476,
108219.8,0.02198014222085476,
108231.0,,0.0
108240.20454545454,0.02198014222085476,
108245.72727272728,0.02198014222085476,
108258.0,,0.0
108313.01162790698,0.02198014222085476,
108315.0,,0.0
108344.0,,0.0
108359.88235294117,0.02198014222085476,
108368.11764705883,0.02198014222085476,
108374.0,,0.0
108395.33333333333,0.02198014222085476,
108402.0,,0.0
108422.63461538461,0.02198014222085476,
108431.0,,0.0
108460.0,,0.0
108487.0,,0.0
108505.66666666667,0.02198014222085476,
108515.0,,0.0
108526.31707317074,0.02198014222085476,
108544.0,,0.0
108573.0,,0.0
108601.0,,0.0
108630.0,,0.0
108636.85714285714,0.02198014222085476,
108642.57142857143,0.02198014222085476,
108656.28571428571,0.02198014222085476,
108658.0,,0.0
108684.13333333333,0.02198014222085476,
108686.0,,0.0
108695.37209302325,0.02198014222085476,
108717.0,,0.0
108726.4693877551,0.02198014222085476,
108746.0,,0.0
108775.0,,0.0
108794.28888888888,0.02198014222085476,
108801.13333333333,0.02198014222085476,
108803.0,,0.0
108832.0,,0.0
108853.75,0.02198014222085476,
108861.0,,0.0
108889.0,,0.0
108916.0,,0.0
108931.61538461539,0.02198014222085476,
108942.38461538461,0.02198014222085476,
108944.0,,0.0
108964.37837837837,0.02198014222085476,
108973.0,,0.0
108995.0,,2.0
109010.21739130435,0.02206013910472393,
109019.95652173914,0.02206013910472393,
109051.0,,0.0
109078.0,,0.0
109106.0,,0.0
109256.0,,2.0
109287.0,,0.0
109314.0,,0.0
109335.76595744681,0.022170137614011765,
109345.0,,1.0
109367.4,0.022180138155817986,
109373.0,,0.0
109401.0,,0.0
109429.0,,0.0
109466.73913043478,0.022180138155817986,
109483.17391304347,0.022180138155817986,
109485.0,,0.0
109506.33333333333,0.022180138155817986,
109515.0,,0.0
109547.97777777778,0.022180138155817986,
109569.13333333333,0.022180138155817986,
109571.0,,0.0
109600.0,,0.0
109609.11627906977,0.022180138155817986,
109613.67441860466,0.022180138155817986,
109628.0,,0.0
109643.31914893616,0.022180138155817986,
109658.0,,0.0
109712.88888888889,0.022180138155817986,
109715.0,,0.0
109765.30526315789,0.02222014032304287,
109774.0,,0.0
109784.43181818182,0.02222014032304287,
109791.18181818182,0.02222014032304287,
109799.15909090909,0.02222014032304287,
109801.0,,0.0
109810.0,0.02222014032304287,
109814.5,0.02222014032304287,
109828.0,,0.0
109858.0,,0.0
109877.78723404255,0.02222014032304287,
109918.0,,0.0
109949.0,,0.0
109975.32,0.02222014032304287,
109977.0,,0.0
109991.5,0.02222014032304287,
110004.02272727272,0.02222014032304287,
110006.0,,0.0
110014.86111111111,0.02222014032304287,
110032.58333333333,0.02222014032304287,
110035.0,,0.0
110049.16279069768,0.02222014032304287,
110064.0,,0.0
110092.0,,0.0
110119.0,,0.0
110133.53846153847,0.02222014032304287,
110147.0,,0.0
110174.0,,0.0
110200.58333333333,0.02222014032304287,
110203.0,,0.0
110231.0,,0.0
110286.0,,0.0
110290.92592592593,0.02222014032304287,
110343.0,,0.0
110365.14545454546,0.02222014032304287,
110372.0,,0.0
110394.35416666667,0.02222014032304287,
110399.1875,0.02222014032304287,
110401.0,,0.0
110420.5306122449,0.02222014032304287,
110430.0,,0.0
110457.1875,0.02222014032304287,
110459.0,,0.0
110487.0,,0.0
110494.0,0.02222014032304287,
110515.0,,0.0
110543.0,,0.0
110559.4705882353,0.02222014032304287,
110571.0,,0.0
110585.7924528302,0.02222014032304287,
110599.0,,0.0
110629.0,,1.0
110657.0,,0.0
110676.33333333333,0.022260142490267754,
110686.0,,0.0
110705.65957446808,0.022260142490267754,
110712.21276595745,0.022260142490267754,
110714.0,,0.0
110721.08888888889,0.022260142490267754,
110743.0,0.022260142490267754,
110772.0,,0.0
110821.48837209302,0.022260142490267754,
110828.0,,0.0
110843.38461538461,0.022260142490267754,
110851.84615384616,0.022260142490267754,
110858.0,,0.0
110878.02380952382,0.022260142490267754,
110887.0,,0.0
110908.0,0.022260142490267754,
110915.0,,0.0
110923.14285714286,0.022260142490267754,
110964.4387755102,0.022260142490267754,
110972.0,,0.0
111008.7311827957,0.022260142490267754,
111013.54838709677,0.022260142490267754,
111019.56989247311,0.022260142490267754,
111026.19354838709,0.022260142490267754,
111028.0,,0.0
111057.0,,0.0
111093.0,0.022260142490267754,
111096.0,,0.0
111110.0,0.022260142490267754,
111122.38461538461,0.022260142490267754,
111124.0,,0.0
111150.17391304347,0.022260142490267754,
111152.0,,0.0
111159.63157894737,0.022260142490267754,
111181.0,,0.0
111195.5,0.022260142490267754,
111210.0,,0.0
111242.0,,1.0
111269.22448979592,0.022300144657492638,
111271.0,,0.0
111284.36363636363,0.022300144657492638,
111299.0,,0.0
111307.66666666667,0.022300144657492638,
111329.0,,0.0
111343.34782608696,0.022300144657492638,
111359.0,,0.0
111415.0,,0.0
111423.08888888889,0.022300144657492638,
111428.6888888889,0.022300144657492638,
111434.91111111111,0.022300144657492638,
111443.0,,0.0
111467.81818181818,0.022300144657492638,
111486.27272727272,0.022300144657492638,
111493.27272727272,0.022300144657492638,
111525.09090909091,0.022300144657492638,
111527.0,,0.0
111533.57983193277,0.022300144657492638,
111597.91596638656,0.022300144657492638,
111614.0,,0.0
111621.25,0.022300144657492638,
111626.08333333333,0.022300144657492638,
111643.0,,0.0
111692.4387755102,0.022300144657492638,
111698.25510204081,0.022300144657492638,
111700.0,,0.0
111712.85714285714,0.022300144657492638,
111730.0,,0.0
111740.5,0.022300144657492638,
111747.5,0.022300144657492638,
111758.0,,0.0
111763.91836734694,0.022300144657492638,
111773.38775510204,0.022300144657492638,
111787.0,,0.0
111808.61818181818,0.022300144657492638,
111816.0,,0.0
111870.04651162791,0.02238014154136181,
111872.0,,2.0
111920.76666666666,0.02238014154136181,
111929.0,,0.0
111946.8085106383,0.02238014154136181,
111956.0,,0.0
111962.84444444445,0.02238014154136181,
111982.13333333333,0.02238014154136181,
111984.0,,0.0
112012.0,,0.0
112018.45652173914,0.02238014154136181,
112039.0,,0.0
112057.83636363636,0.02238014154136181,
112067.0,,0.0
112072.4375,0.02238014154136181,
112096.0,,0.0
112104.90909090909,0.02238014154136181,
112110.0,0.02238014154136181,
112124.0,,0.0
112207.0,,0.0
112236.0,,0.0
112250.67391304347,0.02238014154136181,
112263.0,,0.0
112279.37234042553,0.02238014154136181,
112377.0,,0.0
112405.0,,0.0
112414.76595744681,0.02238014154136181,
112432.0,,0.0
112462.0,,0.0
112491.0,,0.0
112503.52272727272,0.02238014154136181,
112520.0,,0.0
112548.0,,0.0
112562.29787234042,0.02238014154136181,
112576.0,,0.0
112596.80434782608,0.02238014154136181,
112603.10869565218,0.02238014154136181,
112605.0,,0.0
112610.36170212766,0.02238014154136181,
112624.06382978724,0.02238014154136181,
112633.0,,0.0
112661.0,,0.0
112668.59523809524,0.02238014154136181,
112690.0,,0.0
112701.29787234042,0.02238014154136181,
112740.84042553192,0.02238014154136181,
112749.0,,0.0
112775.92857142857,0.02238014154136181,
112778.0,,0.0
112806.0,,0.0
112822.82,0.02240014262497425,
112826.88,0.022410143166780472,
112833.26,0.022420143708586693,
112835.0,,1.0
112846.64705882352,0.022420143708586693,
112860.41176470589,0.022420143708586693,
112862.0,,0.0
112890.0,,0.0
112896.90909090909,0.022420143708586693,
112947.0,,0.0
112956.88636363637,0.022420143708586693,
112976.0,,0.0
112982.90476190476,0.022420143708586693,
113002.92857142857,0.022420143708586693,
113005.0,,0.0
113025.82051282052,0.022420143708586693,
113034.0,,0.0
113060.06741573034,0.022420143708586693,
113092.0,,0.0
113119.0,,0.0
113147.0,,0.0
113166.43181818182,0.022420143708586693,
113173.55681818182,0.022420143708586693,
113202.05681818182,0.022420143708586693,
113204.0,,0.0
113232.0,,0.0
113258.21276595745,0.022420143708586693,
113260.0,,0.0
113288.0,,0.0
113316.0,,0.0
113328.88636363637,0.022420143708586693,
113343.0,,0.0
113350.5,0.022420143708586693,
113366.57142857143,0.022420143708586693,
113373.0,,0.0
113379.76923076923,0.022420143708586693,
113409.30769230769,0.022420143708586693,
113429.0,,0.0
113456.0,,0.0
113486.0,,0.0
113507.95348837209,0.022420143708586693,
113513.44186046511,0.022420143708586693,
113542.94186046511,0.022420143708586693,
113545.0,,0.0
113573.04347826086,0.022420143708586693,
113575.0,,0.0
113585.72340425532,0.022420143708586693,
113608.36170212766,0.022420143708586693,
113638.14893617021,0.022420143708586693,
113659.0,,0.0
113690.0,,1.0
113718.0,,0.0
113724.42857142857,0.022460145875811577,
113730.21428571429,0.022460145875811577,
113745.0,,0.0
113751.31914893616,0.022460145875811577,
113772.0,,0.0
113784.35294117648,0.022460145875811577,
113797.5294117647,0.022460145875811577,
113800.0,,0.0
113829.33928571429,0.02250014804303646,
113831.0,,1.0
113858.0,,0.0
113879.0294117647,0.02250014804303646,
113913.0,,0.0
113938.3125,0.02250014804303646,
113940.0,,0.0
113995.0,,0.0
114022.0,,0.0
114029.93333333333,0.022520147264003754,
114036.16666666667,0.022540146484971046,
114071.3,0.022580144926905632,
114073.0,,0.0
114084.12359550562,0.022580144926905632,
114095.86516853933,0.022580144926905632,
114105.13483146067,0.022580144926905632,
114126.14606741573,0.022580144926905632,
114128.0,,0.0
114156.0,,0.0
114179.08510638298,0.02264014258980751,
114185.02127659574,0.022660141810774803,
114187.0,,2.0
114233.85039370079,0.022660141810774803,
114259.95275590551,0.022660141810774803,
114272.0,,0.0
114285.41666666667,0.022660141810774803,
114300.0,,0.0
114330.0,,0.0
114356.25,0.022660141810774803,
114358.0,,0.0
114387.0,,0.0
114412.52727272727,0.022660141810774803,
114414.0,,0.0
114469.16129032258,0.022660141810774803,
114471.0,,0.0
114499.0,,0.0
114537.57352941176,0.022660141810774803,
114547.69117647059,0.022660141810774803,
114572.35294117648,0.022660141810774803,
114585.0,,0.0
114592.97727272728,0.022660141810774803,
114597.27272727272,0.022660141810774803,
114602.79545454546,0.022660141810774803,
114612.0,,0.0
114639.0,,0.0
114648.33333333333,0.022660141810774803,
114667.0,,0.0
114695.0,,0.0
114723.0,,0.0
114731.12,0.022660141810774803,
114743.3,0.022660141810774803,
114752.0,,0.0
114763.72727272728,0.022660141810774803,
114769.59090909091,0.022660141810774803,
114791.09090909091,0.022660141810774803,
114799.56060606061,0.022660141810774803,
114838.0,,0.0
114876.54545454546,0.022740138694643974,
114918.0,,0.0
114977.0,,0.0
115004.0,,0.0
115024.61445783133,0.022770140320062637,
115056.60240963855,0.02281014248728752,
115063.0,,1.0
115078.57407407407,0.022820143029093742,
115090.38888888889,0.022820143029093742,
115092.0,,0.0
115109.5945945946,0.022840144112706184,
115123.0,,1.0
115135.76,0.022860145196318626,
115142.14,0.022860145196318626,
115150.26,0.022860145196318626,
115152.0,,0.0
115180.0,0.022860145196318626,
115182.0,,0.0
115191.53191489361,0.022860145196318626,
115202.25531914894,0.022860145196318626,
115210.0,,0.0
115215.93181818182,0.022860145196318626,
115239.0,,0.0
115245.54545454546,0.022870145738124847,
115269.0,,1.0
115299.0,,0.0
115329.0,,0.0
115339.12244897959,0.02291014790534973,
115360.0,,1.0
115388.0,,0.0
115416.0,,0.0
115443.0,,0.0
115470.0,,0.0
115489.8947368421,0.022940149530768394,
115497.0,,0.0
115501.725,0.022940149530768394,
115524.0,,0.0
115541.03448275862,0.022940149530768394,
115565.27586206897,0.022940149530768394,
115581.0,,0.0
115609.0,,0.0
115635.36734693877,0.023000147193670273,
115643.0,,2.0
115662.65957446808,0.023020146414637566,
115669.21276595745,0.023020146414637566,
115671.0,,0.0
115682.91489361702,0.023020146414637566,
115699.0,,0.0
115713.5,0.023020146414637566,
115728.0,,0.0
115756.0,,0.0
115784.0,,0.0
115812.0,,0.0
115827.30208333333,0.023020146414637566,
115865.55729166667,0.023020146414637566,
115925.0,,0.0
115942.68421052632,0.023020146414637566,
115964.4947368421,0.023020146414637566,
115981.0,,0.0
115997.0,0.023020146414637566,
116009.0,,0.0
116036.0,,0.0
116056.63461538461,0.023020146414637566,
116065.0,,0.0
116085.94444444444,0.023020146414637566,
116094.0,,0.0
116122.0,,0.0
116155.0,,1.0
116184.0,,0.0
116213.0,,0.0
116230.83018867925,0.02308014966547489,
116248.0,,1.0
116259.59090909091,0.023100150749087334,
116308.0,,0.0
116337.0,,0.0
116366.0,,0.0
116374.37837837837,0.023110151290893555,
116397.0,,1.0
116411.79591836735,0.023140152916312218,
116426.0,,0.0
116455.0,,0.0
116463.0487804878,0.023140152916312218,
116485.0,,0.0
116498.75471698113,0.023140152916312218,
116510.47169811321,0.023140152916312218,
116512.0,,0.0
116542.0,,1.0
116570.0,,0.0
116588.125,0.023180155083537102,
116599.0,,0.0
116628.0,,0.0
116643.7951807229,0.023180155083537102,
116654.09638554217,0.023180155083537102,
116662.3373493976,0.023180155083537102,
116676.75903614458,0.023180155083537102,
116685.0,,0.0
116690.4,0.023200154304504395,
116703.0,0.02324015274643898,
116712.0,,2.0
116734.13157894737,0.023260151967406273,
116741.0,,0.0
116767.21276595745,0.023260151967406273,
116769.0,,0.0
116798.0,,0.0
116807.5,0.023260151967406273,
116826.5,0.023260151967406273,
116834.64285714286,0.023260151967406273,
116852.96428571429,0.023260151967406273,
116855.0,,0.0
116872.33333333333,0.023260151967406273,
116881.0,0.023260151967406273,
116883.0,,0.0
116890.875,0.023260151967406273,
116910.0,,0.0
116923.5,0.023260151967406273,
116937.0,,0.0
116983.66666666667,0.023260151967406273,
116991.25,0.023260151967406273,
116993.0,,0.0
117022.0,,0.0
117036.17777777778,0.023260151967406273,
117051.0,,0.0
117086.86516853933,0.023260151967406273,
117099.03370786516,0.023260151967406273,
117108.0,,0.0
117144.3829787234,0.023260151967406273,
117165.0,,0.0
117173.30769230769,0.023260151967406273,
117219.0,,0.0
117274.0,,0.0
117300.09090909091,0.023260151967406273,
117302.0,,0.0
117331.0,,0.0
117358.0,,0.0
117371.24528301887,0.023260151967406273,
117385.0,,0.0
117401.5925925926,0.023260151967406273,
117413.0,,0.0
117419.58823529411,0.023260151967406273,
117441.0,,0.0
117461.96551724138,0.023260151967406273,
117498.0,,0.0
117519.03571428571,0.023260151967406273,
117523.10714285714,0.023260151967406273,
117545.5,0.023260151967406273,
117555.0,,0.0
117571.39024390244,0.023260151967406273,
117583.0,,0.0
117610.0,,0.0
117625.27272727272,0.023260151967406273,
117636.47272727273,0.023260151967406273,
117638.0,,0.0
117666.0,,0.0
117695.0,,0.0
117709.16279069768,0.023260151967406273,
117715.23255813954,0.023260151967406273,
117724.0,,0.0
117753.0,,0.0
117781.0,,0.0
117794.8,0.023260151967406273,
117802.6,0.023260151967406273,
117811.0,,0.0
117838.0,,0.0
117843.33333333333,0.023260151967406273,
117866.0,,0.0
117891.41176470589,0.023260151967406273,
117893.0,,0.0
117922.0,,0.0
117950.0,,0.0
117967.90697674418,0.023260151967406273,
118005.0,,0.0
118025.76404494382,0.023260151967406273,
118040.86516853933,0.023260151967406273,
118059.11235955056,0.023260151967406273,
118061.0,,0.0
118077.15384615384,0.023260151967406273,
118089.0,,0.0
118117.0,,0.0
118144.10869565218,0.023260151967406273,
118146.0,,0.0
118174.0,,0.0
118184.0,0.023260151967406273,
118191.33333333333,0.023260151967406273,
118202.0,,0.0
118223.0,0.023260151967406273,
118230.0,,0.0
118274.793814433,0.023260151967406273,
118285.0,,0.0
118313.0,,0.0
118325.9375,0.023260151967406273,
118338.3125,0.023260151967406273,
118340.0,,0.0
118348.78787878787,0.023260151967406273,
118360.21212121213,0.023260151967406273,
118366.36363636363,0.023260151967406273,
118369.0,,0.0
118395.09090909091,0.023260151967406273,
118397.0,,0.0
118402.78571428571,0.023260151967406273,
118424.0,,0.0
118450.97674418605,0.023300154134631157,
118453.0,,1.0
118462.5294117647,0.023300154134631157,
118480.0,,0.0
118502.26506024097,0.023300154134631157,
118527.90361445783,0.023300154134631157,
118533.97590361445,0.023300154134631157,
118536.0,,0.0
118544.96363636364,0.023300154134631157,
118552.87272727273,0.023300154134631157,
118563.41818181818,0.023300154134631157,
118565.0,,0.0
118572.08888888889,0.023300154134631157,
118594.0,,0.0
118622.0,,0.0
118651.0,,0.0
118679.0,,0.0
118704.27659574468,0.023300154134631157,
118706.0,,0.0
118735.0,,0.0
118745.5,0.023300154134631157,
118763.0,,0.0
118783.36170212766,0.023300154134631157,
118790.14893617021,0.023300154134631157,
118792.0,,0.0
118799.33333333333,0.023300154134631157,
118806.66666666667,0.023300154134631157,
118820.0,,0.0
118884.35714285714,0.023300154134631157,
118903.17857142857,0.023300154134631157,
118905.0,,0.0
118932.0,,0.0
118960.0,,0.0
118974.01923076923,0.023300154134631157,
118987.0,,0.0
118993.13636363637,0.023300154134631157,
119014.0,,0.0
119042.0,,0.0
119070.0,,0.0
119078.63829787234,0.023300154134631157,
119099.0,,0.0
119155.0,,0.0
119161.25490196078,0.023300154134631157,
119176.03921568628,0.023300154134631157,
119184.0,,0.0
119190.0612244898,0.023300154134631157,
119197.22448979592,0.023300154134631157,
119209.3469387755,0.023300154134631157,
119211.0,,0.0
119238.0,,0.0
119265.29411764706,0.023300154134631157,
119267.0,,0.0
119275.4,0.023300154134631157,
119287.72,0.023300154134631157,
119295.0,,0.0
119342.58041958042,0.023300154134631157,
119357.85314685314,0.023300154134631157,
119377.23776223777,0.023300154134631157,
119379.0,,0.0
119407.0,,0.0
119418.2,0.023300154134631157,
119435.0,,0.0
119470.82142857143,0.023300154134631157,
119475.73809523809,0.023300154134631157,
119494.0,,0.0
119501.16279069768,0.023300154134631157,
119522.0,,0.0
119551.0,,0.0
119558.77272727272,0.023300154134631157,
119589.21590909091,0.023300154134631157,
119608.0,,0.0
119634.04651162791,0.023300154134631157,
119636.0,,0.0
119663.0,,0.0
119712.22727272728,0.023300154134631157,
119720.0,,0.0
119749.0,,0.0
119777.0,,0.0
119785.29629629629,0.023300154134631157,
119791.51851851853,0.023300154134631157,
119797.74074074074,0.023300154134631157,
119805.0,,0.0
119834.0,,0.0
119847.41176470589,0.023300154134631157,
119854.78823529412,0.023300154134631157,
119864.17647058824,0.023300154134631157,
119870.88235294117,0.023300154134631157,
119888.98823529412,0.023300154134631157,
119891.0,,0.0
119919.0,,0.0
119946.73831775702,0.023300154134631157,
119956.15887850468,0.023300154134631157,
119975.0,,0.0
119983.93617021276,0.023300154134631157,
119994.65957446808,0.023300154134631157,
120003.0,,0.0
120024.85365853658,0.023300154134631157,
120028.9512195122,0.023300154134631157,
120031.0,,0.0
120043.66666666667,0.023300154134631157,
120050.33333333333,0.023300154134631157,
120057.0,0.023300154134631157,
120059.0,,0.0
120088.0,,0.0
120145.0,,0.0
120158.95428571428,0.023300154134631157,
120237.60571428572,0.02334015630185604,
120249.65714285715,0.02334015630185604,
120254.09714285714,0.02334015630185604,
120256.0,,0.0
120263.64705882352,0.02334015630185604,
120286.0,,0.0
120294.92307692308,0.02334015630185604,
120315.0,,0.0
120331.57142857143,0.02334015630185604,
120344.0,,0.0
120371.0,,0.0
120397.21276595745,0.02334015630185604,
120399.0,,0.0
120427.0,,0.0
120475.13333333333,0.02334015630185604,
120484.0,,0.0
120510.13333333333,0.02334015630185604,
120512.0,,0.0
120540.0,,0.0
120548.59090909091,0.02334015630185604,
120565.15909090909,0.02334015630185604,
120567.0,,0.0
120574.84,0.02334015630185604,
120595.0,,0.0
120650.0786516854,0.02334015630185604,
120652.0,,0.0
120681.0,,0.0
120705.53932584269,0.02334015630185604,
120728.19101123596,0.02334015630185604,
120737.0,,0.0
120790.16666666667,0.02334015630185604,
120792.0,,0.0
120819.26,0.02334015630185604,
120821.0,,0.0
120849.0,,0.0
120877.0,,0.0
120906.0,,0.0
120932.35294117648,0.02334015630185604,
120934.0,,0.0
120956.13333333333,0.02334015630185604,
120975.19259259259,0.02334015630185604,
121017.0,,0.0
121046.0,,0.0
121068.96470588235,0.02334015630185604,
121092.64705882352,0.02334015630185604,
121104.84705882354,0.02334015630185604,
121107.0,,0.0
121123.73076923077,0.02334015630185604,
121128.75,0.02334015630185604,
121165.0,,0.0
121185.4705882353,0.02334015630185604,
121194.0,,0.0
121202.35443037975,0.02334015630185604,
121221.15189873418,0.02334015630185604,
121228.11392405063,0.02334015630185604,
121249.0,,0.0
121277.0,,0.0
121285.23021582734,0.02334015630185604,
121305.4892086331,0.02334015630185604,
121365.0,,0.0
121393.0,,0.0
121407.16279069768,0.02334015630185604,
121422.0,,0.0
121451.0,,0.0
121480.0,,0.0
121538.7951807229,0.02334015630185604,
121541.0,,0.0
121553.51063829787,0.02334015630185604,
121569.0,,0.0
121589.97872340426,0.02334015630185604,
121598.0,,0.0
121612.5,0.02334015630185604,
121625.55,0.02334015630185604,
121627.0,,0.0
121634.84,0.02334015630185604,
121655.0,,0.0
121675.72093023256,0.02334015630185604,
121682.0,,0.0
121709.0,,0.0
121735.32,0.02334015630185604,
121737.0,,0.0
121747.66666666667,0.02334015630185604,
121769.0,,0.0
121855.0,,0.0
121870.55555555556,0.02334015630185604,
121881.13333333333,0.02334015630185604,
121883.0,,0.0
121910.0,,0.0
121926.74,0.02334015630185604,
121941.0,,0.0
121955.89361702128,0.02334015630185604,
121961.25531914894,0.02334015630185604,
121978.53191489361,0.02334015630185604,
121995.21276595745,0.02334015630185604,
121997.0,,0.0
122018.35593220338,0.02334015630185604,
122023.57627118644,0.02334015630185604,
122025.0,,0.0
122036.94230769231,0.02334015630185604,
122050.44230769231,0.02334015630185604,
122052.0,,0.0
122098.97916666667,0.02334015630185604,
122105.28125,0.02334015630185604,
122107.0,,0.0
122161.35294117648,0.02334015630185604,
122163.0,,0.0
122178.12,0.02334015630185604,
122191.0,,0.0
122202.91489361702,0.02334015630185604,
122219.0,,0.0
122268.875,0.02334015630185604,
122276.0,,0.0
122283.58333333333,0.02334015630185604,
122295.25,0.02334015630185604,
122304.0,,0.0
122331.0,,0.0
122342.86363636363,0.02334015630185604,
122380.43181818182,0.02334015630185604,
122389.0,,0.0
122424.10638297872,0.023360155522823334,
122444.0,,2.0
122458.3111111111,0.023420153185725212,
122472.0,,0.0
122481.91666666667,0.023420153185725212,
122508.16666666667,0.023420153185725212,
122511.66666666667,0.023420153185725212,
122528.0,,0.0
122546.46979865772,0.023420153185725212,
122566.09395973154,0.023420153185725212,
122577.06040268457,0.023420153185725212,
122593.79865771811,0.023420153185725212,
122612.26845637584,0.023420153185725212,
122614.0,,0.0
122634.4705882353,0.023420153185725212,
122643.0,,0.0
122664.0,0.023420153185725212,
122690.25,0.023420153185725212,
122697.25,0.023420153185725212,
122699.0,,0.0
122729.0,,0.0
122749.4074074074,0.023420153185725212,
122758.0,,0.0
122766.42857142857,0.023420153185725212,
122796.25274725274,0.023420153185725212,
122809.86813186813,0.023420153185725212,
122817.0,,0.0
122823.82926829268,0.023420153185725212,
122836.12195121951,0.023420153185725212,
122842.9512195122,0.023420153185725212,
122845.0,,0.0
122873.0,,0.0
122901.0,,0.0
122917.61538461539,0.023420153185725212,
122928.0,,0.0
122942.93333333333,0.023420153185725212,
122956.0,,0.0
122963.78048780488,0.023420153185725212,
122982.87804878049,0.023420153185725212,
122985.0,,0.0
122997.78260869565,0.023420153185725212,
123004.47826086957,0.023420153185725212,
123013.0,,0.0
123049.90909090909,0.023420153185725212,
123060.09090909091,0.023420153185725212,
123069.0,,0.0
123073.9,0.023420153185725212,
123097.0,,0.0
123111.5,0.023420153185725212,
123126.0,,0.0
123145.15789473684,0.023420153185725212,
123154.0,,0.0
123182.0,,0.0
123193.55555555556,0.023460151627659798,
123208.0,,2.0
123236.0,,0.0
123263.0,,0.0
123277.58333333333,0.023500150069594383,
123291.0,,0.0
123319.0,,0.0
123332.32432432432,0.023500150069594383,
123348.0,,0.0
123373.3469387755,0.023500150069594383,
123375.0,,0.0
123401.13333333333,0.023500150069594383,
123403.0,,0.0
123431.0,,1.0
123459.0,,0.0
123478.72,0.023540152236819267,
123486.26,0.023540152236819267,
123488.0,,0.0
123516.0,,0.0
123546.0,,0.0
123576.0,,0.0
123587.10638297872,0.023540152236819267,
123605.0,,0.0
123624.97777777778,0.023540152236819267,
123634.0,,0.0
123664.0,,0.0
123693.0,,0.0
123722.0,,0.0
123749.0,,0.0
123785.0,0.02355015277862549,
123809.0,,1.0
123821.55813953489,0.02358015440404415,
123836.0,,0.0
123850.5,0.02358015440404415,
123865.0,,0.0
123887.35294117648,0.023610156029462814,
123910.26470588235,0.023620156571269035,
123922.0,,0.0
123934.17391304347,0.023620156571269035,
123950.0,,0.0
123978.0,,0.0
124004.44444444444,0.023620156571269035,
124006.0,,0.0
124018.24444444444,0.023620156571269035,
124033.06666666667,0.023620156571269035,
124035.0,,0.0
124042.81578947368,0.023620156571269035,
124048.5,0.023620156571269035,
124053.47368421052,0.023620156571269035,
124059.86842105263,0.023620156571269035,
124062.0,,0.0
124090.0,,0.0
124104.0,0.023620156571269035,
124118.0,,0.0
124132.27450980392,0.023620156571269035,
124139.41176470589,0.023620156571269035,
124146.0,,0.0
124161.27835051547,0.023620156571269035,
124203.0,,0.0
124238.0,0.023620156571269035,
124249.08333333333,0.023620156571269035,
124259.0,,0.0
124279.41666666667,0.023620156571269035,
124287.0,,0.0
124312.55357142857,0.023620156571269035,
124314.0,,0.0
124328.83720930232,0.023620156571269035,
124334.90697674418,0.023620156571269035,
124343.0,,0.0
124360.56862745098,0.023620156571269035,
124371.0,,0.0
124399.0,,0.0
124407.57142857143,0.023620156571269035,
124415.57142857143,0.023620156571269035,
124427.0,,0.0
124436.1914893617,0.023620156571269035,
124454.0,,0.0
124482.0,,0.0
124502.3,0.023620156571269035,
124510.0,,0.0
124517.05405405405,0.023620156571269035,
124539.0,,0.0
124567.0,,0.0
124594.0,,0.0
124621.29411764706,0.023620156571269035,
124623.0,,0.0
124651.0,,0.0
124690.38461538461,0.023620156571269035,
124698.38461538461,0.023620156571269035,
124707.0,,0.0
124721.53846153847,0.023620156571269035,
124727.46153846153,0.023620156571269035,
124733.38461538461,0.023620156571269035,
124735.0,,0.0
124785.75268817204,0.023620156571269035,
124794.0,,0.0
124800.51162790698,0.023620156571269035,
124822.0,,0.0
124849.0,,0.0
124878.0,,0.0
124907.0,,0.0
124915.48780487805,0.023620156571269035,
124922.56097560975,0.023620156571269035,
124933.87804878049,0.023620156571269035,
124936.0,,0.0
124943.7,0.023620156571269035,
124947.9,0.023620156571269035,
124964.0,,0.0
124978.32558139534,0.023620156571269035,
124990.04651162791,0.023620156571269035,
124992.0,,0.0
125006.0,0.023620156571269035,
125020.0,,0.0
125027.55263157895,0.023640155792236328,
125036.18421052632,0.023680154234170914,
125083.11842105263,0.023700153455138206,
125100.38157894737,0.023700153455138206,
125102.0,,0.0
125117.97959183673,0.023700153455138206,
125131.0,,0.0
125156.0,,2.0
125164.32584269663,0.023780150339007378,
125170.73033707865,0.023780150339007378,
125204.67415730337,0.023780150339007378,
125211.0786516854,0.023780150339007378,
125213.0,,0.0
125222.33333333333,0.023780150339007378,
125239.83333333333,0.023780150339007378,
125269.0,,0.0
125298.0,,0.0
125320.18867924529,0.023780150339007378,
125326.0,,0.0
125336.18181818182,0.023780150339007378,
125358.0,,0.0
125427.81081081081,0.023780150339007378,
125433.48648648648,0.023780150339007378,
125442.0,,0.0
125469.32692307692,0.02386014722287655,
125471.0,,2.0
125484.64102564103,0.02386014722287655,
125496.84615384616,0.02386014722287655,
125499.0,,0.0
125527.0,,0.0
125554.0,,0.0
125565.51162790698,0.02386014722287655,
125609.0,,0.0
125638.0,,0.0
125658.37837837837,0.02386014722287655,
125667.0,,0.0
125684.77777777778,0.02386014722287655,
125697.0,,0.0
125707.25,0.02386014722287655,
125712.8875,0.02386014722287655,
125751.8375,0.02386014722287655,
125770.8,0.02386014722287655,
125779.0,,0.0
125786.10791366907,0.02386014722287655,
125803.05755395684,0.02386014722287655,
125841.3309352518,0.02394014410674572,
125853.35971223022,0.02394014410674572,
125855.0,,0.0
125884.0,,0.0
125889.46341463414,0.02394014410674572,
125912.0,,0.0
125930.66666666667,0.02394014410674572,
125938.25,0.02394014410674572,
125940.0,,0.0
125961.0,0.02394014410674572,
125968.0,,0.0
125977.54545454546,0.02394014410674572,
125994.09090909091,0.02394014410674572,
125996.0,,0.0
126023.0,,0.0
126052.0,,0.0
126079.0,,0.0
126088.28571428571,0.02394014410674572,
126106.85714285714,0.02394014410674572,
126109.0,,0.0
126122.38461538461,0.02394014410674572,
126128.33333333333,0.02394014410674572,
126138.0,,0.0
126167.0,,0.0
126172.765625,0.02394014410674572,
126185.578125,0.02394014410674572,
126190.703125,0.02394014410674572,
126209.921875,0.0240001417696476,
126236.828125,0.02402014099061489,
126249.0,,0.0
126257.92307692308,0.02402014099061489,
126278.0,,0.0
126305.0,,0.0
126324.5090909091,0.02402014099061489,
126334.0,,0.0
126342.62162162163,0.024040140211582184,
126352.02702702703,0.02408013865351677,
126360.64864864865,0.024100137874484062,
126363.0,,2.0
126370.66315789474,0.024120137095451355,
126380.68421052632,0.02416013553738594,
126391.2947368421,0.024180134758353233,
126404.85263157895,0.024180134758353233,
126419.0,,0.0
126447.0,,0.0
126453.82352941176,0.024180134758353233,
126476.0,,0.0
126481.51020408163,0.024200133979320526,
126503.0,,2.0
126557.19354838709,0.024260131642222404,
126559.0,,0.0
126599.94623655915,0.024260131642222404,
126615.0,,0.0
126635.44680851063,0.024290133267641068,
126646.0,,1.0
126652.25,0.02430013380944729,
126659.75,0.02430013380944729,
126676.0,,0.0
126695.80487804877,0.02430013380944729,
126705.0,,0.0
126738.0,,2.0
126768.0,,0.0
126772.54054054055,0.02438013069331646,
126778.5945945946,0.02438013069331646,
126796.0,,0.0
126803.51851851853,0.02438013069331646,
126816.4074074074,0.02438013069331646,
126825.0,,0.0
126832.80769230769,0.02438013069331646,
126854.0,,0.0
126887.0,,0.0
126896.425,0.02438013069331646,
126901.5,0.02438013069331646,
126916.0,,0.0
126943.29411764706,0.02438013069331646,
126945.0,,0.0
126960.67375886525,0.02438013069331646,
126985.39007092199,0.02438013069331646,
127015.53191489361,0.02438013069331646,
127030.0,,0.0
127046.091954023,0.02438013069331646,
127065.40229885057,0.02438013069331646,
127076.98850574713,0.02438013069331646,
127086.0,,0.0
127107.47727272728,0.02438013069331646,
127138.15909090909,0.02438013069331646,
127140.0,,0.0
127167.71717171717,0.02438013069331646,
127194.30303030302,0.02438013069331646,
127196.0,,0.0
127225.0,,0.0
127233.27272727272,0.02438013069331646,
127253.0,,0.0
127262.87234042553,0.024400129914283752,
127282.0,,2.0
127307.41176470589,0.02446012757718563,
127309.0,,0.0
127331.63829787234,0.02446012757718563,
127337.0,,0.0
127427.0,,0.0
127447.66666666667,0.024500129744410515,
127455.0,,0.0
127464.05660377358,0.024520128965377808,
127487.0,,2.0
127515.0,,0.0
127523.09302325582,0.024580126628279686,
127527.81395348837,0.024580126628279686,
127534.55813953489,0.024580126628279686,
127544.0,,0.0
127572.0,,0.0
127594.04,0.024580126628279686,
127601.0,,0.0
127615.36170212766,0.024580126628279686,
127628.0,,0.0
127657.0,,2.0
127708.38144329897,0.024660123512148857,
127713.0,,0.0
127755.98823529412,0.024700121954083443,
127771.0,,2.0
127797.0,,2.0
127826.0,,0.0
127837.475,0.0248201172798872,
127853.0,,0.0
127873.41666666667,0.0248201172798872,
127881.0,,0.0
127897.65957446808,0.0248201172798872,
127924.1914893617,0.0248201172798872,
127939.0,,0.0
127950.72340425532,0.0248201172798872,
127968.0,,0.0
127997.0,,0.0
128025.0,,0.0
128053.0,,0.0
128081.0,,0.0
128107.0,0.0248201172798872,
128109.0,,0.0
128118.01694915254,0.0248201172798872,
128135.57627118644,0.0248201172798872,
128137.0,,0.0
128165.0,,0.0
128189.0,,2.0
128201.375,0.02490011416375637,
128216.0,,0.0
128236.69565217392,0.02490011416375637,
128244.0,,0.0
128260.34545454546,0.02490011416375637,
128273.0,,0.0
128301.0,,0.0
128357.0,,0.0
128369.96470588235,0.02490011416375637,
128384.97647058824,0.02490011416375637,
128415.0,,0.0
128441.28571428571,0.02490011416375637,
128443.0,,0.0
128450.08888888889,0.02490011416375637,
128455.88888888889,0.02490011416375637,
128472.0,,0.0
128500.0,,0.0
128527.0,,0.0
128555.0,,0.0
128583.0,,0.0
128593.55494505494,0.02490011416375637,
128642.6043956044,0.02490011416375637,
128663.09340659341,0.02490011416375637,
128696.0,,0.0
128752.0,,0.0
128778.0,0.02490011416375637,
128780.0,,0.0
128788.4,0.02490011416375637,
128807.0,,0.0
128844.5037593985,0.024920113384723663,
128893.0,,0.0
128915.0,0.02498011104762554,
128921.0,,0.0
128949.0,,0.0
128977.0,,0.0
129003.45569620254,0.02498011104762554,
129013.20253164557,0.02498011104762554,
129032.0,,0.0
129051.15789473684,0.02504010871052742,
129058.0,,2.0
129089.0,,0.0
129103.66666666667,0.025060107931494713,
129109.66666666667,0.025060107931494713,
129147.0,,0.0
129175.0,,0.0
129202.0,,0.0
129231.0,,0.0
129246.06976744186,0.025060107931494713,
129258.0,,0.0
129270.0243902439,0.025060107931494713,
129287.0,,0.0
129314.95454545454,0.025060107931494713,
129317.0,,0.0
129346.0,,0.0
129375.0,,0.0
129400.38,0.025060107931494713,
129402.0,,0.0
129408.84444444445,0.025060107931494713,
129430.0,,0.0
129458.0,,0.0
129465.36842105263,0.025060107931494713,
129474.21052631579,0.025060107931494713,
129483.78947368421,0.025060107931494713,
129486.0,,0.0
129515.0,,0.0
129545.0,,0.0
129572.0,,0.0
129601.0,,0.0
129630.0,,0.0
129657.0,,0.0
129668.79310344828,0.025060107931494713,
129712.03448275862,0.025060107931494713,
129714.0,,0.0
129761.20930232559,0.025060107931494713,
129772.0,,0.0
129800.0,,0.0
129818.9,0.025060107931494713,
129827.0,,0.0
129863.45348837209,0.025070108473300934,
129882.0,,1.0
129889.63636363637,0.025100110098719597,
129908.09090909091,0.025100110098719597,
129910.0,,0.0
129931.36842105263,0.025100110098719597,
129938.0,0.025100110098719597,
129966.0,,0.0
129974.66666666667,0.025100110098719597,
129992.0,0.025100110098719597,
129994.0,,0.0
130022.0,,0.0
130029.90909090909,0.025100110098719597,
130051.0,,0.0
130079.0,,0.0
130085.69565217392,0.025100110098719597,
130093.60869565218,0.025100110098719597,
130107.0,,0.0
130114.0731707317,0.025100110098719597,
130136.0,,0.0
130147.45454545454,0.025100110098719597,
130168.72727272728,0.025100110098719597,
130176.36363636363,0.025100110098719597,
130190.0,,0.0
130196.01886792453,0.025100110098719597,
130217.35849056604,0.025100110098719597,
130219.0,,0.0
130247.0,,0.0
130254.42857142857,0.025100110098719597,
130261.28571428571,0.025100110098719597,
130275.0,,0.0
130282.46808510639,0.025100110098719597,
130302.0,,0.0
130309.2,0.025100110098719597,
130329.0,,0.0
130343.82926829268,0.025140108540654182,
130358.65853658537,0.025180106982588768,
130361.0,,2.0
130381.22222222222,0.025180106982588768,
130389.0,,0.0
130404.125,0.025180106982588768,
130428.1875,0.025180106982588768,
130474.9375,0.025180106982588768,
130477.0,,0.0
130502.47169811321,0.025180106982588768,
130504.0,,0.0
130516.66666666667,0.025180106982588768,
130532.0,,0.0
130540.08888888889,0.025180106982588768,
130553.15555555555,0.025180106982588768,
130560.0,,0.0
130604.10714285714,0.025180106982588768,
130617.0,,0.0
130676.0,,0.0
130692.68085106384,0.025180106982588768,
130704.0,,0.0
130733.0,,0.0
130761.0,,0.0
130789.0,,0.0
130818.0,,0.0
130825.08888888889,0.025180106982588768,
130836.6888888889,0.025180106982588768,
130847.0,,0.0
130874.0,,0.0
130893.75609756098,0.025240104645490646,
130901.0,,2.0
130914.2,0.02526010386645794,
130928.0,,0.0
130946.6,0.02526010386645794,
130955.0,,0.0
130982.0,,0.0
131001.92857142857,0.02526010386645794,
131009.0,,0.0
131052.2,0.02534010075032711,
131063.0,,0.0
131071.16666666667,0.02534010075032711,
131091.0,,0.0
131098.5,0.02534010075032711,
131104.84615384616,0.02534010075032711,
131121.0,,0.0
131149.0,,1.0
131175.97674418605,0.025380102917551994,
131178.0,,0.0
131207.0,,0.0
131234.0,,0.0
131262.0,,2.0
131283.71739130435,0.025460099801421165,
131289.0,,0.0
131303.0625,0.025460099801421165,
131316.0,,0.0
131328.0275229358,0.025460099801421165,
131334.3027522936,0.025460099801421165,
131371.43119266056,0.025460099801421165,
131373.0,,0.0
131401.0,,0.0
131427.21276595743,0.025460099801421165,
131429.0,,0.0
131459.0,,1.0
131464.1780821918,0.02550010196864605,
131479.7123287671,0.02550010196864605,
131497.54794520547,0.02550010196864605,
131521.7123287671,0.02550010196864605,
131543.0,,0.0
131571.0,,0.0
131629.0,,0.0
131643.79591836734,0.025540104135870934,
131656.22448979592,0.025540104135870934,
131658.0,,0.0
131678.0,0.025540104135870934,
131684.2857142857,0.025540104135870934,
131686.0,,0.0
131716.0,,0.0
131744.0,,0.0
131755.31914893616,0.025540104135870934,
131770.21276595743,0.025540104135870934,
131772.0,,0.0
131793.72413793104,0.025540104135870934,
131800.0,,0.0
131827.0,,0.0
131848.1090909091,0.025540104135870934,
131854.0,,0.0
131880.0465116279,0.025540104135870934,
131882.0,,0.0
131889.25925925927,0.025540104135870934,
131910.0,,0.0
131939.0,,0.0
131946.7142857143,0.025540104135870934,
131966.0,,0.0
131994.0,,0.0
132007.43902439025,0.025540104135870934,
132023.0,,0.0
132030.125,0.025540104135870934,
132080.0,,1.0
132120.37234042553,0.025580106303095818,
132135.0,,0.0
132156.36842105264,0.025580106303095818,
132163.0,,0.0
132190.0,,0.0
132211.16216216216,0.025580106303095818,
132219.0,,0.0
132229.34782608695,0.025580106303095818,
132245.1739130435,0.025580106303095818,
132247.0,,0.0
132259.94736842104,0.025580106303095818,
132285.22556390977,0.025580106303095818,
132295.70676691728,0.025580106303095818,
132312.96992481203,0.025580106303095818,
132329.0,,0.0
132340.2,0.025580106303095818,
132354.9,0.025580106303095818,
132357.0,,0.0
132394.76744186046,0.02566010318696499,
132413.0,,0.0
132423.98039215687,0.02566010318696499,
132441.0,,0.0
132460.11363636365,0.02566010318696499,
132470.0,,0.0
132474.76470588235,0.02566010318696499,
132497.0,,0.0
132506.70588235295,0.02566010318696499,
132511.01960784313,0.02566010318696499,
132545.5294117647,0.02566010318696499,
132552.0,,0.0
132572.26666666666,0.02566010318696499,
132593.16666666666,0.02568010427057743,
132629.9,0.025700105354189873,
132666.0,,0.0
132694.0,,0.0
132711.43529411763,0.025700105354189873,
132748.98823529412,0.025700105354189873,
132751.0,,0.0
132769.5625,0.025700105354189873,
132778.0,,0.0
132806.0,,0.0
132819.06666666668,0.025700105354189873,
132824.04444444444,0.025700105354189873,
132834.0,,0.0
132861.0,,0.0
132874.48387096773,0.025700105354189873,
132918.0,,0.0
132925.58333333334,0.025720104575157166,
132930.25,0.02574010379612446,
132946.0,,2.0
132975.0,,0.0
132982.24137931035,0.025780102238059044,
133003.0,,0.0
133013.34020618556,0.025780102238059044,
133026.11340206186,0.025780102238059044,
133040.1030927835,0.025790102779865265,
133046.79381443298,0.025800103321671486,
133060.17525773196,0.025820104405283928,
133062.0,,1.0
133091.0,,0.0
133123.55102040817,0.025820104405283928,
133136.45918367346,0.025820104405283928,
133146.0,,0.0
133161.1724137931,0.025820104405283928,
133182.0344827586,0.025820104405283928,
133187.72413793104,0.025820104405283928,
133201.0,,0.0
133214.0625,0.02584010548889637,
133224.75,0.025860106572508812,
133256.21875,0.025860106572508812,
133258.0,,0.0
133274.36363636365,0.025860106572508812,
133281.45454545456,0.025860106572508812,
133288.0,,0.0
133336.39416058394,0.025860106572508812,
133356.2481751825,0.025860106572508812,
133373.0,,0.0
133400.0,,0.0
133426.2857142857,0.025860106572508812,
133428.0,,0.0
133464.7111111111,0.025860106572508812,
133484.0,,0.0
133512.0,,0.0
133539.40425531915,0.025860106572508812,
133568.0,,0.0
133577.16666666666,0.025860106572508812,
133602.04761904763,0.025860106572508812,
133623.0,,0.0
133651.0,,0.0
133672.31578947368,0.025860106572508812,
133678.0,,0.0
133692.97674418605,0.025860106572508812,
133706.0,,0.0
133720.82352941178,0.025860106572508812,
133734.0,,0.0
133750.68085106384,0.025860106572508812,
133784.04255319148,0.025860106572508812,
133790.0,,0.0
133805.09677419355,0.025860106572508812,
133831.2258064516,0.025860106572508812,
133844.0,,0.0
133869.9512195122,0.025860106572508812,
133872.0,,0.0
133899.0,,0.0
133926.0,,0.0
133954.0,,0.0
133970.07142857142,0.025860106572508812,
133981.0,,0.0
134008.58695652173,0.025860106572508812,
134062.0,,0.0
134087.3125,0.025860106572508812,
134089.0,,0.0
134146.0,,0.0
134174.0,,0.0
134201.0,,0.0
134214.53333333333,0.025860106572508812,
134230.0,,0.0
134258.0,,0.0
134286.0,,0.0
134291.92307692306,0.025860106572508812,
134314.0,,0.0
134324.88888888888,0.025860106572508812,
134342.0,,0.0
134351.45652173914,0.025860106572508812,
134356.5,0.025860106572508812,
134371.0,,0.0
134415.55,0.025860106572508812,
134443.32142857142,0.025860106572508812,
134452.0,,0.0
134481.0,,0.0
134501.18604651163,0.025860106572508812,
134507.0465116279,0.025860106572508812,
134509.0,,0.0
134537.0,,0.0
134551.72727272726,0.025860106572508812,
134564.0,,0.0
134578.0,0.025860106572508812,
134592.0,,0.0
134613.77777777778,0.025860106572508812,
134620.0,,0.0
134639.8947368421,0.025860106572508812,
134648.0,,0.0
134669.20437956206,0.025860106572508812,
134686.1678832117,0.025860106572508812,
134724.33576642335,0.025860106572508812,
134731.0,,0.0
134759.0,,0.0
134765.89361702127,0.025860106572508812,
134786.0,,0.0
134830.93023255814,0.025860106572508812,
134861.53488372092,0.025860106572508812,
134870.0,,0.0
134898.0,,0.0
134913.5357142857,0.025900105014443398,
134928.0,,2.0
134935.63043478262,0.025940103456377983,
134955.0,,0.0
134983.0,,0.0
134997.175,0.025940103456377983,
135010.0,,0.0
135028.2857142857,0.025940103456377983,
135038.0,,0.0
135052.3111111111,0.025940103456377983,
135058.53333333333,0.025940103456377983,
135066.0,,0.0
135092.0465116279,0.025940103456377983,
135094.0,,0.0
135107.72549019608,0.025940103456377983,
135148.35294117648,0.025940103456377983,
135150.0,,0.0
135159.11627906977,0.025940103456377983,
135178.0,,0.0
135204.1739130435,0.025940103456377983,
135206.0,,0.0
135234.0,,0.0
135262.0,,0.0
135280.40384615384,0.025940103456377983,
135291.0,,0.0
135311.57142857142,0.025940103456377983,
135317.2857142857,0.025940103456377983,
135319.0,,0.0
135333.85714285713,0.025940103456377983,
135347.0,,0.0
135375.0,,0.0
135391.0,0.025940103456377983,
135397.0,0.025940103456377983,
135403.0,,0.0
135429.21276595743,0.025940103456377983,
135431.0,,0.0
135438.75675675675,0.025940103456377983,
135496.37837837837,0.025940103456377983,
135499.14864864864,0.025940103456377983,
135506.9054054054,0.025940103456377983,
135513.0,,0.0
135518.26829268291,0.025940103456377983,
135523.53658536586,0.025940103456377983,
135540.0,,0.0
135553.6888888889,0.025940103456377983,
135596.0,,0.0
135621.84615384616,0.025940103456377983,
135624.0,,0.0
135634.04347826086,0.025960102677345276,
135657.0,,2.0
135664.9090909091,0.026020100340247154,
135684.02272727274,0.026020100340247154,
135686.0,,0.0
135691.51020408163,0.026020100340247154,
135713.0,,0.0
135768.0,,0.0
135789.75,0.026020100340247154,
135797.0,,0.0
135805.25,0.026020100340247154,
135811.25,0.026020100340247154,
135824.0,,0.0
135851.0,,0.0
135869.2,0.026020100340247154,
135879.0,,0.0
135885.75,0.026020100340247154,
135906.0,,0.0
135913.8,0.026020100340247154,
135933.0,,0.0
135940.0888888889,0.026020100340247154,
135948.46666666667,0.026020100340247154,
135962.0,,0.0
135969.16279069768,0.026020100340247154,
135990.0,,0.0
136015.20833333334,0.026020100340247154,
136023.22916666666,0.026020100340247154,
136045.0,,0.0
136074.0,,2.0
136095.06,0.026100097224116325,
136101.0,,0.0
136110.64285714287,0.026100097224116325,
136128.0,,0.0
136155.0,,0.0
136183.0,,0.0
136189.63157894736,0.026100097224116325,
136197.0,0.026100097224116325,
136211.0,,0.0
136240.0,,0.0
136267.0,,0.0
136294.0,,0.0
136321.1489361702,0.026100097224116325,
136323.0,,0.0
136351.0,,0.0
136379.0,,0.0
136396.04347826086,0.026100097224116325,
136407.0,,0.0
136434.0,,0.0
136446.88888888888,0.026100097224116325,
136463.0,,0.0
136489.35294117648,0.026100097224116325,
136491.0,,0.0
136506.9090909091,0.026100097224116325,
136519.0,,0.0
136526.3125,0.026100097224116325,
136546.0,,0.0
136573.0,,0.0
136591.66666666666,0.026100097224116325,
136601.0,,0.0
136607.5,0.026120096445083618,
136622.5,0.026160094887018204,
136629.0,,2.0
136657.0,,0.0
136715.0,,0.0
136727.05357142858,0.026180094107985497,
136742.0,,0.0
136769.0,,0.0
136826.25874125873,0.026260090991854668,
136856.13286713287,0.026260090991854668,
136858.0,,0.0
136888.0,,0.0
136911.88888888888,0.026260090991854668,
136918.0,,0.0
136933.96153846153,0.026300089433789253,
136982.4846153846,0.02634008787572384,
136990.14615384614,0.02634008787572384,
136999.0846153846,0.02634008787572384,
137001.0,,0.0
137014.8409090909,0.02634008787572384,
137030.0,,0.0
137039.16666666666,0.02634008787572384,
137085.0,,0.0
137104.84210526315,0.02634008787572384,
137114.0,,0.0
137135.40476190476,0.02634008787572384,
137143.0,,0.0
137218.51127819548,0.02634008787572384,
137224.12781954888,0.02634008787572384,
137226.0,,0.0
137231.26829268291,0.02634008787572384,
137253.0,,0.0
137265.63829787233,0.02634008787572384,
137280.0,,0.0
137286.82,0.02634008787572384,
137311.0,,0.0
137340.0,,0.0
137368.0,,0.0
137376.5294117647,0.02634008787572384,
137397.0,,0.0
137416.6875,0.02634008787572384,
137424.0,,0.0
137453.0,,0.0
137460.8076923077,0.02634008787572384,
137482.0,,0.0
137509.0,,0.0
137515.16,0.02634008787572384,
137537.0,,0.0
137544.25925925927,0.02634008787572384,
137565.0,,0.0
137574.88636363635,0.02634008787572384,
137588.06818181818,0.02634008787572384,
137592.02272727274,0.02634008787572384,
137594.0,,0.0
137622.0,,0.0
137642.75,0.02634008787572384,
137699.5394736842,0.02634008787572384,
137703.36184210525,0.02634008787572384,
137705.0,,0.0
137730.67213114753,0.02634008787572384,
137732.0,,0.0
137740.9090909091,0.02634008787572384,
137760.0,,0.0
137774.29787234042,0.02634008787572384,
137788.0,,0.0
137806.85,0.02634008787572384,
137817.0,,0.0
137834.3023255814,0.02636008895933628,
137845.83720930232,0.026380090042948723,
137848.0,,1.0
137854.16,0.026380090042948723,
137874.32,0.026380090042948723,
137876.0,,0.0
137897.0823529412,0.026380090042948723,
137932.0,,0.0
137945.3,0.026380090042948723,
137960.0,,0.0
137982.09523809524,0.026410091668367386,
137992.0,,1.0
138020.0,,0.0
138028.19512195123,0.026420092210173607,
138041.17073170733,0.026420092210173607,
138048.0,,0.0
138068.53333333333,0.026420092210173607,
138076.0,,0.0
138096.83720930232,0.026420092210173607,
138104.0,,0.0
138109.95744680852,0.026420092210173607,
138132.0,,0.0
138144.78260869565,0.026420092210173607,
138160.0,,0.0
138187.02272727274,0.026420092210173607,
138189.0,,0.0
138208.33333333334,0.026420092210173607,
138218.0,,0.0
138238.72093023255,0.026420092210173607,
138245.0,,0.0
138274.0,,0.0
138302.0,,2.0
138330.0,,0.0
138338.45833333334,0.026500089094042778,
138345.70833333334,0.026500089094042778,
138359.0,,0.0
138387.0,,0.0
138410.42857142858,0.026500089094042778,
138413.2857142857,0.026500089094042778,
138415.0,,0.0
138421.3396226415,0.026500089094042778,
138441.4150943396,0.026500089094042778,
138443.0,,0.0
138482.67346938775,0.026500089094042778,
138497.0,,0.0
138524.0,,0.0
138537.15384615384,0.026500089094042778,
138543.73076923078,0.026500089094042778,
138581.0,,1.0
138610.0,,0.0
138637.0,,0.0
138665.0,,0.0
138685.8205128205,0.026540091261267662,
138693.0,,0.0
138722.0,,0.0
138730.94736842104,0.026550091803073883,
138756.0,,1.0
138763.3125,0.026580093428492546,
138781.3125,0.026580093428492546,
138783.0,,0.0
138789.90476190476,0.026580093428492546,
138809.92857142858,0.026580093428492546,
138812.0,,0.0
138827.07692307694,0.026580093428492546,
138840.0,,0.0
138853.17647058822,0.026580093428492546,
138868.0,,0.0
138899.0,,2.0
138926.0,,0.0
138954.0,,0.0
138974.0,0.026660090312361717,
138982.0,,0.0
138989.28,0.026660090312361717,
139010.0,,0.0
139038.0,0.026660090312361717,
139066.0,,0.0
139094.0,,0.0
139121.0,,0.0
139140.18604651163,0.026660090312361717,
139158.09302325582,0.026660090312361717,
139176.0,,0.0
139204.0,,0.0
139233.0,,0.0
139251.83720930232,0.026660090312361717,
139260.0,,0.0
139266.84444444443,0.026660090312361717,
139288.0,,0.0
139316.0,,0.0
139342.1739130435,0.026660090312361717,
139344.0,,0.0
139362.04444444444,0.026660090312361717,
139370.13333333333,0.026660090312361717,
139372.0,,0.0
139377.68421052632,0.026660090312361717,
139384.07894736843,0.026660090312361717,
139396.86842105264,0.026660090312361717,
139399.0,,0.0
139409.46511627908,0.026660090312361717,
139429.0,,0.0
139441.81395348837,0.026660090312361717,
139458.0,,0.0
139485.0,,0.0
139495.89361702127,0.026670090854167938,
139517.0,,1.0
139525.12,0.0267000924795866,
139544.26,0.0267000924795866,
139546.0,,0.0
139604.0,,0.0
139632.0,,0.0
139640.36538461538,0.0267000924795866,
139661.0,,0.0
139679.64285714287,0.0267000924795866,
139688.0,,0.0
139716.0,,0.0
139725.01694915254,0.0267000924795866,
139744.0,,0.0
139758.0,0.0267000924795866,
139772.0,,0.0
139800.0,,0.0
139829.0,,0.0
139840.2,0.0267000924795866,
139883.32,0.0267000924795866,
139885.0,,0.0
139904.11363636365,0.0267000924795866,
139914.0,,0.0
139942.0,,0.0
139969.0,,0.0
139985.875,0.0267000924795866,
139996.0,,0.0
140025.0,,0.0
140044.8947368421,0.0267000924795866,
140053.0,,0.0
140082.0,,0.0
140089.8375,0.026720091700553894,
140136.8625,0.026820091530680656,
140139.0,,1.0
140165.47272727272,0.026820091530680656,
140167.0,,0.0
140172.25,0.026820091530680656,
140195.0,,0.0
140223.0,,0.0
140259.0,0.026820091530680656,
140278.2,0.026820091530680656,
140280.0,,0.0
140302.55555555556,0.026820091530680656,
140307.06666666668,0.026820091530680656,
140309.0,,0.0
140328.38461538462,0.026820091530680656,
140336.0,,0.0
140351.55555555556,0.026820091530680656,
140364.0,,0.0
140381.84615384616,0.026820091530680656,
140420.0,,0.0
140434.7,0.026820091530680656,
140445.9,0.026820091530680656,
140448.0,,0.0
140456.57142857142,0.026820091530680656,
140476.0,,0.0
140482.69565217392,0.026820091530680656,
140490.60869565216,0.026820091530680656,
140504.0,,0.0
140562.0,,0.0
140589.0,,0.0
140593.5,0.026820091530680656,
140614.07142857142,0.026820091530680656,
140616.0,,0.0
140643.0,,0.0
140652.0,0.026820091530680656,
140670.0,,0.0
140728.0,,1.0
140752.25531914894,0.02686009369790554,
140766.20212765958,0.02686009369790554,
140785.0,,0.0
140799.73684210525,0.02686009369790554,
140810.7894736842,0.02686009369790554,
140813.0,,0.0
140826.29166666666,0.02686009369790554,
140840.1875,0.02686009369790554,
140842.0,,0.0
140857.26315789475,0.02686009369790554,
140860.92631578946,0.02686009369790554,
140892.06315789474,0.02686009369790554,
140900.0,,0.0
140927.32692307694,0.02686009369790554,
140929.0,,0.0
140950.77777777778,0.02686009369790554,
140957.0,,0.0
140973.4705882353,0.02686009369790554,
140985.0,,0.0
140997.92307692306,0.02686009369790554,
141013.0,,0.0
141038.1590909091,0.02686009369790554,
141040.0,,0.0
141069.0,,2.0
141076.44827586206,0.02694009058177471,
141096.0,,0.0
141105.98969072165,0.02694009058177471,
141140.07216494845,0.02694009058177471,
141151.23711340205,0.02694009058177471,
141153.0,,0.0
141174.0291262136,0.02694009058177471,
141190.63106796116,0.02694009058177471,
141197.2718446602,0.02694009058177471,
141210.0,,0.0
141251.11650485438,0.02694009058177471,
141258.5922330097,0.02694009058177471,
141265.0,,0.0
141278.39130434784,0.02694009058177471,
141293.0,,0.0
141320.0,,0.0
141332.57142857142,0.02694009058177471,
141348.0,,0.0
141354.35294117648,0.02694009058177471,
141361.5,0.02694009058177471,
141368.64705882352,0.02694009058177471,
141375.0,,0.0
141403.0,,0.0
141488.0,,0.0
141517.0,,0.0
141535.5294117647,0.02694009058177471,
141542.41176470587,0.02694009058177471,
141544.0,,0.0
141571.0,,0.0
141589.75,0.02700008824467659,
141596.1644736842,0.027020087465643883,
141607.0197368421,0.027020087465643883,
141617.875,0.027020087465643883,
141633.17105263157,0.027020087465643883,
141646.0,,0.0
141674.125,0.027100084349513054,
141701.0,,0.0
141721.83720930232,0.027100084349513054,
141729.0,,0.0
141742.21276595743,0.027100084349513054,
141747.95744680852,0.027100084349513054,
141756.0,,0.0
141770.11363636365,0.027100084349513054,
141783.0,,0.0
141813.0,,0.0
141841.0,,0.0
141882.44871794872,0.027180081233382225,
141888.5641025641,0.027180081233382225,
141894.0,,0.0
141920.0909090909,0.027180081233382225,
141922.0,,0.0
141975.125,0.027180081233382225,
141977.0,,0.0
141991.5185185185,0.027180081233382225,
142003.44444444444,0.027180081233382225,
142005.0,,0.0
142018.69565217392,0.02722007967531681,
142059.09782608695,0.027260078117251396,
142068.0,,0.0
142096.0,,0.0
142124.0,,0.0
142138.3111111111,0.027260078117251396,
142152.0,,0.0
142180.0,,0.0
142186.77685950414,0.027260078117251396,
142213.88429752065,0.027260078117251396,
142232.18181818182,0.027260078117251396,
142259.96694214875,0.027260078117251396,
142262.0,,0.0
142290.0,,0.0
142318.0,,0.0
142356.31967213115,0.027260078117251396,
142366.0737704918,0.027260078117251396,
142403.0,,0.0
142430.0,,0.0
142458.0,,0.0
142465.77777777778,0.027260078117251396,
142478.74074074073,0.027260078117251396,
142486.0,,0.0
142506.66666666666,0.027260078117251396,
142512.0,0.027260078117251396,
142514.0,,0.0
142541.0,,0.0
142569.0,,0.0
142580.9,0.027260078117251396,
142597.0,,0.0
142650.26315789475,0.027260078117251396,
142652.0,,0.0
142673.94594594595,0.027260078117251396,
142678.64864864864,0.027260078117251396,
142681.0,,0.0
142709.0,,0.0
142735.25,0.027260078117251396,
142737.0,,0.0
142799.0,,0.0
142856.0,,0.0
142875.9375,0.027340075001120567,
142883.1875,0.027340075001120567,
142885.0,,0.0
142900.93406593407,0.027340075001120567,
142943.0,,0.0
142951.61538461538,0.027340075001120567,
142968.84615384616,0.027340075001120567,
142971.0,,0.0
143001.0,,0.0
143061.0,,0.0
143089.0,,0.0
143095.74074074073,0.02742007188498974,
143108.1851851852,0.02742007188498974,
143117.0,,0.0
143124.5,0.02742007188498974,
143145.0,,0.0
143172.35849056602,0.02742007188498974,
143174.0,,0.0
143187.10344827586,0.02742007188498974,
143229.0344827586,0.02742007188498974,
143231.0,,0.0
143258.0,,0.0
143271.52272727274,0.02742007188498974,
143295.34848484848,0.02742007188498974,
143327.54545454544,0.02742007188498974,
143343.0,,0.0
143355.27272727274,0.02742007188498974,
143368.1590909091,0.02742007188498974,
143370.0,,0.0
143397.0,,0.0
143425.0,,0.0
143473.0,0.02742007188498974,
143481.0,,0.0
143506.1590909091,0.02742007188498974,
143508.0,,0.0
143521.46153846153,0.02742007188498974,
143536.0,,0.0
143546.5,0.02742007188498974,
143557.5,0.02742007188498974,
143565.0,,0.0
143579.4,0.02742007188498974,
143604.6,0.02744007110595703,
143625.0,,2.0
143655.0,,0.0
143687.57142857142,0.02750006876885891,
143712.0,,0.0
143739.0,,0.0
143746.16326530612,0.02750006876885891,
143750.57142857142,0.02750006876885891,
143766.0,,0.0
143791.18691588784,0.02750006876885891,
143801.4672897196,0.02750006876885891,
143819.45794392523,0.02750006876885891,
143821.0,,0.0
143851.0,,0.0
143879.0,,0.0
143906.0,,0.0
143914.52173913043,0.02750006876885891,
143934.0,,0.0
143959.2,0.02750006876885891,
143961.0,,0.0
143990.0,,0.0
144000.95652173914,0.02750006876885891,
144018.0,,0.0
144047.0,,0.0
144106.0,,0.0
144162.0,,0.0
144180.5064935065,0.02750006876885891,
144219.0,,0.0
144239.36363636365,0.02750006876885891,
144247.0,,0.0
144305.0,,0.0
144325.08695652173,0.02750006876885891,
144333.0,,0.0
144360.0,,0.0
144370.8510638298,0.02751006931066513,
144394.0,,1.0
144401.64150943398,0.027540070936083794,
144421.0,,0.0
144446.1590909091,0.027540070936083794,
144448.0,,0.0
144456.38235294117,0.027540070936083794,
144503.32352941178,0.027540070936083794,
144505.0,,0.0
144540.0,0.027540070936083794,
144568.0,0.027540070936083794,
144587.25,0.027540070936083794,
144589.0,,0.0
144608.14,0.027540070936083794,
144618.0,,0.0
144631.3,0.027540070936083794,
144643.9,0.027540070936083794,
144646.0,,0.0
144691.83815028903,0.027620067819952965,
144768.0,,1.0
144792.50261780104,0.027690071612596512,
144799.24083769633,0.027700072154402733,
144872.13612565445,0.027740074321627617,
144885.0,,0.0
144898.39130434784,0.027740074321627617,
144913.0,,0.0
144968.25,0.027740074321627617,
144996.17857142858,0.027740074321627617,
144998.0,,0.0
145026.0,,0.0
145048.41007194246,0.027800071984529495,
145099.6330935252,0.027820071205496788,
145115.0,,0.0
145124.33333333334,0.027820071205496788,
145145.0,,0.0
145152.74468085106,0.027820071205496788,
145158.10638297873,0.027820071205496788,
145173.0,,0.0
145182.56129032257,0.027820071205496788,
145218.6,0.027820071205496788,
145250.2258064516,0.027820071205496788,
145257.5806451613,0.027820071205496788,
145273.02580645162,0.027820071205496788,
145287.0,,0.0
145310.28712871287,0.027820071205496788,
145332.46534653465,0.027820071205496788,
145338.0099009901,0.027820071205496788,
145343.0,,0.0
145370.38888888888,0.027820071205496788,
145372.0,,0.0
145388.6595744681,0.027820071205496788,
145401.0,,0.0
145408.33333333334,0.027820071205496788,
145429.0,,0.0
145437.9090909091,0.027820071205496788,
145457.0,,0.0
145464.53846153847,0.027820071205496788,
145485.0,,0.0
145500.01176470588,0.027820071205496788,
145543.0,,0.0
145571.0,,0.0
145581.0,0.027820071205496788,
145586.0,0.027820071205496788,
145599.125,0.027820071205496788,
145601.0,,0.0
145630.0,,0.0
145659.0,,0.0
145666.63043478262,0.027820071205496788,
145686.0,,0.0
145711.9512195122,0.027820071205496788,
145714.0,,0.0
145734.9180327869,0.027820071205496788,
145743.0,,0.0
145756.02040816325,0.027820071205496788,
145770.22448979592,0.027820071205496788,
145772.0,,0.0
145778.38,0.027820071205496788,
145801.0,,0.0
145828.0,,0.0
145838.56603773584,0.027820071205496788,
145845.43396226416,0.027820071205496788,
145856.0,,0.0
145865.64444444445,0.02783007174730301,
145887.0,,1.0
145913.8780487805,0.027860073372721672,
145916.0,,0.0
145927.7894736842,0.027860073372721672,
145935.15789473685,0.027860073372721672,
145944.0,,0.0
145971.0,,0.0
145985.89361702127,0.027860073372721672,
145991.25531914894,0.027860073372721672,
145997.21276595743,0.027860073372721672,
145999.0,,0.0
146026.0,,0.0
146054.0,,1.0
146096.5,0.027900075539946556,
146107.125,0.027900075539946556,
146109.0,,0.0
146137.0,,0.0
146153.33333333334,0.027900075539946556,
146165.0,,0.0
146194.0,,0.0
146209.0,0.027900075539946556,
146224.0,,0.0
146257.0,,1.0
146285.0,,0.0
146323.81818181818,0.02794007770717144,
146341.0,,0.0
146349.02127659574,0.02794007770717144,
146355.1914893617,0.02794007770717144,
146370.0,,0.0
146389.35849056602,0.02794007770717144,
146395.4716981132,0.02794007770717144,
146397.0,,0.0
146453.0,,0.0
146489.88235294117,0.02794007770717144,
146507.98823529412,0.02794007770717144,
146510.0,,0.0
146534.3670886076,0.02794007770717144,
146543.41772151898,0.02794007770717144,
146555.25316455695,0.02794007770717144,
146565.0,,0.0
146580.70833333334,0.02794007770717144,
146594.0,,0.0
146645.1067961165,0.02794007770717144,
146648.36893203884,0.02794007770717144,
146650.0,,0.0
146703.97590361445,0.02794007770717144,
146706.0,,0.0
146734.0,,0.0
146741.63043478262,0.02794007770717144,
146752.19565217392,0.02794007770717144,
146759.23913043478,0.02794007770717144,
146761.0,,0.0
146788.26,0.02794007770717144,
146790.0,,0.0
146803.07692307694,0.02794007770717144,
146809.61538461538,0.02794007770717144,
146852.66025641025,0.02794007770717144,
146875.0,,0.0
146903.0,,0.0
146932.0,,0.0
146958.0909090909,0.02794007770717144,
146960.0,,0.0
146987.0,,0.0
147041.21276595743,0.02794007770717144,
147043.0,,0.0
147071.0,,0.0
147088.18811881187,0.02794007770717144,
147105.9306930693,0.02794007770717144,
147119.79207920792,0.02794007770717144,
147127.0,,0.0
147152.62711864407,0.02794007770717144,
147154.0,,0.0
147173.63636363635,0.02794007770717144,
147181.0,,0.0
147193.97709923665,0.02794007770717144,
147215.3893129771,0.02794007770717144,
147264.0534351145,0.02794007770717144,
147266.0,,0.0
147287.53846153847,0.02794007770717144,
147307.84615384616,0.02794007770717144,
147322.0,,0.0
147354.0,,1.0
147381.0,,0.0
147408.0,,0.0
147417.11627906977,0.027980079874396324,
147436.0,,0.0
147442.84444444443,0.027980079874396324,
147464.0,,0.0
147492.0,,0.0
147520.0,,0.0
147549.0,,0.0
147578.0,,0.0
147631.14606741574,0.027980079874396324,
147633.0,,0.0
147645.38095238095,0.027980079874396324,
147650.33333333334,0.027980079874396324,
147659.0,,0.0
147667.93617021278,0.027980079874396324,
147677.46808510637,0.027980079874396324,
147687.0,,0.0
147717.0,,0.0
147771.0,,0.0
147799.0,,0.0
147824.07142857142,0.027980079874396324,
147826.0,,0.0
147833.41860465117,0.027980079874396324,
147852.97674418605,0.027980079874396324,
147855.0,,0.0
147883.0,,0.0
147912.0,,0.0
147925.8409090909,0.027980079874396324,
147932.43181818182,0.027980079874396324,
147939.02272727274,0.027980079874396324,
147941.0,,0.0
147958.3076923077,0.027980079874396324,
147968.0,,0.0
147994.8780487805,0.027980079874396324,
147997.0,,0.0
148017.07692307694,0.027980079874396324,
148074.26573426573,0.027980079874396324,
148082.17482517482,0.027980079874396324,
148084.0,,0.0
148091.58620689655,0.027980079874396324,
148122.5632183908,0.027980079874396324,
148139.0,,0.0
148144.7435897436,0.027980079874396324,
148156.94871794872,0.027980079874396324,
148164.84615384616,0.027980079874396324,
148167.0,,0.0
148192.9746835443,0.027980079874396324,
148210.74683544305,0.027980079874396324,
148221.0,,0.0
148247.0,0.027980079874396324,
148249.0,,0.0
148280.0,,1.0
148288.0888888889,0.028020082041621208,
148299.9111111111,0.028020082041621208,
148308.0,,0.0
148321.5172413793,0.028020082041621208,
148328.75862068965,0.028020082041621208,
148336.0,,0.0
148342.75,0.028020082041621208,
148348.88636363635,0.028020082041621208,
148355.63636363635,0.028020082041621208,
148363.0,,0.0
148391.0,,0.0
148404.44,0.028020082041621208,
148419.0,,0.0
148433.0,0.028020082041621208,
148475.0,,0.0
148502.0,,0.0
148530.0,,0.0
148558.0,,0.0
148594.16666666666,0.028020082041621208,
148651.33333333334,0.028020082041621208,
148670.0,,0.0
148684.0,0.028020082041621208,
148698.0,,0.0
148725.7052631579,0.028020082041621208,
148754.0,,0.0
148783.0,,0.0
148790.975,0.028020082041621208,
148812.0,,0.0
148841.0,,0.0
148853.97368421053,0.028020082041621208,
148859.31578947368,0.028020082041621208,
148870.0,,0.0
148882.1739130435,0.028020082041621208,
148909.5652173913,0.028020082041621208,
148917.47826086957,0.028020082041621208,
148954.0,,0.0
148969.38775510204,0.028020082041621208,
148974.7142857143,0.028020082041621208,
148983.0,,0.0
148988.94,0.028020082041621208,
149008.38,0.028020082041621208,
149010.0,,0.0
149016.78723404257,0.028020082041621208,
149039.0,,0.0
149068.0,,0.0
149088.69565217392,0.028020082041621208,
149094.1739130435,0.028020082041621208,
149096.0,,0.0
149110.5,0.028020082041621208,
149125.0,,0.0
149154.0,,0.0
149166.6923076923,0.028020082041621208,
149209.0,,0.0
149220.475,0.028020082041621208,
149236.0,,0.0
149247.48936170212,0.028020082041621208,
149263.0,,0.0
149271.32432432432,0.028020082041621208,
149292.13513513515,0.028020082041621208,
149342.0810810811,0.028020082041621208,
149351.0,,0.0
149379.0,,0.0
149403.30434782608,0.02810007892549038,
149405.0,,2.0
149432.22448979592,0.02810007892549038,
149434.0,,0.0
149462.0,,0.0
149489.0,,0.0
149497.68421052632,0.028120078146457672,
149519.0,,2.0
149546.0,,0.0
149575.0,,0.0
149595.25,0.02818007580935955,
149602.0,,0.0
149618.8,0.02818007580935955,
149627.9,0.02818007580935955,
149630.0,,0.0
149645.8260869565,0.02818007580935955,
149686.0,,0.0
149693.3818181818,0.02818007580935955,
149701.81818181818,0.02818007580935955,
149707.0909090909,0.02818007580935955,
149715.0,,0.0
149735.53333333333,0.02818007580935955,
149743.0,,0.0
149750.7142857143,0.02818007580935955,
149770.0,,0.0
149797.0,,0.0
149824.0,,0.0
149852.0,,0.0
149859.5652173913,0.02818007580935955,
149879.10869565216,0.02818007580935955,
149881.0,,0.0
149890.0,0.02818007580935955,
149908.0,,0.0
149949.56976744186,0.02818007580935955,
149963.0,,0.0
149971.1,0.02818007580935955,
149974.475,0.02818007580935955,
149981.9,0.02818007580935955,
149990.0,,0.0
150034.31460674157,0.02818007580935955,
150041.48314606742,0.02818007580935955,
150048.0,,0.0
150074.25,0.02818007580935955,
150076.0,,0.0
150226.0,,2.0
150252.0465116279,0.02826007269322872,
150254.0,,0.0
150302.46153846153,0.02826007269322872,
150310.0,,0.0
150347.24210526317,0.02826007269322872,
150366.16842105263,0.02826007269322872,
150368.0,,0.0
150375.6595744681,0.02826007269322872,
150398.0,,0.0
150406.21739130435,0.02826007269322872,
150425.0,,0.0
150452.0,,0.0
150479.0,,0.0
150507.0,,0.0
150527.6052631579,0.0283200703561306,
150533.7105263158,0.028340069577097893,
150536.0,,2.0
150545.0625,0.028340069577097893,
150565.0,,0.0
150582.3780487805,0.028340069577097893,
150599.75609756098,0.028340069577097893,
150622.0,,0.0
150661.1875,0.028340069577097893,
150676.8625,0.028340069577097893,
150679.0,,0.0
150688.22352941177,0.028340069577097893,
150716.55294117646,0.028340069577097893,
150727.75294117647,0.028340069577097893,
150735.0,,0.0
150764.0,,0.0
150771.41176470587,0.028340069577097893,
150778.29411764705,0.028340069577097893,
150791.0,,0.0
150813.17647058822,0.028340069577097893,
150820.0,,0.0
150848.0,,0.0
150856.3404255319,0.028340069577097893,
150859.914893617,0.028340069577097893,
150876.0,,0.0
150904.0,,0.0
150915.49056603774,0.028340069577097893,
150933.0,,0.0
150945.64705882352,0.028340069577097893,
150996.23529411765,0.028340069577097893,
151019.0,,0.0
151033.5,0.028340069577097893,
151048.0,,0.0
151060.0,0.028340069577097893,
151076.0,,0.0
151095.21568627452,0.028340069577097893,
151104.0,,0.0
151121.75609756098,0.028340069577097893,
151132.0,,0.0
151139.84,0.028340069577097893,
151160.0,,0.0
151189.0,,0.0
151218.0,,0.0
151246.0,,0.0
151280.2,0.028340069577097893,
151288.75,0.028340069577097893,
151303.0,,0.0
151333.0,,0.0
151339.25490196078,0.028340069577097893,
151362.0,,0.0
151370.21518987342,0.028340069577097893,
151376.18987341772,0.028340069577097893,
151412.03797468354,0.028340069577097893,
151421.0,,0.0
151476.0,,0.0
151504.0,,1.0
151530.0,0.028380071744322777,
151532.0,,0.0
151540.8148148148,0.028380071744322777,
151560.0,,0.0
151599.0,0.028460068628191948,
151615.2,0.028460068628191948,
151617.0,,0.0
151628.02,0.028460068628191948,
151633.24,0.028460068628191948,
151638.46,0.028460068628191948,
151646.0,,0.0
151659.5744680851,0.028460068628191948,
151673.1489361702,0.028460068628191948,
151675.0,,0.0
151687.73684210525,0.028460068628191948,
151710.8947368421,0.028460068628191948,
151723.63157894736,0.028460068628191948,
151730.0,,0.0
151740.54545454544,0.028460068628191948,
151759.0,,0.0
151776.14285714287,0.028460068628191948,
151787.0,,0.0
151809.4,0.028460068628191948,
151815.0,,0.0
151840.2,0.028460068628191948,
151842.0,,0.0
151870.0,,0.0
151876.9347826087,0.028460068628191948,
151890.80434782608,0.028460068628191948,
151899.0,,0.0
151909.02197802198,0.028460068628191948,
151956.0,,0.0
151974.6,0.028460068628191948,
151980.8,0.028460068628191948,
151987.0,,0.0
151993.78787878787,0.028460068628191948,
152029.9898989899,0.028460068628191948,
152043.0,,0.0
152071.0,,0.0
152096.9512195122,0.028460068628191948,
152099.0,,0.0
152114.01785714287,0.028460068628191948,
152128.0,,0.0
152156.0,,0.0
152167.4871794872,0.028460068628191948,
152173.94871794872,0.028460068628191948,
152184.0,,0.0
152212.0,,0.0
152297.0,,0.0
152322.62711864407,0.028460068628191948,
152324.0,,0.0
152352.0,,0.0
152379.0,,0.0
152393.0,0.028460068628191948,
152407.0,,0.0
152435.0,,0.0
152466.0,,1.0
152521.0,,0.0
152544.703125,0.028500070795416832,
152616.390625,0.028580067679286003,
152632.0,,0.0
152660.0,,0.0
152680.25,0.028580067679286003,
152687.0,,0.0
152707.25,0.028580067679286003,
152714.0,,0.0
152742.0,,0.0
152768.0909090909,0.028580067679286003,
152770.0,,0.0
152798.0,,0.0
152812.25,0.028580067679286003,
152828.0,,0.0
152834.5,0.028580067679286003,
152855.0,,0.0
152883.0,,0.0
152909.97674418605,0.028580067679286003,
152912.0,,0.0
152919.26923076922,0.028580067679286003,
152939.0,,0.0
152951.2142857143,0.028580067679286003,
152966.0,,0.0
152975.58181818182,0.028590068221092224,
152989.67272727273,0.028610069304704666,
152997.0,,1.0
153026.0,,0.0
153040.61538461538,0.02864007093012333,
153047.53846153847,0.02865007147192955,
153053.6923076923,0.02866007201373577,
153056.0,,1.0
153083.0,,0.0
153110.35849056602,0.02866007201373577,
153112.0,,0.0
153121.02222222224,0.02866007201373577,
153141.0,,0.0
153152.76923076922,0.02866007201373577,
153168.0,,0.0
153189.67741935485,0.02866007201373577,
153207.74193548388,0.02866007201373577,
153224.0,,0.0
153250.44444444444,0.02866007201373577,
153252.0,,0.0
153263.475,0.02866007201373577,
153279.0,,0.0
153287.76744186046,0.02866007201373577,
153308.0,,0.0
153336.48648648648,0.028740068897604942,
153339.0,,2.0
153377.0,0.028740068897604942,
153395.0,,0.0
153422.0,,0.0
153476.0,,0.0
153503.0344827586,0.028740068897604942,
153524.27586206896,0.028740068897604942,
153532.0,,0.0
153553.30434782608,0.028740068897604942,
153560.0,,0.0
153610.58139534883,0.028740068897604942,
153617.32558139536,0.028740068897604942,
153647.0,,0.0
153674.0,,0.0
153721.74725274724,0.028740068897604942,
153729.0,,0.0
153756.0,,0.0
153784.0,,0.0
153792.27272727274,0.028740068897604942,
153803.72727272726,0.028740068897604942,
153812.0,,0.0
153841.0,,0.0
153885.67415730338,0.028740068897604942,
153895.11235955055,0.028740068897604942,
153897.0,,0.0
153903.7441860465,0.028740068897604942,
153926.0,,0.0
153934.4,0.028740068897604942,
153982.0,,0.0
153991.11764705883,0.028750069439411163,
154000.8431372549,0.028770070523023605,
154013.0,,1.0
154017.78048780488,0.028780071064829826,
154041.0,,0.0
154058.27659574468,0.028780071064829826,
154069.0,,0.0
154096.0,,0.0
154123.0,,0.0
154153.0,,0.0
154180.10869565216,0.028780071064829826,
154182.0,,0.0
154214.0,,1.0
154241.80487804877,0.028860075399279594,
154244.0,,1.0
154273.0,,0.0
154293.02380952382,0.028860075399279594,
154302.0,,0.0
154310.07692307694,0.028860075399279594,
154316.53846153847,0.028860075399279594,
154330.0,,0.0
154356.32,0.028860075399279594,
154358.0,,0.0
154371.36363636365,0.028860075399279594,
154386.0,,0.0
154414.0,,0.0
154422.0,0.028860075399279594,
154442.0,,0.0
154471.0,,0.0
154497.38461538462,0.028860075399279594,
154499.0,,0.0
154517.2,0.028860075399279594,
154527.0,,0.0
154535.97619047618,0.028860075399279594,
154556.0,,0.0
154612.0,,0.0
154640.0,,0.0
154653.80952380953,0.028860075399279594,
154669.0,,0.0
154681.35294117648,0.028860075399279594,
154697.23529411765,0.028860075399279594,
154699.0,,0.0
154756.13684210528,0.028860075399279594,
154758.0,,0.0
154776.04444444444,0.028860075399279594,
154786.0,,0.0
154792.62857142856,0.028860075399279594,
154807.54285714286,0.028860075399279594,
154815.0,,0.0
154842.29411764705,0.028860075399279594,
154844.0,,0.0
154872.0,,0.0
154890.2,0.028860075399279594,
154900.0,,0.0
154920.15853658537,0.028860075399279594,
154934.75609756098,0.028860075399279594,
154941.01219512196,0.028860075399279594,
154947.96341463414,0.028860075399279594,
154957.0,,0.0
154970.63636363635,0.028860075399279594,
155011.0,,0.0
155036.62711864407,0.028860075399279594,
155038.0,,0.0
155064.2857142857,0.028860075399279594,
155066.0,,0.0
155071.28260869565,0.028860075399279594,
155093.0,,0.0
155120.0,,0.0
155148.0,,0.0
155195.2888888889,0.028860075399279594,
155204.0,,0.0
155210.099009901,0.028860075399279594,
155225.0693069307,0.028860075399279594,
155230.05940594058,0.028860075399279594,
155260.0,,0.0
155288.0,,0.0
155351.0,,2.0
155380.0,,0.0
155408.0,,0.0
155437.0,,0.0
155451.32558139536,0.028940072283148766,
155465.0,,0.0
155479.76363636364,0.028940072283148766,
155493.0,,0.0
155521.0,,0.0
155575.15384615384,0.028940072283148766,
155577.0,,0.0
155590.76470588235,0.028940072283148766,
155604.0,,0.0
155616.6,0.028940072283148766,
155631.0,,0.0
155679.95294117648,0.02898007445037365,
155688.0,,0.0
155716.0,,0.0
155744.0,,0.0
155764.53333333333,0.02898007445037365,
155772.0,,0.0
155781.64285714287,0.02898007445037365,
155799.0,,0.0
155809.26315789475,0.02898007445037365,
155829.0,,0.0
155845.2105263158,0.02898007445037365,
155854.7894736842,0.02898007445037365,
155857.0,,0.0
155879.34426229508,0.02898007445037365,
155886.0,,0.0
155914.0,,0.0
155923.73913043478,0.02898007445037365,
155935.30434782608,0.02898007445037365,
155942.0,,0.0
155971.0,,0.0
155978.425,0.02898007445037365,
155998.0,,0.0
156011.72549019608,0.02898007445037365,
156026.0,,0.0
156055.0,,0.0
156083.0,,0.0
156097.33707865168,0.02898007445037365,
156124.70786516854,0.02898007445037365,
156141.0,,0.0
156174.0,,2.0
156202.0,,0.0
156230.0,,0.0
156259.0,,0.0
156307.7741935484,0.02906007133424282,
156313.1935483871,0.02906007133424282,
156315.0,,0.0
156335.92307692306,0.02906007133424282,
156369.15384615384,0.02906007133424282,
156371.0,,0.0
156390.75609756098,0.02906007133424282,
156396.0243902439,0.02906007133424282,
156398.0,,0.0
156406.48780487804,0.02906007133424282,
156427.0,,0.0
156463.7311827957,0.02906007133424282,
156475.17204301077,0.02906007133424282,
156483.0,,0.0
156503.53333333333,0.02906007133424282,
156511.0,,0.0
156518.73333333334,0.02906007133424282,
156532.9111111111,0.02906007133424282,
156540.0,,0.0
156559.83333333334,0.02906007133424282,
156566.25,0.02906007133424282,
156568.0,,0.0
156596.0,,0.0
156606.0,0.02906007133424282,
156623.85714285713,0.02906007133424282,
156626.0,,0.0
156631.04,0.02906007133424282,
156648.4,0.02906007133424282,
156667.44,0.02906007133424282,
156682.0,,0.0
156699.07317073172,0.02906007133424282,
156710.0,,0.0
156743.0,,1.0
156771.0,,0.0
156791.19672131148,0.029100073501467705,
156797.62295081967,0.029100073501467705,
156799.0,,0.0
156813.35897435897,0.029100073501467705,
156827.0,,0.0
156847.4705882353,0.029100073501467705,
156856.0,,0.0
156882.35294117648,0.029100073501467705,
156884.0,,0.0
156911.0,,0.0
156939.0,,0.0
156967.0,,0.0
156975.70967741936,0.029100073501467705,
156991.38709677418,0.029100073501467705,
156994.0,,0.0
157028.15789473685,0.029100073501467705,
157047.26315789475,0.029100073501467705,
157049.0,,0.0
157070.63636363635,0.029100073501467705,
157077.0,,0.0
157084.46666666667,0.029100073501467705,
157103.13333333333,0.029100073501467705,
157105.0,,0.0
157131.38461538462,0.029100073501467705,
157133.0,,0.0
157161.0,,0.0
157189.0,,0.0
157216.0,,0.0
157244.0,,0.0
157272.0,,0.0
157300.0,,0.0
157328.0,,0.0
157344.30434782608,0.029100073501467705,
157358.0,,0.0
157371.06666666668,0.029100073501467705,
157394.0888888889,0.029100073501467705,
157414.0,,0.0
157432.96153846153,0.029100073501467705,
157443.0,,0.0
157512.72789115645,0.029100073501467705,
157525.0,,0.0
157552.0,,0.0
157566.0,0.029100073501467705,
157580.0,,0.0
157595.21739130435,0.029100073501467705,
157608.0,,0.0
157637.0,,0.0
157664.0,,0.0
157685.53846153847,0.029100073501467705,
157692.0,,0.0
157720.0,,0.0
157747.0,,0.0
157762.13043478262,0.029100073501467705,
157774.10869565216,0.029100073501467705,
157776.0,,0.0
157807.0,,1.0
157860.2213740458,0.029180077835917473,
157882.66412213742,0.029180077835917473,
157891.0,,0.0
157905.32558139536,0.029180077835917473,
157917.0465116279,0.029180077835917473,
157919.0,,0.0
157933.0,0.029180077835917473,
157939.08695652173,0.029180077835917473,
157947.0,,0.0
157973.13333333333,0.029180077835917473,
157975.0,,0.0
158003.0,,0.0
158017.82352941178,0.029180077835917473,
158031.0,,0.0
158059.0,,0.0
158074.4255319149,0.029180077835917473,
158088.0,,0.0
158117.0,,0.0
158122.51020408163,0.029180077835917473,
158144.0,,0.0
158164.87272727274,0.029180077835917473,
158170.47272727272,0.029180077835917473,
158172.0,,0.0
158185.53333333333,0.029180077835917473,
158201.0,,0.0
158228.0,,0.0
158254.0465116279,0.029180077835917473,
158256.0,,0.0
158275.6595744681,0.029210079461336136,
158289.0,,1.0
158318.0,,0.0
158347.0,,0.0
158362.19047619047,0.029220080003142357,
158376.0,,0.0
158382.0,0.029220080003142357,
158430.0,,0.0
158449.38461538462,0.029220080003142357,
158454.92307692306,0.029220080003142357,
158457.0,,0.0
158482.21739130435,0.029220080003142357,
158487.89130434784,0.029220080003142357,
158495.45652173914,0.029220080003142357,
158515.0,,0.0
158536.0909090909,0.029220080003142357,
158542.02272727274,0.029220080003142357,
158544.0,,0.0
158571.0,,0.0
158581.5,0.029220080003142357,
158627.0,,0.0
158656.0,,0.0
158671.12,0.029260078445076942,
158675.6,0.029280077666044235,
158684.0,,2.0
158711.0,,0.0
158737.1739130435,0.029300076887011528,
158739.0,,0.0
158760.3396226415,0.029300076887011528,
158768.0,,0.0
158797.0,,0.0
158823.97674418605,0.029300076887011528,
158826.0,,0.0
158854.0,,0.0
158866.15,0.029300076887011528,
158881.0,,0.0
158895.4516129032,0.029300076887011528,
158937.0,,0.0
158967.0,,0.0
159023.0,,0.0
159045.04444444444,0.029300076887011528,
159054.0,,0.0
159087.95061728396,0.029300076887011528,
159106.96296296295,0.029300076887011528,
159109.0,,0.0
159128.33333333334,0.029300076887011528,
159137.0,,0.0
159143.84444444443,0.029300076887011528,
159165.0,,0.0
159195.0,,0.0
159216.14583333334,0.029300076887011528,
159224.0,,0.0
159253.0,,0.0
159285.0,,0.0
159313.97826086957,0.029300076887011528,
159316.0,,0.0
159331.6,0.029300076887011528,
159346.0,,0.0
159377.0,,0.0
159415.0,,1.0
159442.39130434784,0.029340079054236412,
159469.09782608695,0.029340079054236412,
159478.0,,0.0
159487.12765957447,0.029350079596042633,
159501.17021276595,0.029370080679655075,
159511.0,,1.0
159546.5744680851,0.029460078105330467,
159549.0,,2.0
159586.0,0.02950008027255535,
159589.0,,1.0
159597.58536585365,0.02950008027255535,
159621.0,,0.0
159670.585106383,0.029590077698230743,
159700.0,,1.0
159737.0,,0.0
159756.58823529413,0.02964008040726185,
159774.0,,1.0
159820.0,,2.0
159830.40476190476,0.029780076816678047,
159843.0,,2.0
159878.0,,2.0
159907.0,,2.0
159930.0,,2.0
159945.42857142858,0.030100064352154732,
159955.7142857143,0.030120063573122025,
159966.0,,2.0
159973.5,0.03016006201505661,
159996.0,,2.0
160033.0,,2.0
160068.0,,2.0
160101.0,,2.0
160106.60784313726,0.030480049550533295,
160123.0,,2.0
160147.0,,2.0
160156.47368421053,0.030640043318271637,
160159.63157894736,0.03066004253923893,
160171.0,,2.0
160321.0,,2.0
160343.0,,2.0
160358.8125,0.030920032411813736,
160364.5625,0.03094003163278103,
160366.0,,2.0
160395.36170212767,0.030980030074715614,
160435.0,,2.0
160450.04424778762,0.031040027737617493,
160458.89380530972,0.031060026958584785,
160504.02654867255,0.031120024621486664,
160517.30088495577,0.031140023842453957,
160535.0,,2.0
160555.0744680851,0.03124001994729042,
160586.0,,2.0
160606.0,,2.0
160690.0,0.03146003186702728,
160756.0,,2.0
160782.0,,2.0
160787.06666666668,0.03160003945231438,
160790.86666666667,0.03162004053592682,
160801.0,,2.0
160807.37735849057,0.031680043786764145,
160827.0,,2.0
160841.87179487178,0.031780049204826355,
160856.0,,2.0
160897.67032967033,0.03196005895733833,
160904.0,,2.0
160911.3125,0.03200006112456322,
160930.0,,2.0
161114.16666666666,0.03220007196068764,
161151.0,,2.0
161181.0,,2.0
161186.45454545456,0.03232007846236229,
161192.45454545456,0.03234007954597473,
161205.0,,2.0
161247.3,0.032460086047649384,
161250.0,,2.0
161261.11111111112,0.03250008821487427,
161264.22222222222,0.03252008929848671,
161270.0,,2.0
161288.0,,2.0
161309.0,,2.0
161335.0,,2.0
161358.07692307694,0.032860107719898224,
161360.0,,2.0
161384.0,,2.0
161412.0,,2.0
161417.37209302327,0.0330401174724102,
161433.0,,2.0
161446.3012048193,0.03314012289047241,
161475.2168674699,0.03324012830853462,
161481.0,,2.0
161501.5,0.03334013372659683,
161503.0,,2.0
161532.0,,2.0
161543.62790697673,0.033460140228271484,
161555.2558139535,0.03350014239549637,
161557.0,,2.0
161585.0,,2.0
161604.2888888889,0.03364014998078346,
161616.0,,2.0
161728.0,,2.0
161768.24390243902,0.033760156482458115,
161808.48780487804,0.03378015756607056,
161878.0,,2.0
161911.0,,2.0
161952.48936170212,0.03392016515135765,
162051.4255319149,0.03398016840219498,
162061.0,,2.0
162163.0,,2.0
162182.21739130435,0.03412017598748207,
162187.30434782608,0.03414017707109451,
162189.0,,2.0
162264.0,,2.0
162297.0,,2.0
162304.33333333334,0.03432018682360649,
162319.0,,2.0
162338.0,,2.0
162345.58333333334,0.03448019549250603,
162366.0,,2.0
162382.03007518797,0.03458020091056824,
162407.92481203008,0.034660205245018005,
162435.05263157896,0.03474020957946777,
162448.0,,2.0
162468.39024390245,0.034860216081142426,
162470.0,,2.0
162486.41176470587,0.034940220415592194,
162488.0,,2.0
162559.0,,2.0
162584.0,,2.0
162607.0,,2.0
162616.8775510204,0.03520023450255394,
162651.0,,2.0
162684.67346938775,0.03530023992061615,
162717.0,,2.0
162725.61538461538,0.035360243171453476,
162747.15384615384,0.0354202464222908,
162749.0,,2.0
162771.2857142857,0.03550025075674057,
162773.0,,2.0
162797.05,0.03558025509119034,
162799.0,,2.0
162821.0,,2.0
162844.0,,2.0
162852.66666666666,0.035760264843702316,
162864.66666666666,0.0358002670109272,
162872.0,,2.0
162902.0,,2.0
162923.0,,2.0
162944.0,,2.0
162994.0,,2.0
163002.32,0.036240290850400925,
163021.56,0.03630029410123825,
163046.0,,2.0
163052.68421052632,0.03640029951930046,
163092.7894736842,0.03650030493736267,
163170.9947368421,0.03670031577348709,
163173.0,,2.0
163195.15384615384,0.03678032010793686,
163197.0,,2.0
163200.85,0.0368003211915493,
163204.15,0.03682032227516174,
163219.0,,2.0
163235.0,0.03692032769322395,
163242.0,,2.0
163245.6923076923,0.03696032986044884,
163251.23076923078,0.03698033094406128,
163264.61538461538,0.03702033311128616,
163266.0,,2.0
163277.31818181818,0.037040334194898605,
163297.125,0.03708033636212349,
163329.19318181818,0.037140339612960815,
163349.0,,2.0
163355.5,0.03720034286379814,
163372.0,,2.0
163386.9019607843,0.037320349365472794,
163392.0,,2.0
163422.0,,2.0
163461.91216216216,0.03748035803437233,
163535.6891891892,0.03758036345243454,
163585.27702702704,0.037640366703271866,
163601.0,,2.0
163609.47826086957,0.03768036887049675,
163627.0,,2.0
163721.0,,2.0
163755.0,,2.0
163761.33333333334,0.037920381873846054,
163774.0,,2.0
163800.0,,2.0
163813.8,0.038120392709970474,
163823.0,,2.0
163838.48936170212,0.0381803959608078,
163849.0,,2.0
163855.54545454544,0.038240399211645126,
163866.45454545456,0.03828040137887001,
163873.0,,2.0
163897.0,,2.0
163981.375,0.038420408964157104,
164047.0,,2.0
164068.0,,2.0
164077.9512195122,0.03858041763305664,
164082.0487804878,0.03860041871666908,
164092.0,,2.0
164117.55555555556,0.03870042413473129,
164142.0,,2.0
164321.66666666666,0.03888043388724327,
164354.66666666666,0.03890043497085571,
164417.0,0.0389404371380806,
164428.0,,2.0
164459.0,,2.0
164609.0,,2.0
164637.0,,2.0
164651.22222222222,0.03924045339226723,
164657.0,,2.0
164664.42857142858,0.03928045555949211,
164670.14285714287,0.03930045664310455,
164681.0,,2.0
164709.32558139536,0.03940046206116676,
164723.0,,2.0
164827.98666666666,0.039620473980903625,
164835.60666666666,0.03964047506451607,
164847.46,0.03966047614812851,
164850.0,,2.0
164866.44827586206,0.039700478315353394,
164877.41379310345,0.03974048048257828,
164903.0,,2.0
164911.9661016949,0.03984048590064049,
164926.0,,2.0
165076.0,,2.0
165114.0,,2.0
165180.64,0.04038051515817642,
165182.0,,2.0
165236.88372093023,0.04046051949262619,
165241.0,,2.0
165247.42857142858,0.04048052057623863,
165268.0,,2.0
165290.0,,2.0
165318.82954545456,0.040700532495975494,
165349.0,,2.0
165356.58333333334,0.040800537914037704,
165377.0,,2.0
165417.93023255814,0.04092054441571236,
165428.16279069768,0.0409405454993248,
165432.0,,2.0
165438.66666666666,0.04096054658293724,
165446.35897435897,0.041000548750162125,
165452.0,,2.0
165501.0,,2.0
165547.311827957,0.041300565004348755,
165558.09677419355,0.04134056717157364,
165560.0,,2.0
165582.0,,2.0
165617.15463917525,0.04152057692408562,
165623.95876288658,0.04154057800769806,
165635.29896907217,0.04158058017492294,
165637.0,,2.0
165799.0,,2.0
165821.0,,2.0
165827.9756097561,0.04184059426188469,
165830.65853658537,0.04186059534549713,
165843.0,,2.0
165993.0,,2.0
166003.12765957447,0.042000602930784225,
166027.0,,2.0
166034.7380952381,0.042080607265233994,
166052.0,,2.0
166093.25,0.04222061485052109,
166096.0,,2.0
166103.2558139535,0.04224061593413353,
166122.0,,2.0
166146.3404255319,0.042380623519420624,
166148.0,,2.0
166172.0,,2.0
166195.0,,2.0
166216.0,,2.0
166221.75,0.04264063760638237,
166239.0,,2.0
166245.87234042553,0.04272064194083214,
166258.0,,2.0
166275.96363636362,0.04284064844250679,
166284.0,,2.0
166314.0,,2.0
166339.0,,2.0
166351.72340425532,0.04306066036224365,
166355.59574468085,0.043080661445856094,
166365.0,,2.0
166370.5,0.04312066361308098,
166387.0,,2.0
166413.0,,2.0
166423.91397849462,0.043280672281980515,
166475.36559139786,0.04334067553281784,
166558.0,,2.0
166627.56,0.04350068420171738,
166632.0,,2.0
166641.12,0.04354068636894226,
166651.0,,2.0
166684.0,,2.0
166707.40425531915,0.04374069720506668,
166709.0,,2.0
166714.83333333334,0.04376069828867912,
166734.0,,2.0
166832.0,,2.0
166856.25531914894,0.0439407080411911,
166892.0,,2.0
166926.0,0.044080715626478195,
166943.0,,2.0
166966.0,,2.0
166993.37113402062,0.04430072754621506,
167025.0,,2.0
167060.0,,2.0
167089.0,,2.0
167099.125,0.044560741633176804,
167118.8125,0.04462074488401413,
167143.0,,2.0
167275.89928057554,0.044860757887363434,
167300.72661870503,0.044880758970975876,
167341.61870503597,0.0449407622218132,
167346.0,,2.0
167351.68421052632,0.044960763305425644,
167363.68421052632,0.04500076547265053,
167370.0,,2.0
167396.0,,2.0
167426.0,,2.0
167431.95238095237,0.04520077630877495,
167451.0,,2.0
167486.83809523808,0.045360784977674484,
167502.48571428572,0.04542078822851181,
167504.0,,2.0
167597.0,,2.0
167603.43396226416,0.04552079364657402,
167612.20754716982,0.04554079473018646,
167628.0,,2.0
167634.58823529413,0.04560079798102379,
167656.0,,2.0
167806.0,,2.0
167956.0,,2.0
167969.65853658537,0.04588081315159798,
167976.0,,2.0
167981.7,0.04592081531882286,
167993.86,0.04598081856966019,
167995.0,,2.0
168022.0,,2.0
168027.27083333334,0.0460808239877224,
168045.0,,2.0
168070.1590909091,0.04622083157300949,
168072.0,,2.0
168189.0,,2.0
168205.5,0.04634083807468414,
168222.0,,2.0
168248.4705882353,0.04640084132552147,
168372.0,,2.0
168378.0185185185,0.04648084565997124,
168397.0,,2.0
168430.0,,2.0
168451.5652173913,0.04668085649609566,
168461.0,,2.0
168533.66666666666,0.046760860830545425,
168672.39393939395,0.046860866248607635,
168679.0,,2.0
168736.71276595743,0.04692086949944496,
168753.46808510637,0.046940870583057404,
168848.414893617,0.04702087491750717,
168854.0,,2.0
168862.0,0.047040876001119614,
168878.0,,2.0
168905.0,,2.0
168912.46666666667,0.04720088467001915,
168943.57777777777,0.04730089008808136,
168961.0,,2.0
169018.0,,2.0
169037.0,,2.0
169058.0,,2.0
169074.1,0.04772091284394264,
169081.0,,2.0
169088.38461538462,0.047760915011167526,
169097.61538461538,0.04780091717839241,
169105.0,,2.0
169110.73913043478,0.047840919345617294,
169127.0,,2.0
169148.0,,2.0
169178.0,,2.0
169233.0,,2.0
169252.74,0.04822093993425369,
169254.0,,2.0
169277.0,,2.0
169319.0,,2.0
169469.0,,2.0
169487.5,0.04852095618844032,
169493.0,,2.0
169519.0,,2.0
169544.0,,2.0
169570.0,,2.0
169578.68085106384,0.04880097135901451,
169594.0,,2.0
169606.75510204083,0.04890097677707672,
169609.81632653062,0.04892097786068916,
169644.0,,2.0
169652.04255319148,0.049040984362363815,
169671.0,,2.0
169698.0,,2.0
169776.4090909091,0.04922099411487579,
169848.0,,2.0
169879.0,,2.0
169897.5060240964,0.04940100386738777,
169914.85542168675,0.0494610071182251,
169927.0,,2.0
169977.33571428573,0.04966101795434952,
169999.32142857142,0.049721021205186844,
170008.0,,2.0
170027.76,0.04980102553963661,
170034.0,,2.0
170053.67567567568,0.04988102987408638,
170057.8918918919,0.04990103095769882,
170060.0,,2.0
170072.88888888888,0.049941033124923706,
170089.0,,2.0
170196.7142857143,0.05006103962659836,
170205.0,,2.0
170229.0,,2.0
170248.51807228915,0.050221048295497894,
170274.0,,2.0
170424.0,,2.0
170448.0,,2.0
170463.86538461538,0.05050106346607208,
170481.0,,2.0
170503.0,,2.0
170516.10638297873,0.05066107213497162,
170531.0,,2.0
170546.91836734695,0.05074107646942139,
170561.0,,2.0
170596.0810810811,0.05080107972025871,
170679.0,,2.0
170702.0,,2.0
170777.83516483515,0.05106109380722046,
170805.0,,2.0
170817.6,0.05114109814167023,
170825.4,0.05116109922528267,
170830.2,0.05118110030889511,
170832.0,,2.0
170862.0,,2.0
170887.3469387755,0.05134110897779465,
170889.0,,2.0
170980.0,,2.0
170994.9423076923,0.05148111656308174,
171001.0,,2.0
171011.63829787233,0.05154111981391907,
171026.0,,2.0
171049.0,,2.0
171235.49438202247,0.051821134984493256,
171242.0,,2.0
171258.13333333333,0.05188113823533058,
171286.0,,2.0
171321.15,0.05206114798784256,
171324.0,,2.0
171336.5,0.052081149071455,
171357.75,0.052121151238679886,
171374.0,,2.0
171382.35877862596,0.05216115340590477,
171393.5038167939,0.052201155573129654,
171447.0,,2.0
171453.24,0.052401166409254074,
171471.0,,2.0
171484.6588235294,0.052521172910928726,
171503.88235294117,0.05258117616176605,
171514.0,,2.0
171542.0,,2.0
171555.58823529413,0.05274118483066559,
171577.41176470587,0.0528411902487278,
171584.0,,2.0
171611.0,,2.0
171616.02325581395,0.05296119675040245,
171638.0,,2.0
171655.36842105264,0.05306120216846466,
171668.0,,2.0
171691.0,,2.0
171718.0,,2.0
171727.89361702127,0.05328121408820152,
171749.0,,2.0
171768.6875,0.05342122167348862,
171770.0,,2.0
171782.74509803922,0.0534612238407135,
171793.5294117647,0.053501226007938385,
171795.0,,2.0
171810.30434782608,0.05354122817516327,
171827.0,,2.0
171958.85714285713,0.05366123467683792,
171969.0,,2.0
171996.0,,2.0
172007.66666666666,0.05376124009490013,
172014.66666666666,0.05378124117851257,
172031.0,,2.0
172057.0465116279,0.053901247680187225,
172059.0,,2.0
172080.0,,2.0
172218.0,,2.0
172308.8108108108,0.05412125959992409,
172338.0,,2.0
172357.0,,2.0
172379.0,,2.0
172395.30434782608,0.05436127260327339,
172404.0,,2.0
172463.0,,2.0
172484.275,0.05462128669023514,
172486.0,,2.0
172510.0,,2.0
172528.0,,2.0
172533.15094339623,0.054801296442747116,
172549.0,,2.0
172574.0,,2.0
172587.21739130435,0.054981306195259094,
172606.0,,2.0
172631.0,,2.0
172661.0,,2.0
172676.88235294117,0.05524132028222084,
172703.35294117648,0.05532132461667061,
172711.0,,2.0
172732.0,,2.0
172741.0588235294,0.0554613322019577,
172746.82352941178,0.055481333285570145,
172753.0,,2.0
172762.67441860464,0.05552133545279503,
172772.3488372093,0.05556133762001991,
172777.18604651163,0.055581338703632355,
172779.0,,2.0
172785.06666666668,0.0556013397872448,
172800.0,,2.0
172814.875,0.05572134628891945,
172821.0,,2.0
172847.0,,2.0
172853.6511627907,0.0558413527905941,
172871.18604651163,0.05590135604143143,
172873.0,,2.0
172887.4827586207,0.05594135820865631,
172901.0,,2.0
172923.24175824175,0.05606136471033096,
172941.43956043955,0.05612136796116829,
172947.0,,2.0
172951.8,0.05616137012839317,
172965.8,0.0562213733792305,
172967.0,,2.0
172973.52173913043,0.05624137446284294,
172992.0,,2.0
173015.0,,2.0
173024.8,0.05642138421535492,
173036.0,,2.0
173050.6739130435,0.05650138854980469,
173055.36956521738,0.05652138963341713,
173063.0,,2.0
173069.7294117647,0.056561391800642014,
173075.42352941175,0.056581392884254456,
173107.0,,2.0
173126.6875,0.056781403720378876,
173128.0,,2.0
173151.0,,2.0
173164.73684210525,0.05690141022205353,
173180.0,,2.0
173203.25,0.05700141564011574,
173209.25,0.05702141672372818,
173219.0,0.05704141780734062,
173243.0,,2.0
173248.64150943398,0.05712142214179039,
173264.69811320756,0.057181425392627716,
173266.0,,2.0
173272.9347826087,0.05720142647624016,
173295.0,,2.0
173323.0,,2.0
173346.0,,2.0
173420.57894736843,0.05752144381403923,
173455.0,,2.0
173473.66666666666,0.057661451399326324,
173475.0,,2.0
173491.37078651684,0.05772145465016365,
173516.19101123596,0.05780145898461342,
173522.0,,2.0
173549.02272727274,0.05790146440267563,
173551.0,,2.0
173579.0,,2.0
173608.0,,2.0
173618.74757281554,0.05810147523880005,
173649.0,,2.0
173664.4,0.05828148499131203,
173671.0,,2.0
173675.84615384616,0.05832148715853691,
173685.53846153847,0.058361489325761795,
173690.38461538462,0.05838149040937424,
173692.0,,2.0
173700.85714285713,0.05840149149298668,
173723.0,,2.0
173760.125,0.05850149691104889,
173780.375,0.05852149799466133,
173804.0,,2.0
173833.47368421053,0.05862150341272354,
173836.0,,2.0
173850.44444444444,0.058661505579948425,
173859.33333333334,0.05870150774717331,
173861.0,,2.0
173882.55102040817,0.05874150991439819,
173905.0,,2.0
173933.0,,2.0
173961.93333333332,0.058941520750522614,
173964.0,,2.0
174085.0,,2.0
174097.4347826087,0.059061527252197266,
174107.0,,2.0
174132.3125,0.05918153375387192,
174138.0078125,0.05920153483748436,
174146.8671875,0.059241537004709244,
174162.6875,0.05928153917193413,
174170.28125,0.05930154025554657,
174188.0,,2.0
174200.7111111111,0.05938154458999634,
174206.48888888888,0.05940154567360878,
174212.26666666666,0.05942154675722122,
174214.0,,2.0
174229.225,0.059461548924446106,
174243.0,,2.0
174321.57142857142,0.059541553258895874,
174382.2857142857,0.05958155542612076,
174393.0,,2.0
174400.51020408163,0.0596015565097332,
174414.5918367347,0.059661559760570526,
174416.0,,2.0
174441.0,,2.0
174454.38636363635,0.05980156734585762,
174460.0,,2.0
174470.81,0.059861570596694946,
174477.86,0.05990157276391983,
174507.0,,2.0
174524.21739130435,0.060041580349206924,
174531.0,,2.0
174579.0,0.06010158360004425,
174615.0,0.060141585767269135,
174621.0,,2.0
174715.96666666667,0.06028159335255623,
174728.3,0.06030159443616867,
174732.0,,2.0
174755.0,,2.0
174905.0,,2.0
174923.66666666666,0.06052160635590553,
174931.0,,2.0
174953.0,,2.0
174967.5,0.06066161394119263,
174981.0,,2.0
174989.4,0.06072161719202995,
175009.0,,2.0
175038.04761904763,0.06086162477731705,
175061.2857142857,0.06092162802815437,
175070.0,,2.0
175085.1463414634,0.0609816312789917,
175091.07317073172,0.06100163236260414,
175097.0,,2.0
175179.0,,2.0
175198.0,,2.0
175220.0,,2.0
175277.0,,2.0
175295.65217391305,0.06138165295124054,
175316.0,,2.0
175358.5806451613,0.06158166378736496,
175360.0,,2.0
175392.0,,2.0
175412.68181818182,0.06168166920542717,
175462.0,,2.0
175601.77272727274,0.061821676790714264,
175612.0,,2.0
175632.73076923078,0.06190168112516403,
175634.0,,2.0
175657.95652173914,0.06196168437600136,
175672.0,,2.0
175687.75757575757,0.062021687626838684,
175696.94949494948,0.062041688710451126,
175737.0,,2.0
175753.34615384616,0.06218169629573822,
175771.0,,2.0
175786.84782608695,0.06226170063018799,
175798.0,,2.0
175821.67605633804,0.0623617060482502,
175848.2394366197,0.062441710382699966,
175862.67605633804,0.06248171254992485,
175880.0,,2.0
175900.4827586207,0.06260170042514801,
175907.0,,2.0
175932.6,0.06270168721675873,
175935.0,,2.0
175954.12765957447,0.06276167929172516,
175964.0,,2.0
175975.5,0.06282167136669159,
175987.0,,2.0
176009.0,,2.0
176016.0652173913,0.0629616528749466,
176034.0,,2.0
176050.63414634147,0.06308163702487946,
176056.0,,2.0
176078.0,,2.0
176120.22340425532,0.06332160532474518,
176127.0,,2.0
176151.0,,2.0
176169.66666666666,0.06348158419132233,
176179.0,,2.0
176283.79207920792,0.06366156041622162,
176287.0,,2.0
176299.786259542,0.0637015551328659,
176305.92366412215,0.06372155249118805,
176326.893129771,0.06380154192447662,
176329.96183206106,0.06382153928279877,
176352.46564885497,0.06390152871608734,
176354.0,,2.0
176415.9534883721,0.06394152343273163,
176465.0,,2.0
176491.0,,2.0
176501.95652173914,0.06410150229930878,
176512.0,,2.0
176535.0,,2.0
176584.0,,2.0
176606.64705882352,0.06438146531581879,
176639.0,,2.0
176661.0,,2.0
176722.0,,2.0
176745.0,,2.0
176752.78169014084,0.06472142040729523,
176757.5704225352,0.06474141776561737,
176810.24647887325,0.06488139927387238,
176815.03521126762,0.06490139663219452,
176830.0,,2.0
176857.0,,2.0
176872.05660377358,0.06508137285709381,
176876.0,,2.0
176896.75471698114,0.06518135964870453,
176898.0,,2.0
176923.67346938775,0.06524135172367096,
176929.91836734695,0.0652613490819931,
176932.0,,2.0
176962.17142857143,0.06534133851528168,
176965.0,,2.0
176971.22641509434,0.06536133587360382,
176987.0,,2.0
177093.3125,0.06564129889011383,
177113.5625,0.06568129360675812,
177124.53125,0.06570129096508026,
177149.0,,2.0
177195.52631578947,0.06576128304004669,
177274.26315789475,0.06582127511501312,
177285.0,,2.0
177298.31707317074,0.06588126718997955,
177306.0,,2.0
177310.8431372549,0.06592126190662384,
177325.0,,2.0
177356.73684210525,0.06602124869823456,
177392.0,,2.0
177411.42857142858,0.06610123813152313,
177417.4065934066,0.06612123548984528,
177424.8791208791,0.06614123284816742,
177460.0,,2.0
177478.53658536586,0.06630121171474457,
177480.0,,2.0
177504.0,,2.0
177601.311827957,0.06646119058132172,
177685.0,,2.0
177737.11627906977,0.06670115888118744,
177739.0,,2.0
177798.0,,2.0
177821.0,,2.0
177827.63829787233,0.06688113510608673,
177845.0,,2.0
177870.0,,2.0
177899.0,,2.0
177924.0,,2.0
177939.84782608695,0.06722109019756317,
177951.0,,2.0
177975.0,,2.0
177984.0,0.06738106906414032,
177989.0,0.06740106642246246,
177996.0,,2.0
178024.0,0.0674610584974289,
178052.0,,2.0
178077.83333333334,0.06756104528903961,
178087.0,,2.0
178112.51020408163,0.0676010400056839,
178212.0,,2.0
178228.2380952381,0.06768102943897247,
178303.52380952382,0.06778101623058319,
178336.0,,2.0
178357.13636363635,0.06788100302219391,
178366.0,,2.0
178373.45714285714,0.0679209977388382,
178395.0,,2.0
178410.5,0.06802098453044891,
178418.89583333334,0.06804098188877106,
178426.0,,2.0
178455.0,,2.0
178475.84210526315,0.06818096339702606,
178499.0,,2.0
178553.38848920862,0.06828095018863678,
178644.48920863308,0.06840093433856964,
178660.80575539568,0.06842093169689178,
178673.04316546762,0.06844092905521393,
178688.0,,2.0
178713.38,0.06854091584682465,
178715.0,,2.0
178742.0,,2.0
178754.1935483871,0.06866089999675751,
178772.7741935484,0.06872089207172394,
178788.4516129032,0.06876088678836823,
178794.25806451612,0.06878088414669037,
178796.0,,2.0
178815.5,0.06882087886333466,
178835.0,,2.0
178860.0,,2.0
178888.0,,2.0
178910.0,,2.0
178960.48076923078,0.06914083659648895,
179015.0,,2.0
179029.4,0.06922082602977753,
179039.0,,2.0
179062.0,,2.0
179087.86486486485,0.06936080753803253,
179149.0,,2.0
179222.33333333334,0.06946079432964325,
179435.0,,2.0
179441.16,0.06960077583789825,
179453.48,0.06964077055454254,
179463.0,,2.0
179484.6,0.06972075998783112,
179495.0,,2.0
179527.02325581395,0.06984074413776398,
179546.0,,2.0
179571.0,,2.0
179687.66666666666,0.07004071772098541,
179721.0,,2.0
179789.0,,2.0
179794.5,0.07016070187091827,
179809.0,,2.0
179826.70072992702,0.07026068866252899,
179884.0510948905,0.070400670170784,
179906.0,,2.0
179937.0,,2.0
180007.0,,2.0
180017.29787234042,0.07066063582897186,
180029.0,,2.0
180037.64,0.0707206279039383,
180054.38,0.07078061997890472,
180056.0,,2.0
180086.0,,2.0
180098.83333333334,0.07090060412883759,
180108.0,,2.0
180115.4712643678,0.07096059620380402,
180120.6436781609,0.07098059356212616,
180127.54022988505,0.0710005909204483,
180158.0,,2.0
180164.55319148937,0.07112057507038116,
180171.10638297873,0.07114057242870331,
180180.0,,2.0
180203.38461538462,0.07122056186199188,
180228.0,,2.0
180286.26666666666,0.07130055129528046,
180342.0,,2.0
180354.45833333334,0.07138054072856903,
180362.04166666666,0.07140053808689117,
180368.0,,2.0
180403.0,,2.0
180412.44444444444,0.07152052223682404,
180420.22222222222,0.07156051695346832,
180426.33333333334,0.07158051431179047,
180428.0,,2.0
180452.0,,2.0
180491.70588235295,0.07168050110340118,
180587.0,,2.0
180695.0,,2.0
180723.70103092783,0.07190047204494476,
180753.0,,2.0
180774.0,,2.0
180780.22916666666,0.07208044826984406,
180797.0,,2.0
180821.5,0.07222042977809906,
180823.0,,2.0
180837.875,0.07226042449474335,
180847.08333333334,0.07228042185306549,
180857.0,,2.0
180878.8316831683,0.07238040864467621,
180893.8712871287,0.0724204033613205,
180904.54455445544,0.07246039807796478,
180906.0,,2.0
180944.38709677418,0.07258038222789764,
180957.0,,2.0
181107.0,,2.0
181127.0,,2.0
181235.0,,2.0
181261.0,,2.0
181288.0,,2.0
181306.7441860465,0.07316030561923981,
181314.0,,2.0
181347.35555555555,0.07332028448581696,
181350.73333333334,0.0733402818441391,
181352.0,,2.0
181375.5294117647,0.07342027127742767,
181377.0,,2.0
181384.975,0.07344026863574982,
181406.0,,2.0
181452.0,,2.0
181472.2093023256,0.07368023693561554,
181510.7906976744,0.07372023165225983,
181531.0,,2.0
181681.0,,2.0
181706.3125,0.07390020787715912,
181708.0,,2.0
181719.9540229885,0.07392020523548126,
181742.66666666666,0.07396019995212555,
181808.41379310345,0.07406018674373627,
181812.0,,2.0
181828.7619047619,0.0741201788187027,
181832.42857142858,0.07414017617702484,
181834.0,,2.0
181861.0,,2.0
181866.1489361702,0.07424016296863556,
181876.914893617,0.07428015768527985,
181883.0,,2.0
181907.0,,2.0
181931.45918367346,0.07446013391017914,
181947.07142857142,0.07450012862682343,
181958.0,,2.0
181976.05940594058,0.074580118060112,
182002.58415841585,0.07466010749340057,
182015.0,,2.0
182039.0,,2.0
182105.85714285713,0.07486008107662201,
182111.0,,2.0
182144.0,,2.0
182179.0,,2.0
182320.0,0.07510004937648773,
182329.0,,2.0
182335.02380952382,0.07512004673480988,
182355.83333333334,0.07520003616809845,
182367.88095238095,0.07524003088474274,
182375.0,,2.0
182401.97674418605,0.07534001767635345,
182404.0,,2.0
182426.0,,2.0
182474.0,0.07546000182628632,
182491.77777777778,0.07547999918460846,
182564.66666666666,0.07555998861789703,
182586.0,,2.0
182596.54166666666,0.07561998069286346,
182607.5625,0.07565997540950775,
182609.0,,2.0
182635.0,,2.0
182640.06666666668,0.07575996220111847,
182654.0,,2.0
182740.0,,2.0
182766.0465116279,0.07605992257595062,
182768.0,,2.0
182918.0,,2.0
182950.51111111112,0.07617990672588348,
182989.86666666667,0.07621990144252777,
182995.0,,2.0
183022.0,,2.0
183028.89361702127,0.07631988823413849,
183036.36170212767,0.07633988559246063,
183042.10638297873,0.07635988295078278,
183049.0,,2.0
183077.5,0.07647986710071564,
183093.0,,2.0
183124.73333333334,0.07663984596729279,
183142.3,0.07669983804225922,
183144.0,,2.0
183153.82926829267,0.07671983540058136,
183172.73170731709,0.07677982747554779,
183175.0,,2.0
183200.66666666666,0.07683981955051422,
183208.0,,2.0
183294.0,,2.0
183308.66666666666,0.07697980105876923,
183322.0,,2.0
183343.82716049382,0.0770597904920578,
183352.22222222222,0.07707978785037994,
183373.2098765432,0.07713977992534637,
183390.0,,2.0
183403.0,0.07723976671695709,
183409.0,,2.0
183519.0,0.07731975615024567,
183559.0,,2.0
183575.18867924527,0.0773797482252121,
183592.0,,2.0
183601.1914893617,0.07743974030017853,
183616.0,,2.0
183637.26666666666,0.07755972445011139,
183645.0,,2.0
183651.78260869565,0.07759971916675568,
183657.52173913043,0.07761971652507782,
183669.0,,2.0
183692.0,,2.0
183740.35164835164,0.07789967954158783,
183742.0,,2.0
183781.80246913582,0.07801966369152069,
183794.0,,2.0
183802.6511627907,0.07807965576648712,
183810.58139534883,0.07809965312480927,
183825.0,,2.0
183921.11538461538,0.07821963727474213,
183927.0,,2.0
183950.0,,2.0
183971.0,,2.0
184019.2142857143,0.07839961349964142,
184075.4642857143,0.0784396082162857,
184121.0,,2.0
184148.0,,2.0
184175.0,,2.0
184189.93333333332,0.07865957915782928,
184207.0,,2.0
184282.0,,2.0
184302.0,,2.0
184307.16326530612,0.07887955009937286,
184325.0,,2.0
184376.0,,2.0
184384.8260869565,0.07911951839923859,
184403.10869565216,0.07917951047420502,
184405.0,,2.0
184467.41304347827,0.07923950254917145,
184492.0,,2.0
184539.0,,2.0
184574.26717557252,0.07947947084903717,
184609.53435114503,0.0795394629240036,
184671.0,,2.0
184693.0,,2.0
184753.02325581395,0.07979942858219147,
184767.51162790696,0.07981942594051361,
184798.55813953487,0.07983942329883575,
184854.44186046513,0.07989941537380219,
184891.6976744186,0.07991941273212433,
184960.0,,2.0
184969.75,0.0799994021654129,
184986.0,,2.0
184995.6551724138,0.08007939159870148,
185011.94827586206,0.08011938631534576,
185021.0,,2.0
185045.0,,2.0
185068.76,0.08027936518192291,
185078.0,,2.0
185115.0,,2.0
185145.0,,2.0
185212.2,0.08057932555675507,
185229.0,,2.0
185256.0,,2.0
185267.8918918919,0.08073930442333221,
185271.45945945947,0.08075930178165436,
185278.0,,2.0
185290.44444444444,0.08081929385662079,
185330.88888888888,0.0809192806482315,
185341.0,,2.0
185378.84,0.08097927272319794,
185427.0,,2.0
185448.67307692306,0.0810992568731308,
185450.0,,2.0
185471.5625,0.08117924630641937,
185473.0,,2.0
185488.60714285713,0.08121924102306366,
185494.0357142857,0.0812392383813858,
185515.07142857142,0.08127923309803009,
185568.0,,2.0
185631.0,,2.0
185715.24,0.0815591961145401,
185740.98,0.08157919347286224,
185748.0,,2.0
185760.02272727274,0.08161918818950653,
185771.0,,2.0
185907.0,,2.0
185912.31818181818,0.08175916969776154,
185916.45454545456,0.08177916705608368,
185931.22727272726,0.08181916177272797,
185933.0,,2.0
185956.0,,2.0
185975.0243902439,0.08195914328098297,
185980.0975609756,0.08197914063930511,
185982.0,,2.0
186008.0,,2.0
186034.0,,2.0
186249.0,,2.0
186399.0,,2.0
186421.0,,2.0
186425.80263157896,0.0824790745973587,
186430.125,0.08249907195568085,
186435.88815789475,0.08251906931400299,
186453.17763157896,0.08255906403064728,
186463.26315789475,0.08259905874729156,
186482.47368421053,0.082659050822258,
186494.0,,2.0
186521.06,0.08277903497219086,
186532.94,0.082799032330513,
186543.5,0.08281902968883514,
186560.0,,2.0
186587.0,,2.0
186598.26530612246,0.08297900855541229,
186610.0,,2.0
186619.50943396226,0.08305899798870087,
186631.0,,2.0
186638.85714285713,0.0831189900636673,
186648.2857142857,0.08315898478031158,
186653.0,,2.0
186672.0,,2.0
186694.0,,2.0
186702.69565217392,0.08335895836353302,
186744.0,,2.0
186748.08333333334,0.08351893723011017,
186765.0,,2.0
186784.64285714287,0.08363892138004303,
186788.2142857143,0.08365891873836517,
186790.0,,2.0
186819.0,,2.0
186834.27272727274,0.08379890024662018,
186843.0,,2.0
186891.40425531915,0.08397887647151947,
186893.0,,2.0
186924.0,,2.0
186934.15384615384,0.08409886062145233,
186946.0,,2.0
186955.3,0.08415885269641876,
186974.675,0.08421884477138519,
186977.0,,2.0
186995.18181818182,0.08427883684635162,
187002.0,,2.0
187039.0,,2.0
187062.0,,2.0
187078.13333333333,0.08451880514621735,
187084.0,,2.0
187150.0,,2.0
187169.18604651163,0.0846787840127945,
187175.0,,2.0
187233.0,,2.0
187250.9245283019,0.08485876023769379,
187252.0,,2.0
187282.0,,2.0
187299.68292682926,0.08499874174594879,
187307.0,,2.0
187325.63636363635,0.08507873117923737,
187332.0,,2.0
187360.06818181818,0.0851387232542038,
187368.70454545456,0.08515872061252594,
187427.0,,2.0
187451.0,,2.0
187496.0,0.0854186862707138,
187499.0,,2.0
187520.58333333334,0.08547867834568024,
187527.0,,2.0
187552.0,,2.0
187560.1052631579,0.0855986624956131,
187580.0,,2.0
187593.46153846153,0.08569864928722382,
187605.0,,2.0
187650.5357142857,0.08575864136219025,
187709.4642857143,0.08579863607883453,
187755.0,,2.0
187765.26,0.08585862815380096,
187774.0,,2.0
187796.0,,2.0
187825.0,,2.0
187834.5,0.08607859909534454,
187846.5,0.08613859117031097,
187848.0,,2.0
187852.2,0.08615858852863312,
187869.0,,2.0
187896.0,,2.0
187944.0,,2.0
187985.7525773196,0.08649854362010956,
187994.0,,2.0
188014.46511627908,0.08661852777004242,
188016.0,,2.0
188067.1294117647,0.08677850663661957,
188069.0,,2.0
188083.1914893617,0.08681850135326385,
188096.1489361702,0.08685849606990814,
188098.0,,2.0
188131.54545454544,0.08693848550319672,
188134.0,,2.0
188143.65853658537,0.08695848286151886,
188162.9756097561,0.08699847757816315,
188174.78048780488,0.08701847493648529,
188178.0,,2.0
188194.5842696629,0.08709846436977386,
188201.49438202247,0.08711846172809601,
188217.61797752808,0.08717845380306244,
188219.0,,2.0
188233.2105263158,0.08721844851970673,
188245.05263157896,0.08725844323635101,
188273.0,,2.0
188291.31683168316,0.08739842474460602,
188321.51485148515,0.08749841153621674,
188323.0,,2.0
188329.1224489796,0.08751840889453888,
188348.0,,2.0
188372.0,,2.0
188378.58823529413,0.08767838776111603,
188394.58823529413,0.08773837983608246,
188396.0,,2.0
188415.47826086957,0.0877583771944046,
188430.78260869565,0.08777837455272675,
188443.30434782608,0.08779837191104889,
188460.0,,2.0
188468.86666666667,0.08785836398601532,
188481.0,,2.0
188511.75,0.08795835077762604,
188522.0,,2.0
188624.08333333334,0.08803834021091461,
188662.0,,2.0
188686.0,,2.0
188697.25,0.08817832171916962,
188702.3125,0.08819831907749176,
188725.9375,0.08825831115245819,
188738.3125,0.08829830586910248,
188740.0,,2.0
188768.81914893616,0.0883982926607132,
188776.13829787233,0.08843828737735748,
188781.62765957447,0.08845828473567963,
188783.0,,2.0
188787.26530612246,0.08847828209400177,
188802.0,,2.0
188816.1971830986,0.08859826624393463,
188849.661971831,0.08869825303554535,
188872.47887323942,0.08877824246883392,
188874.0,,2.0
188881.5,0.08879823982715607,
188904.0,,2.0
188979.0,0.08889822661876678,
189021.0,0.08891822397708893,
189045.0,0.08893822133541107,
189054.0,,2.0
189082.0,,2.0
189119.33333333334,0.08915819227695465,
189124.0,,2.0
189131.6923076923,0.08919818699359894,
189147.5576923077,0.08925817906856537,
189149.0,,2.0
189201.29545454544,0.08935816586017609,
189224.3409090909,0.08941815793514252,
189227.0,,2.0
189251.0,,2.0
189272.8901098901,0.08953814208507538,
189313.02197802198,0.08961813151836395,
189322.14285714287,0.0896381288766861,
189334.0,,2.0
189406.0,,2.0
189425.5,0.08993808925151825,
189442.075,0.08997808396816254,
189445.0,,2.0
189461.7109375,0.09005807340145111,
189514.0,,2.0
189524.7142857143,0.09025804698467255,
189537.4693877551,0.09029804170131683,
189539.0,,2.0
189550.11764705883,0.09033803641796112,
189560.0,,2.0
189581.39534883722,0.09039802849292755,
189606.0,,2.0
189667.38888888888,0.09049801528453827,
189736.0,,2.0
189758.0,,2.0
189764.48648648648,0.09063799679279327,
189782.0,,2.0
189787.83673469388,0.09071798622608185,
189804.0,,2.0
189823.6875,0.09085796773433685,
189825.0,,2.0
189832.8260869565,0.090877965092659,
189849.0,,2.0
189855.085106383,0.09095795452594757,
189861.17021276595,0.09097795188426971,
189873.3404255319,0.091017946600914,
189875.0,,2.0
189894.21739130435,0.09107793867588043,
189901.0,,2.0
189920.0,,2.0
189942.0,,2.0
189963.0,,2.0
189988.0,,2.0
190003.725,0.09145788848400116,
190025.0,,2.0
190125.7901234568,0.09159786999225616,
190160.67901234567,0.09163786470890045,
190182.0,,2.0
190203.95744680852,0.09173785150051117,
190230.0,,2.0
190258.0,,2.0
190300.54545454544,0.09195782244205475,
190328.9090909091,0.09199781715869904,
190362.0,,2.0
190369.58333333334,0.09207780659198761,
190390.0,,2.0
190428.4895104895,0.09223778545856476,
190433.3006993007,0.0922577828168869,
190476.0,,2.0
190484.71794871794,0.09241776168346405,
190493.0,,2.0
190514.0,,2.0
190554.1590909091,0.09263773262500763,
190576.0,,2.0
190589.07692307694,0.09273771941661835,
190610.0,,2.0
190621.875,0.09281770884990692,
190628.125,0.09283770620822906,
190635.0,,2.0
190642.8,0.09287770092487335,
190646.05,0.0928976982831955,
190661.0,,2.0
190673.7906976744,0.09297768771648407,
190683.0,,2.0
190700.58139534883,0.09307767450809479,
190711.0,,2.0
190718.5,0.09311766922473907,
190736.0,,2.0
190743.15555555557,0.09319765865802765,
190759.0,,2.0
190781.0,,2.0
190829.0,,2.0
190843.66666666666,0.09347762167453766,
190851.0,,2.0
190868.55319148937,0.09355761110782623,
190896.63829787233,0.09363760054111481,
190906.0,,2.0
191082.0,,2.0
191103.025,0.09387756884098053,
191111.0,,2.0
191121.33333333334,0.09391756355762482,
191127.14583333334,0.09393756091594696,
191140.0625,0.09397755563259125,
191142.0,,2.0
191326.0,,2.0
191346.0,,2.0
191373.02272727274,0.09429751336574554,
191375.0,,2.0
191399.5,0.09435750544071198,
191410.0,,2.0
191438.0,,2.0
191462.0,,2.0
191484.0,,2.0
191505.6,0.09469746053218842,
191508.0,,2.0
191514.35555555555,0.09471745789051056,
191525.9111111111,0.09475745260715485,
191534.0,,2.0
191579.0,,2.0
191607.0,,2.0
191626.9534883721,0.09507741034030914,
191631.18604651163,0.09509740769863129,
191633.0,,2.0
191656.0,,2.0
191666.54166666666,0.09521739184856415,
191672.29166666666,0.09523738920688629,
191679.0,,2.0
191703.0,,2.0
191715.17647058822,0.0953773707151413,
191720.58823529413,0.09539736807346344,
191724.64705882352,0.09541736543178558,
191726.0,,2.0
191777.6923076923,0.09549735486507416,
191782.0,,2.0
191790.72727272726,0.0955173522233963,
191806.72727272726,0.09555734694004059,
191811.81818181818,0.09557734429836273,
191814.0,,2.0
191891.0,,2.0
191928.86046511628,0.09579731523990631,
191935.0,,2.0
191944.91666666666,0.09585730731487274,
191956.0,,2.0
192106.0,,2.0
192118.2641509434,0.09601728618144989,
192124.64150943398,0.09603728353977203,
192130.5283018868,0.09605728089809418,
192132.0,,2.0
192174.0,,2.0
192198.8108108108,0.09621725976467133,
192201.0,,2.0
192237.0,,2.0
192254.4,0.09635724127292633,
192261.0,,2.0
192280.56818181818,0.09645722806453705,
192282.0,,2.0
192305.61111111112,0.09653721749782562,
192307.0,,2.0
192349.70588235295,0.09659720957279205,
192409.23529411765,0.09667719900608063,
192423.4705882353,0.09669719636440277,
192479.11764705883,0.09677718579769135,
192483.0,,2.0
192510.0,,2.0
192525.0,0.0968971699476242,
192532.8260869565,0.09691716730594635,
192555.65217391305,0.09697715938091278,
192570.0,,2.0
192590.29268292684,0.09705714881420135,
192618.19512195123,0.09709714353084564,
192622.0,,2.0
192630.34567901236,0.09711714088916779,
192638.6913580247,0.09715713560581207,
192672.07407407407,0.09725712239742279,
192674.0,,2.0
192694.88,0.09731711447238922,
192703.0,,2.0
192769.0,,2.0
192781.48979591837,0.09745709598064423,
192818.4387755102,0.09757708013057709,
192820.0,,2.0
192954.1121495327,0.09769706428050995,
192970.4672897196,0.09771706163883209,
192995.0,,2.0
193016.46666666667,0.09781704843044281,
193018.0,,2.0
193033.70731707316,0.0978570431470871,
193038.48780487804,0.09787704050540924,
193046.0,,2.0
193159.0,,2.0
193172.38461538462,0.09801702201366425,
193188.0,,2.0
193212.0,,2.0
193256.0,,2.0
193278.36363636365,0.09837697446346283,
193280.0,,2.0
193304.975,0.0984569638967514,
193307.0,,2.0
193321.9298245614,0.09851695597171783,
193330.0,,2.0
193342.7906976744,0.09857694804668427,
193355.0,,2.0
193372.55319148937,0.09867693483829498,
193387.97872340426,0.09871692955493927,
193405.0,,2.0
193427.0,,2.0
193446.2,0.09893690049648285,
193448.0,,2.0
193511.0,,2.0
193535.0,,2.0
193592.0,,2.0
193630.85,0.09925685822963715,
193634.0,,2.0
193642.0,0.09927685558795929,
193647.5,0.09929685294628143,
193658.5,0.09933684766292572,
193660.0,,2.0
193666.86274509804,0.09935684502124786,
193685.0,,2.0
193715.73529411765,0.09949682652950287,
193756.94852941178,0.09959681332111359,
193780.0,,2.0
193792.5849056604,0.0996968001127243,
193796.9245283019,0.09971679747104645,
193803.0,,2.0
193828.7894736842,0.09981678426265717,
193831.0,,2.0
193837.74193548388,0.09983678162097931,
193850.61290322582,0.0998767763376236,
193872.06451612903,0.09993676841259003,
193888.0,,2.0
193912.0,,2.0
193946.0,,2.0
193980.38202247192,0.10023672878742218,
193990.1235955056,0.10027672350406647,
193995.2808988764,0.10029672086238861,
193997.0,,2.0
194023.0909090909,0.10037671029567719,
194025.0,,2.0
194037.5,0.10041670501232147,
194050.0,,2.0
194147.42857142858,0.10051669180393219,
194172.57142857142,0.10053668916225433,
194182.0,,2.0
194191.48837209304,0.10057668387889862,
194206.0,,2.0
194235.0,,2.0
194240.86666666667,0.10071666538715363,
194279.0,,2.0
194307.0,,2.0
194334.38888888888,0.10101662576198578,
194336.0,,2.0
194358.32558139536,0.10109661519527435,
194360.0,,2.0
194468.0,,2.0
194609.0,,2.0
194615.96,0.10127659142017365,
194621.76,0.10129658877849579,
194638.0,,2.0
194665.0,,2.0
194679.85,0.10145656764507294,
194720.0,,2.0
194745.0,,2.0
194756.17021276595,0.10169653594493866,
194795.0,,2.0
194825.0,,2.0
194831.4,0.10191650688648224,
194847.4,0.10197649896144867,
194849.0,,2.0
194854.73913043478,0.10199649631977081,
194857.60869565216,0.10201649367809296,
194871.0,,2.0
194879.23529411765,0.10207648575305939,
194906.0,,2.0
194967.0,,2.0
194994.0,,2.0
195031.76744186046,0.10239644348621368,
195037.62790697673,0.10241644084453583,
195050.0,,2.0
195084.63829787233,0.10253642499446869,
195087.0,,2.0
195107.53333333333,0.10261641442775726,
195109.0,,2.0
195134.0,,2.0
195177.11111111112,0.10275639593601227,
195189.0864197531,0.10277639329433441,
195221.41975308643,0.10279639065265656,
195235.7901234568,0.1028163880109787,
195246.56790123458,0.10283638536930084,
195328.0,,2.0
195340.19512195123,0.10297636687755585,
195353.0,,2.0
195373.35,0.10309635102748871,
195375.0,,2.0
195395.0,,2.0
195414.44444444444,0.10323633253574371,
195420.0,,2.0
195430.35294117648,0.10329632461071014,
195444.0,,2.0
195449.75,0.10335631668567657,
195467.0,,2.0
195473.0465116279,0.10343630611896515,
195493.0,,2.0
195523.71559633026,0.10351629555225372,
195679.0,,2.0
195775.13333333333,0.1037362664937973,
195782.0,,2.0
195811.0,0.10377626121044159,
195821.0,0.10379625856876373,
195832.0,,2.0
195902.0,,2.0
195912.5,0.10393624007701874,
195916.38888888888,0.10395623743534088,
195923.0,,2.0
195989.693877551,0.10411621630191803,
195999.0,,2.0
196032.35483870967,0.10421620309352875,
196042.29032258064,0.10423620045185089,
196065.0,,2.0
196080.3488372093,0.10433618724346161,
196098.0,,2.0
196106.93617021278,0.10441617667675018,
196118.0,,2.0
196124.27906976745,0.10447616875171661,
196145.0,,2.0
196196.0,,2.0
196209.02040816325,0.10471613705158234,
196254.0,,2.0
196282.0,,2.0
196351.86363636365,0.10495610535144806,
196363.9090909091,0.1049761027097702,
196441.0,,2.0
196458.8125,0.10517607629299164,
196460.0,,2.0
196465.6862745098,0.10519607365131378,
196473.07843137256,0.10521607100963593,
196487.29411764705,0.10525606572628021,
196489.0,,2.0
196514.0,,2.0
196524.78431372548,0.10537604987621307,
196537.5294117647,0.10541604459285736,
196539.0,,2.0
196689.0,,2.0
196698.05617977527,0.10551603138446808,
196737.76404494382,0.1056160181760788,
196751.0,,2.0
196782.0,,2.0
196792.75555555554,0.10577599704265594,
196804.0,,2.0
196819.09433962265,0.10587598383426666,
196824.0,,2.0
196844.02380952382,0.10595597326755524,
196850.92857142858,0.10597597062587738,
196853.0,,2.0
196875.0,,2.0
196895.55681818182,0.10609595477581024,
196900.88636363635,0.10611595213413239,
196921.44318181818,0.10615594685077667,
196935.14772727274,0.10619594156742096,
196939.7159090909,0.1062159389257431,
196942.0,,2.0
196975.54455445544,0.10633592307567596,
196986.0,,2.0
197136.0,,2.0
197159.80952380953,0.1065358966588974,
197181.2380952381,0.10659588873386383,
197186.0,,2.0
197201.39,0.10665588080883026,
197241.29,0.10677586495876312,
197243.0,,2.0
197253.88372093023,0.10679586231708527,
197282.0,,2.0
197293.96,0.10689584910869598,
197303.62,0.10693584382534027,
197305.0,,2.0
197311.31578947368,0.10695584118366241,
197321.0,0.1069958359003067,
197345.0,,2.0
197366.0,,2.0
197372.3,0.10719580948352814,
197387.0,,2.0
197393.41666666666,0.10727579891681671,
197418.5,0.10735578835010529,
197436.0,,2.0
197459.0,,2.0
197483.0975609756,0.10757575929164886,
197485.0,,2.0
197502.41666666666,0.1076357513666153,
197507.0,,2.0
197551.5625,0.10781572759151459,
197553.0,,2.0
197610.0,,2.0
197617.2,0.1079157143831253,
197639.6,0.10797570645809174,
197642.0,,2.0
197675.92405063292,0.10811568796634674,
197682.0,,2.0
197815.0,,2.0
197841.0,,2.0
197852.9387755102,0.10831566154956818,
197880.0,,2.0
198046.0,0.10853563249111176,
198052.0,,2.0
198058.8148148148,0.1085556298494339,
198075.0,,2.0
198087.85714285713,0.10865561664104462,
198102.0,,2.0
198119.3469387755,0.10875560343265533,
198125.4693877551,0.10877560079097748,
198127.0,,2.0
198257.2588235294,0.10889558494091034,
198300.0,,2.0
198329.0,,2.0
198337.36,0.10905556380748749,
198351.0,,2.0
198371.42857142858,0.10917554795742035,
198373.0,,2.0
198386.07692307694,0.10923554003238678,
198391.84615384616,0.10925553739070892,
198393.0,,2.0
198423.0,,2.0
198446.0,,2.0
198453.32558139536,0.10945551097393036,
198467.0,,2.0
198474.56,0.10951550304889679,
198488.0,,2.0
198506.97297297296,0.10963548719882965,
198514.0,,2.0
198611.25925925927,0.10977546870708466,
198624.72592592592,0.1097954660654068,
198711.51111111112,0.10989545285701752,
198716.0,,2.0
198741.3768115942,0.10995544493198395,
198746.60144927536,0.10997544229030609,
198771.97826086957,0.11003543436527252,
198819.0,,2.0
198846.0,,2.0
198996.0,,2.0
199061.0,,2.0
199074.8125,0.11049537360668182,
199080.65625,0.11051537096500397,
199085.96875,0.11053536832332611,
199112.0,,2.0
199122.74285714285,0.11063535511493683,
199142.88571428572,0.11067534983158112,
199159.0,,2.0
199179.5652173913,0.11077533662319183,
199181.0,,2.0
199189.47368421053,0.11079533398151398,
199193.1052631579,0.11081533133983612,
199204.0,,2.0
199227.0,,2.0
199246.40666666668,0.11099530756473541,
199250.19333333333,0.11101530492305756,
199272.91333333333,0.11109529435634613,
199281.90666666668,0.11111529171466827,
199298.0,,2.0
199330.0,,2.0
199350.3076923077,0.11131526529788971,
199386.0,,2.0
199412.0,,2.0
199418.5,0.11151523888111115,
199439.0,,2.0
199448.41176470587,0.11159522831439972,
199469.0,,2.0
199549.0,0.11169521510601044,
199609.0,0.11173520982265472,
199619.0,,2.0
199640.0,,2.0
199668.0,,2.0
199687.5,0.11197517812252045,
199724.0,0.11209516227245331,
199736.0,,2.0
199767.25,0.11223514378070831,
199786.0,,2.0
199807.0,,2.0
199821.34146341463,0.1124151200056076,
199835.0,,2.0
199952.0,,2.0
199961.75757575757,0.11257509887218475,
199975.0,,2.0
199992.87234042553,0.11267508566379547,
200003.0,,2.0
200028.68181818182,0.11275507509708405,
200064.63636363635,0.11283506453037262,
200116.0,,2.0
200150.0,0.11295504868030548,
200218.0,,2.0
200225.08333333334,0.11303503811359406,
200233.0,0.11307503283023834,
200238.0,,2.0
200285.0,,2.0
200296.47826086957,0.11329500377178192,
200309.0,,2.0
200321.32,0.1133749932050705,
200331.0,,2.0
200351.0,,2.0
200371.0,,2.0
200382.7,0.11361496150493622,
200397.0,,2.0
200420.04761904763,0.11367495357990265,
200466.14285714287,0.11371494829654694,
200485.0,,2.0
200496.9540229885,0.11377494037151337,
200517.8735632184,0.1138349324464798,
200525.0459770115,0.11385492980480194,
200537.0,,2.0
200558.46666666667,0.1139749139547348,
200560.0,,2.0
200606.0,,2.0
200641.06976744186,0.11419488489627838,
200658.0,,2.0
200686.0,,2.0
200694.1,0.11431486904621124,
200700.58,0.11433486640453339,
200705.44,0.11435486376285553,
200713.0,,2.0
200778.53191489363,0.11445485055446625,
200783.0,,2.0
200789.125,0.11447484791278839,
200796.5625,0.11451484262943268,
200802.6875,0.11453483998775482,
200804.0,,2.0
200863.8125,0.11459483206272125,
200929.0625,0.11465482413768768,
200949.0,0.11467482149600983,
200978.0,,2.0
201005.8260869565,0.11471481621265411,
201040.60869565216,0.1147548109292984,
201058.0,,2.0
201069.66666666666,0.11479480564594269,
201090.5,0.11485479772090912,
201093.0,,2.0
201100.39215686274,0.11487479507923126,
201122.0,,2.0
201140.88372093023,0.11499477922916412,
201178.0,,2.0
201198.0,,2.0
201224.0,,2.0
201230.10204081633,0.11527474224567413,
201247.0,,2.0
201289.39325842698,0.11547471582889557,
201296.0,,2.0
201446.0,,2.0
201456.04347826086,0.11561469733715057,
201490.0,,2.0
201499.22340425532,0.11575467884540558,
201539.37234042553,0.11589466035366058,
201541.0,,2.0
201560.10204081633,0.11595465242862701,
201567.0,,2.0
201612.0,,2.0
201635.88888888888,0.11609463393688202,
201655.0,,2.0
201667.7111111111,0.1161746233701706,
201681.0,,2.0
201700.0,,2.0
201766.5,0.11633460223674774,
201833.0,,2.0
201853.0,,2.0
202003.70588235295,0.11659456789493561,
202036.0,,2.0
202186.0,,2.0
202212.0,,2.0
202235.0,,2.0
202262.26086956522,0.1169145256280899,
202273.0,,2.0
202282.12621359224,0.11697451770305634,
202320.0,,2.0
202326.7659574468,0.11711449921131134,
202338.60638297873,0.11715449392795563,
202373.0,,2.0
202388.75,0.11729447543621063,
202399.25,0.11733447015285492,
202401.0,,2.0
202541.81632653062,0.1174144595861435,
202551.0,,2.0
202576.51063829788,0.11745445430278778,
202660.0,,2.0
202766.0,,2.0
202773.0,0.11767442524433136,
202778.0,0.1176944226026535,
202792.0,,2.0
202810.8,0.11781440675258636,
202812.0,,2.0
202822.5,0.11785440146923065,
202833.0,,2.0
202846.39534883722,0.11793439090251923,
202855.32558139536,0.11797438561916351,
202857.0,,2.0
202865.568627451,0.11799438297748566,
202874.13725490196,0.11803437769412994,
202880.0,,2.0
202903.0,,2.0
202920.53488372092,0.11819435656070709,
202929.0,,2.0
202955.0,,2.0
202977.0,0.11831434071063995,
202994.6,0.1183343380689621,
203060.6,0.11839433014392853,
203124.4,0.11845432221889496,
203131.0,,2.0
203136.5,0.1184743195772171,
203143.5,0.11849431693553925,
203153.0,,2.0
203168.0,0.11859430372714996,
203176.0,,2.0
203230.0,,2.0
203276.0,,2.0
203282.4655172414,0.11887426674365997,
203301.0,,2.0
203314.14285714287,0.11897425353527069,
203324.0,,2.0
203349.0,,2.0
203382.0,,2.0
203405.0,,2.0
203432.0,,2.0
203457.0,,2.0
203483.44444444444,0.11949418485164642,
203485.0,,2.0
203496.0,0.11953417956829071,
203502.21739130435,0.11955417692661285,
203507.0,,2.0
203532.0,,2.0
203571.0,,2.0
203595.0,0.11975415050983429,
203669.4,0.11981414258480072,
203895.0,,2.0
203985.0,0.12001411616802216,
204038.07692307694,0.12005411088466644,
204045.0,,2.0
204055.04347826086,0.12009410560131073,
204067.0,,2.0
204088.3404255319,0.1201740950345993,
204144.82978723405,0.12023408710956573,
204185.0,,2.0
204209.0,,2.0
204257.1012658228,0.12053404748439789,
204259.0,,2.0
204279.3,0.12059403955936432,
204288.0,,2.0
204389.02040816325,0.1206740289926529,
204438.0,,2.0
204452.79545454544,0.12075401842594147,
204459.0,,2.0
204471.5,0.1208140105009079,
204482.36956521738,0.12085400521755219,
204492.69565217392,0.12087400257587433,
204509.0,,2.0
204517.27586206896,0.12097398936748505,
204542.62068965516,0.12105397880077362,
204554.0,,2.0
204591.0,,2.0
204619.0,,2.0
204641.81632653062,0.12129394710063934,
204662.0,,2.0
204683.0,,2.0
204690.34782608695,0.12143392860889435,
204694.30434782608,0.12145392596721649,
204701.08695652173,0.12147392332553864,
204707.30434782608,0.12149392068386078,
204709.0,,2.0
204718.81818181818,0.12153391540050507,
204733.0,,2.0
204740.5918367347,0.1215939074754715,
204748.18367346938,0.12161390483379364,
204764.0,,2.0
204794.0,,2.0
204816.46808510637,0.12181387841701508,
204818.0,,2.0
204857.0,,2.0
204869.75510204083,0.12193386256694794,
204882.0,,2.0
205007.79591836734,0.1220538467168808,
205016.0,,2.0
205054.0,,2.0
205059.3962264151,0.12215383350849152,
205063.96226415093,0.12217383086681366,
205076.0,,2.0
205087.45833333334,0.12225382030010223,
205092.5,0.12227381765842438,
205098.0,,2.0
205115.21739130435,0.12235380709171295,
205122.0,,2.0
205155.0823529412,0.12245379388332367,
205187.29411764705,0.1225137859582901,
205196.0,,2.0
205202.0,0.12255378067493439,
205223.0,,2.0
205373.0,,2.0
205392.23529411765,0.12273375689983368,
205441.125,0.12285374104976654,
205482.0,,2.0
205512.0,,2.0
205535.0,,2.0
205555.53333333333,0.12317369878292084,
205557.0,,2.0
205581.0,,2.0
205607.0,,2.0
205622.8260869565,0.12337367236614227,
205635.0,,2.0
205658.0,,2.0
205664.71538461538,0.12351365387439728,
205690.0846153846,0.12357364594936371,
205745.3,0.12371362745761871,
205755.0,,2.0
205793.8510638298,0.12387360632419586,
205799.0,,2.0
205816.3469387755,0.12395359575748444,
205822.4693877551,0.12397359311580658,
205824.0,,2.0
205848.0,,2.0
205911.0,,2.0
205941.42253521126,0.12423355877399445,
205981.47887323942,0.12437354028224945,
205983.0,,2.0
206006.33333333334,0.12445352971553802,
206008.0,,2.0
206019.48936170212,0.12449352443218231,
206022.89361702127,0.12451352179050446,
206028.0,,2.0
206053.0,,2.0
206081.0,,2.0
206105.0,,2.0
206135.0,,2.0
206167.0,,2.0
206178.57894736843,0.12497346103191376,
206209.63157894736,0.12507344782352448,
206217.0,,2.0
206226.45,0.1251334398984909,
206238.0,,2.0
206388.0,,2.0
206403.94444444444,0.1253134161233902,
206409.0,,2.0
206426.88888888888,0.12539340555667877,
206432.0,,2.0
206454.0,,2.0
206460.89795918367,0.12551338970661163,
206466.73469387754,0.12553338706493378,
206478.4081632653,0.12557338178157806,
206480.0,,2.0
206489.6923076923,0.1255933791399002,
206507.0,,2.0
206593.0,,2.0
206613.21527777778,0.12579335272312164,
206616.66666666666,0.1258133500814438,
206624.55555555556,0.12583334743976593,
206664.0,,2.0
206686.85714285713,0.12603332102298737,
206699.0,,2.0
206715.7441860465,0.12613330781459808,
206717.0,,2.0
206742.0,,2.0
206770.0,,2.0
206778.02797202798,0.12631328403949738,
206813.58041958042,0.1264132708311081,
206830.78321678322,0.12647326290607452,
206837.66433566433,0.12649326026439667,
206852.0,,2.0
206863.79775280898,0.12657324969768524,
206894.0,,2.0
206901.5,0.12671323120594025,
206920.0,,2.0
206943.8,0.1268332153558731,
206954.0,,2.0
206970.58139534883,0.12691320478916168,
206977.0,,2.0
206998.0,,2.0
207004.7890625,0.12703318893909454,
207038.734375,0.12713317573070526,
207051.6953125,0.12717317044734955,
207077.0,,2.0
207107.15384615384,0.1273331493139267,
207109.0,,2.0
207134.0,0.12739314138889313,
207144.0,,2.0
207204.0,0.12763310968875885,
207211.0,,2.0
207234.0,,2.0
207250.86666666667,0.127793088555336,
207257.0,,2.0
207309.0,,2.0
207332.36956521738,0.12805305421352386,
207334.0,,2.0
207348.34065934067,0.128073051571846,
207421.0,,2.0
207426.5,0.12823303043842316,
207443.0,,2.0
207529.0,,2.0
207554.06976744186,0.12845300137996674,
207578.0,,2.0
207606.0,,2.0
207628.0,,2.0
207741.97674418605,0.12879295647144318,
207761.62790697673,0.12881295382976532,
207777.3488372093,0.12883295118808746,
207791.10465116278,0.1288529485464096,
207797.0,,2.0
207807.73333333334,0.1288929432630539,
207820.0,,2.0
207833.27397260274,0.12897293269634247,
207922.0,,2.0
207933.58273381295,0.1292129009962082,
207961.78417266186,0.1293128877878189,
207980.41726618705,0.12937287986278534,
207986.46043165468,0.12939287722110748,
207992.0,,2.0
208014.0,,2.0
208038.0,,2.0
208045.02702702704,0.12959285080432892,
208054.16216216216,0.1296328455209732,
208064.0,,2.0
208145.0,,2.0
208150.87272727274,0.12975282967090607,
208164.0,,2.0
208167.33333333334,0.12983281910419464,
208184.0,,2.0
208208.0,,2.0
208234.0,,2.0
208245.45454545456,0.1300927847623825,
208252.0,0.13011278212070465,
208258.0,,2.0
208288.0,,2.0
208438.0,,2.0
208444.93333333332,0.1303127557039261,
208464.0,,2.0
208472.4,0.13039274513721466,
208499.0,,2.0
208510.2258064516,0.13047273457050323,
208528.0,,2.0
208533.6,0.1305527240037918,
208547.6,0.13061271607875824,
208549.0,,2.0
208577.0,,2.0
208597.9090909091,0.1307327002286911,
208697.0,,2.0
208703.33333333334,0.13095267117023468,
208711.02380952382,0.13099266588687897,
208716.0,,2.0
208740.0,,2.0
208754.85714285713,0.13113264739513397,
208778.85714285713,0.13121263682842255,
208792.0,,2.0
208920.0,,2.0
209070.0,,2.0
209108.0,,2.0
209140.0,,2.0
209148.19607843139,0.13167257606983185,
209152.07843137256,0.131692573428154,
209160.70588235295,0.13173256814479828,
209162.0,,2.0
209176.693877551,0.13175256550312042,
209202.0,,2.0
209218.11627906977,0.13187254965305328,
209223.0,,2.0
209248.0,,2.0
209268.0,,2.0
209312.0,,2.0
209374.0,,2.0
209400.32,0.13237248361110687,
209402.0,,2.0
209419.01886792452,0.1324324756860733,
209424.0,,2.0
209466.35955056178,0.13255245983600616,
209489.0,,2.0
209500.5,0.13265244662761688,
209512.0,,2.0
209552.0,,2.0
209634.0,,2.0
209643.54716981133,0.1328924149274826,
209657.0,,2.0
209681.0,0.13299240171909332,
209689.0,,2.0
209701.48113207548,0.13305239379405975,
209738.0,,2.0
209745.52727272728,0.13319237530231476,
209761.0,,2.0
209781.77777777778,0.13333235681056976,
209783.0,,2.0
209799.33695652173,0.1333523541688919,
209950.0,,2.0
209973.0,,2.0
209998.20408163266,0.13363231718540192,
210038.0,,2.0
210058.0,,2.0
210085.0,,2.0
210095.61224489796,0.13391228020191193,
210106.22448979592,0.13393227756023407,
210137.0,,2.0
210155.54761904763,0.1339922696352005,
210178.0,,2.0
210206.0,,2.0
210230.6551724138,0.13421224057674408,
210232.0,,2.0
210242.2068965517,0.13423223793506622,
210298.3448275862,0.13435222208499908,
210306.0,,2.0
210317.67346938775,0.13441221415996552,
210323.51020408163,0.13443221151828766,
210328.0,,2.0
210345.3673469388,0.13451220095157623,
210349.5918367347,0.13453219830989838,
210351.0,,2.0
210376.0,,2.0
210406.27027027027,0.13467217981815338,
210416.0,,2.0
210423.40229885056,0.13471217453479767,
210449.83908045976,0.1348121613264084,
210462.0,,2.0
210474.7906976744,0.13489215075969696,
210487.0,,2.0
210501.58333333334,0.13497214019298553,
210515.0,,2.0
210546.0,,2.0
210555.0,0.13513211905956268,
210560.4,0.13515211641788483,
210591.0,,2.0
210710.0,,2.0
210720.0,0.13535209000110626,
210740.0,,2.0
210794.84375,0.1355520635843277,
210805.0,,2.0
210813.1568627451,0.13559205830097198,
210831.0,,2.0
210855.0,,2.0
210891.0,,2.0
210903.48,0.13585202395915985,
210908.16,0.135872021317482,
210917.0,,2.0
210923.80487804877,0.13591201603412628,
210948.0,,2.0
210974.0,,2.0
210991.64615384614,0.13611198961734772,
211009.86153846153,0.13617198169231415,
211048.0,,2.0
211075.0,,2.0
211087.98333333334,0.13641194999217987,
211096.18333333332,0.13643194735050201,
211131.71666666667,0.13653193414211273,
211157.0,,2.0
211307.0,,2.0
211315.9090909091,0.13671191036701202,
211328.1590909091,0.13673190772533417,
211356.0,,2.0
211378.0,,2.0
211398.53333333333,0.1369318813085556,
211400.0,,2.0
211416.40625,0.13699187338352203,
211425.0,,2.0
211447.0,,2.0
211471.0,,2.0
211480.95555555556,0.13719184696674347,
211499.0,,2.0
211504.5945945946,0.13727183640003204,
211522.0,,2.0
211538.19047619047,0.1373918205499649,
211542.0,,2.0
211573.0,,2.0
211597.0,,2.0
211663.96,0.13767178356647491,
211705.0,,2.0
211751.66666666666,0.1377517729997635,
211855.0,,2.0
211867.0,0.1378517597913742,
211879.0,,2.0
211890.57142857142,0.13793174922466278,
211900.0,,2.0
211939.0,,2.0
211947.56818181818,0.13807173073291779,
211968.0,,2.0
211987.53191489363,0.13819171488285065,
211993.27659574468,0.1382117122411728,
211995.0,,2.0
212018.0,,2.0
212062.89130434784,0.1383516937494278,
212073.15217391305,0.13837169110774994,
212077.0,,2.0
212100.0,,2.0
212130.19191919192,0.1385316699743271,
212141.898989899,0.13855166733264923,
212161.0,,2.0
212170.16666666666,0.1386316567659378,
212205.0,,2.0
212226.18421052632,0.1387716382741928,
212228.0,,2.0
212237.4347826087,0.13879163563251495,
212253.60869565216,0.13883163034915924,
212259.0,,2.0
212283.693877551,0.13893161714076996,
212294.02040816325,0.13897161185741425,
212303.0,,2.0
212311.2857142857,0.13903160393238068,
212332.0,,2.0
212365.15217391305,0.1391315907239914,
212393.0,,2.0
212418.9,0.13925157487392426,
212421.0,,2.0
212426.0,0.1392715722322464,
212475.5,0.1394515484571457,
212481.5,0.13947154581546783,
212488.0,,2.0
212515.0,,2.0
212567.0,,2.0
212598.0,,2.0
212603.0980392157,0.13983149826526642,
212618.0,,2.0
212647.58333333334,0.13999147713184357,
212676.62878787878,0.14009146392345428,
212689.0,,2.0
212721.0,,2.0
212743.0,,2.0
212754.57894736843,0.14033143222332,
212765.0,,2.0
212796.0,,2.0
212816.10638297873,0.1405114084482193,
212823.0,,2.0
212831.9090909091,0.1405514031648636,
212836.36363636365,0.14057140052318573,
212851.0,,2.0
212871.0,,2.0
212905.0,,2.0
212957.0,,2.0
212962.72727272726,0.14087136089801788,
212972.75,0.14091135561466217,
212978.0,,2.0
213003.0,,2.0
213007.75,0.14103133976459503,
213013.55555555556,0.14105133712291718,
213022.0,,2.0
213042.59574468085,0.14117132127285004,
213044.0,,2.0
213065.5918367347,0.1412513107061386,
213067.0,,2.0
213112.0,,2.0
213149.5890410959,0.14153127372264862,
213161.0,,2.0
213183.0,,2.0
213316.86666666667,0.14173124730587006,
213425.63333333333,0.14181123673915863,
213434.0,,2.0
213457.0,,2.0
213479.0875,0.14195121824741364,
213486.2125,0.14197121560573578,
213500.4625,0.14201121032238007,
213514.0,,2.0
213527.06818181818,0.14209119975566864,
213535.43181818182,0.14213119447231293,
213537.0,,2.0
213587.0,,2.0
213607.0,,2.0
213658.07692307694,0.14251114428043365,
213663.0,,2.0
213674.91666666666,0.14257113635540009,
213685.0,,2.0
213713.0,,2.0
213735.4347826087,0.14277110993862152,
213737.0,,2.0
213744.7142857143,0.14279110729694366,
213764.0,,2.0
213774.51063829788,0.14287109673023224,
213799.5744680851,0.14293108880519867,
213802.0,,2.0
213812.86956521738,0.14297108352184296,
213815.91304347827,0.1429910808801651,
213820.69565217392,0.14301107823848724,
213822.0,,2.0
213827.38461538462,0.1430310755968094,
213833.3076923077,0.14305107295513153,
213841.38461538462,0.14309106767177582,
213843.0,,2.0
213857.2641509434,0.1431310623884201,
213869.4150943396,0.1431710571050644,
213879.45283018867,0.14319105446338654,
213897.4150943396,0.14325104653835297,
213899.0,,2.0
213928.0,,2.0
213943.0,0.14335103332996368,
213983.0,,2.0
213995.72340425532,0.1434510201215744,
214009.0,,2.0
214015.4909090909,0.14351101219654083,
214030.0,,2.0
214061.24210526317,0.14367099106311798,
214077.15789473685,0.14371098577976227,
214086.0,,2.0
214094.24752475249,0.14375098049640656,
214133.54455445544,0.14389096200466156,
214135.0,,2.0
214157.24390243902,0.14397095143795013,
214159.0,,2.0
214183.0,,2.0
214209.76923076922,0.14413093030452728,
214212.0,,2.0
214353.17647058822,0.14421091973781586,
214362.0,,2.0
214380.57142857142,0.1442709118127823,
214388.0,,2.0
214423.0,,2.0
214484.0,0.14443089067935944,
214606.0,,2.0
214635.0,,2.0
214641.39130434784,0.14463086426258087,
214645.95652173914,0.14465086162090302,
214656.0,,2.0
214672.27906976745,0.1447308510541916,
214684.0,,2.0
214707.0,,2.0
214721.72727272726,0.14489082992076874,
214726.63636363635,0.14491082727909088,
214734.0,,2.0
214752.0,,2.0
214777.0,,2.0
214850.0,,2.0
214856.47777777776,0.14527077972888947,
214903.0,,2.0
214921.46153846153,0.14549075067043304,
214923.0,,2.0
214940.9775280899,0.14553074538707733,
214987.0,,2.0
215026.54545454544,0.14567072689533234,
215074.0,0.14571072161197662,
215103.0,,2.0
215122.6595744681,0.14581070840358734,
215124.0,,2.0
215152.90322580645,0.14591069519519806,
215172.0,,2.0
215194.0,,2.0
215200.9,0.1460706740617752,
215211.48,0.1461106687784195,
215217.0,,2.0
215236.5029585799,0.14619065821170807,
215320.0,,2.0
215336.1,0.14651061594486237,
215343.0,,2.0
215375.3298969072,0.14663060009479523,
215392.0,,2.0
215442.4,0.14677058160305023,
215446.0,,2.0
215475.0,,2.0
215513.0,,2.0
215530.2988505747,0.14701054990291595,
215554.5172413793,0.14709053933620453,
215556.0,,2.0
215592.73469387754,0.14711053669452667,
215706.0,,2.0
215729.22222222222,0.14719052612781525,
215748.22222222222,0.1472105234861374,
215877.0,,2.0
215883.02380952382,0.1473505049943924,
215900.0,,2.0
215940.412371134,0.14747048914432526,
216124.0,,2.0
216144.0,,2.0
216150.9534883721,0.14783044159412384,
216159.51162790696,0.14787043631076813,
216165.39534883722,0.14789043366909027,
216167.0,,2.0
216191.0,,2.0
216301.7142857143,0.14803041517734528,
216341.0,,2.0
216373.83018867925,0.1480904072523117,
216401.0,,2.0
216407.52173913043,0.14815039932727814,
216444.69565217392,0.14825038611888885,
216461.0,,2.0
216473.7659574468,0.14833037555217743,
216485.0,,2.0
216507.46808510637,0.1484503597021103,
216509.0,,2.0
216526.6,0.14851035177707672,
216533.0,,2.0
216544.0,0.14857034385204315,
216555.0,,2.0
216566.48936170212,0.14863033592700958,
216569.93617021278,0.14865033328533173,
216580.27659574468,0.148690328001976,
216582.0,,2.0
216588.66666666666,0.14871032536029816,
216600.82352941178,0.1487703174352646,
216602.0,,2.0
216606.54347826086,0.14879031479358673,
216621.0,,2.0
216642.89795918367,0.1489102989435196,
216650.0,,2.0
216673.0,,2.0
216689.2,0.1490502804517746,
216706.0,,2.0
216727.0,,2.0
216762.36842105264,0.14929024875164032,
216775.0,,2.0
216791.46341463414,0.14935024082660675,
216824.39024390245,0.14939023554325104,
216850.0,,2.0
216856.125,0.14943023025989532,
216866.84375,0.1494702249765396,
216880.625,0.1495102196931839,
216888.28125,0.14953021705150604,
216899.0,,2.0
216987.83582089553,0.1496901959180832,
217016.49253731343,0.14973019063472748,
217073.80597014926,0.1497901827096939,
217091.0,,2.0
217122.0,,2.0
217162.0,,2.0
217177.68,0.1500101536512375,
217190.0,,2.0
217198.34782608695,0.15007014572620392,
217212.26086956522,0.1501101404428482,
217222.0,,2.0
217265.05376344087,0.1501501351594925,
217434.1935483871,0.1502501219511032,
217498.7741935484,0.1502901166677475,
217508.0,,2.0
217541.0,,2.0
217562.5,0.15045009553432465,
217564.0,,2.0
217676.5,0.15051008760929108,
217714.0,,2.0
217717.0625,0.15055008232593536,
217721.875,0.1505700796842575,
217735.0,,2.0
217859.0,,2.0
217971.0,,2.0
217997.0,,2.0
218044.28260869565,0.15097002685070038,
218063.19565217392,0.15099002420902252,
218078.3260869565,0.15101002156734467,
218084.0,,2.0
218189.26315789475,0.1510700136423111,
218226.1052631579,0.15109001100063324,
218234.0,,2.0
218261.90604026846,0.15118999779224396,
218300.0,,2.0
218409.0,,2.0
218418.76744186046,0.15144996345043182,
218429.0,,2.0
218444.80392156861,0.1515299528837204,
218481.88235294117,0.15162993967533112,
218491.0,,2.0
218516.0,,2.0
218529.86666666667,0.15176992118358612,
218536.22222222222,0.15178991854190826,
218542.0,,2.0
218550.6976744186,0.1518499106168747,
218557.81395348837,0.15188990533351898,
218559.0,,2.0
218698.53488372092,0.15196989476680756,
218709.0,,2.0
218731.0,,2.0
218756.0,,2.0
218766.73170731709,0.152169868350029,
218771.56097560975,0.15218986570835114,
218776.39024390245,0.15220986306667328,
218778.0,,2.0
218798.0,,2.0
218816.55813953487,0.15232984721660614,
218840.0,,2.0
218845.39534883722,0.15238983929157257,
218858.88372093023,0.15242983400821686,
218869.0,,2.0
218899.0,,2.0
218946.0,,2.0
218976.84782608695,0.1527697890996933,
218979.0,,2.0
218984.11340206186,0.15278978645801544,
219001.37113402062,0.15282978117465973,
219020.54639175258,0.15286977589130402,
219041.0,,2.0
219056.92156862744,0.15296976268291473,
219069.0,,2.0
219097.0,,2.0
219118.0,,2.0
219128.96153846153,0.15320973098278046,
219137.0,,2.0
219165.0,0.15332971513271332,
219167.0,,2.0
219197.8,0.1534097045660019,
219200.0,,2.0
219209.54545454544,0.15342970192432404,
219225.0,,2.0
219232.57731958764,0.1535096913576126,
219257.3298969072,0.15358968079090118,
219274.0,,2.0
219296.4347826087,0.1537296622991562,
219298.0,,2.0
219377.16153846154,0.15380965173244476,
219549.0,,2.0
219577.26923076922,0.15404962003231049,
219579.0,,2.0
219586.52631578947,0.15406961739063263,
219605.0,,2.0
219624.73076923078,0.1541896015405655,
219632.0,,2.0
219640.66666666666,0.15422959625720978,
219646.66666666666,0.15424959361553192,
219664.0,,2.0
219694.672,0.15438957512378693,
219717.96,0.1544695645570755,
219735.0,,2.0
219811.22950819673,0.15456955134868622,
219877.62295081967,0.1546095460653305,
219885.0,,2.0
219927.85714285713,0.15466953814029694,
220054.7142857143,0.15480951964855194,
220089.0,,2.0
220113.0,,2.0
220130.66666666666,0.15498949587345123,
220148.33333333334,0.15504948794841766,
220166.0,,2.0
220184.08333333334,0.15514947474002838,
220192.25,0.15516947209835052,
220194.0,,2.0
220366.0,,2.0
220391.0,,2.0
220415.39130434784,0.15546943247318268,
220425.0,,2.0
220444.0,,2.0
220456.83720930232,0.15558941662311554,
220513.0,,2.0
220663.0,,2.0
220688.0,,2.0
220700.21276595743,0.15582938492298126,
220709.8085106383,0.1558493822813034,
220729.0,,2.0
220759.15384615384,0.15596936643123627,
220761.0,,2.0
220808.01886792452,0.15610934793949127,
220817.0,,2.0
220821.97368421053,0.15614934265613556,
220838.0,,2.0
220859.0,,2.0
220885.0,,2.0
220906.26373626373,0.1564493030309677,
220912.4065934066,0.15646930038928986,
220926.58241758242,0.1565292924642563,
220928.0,,2.0
220939.55,0.15656928718090057,
220950.0,,2.0
220996.0,,2.0
221019.0,,2.0
221047.0,,2.0
221052.35294117648,0.1569492369890213,
221073.0,,2.0
221100.0,,2.0
221121.46666666667,0.15716920793056488,
221123.0,,2.0
221266.0,,2.0
221291.23913043478,0.15732918679714203,
221293.0,,2.0
221313.0,,2.0
221323.83018867925,0.15742917358875275,
221354.0,,2.0
221363.72972972973,0.15752916038036346,
221368.05405405405,0.1575491577386856,
221374.0,,2.0
221379.6739130435,0.1575891524553299,
221394.80434782608,0.15762914717197418,
221403.0,,2.0
221414.66666666666,0.1576891392469406,
221428.0,,2.0
221436.07692307694,0.15774913132190704,
221457.07692307694,0.15778912603855133,
221549.15384615384,0.15788911283016205,
221554.0,,2.0
221569.22340425532,0.15792910754680634,
221607.0,,2.0
221616.693877551,0.15808908641338348,
221626.0,,2.0
221640.48958333334,0.15814907848834991,
221729.65625,0.15828905999660492,
221733.0,,2.0
221784.0,,2.0
221824.0,0.1584690362215042,
221934.0,,2.0
221943.2857142857,0.15854902565479279,
221949.7142857143,0.15856902301311493,
221955.42857142858,0.15858902037143707,
221964.0,,2.0
221975.5,0.1586490124464035,
221987.0,,2.0
222010.0,,2.0
222038.0,,2.0
222069.0,,2.0
222077.95555555556,0.15894897282123566,
222100.0,,2.0
222130.75510204083,0.15902896225452423,
222192.26530612246,0.15906895697116852,
222228.61224489796,0.15908895432949066,
222237.0,,2.0
222276.0,,2.0
222301.90476190476,0.15918894112110138,
222344.0,,2.0
222395.0,0.15930892527103424,
222419.0,,2.0
222434.84,0.15938891470432281,
222441.0,,2.0
222463.20408163266,0.1594689041376114,
222471.04081632654,0.15948890149593353,
222473.0,,2.0
222495.0,,2.0
222526.0,,2.0
222531.88372093023,0.15966887772083282,
222549.0,,2.0
222562.35135135136,0.15976886451244354,
222575.0,,2.0
222600.38,0.1598888486623764,
222602.0,,2.0
222628.0,,2.0
222685.0,,2.0
222712.06666666668,0.16012881696224213,
222714.0,,2.0
222757.0,,2.0
222784.0,,2.0
222806.4347826087,0.16044877469539642,
222808.0,,2.0
222826.56,0.16050876677036285,
222837.0,,2.0
222847.26315789475,0.16056875884532928,
222863.0,,2.0
222944.02112676058,0.1607087403535843,
222955.00704225354,0.16072873771190643,
222967.3661971831,0.16074873507022858,
223042.89436619717,0.16082872450351715,
223053.88028169013,0.1608487218618393,
223058.0,,2.0
223085.0,,2.0
223110.0,,2.0
223112.97297297296,0.1610286980867386,
223120.7027027027,0.16104869544506073,
223132.0,,2.0
223146.0,0.16114868223667145,
223151.0,,2.0
223199.9457364341,0.16132865846157074,
223228.0,,2.0
223234.39534883722,0.16142864525318146,
223251.2558139535,0.1614886373281479,
223253.0,,2.0
223263.54166666666,0.16152863204479218,
223275.0,,2.0
223326.0,,2.0
223344.88888888888,0.16170860826969147,
223351.0,,2.0
223374.0,,2.0
223379.76,0.16182859241962433,
223385.04,0.16184858977794647,
223398.0,,2.0
223463.0,,2.0
223514.0,,2.0
223595.0,,2.0
223622.0,,2.0
223630.0,0.16230852901935577,
223654.0,,2.0
223681.44642857142,0.16244851052761078,
223683.0,,2.0
223704.52173913043,0.16248850524425507,
223715.28260869565,0.1625085026025772,
223728.0,,2.0
223766.0,,2.0
223774.18181818182,0.16262848675251007,
223779.63636363635,0.16264848411083221,
223791.0,,2.0
223817.0,,2.0
223930.0,,2.0
224070.625,0.16292844712734222,
224080.0,,2.0
224104.0,,2.0
224115.29824561405,0.16304843127727509,
224120.54385964913,0.16306842863559723,
224127.0,,2.0
224151.06976744186,0.16312842071056366,
224160.48837209304,0.1631484180688858,
224172.0,,2.0
224197.0,,2.0
224218.0,,2.0
224245.0,,2.0
224261.0,0.1634683758020401,
224265.0,,2.0
224320.0,,2.0
224395.0,,2.0
224419.0,,2.0
224424.6037735849,0.1637483388185501,
224444.4716981132,0.16380833089351654,
224446.0,,2.0
224474.675,0.16388832032680511,
224477.0,,2.0
224515.74509803922,0.16400830447673798,
224527.4705882353,0.16404829919338226,
224529.0,,2.0
224545.8260869565,0.16412828862667084,
224547.0,,2.0
224563.2,0.16416828334331512,
224568.0,0.16418828070163727,
224574.0,,2.0
224594.0,,2.0
224638.1224489796,0.16436825692653656,
224641.0,,2.0
224659.04938271604,0.164428249001503,
224682.40740740742,0.1645282357931137,
224684.0,,2.0
224706.0,,2.0
224712.6511627907,0.16462822258472443,
224719.3023255814,0.16464821994304657,
224732.0,,2.0
224755.0,,2.0
224775.0,,2.0
224796.93548387097,0.1648881882429123,
224860.0,,2.0
224884.0,,2.0
224894.7441860465,0.16512815654277802,
224906.0,,2.0
224951.0,,2.0
224958.15,0.1653481274843216,
225006.0,,2.0
225033.0,,2.0
225059.0,,2.0
225079.0,,2.0
225105.25,0.1658080667257309,
225107.0,,2.0
225130.0,,2.0
225137.0,0.1659080535173416,
225152.5,0.16596804559230804,
225175.0,,2.0
225205.0,0.16606803238391876,
225235.0,0.1660880297422409,
225325.0,,2.0
225416.0,,2.0
225441.0,,2.0
225464.0,,2.0
225481.6966292135,0.16638799011707306,
225493.49438202247,0.1664079874753952,
225504.11235955055,0.16642798483371735,
225569.0,,2.0
225584.29268292684,0.1665879637002945,
225586.60975609755,0.16660796105861664,
225588.0,,2.0
225594.77083333334,0.16662795841693878,
225607.27083333334,0.16666795313358307,
225613.0,,2.0
225647.0,0.1667279452085495,
225660.30434782608,0.16674794256687164,
225799.26086956522,0.1669079214334488,
225817.0,,2.0
225845.0,,2.0
225862.88461538462,0.1670479029417038,
225867.0576923077,0.16706790030002594,
225899.84615384616,0.16714788973331451,
225907.0,,2.0
225927.22988505746,0.16724787652492523,
225951.0,,2.0
225958.51020408163,0.16734786331653595,
225963.67346938775,0.1673678606748581,
225974.0,,2.0
225986.78260869565,0.16744785010814667,
226002.0,,2.0
226016.4716981132,0.1675078421831131,
226061.0,,2.0
226209.0,,2.0
226227.33333333334,0.1676878184080124,
226242.0,,2.0
226289.0,,2.0
226348.0,,2.0
226373.0,,2.0
226376.5744680851,0.1681477576494217,
226388.63829787233,0.16818775236606598,
226394.0,,2.0
226399.6170212766,0.16822774708271027,
226418.0,,2.0
226431.10638297873,0.16832773387432098,
226438.59574468085,0.16836772859096527,
226440.0,,2.0
226471.36170212767,0.16840772330760956,
226502.72340425532,0.16844771802425385,
226507.0,,2.0
226540.0,,2.0
226551.27777777778,0.1685677021741867,
226559.83333333334,0.168607696890831,
226561.0,,2.0
226846.0,,2.0
226870.0,,2.0
226894.1379310345,0.1689276546239853,
226920.0,,2.0
226946.0,,2.0
226970.0,,2.0
227006.26373626373,0.16926760971546173,
227011.2087912088,0.16928760707378387,
227018.35164835164,0.16932760179042816,
227020.0,,2.0
227041.0,,2.0
227054.125,0.16944758594036102,
227066.0,,2.0
227097.22826086957,0.16950757801532745,
227133.96739130435,0.16954757273197174,
227235.0,,2.0
227255.38775510204,0.1697075515985489,
227262.0,,2.0
227320.0,,2.0
227345.0,,2.0
227353.4,0.1699875146150589,
227365.4,0.17002750933170319,
227372.0,,2.0
227377.14285714287,0.17006750404834747,
227391.7142857143,0.1701274961233139,
227393.0,,2.0
227435.0,,2.0
227455.36170212767,0.17034746706485748,
227468.0,,2.0
227491.0,,2.0
227497.6181818182,0.17046745121479034,
227517.0,,2.0
227577.0,,2.0
227591.62857142856,0.17064742743968964,
227609.0,,2.0
227730.0,,2.0
227748.0,,2.0
227756.27272727274,0.17086739838123322,
227761.36363636365,0.17088739573955536,
227776.0,,2.0
227794.15037593985,0.17098738253116608,
227798.95488721805,0.17100737988948822,
227829.38345864663,0.17110736668109894,
227839.52631578947,0.17114736139774323,
227847.0,,2.0
227853.20512820513,0.1711873561143875,
227862.79487179487,0.1712273508310318,
227869.0,,2.0
227882.64,0.17128734290599823,
227900.0,,2.0
227913.5,0.1713673323392868,
227927.0,,2.0
227945.63636363635,0.17148731648921967,
227947.0,,2.0
227959.9024390244,0.17152731120586395,
227968.31707317074,0.17156730592250824,
227970.0,,2.0
227975.9024390244,0.17158730328083038,
227992.0,,2.0
228038.48913043478,0.1717272847890854,
228067.1739130435,0.17178727686405182,
228083.0,,2.0
228127.0,,2.0
228148.80357142858,0.17202724516391754,
228158.23214285713,0.17204724252223969,
228160.0,,2.0
228182.0,,2.0
228216.0,,2.0
228239.0,,2.0
228256.70454545456,0.17236720025539398,
228258.0,,2.0
228265.54098360657,0.17238719761371613,
228278.0,,2.0
228285.01123595505,0.1724671870470047,
228292.0224719101,0.172507181763649,
228294.7191011236,0.17252717912197113,
228324.38202247192,0.1726071685552597,
228326.0,,2.0
228338.57931034482,0.172647163271904,
228385.2275862069,0.172787144780159,
228402.0,,2.0
228481.5918367347,0.17288713157176971,
228552.0,,2.0
228692.21739130435,0.17300711572170258,
228702.0,,2.0
228721.10476190477,0.17304711043834686,
228759.3142857143,0.17316709458827972,
228761.0,,2.0
228771.04347826086,0.173207089304924,
228782.0,,2.0
228825.60465116278,0.17328707873821259,
228857.0,,2.0
228869.24444444446,0.1733870655298233,
228874.73333333334,0.17340706288814545,
228876.0,,2.0
228900.30434782608,0.17348705232143402,
228902.0,,2.0
228907.43636363637,0.17350704967975616,
228925.0,,2.0
228930.81395348837,0.17358703911304474,
228975.0,,2.0
228994.16666666666,0.17378701269626617,
229005.0,,2.0
229025.46511627908,0.1738869994878769,
229027.0,,2.0
229070.0,,2.0
229090.0,,2.0
229115.38,0.17412696778774261,
229117.0,,2.0
229136.475,0.1741669625043869,
229158.0,,2.0
229200.3076923077,0.17424695193767548,
229219.53846153847,0.17426694929599762,
229327.23076923078,0.17436693608760834,
229333.0,,2.0
229355.0,,2.0
229379.0,,2.0
229402.40425531915,0.17460690438747406,
229404.0,,2.0
229436.66666666666,0.1746269017457962,
229509.0,,2.0
229531.0,,2.0
229550.0,,2.0
229578.0,,2.0
229640.7906976744,0.17496685683727264,
229728.0,,2.0
229758.0,,2.0
229787.0,,2.0
229928.0,0.17524681985378265,
229937.0,,2.0
229944.9411764706,0.1752668172121048,
229951.29411764705,0.17528681457042694,
229962.41176470587,0.17532680928707123,
229964.0,,2.0
229983.45744680852,0.17538680136203766,
229991.6170212766,0.1754067987203598,
230014.8404255319,0.17546679079532623,
230023.0,,2.0
230046.0,,2.0
230091.65217391305,0.1755867749452591,
230196.0,,2.0
230205.53846153847,0.17566676437854767,
230227.0,,2.0
230244.2558139535,0.1757667511701584,
230276.3023255814,0.17580674588680267,
230280.0,,2.0
230328.0,,2.0
230344.41025641025,0.17602671682834625,
230348.0,,2.0
230403.0,,2.0
230417.70588235295,0.17616669833660126,
230422.60784313726,0.1761866956949234,
230428.0,,2.0
230456.0,,2.0
230475.425,0.1763666719198227,
230477.0,,2.0
230486.4693877551,0.17638666927814484,
230506.0,,2.0
230513.51020408163,0.1764666587114334,
230519.14285714287,0.17648665606975555,
230529.0,,2.0
230553.1403508772,0.17658664286136627,
230561.0,,2.0
230583.69565217392,0.17666663229465485,
230590.0,,2.0
230605.87368421053,0.17674662172794342,
230628.86315789472,0.17680661380290985,
230642.0,,2.0
230648.73469387754,0.17686660587787628,
230684.6530612245,0.1770065873861313,
230686.0,,2.0
230693.20588235295,0.17702658474445343,
230709.53921568627,0.17708657681941986,
230723.4705882353,0.17712657153606415,
230735.0,,2.0
230826.0,,2.0
230849.0,,2.0
230873.0,,2.0
230902.91304347827,0.17748652398586273,
230905.0,,2.0
230910.0,0.17750652134418488,
230925.0,,2.0
230938.05,0.1776065081357956,
230951.825,0.17764650285243988,
230954.0,,2.0
230973.36956521738,0.1777064949274063,
230981.0,,2.0
231003.24390243902,0.17780648171901703,
231005.0,,2.0
231034.0,,2.0
231089.81132075473,0.1779264658689499,
231110.98113207548,0.17794646322727203,
231136.0,,2.0
231141.60975609755,0.17798645794391632,
231157.31707317074,0.17804645001888275,
231159.0,,2.0
231309.0,,2.0
231332.0,,2.0
231339.02127659574,0.17822642624378204,
231362.0,,2.0
231385.0,,2.0
231412.0,,2.0
231415.63636363635,0.17846639454364777,
231432.0,,2.0
231456.0,,2.0
231478.5,0.17868636548519135,
231480.0,,2.0
231517.0,,2.0
231527.8,0.17878635227680206,
231537.52,0.17882634699344635,
231544.0,,2.0
231562.75,0.17892633378505707,
231564.0,,2.0
231587.0,,2.0
231592.92307692306,0.17902632057666779,
231609.0,,2.0
231639.55,0.17918629944324493,
231654.59,0.17924629151821136,
231656.0,,2.0
231674.57142857142,0.1793062835931778,
231682.0,,2.0
231698.675,0.17938627302646637,
231705.0,,2.0
231725.0,,2.0
231731.0,0.17950625717639923,
231755.0,,2.0
231760.86666666667,0.1795862466096878,
231767.7111111111,0.17960624396800995,
231777.0,,2.0
231788.97916666666,0.17968623340129852,
231800.0,,2.0
231851.4756097561,0.17984621226787567,
231864.5487804878,0.17988620698451996,
231867.0,,2.0
231892.0,,2.0
231915.0,,2.0
231974.0,,2.0
231993.0,,2.0
232044.0,,2.0
232059.88235294117,0.18032614886760712,
232064.58823529413,0.18034614622592926,
232074.0,,2.0
232094.0,0.1804061383008957,
232114.0,,2.0
232118.35135135136,0.18046613037586212,
232131.4054054054,0.1805061250925064,
232137.0,,2.0
232183.4,0.1806861013174057,
232185.0,,2.0
232194.13043478262,0.18070609867572784,
232213.0,,2.0
232222.45,0.18080608546733856,
232234.0,,2.0
232242.4,0.18088607490062714,
232255.0,,2.0
232267.53012048194,0.1809660643339157,
232305.1204819277,0.18108604848384857,
232307.0,,2.0
232361.0,,2.0
232395.69306930693,0.18124602735042572,
232405.81188118813,0.18126602470874786,
232434.0,,2.0
232487.26086956522,0.18136601150035858,
232525.60869565216,0.18140600621700287,
232532.0,,2.0
232544.38095238095,0.181426003575325,
232572.0,,2.0
232579.79166666666,0.1815059930086136,
232594.0,,2.0
232639.6170212766,0.18162597715854645,
232661.0,,2.0
232675.74468085106,0.18170596659183502,
232682.0,,2.0
232705.4693877551,0.18180595338344574,
232707.0,,2.0
232769.0,,2.0
232793.5,0.18194593489170074,
232801.375,0.1819659322500229,
232804.0,,2.0
232827.0,,2.0
232853.0,,2.0
232883.75,0.1822059005498886,
232886.0,,2.0
232909.0,,2.0
232940.9245283019,0.18230588734149933,
233003.0,,2.0
233016.0,0.18240587413311005,
233029.0,,2.0
233058.0,,2.0
233073.5588235294,0.18258585035800934,
233078.9705882353,0.18260584771633148,
233081.0,,2.0
233100.9534883721,0.1826658397912979,
233105.18604651163,0.18268583714962006,
233107.0,,2.0
233124.75609756098,0.1827458292245865,
233133.0,,2.0
233142.04347826086,0.18278582394123077,
233153.34782608695,0.18282581865787506,
233159.0,,2.0
233238.2890625,0.18294580280780792,
233263.1640625,0.1829857975244522,
233358.0,,2.0
233366.16,0.18310578167438507,
233382.0,,2.0
233402.0,,2.0
233429.0,,2.0
233465.0,,2.0
233519.0,,2.0
233526.2558139535,0.18358571827411652,
233541.88372093023,0.18364571034908295,
233567.0,,2.0
233617.4,0.1838056892156601,
233621.0,,2.0
233666.73333333334,0.1839456707239151,
233681.43333333332,0.1839856654405594,
233719.0,,2.0
233748.0,,2.0
233792.0,,2.0
233814.0,,2.0
233839.4716981132,0.1844456046819687,
233841.0,,2.0
233870.0,,2.0
233891.27272727274,0.1845455914735794,
233979.02272727274,0.18460558354854584,
233987.0,,2.0
234001.78651685393,0.18464557826519012,
234018.1573033708,0.18470557034015656,
234027.66292134832,0.18474556505680084,
234034.0,,2.0
234045.25,0.18478555977344513,
234064.0,,2.0
234080.2380952381,0.184905543923378,
234086.0,,2.0
234115.0,,2.0
234131.5,0.18502552807331085,
234184.0,,2.0
234212.0,,2.0
234220.05555555556,0.185185506939888,
234241.0,,2.0
234252.57894736843,0.18528549373149872,
234266.7894736842,0.185325488448143,
234291.0,,2.0
234315.0,,2.0
234340.0,,2.0
234350.46511627908,0.18558545410633087,
234370.0,,2.0
234375.6,0.18566544353961945,
234385.4,0.18570543825626373,
234391.0,,2.0
234396.74468085106,0.18574543297290802,
234435.8085106383,0.18586541712284088,
234445.0,,2.0
234509.0,,2.0
234518.0,0.18606539070606232,
234529.11764705883,0.1861053854227066,
234536.0,,2.0
234543.7380952381,0.1861453801393509,
234561.0,,2.0
234585.0,,2.0
234596.45454545456,0.18632535636425018,
234604.56818181818,0.18636535108089447,
234606.0,,2.0
234629.0,,2.0
234655.0,,2.0
234696.0,,2.0
234769.07299270073,0.18680529296398163,
234837.0,,2.0
234868.0,0.1870252639055252,
234887.0,,2.0
234903.36363636365,0.18714524805545807,
234911.0,,2.0
234917.35555555555,0.18718524277210236,
234933.0,,2.0
234963.64285714287,0.18732522428035736,
234966.0,,2.0
234976.33333333334,0.1873452216386795,
234995.0625,0.18740521371364594,
234997.0,,2.0
235008.32692307694,0.18742521107196808,
235028.0,,2.0
235041.03703703705,0.18750520050525665,
235047.55555555556,0.1875251978635788,
235072.0,,2.0
235089.1875,0.18762518465518951,
235095.4375,0.18764518201351166,
235097.0,,2.0
235117.3,0.1877051740884781,
235122.9,0.18772517144680023,
235125.0,,2.0
235163.3260869565,0.1878051608800888,
235166.0,,2.0
235184.0,,2.0
235211.0,,2.0
235233.0,,2.0
235259.0,,2.0
235377.29496402878,0.1882651001214981,
235432.7913669065,0.18832509219646454,
235457.61870503597,0.18836508691310883,
235462.0,,2.0
235470.40384615384,0.18838508427143097,
235485.0,,2.0
235502.5,0.18850506842136383,
235514.5,0.18854506313800812,
235531.5,0.18860505521297455,
235533.0,,2.0
235583.0,0.1886250525712967,
235633.0,0.18866504728794098,
235683.0,,2.0
235693.0,0.1887250393629074,
235705.0,,2.0
235718.75,0.18882502615451813,
235727.0,,2.0
235816.0,,2.0
235842.0,,2.0
235896.0,,2.0
235905.75,0.1891849786043167,
235929.0,,2.0
235956.85714285713,0.18926496803760529,
236012.57142857142,0.18932496011257172,
236051.14285714287,0.189364954829216,
236094.0,,2.0
236201.33333333334,0.18948493897914886,
236209.0,,2.0
236215.76404494382,0.189504936337471,
236244.75280898876,0.18962492048740387,
236252.0,,2.0
236278.0,,2.0
236296.0,,2.0
236325.0,,2.0
236345.41958041958,0.18992488086223602,
236390.34265734267,0.1900048702955246,
236437.3076923077,0.19006486237049103,
236471.0,,2.0
236496.0,,2.0
236526.0,,2.0
236543.78723404257,0.19036482274532318,
236545.0,,2.0
236695.0,,2.0
236718.0,,2.0
236750.26086956522,0.19054479897022247,
236824.0,,2.0
236870.05263157896,0.1906447857618332,
236975.05263157896,0.1907447725534439,
236999.0,,2.0
237005.30434782608,0.1907847672700882,
237012.23913043478,0.19080476462841034,
237019.80434782608,0.19082476198673248,
237026.10869565216,0.19084475934505463,
237028.0,,2.0
237036.17307692306,0.19086475670337677,
237042.42307692306,0.1908847540616989,
237053.0,,2.0
237122.6,0.19098474085330963,
237149.0,,2.0
237155.54761904763,0.19102473556995392,
237168.64285714287,0.1910647302865982,
237172.2142857143,0.19108472764492035,
237174.0,,2.0
237221.11764705883,0.19112472236156464,
237263.0,,2.0
237285.2564102564,0.19122470915317535,
237291.61538461538,0.1912447065114975,
237294.0,,2.0
237302.13043478262,0.19126470386981964,
237310.26086956522,0.19128470122814178,
237325.78260869565,0.19132469594478607,
237328.0,,2.0
237334.6976744186,0.19134469330310822,
237339.16279069768,0.19136469066143036,
237344.7441860465,0.1913846880197525,
237352.0,,2.0
237382.0,,2.0
237404.0,,2.0
237410.69565217392,0.19158466160297394,
237432.21739130435,0.1916646510362625,
237436.04347826086,0.19168464839458466,
237448.0,,2.0
237463.25,0.1917446404695511,
237509.0,,2.0
237528.6875,0.1918846219778061,
237530.0,,2.0
237555.2,0.19196461141109467,
237557.0,,2.0
237570.82978723405,0.19200460612773895,
237582.0,,2.0
237597.33684210526,0.19208459556102753,
237629.0,,2.0
237643.2380952381,0.19224457442760468,
237655.0,,2.0
237674.0,,2.0
237681.2972972973,0.19238455593585968,
237701.56756756757,0.1924445480108261,
237704.0,,2.0
237738.0,,2.0
237742.5,0.19254453480243683,
237759.0,,2.0
237802.2558139535,0.19272451102733612,
237819.0,,2.0
237825.01886792452,0.19278450310230255,
237832.1320754717,0.1928045004606247,
237848.0,,2.0
237869.0,,2.0
237874.5,0.1929444819688797,
237891.0,,2.0
237899.29787234042,0.19302447140216827,
237919.085106383,0.1930844634771347,
237921.0,,2.0
237949.0,,2.0
237974.0,,2.0
237980.6,0.193264439702034,
237996.0,,2.0
238004.19512195123,0.19334442913532257,
238015.46341463414,0.193404421210289,
238017.0,,2.0
238024.58333333334,0.19342441856861115,
238030.0,0.1934444159269333,
238035.41666666666,0.19346441328525543,
238043.0,,2.0
238074.38202247192,0.1935843974351883,
238092.0,,2.0
238101.33333333334,0.19366438686847687,
238126.0,,2.0
238131.13333333333,0.19374437630176544,
238142.8,0.19378437101840973,
238147.0,,2.0
238164.8260869565,0.19388435781002045,
238175.0760869565,0.19392435252666473,
238188.0,,2.0
238223.0,,2.0
238246.0,,2.0
238258.9176470588,0.19416432082653046,
238307.0,,2.0
238383.0,,2.0
238395.51063829788,0.19440428912639618,
238411.0,,2.0
238433.0,,2.0
238453.0,,2.0
238500.06741573033,0.19474424421787262,
238512.0,,2.0
238521.27272727274,0.1947842389345169,
238527.27272727274,0.19480423629283905,
238531.0909090909,0.1948242336511612,
238534.36363636365,0.19484423100948334,
238536.0,,2.0
238553.04901960783,0.19490422308444977,
238558.57843137256,0.1949242204427719,
238583.0,,2.0
238602.53488372092,0.19508419930934906,
238604.0,,2.0
238612.75,0.1951041966676712,
238626.16666666666,0.1951441913843155,
238632.0,,2.0
238690.0,,2.0
238707.3023255814,0.19530417025089264,
238719.58139534883,0.19534416496753693,
238738.0,,2.0
238761.0,,2.0
238911.0,,2.0
238931.07692307694,0.19558413326740265,
238948.92307692306,0.1956041306257248,
238998.0,,2.0
239020.61538461538,0.19572411477565765,
239022.0,,2.0
239037.86046511628,0.19578410685062408,
239044.0,,2.0
239050.0495049505,0.19582410156726837,
239084.48514851485,0.19594408571720123,
239091.0,,2.0
239117.0,,2.0
239142.0,,2.0
239165.0,,2.0
239180.78260869565,0.19626404345035553,
239187.0,,2.0
239233.0,,2.0
239366.0,,2.0
239395.0,,2.0
239432.0980392157,0.19678397476673126,
239481.0,,2.0
239505.0,,2.0
239511.16,0.1969439536333084,
239514.24,0.19696395099163055,
239519.08,0.1969839483499527,
239527.0,,2.0
239538.22448979592,0.19704394042491913,
239552.0,,2.0
239589.0,,2.0
239644.59615384616,0.19724391400814056,
239648.0,,2.0
239657.0,0.1972639113664627,
239668.7,0.197303906083107,
239675.0,,2.0
239850.0,,2.0
239910.24489795917,0.19754387438297272,
239932.0,,2.0
240070.0,0.19768385589122772,
240104.0,,2.0
240117.4693877551,0.19778384268283844,
240124.0,,2.0
240136.63414634147,0.19782383739948273,
240158.29268292684,0.19788382947444916,
240161.0,,2.0
240185.0,,2.0
240272.5357142857,0.19812379777431488,
240314.0,,2.0
240320.02380952382,0.1982237845659256,
240335.35714285713,0.19828377664089203,
240337.0,,2.0
240361.0,,2.0
240376.0980392157,0.19842375814914703,
240383.0,,2.0
240392.6,0.19848375022411346,
240407.0,,2.0
240412.9298245614,0.1985437422990799,
240426.15789473685,0.19858373701572418,
240433.0,,2.0
240459.0,,2.0
240497.3108108108,0.19878371059894562,
240549.0,,2.0
240562.88461538462,0.19894368946552277,
240584.8076923077,0.1990036815404892,
240587.0,,2.0
240728.50943396226,0.19908367097377777,
240737.0,,2.0
240763.25,0.1991436630487442,
240776.0,,2.0
240811.0,,2.0
240961.0,,2.0
240972.29411764705,0.19934363663196564,
241021.0,,2.0
241068.0,,2.0
241218.0,,2.0
241231.61904761905,0.19976358115673065,
241244.0,,2.0
241273.0,,2.0
241287.625,0.1999235600233078,
241297.375,0.1999635547399521,
241299.0,,2.0
241325.0,,2.0
241350.0,,2.0
241400.16666666666,0.2002035230398178,
241417.66666666666,0.20022352039813995,
241455.0,,2.0
241539.0,,2.0
241643.0,,2.0
241650.5,0.20046348869800568,
241673.5,0.20054347813129425,
241688.5,0.20060347020626068,
241690.0,,2.0
241788.51111111112,0.2006634622812271,
241833.0,,2.0
241846.24528301886,0.20072345435619354,
241860.0,,2.0
241882.0,,2.0
241907.0,,2.0
242089.0,,2.0
242102.6976744186,0.20114339888095856,
242108.0,,2.0
242129.82978723405,0.20122338831424713,
242133.27659574468,0.20124338567256927,
242135.0,,2.0
242147.26666666666,0.20128338038921356,
242158.0,,2.0
242167.72222222222,0.20136336982250214,
242179.0,,2.0
242203.6590909091,0.20146335661411285,
242210.0,,2.0
242233.2142857143,0.20156334340572357,
242235.0,,2.0
242258.33333333334,0.20164333283901215,
242260.0,,2.0
242264.39534883722,0.2016633301973343,
242269.76744186046,0.20168332755565643,
242284.90697674418,0.20174331963062286,
242288.81395348837,0.201763316988945,
242302.0,,2.0
242315.58095238096,0.20184330642223358,
242336.60952380951,0.20192329585552216,
242348.0,,2.0
242352.0888888889,0.2019832879304886,
242386.84444444443,0.20210327208042145,
242394.0,,2.0
242417.0,,2.0
242430.86956521738,0.20224325358867645,
242446.0,,2.0
242517.81954887218,0.20236323773860931,
242567.1954887218,0.20242322981357574,
242645.0,,2.0
242687.68,0.2026831954717636,
242689.0,,2.0
242709.0,,2.0
242726.5,0.20284317433834076,
242728.0,,2.0
242748.0,,2.0
242793.0,0.20294316112995148,
242864.25,0.20298315584659576,
242886.75,0.2030031532049179,
242898.0,,2.0
242925.91836734695,0.20302315056324005,
242970.0,,2.0
242977.58333333334,0.20310313999652863,
242998.0,,2.0
243023.0,,2.0
243042.53488372092,0.2033231109380722,
243044.0,,2.0
243068.0,,2.0
243093.0,,2.0
243104.0,0.20352308452129364,
243115.0,,2.0
243135.0,,2.0
243146.57142857142,0.2036830633878708,
243154.92857142858,0.20370306074619293,
243162.0,,2.0
243172.98039215687,0.20374305546283722,
243188.35294117648,0.20380304753780365,
243190.0,,2.0
243203.0,0.20384304225444794,
243215.0,,2.0
243307.0,,2.0
243321.175,0.20416299998760223,
243331.975,0.20420299470424652,
243334.0,,2.0
243353.40350877194,0.20422299206256866,
243364.49122807017,0.2042429894208908,
243413.0,,2.0
243445.0,,2.0
243492.0,,2.0
243520.0,,2.0
243555.71764705883,0.20464293658733368,
243566.0,,2.0
243714.0,,2.0
243737.0,,2.0
243756.0,,2.0
243961.0,,2.0
243992.0,,2.0
244018.13333333333,0.20524285733699799,
244020.0,,2.0
244160.4255319149,0.20532284677028656,
244170.0,,2.0
244213.29411764705,0.20540283620357513,
244216.0,,2.0
244366.0,,2.0
244380.1030927835,0.205522820353508,
244393.03092783506,0.20556281507015228,
244423.0,,2.0
244428.47619047618,0.205662801861763,
244432.30952380953,0.20568279922008514,
244446.0,,2.0
244456.60465116278,0.20576278865337372,
244468.32558139536,0.205802783370018,
244470.0,,2.0
244495.0,,2.0
244522.75,0.20596276223659515,
244525.0,,2.0
244548.42857142858,0.2059827595949173,
244568.25274725276,0.20600275695323944,
244689.0,,2.0
244740.97101449277,0.2061627358198166,
244859.08695652173,0.20624272525310516,
245015.0,,2.0
245024.16666666666,0.2064027041196823,
245035.0,,2.0
245055.75471698114,0.20652268826961517,
245057.0,,2.0
245095.0,0.2065826803445816,
245155.35294117648,0.20666266977787018,
245171.0,,2.0
245186.56097560975,0.2067226618528366,
245190.80487804877,0.20674265921115875,
245200.0,,2.0
245230.6976744186,0.20684264600276947,
245233.0,,2.0
245265.0,,2.0
245347.5,0.20696263015270233,
245415.0,,2.0
245465.9090909091,0.20706261694431305,
245485.0,,2.0
245509.0,,2.0
245516.8260869565,0.2071826010942459,
245523.78260869565,0.20720259845256805,
245549.0,,2.0
245572.0,,2.0
245632.85416666666,0.2073625773191452,
245699.0,,2.0
245712.83720930232,0.20744256675243378,
245734.0,,2.0
245764.92307692306,0.20752255618572235,
245801.0,,2.0
245851.0,,2.0
245875.0975609756,0.2077225297689438,
245877.0,,2.0
245921.0,,2.0
245928.4347826087,0.20790250599384308,
245940.0,,2.0
246090.0,,2.0
246115.0,,2.0
246135.6530612245,0.20820246636867523,
246137.0,,2.0
246160.4111111111,0.2082824558019638,
246167.48888888888,0.20830245316028595,
246180.55555555556,0.20834244787693024,
246186.0,,2.0
246197.83783783784,0.20840243995189667,
246239.76351351352,0.20854242146015167,
246259.0,,2.0
246279.0,,2.0
246285.5,0.20870240032672882,
246295.5,0.2087423950433731,
246299.5,0.20876239240169525,
246301.0,,2.0
246324.0,,2.0
246343.0,,2.0
246388.73333333334,0.20900236070156097,
246392.0,,2.0
246424.9411764706,0.20902235805988312,
246445.5294117647,0.20904235541820526,
246567.0,,2.0
246597.68085106384,0.20918233692646027,
246663.4255319149,0.2092423290014267,
246670.0,,2.0
246701.6739130435,0.20930232107639313,
246717.0,,2.0
246744.63636363635,0.2093823105096817,
246755.0,,2.0
246772.0,0.20946229994297028,
246779.0,,2.0
246800.2142857143,0.20954228937625885,
246812.0,,2.0
246827.4,0.20962227880954742,
246833.0,,2.0
246862.0,,2.0
246882.73170731709,0.20976226031780243,
246912.0,,2.0
246935.06896551725,0.20982225239276886,
246981.2068965517,0.20986224710941315,
247011.9655172414,0.2098822444677353,
247135.0,,2.0
247160.0,,2.0
247339.0,,2.0
247345.54545454544,0.21022219955921173,
247363.0,,2.0
247373.32653061225,0.21032218635082245,
247385.0,,2.0
247404.0588235294,0.21042217314243317,
247412.0,,2.0
247420.15094339623,0.21046216785907745,
247434.64150943398,0.21052215993404388,
247436.0,,2.0
247468.9638554217,0.2106221467256546,
247485.44578313254,0.2106621414422989,
247493.0,,2.0
247512.66326530612,0.2107621282339096,
247524.3775510204,0.2108021229505539,
247528.97959183675,0.21082212030887604,
247534.0,,2.0
247550.24,0.21088211238384247,
247562.0,,2.0
247647.83333333334,0.21098209917545319,
247665.0,,2.0
247683.18181818182,0.21106208860874176,
247690.0,,2.0
247709.44186046513,0.2111220806837082,
247728.0,,2.0
247748.08695652173,0.2112220674753189,
247754.1739130435,0.21124206483364105,
247756.0,,2.0
247768.27272727274,0.21128205955028534,
247773.18181818182,0.21130205690860748,
247783.0,,2.0
247933.0,,2.0
247963.0,,2.0
248052.62105263158,0.21156202256679535,
248154.74736842106,0.21164201200008392,
248161.0,,2.0
248169.3396226415,0.21166200935840607,
248187.0,,2.0
248223.7888888889,0.2118619829416275,
248230.0,,2.0
248250.42857142858,0.21196196973323822,
248252.0,,2.0
248279.0,,2.0
248284.6170212766,0.21206195652484894,
248303.0,,2.0
248326.0,,2.0
248351.0,,2.0
248377.66666666666,0.2123219221830368,
248431.0,,2.0
248451.04166666666,0.2125018984079361,
248457.0,,2.0
248464.26923076922,0.21254189312458038,
248477.76923076922,0.21258188784122467,
248484.0,,2.0
248504.0,,2.0
248517.9393939394,0.21274186670780182,
248548.60606060605,0.21284185349941254,
248550.0,,2.0
248583.52380952382,0.2129618376493454,
248592.74285714285,0.21300183236598969,
248594.0,,2.0
248601.0888888889,0.21302182972431183,
248636.53333333333,0.21312181651592255,
248641.04444444444,0.2131418138742447,
248679.06666666668,0.2132418006658554,
248681.0,,2.0
248688.8260869565,0.21326179802417755,
248733.1739130435,0.2133817821741104,
248741.0,,2.0
248756.78431372548,0.213461771607399,
248775.27450980392,0.21352176368236542,
248785.64705882352,0.2135617583990097,
248787.0,,2.0
248793.56756756757,0.21358175575733185,
248814.0,,2.0
248817.92682926828,0.21366174519062042,
248830.26829268291,0.2137017399072647,
248837.0,,2.0
248870.0,,2.0
248896.0,,2.0
248918.0,,2.0
248939.24137931035,0.21404169499874115,
248953.40229885056,0.21408168971538544,
248962.0,,2.0
248979.5,0.21418167650699615,
248985.0,,2.0
248992.95454545456,0.21422167122364044,
249005.45454545456,0.21426166594028473,
249033.29545454544,0.21436165273189545,
249035.0,,2.0
249043.98113207548,0.2143816500902176,
249103.0,,2.0
249131.0,,2.0
249135.69565217392,0.2146216183900833,
249155.0,,2.0
249175.15,0.21474160254001617,
249179.05,0.21476159989833832,
249181.0,,2.0
249211.0,,2.0
249231.39024390245,0.21492157876491547,
249233.0,,2.0
249260.0,,2.0
249266.80952380953,0.21502156555652618,
249286.0,,2.0
249308.5,0.2151215523481369,
249326.0,,2.0
249440.13043478262,0.21522153913974762,
249476.0,,2.0
249492.37209302327,0.2153015285730362,
249498.0,,2.0
249544.0,,2.0
249604.34831460673,0.21548150479793549,
249670.5842696629,0.21556149423122406,
249675.0,,2.0
249697.0,,2.0
249707.82352941178,0.21568147838115692,
249713.9411764706,0.21570147573947906,
249735.11764705883,0.2157614678144455,
249743.58823529413,0.21580146253108978,
249745.0,,2.0
249752.67441860464,0.21582145988941193,
249760.3488372093,0.21584145724773407,
249772.90697674418,0.21588145196437836,
249775.0,,2.0
249790.0,0.21592144668102264,
249799.23076923078,0.21596144139766693,
249822.88461538462,0.21602143347263336,
249835.0,,2.0
249847.0243902439,0.2160814255475998,
249861.8780487805,0.21612142026424408,
249864.0,,2.0
249876.0,0.21616141498088837,
249888.0,,2.0
249895.25454545455,0.2162214070558548,
249909.0,,2.0
249955.0,,2.0
249985.0,,2.0
249997.22222222222,0.21648137271404266,
250007.0,,2.0
250012.33333333334,0.2165413647890091,
250017.66666666666,0.21656136214733124,
250023.53333333333,0.21658135950565338,
250031.0,,2.0
250036.35135135136,0.21662135422229767,
250047.54054054053,0.2166813462972641,
250049.0,,2.0
250123.89361702127,0.21676133573055267,
250129.0,,2.0
250148.74,0.21684132516384125,
250150.0,,2.0
250164.56,0.21688131988048553,
250176.32,0.21692131459712982,
250178.0,,2.0
250199.0,,2.0
250247.11320754717,0.21708129346370697,
250250.0,,2.0
250263.2558139535,0.21712128818035126,
250280.0,,2.0
250298.0,,2.0
250322.0,,2.0
250361.0,,2.0
250375.15217391305,0.2174612432718277,
250380.63043478262,0.21748124063014984,
250382.0,,2.0
250397.38461538462,0.21752123534679413,
250407.0,,2.0
250416.82978723405,0.2176012247800827,
250429.0,,2.0
250483.13333333333,0.21772120893001556,
250487.0,,2.0
250493.66666666666,0.2177412062883377,
250511.0,,2.0
250533.0,,2.0
250539.12030075188,0.21790118515491486,
250607.0,,2.0
250645.0,,2.0
250705.0,,2.0
250717.04761904763,0.21840111911296844,
250727.0,,2.0
250775.36956521738,0.21860109269618988,
250777.0,,2.0
250804.0,,2.0
250872.7074829932,0.21876107156276703,
251006.0,,2.0
251018.46875,0.21894104778766632,
251024.375,0.21896104514598846,
251036.1875,0.21900103986263275,
251058.5,0.21906103193759918,
251067.03125,0.21908102929592133,
251069.0,,2.0
251095.0,,2.0
251111.05660377358,0.21922101080417633,
251118.0,,2.0
251189.5909090909,0.21928100287914276,
251223.68181818182,0.2193010002374649,
251268.0,,2.0
251311.0,,2.0
251351.0,,2.0
251359.65384615384,0.21950097382068634,
251370.71153846153,0.21954096853733063,
251376.0,,2.0
251398.0,,2.0
251403.2380952381,0.2196609526872635,
251418.42857142858,0.21972094476222992,
251420.0,,2.0
251465.0,,2.0
251477.0,0.21992091834545135,
251513.0,,2.0
251567.0,,2.0
251573.8108108108,0.2202208787202835,
251595.0,,2.0
251611.66666666666,0.22032086551189423,
251623.0,,2.0
251647.0,,2.0
251691.2857142857,0.22050084173679352,
251704.57142857142,0.22052083909511566,
251709.0,,2.0
251722.5744680851,0.22056083381175995,
251738.0,,2.0
251761.0,,2.0
251880.44444444444,0.22074081003665924,
251911.0,,2.0
251917.04444444444,0.22078080475330353,
251936.6888888889,0.22082079946994781,
251945.0,,2.0
251978.83333333334,0.22094078361988068,
251985.7380952381,0.22096078097820282,
251991.95238095237,0.22098077833652496,
252003.0,,2.0
252039.125,0.22112075984477997,
252052.40625,0.22116075456142426,
252054.0,,2.0
252068.44444444444,0.22120074927806854,
252080.0,,2.0
252102.0,,2.0
252109.82,0.22134073078632355,
252125.0,,2.0
252159.0,,2.0
252180.0,,2.0
252203.0,,2.0
252245.0459770115,0.2216806858778,
252255.89655172414,0.22170068323612213,
252310.14942528735,0.2217806726694107,
252321.0,,2.0
252409.72727272726,0.22186066210269928,
252443.0,,2.0
252463.18604651163,0.22194065153598785,
252471.0,,2.0
252476.8536585366,0.22198064625263214,
252483.8780487805,0.22200064361095428,
252495.0,,2.0
252535.75471698114,0.22208063304424286,
252556.88679245283,0.222100630402565,
252570.4716981132,0.22212062776088715,
252575.0,,2.0
252647.0792079208,0.22222061455249786,
252687.0,,2.0
252703.33333333334,0.22234059870243073,
252708.0,,2.0
252726.33333333334,0.2224205881357193,
252733.0,,2.0
252757.0975609756,0.22248058021068573,
252768.51219512196,0.22250057756900787,
252785.0,,2.0
252809.975,0.2226005643606186,
252812.0,,2.0
252840.0,,2.0
252866.0,,2.0
252881.68,0.22280053794384003,
252950.0,,2.0
252969.6595744681,0.22300051152706146,
252971.0,,2.0
252976.37209302327,0.2230205088853836,
252992.0,,2.0
253009.76086956522,0.2231604903936386,
253011.0,,2.0
253034.0,,2.0
253055.0,,2.0
253205.0,,2.0
253223.97674418605,0.22346045076847076,
253229.0,,2.0
253243.81632653062,0.22354044020175934,
253249.6530612245,0.22356043756008148,
253251.0,,2.0
253257.41860465117,0.22358043491840363,
253274.0,,2.0
253452.0,,2.0
253479.32692307694,0.22388039529323578,
253481.0,,2.0
253508.0,,2.0
253519.7857142857,0.22402037680149078,
253533.17857142858,0.22406037151813507,
253553.0,,2.0
253567.0,0.2241603583097458,
253581.0,,2.0
253602.66666666666,0.22422035038471222,
253647.66666666666,0.22428034245967865,
253711.0,0.22434033453464508,
253726.0,0.22436033189296722,
253731.0,,2.0
253870.53488372092,0.2244403213262558,
253881.0,,2.0
254048.39795918367,0.2247602790594101,
254051.0,,2.0
254072.2658227848,0.22482027113437653,
254107.0,,2.0
254131.0,,2.0
254142.02702702704,0.2250402420759201,
254153.05405405405,0.2250802367925644,
254155.0,,2.0
254164.37209302327,0.22510023415088654,
254186.0,,2.0
254193.29166666666,0.2251802235841751,
254204.75,0.2252202183008194,
254211.0,,2.0
254268.75,0.22528021037578583,
254316.0,,2.0
254335.48453608248,0.22538019716739655,
254363.31958762885,0.22546018660068512,
254370.0,,2.0
254395.0,,2.0
254413.66666666666,0.2256401628255844,
254415.0,,2.0
254457.0,,2.0
254481.0,,2.0
254614.0,,2.0
254647.0,,2.0
254723.0,,2.0
254739.72727272726,0.22608010470867157,
254755.0,,2.0
254767.47826086957,0.22616009414196014,
254772.8260869565,0.2261800915002823,
254796.0,,2.0
254815.53488372092,0.22636006772518158,
254817.0,,2.0
254851.7159090909,0.22648005187511444,
254864.0,,2.0
254892.0,,2.0
254919.0,,2.0
254940.75,0.2267400175333023,
254948.0,,2.0
254974.0,,2.0
254988.97872340426,0.22689999639987946,
254996.0,,2.0
255007.8686868687,0.2269599884748459,
255043.0,,2.0
255051.84615384616,0.2270999699831009,
255060.25,0.22713996469974518,
255066.0,,2.0
255081.67346938775,0.22721995413303375,
255088.5306122449,0.2272399514913559,
255090.0,,2.0
255119.0,,2.0
255125.42857142858,0.2273399382829666,
255131.85714285713,0.22735993564128876,
255146.0,,2.0
255209.81395348837,0.22745992243289948,
255244.0,,2.0
255249.0,0.22749991714954376,
255261.5,0.2275599092245102,
255263.0,,2.0
255289.0,,2.0
255314.2,0.2276998907327652,
255324.0,,2.0
255335.08333333334,0.22775988280773163,
255373.0,,2.0
255449.92307692306,0.22791986167430878,
255523.0,,2.0
255545.0,,2.0
255567.49019607843,0.22809983789920807,
255576.0,,2.0
255601.0,,2.0
255649.06741573033,0.22823981940746307,
255734.34831460673,0.22835980355739594,
255739.0,,2.0
255889.0,,2.0
255914.0,,2.0
255921.3103448276,0.22853977978229523,
255938.36781609195,0.22859977185726166,
255967.0,,2.0
255986.0,,2.0
256014.0,,2.0
256069.83673469388,0.22895972430706024,
256090.0,,2.0
256109.87037037036,0.22905971109867096,
256119.0,,2.0
256150.875,0.22915969789028168,
256153.0,,2.0
256156.45098039217,0.22917969524860382,
256175.0,,2.0
256184.06976744186,0.2292596846818924,
256193.7441860465,0.22929967939853668,
256201.0,,2.0
256207.52173913043,0.22933967411518097,
256215.13043478262,0.2293596714735031,
256226.0,,2.0
256254.0,,2.0
256259.18681318683,0.22949965298175812,
256295.4945054945,0.22959963977336884,
256313.0,,2.0
256320.48837209304,0.22965963184833527,
256336.0,,2.0
256355.0,,2.0
256371.66666666666,0.22983960807323456,
256385.0,,2.0
256407.24719101124,0.22995959222316742,
256416.34831460673,0.2299995869398117,
256430.0,,2.0
256444.28431372548,0.23009957373142242,
256469.16666666666,0.230179563164711,
256477.0,,2.0
256575.0,,2.0
256590.45454545456,0.23033954203128815,
256595.0,,2.0
256605.41860465117,0.23037953674793243,
256623.0,,2.0
256639.82352941178,0.2304995208978653,
256645.0,,2.0
256663.0,,2.0
256694.0,,2.0
256703.84615384616,0.23069949448108673,
256714.3076923077,0.23073948919773102,
256719.23076923078,0.23075948655605316,
256730.92307692306,0.2307794839143753,
256748.15384615384,0.23083947598934174,
256750.0,,2.0
256779.0,,2.0
256847.0,,2.0
256869.0,,2.0
256885.88372093023,0.2311394363641739,
256891.0,,2.0
256908.6511627907,0.23121942579746246,
256914.0,,2.0
256961.0,,2.0
257027.0,,2.0
257039.15094339623,0.23143939673900604,
257043.49056603774,0.23145939409732819,
257050.0,,2.0
257072.0,,2.0
257222.0,,2.0
257324.27272727274,0.2316993623971939,
257372.0,,2.0
257377.81818181818,0.2317393571138382,
257384.12121212122,0.23175935447216034,
257409.33333333334,0.2318393439054489,
257420.0,,2.0
257445.2168674699,0.23189933598041534,
257526.68674698795,0.23197932541370392,
257575.18072289156,0.23203931748867035,
257581.0,,2.0
257607.73267326734,0.23211930692195892,
257631.0,,2.0
257654.0,,2.0
257666.22222222222,0.23231928050518036,
257676.0,,2.0
257726.7142857143,0.23241926729679108,
257747.0,,2.0
257773.0,,2.0
257797.0975609756,0.23259924352169037,
257799.0,,2.0
257824.0,,2.0
257846.0,,2.0
257854.38834951457,0.23277921974658966,
257894.0,,2.0
257900.56756756757,0.2329391986131668,
257921.0,,2.0
257926.5,0.23301918804645538,
257943.0,,2.0
257966.0,,2.0
257974.0,0.23317916691303253,
257994.0,,2.0
258123.02097902098,0.23337914049625397,
258240.0,,2.0
258270.29545454544,0.23353911936283112,
258302.0,,2.0
258315.5909090909,0.23365910351276398,
258340.68181818182,0.2337190955877304,
258371.0,0.2337590903043747,
258394.0,,2.0
258411.5,0.23383907973766327,
258416.75,0.2338590770959854,
258420.25,0.23387907445430756,
258422.0,,2.0
258434.0888888889,0.2338990718126297,
258454.0,,2.0
258474.68085106384,0.23401905596256256,
258479.27659574468,0.2340390533208847,
258481.0,,2.0
258507.0,,2.0
258528.9512195122,0.23413904011249542,
258568.46341463414,0.2341790348291397,
258597.0,,2.0
258603.06666666668,0.234219029545784,
258618.0,,2.0
258629.82222222222,0.23429901897907257,
258656.0,,2.0
258825.23076923078,0.23451898992061615,
258831.0,,2.0
258842.93181818182,0.23455898463726044,
258854.29545454544,0.23459897935390472,
258856.0,,2.0
258870.2857142857,0.234638974070549,
258875.04761904763,0.23465897142887115,
258881.0,,2.0
258892.2340425532,0.23471896350383759,
258901.59574468085,0.23475895822048187,
258903.0,,2.0
258922.0,,2.0
258931.14285714287,0.2348589450120926,
258943.33333333334,0.23489893972873688,
258951.7142857143,0.23491893708705902,
258954.0,,2.0
258965.57142857142,0.2349589318037033,
258981.0,,2.0
259026.58139534883,0.23507891595363617,
259030.0,,2.0
259036.13636363635,0.2350989133119583,
259042.27272727274,0.23511891067028046,
259055.1590909091,0.23515890538692474,
259057.0,,2.0
259071.29787234042,0.23521889746189117,
259076.6595744681,0.23523889482021332,
259078.0,,2.0
259099.0,,2.0
259111.15,0.23535887897014618,
259126.0,,2.0
259175.0,,2.0
259194.56818181818,0.23555885255336761,
259196.0,,2.0
259224.0,,2.0
259247.0,,2.0
259260.2,0.2357788234949112,
259263.8,0.23579882085323334,
259265.0,,2.0
259270.32,0.23581881821155548,
259284.0,,2.0
259301.36170212767,0.23593880236148834,
259308.0,,2.0
259330.14285714287,0.23601879179477692,
259335.85714285713,0.23603878915309906,
259338.0,,2.0
259345.2,0.2360587865114212,
259350.0,0.23607878386974335,
259362.0,,2.0
259384.46808510637,0.2361987680196762,
259386.0,,2.0
259409.0,,2.0
259439.04081632654,0.23635874688625336,
259441.0,,2.0
259455.15476190476,0.2364187389612198,
259467.35714285713,0.23645873367786407,
259476.63095238095,0.23649872839450836,
259482.0,,2.0
259491.78723404257,0.2365587204694748,
259505.0,,2.0
259515.98591549296,0.23663870990276337,
259537.95774647887,0.2366987019777298,
259583.0,,2.0
259595.91304347827,0.2368786782026291,
259610.0,,2.0
259617.89743589744,0.23693867027759552,
259622.92307692306,0.23695866763591766,
259630.10256410256,0.2369786649942398,
259638.0,,2.0
259687.4382022472,0.23707865178585052,
259748.0,,2.0
259758.9756097561,0.2371986359357834,
259771.17073170733,0.23723863065242767,
259773.0,,2.0
259778.6170212766,0.23725862801074982,
259795.0,,2.0
259817.0,,2.0
259825.68085106384,0.23741860687732697,
259848.82978723405,0.2374785989522934,
259851.0,,2.0
259862.26829268291,0.23751859366893768,
259873.0,,2.0
260014.66666666666,0.23763857781887054,
260023.0,,2.0
260086.0,,2.0
260091.7142857143,0.23773856461048126,
260095.04761904763,0.2377585619688034,
260104.57142857142,0.2377985566854477,
260106.0,,2.0
260111.12820512822,0.23781855404376984,
260120.87179487178,0.23785854876041412,
260126.0,,2.0
260182.39603960395,0.23801852762699127,
260190.0,,2.0
260232.8510638298,0.23815850913524628,
260243.0,,2.0
260248.0,0.2382185012102127,
260263.0,,2.0
260272.6,0.23831848800182343,
260277.4,0.23833848536014557,
260283.0,,2.0
260297.48780487804,0.23841847479343414,
260303.39024390245,0.2384384721517563,
260305.0,,2.0
260318.13684210528,0.23847846686840057,
260336.32631578948,0.238538458943367,
260345.92631578946,0.2385784536600113,
260351.4842105263,0.23859845101833344,
260353.0,,2.0
260368.11111111112,0.23865844309329987,
260373.0,,2.0
260429.1851851852,0.23873843252658844,
260455.0,,2.0
260516.33333333334,0.23881842195987701,
260547.0,,2.0
260578.3432835821,0.23887841403484344,
260625.98507462686,0.23895840346813202,
260715.0,,2.0
260724.975,0.23911838233470917,
260729.175,0.2391383796930313,
260736.0,,2.0
260749.11538461538,0.23919837176799774,
260767.0,,2.0
260825.0,,2.0
260849.0,,2.0
260941.0,,2.0
260950.44186046513,0.2394983321428299,
260970.0,,2.0
260999.06976744186,0.2395983189344406,
261016.51162790696,0.2396383136510849,
261020.0,,2.0
261049.17647058822,0.23971830308437347,
261051.0,,2.0
261095.0,,2.0
261111.04166666666,0.23985828459262848,
261115.625,0.23987828195095062,
261117.0,,2.0
261137.0,0.23993827402591705,
261145.0,,2.0
261151.6976744186,0.23997826874256134,
261163.97674418605,0.24001826345920563,
261186.3023255814,0.2400982528924942,
261193.0,,2.0
261201.2588235294,0.2401382476091385,
261217.77647058823,0.24019823968410492,
261233.6588235294,0.2402382344007492,
261239.37647058823,0.24025823175907135,
261247.0,,2.0
261255.0,0.24029822647571564,
261271.0,,2.0
261431.2857142857,0.24049820005893707,
261451.32142857142,0.24051819741725922,
261458.0,,2.0
261468.14285714287,0.24053819477558136,
261493.1098901099,0.2405981868505478,
261529.0,,2.0
261576.25,0.24077816307544708,
261583.75,0.24079816043376923,
261589.0,0.24081815779209137,
261598.0,,2.0
261618.08695652173,0.24089814722537994,
261626.0,,2.0
261639.73076923078,0.24097813665866852,
261647.0,,2.0
261672.0,,2.0
261695.0,,2.0
261720.38461538462,0.24121810495853424,
261761.84615384616,0.24129809439182281,
261769.46153846153,0.24131809175014496,
261772.0,,2.0
261805.0,,2.0
261853.0,,2.0
261858.47826086957,0.24157805740833282,
261867.15217391305,0.2416180521249771,
261874.0,,2.0
261884.65853658537,0.24167804419994354,
261889.70731707316,0.24169804155826569,
261897.0,,2.0
261918.0,,2.0
261941.0,,2.0
261947.05,0.24189801514148712,
261961.35,0.24195800721645355,
261963.0,,2.0
261967.5128205128,0.2419780045747757,
261985.0,,2.0
262007.0,,2.0
262025.26086956522,0.242157980799675,
262047.0,,2.0
262074.0,,2.0
262090.5,0.24233795702457428,
262094.82142857142,0.24235795438289642,
262096.0,,2.0
262124.0,,2.0
262145.4666666667,0.24251793324947357,
262147.0,,2.0
262172.0,,2.0
262190.46153846156,0.24267791211605072,
262192.0,,2.0
262227.90839694656,0.2427579015493393,
262251.0992366412,0.24281789362430573,
262287.75572519086,0.24291788041591644,
262290.0,,2.0
262317.0,0.24299786984920502,
262344.0,,2.0
262365.0,,2.0
262371.1224489796,0.2431778460741043,
262383.8775510204,0.2432178407907486,
262388.4693877551,0.24323783814907074,
262390.0,,2.0
262417.1489361702,0.24331782758235931,
262419.0,,2.0
262454.6587677725,0.24337781965732574,
262534.8909952607,0.2434978038072586,
262628.0,,2.0
262652.0,,2.0
262675.40425531915,0.24379776418209076,
262677.0,,2.0
262694.0,,2.0
262727.0,,2.0
262757.0,,2.0
262783.17391304346,0.24411772191524506,
262785.0,,2.0
262798.5,0.24415771663188934,
262812.0,,2.0
262819.3846153846,0.24421770870685577,
262836.0,,2.0
262902.0,,2.0
262923.5319148936,0.24443767964839935,
262925.0,,2.0
262945.4705882353,0.24449767172336578,
262954.0,,2.0
262993.31707317074,0.2446376532316208,
263006.0,,2.0
263035.0,,2.0
263055.39024390245,0.24483762681484222,
263057.0,,2.0
263078.77777777775,0.24485762417316437,
263092.77777777775,0.2448776215314865,
263127.0,,2.0
263161.0,,2.0
263283.8125,0.24507759511470795,
263292.0,,2.0
263341.0,,2.0
263352.04,0.2451975792646408,
263358.02,0.24521757662296295,
263364.0,,2.0
263384.0,,2.0
263392.4,0.2453375607728958,
263412.0,,2.0
263430.6170212766,0.24545754492282867,
263437.0,,2.0
263442.75,0.24549753963947296,
263460.0,,2.0
263479.375,0.24561752378940582,
263490.0,,2.0
263504.1176470588,0.24567751586437225,
263514.0,,2.0
263520.3488372093,0.24573750793933868,
263533.5348837209,0.24579750001430511,
263535.0,,2.0
263541.1538461539,0.24581749737262726,
263559.0,,2.0
263566.0909090909,0.24589748680591583,
263583.2272727273,0.24595747888088226,
263585.0,,2.0
263632.0,,2.0
263646.29545454547,0.24613745510578156,
263660.5909090909,0.24617744982242584,
263669.0,,2.0
263696.0,,2.0
263709.35714285716,0.24631743133068085,
263731.21428571426,0.24639742076396942,
263747.0,,2.0
263789.07608695654,0.2465773969888687,
263796.0,,2.0
263818.0,,2.0
263867.05494505493,0.24673737585544586,
263942.0,,2.0
263965.29545454547,0.24691735208034515,
263967.0,,2.0
263976.625,0.24695734679698944,
263989.0,,2.0
264003.1666666667,0.24703733623027802,
264024.0,,2.0
264041.68292682926,0.24713732302188873,
264049.0,,2.0
264073.0,,2.0
264101.0,,2.0
264119.9583333333,0.24737729132175446,
264125.375,0.2473972886800766,
264127.0,,2.0
264136.1836734694,0.24741728603839874,
264149.6530612245,0.24745728075504303,
264157.0,,2.0
264190.0,,2.0
264219.0,,2.0
264238.76470588235,0.2477172464132309,
264240.0,,2.0
264266.1941747573,0.24777723848819733,
264284.11650485435,0.2478172332048416,
264308.93203883496,0.24787722527980804,
264311.0,,2.0
264317.4,0.2478972226381302,
264322.2,0.24791721999645233,
264335.0,,2.0
264366.0,,2.0
264432.0,,2.0
264437.3777777778,0.24821718037128448,
264452.5333333333,0.24827717244625092,
264454.0,,2.0
264471.86,0.2483571618795395,
264473.0,,2.0
264532.8273381295,0.24847714602947235,
264539.1726618705,0.2484971433877945,
264572.71223021584,0.24855713546276093,
264583.58992805757,0.24857713282108307,
264599.0,,2.0
264615.08510638296,0.2486371248960495,
264627.0,,2.0
264656.0,,2.0
264684.0,,2.0
264704.0,,2.0
264728.0,,2.0
264732.1121495327,0.24901707470417023,
264738.4672897196,0.24903707206249237,
264746.31775700935,0.24907706677913666,
264761.6448598131,0.2491370588541031,
264768.0,,2.0
264779.3333333333,0.24917705357074738,
264789.5333333333,0.24919705092906952,
264819.0,,2.0
264845.0,,2.0
264863.24,0.2493770271539688,
264869.0,,2.0
264874.07692307694,0.2494170218706131,
264878.58974358975,0.24943701922893524,
264883.6666666667,0.24945701658725739,
264891.0,,2.0
264915.0,,2.0
264919.26086956525,0.24957700073719025,
264943.0,,2.0
264963.625,0.24971698224544525,
264965.0,,2.0
264976.23255813954,0.24975697696208954,
264981.6046511628,0.24977697432041168,
264986.0,,2.0
264999.8947368421,0.24985696375370026,
265008.0,,2.0
265031.07692307694,0.24995695054531097,
265033.0,,2.0
265059.0,,2.0
265080.0,,2.0
265121.70238095237,0.2501969337463379,
265193.0,,2.0
265310.39130434784,0.2503369152545929,
265343.0,,2.0
265370.0,,2.0
265383.63636363635,0.2504768967628479,
265394.0,,2.0
265415.6140350877,0.2505768835544586,
265420.5263157895,0.25059688091278076,
265422.0,,2.0
265429.1914893617,0.2506168782711029,
265436.3829787234,0.25063687562942505,
265446.3404255319,0.25067687034606934,
265448.0,,2.0
265468.8,0.25073686242103577,
265474.0,,2.0
265556.0,,2.0
265571.3614457831,0.25087684392929077,
265575.6626506024,0.2508968412876129,
265592.8674698795,0.25095683336257935,
265607.0,,2.0
265613.41509433964,0.2510168254375458,
265627.0,,2.0
265676.0,,2.0
265707.24210526317,0.2512167990207672,
265745.1789473684,0.2512567937374115,
265782.0,,2.0
265826.0,,2.0
265832.73076923075,0.25141677260398865,
265839.9423076923,0.2514367699623108,
265851.0,,2.0
265874.0,,2.0
265901.0,,2.0
265922.4666666667,0.2517167329788208,
265924.0,,2.0
265952.0,,2.0
265960.8695652174,0.2518167197704315,
265974.4347826087,0.25187671184539795,
265976.0,,2.0
266029.65,0.2519367039203644,
266050.0,,2.0
266057.8541666667,0.25197669863700867,
266064.5,0.2519966959953308,
266079.0,,2.0
266108.0,,2.0
266218.20408163266,0.2521766722202301,
266258.0,,2.0
266296.70588235295,0.25233665108680725,
266305.0,,2.0
266387.0,,2.0
266395.84,0.2524566352367401,
266404.68,0.25247663259506226,
266421.0,,2.0
266474.4130434783,0.2525966167449951,
266542.89130434784,0.2526766061782837,
266547.0,,2.0
266558.5,0.252716600894928,
266568.4318181818,0.25275659561157227,
266570.0,,2.0
266591.0,,2.0
266653.0,,2.0
266670.63265306124,0.25297656655311584,
266677.0,,2.0
266720.9024390244,0.25301656126976013,
266750.1707317073,0.2530365586280823,
266816.0243902439,0.25307655334472656,
266827.0,,2.0
266839.4583333333,0.25311654806137085,
266850.0,,2.0
266895.80555555556,0.25321653485298157,
267044.0,,2.0
267063.4210526316,0.25347650051116943,
267089.0,,2.0
267106.56097560975,0.25361648201942444,
267113.0,,2.0
267165.7173913043,0.25367647409439087,
267184.6956521739,0.253696471452713,
267210.0,,2.0
267291.0,,2.0
267316.0,,2.0
267345.4666666667,0.253976434469223,
267365.3,0.25403642654418945,
267367.0,,2.0
267377.0256410256,0.25407642126083374,
267382.92307692306,0.2540964186191559,
267390.0,,2.0
267404.67391304346,0.2541564106941223,
267415.23913043475,0.2541964054107666,
267417.0,,2.0
267439.0,,2.0
267461.0,,2.0
267484.0,,2.0
267496.6382978723,0.2544763684272766,
267511.0,,2.0
267529.4166666667,0.25457635521888733,
267535.375,0.2545963525772095,
267537.0,,2.0
267564.0,,2.0
267584.5,0.2547563314437866,
267586.0,,2.0
267616.0,,2.0
267648.0,,2.0
267668.0,,2.0
267702.0,0.2550562918186188,
267710.0,0.2550762891769409,
267713.0,,2.0
267719.14634146343,0.25509628653526306,
267734.0,,2.0
267874.42553191487,0.25523626804351807,
267884.0,,2.0
267896.7272727273,0.25527626276016235,
267929.0,,2.0
267936.9024390244,0.2554362416267395,
267947.0,,2.0
267966.0,,2.0
267976.6382978723,0.25559622049331665,
267980.0425531915,0.2556162178516388,
267986.0,,2.0
268005.5,0.25569620728492737,
268012.0,,2.0
268186.0,,2.0
268201.652173913,0.2559361755847931,
268221.82608695654,0.25601616501808167,
268226.0,,2.0
268232.4,0.25605615973472595,
268250.0,,2.0
268259.7297297297,0.25615614652633667,
268266.54054054053,0.25619614124298096,
268268.0,,2.0
268568.0,,2.0
268594.0,,2.0
268606.7659574468,0.2564561069011688,
268624.6382978723,0.2564961016178131,
268634.0,,2.0
268671.5,0.2565360963344574,
268784.0,,2.0
268801.85714285716,0.25665608048439026,
268809.0,,2.0
268830.3125,0.2567160725593567,
268839.9375,0.256756067276001,
268842.0,,2.0
268856.82352941175,0.2568160593509674,
268863.0,,2.0
268882.0,,2.0
268917.0,,2.0
268924.6666666667,0.25701603293418884,
268940.0,,2.0
268967.10869565216,0.25715601444244385,
268969.0,,2.0
268988.2888888889,0.2572160065174103,
268997.0,,2.0
269002.45454545453,0.25725600123405457,
269017.0,,2.0
269029.1052631579,0.2573559880256653,
269047.5263157895,0.2574159801006317,
269061.7368421053,0.25747597217559814,
269071.2105263158,0.2574959695339203,
269080.15789473685,0.2575359642505646,
269087.0,,2.0
269111.0,,2.0
269159.3846153846,0.2576959431171417,
269175.07692307694,0.25771594047546387,
269179.0,,2.0
269194.7083333333,0.25775593519210815,
269208.0,,2.0
269233.0,,2.0
269258.92513368983,0.2579559087753296,
269319.4171122995,0.258155882358551,
269327.51871657756,0.25817587971687317,
269332.37967914436,0.2581958770751953,
269334.0,,2.0
269427.0,,2.0
269437.0961538461,0.25829586386680603,
269440.9423076923,0.2583158612251282,
269471.71153846156,0.2584158480167389,
269477.0,,2.0
269521.0,,2.0
269548.0227272727,0.2585958242416382,
269550.0,,2.0
269559.5294117647,0.25863581895828247,
269583.8823529412,0.25871580839157104,
269595.0,,2.0
269650.8333333333,0.25889578461647034,
269662.0,,2.0
269715.0,,2.0
269741.60638297873,0.25907576084136963,
269764.9680851064,0.25913575291633606,
269774.05319148937,0.2591557502746582,
269776.0,,2.0
269801.14285714284,0.25921574234962463,
269809.0,,2.0
269819.76923076925,0.25927573442459106,
269830.0,,2.0
269852.0,,2.0
269859.4666666667,0.25941571593284607,
269874.4,0.2594757080078125,
269876.0,,2.0
269882.20454545453,0.25949570536613464,
269885.0681818182,0.2595157027244568,
269895.5681818182,0.2595556974411011,
269897.0,,2.0
269903.9591836735,0.2595756947994232,
269916.612244898,0.2596156895160675,
269926.10204081633,0.25963568687438965,
269928.0,,2.0
269934.9417475728,0.2596556842327118,
269948.2912621359,0.2596956789493561,
269966.4466019418,0.25973567366600037,
269983.0,,2.0
269991.37209302327,0.25981566309928894,
269998.81395348837,0.2598556578159332,
270003.0,,2.0
270030.0,,2.0
270054.0,,2.0
270061.5263157895,0.26005563139915466,
270080.0,,2.0
270102.5882352941,0.26019561290740967,
270104.0,,2.0
270126.0,,2.0
270148.0,,2.0
270176.0,,2.0
270187.76470588235,0.2604755759239197,
270201.0,,2.0
270213.20408163266,0.26055556535720825,
270227.0,,2.0
270233.5,0.2606155574321747,
270275.5,0.2607555389404297,
270277.0,,2.0
270361.48979591834,0.26083552837371826,
270367.0,,2.0
270410.24,0.2609955072402954,
270418.52,0.26101550459861755,
270436.0,,2.0
270448.63157894736,0.26111549139022827,
270496.0,,2.0
270521.0,,2.0
270549.2173913043,0.261355459690094,
270580.0,,2.0
270599.0,,2.0
270643.1,0.2615754306316376,
270676.0,,2.0
270682.5,0.26165542006492615,
270691.1666666667,0.2616754174232483,
270700.375,0.2617154121398926,
270702.0,,2.0
270709.616,0.2617354094982147,
270723.76,0.26179540157318115,
270742.256,0.2618553936481476,
270746.608,0.2618753910064697,
270758.032,0.261915385723114,
270770.0,,2.0
270792.0,,2.0
270798.28571428574,0.262055367231369,
270803.4285714286,0.26207536458969116,
270816.0,,2.0
270875.94545454544,0.2622753381729126,
270940.88636363635,0.26243531703948975,
270958.7272727273,0.26247531175613403,
270973.0,,2.0
270999.0,,2.0
271015.3404255319,0.2626352906227112,
271031.0,,2.0
271038.04347826086,0.2626952826976776,
271070.9130434783,0.26279526948928833,
271085.0,,2.0
271121.5625,0.2629152536392212,
271124.0,,2.0
271129.04,0.26293525099754333,
271145.0,,2.0
271178.0,,2.0
271248.1052631579,0.2632752060890198,
271260.1052631579,0.26331520080566406,
271262.0,,2.0
271286.0,,2.0
271333.0,,2.0
271346.9534883721,0.2635951638221741,
271355.32558139536,0.26363515853881836,
271357.0,,2.0
271383.0,,2.0
271409.32,0.2637951374053955,
271411.0,,2.0
271430.7826086957,0.26385512948036194,
271437.0,,2.0
271492.2631578947,0.2639351189136505,
271512.0,,2.0
271519.1212121212,0.2639751136302948,
271534.31313131313,0.26403510570526123,
271559.0,,2.0
271579.0,,2.0
271602.0,,2.0
271752.0,,2.0
271773.69811320753,0.2644350528717041,
271775.0,,2.0
271786.86363636365,0.26449504494667053,
271793.0,,2.0
271811.7826086957,0.26455503702163696,
271901.0,,2.0
271927.0,,2.0
271934.0,0.26477500796318054,
271944.0,0.26481500267982483,
271950.0,,2.0
271976.0,,2.0
272019.1914893617,0.264974981546402,
272030.2978723404,0.2649949789047241,
272034.0,,2.0
272041.39285714284,0.26501497626304626,
272055.76785714284,0.2650749683380127,
272057.0,,2.0
272091.0888888889,0.2651749551296234,
272109.0,,2.0
272120.74468085106,0.26527494192123413,
272124.6595744681,0.2652949392795563,
272132.0,,2.0
272214.0,,2.0
272244.56488549616,0.2654549181461334,
272353.7251908397,0.2656348943710327,
272357.0,,2.0
272411.0,,2.0
272419.2913385827,0.26573488116264343,
272426.3070866142,0.2657548785209656,
272463.937007874,0.26587486267089844,
272477.3307086614,0.2659148573875427,
272492.0,,2.0
272515.0,,2.0
272538.0,,2.0
272575.0,,2.0
272617.0,,2.0
272624.10204081633,0.26629480719566345,
272646.0,,2.0
272686.15,0.266374796628952,
272792.0,,2.0
272822.0,,2.0
272837.56097560975,0.26657477021217346,
272844.0,,2.0
272870.2727272727,0.2666347622871399,
272895.0,,2.0
272916.0,,2.0
272933.2727272727,0.2667747437953949,
272992.0,,2.0
273001.77777777775,0.26685473322868347,
273006.6666666667,0.2668747305870056,
273020.35555555555,0.26693472266197205,
273036.0,,2.0
273186.0,,2.0
273199.8,0.26711469888687134,
273209.0,,2.0
273259.0,,2.0
273269.0,0.2672746777534485,
273277.6956521739,0.2673146724700928,
273279.0,,2.0
273301.0,,2.0
273307.9767441861,0.2674146592617035,
273326.0,,2.0
273366.51948051946,0.2676146328449249,
273374.0,,2.0
273384.26666666666,0.26767462491989136,
273395.0,,2.0
273417.5306122449,0.2677946090698242,
273419.0,,2.0
273426.3333333333,0.26781460642814636,
273435.13333333336,0.2678346037864685,
273449.8,0.2678745985031128,
273452.0,,2.0
273498.265060241,0.26803457736968994,
273500.0,,2.0
273521.0,,2.0
273558.36842105264,0.26813456416130066,
273655.5263157895,0.2681945562362671,
273663.0,,2.0
273694.8181818182,0.26827454566955566,
273698.0,,2.0
273719.5,0.26835453510284424,
273721.0,,2.0
273744.5,0.2684345245361328,
273746.0,,2.0
273760.0816326531,0.26845452189445496,
273792.0,,2.0
273798.8,0.26853451132774353,
273812.0,,2.0
273838.0,,2.0
273863.0,,2.0
273887.52592592593,0.2688344717025757,
273938.2888888889,0.26899445056915283,
273940.0,,2.0
273972.5581395349,0.2690744400024414,
273975.0,,2.0
274023.0,,2.0
274085.0689655172,0.26943439245224,
274095.0,,2.0
274099.0,0.2694943845272064,
274111.0,0.2695343792438507,
274118.0,,2.0
274142.0,,2.0
274147.7894736842,0.26965436339378357,
274164.0,,2.0
274172.84210526315,0.26973435282707214,
274188.0,,2.0
274211.0,,2.0
274232.0,,2.0
274293.9104477612,0.2700743079185486,
274302.10447761195,0.2700943052768707,
274354.0,,2.0
274378.0,,2.0
274420.85714285716,0.27033427357673645,
274438.0,,2.0
274443.71428571426,0.27037426829338074,
274448.0,0.2703942656517029,
274458.0,,2.0
274506.8552631579,0.2705342471599579,
274537.0,,2.0
274562.06666666665,0.2706742286682129,
274568.78095238097,0.27069422602653503,
274584.0,,2.0
274610.0,,2.0
274620.27659574465,0.2708742022514343,
274625.6595744681,0.27089419960975647,
274631.5319148936,0.2709141969680786,
274633.0,,2.0
274638.2,0.27093419432640076,
274645.13333333336,0.2709541916847229,
274659.0,,2.0
274694.0,,2.0
274718.75789473683,0.2711341679096222,
274750.0,,2.0
274889.5348837209,0.2713141441345215,
274900.0,,2.0
274918.6923076923,0.27135413885116577,
274963.0,,2.0
274985.0,,2.0
275017.21153846156,0.2716540992259979,
275033.5576923077,0.27171409130096436,
275035.0,,2.0
275056.0,,2.0
275060.7727272727,0.2718140780925751,
275070.79545454547,0.27185407280921936,
275077.0,,2.0
275090.8846153846,0.27193406224250793,
275096.0,,2.0
275117.0,,2.0
275139.0,,2.0
275160.3157894737,0.27213403582572937,
275178.7894736842,0.27217403054237366,
275188.7368421053,0.2721940279006958,
275193.0,,2.0
275343.0,,2.0
275370.0,,2.0
275378.28571428574,0.2723740041255951,
275384.79591836734,0.27239400148391724,
275390.1224489796,0.2724139988422394,
275399.0,,2.0
275420.3953488372,0.2725139856338501,
275422.0,,2.0
275433.170212766,0.2725539803504944,
275472.0,,2.0
275487.5,0.2727339565753937,
275500.0,0.27277395129203796,
275515.0,,2.0
275537.0,,2.0
275551.875,0.2729339301586151,
275579.0,,2.0
275680.0,,2.0
275718.0,,2.0
275746.0,,2.0
275762.7708333333,0.2732938826084137,
275769.0,,2.0
275814.0,,2.0
275819.0416666667,0.27349385619163513,
275836.0,,2.0
275976.0,0.27363383769989014,
275986.0,,2.0
276011.38,0.2737138271331787,
276013.0,,2.0
276047.3953488372,0.27381381392478943,
276064.0,,2.0
276079.4666666667,0.27391380071640015,
276093.0,,2.0
276117.0,,2.0
276143.0,,2.0
276171.0,,2.0
276185.82608695654,0.2742537558078766,
276193.0,,2.0
276215.0,,2.0
276244.0,,2.0
276254.4347826087,0.274453729391098,
276308.0,,2.0
276322.0,0.2746337056159973,
276336.0,,2.0
276417.0,,2.0
276427.73333333334,0.27487367391586304,
276440.0,,2.0
276452.71794871794,0.2749536633491516,
276471.0,,2.0
276496.3846153846,0.27501365542411804,
276561.0,,2.0
276579.54545454547,0.2751336395740509,
276609.0,,2.0
276615.87272727274,0.27525362372398376,
276627.0,,2.0
276652.0,,2.0
276656.347826087,0.2754136025905609,
276659.82608695654,0.27543359994888306,
276692.0,,2.0
276703.9166666667,0.27557358145713806,
276713.0833333333,0.2755935788154602,
276736.0,,2.0
276741.56363636366,0.27565357089042664,
276745.7363636364,0.2756735682487488,
276751.3,0.2756935656070709,
276755.4727272727,0.27571356296539307,
276778.65454545454,0.2757735550403595,
276787.0,,2.0
276803.73913043475,0.27585354447364807,
276809.0,,2.0
276835.0,,2.0
276852.7073170732,0.2759935259819031,
276865.5853658537,0.27603352069854736,
276868.0,,2.0
276895.0,,2.0
276911.11627906974,0.27617350220680237,
276916.0,,2.0
276941.0,,2.0
276951.56,0.2763134837150574,
276965.0,,2.0
276984.10204081633,0.2764134705066681,
276991.0,,2.0
277013.0,,2.0
277060.0930232558,0.27657344937324524,
277175.0,,2.0
277193.58974358975,0.2767334282398224,
277200.0,,2.0
277317.85714285716,0.27681341767311096,
277350.0,,2.0
277374.1111111111,0.27689340710639954,
277382.6666666667,0.2769134044647217,
277392.0,0.2769334018230438,
277420.0,,2.0
277432.27906976745,0.2770133912563324,
277450.6976744186,0.27707338333129883,
277453.0,,2.0
277481.0,,2.0
277495.5833333333,0.27717337012290955,
277527.875,0.277233362197876,
277531.0,,2.0
277585.0,,2.0
277591.5,0.2773333489894867,
277611.0,,2.0
277643.0,,2.0
277690.0,,2.0
277720.576,0.27763330936431885,
277740.176,0.27767330408096313,
277788.0,,2.0
277798.63636363635,0.27781328558921814,
277814.0,,2.0
277876.6785714286,0.27791327238082886,
277931.0,,2.0
277957.0,,2.0
277985.88636363635,0.2781132459640503,
277988.0,,2.0
277994.2688172043,0.27813324332237244,
278011.93548387097,0.27819323539733887,
278041.0,,2.0
278047.24324324325,0.2782932221889496,
278060.2972972973,0.278353214263916,
278062.0,,2.0
278083.0,,2.0
278144.0,,2.0
278150.16,0.2785331904888153,
278166.0,,2.0
278174.125,0.2786131799221039,
278192.0,,2.0
278228.4130434783,0.2787131667137146,
278259.0,,2.0
278300.1052631579,0.27887314558029175,
278314.0,,2.0
278335.0,,2.0
278341.875,0.27901312708854675,
278357.0,,2.0
278380.1182795699,0.27915310859680176,
278407.0,,2.0
278445.0714285714,0.2793130874633789,
278448.0,,2.0
278462.0425531915,0.2793530821800232,
278478.0,,2.0
278522.0,,2.0
278530.16279069765,0.2794930636882782,
278549.0,,2.0
278589.5625,0.27961304783821106,
278608.0,,2.0
278677.75,0.27969303727149963,
278691.25,0.2797130346298218,
278698.0,,2.0
278725.8048780488,0.27979302406311035,
278728.0,,2.0
278753.0,,2.0
278808.0,0.27993300557136536,
278828.0,,2.0
278852.60714285716,0.2800329923629761,
278854.0,,2.0
278890.84210526315,0.2800929844379425,
278955.6842105263,0.2801729738712311,
278992.5263157895,0.28021296858787537,
279050.0,,2.0
279071.9130434783,0.2803329527378082,
279090.17391304346,0.28039294481277466,
279104.17391304346,0.28043293952941895,
279106.0,,2.0
279131.0,,2.0
279174.0,,2.0
279194.0,,2.0
279209.97826086957,0.2807328999042511,
279215.0,,2.0
279269.30303030304,0.2809128761291504,
279271.0,,2.0
279281.64,0.28093287348747253,
279299.88,0.2809728682041168,
279309.0,,2.0
279332.2195121951,0.2810528576374054,
279343.0,,2.0
279362.06666666665,0.28113284707069397,
279369.0,,2.0
279373.8888888889,0.28117284178733826,
279391.0,,2.0
279398.63636363635,0.28125283122062683,
279415.0,,2.0
279420.72,0.2813328206539154,
279425.56,0.28135281801223755,
279437.0,,2.0
279465.0,,2.0
279502.3333333333,0.28153279423713684,
279583.4,0.2816527783870697,
279625.0,,2.0
279653.5,0.2817527651786804,
279682.0,,2.0
279727.0,,2.0
279746.4871794872,0.28191274404525757,
279767.0,,2.0
279906.7727272727,0.28203272819519043,
279917.0,,2.0
279932.9090909091,0.28209272027015686,
279938.0,,2.0
279944.7826086957,0.28213271498680115,
279954.39130434784,0.28217270970344543,
279964.0,,2.0
280114.0,,2.0
280136.35294117645,0.2823326885700226,
280144.0,,2.0
280185.25,0.2824726700782776,
280199.0,,2.0
280225.0,,2.0
280240.62790697673,0.2826526463031769,
280246.0,,2.0
280386.8163265306,0.2827526330947876,
280396.0,,2.0
280418.1538461539,0.28283262252807617,
280437.6703296703,0.2828926146030426,
280444.0,,2.0
280594.0,,2.0
280613.8947368421,0.2832125723361969,
280618.86842105264,0.28323256969451904,
280621.0,,2.0
280625.7727272727,0.2832525670528412,
280640.5681818182,0.2833125591278076,
280642.0,,2.0
280667.0,,2.0
280754.0,,2.0
280775.8969072165,0.28365251421928406,
280879.90721649484,0.2837525010108948,
280901.80412371136,0.2837724983692169,
280931.0,,2.0
280938.8461538461,0.2838124930858612,
280965.0,,2.0
280997.0,,2.0
281047.0,0.28397247195243835,
281073.92307692306,0.2839924693107605,
281147.0,,2.0
281162.1836734694,0.2840724587440491,
281178.0,,2.0
281182.8780487805,0.2841324508190155,
281203.0,,2.0
281232.5619047619,0.28425243496894836,
281297.22857142857,0.2843524217605591,
281300.0,,2.0
281327.0,,2.0
281333.15789473685,0.2844524085521698,
281340.2631578947,0.28447240591049194,
281372.0,,2.0
281385.7417218543,0.2846323847770691,
281409.9271523179,0.2846923768520355,
281427.5165562914,0.28475236892700195,
281447.3046357616,0.2848123610019684,
281455.0,,2.0
281488.0,,2.0
281534.94444444444,0.28497233986854553,
281553.0,,2.0
281558.04,0.2850123345851898,
281567.7,0.2850523293018341,
281574.0,,2.0
281724.0,,2.0
281730.5,0.28517231345176697,
281741.7272727273,0.28521230816841125,
281750.0,,2.0
281781.32584269665,0.28529229760169983,
281799.6629213483,0.2853322923183441,
281815.7078651685,0.28539228439331055,
281818.0,,2.0
281879.0096153846,0.2854722738265991,
281916.6538461539,0.2855122685432434,
281953.0,,2.0
281987.0,,2.0
282029.0,,2.0
282055.0,,2.0
282079.2272727273,0.285872220993042,
282081.0,,2.0
282184.0,,2.0
282210.61176470586,0.28603219985961914,
282242.0,,2.0
282257.3243243243,0.286152184009552,
282266.8108108108,0.2861921787261963,
282269.0,,2.0
282300.0,,2.0
282376.0,,2.0
282398.0,,2.0
282412.1395348837,0.2864721417427063,
282430.0,,2.0
282461.0,,2.0
282483.0,,2.0
282504.0,,2.0
282510.3953488372,0.28677210211753845,
282529.0,,2.0
282540.0,0.28687208890914917,
282551.0,,2.0
282579.0,,2.0
282590.28205128206,0.2870320677757263,
282601.0,,2.0
282641.0,,2.0
282674.07692307694,0.2872920334339142,
282684.0,,2.0
282726.76923076925,0.28733202815055847,
282823.0,,2.0
282841.64285714284,0.28745201230049133,
282850.0,,2.0
283000.0,,2.0
283006.3888888889,0.2875719964504242,
283023.0,,2.0
283049.0,,2.0
283077.0,0.28773197531700134,
283127.0,0.28777197003364563,
283155.0,,2.0
283185.0,,2.0
283231.17307692306,0.2879519462585449,
283234.0,,2.0
283253.04761904763,0.28801193833351135,
283259.0,,2.0
283268.0,0.2880719304084778,
283280.0,,2.0
283287.1111111111,0.2881319224834442,
283293.5111111111,0.28815191984176636,
283312.0,,2.0
283336.0,,2.0
283387.0,,2.0
283421.0,,2.0
283427.77419354836,0.2885318696498871,
283463.0,,2.0
283517.25,0.2888118326663971,
283525.0,,2.0
283536.2444444444,0.2888718247413635,
283571.0,,2.0
283587.44444444444,0.2890518009662628,
283595.0,,2.0
283613.5714285714,0.28915178775787354,
283615.0,,2.0
283636.67307692306,0.2892317771911621,
283638.0,,2.0
283644.77659574465,0.28925177454948425,
283655.2021276596,0.28929176926612854,
283660.93617021275,0.2893117666244507,
283669.7978723404,0.2893317639827728,
283675.5319148936,0.28935176134109497,
283680.74468085106,0.2893717586994171,
283687.0,,2.0
283726.0,,2.0
283738.4528301887,0.2895117402076721,
283748.0,,2.0
283821.786407767,0.28967171907424927,
283843.0,,2.0
283853.0,0.28975170850753784,
283868.0,,2.0
283877.9,0.2898316979408264,
283890.0,,2.0
283916.0,,2.0
283924.5063291139,0.2899716794490814,
283946.37974683545,0.29005166888237,
283950.0253164557,0.29007166624069214,
283964.0,,2.0
283975.5,0.2901516556739807,
283987.0,,2.0
284009.0,,2.0
284031.0,,2.0
284044.04347826086,0.29039162397384644,
284047.847826087,0.2904116213321686,
284056.0,,2.0
284073.94736842107,0.290471613407135,
284087.0,,2.0
284112.0,,2.0
284127.97826086957,0.2906515896320343,
284133.0,,2.0
284144.47826086957,0.29071158170700073,
284155.0,,2.0
284246.3846153846,0.2908315658569336,
284254.0,,2.0
284283.0,,2.0
284304.5494505495,0.2909715473651886,
284336.0,,2.0
284357.0,,2.0
284384.0,,2.0
284396.375,0.29127150774002075,
284411.0,,2.0
284459.0,,2.0
284477.8461538461,0.2914714813232422,
284479.0,,2.0
284506.0,,2.0
284643.0,,2.0
284784.0,,2.0
284803.8048780488,0.29177144169807434,
284812.0,,2.0
284841.0,,2.0
284862.0,,2.0
284915.2826086957,0.2920314073562622,
284919.0,,2.0
284926.125,0.29205140471458435,
284933.25,0.29209139943122864,
284938.0,,2.0
284955.0,,2.0
284980.3191489362,0.2922513782978058,
284990.0,,2.0
285016.57718120806,0.2923513650894165,
285057.3288590604,0.2924513518810272,
285065.00671140937,0.29247134923934937,
285078.0,,2.0
285093.71428571426,0.2925713360309601,
285100.0,,2.0
285119.3846153846,0.2926313281059265,
285142.0,,2.0
285199.2727272727,0.2927113175392151,
285268.0,,2.0
285314.0,,2.0
285344.4466019418,0.29301127791404724,
285356.8155339806,0.29305127263069153,
285361.57281553396,0.29307126998901367,
285363.0,,2.0
285371.93023255817,0.2930912673473358,
285387.0,,2.0
285393.6976744186,0.2931712567806244,
285409.32558139536,0.2932312488555908,
285411.0,,2.0
285420.4588235294,0.29325124621391296,
285444.1058823529,0.2933112382888794,
285475.6352941177,0.29339122772216797,
285478.0,,2.0
285486.3333333333,0.2934112250804901,
285495.1875,0.2934512197971344,
285503.0,,2.0
285511.47826086957,0.2934912145137787,
285542.0,,2.0
285557.4,0.29361119866371155,
285561.6,0.2936311960220337,
285563.0,,2.0
285589.0,,2.0
285601.64864864864,0.29375118017196655,
285615.0,,2.0
285654.0,,2.0
285662.2978723404,0.29389116168022156,
285684.0,,2.0
285726.0,,2.0
285738.20930232556,0.29407113790512085,
285744.0232558139,0.294091135263443,
285751.0,,2.0
285774.0,,2.0
285833.0,,2.0
285856.0,,2.0
285957.0,,2.0
285978.0,,2.0
286023.3409090909,0.2946910560131073,
286030.5,0.29471105337142944,
286048.0,,2.0
286149.8918918919,0.29499101638793945,
286152.0,,2.0
286164.55319148937,0.2950110137462616,
286170.829787234,0.29503101110458374,
286203.4680851064,0.29513099789619446,
286211.0,,2.0
286222.36842105264,0.2951909899711609,
286235.0,,2.0
286259.0,,2.0
286332.5460992908,0.2955109477043152,
286342.1914893617,0.2955509424209595,
286344.0,,2.0
286377.0,,2.0
286467.0,,2.0
286496.0,,2.0
286514.0,0.29591089487075806,
286535.0,,2.0
286552.61363636365,0.2960108816623688,
286560.0,,2.0
286567.0652173913,0.29605087637901306,
286585.0,,2.0
286596.44,0.2961508631706238,
286605.68,0.29619085788726807,
286607.0,,2.0
286647.0,,2.0
286658.47826086957,0.2963108420372009,
286669.0,,2.0
286694.0,,2.0
286720.0,,2.0
286753.0,,2.0
286761.7843137255,0.2966108024120331,
286781.0,,2.0
286804.0,,2.0
286814.45454545453,0.29677078127861023,
286846.86363636365,0.29683077335357666,
286850.0,,2.0
286868.98412698414,0.29691076278686523,
286877.25925925927,0.2969307601451874,
286905.0052910053,0.2970307469367981,
286935.18518518517,0.2971307337284088,
286942.0,,2.0
286955.6818181818,0.2971707284450531,
286982.0681818182,0.29723072052001953,
286985.0,,2.0
287012.0,,2.0
287040.0,,2.0
287113.0,,2.0
287133.29761904763,0.2975306808948517,
287150.3214285714,0.29757067561149597,
287156.86904761905,0.2975906729698181,
287168.0,,2.0
287174.72222222225,0.29765066504478455,
287184.5,0.29769065976142883,
287198.55555555556,0.2977306544780731,
287223.0,,2.0
287231.16279069765,0.2978106439113617,
287240.5813953488,0.297850638628006,
287250.0,,2.0
287285.0,,2.0
287464.0,,2.0
287484.7926829268,0.2981705963611603,
287512.96341463417,0.29825058579444885,
287516.98780487804,0.298270583152771,
287519.0,,2.0
287545.0,,2.0
287550.14285714284,0.2983705699443817,
287569.0,,2.0
287594.11627906974,0.2985105514526367,
287596.0,,2.0
287645.01960784313,0.29853054881095886,
287674.43137254904,0.298550546169281,
287721.0,,2.0
287744.125,0.29867053031921387,
287746.0,,2.0
287757.01123595505,0.298690527677536,
287827.4831460674,0.29881051182746887,
287844.0,,2.0
287864.0,,2.0
287873.77777777775,0.2989504933357239,
287879.15555555554,0.298970490694046,
287930.0,,2.0
287947.3469387755,0.29921045899391174,
287955.0,,2.0
287963.27972027974,0.29925045371055603,
287987.6013986014,0.2993304431438446,
287991.2237762238,0.29935044050216675,
288002.0909090909,0.29939043521881104,
288029.0,,2.0
288057.0,,2.0
288081.0,,2.0
288105.0,,2.0
288127.243902439,0.2997903823852539,
288129.0,,2.0
288142.07368421054,0.29981037974357605,
288147.8842105263,0.2998303771018982,
288195.8210526316,0.29995036125183105,
288198.0,,2.0
288239.7123287671,0.3000703454017639,
288285.0,,2.0
288293.63636363635,0.30023032426834106,
288304.0,,2.0
288309.0487804878,0.3002903163433075,
288327.0,,2.0
288348.0,,2.0
288365.0,0.30049028992652893,
288371.0,,2.0
288380.1327433628,0.30055028200149536,
288388.88495575223,0.30059027671813965,
288414.0,,2.0
288425.62790697673,0.3007102608680725,
288439.0,,2.0
288466.68932038837,0.3007902503013611,
288563.0,,2.0
288580.95238095237,0.3009702265262604,
288589.0,,2.0
288688.9166666667,0.3010702133178711,
288698.0,,2.0
288721.0,,2.0
288747.8780487805,0.30123019218444824,
288750.0,,2.0
288774.79069767444,0.3013101816177368,
288802.0,,2.0
288808.85714285716,0.30141016840934753,
288826.0,,2.0
288834.44897959183,0.3014901578426361,
288838.20408163266,0.30151015520095825,
288849.0,,2.0
288854.31868131866,0.3015701472759247,
288859.6373626374,0.3015901446342468,
288863.5054945055,0.30161014199256897,
288893.0,,2.0
288924.0,,2.0
288943.9111111111,0.3018501102924347,
288952.0,,2.0
288976.0,,2.0
289039.0,,2.0
289159.0,,2.0
289178.4871794872,0.3022300601005554,
289197.0,,2.0
289218.0,,2.0
289281.0,,2.0
289321.18,0.30265000462532043,
289328.53,0.3026700019836426,
289330.0,,2.0
289345.225,0.302729994058609,
289351.0,,2.0
289384.0,,2.0
289408.0,,2.0
289421.5416666667,0.3029499650001526,
289433.0,,2.0
289446.0,0.30302995443344116,
289451.5,0.3030499517917633,
289458.0,,2.0
289490.6666666667,0.3031299412250519,
289507.0,,2.0
289523.011627907,0.30320993065834045,
289558.0,,2.0
289612.02857142856,0.3034498989582062,
289619.0,,2.0
289769.0,,2.0
289799.2083333333,0.3035898804664612,
289827.0,,2.0
289856.0,,2.0
289862.83050847455,0.3037298619747162,
289870.71186440677,0.30374985933303833,
289878.0677966102,0.3037698566913605,
289887.0,,2.0
289930.9555555555,0.3038298487663269,
289973.0,,2.0
289999.0,,2.0
290022.537037037,0.3040098249912262,
290030.0,,2.0
290053.1707317073,0.3041098117828369,
290055.0,,2.0
290077.0,,2.0
290094.11627906974,0.3042497932910919,
290100.0,,2.0
290106.95652173914,0.3042897880077362,
290115.2173913043,0.3043297827243805,
290120.0,,2.0
290126.8095238095,0.3043697774410248,
290146.0,,2.0
290177.25,0.30444976687431335,
290198.0833333333,0.3044697642326355,
290246.0,,2.0
290334.202020202,0.30462974309921265,
290364.0,,2.0
290369.612244898,0.3046897351741791,
290374.20408163266,0.3047097325325012,
290389.0,,2.0
290413.9347826087,0.30480971932411194,
290426.0,,2.0
290478.0,,2.0
290505.0,,2.0
290558.0,,2.0
290571.4210526316,0.30508968234062195,
290587.2105263158,0.30512967705726624,
290593.5263157895,0.3051496744155884,
290633.0,,2.0
290650.6603773585,0.3052896559238434,
290657.5283018868,0.3053096532821655,
290659.0,,2.0
290666.46428571426,0.30532965064048767,
290681.0,,2.0
290700.0,,2.0
290743.0,,2.0
290764.0,,2.0
290787.0,,2.0
290791.5833333333,0.3058095872402191,
290807.0,,2.0
290827.5652173913,0.3059495687484741,
290829.0,,2.0
290874.3488372093,0.30596956610679626,
290979.0,,2.0
291019.0,,2.0
291044.92,0.30614954233169556,
291067.0,,2.0
291088.0,,2.0
291114.69662921346,0.3063095211982727,
291136.5393258427,0.306349515914917,
291165.6629213483,0.3063895106315613,
291196.0,,2.0
291218.0,,2.0
291228.0208333333,0.3065294921398163,
291255.0,,2.0
291272.3461538461,0.30664947628974915,
291277.0,,2.0
291287.95652173914,0.3067094683647156,
291292.52173913043,0.3067294657230377,
291298.0,,2.0
291322.0,,2.0
291352.0,,2.0
291360.1951219512,0.30692943930625916,
291373.0,,2.0
291424.45098039217,0.307049423456192,
291437.0,,2.0
291458.0,,2.0
291497.3786407767,0.3072693943977356,
291502.93203883496,0.30728939175605774,
291510.0,,2.0
291534.0,,2.0
291539.67272727273,0.3074093759059906,
291551.4909090909,0.3074493706226349,
291560.0,,2.0
291579.425,0.3075493574142456,
291581.0,,2.0
291623.0,,2.0
291662.5135135135,0.30770933628082275,
291666.0,,2.0
291692.0,,2.0
291714.0,,2.0
291786.0,,2.0
291807.0,,2.0
291821.6818181818,0.30816927552223206,
291826.0,,2.0
291858.0,,2.0
291882.0,,2.0
291888.0869565217,0.3083692491054535,
291902.0,,2.0
291928.0,,2.0
291935.14285714284,0.30852922797203064,
291953.0,,2.0
291983.175,0.30866920948028564,
292024.0,,2.0
292039.7704918033,0.30880919098854065,
292053.7213114754,0.30884918570518494,
292081.01639344264,0.3089291751384735,
292098.0,,2.0
292124.2588235294,0.30902916193008423,
292201.5764705882,0.30912914872169495,
292222.0,,2.0
292247.0,,2.0
292261.1935483871,0.3092891275882721,
292291.0,,2.0
292335.10256410256,0.3094291090965271,
292372.58974358975,0.3094691038131714,
292463.0,,2.0
292487.0,,2.0
292522.0,,2.0
292528.46153846156,0.30972906947135925,
292538.6153846154,0.30976906418800354,
292544.6153846154,0.3097890615463257,
292546.0,,2.0
292566.736,0.30982905626296997,
292690.0,,2.0
292714.0,,2.0
292737.29545454547,0.31018900871276855,
292739.0,,2.0
292744.652173913,0.3102090060710907,
292752.04347826086,0.310249000787735,
292759.0,,2.0
292803.9929078014,0.31036898493766785,
292863.0,,2.0
292896.2673267327,0.31060895323753357,
292909.57425742573,0.3106689453125,
292911.0,,2.0
293053.0,,2.0
293084.0,,2.0
293104.77777777775,0.3109889030456543,
293106.0,,2.0
293129.0,,2.0
293143.0,0.3111288845539093,
293171.0,,2.0
293199.0,0.31132885813713074,
293213.0,,2.0
293240.0,,2.0
293265.90476190473,0.3115288317203522,
293271.5714285714,0.3115488290786743,
293274.0,,2.0
293338.0,,2.0
293479.8181818182,0.31170880794525146,
293488.0,,2.0
293554.5833333333,0.3117688000202179,
293576.125,0.31178879737854004,
293582.0,,2.0
293653.0,,2.0
293677.0,,2.0
293681.44444444444,0.31196877360343933,
293697.0,,2.0
293727.0408163265,0.31210875511169434,
293729.0,,2.0
293738.7226277372,0.3121487498283386,
293750.06569343066,0.3121887445449829,
293801.3795620438,0.31234872341156006,
293803.0,,2.0
293825.0,,2.0
293893.95454545453,0.3125087022781372,
293899.0,,2.0
293923.375,0.3125886917114258,
293925.0,,2.0
293939.28571428574,0.31262868642807007,
293950.0,,2.0
293956.7826086957,0.3126886785030365,
293972.4347826087,0.31274867057800293,
293974.0,,2.0
294006.7804878049,0.3127686679363251,
294031.3658536585,0.3127886652946472,
294058.68292682926,0.31280866265296936,
294086.0,,2.0
294095.06666666665,0.31284865736961365,
294110.0,,2.0
294129.0,,2.0
294134.8695652174,0.3130086362361908,
294146.60869565216,0.3130486309528351,
294156.0,,2.0
294183.0,,2.0
294193.32653061225,0.3131886124610901,
294206.0,,2.0
294229.0,,2.0
294251.0,,2.0
294277.0,,2.0
294305.0,,2.0
294313.7962962963,0.31358855962753296,
294324.0,,2.0
294334.3888888889,0.31366854906082153,
294344.1666666667,0.3137085437774658,
294346.0,,2.0
294355.5319148936,0.31372854113578796,
294363.7021276596,0.3137485384941101,
294378.0,,2.0
294398.2840909091,0.31386852264404297,
294415.67045454547,0.31390851736068726,
294429.0,,2.0
294445.9583333333,0.31398850679397583,
294463.6875,0.3140285015106201,
294466.0,,2.0
294486.35,0.3141084909439087,
294488.0,,2.0
294511.0,,2.0
294522.14285714284,0.31422847509384155,
294537.0,,2.0
294557.7042253521,0.3143484592437744,
294566.57746478874,0.31436845660209656,
294605.5211267606,0.31450843811035156,
294607.0,,2.0
294631.0,,2.0
294645.5090909091,0.31464841961860657,
294648.9636363636,0.3146684169769287,
294650.0,,2.0
294666.0,0.314708411693573,
294680.0,,2.0
294702.28571428574,0.31476840376853943,
294746.85714285716,0.31482839584350586,
294752.0,,2.0
294758.41509433964,0.314848393201828,
294772.0,,2.0
294776.8888888889,0.3149283826351166,
294782.7555555556,0.3149483799934387,
294794.0,,2.0
294847.7890625,0.31514835357666016,
294875.0,,2.0
294886.7555555556,0.315268337726593,
294898.0,,2.0
294902.86486486485,0.31532832980155945,
294906.2702702703,0.3153483271598816,
294916.0,,2.0
294922.0,0.315408319234848,
294937.0,,2.0
294959.0,,2.0
294968.0566037736,0.3155882954597473,
294981.641509434,0.3156282901763916,
294983.0,,2.0
295123.2173913043,0.3157082796096802,
295133.0,,2.0
295140.81395348837,0.3157282769680023,
295144.72093023255,0.31574827432632446,
295157.0,,2.0
295178.0,,2.0
295198.0,,2.0
295223.0,,2.0
295280.3023255814,0.3160882294178009,
295321.488372093,0.3161282241344452,
295377.0,,2.0
295404.0,0.31628820300102234,
295420.0,,2.0
295442.0,,2.0
295459.39130434784,0.3164881765842438,
295467.0,,2.0
295487.59574468085,0.3165881633758545,
295489.0,,2.0
295510.7454545455,0.31666815280914307,
295512.0,,2.0
295540.0,,2.0
295548.0425531915,0.3167881369590759,
295552.6382978723,0.31680813431739807,
295558.0,,2.0
295606.4653465347,0.3169681131839752,
295613.0,,2.0
295641.04761904763,0.31702810525894165,
295675.0,,2.0
295681.7358490566,0.3170880973339081,
295686.4905660377,0.3171080946922302,
295696.0,,2.0
295711.4736842105,0.31720808148384094,
295717.0,,2.0
295723.79545454547,0.31724807620048523,
295738.4318181818,0.31730806827545166,
295740.0,,2.0
295777.3417721519,0.3174280524253845,
295788.10126582277,0.3174680471420288,
295790.0,,2.0
295817.3461538461,0.31748804450035095,
295853.8076923077,0.31752803921699524,
295869.0,,2.0
295892.25581395347,0.31758803129196167,
295903.4186046512,0.3176080286502838,
295925.74418604653,0.3176480233669281,
295946.20930232556,0.31770801544189453,
295949.0,,2.0
295968.85454545455,0.3177880048751831,
295970.0,,2.0
295990.0,,2.0
296014.0,,2.0
296164.0,,2.0
296188.0,,2.0
296211.25581395347,0.318187952041626,
296213.0,,2.0
296243.0,,2.0
296247.0930232558,0.3182879388332367,
296265.0,,2.0
296284.6595744681,0.3184279203414917,
296286.0,,2.0
296309.0,,2.0
296333.0,,2.0
296346.86666666664,0.31862789392471313,
296357.0,,2.0
296390.6994818653,0.3187078833580017,
296628.0,,2.0
296645.29824561405,0.319027841091156,
296654.84210526315,0.31904783844947815,
296662.0,,2.0
296684.0,,2.0
296739.0,,2.0
296788.0,,2.0
296804.92307692306,0.319447785615921,
296810.0,,2.0
296816.54761904763,0.3194877803325653,
296821.3095238095,0.31950777769088745,
296835.0,,2.0
296882.0588235294,0.3195677697658539,
296985.0,,2.0
296991.3461538461,0.31964775919914246,
297007.0,,2.0
297032.5294117647,0.31978774070739746,
297035.0,,2.0
297059.0,,2.0
297088.0,,2.0
297109.0,,2.0
297133.0,,2.0
297161.0,,2.0
297200.0,,2.0
297209.85714285716,0.3203076720237732,
297221.35714285716,0.3203476667404175,
297223.0,,2.0
297254.62790697673,0.32042765617370605,
297257.0,,2.0
297290.0,,2.0
297301.5,0.3205476403236389,
297315.0,,2.0
297339.5106382979,0.3206276297569275,
297387.0,,2.0
297396.3488372093,0.3206876218318939,
297454.0,,2.0
297479.0,,2.0
297579.96153846156,0.32096758484840393,
297620.3461538461,0.3209875822067261,
297629.0,,2.0
297648.6,0.3210475742816925,
297657.0,,2.0
297682.0,,2.0
297709.95454545453,0.3212275505065918,
297712.0,,2.0
297731.6304347826,0.32130753993988037,
297733.0,,2.0
297761.125,0.32138752937316895,
297763.0,,2.0
297788.0,,2.0
297807.0,0.32152751088142395,
297813.0,,2.0
297864.21348314604,0.32170748710632324,
297866.0,,2.0
297879.3333333333,0.32174748182296753,
297891.0,,2.0
297917.0,,2.0
297985.1818181818,0.3219074606895447,
298067.0,,2.0
298099.23711340205,0.3220474421977997,
298120.0,,2.0
298134.85365853657,0.32216742634773254,
298141.0,,2.0
298168.29411764705,0.32226741313934326,
298170.0,,2.0
298207.0740740741,0.32234740257263184,
298313.0,,2.0
298333.4651162791,0.32266736030578613,
298335.0,,2.0
298362.0,,2.0
298399.0,,2.0
298414.511627907,0.3228873312473297,
298422.0,,2.0
298446.0,,2.0
298454.64705882355,0.3230073153972626,
298467.0,,2.0
298511.98876404495,0.323207288980484,
298519.0,,2.0
298526.67741935485,0.3232472836971283,
298532.70967741933,0.32326728105545044,
298550.2580645161,0.32332727313041687,
298570.0,,2.0
298651.0,,2.0
298674.0,,2.0
298755.0,,2.0
298775.5333333333,0.3239471912384033,
298777.0,,2.0
298784.7368421053,0.32396718859672546,
298795.05263157893,0.32400718331336975,
298826.0,,2.0
298852.0,,2.0
298860.56097560975,0.3242071568965912,
298879.0,,2.0
298899.4651162791,0.3243471384048462,
298901.0,,2.0
299007.0975609756,0.3244071304798126,
299051.0,,2.0
299071.4285714286,0.32450711727142334,
299073.0,,2.0
299086.24528301886,0.3245471119880676,
299099.0,,2.0
299115.9761904762,0.32464709877967834,
299122.0,,2.0
299208.0,,2.0
299220.4583333333,0.32478708028793335,
299234.0,,2.0
299307.0,,2.0
299321.6732673267,0.3250470459461212,
299347.6336633663,0.32510703802108765,
299356.6633663366,0.3251270353794098,
299364.0,,2.0
299382.2962962963,0.32520702481269836,
299390.0,,2.0
299413.04,0.32528701424598694,
299420.08,0.3253070116043091,
299422.0,,2.0
299443.0,,2.0
299452.0909090909,0.32542699575424194,
299456.63636363635,0.3254469931125641,
299463.0,,2.0
299514.6304347826,0.3255069851875305,
299588.0,,2.0
299716.5393258427,0.32566696405410767,
299764.0,,2.0
299880.05263157893,0.3257869482040405,
299890.0,,2.0
299934.14414414414,0.3258269429206848,
300065.0,,2.0
300082.8461538461,0.3260069191455841,
300089.0,,2.0
300110.0,,2.0
300146.0,,2.0
300158.6296296296,0.3262268900871277,
300168.0,,2.0
300340.597826087,0.32638686895370483,
300379.23913043475,0.326406866312027,
300405.0,,2.0
300428.0,,2.0
300435.0243902439,0.32652685046195984,
300437.9512195122,0.326546847820282,
300452.5853658537,0.32658684253692627,
300463.7073170732,0.32662683725357056,
300476.0,,2.0
300509.0,,2.0
300520.25531914894,0.3267868161201477,
300525.1489361702,0.32680681347846985,
300532.0,,2.0
300540.2727272727,0.32684680819511414,
300546.0,0.3268668055534363,
300560.0,,2.0
300584.975,0.32698678970336914,
300587.0,,2.0
300613.21276595746,0.3270667791366577,
300615.0,,2.0
300765.0,,2.0
300791.0,,2.0
300824.0,,2.0
300837.5,0.3273467421531677,
300848.975,0.327386736869812,
300851.0,,2.0
300863.2696629214,0.3274267315864563,
300876.4831460674,0.32748672366142273,
300884.9775280899,0.327526718378067,
300893.0,,2.0
300919.4,0.3276067078113556,
300926.0,,2.0
300944.0,,2.0
300962.8085106383,0.3277466893196106,
300968.59574468085,0.32776668667793274,
300978.0,,2.0
300995.02127659577,0.3278466761112213,
301000.3404255319,0.32786667346954346,
301053.0,,2.0
301083.612244898,0.32804664969444275,
301123.4081632653,0.3280666470527649,
301203.0,,2.0
301255.0,,2.0
301309.0,,2.0
301313.91489361704,0.3284465968608856,
301320.6170212766,0.32846659421920776,
301324.1914893617,0.3284865915775299,
301328.6595744681,0.32850658893585205,
301330.0,,2.0
301392.13740458013,0.32864657044410706,
301440.0,,2.0
301462.0,,2.0
301470.53658536583,0.3288465440273285,
301485.1707317073,0.3289065361022949,
301487.0,,2.0
301492.7,0.32892653346061707,
301506.0,,2.0
301510.1759259259,0.32900652289390564,
301547.0,,2.0
301553.76923076925,0.3291665017604828,
301558.6923076923,0.32918649911880493,
301569.1538461539,0.3292264938354492,
301571.0,,2.0
301598.0,,2.0
301644.0,,2.0
301651.25581395347,0.3294864594936371,
301656.83720930235,0.32950645685195923,
301668.0,,2.0
301752.0,,2.0
301793.0,,2.0
301802.72093023255,0.3298264145851135,
301815.0,,2.0
301841.0,,2.0
302013.0,,2.0
302019.14634146343,0.3301263749599457,
302034.0,,2.0
302042.4,0.33020636439323425,
302064.0,,2.0
302167.0,,2.0
302184.9347826087,0.33048632740974426,
302192.0,,2.0
302218.0,,2.0
302243.38,0.33066630363464355,
302245.0,,2.0
302256.76,0.33070629835128784,
302266.0,,2.0
302270.40425531915,0.3307662904262543,
302274.3191489362,0.3307862877845764,
302310.5319148936,0.3309062719345093,
302312.0,,2.0
302421.0909090909,0.3309662640094757,
302462.0,,2.0
302501.51219512196,0.33102625608444214,
302521.26829268294,0.3310462534427643,
302543.0,,2.0
302554.55555555556,0.3311062455177307,
302560.3333333333,0.33112624287605286,
302566.8333333333,0.331146240234375,
302569.0,,2.0
302611.1224489796,0.33128622174263,
302617.0,,2.0
302629.87096774194,0.33134621381759644,
302654.3870967742,0.33140620589256287,
302672.1612903226,0.3314661979675293,
302674.0,,2.0
302698.0,,2.0
302781.0,,2.0
302806.0,,2.0
302829.40425531915,0.33186614513397217,
302831.0,,2.0
302878.87234042556,0.3318861424922943,
302926.74468085106,0.3319261372089386,
302971.42553191487,0.33194613456726074,
302981.0,,2.0
302993.0,0.33198612928390503,
303012.0,,2.0
303018.475,0.33204612135887146,
303049.0,,2.0
303069.0,,2.0
303093.3404255319,0.33226609230041504,
303095.0,,2.0
303105.76923076925,0.3323060870170593,
303115.0,,2.0
303126.25,0.3323860764503479,
303140.0,,2.0
303149.17647058825,0.3324660658836365,
303168.29411764705,0.33254605531692505,
303179.0,,2.0
303210.0,,2.0
303237.0,,2.0
303257.7037037037,0.3328060209751129,
303263.0,,2.0
303277.0625,0.33286601305007935,
303288.3125,0.33290600776672363,
303290.0,,2.0
303331.4893617021,0.3329260051250458,
303404.89361702127,0.33296599984169006,
303440.0,,2.0
303448.48979591834,0.33300599455833435,
303466.0,,2.0
303473.61904761905,0.3330859839916229,
303486.0,,2.0
303521.3939393939,0.3332659602165222,
303528.1818181818,0.33328595757484436,
303534.0,,2.0
303537.9268292683,0.33332595229148865,
303544.0975609756,0.3333459496498108,
303557.0,,2.0
303601.511627907,0.33342593908309937,
303666.25581395347,0.3334859311580658,
303724.93023255817,0.3335459232330322,
303731.0,,2.0
303743.2926829268,0.3335859179496765,
303755.0,,2.0
303778.0,,2.0
303803.11627906974,0.33378589153289795,
303805.0,,2.0
303829.0,,2.0
303865.0,,2.0
303897.7419354839,0.3339858651161194,
303914.89247311826,0.33400586247444153,
304010.0,,2.0
304034.0,,2.0
304066.0,,2.0
304072.4285714286,0.33428582549095154,
304096.0,,2.0
304105.73170731706,0.33438581228256226,
304115.0,,2.0
304126.82857142854,0.33446580171585083,
304133.5142857143,0.334485799074173,
304149.45714285714,0.33452579379081726,
304169.0,,2.0
304222.0,,2.0
304227.5,0.3346857726573944,
304248.0,,2.0
304263.4285714286,0.33480575680732727,
304272.0,,2.0
304300.69811320753,0.3348657488822937,
304359.19811320753,0.3349457383155823,
304389.0,,2.0
304455.0,,2.0
304463.36363636365,0.33516570925712585,
304468.0681818182,0.335185706615448,
304475.9090909091,0.3352257013320923,
304499.4318181818,0.33530569076538086,
304501.0,,2.0
304513.67346938775,0.33534568548202515,
304524.0,,2.0
304556.0,,2.0
304573.28571428574,0.33552566170692444,
304576.4285714286,0.3355456590652466,
304578.0,,2.0
304588.57692307694,0.33558565378189087,
304600.0,,2.0
304653.0,,2.0
304681.0,,2.0
304708.0,,2.0
304720.27906976745,0.33590561151504517,
304728.4651162791,0.33594560623168945,
304730.0,,2.0
304739.75,0.3359656035900116,
304748.6875,0.33598560094833374,
304779.5625,0.33604559302330017,
304786.0625,0.3360655903816223,
304808.0,,2.0
304857.28,0.33612558245658875,
304888.64,0.33616557717323303,
304920.0,,2.0
304934.0909090909,0.3362455666065216,
304940.0,,2.0
304967.5238095238,0.33630555868148804,
304977.2380952381,0.3363255560398102,
304991.0,,2.0
305030.4736842105,0.33640554547309875,
305072.5789473684,0.3364655375480652,
305085.7368421053,0.33648553490638733,
305100.2105263158,0.3365055322647095,
305152.84210526315,0.3365655243396759,
305162.05263157893,0.33658552169799805,
305166.0,,2.0
305178.375,0.33662551641464233,
305209.875,0.33672550320625305,
305220.0,,2.0
305227.6666666667,0.33676549792289734,
305243.0,,2.0
305278.4961832061,0.3369654715061188,
305303.5801526718,0.3370654582977295,
305305.0,,2.0
305312.6304347826,0.33708545565605164,
305332.0,,2.0
305345.5,0.33718544244766235,
305357.0,,2.0
305376.0,0.33728542923927307,
305383.0,,2.0
305395.17391304346,0.3373454213142395,
305403.0,,2.0
305429.3846153846,0.33746540546417236,
305431.0,,2.0
305581.0,,2.0
305628.0,,2.0
305666.6666666667,0.3378053605556488,
305686.0,,2.0
305719.3333333333,0.3379053473472595,
305756.0,0.3379453420639038,
305761.0,,2.0
305768.8461538461,0.33796533942222595,
305772.2087912088,0.3379853367805481,
305798.5494505495,0.33806532621383667,
305812.0,,2.0
305899.85714285716,0.3382253050804138,
305912.021978022,0.33824530243873596,
305935.0,,2.0
305943.04761904763,0.33828529715538025,
305961.0,,2.0
305971.4347826087,0.33838528394699097,
305985.0,,2.0
305993.3152173913,0.3384452760219574,
305997.75,0.33846527338027954,
306036.0,,2.0
306050.34065934067,0.33864524960517883,
306081.0,,2.0
306093.5,0.33878523111343384,
306106.0,,2.0
306135.0,,2.0
306143.03571428574,0.33892521262168884,
306163.39285714284,0.3389852046966553,
306165.0,,2.0
306179.20408163266,0.33902519941329956,
306189.0,,2.0
306207.8490566038,0.3391251862049103,
306216.0,,2.0
306238.0,,2.0
306407.0,,2.0
306416.2978723404,0.33942514657974243,
306426.0,,2.0
306431.35714285716,0.33948513865470886,
306451.0,,2.0
306503.2295081967,0.339645117521286,
306517.737704918,0.3396851122379303,
306553.52459016396,0.33976510167121887,
306569.0,,2.0
306596.0,,2.0
306616.4680851064,0.339925080537796,
306622.0,,2.0
306656.5869565217,0.34002506732940674,
306659.0,,2.0
306683.4081632653,0.3401050567626953,
306685.0,,2.0
306697.4,0.3401450514793396,
306706.1529411765,0.3401850461959839,
306740.43529411766,0.34026503562927246,
306749.91764705884,0.3402850329875946,
306758.6705882353,0.34030503034591675,
306765.23529411765,0.3403250277042389,
306809.0,,2.0
306815.46153846156,0.34044501185417175,
306858.0,,2.0
306870.7154471545,0.34062498807907104,
306924.34146341466,0.3408249616622925,
306926.0,,2.0
306948.8653846154,0.3408849537372589,
306984.0,,2.0
307008.2272727273,0.3410649299621582,
307010.0,,2.0
307025.71428571426,0.34112492203712463,
307030.6530612245,0.3411449193954468,
307032.0,,2.0
307050.72340425535,0.34122490882873535,
307052.0,,2.0
307066.4736842105,0.3412849009037018,
307074.0,,2.0
307094.76,0.34132489562034607,
307247.0,,2.0
307272.0,,2.0
307277.3191489362,0.3415648639202118,
307281.57446808513,0.34158486127853394,
307297.0,,2.0
307315.39024390245,0.34168484807014465,
307323.0,,2.0
307332.2978723404,0.34172484278678894,
307340.12765957444,0.3417648375034332,
307346.0,,2.0
307394.87058823527,0.34190481901168823,
307408.0,,2.0
307432.0,,2.0
307456.0,,2.0
307473.1052631579,0.3421647846698761,
307481.0,,2.0
307485.95238095237,0.3422047793865204,
307505.14285714284,0.3422647714614868,
307507.0,,2.0
307657.0,,2.0
307692.8823529412,0.34236475825309753,
307779.0,,2.0
307805.4,0.3424847424030304,
307944.0,,2.0
308020.14285714284,0.34282469749450684,
308026.0,,2.0
308032.59574468085,0.342844694852829,
308057.0,,2.0
308080.0,,2.0
308108.0,,2.0
308145.0,,2.0
308164.25,0.3432246446609497,
308166.0,,2.0
308186.0,,2.0
308209.6842105263,0.34338462352752686,
308211.0,,2.0
308228.0955882353,0.3434446156024933,
308231.4044117647,0.34346461296081543,
308258.97794117645,0.343544602394104,
308286.0,,2.0
308311.23913043475,0.34370458126068115,
308313.0,,2.0
308336.0,0.34374457597732544,
308358.0,0.3437845706939697,
308361.0,,2.0
308388.0,,2.0
308397.24731182796,0.3439045548439026,
308408.8064516129,0.3439445495605469,
308419.44086021505,0.34398454427719116,
308431.0,,2.0
308442.6210526316,0.3440445363521576,
308450.36842105264,0.34406453371047974,
308471.6736842105,0.344104528427124,
308523.0,,2.0
308530.8333333333,0.34420451521873474,
308570.0,,2.0
308668.86363636365,0.3444044888019562,
308720.0,,2.0
308743.5714285714,0.34448447823524475,
308747.85714285716,0.3445044755935669,
308750.0,,2.0
308763.22807017545,0.3445444703102112,
308802.0,,2.0
308827.5208333333,0.3447244465351105,
308837.0,,2.0
308846.3090909091,0.34476444125175476,
308853.2909090909,0.3447844386100769,
308869.0,,2.0
308891.0,,2.0
308898.28,0.3449244201183319,
308919.0,,2.0
308926.14285714284,0.3450044095516205,
308944.0,,2.0
308965.0,,2.0
308992.15286624205,0.34522438049316406,
309009.33121019107,0.34526437520980835,
309052.0,,2.0
309070.375,0.3454243540763855,
309094.0,,2.0
309108.25,0.3455243408679962,
309113.0,,2.0
309131.6666666667,0.3456043303012848,
309138.6666666667,0.34562432765960693,
309141.0,,2.0
309173.85714285716,0.3456643223762512,
309211.0,,2.0
309361.0,,2.0
309438.0,,2.0
309466.0,,2.0
309491.0,,2.0
309571.6530612245,0.34608426690101624,
309595.0,,2.0
309656.0,,2.0
309738.97872340423,0.34622424840927124,
309806.0,,2.0
309821.125,0.34628424048423767,
309861.0,,2.0
309867.3191489362,0.34636422991752625,
309894.0,,2.0
309917.0,,2.0
310023.25,0.34660419821739197,
310087.0,,2.0
310110.0,,2.0
310116.5333333333,0.3467641770839691,
310131.0,,2.0
310138.61904761905,0.3468441665172577,
310163.0,,2.0
310190.0,,2.0
310213.0,,2.0
310274.9540229885,0.3471241295337677,
310289.1149425287,0.34714412689208984,
310367.0,,2.0
310378.9259259259,0.3472641110420227,
310390.0,,2.0
310504.1304347826,0.3473640978336334,
310530.2173913043,0.34738409519195557,
310540.0,,2.0
310568.0,,2.0
310718.0,,2.0
310725.98913043475,0.34756407141685486,
310765.402173913,0.34770405292510986,
310767.0,,2.0
310788.3953488372,0.34778404235839844,
310790.0,,2.0
310819.0,,2.0
310831.0430107527,0.34792402386665344,
310855.12903225806,0.348004013299942,
310859.0,,2.0
310886.32692307694,0.34810400009155273,
310888.0,,2.0
310916.0,,2.0
310957.11363636365,0.34824398159980774,
311112.4318181818,0.34842395782470703,
311117.0,,2.0
311128.2444444444,0.3484639525413513,
311139.0,,2.0
311153.83720930235,0.3485439419746399,
311165.9767441861,0.3485839366912842,
311168.0,,2.0
311184.6666666667,0.34862393140792847,
311221.3333333333,0.34874391555786133,
311223.0,,2.0
311250.0,,2.0
311280.32608695654,0.34884390234947205,
311343.0,,2.0
311360.1034482759,0.34894388914108276,
311375.0,,2.0
311381.11320754717,0.3490038812160492,
311395.37735849054,0.3490438759326935,
311400.4716981132,0.3490638732910156,
311402.0,,2.0
311503.5652173913,0.34912386536598206,
311548.0,,2.0
311563.1666666667,0.3491838574409485,
311576.0,,2.0
311602.0,0.34930384159088135,
311604.0,,2.0
311660.4705882353,0.3493638336658478,
311676.0,,2.0
311749.4324324324,0.34954380989074707,
311819.0,,2.0
311831.5,0.3497437834739685,
311842.4375,0.3497837781906128,
311844.0,,2.0
311857.688172043,0.34980377554893494,
311876.4193548387,0.3498437702655792,
311892.2688172043,0.3498837649822235,
311911.0,,2.0
311933.0,,2.0
311955.56,0.3501037359237671,
311957.0,,2.0
311988.0,,2.0
312031.4210526316,0.3502037227153778,
312138.0,,2.0
312146.9761904762,0.3502837121486664,
312153.88095238095,0.3503037095069885,
312164.9285714286,0.3503437042236328,
312167.0,,2.0
312275.82352941175,0.35040369629859924,
312317.0,,2.0
312339.0,,2.0
312342.82608695654,0.3505236804485321,
312376.3043478261,0.35064366459846497,
312383.0,,2.0
312390.3043478261,0.35068365931510925,
312396.23913043475,0.3507036566734314,
312404.0,,2.0
312436.0,,2.0
312487.1034482759,0.35086363554000854,
312579.4827586207,0.35096362233161926,
312601.1034482759,0.3509836196899414,
312607.0,,2.0
312635.1632653061,0.35106360912323,
312637.0,,2.0
312660.0,,2.0
312827.1685393258,0.3513035774230957,
312833.0,,2.0
312846.3875,0.35134357213974,
312893.6375,0.35146355628967285,
312896.0,,2.0
312919.0,,2.0
312926.4186046512,0.35156354308128357,
312945.9767441861,0.35162353515625,
312948.0,,2.0
312972.0,,2.0
312983.36842105264,0.35174351930618286,
312996.0,,2.0
313005.92,0.3518035113811493,
313025.14,0.3518635034561157,
313027.0,,2.0
313077.0,,2.0
313201.76744186046,0.3521634638309479,
313222.0,,2.0
313237.7826086957,0.35224345326423645,
313244.0,,2.0
313261.5238095238,0.352323442697525,
313267.0,,2.0
313309.02040816325,0.35238343477249146,
313338.0,,2.0
313344.39130434784,0.3524434268474579,
313357.6304347826,0.3525034189224243,
313359.0,,2.0
313371.54545454547,0.3525434136390686,
313381.36363636365,0.3525834083557129,
313383.0,,2.0
313427.0425531915,0.3526234030723572,
313473.0,,2.0
313484.53571428574,0.3526833951473236,
313491.8214285714,0.35270339250564575,
313507.0,,2.0
313540.22033898305,0.3528233766555786,
313542.0,,2.0
313548.4166666667,0.35284337401390076,
313562.625,0.3529033660888672,
313564.0,,2.0
313617.0,,2.0
313644.0,,2.0
313665.0,,2.0
313688.0,,2.0
313700.78846153844,0.3532833158969879,
313707.0,,2.0
313727.07692307694,0.3533633053302765,
313736.0,,2.0
313758.0,,2.0
313774.59574468085,0.35352328419685364,
313782.3404255319,0.3535432815551758,
313784.0,,2.0
313808.0,,2.0
313820.962962963,0.3536832630634308,
313826.8888888889,0.35370326042175293,
313828.0,,2.0
313849.31707317074,0.3537832498550415,
313851.0,,2.0
313894.0,,2.0
313912.0,,2.0
313936.0,,2.0
313945.6666666667,0.35404321551322937,
313965.0,,2.0
314008.0,,2.0
314026.3333333333,0.3542431890964508,
314033.0,,2.0
314042.6,0.35430318117141724,
314053.0,,2.0
314072.0,,2.0
314095.0,,2.0
314120.0,,2.0
314139.31707317074,0.3546031415462494,
314186.0,,2.0
314280.14492753625,0.3547831177711487,
314389.0,,2.0
314420.0,,2.0
314427.81395348837,0.3550230860710144,
314441.0,,2.0
314475.0,,2.0
314514.21428571426,0.3552030622959137,
314536.0,,2.0
314560.0,,2.0
314584.0,,2.0
314609.0,,2.0
314660.0,,2.0
314679.28571428574,0.35568299889564514,
314685.3469387755,0.3557029962539673,
314687.0,,2.0
314692.3658536585,0.35572299361228943,
314699.1951219512,0.3557629883289337,
314707.0,,2.0
314727.8490566038,0.355802983045578,
314740.11320754717,0.35582298040390015,
314752.37735849054,0.3558429777622223,
314772.0,,2.0
314794.0,,2.0
314821.5268817204,0.3560229539871216,
314847.67741935485,0.356082946062088,
314858.0,,2.0
314900.85714285716,0.3561229407787323,
315008.0,,2.0
315021.52,0.356222927570343,
315028.8,0.35624292492866516,
315032.44,0.3562629222869873,
315034.0,,2.0
315040.1707317073,0.35628291964530945,
315055.31707317074,0.3563429117202759,
315057.0,,2.0
315072.5,0.3564029037952423,
315079.0,,2.0
315116.0,,2.0
315266.0,,2.0
315277.47826086957,0.3566228747367859,
315290.0,,2.0
315322.43,0.3567628562450409,
315337.0,,2.0
315341.4680851064,0.35684284567832947,
315371.8510638298,0.35696282982826233,
315385.7021276596,0.3570028245449066,
315400.0,,2.0
315418.96774193546,0.3571428060531616,
315436.12903225806,0.35720279812812805,
315440.6451612903,0.3572227954864502,
315442.0,,2.0
315465.0,,2.0
315494.0,,2.0
315517.8333333333,0.35742276906967163,
315527.0,0.3574427664279938,
315535.25,0.3574627637863159,
315538.0,,2.0
315584.0,,2.0
315612.0,,2.0
315620.94736842107,0.3577227294445038,
315628.3157894737,0.3577427268028259,
315652.5263157895,0.3578227162361145,
315662.0,,2.0
315736.54545454547,0.35794270038604736,
315742.0,,2.0
315783.56043956045,0.3580426871776581,
315804.0,,2.0
315842.44444444444,0.3581426739692688,
315971.75757575757,0.35826265811920166,
315977.0,,2.0
316034.0,,2.0
316059.0,,2.0
316080.0,,2.0
316089.756097561,0.35862261056900024,
316100.0,,2.0
316127.0,,2.0
316131.2631578947,0.35876259207725525,
316154.0,,2.0
316172.7755102041,0.35890257358551025,
316174.0,,2.0
316185.7049180328,0.35894256830215454,
316195.0,,2.0
316225.0,,2.0
316234.0909090909,0.35908254981040955,
316246.8181818182,0.3591025471687317,
316253.1818181818,0.35912254452705383,
316265.0,,2.0
316290.0,,2.0
316308.9090909091,0.3593025207519531,
316310.0,,2.0
316315.9347826087,0.35932251811027527,
316331.0,,2.0
316353.4,0.3594624996185303,
316355.0,,2.0
316377.5306122449,0.35954248905181885,
316379.0,,2.0
316384.1458333333,0.359562486410141,
316398.0,,2.0
316423.0,,2.0
316454.0,,2.0
316460.9756097561,0.3598024547100067,
316478.0975609756,0.35986244678497314,
316480.0,,2.0
316630.0,,2.0
316639.1296296296,0.35996243357658386,
316659.0,,2.0
316665.28571428574,0.36004242300987244,
316683.0,,2.0
316713.3296703297,0.3602024018764496,
316721.4175824176,0.36024239659309387,
316727.4835164835,0.360262393951416,
316729.0,,2.0
316734.0,0.36028239130973816,
316738.64285714284,0.3603023886680603,
316749.0,,2.0
316754.0487804878,0.36036238074302673,
316757.9756097561,0.3603823781013489,
316772.0,,2.0
316789.7291666667,0.3604823648929596,
316795.0,,2.0
316838.53658536583,0.36064234375953674,
316846.0,,2.0
316870.0,,2.0
316918.0,0.36088231205940247,
316926.0,,2.0
316932.6,0.36092230677604675,
316939.2,0.3609423041343689,
316953.0,,2.0
316990.0,,2.0
317013.0,,2.0
317036.0,,2.0
317058.36363636365,0.3613022565841675,
317060.0,,2.0
317071.1724137931,0.3613222539424896,
317135.4137931034,0.36146223545074463,
317165.2068965517,0.3615022301673889,
317204.3103448276,0.36160221695899963,
317238.7586206897,0.36166220903396606,
317255.5172413793,0.36170220375061035,
317293.6896551724,0.3617621958255768,
317303.0,,2.0
317316.9534883721,0.36184218525886536,
317323.0,,2.0
317351.44444444444,0.36188217997550964,
317447.44444444444,0.3619621694087982,
317493.6666666667,0.36202216148376465,
317499.0,,2.0
317649.0,,2.0
317692.0,,2.0
317732.25531914894,0.36234211921691895,
317735.0,,2.0
317749.88095238095,0.36238211393356323,
317760.0,,2.0
317780.74074074073,0.36248210072517395,
317792.0,,2.0
317802.92,0.3625420928001404,
317807.54,0.3625620901584625,
317813.0,,2.0
317862.0,,2.0
317888.0465116279,0.36280205845832825,
317897.0,,2.0
317916.5918367347,0.3628820478916168,
317945.0,,2.0
317990.0,,2.0
317995.4,0.36308202147483826,
318014.6857142857,0.3631420135498047,
318017.0,,2.0
318065.0,,2.0
318085.5,0.36330199241638184,
318093.3510638298,0.363321989774704,
318106.0,,2.0
318121.3333333333,0.3634219765663147,
318134.0,0.363461971282959,
318136.0,,2.0
318201.4096385542,0.36358195543289185,
318225.0,,2.0
318245.9005524862,0.3637019395828247,
318320.3922651934,0.36394190788269043,
318322.0,,2.0
318330.79069767444,0.3639619052410126,
318349.0,,2.0
318381.145631068,0.36414188146591187,
318385.7378640777,0.364161878824234,
318390.7475728155,0.36418187618255615,
318392.0,,2.0
318431.0,,2.0
318458.0,,2.0
318488.0,,2.0
318513.0,,2.0
318535.0,,2.0
318549.25,0.36464181542396545,
318554.0,,2.0
318567.6434108527,0.36468181014060974,
318601.1317829457,0.36474180221557617,
318655.7054263566,0.36482179164886475,
318714.0,,2.0
318757.0,,2.0
318788.0,,2.0
318813.0,,2.0
318833.42553191487,0.36518174409866333,
318853.0,,2.0
318890.5,0.36524173617362976,
319003.0,,2.0
319013.7586206897,0.3653417229652405,
319019.5862068966,0.3653617203235626,
319029.0,,2.0
319042.65853658534,0.36542171239852905,
319075.43902439025,0.36552169919013977,
319085.0,,2.0
319096.3333333333,0.3655816912651062,
319113.0,,2.0
319135.4,0.3656616806983948,
319142.6,0.3656816780567169,
319153.0,,2.0
319181.2272727273,0.36574167013168335,
319192.2727272727,0.3657616674900055,
319207.0,,2.0
319214.07843137253,0.3658016622066498,
319226.0,,2.0
319249.0,,2.0
319399.0,,2.0
319414.28301886795,0.36606162786483765,
319426.0,,2.0
319455.21153846156,0.3661816120147705,
319457.0,,2.0
319475.1395348837,0.36624160408973694,
319509.0,,2.0
319532.0,,2.0
319560.44897959183,0.36648157238960266,
319570.48979591834,0.3665015697479248,
319573.0,,2.0
319577.58181818185,0.36652156710624695,
319594.0,,2.0
319617.0,,2.0
319645.0,,2.0
319651.5142857143,0.36676153540611267,
319664.0,,2.0
319670.6037735849,0.36684152483940125,
319697.0188679245,0.3669015169143677,
319699.0,,2.0
319710.2,0.3669215142726898,
319734.0,,2.0
319759.0,,2.0
319787.0,,2.0
319806.3333333333,0.36720147728919983,
319816.0,,2.0
319821.9090909091,0.3672414720058441,
319855.1477272727,0.3673214614391327,
319881.0,,2.0
319904.0,,2.0
319916.79591836734,0.3675214350223541,
319923.0,,2.0
319930.2916666667,0.3675614297389984,
319948.0,,2.0
319998.0,,2.0
320026.0,,2.0
320051.0,,2.0
320076.0,,2.0
320092.5319148936,0.36808136105537415,
320097.0,,2.0
320132.0,,2.0
320148.9090909091,0.3682413399219513,
320156.0,,2.0
320175.0,,2.0
320252.0,,2.0
320275.0,,2.0
320327.0,,2.0
320353.0,,2.0
320378.0,,2.0
320392.0425531915,0.36896124482154846,
320398.0,,2.0
320460.0,,2.0
320485.0,,2.0
320516.0,,2.0
320546.0,,2.0
320551.3695652174,0.36932119727134705,
320565.0,,2.0
320588.0263157895,0.36946117877960205,
320590.0,,2.0
320598.92307692306,0.3694811761379242,
320619.0,,2.0
320643.97959183675,0.36960116028785706,
320652.79591836734,0.3696211576461792,
320655.0,,2.0
320676.0,,2.0
320826.0,,2.0
320831.11627906974,0.3698011338710785,
320846.0,,2.0
320858.8780487805,0.3699011206626892,
320868.0,,2.0
320901.0,,2.0
320906.8604651163,0.3700411021709442,
320915.16279069765,0.3700810968875885,
320922.0,,2.0
320929.2,0.3701210916042328,
320937.6,0.3701610863208771,
320943.0,,2.0
321063.0,,2.0
321085.0,,2.0
321109.0,,2.0
321126.67441860464,0.3705010414123535,
321128.0,,2.0
321153.0,,2.0
321174.5,0.37066102027893066,
321176.0,,2.0
321198.0,,2.0
321216.3333333333,0.37080100178718567,
321223.0,,2.0
321250.0,,2.0
321273.0,,2.0
321278.36842105264,0.3710009753704071,
321307.0,,2.0
321316.06976744183,0.3710809648036957,
321320.9534883721,0.3711009621620178,
321337.0,,2.0
321351.2978723404,0.3711809515953064,
321365.0,,2.0
321384.0,,2.0
321406.0,,2.0
321421.4285714286,0.37144091725349426,
321428.71428571426,0.3714609146118164,
321430.0,,2.0
321437.5,0.37148091197013855,
321451.0,,2.0
321572.8064516129,0.3716408908367157,
321622.29032258067,0.37170088291168213,
321628.0,,2.0
321654.7303370786,0.3717208802700043,
321734.9213483146,0.37180086970329285,
321811.0,,2.0
321951.8163265306,0.37194085121154785,
321961.0,,2.0
321988.0,,2.0
321996.170212766,0.37204083800315857,
321999.2340425532,0.3720608353614807,
322012.0,,2.0
322037.0,,2.0
322065.0,,2.0
322091.0,,2.0
322183.85714285716,0.37240079045295715,
322241.0,,2.0
322252.81481481483,0.3724607825279236,
322261.77777777775,0.37250077724456787,
322263.0,,2.0
322299.1111111111,0.37252077460289,
322335.22222222225,0.37254077196121216,
322374.1111111111,0.3725607693195343,
322413.0,,2.0
322448.0,,2.0
322478.202247191,0.37276074290275574,
322496.0,,2.0
322502.3829787234,0.3728407323360443,
322519.40425531915,0.37290072441101074,
322521.0,,2.0
322527.36734693876,0.3729207217693329,
322533.20408163266,0.37294071912765503,
322540.10204081633,0.3729607164859772,
322547.0,,2.0
322580.3333333333,0.3730207085609436,
322622.0,,2.0
322636.3157894737,0.3731006979942322,
322653.3157894737,0.37314069271087646,
322656.0,,2.0
322680.0,,2.0
322702.0,,2.0
322730.0,,2.0
322756.0,,2.0
322808.8510638298,0.37350064516067505,
322864.0,,2.0
322995.0,,2.0
323037.0,,2.0
323046.1304347826,0.37382060289382935,
323057.0,,2.0
323086.3090909091,0.3739405870437622,
323088.0,,2.0
323186.0,,2.0
323228.40449438203,0.3741205632686615,
323260.0,,2.0
323265.2105263158,0.3742005527019501,
323271.0,0.3742205500602722,
323282.0,,2.0
323304.0,,2.0
323333.0,,2.0
323354.0,,2.0
323383.76744186046,0.3745805025100708,
323386.0,,2.0
323434.0,,2.0
323517.125,0.37488046288490295,
323529.0,,2.0
323537.97959183675,0.3749404549598694,
323547.7755102041,0.37498044967651367,
323549.0,,2.0
323578.0,,2.0
323600.0,,2.0
323618.85714285716,0.3751804232597351,
323629.3333333333,0.37520042061805725,
323644.0,,2.0
323663.4117647059,0.3752804100513458,
323699.0,,2.0
323723.0,,2.0
323755.0,,2.0
323768.24731182796,0.375580370426178,
323774.87096774194,0.3756003677845001,
323792.3333333333,0.3756403625011444,
323796.5483870968,0.37566035985946655,
323809.1935483871,0.37570035457611084,
323811.0,,2.0
323816.387755102,0.375720351934433,
323824.4693877551,0.3757403492927551,
323841.97959183675,0.3757803440093994,
323844.0,,2.0
323867.829787234,0.37584033608436584,
323876.0,,2.0
323916.0,,2.0
324066.0,,2.0
324092.21276595746,0.3760603070259094,
324099.7021276596,0.37608030438423157,
324110.0,,2.0
324121.793814433,0.376140296459198,
324135.19587628864,0.3761802911758423,
324162.0,,2.0
324186.5326086957,0.3763202726840973,
324192.5,0.37634027004241943,
324223.0,,2.0
324240.95238095237,0.37648025155067444,
324249.0,,2.0
324266.0,,2.0
324291.0,,2.0
324304.58490566036,0.376700222492218,
324319.30188679247,0.3767402172088623,
324321.0,,2.0
324340.55555555556,0.37676021456718445,
324455.93333333335,0.37686020135879517,
324491.13333333336,0.37690019607543945,
324497.0,,2.0
324517.5333333333,0.376980185508728,
324519.0,,2.0
324567.0,,2.0
324589.5882352941,0.3771401643753052,
324591.0,,2.0
324601.5,0.37718015909194946,
324615.0,,2.0
324638.0,,2.0
324651.53846153844,0.3773401379585266,
324660.0,,2.0
324678.6046511628,0.37744012475013733,
324683.25581395347,0.3774601221084595,
324685.0,,2.0
324692.14285714284,0.3774801194667816,
324703.36734693876,0.3775201141834259,
324710.0,,2.0
324723.0,0.3775601089000702,
324775.0,,2.0
324794.3488372093,0.3777600824832916,
324801.0,,2.0
324810.96226415096,0.37782007455825806,
324821.75471698114,0.37786006927490234,
324823.0,,2.0
324973.0,,2.0
324979.4285714286,0.37796005606651306,
325018.0,,2.0
325157.5348837209,0.37818002700805664,
325168.0,,2.0
325188.8,0.3782600164413452,
325190.0,,2.0
325194.6808510638,0.37828001379966736,
325205.3191489362,0.37832000851631165,
325208.72340425535,0.3783400058746338,
325210.0,,2.0
325230.8205128205,0.3783999979496002,
325239.0,,2.0
325245.01075268816,0.3784399926662445,
325272.29032258067,0.3785399794578552,
325282.0,,2.0
325295.8,0.3786199688911438,
325310.2,0.3786599636077881,
325312.0,,2.0
325323.62921348313,0.3786999583244324,
325345.37078651687,0.37877994775772095,
325357.0,,2.0
325410.62637362635,0.37895992398262024,
325415.989010989,0.3789799213409424,
325418.0,,2.0
325438.8596491228,0.3790399134159088,
325447.0,,2.0
325468.28846153844,0.3791199028491974,
325474.0,,2.0
325502.0,,2.0
325523.0,,2.0
325545.13186813187,0.37937986850738525,
325560.85714285716,0.37941986322402954,
325576.0,,2.0
325580.62,0.37947985529899597,
325618.0,,2.0
325629.64705882355,0.37965983152389526,
325643.4117647059,0.37969982624053955,
325645.0,,2.0
325671.0,,2.0
325695.0,,2.0
325763.75,0.379899799823761,
325845.0,,2.0
325858.2631578947,0.37997978925704956,
325869.0,,2.0
325880.0,0.38005977869033813,
325885.26086956525,0.3800797760486603,
325889.5652173913,0.3800997734069824,
325891.0,,2.0
325914.0,,2.0
326064.0,,2.0
326090.0,,2.0
326109.46341463417,0.3804197311401367,
326111.0,,2.0
326160.0,,2.0
326187.0,,2.0
326209.0,,2.0
326232.0,,2.0
326265.0,,2.0
326272.9268292683,0.3809196650981903,
326277.1951219512,0.38093966245651245,
326290.0,,2.0
326295.3846153846,0.3809996545314789,
326309.3846153846,0.3810596466064453,
326337.3846153846,0.3811396360397339,
326339.0,,2.0
326357.2,0.3811796307563782,
326374.0,,2.0
326405.64835164836,0.3813396096229553,
326411.5824175824,0.38135960698127747,
326417.5164835165,0.3813796043395996,
326419.0,,2.0
326486.1052631579,0.3814195990562439,
326517.6842105263,0.38143959641456604,
326569.0,,2.0
326596.0,0.3815195858478546,
326602.54545454547,0.38153958320617676,
326605.0,,2.0
326624.38181818184,0.3815995752811432,
326631.0,,2.0
326682.0,,2.0
326710.0,,2.0
326722.83720930235,0.38181954622268677,
326731.3953488372,0.38185954093933105,
326733.0,,2.0
326771.0,,2.0
326800.0,,2.0
326818.47826086957,0.38207951188087463,
326823.3695652174,0.3820995092391968,
326825.0,,2.0
326853.0,,2.0
326861.9756097561,0.38221949338912964,
326874.31707317074,0.3822594881057739,
326876.0,,2.0
326897.0,,2.0
326919.26785714284,0.38239946961402893,
326926.0,,2.0
326941.85714285716,0.3824794590473175,
326947.0,,2.0
327097.0,,2.0
327177.0,,2.0
327207.0,,2.0
327218.32584269665,0.3828394114971161,
327268.4831460674,0.38295939564704895,
327279.0,,2.0
327301.6666666667,0.3830393850803375,
327309.0,,2.0
327316.4823529412,0.3830793797969818,
327357.0117647059,0.3831993639469147,
327363.24705882353,0.3832193613052368,
327383.2,0.38327935338020325,
327403.77647058823,0.3833393454551697,
327413.12941176473,0.38337934017181396,
327415.0,,2.0
327428.3404255319,0.3834393322467804,
327434.0,,2.0
327439.0,0.3834793269634247,
327448.0,0.38351932168006897,
327455.0,,2.0
327516.0,,2.0
327536.0,,2.0
327558.0,,2.0
327579.0,,2.0
327608.0,,2.0
327630.6666666667,0.38401925563812256,
327659.0,,2.0
327672.3333333333,0.3841192424297333,
327696.3333333333,0.3841792345046997,
327699.0,,2.0
327718.756097561,0.38423922657966614,
327726.0,,2.0
327748.0,,2.0
327769.28712871287,0.38441920280456543,
327780.17821782175,0.3844392001628876,
327798.0,,2.0
327828.0,,2.0
327839.52,0.38461917638778687,
327852.0,,2.0
327875.4375,0.3847391605377197,
327877.0,,2.0
327910.9603960396,0.38483914732933044,
327920.6633663366,0.38487914204597473,
327926.0,,2.0
327948.49019607843,0.3849591314792633,
327955.17647058825,0.38497912883758545,
327957.0,,2.0
327965.4651162791,0.3849991261959076,
327975.23255813954,0.3850391209125519,
327985.0,,2.0
327991.8181818182,0.38507911562919617,
328001.4772727273,0.38511911034584045,
328007.7272727273,0.3851391077041626,
328035.0,,2.0
328045.7368421053,0.38525909185409546,
328059.0,,2.0
328076.6590909091,0.38533908128738403,
328096.0,,2.0
328104.6956521739,0.38539907336235046,
328139.47826086957,0.38547906279563904,
328177.15942028986,0.38557904958724976,
328185.85507246375,0.3855990469455719,
328196.0,,2.0
328202.34146341466,0.3856390416622162,
328220.0975609756,0.3856990337371826,
328222.0,,2.0
328249.0,0.38575902581214905,
328258.0,,2.0
328279.5319148936,0.38585901260375977,
328281.0,,2.0
328408.0,,2.0
328434.0,,2.0
328456.0,0.38607898354530334,
328489.0,,2.0
328511.0,,2.0
328567.0,,2.0
328589.5918367347,0.3863789439201355,
328608.0,,2.0
328629.0,,2.0
328746.2727272727,0.3865589201450348,
328779.0,,2.0
328881.5,0.3866589069366455,
328889.0,,2.0
328913.0,,2.0
329063.0,,2.0
329084.17647058825,0.3868788778781891,
329091.23529411765,0.38689887523651123,
329093.0,,2.0
329411.0,,2.0
329457.0,,2.0
329484.54,0.3873788118362427,
329511.0,,2.0
329518.1632653061,0.3874787986278534,
329538.0,,2.0
329644.4,0.3876187801361084,
329652.0,,2.0
329658.96629213484,0.38763877749443054,
329711.91011235956,0.38777875900268555,
329714.0,,2.0
329741.0,,2.0
329746.8510638298,0.38787874579429626,
329752.170212766,0.3878987431526184,
329766.0,,2.0
329796.0,,2.0
329839.0,,2.0
329855.8,0.3881787061691284,
329857.0,,2.0
329886.0,,2.0
329995.35135135136,0.38833868503570557,
330005.0,,2.0
330057.0,,2.0
330078.0,,2.0
330088.3409090909,0.38859865069389343,
330113.0,,2.0
330119.5789473684,0.388678640127182,
330130.98245614034,0.3887186348438263,
330138.0,,2.0
330151.5,0.38879862427711487,
330156.0,,2.0
330182.0,,2.0
330205.0,,2.0
330271.0,,2.0
330279.79069767444,0.3891785740852356,
330292.0,,2.0
330309.6862745098,0.3892785608768463,
330312.70588235295,0.38929855823516846,
330314.0,,2.0
330328.55319148937,0.3893585503101349,
330333.0,,2.0
330359.9791666667,0.38943853974342346,
330367.6875,0.3894585371017456,
330370.0,,2.0
330381.47826086957,0.3894985318183899,
330392.4347826087,0.3895385265350342,
330394.0,,2.0
330419.0,,2.0
330569.0,,2.0
330752.2689655172,0.3899184763431549,
330775.0,,2.0
330796.40476190473,0.3899984657764435,
330806.0,,2.0
330819.06666666665,0.3900584578514099,
330834.0,,2.0
330861.0,,2.0
330875.2413793103,0.3901984393596649,
330889.4827586207,0.39021843671798706,
331038.0,,2.0
331062.0566037736,0.3904184103012085,
331075.0471698113,0.3904584050178528,
331089.0,,2.0
331117.0,,2.0
331133.23529411765,0.3906383812427521,
331141.0,,2.0
331162.0,,2.0
331201.17647058825,0.3907983601093292,
331216.0,,2.0
331237.0,,2.0
331257.0,,2.0
331262.11627906974,0.39099833369255066,
331277.4651162791,0.3910583257675171,
331279.0,,2.0
331302.0,,2.0
331313.02040816325,0.39117830991744995,
331315.8775510204,0.3911983072757721,
331322.0,,2.0
331344.0,,2.0
331473.4893617021,0.3914182782173157,
331523.0,,2.0
331621.0,,2.0
331648.74226804124,0.3915782570838928,
331738.0,,2.0
331754.1538461539,0.39173823595046997,
331768.0,,2.0
331788.71428571426,0.3918382227420807,
331794.9285714286,0.39185822010040283,
331797.0,,2.0
331812.3333333333,0.39191821217536926,
331818.4666666667,0.3919382095336914,
331820.0,,2.0
331844.86842105264,0.39201819896698,
331847.0,,2.0
331875.93333333335,0.39209818840026855,
331878.0,,2.0
331947.7021276596,0.39213818311691284,
331995.0,,2.0
332009.93617021275,0.3922181725502014,
332021.0,,2.0
332031.5,0.39229816198349,
332042.0,,2.0
332069.0,,2.0
332210.8181818182,0.3924981355667114,
332219.0,,2.0
332227.52173913043,0.39251813292503357,
332233.60869565216,0.3925381302833557,
332245.17391304346,0.392578125,
332247.0,,2.0
332267.71428571426,0.39263811707496643,
332276.0,,2.0
332302.0,,2.0
332306.6808510638,0.3927581012248993,
332320.72340425535,0.3928180932998657,
332322.0,,2.0
332329.63636363635,0.39283809065818787,
332334.4090909091,0.39285808801651,
332343.0,,2.0
332372.0,,2.0
332386.64285714284,0.3930380642414093,
332392.0,,2.0
332430.0,,2.0
332436.17647058825,0.39315804839134216,
332451.0,,2.0
332464.5625,0.3932580351829529,
332479.09375,0.39329802989959717,
332482.0,,2.0
332620.46153846156,0.39337801933288574,
332632.0,,2.0
332651.8153846154,0.3934380114078522,
332668.8,0.39347800612449646,
332724.0,,2.0
332750.0,,2.0
332824.4186046512,0.3937779664993286,
332830.0,,2.0
332842.25,0.3938179612159729,
332859.51136363635,0.39387795329093933,
332879.0,,2.0
332903.35714285716,0.3939979374408722,
332912.0,,2.0
332920.2978723404,0.3940379321575165,
332930.25531914894,0.3940579295158386,
332939.3829787234,0.39407792687416077,
332951.0,,2.0
332970.48863636365,0.39415791630744934,
333000.0,,2.0
333025.0,,2.0
333044.6875,0.3944178819656372,
333046.0,,2.0
333065.4285714286,0.39443787932395935,
333165.0,,2.0
333187.0,,2.0
333207.0,,2.0
333212.4347826087,0.3946778476238251,
333257.0,,2.0
333280.5576923077,0.39489781856536865,
333282.0,,2.0
333304.0,,2.0
333315.2745098039,0.3950178027153015,
333321.1568627451,0.39503780007362366,
333329.0,,2.0
333343.5945945946,0.3950977921485901,
333365.0,,2.0
333384.0,,2.0
333410.6304347826,0.39525777101516724,
333470.2826086957,0.39535775780677795,
333482.0,,2.0
333520.3823529412,0.3955177366733551,
333527.0,,2.0
333553.0,,2.0
333562.7297297297,0.3956577181816101,
333577.0,,2.0
333599.6382978723,0.39571771025657654,
333710.0,,2.0
333734.0,,2.0
333765.0,,2.0
333776.60975609755,0.3959776759147644,
333793.0,,2.0
333828.0,,2.0
333850.0,,2.0
333897.0,,2.0
334047.0,,2.0
334059.1647058824,0.3963776230812073,
334086.2588235294,0.396477609872818,
334092.34117647057,0.39649760723114014,
334094.0,,2.0
334131.13157894736,0.3965376019477844,
334177.0,,2.0
334197.4651162791,0.3966575860977173,
334199.0,,2.0
334241.4528301887,0.39667758345603943,
334269.75471698114,0.3966975808143616,
334349.0,,2.0
334371.53658536583,0.39677757024765015,
334391.0,,2.0
334434.68131868134,0.39695754647254944,
334444.0,,2.0
334470.3846153846,0.39705753326416016,
334472.0,,2.0
334501.0,,2.0
334534.0,,2.0
334664.0,,2.0
334687.0,,2.0
334721.0,,2.0
334797.5306122449,0.39773744344711304,
334871.0,,2.0
334944.0,,2.0
334968.0,,2.0
335008.8367346939,0.39797741174697876,
335142.0,,2.0
335172.0,,2.0
335204.4,0.3982173800468445,
335226.0,,2.0
335292.0,,2.0
335319.0,,2.0
335340.52173913043,0.39851734042167664,
335358.1304347826,0.3985573351383209,
335381.60869565216,0.3985973298549652,
335409.0,,2.0
335421.26666666666,0.3986973166465759,
335432.0,,2.0
335471.0,,2.0
335490.83157894737,0.39883729815483093,
335509.0105263158,0.3988572955131531,
335550.3263157895,0.39889729022979736,
335623.04210526316,0.39897727966308594,
335628.0,,2.0
335648.0,,2.0
335675.0,,2.0
335696.89795918367,0.3991972506046295,
335702.2244897959,0.39921724796295166,
335704.0,,2.0
335726.0,,2.0
335737.6703296703,0.3993372321128845,
335762.95604395604,0.39939722418785095,
335785.0,,2.0
335817.0,,2.0
335921.0,,2.0
335943.0,,2.0
335964.4666666667,0.3997771739959717,
335966.0,,2.0
335989.0,,2.0
335995.8653846154,0.3998771607875824,
336010.0,,2.0
336150.625,0.4000171422958374,
336160.0,,2.0
336205.3333333333,0.40003713965415955,
336296.0,,2.0
336311.0740740741,0.4001571238040924,
336318.0,,2.0
336344.0,,2.0
336395.5625,0.4003371000289917,
336399.0,,2.0
336549.0,,2.0
336562.6956521739,0.4004770815372467,
336567.0,,2.0
336593.0,,2.0
336618.27659574465,0.400657057762146,
336620.0,,2.0
336650.0,0.40067705512046814,
336726.0,0.4007570445537567,
336786.0,0.40081703662872314,
336792.0,,2.0
336811.44,0.4008770287036896,
336819.0,,2.0
336849.0,,2.0
336862.4117647059,0.40099701285362244,
336882.8823529412,0.40105700492858887,
336885.0,,2.0
336907.0,,2.0
336928.0,,2.0
336957.0,,2.0
336977.0,,2.0
336992.5,0.40141695737838745,
337008.0,,2.0
337029.0,,2.0
337051.0,,2.0
337078.40425531915,0.4016569256782532,
337107.0,,2.0
337121.7346938776,0.4017569124698639,
337126.0,,2.0
337137.44,0.4017969071865082,
337157.68,0.40183690190315247,
337170.0,,2.0
337193.3962264151,0.40191689133644104,
337201.0,,2.0
337222.3333333333,0.4019968807697296,
337229.0,0.40201687812805176,
337231.0,,2.0
337238.14285714284,0.4020368754863739,
337244.09523809527,0.40205687284469604,
337256.0,,2.0
337301.5172413793,0.4021368622779846,
337369.7931034483,0.40219685435295105,
337436.0,,2.0
337465.3023255814,0.4023168385028839,
337478.0,,2.0
337484.6382978723,0.4023568332195282,
337504.0,,2.0
337509.4,0.4024368226528168,
337518.04,0.4024568200111389,
337524.52,0.40247681736946106,
337531.0,,2.0
337557.97826086957,0.40251681208610535,
337581.7826086957,0.40255680680274963,
337604.0,,2.0
337624.0,,2.0
337662.0,,2.0
337688.0,,2.0
337700.7111111111,0.40283676981925964,
337732.0,,2.0
337739.7916666667,0.4029167592525482,
337754.0,,2.0
337765.2444444444,0.40301674604415894,
337777.0,,2.0
337927.0,,2.0
337968.306122449,0.40321671962738037,
337971.0,,2.0
337988.05,0.4032367169857025,
338028.35,0.40329670906066895,
338033.0,,2.0
338183.0,,2.0
338208.0,,2.0
338231.29545454547,0.40353667736053467,
338233.0,,2.0
338254.31707317074,0.40361666679382324,
338256.0,,2.0
338289.0,,2.0
338306.1698113208,0.40375664830207825,
338315.0,,2.0
338339.63157894736,0.4038366377353668,
338348.15789473685,0.40385663509368896,
338351.0,,2.0
338368.73195876286,0.40393662452697754,
338391.0,,2.0
338436.0,,2.0
338481.652173913,0.40411660075187683,
338540.347826087,0.4041565954685211,
338576.2173913043,0.40417659282684326,
338586.0,,2.0
338618.0,,2.0
338693.1111111111,0.404416561126709,
338696.0,,2.0
338702.82,0.40443655848503113,
338717.08,0.4044765532016754,
338725.14,0.40449655055999756,
338727.0,,2.0
338733.22222222225,0.4045165479183197,
338748.0,,2.0
338796.0,,2.0
338808.0,0.404696524143219,
338812.17391304346,0.40471652150154114,
338820.0,,2.0
339001.0,,2.0
339064.0,,2.0
339072.7619047619,0.4050164818763733,
339078.78571428574,0.40503647923469543,
339087.0,,2.0
339094.5,0.4050764739513397,
339108.0,,2.0
339123.2,0.4051564633846283,
339184.0,,2.0
339211.0,,2.0
339219.56097560975,0.40531644225120544,
339238.0,,2.0
339271.75,0.40545642375946045,
339274.0,,2.0
339298.0,,2.0
339334.0,,2.0
339346.0888888889,0.40563639998435974,
339365.73333333334,0.40569639205932617,
339368.0,,2.0
339392.0,,2.0
339423.5176470588,0.40587636828422546,
339446.9882352941,0.4059363603591919,
339449.0,,2.0
339455.34146341466,0.40595635771751404,
339468.65853658534,0.4059963524341583,
339475.0,,2.0
339493.72340425535,0.40609633922576904,
339495.0,,2.0
339512.2727272727,0.4061163365840912,
339565.8181818182,0.4061763286590576,
339647.0,,2.0
339672.0,,2.0
339695.0,,2.0
339719.05,0.4064962863922119,
339721.0,,2.0
339737.95774647885,0.4065362811088562,
339745.8309859155,0.40655627846717834,
339807.0,,2.0
339831.0,,2.0
339854.0,,2.0
339878.0,,2.0
339886.8888888889,0.4069962203502655,
339891.8888888889,0.40701621770858765,
339895.77777777775,0.4070362150669098,
339903.0,,2.0
339941.37209302327,0.4070762097835541,
340053.0,,2.0
340070.0,,2.0
340091.5625,0.40729618072509766,
340093.0,,2.0
340115.0,,2.0
340137.0,,2.0
340150.21276595746,0.4074961543083191,
340174.3404255319,0.40757614374160767,
340191.0,,2.0
340208.0,0.4076761305332184,
340214.0,,2.0
340221.6818181818,0.40771612524986267,
340240.0,,2.0
340259.0,,2.0
340272.6904761905,0.40789610147476196,
340284.0,,2.0
340305.38613861386,0.4079960882663727,
340312.8712871287,0.4080160856246948,
340324.6336633663,0.4080560803413391,
340338.0,,2.0
340360.56,0.408176064491272,
340362.0,,2.0
340384.97872340423,0.40825605392456055,
340407.0,,2.0
340475.25,0.40839603543281555,
340532.125,0.40843603014945984,
340619.875,0.40853601694107056,
340667.0,,2.0
340677.1538461539,0.40861600637435913,
340711.0,,2.0
340718.78846153844,0.40875598788261414,
340723.98076923075,0.4087759852409363,
340736.4423076923,0.40881597995758057,
340738.0,,2.0
340762.0,,2.0
340769.1836734694,0.4089159667491913,
340792.0408163265,0.4089759588241577,
340794.0,,2.0
340810.9166666667,0.409015953540802,
340823.0,,2.0
340870.0,,2.0
340895.1875,0.40927591919898987,
340906.5625,0.409295916557312,
340909.0,,2.0
340916.11904761905,0.40931591391563416,
340932.0,,2.0
340949.1707317073,0.409435898065567,
340964.1951219512,0.40949589014053345,
340974.39024390245,0.40953588485717773,
340976.0,,2.0
341002.847826087,0.4095558822154999,
341064.8043478261,0.4096158742904663,
341071.0,,2.0
341087.9811320755,0.4096558690071106,
341101.0,,2.0
341118.11627906974,0.4097558557987213,
341147.0,,2.0
341157.79591836734,0.4098958373069763,
341170.0,,2.0
341190.8,0.40999582409858704,
341196.0,,2.0
341218.0,,2.0
341228.46601941745,0.41013580560684204,
341247.9708737864,0.41019579768180847,
341265.57281553396,0.4102557897567749,
341267.0,,2.0
341384.0,0.41031578183174133,
341417.0,,2.0
341428.25,0.4103557765483856,
341467.0,,2.0
341489.4347826087,0.4104957580566406,
341491.0,,2.0
341502.4583333333,0.4105357527732849,
341507.0416666667,0.41055575013160706,
341513.0,,2.0
341542.0,,2.0
341547.07692307694,0.4106757342815399,
341551.58974358975,0.41069573163986206,
341562.3076923077,0.41073572635650635,
341564.0,,2.0
341572.90476190473,0.4107557237148285,
341586.0,,2.0
341607.0,,2.0
341683.59574468085,0.4109356999397278,
341712.3191489362,0.4109556972980499,
341757.0,,2.0
341858.74074074073,0.4110356867313385,
341891.0,,2.0
341913.7755102041,0.4111156761646271,
341922.0,,2.0
341929.9591836735,0.41115567088127136,
341961.0,,2.0
341982.3953488372,0.41129565238952637,
341984.0,,2.0
342004.0,,2.0
342020.9090909091,0.41143563389778137,
342028.0,,2.0
342063.0,,2.0
342089.0,,2.0
342096.16279069765,0.4116356074810028,
342117.0,,2.0
342137.4651162791,0.4117755889892578,
342139.0,,2.0
342170.0,,2.0
342178.64864864864,0.4118955731391907,
342190.0,,2.0
342245.0,,2.0
342287.85714285716,0.4122355282306671,
342297.0,,2.0
342345.3333333333,0.41229552030563354,
342373.6666666667,0.41233551502227783,
342467.0,,2.0
342524.08108108107,0.41247549653053284,
342555.0,,2.0
342590.04347826086,0.4125954806804657,
342598.8043478261,0.41261547803878784,
342617.0,,2.0
342641.1666666667,0.41271546483039856,
342649.5,0.4127354621887207,
342652.0,,2.0
342676.4705882353,0.4128154516220093,
342678.0,,2.0
342763.0,,2.0
342870.0,,2.0
342901.73333333334,0.4131354093551636,
342904.0,,2.0
342927.75,0.41319540143013,
342934.0,,2.0
342949.625,0.4132353961467743,
342963.1666666667,0.41325539350509644,
342980.875,0.4132953882217407,
342984.0,,2.0
343005.0,,2.0
343016.47826086957,0.4134153723716736,
343027.0,,2.0
343054.0256410256,0.41349536180496216,
343089.0,,2.0
343164.0,0.41357535123825073,
343227.75,0.413615345954895,
343239.0,,2.0
343256.02127659577,0.41367533802986145,
343264.0,,2.0
343274.0,0.4137353301048279,
343284.0,,2.0
343307.0,,2.0
343331.0,,2.0
343354.0,,2.0
343382.125,0.41403529047966003,
343504.0,,2.0
343524.0,,2.0
343533.2978723404,0.4142152667045593,
343547.0,,2.0
343555.1,0.41427525877952576,
343574.0,,2.0
343597.0,,2.0
343605.3333333333,0.4144352376461029,
343622.0,,2.0
343639.726618705,0.4145352244377136,
343673.28057553957,0.41463521122932434,
343677.71223021584,0.4146552085876465,
343701.76978417265,0.4147152006626129,
343710.0,,2.0
343725.6382978723,0.4147951900959015,
343731.0,,2.0
343744.5869565217,0.4148551821708679,
343754.3695652174,0.4148951768875122,
343756.0,,2.0
343774.0,,2.0
343779.52,0.4149951636791229,
343789.64,0.4150351583957672,
343797.0,,2.0
343807.45454545453,0.41509515047073364,
343811.0909090909,0.4151151478290558,
343817.0,,2.0
343871.6538461539,0.4152151346206665,
343875.0,,2.0
343883.07692307694,0.41523513197898865,
343903.26923076925,0.4152951240539551,
343905.0,,2.0
343933.0,,2.0
343958.0,,2.0
343981.0,,2.0
343999.7346938776,0.41559508442878723,
344006.3469387755,0.4156150817871094,
344008.0,,2.0
344036.2121212121,0.41569507122039795,
344065.0,,2.0
344072.8,0.41579505801200867,
344092.0,,2.0
344152.54545454547,0.4158950448036194,
344203.0,,2.0
344240.0,,2.0
344248.94736842107,0.41605502367019653,
344260.0,,2.0
344302.5494505495,0.41625499725341797,
344304.0,,2.0
344322.03921568627,0.4163149893283844,
344327.0,,2.0
344338.2653061224,0.41637498140335083,
344350.0,,2.0
344377.0,,2.0
344390.2653061224,0.416534960269928,
344401.4081632653,0.41657495498657227,
344403.0,,2.0
344456.0612244898,0.4166949391365051,
344468.0,,2.0
344474.81707317074,0.41675493121147156,
344488.9756097561,0.416814923286438,
344497.3658536585,0.41683492064476013,
344511.0,,2.0
344521.75,0.41693490743637085,
344547.6477272727,0.41703489422798157,
344554.0,,2.0
344626.0,,2.0
344637.67346938775,0.41725486516952515,
344648.0,,2.0
344671.0,,2.0
344692.35714285716,0.4174548387527466,
344694.0,,2.0
344708.50980392157,0.4174748361110687,
344731.0,,2.0
344843.0,,2.0
344851.0,0.4176348149776459,
344865.5,0.4176948070526123,
344867.0,,2.0
344870.8076923077,0.41771480441093445,
344885.0,,2.0
344906.0,,2.0
344914.7804878049,0.41789478063583374,
344920.6341463415,0.4179147779941559,
344930.0,,2.0
344961.0,,2.0
344968.8409090909,0.41803476214408875,
344978.7727272727,0.41807475686073303,
344984.0,,2.0
345017.0,,2.0
345044.0,,2.0
345072.08510638296,0.4183347225189209,
345074.0,,2.0
345101.75,0.41839471459388733,
345111.0,,2.0
345121.32608695654,0.4184347093105316,
345131.10869565216,0.4184747040271759,
345136.0,,2.0
345160.0,,2.0
345187.0,,2.0
345196.8823529412,0.41867467761039734,
345207.3137254902,0.4187146723270416,
345215.0,,2.0
345262.0,,2.0
345301.0,,2.0
345328.74725274724,0.4190146327018738,
345338.73626373627,0.4190346300601959,
345346.5054945055,0.41905462741851807,
345362.04395604396,0.4190746247768402,
345402.0,,2.0
345415.65853658534,0.4191746115684509,
345430.0,,2.0
345452.0,,2.0
345461.26829268294,0.4193345904350281,
345472.0,,2.0
345572.0,0.4194345772266388,
345614.85714285716,0.41945457458496094,
345666.28571428574,0.4194745719432831,
345732.0,0.41951456665992737,
345763.4285714286,0.4195345640182495,
345772.0,,2.0
345797.0,,2.0
345819.0,,2.0
345847.0,,2.0
345851.89130434784,0.4197945296764374,
345879.77173913043,0.4198945164680481,
345884.6630434783,0.41991451382637024,
345892.0,,2.0
345924.0,,2.0
345943.1489361702,0.42005449533462524,
345955.59574468085,0.4200744926929474,
345966.12765957444,0.42009449005126953,
345969.0,,2.0
345980.07692307694,0.4201344847679138,
346002.7582417582,0.4202144742012024,
346017.0,,2.0
346082.0,,2.0
346127.9693877551,0.42055442929267883,
346135.0,,2.0
346148.0909090909,0.42061442136764526,
346167.0,,2.0
346318.13636363635,0.42079439759254456,
346342.0,,2.0
346348.26086956525,0.42083439230918884,
346364.4347826087,0.4208943843841553,
346366.0,,2.0
346516.0,,2.0
346666.0,,2.0
346685.2708333333,0.42111435532569885,
346716.0,,2.0
346729.5,0.42125433683395386,
346738.0,,2.0
346745.6595744681,0.4213143289089203,
346775.78723404254,0.421414315700531,
346786.0,,2.0
346814.0,,2.0
346841.0,,2.0
346848.1041666667,0.4216342866420746,
346863.6041666667,0.42167428135871887,
346872.0,,2.0
346969.0,,2.0
347015.0,,2.0
347046.0684931507,0.4219542443752289,
347087.0,,2.0
347096.0,0.42211422324180603,
347113.0,,2.0
347201.0,,2.0
347217.1489361702,0.42239418625831604,
347222.5319148936,0.4224141836166382,
347224.0,,2.0
347243.0,,2.0
347255.25531914894,0.42253416776657104,
347265.4680851064,0.42257416248321533,
347267.0,,2.0
347303.0,,2.0
347323.0,,2.0
347370.0,,2.0
347381.04,0.4229341149330139,
347394.0,,2.0
347417.0,,2.0
347460.71428571426,0.4231140911579132,
347480.0,,2.0
347499.0,,2.0
347515.0465116279,0.4232540726661682,
347543.7965116279,0.42331406474113464,
347549.1453488372,0.4233340620994568,
347572.5465116279,0.42341405153274536,
347614.0,,2.0
347636.0,,2.0
347664.0,,2.0
347670.3191489362,0.4237140119075775,
347682.25531914894,0.4237540066242218,
347718.7659574468,0.4238339960575104,
347730.0,,2.0
347736.0612244898,0.42387399077415466,
347757.0,,2.0
347788.0,,2.0
347823.6,0.4241139590740204,
347831.432,0.42413395643234253,
347847.096,0.4241739511489868,
347877.0,,2.0
347931.0,,2.0
347938.26923076925,0.4244339168071747,
347947.5576923077,0.42447391152381897,
347952.0,,2.0
347965.9591836735,0.4245339035987854,
347988.0,,2.0
348012.26666666666,0.42465388774871826,
348014.0,,2.0
348024.23076923075,0.42469388246536255,
348031.53846153844,0.42473387718200684,
348033.0,,2.0
348058.0,,2.0
348071.27659574465,0.4248538613319397,
348082.0,,2.0
348269.0,,2.0
348294.2,0.4251338243484497,
348296.0,,2.0
348305.1666666667,0.42515382170677185,
348331.0,,2.0
348343.2448979592,0.42525380849838257,
348353.5306122449,0.42529380321502686,
348355.0,,2.0
348361.54098360654,0.425313800573349,
348371.18032786885,0.4253537952899933,
348376.0,,2.0
348399.75,0.425453782081604,
348401.0,,2.0
348405.8461538461,0.42547377943992615,
348419.0,,2.0
348437.0,0.425593763589859,
348443.0,,2.0
348460.010989011,0.4256737530231476,
348469.93406593404,0.42571374773979187,
348486.0,,2.0
348504.6666666667,0.4258537292480469,
348506.0,,2.0
348512.34146341466,0.425873726606369,
348516.7804878049,0.42589372396469116,
348532.0,,2.0
348565.0,,2.0
348580.338028169,0.4260537028312683,
348596.6056338028,0.42611369490623474,
348620.3098591549,0.42621368169784546,
348631.0,,2.0
348680.0,,2.0
348708.0,,2.0
348756.83720930235,0.42653363943099976,
348782.4186046512,0.4265536367893219,
348808.0,,2.0
348820.0,0.42661362886428833,
348832.0,,2.0
348858.32,0.4267336130142212,
348860.0,,2.0
348868.125,0.42675361037254333,
348888.125,0.42681360244750977,
348890.0,,2.0
348900.6046511628,0.42685359716415405,
348914.0,,2.0
348955.0,,2.0
348961.5,0.42707356810569763,
348968.5,0.4270935654640198,
348981.0,,2.0
348990.2444444444,0.4271535575389862,
349004.4666666667,0.4271935522556305,
349013.0,,2.0
349019.26086956525,0.4272335469722748,
349037.0,,2.0
349053.2916666667,0.42735353112220764,
349060.0,,2.0
349075.6216216216,0.4274335205554962,
349088.9459459459,0.4274735152721405,
349128.0,,2.0
349176.83720930235,0.42763349413871765,
349236.1395348837,0.42767348885536194,
349278.0,,2.0
349298.0,,2.0
349313.88095238095,0.42781347036361694,
349327.0,,2.0
349357.0,,2.0
349428.4285714286,0.4279734492301941,
349507.0,,2.0
349517.4761904762,0.42805343866348267,
349551.0,,2.0
349568.1489361702,0.4282134175300598,
349577.0,,2.0
349626.0,,2.0
349629.8461538461,0.4283533990383148,
349634.07692307694,0.42837339639663696,
349646.0,,2.0
349672.0,,2.0
349702.0,,2.0
349725.3695652174,0.428653359413147,
349727.0,,2.0
349739.9756097561,0.4287133514881134,
349746.0,,2.0
349752.96,0.4287533462047577,
349775.0,,2.0
349811.50980392157,0.42883333563804626,
349908.0,,2.0
349922.2886597938,0.4289533197879791,
349939.6082474227,0.42901331186294556,
349950.0,,2.0
349981.64835164836,0.429073303937912,
350037.032967033,0.4291132986545563,
350190.0,,2.0
350201.8604651163,0.42923328280448914,
350211.3488372093,0.4292532801628113,
350226.76744186046,0.4292732775211334,
350258.79069767444,0.4293132722377777,
350288.4418604651,0.42937326431274414,
350292.0,,2.0
350336.02,0.429493248462677,
350354.0,,2.0
350373.03846153844,0.4295732378959656,
350385.0961538461,0.42961323261260986,
350387.0,,2.0
350398.29411764705,0.42965322732925415,
350411.0,,2.0
350424.78723404254,0.4297332167625427,
350438.0,,2.0
350460.0,,2.0
350480.0,,2.0
350503.0,,2.0
350530.0,,2.0
350633.21276595746,0.43015316128730774,
350667.6170212766,0.4301731586456299,
350677.0,,2.0
350687.8695652174,0.43021315336227417,
350702.0,,2.0
350708.28571428574,0.4302731454372406,
350724.28571428574,0.43033313751220703,
350726.0,,2.0
350743.5,0.43039312958717346,
350761.0,0.4304531216621399,
350772.0,,2.0
350789.5471698113,0.43053311109542847,
350803.0,,2.0
350821.25531914894,0.4306330978870392,
350829.0,,2.0
350848.06382978725,0.4306930899620056,
350861.0,,2.0
350965.0,,2.0
351012.0,,2.0
351030.5,0.43103304505348206,
351037.0,,2.0
351059.0,,2.0
351084.0,,2.0
351234.0,,2.0
351257.0,,2.0
351266.4909090909,0.43139299750328064,
351286.0,,2.0
351312.0,,2.0
351332.5652173913,0.4316129684448242,
351355.0,,2.0
351373.8085106383,0.4317329525947571,
351389.0,,2.0
351419.0,,2.0
351431.4583333333,0.43189293146133423,
351445.0,,2.0
351455.9090909091,0.4319729208946228,
351460.8181818182,0.43199291825294495,
351469.0,,2.0
351512.25581395347,0.4320529103279114,
351562.0,,2.0
351637.652173913,0.4321928918361664,
351682.0,,2.0
351707.5,0.43227288126945496,
351750.0,,2.0
351768.19680851063,0.43235287070274353,
351870.7606382979,0.4324728548526764,
352056.03723404254,0.4326528310775757,
352061.0,,2.0
352082.0,0.4327128231525421,
352089.0,,2.0
352162.61363636365,0.43281280994415283,
352168.0,,2.0
352178.7659574468,0.4328528046607971,
352191.0,,2.0
352252.0,,2.0
352273.0,,2.0
352289.4285714286,0.433112770318985,
352296.0,,2.0
352303.14285714284,0.4331527650356293,
352326.0,,2.0
352392.6666666667,0.43325275182724,
352476.0,,2.0
352487.2745098039,0.43333274126052856,
352499.0,,2.0
352528.0,,2.0
352541.3023255814,0.4334927201271057,
352546.74418604653,0.43351271748542786,
352554.0,,2.0
352583.0,,2.0
352604.7358490566,0.433672696352005,
352615.0,,2.0
352765.0,,2.0
352796.0,,2.0
352816.0,,2.0
352843.6956521739,0.43397265672683716,
352865.0,,2.0
352893.0,,2.0
352907.32584269665,0.4341326355934143,
352917.6404494382,0.4341726303100586,
352938.2696629214,0.434232622385025,
352944.0,,2.0
352952.21428571426,0.4342726171016693,
352990.0,,2.0
353006.9,0.43447259068489075,
353016.0,,2.0
353063.5227272727,0.43457257747650146,
353080.9090909091,0.4345925748348236,
353165.5227272727,0.4347325563430786,
353169.0,,2.0
353189.8988764045,0.4347725510597229,
353231.0,,2.0
353239.79069767444,0.4349125325679779,
353256.11627906974,0.43497252464294434,
353258.0,,2.0
353264.75,0.4349925220012665,
353269.8125,0.4350125193595886,
353285.0,,2.0
353300.84,0.43511250615119934,
353307.0,,2.0
353322.30555555556,0.43517249822616577,
353336.0,,2.0
353357.0,,2.0
353366.6551724138,0.4353324770927429,
353394.1724137931,0.43543246388435364,
353397.5517241379,0.4354524612426758,
353399.0,,2.0
353469.21276595746,0.43549245595932007,
353549.0,,2.0
353557.75,0.4355524480342865,
353575.25,0.43561244010925293,
353577.0,,2.0
353601.0,,2.0
353605.73529411765,0.43571242690086365,
353611.14705882355,0.4357324242591858,
353624.0,,2.0
353639.71428571426,0.43581241369247437,
353654.0,,2.0
353671.25,0.4359124004840851,
353677.0,,2.0
353682.6,0.43595239520072937,
353686.3333333333,0.4359723925590515,
353696.6,0.4360123872756958,
353698.0,,2.0
353723.0,,2.0
353776.0,,2.0
353798.5306122449,0.4362923502922058,
353822.0,,2.0
353855.0,,2.0
353874.1489361702,0.4364723265171051,
353885.0,,2.0
353906.0,,2.0
353957.3775510204,0.43673229217529297,
353959.0,,2.0
354098.28571428574,0.43681228160858154,
354109.0,,2.0
354132.0,,2.0
354166.0,,2.0
354189.2427184466,0.43699225783348083,
354290.5145631068,0.43709224462509155,
354315.41747572814,0.4371122419834137,
354337.0,,2.0
354349.27777777775,0.4371722340583801,
354363.0,,2.0
354441.4090909091,0.4372522234916687,
354513.0,,2.0
354529.16842105263,0.4373522102832794,
354559.48421052634,0.43745219707489014,
354561.0,,2.0
354590.9130434783,0.4375321865081787,
354593.0,,2.0
354604.8222222222,0.43759217858314514,
354612.0,,2.0
354664.74418604653,0.4377521574497223,
354672.8023255814,0.43777215480804443,
354675.0,,2.0
354688.8181818182,0.43783214688301086,
354694.0,,2.0
354698.9387755102,0.43787214159965515,
354710.612244898,0.43791213631629944,
354714.6530612245,0.4379321336746216,
354716.0,,2.0
354971.0731707317,0.43819209933280945,
355070.9512195122,0.4383120834827423,
355089.39024390245,0.43833208084106445,
355094.0,,2.0
355244.0,,2.0
355304.71428571426,0.43843206763267517,
355329.71428571426,0.4384520649909973,
355394.0,,2.0
355403.25,0.43851205706596375,
355431.0,,2.0
355465.0,,2.0
355476.0,0.43869203329086304,
355487.0,,2.0
355514.0,,2.0
355534.7272727273,0.4388920068740845,
355571.0,,2.0
355595.0,,2.0
355678.3333333333,0.4390919804573059,
355745.0,,2.0
355768.0,,2.0
355782.6666666667,0.4392719566822052,
355788.4285714286,0.43929195404052734,
355790.0,,2.0
355824.72340425535,0.4393519461154938,
355838.0,,2.0
355849.025,0.4394119381904602,
355851.65,0.43943193554878235,
355859.0,,2.0
356009.0,,2.0
356147.75,0.43961191177368164,
356159.0,,2.0
356184.2,0.43967190384864807,
356195.0,,2.0
356217.0,,2.0
356235.36,0.4398318827152252,
356244.0,,2.0
356264.70588235295,0.43993186950683594,
356266.0,,2.0
356278.7105263158,0.43999186158180237,
356285.34210526315,0.4400118589401245,
356287.0,,2.0
356325.0,,2.0
356334.78723404254,0.4401318430900574,
356345.0,,2.0
356364.6595744681,0.44025182723999023,
356366.0,,2.0
356398.0106382979,0.44035181403160095,
356417.0,,2.0
356441.0,,2.0
356591.0,,2.0
356616.1590909091,0.4406517744064331,
356618.0,,2.0
356635.358490566,0.44071176648139954,
356641.0,,2.0
356667.0,,2.0
356676.9,0.44085174798965454,
356687.35,0.44089174270629883,
356689.0,,2.0
356702.14285714284,0.4409317374229431,
356712.0,,2.0
356723.26829268294,0.4410117268562317,
356734.0,,2.0
356788.5625,0.44109171628952026,
356831.0,,2.0
356849.26086956525,0.441191703081131,
356855.0,,2.0
356885.0,,2.0
356923.91489361704,0.4413916766643524,
356944.0,,2.0
357047.0,,2.0
357128.0,,2.0
357164.6666666667,0.4417116343975067,
357278.0,,2.0
357282.68,0.4417916238307953,
357286.64,0.44181162118911743,
357290.24,0.4418316185474396,
357296.0,,2.0
357344.8486842105,0.44201159477233887,
357363.1052631579,0.4420715868473053,
357371.0,,2.0
357378.376344086,0.4421115815639496,
357401.55913978495,0.44219157099723816,
357413.1505376344,0.44223156571388245,
357418.4193548387,0.4422515630722046,
357420.0,,2.0
357441.0909090909,0.442311555147171,
357449.0,,2.0
357470.31707317074,0.44241154193878174,
357472.0,,2.0
357490.2291666667,0.44247153401374817,
357495.4375,0.4424915313720703,
357497.0,,2.0
357502.22222222225,0.44251152873039246,
357529.75757575757,0.4426115155220032,
357544.0,,2.0
357568.0,,2.0
357576.5333333333,0.4427514970302582,
357600.0,,2.0
357606.6,0.44283148646354675,
357620.35,0.4428914785385132,
357622.0,,2.0
357627.54455445544,0.4429114758968353,
357672.45544554456,0.4430314600467682,
357734.0,,2.0
357757.0,,2.0
357763.1388888889,0.4433114230632782,
357770.69444444444,0.44333142042160034,
357802.3333333333,0.44343140721321106,
357808.0,,2.0
357819.5,0.4434913992881775,
357833.0,,2.0
357889.78571428574,0.44361138343811035,
357893.0,,2.0
357918.0,,2.0
358057.73076923075,0.4438113570213318,
358072.70192307694,0.44383135437965393,
358086.0096153846,0.4438513517379761,
358091.0,,2.0
358106.35294117645,0.44389134645462036,
358110.0588235294,0.4439113438129425,
358118.0,,2.0
358142.0,,2.0
358152.26666666666,0.4440513253211975,
358163.0,,2.0
358191.0,,2.0
358200.7021276596,0.44421130418777466,
358204.3404255319,0.4442313015460968,
358210.0,,2.0
358223.679245283,0.44429129362106323,
358233.58490566036,0.4443312883377075,
358235.0,,2.0
358251.96153846156,0.4444112777709961,
358253.0,,2.0
358276.0,,2.0
358298.0,,2.0
358319.0,,2.0
358328.85714285716,0.4446912407875061,
358336.5238095238,0.44471123814582825,
358342.0,,2.0
358375.8490566038,0.4447912275791168,
358388.0,,2.0
358407.7826086957,0.4448312222957611,
358453.0,,2.0
358477.0,,2.0
358504.0,,2.0
358511.92,0.44507119059562683,
358526.0,,2.0
358532.0,0.4451511800289154,
358552.0,,2.0
358590.0,0.4452911615371704,
358593.0,,2.0
358609.2272727273,0.4453311562538147,
358627.0,,2.0
358649.0,,2.0
358662.23529411765,0.44549113512039185,
358674.4117647059,0.44553112983703613,
358676.0,,2.0
358701.0,,2.0
358709.5333333333,0.44563111662864685,
358725.0,,2.0
358776.0,,2.0
358798.28571428574,0.445931077003479,
358800.0,,2.0
358824.0,,2.0
358831.5,0.4460310637950897,
358859.625,0.4461110532283783,
358865.875,0.44613105058670044,
358879.0,,2.0
358898.5681818182,0.4462510347366333,
358900.0,,2.0
358905.11363636365,0.44627103209495544,
358925.0,,2.0
358945.0,,2.0
358953.16,0.4464310109615326,
358962.76,0.4464710056781769,
358969.0,,2.0
358979.25257731957,0.44651100039482117,
359065.21649484534,0.44669097661972046,
359078.6237113402,0.44673097133636475,
359097.55154639174,0.44677096605300903,
359119.63402061857,0.4468109607696533,
359122.0,,2.0
359132.55555555556,0.44683095812797546,
359152.0,,2.0
359158.0,0.44691094756126404,
359168.36363636365,0.4469509422779083,
359176.0,,2.0
359223.0,,2.0
359242.76,0.44719091057777405,
359249.0,,2.0
359270.35714285716,0.44729089736938477,
359272.0,,2.0
359351.51086956525,0.44743087887763977,
359367.0,,2.0
359405.8043478261,0.44751086831092834,
359418.0,,2.0
359426.8461538461,0.4475708603858948,
359438.0,,2.0
359588.0,0.4477308392524719,
359632.0,0.4477708339691162,
359638.0,,2.0
359657.0,,2.0
359669.20408163266,0.4478908181190491,
359683.0,,2.0
359703.625,0.44801080226898193,
359705.0,,2.0
359750.0,,2.0
359772.2786885246,0.44821077585220337,
359837.4644808743,0.4483507573604584,
359859.7431693989,0.4484107494354248,
359901.0,,2.0
359917.82352941175,0.4485507309436798,
359921.0588235294,0.44857072830200195,
359923.0,,2.0
359944.0,,2.0
359959.52173913043,0.44871070981025696,
359963.6304347826,0.4487307071685791,
359965.0,,2.0
359990.0,,2.0
360041.7078651685,0.44885069131851196,
360053.6404494382,0.4488706886768341,
360141.1460674157,0.4489506781101227,
360167.0,,2.0
360187.0,,2.0
360219.0,,2.0
360240.0,,2.0
360247.9130434783,0.4492306411266327,
360259.2173913043,0.449270635843277,
360266.0,,2.0
360272.55319148937,0.44931063055992126,
360288.0,,2.0
360321.0,,2.0
360329.3404255319,0.4494706094264984,
360347.21276595746,0.44953060150146484,
360349.0,,2.0
360359.73333333334,0.44957059621810913,
360372.0,,2.0
360392.1666666667,0.449690580368042,
360394.0,,2.0
360410.4347826087,0.4497505724430084,
360415.0,,2.0
360439.0,,2.0
360460.0,,2.0
360474.25352112675,0.449970543384552,
360484.78873239434,0.4500105381011963,
360502.76056338026,0.4500505328178406,
360515.1549295775,0.45009052753448486,
360531.88732394367,0.45013052225112915,
360548.0,,2.0
360579.0588235294,0.450250506401062,
360581.0,,2.0
360592.1111111111,0.4502905011177063,
360629.48484848486,0.45041048526763916,
360631.0,,2.0
360652.2727272727,0.4504704773426056,
360671.1818181818,0.450530469417572,
360683.0,,2.0
360727.4835164835,0.45073044300079346,
360729.0,,2.0
360776.54347826086,0.4508304297924042,
360786.22826086957,0.4508504271507263,
360796.79347826086,0.45087042450904846,
360810.0,,2.0
360832.1726618705,0.4509704113006592,
360849.5251798561,0.4510304033756256,
360865.91366906476,0.45109039545059204,
360875.55395683454,0.45113039016723633,
360877.0,,2.0
360903.0,,2.0
360920.73333333334,0.4512903690338135,
360922.0,,2.0
360944.36363636365,0.45137035846710205,
360946.0,,2.0
360975.76744186046,0.4514503479003906,
360978.0,,2.0
361051.0,,2.0
361056.6034482759,0.45155033469200134,
361074.7068965517,0.4516103267669678,
361076.0,,2.0
361097.0,,2.0
361112.4,0.45173031091690063,
361130.0,,2.0
361134.98913043475,0.45179030299186707,
361139.97826086957,0.4518103003501892,
361152.17391304346,0.4518502950668335,
361181.0,,2.0
361220.0,0.4519502818584442,
361265.0,0.45197027921676636,
361322.0,0.45201027393341064,
361331.0,,2.0
361353.0,,2.0
361376.0,,2.0
361388.5,0.4522102475166321,
361395.7916666667,0.4522302448749542,
361399.4375,0.45225024223327637,
361401.0,,2.0
361419.39024390245,0.4523102343082428,
361427.0,,2.0
361471.5238095238,0.45247021317481995,
361482.0,,2.0
361597.9595959596,0.45257019996643066,
361677.1515151515,0.4525901973247528,
361762.0,,2.0
361776.875,0.45271018147468567,
361781.6875,0.4527301788330078,
361783.0,,2.0
361790.0408163265,0.45275017619132996,
361798.9591836735,0.45279017090797424,
361806.0,,2.0
361956.0,,2.0
361970.50980392157,0.45293015241622925,
361990.82352941175,0.45297014713287354,
361993.0,,2.0
362006.1818181818,0.4530101418495178,
362020.0227272727,0.4530501365661621,
362022.0,,2.0
362049.0,,2.0
362081.0,,2.0
362231.0,,2.0
362302.40983606555,0.4533700942993164,
362488.5081967213,0.45353007316589355,
362495.0,,2.0
362509.2156862745,0.45357006788253784,
362520.0,,2.0
362559.8125,0.45375004410743713,
362569.0,,2.0
362600.25,0.4537900388240814,
362625.25,0.45381003618240356,
362719.0,,2.0
362747.1538461539,0.45389002561569214,
362780.0,,2.0
362806.13333333336,0.454010009765625,
362808.0,,2.0
362825.27659574465,0.4540500044822693,
362830.6382978723,0.45407000184059143,
362836.0,,2.0
362843.0804597701,0.4541099965572357,
362892.0,,2.0
363031.7727272727,0.4543299674987793,
363042.0,,2.0
363070.0,,2.0
363095.0,,2.0
363209.0,,2.0
363255.0,,2.0
363266.9166666667,0.45476990938186646,
363277.0,,2.0
363286.9555555555,0.4548299014568329,
363305.0,,2.0
363325.0,,2.0
363352.0,,2.0
363376.0,,2.0
363386.9090909091,0.4551498591899872,
363400.0,,2.0
363421.0,,2.0
363438.36842105264,0.4553498327732086,
363443.63157894736,0.45536983013153076,
363471.0,,2.0
363490.93333333335,0.4554698169231415,
363540.0,,2.0
363559.51851851854,0.45558980107307434,
363565.18518518517,0.4556097984313965,
363591.0,,2.0
363669.75,0.45572978258132935,
363729.75,0.45576977729797363,
363741.0,,2.0
363773.0,,2.0
363787.53846153844,0.45590975880622864,
363792.78846153844,0.4559297561645508,
363794.0,,2.0
363889.6896551724,0.45596975088119507,
363912.9655172414,0.4559897482395172,
363936.2413793103,0.45600974559783936,
363944.0,,2.0
363951.0481927711,0.4560297429561615,
363959.6626506024,0.45604974031448364,
363992.5542168675,0.4561297297477722,
364009.0,,2.0
364088.4117647059,0.4562097191810608,
364159.0,,2.0
364309.0,,2.0
364332.0,,2.0
364350.75,0.45642969012260437,
364401.88636363635,0.4564896821975708,
364407.0,,2.0
364428.5813953488,0.45654967427253723,
364436.0,,2.0
364466.0,,2.0
364623.4285714286,0.45678964257240295,
364640.0,,2.0
364669.0,,2.0
364686.07692307694,0.4569496214389801,
364693.0,,2.0
364717.0,,2.0
364723.35555555555,0.45706960558891296,
364743.0,,2.0
364776.0,,2.0
364881.41007194243,0.45742955803871155,
364887.0,,2.0
364928.0,,2.0
364944.1538461539,0.4575495421886444,
364965.6923076923,0.45760953426361084,
364968.0,,2.0
364997.1176470588,0.457629531621933,
365103.0,,2.0
365157.0,,2.0
365168.9791666667,0.45788949728012085,
365174.25,0.457909494638443,
365178.5625,0.45792949199676514,
365180.0,,2.0
365186.511627907,0.4579494893550873,
365198.88372093026,0.45798948407173157,
365206.0465116279,0.4580094814300537,
365208.0,,2.0
365233.6834532374,0.45806947350502014,
365313.0,,2.0
365332.0,,2.0
365359.0,,2.0
365371.7083333333,0.45844942331314087,
365420.0,,2.0
365439.0,,2.0
365452.7358490566,0.4586893916130066,
365465.41509433964,0.4587293863296509,
365467.0,,2.0
365603.0,,2.0
365613.58,0.45884937047958374,
365626.0,,2.0
365653.0,,2.0
365667.2380952381,0.4590093493461609,
365677.14285714284,0.4590493440628052,
365679.0,,2.0
365697.83720930235,0.4591093361377716,
365706.0,,2.0
365715.1875,0.45916932821273804,
365727.0,,2.0
365775.0,,2.0
365792.73333333334,0.45944929122924805,
365794.0,,2.0
365806.85714285716,0.45948928594589233,
365819.0,,2.0
365824.5714285714,0.45954927802085876,
365840.0,,2.0
365990.0,,2.0
366001.74468085106,0.45972925424575806,
366019.10638297873,0.4597892463207245,
366038.0,,2.0
366047.71428571426,0.45986923575401306,
366092.28571428574,0.46000921726226807,
366094.0,,2.0
366112.8,0.4600692093372345,
366118.0,,2.0
366128.95238095237,0.4601292014122009,
366141.0,,2.0
366166.0,,2.0
366180.96,0.4603091776371002,
366188.0,,2.0
366255.0,,2.0
366265.09523809527,0.4604291617870331,
366284.0238095238,0.4604891538619995,
366308.0,,2.0
366454.0,,2.0
366459.9347826087,0.4606691300868988,
366475.0,,2.0
366504.0,,2.0
366540.8541666667,0.4609090983867645,
366546.8958333333,0.46092909574508667,
366562.0,,2.0
366574.13333333336,0.46100908517837524,
366583.0,,2.0
366614.0,,2.0
366625.16279069765,0.4611690640449524,
366629.62790697673,0.46118906140327454,
366638.0,,2.0
366666.0,,2.0
366685.3604651163,0.46136903762817383,
366695.3023255814,0.46138903498649597,
366711.0,,2.0
366732.0,,2.0
366833.05555555556,0.46160900592803955,
366839.0,,2.0
366875.0,,2.0
367025.0,,2.0
367053.0,,2.0
367059.3409090909,0.4618689715862274,
367084.0,,2.0
367112.0,,2.0
367123.2444444444,0.4620489478111267,
367135.0,,2.0
367151.5393258427,0.4621489346027374,
367172.21348314604,0.462228924036026,
367181.0,,2.0
367188.1489361702,0.4622689187526703,
367205.0,,2.0
367226.0,,2.0
367245.54347826086,0.4624688923358917,
367255.0,,2.0
367509.0,,2.0
367525.5,0.46270886063575745,
367531.0,,2.0
367599.70198675495,0.4629088342189789,
367606.93377483444,0.462928831577301,
367620.1920529801,0.4629688262939453,
367622.0,,2.0
367645.0,,2.0
367663.4516129032,0.4631088078022003,
367671.0,,2.0
367680.5333333333,0.4631488025188446,
367701.8,0.46320879459381104,
367704.0,,2.0
367763.0,,2.0
367789.0,,2.0
367816.0,,2.0
367850.0,,2.0
367856.3333333333,0.46362873911857605,
367860.55555555556,0.4636487364768982,
367869.0,,2.0
367891.0,,2.0
367912.35714285716,0.46384871006011963,
367914.0,,2.0
367920.43925233645,0.4638687074184418,
367965.5140186916,0.4640086889266968,
367967.0,,2.0
367992.0,,2.0
368112.0,,2.0
368138.0909090909,0.4642486572265625,
368140.0,,2.0
368161.23255813954,0.46426865458488464,
368223.0,,2.0
368230.25581395347,0.4643486440181732,
368247.0,,2.0
368259.7826086957,0.46444863080978394,
368266.17391304346,0.4644686281681061,
368296.0,,2.0
368327.0,,2.0
368337.25641025644,0.46468859910964966,
368347.0,,2.0
368360.0681818182,0.46476858854293823,
368364.04545454547,0.4647885859012604,
368372.0,,2.0
368381.4418604651,0.46482858061790466,
368388.18604651163,0.4648485779762268,
368398.9767441861,0.4648885726928711,
368401.0,,2.0
368448.88,0.46500855684280396,
368464.0,,2.0
368483.3396226415,0.4651085436344147,
368489.0,,2.0
368501.0,0.4651685357093811,
368504.0,0.46518853306770325,
368509.0,,2.0
368528.71428571426,0.46528851985931396,
368530.0,,2.0
368560.4761904762,0.46532851457595825,
368594.0,,2.0
368620.0,,2.0
368625.3076923077,0.46546849608421326,
368643.0,,2.0
368647.6956521739,0.46554848551750183,
368658.652173913,0.4655884802341461,
368667.0,,2.0
368694.0,,2.0
368712.0,0.46574845910072327,
368719.0,,2.0
368739.59574468085,0.465848445892334,
368741.0,,2.0
368763.0,,2.0
368795.7272727273,0.4660484194755554,
368800.7272727273,0.46606841683387756,
368808.0,,2.0
368836.0,0.4661684036254883,
368838.0,,2.0
368862.0,,2.0
368880.0,,2.0
368909.8378378378,0.466408371925354,
368929.2972972973,0.4664483666419983,
368966.2702702703,0.466548353433609,
368976.0,,2.0
369003.0,,2.0
369034.0,,2.0
369059.0,,2.0
369081.0,,2.0
369128.0,,2.0
369278.0,,2.0
369321.4117647059,0.4672882556915283,
369323.0,,2.0
369359.4827586207,0.4674082398414612,
369367.4137931034,0.46744823455810547,
369369.0,,2.0
369414.0,,2.0
369436.4370860927,0.4676482081413269,
369453.77483443706,0.4676882028579712,
369568.0,,2.0
369590.0,,2.0
369607.4285714286,0.46794816851615906,
369636.0612244898,0.46798816323280334,
369651.0,,2.0
369687.0,,2.0
369706.6595744681,0.46816813945770264,
369708.0,,2.0
369718.2916666667,0.4682081341743469,
369732.375,0.4682481288909912,
369734.0,,2.0
369754.0,0.46830812096595764,
369770.1111111111,0.46834811568260193,
369782.3333333333,0.4683881103992462,
369789.0,,2.0
369797.9186046512,0.4684281051158905,
369803.4069767442,0.46844810247421265,
369848.0,,2.0
369875.0227272727,0.4686480760574341,
369877.0,,2.0
369900.0,,2.0
369952.0,,2.0
369977.0,,2.0
370009.0,,2.0
370059.0,0.46900802850723267,
370159.0,,2.0
370168.27906976745,0.46908801794052124,
370178.0,,2.0
370204.0,,2.0
370218.3181818182,0.46926799416542053,
370225.0,,2.0
370250.0,,2.0
370258.64285714284,0.4693879783153534,
370283.0,,2.0
370393.8695652174,0.46950796246528625,
370433.0,,2.0
370583.0,,2.0
370614.02040816325,0.4696679413318634,
370731.89795918367,0.4698479175567627,
370735.0,,2.0
370757.5,0.46992790699005127,
370759.0,,2.0
370778.5,0.46996790170669556,
370798.0,,2.0
370884.53846153844,0.47004789113998413,
370910.5,0.4700678884983063,
370948.0,,2.0
370973.0,,2.0
370994.170212766,0.47018787264823914,
371036.5106382979,0.4702278673648834,
371057.6808510638,0.47024786472320557,
371091.55319148937,0.4702678620815277,
371121.1914893617,0.47028785943984985,
371172.0,,2.0
371205.0,,2.0
371277.875,0.4705278277397156,
371311.0,,2.0
371331.0,,2.0
371342.7254901961,0.4706878066062927,
371354.0,,2.0
371359.4,0.47074779868125916,
371366.6,0.4707677960395813,
371378.0,,2.0
371395.3076923077,0.470867782831192,
371403.0,,2.0
371530.0,,2.0
371561.2375,0.47106775641441345,
371566.1375,0.4710877537727356,
371579.0,,2.0
371610.0,,2.0
371639.0,,2.0
371662.0,,2.0
371673.0,0.4714077115058899,
371684.0,,2.0
371695.29411764705,0.47148770093917847,
371708.0,,2.0
371723.71428571426,0.47156769037246704,
371766.14285714284,0.47166767716407776,
371774.0,,2.0
371779.9482758621,0.47170767188072205,
371785.1034482759,0.4717276692390442,
371797.0,,2.0
371805.4705882353,0.4717876613140106,
371821.0,,2.0
371840.73333333334,0.4719076454639435,
371882.94074074074,0.4720476269721985,
371895.0,,2.0
371914.0,,2.0
371920.4,0.4721876084804535,
371946.0,,2.0
371977.25581395347,0.47226759791374207,
372024.1395348837,0.47230759263038635,
372058.0,,2.0
372064.06382978725,0.47234758734703064,
372077.0,,2.0
372112.0,,2.0
372133.0,,2.0
372144.9166666667,0.4726075530052185,
372155.0,,2.0
372184.0789473684,0.47266754508018494,
372233.2894736842,0.47272753715515137,
372240.0,,2.0
372253.3023255814,0.47276753187179565,
372292.0,,2.0
372307.0,0.47294750809669495,
372313.0,,2.0
372328.625,0.4730274975299835,
372338.0,,2.0
372361.0,,2.0
372389.0,,2.0
372421.0,,2.0
372439.7826086957,0.47330746054649353,
372469.0,,2.0
372491.5882352941,0.47344744205474854,
372493.0,,2.0
372545.2826086957,0.4734874367713928,
372567.402173913,0.47350743412971497,
372671.9673913043,0.4736074209213257,
372678.0,,2.0
372695.23076923075,0.4736674129962921,
372702.0,,2.0
372724.36363636365,0.47376739978790283,
372726.0,,2.0
372743.43396226416,0.47382739186286926,
372748.0,,2.0
372777.5578947368,0.4738873839378357,
372818.48421052634,0.4739473760128021,
372856.0,,2.0
372879.0,,2.0
372885.0,0.4741073548793793,
372898.5,0.4741673469543457,
372900.0,,2.0
372931.0,,2.0
372951.0,,2.0
372976.0,,2.0
373049.6206896552,0.4745272994041443,
373081.0,,2.0
373107.13333333336,0.47464728355407715,
373109.0,,2.0
373133.0,,2.0
373159.4727272727,0.4748072624206543,
373161.0,,2.0
373281.0,,2.0
373326.0,,2.0
373364.5,0.4750872254371643,
373398.38,0.4751272201538086,
373403.0,,2.0
373426.0,,2.0
373433.1951219512,0.4752272069454193,
373477.8048780488,0.4753471910953522,
373482.84146341466,0.4753671884536743,
373485.0,,2.0
373497.72340425535,0.4754071831703186,
373508.0,,2.0
373531.44680851063,0.4755071699619293,
373537.0,,2.0
373541.6666666667,0.4755471646785736,
373550.06666666665,0.4755871593952179,
373556.6,0.47560715675354004,
373558.0,,2.0
373562.0449438202,0.4756271541118622,
373583.6179775281,0.47570714354515076,
373589.01123595505,0.4757271409034729,
373596.65168539324,0.4757671356201172,
373598.0,,2.0
373623.0,,2.0
373631.8541666667,0.4758671224117279,
373648.0,,2.0
373676.0,,2.0
373709.11320754717,0.4761470854282379,
373713.8962264151,0.47616708278656006,
373715.0,,2.0
373796.0,0.47620707750320435,
373856.0,0.47624707221984863,
373865.0,,2.0
373869.862745098,0.4762670695781708,
373896.0,,2.0
373901.5,0.47634705901145935,
373918.0,,2.0
373941.4666666667,0.4764670431613922,
373951.0,,2.0
373969.22641509434,0.4765470325946808,
373986.1509433962,0.4766070246696472,
373990.0566037736,0.47662702202796936,
373997.0,,2.0
374028.5,0.47676700353622437,
374034.5,0.4767870008945465,
374039.5,0.47680699825286865,
374041.0,,2.0
374050.90566037735,0.47684699296951294,
374056.0566037736,0.4768669903278351,
374062.0,,2.0
374212.0,,2.0
374251.0,,2.0
374274.0,,2.0
374282.64864864864,0.47716695070266724,
374294.0,,2.0
374300.2448979592,0.47722694277763367,
374304.28571428574,0.4772469401359558,
374312.0,,2.0
374338.0,,2.0
374356.243902439,0.47740691900253296,
374372.0,,2.0
374394.0,,2.0
374446.0,,2.0
374460.2105263158,0.4776468873023987,
374476.0,,2.0
374494.0,0.4777468740940094,
374503.0,,2.0
374526.9318181818,0.4778468608856201,
374557.0,,2.0
374565.0,0.47794684767723083,
374584.0,,2.0
374605.0,0.4780268371105194,
374648.5,0.47808682918548584,
374653.0,,2.0
374660.652173913,0.478106826543808,
374664.47826086957,0.4781268239021301,
374675.0,,2.0
374703.0,,2.0
374731.0,,2.0
374753.0,,2.0
374831.75,0.4784867763519287,
374837.0,,2.0
374852.3191489362,0.478526771068573,
374871.89361702127,0.4785667657852173,
374905.93617021275,0.4786267578601837,
374957.0,,2.0
374968.4,0.47878673672676086,
374976.0,,2.0
375004.679245283,0.47886672616004944,
375013.7358490566,0.4788867235183716,
375016.0,,2.0
375032.3829787234,0.478946715593338,
375036.59574468085,0.47896671295166016,
375038.0,,2.0
375067.0625,0.47904670238494873,
375069.0,,2.0
375215.0,,2.0
375221.90476190473,0.47914668917655945,
375244.0,,2.0
375290.0,,2.0
375320.0,,2.0
375334.0,0.47950664162635803,
375341.0,,2.0
375413.8,0.47960662841796875,
375418.0,,2.0
375459.0,,2.0
375480.2195121951,0.47974660992622375,
375489.0,,2.0
375524.76,0.47978660464286804,
375557.54,0.4798066020011902,
375638.0,,2.0
375658.0,,2.0
375760.0,0.4799865782260895,
375808.0,,2.0
375862.0,,2.0
375878.847826087,0.4801465570926666,
375892.97826086957,0.4801865518093109,
375912.0,,2.0
375938.0,,2.0
375966.64130434784,0.48038652539253235,
376023.0,,2.0
376035.85714285716,0.4805465042591095,
376041.0,,2.0
376180.0243902439,0.4806464910507202,
376191.0,,2.0
376267.6153846154,0.4807264804840088,
376274.0,,2.0
376352.0,,2.0
376358.9069767442,0.4808264672756195,
376371.4651162791,0.4808664619922638,
376379.0,,2.0
376403.511627907,0.48094645142555237,
376413.0,,2.0
376427.1304347826,0.4810064435005188,
376438.0,,2.0
376468.10204081633,0.48112642765045166,
376497.0,,2.0
376519.82608695654,0.4812464118003845,
376539.0,,2.0
376562.0,,2.0
376635.0,,2.0
376654.0,,2.0
376676.0,,2.0
376689.12605042016,0.4816463589668274,
376723.731092437,0.48176634311676025,
376732.6806722689,0.4817863404750824,
376739.8403361345,0.4818263351917267,
376747.0,,2.0
376769.0,,2.0
376830.6595744681,0.4820663034915924,
376838.0,,2.0
376844.93333333335,0.4821062982082367,
376864.0,,2.0
376872.86666666664,0.48218628764152527,
376877.5333333333,0.4822062849998474,
376892.0,0.48226627707481384,
376918.6,0.48236626386642456,
376921.86666666664,0.4823862612247467,
376927.0,,2.0
377077.0,,2.0
377102.0,,2.0
377111.8378378378,0.48258623480796814,
377130.0,,2.0
377167.21774193546,0.4827862083911896,
377190.12096774194,0.482846200466156,
377195.27419354836,0.48286619782447815,
377201.0,,2.0
377225.0,,2.0
377250.0,,2.0
377284.7619047619,0.4830661714076996,
377336.90476190473,0.48310616612434387,
377396.0,,2.0
377418.5789473684,0.48314616084098816,
377451.6947368421,0.48318615555763245,
377522.4421052632,0.483266144990921,
377539.0,,2.0
377564.0,,2.0
377603.1304347826,0.4833861291408539,
377714.0,,2.0
377734.0,,2.0
377755.4285714286,0.4835861027240753,
377764.0,,2.0
377786.4157303371,0.4836660921573639,
377821.0,,2.0
377846.0243902439,0.4838460683822632,
377848.0,,2.0
377858.5652173913,0.48388606309890747,
377875.0,,2.0
378025.0,,2.0
378050.0,,2.0
378120.0,0.48414602875709534,
378155.0,,2.0
378177.0,,2.0
378213.3076923077,0.4843460023403168,
378236.0,,2.0
378260.0,,2.0
378378.4210526316,0.4845459759235382,
378398.15789473685,0.48456597328186035,
378410.0,,2.0
378414.96078431373,0.4845859706401825,
378433.0,,2.0
378441.6785714286,0.48466596007347107,
378452.28571428574,0.48470595479011536,
378460.0,,2.0
378471.4888888889,0.48474594950675964,
378507.0,,2.0
378566.0,,2.0
378576.7591240876,0.48492592573165894,
378580.6715328467,0.4849459230899811,
378594.36496350367,0.48498591780662537,
378626.15328467154,0.4851059019565582,
378631.5328467153,0.48512589931488037,
378633.0,,2.0
378684.09278350516,0.4852258861064911,
378691.0206185567,0.48524588346481323,
378717.0,,2.0
378743.797752809,0.4853658676147461,
378770.0,,2.0
378837.0,,2.0
378864.0,,2.0
378874.9756097561,0.48562583327293396,
378880.0975609756,0.4856458306312561,
378891.8048780488,0.4856858253479004,
378894.0,,2.0
378921.0508474576,0.48576581478118896,
378933.28813559323,0.48580580949783325,
378939.72881355934,0.4858258068561554,
378970.0,,2.0
378977.4117647059,0.48594579100608826,
378984.29411764705,0.4859657883644104,
378997.0,,2.0
379019.0,,2.0
379025.90196078434,0.4861057698726654,
379034.96078431373,0.4861457645893097,
379041.0,,2.0
379059.0232558139,0.48622575402259827,
379066.0,,2.0
379078.416,0.48626574873924255,
379097.04,0.486325740814209,
379138.168,0.4864257276058197,
379160.672,0.48648571968078613,
379163.0,,2.0
379180.4166666667,0.4865657091140747,
379182.0,,2.0
379211.6931818182,0.48668569326400757,
379221.0,,2.0
379243.0,,2.0
379248.5,0.4868256747722626,
379277.0,0.4869256615638733,
379288.0,,2.0
379322.7346938776,0.48704564571380615,
379325.0,,2.0
379419.23076923075,0.4871256351470947,
379425.0,,2.0
379451.0,,2.0
379521.0,,2.0
379546.0,,2.0
379601.0,,2.0
379622.35555555555,0.48750558495521545,
379632.0,,2.0
379658.0,,2.0
379677.2947368421,0.4876655638217926,
379703.51578947366,0.4877655506134033,
379705.0,,2.0
379711.5714285714,0.48778554797172546,
379721.4285714286,0.48782554268836975,
379728.0,,2.0
379764.7111111111,0.4879455268383026,
379772.5777777778,0.48796552419662476,
379779.7888888889,0.4879855215549469,
379785.0333333333,0.48800551891326904,
379787.0,,2.0
379819.76258992805,0.4880855083465576,
379847.5395683453,0.48814550042152405,
379878.1654676259,0.4882254898548126,
379886.0,,2.0
379908.0,,2.0
379944.12903225806,0.48842546343803406,
379962.1935483871,0.4884854555130005,
379964.0,,2.0
380019.0,,2.0
380068.6,0.4886254370212555,
380091.0,,2.0
380117.63265306124,0.4886654317378998,
380204.63265306124,0.48874542117118835,
380265.0,,2.0
380272.3043478261,0.48882541060447693,
380293.0,,2.0
380362.62637362635,0.48892539739608765,
380514.53846153844,0.4890053868293762,
380581.0,,2.0
380599.24,0.48910537362098694,
380605.0,,2.0
380615.78651685396,0.48916536569595337,
380639.5168539326,0.48924535512924194,
380653.0,,2.0
380666.2075471698,0.4893253445625305,
380670.92452830187,0.48934534192085266,
380678.0,,2.0
380709.3043478261,0.4894053339958191,
380738.0,,2.0
380756.0,0.4895053207874298,
380763.0,,2.0
380835.0,,2.0
380839.0,0.48962530493736267,
380850.1111111111,0.48966529965400696,
380859.0,,2.0
380870.8222222222,0.48970529437065125,
380897.0,,2.0
380920.0,,2.0
380960.0240963855,0.48988527059555054,
380978.2168674699,0.4899052679538727,
380992.7710843373,0.4899252653121948,
381016.421686747,0.48994526267051697,
381071.0,,2.0
381106.55555555556,0.4900452494621277,
381151.0,,2.0
381176.0,,2.0
381263.0,,2.0
381281.47826086957,0.49030521512031555,
381288.0,,2.0
381297.85714285716,0.490365207195282,
381309.35714285716,0.49040520191192627,
381311.0,,2.0
381318.04,0.4904251992702484,
381333.0,,2.0
381387.243902439,0.4905451834201813,
381426.23170731706,0.49058517813682556,
381453.35365853657,0.49062517285346985,
381466.9146341463,0.490645170211792,
381472.0,,2.0
381504.0,,2.0
381514.72164948453,0.4907451570034027,
381519.54639175255,0.49076515436172485,
381538.3092783505,0.4908251464366913,
381556.0,,2.0
381567.49253731343,0.490925133228302,
381577.8358208955,0.4909651279449463,
381633.0,,2.0
381744.8181818182,0.49118509888648987,
381783.0,,2.0
381814.0,,2.0
381821.2,0.49130508303642273,
381834.0,,2.0
381856.0,,2.0
381881.0,,2.0
381902.0,,2.0
381911.1666666667,0.49164503812789917,
381924.0,,2.0
381942.4090909091,0.4917450249195099,
381951.0,,2.0
381977.0,,2.0
382034.0,,2.0
382039.07692307694,0.4919449985027313,
382058.0,,2.0
382064.3617021277,0.4920249879360199,
382079.5319148936,0.49208498001098633,
382081.0,,2.0
382097.28282828286,0.49210497736930847,
382186.2121212121,0.49222496151924133,
382201.24242424243,0.4922449588775635,
382205.0,,2.0
382227.0,,2.0
382236.3137254902,0.4923449456691742,
382241.70588235295,0.49236494302749634,
382250.5294117647,0.4924049377441406,
382252.0,,2.0
382268.4285714286,0.49246492981910706,
382275.0,,2.0
382301.6,0.49250492453575134,
382345.0,,2.0
382366.0,,2.0
382390.0,,2.0
382402.41025641025,0.4927648901939392,
382412.0,,2.0
382423.25,0.4928448796272278,
382439.0,,2.0
382454.7894736842,0.4929448664188385,
382461.1052631579,0.49296486377716064,
382463.0,,2.0
382473.76086956525,0.4929848611354828,
382496.0,,2.0
382545.0,,2.0
382555.21276595746,0.49314484000205994,
382560.6595744681,0.4931648373603821,
382568.1489361702,0.4931848347187042,
382577.0,,2.0
382582.3191489362,0.4932248294353485,
382594.55319148937,0.4932648241519928,
382602.0,,2.0
382621.1919191919,0.49334481358528137,
382644.42424242425,0.49342480301856995,
382652.0,,2.0
382702.0,0.49346479773521423,
382730.125,0.4934847950935364,
382802.0,,2.0
382874.45,0.4936247766017914,
382891.25,0.49366477131843567,
382907.0,,2.0
382913.27906976745,0.49370476603507996,
382932.11627906974,0.4937647581100464,
382934.0,,2.0
382958.14285714284,0.4938247501850128,
382976.71428571426,0.4939047396183014,
382986.0,,2.0
383019.28,0.4939447343349457,
383090.0,,2.0
383175.7475728155,0.4941447079181671,
383186.0,,2.0
383205.0,,2.0
383255.0963855422,0.4943646788597107,
383261.4578313253,0.49438467621803284,
383271.0,,2.0
383287.1,0.49444466829299927,
383306.0,,2.0
383327.0,,2.0
383334.6530612245,0.4945846498012543,
383345.36734693876,0.49462464451789856,
383352.0,,2.0
383371.0,,2.0
383381.42553191487,0.4947446286678314,
383406.0,,2.0
383428.0,,2.0
383487.0,,2.0
383506.2173913043,0.49502459168434143,
383513.0,,2.0
383524.7021276596,0.49508458375930786,
383535.0,,2.0
383540.6603773585,0.4951445758342743,
383548.96226415096,0.4951845705509186,
383555.0,,2.0
383575.71428571426,0.49526455998420715,
383584.0,,2.0
383605.1842105263,0.49536454677581787,
383607.0,,2.0
383627.0,,2.0
383651.0,,2.0
383673.0,,2.0
383699.0,,2.0
383738.75,0.4957444965839386,
383748.025,0.49576449394226074,
383752.0,,2.0
383906.0,,2.0
383992.1951219512,0.49622443318367004,
384028.48780487804,0.49632441997528076,
384030.0,,2.0
384043.7755102041,0.49636441469192505,
384057.0,,2.0
384073.92452830187,0.49646440148353577,
384080.0,,2.0
384105.0,,2.0
384133.0,,2.0
384162.0,,2.0
384210.75,0.4967443645000458,
384312.0,,2.0
384348.0,0.49682435393333435,
384369.0,0.4968443512916565,
384462.0,,2.0
384494.0,,2.0
384498.5128205128,0.4969843327999115,
384504.1538461539,0.49700433015823364,
384516.0,,2.0
384692.0,,2.0
384739.0,,2.0
384754.45,0.4973042905330658,
384808.01,0.49738427996635437,
384838.91,0.4974442720413208,
384842.0,,2.0
384882.306122449,0.4974842667579651,
384916.1632653061,0.4975242614746094,
384921.0,,2.0
384951.0,,2.0
384970.8113207547,0.4976842403411865,
384972.0,,2.0
384979.4074074074,0.49770423769950867,
384997.0,,2.0
385015.4931506849,0.49782422184944153,
385061.2123287671,0.49796420335769653,
385072.0,,2.0
385091.9111111111,0.49806419014930725,
385098.13333333336,0.4980841875076294,
385100.0,,2.0
385114.5,0.49810418486595154,
385122.9583333333,0.4981241822242737,
385158.0,,2.0
385177.0,,2.0
385195.63636363635,0.4983241558074951,
385197.0,,2.0
385218.29032258067,0.49838414788246155,
385237.8064516129,0.498444139957428,
385252.0,,2.0
385256.7894736842,0.4985041320323944,
385273.0,,2.0
385344.0,,2.0
385377.8144329897,0.498864084482193,
385384.0,,2.0
385405.0,,2.0
385423.3823529412,0.49902406334877014,
385427.79411764705,0.4990440607070923,
385430.0,,2.0
385444.93333333335,0.4991040527820587,
385449.6,0.49912405014038086,
385451.0,,2.0
385462.3076923077,0.49916404485702515,
385507.0,,2.0
385515.2653061224,0.49930402636528015,
385534.0,,2.0
385568.0,,2.0
385598.83516483515,0.4995439946651459,
385614.0,,2.0
385626.50980392157,0.49962398409843445,
385643.0,,2.0
385670.0,,2.0
385693.0,,2.0
385699.64444444445,0.49986395239830017,
385709.35555555555,0.49990394711494446,
385714.4666666667,0.4999239444732666,
385716.0,,2.0
385737.0,,2.0
385785.5934065934,0.5001240968704224,
385804.0,,2.0
385824.0,,2.0
385834.18518518517,0.5002843141555786,
385846.0,,2.0
385889.0,,2.0
385896.68292682926,0.5004245042800903,
385908.46341463417,0.5004845857620239,
385910.0,,2.0
385931.0,,2.0
385938.3043478261,0.5005847215652466,
385946.97826086957,0.5006247758865356,
385952.0,,2.0
385973.25531914894,0.5006648302078247,
386011.0425531915,0.5007249116897583,
386050.0106382979,0.5007849931716919,
386063.0,,2.0
386070.9411764706,0.500825047492981,
386077.29411764705,0.5008450746536255,
386090.0,,2.0
386119.00970873784,0.5009452104568481,
386125.4563106796,0.5009652376174927,
386170.58252427186,0.5010453462600708,
386173.0,,2.0
386223.0,,2.0
386245.0,,2.0
386257.26666666666,0.5013257265090942,
386268.0,,2.0
386287.1176470588,0.5013858079910278,
386448.8823529412,0.5015860795974731,
386463.5882352941,0.5016061067581177,
386468.0,,2.0
386491.4375,0.5016862154006958,
386493.0,,2.0
386503.5,0.5017262697219849,
386508.12,0.5017462968826294,
386512.74,0.5017663240432739,
386514.0,,2.0
386524.0,0.501806378364563,
386534.0,,2.0
386650.6666666667,0.5019065141677856,
386684.0,,2.0
386706.36363636365,0.5020066499710083,
386708.0,,2.0
386765.0,,2.0
386777.7659574468,0.5021268129348755,
386813.0,,2.0
386829.52173913043,0.5022870302200317,
386848.52173913043,0.5023270845413208,
386851.0,,2.0
386877.0,,2.0
386881.44444444444,0.5024272203445435,
386897.0,,2.0
386911.65934065933,0.5025273561477661,
386955.0,,2.0
387105.0,,2.0
387121.13333333336,0.502787709236145,
387127.0,,2.0
387145.63636363635,0.5028878450393677,
387147.0,,2.0
387152.47826086957,0.5029078722000122,
387157.95652173914,0.5029278993606567,
387161.60869565216,0.5029479265213013,
387168.0,,2.0
387179.5617977528,0.5030080080032349,
387215.34831460676,0.503128170967102,
387217.0,,2.0
387262.0,,2.0
387273.36363636365,0.5032483339309692,
387279.04545454547,0.5032683610916138,
387287.0,,2.0
387311.0,,2.0
387336.0,,2.0
387363.0,,2.0
387380.68292682926,0.5035887956619263,
387389.8780487805,0.5036088228225708,
387392.0,,2.0
387408.3043478261,0.5036689043045044,
387417.0,,2.0
387465.0,,2.0
387478.0232558139,0.5038892030715942,
387493.0,,2.0
387547.0,,2.0
387642.0,,2.0
387663.52173913043,0.5041295289993286,
387687.0,,2.0
387727.0,,2.0
387754.41818181815,0.5043298006057739,
387756.0,,2.0
387775.06666666665,0.5043498277664185,
387822.0,,2.0
387890.0,,2.0
387917.0,,2.0
387921.6153846154,0.504670262336731,
387926.23076923075,0.5046902894973755,
387937.0,,2.0
387966.0,,2.0
387978.13333333336,0.5048505067825317,
387992.0,,2.0
388034.6506024096,0.5049906969070435,
388051.0,,2.0
388201.0,,2.0
388231.0,,2.0
388276.140625,0.505311131477356,
388309.578125,0.5053912401199341,
388335.4921875,0.5054513216018677,
388338.0,,2.0
388420.0,,2.0
388453.71428571426,0.5057116746902466,
388466.28571428574,0.5057717561721802,
388468.0,,2.0
388487.0,,2.0
388506.70802919706,0.5059119462966919,
388512.18248175184,0.5059319734573364,
388521.4890510949,0.505952000617981,
388528.60583941604,0.5059720277786255,
388531.8905109489,0.50599205493927,
388562.0,,2.0
388583.0,,2.0
388609.0,,2.0
388632.0,,2.0
388653.0,,2.0
388668.1395348837,0.5064727067947388,
388674.0,,2.0
388697.3333333333,0.5065728425979614,
388699.0,,2.0
388704.11627906974,0.506592869758606,
388712.488372093,0.506632924079895,
388719.0,,2.0
388745.0465116279,0.5067330598831177,
388747.0,,2.0
388769.0,,2.0
388786.1346153846,0.5068532228469849,
388802.0,,2.0
388818.4383561644,0.5069533586502075,
388831.79452054796,0.5069934129714966,
388843.09589041094,0.5070334672927856,
388877.0,,2.0
388916.46153846156,0.5071736574172974,
388958.0,,2.0
388995.0,,2.0
389005.1818181818,0.5073138475418091,
389016.63636363635,0.5073539018630981,
389021.0909090909,0.5073739290237427,
389023.0,,2.0
389029.5060240964,0.5073939561843872,
389034.7108433735,0.5074139833450317,
389057.4819277108,0.5074740648269653,
389077.0,,2.0
389100.4375,0.507614254951477,
389102.0,,2.0
389129.0,,2.0
389234.6818181818,0.5077544450759888,
389279.0,,2.0
389305.0,,2.0
389326.0,,2.0
389341.5294117647,0.5079747438430786,
389349.29411764705,0.5079947710037231,
389362.0,,2.0
389390.0,,2.0
389414.0,,2.0
389418.2,0.5081950426101685,
389424.5,0.508215069770813,
389435.0,,2.0
389455.0,,2.0
389476.0,,2.0
389626.0,,2.0
389656.8725490196,0.5085955858230591,
389673.0,,2.0
389677.71428571426,0.5086756944656372,
389694.0,,2.0
389712.3333333333,0.5087958574295044,
389719.0,,2.0
389741.0,,2.0
389778.0,,2.0
389786.92307692306,0.5089961290359497,
389805.32692307694,0.5090562105178833,
389807.0,,2.0
389813.76470588235,0.5090762376785278,
389819.6274509804,0.5090962648391724,
389828.64705882355,0.5091363191604614,
389830.0,,2.0
389848.0,,2.0
389854.4166666667,0.5092364549636841,
389870.0,,2.0
390000.0,,2.0
390024.06382978725,0.509496808052063,
390030.5425531915,0.5095168352127075,
390087.0,,2.0
390098.7555555556,0.5096570253372192,
390108.4666666667,0.5096970796585083,
390110.0,,2.0
390141.4285714286,0.5097571611404419,
390154.0,,2.0
390165.52,0.509797215461731,
390218.0,,2.0
390229.6923076923,0.5098773241043091,
390256.0,,2.0
390355.4285714286,0.5100775957107544,
390364.5714285714,0.5100976228713989,
390368.0,,2.0
390384.74418604653,0.510177731513977,
390386.0,,2.0
390430.5234375,0.5102578401565552,
390525.0,,2.0
390578.0,,2.0
390606.7010309278,0.5105782747268677,
390636.0,,2.0
390653.28467153286,0.5107184648513794,
390666.78832116787,0.5107585191726685,
390691.09489051095,0.5108386278152466,
390698.1167883212,0.5108586549758911,
390708.3795620438,0.5108987092971802,
390710.0,,2.0
390799.14285714284,0.5110188722610474,
390827.0,,2.0
390843.5813953488,0.51111900806427,
390850.0,,2.0
390872.0,,2.0
390886.3595505618,0.5112591981887817,
390915.8764044944,0.5113192796707153,
390931.8314606742,0.5113593339920044,
390943.0,,2.0
390965.0,,2.0
391003.0,,2.0
391028.0,0.5116196870803833,
391036.6538461539,0.5116397142410278,
391046.26923076925,0.5116797685623169,
391051.5576923077,0.5116997957229614,
391053.0,,2.0
391077.0,,2.0
391094.5,0.5118399858474731,
391115.5,0.5119000673294067,
391126.0,,2.0
391148.56,0.5120202302932739,
391150.0,,2.0
391167.12941176473,0.5120803117752075,
391202.0,,2.0
391229.0,,2.0
391248.5416666667,0.5122805833816528,
391261.1041666667,0.5123006105422974,
391277.8541666667,0.5123206377029419,
391296.0,,2.0
391305.0,0.5123807191848755,
391308.5,0.51240074634552,
391315.0,,2.0
391326.0,0.5124608278274536,
391351.0,0.5125409364700317,
391363.0,,2.0
391394.6979166667,0.5126010179519653,
391542.0,,2.0
391562.0,,2.0
391586.0,,2.0
391652.0,,2.0
391677.0,,2.0
391684.0408163265,0.5131617784500122,
391693.4285714286,0.5132018327713013,
391700.0,,2.0
391762.9052631579,0.5132819414138794,
391808.33684210526,0.5133219957351685,
391866.0,,2.0
391893.0,,2.0
391920.0,,2.0
391944.44,0.5136224031448364,
391946.0,,2.0
391962.71428571426,0.513642430305481,
392024.0,,2.0
392042.26086956525,0.5137425661087036,
392049.10869565216,0.5137625932693481,
392059.0,,2.0
392067.37209302327,0.5138026475906372,
392081.32558139536,0.5138427019119263,
392086.9069767442,0.5138627290725708,
392089.0,,2.0
392101.3023255814,0.5139027833938599,
392110.3953488372,0.5139428377151489,
392112.0,,2.0
392136.0,,2.0
392144.04347826086,0.5140429735183716,
392173.0,,2.0
392183.35185185185,0.5141230821609497,
392192.1111111111,0.5141431093215942,
392216.0,,2.0
392221.2972972973,0.5142031908035278,
392235.6756756757,0.5142432451248169,
392244.0,,2.0
392251.15,0.514283299446106,
392270.0,,2.0
392326.0,,2.0
392350.7826086957,0.5145636796951294,
392355.347826087,0.5145837068557739,
392369.04347826086,0.514623761177063,
392374.9130434783,0.5146437883377075,
392386.0,,2.0
392536.0,,2.0
392553.323943662,0.5148040056228638,
392568.91549295775,0.5148440599441528,
392574.6901408451,0.5148640871047974,
392618.0,,2.0
392660.57692307694,0.5151044130325317,
392670.4423076923,0.5151444673538208,
392672.0,,2.0
392708.0,,2.0
392751.3333333333,0.5152446031570435,
392848.0,0.515304684638977,
392858.0,,2.0
392871.488372093,0.5153447389602661,
392887.0,,2.0
392905.28571428574,0.5154448747634888,
392911.0,,2.0
392921.42424242425,0.5155049562454224,
392954.0,,2.0
392963.7962962963,0.5156651735305786,
392975.72222222225,0.5157052278518677,
392977.0,,2.0
393032.3597122302,0.5158454179763794,
393063.7985611511,0.5159255266189575,
393072.0,,2.0
393179.3658536585,0.5160657167434692,
393191.48780487804,0.5160857439041138,
393214.0,,2.0
393233.0,,2.0
393256.0816326531,0.5162659883499146,
393291.0,,2.0
393319.0,,2.0
393330.5,0.5164462327957153,
393342.8846153846,0.5164662599563599,
393362.3461538461,0.5165063142776489,
393365.0,,2.0
393391.26,0.5165263414382935,
393466.0,,2.0
393495.0,,2.0
393523.0,,2.0
393526.6923076923,0.5167666673660278,
393547.0,,2.0
393624.0,,2.0
393650.0,,2.0
393656.5714285714,0.5170069932937622,
393661.7346938776,0.5170270204544067,
393673.0,,2.0
393693.3,0.5171271562576294,
393735.3,0.517227292060852,
393775.9,0.5173074007034302,
393778.0,,2.0
393837.43396226416,0.5173875093460083,
393841.0,,2.0
393880.0497237569,0.5175076723098755,
393895.1215469613,0.5175477266311646,
393928.6906077348,0.5176278352737427,
393940.3370165746,0.5176478624343872,
393962.94475138123,0.5177079439163208,
393965.0,,2.0
393992.0,,2.0
394000.67346938775,0.5178080797195435,
394017.0,,2.0
394033.48780487804,0.5179282426834106,
394043.0,,2.0
394058.5294117647,0.5180083513259888,
394065.0,,2.0
394075.91764705884,0.5180484056472778,
394123.0,,2.0
394153.5853658537,0.5182687044143677,
394156.0,,2.0
394198.0,,2.0
394203.73913043475,0.5183688402175903,
394220.0,0.5184289216995239,
394242.0,,2.0
394253.76470588235,0.5185490846633911,
394266.0,,2.0
394390.7580645161,0.518769383430481,
394399.0752688172,0.5187894105911255,
394471.55376344087,0.5188895463943481,
394483.43548387097,0.5189095735549927,
394487.0,,2.0
394508.0,,2.0
394535.0,,2.0
394555.0,,2.0
394562.5348837209,0.5191699266433716,
394573.20930232556,0.5192099809646606,
394580.11627906974,0.5192300081253052,
394582.0,,2.0
394600.0303030303,0.5192500352859497,
394678.5909090909,0.5193701982498169,
394752.0,,2.0
394762.0,0.5195103883743286,
394772.0,,2.0
394790.8461538461,0.5196305513381958,
394792.0,,2.0
394812.1142857143,0.5197106599807739,
394814.0,,2.0
394827.61904761905,0.519750714302063,
394840.0,,2.0
394885.82178217825,0.5199309587478638,
394890.45544554456,0.5199509859085083,
394892.0,,2.0
395001.0,,2.0
395012.83928571426,0.5201312303543091,
395019.8035714286,0.5201512575149536,
395040.0,,2.0
395061.0,,2.0
395084.6111111111,0.5203515291213989,
395086.0,,2.0
395106.0,,2.0
395125.5,0.5205117464065552,
395127.0,,2.0
395229.0618556701,0.5205918550491333,
395307.0,,2.0
395337.0,,2.0
395386.0,,2.0
395406.0,,2.0
395429.3333333333,0.5209923982620239,
395431.0,,2.0
395470.28571428574,0.5210124254226685,
395506.0,0.521032452583313,
395581.0,,2.0
395590.35,0.5211125612258911,
395603.0,,2.0
395626.0,,2.0
395640.347826087,0.5212928056716919,
395648.0,,2.0
395825.0,,2.0
395836.57446808513,0.5214930772781372,
395843.8085106383,0.5215131044387817,
395859.0,,2.0
395881.0,,2.0
395891.2272727273,0.521673321723938,
395906.0,,2.0
395949.4065934066,0.5218535661697388,
395956.0,,2.0
395982.3846153846,0.5219537019729614,
395984.0,,2.0
395989.25,0.521973729133606,
395993.975,0.5219937562942505,
395999.225,0.522013783454895,
396005.0,,2.0
396026.7,0.5220938920974731,
396036.0,,2.0
396042.72,0.5221339464187622,
396052.32,0.5221740007400513,
396060.0,,2.0
396088.16,0.5222941637039185,
396104.0,,2.0
396109.8604651163,0.5223742723464966,
396114.25581395347,0.5223942995071411,
396119.1395348837,0.5224143266677856,
396125.0,,2.0
396136.5,0.5224744081497192,
396148.0,,2.0
396174.8333333333,0.5225344896316528,
396240.0,,2.0
396285.17647058825,0.5226746797561646,
396288.0,,2.0
396333.0,,2.0
396409.5333333333,0.5228348970413208,
396415.0,,2.0
396420.7340425532,0.5228549242019653,
396464.0,,2.0
396480.93023255817,0.5230351686477661,
396492.0,,2.0
396516.0,,2.0
396544.0,,2.0
396569.28089887643,0.5233155488967896,
396594.0,,2.0
396603.53846153844,0.5234156847000122,
396625.0,,2.0
396656.1170212766,0.5235759019851685,
396670.0,,2.0
396788.75,0.5236960649490356,
396810.625,0.5237160921096802,
396820.0,,2.0
396874.2967032967,0.5238562822341919,
396878.989010989,0.5238763093948364,
396881.0,,2.0
396907.0,,2.0
396916.9512195122,0.5239964723587036,
396921.6341463415,0.5240164995193481,
396929.243902439,0.5240365266799927,
396931.0,,2.0
396944.36363636365,0.5240765810012817,
396959.0,,2.0
397049.9010989011,0.524276852607727,
397053.0,,2.0
397078.0,,2.0
397133.0568181818,0.5245171785354614,
397135.0,,2.0
397153.6956521739,0.5245972871780396,
397155.0,,2.0
397174.0,,2.0
397181.2,0.5246974229812622,
397196.2,0.5247575044631958,
397198.0,,2.0
397227.0,,2.0
397244.36734693876,0.5248976945877075,
397248.5918367347,0.524917721748352,
397250.0,,2.0
397300.0,,2.0
397318.0,,2.0
397328.625,0.5250979661941528,
397352.0,,2.0
397371.74,0.5252381563186646,
397373.0,,2.0
397402.4693877551,0.5252982378005981,
397411.0,,2.0
397455.5909090909,0.5253583192825317,
397480.36363636365,0.5253783464431763,
397512.5681818182,0.5253983736038208,
397520.0,,2.0
397544.0,,2.0
397585.55056179775,0.5256386995315552,
397587.0,,2.0
397610.0,,2.0
397792.0551724138,0.5259391069412231,
397802.924137931,0.5259591341018677,
397807.0,,2.0
397813.6382978723,0.5259791612625122,
397831.0,,2.0
397846.15789473685,0.5260792970657349,
397856.5789473684,0.5260993242263794,
397867.0,,2.0
397882.3658536585,0.5261794328689575,
397888.0,,2.0
397905.4,0.5262194871902466,
397922.8,0.5262595415115356,
397975.0,,2.0
397987.42,0.5263997316360474,
397998.0,,2.0
398018.4,0.5265198945999146,
398046.0,,2.0
398051.9529411765,0.5266200304031372,
398069.81176470587,0.5266801118850708,
398092.0,,2.0
398175.0,,2.0
398191.0714285714,0.5269805192947388,
398200.0,,2.0
398226.0,,2.0
398376.0,,2.0
398391.1914893617,0.5271807909011841,
398410.72340425535,0.5272208452224731,
398427.0,,2.0
398527.70921985817,0.5273610353469849,
398543.3120567376,0.5273810625076294,
398578.7730496454,0.5274211168289185,
398627.0,,2.0
398812.0,,2.0
398820.2727272727,0.5276614427566528,
398827.95454545453,0.5276814699172974,
398838.0,,2.0
398860.0,,2.0
398885.0,,2.0
398894.1304347826,0.5279017686843872,
398915.0,,2.0
398923.0487804878,0.5279818773269653,
398945.0,,2.0
398950.88,0.5280619859695435,
398960.54,0.5281020402908325,
398966.0,,2.0
398981.56097560975,0.5281821489334106,
398988.0,,2.0
399028.0,,2.0
399048.0,,2.0
399073.0,,2.0
399078.13333333336,0.5284625291824341,
399094.0,,2.0
399108.5882352941,0.5285626649856567,
399142.0,,2.0
399167.0,,2.0
399187.0,,2.0
399197.0,0.5288830995559692,
399209.0,,2.0
399374.26666666666,0.5290433168411255,
399401.4,0.52906334400177,
399423.6,0.5290833711624146,
399431.0,,2.0
399451.0,,2.0
399474.0,,2.0
399497.0,,2.0
399544.0,,2.0
399564.0,,2.0
399583.0,,2.0
399634.0,,2.0
399682.4693877551,0.529664158821106,
399705.4285714286,0.5296841859817505,
399759.0,,2.0
399766.81395348837,0.5297442674636841,
399773.6511627907,0.5297843217849731,
399778.5348837209,0.5298043489456177,
399780.0,,2.0
399798.0,,2.0
399824.0,,2.0
399840.43333333335,0.5300246477127075,
399848.36666666664,0.530044674873352,
399873.3,0.5301247835159302,
399875.0,,2.0
399897.94,0.5301848649978638,
399904.14,0.5302048921585083,
399906.0,,2.0
399927.3953488372,0.5302850008010864,
399929.0,,2.0
399949.3076923077,0.5303651094436646,
399961.76923076925,0.5304051637649536,
399964.53846153844,0.5304251909255981,
399971.0,,2.0
399989.5263157895,0.5305052995681763,
399995.0,,2.0
400040.0,,2.0
400087.0,,2.0
400237.0,,2.0
400259.0,,2.0
400284.0,,2.0
400312.0,,2.0
400338.0,,2.0
400360.43902439025,0.5311862230300903,
400430.0,,2.0
400489.3023255814,0.5312663316726685,
400569.5348837209,0.531326413154602,
400580.0,,2.0
400687.0,,2.0
400733.0,,2.0
400776.8888888889,0.5316067934036255,
400812.0,,2.0
400846.2,0.5317069292068481,
400857.0,,2.0
400871.25,0.5317870378494263,
400874.70454545453,0.5318070650100708,
400876.0,,2.0
400887.2,0.5318471193313599,
400894.8,0.5318871736526489,
400896.0,,2.0
400921.0,,2.0
400948.5,0.5320473909378052,
400950.0,,2.0
400962.0,0.5320874452590942,
400966.5714285714,0.5321074724197388,
400974.0,,2.0
401004.0,,2.0
401029.0,,2.0
401139.2159090909,0.5323878526687622,
401188.0,,2.0
401280.0,,2.0
401403.1904761905,0.5326882600784302,
401479.0,,2.0
401489.0833333333,0.5328084230422974,
401501.0,,2.0
401651.0,,2.0
401660.8333333333,0.5329486131668091,
401672.9358974359,0.5329886674880981,
401818.92307692306,0.5333091020584106,
401828.0,,2.0
401850.0,,2.0
401929.5918367347,0.5334492921829224,
402000.0,,2.0
402025.0,,2.0
402032.0,0.5335894823074341,
402053.0,,2.0
402071.13333333336,0.5337096452713013,
402077.0,,2.0
402171.0,,2.0
402176.3488372093,0.5338298082351685,
402194.0,,2.0
402219.0,,2.0
402245.1049723757,0.5340501070022583,
402354.0,,2.0
402360.1176470588,0.5343104600906372,
402376.5882352941,0.5343705415725708,
402378.0,,2.0
402418.0,,2.0
402428.2083333333,0.5344706773757935,
402450.8125,0.534530758857727,
402453.0,,2.0
402465.2520325203,0.5345708131790161,
402588.3292682927,0.5349313020706177,
402590.0,,2.0
402648.0,,2.0
402653.9277108434,0.5350514650344849,
402659.3614457831,0.5350714921951294,
402689.0,,2.0
402697.6666666667,0.5351916551589966,
402715.0,,2.0
402722.53846153844,0.5352717638015747,
402743.0,,2.0
402762.2173913043,0.5353919267654419,
402769.0,,2.0
402795.0,,2.0
402826.0,,2.0
402852.7105263158,0.5356522798538208,
402855.0,,2.0
402876.0,,2.0
402891.1666666667,0.5357924699783325,
402895.8333333333,0.535812497138977,
402897.0,,2.0
402936.06976744183,0.5358525514602661,
402977.0,,2.0
402996.0,,2.0
403038.0,,2.0
403067.0,,2.0
403081.0,0.5361930131912231,
403088.0,,2.0
403112.0,,2.0
403162.0,,2.0
403218.27722772275,0.5366135835647583,
403220.0,,2.0
403247.0,,2.0
403312.0099009901,0.5368539094924927,
403314.0,,2.0
403488.0805369128,0.5370141267776489,
403525.00671140937,0.537054181098938,
403576.0,,2.0
403614.9117647059,0.5372143983840942,
403653.82352941175,0.5373145341873169,
403658.14705882355,0.5373345613479614,
403660.0,,2.0
403711.0,,2.0
403736.11627906974,0.5374947786331177,
403738.0,,2.0
403742.71428571426,0.5375148057937622,
403750.5714285714,0.5375348329544067,
403760.0,,2.0
403765.3617021277,0.5375949144363403,
403778.0,,2.0
403809.0,,2.0
403844.5833333333,0.5378552675247192,
403858.0,,2.0
403880.0,,2.0
403898.9130434783,0.53803551197052,
403909.0,,2.0
404019.71428571426,0.5381156206130981,
404059.0,,2.0
404068.37373737374,0.5381556749343872,
404104.1111111111,0.5382558107376099,
404108.797979798,0.5382758378982544,
404117.0,,2.0
404124.72340425535,0.5383158922195435,
404150.0,,2.0
404168.4888888889,0.5384360551834106,
404176.0,,2.0
404186.9772727273,0.5384961366653442,
404199.0,,2.0
404221.9411764706,0.5385562181472778,
404272.4117647059,0.5386162996292114,
404277.0,,2.0
404287.3695652174,0.538636326789856,
404313.8695652174,0.5387364625930786,
404320.20652173914,0.5387564897537231,
404330.0,,2.0
404373.9120879121,0.5388365983963013,
404413.07692307694,0.5388966798782349,
404427.31868131866,0.5389167070388794,
404438.0,,2.0
404462.45652173914,0.538976788520813,
404483.0,,2.0
404505.0,,2.0
404530.0,,2.0
404553.0,,2.0
404561.243902439,0.539277195930481,
404565.68292682926,0.5392972230911255,
404579.0,,2.0
404612.0,0.5393973588943481,
404623.0,,2.0
404648.0,,2.0
404661.40425531915,0.5395575761795044,
404690.0,,2.0
404717.0,,2.0
404723.9433962264,0.5397578477859497,
404738.69811320753,0.5398179292678833,
404740.0,,2.0
404749.375,0.5398579835891724,
404758.125,0.5398980379104614,
404760.0,,2.0
404781.0,0.539918065071106,
404796.0,0.5399380922317505,
404809.5,0.539958119392395,
404829.0,,2.0
404848.0,,2.0
404885.0,,2.0
404905.25,0.5401984453201294,
404910.3125,0.5402184724807739,
404912.0,,2.0
404933.5918367347,0.540298581123352,
404935.0,,2.0
404946.7684210526,0.5403386354446411,
404969.4,0.5404187440872192,
404973.0210526316,0.5404387712478638,
404978.0,,2.0
404988.74418604653,0.5404788255691528,
405011.0,,2.0
405033.0,0.540558934211731,
405053.0,0.5405789613723755,
405075.0,0.5406190156936646,
405081.0,,2.0
405107.0,,2.0
405128.0,,2.0
405142.72,0.5408192873001099,
405151.0,,2.0
405158.9090909091,0.5408793687820435,
405180.0,,2.0
405190.0,0.5409795045852661,
405200.0,,2.0
405206.43902439025,0.5410395860671997,
405222.0,,2.0
405230.9761904762,0.5411196947097778,
405242.0238095238,0.5411597490310669,
405251.0,,2.0
405254.0263157895,0.541199803352356,
405274.0,,2.0
405293.0,,2.0
405298.1282051282,0.5413600206375122,
405318.0,,2.0
405338.4285714286,0.5415002107620239,
405340.0,,2.0
405346.9534883721,0.5415202379226685,
405350.6976744186,0.541540265083313,
405357.6511627907,0.5415602922439575,
405363.0,,2.0
405391.6,0.5416003465652466,
405444.4,0.5416604280471802,
405451.0,,2.0
405478.0,,2.0
405578.43902439025,0.5418006181716919,
405620.0,,2.0
405645.9512195122,0.5419007539749146,
405648.0,,2.0
405653.5,0.5419207811355591,
405670.0,,2.0
405744.0,,2.0
405770.0,,2.0
405785.84,0.5422011613845825,
405814.0,,2.0
405846.0,,2.0
405883.0,,2.0
405914.92,0.5425015687942505,
405940.0,,2.0
405956.13333333336,0.5426017045974731,
405962.0,,2.0
406060.9387755102,0.5427418947219849,
406111.78231292515,0.5428019762039185,
406164.0,,2.0
406210.0,,2.0
406215.6170212766,0.5429621934890747,
406243.0,,2.0
406281.2641509434,0.5430623292922974,
406304.8113207547,0.5430823564529419,
406321.0,,2.0
406339.0,,2.0
406360.0,,2.0
406371.45454545453,0.5433026552200317,
406386.0909090909,0.5433427095413208,
406388.0,,2.0
406409.0,,2.0
406429.07692307694,0.5434828996658325,
406438.0,,2.0
406462.2272727273,0.5435830354690552,
406464.0,,2.0
406504.0,,2.0
406531.0,,2.0
406553.9433962264,0.543763279914856,
406584.0566037736,0.543803334236145,
406602.69811320753,0.5438233613967896,
406607.0,,2.0
406627.0,,2.0
406637.04347826086,0.5439435243606567,
406648.0,,2.0
406666.676056338,0.5440236330032349,
406681.04225352115,0.5440636873245239,
406739.94366197183,0.5442038774490356,
406750.0,,2.0
406794.2105263158,0.5443040132522583,
406806.5894736842,0.5443240404129028,
406824.27368421055,0.5443640947341919,
406834.0,,2.0
406854.39024390245,0.5444241762161255,
406860.8292682927,0.54444420337677,
406878.0,,2.0
406896.0,,2.0
406906.6976744186,0.5445843935012817,
406919.0,,2.0
406937.5,0.5446444749832153,
406987.95454545453,0.5447045564651489,
406993.0,,2.0
407015.0,,2.0
407033.20930232556,0.5448046922683716,
407047.37209302327,0.5448247194290161,
407059.511627907,0.5448447465896606,
407079.74418604653,0.5448647737503052,
407189.0,,2.0
407207.27205882355,0.5450249910354614,
407258.4338235294,0.5451852083206177,
407260.0,,2.0
407292.8125,0.5452653169631958,
407295.0,,2.0
407300.5,0.5452853441238403,
407332.125,0.5454055070877075,
407339.0,,2.0
407348.28571428574,0.5454455614089966,
407365.0,,2.0
407409.4680851064,0.5455456972122192,
407433.72340425535,0.5455657243728638,
407453.93617021275,0.5455857515335083,
407460.0,,2.0
407487.0,,2.0
407499.77777777775,0.5457059144973755,
407512.0,,2.0
407537.0,,2.0
407610.40425531915,0.5458661317825317,
407687.0,,2.0
407694.0,0.5459262132644653,
407698.8125,0.5459462404251099,
407703.1875,0.5459662675857544,
407708.0,,2.0
407716.74074074073,0.5460063219070435,
407731.1005291005,0.5460463762283325,
407826.0,,2.0
407835.43396226416,0.546326756477356,
407851.0,,2.0
407873.0,,2.0
407909.2926829268,0.5465871095657349,
407921.0,,2.0
407933.8333333333,0.546667218208313,
407943.0,,2.0
407985.625,0.5468674898147583,
407987.0,,2.0
408032.45454545453,0.5469475984573364,
408055.1818181818,0.546967625617981,
408066.54545454547,0.5469876527786255,
408087.0,,2.0
408120.0,,2.0
408132.04761904763,0.5471478700637817,
408142.0,,2.0
408164.0,,2.0
408184.5333333333,0.547348141670227,
408186.0,,2.0
408190.63157894736,0.5473681688308716,
408208.0,,2.0
408282.0,,2.0
408346.28571428574,0.5475484132766724,
408432.0,,2.0
408453.0,,2.0
408460.28,0.5476886034011841,
408479.0,,2.0
408542.0,,2.0
408549.02702702704,0.5478688478469849,
408560.3783783784,0.5479089021682739,
408562.0,,2.0
408590.0,,2.0
408646.0,,2.0
408728.0,,2.0
408742.3181818182,0.54828941822052,
408749.0,,2.0
408759.9090909091,0.5483494997024536,
408773.0,,2.0
408830.0,,2.0
408875.0,,2.0
408887.1095890411,0.5486699342727661,
408904.34246575343,0.5487300157546997,
408915.5205479452,0.5487700700759888,
408918.7808219178,0.5487900972366333,
408927.6301369863,0.5488101243972778,
408932.2876712329,0.5488301515579224,
408943.0,,2.0
408982.0,,2.0
408994.02040816325,0.5490103960037231,
408999.8367346939,0.5490304231643677,
409001.0,,2.0
409059.0,,2.0
409068.4285714286,0.5491305589675903,
409081.89795918367,0.5491706132888794,
409089.97959183675,0.5491906404495239,
409092.0,,2.0
409242.0,,2.0
409404.0,,2.0
409427.0,,2.0
409434.3181818182,0.549531102180481,
409450.0,,2.0
409470.0,,2.0
409476.6956521739,0.5496913194656372,
409490.5652173913,0.5497514009475708,
409492.0,,2.0
409497.16483516485,0.5497714281082153,
409518.85714285716,0.5498515367507935,
409524.53846153844,0.549871563911438,
409539.0,,2.0
409594.0,,2.0
409636.9259259259,0.5500918626785278,
409716.0,,2.0
409726.89361702127,0.550171971321106,
409748.0,,2.0
409763.42553191487,0.5502721071243286,
409777.0,,2.0
409805.0,,2.0
409821.8,0.5504323244094849,
409837.0,,2.0
409847.01069518714,0.5504924058914185,
409896.2299465241,0.5505925416946411,
409978.8181818182,0.5507527589797974,
409993.0,,2.0
410021.0,,2.0
410031.79591836734,0.5509129762649536,
410044.0,,2.0
410062.1224489796,0.5510131120681763,
410068.0,,2.0
410102.0,,2.0
410136.0,,2.0
410157.0,,2.0
410177.0,,2.0
410203.0,,2.0
410214.0,0.5514737367630005,
410225.0,,2.0
410233.6666666667,0.5515338182449341,
410251.0,,2.0
410274.0,,2.0
410333.0,,2.0
410338.9574468085,0.5519343614578247,
410368.0,,2.0
410390.0,,2.0
410414.0,0.5521146059036255,
410438.0,,2.0
410468.0,,2.0
410477.0361445783,0.5522547960281372,
410543.0,,2.0
410693.0,,2.0
410714.0,,2.0
410864.0,,2.0
410885.0,,2.0
410933.3146067416,0.5528756380081177,
410935.0,,2.0
410959.4081632653,0.5529557466506958,
410961.0,,2.0
410966.25,0.5529757738113403,
411001.5681818182,0.553115963935852,
411003.0,,2.0
411011.96226415096,0.5531359910964966,
411028.0,,2.0
411040.679245283,0.5532361268997192,
411044.75471698114,0.5532561540603638,
411052.0,,2.0
411060.3695652174,0.5532962083816528,
411077.10869565216,0.5533362627029419,
411084.7173913043,0.5533562898635864,
411087.0,,2.0
411110.0,,2.0
411128.17391304346,0.5534764528274536,
411135.60869565216,0.5534964799880981,
411148.0,,2.0
411170.20408163266,0.5535765886306763,
411180.0,,2.0
411228.0,0.5536366701126099,
411288.0,,2.0
411328.35869565216,0.5538169145584106,
411335.0,,2.0
411360.0,,2.0
411369.7826086957,0.5539370775222778,
411375.76086956525,0.5539571046829224,
411383.3695652174,0.5539971590042114,
411385.0,,2.0
411405.0,,2.0
411447.14093959733,0.5542174577713013,
411469.36912751675,0.5542975664138794,
411474.0,,2.0
411580.21782178216,0.5544377565383911,
411618.57425742573,0.5544778108596802,
411623.0,,2.0
411629.65789473685,0.5544978380203247,
411646.0,,2.0
411657.8125,0.5545979738235474,
411661.75,0.5546180009841919,
411667.0,,2.0
411687.0,,2.0
411710.0,,2.0
411734.56470588234,0.5548182725906372,
411884.0,,2.0
411900.0588235294,0.5550185441970825,
411905.0,,2.0
411916.4705882353,0.5550585985183716,
411927.9411764706,0.5550786256790161,
411950.0,,2.0
411969.6,0.5551987886428833,
411971.0,,2.0
411996.46,0.5552588701248169,
412038.0,,2.0
412063.0,,2.0
412085.5306122449,0.5555192232131958,
412087.0,,2.0
412107.5,0.5555793046951294,
412115.0,,2.0
412132.11627906974,0.5556594133377075,
412138.0,,2.0
412144.6,0.5556994676589966,
412160.0,,2.0
412184.0,,2.0
412206.0,,2.0
412232.0,,2.0
412261.0,,2.0
412288.0,,2.0
412306.13333333336,0.5562201738357544,
412312.0,,2.0
412327.2272727273,0.556280255317688,
412352.8961038961,0.5563803911209106,
412358.55194805196,0.5564004182815552,
412379.0,,2.0
412384.34806629835,0.5565005540847778,
412420.32596685085,0.5566407442092896,
412437.8287292818,0.5567008256912231,
412467.0,,2.0
412499.98076923075,0.5568810701370239,
412502.0,,2.0
412581.23595505615,0.5570412874221802,
412584.0,,2.0
412612.0,,2.0
412642.0,,2.0
412666.58181818185,0.5572816133499146,
412668.0,,2.0
412695.8490566038,0.5573416948318481,
412701.96226415096,0.5573617219924927,
412704.0,,2.0
412712.0888888889,0.5573817491531372,
412717.86666666664,0.5574017763137817,
412730.0,,2.0
412741.26829268294,0.5574818849563599,
412752.0,,2.0
412773.62,0.557602047920227,
412775.0,,2.0
412793.21428571426,0.5576220750808716,
412843.0,,2.0
412863.0,,2.0
412892.9574468085,0.5578423738479614,
412895.0,,2.0
412961.6666666667,0.5578824281692505,
413045.0,,2.0
413064.9375,0.5579825639724731,
413074.0,,2.0
413089.625,0.5580426454544067,
413093.2708333333,0.5580626726150513,
413099.0,,2.0
413114.8780487805,0.5581427812576294,
413120.0,,2.0
413270.0,,2.0
413300.89361702127,0.5583230257034302,
413303.0,,2.0
413334.9761904762,0.5583630800247192,
413353.78571428574,0.5583831071853638,
413382.0,,2.0
413390.1,0.5584231615066528,
413395.05,0.5584431886672974,
413404.05,0.5584832429885864,
413427.0,,2.0
413449.46315789473,0.5585833787918091,
413476.0105263158,0.5586034059524536,
413520.93684210523,0.5586434602737427,
413571.9894736842,0.5586835145950317,
413621.0,,2.0
413666.0,,2.0
413680.88636363635,0.5589238405227661,
413695.0284090909,0.5589638948440552,
413715.125,0.5590039491653442,
413758.29545454547,0.5591241121292114,
413779.13636363635,0.5591641664505005,
413786.57954545453,0.559184193611145,
413797.0,,2.0
413828.0,,2.0
413832.8829787234,0.5593043565750122,
413844.27659574465,0.5593444108963013,
413879.0,,2.0
413899.0,,2.0
413935.6666666667,0.5596247911453247,
413957.0,,2.0
413968.8125,0.5597249269485474,
413975.0,0.5597449541091919,
413994.125,0.5598050355911255,
414003.125,0.5598450899124146,
414029.0,,2.0
414037.3404255319,0.5599452257156372,
414055.21276595746,0.5600053071975708,
414057.0,,2.0
414090.0,,2.0
414167.77777777775,0.5602456331253052,
414170.0,,2.0
414198.0,,2.0
414203.1639344262,0.5603457689285278,
414219.0,,2.0
414245.0,,2.0
414251.641509434,0.5605059862136841,
414256.62264150946,0.5605260133743286,
414267.0,,2.0
414273.20454545453,0.5605860948562622,
414288.0,,2.0
414332.22,0.5607062578201294,
414350.98,0.5607262849807739,
414355.0,,2.0
414377.32558139536,0.560806393623352,
414379.0,,2.0
414399.6692913386,0.5608464479446411,
414427.2283464567,0.5609065294265747,
414504.0,,2.0
414530.582278481,0.5611268281936646,
414552.10126582277,0.5612069368362427,
414554.0,,2.0
414562.93617021275,0.5612469911575317,
414568.0425531915,0.5612670183181763,
414572.72340425535,0.5612870454788208,
414574.0,,2.0
414590.72,0.5613471269607544,
414594.68,0.5613671541213989,
414596.0,,2.0
414611.53571428574,0.561407208442688,
414626.0,,2.0
414646.4166666667,0.5615073442459106,
414652.25,0.5615273714065552,
414654.0,,2.0
414679.0,,2.0
414778.0,,2.0
414799.2584269663,0.5618478059768677,
414808.65168539324,0.5618678331375122,
414822.0,,2.0
414841.46341463417,0.5620080232620239,
414843.0,,2.0
414983.0,0.562088131904602,
414993.0,,2.0
415017.0,,2.0
415051.0,,2.0
415058.07692307694,0.5622683763504028,
415067.8076923077,0.5623084306716919,
415074.0,,2.0
415089.64705882355,0.562348484992981,
415114.23529411765,0.56238853931427,
415131.0,,2.0
415142.7555555556,0.5624486207962036,
415154.0,,2.0
415225.65591397847,0.5626088380813599,
415252.0,,2.0
415421.0,,2.0
415442.25,0.5628491640090942,
415531.0,,2.0
415560.24528301886,0.5630494356155396,
415562.0,,2.0
415580.0,0.5630894899368286,
415596.0,0.5631295442581177,
415599.0,,2.0
415619.0,,2.0
415646.0,,2.0
415653.81395348837,0.5633097887039185,
415674.0,,2.0
415694.347826087,0.5634499788284302,
415713.0,,2.0
415720.6666666667,0.5635501146316528,
415730.25,0.5635901689529419,
415736.0,,2.0
415749.5,0.5636502504348755,
415755.3695652174,0.56367027759552,
415763.0,,2.0
415767.44943820225,0.5637103319168091,
415800.0786516854,0.5638304948806763,
415807.0,,2.0
415827.3617021277,0.5639106035232544,
415834.1489361702,0.5639306306838989,
415836.0,,2.0
415846.9285714286,0.563970685005188,
415857.25,0.564010739326477,
415887.0,,2.0
415936.8043478261,0.5641509294509888,
415966.0,,2.0
415994.0,,2.0
416033.4964028777,0.5643512010574341,
416050.3309352518,0.5644112825393677,
416082.0575539568,0.5644913911819458,
416084.0,,2.0
416113.0,,2.0
416127.76923076925,0.5646315813064575,
416137.0,,2.0
416162.74,0.5647116899490356,
416169.34,0.5647317171096802,
416203.0,,2.0
416217.6666666667,0.5648719072341919,
416223.0,,2.0
416229.320610687,0.564911961555481,
416241.96183206106,0.56495201587677,
416245.64885496185,0.5649720430374146,
416251.9694656489,0.5649920701980591,
416292.0,,2.0
416321.85714285716,0.5651723146438599,
416358.0,,2.0
416383.2,0.565292477607727,
416385.0,,2.0
416393.5681818182,0.5653125047683716,
416412.0227272727,0.5653725862503052,
416414.0,,2.0
416434.70588235295,0.5654526948928833,
416436.0,,2.0
416475.1034482759,0.5655728578567505,
416490.0,,2.0
416511.0,,2.0
416549.0,,2.0
416562.8695652174,0.5658131837844849,
416578.0,,2.0
416590.5,0.565893292427063,
416595.7083333333,0.5659133195877075,
416603.0,,2.0
416627.0,,2.0
416790.23863636365,0.5661736726760864,
416796.0,,2.0
416854.2,0.5663338899612427,
416856.0,,2.0
416884.0,,2.0
416894.8,0.5664540529251099,
416900.4,0.5664740800857544,
416906.0,,2.0
416982.74418604653,0.566534161567688,
417007.16279069765,0.5665541887283325,
417056.0,,2.0
417062.54545454547,0.5665942430496216,
417074.54545454547,0.5666342973709106,
417080.0,,2.0
417092.75,0.5666743516921997,
417103.375,0.5666943788528442,
417131.0,,2.0
417272.0,0.5668145418167114,
417281.0,,2.0
417308.0,,2.0
417315.78846153844,0.5669146776199341,
417322.01923076925,0.5669347047805786,
417335.0,,2.0
417451.0,,2.0
417477.0,,2.0
417491.0816326531,0.5672351121902466,
417520.1836734694,0.5672951936721802,
417523.0,,2.0
417553.0,,2.0
417565.0,0.5674153566360474,
417577.0,,2.0
417607.0,,2.0
417642.0,,2.0
417662.4285714286,0.5676957368850708,
417664.0,,2.0
417670.4285714286,0.5677157640457153,
417676.85714285716,0.5677357912063599,
417683.9285714286,0.5677558183670044,
417691.0,,2.0
417727.0,0.5678359270095825,
417755.0,0.5678759813308716,
417763.0,0.5678960084915161,
417781.0,0.5679360628128052,
417784.0,,2.0
417800.13333333336,0.5679961442947388,
417806.0,,2.0
417837.0,,2.0
417847.56,0.5681363344192505,
417859.0,,2.0
417895.44897959183,0.5682564973831177,
417907.85714285716,0.5682765245437622,
417924.14285714284,0.5683165788650513,
417935.0,,2.0
417960.0,,2.0
417988.0,,2.0
418002.44444444444,0.5685368776321411,
418006.4888888889,0.5685569047927856,
418014.0,,2.0
418022.09523809527,0.5685969591140747,
418028.5714285714,0.5686169862747192,
418045.5714285714,0.5686570405960083,
418082.0,,2.0
418115.0,,2.0
418139.0506329114,0.5688573122024536,
418183.5443037975,0.5689374208450317,
418210.0,,2.0
418228.4090909091,0.5690375566482544,
418237.0,,2.0
418252.756097561,0.569097638130188,
418275.0,,2.0
418282.0714285714,0.5691577196121216,
418300.0714285714,0.5692178010940552,
418302.0,,2.0
418399.2972972973,0.5692778825759888,
418452.0,,2.0
418472.0,,2.0
418480.76744186046,0.569398045539856,
418501.0,,2.0
418514.0681818182,0.5694981813430786,
418524.0,,2.0
418549.23913043475,0.5696183443069458,
418551.0,,2.0
418570.0,,2.0
418593.0,,2.0
418597.64444444445,0.5697985887527466,
418601.86666666664,0.5698186159133911,
418612.0,,2.0
418638.53846153844,0.5699187517166138,
418660.52747252746,0.5699588060379028,
418681.0,,2.0
418705.0,,2.0
418716.625,0.5701390504837036,
418726.0,,2.0
418752.0,,2.0
418785.28,0.5702792406082153,
418818.56,0.5702992677688599,
418880.0,,2.0
418906.0,,2.0
418945.0,,2.0
418962.9342105263,0.5705596208572388,
418990.1447368421,0.5706597566604614,
418992.0,,2.0
419040.0,,2.0
419187.0,,2.0
419195.0888888889,0.5708400011062622,
419213.13333333336,0.5709000825881958,
419215.0,,2.0
419224.6153846154,0.5709201097488403,
419240.0,,2.0
419286.9387755102,0.571060299873352,
419290.0,,2.0
419315.0,,2.0
419336.0,,2.0
419361.0,,2.0
419390.71428571426,0.5713807344436646,
419393.0,,2.0
419415.0,,2.0
419463.94573643414,0.5716210603713989,
419492.0,,2.0
419514.6341463415,0.5717612504959106,
419524.0,,2.0
419548.0,,2.0
419555.2340425532,0.5718814134597778,
419582.0,,2.0
419603.71428571426,0.5720216035842896,
419632.28571428574,0.5721017122268677,
419634.0,,2.0
419656.0,,2.0
419679.0,,2.0
419749.4081632653,0.572301983833313,
419829.0,,2.0
419856.0,,2.0
419907.13636363635,0.5725623369216919,
419913.95454545453,0.5725823640823364,
419916.0,,2.0
419941.0,,2.0
420030.71875,0.5728427171707153,
420057.0,,2.0
420158.0,,2.0
420164.79545454547,0.5730029344558716,
420181.0,,2.0
420227.0,,2.0
420248.0,,2.0
420269.8181818182,0.573283314704895,
420280.0,,2.0
420329.2,0.5734635591506958,
420331.0,,2.0
420347.5813953488,0.5735236406326294,
420354.0,,2.0
420494.42553191487,0.573623776435852,
420504.0,,2.0
420621.0,,2.0
420721.0,,2.0
420735.48780487804,0.5738440752029419,
420743.0,,2.0
420771.0,,2.0
420803.0,,2.0
420827.0,,2.0
420848.0,,2.0
420856.05263157893,0.5742045640945435,
420860.3157894737,0.574224591255188,
420866.94736842107,0.5742446184158325,
420873.5789473684,0.574264645576477,
420875.0,,2.0
420894.0,,2.0
420977.72093023255,0.5743848085403442,
421044.0,,2.0
421155.0,,2.0
421160.25,0.5746051073074341,
421174.5681818182,0.5746651887893677,
421176.0,,2.0
421195.0,,2.0
421209.5,0.5747853517532349,
421224.0,,2.0
421250.0,,2.0
421270.347826087,0.5749655961990356,
421276.0,,2.0
421393.3647058823,0.5751057863235474,
421448.0,,2.0
421484.5625,0.5752259492874146,
421487.0,,2.0
421493.0,0.5752459764480591,
421514.0,,2.0
421526.4090909091,0.5753461122512817,
421538.2272727273,0.5753861665725708,
421540.0,,2.0
421563.0,,2.0
421579.6956521739,0.5755263566970825,
421585.4347826087,0.575546383857727,
421624.5652173913,0.5756665468215942,
421635.0,,2.0
421690.0,,2.0
421710.0,,2.0
421714.1538461539,0.5759669542312622,
421734.23076923075,0.5760270357131958,
421754.3076923077,0.5760670900344849,
421773.0,,2.0
421781.8695652174,0.5761271715164185,
421789.26086956525,0.576147198677063,
421804.7826086957,0.576187252998352,
421807.0,,2.0
421823.625,0.5762273073196411,
421842.0,,2.0
421852.74418604653,0.5763074159622192,
421862.4651162791,0.5763474702835083,
421864.0,,2.0
421870.2727272727,0.5763674974441528,
421885.4318181818,0.5764275789260864,
421887.0,,2.0
421905.24324324325,0.57648766040802,
421914.0,,2.0
421935.4318181818,0.5765877962112427,
421937.0,,2.0
421943.54545454547,0.5766078233718872,
421956.2,0.5766478776931763,
421961.0,,2.0
421965.0,0.5766879320144653,
421983.0,,2.0
421989.8181818182,0.5767680406570435,
422008.0,,2.0
422032.05,0.5769082307815552,
422034.0,,2.0
422099.8823529412,0.5769883394241333,
422104.0,,2.0
422124.5416666667,0.5770484209060669,
422131.1875,0.5770684480667114,
422133.0,,2.0
422165.0,,2.0
422192.0,,2.0
422216.0,,2.0
422285.01960784313,0.5774489641189575,
422296.0,,2.0
422304.5806451613,0.5774890184402466,
422316.32258064515,0.5775290727615356,
422322.6451612903,0.5775490999221802,
422324.0,,2.0
422377.0,,2.0
422396.71153846156,0.5776892900466919,
422402.0,,2.0
422422.0,,2.0
422446.0,,2.0
422461.48076923075,0.5779296159744263,
422469.0,,2.0
422491.0,,2.0
422521.0,,2.0
422543.0,,2.0
422554.3023255814,0.5782300233840942,
422568.11627906974,0.5782700777053833,
422570.0,,2.0
422583.13684210525,0.5783301591873169,
422587.24210526317,0.5783501863479614,
422609.0,,2.0
422631.2,0.5785104036331177,
422633.0,,2.0
422673.3333333333,0.5785905122756958,
422716.08666666667,0.5786706209182739,
422754.0,,2.0
422774.6530612245,0.5788308382034302,
422776.0,,2.0
422836.58510638296,0.5789510011672974,
422861.0,,2.0
422910.3023255814,0.5790711641311646,
422914.0,,2.0
422953.5393258427,0.5791913270950317,
422958.1235955056,0.5792113542556763,
422965.0,,2.0
423001.94736842107,0.5793114900588989,
423004.0,,2.0
423018.7826086957,0.5793715715408325,
423022.6956521739,0.579391598701477,
423024.0,,2.0
423048.0,,2.0
423107.0,,2.0
423113.4186046512,0.5795718431472778,
423130.0,,2.0
423139.24,0.579651951789856,
423145.18,0.5796719789505005,
423161.02,0.5797120332717896,
423163.0,,2.0
423313.0,,2.0
423344.989010989,0.5799123048782349,
423347.6923076923,0.5799323320388794,
423352.64835164836,0.5799523591995239,
423354.0,,2.0
423472.0,,2.0
423494.0,,2.0
423523.0,,2.0
423546.0,,2.0
423578.0,,2.0
423590.0731707317,0.5803729295730591,
423623.0,,2.0
423713.625,0.5804730653762817,
423763.625,0.5805131196975708,
423773.0,,2.0
423901.0,,2.0
423931.0,,2.0
423971.8275862069,0.5808135271072388,
423979.0,,2.0
424006.0,,2.0
424035.0,,2.0
424041.4,0.5810137987136841,
424049.93333333335,0.5810538530349731,
424059.0,,2.0
424077.0,,2.0
424106.5961538461,0.5812340974807739,
424134.0,,2.0
424144.8333333333,0.5813342332839966,
424171.9166666667,0.5814143419265747,
424199.0,,2.0
424216.4528301887,0.5815345048904419,
424224.0,,2.0
424237.75,0.58161461353302,
424244.0,,2.0
424281.8181818182,0.5816947221755981,
424296.0,,2.0
424332.612244898,0.5817948579788208,
424335.0,,2.0
424362.0,,2.0
424366.95652173914,0.5818949937820435,
424374.8043478261,0.5819350481033325,
424381.0,,2.0
424449.34375,0.5820952653884888,
424459.46875,0.5821152925491333,
424462.0,,2.0
424475.829787234,0.5821553468704224,
424485.40425531915,0.5821954011917114,
424487.0,,2.0
424511.0,,2.0
424531.2631578947,0.5823556184768677,
424533.0,,2.0
424545.0,0.5823956727981567,
424555.5,0.5824357271194458,
424557.0,,2.0
424576.71428571426,0.5825158357620239,
424578.0,,2.0
424594.0,0.5825759172439575,
424598.12903225806,0.582595944404602,
424619.8064516129,0.5826560258865356,
424624.4516129032,0.5826760530471802,
424626.0,,2.0
424643.12765957444,0.5827361345291138,
424649.0,,2.0
424658.688172043,0.5827962160110474,
424667.2365591398,0.5828162431716919,
424671.22580645164,0.5828362703323364,
424682.623655914,0.582856297492981,
424693.4516129032,0.58289635181427,
424702.0,,2.0
424711.488372093,0.5829364061355591,
424714.83720930235,0.5829564332962036,
424719.8604651163,0.5829764604568481,
424726.0,,2.0
424747.0,,2.0
424773.0,,2.0
424783.5,0.583196759223938,
424794.0,,2.0
424831.0,0.5833569765090942,
424844.0,,2.0
424871.0,,2.0
424877.1395348837,0.583497166633606,
424882.16279069765,0.5835171937942505,
424895.0,,2.0
424902.4285714286,0.5835772752761841,
424923.0,,2.0
424938.2727272727,0.5836974382400513,
424942.5681818182,0.5837174654006958,
424944.0,,2.0
424968.60714285716,0.5837975740432739,
424970.0,,2.0
424995.0,,2.0
425017.4680851064,0.5839577913284302,
425019.0,,2.0
425040.0,,2.0
425064.0,,2.0
425076.5,0.5841580629348755,
425089.0,,2.0
425143.43037974683,0.5842581987380981,
425261.0,,2.0
425275.2788461539,0.5844184160232544,
425306.0,,2.0
425323.87234042556,0.5845786333084106,
425328.4680851064,0.5845986604690552,
425330.0,,2.0
425345.3333333333,0.5846587419509888,
425351.0833333333,0.5846787691116333,
425353.0,,2.0
425379.0,,2.0
425395.9811320755,0.584818959236145,
425404.0,,2.0
425432.08510638296,0.5848790407180786,
425447.40425531915,0.5848990678787231,
425460.170212766,0.5849190950393677,
425464.0,,2.0
425477.7254901961,0.5849591493606567,
425492.0,,2.0
425500.85714285716,0.5850192308425903,
425509.71428571426,0.5850392580032349,
425523.0,,2.0
425547.0,,2.0
425568.0,,2.0
425580.35714285716,0.5852595567703247,
425677.15476190473,0.5853396654129028,
425697.75,0.5853596925735474,
425741.0,,2.0
425788.44897959183,0.5854398012161255,
425834.0,,2.0
425904.4680851064,0.5855399370193481,
426041.0,,2.0
426063.0,,2.0
426068.9661016949,0.5857402086257935,
426085.0,,2.0
426109.0,,2.0
426137.0,,2.0
426150.23529411765,0.5860005617141724,
426154.64705882355,0.5860205888748169,
426162.0,,2.0
426197.3488372093,0.5861207246780396,
426200.0,,2.0
426221.0,,2.0
426235.82352941175,0.5862408876419067,
426249.0,,2.0
426316.0,,2.0
426334.6,0.5864211320877075,
426343.0,,2.0
426360.3076923077,0.5864812135696411,
426373.0,,2.0
426419.0,,2.0
426424.73913043475,0.5866214036941528,
426441.23913043475,0.5866614580154419,
426452.0,,2.0
426472.0,,2.0
426521.0,,2.0
426554.0,,2.0
426586.0,,2.0
426612.0,,2.0
426635.5,0.5871621370315552,
426637.0,,2.0
426658.5625,0.5872422456741333,
426660.0,,2.0
426666.2117647059,0.5872622728347778,
426670.7294117647,0.5872822999954224,
426700.09411764704,0.587382435798645,
426708.0,,2.0
426715.693877551,0.5874224901199341,
426737.0,,2.0
426758.5625,0.5875626802444458,
426760.0,,2.0
426799.8057142857,0.5876227617263794,
426979.66857142857,0.5878430604934692,
427018.0,,2.0
427028.5,0.5879231691360474,
427036.0,,2.0
427049.46153846156,0.5880032777786255,
427061.0,,2.0
427103.0,,2.0
427182.8072289157,0.5882636308670044,
427237.6746987952,0.5883036851882935,
427302.5180722892,0.588363766670227,
427310.0,,2.0
427336.0,,2.0
427360.0,0.5885239839553833,
427382.0,,2.0
427403.0,,2.0
427423.0,,2.0
427436.9772727273,0.5888243913650513,
427450.0227272727,0.5888644456863403,
427454.2159090909,0.5888844728469849,
427464.0,,2.0
427514.25,0.5889846086502075,
427579.8541666667,0.5890647172927856,
427660.8125,0.5891648530960083,
427665.0,,2.0
427676.6830985916,0.5892049074172974,
427688.3661971831,0.5892449617385864,
427707.28169014084,0.58930504322052,
427744.0,,2.0
427769.65789473685,0.5894452333450317,
427891.0394736842,0.589645504951477,
427894.0,,2.0
427921.0,,2.0
427941.1818181818,0.5897856950759888,
427949.36363636365,0.5898057222366333,
427951.0,,2.0
428082.1320754717,0.5898858308792114,
428090.0,,2.0
428102.83720930235,0.5899258852005005,
428112.32558139536,0.5899659395217896,
428114.0,,2.0
428123.3,0.5899859666824341,
428145.0,,2.0
428191.0,,2.0
428253.756097561,0.590246319770813,
428274.0,,2.0
428310.7924528302,0.5903664827346802,
428313.0,,2.0
428323.45454545453,0.5904065370559692,
428334.4318181818,0.5904465913772583,
428336.0,,2.0
428343.25581395347,0.5904666185379028,
428349.3023255814,0.5904866456985474,
428356.5581395349,0.5905066728591919,
428362.0,,2.0
428432.8181818182,0.5906068086624146,
428438.0,,2.0
428448.1538461539,0.5906468629837036,
428462.0,,2.0
428468.28571428574,0.5907069444656372,
428488.28571428574,0.5907670259475708,
428490.0,,2.0
428497.6666666667,0.5907870531082153,
428513.0,,2.0
428530.85714285716,0.5909072160720825,
428536.21428571426,0.590927243232727,
428538.0,,2.0
428568.0,,2.0
428591.8333333333,0.5910874605178833,
428594.0,,2.0
428613.5530726257,0.5911275148391724,
428627.51955307263,0.5911675691604614,
428640.08938547486,0.591187596321106,
428679.1955307263,0.5912877321243286,
428690.3687150838,0.5913277864456177,
428719.0,,2.0
428740.62,0.5914880037307739,
428742.0,,2.0
428764.4,0.591568112373352,
428766.0,,2.0
428878.1758241758,0.5916682481765747,
428942.0,,2.0
428974.0,,2.0
429001.0,,2.0
429011.8,0.5919286012649536,
429028.0,,2.0
429044.8,0.5920487642288208,
429046.0,,2.0
429077.9756097561,0.5921288728713989,
429090.5975609756,0.5921489000320435,
429115.0,,2.0
429122.8541666667,0.5922290086746216,
429144.0,,2.0
429158.0,0.5923491716384888,
429162.5,0.5923691987991333,
429164.0,,2.0
429191.0,,2.0
429214.0,,2.0
429220.4166666667,0.5925494432449341,
429234.625,0.5926095247268677,
429236.0,,2.0
429267.6818181818,0.5926896333694458,
429270.0,,2.0
429289.6,0.5927697420120239,
429291.0,,2.0
429309.0,0.592809796333313,
429324.0,,2.0
429346.5806451613,0.5929299592971802,
429349.0,,2.0
429432.125,0.5930701494216919,
429444.0,,2.0
429460.4210526316,0.59315025806427,
429468.0,,2.0
429504.0,0.5932704210281372,
429508.5714285714,0.5932904481887817,
429520.0,,2.0
429543.0,,2.0
429567.0,,2.0
429593.0,,2.0
429635.83653846156,0.5936909914016724,
429648.0,,2.0
429661.2,0.593751072883606,
429674.4,0.5937711000442505,
429687.6,0.593791127204895,
429720.0,0.5938311815261841,
429756.0,,2.0
429763.2916666667,0.5939112901687622,
429781.0,,2.0
