_step,Agent/Lagrangian,Lag/mean_cost,Diag/tv_post_prior,Diag/tv_post_prior_max_agent,Diag/bv_signed,Diag/bv_abs,Diag/v_post,steps
4,,,0.5908182859420776,0.595059871673584,-0.002387972781434655,0.09629503637552261,0.3661627769470215,1000.0
13,0.0,,,,,,,1000.0
14,,0.10260079801082611,,,,,,1000.0
20,0.0,,,,,,,1000.0
21,,-0.10237979143857956,,,,,,1000.0
28,0.0,,,,,,,1000.0
29,,-0.2702566087245941,,,,,,1000.0
39,0.0,,,,,,,1000.0
40,,-0.4430091083049774,,,,,,1000.0
44,,,0.9961146116256714,0.9962285161018372,0.004795136861503124,0.01908804662525654,-0.48191726207733154,1023.8095238095239
50,0.0,,,,,,,1166.6666666666667
51,,-0.37761127948760986,,,,,,1190.4761904761904
59,0.0,,,,,,,1380.952380952381
60,,-0.2909393906593323,,,,,,1404.7619047619048
70,0.0,,,,,,,1642.857142857143
71,,-0.21069273352622986,,,,,,1666.6666666666667
83,0.0,,,,,,,1952.3809523809523
84,,-0.13220597803592682,,,,,,1976.1904761904761
93,,,0.9970982074737549,0.9976503252983093,0.00012295928900130093,0.009058813564479351,-0.12437094748020172,2127.6595744680853
103,0.0,,,,,,,2340.425531914894
104,,-0.05198362469673157,,,,,,2361.702127659574
114,0.0,,,,,,,2574.468085106383
115,,-0.007394200190901756,,,,,,2595.744680851064
126,0.0,,,,,,,2829.7872340425533
127,,0.07650279998779297,,,,,,2851.0638297872338
132,0.0,,,,,,,2957.446808510638
133,,0.08936237543821335,,,,,,2978.723404255319
138,,,0.9967063069343567,0.9968690872192383,0.0026270938105881214,0.01222969125956297,0.11448565870523453,3043.478260869565
149,0.0,,,,,,,3282.608695652174
150,,0.1576748788356781,,,,,,3304.3478260869565
158,0.0,,,,,,,3478.2608695652175
159,,0.16894930601119995,,,,,,3500.0
169,0.0,,,,,,,3717.391304347826
170,,0.15432432293891907,,,,,,3739.130434782609
180,0.0,,,,,,,3956.521739130435
181,,0.18519483506679535,,,,,,3978.2608695652175
185,,,0.9963398575782776,0.9964398741722107,-0.002162087941542268,0.03526041656732559,0.16498170793056488,4017.2413793103447
188,,,0.9962019920349121,0.9964942932128906,-0.008346889168024063,0.032232701778411865,0.1314658671617508,4068.9655172413795
202,0.0,,,,,,,4310.3448275862065
203,,0.3476528525352478,,,,,,4327.586206896552
215,0.0,,,,,,,4534.482758620689
216,,0.28762444853782654,,,,,,4551.724137931034
230,0.0,,,,,,,4793.103448275862
231,,0.3144632875919342,,,,,,4810.3448275862065
240,0.0,,,,,,,4965.517241379311
241,,0.2712952792644501,,,,,,4982.758620689655
248,,,0.9915274977684021,0.9924865365028381,-0.00030276086181402206,0.02743513323366642,0.18120500445365906,5088.888888888889
258,0.0,,,,,,,5311.111111111111
259,,0.0946739912033081,,,,,,5333.333333333333
269,0.0,,,,,,,5555.555555555556
270,,-0.028330352157354355,,,,,,5577.777777777777
278,0.0,,,,,,,5755.555555555556
279,,-0.09871219843626022,,,,,,5777.777777777777
287,0.0,,,,,,,5955.555555555556
288,,-0.15945690870285034,,,,,,5977.777777777777
293,,,0.9880786538124084,0.9881495237350464,-0.0029059795197099447,0.023253904655575752,-0.2662033140659332,6054.054054054054
300,0.0,,,,,,,6243.243243243243
301,,-0.23776032030582428,,,,,,6270.27027027027
309,0.0,,,,,,,6486.486486486487
310,,-0.32951074838638306,,,,,,6513.513513513513
318,0.0,,,,,,,6729.72972972973
319,,-0.36448031663894653,,,,,,6756.756756756757
326,0.0,,,,,,,6945.945945945946
327,,-0.38549748063087463,,,,,,6972.972972972973
332,,,0.9848352074623108,0.9864820837974548,-0.00045700266491621733,0.019217511638998985,-0.42346489429473877,7043.478260869565
340,0.0,,,,,,,7217.391304347826
341,,-0.4268162250518799,,,,,,7239.130434782609
351,0.0,,,,,,,7456.521739130435
352,,-0.4279497563838959,,,,,,7478.260869565217
366,0.0,,,,,,,7782.608695652174
367,,-0.45397019386291504,,,,,,7804.347826086956
374,0.0,,,,,,,7956.521739130435
375,,-0.47402873635292053,,,,,,7978.260869565217
379,,,0.975383460521698,0.9764449596405029,-0.00014726353401783854,0.008531861007213593,-0.4772399365901947,8022.727272727273
388,0.0,,,,,,,8227.272727272728
389,,-0.486889511346817,,,,,,8250.0
397,0.0,,,,,,,8431.818181818182
398,,-0.4950810670852661,,,,,,8454.545454545454
408,0.0,,,,,,,8681.818181818182
409,,-0.5219390392303467,,,,,,8704.545454545454
420,0.0,,,,,,,8954.545454545454
421,,-0.5338829755783081,,,,,,8977.272727272728
425,,,0.9691969156265259,0.970104992389679,0.000760988739784807,0.013048599474132061,-0.5443676710128784,9018.867924528302
430,,,0.9528871178627014,0.954711377620697,0.0013721290742978454,0.01262983214110136,-0.5465200543403625,9113.207547169812
442,0.0,,,,,,,9339.622641509433
443,,-0.5443611145019531,,,,,,9358.490566037735
452,0.0,,,,,,,9528.301886792453
453,,-0.5306974649429321,,,,,,9547.169811320755
464,0.0,,,,,,,9754.716981132075
465,,-0.5255403518676758,,,,,,9773.584905660377
475,0.0,,,,,,,9962.264150943396
476,,-0.530360996723175,,,,,,9981.132075471698
484,,,0.9527689218521118,0.954666793346405,0.002508778590708971,0.013462712056934834,-0.5404510498046875,10104.166666666666
494,0.0,,,,,,,10312.5
495,,-0.537804126739502,,,,,,10333.333333333334
502,0.0,,,,,,,10479.166666666666
503,,-0.5432880520820618,,,,,,10500.0
514,0.0,,,,,,,10729.166666666666
515,,-0.5493298768997192,,,,,,10750.0
525,0.0,,,,,,,10958.333333333334
526,,-0.552253246307373,,,,,,10979.166666666666
532,,,0.9390670657157898,0.9395021200180054,0.0008420412777923048,0.018269425258040428,-0.5479613542556763,11073.170731707318
538,0.0,,,,,,,11219.512195121952
539,,-0.4341786205768585,,,,,,11243.90243902439
549,0.0,,,,,,,11487.80487804878
550,,-0.3201638162136078,,,,,,11512.19512195122
558,0.0,,,,,,,11707.317073170732
559,,-0.20631559193134308,,,,,,11731.707317073171
568,0.0,,,,,,,11951.219512195123
569,,-0.11541643738746643,,,,,,11975.609756097561
575,,,0.9240459203720093,0.9259952306747437,0.0010996514465659857,0.02194318361580372,-0.058738432824611664,12065.217391304348
590,0.0,,,,,,,12391.304347826088
591,,-0.15386244654655457,,,,,,12413.04347826087
600,0.0,,,,,,,12608.695652173912
601,,-0.19681626558303833,,,,,,12630.434782608696
605,0.0,,,,,,,12717.391304347826
606,,-0.1959867775440216,,,,,,12739.130434782608
616,0.0,,,,,,,12956.521739130434
617,,-0.21997790038585663,,,,,,12978.260869565218
623,,,0.9339619874954224,0.9348341822624207,-0.0031996022444218397,0.016517633572220802,-0.20782262086868286,13075.0
632,0.0,,,,,,,13300.0
633,,-0.20176655054092407,,,,,,13325.0
643,0.0,,,,,,,13575.0
644,,-0.19816452264785767,,,,,,13600.0
650,0.0,,,,,,,13750.0
651,,-0.1906937062740326,,,,,,13775.0
658,0.0,,,,,,,13950.0
659,,-0.1895456463098526,,,,,,13975.0
664,,,0.9186907410621643,0.9205266237258911,0.0005031834007240832,0.014253477565944195,-0.19492147862911224,14040.816326530612
668,,,0.9157450199127197,0.9193491339683533,-0.0019269590266048908,0.015250379219651222,-0.20448127388954163,14122.448979591836
675,0.0,,,,,,,14265.30612244898
676,,-0.2271307408809662,,,,,,14285.714285714286
691,0.0,,,,,,,14591.836734693878
692,,-0.25656065344810486,,,,,,14612.244897959183
699,0.0,,,,,,,14755.102040816326
700,,-0.28560587763786316,,,,,,14775.510204081633
709,0.0,,,,,,,14959.183673469388
710,,-0.3038936257362366,,,,,,14979.591836734693
720,,,0.9150999188423157,0.9154790043830872,-0.0019425025675445795,0.017119506374001503,-0.3020508885383606,15159.09090909091
727,0.0,,,,,,,15318.181818181818
728,,-0.24666555225849152,,,,,,15340.90909090909
739,0.0,,,,,,,15590.90909090909
740,,-0.22097912430763245,,,,,,15613.636363636364
743,0.0,,,,,,,15681.818181818182
744,,-0.20673145353794098,,,,,,15704.545454545454
755,0.0,,,,,,,15954.545454545454
756,,-0.19998714327812195,,,,,,15977.272727272728
761,,,0.9162960648536682,0.9163946509361267,-0.0040265098214149475,0.01828409731388092,-0.17225876450538635,16044.444444444445
773,0.0,,,,,,,16311.111111111111
774,,-0.21069277822971344,,,,,,16333.333333333334
782,0.0,,,,,,,16511.11111111111
783,,-0.22056381404399872,,,,,,16533.333333333332
793,0.0,,,,,,,16755.555555555555
794,,-0.21355082094669342,,,,,,16777.777777777777
802,0.0,,,,,,,16955.555555555555
803,,-0.16855929791927338,,,,,,16977.777777777777
807,,,0.9163046479225159,0.9179627895355225,0.0016981655498966575,0.013354749418795109,-0.17277921736240387,17021.739130434784
820,0.0,,,,,,,17304.347826086956
821,,-0.21396930515766144,,,,,,17326.08695652174
829,0.0,,,,,,,17500.0
830,,-0.2453078031539917,,,,,,17521.739130434784
841,0.0,,,,,,,17760.869565217392
842,,-0.31649893522262573,,,,,,17782.608695652176
850,0.0,,,,,,,17956.521739130436
851,,-0.34400975704193115,,,,,,17978.260869565216
857,,,0.9168452024459839,0.9180416464805603,-0.0007727730553597212,0.013027938082814217,-0.3489249050617218,18063.82978723404
867,0.0,,,,,,,18276.59574468085
868,,-0.2959170341491699,,,,,,18297.872340425532
875,0.0,,,,,,,18446.808510638297
876,,-0.23145510256290436,,,,,,18468.08510638298
888,0.0,,,,,,,18723.40425531915
889,,-0.15973971784114838,,,,,,18744.68085106383
899,0.0,,,,,,,18957.44680851064
900,,-0.10947096347808838,,,,,,18978.723404255317
904,,,0.9100955724716187,0.9111275672912598,0.002157491398975253,0.015511889941990376,-0.07175613194704056,19018.18181818182
908,,,0.8961731195449829,0.8981155157089233,-0.00012879921996500343,0.014073223806917667,-0.05980909243226051,19090.909090909092
922,0.0,,,,,,,19345.454545454544
923,,-0.1137763112783432,,,,,,19363.636363636364
936,0.0,,,,,,,19600.0
937,,-0.12149357050657272,,,,,,19618.18181818182
946,0.0,,,,,,,19781.81818181818
947,,-0.14742852747440338,,,,,,19800.0
956,0.0,,,,,,,19963.636363636364
957,,-0.17012469470500946,,,,,,19981.81818181818
963,,,0.8935448527336121,0.8952403664588928,-0.00034880745806731284,0.008457268588244915,-0.16373123228549957,20063.82978723404
973,0.0,,,,,,,20276.59574468085
974,,-0.26276129484176636,,,,,,20297.872340425532
983,0.0,,,,,,,20489.36170212766
984,,-0.3362225890159607,,,,,,20510.63829787234
996,0.0,,,,,,,20765.957446808512
997,,-0.41754817962646484,,,,,,20787.23404255319
1005,0.0,,,,,,,20957.44680851064
1006,,-0.5090392827987671,,,,,,20978.723404255317
1012,,,0.8972746133804321,0.8981545567512512,-0.0020566689781844616,0.01136051956564188,-0.5158905982971191,21073.170731707316
1018,0.0,,,,,,,21219.51219512195
1019,,-0.5287823677062988,,,,,,21243.90243902439
1027,0.0,,,,,,,21439.024390243903
1028,,-0.547780454158783,,,,,,21463.414634146342
1037,0.0,,,,,,,21682.926829268294
1038,,-0.566694438457489,,,,,,21707.317073170732
1048,0.0,,,,,,,21951.219512195123
1049,,-0.5727531909942627,,,,,,21975.60975609756
1054,,,0.8955681920051575,0.8958292007446289,-0.00022375759726855904,0.0071859052404761314,-0.5793105959892273,22047.619047619046
1065,0.0,,,,,,,22309.52380952381
1066,,-0.6100519299507141,,,,,,22333.333333333332
1075,0.0,,,,,,,22547.619047619046
1076,,-0.6366444826126099,,,,,,22571.428571428572
1084,0.0,,,,,,,22761.904761904763
1085,,-0.6565592885017395,,,,,,22785.714285714286
1092,0.0,,,,,,,22952.380952380954
1093,,-0.6789427399635315,,,,,,22976.190476190477
1099,,,0.8847179412841797,0.8848892450332642,0.00017098712851293385,0.008584386669099331,-0.6637454032897949,23060.0
1109,0.0,,,,,,,23260.0
1110,,-0.7910882830619812,,,,,,23280.0
1122,0.0,,,,,,,23520.0
1123,,-0.8977727293968201,,,,,,23540.0
1134,0.0,,,,,,,23760.0
1135,,-0.9758139848709106,,,,,,23780.0
1144,0.0,,,,,,,23960.0
1145,,-1.093799352645874,,,,,,23980.0
1150,,,0.8977152705192566,0.8996716141700745,-0.0017569679766893387,0.008452759124338627,-1.118592381477356,24045.454545454544
1151,,,0.8830176591873169,0.8859931230545044,-0.001076028449460864,0.009276204742491245,-1.1267820596694946,24068.18181818182
1158,0.0,,,,,,,24227.272727272728
1159,,-1.0303130149841309,,,,,,24250.0
1169,0.0,,,,,,,24477.272727272728
1170,,-0.9407185912132263,,,,,,24500.0
1182,0.0,,,,,,,24772.727272727272
1183,,-0.874907374382019,,,,,,24795.454545454544
1190,0.0,,,,,,,24954.545454545456
1191,,-0.836017906665802,,,,,,24977.272727272728
1195,,,0.8789079785346985,0.8824325203895569,0.0009623717633076012,0.008763516321778297,-0.8284004330635071,25022.727272727272
1203,0.0,,,,,,,25204.545454545456
1204,,-0.8389001488685608,,,,,,25227.272727272728
1213,0.0,,,,,,,25431.81818181818
1214,,-0.8164658546447754,,,,,,25454.545454545456
1224,0.0,,,,,,,25681.81818181818
1225,,-0.7905223369598389,,,,,,25704.545454545456
1236,0.0,,,,,,,25954.545454545456
1237,,-0.775374174118042,,,,,,25977.272727272728
1245,,,0.8862664699554443,0.8878685235977173,0.0002856888750102371,0.005378918722271919,-0.7680165767669678,26102.04081632653
1255,0.0,,,,,,,26306.122448979593
1256,,-0.692528247833252,,,,,,26326.530612244896
1266,0.0,,,,,,,26530.61224489796
1267,,-0.5985713005065918,,,,,,26551.020408163266
1280,0.0,,,,,,,26816.326530612245
1281,,-0.525231659412384,,,,,,26836.73469387755
1287,0.0,,,,,,,26959.183673469386
1288,,-0.4476666748523712,,,,,,26979.591836734693
1294,,,0.905909538269043,0.90635085105896,0.001463856897316873,0.013870097696781158,-0.4320348799228668,27063.82978723404
1301,0.0,,,,,,,27212.76595744681
1302,,-0.3866415321826935,,,,,,27234.042553191488
1313,0.0,,,,,,,27468.08510638298
1314,,-0.3434281647205353,,,,,,27489.36170212766
1324,0.0,,,,,,,27702.127659574468
1325,,-0.31356385350227356,,,,,,27723.40425531915
1336,0.0,,,,,,,27957.44680851064
1337,,-0.27489787340164185,,,,,,27978.723404255317
1341,,,0.9011263847351074,0.902884840965271,0.00010774247493827716,0.008099204860627651,-0.27677038311958313,28025.0
1348,0.0,,,,,,,28200.0
1349,,-0.2905307412147522,,,,,,28225.0
1359,0.0,,,,,,,28475.0
1360,,-0.2963669002056122,,,,,,28500.0
1368,0.0,,,,,,,28700.0
1369,,-0.2987048029899597,,,,,,28725.0
1378,0.0,,,,,,,28950.0
1379,,-0.2979099750518799,,,,,,28975.0
1383,,,0.8830317258834839,0.8838856816291809,9.939139999914914e-05,0.0048197475261986256,-0.3000427782535553,29022.222222222223
1385,,,0.9004421830177307,0.9026892781257629,0.00014473937335424125,0.005396577063947916,-0.30702412128448486,29066.666666666668
1388,0.0,,,,,,,29133.333333333332
1389,,-0.3559533655643463,,,,,,29155.555555555555
1398,0.0,,,,,,,29355.555555555555
1399,,-0.40857991576194763,,,,,,29377.777777777777
1412,0.0,,,,,,,29666.666666666668
1413,,-0.4516647160053253,,,,,,29688.88888888889
1425,0.0,,,,,,,29955.555555555555
1426,,-0.4857529103755951,,,,,,29977.777777777777
1434,,,0.8845956325531006,0.8889502882957458,-0.00015441878349520266,0.008630973286926746,-0.4883975088596344,30104.166666666668
1444,0.0,,,,,,,30312.5
1445,,-0.48470547795295715,,,,,,30333.333333333332
1452,0.0,,,,,,,30479.166666666668
1453,,-0.47815078496932983,,,,,,30500.0
1463,0.0,,,,,,,30708.333333333332
1464,,-0.48208627104759216,,,,,,30729.166666666668
1475,0.0,,,,,,,30958.333333333332
1476,,-0.4827440679073334,,,,,,30979.166666666668
1482,,,0.9038732051849365,0.9049251079559326,0.0006698057986795902,0.005269141867756844,-0.47992080450057983,31068.18181818182
1494,0.0,,,,,,,31340.909090909092
1495,,-0.37982895970344543,,,,,,31363.636363636364
1501,0.0,,,,,,,31500.0
1502,,-0.2662990987300873,,,,,,31522.727272727272
1511,0.0,,,,,,,31727.272727272728
1512,,-0.19197869300842285,,,,,,31750.0
1521,0.0,,,,,,,31954.545454545456
1522,,-0.12356290221214294,,,,,,31977.272727272728
1526,,,0.8758290410041809,0.876497209072113,0.0010020885383710265,0.01011739019304514,-0.08914977312088013,32022.222222222223
1537,0.0,,,,,,,32266.666666666668
1538,,-0.03892223536968231,,,,,,32288.88888888889
1543,0.0,,,,,,,32400.0
1544,,0.04169192910194397,,,,,,32422.222222222223
1553,0.0,,,,,,,32622.222222222223
1554,,0.1161561980843544,,,,,,32644.444444444445
1568,0.0,,,,,,,32955.555555555555
1569,,0.18402421474456787,,,,,,32977.77777777778
1573,,,0.889110803604126,0.8905762434005737,0.0014418544014915824,0.010159695520997047,0.2253481149673462,33025.64102564102
1583,0.0,,,,,,,33282.05128205128
1584,,0.24053636193275452,,,,,,33307.692307692305
1593,0.0,,,,,,,33538.46153846154
1594,,0.2968144416809082,,,,,,33564.10256410256
1599,0.0,,,,,,,33692.307692307695
1600,,0.3590063154697418,,,,,,33717.94871794872
1609,0.0,,,,,,,33948.717948717946
1610,,0.4198990762233734,,,,,,33974.35897435898
1614,,,0.8821490406990051,0.883104681968689,-0.000870753894560039,0.005645446013659239,0.43467214703559875,34021.739130434784
1616,,,0.8937550783157349,0.8960554599761963,-0.000626887776888907,0.0059185754507780075,0.43652936816215515,34065.217391304344
1623,0.0,,,,,,,34217.391304347824
1624,,0.4368598163127899,,,,,,34239.13043478261
1634,0.0,,,,,,,34456.52173913043
1635,,0.449994832277298,,,,,,34478.260869565216
1645,0.0,,,,,,,34695.65217391304
1646,,0.47205889225006104,,,,,,34717.391304347824
1657,0.0,,,,,,,34956.52173913043
1658,,0.4892251193523407,,,,,,34978.260869565216
1666,,,0.8787167072296143,0.8788630366325378,-0.000633002317044884,0.005728439427912235,0.5033361911773682,35087.71929824561
1681,0.0,,,,,,,35350.87719298246
1682,,0.516478955745697,,,,,,35368.42105263158
1694,0.0,,,,,,,35578.94736842105
1695,,0.5317034125328064,,,,,,35596.491228070176
1706,0.0,,,,,,,35789.47368421053
1707,,0.5349137187004089,,,,,,35807.01754385965
1716,0.0,,,,,,,35964.912280701756
1717,,0.5541931390762329,,,,,,35982.45614035088
1724,,,0.8904820680618286,0.8940634727478027,-0.000614626333117485,0.008352301083505154,0.5764517188072205,36086.95652173913
1735,0.0,,,,,,,36326.086956521736
1736,,0.4360835552215576,,,,,,36347.82608695652
1744,0.0,,,,,,,36521.739130434784
1745,,0.35801663994789124,,,,,,36543.47826086957
1756,0.0,,,,,,,36782.608695652176
1757,,0.25529295206069946,,,,,,36804.34782608696
1764,0.0,,,,,,,36956.52173913043
1765,,0.17391781508922577,,,,,,36978.260869565216
1770,,,0.8927422761917114,0.8936524391174316,-0.0011848547728732228,0.008515655063092709,0.1417783945798874,37042.55319148936
1786,0.0,,,,,,,37382.97872340425
1787,,0.15820184350013733,,,,,,37404.255319148935
1797,0.0,,,,,,,37617.02127659575
1798,,0.1471085399389267,,,,,,37638.29787234042
1805,0.0,,,,,,,37787.234042553195
1806,,0.14062714576721191,,,,,,37808.51063829787
1813,0.0,,,,,,,37957.44680851064
1814,,0.1330457627773285,,,,,,37978.72340425532
1819,,,0.9007598161697388,0.9012752771377563,-0.0013894771691411734,0.006346662063151598,0.12256935983896255,38048.78048780488
1826,0.0,,,,,,,38219.51219512195
1827,,0.06670934706926346,,,,,,38243.90243902439
1838,0.0,,,,,,,38512.19512195122
1839,,0.010693777352571487,,,,,,38536.58536585366
1846,0.0,,,,,,,38707.31707317073
1847,,-0.04610581696033478,,,,,,38731.70731707317
1856,0.0,,,,,,,38951.21951219512
1857,,-0.09848147630691528,,,,,,38975.60975609756
1862,,,0.8877379298210144,0.8902987837791443,-0.000457646616268903,0.006050752475857735,-0.12242051959037781,39040.816326530614
1865,,,0.8940237164497375,0.8943688273429871,-0.000885987828951329,0.006081005558371544,-0.12039261311292648,39102.04081632653
1874,0.0,,,,,,,39285.71428571428
1875,,-0.08739840984344482,,,,,,39306.12244897959
1888,0.0,,,,,,,39571.42857142857
1889,,-0.08411235362291336,,,,,,39591.836734693876
1898,0.0,,,,,,,39775.510204081635
1899,,-0.0852704793214798,,,,,,39795.91836734694
1907,0.0,,,,,,,39959.183673469386
1908,,-0.07774774730205536,,,,,,39979.5918367347
1915,,,0.8752710819244385,0.8753625750541687,-0.0004892204306088388,0.004573710262775421,-0.07640635222196579,40076.92307692308
1928,0.0,,,,,,,40326.92307692308
1929,,-0.061298370361328125,,,,,,40346.153846153844
1937,0.0,,,,,,,40500.0
1938,,-0.046147916465997696,,,,,,40519.230769230766
1945,0.0,,,,,,,40653.846153846156
1946,,-0.02988656982779503,,,,,,40673.07692307692
1961,0.0,,,,,,,40961.53846153846
1962,,-0.019973373040556908,,,,,,40980.769230769234
1966,,,0.8887073993682861,0.8915441036224365,-0.00015048516797833145,0.004482293035835028,-0.024538684636354446,41022.22222222222
1978,0.0,,,,,,,41288.88888888889
1979,,0.03209588676691055,,,,,,41311.11111111111
1991,0.0,,,,,,,41577.77777777778
1992,,0.0643637627363205,,,,,,41600.0
2000,0.0,,,,,,,41777.77777777778
2001,,0.09406518191099167,,,,,,41800.0
2008,0.0,,,,,,,41955.555555555555
2009,,0.11924135684967041,,,,,,41977.77777777778
2014,,,0.890592634677887,0.8912317156791687,-6.245200893317815e-06,0.005638855509459972,0.12444678694009781,42043.47826086957
2024,0.0,,,,,,,42260.86956521739
2025,,0.14378967881202698,,,,,,42282.608695652176
2032,0.0,,,,,,,42434.782608695656
2033,,0.16995973885059357,,,,,,42456.52173913043
2042,0.0,,,,,,,42652.17391304348
2043,,0.1912381798028946,,,,,,42673.913043478264
2056,0.0,,,,,,,42956.52173913043
2057,,0.21246303617954254,,,,,,42978.260869565216
2062,,,0.8884709477424622,0.8937531113624573,0.00022199793602339923,0.00705484114587307,0.2236412763595581,43045.454545454544
2076,0.0,,,,,,,43363.63636363636
2077,,0.22352828085422516,,,,,,43386.36363636364
2085,0.0,,,,,,,43568.181818181816
2086,,0.24762965738773346,,,,,,43590.90909090909
2094,0.0,,,,,,,43772.72727272727
2095,,0.26719972491264343,,,,,,43795.454545454544
2102,0.0,,,,,,,43954.545454545456
2103,,0.28339865803718567,,,,,,43977.27272727273
2107,,,0.8965100646018982,0.8979719877243042,-0.0005875043570995331,0.004178738687187433,0.28853166103363037,44022.72727272727
2110,,,0.8950755000114441,0.8952761292457581,7.00184864399489e-06,0.004185480996966362,0.286376029253006,44090.90909090909
2117,0.0,,,,,,,44250.0
2118,,0.37218740582466125,,,,,,44272.72727272727
2128,0.0,,,,,,,44500.0
2129,,0.44663843512535095,,,,,,44522.72727272727
2140,0.0,,,,,,,44772.72727272727
2141,,0.5175961256027222,,,,,,44795.454545454544
2148,0.0,,,,,,,44954.545454545456
2149,,0.5993784070014954,,,,,,44977.27272727273
2156,,,0.9013791084289551,0.9029122591018677,-0.00042500082054175436,0.0070549617521464825,0.6463637351989746,45085.10638297872
2167,0.0,,,,,,,45319.14893617021
2168,,0.5776534676551819,,,,,,45340.425531914894
2176,0.0,,,,,,,45510.63829787234
2177,,0.5622759461402893,,,,,,45531.914893617024
2186,0.0,,,,,,,45723.40425531915
2187,,0.5503391027450562,,,,,,45744.68085106383
2197,0.0,,,,,,,45957.44680851064
2198,,0.5415277481079102,,,,,,45978.72340425532
2203,,,0.8896674513816833,0.890448272228241,-0.00048775813775137067,0.0038185822777450085,0.53617924451828,46046.51162790698
2215,0.0,,,,,,,46325.58139534884
2216,,0.5385801196098328,,,,,,46348.83720930233
2224,0.0,,,,,,,46534.88372093023
2225,,0.5340266227722168,,,,,,46558.13953488372
2235,0.0,,,,,,,46790.6976744186
2236,,0.5340561866760254,,,,,,46813.95348837209
2242,0.0,,,,,,,46953.48837209302
2243,,0.5338015556335449,,,,,,46976.74418604651
2248,,,0.8903459310531616,0.8921849727630615,3.0638158932561055e-05,0.002558026695623994,0.5360039472579956,47043.47826086957
2258,0.0,,,,,,,47260.86956521739
2259,,0.6004440188407898,,,,,,47282.608695652176
2270,0.0,,,,,,,47521.739130434784
2271,,0.6439741253852844,,,,,,47543.47826086957
2279,0.0,,,,,,,47717.391304347824
2280,,0.6985309720039368,,,,,,47739.13043478261
2290,0.0,,,,,,,47956.52173913043
2291,,0.7478752136230469,,,,,,47978.260869565216
2296,,,0.8845473527908325,0.8853620290756226,-0.00029708133661188185,0.006167062558233738,0.7857835292816162,48055.555555555555
2304,0.0,,,,,,,48277.77777777778
2305,,0.6821456551551819,,,,,,48305.555555555555
2311,0.0,,,,,,,48472.22222222222
2312,,0.6150349378585815,,,,,,48500.0
2320,0.0,,,,,,,48722.22222222222
2321,,0.5581455230712891,,,,,,48750.0
2328,0.0,,,,,,,48944.444444444445
2329,,0.5157735347747803,,,,,,48972.22222222222
2334,,,0.8962518572807312,0.9011138081550598,-0.00040074955904856324,0.005261689890176058,0.49602848291397095,49054.05405405405
2335,,,0.8970721960067749,0.8971625566482544,-0.0009032680536620319,0.005338252056390047,0.49531638622283936,49081.08108108108
2341,0.0,,,,,,,49243.24324324324
2342,,0.4128670394420624,,,,,,49270.27027027027
2350,0.0,,,,,,,49486.48648648649
2351,,0.3106243312358856,,,,,,49513.51351351351
2358,0.0,,,,,,,49702.7027027027
2359,,0.23022200167179108,,,,,,49729.72972972973
2367,0.0,,,,,,,49945.94594594595
2368,,0.1724749058485031,,,,,,49972.97297297297
2373,,,0.8910863399505615,0.8937641978263855,9.436588879907504e-05,0.007112431339919567,0.16330397129058838,50044.444444444445
2380,0.0,,,,,,,50200.0
2381,,0.19727227091789246,,,,,,50222.22222222222
2393,0.0,,,,,,,50488.88888888889
2394,,0.20338308811187744,,,,,,50511.11111111111
2401,0.0,,,,,,,50666.666666666664
2402,,0.19991004467010498,,,,,,50688.88888888889
2414,0.0,,,,,,,50955.555555555555
2415,,0.19913439452648163,,,,,,50977.77777777778
2420,,,0.896309494972229,0.8970361351966858,-0.00015160573821049184,0.0042188107036054134,0.19449971616268158,51050.0
2430,0.0,,,,,,,51300.0
2431,,0.260043203830719,,,,,,51325.0
2437,0.0,,,,,,,51475.0
2438,,0.31372618675231934,,,,,,51500.0
2450,0.0,,,,,,,51800.0
2451,,0.3457734286785126,,,,,,51825.0
2456,0.0,,,,,,,51950.0
2457,,0.3851337730884552,,,,,,51975.0
2463,,,0.8762707114219666,0.8787584900856018,2.602900713100098e-05,0.004922866355627775,0.3914216160774231,52066.666666666664
2475,0.0,,,,,,,52333.333333333336
2476,,0.3704797923564911,,,,,,52355.555555555555
2482,0.0,,,,,,,52488.88888888889
2483,,0.3682101368904114,,,,,,52511.11111111111
2490,0.0,,,,,,,52666.666666666664
2491,,0.370161771774292,,,,,,52688.88888888889
2503,0.0,,,,,,,52955.555555555555
2504,,0.37415292859077454,,,,,,52977.77777777778
2511,,,0.8955768346786499,0.8973721861839294,-0.0005558920092880726,0.0024762374814599752,0.37523770332336426,53086.95652173913
2522,0.0,,,,,,,53326.086956521736
2523,,0.40363624691963196,,,,,,53347.82608695652
2534,0.0,,,,,,,53586.95652173913
2535,,0.42949190735816956,,,,,,53608.69565217391
2543,0.0,,,,,,,53782.608695652176
2544,,0.4544517993927002,,,,,,53804.34782608696
2551,0.0,,,,,,,53956.52173913043
2552,,0.478270560503006,,,,,,53978.260869565216
2556,,,0.8971723914146423,0.8985186815261841,-0.00015055171388667077,0.0022053986322134733,0.4825660288333893,54018.51851851852
2563,,,0.8806138038635254,0.8823686242103577,-6.819425470894203e-05,0.002053972100839019,0.4830116629600525,54148.148148148146
2575,0.0,,,,,,,54370.37037037037
2576,,0.4790399968624115,,,,,,54388.88888888889
2584,0.0,,,,,,,54537.03703703704
2585,,0.47953400015830994,,,,,,54555.555555555555
2594,0.0,,,,,,,54722.22222222222
2595,,0.48110735416412354,,,,,,54740.74074074074
2607,0.0,,,,,,,54962.96296296296
2608,,0.4818129241466522,,,,,,54981.48148148148
2612,,,0.9030221104621887,0.904253363609314,-0.00018537559662945569,0.0022355997934937477,0.480294406414032,55023.80952380953
2625,0.0,,,,,,,55333.333333333336
2626,,0.4692542850971222,,,,,,55357.142857142855
2635,0.0,,,,,,,55571.42857142857
2636,,0.4587894678115845,,,,,,55595.23809523809
2642,0.0,,,,,,,55738.09523809524
2643,,0.4459788501262665,,,,,,55761.90476190476
2651,0.0,,,,,,,55952.380952380954
2652,,0.4358071982860565,,,,,,55976.19047619047
2657,,,0.8893610835075378,0.8894726634025574,-0.0004491228610277176,0.0020747848320752382,0.43273210525512695,56039.21568627451
2670,0.0,,,,,,,56294.117647058825
2671,,0.43953800201416016,,,,,,56313.72549019608
2680,0.0,,,,,,,56490.19607843137
2681,,0.4406636655330658,,,,,,56509.80392156863
2691,0.0,,,,,,,56705.882352941175
2692,,0.44265156984329224,,,,,,56725.490196078434
2704,0.0,,,,,,,56960.78431372549
2705,,0.44502171874046326,,,,,,56980.39215686275
2712,,,0.9031491279602051,0.9033897519111633,-0.0003814098599832505,0.0027516812551766634,0.44396325945854187,57090.90909090909
2724,0.0,,,,,,,57363.63636363636
2725,,0.4324202239513397,,,,,,57386.36363636364
2733,0.0,,,,,,,57568.181818181816
2734,,0.4206002354621887,,,,,,57590.90909090909
2743,0.0,,,,,,,57795.454545454544
2744,,0.40939733386039734,,,,,,57818.181818181816
2750,0.0,,,,,,,57954.545454545456
2751,,0.40154269337654114,,,,,,57977.27272727273
2756,,,0.9007995128631592,0.9023325443267822,-4.42465279775206e-05,0.0019968654960393906,0.3973029851913452,58051.282051282054
2763,0.0,,,,,,,58230.769230769234
2764,,0.3834793269634247,,,,,,58256.41025641026
2773,0.0,,,,,,,58487.179487179485
2774,,0.3636504113674164,,,,,,58512.820512820515
2781,0.0,,,,,,,58692.307692307695
2782,,0.3484150767326355,,,,,,58717.94871794872
2791,0.0,,,,,,,58948.717948717946
2792,,0.3333245813846588,,,,,,58974.35897435898
2797,,,0.8816407322883606,0.883617103099823,-6.385622691595927e-05,0.002236001892015338,0.32513684034347534,59043.47826086957
2799,,,0.8785769939422607,0.881747841835022,-0.00019219463865738362,0.0022508609108626842,0.3257754147052765,59086.95652173913
2811,0.0,,,,,,,59347.82608695652
2812,,0.39088010787963867,,,,,,59369.565217391304
2825,0.0,,,,,,,59652.17391304348
2826,,0.4438549876213074,,,,,,59673.913043478264
2831,0.0,,,,,,,59782.608695652176
2832,,0.5030369162559509,,,,,,59804.34782608696
2839,0.0,,,,,,,59956.52173913043
2840,,0.5583748817443848,,,,,,59978.260869565216
2845,,,0.8843084573745728,0.8851974606513977,-0.00029266971978358924,0.0037167230620980263,0.5813791751861572,60051.282051282054
2858,0.0,,,,,,,60384.61538461538
2859,,0.5063945055007935,,,,,,60410.256410256414
2864,0.0,,,,,,,60538.46153846154
2865,,0.4484322667121887,,,,,,60564.10256410256
2871,0.0,,,,,,,60717.94871794872
2872,,0.3931100070476532,,,,,,60743.58974358974
2880,0.0,,,,,,,60948.717948717946
2881,,0.3526981770992279,,,,,,60974.35897435898
2889,,,0.8751424551010132,0.8770699501037598,0.00021835582447238266,0.003363823052495718,0.3321700692176819,61113.63636363636
2898,0.0,,,,,,,61318.181818181816
2899,,0.3688202500343323,,,,,,61340.90909090909
2907,0.0,,,,,,,61522.72727272727
2908,,0.38493743538856506,,,,,,61545.454545454544
2916,0.0,,,,,,,61727.27272727273
2917,,0.39747992157936096,,,,,,61750.0
2926,0.0,,,,,,,61954.545454545456
2927,,0.4123866558074951,,,,,,61977.27272727273
2932,,,0.8988030552864075,0.9019584059715271,-0.0003989606339018792,0.002556819701567292,0.40481850504875183,62040.0
2947,0.0,,,,,,,62340.0
2948,,0.3428907096385956,,,,,,62360.0
2956,0.0,,,,,,,62520.0
2957,,0.29543188214302063,,,,,,62540.0
2966,0.0,,,,,,,62720.0
2967,,0.2506343424320221,,,,,,62740.0
2978,0.0,,,,,,,62960.0
2979,,0.2120964378118515,,,,,,62980.0
2984,,,0.8892312049865723,0.8911258578300476,-0.00041425335803069174,0.006669845897704363,0.19996397197246552,63047.619047619046
2998,0.0,,,,,,,63380.95238095238
2999,,0.19684496521949768,,,,,,63404.76190476191
3005,0.0,,,,,,,63547.619047619046
3006,,0.1732155978679657,,,,,,63571.42857142857
3016,0.0,,,,,,,63809.52380952381
3017,,0.14516901969909668,,,,,,63833.333333333336
3022,0.0,,,,,,,63952.380952380954
3023,,0.12061198800802231,,,,,,63976.19047619047
3027,,,0.8842143416404724,0.8869789242744446,-0.00040348508628085256,0.003055271925404668,0.11585551500320435,64023.80952380953
3029,,,0.8701702356338501,0.8719906210899353,-0.00012384922592900693,0.0028980658389627934,0.11658405512571335,64071.42857142857
3037,0.0,,,,,,,64261.90476190476
3038,,0.13348044455051422,,,,,,64285.71428571428
3047,0.0,,,,,,,64500.0
3048,,0.1366145759820938,,,,,,64523.80952380953
3059,0.0,,,,,,,64785.71428571428
3060,,0.13858047127723694,,,,,,64809.52380952381
3066,0.0,,,,,,,64952.380952380954
3067,,0.1407240778207779,,,,,,64976.19047619047
3076,,,0.8791466355323792,0.879377543926239,-1.2247975973878056e-05,0.0009351246408186853,0.14025051891803741,65122.448979591834
3089,0.0,,,,,,,65387.755102040814
3090,,0.09854015707969666,,,,,,65408.163265306124
3100,0.0,,,,,,,65612.24489795919
3101,,0.069242924451828,,,,,,65632.6530612245
3110,0.0,,,,,,,65816.32653061225
3111,,0.04087429866194725,,,,,,65836.73469387754
3117,0.0,,,,,,,65959.1836734694
3118,,0.01514401100575924,,,,,,65979.59183673469
3125,,,0.8903756737709045,0.890638530254364,-0.00045343252713792026,0.0023757123854011297,0.007018245290964842,66100.0
3134,0.0,,,,,,,66325.0
3135,,-0.030305886641144753,,,,,,66350.0
3142,0.0,,,,,,,66525.0
3143,,-0.066989466547966,,,,,,66550.0
3152,0.0,,,,,,,66775.0
3153,,-0.0967833548784256,,,,,,66800.0
3159,0.0,,,,,,,66950.0
3160,,-0.12567637860774994,,,,,,66975.0
3165,,,0.8855589032173157,0.8869798183441162,-0.0001032969739753753,0.0020913558546453714,-0.12938882410526276,67043.47826086957
3176,0.0,,,,,,,67282.60869565218
3177,,-0.12381982058286667,,,,,,67304.34782608696
3184,0.0,,,,,,,67456.52173913043
3185,,-0.12556202709674835,,,,,,67478.26086956522
3193,0.0,,,,,,,67652.17391304347
3194,,-0.13143539428710938,,,,,,67673.91304347826
3207,0.0,,,,,,,67956.52173913043
3208,,-0.13328103721141815,,,,,,67978.26086956522
3212,,,0.8789576292037964,0.8792547583580017,-0.00029413632000796497,0.0015329516027122736,-0.13614363968372345,68020.40816326531
3224,0.0,,,,,,,68265.30612244898
3225,,-0.10773441195487976,,,,,,68285.71428571429
3235,0.0,,,,,,,68489.79591836735
3236,,-0.090350441634655,,,,,,68510.20408163265
3249,0.0,,,,,,,68775.51020408163
3250,,-0.07235623151063919,,,,,,68795.91836734694
3258,0.0,,,,,,,68959.1836734694
3259,,-0.05316806584596634,,,,,,68979.59183673469
3263,,,0.8932211995124817,0.8958117961883545,-8.217938739107922e-05,0.0013916022144258022,-0.05555490031838417,69020.40816326531
3267,,,0.8811633586883545,0.8819899559020996,-0.00019701481505762786,0.0014546923339366913,-0.05599489063024521,69102.04081632652
3273,0.0,,,,,,,69224.48979591837
3274,,-0.02532769739627838,,,,,,69244.89795918367
3287,0.0,,,,,,,69510.20408163265
3288,,-0.0032932055182754993,,,,,,69530.61224489796
3300,0.0,,,,,,,69775.51020408163
3301,,0.01696322299540043,,,,,,69795.91836734694
3309,0.0,,,,,,,69959.1836734694
3310,,0.040063269436359406,,,,,,69979.59183673469
3317,,,0.8853829503059387,0.8859082460403442,0.0001885320380097255,0.0019232156919315457,0.04272865131497383,70108.1081081081
3324,0.0,,,,,,,70297.2972972973
3325,,0.18115019798278809,,,,,,70324.32432432432
3332,0.0,,,,,,,70513.51351351352
3333,,0.30564188957214355,,,,,,70540.54054054055
3339,0.0,,,,,,,70702.7027027027
3340,,0.44889721274375916,,,,,,70729.72972972973
3348,0.0,,,,,,,70945.94594594595
3349,,0.5478286743164062,,,,,,70972.97297297297
3354,,,0.8798548579216003,0.881641685962677,0.0015944399638101459,0.006807781755924225,0.5426672697067261,71052.63157894737
3362,0.0,,,,,,,71263.15789473684
3363,,0.473470002412796,,,,,,71289.47368421052
3373,0.0,,,,,,,71552.63157894737
3374,,0.4404243528842926,,,,,,71578.94736842105
3378,0.0,,,,,,,71684.21052631579
3379,,0.4122304320335388,,,,,,71710.52631578948
3388,0.0,,,,,,,71947.36842105263
3389,,0.38511836528778076,,,,,,71973.68421052632
3395,,,0.8713822364807129,0.8742914795875549,-0.00025597907369956374,0.0028497683815658092,0.38574308156967163,72068.18181818182
3404,0.0,,,,,,,72272.72727272728
3405,,0.38700446486473083,,,,,,72295.45454545454
3412,0.0,,,,,,,72454.54545454546
3413,,0.38358741998672485,,,,,,72477.27272727272
3424,0.0,,,,,,,72727.27272727272
3425,,0.38153648376464844,,,,,,72750.0
3434,0.0,,,,,,,72954.54545454546
3435,,0.3781774938106537,,,,,,72977.27272727272
3440,,,0.8700953125953674,0.8710067272186279,-1.4379641470441129e-05,0.0013882791390642524,0.3757953345775604,73037.03703703704
3457,0.0,,,,,,,73351.85185185185
3458,,0.33675992488861084,,,,,,73370.37037037036
3470,0.0,,,,,,,73592.5925925926
3471,,0.3061491847038269,,,,,,73611.11111111111
3483,0.0,,,,,,,73833.33333333333
3484,,0.2740634083747864,,,,,,73851.85185185185
3490,0.0,,,,,,,73962.96296296296
3491,,0.24082531034946442,,,,,,73981.48148148147
3495,,,0.8678877353668213,0.8735380172729492,-0.00035311534884385765,0.002678962191566825,0.23461519181728363,74019.23076923077
3498,,,0.8729928135871887,0.8779115676879883,-0.0004492918960750103,0.0025604984257370234,0.23729929327964783,74076.92307692308
3508,0.0,,,,,,,74269.23076923077
3509,,0.24407343566417694,,,,,,74288.46153846153
3517,0.0,,,,,,,74442.30769230769
3518,,0.2432902604341507,,,,,,74461.53846153847
3530,0.0,,,,,,,74692.30769230769
3531,,0.24492454528808594,,,,,,74711.53846153847
3544,0.0,,,,,,,74961.53846153847
3545,,0.24569357931613922,,,,,,74980.76923076923
3551,,,0.8789950013160706,0.8801423907279968,-0.0003003302845172584,0.002207029378041625,0.23480595648288727,75060.0
3561,0.0,,,,,,,75260.0
3562,,0.20022091269493103,,,,,,75280.0
3576,0.0,,,,,,,75560.0
3577,,0.16358277201652527,,,,,,75580.0
3583,0.0,,,,,,,75700.0
3584,,0.12394949793815613,,,,,,75720.0
3596,0.0,,,,,,,75960.0
3597,,0.09075772762298584,,,,,,75980.0
3602,,,0.8775888681411743,0.8779228925704956,7.502818334614858e-05,0.0034350999630987644,0.07426626235246658,76055.55555555556
3611,0.0,,,,,,,76305.55555555556
3612,,0.016158144921064377,,,,,,76333.33333333333
3618,0.0,,,,,,,76500.0
3619,,-0.06016864627599716,,,,,,76527.77777777778
3626,0.0,,,,,,,76722.22222222222
3627,,-0.13543947041034698,,,,,,76750.0
3634,0.0,,,,,,,76944.44444444444
3635,,-0.19987641274929047,,,,,,76972.22222222222
3642,,,0.8721644878387451,0.8729836344718933,-0.0003428602358326316,0.0021775844506919384,-0.20829251408576965,77088.88888888889
3653,0.0,,,,,,,77333.33333333333
3654,,-0.14939674735069275,,,,,,77355.55555555556
3660,0.0,,,,,,,77488.88888888889
3661,,-0.1111171767115593,,,,,,77511.11111111111
3672,0.0,,,,,,,77755.55555555556
3673,,-0.06649567186832428,,,,,,77777.77777777778
3681,0.0,,,,,,,77955.55555555556
3682,,-0.026393866166472435,,,,,,77977.77777777778
3687,,,0.8775510787963867,0.8787555694580078,0.0002091652131639421,0.0009695734479464591,-0.02011425979435444,78040.8163265306
3698,0.0,,,,,,,78265.30612244898
3699,,-0.06190388649702072,,,,,,78285.71428571429
3709,0.0,,,,,,,78489.79591836735
3710,,-0.09349089115858078,,,,,,78510.20408163265
3723,0.0,,,,,,,78775.51020408163
3724,,-0.1206594780087471,,,,,,78795.91836734694
3732,0.0,,,,,,,78959.1836734694
3733,,-0.1532367318868637,,,,,,78979.59183673469
3737,,,0.8763560056686401,0.879082977771759,-5.17006337759085e-05,0.001044691656716168,-0.1586199253797531,79019.60784313726
3743,,,0.874713122844696,0.8750331401824951,-0.00023303950729314238,0.0012408227194100618,-0.15892393887043,79137.25490196078
3755,0.0,,,,,,,79372.54901960785
3756,,-0.17307473719120026,,,,,,79392.1568627451
3764,0.0,,,,,,,79549.01960784313
3765,,-0.19035810232162476,,,,,,79568.62745098039
3775,0.0,,,,,,,79764.70588235294
3776,,-0.20598191022872925,,,,,,79784.3137254902
3785,0.0,,,,,,,79960.7843137255
3786,,-0.21864035725593567,,,,,,79980.39215686274
3795,,,0.8766812086105347,0.8784469366073608,1.3687422324437648e-05,0.002610190073028207,-0.22367264330387115,80117.64705882352
3803,0.0,,,,,,,80274.50980392157
3804,,-0.2582404315471649,,,,,,80294.11764705883
3815,0.0,,,,,,,80509.80392156863
3816,,-0.290571004152298,,,,,,80529.41176470589
3826,0.0,,,,,,,80725.49019607843
3827,,-0.32463017106056213,,,,,,80745.09803921569
3838,0.0,,,,,,,80960.7843137255
3839,,-0.35469815135002136,,,,,,80980.39215686274
3845,,,0.8797116875648499,0.8806701898574829,-0.0002719815238378942,0.003207654692232609,-0.37103018164634705,81069.76744186046
3854,0.0,,,,,,,81279.06976744186
3855,,-0.34501829743385315,,,,,,81302.32558139534
3864,0.0,,,,,,,81511.62790697675
3865,,-0.3395495116710663,,,,,,81534.88372093023
3874,0.0,,,,,,,81744.18604651163
3875,,-0.33629557490348816,,,,,,81767.44186046511
3883,0.0,,,,,,,81953.48837209302
3884,,-0.33375662565231323,,,,,,81976.74418604652
3889,,,0.8809141516685486,0.8832895159721375,-0.00013047947140876204,0.0017627293709665537,-0.33313366770744324,82040.0
3903,0.0,,,,,,,82320.0
3904,,-0.3288760185241699,,,,,,82340.0
3910,0.0,,,,,,,82460.0
3911,,-0.327975332736969,,,,,,82480.0
3920,0.0,,,,,,,82660.0
3921,,-0.31958919763565063,,,,,,82680.0
3935,0.0,,,,,,,82960.0
3936,,-0.315104216337204,,,,,,82980.0
3940,,,0.8749193549156189,0.8755260705947876,-0.0002657499280758202,0.0018222969956696033,-0.31540948152542114,83024.39024390244
3947,0.0,,,,,,,83195.12195121951
3948,,-0.27390217781066895,,,,,,83219.51219512195
3956,0.0,,,,,,,83414.63414634146
3957,,-0.23698954284191132,,,,,,83439.0243902439
3968,0.0,,,,,,,83707.31707317074
3969,,-0.19454695284366608,,,,,,83731.70731707317
3978,0.0,,,,,,,83951.21951219512
3979,,-0.15878473222255707,,,,,,83975.60975609756
3983,,,0.8612769246101379,0.8640331625938416,-7.379602175205946e-05,0.0009349113679490983,-0.15926337242126465,84019.60784313726
3987,,,0.8757115602493286,0.8761835098266602,-4.095181429875083e-05,0.0010796047281473875,-0.1592952311038971,84098.03921568628
3999,0.0,,,,,,,84333.33333333333
4000,,-0.12869848310947418,,,,,,84352.94117647059
4008,0.0,,,,,,,84509.80392156863
4009,,-0.10575941950082779,,,,,,84529.41176470589
4022,0.0,,,,,,,84784.3137254902
4023,,-0.08541693538427353,,,,,,84803.92156862745
4031,0.0,,,,,,,84960.7843137255
4032,,-0.06627413630485535,,,,,,84980.39215686274
4039,,,0.8798345923423767,0.8831092119216919,0.00011488177551655099,0.0009530759416520596,-0.06761524081230164,85090.90909090909
4048,0.0,,,,,,,85295.45454545454
4049,,-0.0656164363026619,,,,,,85318.18181818182
4054,0.0,,,,,,,85431.81818181818
4055,,-0.06309628486633301,,,,,,85454.54545454546
4065,0.0,,,,,,,85681.81818181818
4066,,-0.06011999398469925,,,,,,85704.54545454546
4077,0.0,,,,,,,85954.54545454546
4078,,-0.057119715958833694,,,,,,85977.27272727272
4088,,,0.8755937218666077,0.8758929967880249,4.7051540605025366e-05,0.000820887740701437,-0.056186359375715256,86140.0
4098,0.0,,,,,,,86340.0
4099,,-0.04600099101662636,,,,,,86360.0
4110,0.0,,,,,,,86580.0
4111,,-0.03682737052440643,,,,,,86600.0
4120,0.0,,,,,,,86780.0
4121,,-0.02396951988339424,,,,,,86800.0
4129,0.0,,,,,,,86960.0
4130,,-0.014665179885923862,,,,,,86980.0
4135,,,0.8775976896286011,0.8779727816581726,0.00018881139112636447,0.0006781453266739845,-0.011940596625208855,87038.46153846153
4148,0.0,,,,,,,87288.46153846153
4149,,2.97260849038139e-05,,,,,,87307.69230769231
4157,0.0,,,,,,,87461.53846153847
4158,,0.01008974201977253,,,,,,87480.76923076923
4172,0.0,,,,,,,87750.0
4173,,0.018735604360699654,,,,,,87769.23076923077
4183,0.0,,,,,,,87961.53846153847
4184,,0.02964157797396183,,,,,,87980.76923076923
4191,,,0.8784762620925903,0.8785257935523987,-1.764345506671816e-05,0.0008732812129892409,0.03221729025244713,88088.88888888889
4201,0.0,,,,,,,88311.11111111111
4202,,0.04563205689191818,,,,,,88333.33333333333
4211,0.0,,,,,,,88533.33333333333
4212,,0.061062563210725784,,,,,,88555.55555555556
4222,0.0,,,,,,,88777.77777777778
4223,,0.076909638941288,,,,,,88800.0
4230,0.0,,,,,,,88955.55555555556
4231,,0.0906534492969513,,,,,,88977.77777777778
4238,,,0.876259446144104,0.8784453272819519,0.00016907468670979142,0.0007905311067588627,0.09454318135976791,89085.10638297872
4243,,,0.8630537390708923,0.8652584552764893,0.00018534829723648727,0.0008434752817265689,0.09309836477041245,89191.48936170213
4259,0.0,,,,,,,89531.91489361702
4260,,0.049677733331918716,,,,,,89553.1914893617
4267,0.0,,,,,,,89702.12765957447
4268,,0.008132965303957462,,,,,,89723.40425531915
4274,0.0,,,,,,,89851.06382978724
4275,,-0.020515896379947662,,,,,,89872.34042553192
4279,0.0,,,,,,,89957.44680851063
4280,,-0.05823205038905144,,,,,,89978.72340425532
4288,,,0.8875200748443604,0.8908829092979431,-0.00011802828521467745,0.0006154120783321559,-0.05155690014362335,90098.03921568628
4298,0.0,,,,,,,90294.11764705883
4299,,-0.02158449962735176,,,,,,90313.72549019608
4309,0.0,,,,,,,90509.80392156863
4310,,-0.005265033338218927,,,,,,90529.41176470589
4321,0.0,,,,,,,90745.09803921569
4322,,0.01433959137648344,,,,,,90764.70588235294
4332,0.0,,,,,,,90960.7843137255
4333,,0.031263116747140884,,,,,,90980.39215686274
4341,,,0.8874525427818298,0.8895794153213501,7.046618702588603e-05,0.00015730031009297818,0.023798249661922455,91096.15384615384
4349,0.0,,,,,,,91250.0
4350,,0.011943673714995384,,,,,,91269.23076923077
4361,0.0,,,,,,,91480.76923076923
4362,,0.0069249095395207405,,,,,,91500.0
4373,0.0,,,,,,,91711.53846153847
4374,,-0.0006382959545589983,,,,,,91730.76923076923
4386,0.0,,,,,,,91961.53846153847
4387,,-0.007002480328083038,,,,,,91980.76923076923
4394,,,0.878034770488739,0.8795726895332336,-4.746941340272315e-05,0.00013692617358174175,-0.0041839624755084515,92081.63265306123
4404,0.0,,,,,,,92285.71428571429
4405,,0.015038436278700829,,,,,,92306.12244897959
4415,0.0,,,,,,,92510.20408163265
4416,,0.026848675683140755,,,,,,92530.61224489796
4423,0.0,,,,,,,92673.4693877551
4424,,0.03902847692370415,,,,,,92693.87755102041
4437,0.0,,,,,,,92959.1836734694
4438,,0.05282365158200264,,,,,,92979.59183673469
4444,,,0.8844116926193237,0.8878645896911621,0.00040604491368867457,0.0007576979114674032,0.05413540080189705,93071.42857142857
4450,0.0,,,,,,,93214.28571428571
4451,,0.03685439005494118,,,,,,93238.09523809524
4463,0.0,,,,,,,93523.80952380953
4464,,0.03539586067199707,,,,,,93547.61904761905
4474,0.0,,,,,,,93785.71428571429
4475,,0.024668360128998756,,,,,,93809.52380952382
4481,0.0,,,,,,,93952.38095238095
4482,,0.016820237040519714,,,,,,93976.19047619047
4486,,,0.8788309693336487,0.8788836002349854,8.652175893075764e-06,0.00013939471682533622,0.018433639779686928,94021.27659574468
4488,,,0.8786416053771973,0.8787914514541626,0.0001389853860018775,0.0002715847222134471,0.020653722807765007,94063.82978723405
4495,0.0,,,,,,,94212.76595744681
4496,,0.0079332971945405,,,,,,94234.0425531915
4504,0.0,,,,,,,94404.25531914894
4505,,1.924803109432105e-05,,,,,,94425.53191489361
4519,0.0,,,,,,,94723.40425531915
4520,,-0.008509678766131401,,,,,,94744.68085106384
4530,0.0,,,,,,,94957.44680851063
4531,,-0.01592925935983658,,,,,,94978.72340425532
4538,,,0.8715175986289978,0.871997058391571,-3.138374813715927e-05,0.00024894121452234685,-0.01335706003010273,95088.88888888889
4545,0.0,,,,,,,95244.44444444444
4546,,0.03685501590371132,,,,,,95266.66666666667
4558,0.0,,,,,,,95533.33333333333
4559,,0.07755928486585617,,,,,,95555.55555555556
4567,0.0,,,,,,,95733.33333333333
4568,,0.12668447196483612,,,,,,95755.55555555556
4577,0.0,,,,,,,95955.55555555556
4578,,0.16836266219615936,,,,,,95977.77777777778
4584,,,0.865370512008667,0.8713719844818115,4.2906445742119104e-05,0.0006795482477173209,0.1733430176973343,96065.21739130435
4591,0.0,,,,,,,96217.39130434782
4592,,0.14526742696762085,,,,,,96239.13043478261
4600,0.0,,,,,,,96413.04347826086
4601,,0.1138395145535469,,,,,,96434.78260869565
4613,0.0,,,,,,,96695.65217391304
4614,,0.09183771163225174,,,,,,96717.39130434782
4625,0.0,,,,,,,96956.52173913043
4626,,0.0669439435005188,,,,,,96978.26086956522
4631,,,0.8798675537109375,0.8818594217300415,4.460724085220136e-05,0.0006053936085663736,0.07139546424150467,97060.60606060606
4638,0.0,,,,,,,97272.72727272728
4639,,-0.038958195596933365,,,,,,97303.0303030303
4645,0.0,,,,,,,97484.84848484848
4646,,-0.11620879918336868,,,,,,97515.15151515152
4653,0.0,,,,,,,97727.27272727272
4654,,-0.21931007504463196,,,,,,97757.57575757576
4660,0.0,,,,,,,97939.39393939394
4661,,-0.317783385515213,,,,,,97969.69696969698
4666,,,0.8656859397888184,0.8662374019622803,0.0001941212103702128,0.0035102306865155697,-0.33001425862312317,98044.44444444444
4678,0.0,,,,,,,98311.11111111111
4679,,-0.27769994735717773,,,,,,98333.33333333333
4685,0.0,,,,,,,98466.66666666667
4686,,-0.21356360614299774,,,,,,98488.88888888889
4696,0.0,,,,,,,98711.11111111111
4697,,-0.1707170605659485,,,,,,98733.33333333333
4707,0.0,,,,,,,98955.55555555556
4708,,-0.13168585300445557,,,,,,98977.77777777778
4712,,,0.868922233581543,0.8725055456161499,-6.773861241526902e-05,0.0007062774384394288,-0.1284928321838379,99020.0
4715,,,0.8823665380477905,0.8862637281417847,1.6202984625124373e-05,0.000824851100333035,-0.1276608258485794,99080.0
4725,0.0,,,,,,,99280.0
4726,,-0.05252604931592941,,,,,,99300.0
4731,0.0,,,,,,,99400.0
4732,,0.00844459980726242,,,,,,99420.0
4745,0.0,,,,,,,99680.0
4746,,0.08952222764492035,,,,,,99700.0
4759,0.0,,,,,,,99960.0
4760,,0.14846308529376984,,,,,,99980.0
4767,,,0.8636879920959473,0.8669845461845398,4.845703369937837e-05,0.0016385975759476423,0.1621999591588974,100078.43137254902
4780,0.0,,,,,,,100333.33333333333
4781,,0.12635537981987,,,,,,100352.94117647059
4792,0.0,,,,,,,100568.62745098039
4793,,0.09039949625730515,,,,,,100588.23529411765
4802,0.0,,,,,,,100764.70588235294
4803,,0.05965099111199379,,,,,,100784.3137254902
4812,0.0,,,,,,,100960.7843137255
4813,,0.03644251078367233,,,,,,100980.39215686274
4819,,,0.8529351353645325,0.8534246683120728,5.170263830223121e-05,0.00058423459995538,0.045107804238796234,101062.5
4832,0.0,,,,,,,101333.33333333333
4833,,0.03176290914416313,,,,,,101354.16666666667
4843,0.0,,,,,,,101562.5
4844,,0.01966260001063347,,,,,,101583.33333333333
4853,0.0,,,,,,,101770.83333333333
4854,,0.008268659003078938,,,,,,101791.66666666667
4862,0.0,,,,,,,101958.33333333333
4863,,-0.001872426364570856,,,,,,101979.16666666667
4868,,,0.8772358298301697,0.8780094385147095,1.5743951735203154e-05,0.00028197653591632843,-0.0023187717888504267,102055.55555555556
4875,0.0,,,,,,,102250.0
4876,,-0.021828697994351387,,,,,,102277.77777777778
4884,0.0,,,,,,,102500.0
4885,,-0.04172222688794136,,,,,,102527.77777777778
4892,0.0,,,,,,,102722.22222222222
4893,,-0.052299149334430695,,,,,,102750.0
4900,0.0,,,,,,,102944.44444444444
4901,,-0.059656430035829544,,,,,,102972.22222222222
4906,,,0.876905620098114,0.8787811398506165,-0.00015416558017022908,0.00048034419887699187,-0.055745914578437805,103042.55319148937
4917,0.0,,,,,,,103276.59574468085
4918,,-0.06179238483309746,,,,,,103297.87234042553
4929,0.0,,,,,,,103531.91489361702
4930,,-0.06313387304544449,,,,,,103553.1914893617
4939,0.0,,,,,,,103744.68085106384
4940,,-0.06607931107282639,,,,,,103765.9574468085
4949,0.0,,,,,,,103957.44680851063
4950,,-0.06832493096590042,,,,,,103978.72340425532
4956,,,0.8593528270721436,0.8596386909484863,-0.00025237962836399674,0.0011107014724984765,-0.07386987656354904,104056.60377358491
4959,,,0.8744734525680542,0.8762133717536926,-0.00046760766417719424,0.0013174491468816996,-0.07473354041576385,104113.2075471698
4969,0.0,,,,,,,104301.88679245283
4970,,0.0037682862021028996,,,,,,104320.75471698113
4980,0.0,,,,,,,104509.43396226416
4981,,0.059543319046497345,,,,,,104528.30188679245
4996,0.0,,,,,,,104811.32075471699
4997,,0.11264146864414215,,,,,,104830.18867924529
5004,0.0,,,,,,,104962.2641509434
5005,,0.18134228885173798,,,,,,104981.1320754717
5011,,,0.8836218118667603,0.8841013312339783,0.00042546301847323775,0.001679017092101276,0.19438950717449188,105062.5
5023,0.0,,,,,,,105312.5
5024,,0.20579737424850464,,,,,,105333.33333333333
5031,0.0,,,,,,,105479.16666666667
5032,,0.22788338363170624,,,,,,105500.0
5041,0.0,,,,,,,105687.5
5042,,0.2504097521305084,,,,,,105708.33333333333
5054,0.0,,,,,,,105958.33333333333
5055,,0.27128493785858154,,,,,,105979.16666666667
5059,,,0.870323896408081,0.8703446388244629,0.00010719125566538423,0.0008614772232249379,0.27513909339904785,106022.72727272728
5072,0.0,,,,,,,106318.18181818182
5073,,0.37148791551589966,,,,,,106340.90909090909
5081,0.0,,,,,,,106522.72727272728
5082,,0.477904736995697,,,,,,106545.45454545454
5093,0.0,,,,,,,106795.45454545454
5094,,0.580707311630249,,,,,,106818.18181818182
5100,0.0,,,,,,,106954.54545454546
5101,,0.6758123636245728,,,,,,106977.27272727272
5105,,,0.8805362582206726,0.8812247514724731,-0.0009589210385456681,0.0030687605030834675,0.68239825963974,107027.02702702703
5117,0.0,,,,,,,107351.35135135135
5118,,0.7033507227897644,,,,,,107378.37837837837
5122,0.0,,,,,,,107486.48648648648
5123,,0.709514319896698,,,,,,107513.51351351352
5131,0.0,,,,,,,107729.72972972973
5132,,0.7145278453826904,,,,,,107756.75675675676
5139,0.0,,,,,,,107945.94594594595
5140,,0.7268644571304321,,,,,,107972.97297297297
5145,,,0.8469653725624084,0.8473372459411621,-0.0003037738206330687,0.0008592678350396454,0.7253709435462952,108043.47826086957
5160,0.0,,,,,,,108369.56521739131
5161,,0.6999441981315613,,,,,,108391.30434782608
5170,0.0,,,,,,,108586.95652173914
5171,,0.6720813512802124,,,,,,108608.69565217392
5180,0.0,,,,,,,108804.34782608696
5181,,0.6562215685844421,,,,,,108826.08695652174
5187,0.0,,,,,,,108956.52173913043
5188,,0.6323736906051636,,,,,,108978.26086956522
5193,,,0.8638176918029785,0.8661166429519653,-0.0002248778473585844,0.0011126194149255753,0.6284707188606262,109048.78048780488
5195,,,0.8690392374992371,0.8704482316970825,-0.0005105627351440489,0.0014191302470862865,0.627745509147644,109097.56097560975
5200,0.0,,,,,,,109219.51219512195
5201,,0.6052489876747131,,,,,,109243.90243902439
5205,0.0,,,,,,,109341.46341463414
5206,,0.5617222189903259,,,,,,109365.85365853658
5215,0.0,,,,,,,109585.36585365854
5216,,0.5419872403144836,,,,,,109609.75609756098
5230,0.0,,,,,,,109951.21951219512
5231,,0.5161777138710022,,,,,,109975.60975609756
5239,,,0.8743611574172974,0.8780758380889893,-0.00010348013893235475,0.0015901108272373676,0.5065659284591675,110125.0
5245,0.0,,,,,,,110275.0
5246,,0.4674978256225586,,,,,,110300.0
5251,0.0,,,,,,,110425.0
5252,,0.41004592180252075,,,,,,110450.0
5261,0.0,,,,,,,110675.0
5262,,0.36653897166252136,,,,,,110700.0
5272,0.0,,,,,,,110950.0
5273,,0.318074494600296,,,,,,110975.0
5280,,,0.8632699847221375,0.8673875331878662,-0.0003061648749280721,0.002304763300344348,0.30389901995658875,111090.90909090909
5290,0.0,,,,,,,111318.18181818182
5291,,0.2898706793785095,,,,,,111340.90909090909
5299,0.0,,,,,,,111522.72727272728
5300,,0.2634241580963135,,,,,,111545.45454545454
5306,0.0,,,,,,,111681.81818181818
5307,,0.23906013369560242,,,,,,111704.54545454546
5318,0.0,,,,,,,111954.54545454546
5319,,0.21289370954036713,,,,,,111977.27272727272
5324,,,0.871952474117279,0.8721237182617188,0.0008944153669290245,0.002521547256037593,0.21644335985183716,112052.63157894737
5334,0.0,,,,,,,112315.78947368421
5335,,0.22301076352596283,,,,,,112342.1052631579
5339,0.0,,,,,,,112447.36842105263
5340,,0.23220577836036682,,,,,,112473.68421052632
5349,0.0,,,,,,,112710.52631578948
5350,,0.2470567524433136,,,,,,112736.84210526316
5358,0.0,,,,,,,112947.36842105263
5359,,0.26088717579841614,,,,,,112973.68421052632
5365,,,0.863042950630188,0.865232527256012,0.00014132249634712934,0.0022013827692717314,0.254290908575058,113078.94736842105
5372,0.0,,,,,,,113263.15789473684
5373,,0.25111863017082214,,,,,,113289.47368421052
5381,0.0,,,,,,,113500.0
5382,,0.24084322154521942,,,,,,113526.31578947368
5389,0.0,,,,,,,113710.52631578948
5390,,0.22670753300189972,,,,,,113736.84210526316
5398,0.0,,,,,,,113947.36842105263
5399,,0.21583005785942078,,,,,,113973.68421052632
5404,,,0.8756356239318848,0.8791828751564026,-0.0007994670886546373,0.0025301144924014807,0.20251746475696564,114041.66666666667
5407,,,0.8795917630195618,0.8826053142547607,-0.0009446554468013346,0.0026313450653105974,0.2068336457014084,114104.16666666667
5416,0.0,,,,,,,114291.66666666667
5417,,0.27252915501594543,,,,,,114312.5
5427,0.0,,,,,,,114520.83333333333
5428,,0.3123660683631897,,,,,,114541.66666666667
5434,0.0,,,,,,,114666.66666666667
5435,,0.3626638352870941,,,,,,114687.5
5448,0.0,,,,,,,114958.33333333333
5449,,0.399202823638916,,,,,,114979.16666666667
5458,,,0.8613982200622559,0.8619065880775452,-0.0011518821120262146,0.002836522413417697,0.3824877142906189,115111.11111111111
5471,0.0,,,,,,,115351.85185185185
5472,,0.3377741873264313,,,,,,115370.37037037036
5482,0.0,,,,,,,115555.55555555556
5483,,0.2891605496406555,,,,,,115574.07407407407
5492,0.0,,,,,,,115740.74074074074
5493,,0.24563412368297577,,,,,,115759.25925925926
5504,0.0,,,,,,,115962.96296296296
5505,,0.1996404230594635,,,,,,115981.48148148147
5512,,,0.8504999279975891,0.8538371920585632,-0.00010341569577576593,0.0009712956380099058,0.20130634307861328,116083.33333333333
5521,0.0,,,,,,,116270.83333333333
5522,,0.15858900547027588,,,,,,116291.66666666667
5533,0.0,,,,,,,116520.83333333333
5534,,0.11019407212734222,,,,,,116541.66666666667
5542,0.0,,,,,,,116708.33333333333
5543,,0.06139767915010452,,,,,,116729.16666666667
5554,0.0,,,,,,,116958.33333333333
5555,,0.012774269096553326,,,,,,116979.16666666667
5559,,,0.8573924899101257,0.8597326278686523,-0.0001843347417889163,0.0008301824564114213,0.004884486086666584,117025.0
5566,0.0,,,,,,,117200.0
5567,,0.04571356996893883,,,,,,117225.0
5575,0.0,,,,,,,117425.0
5576,,0.08698352426290512,,,,,,117450.0
5588,0.0,,,,,,,117750.0
5589,,0.1249006986618042,,,,,,117775.0
5596,0.0,,,,,,,117950.0
5597,,0.17212289571762085,,,,,,117975.0
5602,,,0.8618991374969482,0.8621866703033447,-0.0011282269842922688,0.0033738764468580484,0.16093365848064423,118043.47826086957
5613,0.0,,,,,,,118282.60869565218
5614,,0.13665784895420074,,,,,,118304.34782608696
5623,0.0,,,,,,,118500.0
5624,,0.11297264695167542,,,,,,118521.73913043478
5632,0.0,,,,,,,118695.65217391304
5633,,0.08609465509653091,,,,,,118717.39130434782
5644,0.0,,,,,,,118956.52173913043
5645,,0.056446149945259094,,,,,,118978.26086956522
5649,,,0.8711300492286682,0.8719390630722046,-0.0006323196575976908,0.004036264959722757,0.044491980224847794,119019.23076923077
5654,,,0.8681501150131226,0.8700381517410278,-0.0009459768771193922,0.0037360291462391615,0.04389847442507744,119115.38461538461
5666,0.0,,,,,,,119346.15384615384
5667,,0.07701008021831512,,,,,,119365.38461538461
5675,0.0,,,,,,,119519.23076923077
5676,,0.09662202000617981,,,,,,119538.46153846153
5685,0.0,,,,,,,119711.53846153847
5686,,0.1154610812664032,,,,,,119730.76923076923
5698,0.0,,,,,,,119961.53846153847
5699,,0.13069014251232147,,,,,,119980.76923076923
5705,,,0.8549739122390747,0.8579658269882202,-0.00019386305939406157,0.0011619336437433958,0.12816426157951355,120060.0
5718,0.0,,,,,,,120320.0
5719,,0.1868768334388733,,,,,,120340.0
5728,0.0,,,,,,,120520.0
5729,,0.23123639822006226,,,,,,120540.0
5738,0.0,,,,,,,120720.0
5739,,0.2739514410495758,,,,,,120740.0
5750,0.0,,,,,,,120960.0
5751,,0.3166345953941345,,,,,,120980.0
5755,,,0.8801376223564148,0.880753755569458,-0.0005395413609221578,0.002738579409196973,0.30941247940063477,121020.83333333333
5767,0.0,,,,,,,121270.83333333333
5768,,0.2861645817756653,,,,,,121291.66666666667
5771,0.0,,,,,,,121354.16666666667
5772,,0.26740628480911255,,,,,,121375.0
5785,0.0,,,,,,,121645.83333333333
5786,,0.24655139446258545,,,,,,121666.66666666667
5800,0.0,,,,,,,121958.33333333333
5801,,0.2326670140028,,,,,,121979.16666666667
5806,,,0.8726839423179626,0.8736490607261658,0.00018007402832154185,0.0033287890255451202,0.22810669243335724,122052.63157894737
5815,0.0,,,,,,,122289.47368421052
5816,,0.2537100613117218,,,,,,122315.78947368421
5822,0.0,,,,,,,122473.68421052632
5823,,0.27182286977767944,,,,,,122500.0
5831,0.0,,,,,,,122710.52631578948
5832,,0.3320538401603699,,,,,,122736.84210526316
5840,0.0,,,,,,,122947.36842105263
5841,,0.35394713282585144,,,,,,122973.68421052632
5846,,,0.8679205775260925,0.8692042827606201,-0.0030791142489761114,0.009532266296446323,0.29268595576286316,123046.51162790698
5855,0.0,,,,,,,123255.81395348837
5856,,0.3045429587364197,,,,,,123279.06976744186
5867,0.0,,,,,,,123534.88372093023
5868,,0.31497469544410706,,,,,,123558.13953488372
5877,0.0,,,,,,,123767.44186046511
5878,,0.2859029769897461,,,,,,123790.69767441861
5885,0.0,,,,,,,123953.48837209302
5886,,0.2741575837135315,,,,,,123976.74418604652
5891,,,0.8624085783958435,0.8648664355278015,-0.0007821207982487977,0.006718043703585863,0.2622557282447815,124046.51162790698
5892,,,0.8720742464065552,0.8754928708076477,-0.0018015417736023664,0.006821919232606888,0.25832730531692505,124069.76744186046
5900,0.0,,,,,,,124255.81395348837
5901,,0.2572954297065735,,,,,,124279.06976744186
5906,0.0,,,,,,,124395.3488372093
5907,,0.2469468116760254,,,,,,124418.6046511628
5920,0.0,,,,,,,124720.93023255814
5921,,0.21262948215007782,,,,,,124744.18604651163
5930,0.0,,,,,,,124953.48837209302
5931,,0.16810263693332672,,,,,,124976.74418604652
5939,,,0.8665270805358887,0.8693654537200928,-0.0009515903075225651,0.006856661755591631,0.15358483791351318,125104.16666666667
5949,0.0,,,,,,,125312.5
5950,,0.11598124355077744,,,,,,125333.33333333333
5962,0.0,,,,,,,125583.33333333333
5963,,0.071656234562397,,,,,,125604.16666666667
5973,0.0,,,,,,,125812.5
5974,,0.04614884406328201,,,,,,125833.33333333333
5980,0.0,,,,,,,125958.33333333333
5981,,-0.002609650371596217,,,,,,125979.16666666667
5986,,,0.8625822067260742,0.8653608560562134,-0.0018185534281656146,0.007289719767868519,-0.029920164495706558,126043.47826086957
5996,0.0,,,,,,,126260.86956521739
5997,,0.08777695149183273,,,,,,126282.60869565218
6005,0.0,,,,,,,126456.52173913043
6006,,0.16055995225906372,,,,,,126478.26086956522
6018,0.0,,,,,,,126739.13043478261
6019,,0.21458633244037628,,,,,,126760.86956521739
6028,0.0,,,,,,,126956.52173913043
6029,,0.2595474421977997,,,,,,126978.26086956522
6035,,,0.870704174041748,0.8734531402587891,-0.0015331479953601956,0.00561864860355854,0.2366950362920761,127061.22448979592
6044,0.0,,,,,,,127244.89795918367
6045,,0.24945272505283356,,,,,,127265.30612244898
6058,0.0,,,,,,,127530.61224489796
6059,,0.252269983291626,,,,,,127551.02040816327
6068,0.0,,,,,,,127734.69387755102
6069,,0.26832878589630127,,,,,,127755.10204081633
6079,0.0,,,,,,,127959.1836734694
6080,,0.2391144037246704,,,,,,127979.59183673469
6085,,,0.8768483996391296,0.8776371479034424,-0.004386278335005045,0.010876130312681198,0.19107390940189362,128046.51162790698
6096,0.0,,,,,,,128302.32558139534
6097,,0.26732903718948364,,,,,,128325.58139534884
6109,0.0,,,,,,,128604.6511627907
6110,,0.2199389487504959,,,,,,128627.90697674418
6117,0.0,,,,,,,128790.69767441861
6118,,0.2542709708213806,,,,,,128813.95348837209
6124,0.0,,,,,,,128953.48837209302
6125,,0.21779274940490723,,,,,,128976.74418604652
6129,,,0.8624635338783264,0.864675760269165,-0.0009959174785763025,0.004215061664581299,0.24444745481014252,129021.73913043478
6133,,,0.8635420799255371,0.8637561202049255,-0.0009253034950233996,0.003371838480234146,0.2553628385066986,129108.69565217392
6143,0.0,,,,,,,129326.08695652174
6144,,0.24849990010261536,,,,,,129347.82608695653
6154,0.0,,,,,,,129565.21739130435
6155,,0.2825995683670044,,,,,,129586.95652173914
6161,0.0,,,,,,,129717.39130434782
6162,,0.2796778976917267,,,,,,129739.13043478261
6172,0.0,,,,,,,129956.52173913043
6173,,0.294818639755249,,,,,,129978.26086956522
6180,,,0.8752481937408447,0.8777886033058167,-0.0026861049700528383,0.006072734948247671,0.2630484402179718,130080.0
6191,0.0,,,,,,,130300.0
6192,,0.31311917304992676,,,,,,130320.0
6204,0.0,,,,,,,130560.0
6205,,0.3178566098213196,,,,,,130580.0
6214,0.0,,,,,,,130760.0
6215,,0.29625412821769714,,,,,,130780.0
6224,0.0,,,,,,,130960.0
6225,,0.34027817845344543,,,,,,130980.0
6232,,,0.8724267482757568,0.8730649948120117,-0.0033795356284826994,0.01296974252909422,0.2949276864528656,131093.02325581395
6238,0.0,,,,,,,131232.55813953487
6239,,0.4201240837574005,,,,,,131255.81395348837
6251,0.0,,,,,,,131534.88372093023
6252,,0.4731501638889313,,,,,,131558.13953488372
6261,0.0,,,,,,,131767.44186046513
6262,,0.5934229493141174,,,,,,131790.6976744186
6269,0.0,,,,,,,131953.48837209304
6270,,0.6687682271003723,,,,,,131976.7441860465
6276,,,0.8646077513694763,0.8679131269454956,-0.002262907335534692,0.006404668092727661,0.6678391098976135,132066.66666666666
6288,0.0,,,,,,,132333.33333333334
6289,,0.549792468547821,,,,,,132355.55555555556
6297,0.0,,,,,,,132533.33333333334
6298,,0.4603770971298218,,,,,,132555.55555555556
6302,0.0,,,,,,,132644.44444444444
6303,,0.3828953504562378,,,,,,132666.66666666666
6316,0.0,,,,,,,132955.55555555556
6317,,0.291666716337204,,,,,,132977.77777777778
6321,,,0.8653098344802856,0.8656144738197327,-0.00022302848810795695,0.003533647395670414,0.29033321142196655,133022.72727272726
6334,0.0,,,,,,,133318.18181818182
6335,,0.2624508738517761,,,,,,133340.9090909091
6348,0.0,,,,,,,133636.36363636365
6349,,0.22740255296230316,,,,,,133659.0909090909
6356,0.0,,,,,,,133818.18181818182
6357,,0.1938522309064865,,,,,,133840.9090909091
6362,0.0,,,,,,,133954.54545454544
6363,,0.15963219106197357,,,,,,133977.27272727274
6367,,,0.8730980157852173,0.8733421564102173,0.000387459818739444,0.004498960450291634,0.1346004456281662,134028.57142857142
6369,,,0.8478644490242004,0.8491809368133545,7.062017539283261e-05,0.003846371779218316,0.14071132242679596,134085.7142857143
6377,0.0,,,,,,,134314.2857142857
6378,,0.11267637461423874,,,,,,134342.85714285713
6386,0.0,,,,,,,134571.42857142858
6387,,0.054944876581430435,,,,,,134600.0
6392,0.0,,,,,,,134742.85714285713
6393,,0.01194632239639759,,,,,,134771.42857142858
6399,0.0,,,,,,,134942.85714285713
6400,,-0.03876882791519165,,,,,,134971.42857142858
6407,,,0.8675256371498108,0.867704451084137,-0.001009716303087771,0.00498341117054224,-0.06767196208238602,135100.0
6421,0.0,,,,,,,135450.0
6422,,0.01860140636563301,,,,,,135475.0
6427,0.0,,,,,,,135600.0
6428,,0.0634695366024971,,,,,,135625.0
6433,0.0,,,,,,,135750.0
6434,,0.09781340509653091,,,,,,135775.0
6441,0.0,,,,,,,135950.0
6442,,0.16525280475616455,,,,,,135975.0
6448,,,0.8700989484786987,0.874570906162262,-0.0022205617278814316,0.005276499781757593,0.12544642388820648,136065.21739130435
6459,0.0,,,,,,,136304.34782608695
6460,,0.2078135907649994,,,,,,136326.08695652173
6465,0.0,,,,,,,136434.78260869565
6466,,0.29905328154563904,,,,,,136456.52173913043
6475,0.0,,,,,,,136652.1739130435
6476,,0.3553488552570343,,,,,,136673.91304347827
6489,0.0,,,,,,,136956.52173913043
6490,,0.39636942744255066,,,,,,136978.26086956522
6494,,,0.8695531487464905,0.8734223246574402,-0.0023317199666053057,0.008059876039624214,0.3600260317325592,137023.2558139535
6508,0.0,,,,,,,137348.83720930232
6509,,0.48711296916007996,,,,,,137372.09302325582
6518,0.0,,,,,,,137581.39534883722
6519,,0.6675835251808167,,,,,,137604.6511627907
6524,0.0,,,,,,,137720.93023255814
6525,,0.6056512594223022,,,,,,137744.18604651163
6534,0.0,,,,,,,137953.48837209304
6535,,0.7291893362998962,,,,,,137976.7441860465
6540,,,0.8612340092658997,0.8630668520927429,-0.004972472321242094,0.014840097166597843,0.7216539978981018,138045.45454545456
6548,0.0,,,,,,,138227.27272727274
6549,,0.7664920687675476,,,,,,138250.0
6557,0.0,,,,,,,138431.81818181818
6558,,0.6663102507591248,,,,,,138454.54545454544
6568,0.0,,,,,,,138681.81818181818
6569,,0.5339688658714294,,,,,,138704.54545454544
6580,0.0,,,,,,,138954.54545454544
6581,,0.49530699849128723,,,,,,138977.27272727274
6585,,,0.8735325932502747,0.8744085431098938,-0.0054627410136163235,0.015799235552549362,0.521743655204773,139022.72727272726
6589,,,0.8695172071456909,0.8725703954696655,-0.007257402874529362,0.016116546466946602,0.5161207914352417,139113.63636363635
6596,0.0,,,,,,,139272.72727272726
6597,,0.5589947700500488,,,,,,139295.45454545456
6606,0.0,,,,,,,139500.0
6607,,0.5181801319122314,,,,,,139522.72727272726
6614,0.0,,,,,,,139681.81818181818
6615,,0.4643843472003937,,,,,,139704.54545454544
6626,0.0,,,,,,,139954.54545454544
6627,,0.4965762794017792,,,,,,139977.27272727274
6634,,,0.8728200197219849,0.8728581070899963,-0.005016137380152941,0.01766265742480755,0.38219913840293884,140088.88888888888
6638,0.0,,,,,,,140177.77777777778
6639,,0.4398576617240906,,,,,,140200.0
6649,0.0,,,,,,,140422.22222222222
6650,,0.39480268955230713,,,,,,140444.44444444444
6659,0.0,,,,,,,140644.44444444444
6660,,0.42465218901634216,,,,,,140666.66666666666
6673,0.0,,,,,,,140955.55555555556
6674,,0.4317755401134491,,,,,,140977.77777777778
6679,,,0.8539921641349792,0.8544014096260071,-0.0024250997230410576,0.014812665060162544,0.4352557361125946,141046.51162790696
6687,0.0,,,,,,,141232.55813953487
6688,,0.44981762766838074,,,,,,141255.81395348837
6699,0.0,,,,,,,141511.62790697673
6700,,0.3866479694843292,,,,,,141534.88372093023
6711,0.0,,,,,,,141790.6976744186
6712,,0.39099442958831787,,,,,,141813.9534883721
6718,0.0,,,,,,,141953.48837209304
6719,,0.46172669529914856,,,,,,141976.7441860465
6725,,,0.8683383464813232,0.8686621189117432,-0.004480394534766674,0.014534116722643375,0.4341554045677185,142058.82352941178
6735,0.0,,,,,,,142254.9019607843
6736,,0.4563494622707367,,,,,,142274.50980392157
6747,0.0,,,,,,,142490.19607843139
6748,,0.5193256735801697,,,,,,142509.80392156861
6759,0.0,,,,,,,142725.49019607843
6760,,0.5320793390274048,,,,,,142745.0980392157
6771,0.0,,,,,,,142960.78431372548
6772,,0.6019943356513977,,,,,,142980.39215686274
6777,,,0.871924638748169,0.8748372197151184,-0.00318629527464509,0.013650882057845592,0.5722470283508301,143045.45454545456
6787,0.0,,,,,,,143272.72727272726
6788,,0.5953079462051392,,,,,,143295.45454545456
6795,0.0,,,,,,,143454.54545454544
6796,,0.6906879544258118,,,,,,143477.27272727274
6804,0.0,,,,,,,143659.0909090909
6805,,0.7168018221855164,,,,,,143681.81818181818
6817,0.0,,,,,,,143954.54545454544
6818,,0.6955485343933105,,,,,,143977.27272727274
6822,,,0.8672324419021606,0.8674115538597107,-0.0034997265320271254,0.009473506361246109,0.7053052186965942,144020.83333333334
6827,,,0.864774763584137,0.8650888800621033,-0.0015746891731396317,0.00838959775865078,0.7363066077232361,144125.0
6834,0.0,,,,,,,144270.83333333334
6835,,0.7579192519187927,,,,,,144291.66666666666
6842,0.0,,,,,,,144437.5
6843,,0.7598868608474731,,,,,,144458.33333333334
6854,0.0,,,,,,,144687.5
6855,,0.8574801087379456,,,,,,144708.33333333334
6867,0.0,,,,,,,144958.33333333334
6868,,0.8949509263038635,,,,,,144979.16666666666
6873,,,0.86006760597229,0.8624678254127502,-0.005239218473434448,0.013035306707024574,0.8369699716567993,145046.51162790696
6886,0.0,,,,,,,145348.83720930232
6887,,0.8458566069602966,,,,,,145372.09302325582
6895,0.0,,,,,,,145558.13953488372
6896,,0.7191694974899292,,,,,,145581.39534883722
6902,0.0,,,,,,,145720.93023255814
6903,,0.7199157476425171,,,,,,145744.18604651163
6912,0.0,,,,,,,145953.48837209304
6913,,0.7119114995002747,,,,,,145976.7441860465
6920,,,0.8726840615272522,0.877854585647583,-0.0032021624501794577,0.015240390785038471,0.6029078960418701,146097.56097560975
6928,0.0,,,,,,,146292.68292682926
6929,,0.6444036960601807,,,,,,146317.07317073172
6936,0.0,,,,,,,146487.80487804877
6937,,0.6257349848747253,,,,,,146512.19512195123
6945,0.0,,,,,,,146707.31707317074
6946,,0.5529438853263855,,,,,,146731.70731707316
6955,0.0,,,,,,,146951.21951219512
6956,,0.5373009443283081,,,,,,146975.60975609755
6961,,,0.8688575625419617,0.8717861771583557,-0.0044298330321908,0.018511833623051643,0.41633695363998413,147052.63157894736
6968,0.0,,,,,,,147236.84210526315
6969,,0.5154238939285278,,,,,,147263.15789473685
6978,0.0,,,,,,,147500.0
6979,,0.5450199246406555,,,,,,147526.31578947368
6988,0.0,,,,,,,147763.15789473685
6989,,0.58726567029953,,,,,,147789.47368421053
6995,0.0,,,,,,,147947.36842105264
6996,,0.5733253955841064,,,,,,147973.68421052632
7001,,,0.8750315308570862,0.8773766160011292,-0.0020461666863411665,0.005510414019227028,0.55243980884552,148050.0
7012,0.0,,,,,,,148325.0
7013,,0.6242584586143494,,,,,,148350.0
7020,0.0,,,,,,,148525.0
7021,,0.6418998837471008,,,,,,148550.0
7030,0.0,,,,,,,148775.0
7031,,0.6620565056800842,,,,,,148800.0
7037,0.0,,,,,,,148950.0
7038,,0.6830910444259644,,,,,,148975.0
7042,,,0.8624831438064575,0.8637770414352417,-0.0017764413496479392,0.007189382798969746,0.6519575715065002,149020.0
7049,,,0.8613523244857788,0.8652744889259338,-0.0028342611622065306,0.008132275193929672,0.6840415000915527,149160.0
7057,0.0,,,,,,,149320.0
7058,,0.8712136745452881,,,,,,149340.0
7070,0.0,,,,,,,149580.0
7071,,1.0605175495147705,,,,,,149600.0
7081,0.0,,,,,,,149800.0
7082,,1.181929111480713,,,,,,149820.0
7089,0.0,,,,,,,149960.0
7090,,1.3514199256896973,,,,,,149980.0
7099,,,0.8684090375900269,0.8699188828468323,-0.006887961179018021,0.018211914226412773,1.3074408769607544,150127.6595744681
7107,0.0,,,,,,,150297.87234042553
7108,,1.364096760749817,,,,,,150319.1489361702
7118,0.0,,,,,,,150531.914893617
7119,,1.4325746297836304,,,,,,150553.1914893617
7130,0.0,,,,,,,150787.2340425532
7131,,1.427584171295166,,,,,,150808.51063829788
7138,0.0,,,,,,,150957.44680851063
7139,,1.4930766820907593,,,,,,150978.72340425532
7146,,,0.8697293996810913,0.8750810027122498,-0.009064367040991783,0.024342406541109085,1.3812958002090454,151090.9090909091
7155,0.0,,,,,,,151295.45454545456
7156,,1.4563922882080078,,,,,,151318.18181818182
7164,0.0,,,,,,,151500.0
7165,,1.3222439289093018,,,,,,151522.72727272726
7175,0.0,,,,,,,151750.0
7176,,1.320075511932373,,,,,,151772.72727272726
7184,0.0,,,,,,,151954.54545454544
7185,,1.3781399726867676,,,,,,151977.27272727274
7191,,,0.8570830225944519,0.8591259121894836,-0.0057059782557189465,0.01764722727239132,1.3653846979141235,152076.92307692306
7197,0.0,,,,,,,152230.76923076922
7198,,1.28489351272583,,,,,,152256.41025641025
7207,0.0,,,,,,,152487.1794871795
7208,,1.2702738046646118,,,,,,152512.8205128205
7216,0.0,,,,,,,152717.94871794872
7217,,1.3337665796279907,,,,,,152743.58974358975
7225,0.0,,,,,,,152948.71794871794
7226,,1.1913280487060547,,,,,,152974.35897435897
7233,,,0.8586138486862183,0.8605300188064575,-0.010234599933028221,0.022079186514019966,1.1115381717681885,153083.33333333334
7244,0.0,,,,,,,153312.5
7245,,1.1414648294448853,,,,,,153333.33333333334
7253,0.0,,,,,,,153500.0
7254,,1.1887630224227905,,,,,,153520.83333333334
7266,0.0,,,,,,,153770.83333333334
7267,,1.1516398191452026,,,,,,153791.66666666666
7275,0.0,,,,,,,153958.33333333334
7276,,1.1299291849136353,,,,,,153979.16666666666
7280,,,0.8674940466880798,0.8728314638137817,-0.004089044872671366,0.018466392531991005,1.0356781482696533,154021.73913043478
7283,,,0.8698750734329224,0.8723101019859314,-0.007364187855273485,0.022025801241397858,1.0251197814941406,154086.95652173914
7291,0.0,,,,,,,154260.86956521738
7292,,1.1399840116500854,,,,,,154282.60869565216
7301,0.0,,,,,,,154478.26086956522
7302,,1.1905783414840698,,,,,,154500.0
7312,0.0,,,,,,,154717.39130434784
7313,,1.112225890159607,,,,,,154739.13043478262
7323,0.0,,,,,,,154956.52173913043
7324,,1.2206838130950928,,,,,,154978.26086956522
7329,,,0.8464853167533875,0.8476344347000122,-0.0019268098985776305,0.019323447719216347,1.1790984869003296,155042.55319148937
7340,0.0,,,,,,,155276.59574468085
7341,,1.1860514879226685,,,,,,155297.87234042553
7354,0.0,,,,,,,155574.46808510637
7355,,1.1875344514846802,,,,,,155595.74468085106
7363,0.0,,,,,,,155765.95744680852
7364,,1.3202153444290161,,,,,,155787.2340425532
7372,0.0,,,,,,,155957.44680851063
7373,,1.2601362466812134,,,,,,155978.72340425532
7379,,,0.8616835474967957,0.8628376722335815,-0.007040322758257389,0.020315563306212425,1.238279938697815,156066.66666666666
7388,0.0,,,,,,,156266.66666666666
7389,,1.1349824666976929,,,,,,156288.88888888888
7398,0.0,,,,,,,156488.88888888888
7399,,1.0309414863586426,,,,,,156511.11111111112
7410,0.0,,,,,,,156755.55555555556
7411,,0.9274459481239319,,,,,,156777.77777777778
7419,0.0,,,,,,,156955.55555555556
7420,,0.8628894686698914,,,,,,156977.77777777778
7426,,,0.8832022547721863,0.8841379880905151,-0.007684886921197176,0.014659548178315163,0.7302871942520142,157065.21739130435
7435,0.0,,,,,,,157260.86956521738
7436,,0.816728413105011,,,,,,157282.60869565216
7446,0.0,,,,,,,157500.0
7447,,0.8983005285263062,,,,,,157521.73913043478
7457,0.0,,,,,,,157739.13043478262
7458,,0.8448433876037598,,,,,,157760.86956521738
7467,0.0,,,,,,,157956.52173913043
7468,,0.9206129312515259,,,,,,157978.26086956522
7473,,,0.8464201092720032,0.8511489629745483,-0.004754447378218174,0.009256486780941486,0.8893955945968628,158045.45454545456
7485,0.0,,,,,,,158318.18181818182
7486,,0.844846248626709,,,,,,158340.9090909091
7497,0.0,,,,,,,158590.9090909091
7498,,0.874784529209137,,,,,,158613.63636363635
7507,0.0,,,,,,,158818.18181818182
7508,,0.8383025527000427,,,,,,158840.9090909091
7513,0.0,,,,,,,158954.54545454544
7514,,0.8101535439491272,,,,,,158977.27272727274
7518,,,0.8559259176254272,0.8567017912864685,-0.0022437325678765774,0.0070831794291734695,0.7740201354026794,159019.23076923078
7525,,,0.8526111841201782,0.8546901941299438,-0.0008304415387101471,0.006675370968878269,0.7785946130752563,159153.84615384616
7538,0.0,,,,,,,159403.84615384616
7539,,0.8017168045043945,,,,,,159423.07692307694
7547,0.0,,,,,,,159576.92307692306
7548,,0.8297098875045776,,,,,,159596.15384615384
7555,0.0,,,,,,,159730.76923076922
7556,,0.860276997089386,,,,,,159750.0
7567,0.0,,,,,,,159961.53846153847
7568,,0.9230916500091553,,,,,,159980.76923076922
7575,,,0.8479604125022888,0.8481687903404236,-0.003884730162099004,0.009272192604839802,0.8983354568481445,160097.56097560975
7583,0.0,,,,,,,160292.68292682926
7584,,0.8479893207550049,,,,,,160317.07317073172
7594,0.0,,,,,,,160560.9756097561
7595,,0.8565412163734436,,,,,,160585.36585365853
7604,0.0,,,,,,,160804.8780487805
7605,,0.8381609320640564,,,,,,160829.26829268291
7610,0.0,,,,,,,160951.21951219512
7611,,0.8786200881004333,,,,,,160975.60975609755
7616,,,0.8696174025535583,0.8702758550643921,-0.001793087925761938,0.008903360925614834,0.8219133615493774,161045.45454545456
7627,0.0,,,,,,,161295.45454545456
7628,,0.8136531114578247,,,,,,161318.18181818182
7636,0.0,,,,,,,161500.0
7637,,0.775718092918396,,,,,,161522.72727272726
7649,0.0,,,,,,,161795.45454545456
7650,,0.8041179776191711,,,,,,161818.18181818182
7656,0.0,,,,,,,161954.54545454544
7657,,0.8666729927062988,,,,,,161977.27272727274
7663,,,0.8403279781341553,0.8445156812667847,-0.003201730316504836,0.01876591332256794,0.7759138345718384,162057.6923076923
7677,0.0,,,,,,,162326.92307692306
7678,,0.7836170196533203,,,,,,162346.15384615384
7687,0.0,,,,,,,162519.23076923078
7688,,0.8772038817405701,,,,,,162538.46153846153
7698,0.0,,,,,,,162730.76923076922
7699,,0.8003934621810913,,,,,,162750.0
7710,0.0,,,,,,,162961.53846153847
7711,,0.8590031862258911,,,,,,162980.76923076922
7716,,,0.8670578598976135,0.868619978427887,-0.008641109801828861,0.018995707854628563,0.7786964774131775,163040.0
7733,0.0,,,,,,,163380.0
7734,,0.9285477995872498,,,,,,163400.0
7744,0.0,,,,,,,163600.0
7745,,0.9759143590927124,,,,,,163620.0
7754,0.0,,,,,,,163800.0
7755,,1.075506567955017,,,,,,163820.0
7762,0.0,,,,,,,163960.0
7763,,1.0582432746887207,,,,,,163980.0
7768,,,0.8487011790275574,0.8505948781967163,-0.0033583869226276875,0.014892371371388435,1.1550042629241943,164045.45454545456
7773,,,0.8596927523612976,0.860831618309021,-0.006342689506709576,0.014392435550689697,1.0562357902526855,164159.0909090909
7780,0.0,,,,,,,164318.18181818182
7781,,1.1464543342590332,,,,,,164340.9090909091
7792,0.0,,,,,,,164590.9090909091
7793,,1.1163899898529053,,,,,,164613.63636363635
7799,0.0,,,,,,,164750.0
7800,,1.0680519342422485,,,,,,164772.72727272726
7808,0.0,,,,,,,164954.54545454544
7809,,1.1989967823028564,,,,,,164977.27272727274
7816,,,0.8465200066566467,0.8507240414619446,-0.001778568490408361,0.017602605745196342,1.1203548908233643,165108.1081081081
7822,0.0,,,,,,,165270.27027027027
7823,,1.1717288494110107,,,,,,165297.2972972973
7831,0.0,,,,,,,165513.51351351352
7832,,1.2459555864334106,,,,,,165540.54054054053
7838,0.0,,,,,,,165702.7027027027
7839,,1.2574989795684814,,,,,,165729.72972972973
7847,0.0,,,,,,,165945.94594594595
7848,,1.344290852546692,,,,,,165972.97297297296
7852,,,0.8590366840362549,0.8644943237304688,-0.012480491772294044,0.026264838874340057,1.173397183418274,166023.2558139535
7863,0.0,,,,,,,166279.06976744186
7864,,1.2490283250808716,,,,,,166302.32558139536
7871,0.0,,,,,,,166465.11627906977
7872,,1.401471734046936,,,,,,166488.37209302327
7882,0.0,,,,,,,166720.93023255814
7883,,1.4062182903289795,,,,,,166744.18604651163
7892,0.0,,,,,,,166953.48837209304
7893,,1.468450665473938,,,,,,166976.7441860465
7898,,,0.8628917932510376,0.8653918504714966,-0.011301819235086441,0.02784237079322338,1.289698839187622,167040.81632653062
7909,0.0,,,,,,,167265.306122449
7910,,1.5271917581558228,,,,,,167285.7142857143
7918,0.0,,,,,,,167448.97959183675
7919,,1.6064379215240479,,,,,,167469.38775510204
7930,0.0,,,,,,,167693.8775510204
7931,,1.5717661380767822,,,,,,167714.2857142857
7943,0.0,,,,,,,167959.18367346938
7944,,1.4901483058929443,,,,,,167979.5918367347
7949,,,0.8598146438598633,0.8620772361755371,-0.0027220065239816904,0.02083122916519642,1.621490240097046,168041.66666666666
7965,0.0,,,,,,,168375.0
7966,,1.710309386253357,,,,,,168395.83333333334
7973,0.0,,,,,,,168541.66666666666
7974,,1.552886962890625,,,,,,168562.5
7984,0.0,,,,,,,168770.83333333334
7985,,1.4395015239715576,,,,,,168791.66666666666
7993,0.0,,,,,,,168958.33333333334
7994,,1.3425745964050293,,,,,,168979.16666666666
7998,,,0.8752622008323669,0.8768458366394043,-0.009863099083304405,0.024872194975614548,1.2776907682418823,169021.27659574468
8001,,,0.855180025100708,0.857358992099762,-0.009678857401013374,0.022213391959667206,1.321721076965332,169085.10638297873
8015,0.0,,,,,,,169382.97872340426
8016,,1.4390071630477905,,,,,,169404.25531914894
8026,0.0,,,,,,,169617.02127659574
8027,,1.3688251972198486,,,,,,169638.29787234042
8033,0.0,,,,,,,169765.95744680852
8034,,1.540292739868164,,,,,,169787.2340425532
8042,0.0,,,,,,,169957.44680851063
8043,,1.298791766166687,,,,,,169978.72340425532
8049,,,0.870644211769104,0.8725831508636475,-0.012033743783831596,0.024426981806755066,1.404505968093872,170062.5
8058,0.0,,,,,,,170250.0
8059,,1.4658024311065674,,,,,,170270.83333333334
8069,0.0,,,,,,,170479.16666666666
8070,,1.5291167497634888,,,,,,170500.0
8081,0.0,,,,,,,170729.16666666666
8082,,1.5331568717956543,,,,,,170750.0
8092,0.0,,,,,,,170958.33333333334
8093,,1.5508487224578857,,,,,,170979.16666666666
8102,,,0.8591201305389404,0.8592091202735901,-0.007034597918391228,0.013098339550197124,1.4885706901550293,171125.0
8110,0.0,,,,,,,171291.66666666666
8111,,1.5824321508407593,,,,,,171312.5
8121,0.0,,,,,,,171520.83333333334
8122,,1.454103708267212,,,,,,171541.66666666666
8132,0.0,,,,,,,171750.0
8133,,1.402066707611084,,,,,,171770.83333333334
8142,0.0,,,,,,,171958.33333333334
8143,,1.2796112298965454,,,,,,171979.16666666666
8149,,,0.8596257567405701,0.8610846400260925,-0.004513380117714405,0.020504018291831017,1.2766085863113403,172061.22448979592
8161,0.0,,,,,,,172306.1224489796
8162,,1.2442601919174194,,,,,,172326.5306122449
8170,0.0,,,,,,,172489.79591836734
8171,,1.3497276306152344,,,,,,172510.20408163266
8184,0.0,,,,,,,172775.51020408163
8185,,1.3744877576828003,,,,,,172795.91836734695
8193,0.0,,,,,,,172959.18367346938
8194,,1.310271978378296,,,,,,172979.5918367347
8201,,,0.8502275943756104,0.8523707389831543,-0.011135091073811054,0.022005558013916016,1.2651504278182983,173071.42857142858
8213,0.0,,,,,,,173285.7142857143
8214,,1.1781880855560303,,,,,,173303.57142857142
8224,0.0,,,,,,,173482.14285714287
8225,,1.1593610048294067,,,,,,173500.0
8239,0.0,,,,,,,173750.0
8240,,1.08890962600708,,,,,,173767.85714285713
8251,0.0,,,,,,,173964.2857142857
8252,,1.2144291400909424,,,,,,173982.14285714287
8257,,,0.8619943261146545,0.8630706071853638,-0.004276774823665619,0.023075813427567482,1.1227946281433105,174035.08771929826
8260,,,0.8488067388534546,0.8488681316375732,-0.009705092757940292,0.031163524836301804,1.0701768398284912,174087.71929824562
8272,0.0,,,,,,,174298.24561403508
8273,,1.186586618423462,,,,,,174315.7894736842
8284,0.0,,,,,,,174508.77192982455
8285,,1.418872356414795,,,,,,174526.31578947368
8300,0.0,,,,,,,174789.47368421053
8301,,1.5359814167022705,,,,,,174807.01754385966
8310,0.0,,,,,,,174964.91228070174
8311,,1.445075273513794,,,,,,174982.45614035087
8316,,,0.8706014156341553,0.8723625540733337,-0.007029290776699781,0.026383861899375916,1.357114315032959,175047.61904761905
8324,0.0,,,,,,,175238.09523809524
8325,,1.3740525245666504,,,,,,175261.90476190476
8334,0.0,,,,,,,175476.19047619047
8335,,1.4194152355194092,,,,,,175500.0
8345,0.0,,,,,,,175738.09523809524
8346,,1.387094259262085,,,,,,175761.90476190476
8354,0.0,,,,,,,175952.38095238095
8355,,1.4301060438156128,,,,,,175976.19047619047
8362,,,0.8530572056770325,0.8570799231529236,-0.0057479082606732845,0.027235958725214005,1.1995774507522583,176108.1081081081
8370,0.0,,,,,,,176324.32432432432
8371,,1.4494569301605225,,,,,,176351.35135135136
8379,0.0,,,,,,,176567.56756756757
8380,,1.343438982963562,,,,,,176594.5945945946
8386,0.0,,,,,,,176756.75675675675
8387,,1.6115421056747437,,,,,,176783.7837837838
8393,0.0,,,,,,,176945.94594594595
8394,,1.690182089805603,,,,,,176972.97297297296
8400,,,0.850484311580658,0.853114128112793,-0.017529362812638283,0.03741033375263214,1.4423569440841675,177068.18181818182
8409,0.0,,,,,,,177272.72727272726
8410,,1.4283273220062256,,,,,,177295.45454545456
8416,0.0,,,,,,,177431.81818181818
8417,,1.497131586074829,,,,,,177454.54545454544
8426,0.0,,,,,,,177659.0909090909
8427,,1.6171380281448364,,,,,,177681.81818181818
8439,0.0,,,,,,,177954.54545454544
8440,,1.4835995435714722,,,,,,177977.27272727274
8444,,,0.8627696633338928,0.8632898330688477,-0.012907583266496658,0.031238364055752754,1.3945831060409546,178023.80952380953
8453,0.0,,,,,,,178238.09523809524
8454,,1.3701646327972412,,,,,,178261.90476190476
8465,0.0,,,,,,,178523.80952380953
8466,,1.5678319931030273,,,,,,178547.61904761905
8476,0.0,,,,,,,178785.7142857143
8477,,1.4588662385940552,,,,,,178809.52380952382
8483,0.0,,,,,,,178952.38095238095
8484,,1.4652611017227173,,,,,,178976.19047619047
8488,,,0.8522118330001831,0.8541356325149536,-0.011122512631118298,0.026924900710582733,1.3437896966934204,179023.80952380953
8491,,,0.849143385887146,0.8535543084144592,-0.009474747814238071,0.030999062582850456,1.3726292848587036,179095.2380952381
8496,0.0,,,,,,,179214.2857142857
8497,,1.4163482189178467,,,,,,179238.09523809524
8507,0.0,,,,,,,179476.19047619047
8508,,1.3947728872299194,,,,,,179500.0
8519,0.0,,,,,,,179761.90476190476
8520,,1.3098406791687012,,,,,,179785.7142857143
8527,0.0,,,,,,,179952.38095238095
8528,,1.3731194734573364,,,,,,179976.19047619047
8535,,,0.8591639399528503,0.8628777265548706,-0.009758281521499157,0.031913045793771744,1.25591242313385,180076.92307692306
8548,0.0,,,,,,,180326.92307692306
8549,,1.5308692455291748,,,,,,180346.15384615384
8560,0.0,,,,,,,180557.6923076923
8561,,1.461836576461792,,,,,,180576.92307692306
8570,0.0,,,,,,,180750.0
8571,,1.789087176322937,,,,,,180769.23076923078
8581,0.0,,,,,,,180961.53846153847
8582,,1.8133355379104614,,,,,,180980.76923076922
8586,,,0.8412944078445435,0.8431097865104675,-0.002302285050973296,0.029684485867619514,1.8861898183822632,181020.0
8600,0.0,,,,,,,181300.0
8601,,1.7396068572998047,,,,,,181320.0
8613,0.0,,,,,,,181560.0
8614,,1.5938410758972168,,,,,,181580.0
8625,0.0,,,,,,,181800.0
8626,,1.644511342048645,,,,,,181820.0
8633,0.0,,,,,,,181960.0
8634,,1.5590404272079468,,,,,,181980.0
8639,,,0.8463751673698425,0.8496192693710327,-0.008339942432940006,0.02506381645798683,1.4097446203231812,182037.03703703705
8654,0.0,,,,,,,182314.8148148148
8655,,1.6436187028884888,,,,,,182333.33333333334
8669,0.0,,,,,,,182592.59259259258
8670,,1.500514268875122,,,,,,182611.11111111112
8679,0.0,,,,,,,182777.77777777778
8680,,1.838591456413269,,,,,,182796.2962962963
8689,0.0,,,,,,,182962.96296296295
8690,,1.915023922920227,,,,,,182981.4814814815
8695,,,0.8532891869544983,0.8559174537658691,-0.013194113038480282,0.030876420438289642,1.8265128135681152,183037.03703703705
8710,0.0,,,,,,,183314.8148148148
8711,,1.8895046710968018,,,,,,183333.33333333334
8721,0.0,,,,,,,183518.5185185185
8722,,1.5290766954421997,,,,,,183537.03703703705
8735,0.0,,,,,,,183777.77777777778
8736,,1.7003902196884155,,,,,,183796.2962962963
8745,0.0,,,,,,,183962.96296296295
8746,,1.5578771829605103,,,,,,183981.4814814815
8750,,,0.8651160597801208,0.8693494200706482,-0.011337438598275185,0.031961262226104736,1.4294078350067139,184021.73913043478
8753,,,0.8577887415885925,0.8640757203102112,-0.011498456820845604,0.03104441799223423,1.4755563735961914,184086.95652173914
8762,0.0,,,,,,,184282.60869565216
8763,,1.6646132469177246,,,,,,184304.34782608695
8774,0.0,,,,,,,184543.47826086957
8775,,1.6935837268829346,,,,,,184565.21739130435
8783,0.0,,,,,,,184739.13043478262
8784,,1.6903035640716553,,,,,,184760.86956521738
8793,0.0,,,,,,,184956.52173913043
8794,,1.901544451713562,,,,,,184978.26086956522
8798,,,0.8359849452972412,0.8367616534233093,-0.014177440665662289,0.03260314092040062,1.84809148311615,185024.39024390245
8806,0.0,,,,,,,185219.51219512196
8807,,1.9015272855758667,,,,,,185243.9024390244
8814,0.0,,,,,,,185414.63414634147
8815,,1.687332272529602,,,,,,185439.0243902439
8825,0.0,,,,,,,185682.92682926828
8826,,1.8292582035064697,,,,,,185707.31707317074
8836,0.0,,,,,,,185951.21951219512
8837,,1.6012914180755615,,,,,,185975.60975609755
8842,,,0.8632479906082153,0.8658574819564819,-0.010550911538302898,0.035261474549770355,1.6624467372894287,186050.0
8848,0.0,,,,,,,186200.0
8849,,1.9686514139175415,,,,,,186225.0
8859,0.0,,,,,,,186475.0
8860,,1.8660469055175781,,,,,,186500.0
8867,0.0,,,,,,,186675.0
8868,,1.8595118522644043,,,,,,186700.0
8878,0.0,,,,,,,186950.0
8879,,1.9619929790496826,,,,,,186975.0
8884,,,0.859131395816803,0.8593367338180542,-0.012613105587661266,0.04339760169386864,1.6249412298202515,187054.05405405405
8891,0.0,,,,,,,187243.24324324325
8892,,1.789737582206726,,,,,,187270.27027027027
8898,0.0,,,,,,,187432.43243243243
8899,,2.089277505874634,,,,,,187459.45945945947
8908,0.0,,,,,,,187702.7027027027
8909,,2.089458465576172,,,,,,187729.72972972973
8917,0.0,,,,,,,187945.94594594595
8918,,2.1725997924804688,,,,,,187972.97297297296
8925,,,0.8470492362976074,0.8490782380104065,-0.00956837646663189,0.04027441889047623,2.2549660205841064,188085.10638297873
8935,0.0,,,,,,,188297.87234042553
8936,,2.2659478187561035,,,,,,188319.1489361702
8945,0.0,,,,,,,188510.63829787233
8946,,2.1293652057647705,,,,,,188531.914893617
8954,0.0,,,,,,,188702.12765957447
8955,,2.294628143310547,,,,,,188723.40425531915
8966,0.0,,,,,,,188957.44680851063
8967,,2.2421953678131104,,,,,,188978.72340425532
8972,,,0.8505886793136597,0.8521777391433716,-0.012892866507172585,0.032807592302560806,2.33603572845459,189050.0
8976,,,0.8780848979949951,0.8785761594772339,-0.008943119086325169,0.040809232741594315,2.087360143661499,189150.0
8984,0.0,,,,,,,189350.0
8985,,2.333454132080078,,,,,,189375.0
8992,0.0,,,,,,,189550.0
8993,,2.3121933937072754,,,,,,189575.0
9000,0.0,,,,,,,189750.0
9001,,2.5415987968444824,,,,,,189775.0
9008,0.0,,,,,,,189950.0
9009,,2.6732797622680664,,,,,,189975.0
9015,,,0.8492096662521362,0.8531570434570312,-0.016426991671323776,0.04710349813103676,2.2774128913879395,190069.76744186046
9024,0.0,,,,,,,190279.06976744186
9025,,2.437422275543213,,,,,,190302.32558139536
9032,0.0,,,,,,,190465.11627906977
9033,,2.8262596130371094,,,,,,190488.37209302327
9042,0.0,,,,,,,190697.67441860464
9043,,3.076004981994629,,,,,,190720.93023255814
9053,0.0,,,,,,,190953.48837209304
9054,,3.0306642055511475,,,,,,190976.7441860465
9061,,,0.8454139232635498,0.8481212854385376,-0.011383318342268467,0.04844742640852928,2.9043502807617188,191081.6326530612
9073,0.0,,,,,,,191326.5306122449
9074,,3.1259052753448486,,,,,,191346.9387755102
9082,0.0,,,,,,,191510.20408163266
9083,,2.575742483139038,,,,,,191530.61224489796
9095,0.0,,,,,,,191775.51020408163
9096,,3.0292396545410156,,,,,,191795.91836734695
9104,0.0,,,,,,,191959.18367346938
9105,,2.851409912109375,,,,,,191979.5918367347
9110,,,0.8534586429595947,0.8546527624130249,-0.0256582610309124,0.05071889981627464,2.6060409545898438,192043.47826086957
9122,0.0,,,,,,,192304.34782608695
9123,,2.6498968601226807,,,,,,192326.08695652173
9135,0.0,,,,,,,192586.95652173914
9136,,2.8376312255859375,,,,,,192608.69565217392
9143,0.0,,,,,,,192760.86956521738
9144,,2.484621524810791,,,,,,192782.60869565216
9152,0.0,,,,,,,192956.52173913043
9153,,2.12813663482666,,,,,,192978.26086956522
9157,,,0.8629513382911682,0.863065242767334,-0.014371366240084171,0.05041797459125519,2.384829521179199,193023.2558139535
9167,0.0,,,,,,,193255.81395348837
9168,,2.3595409393310547,,,,,,193279.06976744186
9176,0.0,,,,,,,193465.11627906977
9177,,2.300307035446167,,,,,,193488.37209302327
9186,0.0,,,,,,,193697.67441860464
9187,,2.1531410217285156,,,,,,193720.93023255814
9197,0.0,,,,,,,193953.48837209304
9198,,2.3473315238952637,,,,,,193976.7441860465
9204,,,0.8529080748558044,0.8540568947792053,-0.01570579782128334,0.0510297454893589,2.1490767002105713,194062.5
9206,,,0.8392795324325562,0.8397417664527893,-0.0154257295653224,0.04287291318178177,2.211582899093628,194104.16666666666
9217,0.0,,,,,,,194333.33333333334
9218,,2.5100066661834717,,,,,,194354.16666666666
9226,0.0,,,,,,,194520.83333333334
9227,,2.589970827102661,,,,,,194541.66666666666
9236,0.0,,,,,,,194729.16666666666
9237,,2.5168001651763916,,,,,,194750.0
9247,0.0,,,,,,,194958.33333333334
9248,,2.449714183807373,,,,,,194979.16666666666
9256,,,0.8401955366134644,0.8415080308914185,-0.011618250980973244,0.03442045673727989,2.260129690170288,195116.27906976745
9261,0.0,,,,,,,195232.55813953487
9262,,1.9831539392471313,,,,,,195255.81395348837
9271,0.0,,,,,,,195465.11627906977
9272,,2.2626266479492188,,,,,,195488.37209302327
9283,0.0,,,,,,,195744.18604651163
9284,,2.376816749572754,,,,,,195767.44186046513
9292,0.0,,,,,,,195953.48837209304
9293,,2.319139242172241,,,,,,195976.7441860465
9297,,,0.8472651243209839,0.8497973084449768,-0.018652088940143585,0.04523564502596855,2.1554064750671387,196023.80952380953
9306,0.0,,,,,,,196238.09523809524
9307,,2.435729503631592,,,,,,196261.90476190476
9318,0.0,,,,,,,196523.80952380953
9319,,2.491257905960083,,,,,,196547.61904761905
9329,0.0,,,,,,,196785.7142857143
9330,,2.5616657733917236,,,,,,196809.52380952382
9336,0.0,,,,,,,196952.38095238095
9337,,2.7529537677764893,,,,,,196976.19047619047
9342,,,0.8502781391143799,0.8511139154434204,-0.034052882343530655,0.05992340296506882,2.145770788192749,197045.45454545456
9348,0.0,,,,,,,197181.81818181818
9349,,2.8187716007232666,,,,,,197204.54545454544
9360,0.0,,,,,,,197454.54545454544
9361,,2.832383871078491,,,,,,197477.27272727274
9370,0.0,,,,,,,197681.81818181818
9371,,3.069612979888916,,,,,,197704.54545454544
9382,0.0,,,,,,,197954.54545454544
9383,,3.0201590061187744,,,,,,197977.27272727274
9388,,,0.857613205909729,0.8582192063331604,-0.028603704646229744,0.05512639135122299,2.507805824279785,198052.63157894736
9395,0.0,,,,,,,198236.84210526315
9396,,3.187706708908081,,,,,,198263.15789473685
9403,0.0,,,,,,,198447.36842105264
9404,,2.990598201751709,,,,,,198473.68421052632
9413,0.0,,,,,,,198710.52631578947
9414,,3.102910041809082,,,,,,198736.84210526315
9422,0.0,,,,,,,198947.36842105264
9423,,3.0941686630249023,,,,,,198973.68421052632
9427,,,0.8500137329101562,0.8530899286270142,-0.02814885601401329,0.0879162922501564,2.4352848529815674,199020.83333333334
9430,,,0.8486250042915344,0.8487229943275452,-0.033327821642160416,0.07339223474264145,2.6888864040374756,199083.33333333334
9442,0.0,,,,,,,199333.33333333334
9443,,2.812943458557129,,,,,,199354.16666666666
9452,0.0,,,,,,,199541.66666666666
9453,,3.386306047439575,,,,,,199562.5
9460,0.0,,,,,,,199708.33333333334
9461,,3.552633762359619,,,,,,199729.16666666666
9472,0.0,,,,,,,199958.33333333334
9473,,3.6493868827819824,,,,,,199979.16666666666
9480,,,0.8463399410247803,0.8545349836349487,-0.027292631566524506,0.06365267932415009,3.013049364089966,200081.6326530612
9487,0.0,,,,,,,200224.48979591837
9488,,3.500424861907959,,,,,,200244.89795918367
9497,0.0,,,,,,,200428.57142857142
9498,,3.342824697494507,,,,,,200448.97959183675
9511,0.0,,,,,,,200714.2857142857
9512,,4.078695774078369,,,,,,200734.693877551
9523,0.0,,,,,,,200959.18367346938
9524,,3.7601447105407715,,,,,,200979.5918367347
9530,,,0.8572750091552734,0.8579262495040894,-0.04391225054860115,0.0848296508193016,3.3297581672668457,201066.66666666666
9538,0.0,,,,,,,201244.44444444444
9539,,3.6592724323272705,,,,,,201266.66666666666
9549,0.0,,,,,,,201488.88888888888
9550,,3.9784610271453857,,,,,,201511.11111111112
9559,0.0,,,,,,,201711.11111111112
9560,,4.207221031188965,,,,,,201733.33333333334
9570,0.0,,,,,,,201955.55555555556
9571,,3.8114917278289795,,,,,,201977.77777777778
9578,,,0.8365373611450195,0.838269054889679,-0.02892923168838024,0.06778126955032349,4.14605712890625,202105.26315789475
9585,0.0,,,,,,,202289.47368421053
9586,,4.046902179718018,,,,,,202315.7894736842
9596,0.0,,,,,,,202578.94736842104
9597,,3.686197280883789,,,,,,202605.26315789475
9603,0.0,,,,,,,202763.15789473685
9604,,4.390955924987793,,,,,,202789.47368421053
9610,0.0,,,,,,,202947.36842105264
9611,,4.403134346008301,,,,,,202973.68421052632
9615,,,0.8324885964393616,0.8329122066497803,-0.012012958526611328,0.049516186118125916,4.014176845550537,203019.60784313726
9626,0.0,,,,,,,203235.29411764705
9627,,3.7553789615631104,,,,,,203254.9019607843
9640,0.0,,,,,,,203509.80392156861
9641,,4.204370021820068,,,,,,203529.41176470587
9653,0.0,,,,,,,203764.70588235295
9654,,4.239858627319336,,,,,,203784.3137254902
9663,0.0,,,,,,,203960.78431372548
9664,,4.595601558685303,,,,,,203980.39215686274
9668,,,0.828621506690979,0.8311704397201538,-0.03697254881262779,0.0940939262509346,4.542158126831055,204018.8679245283
9672,,,0.8523625731468201,0.8546900749206543,-0.021560614928603172,0.09589513391256332,4.4523091316223145,204094.3396226415
9683,0.0,,,,,,,204301.88679245283
9684,,4.634120941162109,,,,,,204320.75471698114
9695,0.0,,,,,,,204528.30188679244
9696,,5.086031913757324,,,,,,204547.16981132075
9707,0.0,,,,,,,204754.71698113208
9708,,4.473263740539551,,,,,,204773.5849056604
9718,0.0,,,,,,,204962.2641509434
9719,,4.754411220550537,,,,,,204981.1320754717
9725,,,0.8534313440322876,0.8535585999488831,-0.04274430871009827,0.08912408351898193,3.6028897762298584,205073.17073170733
9735,0.0,,,,,,,205317.07317073172
9736,,4.424828052520752,,,,,,205341.46341463414
9745,0.0,,,,,,,205560.9756097561
9746,,4.615555286407471,,,,,,205585.36585365853
9756,0.0,,,,,,,205829.26829268291
9757,,5.052746772766113,,,,,,205853.65853658537
9761,0.0,,,,,,,205951.21951219512
9762,,4.779538154602051,,,,,,205975.60975609755
9767,,,0.8659257292747498,0.8668590188026428,-0.04006587341427803,0.12542188167572021,4.369435787200928,206042.55319148937
9778,0.0,,,,,,,206276.59574468085
9779,,4.995689868927002,,,,,,206297.87234042553
9789,0.0,,,,,,,206510.63829787233
9790,,4.553468227386475,,,,,,206531.914893617
9802,0.0,,,,,,,206787.2340425532
9803,,5.000851154327393,,,,,,206808.51063829788
9810,0.0,,,,,,,206957.44680851063
9811,,5.499330997467041,,,,,,206978.72340425532
9816,,,0.8420873284339905,0.8422993421554565,-0.03977113217115402,0.09846796095371246,4.9229254722595215,207042.55319148937
9822,0.0,,,,,,,207170.21276595743
9823,,5.025451183319092,,,,,,207191.48936170212
9829,0.0,,,,,,,207319.1489361702
9830,,5.3206257820129395,,,,,,207340.4255319149
9846,0.0,,,,,,,207680.8510638298
9847,,5.187316417694092,,,,,,207702.12765957447
9859,0.0,,,,,,,207957.44680851063
9860,,4.80494499206543,,,,,,207978.72340425532
9865,,,0.8366707563400269,0.8381715416908264,-0.04327211529016495,0.09699730575084686,4.590437889099121,208045.45454545456
9875,0.0,,,,,,,208272.72727272726
9876,,4.487194061279297,,,,,,208295.45454545456
9885,0.0,,,,,,,208500.0
9886,,5.2651143074035645,,,,,,208522.72727272726
9895,0.0,,,,,,,208727.27272727274
9896,,4.998578071594238,,,,,,208750.0
9905,0.0,,,,,,,208954.54545454544
9906,,5.035642147064209,,,,,,208977.27272727274
9911,,,0.8398731350898743,0.8440622091293335,-0.013534322381019592,0.10198288410902023,4.763022422790527,209054.05405405405
9913,,,0.8360669612884521,0.8397512435913086,-0.009495445527136326,0.06708262860774994,4.851260185241699,209108.1081081081
9920,0.0,,,,,,,209297.2972972973
9921,,5.367493152618408,,,,,,209324.32432432432
9928,0.0,,,,,,,209513.51351351352
9929,,5.08775520324707,,,,,,209540.54054054053
9937,0.0,,,,,,,209756.75675675675
9938,,5.456696510314941,,,,,,209783.7837837838
9944,0.0,,,,,,,209945.94594594595
9945,,4.956538200378418,,,,,,209972.97297297296
9952,,,0.846799373626709,0.8502902984619141,-0.04234776273369789,0.09742768853902817,4.672630310058594,210081.6326530612
9961,0.0,,,,,,,210265.306122449
9962,,4.755400657653809,,,,,,210285.7142857143
9972,0.0,,,,,,,210489.79591836734
9973,,4.949178695678711,,,,,,210510.20408163266
9981,0.0,,,,,,,210673.4693877551
9982,,5.171411037445068,,,,,,210693.8775510204
9995,0.0,,,,,,,210959.18367346938
9996,,4.420103073120117,,,,,,210979.5918367347
10002,,,0.8514094948768616,0.853208065032959,-0.005663271527737379,0.06380812078714371,4.636405944824219,211069.76744186046
10011,0.0,,,,,,,211279.06976744186
10012,,4.410459518432617,,,,,,211302.32558139536
10019,0.0,,,,,,,211465.11627906977
10020,,4.8358683586120605,,,,,,211488.37209302327
10029,0.0,,,,,,,211697.67441860464
10030,,4.508360385894775,,,,,,211720.93023255814
10040,0.0,,,,,,,211953.48837209304
10041,,4.922614574432373,,,,,,211976.7441860465
10051,,,0.8517059683799744,0.8563762903213501,-0.01476537436246872,0.06834627687931061,4.00044059753418,212122.80701754385
10065,0.0,,,,,,,212368.42105263157
10066,,4.904329299926758,,,,,,212385.9649122807
10076,0.0,,,,,,,212561.40350877194
10077,,5.0169854164123535,,,,,,212578.94736842104
10084,0.0,,,,,,,212701.75438596492
10085,,4.9792962074279785,,,,,,212719.29824561405
10099,0.0,,,,,,,212964.91228070174
10100,,4.652338981628418,,,,,,212982.45614035087
10106,,,0.8569527268409729,0.859613299369812,-0.019930459558963776,0.08691355586051941,5.191442966461182,213071.42857142858
10115,0.0,,,,,,,213285.7142857143
10116,,5.825535774230957,,,,,,213309.52380952382
10125,0.0,,,,,,,213523.80952380953
10126,,5.669243812561035,,,,,,213547.61904761905
10133,0.0,,,,,,,213714.2857142857
10134,,6.516200065612793,,,,,,213738.09523809524
10143,0.0,,,,,,,213952.38095238095
10144,,6.1025800704956055,,,,,,213976.19047619047
10148,,,0.8462046980857849,0.8512569069862366,-0.01437887642532587,0.07091818749904633,5.5007710456848145,214023.2558139535
10151,,,0.8411480784416199,0.8451569676399231,-0.009912225417792797,0.06605543196201324,5.6560564041137695,214093.02325581395
10161,0.0,,,,,,,214325.58139534883
10162,,6.088377475738525,,,,,,214348.83720930232
10172,0.0,,,,,,,214581.39534883722
10173,,6.266747951507568,,,,,,214604.6511627907
10177,0.0,,,,,,,214697.67441860464
10178,,5.854033946990967,,,,,,214720.93023255814
10188,0.0,,,,,,,214953.48837209304
10189,,6.707034587860107,,,,,,214976.7441860465
10195,,,0.8222137093544006,0.8266502022743225,0.0007467236719094217,0.08028474450111389,6.196230411529541,215057.6923076923
10207,0.0,,,,,,,215288.46153846153
10208,,5.114292621612549,,,,,,215307.6923076923
10223,0.0,,,,,,,215596.15384615384
10224,,6.149905681610107,,,,,,215615.38461538462
10231,0.0,,,,,,,215750.0
10232,,6.13347053527832,,,,,,215769.23076923078
10242,0.0,,,,,,,215961.53846153847
10243,,5.547725677490234,,,,,,215980.76923076922
10248,,,0.8223732709884644,0.8247209787368774,-0.01954822987318039,0.09297015517950058,5.6591033935546875,216045.45454545456
10258,0.0,,,,,,,216272.72727272726
10259,,6.125777244567871,,,,,,216295.45454545456
10267,0.0,,,,,,,216477.27272727274
10268,,7.032707214355469,,,,,,216500.0
10280,0.0,,,,,,,216772.72727272726
10281,,6.795921802520752,,,,,,216795.45454545456
10288,0.0,,,,,,,216954.54545454544
10289,,5.7396159172058105,,,,,,216977.27272727274
10294,,,0.8357068300247192,0.8392980694770813,-0.0028011396061629057,0.07799141854047775,6.64394474029541,217037.7358490566
10307,0.0,,,,,,,217283.01886792452
10308,,6.137783527374268,,,,,,217301.88679245283
10319,0.0,,,,,,,217509.43396226416
10320,,5.676856517791748,,,,,,217528.30188679244
10330,0.0,,,,,,,217716.98113207548
10331,,6.099671363830566,,,,,,217735.84905660377
10343,0.0,,,,,,,217962.2641509434
10344,,6.165765285491943,,,,,,217981.1320754717
10350,,,0.849760115146637,0.8505620360374451,-0.02492273971438408,0.09201507270336151,5.372565269470215,218073.17073170733
10359,0.0,,,,,,,218292.68292682926
10360,,6.081469535827637,,,,,,218317.07317073172
10370,0.0,,,,,,,218560.9756097561
10371,,5.954334735870361,,,,,,218585.36585365853
10377,0.0,,,,,,,218731.70731707316
10378,,6.419424057006836,,,,,,218756.0975609756
10386,0.0,,,,,,,218951.21951219512
10387,,5.90487813949585,,,,,,218975.60975609755
10391,,,0.8433936238288879,0.8489973545074463,-0.046537239104509354,0.13988465070724487,5.831857681274414,219017.24137931035
10396,,,0.8469409942626953,0.848731279373169,-0.037856150418519974,0.13968409597873688,5.7741875648498535,219103.44827586206
10407,0.0,,,,,,,219293.10344827586
10408,,5.966155052185059,,,,,,219310.3448275862
10420,0.0,,,,,,,219517.24137931035
10421,,6.5420122146606445,,,,,,219534.4827586207
10433,0.0,,,,,,,219741.37931034484
10434,,5.549844264984131,,,,,,219758.62068965516
10446,0.0,,,,,,,219965.5172413793
10447,,5.933802127838135,,,,,,219982.75862068965
10453,,,0.8476016521453857,0.8477967381477356,-0.028889887034893036,0.11970793455839157,5.676826477050781,220060.0
10466,0.0,,,,,,,220320.0
10467,,6.52338171005249,,,,,,220340.0
10474,0.0,,,,,,,220480.0
10475,,6.308072566986084,,,,,,220500.0
10484,0.0,,,,,,,220680.0
10485,,6.925445079803467,,,,,,220700.0
10498,0.0,,,,,,,220960.0
10499,,7.787797927856445,,,,,,220980.0
10504,,,0.8148791790008545,0.8154836893081665,-0.04270090535283089,0.13962498307228088,7.65429162979126,221055.55555555556
10515,0.0,,,,,,,221361.11111111112
10516,,6.728002548217773,,,,,,221388.88888888888
10522,0.0,,,,,,,221555.55555555556
10523,,7.5259552001953125,,,,,,221583.33333333334
10528,0.0,,,,,,,221722.22222222222
10529,,7.442365646362305,,,,,,221750.0
10536,0.0,,,,,,,221944.44444444444
10537,,6.707638263702393,,,,,,221972.22222222222
10541,,,0.8383963108062744,0.8390589356422424,-0.027550317347049713,0.11241381615400314,7.325399875640869,222028.57142857142
10551,0.0,,,,,,,222314.2857142857
10552,,6.888554096221924,,,,,,222342.85714285713
10559,0.0,,,,,,,222542.85714285713
10560,,7.518126964569092,,,,,,222571.42857142858
10567,0.0,,,,,,,222771.42857142858
10568,,7.984646320343018,,,,,,222800.0
10573,0.0,,,,,,,222942.85714285713
10574,,7.915982246398926,,,,,,222971.42857142858
10580,,,0.8602991700172424,0.8603553771972656,-0.011798123829066753,0.14496928453445435,7.9529500007629395,223061.22448979592
10588,0.0,,,,,,,223224.48979591837
10589,,7.807863712310791,,,,,,223244.89795918367
10602,0.0,,,,,,,223510.20408163266
10603,,6.565621852874756,,,,,,223530.61224489796
10608,0.0,,,,,,,223632.6530612245
10609,,8.069938659667969,,,,,,223653.0612244898
10624,0.0,,,,,,,223959.18367346938
10625,,8.07886028289795,,,,,,223979.5918367347
10630,,,0.8364800214767456,0.8422195315361023,-0.03733324632048607,0.13416986167430878,6.949173927307129,224040.0
10634,,,0.8375707268714905,0.8392630815505981,-0.02169114351272583,0.14394165575504303,7.114100456237793,224120.0
10647,0.0,,,,,,,224380.0
10648,,8.41177749633789,,,,,,224400.0
10655,0.0,,,,,,,224540.0
10656,,8.658013343811035,,,,,,224560.0
10667,0.0,,,,,,,224780.0
10668,,8.591256141662598,,,,,,224800.0
10676,0.0,,,,,,,224960.0
10677,,8.52124309539795,,,,,,224980.0
10686,,,0.8471152782440186,0.8480347990989685,-0.03130557760596275,0.19649749994277954,8.015521049499512,225136.36363636365
10693,0.0,,,,,,,225295.45454545456
10694,,7.773615837097168,,,,,,225318.18181818182
10700,0.0,,,,,,,225454.54545454544
10701,,7.9065260887146,,,,,,225477.27272727274
10712,0.0,,,,,,,225727.27272727274
10713,,8.71328353881836,,,,,,225750.0
10722,0.0,,,,,,,225954.54545454544
10723,,8.528219223022461,,,,,,225977.27272727274
10729,,,0.8327093124389648,0.8338414430618286,-0.016768306493759155,0.15220312774181366,8.48479175567627,226066.66666666666
10744,0.0,,,,,,,226400.0
10745,,8.727154731750488,,,,,,226422.22222222222
10752,0.0,,,,,,,226577.77777777778
10753,,8.83887004852295,,,,,,226600.0
10761,0.0,,,,,,,226777.77777777778
10762,,9.012419700622559,,,,,,226800.0
10769,0.0,,,,,,,226955.55555555556
10770,,8.2074556350708,,,,,,226977.77777777778
10775,,,0.8412282466888428,0.8458420038223267,-0.054950714111328125,0.14105744659900665,7.730558395385742,227042.55319148937
10786,0.0,,,,,,,227276.59574468085
10787,,9.083647727966309,,,,,,227297.87234042553
10795,0.0,,,,,,,227468.085106383
10796,,8.997581481933594,,,,,,227489.36170212767
10804,0.0,,,,,,,227659.5744680851
10805,,8.526924133300781,,,,,,227680.8510638298
10818,0.0,,,,,,,227957.44680851063
10819,,8.505559921264648,,,,,,227978.72340425532
10826,,,0.8492093086242676,0.8531250953674316,-0.05755075067281723,0.1614619344472885,7.690809726715088,228088.88888888888
10835,0.0,,,,,,,228288.88888888888
10836,,9.208209037780762,,,,,,228311.11111111112
10848,0.0,,,,,,,228577.77777777778
10849,,9.547209739685059,,,,,,228600.0
10858,0.0,,,,,,,228800.0
10859,,8.261073112487793,,,,,,228822.22222222222
10865,0.0,,,,,,,228955.55555555556
10866,,8.7548828125,,,,,,228977.77777777778
10873,,,0.8291963338851929,0.8292537927627563,0.029158517718315125,0.16884668171405792,9.199780464172363,229085.10638297873
10877,,,0.8376126289367676,0.8418874144554138,-0.03967445343732834,0.16543608903884888,8.794210433959961,229170.21276595743
10883,0.0,,,,,,,229297.87234042553
10884,,9.459487915039062,,,,,,229319.1489361702
10894,0.0,,,,,,,229531.914893617
10895,,10.135446548461914,,,,,,229553.1914893617
10906,0.0,,,,,,,229787.2340425532
10907,,10.186636924743652,,,,,,229808.51063829788
10914,0.0,,,,,,,229957.44680851063
10915,,10.211530685424805,,,,,,229978.72340425532
10920,,,0.8164373636245728,0.8183143138885498,-0.03220672532916069,0.1581360101699829,8.471380233764648,230045.45454545456
10931,0.0,,,,,,,230295.45454545456
10932,,10.505157470703125,,,,,,230318.18181818182
10941,0.0,,,,,,,230522.72727272726
10942,,8.606581687927246,,,,,,230545.45454545456
10948,0.0,,,,,,,230681.81818181818
10949,,9.385290145874023,,,,,,230704.54545454544
10960,0.0,,,,,,,230954.54545454544
10961,,10.37359619140625,,,,,,230977.27272727274
10969,,,0.8292573094367981,0.8313283920288086,-0.01423604879528284,0.1280263215303421,9.755796432495117,231111.11111111112
10975,0.0,,,,,,,231244.44444444444
10976,,9.84190559387207,,,,,,231266.66666666666
10986,0.0,,,,,,,231488.88888888888
10987,,9.216769218444824,,,,,,231511.11111111112
10997,0.0,,,,,,,231733.33333333334
10998,,9.388642311096191,,,,,,231755.55555555556
11007,0.0,,,,,,,231955.55555555556
11008,,10.44333553314209,,,,,,231977.77777777778
11013,,,0.8216490745544434,0.8222654461860657,-0.06468627601861954,0.19820518791675568,8.705219268798828,232036.36363636365
11024,0.0,,,,,,,232236.36363636365
11025,,10.96047306060791,,,,,,232254.54545454544
11036,0.0,,,,,,,232454.54545454544
11037,,12.238719940185547,,,,,,232472.72727272726
11052,0.0,,,,,,,232745.45454545456
11053,,11.670297622680664,,,,,,232763.63636363635
11064,0.0,,,,,,,232963.63636363635
11065,,9.845113754272461,,,,,,232981.81818181818
11069,,,0.8079605102539062,0.8092571496963501,-0.05580839514732361,0.1735592484474182,10.030348777770996,233022.22222222222
11082,0.0,,,,,,,233311.11111111112
11083,,9.849794387817383,,,,,,233333.33333333334
11089,0.0,,,,,,,233466.66666666666
11090,,8.670503616333008,,,,,,233488.88888888888
11098,0.0,,,,,,,233666.66666666666
11099,,12.084564208984375,,,,,,233688.88888888888
11111,0.0,,,,,,,233955.55555555556
11112,,10.713184356689453,,,,,,233977.77777777778
11116,,,0.8338293433189392,0.8345164060592651,-0.10860452800989151,0.22655221819877625,9.875373840332031,234026.31578947368
11121,,,0.8403016924858093,0.8437364101409912,-0.09480690211057663,0.2589828670024872,10.471457481384277,234157.8947368421
11128,0.0,,,,,,,234342.1052631579
11129,,11.650718688964844,,,,,,234368.42105263157
11134,0.0,,,,,,,234500.0
11135,,9.00660514831543,,,,,,234526.31578947368
11144,0.0,,,,,,,234763.15789473685
11145,,9.972440719604492,,,,,,234789.47368421053
11151,0.0,,,,,,,234947.36842105264
11152,,10.054031372070312,,,,,,234973.68421052632
11158,,,0.8407267332077026,0.8423450589179993,-0.05948783829808235,0.13941781222820282,10.962455749511719,235073.17073170733
11167,0.0,,,,,,,235292.68292682926
11168,,12.267683982849121,,,,,,235317.07317073172
11175,0.0,,,,,,,235487.80487804877
11176,,11.568089485168457,,,,,,235512.19512195123
11183,0.0,,,,,,,235682.92682926828
11184,,11.075119972229004,,,,,,235707.31707317074
11194,0.0,,,,,,,235951.21951219512
11195,,11.177300453186035,,,,,,235975.60975609755
11203,,,0.8398266434669495,0.8428268432617188,-0.05591032654047012,0.21699833869934082,11.605895042419434,236116.27906976745
11210,0.0,,,,,,,236279.06976744186
11211,,8.148746490478516,,,,,,236302.32558139536
11218,0.0,,,,,,,236465.11627906977
11219,,11.355186462402344,,,,,,236488.37209302327
11229,0.0,,,,,,,236720.93023255814
11230,,12.069409370422363,,,,,,236744.18604651163
11239,0.0,,,,,,,236953.48837209304
11240,,10.681065559387207,,,,,,236976.7441860465
11244,,,0.8162765502929688,0.8213111162185669,-0.03763202205300331,0.20479384064674377,10.90188980102539,237021.27659574468
11254,0.0,,,,,,,237234.04255319148
11255,,11.791777610778809,,,,,,237255.31914893616
11264,0.0,,,,,,,237446.8085106383
11265,,12.402322769165039,,,,,,237468.085106383
11273,0.0,,,,,,,237638.29787234042
11274,,11.598251342773438,,,,,,237659.5744680851
11288,0.0,,,,,,,237957.44680851063
11289,,11.0758638381958,,,,,,237978.72340425532
11295,,,0.8178419470787048,0.819908082485199,-0.08346031606197357,0.23184767365455627,10.797966957092285,238075.0
11302,0.0,,,,,,,238250.0
11303,,12.436805725097656,,,,,,238275.0
11308,0.0,,,,,,,238400.0
11309,,11.739047050476074,,,,,,238425.0
11317,0.0,,,,,,,238625.0
11318,,11.36601734161377,,,,,,238650.0
11330,0.0,,,,,,,238950.0
11331,,10.911309242248535,,,,,,238975.0
11336,,,0.8500486016273499,0.8542673587799072,-0.04125681892037392,0.2181490957736969,12.066621780395508,239040.81632653062
11339,,,0.8430579304695129,0.8461616635322571,-0.1263435333967209,0.24419085681438446,10.366545677185059,239102.04081632654
11349,0.0,,,,,,,239306.1224489796
11350,,12.642277717590332,,,,,,239326.5306122449
11360,0.0,,,,,,,239530.61224489796
11361,,11.497627258300781,,,,,,239551.02040816325
11371,0.0,,,,,,,239755.10204081633
11372,,11.324211120605469,,,,,,239775.51020408163
11381,0.0,,,,,,,239959.18367346938
11382,,13.00430965423584,,,,,,239979.5918367347
11387,,,0.8346356749534607,0.8368791937828064,-0.07301253825426102,0.30235227942466736,10.188339233398438,240047.61904761905
11397,0.0,,,,,,,240285.7142857143
11398,,12.750126838684082,,,,,,240309.52380952382
11405,0.0,,,,,,,240476.19047619047
11406,,11.65496826171875,,,,,,240500.0
11414,0.0,,,,,,,240690.47619047618
11415,,12.029030799865723,,,,,,240714.2857142857
11425,0.0,,,,,,,240952.38095238095
11426,,11.336289405822754,,,,,,240976.19047619047
11431,,,0.8372713923454285,0.8390528559684753,-0.08519551157951355,0.2271365076303482,12.184110641479492,241050.0
11441,0.0,,,,,,,241300.0
11442,,13.225421905517578,,,,,,241325.0
11450,0.0,,,,,,,241525.0
11451,,11.93586254119873,,,,,,241550.0
11459,0.0,,,,,,,241750.0
11460,,11.016387939453125,,,,,,241775.0
11467,0.0,,,,,,,241950.0
11468,,12.602276802062988,,,,,,241975.0
11474,,,0.8510370850563049,0.8525065779685974,-0.15055185556411743,0.32222670316696167,11.086522102355957,242071.42857142858
11484,0.0,,,,,,,242309.52380952382
11485,,13.839097023010254,,,,,,242333.33333333334
11492,0.0,,,,,,,242500.0
11493,,14.352145195007324,,,,,,242523.80952380953
11501,0.0,,,,,,,242714.2857142857
11502,,13.008231163024902,,,,,,242738.09523809524
11511,0.0,,,,,,,242952.38095238095
11512,,12.925369262695312,,,,,,242976.19047619047
11516,,,0.8422390818595886,0.8435648679733276,-0.06433703750371933,0.22797739505767822,12.643777847290039,243021.27659574468
11529,0.0,,,,,,,243297.87234042553
11530,,15.63111686706543,,,,,,243319.1489361702
11541,0.0,,,,,,,243553.1914893617
11542,,15.310330390930176,,,,,,243574.46808510637
11551,0.0,,,,,,,243765.95744680852
11552,,13.000575065612793,,,,,,243787.2340425532
11560,0.0,,,,,,,243957.44680851063
11561,,14.657245635986328,,,,,,243978.72340425532
11567,,,0.8500368595123291,0.8537655472755432,-0.04050780087709427,0.21591824293136597,11.50094223022461,244063.82978723405
11570,,,0.8519849181175232,0.8539246916770935,-0.05341953784227371,0.2889101207256317,13.13134765625,244127.6595744681
11580,0.0,,,,,,,244340.4255319149
11581,,13.823199272155762,,,,,,244361.70212765958
11589,0.0,,,,,,,244531.914893617
11590,,15.217222213745117,,,,,,244553.1914893617
11598,0.0,,,,,,,244723.40425531915
11599,,13.053953170776367,,,,,,244744.68085106384
11609,0.0,,,,,,,244957.44680851063
11610,,14.517248153686523,,,,,,244978.72340425532
11616,,,0.815154492855072,0.8173912763595581,-0.08653422445058823,0.2783704400062561,12.412090301513672,245066.66666666666
11624,0.0,,,,,,,245244.44444444444
11625,,13.854021072387695,,,,,,245266.66666666666
11635,0.0,,,,,,,245488.88888888888
11636,,15.864952087402344,,,,,,245511.11111111112
11646,0.0,,,,,,,245733.33333333334
11647,,13.099985122680664,,,,,,245755.55555555556
11656,0.0,,,,,,,245955.55555555556
11657,,12.711958885192871,,,,,,245977.77777777778
11662,,,0.8408589959144592,0.8425623774528503,-0.06258504837751389,0.3716455101966858,13.09985637664795,246050.0
11673,0.0,,,,,,,246325.0
11674,,13.91061019897461,,,,,,246350.0
11683,0.0,,,,,,,246575.0
11684,,13.76794147491455,,,,,,246600.0
11689,0.0,,,,,,,246725.0
11690,,13.981945037841797,,,,,,246750.0
11698,0.0,,,,,,,246950.0
11699,,12.775097846984863,,,,,,246975.0
11706,,,0.8084544539451599,0.8102077841758728,-0.07450055330991745,0.19313710927963257,12.472390174865723,247090.9090909091
11717,0.0,,,,,,,247340.9090909091
11718,,13.629939079284668,,,,,,247363.63636363635
11726,0.0,,,,,,,247545.45454545456
11727,,14.692593574523926,,,,,,247568.18181818182
11736,0.0,,,,,,,247772.72727272726
11737,,13.783894538879395,,,,,,247795.45454545456
11744,0.0,,,,,,,247954.54545454544
11745,,13.233770370483398,,,,,,247977.27272727274
11749,,,0.8325372338294983,0.836716890335083,-0.06727734953165054,0.32423463463783264,13.430400848388672,248021.73913043478
11758,0.0,,,,,,,248217.39130434784
11759,,13.602840423583984,,,,,,248239.13043478262
11771,0.0,,,,,,,248500.0
11772,,14.566732406616211,,,,,,248521.73913043478
11781,0.0,,,,,,,248717.39130434784
11782,,13.876605987548828,,,,,,248739.13043478262
11792,0.0,,,,,,,248956.52173913043
11793,,14.241336822509766,,,,,,248978.26086956522
11798,,,0.8389358520507812,0.8391583561897278,-0.1935054361820221,0.3670406937599182,10.854693412780762,249051.28205128206
11800,,,0.828676164150238,0.8287215828895569,-0.09704296290874481,0.23787516355514526,12.201333999633789,249102.5641025641
11807,0.0,,,,,,,249282.05128205128
11808,,14.51341438293457,,,,,,249307.6923076923
11818,0.0,,,,,,,249564.10256410256
11819,,14.779765129089355,,,,,,249589.7435897436
11827,0.0,,,,,,,249794.87179487178
11828,,13.154004096984863,,,,,,249820.5128205128
11833,0.0,,,,,,,249948.71794871794
11834,,15.218161582946777,,,,,,249974.35897435897
11839,,,0.8281431198120117,0.8296878337860107,-0.07004358619451523,0.286629855632782,12.451093673706055,250048.78048780488
11848,0.0,,,,,,,250268.29268292684
11849,,15.377713203430176,,,,,,250292.68292682926
11856,0.0,,,,,,,250463.41463414635
11857,,15.39093017578125,,,,,,250487.80487804877
11864,0.0,,,,,,,250658.53658536586
11865,,15.460917472839355,,,,,,250682.92682926828
11876,0.0,,,,,,,250951.21951219512
11877,,12.91744613647461,,,,,,250975.60975609755
11885,,,0.8538815975189209,0.8553360104560852,-0.09850019961595535,0.34088414907455444,13.38489818572998,251094.3396226415
11894,0.0,,,,,,,251264.15094339623
11895,,13.985894203186035,,,,,,251283.01886792452
11903,0.0,,,,,,,251433.96226415093
11904,,13.553767204284668,,,,,,251452.83018867925
11915,0.0,,,,,,,251660.37735849057
11916,,14.103777885437012,,,,,,251679.24528301886
11931,0.0,,,,,,,251962.2641509434
11932,,14.207040786743164,,,,,,251981.1320754717
11936,,,0.8345949649810791,0.8347344994544983,-0.07157480716705322,0.24306873977184296,11.36996841430664,252020.83333333334
11948,0.0,,,,,,,252270.83333333334
11949,,14.197803497314453,,,,,,252291.66666666666
11962,0.0,,,,,,,252562.5
11963,,14.060925483703613,,,,,,252583.33333333334
11972,0.0,,,,,,,252770.83333333334
11973,,14.836362838745117,,,,,,252791.66666666666
11981,0.0,,,,,,,252958.33333333334
11982,,15.410835266113281,,,,,,252979.16666666666
11988,,,0.838269829750061,0.8383504152297974,-0.03397131711244583,0.38875266909599304,14.30076789855957,253057.6923076923
11999,0.0,,,,,,,253269.23076923078
12000,,13.747479438781738,,,,,,253288.46153846153
12009,0.0,,,,,,,253461.53846153847
12010,,16.467317581176758,,,,,,253480.76923076922
12019,0.0,,,,,,,253653.84615384616
12020,,15.55453872680664,,,,,,253673.07692307694
12035,0.0,,,,,,,253961.53846153847
12036,,14.471981048583984,,,,,,253980.76923076922
12040,,,0.8178722858428955,0.8216662406921387,-0.09629489481449127,0.3154100775718689,14.159930229187012,254025.0
12043,,,0.8386391401290894,0.841475784778595,0.021030744537711143,0.33421438932418823,14.711934089660645,254100.0
12051,0.0,,,,,,,254300.0
12052,,15.837979316711426,,,,,,254325.0
12060,0.0,,,,,,,254525.0
12061,,15.214896202087402,,,,,,254550.0
12067,0.0,,,,,,,254700.0
12068,,15.838579177856445,,,,,,254725.0
12077,0.0,,,,,,,254950.0
12078,,12.863692283630371,,,,,,254975.0
12087,,,0.8472431302070618,0.8522529006004333,-0.027985703200101852,0.22671465575695038,14.457197189331055,255133.33333333334
12092,0.0,,,,,,,255244.44444444444
12093,,14.737150192260742,,,,,,255266.66666666666
12102,0.0,,,,,,,255466.66666666666
12103,,17.468889236450195,,,,,,255488.88888888888
12113,0.0,,,,,,,255711.11111111112
12114,,13.284564018249512,,,,,,255733.33333333334
12124,0.0,,,,,,,255955.55555555556
12125,,15.406557083129883,,,,,,255977.77777777778
12130,,,0.8253432512283325,0.828055739402771,-0.026759402826428413,0.21783538162708282,17.45307731628418,256040.0
12144,0.0,,,,,,,256320.0
12145,,14.85490894317627,,,,,,256340.0
12155,0.0,,,,,,,256540.0
12156,,16.059986114501953,,,,,,256560.0
12166,0.0,,,,,,,256760.0
12167,,16.83763313293457,,,,,,256780.0
12176,0.0,,,,,,,256960.0
12177,,14.446207046508789,,,,,,256980.0
12181,,,0.8056276440620422,0.8131520748138428,-0.00618988461792469,0.24309353530406952,16.866233825683594,257018.8679245283
12198,0.0,,,,,,,257339.62264150943
12199,,14.619148254394531,,,,,,257358.49056603774
12206,0.0,,,,,,,257490.56603773584
12207,,14.908872604370117,,,,,,257509.43396226416
12220,0.0,,,,,,,257754.71698113208
12221,,14.302371978759766,,,,,,257773.5849056604
12231,0.0,,,,,,,257962.2641509434
12232,,16.034013748168945,,,,,,257981.1320754717
12236,,,0.823559045791626,0.8262318968772888,-0.03948897123336792,0.3264235258102417,13.897521018981934,258025.64102564103
12245,0.0,,,,,,,258256.41025641025
12246,,16.286949157714844,,,,,,258282.05128205128
12255,0.0,,,,,,,258512.8205128205
12256,,14.775970458984375,,,,,,258538.46153846153
12262,0.0,,,,,,,258692.3076923077
12263,,16.656661987304688,,,,,,258717.94871794872
12272,0.0,,,,,,,258948.71794871794
12273,,17.37459373474121,,,,,,258974.35897435897
12277,,,0.8355299830436707,0.835631787776947,-0.05094834789633751,0.4513710141181946,13.750415802001953,259026.31578947368
12280,,,0.8185400366783142,0.8203586339950562,-0.11781471967697144,0.3030839264392853,16.175230026245117,259105.26315789475
12285,0.0,,,,,,,259236.84210526315
12286,,17.67083740234375,,,,,,259263.15789473685
12294,0.0,,,,,,,259473.68421052632
12295,,15.089092254638672,,,,,,259500.0
12304,0.0,,,,,,,259736.84210526315
12305,,13.986723899841309,,,,,,259763.15789473685
12312,0.0,,,,,,,259947.36842105264
12313,,17.343631744384766,,,,,,259973.68421052632
12321,,,0.8230345845222473,0.8247920274734497,-0.022683603689074516,0.3483765125274658,14.24392318725586,260098.03921568627
12328,0.0,,,,,,,260235.29411764705
12329,,14.842595100402832,,,,,,260254.9019607843
12338,0.0,,,,,,,260431.3725490196
12339,,13.86390495300293,,,,,,260450.98039215687
12352,0.0,,,,,,,260705.88235294117
12353,,15.311612129211426,,,,,,260725.49019607843
12365,0.0,,,,,,,260960.78431372548
12366,,16.32982635498047,,,,,,260980.39215686274
12371,,,0.797755241394043,0.7991049289703369,-0.01892860233783722,0.41114750504493713,14.609786033630371,261042.55319148937
12386,0.0,,,,,,,261361.70212765958
12387,,17.4399471282959,,,,,,261382.97872340426
12398,0.0,,,,,,,261617.02127659574
12399,,17.73558807373047,,,,,,261638.29787234042
12404,0.0,,,,,,,261744.68085106384
12405,,15.739986419677734,,,,,,261765.95744680852
12414,0.0,,,,,,,261957.44680851063
12415,,17.688051223754883,,,,,,261978.72340425532
12420,,,0.8045937418937683,0.8067575693130493,-0.08395375311374664,0.3204742670059204,15.908358573913574,262047.61904761905
12428,0.0,,,,,,,262238.09523809527
12429,,14.122632026672363,,,,,,262261.90476190473
12438,0.0,,,,,,,262476.1904761905
12439,,13.78481388092041,,,,,,262500.0
12448,0.0,,,,,,,262714.28571428574
12449,,17.154573440551758,,,,,,262738.09523809527
12458,0.0,,,,,,,262952.38095238095
12459,,17.06434440612793,,,,,,262976.1904761905
12466,,,0.8301794528961182,0.8322729468345642,-0.036607526242733,0.371305376291275,15.336417198181152,263095.2380952381
12475,0.0,,,,,,,263309.5238095238
12476,,14.850957870483398,,,,,,263333.3333333333
12485,0.0,,,,,,,263547.61904761905
12486,,15.334229469299316,,,,,,263571.4285714286
12494,0.0,,,,,,,263761.90476190473
12495,,18.15904998779297,,,,,,263785.71428571426
12502,0.0,,,,,,,263952.38095238095
12503,,16.211042404174805,,,,,,263976.1904761905
12507,,,0.8208340406417847,0.8211362957954407,-0.1090480163693428,0.40281814336776733,14.032794952392578,264020.8333333333
12509,,,0.794344425201416,0.797038733959198,-0.10452877730131149,0.27496984601020813,14.660873413085938,264062.5
12520,0.0,,,,,,,264291.6666666667
12521,,16.707839965820312,,,,,,264312.5
12529,0.0,,,,,,,264479.1666666667
12530,,15.761408805847168,,,,,,264500.0
12539,0.0,,,,,,,264687.5
12540,,16.915857315063477,,,,,,264708.3333333333
12552,0.0,,,,,,,264958.3333333333
12553,,19.20244026184082,,,,,,264979.1666666667
12557,,,0.826339066028595,0.8274712562561035,-0.08963394910097122,0.3055723011493683,14.021979331970215,265023.25581395347
12569,0.0,,,,,,,265302.32558139536
12570,,15.681110382080078,,,,,,265325.5813953488
12578,0.0,,,,,,,265511.62790697673
12579,,14.517473220825195,,,,,,265534.88372093026
12586,0.0,,,,,,,265697.67441860464
12587,,14.952591896057129,,,,,,265720.93023255817
12597,0.0,,,,,,,265953.488372093
12598,,14.89731216430664,,,,,,265976.74418604653
12607,,,0.8177984356880188,0.8205437660217285,-0.08720587939023972,0.28652647137641907,15.21788501739502,266117.64705882355
12621,0.0,,,,,,,266392.1568627451
12622,,14.994644165039062,,,,,,266411.76470588235
12629,0.0,,,,,,,266549.01960784313
12630,,16.255401611328125,,,,,,266568.6274509804
12639,0.0,,,,,,,266745.09803921566
12640,,18.91866111755371,,,,,,266764.70588235295
12650,0.0,,,,,,,266960.7843137255
12651,,18.1058406829834,,,,,,266980.39215686277
12656,,,0.798095703125,0.7999867796897888,-0.10327831655740738,0.29543066024780273,15.225687026977539,267044.44444444444
12668,0.0,,,,,,,267311.1111111111
12669,,15.362829208374023,,,,,,267333.3333333333
12680,0.0,,,,,,,267577.77777777775
12681,,18.568017959594727,,,,,,267600.0
12689,0.0,,,,,,,267777.77777777775
12690,,17.926944732666016,,,,,,267800.0
12697,0.0,,,,,,,267955.55555555556
12698,,17.945377349853516,,,,,,267977.77777777775
12705,,,0.8321775794029236,0.8328180909156799,0.0074832625687122345,0.6047914028167725,16.630512237548828,268085.10638297873
12718,0.0,,,,,,,268361.7021276596
12719,,18.63278579711914,,,,,,268382.97872340423
12727,0.0,,,,,,,268553.1914893617
12728,,19.129430770874023,,,,,,268574.4680851064
12736,0.0,,,,,,,268744.6808510638
12737,,17.31857681274414,,,,,,268765.9574468085
12746,0.0,,,,,,,268957.44680851063
12747,,15.785655975341797,,,,,,268978.72340425535
12751,,,0.8190564513206482,0.8227548599243164,0.032434236258268356,0.3781701624393463,16.99803352355957,269022.7272727273
12754,,,0.8364819288253784,0.8373283743858337,-0.024835359305143356,0.32622161507606506,17.107824325561523,269090.9090909091
12762,0.0,,,,,,,269272.7272727273
12763,,16.82406997680664,,,,,,269295.45454545453
12769,0.0,,,,,,,269431.8181818182
12770,,16.957704544067383,,,,,,269454.54545454547
12781,0.0,,,,,,,269704.54545454547
12782,,16.721067428588867,,,,,,269727.2727272727
12792,0.0,,,,,,,269954.54545454547
12793,,17.05360221862793,,,,,,269977.2727272727
12800,,,0.8162738084793091,0.8176803588867188,-0.18345382809638977,0.40566033124923706,15.88647747039795,270083.3333333333
12807,0.0,,,,,,,270229.1666666667
12808,,18.28754425048828,,,,,,270250.0
12818,0.0,,,,,,,270458.3333333333
12819,,16.918672561645508,,,,,,270479.1666666667
12829,0.0,,,,,,,270687.5
12830,,18.895597457885742,,,,,,270708.3333333333
12842,0.0,,,,,,,270958.3333333333
12843,,16.188222885131836,,,,,,270979.1666666667
12849,,,0.8044082522392273,0.8105170130729675,-0.1607925444841385,0.35366886854171753,16.50130844116211,271069.76744186046
12854,0.0,,,,,,,271186.0465116279
12855,,18.265522003173828,,,,,,271209.3023255814
12863,0.0,,,,,,,271395.3488372093
12864,,18.46624755859375,,,,,,271418.6046511628
12876,0.0,,,,,,,271697.67441860464
12877,,16.698652267456055,,,,,,271720.93023255817
12887,0.0,,,,,,,271953.488372093
12888,,17.820045471191406,,,,,,271976.74418604653
12893,,,0.8111934661865234,0.8118076324462891,-0.19047926366329193,0.3081534206867218,14.835413932800293,272042.55319148937
12907,0.0,,,,,,,272340.42553191487
12908,,18.481781005859375,,,,,,272361.7021276596
12915,0.0,,,,,,,272510.6382978723
12916,,13.682319641113281,,,,,,272531.91489361704
12926,0.0,,,,,,,272744.6808510638
12927,,12.088886260986328,,,,,,272765.9574468085
12936,0.0,,,,,,,272957.44680851063
12937,,12.728580474853516,,,,,,272978.72340425535
12941,,,0.789459228515625,0.7899398803710938,-0.004359327256679535,0.30382660031318665,14.025721549987793,273025.641025641
12952,0.0,,,,,,,273307.6923076923
12953,,14.056659698486328,,,,,,273333.3333333333
12963,0.0,,,,,,,273589.74358974356
12964,,15.10885238647461,,,,,,273615.3846153846
12970,0.0,,,,,,,273769.23076923075
12971,,13.870964050292969,,,,,,273794.8717948718
12977,0.0,,,,,,,273948.71794871794
12978,,14.172789573669434,,,,,,273974.358974359
12982,,,0.8065795302391052,0.8076558709144592,-0.028177881613373756,0.22442281246185303,11.482340812683105,274021.73913043475
12986,,,0.7719730138778687,0.7755801677703857,-0.06286700814962387,0.23374217748641968,9.1168794631958,274108.6956521739
12997,0.0,,,,,,,274347.82608695654
12998,,10.132176399230957,,,,,,274369.5652173913
13008,0.0,,,,,,,274586.95652173914
13009,,10.036908149719238,,,,,,274608.6956521739
13018,0.0,,,,,,,274804.347826087
13019,,11.30034351348877,,,,,,274826.0869565217
13025,0.0,,,,,,,274956.52173913043
13026,,11.126350402832031,,,,,,274978.26086956525
13035,,,0.8143295049667358,0.8163978457450867,-0.0459238700568676,0.28400111198425293,11.197373390197754,275122.44897959183
13043,0.0,,,,,,,275285.71428571426
13044,,9.8753023147583,,,,,,275306.1224489796
13054,0.0,,,,,,,275510.20408163266
13055,,11.685562133789062,,,,,,275530.612244898
13065,0.0,,,,,,,275734.693877551
13066,,10.829643249511719,,,,,,275755.10204081633
13076,0.0,,,,,,,275959.1836734694
13077,,9.850360870361328,,,,,,275979.5918367347
13082,,,0.8322287797927856,0.8369309902191162,-0.11593463271856308,0.39473798871040344,10.274755477905273,276042.55319148937
13097,0.0,,,,,,,276361.7021276596
13098,,7.925259113311768,,,,,,276382.97872340423
13105,0.0,,,,,,,276531.91489361704
13106,,11.45907211303711,,,,,,276553.1914893617
13115,0.0,,,,,,,276744.6808510638
13116,,10.195076942443848,,,,,,276765.9574468085
13125,0.0,,,,,,,276957.44680851063
13126,,12.08040714263916,,,,,,276978.72340425535
13131,,,0.8247329592704773,0.8259017467498779,-0.010319920256733894,0.23576602339744568,13.17833137512207,277047.61904761905
13144,0.0,,,,,,,277357.14285714284
13145,,12.070632934570312,,,,,,277380.95238095237
13150,0.0,,,,,,,277500.0
13151,,9.645066261291504,,,,,,277523.8095238095
13158,0.0,,,,,,,277690.4761904762
13159,,10.160654067993164,,,,,,277714.28571428574
13169,0.0,,,,,,,277952.38095238095
13170,,10.887060165405273,,,,,,277976.1904761905
13176,,,0.8110007643699646,0.8113483786582947,-0.07349584996700287,0.3076659142971039,10.611069679260254,278081.08108108107
13184,0.0,,,,,,,278297.2972972973
13185,,10.966497421264648,,,,,,278324.3243243243
13192,0.0,,,,,,,278513.5135135135
13193,,10.581966400146484,,,,,,278540.54054054053
13199,0.0,,,,,,,278702.7027027027
13200,,10.199800491333008,,,,,,278729.7297297297
13208,0.0,,,,,,,278945.9459459459
13209,,11.468303680419922,,,,,,278972.97297297296
13214,,,0.8253656029701233,0.8254439830780029,-0.01633777655661106,0.355893075466156,11.011771202087402,279047.61904761905
13217,,,0.7937593460083008,0.7940863966941833,-0.05888273939490318,0.3421867787837982,11.02777099609375,279119.04761904763
13225,0.0,,,,,,,279309.5238095238
13226,,10.39051342010498,,,,,,279333.3333333333
13234,0.0,,,,,,,279523.8095238095
13235,,10.243067741394043,,,,,,279547.61904761905
13243,0.0,,,,,,,279738.09523809527
13244,,13.592631340026855,,,,,,279761.90476190473
13252,0.0,,,,,,,279952.38095238095
13253,,11.958056449890137,,,,,,279976.1904761905
13259,,,0.8038340210914612,0.8064165115356445,-0.08222904801368713,0.34443163871765137,12.139503479003906,280066.6666666667
13268,0.0,,,,,,,280266.6666666667
13269,,14.459529876708984,,,,,,280288.8888888889
13276,0.0,,,,,,,280444.44444444444
13277,,10.829520225524902,,,,,,280466.6666666667
13286,0.0,,,,,,,280666.6666666667
13287,,13.945411682128906,,,,,,280688.8888888889
13299,0.0,,,,,,,280955.55555555556
13300,,13.780533790588379,,,,,,280977.77777777775
13305,,,0.8218993544578552,0.8243312835693359,-0.04286381974816322,0.3110635578632355,12.660896301269531,281037.7358490566
13317,0.0,,,,,,,281264.1509433962
13318,,15.08763313293457,,,,,,281283.0188679245
13328,0.0,,,,,,,281471.69811320753
13329,,14.03856372833252,,,,,,281490.56603773584
13337,0.0,,,,,,,281641.5094339623
13338,,11.595670700073242,,,,,,281660.37735849054
13354,0.0,,,,,,,281962.2641509434
13355,,10.9280424118042,,,,,,281981.1320754717
13359,,,0.7952144145965576,0.799792468547821,-0.1159123107790947,0.31024301052093506,11.986730575561523,282017.85714285716
13377,0.0,,,,,,,282339.28571428574
13378,,12.34119987487793,,,,,,282357.14285714284
13389,0.0,,,,,,,282553.5714285714
13390,,14.64633560180664,,,,,,282571.4285714286
13400,0.0,,,,,,,282750.0
13401,,13.788214683532715,,,,,,282767.85714285716
13412,0.0,,,,,,,282964.28571428574
13413,,12.626617431640625,,,,,,282982.14285714284
13419,,,0.8232192397117615,0.823312520980835,-0.0317460298538208,0.41856732964515686,13.540084838867188,283071.4285714286
13432,0.0,,,,,,,283380.95238095237
13433,,14.774292945861816,,,,,,283404.7619047619
13441,0.0,,,,,,,283595.2380952381
13442,,13.511089324951172,,,,,,283619.04761904763
13451,0.0,,,,,,,283833.3333333333
13452,,14.796725273132324,,,,,,283857.14285714284
13456,0.0,,,,,,,283952.38095238095
13457,,12.754738807678223,,,,,,283976.1904761905
13461,,,0.8007659912109375,0.8024758100509644,-0.0509764738380909,0.36722150444984436,13.914710998535156,284022.22222222225
13464,,,0.8029452562332153,0.8063942790031433,-0.1404292732477188,0.4405757188796997,11.314594268798828,284088.8888888889
13474,0.0,,,,,,,284311.1111111111
13475,,15.672454833984375,,,,,,284333.3333333333
13486,0.0,,,,,,,284577.77777777775
13487,,16.659761428833008,,,,,,284600.0
13495,0.0,,,,,,,284777.77777777775
13496,,15.727030754089355,,,,,,284800.0
13503,0.0,,,,,,,284955.55555555556
13504,,15.815234184265137,,,,,,284977.77777777775
13509,,,0.8318639397621155,0.8334454894065857,-0.05245782062411308,0.30369436740875244,16.691389083862305,285046.511627907
13517,0.0,,,,,,,285232.5581395349
13518,,15.420318603515625,,,,,,285255.81395348837
13527,0.0,,,,,,,285465.11627906974
13528,,16.278736114501953,,,,,,285488.37209302327
13534,0.0,,,,,,,285627.9069767442
13535,,18.741165161132812,,,,,,285651.16279069765
13548,0.0,,,,,,,285953.488372093
13549,,12.127299308776855,,,,,,285976.74418604653
13557,,,0.8149313926696777,0.8189713358879089,-0.16492964327335358,0.4312606751918793,10.744964599609375,286111.1111111111
13567,0.0,,,,,,,286333.3333333333
13568,,16.345352172851562,,,,,,286355.55555555556
13576,0.0,,,,,,,286533.3333333333
13577,,16.02345085144043,,,,,,286555.55555555556
13586,0.0,,,,,,,286755.55555555556
13587,,17.352903366088867,,,,,,286777.77777777775
13595,0.0,,,,,,,286955.55555555556
13596,,15.187137603759766,,,,,,286977.77777777775
13600,,,0.8022923469543457,0.8056952953338623,-0.16558967530727386,0.4090014100074768,14.529786109924316,287025.0
13611,0.0,,,,,,,287300.0
13612,,16.326913833618164,,,,,,287325.0
13620,0.0,,,,,,,287525.0
13621,,18.635326385498047,,,,,,287550.0
13632,0.0,,,,,,,287825.0
13633,,18.98155403137207,,,,,,287850.0
13637,0.0,,,,,,,287950.0
13638,,15.987363815307617,,,,,,287975.0
13643,,,0.8028716444969177,0.8043338656425476,-0.14099344611167908,0.3484400510787964,16.235239028930664,288040.0
13660,0.0,,,,,,,288380.0
13661,,20.527267456054688,,,,,,288400.0
13669,0.0,,,,,,,288560.0
13670,,15.324728965759277,,,,,,288580.0
13677,0.0,,,,,,,288720.0
13678,,15.548144340515137,,,,,,288740.0
13689,0.0,,,,,,,288960.0
13690,,16.58518409729004,,,,,,288980.0
13694,,,0.7877545952796936,0.7916815280914307,-0.056085433810949326,0.35553911328315735,16.30840301513672,289020.0
13697,,,0.8097740411758423,0.8118118047714233,-0.12520691752433777,0.35445472598075867,16.128406524658203,289080.0
13710,0.0,,,,,,,289340.0
13711,,17.81315040588379,,,,,,289360.0
13721,0.0,,,,,,,289560.0
13722,,15.361387252807617,,,,,,289580.0
13732,0.0,,,,,,,289780.0
13733,,15.981888771057129,,,,,,289800.0
13741,0.0,,,,,,,289960.0
13742,,17.459304809570312,,,,,,289980.0
13749,,,0.8016760349273682,0.801801860332489,-0.027786877006292343,0.34186291694641113,17.16468048095703,290093.0232558139
13761,0.0,,,,,,,290372.0930232558
13762,,17.08547019958496,,,,,,290395.3488372093
13771,0.0,,,,,,,290604.6511627907
13772,,20.999998092651367,,,,,,290627.9069767442
13776,0.0,,,,,,,290720.93023255817
13777,,19.47881317138672,,,,,,290744.18604651163
13786,0.0,,,,,,,290953.488372093
13787,,16.828689575195312,,,,,,290976.74418604653
13792,,,0.8080706000328064,0.8113158345222473,-0.023540513589978218,0.3286488950252533,16.083066940307617,291044.44444444444
13804,0.0,,,,,,,291311.1111111111
13805,,15.026331901550293,,,,,,291333.3333333333
13812,0.0,,,,,,,291488.8888888889
13813,,18.62467384338379,,,,,,291511.1111111111
13819,0.0,,,,,,,291644.44444444444
13820,,20.067218780517578,,,,,,291666.6666666667
13833,0.0,,,,,,,291955.55555555556
13834,,16.957313537597656,,,,,,291977.77777777775
13838,,,0.8289144039154053,0.831175684928894,-0.05181749165058136,0.3526703119277954,17.878389358520508,292023.8095238095
13847,0.0,,,,,,,292238.09523809527
13848,,18.116697311401367,,,,,,292261.90476190473
13856,0.0,,,,,,,292452.38095238095
13857,,18.964468002319336,,,,,,292476.1904761905
13865,0.0,,,,,,,292666.6666666667
13866,,19.640535354614258,,,,,,292690.4761904762
13877,0.0,,,,,,,292952.38095238095
13878,,13.417032241821289,,,,,,292976.1904761905
13882,,,0.8197575807571411,0.824787974357605,0.010832847096025944,0.3925849199295044,20.160911560058594,293019.60784313723
13892,0.0,,,,,,,293215.6862745098
13893,,20.320941925048828,,,,,,293235.29411764705
13905,0.0,,,,,,,293470.5882352941
13906,,17.983835220336914,,,,,,293490.1960784314
13919,0.0,,,,,,,293745.09803921566
13920,,19.720436096191406,,,,,,293764.70588235295
13930,0.0,,,,,,,293960.7843137255
13931,,17.78987693786621,,,,,,293980.39215686277
13935,,,0.826241672039032,0.8313814997673035,-0.19537904858589172,0.3959004878997803,18.981294631958008,294023.8095238095
13936,,,0.813265323638916,0.8152676820755005,-0.18405930697917938,0.44295814633369446,19.44420623779297,294047.61904761905
13944,0.0,,,,,,,294238.09523809527
13945,,20.759016036987305,,,,,,294261.90476190473
13957,0.0,,,,,,,294547.61904761905
13958,,19.875337600708008,,,,,,294571.4285714286
13967,0.0,,,,,,,294785.71428571426
13968,,17.8189640045166,,,,,,294809.5238095238
13974,0.0,,,,,,,294952.38095238095
13975,,22.371469497680664,,,,,,294976.1904761905
13981,,,0.8048539161682129,0.8061825037002563,-0.057891279458999634,0.3701692819595337,19.53447723388672,295066.6666666667
13995,0.0,,,,,,,295377.77777777775
13996,,21.812986373901367,,,,,,295400.0
14004,0.0,,,,,,,295577.77777777775
14005,,19.789478302001953,,,,,,295600.0
14015,0.0,,,,,,,295822.22222222225
14016,,20.66553497314453,,,,,,295844.44444444444
14021,0.0,,,,,,,295955.55555555556
14022,,21.753511428833008,,,,,,295977.77777777775
14029,,,0.8343166708946228,0.8367275595664978,-0.11419910937547684,0.4114721417427063,19.02583885192871,296090.9090909091
14038,0.0,,,,,,,296295.45454545453
14039,,20.997163772583008,,,,,,296318.1818181818
14048,0.0,,,,,,,296522.7272727273
14049,,20.858022689819336,,,,,,296545.45454545453
14057,0.0,,,,,,,296727.2727272727
14058,,20.472352981567383,,,,,,296750.0
14067,0.0,,,,,,,296954.54545454547
14068,,17.283803939819336,,,,,,296977.2727272727
14076,,,0.7916707396507263,0.793627142906189,-0.1380646824836731,0.38474205136299133,22.94742774963379,297111.1111111111
14085,0.0,,,,,,,297311.1111111111
14086,,18.998868942260742,,,,,,297333.3333333333
14092,0.0,,,,,,,297466.6666666667
14093,,21.198387145996094,,,,,,297488.8888888889
14102,0.0,,,,,,,297688.8888888889
14103,,21.933483123779297,,,,,,297711.1111111111
14114,0.0,,,,,,,297955.55555555556
14115,,23.41925621032715,,,,,,297977.77777777775
14119,,,0.79654461145401,0.7975109815597534,-0.131727933883667,0.3608562648296356,16.560060501098633,298024.39024390245
14127,0.0,,,,,,,298219.51219512196
14128,,20.04269027709961,,,,,,298243.9024390244
14136,0.0,,,,,,,298439.0243902439
14137,,21.418800354003906,,,,,,298463.4146341463
14149,0.0,,,,,,,298756.0975609756
14150,,18.992321014404297,,,,,,298780.48780487804
14157,3.5355185445951065e-06,,,,,,,298951.2195121951
14158,,25.353551864624023,,,,,,298975.60975609755
14163,,,0.8119416832923889,0.815828800201416,-0.1628151535987854,0.5537207126617432,17.12947654724121,299050.0
14167,,,0.798058032989502,0.8020171523094177,-0.07459701597690582,0.4422697424888611,18.436233520507812,299150.0
14175,0.0,,,,,,,299350.0
14176,,20.007938385009766,,,,,,299375.0
14181,0.0,,,,,,,299500.0
14182,,24.6090030670166,,,,,,299525.0
14189,0.0,,,,,,,299700.0
14190,,23.085187911987305,,,,,,299725.0
14199,0.0,,,,,,,299950.0
14200,,21.863656997680664,,,,,,299975.0
14208,,,0.8203175663948059,0.8209198117256165,-0.0678233727812767,0.6119241714477539,23.674131393432617,300100.0
14219,0.0,,,,,,,300320.0
14220,,22.907733917236328,,,,,,300340.0
14227,0.0,,,,,,,300480.0
14228,,24.523128509521484,,,,,,300500.0
14239,0.0,,,,,,,300720.0
14240,,19.85964584350586,,,,,,300740.0
14251,4.516925855568843e-06,,,,,,,300960.0
14252,,25.451692581176758,,,,,,300980.0
14259,,,0.7895976901054382,0.7930576801300049,-0.16897150874137878,0.4932820498943329,19.3292293548584,301085.10638297873
14268,9.156322448689025e-06,,,,,,,301276.59574468085
14269,,25.463939666748047,,,,,,301297.87234042556
14280,0.0,,,,,,,301531.91489361704
14281,,22.811603546142578,,,,,,301553.1914893617
14293,0.0,,,,,,,301808.5106382979
14294,,18.711585998535156,,,,,,301829.78723404254
14300,7.020301836746512e-06,,,,,,,301957.44680851063
14301,,25.702030181884766,,,,,,301978.72340425535
14308,,,0.8086593747138977,0.8106327652931213,-0.10573407262563705,0.5174547433853149,22.56475067138672,302076.92307692306
14321,0.0,,,,,,,302326.92307692306
14322,,22.440807342529297,,,,,,302346.1538461539
14333,1.0545883014856372e-05,,,,,,,302557.6923076923
14334,,26.054588317871094,,,,,,302576.92307692306
14343,1.879709270724561e-05,,,,,,,302750.0
14344,,25.82512092590332,,,,,,302769.23076923075
14354,0.0,,,,,,,302961.53846153844
14355,,18.5445556640625,,,,,,302980.76923076925
14359,,,0.8122395277023315,0.8150603175163269,-0.09188015013933182,0.449393093585968,21.40799903869629,303020.0
14375,0.0,,,,,,,303340.0
14376,,20.06709098815918,,,,,,303360.0
14390,0.0,,,,,,,303640.0
14391,,20.88722801208496,,,,,,303660.0
14398,0.0,,,,,,,303800.0
14399,,17.789382934570312,,,,,,303820.0
14406,0.0,,,,,,,303960.0
14407,,23.578670501708984,,,,,,303980.0
14411,,,0.8091596961021423,0.8102611303329468,-0.21186131238937378,0.5079154372215271,24.165746688842773,304021.27659574465
14414,,,0.8032381534576416,0.8048914074897766,-0.036598335951566696,0.38310372829437256,23.808137893676758,304085.10638297873
14421,0.0,,,,,,,304234.0425531915
14422,,24.599260330200195,,,,,,304255.3191489362
14432,1.0408172784082126e-05,,,,,,,304468.08510638296
14433,,26.040817260742188,,,,,,304489.3617021277
14444,0.0,,,,,,,304723.40425531915
14445,,22.34342384338379,,,,,,304744.6808510638
14455,1.3037948519922793e-05,,,,,,,304957.44680851063
14456,,26.303794860839844,,,,,,304978.72340425535
14463,,,0.7906975150108337,0.7924973964691162,-0.06305810064077377,0.39784666895866394,22.376190185546875,305090.9090909091
14472,1.798509583750274e-05,,,,,,,305295.45454545453
14473,,25.494714736938477,,,,,,305318.1818181818
14482,0.0,,,,,,,305522.7272727273
14483,,21.947378158569336,,,,,,305545.45454545453
14491,1.87101359188091e-05,,,,,,,305727.2727272727
14492,,26.871013641357422,,,,,,305750.0
14501,1.7662390746409073e-05,,,,,,,305954.54545454547
14502,,24.895225524902344,,,,,,305977.2727272727
14507,,,0.816831648349762,0.8181574940681458,-0.25133293867111206,0.7069392800331116,28.861814498901367,306040.8163265306
14517,0.0,,,,,,,306244.89795918367
14518,,22.136629104614258,,,,,,306265.306122449
14528,0.0,,,,,,,306469.387755102
14529,,23.881195068359375,,,,,,306489.79591836734
14542,7.440757485710492e-07,,,,,,,306755.10204081633
14543,,25.07440757751465,,,,,,306775.51020408166
14552,4.5830613089492545e-05,,,,,,,306959.1836734694
14553,,29.50865364074707,,,,,,306979.5918367347
14559,,,0.7961400151252747,0.800203800201416,-0.12518250942230225,0.5140342116355896,23.56935691833496,307060.0
14569,6.220140494406223e-05,,,,,,,307260.0
14570,,26.6370792388916,,,,,,307280.0
14579,6.736400973750278e-05,,,,,,,307460.0
14580,,25.516260147094727,,,,,,307480.0
14591,5.7658944569993764e-05,,,,,,,307700.0
14592,,24.02949333190918,,,,,,307720.0
14604,5.8566460211295635e-05,,,,,,,307960.0
14605,,25.09075164794922,,,,,,307980.0
14611,,,0.7811301350593567,0.7845930457115173,-0.014780337922275066,0.4187188148498535,22.51425552368164,308075.0
14618,2.1554740669671446e-05,,,,,,,308250.0
14619,,21.298828125,,,,,,308275.0
14628,2.8087142709409818e-05,,,,,,,308500.0
14629,,25.653240203857422,,,,,,308525.0
14638,4.2511561332503334e-05,,,,,,,308750.0
14639,,26.442441940307617,,,,,,308775.0
14646,0.00010352724348194897,,,,,,,308950.0
14647,,31.1015682220459,,,,,,308975.0
14652,,,0.8209328055381775,0.8238435387611389,-0.2472420036792755,0.6441289186477661,21.878463745117188,309039.2156862745
14657,,,0.8099009990692139,0.8124120235443115,-0.1413625180721283,0.610600471496582,26.048776626586914,309137.2549019608
14667,0.00013754586689174175,,,,,,,309333.3333333333
14668,,28.40186309814453,,,,,,309352.9411764706
14678,9.754476195666939e-05,,,,,,,309549.01960784313
14679,,20.999889373779297,,,,,,309568.6274509804
14687,0.00010400529572507367,,,,,,,309725.49019607843
14688,,25.646053314208984,,,,,,309745.09803921566
14699,9.321330435341224e-05,,,,,,,309960.7843137255
14700,,23.920801162719727,,,,,,309980.39215686277
14706,,,0.7918154001235962,0.7953850030899048,0.02460934780538082,0.5678256750106812,22.71725082397461,310069.76744186046
14717,0.0001066286422428675,,,,,,,310325.5813953488
14718,,26.341533660888672,,,,,,310348.83720930235
14725,8.765241364017129e-05,,,,,,,310511.62790697673
14726,,23.10237693786621,,,,,,310534.88372093026
14733,0.00015504076145589352,,,,,,,310697.67441860464
14734,,31.738834381103516,,,,,,310720.93023255817
14744,0.00016554049216210842,,,,,,,310953.488372093
14745,,26.049972534179688,,,,,,310976.74418604653
14752,,,0.8186312913894653,0.8238357901573181,-0.0916135385632515,0.5551398396492004,25.720666885375977,311093.0232558139
14763,0.0001232116192113608,,,,,,,311348.83720930235
14764,,20.767112731933594,,,,,,311372.0930232558
14770,8.331438584718853e-05,,,,,,,311511.62790697673
14771,,21.010276794433594,,,,,,311534.88372093026
14778,0.0,,,,,,,311697.67441860464
14779,,14.39500904083252,,,,,,311720.93023255817
14789,0.0,,,,,,,311953.488372093
14790,,24.933975219726562,,,,,,311976.74418604653
14796,,,0.7851322293281555,0.7852188348770142,-0.11084625869989395,0.5800389051437378,24.524978637695312,312071.4285714286
14804,0.0,,,,,,,312261.90476190473
14805,,22.549421310424805,,,,,,312285.71428571426
14815,0.0,,,,,,,312523.8095238095
14816,,22.483739852905273,,,,,,312547.61904761905
14823,0.0,,,,,,,312714.28571428574
14824,,24.94306182861328,,,,,,312738.09523809527
14833,1.3395767382462509e-05,,,,,,,312952.38095238095
14834,,26.339576721191406,,,,,,312976.1904761905
14841,,,0.806198000907898,0.8092214465141296,-0.09491331875324249,0.5942916870117188,24.03794288635254,313090.9090909091
14851,1.607198646524921e-05,,,,,,,313318.1818181818
14852,,25.267621994018555,,,,,,313340.9090909091
14861,0.0,,,,,,,313545.45454545453
14862,,19.81348991394043,,,,,,313568.1818181818
14870,0.0,,,,,,,313750.0
14871,,22.904958724975586,,,,,,313772.7272727273
14879,0.0,,,,,,,313954.54545454547
14880,,24.37291145324707,,,,,,313977.2727272727
14884,,,0.798682689666748,0.8010570406913757,-0.24358820915222168,0.6085503697395325,22.981916427612305,314022.22222222225
14888,,,0.8057748079299927,0.8091153502464294,-0.06592010706663132,0.45421725511550903,22.729129791259766,314111.1111111111
14897,0.0,,,,,,,314311.1111111111
14898,,22.62316131591797,,,,,,314333.3333333333
14905,0.0,,,,,,,314488.8888888889
14906,,21.746471405029297,,,,,,314511.1111111111
14915,6.174448208184913e-05,,,,,,,314711.1111111111
14916,,31.174448013305664,,,,,,314733.3333333333
14926,5.791178045910783e-05,,,,,,,314955.55555555556
14927,,24.616729736328125,,,,,,314977.77777777775
14936,,,0.8026744723320007,0.8041791915893555,-0.045944955199956894,0.6076174378395081,30.250789642333984,315125.0
14949,6.245571421459317e-05,,,,,,,315395.8333333333
14950,,25.45439338684082,,,,,,315416.6666666667
14957,7.946409459691495e-05,,,,,,,315562.5
14958,,26.700838088989258,,,,,,315583.3333333333
14965,9.841865539783612e-05,,,,,,,315729.1666666667
14966,,26.895456314086914,,,,,,315750.0
14976,0.00013732639490626752,,,,,,,315958.3333333333
14977,,28.89077377319336,,,,,,315979.1666666667
14983,,,0.8110436201095581,0.8163468837738037,-0.056921593844890594,0.42716872692108154,25.28367805480957,316071.4285714286
14994,0.00013022944040130824,,,,,,,316333.3333333333
14995,,24.29030418395996,,,,,,316357.14285714284
15001,6.551262777065858e-05,,,,,,,316500.0
15002,,18.528318405151367,,,,,,316523.8095238095
15011,8.827305282466114e-05,,,,,,,316738.09523809527
15012,,27.276042938232422,,,,,,316761.90476190473
15020,7.37135560484603e-05,,,,,,,316952.38095238095
15021,,23.544050216674805,,,,,,316976.1904761905
15026,,,0.7964378595352173,0.7986636757850647,-0.16492757201194763,0.7867228388786316,24.361513137817383,317051.28205128206
15034,2.2416348656406626e-05,,,,,,,317256.41025641025
15035,,19.87027931213379,,,,,,317282.0512820513
15043,5.6869474065024406e-05,,,,,,,317487.1794871795
15044,,28.4453125,,,,,,317512.8205128205
15052,9.198448969982564e-05,,,,,,,317717.9487179487
15053,,28.51150131225586,,,,,,317743.58974358975
15061,8.498932584188879e-05,,,,,,,317948.71794871794
15062,,24.30048370361328,,,,,,317974.358974359
15066,,,0.7888875603675842,0.7938060164451599,-0.28423845767974854,0.5866018533706665,24.881288528442383,318021.73913043475
15077,6.174843292683363e-05,,,,,,,318260.8695652174
15078,,22.67591094970703,,,,,,318282.60869565216
15087,3.908479993697256e-05,,,,,,,318478.26086956525
15088,,22.7336368560791,,,,,,318500.0
15098,0.00011647387145785615,,,,,,,318717.39130434784
15099,,32.73890686035156,,,,,,318739.1304347826
15109,0.00013345158367883414,,,,,,,318956.52173913043
15110,,26.697771072387695,,,,,,318978.26086956525
15114,,,0.791955828666687,0.7951495051383972,-0.04087814688682556,0.5896228551864624,21.857088088989258,319020.4081632653
15119,,,0.794649600982666,0.7970654964447021,-0.048170529305934906,0.49316805601119995,24.59773826599121,319122.44897959183
15129,0.00021830303012393415,,,,,,,319326.5306122449
15130,,33.485145568847656,,,,,,319346.9387755102
15140,0.00022707166499458253,,,,,,,319551.02040816325
15141,,25.876863479614258,,,,,,319571.4285714286
15152,0.00017334676522295922,,,,,,,319795.9183673469
15153,,19.62751007080078,,,,,,319816.32653061225
15160,0.00020139491243753582,,,,,,,319959.1836734694
15161,,27.8048152923584,,,,,,319979.5918367347
15166,,,0.7984039187431335,0.80180424451828,-0.08393627405166626,0.49776360392570496,25.288135528564453,320047.61904761905
15177,0.0001845203514676541,,,,,,,320309.5238095238
15178,,23.312543869018555,,,,,,320333.3333333333
15183,0.00017459184164181352,,,,,,,320452.38095238095
15184,,24.00714874267578,,,,,,320476.1904761905
15194,0.00019491482817102224,,,,,,,320714.28571428574
15195,,27.032299041748047,,,,,,320738.09523809527
15204,0.00024394803040195256,,,,,,,320952.38095238095
15205,,29.9033203125,,,,,,320976.1904761905
15212,,,0.793968915939331,0.7967286705970764,0.009852193295955658,0.4690990149974823,23.35681915283203,321090.9090909091
15220,0.00023079680977389216,,,,,,,321272.7272727273
15221,,23.684877395629883,,,,,,321295.45454545453
15232,0.0002652532421052456,,,,,,,321545.45454545453
15233,,28.44564437866211,,,,,,321568.1818181818
15244,0.00033638239256106317,,,,,,,321818.1818181818
15245,,32.1129150390625,,,,,,321840.9090909091
15250,0.0002992603403981775,,,,,,,321954.54545454547
15251,,21.28779411315918,,,,,,321977.2727272727
15258,,,0.8083175420761108,0.8112722039222717,-0.058803483843803406,0.45058000087738037,24.992534637451172,322083.3333333333
15271,0.0003254319017287344,,,,,,,322354.1666666667
15272,,27.617156982421875,,,,,,322375.0
15277,0.00035915503394789994,,,,,,,322479.1666666667
15278,,28.372312545776367,,,,,,322500.0
15291,0.00036674959119409323,,,,,,,322770.8333333333
15292,,25.759456634521484,,,,,,322791.6666666667
15300,0.00034297979436814785,,,,,,,322958.3333333333
15301,,22.62302017211914,,,,,,322979.1666666667
15305,,,0.7960546612739563,0.7977813482284546,-0.33254432678222656,0.6831566095352173,20.55428123474121,323019.23076923075
15314,0.0004010397824458778,,,,,,,323192.3076923077
15315,,30.805999755859375,,,,,,323211.53846153844
15325,0.000485301687149331,,,,,,,323403.8461538461
15326,,33.42618942260742,,,,,,323423.07692307694
15336,0.0005297042080201209,,,,,,,323615.3846153846
15337,,29.440250396728516,,,,,,323634.6153846154
15354,0.000607055495493114,,,,,,,323961.53846153844
15355,,32.735130310058594,,,,,,323980.76923076925
15359,,,0.8242442011833191,0.8251898288726807,-0.14605896174907684,0.5911231637001038,25.38840103149414,324020.4081632653
15363,,,0.7984068393707275,0.8008085489273071,-0.14804145693778992,0.47753438353538513,26.581432342529297,324102.0408163265
15372,0.0006820934941060841,,,,,,,324285.71428571426
15373,,32.50379943847656,,,,,,324306.1224489796
15384,0.000697814451996237,,,,,,,324530.612244898
15385,,26.572097778320312,,,,,,324551.02040816325
15395,0.0007023066282272339,,,,,,,324755.10204081633
15396,,25.449216842651367,,,,,,324775.51020408166
15405,0.000722345954272896,,,,,,,324959.1836734694
15406,,27.003931045532227,,,,,,324979.5918367347
15413,,,0.8094754815101624,0.8129109144210815,-0.19624915719032288,0.6648806929588318,30.248594284057617,325085.10638297873
15424,0.0007004662184044719,,,,,,,325319.1489361702
15425,,22.81202507019043,,,,,,325340.42553191487
15433,0.0007341878372244537,,,,,,,325510.6382978723
15434,,28.372159957885742,,,,,,325531.91489361704
15440,0.0007717271219007671,,,,,,,325659.57446808513
15441,,28.753931045532227,,,,,,325680.8510638298
15454,0.0008201132295653224,,,,,,,325957.44680851063
15455,,29.83860969543457,,,,,,325978.72340425535
15461,,,0.8079483509063721,0.8089224100112915,-0.0841728150844574,0.6307703852653503,24.80058479309082,326065.2173913043
15470,0.0007775427075102925,,,,,,,326260.8695652174
15471,,20.742948532104492,,,,,,326282.60869565216
15479,0.0008384136017411947,,,,,,,326456.52173913043
15480,,31.08709144592285,,,,,,326478.26086956525
15492,0.0008715820731595159,,,,,,,326739.1304347826
15493,,28.31684684753418,,,,,,326760.8695652174
15502,0.000847041024826467,,,,,,,326956.52173913043
15503,,22.5458927154541,,,,,,326978.26086956525
15509,,,0.7599251866340637,0.7656934261322021,-0.07047875970602036,0.5162564516067505,25.498029708862305,327063.829787234
15523,0.0008031539036892354,,,,,,,327361.7021276596
15524,,20.611286163330078,,,,,,327382.97872340423
15532,0.0008366036345250905,,,,,,,327553.1914893617
15533,,28.344972610473633,,,,,,327574.4680851064
15544,0.0008775785681791604,,,,,,,327808.5106382979
15545,,29.097496032714844,,,,,,327829.78723404254
15551,0.000878622755408287,,,,,,,327957.44680851063
15552,,25.10441780090332,,,,,,327978.72340425535
15556,,,0.8047908544540405,0.8065350651741028,0.06198608875274658,0.848347544670105,28.34823226928711,328022.22222222225
15566,0.000872407981660217,,,,,,,328244.44444444444
15567,,24.378522872924805,,,,,,328266.6666666667
15577,0.000880685867741704,,,,,,,328488.8888888889
15578,,25.827789306640625,,,,,,328511.1111111111
15590,0.0009393906220793724,,,,,,,328777.77777777775
15591,,30.870473861694336,,,,,,328800.0
15598,0.0009317971998825669,,,,,,,328955.55555555556
15599,,24.24065589904785,,,,,,328977.77777777775
15603,,,0.7962453365325928,0.7969109416007996,-0.03189513459801674,0.48922550678253174,31.85279655456543,329027.02702702704
15606,,,0.7956501245498657,0.7961121201515198,-0.125525563955307,0.5065141916275024,28.68670654296875,329108.1081081081
15612,0.0009749906021170318,,,,,,,329270.2702702703
15613,,29.3193416595459,,,,,,329297.2972972973
15622,0.0010024042567238212,,,,,,,329540.54054054053
15623,,27.741365432739258,,,,,,329567.5675675676
15630,0.0010550543665885925,,,,,,,329756.75675675675
15631,,30.265010833740234,,,,,,329783.7837837838
15637,0.001098687993362546,,,,,,,329945.9459459459
15638,,29.363359451293945,,,,,,329972.97297297296
15645,,,0.7964217662811279,0.7968205213546753,-0.21050027012825012,0.664573073387146,26.060546875,330085.10638297873
15657,0.001169899944216013,,,,,,,330340.42553191487
15658,,32.12120056152344,,,,,,330361.7021276596
15665,0.0011274759890511632,,,,,,,330510.6382978723
15666,,20.757606506347656,,,,,,330531.91489361704
15675,0.0011437248904258013,,,,,,,330723.40425531915
15676,,26.624895095825195,,,,,,330744.6808510638
15686,0.0011789617128670216,,,,,,,330957.44680851063
15687,,28.523685455322266,,,,,,330978.72340425535
15694,,,0.8112738132476807,0.8161628842353821,-0.2143210470676422,0.7233168482780457,28.0988826751709,331081.63265306124
15702,0.0012307007564231753,,,,,,,331244.89795918367
15703,,30.173908233642578,,,,,,331265.306122449
15714,0.0012637635227292776,,,,,,,331489.79591836734
15715,,28.30628204345703,,,,,,331510.20408163266
15725,0.001351193175651133,,,,,,,331714.28571428574
15726,,33.74296951293945,,,,,,331734.693877551
15737,0.0014312550192698836,,,,,,,331959.1836734694
15738,,33.00618362426758,,,,,,331979.5918367347
15743,,,0.795452892780304,0.7966969609260559,-0.03207370638847351,0.8251398801803589,27.913169860839844,332054.0540540541
15748,0.0014484644634649158,,,,,,,332189.1891891892
15749,,26.720945358276367,,,,,,332216.2162162162
15759,0.0015324957203119993,,,,,,,332486.4864864865
15760,,33.40312576293945,,,,,,332513.5135135135
15767,0.001611598883755505,,,,,,,332702.7027027027
15768,,32.910316467285156,,,,,,332729.7297297297
15776,0.0016841543838381767,,,,,,,332945.9459459459
15777,,32.25555419921875,,,,,,332972.97297297296
15783,,,0.7959001064300537,0.7975176572799683,-0.10932935029268265,0.4517361521720886,25.79171371459961,333060.0
15793,0.001705544418655336,,,,,,,333260.0
15794,,27.13899803161621,,,,,,333280.0
15803,0.0017732006963342428,,,,,,,333460.0
15804,,31.7656307220459,,,,,,333480.0
15813,0.001804861007258296,,,,,,,333660.0
15814,,28.16602897644043,,,,,,333680.0
15828,0.0018288688734173775,,,,,,,333960.0
15829,,27.400787353515625,,,,,,333980.0
15834,,,0.7660893201828003,0.7698784470558167,-0.11765050143003464,0.46147528290748596,26.193944931030273,334050.0
15836,,,0.779749870300293,0.7819859981536865,-0.04445406422019005,0.5858532786369324,31.71182632446289,334100.0
15844,0.0018259931821376085,,,,,,,334300.0
15845,,24.71242904663086,,,,,,334325.0
15853,0.0019160328665748239,,,,,,,334525.0
15854,,34.003963470458984,,,,,,334550.0
15861,0.001989207696169615,,,,,,,334725.0
15862,,32.31748580932617,,,,,,334750.0
15870,0.0020370199345052242,,,,,,,334950.0
15871,,29.781213760375977,,,,,,334975.0
15881,,,0.7787836790084839,0.7799040079116821,0.016986990347504616,0.616780698299408,25.212371826171875,335145.8333333333
15889,0.0020584261510521173,,,,,,,335312.5
15890,,27.1406192779541,,,,,,335333.3333333333
15902,0.002153623616322875,,,,,,,335583.3333333333
15903,,34.51974868774414,,,,,,335604.1666666667
15910,0.002223109593614936,,,,,,,335750.0
15911,,31.9486083984375,,,,,,335770.8333333333
15920,0.0022864248603582382,,,,,,,335958.3333333333
15921,,31.33153533935547,,,,,,335979.1666666667
15926,,,0.7893327474594116,0.7906932234764099,-0.09166005998849869,0.5300724506378174,32.80911636352539,336051.28205128206
15935,0.0023656338453292847,,,,,,,336282.0512820513
15936,,32.920894622802734,,,,,,336307.6923076923
15942,0.0024774137418717146,,,,,,,336461.53846153844
15943,,36.1779899597168,,,,,,336487.1794871795
15951,0.0025502892676740885,,,,,,,336692.3076923077
15952,,32.28755569458008,,,,,,336717.9487179487
15961,0.0025845610070973635,,,,,,,336948.71794871794
15962,,28.427183151245117,,,,,,336974.358974359
15966,,,0.7818922400474548,0.7820970416069031,-0.2874366044998169,0.7693570256233215,26.270816802978516,337019.23076923075
15982,0.002608994487673044,,,,,,,337326.92307692306
15983,,27.443359375,,,,,,337346.1538461539
15994,0.002687369007617235,,,,,,,337557.6923076923
15995,,32.83745193481445,,,,,,337576.92307692306
16002,0.0027521976735442877,,,,,,,337711.53846153844
16003,,31.48285675048828,,,,,,337730.76923076925
16015,0.0028023687191307545,,,,,,,337961.53846153844
16016,,30.017107009887695,,,,,,337980.76923076925
16022,,,0.792494535446167,0.7935585975646973,-0.11933252215385437,0.3751557171344757,29.659738540649414,338060.0
16036,0.0029141155537217855,,,,,,,338340.0
16037,,36.17469024658203,,,,,,338360.0
16046,0.003006920451298356,,,,,,,338540.0
16047,,34.28049850463867,,,,,,338560.0
16059,0.0029943904373794794,,,,,,,338800.0
16060,,23.74699592590332,,,,,,338820.0
16067,0.003042949130758643,,,,,,,338960.0
16068,,29.855880737304688,,,,,,338980.0
16072,,,0.7722393274307251,0.7725697755813599,-0.04726405069231987,0.8427473306655884,25.58884048461914,339021.27659574465
16080,,,0.7681187987327576,0.7737922668457031,-0.18347081542015076,0.5015491843223572,24.160921096801758,339191.4893617021
16088,0.0031113168224692345,,,,,,,339361.7021276596
16089,,31.83677101135254,,,,,,339382.97872340423
16100,0.003177616046741605,,,,,,,339617.02127659577
16101,,31.629920959472656,,,,,,339638.2978723404
16107,0.003193773329257965,,,,,,,339765.9574468085
16108,,26.6157283782959,,,,,,339787.2340425532
16116,0.0032615908421576023,,,,,,,339957.44680851063
16117,,31.78174591064453,,,,,,339978.72340425535
16123,,,0.7744098901748657,0.779084324836731,-0.09351162612438202,0.45670899748802185,28.13028335571289,340066.6666666667
16132,0.003369193524122238,,,,,,,340266.6666666667
16133,,35.76026916503906,,,,,,340288.8888888889
16145,0.003430446842685342,,,,,,,340555.55555555556
16146,,31.125341415405273,,,,,,340577.77777777775
16156,0.0034674066118896008,,,,,,,340800.0
16157,,28.695980072021484,,,,,,340822.22222222225
16163,0.0034706376027315855,,,,,,,340955.55555555556
16164,,25.32309341430664,,,,,,340977.77777777775
16171,,,0.7831294536590576,0.7844886183738708,0.03231140598654747,0.6917877197265625,34.06398010253906,341095.2380952381
16181,0.003578219097107649,,,,,,,341333.3333333333
16182,,35.75815200805664,,,,,,341357.14285714284
16189,0.0036037827376276255,,,,,,,341523.8095238095
16190,,27.556367874145508,,,,,,341547.61904761905
16197,0.003646192140877247,,,,,,,341714.28571428574
16198,,29.240936279296875,,,,,,341738.09523809527
16207,0.003705026814714074,,,,,,,341952.38095238095
16208,,30.88345718383789,,,,,,341976.1904761905
16212,,,0.8152758479118347,0.8204261660575867,-0.10637471079826355,0.6536321640014648,28.50621795654297,342025.0
16220,0.003777158912271261,,,,,,,342225.0
16221,,32.213199615478516,,,,,,342250.0
16226,0.0039215669967234135,,,,,,,342375.0
16227,,39.440799713134766,,,,,,342400.0
16240,0.003976671490818262,,,,,,,342725.0
16241,,30.510459899902344,,,,,,342750.0
16249,0.004037036560475826,,,,,,,342950.0
16250,,31.0365047454834,,,,,,342975.0
16254,,,0.7608574628829956,0.7620074152946472,-0.2575511336326599,0.5953277945518494,27.737337112426758,343025.641025641
16261,0.004125120118260384,,,,,,,343205.1282051282
16262,,33.80835723876953,,,,,,343230.76923076925
16273,0.004144727252423763,,,,,,,343512.8205128205
16274,,26.96073341369629,,,,,,343538.46153846156
16282,0.004260733723640442,,,,,,,343743.58974358975
16283,,36.600650787353516,,,,,,343769.23076923075
16290,0.0043653808534145355,,,,,,,343948.71794871794
16291,,35.4647331237793,,,,,,343974.358974359
16295,,,0.8085230588912964,0.8100842833518982,-0.1350676268339157,0.5849080085754395,38.98222351074219,344027.02702702704
16299,,,0.8029420375823975,0.8040603399276733,-0.05706682801246643,0.6156281232833862,31.461029052734375,344135.13513513515
16302,0.004433846101164818,,,,,,,344216.2162162162
16303,,31.84654426574707,,,,,,344243.24324324325
16311,0.004530895967036486,,,,,,,344459.45945945947
16312,,34.704978942871094,,,,,,344486.4864864865
16320,0.004590337164700031,,,,,,,344702.7027027027
16321,,30.944137573242188,,,,,,344729.7297297297
16329,0.004682646598666906,,,,,,,344945.9459459459
16330,,34.23095703125,,,,,,344972.97297297296
16335,,,0.7818036675453186,0.7820326089859009,-0.19399192929267883,0.7370054721832275,35.940818786621094,345048.7804878049
16344,0.004743332043290138,,,,,,,345268.2926829268
16345,,31.068527221679688,,,,,,345292.68292682926
16350,0.004799417685717344,,,,,,,345414.6341463415
16351,,30.608562469482422,,,,,,345439.0243902439
16359,0.004894292447715998,,,,,,,345634.14634146343
16360,,34.48749542236328,,,,,,345658.53658536583
16372,0.004979974590241909,,,,,,,345951.2195121951
16373,,33.56820297241211,,,,,,345975.60975609755
16379,,,0.7927396893501282,0.7927418947219849,-0.13368520140647888,0.5384191870689392,35.232421875,346061.2244897959
16393,0.0050697969272732735,,,,,,,346346.9387755102
16394,,33.98225021362305,,,,,,346367.3469387755
16405,0.0050876024179160595,,,,,,,346591.8367346939
16406,,26.780536651611328,,,,,,346612.2448979592
16413,0.005162433721125126,,,,,,,346755.10204081633
16414,,32.48311233520508,,,,,,346775.51020408166
16423,0.005163065157830715,,,,,,,346959.1836734694
16424,,25.06315803527832,,,,,,346979.5918367347
16430,,,0.7956845760345459,0.7988932132720947,-0.06460984796285629,0.49903184175491333,34.574310302734375,347073.1707317073
16437,0.005176072008907795,,,,,,,347243.9024390244
16438,,26.30068016052246,,,,,,347268.2926829268
16446,0.005220850929617882,,,,,,,347463.4146341463
16447,,29.477893829345703,,,,,,347487.8048780488
16457,0.00526872044429183,,,,,,,347731.7073170732
16458,,29.786941528320312,,,,,,347756.0975609756
16466,0.005381519440561533,,,,,,,347951.2195121951
16467,,36.27988052368164,,,,,,347975.60975609755
16473,,,0.8143585324287415,0.8171777725219727,-0.1024269089102745,0.6186933517456055,33.32219696044922,348066.6666666667
16485,0.0054115722887218,,,,,,,348333.3333333333
16486,,28.00527000427246,,,,,,348355.55555555556
16494,0.00552019290626049,,,,,,,348533.3333333333
16495,,35.86204147338867,,,,,,348555.55555555556
16503,0.0056235347874462605,,,,,,,348733.3333333333
16504,,35.33420944213867,,,,,,348755.55555555556
16513,0.0056651500053703785,,,,,,,348955.55555555556
16514,,29.161508560180664,,,,,,348977.77777777775
16518,,,0.8068116307258606,0.8081924915313721,0.09640762954950333,0.6773263216018677,36.942874908447266,349025.641025641
16521,,,0.792598307132721,0.795590877532959,-0.09937168657779694,0.4962882995605469,29.744083404541016,349102.5641025641
16524,0.005732020828872919,,,,,,,349179.4871794872
16525,,31.687088012695312,,,,,,349205.1282051282
16532,0.0058045522309839725,,,,,,,349384.6153846154
16533,,32.25315475463867,,,,,,349410.25641025644
16543,0.005903931800276041,,,,,,,349666.6666666667
16544,,34.93796920776367,,,,,,349692.3076923077
16554,0.006012917961925268,,,,,,,349948.71794871794
16555,,35.89861297607422,,,,,,349974.358974359
16564,,,0.7762170433998108,0.778777539730072,-0.0891631469130516,0.7346822023391724,33.43331527709961,350120.0
16574,0.006094260606914759,,,,,,,350320.0
16575,,33.134281158447266,,,,,,350340.0
16584,0.006190800108015537,,,,,,,350520.0
16585,,34.653926849365234,,,,,,350540.0
16596,0.006299146916717291,,,,,,,350760.0
16597,,35.83469009399414,,,,,,350780.0
16606,0.006381828337907791,,,,,,,350960.0
16607,,33.268123626708984,,,,,,350980.0
16616,,,0.7771007418632507,0.7789037823677063,-0.2587909698486328,0.6716620326042175,30.795379638671875,351120.0
16627,0.006492680869996548,,,,,,,351340.0
16628,,36.085235595703125,,,,,,351360.0
16636,0.006607054732739925,,,,,,,351520.0
16637,,36.43737030029297,,,,,,351540.0
16647,0.0067097279243171215,,,,,,,351740.0
16648,,35.267311096191406,,,,,,351760.0
16658,0.006775491405278444,,,,,,,351960.0
16659,,31.576358795166016,,,,,,351980.0
16663,,,0.7748296856880188,0.777392566204071,-0.11328428983688354,0.5774799585342407,32.221519470214844,352017.85714285716
16678,0.006857995875179768,,,,,,,352285.71428571426
16679,,33.250465393066406,,,,,,352303.5714285714
16691,0.007030092645436525,,,,,,,352517.85714285716
16692,,42.20967483520508,,,,,,352535.71428571426
16705,0.007129866164177656,,,,,,,352767.85714285716
16706,,34.97734832763672,,,,,,352785.71428571426
16716,0.0071466295048594475,,,,,,,352964.28571428574
16717,,26.676334381103516,,,,,,352982.14285714284
16721,,,0.8045216798782349,0.8091002106666565,-0.33321085572242737,0.8762125372886658,32.39997863769531,353020.8333333333
16730,0.007208570837974548,,,,,,,353208.3333333333
16731,,31.194143295288086,,,,,,353229.1666666667
16741,0.0073092179372906685,,,,,,,353437.5
16742,,35.06468963623047,,,,,,353458.3333333333
16752,0.007429303135722876,,,,,,,353666.6666666667
16753,,37.008514404296875,,,,,,353687.5
16766,0.007450698409229517,,,,,,,353958.3333333333
16767,,27.139509201049805,,,,,,353979.1666666667
16771,,,0.8107279539108276,0.8130745887756348,0.010935952886939049,0.7950061559677124,36.17988204956055,354026.3157894737
16774,,,0.754593551158905,0.7571346759796143,-0.059146903455257416,0.6279748678207397,29.262786865234375,354105.2631578947
16785,0.007541459985077381,,,,,,,354394.7368421053
16786,,34.076141357421875,,,,,,354421.05263157893
16791,0.0076303305104374886,,,,,,,354552.63157894736
16792,,33.88706970214844,,,,,,354578.94736842107
16797,0.0077447243966162205,,,,,,,354710.5263157895
16798,,36.43939971923828,,,,,,354736.84210526315
16806,0.007886520586907864,,,,,,,354947.36842105264
16807,,39.179595947265625,,,,,,354973.6842105263
16813,,,0.7593678832054138,0.7604337930679321,0.04953036829829216,0.6566242575645447,35.86677932739258,355076.92307692306
16820,0.007940545678138733,,,,,,,355256.41025641025
16821,,30.402515411376953,,,,,,355282.0512820513
16828,0.008004885166883469,,,,,,,355461.53846153844
16829,,31.433950424194336,,,,,,355487.1794871795
16836,0.008086523041129112,,,,,,,355666.6666666667
16837,,33.16374206542969,,,,,,355692.3076923077
16847,0.008147353306412697,,,,,,,355948.71794871794
16848,,31.083011627197266,,,,,,355974.358974359
16855,,,0.7937706112861633,0.7951880693435669,-0.027892032638192177,0.7474011182785034,33.05021667480469,356102.5641025641
16861,0.00823192484676838,,,,,,,356256.41025641025
16862,,33.457176208496094,,,,,,356282.0512820513
16873,0.008329334668815136,,,,,,,356564.10256410256
16874,,34.74099349975586,,,,,,356589.74358974356
16880,0.008422122336924076,,,,,,,356743.58974358975
16881,,34.27880859375,,,,,,356769.23076923075
16888,0.00853162631392479,,,,,,,356948.71794871794
16889,,35.95035934448242,,,,,,356974.358974359
16896,,,0.7779595255851746,0.7818615436553955,-0.3230689465999603,0.7543690800666809,33.706153869628906,357108.1081081081
16906,0.008720209822058678,,,,,,,357378.3783783784
16907,,43.85831069946289,,,,,,357405.4054054054
16911,0.008917437866330147,,,,,,,357513.5135135135
16912,,44.722774505615234,,,,,,357540.54054054053
16918,0.009052467532455921,,,,,,,357702.7027027027
16919,,38.50297164916992,,,,,,357729.7297297297
16927,0.009195256046950817,,,,,,,357945.9459459459
16928,,39.278812408447266,,,,,,357972.97297297296
16933,,,0.7896101474761963,0.7898003458976746,-0.08545651286840439,0.5891364812850952,35.360042572021484,358044.44444444444
16945,0.009276840835809708,,,,,,,358311.1111111111
16946,,33.15845489501953,,,,,,358333.3333333333
16954,0.009361040778458118,,,,,,,358511.1111111111
16955,,33.42001724243164,,,,,,358533.3333333333
16965,0.009452052414417267,,,,,,,358755.55555555556
16966,,34.1011848449707,,,,,,358777.77777777775
16974,0.00955653190612793,,,,,,,358955.55555555556
16975,,35.447906494140625,,,,,,358977.77777777775
16979,,,0.8059317469596863,0.8074964880943298,0.013840527273714542,0.608607292175293,38.882049560546875,359020.0
16982,,,0.7913069725036621,0.7915380597114563,-0.008149337954819202,0.4806778132915497,31.934696197509766,359080.0
16991,0.009609957225620747,,,,,,,359260.0
16992,,30.3425235748291,,,,,,359280.0
17003,0.009605695493519306,,,,,,,359500.0
17004,,24.57379722595215,,,,,,359520.0
17016,0.009717785753309727,,,,,,,359760.0
17017,,36.208980560302734,,,,,,359780.0
17026,0.009785618633031845,,,,,,,359960.0
17027,,31.78325843811035,,,,,,359980.0
17033,,,0.8218510150909424,0.8236900568008423,0.06111915409564972,0.900545060634613,40.23231887817383,360073.1707317073
17040,0.009938816539943218,,,,,,,360243.9024390244
17041,,40.319828033447266,,,,,,360268.2926829268
17050,0.010076433420181274,,,,,,,360487.8048780488
17051,,38.76165008544922,,,,,,360512.1951219512
17060,0.010221046395599842,,,,,,,360731.7073170732
17061,,39.461273193359375,,,,,,360756.0975609756
17069,0.010331621393561363,,,,,,,360951.2195121951
17070,,36.05746841430664,,,,,,360975.60975609755
17074,,,0.7900611162185669,0.7932197451591492,-0.1229458823800087,0.6555675268173218,34.67030715942383,361026.3157894737
17081,0.010470504872500896,,,,,,,361210.5263157895
17082,,38.888389587402344,,,,,,361236.84210526315
17092,0.010465183295309544,,,,,,,361500.0
17093,,24.46785545349121,,,,,,361526.3157894737
17099,0.0105619290843606,,,,,,,361684.2105263158
17100,,34.67456817626953,,,,,,361710.5263157895
17109,0.010669819079339504,,,,,,,361947.36842105264
17110,,35.78897476196289,,,,,,361973.6842105263
17115,,,0.7985984683036804,0.7991933226585388,-0.03713362291455269,0.7711149454116821,39.57467269897461,362037.7358490566
17129,0.010760755278170109,,,,,,,362301.88679245283
17130,,34.09364318847656,,,,,,362320.75471698114
17140,0.010837556794285774,,,,,,,362509.43396226416
17141,,32.68017578125,,,,,,362528.30188679247
17151,0.010863617062568665,,,,,,,362716.9811320755
17152,,27.606002807617188,,,,,,362735.8490566038
17164,0.01096424087882042,,,,,,,362962.2641509434
17165,,35.0623893737793,,,,,,362981.1320754717
17170,,,0.8020337224006653,0.8022836446762085,0.13031762838363647,0.9933463931083679,37.169898986816406,363044.44444444444
17181,0.011091621592640877,,,,,,,363288.8888888889
17182,,37.738101959228516,,,,,,363311.1111111111
17189,0.01124377828091383,,,,,,,363466.6666666667
17190,,40.21562576293945,,,,,,363488.8888888889
17201,0.011362899094820023,,,,,,,363733.3333333333
17202,,36.912044525146484,,,,,,363755.55555555556
17211,0.011465937830507755,,,,,,,363955.55555555556
17212,,35.303871154785156,,,,,,363977.77777777775
17216,,,0.7872558832168579,0.7886545062065125,-0.22088055312633514,0.6735907196998596,37.36502456665039,364026.3157894737
17218,,,0.7823660969734192,0.786023736000061,-0.4986434876918793,0.9053958654403687,32.827232360839844,364078.94736842107
17227,0.011652142740786076,,,,,,,364315.7894736842
17228,,43.6204948425293,,,,,,364342.1052631579
17238,0.011735513806343079,,,,,,,364605.2631578947
17239,,33.337066650390625,,,,,,364631.5789473684
17243,0.011860834434628487,,,,,,,364736.84210526315
17244,,37.532020568847656,,,,,,364763.15789473685
17251,0.012053980492055416,,,,,,,364947.36842105264
17252,,44.31462097167969,,,,,,364973.6842105263
17259,,,0.7860991358757019,0.7892115116119385,-0.039944980293512344,0.8523730635643005,35.806617736816406,365093.0232558139
17268,0.012189792469143867,,,,,,,365302.32558139536
17269,,38.581207275390625,,,,,,365325.5813953488
17276,0.01228529866784811,,,,,,,365488.37209302327
17277,,34.550594329833984,,,,,,365511.62790697673
17287,0.01239139586687088,,,,,,,365744.18604651163
17288,,35.60969924926758,,,,,,365767.4418604651
17296,0.012498663738369942,,,,,,,365953.488372093
17297,,35.72682189941406,,,,,,365976.74418604653
17303,,,0.7769393920898438,0.7820630669593811,-0.28662776947021484,0.9779074788093567,26.347824096679688,366073.1707317073
17314,0.012610909529030323,,,,,,,366341.46341463417
17315,,36.22459030151367,,,,,,366365.85365853657
17321,0.012779069133102894,,,,,,,366512.1951219512
17322,,41.816001892089844,,,,,,366536.5853658537
17328,0.012939325533807278,,,,,,,366682.9268292683
17329,,41.0256462097168,,,,,,366707.31707317074
17339,0.01305771991610527,,,,,,,366951.2195121951
17340,,36.83942413330078,,,,,,366975.60975609755
17346,,,0.7958046793937683,0.7970982789993286,-0.36463433504104614,0.8546434044837952,32.316200256347656,367062.5
17359,0.013149118982255459,,,,,,,367333.3333333333
17360,,34.1398811340332,,,,,,367354.1666666667
17367,0.013266736641526222,,,,,,,367500.0
17368,,36.7617301940918,,,,,,367520.8333333333
17379,0.013487491756677628,,,,,,,367750.0
17380,,47.075469970703125,,,,,,367770.8333333333
17389,0.013621979393064976,,,,,,,367958.3333333333
17390,,38.44876480102539,,,,,,367979.1666666667
17394,,,0.8045021295547485,0.8049350380897522,-0.15342392027378082,0.6657231450080872,35.2967414855957,368022.7272727273
17408,0.013824880123138428,,,,,,,368340.9090909091
17409,,45.29008483886719,,,,,,368363.63636363635
17417,0.01397204864770174,,,,,,,368545.45454545453
17418,,39.71689224243164,,,,,,368568.1818181818
17427,0.014101793058216572,,,,,,,368772.7272727273
17428,,37.97444534301758,,,,,,368795.45454545453
17435,0.014130787923932076,,,,,,,368954.54545454547
17436,,27.899486541748047,,,,,,368977.2727272727
17440,,,0.7960554361343384,0.799725353717804,-0.10412241518497467,0.45222008228302,35.906028747558594,369023.8095238095
17442,,,0.7745509743690491,0.775370180606842,-0.25185295939445496,0.6281182765960693,39.11677169799805,369071.4285714286
17450,0.014240521937608719,,,,,,,369261.90476190473
17451,,35.97344207763672,,,,,,369285.71428571426
17458,0.014283813536167145,,,,,,,369452.38095238095
17459,,29.329124450683594,,,,,,369476.1904761905
17470,0.014477365650236607,,,,,,,369738.09523809527
17471,,44.355247497558594,,,,,,369761.90476190473
17479,0.014518391340970993,,,,,,,369952.38095238095
17480,,29.102554321289062,,,,,,369976.1904761905
17487,,,0.7905570268630981,0.7937206625938416,-0.10818818211555481,0.6564204692840576,39.39392852783203,370078.43137254904
17497,0.014614024199545383,,,,,,,370274.50980392157
17498,,34.56330490112305,,,,,,370294.1176470588
17509,0.014683826826512814,,,,,,,370509.8039215686
17510,,31.980268478393555,,,,,,370529.4117647059
17518,0.01478923112154007,,,,,,,370686.2745098039
17519,,35.540409088134766,,,,,,370705.8823529412
17532,0.014927621930837631,,,,,,,370960.7843137255
17533,,38.83904266357422,,,,,,370980.39215686277
17538,,,0.7707362771034241,0.7744036912918091,-0.13553071022033691,0.5614634156227112,33.444061279296875,371042.55319148937
17547,0.015126334503293037,,,,,,,371234.0425531915
17548,,44.871299743652344,,,,,,371255.3191489362
17559,0.01516619324684143,,,,,,,371489.3617021277
17560,,28.985919952392578,,,,,,371510.6382978723
17567,0.015339236706495285,,,,,,,371659.57446808513
17568,,42.30438995361328,,,,,,371680.8510638298
17581,0.015519067645072937,,,,,,,371957.44680851063
17582,,42.983070373535156,,,,,,371978.72340425535
17587,,,0.8036404252052307,0.8093910813331604,-0.28353002667427063,0.8012086749076843,34.13624572753906,372048.7804878049
17597,0.01567632146179676,,,,,,,372292.68292682926
17598,,40.7253532409668,,,,,,372317.0731707317
17604,0.01582910120487213,,,,,,,372463.4146341463
17605,,40.278045654296875,,,,,,372487.8048780488
17615,0.0159070435911417,,,,,,,372731.7073170732
17616,,32.79425048828125,,,,,,372756.0975609756
17624,0.01606033742427826,,,,,,,372951.2195121951
17625,,40.32936096191406,,,,,,372975.60975609755
17629,,,0.7994560599327087,0.8018367886543274,-0.19537366926670074,0.5928522348403931,38.07757568359375,373025.0
17641,0.016190702095627785,,,,,,,373325.0
17642,,38.03640365600586,,,,,,373350.0
17651,0.016243325546383858,,,,,,,373575.0
17652,,30.26239585876465,,,,,,373600.0
17661,0.016353758051991463,,,,,,,373825.0
17662,,36.04331588745117,,,,,,373850.0
17666,0.01650477945804596,,,,,,,373950.0
17667,,40.102088928222656,,,,,,373975.0
17671,,,0.7970613241195679,0.7974464893341064,-0.18816572427749634,1.0968278646469116,38.043968200683594,374025.641025641
17673,,,0.793286144733429,0.7949552536010742,-0.21076461672782898,0.6263337135314941,37.311214447021484,374076.92307692306
17683,0.01656307466328144,,,,,,,374333.3333333333
17684,,30.829601287841797,,,,,,374358.9743589744
17688,0.016752783209085464,,,,,,,374461.53846153844
17689,,43.97087097167969,,,,,,374487.1794871795
17694,0.01692136377096176,,,,,,,374615.3846153846
17695,,41.85804748535156,,,,,,374641.0256410256
17707,0.01701939105987549,,,,,,,374948.71794871794
17708,,34.80281066894531,,,,,,374974.358974359
17716,,,0.7721909880638123,0.7729108929634094,-0.1410973221063614,0.5353328585624695,35.2362174987793,375108.6956521739
17729,0.017193371430039406,,,,,,,375391.3043478261
17730,,42.39802169799805,,,,,,375413.04347826086
17740,0.017400914803147316,,,,,,,375630.4347826087
17741,,45.754302978515625,,,,,,375652.17391304346
17748,0.01752108708024025,,,,,,,375804.347826087
17749,,37.017189025878906,,,,,,375826.0869565217
17755,0.017658185213804245,,,,,,,375956.52173913043
17756,,38.70989227294922,,,,,,375978.26086956525
17763,,,0.8047427535057068,0.809386670589447,0.03256053477525711,0.6007367968559265,34.2708740234375,376080.0
17771,0.01778418757021427,,,,,,,376240.0
17772,,37.60026550292969,,,,,,376260.0
17782,0.0179113931953907,,,,,,,376460.0
17783,,37.72060012817383,,,,,,376480.0
17795,0.018011970445513725,,,,,,,376720.0
17796,,35.05766296386719,,,,,,376740.0
17807,0.01818476803600788,,,,,,,376960.0
17808,,42.27967071533203,,,,,,376980.0
17812,,,0.8014422655105591,0.8043436408042908,-0.03624237701296806,0.8429756164550781,38.77878189086914,377019.60784313723
17824,0.018346181139349937,,,,,,,377254.90196078434
17825,,41.1413688659668,,,,,,377274.50980392157
17838,0.0184673722833395,,,,,,,377529.4117647059
17839,,37.11909103393555,,,,,,377549.01960784313
17848,0.018529513850808144,,,,,,,377725.49019607843
17849,,31.21419906616211,,,,,,377745.09803921566
17860,0.018702879548072815,,,,,,,377960.7843137255
17861,,42.33664321899414,,,,,,377980.39215686277
17868,,,0.7819550633430481,0.7819795608520508,-0.27510061860084534,0.8767145872116089,36.35834503173828,378080.0
17881,0.01876377873122692,,,,,,,378340.0
17882,,31.089942932128906,,,,,,378360.0
17893,0.018906405195593834,,,,,,,378580.0
17894,,39.26272201538086,,,,,,378600.0
17904,0.019015630707144737,,,,,,,378800.0
17905,,35.9224967956543,,,,,,378820.0
17912,0.019243324175477028,,,,,,,378960.0
17913,,47.7692985534668,,,,,,378980.0
17917,,,0.7798431515693665,0.7835368514060974,-0.22403854131698608,0.9538313150405884,38.38753890991211,379019.23076923075
17924,,,0.7889420986175537,0.7941259741783142,-0.14409005641937256,0.6038841009140015,40.49553298950195,379153.8461538461
17934,0.019376883283257484,,,,,,,379346.1538461539
17935,,38.35599136352539,,,,,,379365.3846153846
17947,0.019497964531183243,,,,,,,379596.1538461539
17948,,37.108116149902344,,,,,,379615.3846153846
17956,0.01959371380507946,,,,,,,379769.23076923075
17957,,34.57487487792969,,,,,,379788.46153846156
17966,0.019685404375195503,,,,,,,379961.53846153844
17967,,34.169090270996094,,,,,,379980.76923076925
17973,,,0.8078708648681641,0.8082284927368164,-0.2315879911184311,0.9039799571037292,39.01835632324219,380061.2244897959
17982,0.019810615107417107,,,,,,,380244.89795918367
17983,,37.52105712890625,,,,,,380265.306122449
17994,0.019988974556326866,,,,,,,380489.79591836734
17995,,42.83588790893555,,,,,,380510.20408163266
18008,0.020121729001402855,,,,,,,380775.51020408166
18009,,38.27537155151367,,,,,,380795.9183673469
18017,0.020237604156136513,,,,,,,380959.1836734694
18018,,36.587425231933594,,,,,,380979.5918367347
18024,,,0.7634246945381165,0.7666925191879272,-0.008064987137913704,0.6249631643295288,29.77602767944336,381062.5
18034,0.020332997664809227,,,,,,,381270.8333333333
18035,,34.53932571411133,,,,,,381291.6666666667
18043,0.020447224378585815,,,,,,,381458.3333333333
18044,,36.42258834838867,,,,,,381479.1666666667
18055,0.020499108359217644,,,,,,,381708.3333333333
18056,,30.18836212158203,,,,,,381729.1666666667
18067,0.020569609478116035,,,,,,,381958.3333333333
18068,,32.05006408691406,,,,,,381979.1666666667
18074,,,0.7771022319793701,0.7780655026435852,-0.28345897793769836,0.7515730857849121,36.81391143798828,382066.6666666667
18088,0.020737601444125175,,,,,,,382377.77777777775
18089,,41.79927444458008,,,,,,382400.0
18094,0.020886197686195374,,,,,,,382511.1111111111
18095,,39.85955047607422,,,,,,382533.3333333333
18102,0.021010037511587143,,,,,,,382688.8888888889
18103,,37.38398742675781,,,,,,382711.1111111111
18114,0.02110171876847744,,,,,,,382955.55555555556
18115,,34.168121337890625,,,,,,382977.77777777775
18120,,,0.7856156229972839,0.7885069251060486,-0.21657367050647736,0.6197798252105713,32.46039581298828,383042.55319148937
18130,0.021235167980194092,,,,,,,383255.3191489362
18131,,38.34486770629883,,,,,,383276.59574468085
18142,0.021404994651675224,,,,,,,383510.6382978723
18143,,41.982730865478516,,,,,,383531.91489361704
18153,0.021628117188811302,,,,,,,383744.6808510638
18154,,47.312232971191406,,,,,,383765.9574468085
18163,0.02175258845090866,,,,,,,383957.44680851063
18164,,37.44705581665039,,,,,,383978.72340425535
18169,,,0.7801297903060913,0.7814294695854187,-0.19328393042087555,0.8815370798110962,43.86921310424805,384044.44444444444
18172,,,0.7432471513748169,0.745606005191803,-0.07694968581199646,0.5828093886375427,37.830665588378906,384111.1111111111
18184,0.02188972942531109,,,,,,,384377.77777777775
18185,,38.714115142822266,,,,,,384400.0
18192,0.022084806114435196,,,,,,,384555.55555555556
18193,,44.507713317871094,,,,,,384577.77777777775
18200,0.022260183468461037,,,,,,,384733.3333333333
18201,,42.53771209716797,,,,,,384755.55555555556
18210,0.022358179092407227,,,,,,,384955.55555555556
18211,,34.79962921142578,,,,,,384977.77777777775
18219,,,0.7883612513542175,0.7884718179702759,-0.13404789566993713,0.6439595818519592,37.69400405883789,385116.27906976745
18226,0.022488586604595184,,,,,,,385279.06976744183
18227,,38.040740966796875,,,,,,385302.32558139536
18239,0.022618142887949944,,,,,,,385581.3953488372
18240,,37.95565414428711,,,,,,385604.6511627907
18248,0.02281712368130684,,,,,,,385790.6976744186
18249,,44.89816665649414,,,,,,385813.9534883721
18255,0.0228394977748394,,,,,,,385953.488372093
18256,,27.2374324798584,,,,,,385976.74418604653
18266,,,0.8113498091697693,0.8143336176872253,-0.2968508303165436,1.0201705694198608,34.47517776489258,386159.0909090909
18273,0.02290758118033409,,,,,,,386318.1818181818
18274,,31.808256149291992,,,,,,386340.9090909091
18283,0.023058027029037476,,,,,,,386545.45454545453
18284,,40.04451370239258,,,,,,386568.1818181818
18291,0.02319841831922531,,,,,,,386727.2727272727
18292,,39.03913879394531,,,,,,386750.0
18301,0.02326154336333275,,,,,,,386954.54545454547
18302,,31.312524795532227,,,,,,386977.2727272727
18306,,,0.7828993201255798,0.7857921123504639,-0.14684876799583435,1.2050788402557373,43.961055755615234,387022.7272727273
18314,0.02338736318051815,,,,,,,387204.54545454547
18315,,37.5819091796875,,,,,,387227.2727272727
18324,0.02346884272992611,,,,,,,387431.8181818182
18325,,33.14799118041992,,,,,,387454.54545454547
18334,0.023594344034790993,,,,,,,387659.0909090909
18335,,37.55005645751953,,,,,,387681.8181818182
18347,0.023820064961910248,,,,,,,387954.54545454547
18348,,47.57204818725586,,,,,,387977.2727272727
18354,,,0.7900434136390686,0.790794312953949,-0.08863218128681183,0.5686120986938477,35.00267791748047,388069.76744186046
18368,0.023932835087180138,,,,,,,388395.3488372093
18369,,36.277015686035156,,,,,,388418.6046511628
18376,0.024135608226060867,,,,,,,388581.3953488372
18377,,45.27729415893555,,,,,,388604.6511627907
18385,0.02433793991804123,,,,,,,388790.6976744186
18386,,45.23317337036133,,,,,,388813.9534883721
18392,0.02445889450609684,,,,,,,388953.488372093
18393,,37.095428466796875,,,,,,388976.74418604653
18398,,,0.7884257435798645,0.7915130853652954,-0.13568365573883057,0.7924631834030151,36.38706588745117,389045.45454545453
18402,,,0.7898226976394653,0.7913704514503479,-0.3454210162162781,0.6815451979637146,32.76185607910156,389136.36363636365
18410,0.024592967703938484,,,,,,,389318.1818181818
18411,,38.407249450683594,,,,,,389340.9090909091
18419,0.024717485532164574,,,,,,,389522.7272727273
18420,,37.451744079589844,,,,,,389545.45454545453
18428,0.024893788620829582,,,,,,,389727.2727272727
18429,,42.630393981933594,,,,,,389750.0
18438,0.025078263133764267,,,,,,,389954.54545454547
18439,,43.44752502441406,,,,,,389977.2727272727
18444,,,0.7835071086883545,0.7867273092269897,0.05747018754482269,0.5906610488891602,37.909889221191406,390048.7804878049
18452,0.025260120630264282,,,,,,,390243.9024390244
18453,,43.185821533203125,,,,,,390268.2926829268
18462,0.02543129399418831,,,,,,,390487.8048780488
18463,,42.117374420166016,,,,,,390512.1951219512
18468,0.025582069531083107,,,,,,,390634.14634146343
18469,,40.07754135131836,,,,,,390658.53658536583
18481,0.02564694918692112,,,,,,,390951.2195121951
18482,,31.487903594970703,,,,,,390975.60975609755
18489,,,0.787680447101593,0.7902295589447021,-0.07846148312091827,0.7878503203392029,41.255348205566406,391102.5641025641
18498,0.025795968249440193,,,,,,,391333.3333333333
18499,,39.90185546875,,,,,,391358.9743589744
18507,0.025802558287978172,,,,,,,391564.10256410256
18508,,25.65894889831543,,,,,,391589.74358974356
18514,0.025954246520996094,,,,,,,391743.58974358975
18515,,40.168819427490234,,,,,,391769.23076923075
18522,0.0261293426156044,,,,,,,391948.71794871794
18523,,42.509620666503906,,,,,,391974.358974359
18529,,,0.8046964406967163,0.8064549565315247,-0.11708034574985504,0.5650562644004822,35.412288665771484,392061.2244897959
18539,0.02620864100754261,,,,,,,392265.306122449
18540,,32.92991256713867,,,,,,392285.71428571426
18554,0.026309100911021233,,,,,,,392571.4285714286
18555,,35.046058654785156,,,,,,392591.8367346939
18568,0.02646198496222496,,,,,,,392857.14285714284
18569,,40.28839874267578,,,,,,392877.55102040817
18573,0.026628782972693443,,,,,,,392959.1836734694
18574,,41.67976379394531,,,,,,392979.5918367347
18578,,,0.7974953055381775,0.7989731431007385,-0.17526856064796448,0.7711984515190125,40.544002532958984,393021.27659574465
18592,0.026747727766633034,,,,,,,393319.1489361702
18593,,36.89445877075195,,,,,,393340.42553191487
18603,0.026971757411956787,,,,,,,393553.1914893617
18604,,47.40300750732422,,,,,,393574.4680851064
18617,0.02710968442261219,,,,,,,393851.06382978725
18618,,38.792633056640625,,,,,,393872.3404255319
18622,0.027265891432762146,,,,,,,393957.44680851063
18623,,40.62076187133789,,,,,,393978.72340425535
18627,,,0.8169376254081726,0.817600429058075,-0.19632811844348907,0.937767505645752,39.3822135925293,394022.7272727273
18632,,,0.7879918217658997,0.7921099066734314,-0.31483328342437744,0.9848080277442932,35.074432373046875,394136.36363636365
18639,0.02746429108083248,,,,,,,394295.45454545453
18640,,44.839881896972656,,,,,,394318.1818181818
18654,0.02761096879839897,,,,,,,394636.36363636365
18655,,39.667816162109375,,,,,,394659.0909090909
18661,0.027794331312179565,,,,,,,394795.45454545453
18662,,43.336246490478516,,,,,,394818.1818181818
18668,0.027974369004368782,,,,,,,394954.54545454547
18669,,43.00382614135742,,,,,,394977.2727272727
18674,,,0.7848116159439087,0.7884732484817505,-0.025706028565764427,0.4029023349285126,39.49159240722656,395052.63157894736
18682,0.028116712346673012,,,,,,,395263.15789473685
18683,,39.23431396484375,,,,,,395289.4736842105
18690,0.02827654406428337,,,,,,,395473.6842105263
18691,,40.9832649230957,,,,,,395500.0
18700,0.028420118615031242,,,,,,,395736.84210526315
18701,,39.35736846923828,,,,,,395763.15789473685
18708,0.02845131978392601,,,,,,,395947.36842105264
18709,,28.120126724243164,,,,,,395973.6842105263
18717,,,0.7809549570083618,0.7822422385215759,-0.16999228298664093,0.6721333861351013,36.07870864868164,396125.0
18723,0.028522955253720284,,,,,,,396275.0
18724,,32.16360855102539,,,,,,396300.0
18734,0.028625447303056717,,,,,,,396550.0
18735,,35.24925231933594,,,,,,396575.0
18740,0.028780918568372726,,,,,,,396700.0
18741,,40.54705047607422,,,,,,396725.0
18750,0.028940947726368904,,,,,,,396950.0
18751,,41.002952575683594,,,,,,396975.0
18757,,,0.785574734210968,0.7859942317008972,0.026614423841238022,0.9734624028205872,39.16454315185547,397061.2244897959
18772,0.029162878170609474,,,,,,,397367.3469387755
18773,,47.193092346191406,,,,,,397387.7551020408
18782,0.02928326278924942,,,,,,,397571.4285714286
18783,,37.03855514526367,,,,,,397591.8367346939
18789,0.02941899374127388,,,,,,,397714.28571428574
18790,,38.573001861572266,,,,,,397734.693877551
18801,0.029633037745952606,,,,,,,397959.1836734694
18802,,46.40435791015625,,,,,,397979.5918367347
18807,,,0.7817249894142151,0.7840708494186401,-0.2771529257297516,0.8346549868583679,32.16939926147461,398054.0540540541
18817,0.02980942651629448,,,,,,,398324.3243243243
18818,,42.63890075683594,,,,,,398351.35135135136
18826,0.03000778704881668,,,,,,,398567.5675675676
18827,,44.83611297607422,,,,,,398594.5945945946
18834,0.030228355899453163,,,,,,,398783.7837837838
18835,,47.05679702758789,,,,,,398810.8108108108
18840,0.03037535771727562,,,,,,,398945.9459459459
18841,,39.70018005371094,,,,,,398972.97297297296
18845,,,0.809321403503418,0.8105399012565613,0.06603962182998657,0.8559326529502869,34.5501708984375,399021.27659574465
18847,,,0.8104045987129211,0.8139408826828003,-0.01817658357322216,0.6915768384933472,35.984134674072266,399063.829787234
18856,0.030616318807005882,,,,,,,399255.3191489362
18857,,49.096073150634766,,,,,,399276.59574468085
18867,0.030776532366871834,,,,,,,399489.3617021277
18868,,41.02131652832031,,,,,,399510.6382978723
18878,0.030959390103816986,,,,,,,399723.40425531915
18879,,43.28586196899414,,,,,,399744.6808510638
18889,0.031173083931207657,,,,,,,399957.44680851063
18890,,46.36944580078125,,,,,,399978.72340425535
18896,,,0.7828139066696167,0.7841760516166687,-0.11781156808137894,0.8120167255401611,39.904632568359375,400075.0
18905,0.03127467259764671,,,,,,,400300.0
18906,,35.15894317626953,,,,,,400325.0
18913,0.03140043467283249,,,,,,,400500.0
18914,,37.57637023925781,,,,,,400525.0
18922,0.03147017955780029,,,,,,,400725.0
18923,,31.974584579467773,,,,,,400750.0
18931,0.031655311584472656,,,,,,,400950.0
18932,,43.51325225830078,,,,,,400975.0
18936,,,0.8161623477935791,0.8174616694450378,-0.16545015573501587,0.9923983812332153,35.318138122558594,401023.25581395347
18945,0.03178778290748596,,,,,,,401232.5581395349
18946,,38.247291564941406,,,,,,401255.81395348837
18955,0.03186926245689392,,,,,,,401465.11627906974
18956,,33.147918701171875,,,,,,401488.37209302327
18965,0.03198258578777313,,,,,,,401697.67441860464
18966,,36.33237075805664,,,,,,401720.93023255817
18976,0.0321817472577095,,,,,,,401953.488372093
18977,,44.91598892211914,,,,,,401976.74418604653
18984,,,0.8081930875778198,0.8098012804985046,-0.19051429629325867,1.0010080337524414,31.98284339904785,402085.10638297873
18990,0.0324237085878849,,,,,,,402212.7659574468
18991,,49.196163177490234,,,,,,402234.0425531915
19001,0.032551344484090805,,,,,,,402446.8085106383
19002,,37.763404846191406,,,,,,402468.08510638296
19015,0.032707955688238144,,,,,,,402744.6808510638
19016,,40.661014556884766,,,,,,402765.9574468085
19025,0.0328998826444149,,,,,,,402957.44680851063
19026,,44.19269943237305,,,,,,402978.72340425535
19031,,,0.801780104637146,0.8024641871452332,-0.11351542919874191,0.7047020196914673,42.02671813964844,403035.71428571426
19040,0.033112864941358566,,,,,,,403196.4285714286
19041,,46.29827880859375,,,,,,403214.28571428574
19053,0.0333048552274704,,,,,,,403428.5714285714
19054,,44.199092864990234,,,,,,403446.4285714286
19071,0.033411186188459396,,,,,,,403750.0
19072,,35.63296890258789,,,,,,403767.85714285716
19083,0.03363446891307831,,,,,,,403964.28571428574
19084,,47.328094482421875,,,,,,403982.14285714284
19088,,,0.7935699820518494,0.795357346534729,-0.22577035427093506,1.0326250791549683,38.64883804321289,404024.39024390245
19092,,,0.7572745680809021,0.7593576908111572,-0.28747865557670593,0.6015931963920593,34.54499435424805,404121.9512195122
19100,0.03382144495844841,,,,,,,404317.0731707317
19101,,43.69768142700195,,,,,,404341.46341463417
19111,0.033992279320955276,,,,,,,404585.3658536585
19112,,42.08348846435547,,,,,,404609.756097561
19120,0.03419998660683632,,,,,,,404804.8780487805
19121,,45.77084732055664,,,,,,404829.26829268294
19126,0.03427884355187416,,,,,,,404951.2195121951
19127,,32.88580322265625,,,,,,404975.60975609755
19133,,,0.7827256321907043,0.7850538492202759,-0.051522303372621536,0.809018611907959,39.30864715576172,405061.2244897959
19144,0.03444410860538483,,,,,,,405285.71428571426
19145,,41.52654266357422,,,,,,405306.1224489796
19159,0.03467182815074921,,,,,,,405591.8367346939
19160,,47.77193832397461,,,,,,405612.2448979592
19166,0.03489959239959717,,,,,,,405734.693877551
19167,,47.77631378173828,,,,,,405755.10204081633
19177,0.03508308529853821,,,,,,,405959.1836734694
19178,,43.34946060180664,,,,,,405979.5918367347
19186,,,0.7697462439537048,0.7697697877883911,-0.045939818024635315,0.486413836479187,39.38898468017578,406104.1666666667
19195,0.0352264940738678,,,,,,,406291.6666666667
19196,,39.34089279174805,,,,,,406312.5
19208,0.035346679389476776,,,,,,,406562.5
19209,,37.01852035522461,,,,,,406583.3333333333
19218,0.0355796217918396,,,,,,,406770.8333333333
19219,,48.294063568115234,,,,,,406791.6666666667
19227,0.03579220175743103,,,,,,,406958.3333333333
19228,,46.258056640625,,,,,,406979.1666666667
19235,,,0.7916181087493896,0.7916452884674072,-0.0012683708919212222,0.7672532796859741,44.369102478027344,407093.0232558139
19245,0.03599550575017929,,,,,,,407325.5813953488
19246,,45.3305549621582,,,,,,407348.83720930235
19254,0.03620672598481178,,,,,,,407534.88372093026
19255,,46.12198257446289,,,,,,407558.1395348837
19262,0.03638949617743492,,,,,,,407720.93023255817
19263,,43.277191162109375,,,,,,407744.18604651163
19272,0.036548152565956116,,,,,,,407953.488372093
19273,,40.865760803222656,,,,,,407976.74418604653
19278,,,0.7978421449661255,0.8003430366516113,-0.10341785848140717,0.4441309869289398,36.1501579284668,408055.55555555556
19285,0.036728616803884506,,,,,,,408250.0
19286,,43.046566009521484,,,,,,408277.77777777775
19295,0.03692056983709335,,,,,,,408527.77777777775
19296,,44.19537353515625,,,,,,408555.55555555556
19302,0.037091221660375595,,,,,,,408722.22222222225
19303,,42.06501770019531,,,,,,408750.0
19310,0.03711755573749542,,,,,,,408944.44444444444
19311,,27.633455276489258,,,,,,408972.22222222225
19317,,,0.7678008675575256,0.7706435322761536,0.0067686899565160275,0.6458886861801147,38.49472427368164,409071.4285714286
19321,,,0.750403106212616,0.7509209513664246,-0.04149000719189644,0.4845786690711975,45.878509521484375,409166.6666666667
19326,0.037309903651475906,,,,,,,409285.71428571426
19327,,44.23488235473633,,,,,,409309.5238095238
19333,0.03744816035032272,,,,,,,409452.38095238095
19334,,38.8256721496582,,,,,,409476.1904761905
19344,0.037614572793245316,,,,,,,409714.28571428574
19345,,41.64106750488281,,,,,,409738.09523809527
19354,0.037711743265390396,,,,,,,409952.38095238095
19355,,34.71713638305664,,,,,,409976.1904761905
19362,,,0.7747055292129517,0.7777632474899292,-0.022618498653173447,0.5059939026832581,35.08128356933594,410088.8888888889
19370,0.037858154624700546,,,,,,,410266.6666666667
19371,,39.64122009277344,,,,,,410288.8888888889
19383,0.038044050335884094,,,,,,,410555.55555555556
19384,,43.58975601196289,,,,,,410577.77777777775
19392,0.038212716579437256,,,,,,,410755.55555555556
19393,,41.86658477783203,,,,,,410777.77777777775
19401,0.03836461901664734,,,,,,,410955.55555555556
19402,,40.19034194946289,,,,,,410977.77777777775
19408,,,0.8030160069465637,0.804092288017273,-0.07529881596565247,0.5960317850112915,43.22381591796875,411057.6923076923
19423,0.038494303822517395,,,,,,,411346.1538461539
19424,,37.968475341796875,,,,,,411365.3846153846
19431,0.03874445706605911,,,,,,,411500.0
19432,,50.01539611816406,,,,,,411519.23076923075
19443,0.03888869658112526,,,,,,,411730.76923076925
19444,,39.423828125,,,,,,411750.0
19455,0.03909541293978691,,,,,,,411961.53846153844
19456,,45.671478271484375,,,,,,411980.76923076925
19462,,,0.8055333495140076,0.8079969882965088,-0.18795564770698547,0.7769246697425842,38.69103240966797,412071.4285714286
19472,0.039212990552186966,,,,,,,412309.5238095238
19473,,36.757713317871094,,,,,,412333.3333333333
19482,0.03936322033405304,,,,,,,412547.61904761905
19483,,40.02314758300781,,,,,,412571.4285714286
19488,0.0395512618124485,,,,,,,412690.4761904762
19489,,43.80400085449219,,,,,,412714.28571428574
19499,0.03966882452368736,,,,,,,412952.38095238095
19500,,36.75639343261719,,,,,,412976.1904761905
19506,,,0.8217871189117432,0.8219925165176392,-0.001965647330507636,0.8495252728462219,45.51007080078125,413062.5
19522,0.03975712135434151,,,,,,,413395.8333333333
19523,,33.82957077026367,,,,,,413416.6666666667
19533,0.039921827614307404,,,,,,,413625.0
19534,,41.470706939697266,,,,,,413645.8333333333
19541,0.04011332616209984,,,,,,,413791.6666666667
19542,,44.149940490722656,,,,,,413812.5
19549,0.04026604816317558,,,,,,,413958.3333333333
19550,,40.27230453491211,,,,,,413979.1666666667
19555,,,0.8083733916282654,0.813899040222168,-0.3191235363483429,0.7898690700531006,31.71657943725586,414040.0
19558,,,0.8033450841903687,0.8086344003677368,-0.2578883767127991,0.595132052898407,29.96291160583496,414100.0
19568,0.04034022241830826,,,,,,,414300.0
19569,,32.41732406616211,,,,,,414320.0
19578,0.040507882833480835,,,,,,,414500.0
19579,,41.76611328125,,,,,,414520.0
19590,0.040676314383745193,,,,,,,414740.0
19591,,41.8430061340332,,,,,,414760.0
19601,0.040798086673021317,,,,,,,414960.0
19602,,37.17707061767578,,,,,,414980.0
19608,,,0.7870066165924072,0.7883059978485107,0.02349945344030857,0.7588396072387695,39.89272689819336,415063.829787234
19616,0.04083775356411934,,,,,,,415234.0425531915
19617,,28.96657371520996,,,,,,415255.3191489362
19630,0.04094221815466881,,,,,,,415531.91489361704
19631,,35.446434020996094,,,,,,415553.1914893617
19643,0.0410800501704216,,,,,,,415808.5106382979
19644,,38.783321380615234,,,,,,415829.78723404254
19650,0.04125071316957474,,,,,,,415957.44680851063
19651,,42.06645202636719,,,,,,415978.72340425535
19660,,,0.7933558225631714,0.7950897216796875,-0.033221907913684845,0.987457275390625,36.87323760986328,416111.1111111111
19671,0.041344188153743744,,,,,,,416314.81481481483
19672,,34.347450256347656,,,,,,416333.3333333333
19684,0.041540928184986115,,,,,,,416555.55555555556
19685,,44.674171447753906,,,,,,416574.0740740741
19695,0.04170600324869156,,,,,,,416759.25925925927
19696,,41.50758361816406,,,,,,416777.77777777775
19706,0.04182885214686394,,,,,,,416962.962962963
19707,,37.28485107421875,,,,,,416981.48148148146
19712,,,0.7928605675697327,0.796236515045166,-0.014356877654790878,0.8446327447891235,30.617889404296875,417045.45454545453
19719,0.04191647469997406,,,,,,,417204.54545454547
19720,,33.762123107910156,,,,,,417227.2727272727
19732,0.04213644564151764,,,,,,,417500.0
19733,,46.9970817565918,,,,,,417522.7272727273
19742,0.04227462783455849,,,,,,,417727.2727272727
19743,,38.81808090209961,,,,,,417750.0
19752,0.042493436485528946,,,,,,,417954.54545454547
19753,,46.88077163696289,,,,,,417977.2727272727
19757,,,0.7837560772895813,0.7841329574584961,-0.09115811437368393,0.40611350536346436,32.601558685302734,418020.4081632653
19769,0.04264470934867859,,,,,,,418265.306122449
19770,,40.127342224121094,,,,,,418285.71428571426
19782,0.042733125388622284,,,,,,,418530.612244898
19783,,33.84156799316406,,,,,,418551.02040816325
19791,0.042862020432949066,,,,,,,418714.28571428574
19792,,37.88963317871094,,,,,,418734.693877551
19803,0.0429316982626915,,,,,,,418959.1836734694
19804,,31.967891693115234,,,,,,418979.5918367347
19808,,,0.8192628026008606,0.8207884430885315,-0.12985500693321228,0.6876535415649414,43.500423431396484,419021.27659574465
19812,,,0.7910885810852051,0.7933856248855591,-0.030155232176184654,0.6871016621589661,32.214942932128906,419106.3829787234
19822,0.04315398633480072,,,,,,,419319.1489361702
19823,,47.228965759277344,,,,,,419340.42553191487
19829,0.043280892074108124,,,,,,,419468.08510638296
19830,,37.69066619873047,,,,,,419489.3617021277
19843,0.043326087296009064,,,,,,,419765.9574468085
19844,,29.51945686340332,,,,,,419787.2340425532
19852,0.043433912098407745,,,,,,,419957.44680851063
19853,,35.782325744628906,,,,,,419978.72340425535
19862,,,0.7791796922683716,0.7813131809234619,-0.34993472695350647,0.7322736382484436,33.23591995239258,420115.3846153846
19873,0.04356912150979042,,,,,,,420326.92307692306
19874,,38.521080017089844,,,,,,420346.1538461539
19885,0.04367357864975929,,,,,,,420557.6923076923
19886,,35.44560623168945,,,,,,420576.92307692306
19897,0.04381876066327095,,,,,,,420788.46153846156
19898,,39.51819610595703,,,,,,420807.6923076923
19906,0.04398757219314575,,,,,,,420961.53846153844
19907,,41.88128662109375,,,,,,420980.76923076925
19912,,,0.812999963760376,0.8207112550735474,0.06181398406624794,1.008028507232666,43.70160675048828,421044.44444444444
19924,0.04414727911353111,,,,,,,421311.1111111111
19925,,40.9706916809082,,,,,,421333.3333333333
19931,0.0442538820207119,,,,,,,421466.6666666667
19932,,35.660316467285156,,,,,,421488.8888888889
19943,0.044429879635572433,,,,,,,421733.3333333333
19944,,42.59976577758789,,,,,,421755.55555555556
19953,0.044504180550575256,,,,,,,421955.55555555556
19954,,32.430076599121094,,,,,,421977.77777777775
19960,,,0.7842762470245361,0.7851273417472839,-0.07133091986179352,0.45121705532073975,37.825767517089844,422058.82352941175
19972,0.0446874275803566,,,,,,,422294.1176470588
19973,,43.32462692260742,,,,,,422313.7254901961
19983,0.044752828776836395,,,,,,,422509.8039215686
19984,,31.54007911682129,,,,,,422529.4117647059
19992,0.04480821266770363,,,,,,,422686.2745098039
19993,,30.538331985473633,,,,,,422705.8823529412
20006,0.04500330612063408,,,,,,,422960.7843137255
20007,,44.509395599365234,,,,,,422980.39215686277
20011,,,0.8098503351211548,0.8115870356559753,-0.13576538860797882,0.8310834765434265,35.34162902832031,423022.22222222225
20024,0.045175861567258835,,,,,,,423311.1111111111
20025,,42.2556266784668,,,,,,423333.3333333333
20035,0.04529447481036186,,,,,,,423555.55555555556
20036,,36.86140823364258,,,,,,423577.77777777775
20044,0.04541110619902611,,,,,,,423755.55555555556
20045,,36.663116455078125,,,,,,423777.77777777775
20053,0.04568656161427498,,,,,,,423955.55555555556
20054,,52.54545593261719,,,,,,423977.77777777775
20058,,,0.8033666014671326,0.8034881353378296,-0.0901118814945221,0.45172610878944397,42.06703186035156,424020.0
20060,,,0.803048849105835,0.8041066527366638,-0.12764102220535278,0.5283358097076416,40.039817810058594,424060.0
20070,0.04585020989179611,,,,,,,424260.0
20071,,41.36473846435547,,,,,,424280.0
20079,0.0460238941013813,,,,,,,424440.0
20080,,42.3683967590332,,,,,,424460.0
20091,0.04619930312037468,,,,,,,424680.0
20092,,42.54074478149414,,,,,,424700.0
20105,0.04637959226965904,,,,,,,424960.0
20106,,43.029022216796875,,,,,,424980.0
20112,,,0.7844733595848083,0.7865191698074341,-0.15923349559307098,0.6914697885513306,37.94594955444336,425073.1707317073
20119,0.046501073986291885,,,,,,,425243.9024390244
20120,,37.14807891845703,,,,,,425268.2926829268
20126,0.04674923047423363,,,,,,,425414.6341463415
20127,,49.81581497192383,,,,,,425439.0243902439
20139,0.04686877876520157,,,,,,,425731.7073170732
20140,,36.954959869384766,,,,,,425756.0975609756
20148,0.04702123999595642,,,,,,,425951.2195121951
20149,,40.24612045288086,,,,,,425975.60975609755
20156,,,0.774782121181488,0.7766308188438416,-0.2747446596622467,0.6054835319519043,34.77107238769531,426102.5641025641
20162,0.04720228537917137,,,,,,,426256.41025641025
20163,,43.104530334472656,,,,,,426282.0512820513
20170,0.047366734594106674,,,,,,,426461.53846153844
20171,,41.44475555419922,,,,,,426487.1794871795
20179,0.04762909561395645,,,,,,,426692.3076923077
20180,,51.23619079589844,,,,,,426717.9487179487
20189,0.04779782146215439,,,,,,,426948.71794871794
20190,,41.87250900268555,,,,,,426974.358974359
20194,,,0.8122900128364563,0.8168659806251526,-0.1977735012769699,0.7668790817260742,41.45235061645508,427019.23076923075
20210,0.0479922741651535,,,,,,,427326.92307692306
20211,,44.44511032104492,,,,,,427346.1538461539
20220,0.048155371099710464,,,,,,,427519.23076923075
20221,,41.30986404418945,,,,,,427538.46153846156
20231,0.04825444146990776,,,,,,,427730.76923076925
20232,,34.90699768066406,,,,,,427750.0
20243,0.048397332429885864,,,,,,,427961.53846153844
20244,,39.28899002075195,,,,,,427980.76923076925
20248,,,0.816628098487854,0.8169602155685425,-0.2626432478427887,0.9245365858078003,39.31071090698242,428020.8333333333
20256,0.04852703958749771,,,,,,,428187.5
20257,,37.9705810546875,,,,,,428208.3333333333
20269,0.048523567616939545,,,,,,,428458.3333333333
20270,,24.652870178222656,,,,,,428479.1666666667
20282,0.04868029057979584,,,,,,,428729.1666666667
20283,,40.67246627807617,,,,,,428750.0
20293,0.04879206791520119,,,,,,,428958.3333333333
20294,,36.17776870727539,,,,,,428979.1666666667
20298,,,0.7877767086029053,0.7886159420013428,-0.36311042308807373,0.7036400437355042,35.4916877746582,429020.0
20302,,,0.7945902943611145,0.7953182458877563,-0.26600024104118347,0.5987306237220764,35.48037338256836,429100.0
20315,0.04902542382478714,,,,,,,429360.0
20316,,48.33576965332031,,,,,,429380.0
20326,0.049165207892656326,,,,,,,429580.0
20327,,38.97847366333008,,,,,,429600.0
20337,0.0493646040558815,,,,,,,429800.0
20338,,44.939579010009766,,,,,,429820.0
20345,0.04944178834557533,,,,,,,429960.0
20346,,32.71846008300781,,,,,,429980.0
20351,,,0.8152523636817932,0.8188813924789429,0.002740791067481041,0.896844744682312,38.62255859375,430048.7804878049
20362,0.04964645206928253,,,,,,,430317.0731707317
20363,,45.4661979675293,,,,,,430341.46341463417
20368,0.04982070252299309,,,,,,,430463.4146341463
20369,,42.425048828125,,,,,,430487.8048780488
20377,0.05003947764635086,,,,,,,430682.9268292683
20378,,46.87741470336914,,,,,,430707.31707317074
20388,0.05019063875079155,,,,,,,430951.2195121951
20389,,40.11615753173828,,,,,,430975.60975609755
20396,,,0.7827489376068115,0.7847546339035034,-0.190720796585083,0.7242429852485657,30.409299850463867,431090.9090909091
20402,0.050268836319446564,,,,,,,431227.2727272727
20403,,32.81985855102539,,,,,,431250.0
20413,0.05042772367596626,,,,,,,431477.2727272727
20414,,40.8886833190918,,,,,,431500.0
20423,0.05051351338624954,,,,,,,431704.54545454547
20424,,33.57901382446289,,,,,,431727.2727272727
20434,0.05069028213620186,,,,,,,431954.54545454547
20435,,42.67675018310547,,,,,,431977.2727272727
20444,,,0.7854604125022888,0.7864988446235657,-0.09252528846263885,0.4431043863296509,35.95835494995117,432117.64705882355
20455,0.050969116389751434,,,,,,,432333.3333333333
20456,,52.883270263671875,,,,,,432352.9411764706
20462,0.05115717276930809,,,,,,,432470.5882352941
20463,,43.80571746826172,,,,,,432490.1960784314
20472,0.051299020648002625,,,,,,,432666.6666666667
20473,,39.18479537963867,,,,,,432686.2745098039
20487,0.051515206694602966,,,,,,,432960.7843137255
20488,,46.61846923828125,,,,,,432980.39215686277
20493,,,0.7819960117340088,0.7844433188438416,0.018226422369480133,0.6659294962882996,39.07047653198242,433050.0
20502,0.051599036902189255,,,,,,,433275.0
20503,,33.38287353515625,,,,,,433300.0
20511,0.051846567541360855,,,,,,,433500.0
20512,,49.75322341918945,,,,,,433525.0
20519,0.05205245316028595,,,,,,,433700.0
20520,,45.588714599609375,,,,,,433725.0
20529,0.0522424653172493,,,,,,,433950.0
20530,,44.00122833251953,,,,,,433975.0
20534,,,0.8266635537147522,0.8292041420936584,-0.05717071518301964,0.7247651219367981,44.976417541503906,434021.27659574465
20536,,,0.8400834798812866,0.8420377969741821,-0.1420779526233673,0.9314279556274414,41.95914077758789,434063.829787234
20545,0.052495963871479034,,,,,,,434255.3191489362
20546,,50.34993362426758,,,,,,434276.59574468085
20556,0.052717894315719604,,,,,,,434489.3617021277
20557,,47.19294357299805,,,,,,434510.6382978723
20564,0.05288420990109444,,,,,,,434659.57446808513
20565,,41.631492614746094,,,,,,434680.8510638298
20578,0.053136084228754044,,,,,,,434957.44680851063
20579,,50.1873893737793,,,,,,434978.72340425535
20584,,,0.7921716570854187,0.7946419715881348,-0.09209693223237991,0.6113075017929077,44.99745178222656,435044.44444444444
20593,0.05329807102680206,,,,,,,435244.44444444444
20594,,41.19862747192383,,,,,,435266.6666666667
20606,0.05347437039017677,,,,,,,435533.3333333333
20607,,42.630062103271484,,,,,,435555.55555555556
20619,0.0536186508834362,,,,,,,435822.22222222225
20620,,39.428009033203125,,,,,,435844.44444444444
20625,0.0536932609975338,,,,,,,435955.55555555556
20626,,32.46118927001953,,,,,,435977.77777777775
20633,,,0.8111188411712646,0.8131696581840515,-0.13385643064975739,0.7135432362556458,50.29730224609375,436088.8888888889
20645,0.053810734301805496,,,,,,,436355.55555555556
20646,,36.74721145629883,,,,,,436377.77777777775
20653,0.05395970866084099,,,,,,,436533.3333333333
20654,,39.897499084472656,,,,,,436555.55555555556
20662,0.054152071475982666,,,,,,,436733.3333333333
20663,,44.23613357543945,,,,,,436755.55555555556
20672,0.05431019887328148,,,,,,,436955.55555555556
20673,,40.81266403198242,,,,,,436977.77777777775
20680,,,0.8013668656349182,0.8053807616233826,0.1360095590353012,0.7532288432121277,48.49335861206055,437083.3333333333
20690,0.05450770631432533,,,,,,,437291.6666666667
20691,,44.750919342041016,,,,,,437312.5
20703,0.054796185344457626,,,,,,,437562.5
20704,,53.84793472290039,,,,,,437583.3333333333
20712,0.05498843267560005,,,,,,,437750.0
20713,,44.224586486816406,,,,,,437770.8333333333
20722,0.055210161954164505,,,,,,,437958.3333333333
20723,,47.17294692993164,,,,,,437979.1666666667
20727,,,0.8051361441612244,0.8077627420425415,0.007074207533150911,0.7493417263031006,45.15822982788086,438022.22222222225
20742,0.055312491953372955,,,,,,,438355.55555555556
20743,,35.23307418823242,,,,,,438377.77777777775
20748,0.055526260286569595,,,,,,,438488.8888888889
20749,,46.376739501953125,,,,,,438511.1111111111
20758,0.055573366582393646,,,,,,,438711.1111111111
20759,,29.71076202392578,,,,,,438733.3333333333
20769,0.055764634162187576,,,,,,,438955.55555555556
20770,,44.12688064575195,,,,,,438977.77777777775
20775,,,0.8044987916946411,0.8053956031799316,0.0347813218832016,0.6413273215293884,38.24616622924805,439035.08771929826
20780,,,0.7869409918785095,0.7881967425346375,-0.08074046671390533,0.5112883448600769,40.65160369873047,439122.8070175439
20790,0.055915653705596924,,,,,,,439298.2456140351
20791,,40.10179901123047,,,,,,439315.7894736842
20803,0.056040581315755844,,,,,,,439526.3157894737
20804,,37.49264144897461,,,,,,439543.8596491228
20816,0.05623181164264679,,,,,,,439754.3859649123
20817,,44.123008728027344,,,,,,439771.9298245614
20828,0.056438934057950974,,,,,,,439964.91228070174
20829,,45.712188720703125,,,,,,439982.4561403509
20836,,,0.7879078388214111,0.7893776893615723,-0.09646925330162048,0.9142194390296936,41.95542526245117,440100.0
20841,0.05659488961100578,,,,,,,440225.0
20842,,40.59544372558594,,,,,,440250.0
20851,0.05672609806060791,,,,,,,440475.0
20852,,38.12099075317383,,,,,,440500.0
20859,0.05694247782230377,,,,,,,440675.0
20860,,46.63789749145508,,,,,,440700.0
20870,0.057157523930072784,,,,,,,440950.0
20871,,46.50457000732422,,,,,,440975.0
20876,,,0.8026695847511292,0.8059648275375366,-0.18782030045986176,0.8332890272140503,39.650474548339844,441046.511627907
20884,0.05735611170530319,,,,,,,441232.5581395349
20885,,44.858787536621094,,,,,,441255.81395348837
20893,0.05748531594872475,,,,,,,441441.8604651163
20894,,37.92039489746094,,,,,,441465.11627906974
20900,0.05763842165470123,,,,,,,441604.6511627907
20901,,40.310543060302734,,,,,,441627.9069767442
20915,0.05774945765733719,,,,,,,441953.488372093
20916,,36.103759765625,,,,,,441976.74418604653
20921,,,0.8285285234451294,0.829681932926178,-0.20657096803188324,0.8896132707595825,50.07184982299805,442044.44444444444
20931,0.058018554002046585,,,,,,,442266.6666666667
20932,,51.90977096557617,,,,,,442288.8888888889
20942,0.058253269642591476,,,,,,,442511.1111111111
20943,,48.471458435058594,,,,,,442533.3333333333
20951,0.05842228978872299,,,,,,,442711.1111111111
20952,,41.90219497680664,,,,,,442733.3333333333
20962,0.05865543708205223,,,,,,,442955.55555555556
20963,,48.314788818359375,,,,,,442977.77777777775
20968,,,0.8192552924156189,0.8193404078483582,-0.270678848028183,0.7883894443511963,48.95404815673828,443050.0
20974,0.0588364340364933,,,,,,,443200.0
20975,,43.099788665771484,,,,,,443225.0
20983,0.05901505798101425,,,,,,,443425.0
20984,,42.862281799316406,,,,,,443450.0
20990,0.05923635885119438,,,,,,,443600.0
20991,,47.130191802978516,,,,,,443625.0
21004,0.05938713252544403,,,,,,,443950.0
21005,,40.077457427978516,,,,,,443975.0
21011,,,0.7960340976715088,0.8002375364303589,-0.047498669475317,0.7223141193389893,36.73682403564453,444065.2173913043
21013,,,0.7718398571014404,0.7728548049926758,-0.2714275121688843,0.7982680201530457,45.06029510498047,444108.6956521739
21021,0.059543438255786896,,,,,,,444282.60869565216
21022,,40.63062286376953,,,,,,444304.347826087
21029,0.05966682732105255,,,,,,,444456.52173913043
21030,,37.33883285522461,,,,,,444478.26086956525
21040,0.05987797677516937,,,,,,,444695.652173913
21041,,46.11495590209961,,,,,,444717.39130434784
21052,0.06005581468343735,,,,,,,444956.52173913043
21053,,42.7838249206543,,,,,,444978.26086956525
21057,,,0.7977176308631897,0.8000590801239014,-0.1738220751285553,0.7439188957214355,39.80488586425781,445024.39024390245
21065,0.06016547232866287,,,,,,,445219.51219512196
21066,,35.96564483642578,,,,,,445243.9024390244
21073,0.06045159325003624,,,,,,,445414.6341463415
21074,,53.61204147338867,,,,,,445439.0243902439
21082,0.0606117807328701,,,,,,,445634.14634146343
21083,,41.01892852783203,,,,,,445658.53658536583
21095,0.06078176945447922,,,,,,,445951.2195121951
21096,,41.99892044067383,,,,,,445975.60975609755
21101,,,0.8234025835990906,0.8259701132774353,-0.2796805500984192,0.7779644727706909,40.91156005859375,446047.61904761905
21112,0.060940224677324295,,,,,,,446309.5238095238
21113,,40.845558166503906,,,,,,446333.3333333333
21120,0.06122880429029465,,,,,,,446500.0
21121,,53.85796356201172,,,,,,446523.8095238095
21130,0.06142479553818703,,,,,,,446738.09523809527
21131,,44.59895706176758,,,,,,446761.90476190473
21139,0.061589933931827545,,,,,,,446952.38095238095
21140,,41.51387023925781,,,,,,446976.1904761905
21146,,,0.8269997239112854,0.828230619430542,-0.06661403179168701,0.63178551197052,48.3310661315918,447065.2173913043
21153,0.061733368784189224,,,,,,,447217.39130434784
21154,,39.34344482421875,,,,,,447239.1304347826
21165,0.06180761754512787,,,,,,,447478.26086956525
21166,,32.42475891113281,,,,,,447500.0
21174,0.06184923276305199,,,,,,,447673.9130434783
21175,,29.161378860473633,,,,,,447695.652173913
21187,0.06201278045773506,,,,,,,447956.52173913043
21188,,41.35458755493164,,,,,,447978.26086956525
21193,,,0.8404519557952881,0.8430039882659912,-0.2741403877735138,0.8076488971710205,46.86178970336914,448040.8163265306
21202,0.06218896433711052,,,,,,,448224.48979591834
21203,,42.61839294433594,,,,,,448244.89795918367
21213,0.06228761747479439,,,,,,,448448.97959183675
21214,,34.865142822265625,,,,,,448469.387755102
21224,0.06243985891342163,,,,,,,448673.4693877551
21225,,40.22404479980469,,,,,,448693.8775510204
21238,0.06264740973711014,,,,,,,448959.1836734694
21239,,45.7548942565918,,,,,,448979.5918367347
21243,,,0.8094862103462219,0.8110131025314331,-0.19711437821388245,0.7743107080459595,46.588748931884766,449018.1818181818
21247,,,0.7788177728652954,0.7794821858406067,-0.2475607991218567,0.7041069269180298,38.64988327026367,449090.9090909091
21261,0.06283728033304214,,,,,,,449345.45454545453
21262,,43.98706817626953,,,,,,449363.63636363635
21270,0.06307461112737656,,,,,,,449509.0909090909
21271,,48.7327995300293,,,,,,449527.2727272727
21284,0.06327728182077408,,,,,,,449763.63636363635
21285,,45.26738739013672,,,,,,449781.8181818182
21295,0.06345333904027939,,,,,,,449963.63636363635
21296,,42.60542678833008,,,,,,449981.8181818182
21304,,,0.8104164600372314,0.8142465353012085,-0.2956363558769226,0.823694109916687,31.438854217529297,450094.3396226415
21313,0.06371352076530457,,,,,,,450264.1509433962
21314,,51.017845153808594,,,,,,450283.0188679245
21326,0.06394243985414505,,,,,,,450509.43396226416
21327,,47.892189025878906,,,,,,450528.30188679247
21337,0.06406441330909729,,,,,,,450716.9811320755
21338,,37.19724655151367,,,,,,450735.8490566038
21350,0.0642598494887352,,,,,,,450962.2641509434
21351,,44.543453216552734,,,,,,450981.1320754717
21356,,,0.8098894357681274,0.8111490607261658,-0.1381819099187851,0.6427299976348877,54.64634704589844,451046.511627907
21366,0.06450516730546951,,,,,,,451279.06976744183
21367,,49.531429290771484,,,,,,451302.32558139536
21376,0.06473777443170547,,,,,,,451511.62790697673
21377,,48.26080322265625,,,,,,451534.88372093026
21388,0.06496427208185196,,,,,,,451790.6976744186
21389,,47.64952850341797,,,,,,451813.9534883721
21395,0.06518767774105072,,,,,,,451953.488372093
21396,,47.3405647277832,,,,,,451976.74418604653
21401,,,0.7772635817527771,0.7799011468887329,-0.22560454905033112,0.7448832392692566,39.33970260620117,452038.46153846156
21412,0.06535694748163223,,,,,,,452250.0
21413,,41.926719665527344,,,,,,452269.23076923075
21419,0.06562651693820953,,,,,,,452384.6153846154
21420,,51.95676040649414,,,,,,452403.8461538461
21435,0.06584201008081436,,,,,,,452692.3076923077
21436,,46.54896545410156,,,,,,452711.53846153844
21449,0.06610257923603058,,,,,,,452961.53846153844
21450,,51.05695724487305,,,,,,452980.76923076925
21455,,,0.8391069173812866,0.8395586609840393,-0.10021476447582245,0.7029403448104858,45.43976593017578,453040.8163265306
21466,0.06625290215015411,,,,,,,453265.306122449
21467,,40.03242874145508,,,,,,453285.71428571426
21478,0.06646585464477539,,,,,,,453510.20408163266
21479,,46.29528045654297,,,,,,453530.612244898
21488,0.06662090867757797,,,,,,,453714.28571428574
21489,,40.50545120239258,,,,,,453734.693877551
21500,0.06700316816568375,,,,,,,453959.1836734694
21501,,63.22629165649414,,,,,,453979.5918367347
21506,,,0.8342626094818115,0.8354991674423218,-0.1852039098739624,0.729495108127594,41.82598114013672,454045.45454545453
21509,,,0.8191418051719666,0.8246298432350159,-0.1145557388663292,0.7691348791122437,35.19088363647461,454113.63636363635
21517,0.06716401875019073,,,,,,,454295.45454545453
21518,,41.084686279296875,,,,,,454318.1818181818
21526,0.06734146922826767,,,,,,,454500.0
21527,,42.74494934082031,,,,,,454522.7272727273
21537,0.06752850860357285,,,,,,,454750.0
21538,,43.703800201416016,,,,,,454772.7272727273
21546,0.06785925477743149,,,,,,,454954.54545454547
21547,,58.07459259033203,,,,,,454977.2727272727
21551,,,0.8022472858428955,0.8101879358291626,-0.2792922854423523,0.846264660358429,41.42359924316406,455022.7272727273
21561,0.06805624067783356,,,,,,,455250.0
21562,,44.6989631652832,,,,,,455272.7272727273
21571,0.06825246661901474,,,,,,,455477.2727272727
21572,,44.622379302978516,,,,,,455500.0
21582,0.06836496293544769,,,,,,,455727.2727272727
21583,,36.24989318847656,,,,,,455750.0
21592,0.06853045523166656,,,,,,,455954.54545454547
21593,,41.549442291259766,,,,,,455977.2727272727
21602,,,0.8448329567909241,0.8451980352401733,-0.04306270182132721,0.5749989151954651,50.871707916259766,456130.4347826087
21616,0.06875597685575485,,,,,,,456434.7826086957
21617,,47.55244827270508,,,,,,456456.52173913043
21624,0.06900446861982346,,,,,,,456608.6956521739
21625,,49.84949493408203,,,,,,456630.4347826087
21631,0.06920097768306732,,,,,,,456760.8695652174
21632,,44.650997161865234,,,,,,456782.60869565216
21640,0.06933295726776123,,,,,,,456956.52173913043
21641,,38.19822311401367,,,,,,456978.26086956525
21648,,,0.8125226497650146,0.8168116807937622,-0.16859346628189087,0.7623605728149414,40.79646301269531,457080.0
21658,0.06954456120729446,,,,,,,457280.0
21659,,46.16059494018555,,,,,,457300.0
21673,0.06980116665363312,,,,,,,457580.0
21674,,50.6605110168457,,,,,,457600.0
21683,0.06993792206048965,,,,,,,457780.0
21684,,38.67563247680664,,,,,,457800.0
21692,0.0702114924788475,,,,,,,457960.0
21693,,52.35700607299805,,,,,,457980.0
21698,,,0.8308960795402527,0.8330002427101135,-0.1289442926645279,0.8822983503341675,54.532501220703125,458045.45454545453
21707,0.07049299776554108,,,,,,,458250.0
21708,,53.1508674621582,,,,,,458272.7272727273
21719,0.07068203389644623,,,,,,,458522.7272727273
21720,,43.903892517089844,,,,,,458545.45454545453
21726,0.07098953425884247,,,,,,,458681.8181818182
21727,,55.75037384033203,,,,,,458704.54545454547
21738,0.07121478021144867,,,,,,,458954.54545454547
21739,,47.52449035644531,,,,,,458977.2727272727
21744,,,0.7961049675941467,0.797778308391571,-0.29375821352005005,0.8226214051246643,48.135894775390625,459040.8163265306
21750,,,0.8280754685401917,0.8321187496185303,-0.3294324278831482,0.708437442779541,44.57778549194336,459163.2653061224
21760,0.07140655070543289,,,,,,,459367.3469387755
21761,,44.17719650268555,,,,,,459387.7551020408
21771,0.0715964287519455,,,,,,,459591.8367346939
21772,,43.98751449584961,,,,,,459612.2448979592
21782,0.0718504786491394,,,,,,,459816.32653061225
21783,,50.405052185058594,,,,,,459836.7346938776
21789,0.07205745577812195,,,,,,,459959.1836734694
21790,,45.69757080078125,,,,,,459979.5918367347
21795,,,0.8339211940765381,0.8349407911300659,-0.023759692907333374,0.5950085520744324,45.04636001586914,460051.28205128206
21801,0.07219979912042618,,,,,,,460205.1282051282
21802,,39.234004974365234,,,,,,460230.76923076925
21813,0.07242145389318466,,,,,,,460512.8205128205
21814,,47.16573715209961,,,,,,460538.46153846156
21824,0.07268519699573517,,,,,,,460794.8717948718
21825,,51.37464904785156,,,,,,460820.5128205128
21830,0.07283142954111099,,,,,,,460948.71794871794
21831,,39.62350082397461,,,,,,460974.358974359
21837,,,0.8347218036651611,0.8359317183494568,-0.3651061952114105,0.7624726891517639,37.08816146850586,461075.0
21844,0.07305469363927841,,,,,,,461250.0
21845,,47.326744079589844,,,,,,461275.0
21853,0.07323285937309265,,,,,,,461475.0
21854,,42.816383361816406,,,,,,461500.0
21862,0.0734296664595604,,,,,,,461700.0
21863,,44.68075942993164,,,,,,461725.0
21872,0.07367420196533203,,,,,,,461950.0
21873,,49.45326232910156,,,,,,461975.0
21880,,,0.8120725154876709,0.8135306239128113,0.0890425369143486,0.6350721716880798,42.22051239013672,462083.3333333333
21891,0.07376972585916519,,,,,,,462312.5
21892,,34.55207061767578,,,,,,462333.3333333333
21902,0.07396432757377625,,,,,,,462541.6666666667
21903,,44.46017074584961,,,,,,462562.5
21912,0.07427399605512619,,,,,,,462750.0
21913,,55.966854095458984,,,,,,462770.8333333333
21922,0.0744604840874672,,,,,,,462958.3333333333
21923,,43.64873504638672,,,,,,462979.1666666667
21929,,,0.8052440285682678,0.8089985251426697,-0.09969546645879745,0.9637452960014343,43.14502716064453,463069.76744186046
21940,0.074691541492939,,,,,,,463325.5813953488
21941,,48.10597229003906,,,,,,463348.83720930235
21950,0.07490502297878265,,,,,,,463558.1395348837
21951,,46.34798049926758,,,,,,463581.3953488372
21957,0.07502810657024384,,,,,,,463720.93023255817
21958,,37.30816650390625,,,,,,463744.18604651163
21967,0.07511201500892639,,,,,,,463953.488372093
21968,,33.39082336425781,,,,,,463976.74418604653
21972,,,0.7581852078437805,0.763568103313446,-0.29720157384872437,0.66693514585495,32.67815017700195,464022.22222222225
21974,,,0.8034248948097229,0.8075932860374451,-0.14905281364917755,0.6220546960830688,42.25017547607422,464066.6666666667
21981,0.07537145167589188,,,,,,,464222.22222222225
21982,,50.94340515136719,,,,,,464244.44444444444
21991,0.07556787133216858,,,,,,,464444.44444444444
21992,,44.64219284057617,,,,,,464466.6666666667
22005,0.07581861317157745,,,,,,,464755.55555555556
22006,,50.073848724365234,,,,,,464777.77777777775
22014,0.07606297731399536,,,,,,,464955.55555555556
22015,,49.43649673461914,,,,,,464977.77777777775
22023,,,0.8261132836341858,0.8276593685150146,-0.005827005952596664,0.699530839920044,43.71510314941406,465119.04761904763
22031,0.07630695402622223,,,,,,,465309.5238095238
22032,,49.3974609375,,,,,,465333.3333333333
22042,0.07655437290668488,,,,,,,465571.4285714286
22043,,49.7419319152832,,,,,,465595.2380952381
22050,0.07674932479858398,,,,,,,465761.90476190473
22051,,44.49504852294922,,,,,,465785.71428571426
22058,0.07701996713876724,,,,,,,465952.38095238095
22059,,52.064483642578125,,,,,,465976.1904761905
22063,,,0.790586531162262,0.7922301292419434,-0.03671518340706825,0.4888193905353546,33.333499908447266,466020.8333333333
22074,0.07728640735149384,,,,,,,466250.0
22075,,51.64371871948242,,,,,,466270.8333333333
22087,0.07755940407514572,,,,,,,466520.8333333333
22088,,52.299888610839844,,,,,,466541.6666666667
22096,0.07779345661401749,,,,,,,466708.3333333333
22097,,48.405616760253906,,,,,,466729.1666666667
22108,0.07795146107673645,,,,,,,466958.3333333333
22109,,40.80060577392578,,,,,,466979.1666666667
22113,,,0.8240137696266174,0.8255468010902405,-0.0005978054250590503,0.9487916827201843,56.51788330078125,467022.22222222225
22128,0.07807805389165878,,,,,,,467355.55555555556
22129,,37.65918731689453,,,,,,467377.77777777775
22135,0.07822582125663757,,,,,,,467511.1111111111
22136,,39.776580810546875,,,,,,467533.3333333333
22145,0.07851140946149826,,,,,,,467733.3333333333
22146,,53.558719635009766,,,,,,467755.55555555556
22155,0.07873298972845078,,,,,,,467955.55555555556
22156,,47.158233642578125,,,,,,467977.77777777775
22165,,,0.8305608034133911,0.8310955762863159,0.03919604793190956,0.5722649693489075,36.943050384521484,468125.0
22176,0.07895374298095703,,,,,,,468354.1666666667
22177,,47.07552719116211,,,,,,468375.0
22188,0.07917392253875732,,,,,,,468604.1666666667
22189,,47.018272399902344,,,,,,468625.0
22196,0.07934924215078354,,,,,,,468770.8333333333
22197,,42.53175354003906,,,,,,468791.6666666667
22205,0.07954290509223938,,,,,,,468958.3333333333
22206,,44.366336822509766,,,,,,468979.1666666667
22210,,,0.8182844519615173,0.8196519017219543,-0.24888229370117188,0.9507036209106445,40.291725158691406,469022.7272727273
22213,,,0.8100596070289612,0.8114866018295288,-0.09323093295097351,0.6985457539558411,34.681640625,469090.9090909091
22218,0.07979836314916611,,,,,,,469204.54545454547
22219,,50.54574966430664,,,,,,469227.2727272727
22232,0.07999717444181442,,,,,,,469522.7272727273
22233,,44.88093566894531,,,,,,469545.45454545453
22239,0.08028113842010498,,,,,,,469681.8181818182
22240,,53.39628219604492,,,,,,469704.54545454547
22251,0.08040103316307068,,,,,,,469954.54545454547
22252,,36.989219665527344,,,,,,469977.2727272727
22258,,,0.8219388723373413,0.8248444199562073,-0.31930145621299744,0.7926276326179504,33.67764663696289,470076.92307692306
22268,0.08057446032762527,,,,,,,470333.3333333333
22269,,42.34259033203125,,,,,,470358.9743589744
22280,0.08082354068756104,,,,,,,470641.0256410256
22281,,49.90825653076172,,,,,,470666.6666666667
22285,0.08096548914909363,,,,,,,470769.23076923075
22286,,39.194793701171875,,,,,,470794.8717948718
22292,0.0811859592795372,,,,,,,470948.71794871794
22293,,47.0472526550293,,,,,,470974.358974359
22300,,,0.8321642279624939,0.8348332047462463,-0.0886760875582695,0.8312277793884277,53.426856994628906,471081.63265306124
22311,0.08136241883039474,,,,,,,471306.1224489796
22312,,42.64562225341797,,,,,,471326.5306122449
22320,0.08158101886510849,,,,,,,471489.79591836734
22321,,46.859710693359375,,,,,,471510.20408163266
22332,0.08172508329153061,,,,,,,471734.693877551
22333,,39.406455993652344,,,,,,471755.10204081633
22343,0.08197936415672302,,,,,,,471959.1836734694
22344,,50.428436279296875,,,,,,471979.5918367347
22349,,,0.8180809617042542,0.8203966021537781,-0.0396871343255043,0.6163745522499084,49.29146194458008,472040.8163265306
22361,0.08220375329256058,,,,,,,472285.71428571426
22362,,47.43864822387695,,,,,,472306.1224489796
22375,0.08242195844650269,,,,,,,472571.4285714286
22376,,46.820430755615234,,,,,,472591.8367346939
22387,0.08272561430931091,,,,,,,472816.32653061225
22388,,55.36536407470703,,,,,,472836.7346938776
22394,0.08297529816627502,,,,,,,472959.1836734694
22395,,49.968013763427734,,,,,,472979.5918367347
22400,,,0.7970587611198425,0.8016262054443359,-0.11284703016281128,0.8377059102058411,40.843509674072266,473046.511627907
22410,0.08319652825593948,,,,,,,473279.06976744183
22411,,47.12273406982422,,,,,,473302.32558139536
22417,0.08340232819318771,,,,,,,473441.8604651163
22418,,45.58011245727539,,,,,,473465.11627906974
22428,0.08370433747768402,,,,,,,473697.67441860464
22429,,55.20111083984375,,,,,,473720.93023255817
22439,0.08386178314685822,,,,,,,473953.488372093
22440,,40.744285583496094,,,,,,473976.74418604653
22444,,,0.8454411625862122,0.8463005423545837,-0.20496897399425507,1.0276639461517334,39.562320709228516,474023.8095238095
22447,,,0.821877658367157,0.8234060406684875,-0.1491631269454956,0.7769309878349304,43.189151763916016,474095.2380952381
22451,0.08411680907011032,,,,,,,474190.4761904762
22452,,50.502418518066406,,,,,,474214.28571428574
22459,0.08437512814998627,,,,,,,474380.95238095237
22460,,50.832000732421875,,,,,,474404.7619047619
22467,0.08453643321990967,,,,,,,474571.4285714286
22468,,41.1303825378418,,,,,,474595.2380952381
22483,0.08488266915082932,,,,,,,474952.38095238095
22484,,59.623294830322266,,,,,,474976.1904761905
22491,,,0.8332147002220154,0.8384698033332825,-0.11394097656011581,0.8988083004951477,53.04982376098633,475081.63265306124
22500,0.08513269573450089,,,,,,,475265.306122449
22501,,50.00300598144531,,,,,,475285.71428571426
22511,0.08528556674718857,,,,,,,475489.79591836734
22512,,40.28693771362305,,,,,,475510.20408163266
22520,0.08544430881738663,,,,,,,475673.4693877551
22521,,40.873958587646484,,,,,,475693.8775510204
22534,0.08558661490678787,,,,,,,475959.1836734694
22535,,39.230621337890625,,,,,,475979.5918367347
22542,,,0.8316439986228943,0.8331694006919861,-0.3065493702888489,0.9799813032150269,44.88124084472656,476086.95652173914
22556,0.08589453995227814,,,,,,,476391.3043478261
22557,,55.79269027709961,,,,,,476413.04347826086
22564,0.08613771200180054,,,,,,,476565.2173913043
22565,,49.31725311279297,,,,,,476586.95652173914
22573,0.08642606437206268,,,,,,,476760.8695652174
22574,,53.83497619628906,,,,,,476782.60869565216
22582,0.08666423708200455,,,,,,,476956.52173913043
22583,,48.817291259765625,,,,,,476978.26086956525
22589,,,0.8439683318138123,0.8445936441421509,-0.3179837763309479,0.9913053512573242,52.58420944213867,477066.6666666667
22601,0.08684518933296204,,,,,,,477333.3333333333
22602,,43.09559631347656,,,,,,477355.55555555556
22609,0.0870949923992157,,,,,,,477511.1111111111
22610,,49.98019790649414,,,,,,477533.3333333333
22617,0.08725651353597641,,,,,,,477688.8888888889
22618,,41.152381896972656,,,,,,477711.1111111111
22629,0.08752237260341644,,,,,,,477955.55555555556
22630,,51.58573913574219,,,,,,477977.77777777775
22634,,,0.8109434247016907,0.8149563074111938,0.06077313795685768,0.7083616256713867,45.16565704345703,478023.8095238095
22645,0.08771120756864548,,,,,,,478285.71428571426
22646,,43.88346481323242,,,,,,478309.5238095238
22654,0.08789896965026855,,,,,,,478500.0
22655,,43.776451110839844,,,,,,478523.8095238095
22663,0.08818427473306656,,,,,,,478714.28571428574
22664,,53.53031539916992,,,,,,478738.09523809527
22673,0.0884089544415474,,,,,,,478952.38095238095
22674,,47.46780014038086,,,,,,478976.1904761905
22679,,,0.796826958656311,0.7978280782699585,-0.16733771562576294,0.8189507126808167,43.39242172241211,479042.55319148937
22684,,,0.8064342737197876,0.8097801804542542,-0.12604205310344696,0.6668731570243835,45.89816665649414,479148.93617021275
22693,0.0886312797665596,,,,,,,479340.42553191487
22694,,47.232269287109375,,,,,,479361.7021276596
22702,0.0888182520866394,,,,,,,479531.91489361704
22703,,43.69753646850586,,,,,,479553.1914893617
22711,0.08902858197689056,,,,,,,479723.40425531915
22712,,46.03291320800781,,,,,,479744.6808510638
22722,0.08932622522115707,,,,,,,479957.44680851063
22723,,54.76398849487305,,,,,,479978.72340425535
22729,,,0.8361043930053711,0.8369346261024475,-0.11968083679676056,0.7723903656005859,36.27299499511719,480063.829787234
22737,0.08951534330844879,,,,,,,480234.0425531915
22738,,43.91160202026367,,,,,,480255.3191489362
22748,0.08981677144765854,,,,,,,480468.08510638296
22749,,55.14258575439453,,,,,,480489.3617021277
22760,0.09002353250980377,,,,,,,480723.40425531915
22761,,45.67605209350586,,,,,,480744.6808510638
22771,0.0902910828590393,,,,,,,480957.44680851063
22772,,51.75471496582031,,,,,,480978.72340425535
22777,,,0.8333536982536316,0.833722710609436,-0.09178134053945541,0.7077836990356445,53.216129302978516,481041.6666666667
22789,0.09041348844766617,,,,,,,481291.6666666667
22790,,37.240779876708984,,,,,,481312.5
22799,0.09061719477176666,,,,,,,481500.0
22800,,45.370819091796875,,,,,,481520.8333333333
22811,0.09099145233631134,,,,,,,481750.0
22812,,62.425445556640625,,,,,,481770.8333333333
22821,0.09122771769762039,,,,,,,481958.3333333333
22822,,48.626617431640625,,,,,,481979.1666666667
22827,,,0.8513051867485046,0.8534280061721802,-0.10313049703836441,0.7982674241065979,47.009422302246094,482048.7804878049
22838,0.0913916528224945,,,,,,,482317.0731707317
22839,,41.39339065551758,,,,,,482341.46341463417
22846,0.09171319007873535,,,,,,,482512.1951219512
22847,,57.15352249145508,,,,,,482536.5853658537
22856,0.09188515692949295,,,,,,,482756.0975609756
22857,,42.19649887084961,,,,,,482780.48780487804
22864,0.09212987869977951,,,,,,,482951.2195121951
22865,,49.472408294677734,,,,,,482975.60975609755
22870,,,0.7958107590675354,0.797349214553833,-0.16019050776958466,0.7472684383392334,43.84529113769531,483044.44444444444
22879,0.09239250421524048,,,,,,,483244.44444444444
22880,,51.26239013671875,,,,,,483266.6666666667
22893,0.09265772253274918,,,,,,,483555.55555555556
22894,,51.52192687988281,,,,,,483577.77777777775
22900,0.09285065531730652,,,,,,,483711.1111111111
22901,,44.293365478515625,,,,,,483733.3333333333
22911,0.09307053685188293,,,,,,,483955.55555555556
22912,,46.98798751831055,,,,,,483977.77777777775
22916,,,0.8161193132400513,0.8185649514198303,-0.1580296903848648,0.7969014644622803,55.25676727294922,484023.25581395347
22920,,,0.8157240152359009,0.8185298442840576,-0.16108186542987823,0.7029199600219727,46.55167770385742,484116.27906976745
22927,0.09329800307750702,,,,,,,484279.06976744183
22928,,47.746665954589844,,,,,,484302.32558139536
22934,0.0936671793460846,,,,,,,484441.8604651163
22935,,61.91775131225586,,,,,,484465.11627906974
22944,0.09397401660680771,,,,,,,484674.4186046512
22945,,55.68387985229492,,,,,,484697.67441860464
22956,0.09423138946294785,,,,,,,484953.488372093
22957,,50.737327575683594,,,,,,484976.74418604653
22964,,,0.8217268586158752,0.824522078037262,-0.08868776261806488,0.8781414031982422,40.724605560302734,485081.63265306124
22979,0.0944477766752243,,,,,,,485387.7551020408
22980,,46.63867950439453,,,,,,485408.1632653061
22990,0.0946817472577095,,,,,,,485612.2448979592
22991,,48.39680862426758,,,,,,485632.6530612245
22998,0.09478563070297241,,,,,,,485775.51020408166
22999,,35.388221740722656,,,,,,485795.9183673469
23007,0.09500868618488312,,,,,,,485959.1836734694
23008,,47.30549240112305,,,,,,485979.5918367347
23014,,,0.8259773850440979,0.8264084458351135,-0.07912155240774155,0.975465714931488,54.413230895996094,486061.2244897959
23025,0.09520310908555984,,,,,,,486285.71428571426
23026,,44.442569732666016,,,,,,486306.1224489796
23036,0.09541278332471848,,,,,,,486510.20408163266
23037,,45.96767044067383,,,,,,486530.612244898
23048,0.09558945894241333,,,,,,,486755.10204081633
23049,,42.667789459228516,,,,,,486775.51020408166
23058,0.0958750769495964,,,,,,,486959.1836734694
23059,,53.56186294555664,,,,,,486979.5918367347
23064,,,0.8294592499732971,0.8337043523788452,-0.2768254578113556,0.8939360976219177,43.90455627441406,487038.46153846156
23075,0.09608857333660126,,,,,,,487250.0
23076,,46.34999465942383,,,,,,487269.23076923075
23086,0.09640739858150482,,,,,,,487461.53846153844
23087,,56.88252639770508,,,,,,487480.76923076925
23098,0.09672684967517853,,,,,,,487692.3076923077
23099,,56.94502258300781,,,,,,487711.53846153844
23112,0.09693419188261032,,,,,,,487961.53846153844
23113,,45.73392868041992,,,,,,487980.76923076925
23117,,,0.8008299469947815,0.8023891448974609,-0.04159139096736908,0.6892380714416504,45.69390106201172,488023.8095238095
23130,0.09712428599596024,,,,,,,488333.3333333333
23131,,44.009525299072266,,,,,,488357.14285714284
23141,0.0973028689622879,,,,,,,488595.2380952381
23142,,42.85811233520508,,,,,,488619.04761904763
23148,0.09763510525226593,,,,,,,488761.90476190473
23149,,58.22333908081055,,,,,,488785.71428571426
23156,0.09784886986017227,,,,,,,488952.38095238095
23157,,46.37609100341797,,,,,,488976.1904761905
23161,,,0.8159283399581909,0.815936267375946,-0.34803852438926697,0.9977338910102844,48.311676025390625,489019.60784313723
23163,,,0.8239068984985352,0.8247838616371155,-0.04709764942526817,1.1752336025238037,46.13179397583008,489058.82352941175
23173,0.09803061187267303,,,,,,,489254.90196078434
23174,,43.17413330078125,,,,,,489274.50980392157
23185,0.09835918992757797,,,,,,,489490.1960784314
23186,,57.8577995300293,,,,,,489509.8039215686
23196,0.09864258766174316,,,,,,,489705.8823529412
23197,,53.33942794799805,,,,,,489725.49019607843
23209,0.09892041981220245,,,,,,,489960.7843137255
23210,,52.78295135498047,,,,,,489980.39215686277
23216,,,0.8185493350028992,0.8200794458389282,-0.09305956214666367,0.8298208713531494,46.92338180541992,490073.1707317073
23228,0.09917671978473663,,,,,,,490365.85365853657
23229,,50.62997817993164,,,,,,490390.243902439
23238,0.09940826892852783,,,,,,,490609.756097561
23239,,48.15523147583008,,,,,,490634.14634146343
23244,0.09965603798627853,,,,,,,490756.0975609756
23245,,49.776573181152344,,,,,,490780.48780487804
23252,0.09993495047092438,,,,,,,490951.2195121951
23253,,52.891380310058594,,,,,,490975.60975609755
23259,,,0.811163067817688,0.8111965656280518,-0.15780869126319885,0.7216381430625916,44.18526840209961,491075.0
23264,0.10030613839626312,,,,,,,491200.0
23265,,62.11882400512695,,,,,,491225.0
23277,0.10049042850732803,,,,,,,491525.0
23278,,43.42905044555664,,,,,,491550.0
23285,0.10085739195346832,,,,,,,491725.0
23286,,61.69662857055664,,,,,,491750.0
23294,0.10110825300216675,,,,,,,491950.0
23295,,50.08620071411133,,,,,,491975.0
23300,,,0.8216516375541687,0.8241996169090271,0.09817163646221161,0.7392086386680603,60.727874755859375,492047.61904761905
23310,0.10138709843158722,,,,,,,492285.71428571426
23311,,52.884239196777344,,,,,,492309.5238095238
23319,0.10159184783697128,,,,,,,492500.0
23320,,45.47470474243164,,,,,,492523.8095238095
23329,0.10188469290733337,,,,,,,492738.09523809527
23330,,54.284358978271484,,,,,,492761.90476190473
23338,0.10213086754083633,,,,,,,492952.38095238095
23339,,49.617759704589844,,,,,,492976.1904761905
23345,,,0.8526443243026733,0.8533658981323242,-0.1358327716588974,0.9155970215797424,52.29318618774414,493065.2173913043
23356,0.10239174216985703,,,,,,,493304.347826087
23357,,51.087425231933594,,,,,,493326.0869565217
23364,0.10271163284778595,,,,,,,493478.26086956525
23365,,56.98936080932617,,,,,,493500.0
23374,0.10291355848312378,,,,,,,493695.652173913
23375,,45.19227981567383,,,,,,493717.39130434784
23386,0.1031615361571312,,,,,,,493956.52173913043
23387,,49.797523498535156,,,,,,493978.26086956525
23391,,,0.8215930461883545,0.8230082392692566,-0.2447439432144165,1.1614313125610352,53.53594970703125,494022.7272727273
23392,,,0.8120434880256653,0.8133600950241089,-0.22276128828525543,1.203122615814209,54.65953826904297,494045.45454545453
23401,0.10342124104499817,,,,,,,494250.0
23402,,50.97080612182617,,,,,,494272.7272727273
23413,0.10374052822589874,,,,,,,494522.7272727273
23414,,56.928436279296875,,,,,,494545.45454545453
23424,0.10393844544887543,,,,,,,494772.7272727273
23425,,44.79196548461914,,,,,,494795.45454545453
23432,0.10429111868143082,,,,,,,494954.54545454547
23433,,60.26729202270508,,,,,,494977.2727272727
23439,,,0.8231967687606812,0.8253171443939209,0.06597375869750977,0.9006789922714233,53.57035446166992,495056.6037735849
23451,0.10463262349367142,,,,,,,495283.0188679245
23452,,59.15018844604492,,,,,,495301.88679245283
23460,0.10486921668052673,,,,,,,495452.8301886792
23461,,48.65958786010742,,,,,,495471.69811320753
23476,0.10509292036294937,,,,,,,495754.71698113205
23477,,47.37030029296875,,,,,,495773.58490566036
23487,0.10537143051624298,,,,,,,495962.2641509434
23488,,52.8508186340332,,,,,,495981.1320754717
23495,,,0.8359081149101257,0.8411012887954712,-0.16143126785755157,0.906594455242157,49.848854064941406,496095.2380952381
23507,0.10557208955287933,,,,,,,496380.95238095237
23508,,45.065860748291016,,,,,,496404.7619047619
23515,0.10585863888263702,,,,,,,496571.4285714286
23516,,53.65471267700195,,,,,,496595.2380952381
23522,0.1061101034283638,,,,,,,496738.09523809527
23523,,50.14676284790039,,,,,,496761.90476190473
23531,0.10640411078929901,,,,,,,496952.38095238095
23532,,54.40104293823242,,,,,,496976.1904761905
23537,,,0.8508202433586121,0.8519636392593384,-0.3733194172382355,1.1281747817993164,48.21097183227539,497047.61904761905
23544,0.10665863007307053,,,,,,,497214.28571428574
23545,,50.45219802856445,,,,,,497238.09523809527
23556,0.10692241787910461,,,,,,,497500.0
23557,,51.37862777709961,,,,,,497523.8095238095
23569,0.10722672939300537,,,,,,,497809.5238095238
23570,,55.431312561035156,,,,,,497833.3333333333
23575,0.10750274360179901,,,,,,,497952.38095238095
23576,,52.60114669799805,,,,,,497976.1904761905
23581,,,0.8238489627838135,0.8271655440330505,-0.23870429396629333,0.8826071619987488,49.51500701904297,498051.28205128206
23592,0.10770606249570847,,,,,,,498333.3333333333
23593,,45.33195877075195,,,,,,498358.9743589744
23598,0.10804824531078339,,,,,,,498487.1794871795
23599,,59.21831512451172,,,,,,498512.8205128205
23605,0.10834893584251404,,,,,,,498666.6666666667
23606,,55.06940841674805,,,,,,498692.3076923077
23616,0.10868673026561737,,,,,,,498948.71794871794
23617,,58.7797737121582,,,,,,498974.358974359
23622,,,0.8234381675720215,0.826841413974762,-0.14361022412776947,0.6707566976547241,56.67737579345703,499048.7804878049
23625,,,0.841509997844696,0.8427325487136841,0.2073322981595993,0.9924583435058594,53.33518600463867,499121.9512195122
23634,0.10893307626247406,,,,,,,499341.46341463417
23635,,49.634681701660156,,,,,,499365.85365853657
23642,0.10919936001300812,,,,,,,499536.5853658537
23643,,51.628074645996094,,,,,,499560.9756097561
23649,0.10956890136003494,,,,,,,499707.31707317074
23650,,61.95430374145508,,,,,,499731.7073170732
23659,0.10982528328895569,,,,,,,499951.2195121951
23660,,50.638145446777344,,,,,,499975.60975609755
23668,,,0.8419159054756165,0.8443775773048401,-0.11843656003475189,0.9394420385360718,67.48616790771484,500102.0408163265
23675,0.11011972278356552,,,,,,,500244.89795918367
23676,,54.444000244140625,,,,,,500265.306122449
23688,0.11045794934034348,,,,,,,500510.20408163266
23689,,58.822383880615234,,,,,,500530.612244898
23696,0.11080201715230942,,,,,,,500673.4693877551
23697,,59.406944274902344,,,,,,500693.8775510204
23710,0.1111639216542244,,,,,,,500959.1836734694
23711,,61.19032669067383,,,,,,500979.5918367347
23718,,,0.8468138575553894,0.8480126261711121,-0.20014959573745728,1.0705115795135498,59.67472457885742,501083.3333333333
23728,0.11131089925765991,,,,,,,501291.6666666667
23729,,39.69783020019531,,,,,,501312.5
23739,0.11156731098890305,,,,,,,501520.8333333333
23740,,50.640865325927734,,,,,,501541.6666666667
23749,0.11198697239160538,,,,,,,501729.1666666667
23750,,66.96626281738281,,,,,,501750.0
23760,0.11227372288703918,,,,,,,501958.3333333333
23761,,53.67469024658203,,,,,,501979.1666666667
23765,,,0.8386532068252563,0.84052973985672,-0.10804472118616104,0.8599007725715637,61.00113296508789,502020.0
23773,0.11259616911411285,,,,,,,502180.0
23774,,57.24489212036133,,,,,,502200.0
23785,0.11281365156173706,,,,,,,502420.0
23786,,46.748023986816406,,,,,,502440.0
23799,0.11312943696975708,,,,,,,502700.0
23800,,56.57820129394531,,,,,,502720.0
23812,0.11336509883403778,,,,,,,502960.0
23813,,48.56583786010742,,,,,,502980.0
23819,,,0.8229811787605286,0.8237506151199341,-0.05121807008981705,0.9642526507377625,46.18691635131836,503063.829787234
23828,0.11371894180774689,,,,,,,503255.3191489362
23829,,60.3842887878418,,,,,,503276.59574468085
23838,0.11410455405712128,,,,,,,503468.08510638296
23839,,63.56085205078125,,,,,,503489.3617021277
23847,0.1144108697772026,,,,,,,503659.57446808513
23848,,55.6318473815918,,,,,,503680.8510638298
23861,0.1146562397480011,,,,,,,503957.44680851063
23862,,49.53676986694336,,,,,,503978.72340425535
23866,,,0.8426257371902466,0.845488965511322,-0.12238933891057968,0.7405504584312439,56.3232421875,504018.1818181818
23871,,,0.7982503175735474,0.800494909286499,-0.13917866349220276,0.7922741174697876,49.32841110229492,504109.0909090909
23881,0.11494061350822449,,,,,,,504290.9090909091
23882,,53.43771743774414,,,,,,504309.0909090909
23889,0.11520812660455704,,,,,,,504436.36363636365
23890,,51.75145721435547,,,,,,504454.54545454547
23906,0.11558431386947632,,,,,,,504745.45454545453
23907,,62.618812561035156,,,,,,504763.63636363635
23918,0.11584275960922241,,,,,,,504963.63636363635
23919,,50.84469223022461,,,,,,504981.8181818182
23926,,,0.8340937495231628,0.8390055298805237,-0.08108239620923996,1.0065349340438843,61.95512771606445,505090.9090909091
23933,0.11613413691520691,,,,,,,505250.0
23934,,54.13740921020508,,,,,,505272.7272727273
23946,0.11645177006721497,,,,,,,505545.45454545453
23947,,56.76332473754883,,,,,,505568.1818181818
23955,0.11675789952278137,,,,,,,505750.0
23956,,55.61313247680664,,,,,,505772.7272727273
23964,0.11713100224733353,,,,,,,505954.54545454547
23965,,62.310367584228516,,,,,,505977.2727272727
23972,,,0.85064297914505,0.850758969783783,-0.06533879786729813,1.0557664632797241,59.96126174926758,506105.2631578947
23978,0.11744394898414612,,,,,,,506263.15789473685
23979,,56.294891357421875,,,,,,506289.4736842105
23990,0.11774130910634995,,,,,,,506578.94736842107
23991,,54.73569107055664,,,,,,506605.2631578947
23997,0.1180097907781601,,,,,,,506763.15789473685
23998,,51.847965240478516,,,,,,506789.4736842105
24004,0.11832638829946518,,,,,,,506947.36842105264
24005,,56.65962219238281,,,,,,506973.6842105263
24013,,,0.8367060422897339,0.8396247625350952,-0.3383098244667053,1.1404446363449097,54.68952178955078,507108.6956521739
24024,0.11858522146940231,,,,,,,507347.82608695654
24025,,50.883052825927734,,,,,,507369.5652173913
24036,0.11876438558101654,,,,,,,507608.6956521739
24037,,42.916412353515625,,,,,,507630.4347826087
24045,0.1191156879067421,,,,,,,507804.347826087
24046,,60.13059997558594,,,,,,507826.0869565217
24052,0.11935403198003769,,,,,,,507956.52173913043
24053,,48.83454132080078,,,,,,507978.26086956525
24061,,,0.8541713356971741,0.8562535047531128,-0.26223495602607727,1.0517281293869019,62.650062561035156,508100.0
24074,0.11968206614255905,,,,,,,508360.0
24075,,57.80377197265625,,,,,,508380.0
24081,0.12007705122232437,,,,,,,508500.0
24082,,64.49836730957031,,,,,,508520.0
24094,0.1202864721417427,,,,,,,508760.0
24095,,45.94234085083008,,,,,,508780.0
24104,0.12052546441555023,,,,,,,508960.0
24105,,48.898921966552734,,,,,,508980.0
24109,,,0.8359127640724182,0.8407255411148071,-0.24026094377040863,1.221139907836914,58.98023986816406,509017.2413793103
24113,,,0.8563966751098633,0.8569353222846985,-0.0566222257912159,1.0358600616455078,62.360801696777344,509086.2068965517
24125,0.12082623690366745,,,,,,,509293.1034482759
24126,,55.07735824584961,,,,,,509310.3448275862
24139,0.12117523699998856,,,,,,,509534.4827586207
24140,,59.89969253540039,,,,,,509551.724137931
24156,0.12145786732435226,,,,,,,509827.5862068966
24157,,53.262996673583984,,,,,,509844.8275862069
24164,0.12165171653032303,,,,,,,509965.5172413793
24165,,44.3851318359375,,,,,,509982.7586206897
24172,,,0.8380348682403564,0.8422514796257019,-0.35091787576675415,1.0360456705093384,56.61201858520508,510090.9090909091
24177,0.12196937948465347,,,,,,,510204.54545454547
24178,,56.766632080078125,,,,,,510227.2727272727
24191,0.12229978293180466,,,,,,,510522.7272727273
24192,,58.040279388427734,,,,,,510545.45454545453
24201,0.122639961540699,,,,,,,510750.0
24202,,59.01815414428711,,,,,,510772.7272727273
24210,0.12300128489732742,,,,,,,510954.54545454547
24211,,61.13209533691406,,,,,,510977.2727272727
24216,,,0.8382647633552551,0.8409715294837952,0.06897496432065964,0.9941095113754272,54.58311080932617,511038.46153846156
24229,0.12336573004722595,,,,,,,511288.46153846156
24230,,61.44477462768555,,,,,,511307.6923076923
24239,0.12376553565263748,,,,,,,511480.76923076925
24240,,64.98075866699219,,,,,,511500.0
24253,0.12405570596456528,,,,,,,511750.0
24254,,54.01723861694336,,,,,,511769.23076923075
24264,0.12427216023206711,,,,,,,511961.53846153844
24265,,46.64512634277344,,,,,,511980.76923076925
24269,,,0.8356112837791443,0.8361145257949829,-0.2513945996761322,0.7673439979553223,56.17974090576172,512031.25
24275,0.12464036792516708,,,,,,,512218.75
24276,,61.82069778442383,,,,,,512250.0
24281,0.1250544637441635,,,,,,,512406.25
24282,,66.40902709960938,,,,,,512437.5
24290,0.12536385655403137,,,,,,,512687.5
24291,,55.93903350830078,,,,,,512718.75
24298,0.1256256252527237,,,,,,,512937.5
24299,,51.17749786376953,,,,,,512968.75
24305,,,0.8465694189071655,0.8474306464195251,-0.21478788554668427,0.8390417098999023,66.22176361083984,513088.23529411765
24312,0.1260649859905243,,,,,,,513294.1176470588
24313,,68.936767578125,,,,,,513323.5294117647
24317,0.12635618448257446,,,,,,,513441.17647058825
24318,,54.119842529296875,,,,,,513470.5882352941
24326,0.12672655284404755,,,,,,,513705.8823529412
24327,,62.036354064941406,,,,,,513735.29411764705
24334,0.12702281773090363,,,,,,,513941.17647058825
24335,,54.626041412353516,,,,,,513970.5882352941
24340,,,0.8269733786582947,0.8280025720596313,-0.1257069855928421,0.9146400690078735,53.42681121826172,514037.7358490566
24344,,,0.8540735244750977,0.8549255728721619,-0.5882592797279358,1.1652958393096924,56.24632263183594,514113.2075471698
24353,0.12723910808563232,,,,,,,514283.0188679245
24354,,46.62863540649414,,,,,,514301.88679245283
24364,0.12758861482143402,,,,,,,514490.56603773584
24365,,59.95094299316406,,,,,,514509.43396226416
24376,0.12785962224006653,,,,,,,514716.9811320755
24377,,52.10026550292969,,,,,,514735.8490566038
24389,0.12823303043842316,,,,,,,514962.2641509434
24390,,62.34051513671875,,,,,,514981.1320754717
24395,,,0.8368054032325745,0.8374188542366028,-0.15481887757778168,0.8388113379478455,54.05656814575195,515040.0
24404,0.1286032646894455,,,,,,,515220.0
24405,,62.023624420166016,,,,,,515240.0
24417,0.1289479285478592,,,,,,,515480.0
24418,,59.46658706665039,,,,,,515500.0
24428,0.12923668324947357,,,,,,,515700.0
24429,,53.876129150390625,,,,,,515720.0
24441,0.1295171082019806,,,,,,,515960.0
24442,,53.04256820678711,,,,,,515980.0
24451,,,0.8374537229537964,0.8383964896202087,-0.1748296469449997,0.896181583404541,53.49207305908203,516117.64705882355
24462,0.12982989847660065,,,,,,,516333.3333333333
24463,,56.2789306640625,,,,,,516352.9411764706
24476,0.13017363846302032,,,,,,,516607.8431372549
24477,,59.37354278564453,,,,,,516627.45098039217
24483,0.13047079741954803,,,,,,,516745.09803921566
24484,,54.71581268310547,,,,,,516764.70588235295
24494,0.13073080778121948,,,,,,,516960.7843137255
24495,,51.00067138671875,,,,,,516980.39215686277
24501,,,0.8559014201164246,0.8583042621612549,-0.10536934435367584,0.7580616474151611,58.75386428833008,517055.55555555556
24514,0.13103540241718292,,,,,,,517296.2962962963
24515,,55.460105895996094,,,,,,517314.81481481483
24528,0.13143187761306763,,,,,,,517555.55555555556
24529,,64.64788055419922,,,,,,517574.0740740741
24538,0.13172687590122223,,,,,,,517740.74074074073
24539,,54.49946594238281,,,,,,517759.25925925927
24550,0.13200309872627258,,,,,,,517962.962962963
24551,,52.62221145629883,,,,,,517981.48148148146
24555,,,0.8258819580078125,0.8278576135635376,-0.20588845014572144,0.7419477701187134,37.531951904296875,518019.60784313723
24572,0.1322992444038391,,,,,,,518352.9411764706
24573,,54.61408615112305,,,,,,518372.54901960783
24582,0.1326114535331726,,,,,,,518549.01960784313
24583,,56.22071075439453,,,,,,518568.6274509804
24591,0.13291679322719574,,,,,,,518725.49019607843
24592,,55.5335807800293,,,,,,518745.09803921566
24603,0.13332834839820862,,,,,,,518960.7843137255
24604,,66.15491485595703,,,,,,518980.39215686277
24609,,,0.8474534749984741,0.8479298949241638,-0.4844245910644531,1.449766755104065,62.947364807128906,519047.61904761905
24613,,,0.813728928565979,0.8156325221061707,-0.2455105185508728,0.8014767169952393,52.70685577392578,519142.85714285716
24620,0.13366588950157166,,,,,,,519309.5238095238
24621,,58.753387451171875,,,,,,519333.3333333333
24631,0.1339828073978424,,,,,,,519571.4285714286
24632,,56.6920280456543,,,,,,519595.2380952381
24640,0.13426175713539124,,,,,,,519785.71428571426
24641,,52.89442825317383,,,,,,519809.5238095238
24647,0.1345495581626892,,,,,,,519952.38095238095
24648,,53.779720306396484,,,,,,519976.1904761905
24657,,,0.8444221615791321,0.8453192114830017,-0.30983006954193115,0.8576052188873291,53.86146545410156,520093.75
24672,0.1348387897014618,,,,,,,520328.125
24673,,53.922428131103516,,,,,,520343.75
24689,0.1350933462381363,,,,,,,520593.75
24690,,50.455711364746094,,,,,,520609.375
24704,0.13536301255226135,,,,,,,520828.125
24705,,51.966251373291016,,,,,,520843.75
24713,0.1357971578836441,,,,,,,520968.75
24714,,68.41439819335938,,,,,,520984.375
24722,,,0.8501406908035278,0.8517076373100281,-0.38652169704437256,0.9407484531402588,58.54056167602539,521116.27906976745
24730,0.1361573487520218,,,,,,,521302.32558139536
24731,,61.01914596557617,,,,,,521325.5813953488
24738,0.13657723367214203,,,,,,,521488.37209302327
24739,,66.98849487304688,,,,,,521511.62790697673
24746,0.1369556486606598,,,,,,,521674.4186046512
24747,,62.8411979675293,,,,,,521697.67441860464
24758,0.13728903234004974,,,,,,,521953.488372093
24759,,58.338348388671875,,,,,,521976.74418604653
24764,,,0.8413501381874084,0.8423282504081726,-0.21234342455863953,0.7862102389335632,59.99102783203125,522048.7804878049
24773,0.13755390048027039,,,,,,,522268.2926829268
24774,,51.4860954284668,,,,,,522292.68292682926
24784,0.13793230056762695,,,,,,,522536.5853658537
24785,,62.84020233154297,,,,,,522560.9756097561
24793,0.1383141130208969,,,,,,,522756.0975609756
24794,,63.18100357055664,,,,,,522780.48780487804
24801,0.13859765231609344,,,,,,,522951.2195121951
24802,,53.35346603393555,,,,,,522975.60975609755
24808,,,0.8489992618560791,0.8513416051864624,-0.11856132000684738,0.9075435996055603,67.62973022460938,523056.6037735849
24820,0.13894513249397278,,,,,,,523283.0188679245
24821,,59.74799346923828,,,,,,523301.88679245283
24829,0.1391943097114563,,,,,,,523452.8301886792
24830,,49.917667388916016,,,,,,523471.69811320753
24842,0.13954034447669983,,,,,,,523698.11320754717
24843,,59.603126525878906,,,,,,523716.9811320755
24856,0.139853835105896,,,,,,,523962.2641509434
24857,,56.34961700439453,,,,,,523981.1320754717
24861,,,0.8634151220321655,0.8653426170349121,-0.14064744114875793,0.8679112195968628,72.3585205078125,524021.27659574465
24865,,,0.8565347194671631,0.8578413128852844,-0.08923451602458954,0.9499761462211609,55.24199676513672,524106.3829787234
24872,0.14005377888679504,,,,,,,524255.3191489362
24873,,44.995113372802734,,,,,,524276.59574468085
24885,0.14046017825603485,,,,,,,524531.914893617
24886,,65.639892578125,,,,,,524553.1914893617
24898,0.14075753092765808,,,,,,,524808.5106382979
24899,,54.73544692993164,,,,,,524829.7872340425
24905,0.1410982608795166,,,,,,,524957.4468085107
24906,,59.073204040527344,,,,,,524978.7234042553
24912,,,0.8520246744155884,0.8523128032684326,-0.3398541510105133,0.9132173657417297,60.1181526184082,525052.6315789474
24925,0.14143610000610352,,,,,,,525280.701754386
24926,,58.78376770019531,,,,,,525298.245614035
24937,0.14177346229553223,,,,,,,525491.2280701754
24938,,58.735931396484375,,,,,,525508.7719298246
24952,0.14216989278793335,,,,,,,525754.3859649122
24953,,64.64373779296875,,,,,,525771.9298245613
24964,0.14258120954036713,,,,,,,525964.9122807018
24965,,66.13207244873047,,,,,,525982.4561403509
24971,,,0.8505277037620544,0.8528352379798889,-0.19751568138599396,1.2141330242156982,61.67298126220703,526066.6666666666
24982,0.14294421672821045,,,,,,,526311.1111111111
24983,,61.3013916015625,,,,,,526333.3333333334
24990,0.1433953046798706,,,,,,,526488.8888888889
24991,,70.10844421386719,,,,,,526511.1111111111
25002,0.1437884122133255,,,,,,,526755.5555555555
25003,,64.31140899658203,,,,,,526777.7777777778
25011,0.1440291553735733,,,,,,,526955.5555555555
25012,,49.075008392333984,,,,,,526977.7777777778
25018,,,0.8339429497718811,0.8350374698638916,-0.08661388605833054,0.7473512887954712,68.25735473632812,527058.8235294118
25032,0.14430688321590424,,,,,,,527333.3333333334
25033,,52.772987365722656,,,,,,527352.9411764706
25043,0.14452654123306274,,,,,,,527549.0196078431
25044,,46.9656982421875,,,,,,527568.6274509804
25056,0.14492173492908478,,,,,,,527803.9215686275
25057,,64.5195541381836,,,,,,527823.5294117647
25064,0.14522787928581238,,,,,,,527960.7843137255
25065,,55.614585876464844,,,,,,527980.3921568628
25069,,,0.8464857935905457,0.8507607579231262,-0.27615609765052795,1.1790931224822998,59.37724685668945,528027.027027027
25083,0.14569507539272308,,,,,,,528405.4054054054
25084,,71.71918487548828,,,,,,528432.4324324324
25088,0.14596553146839142,,,,,,,528540.5405405406
25089,,52.04512023925781,,,,,,528567.5675675676
25096,0.14630605280399323,,,,,,,528756.7567567568
25097,,59.0513916015625,,,,,,528783.7837837838
25103,0.14660780131816864,,,,,,,528945.9459459459
25104,,55.17521667480469,,,,,,528972.972972973
25108,,,0.8412341475486755,0.8426003456115723,-0.25677552819252014,0.9415179491043091,59.44697189331055,529023.8095238095
25112,,,0.8569178581237793,0.8585566878318787,-0.24187667667865753,1.0573616027832031,58.9362678527832,529119.0476190476
25123,0.1470094621181488,,,,,,,529380.9523809524
25124,,65.16598510742188,,,,,,529404.7619047619
25130,0.14734910428524017,,,,,,,529547.619047619
25131,,58.963714599609375,,,,,,529571.4285714285
25135,0.14771652221679688,,,,,,,529666.6666666666
25136,,61.74163055419922,,,,,,529690.4761904762
25147,0.14804604649543762,,,,,,,529952.380952381
25148,,57.952239990234375,,,,,,529976.1904761905
25153,,,0.8365471959114075,0.8387802839279175,-0.24260421097278595,0.8730946779251099,55.74755859375,530050.0
25161,0.1483224332332611,,,,,,,530250.0
25162,,52.638702392578125,,,,,,530275.0
25172,0.14869511127471924,,,,,,,530525.0
25173,,62.26785659790039,,,,,,530550.0
25180,0.1490333378314972,,,,,,,530725.0
25181,,58.82200622558594,,,,,,530750.0
25189,0.14945770800113678,,,,,,,530950.0
25190,,67.43671417236328,,,,,,530975.0
25195,,,0.8388403058052063,0.8390817642211914,-0.09223231673240662,0.986865222454071,55.99769973754883,531051.282051282
25205,0.14990642666816711,,,,,,,531307.6923076923
25206,,69.87202453613281,,,,,,531333.3333333334
25210,0.1503150910139084,,,,,,,531435.8974358974
25211,,65.86700439453125,,,,,,531461.5384615385
25222,0.15066270530223846,,,,,,,531743.5897435897
25223,,59.7611198425293,,,,,,531769.2307692308
25230,0.15108714997768402,,,,,,,531948.717948718
25231,,67.44451141357422,,,,,,531974.358974359
25236,,,0.8463882207870483,0.8479176759719849,-0.2779534161090851,0.929856538772583,53.702392578125,532047.619047619
25246,0.1514192372560501,,,,,,,532285.7142857143
25247,,58.20864486694336,,,,,,532309.5238095238
25254,0.15177229046821594,,,,,,,532476.1904761905
25255,,60.305809020996094,,,,,,532500.0
25261,0.15220408141613007,,,,,,,532642.8571428572
25262,,68.17891693115234,,,,,,532666.6666666666
25274,0.1524766981601715,,,,,,,532952.380952381
25275,,52.261531829833984,,,,,,532976.1904761905
25281,,,0.8425433039665222,0.8440106511116028,-0.3518452048301697,0.8349052667617798,56.18041229248047,533068.1818181818
25290,0.15271620452404022,,,,,,,533272.7272727273
25291,,48.950008392333984,,,,,,533295.4545454546
25301,0.15309640765190125,,,,,,,533522.7272727273
25302,,63.019866943359375,,,,,,533545.4545454546
25308,0.15346066653728485,,,,,,,533681.8181818182
25309,,61.425819396972656,,,,,,533704.5454545454
25320,0.15381436049938202,,,,,,,533954.5454545454
25321,,60.36955642700195,,,,,,533977.2727272727
25325,,,0.8416614532470703,0.8425736427307129,-0.3306242823600769,0.8233789801597595,63.02550506591797,534022.2222222222
25327,,,0.8433101177215576,0.8442285060882568,-0.17563331127166748,0.862112283706665,72.94363403320312,534066.6666666666
25336,0.15431325137615204,,,,,,,534266.6666666666
25337,,74.88871765136719,,,,,,534288.8888888889
25348,0.1546325534582138,,,,,,,534533.3333333334
25349,,56.929527282714844,,,,,,534555.5555555555
25356,0.15506723523139954,,,,,,,534711.1111111111
25357,,68.46871185302734,,,,,,534733.3333333334
25367,0.15533004701137543,,,,,,,534955.5555555555
25368,,51.28083419799805,,,,,,534977.7777777778
25376,,,0.8398051857948303,0.8403345942497253,-0.08554785698652267,0.9205747246742249,56.088321685791016,535102.0408163265
25389,0.1557091921567917,,,,,,,535367.3469387755
25390,,62.914554595947266,,,,,,535387.7551020408
25399,0.15617316961288452,,,,,,,535571.4285714285
25400,,71.39702606201172,,,,,,535591.8367346938
25407,0.15649013221263885,,,,,,,535734.693877551
25408,,56.696617126464844,,,,,,535755.1020408163
25418,0.15681879222393036,,,,,,,535959.1836734693
25419,,57.86604690551758,,,,,,535979.5918367347
25426,,,0.8463696837425232,0.8481156826019287,-0.013299746438860893,0.8854376673698425,65.59545135498047,536075.4716981133
25440,0.15713444352149963,,,,,,,536339.6226415094
25441,,56.56516647338867,,,,,,536358.4905660377
25452,0.15759721398353577,,,,,,,536566.037735849
25453,,71.27694702148438,,,,,,536584.9056603773
25463,0.15799559652805328,,,,,,,536773.5849056604
25464,,64.83891296386719,,,,,,536792.4528301887
25473,0.15836796164512634,,,,,,,536962.2641509434
25474,,62.23630905151367,,,,,,536981.1320754717
25478,,,0.8388983607292175,0.8427054286003113,-0.027829134836792946,0.9804636240005493,60.14398193359375,537025.0
25488,0.15873384475708008,,,,,,,537275.0
25489,,61.588653564453125,,,,,,537300.0
25499,0.15913449227809906,,,,,,,537550.0
25500,,65.06468200683594,,,,,,537575.0
25507,0.15954291820526123,,,,,,,537750.0
25508,,65.8419418334961,,,,,,537775.0
25515,0.1599024385213852,,,,,,,537950.0
25516,,60.95132827758789,,,,,,537975.0
25520,,,0.8389455676078796,0.8393155336380005,-0.5413854718208313,1.1533833742141724,53.207027435302734,538020.8333333334
25535,0.16023322939872742,,,,,,,538333.3333333334
25536,,58.079132080078125,,,,,,538354.1666666666
25545,0.1606212705373764,,,,,,,538541.6666666666
25546,,63.80473709106445,,,,,,538562.5
25556,0.1609659641981125,,,,,,,538770.8333333334
25557,,59.4693717956543,,,,,,538791.6666666666
25565,0.1614830493927002,,,,,,,538958.3333333334
25566,,76.70794677734375,,,,,,538979.1666666666
25570,,,0.8440073728561401,0.8451520204544067,-0.43030062317848206,1.1482601165771484,61.68120574951172,539023.8095238095
25572,,,0.8493369221687317,0.8494855761528015,-0.15971988439559937,0.8380311131477356,62.437950134277344,539071.4285714285
25580,0.1618584245443344,,,,,,,539261.9047619047
25581,,62.537315368652344,,,,,,539285.7142857143
25590,0.1621769219636917,,,,,,,539500.0
25591,,56.8492317199707,,,,,,539523.8095238095
25598,0.16259659826755524,,,,,,,539690.4761904762
25599,,66.96797943115234,,,,,,539714.2857142857
25609,0.16293767094612122,,,,,,,539952.380952381
25610,,59.10700607299805,,,,,,539976.1904761905
25618,,,0.8626126050949097,0.8626495003700256,-0.32280170917510986,0.9648954272270203,43.90066909790039,540131.5789473684
25625,0.16340729594230652,,,,,,,540315.7894736842
25626,,71.96269226074219,,,,,,540342.1052631579
25632,0.1637420803308487,,,,,,,540500.0
25633,,58.478759765625,,,,,,540526.3157894737
25640,0.16420595347881317,,,,,,,540710.5263157894
25641,,71.38725280761719,,,,,,540736.8421052631
25649,0.16461867094039917,,,,,,,540947.3684210526
25650,,66.27204895019531,,,,,,540973.6842105263
25657,,,0.8352623581886292,0.8357049226760864,-0.4788028597831726,1.0343085527420044,61.654083251953125,541075.4716981133
25669,0.16500137746334076,,,,,,,541301.8867924528
25670,,63.270870208740234,,,,,,541320.7547169811
25682,0.1653139442205429,,,,,,,541547.1698113207
25683,,56.25641632080078,,,,,,541566.037735849
25692,0.16566172242164612,,,,,,,541735.8490566037
25693,,59.777530670166016,,,,,,541754.716981132
25704,0.16595639288425446,,,,,,,541962.2641509434
25705,,54.466915130615234,,,,,,541981.1320754717
25712,,,0.8309202194213867,0.8348932862281799,-0.1962541788816452,0.7314828038215637,58.251129150390625,542088.8888888889
25723,0.16635549068450928,,,,,,,542333.3333333334
25724,,64.91049194335938,,,,,,542355.5555555555
25731,0.16667884588241577,,,,,,,542511.1111111111
25732,,57.33622360229492,,,,,,542533.3333333334
25741,0.1669771522283554,,,,,,,542733.3333333334
25742,,54.82997512817383,,,,,,542755.5555555555
25751,0.16744978725910187,,,,,,,542955.5555555555
25752,,72.26382446289062,,,,,,542977.7777777778
25757,,,0.8446901440620422,0.8474248051643372,-0.2580835223197937,0.9020127654075623,69.48478698730469,543042.5531914893
25773,0.16781342029571533,,,,,,,543382.9787234042
25774,,61.36360549926758,,,,,,543404.2553191489
25784,0.16824977099895477,,,,,,,543617.0212765958
25785,,68.63533020019531,,,,,,543638.2978723404
25791,0.16868999600410461,,,,,,,543765.9574468085
25792,,69.02323913574219,,,,,,543787.2340425532
25800,0.16909416019916534,,,,,,,543957.4468085107
25801,,65.41703033447266,,,,,,543978.7234042553
25805,,,0.8301001787185669,0.8304945230484009,-0.03292110189795494,1.2041243314743042,53.520790100097656,544021.7391304348
25807,,,0.8493423461914062,0.8506252765655518,-0.08846890181303024,1.0279951095581055,71.99305725097656,544065.2173913043
25819,0.1693662852048874,,,,,,,544326.0869565217
25820,,52.212303161621094,,,,,,544347.8260869565
25829,0.16973301768302917,,,,,,,544543.4782608695
25830,,61.672882080078125,,,,,,544565.2173913043
25837,0.17004723846912384,,,,,,,544717.3913043478
25838,,56.42202377319336,,,,,,544739.1304347826
25848,0.17027240991592407,,,,,,,544956.5217391305
25849,,47.51677322387695,,,,,,544978.2608695652
25855,,,0.8422799706459045,0.8448494672775269,-0.2129787802696228,1.3737660646438599,64.89710235595703,545068.1818181818
25863,0.17072077095508575,,,,,,,545250.0
25864,,69.83656311035156,,,,,,545272.7272727273
25874,0.17115390300750732,,,,,,,545500.0
25875,,68.31370544433594,,,,,,545522.7272727273
25885,0.17158901691436768,,,,,,,545750.0
25886,,68.5118408203125,,,,,,545772.7272727273
25894,0.17195264995098114,,,,,,,545954.5454545454
25895,,61.36335754394531,,,,,,545977.2727272727
25900,,,0.8593306541442871,0.8593330979347229,-0.3179183900356293,0.9807608723640442,60.3209342956543,546047.619047619
25908,0.17250178754329681,,,,,,,546238.0952380953
25909,,79.91446685791016,,,,,,546261.9047619047
25919,0.17293618619441986,,,,,,,546500.0
25920,,68.4397201538086,,,,,,546523.8095238095
25927,0.17333155870437622,,,,,,,546690.4761904762
25928,,64.5379867553711,,,,,,546714.2857142857
25938,0.17379024624824524,,,,,,,546952.380952381
25939,,70.86943054199219,,,,,,546976.1904761905
25943,,,0.8544195890426636,0.8560509085655212,-0.12790746986865997,0.9163678884506226,61.48752975463867,547024.3902439025
25953,0.17424342036247253,,,,,,,547268.2926829269
25954,,70.3178939819336,,,,,,547292.6829268293
25962,0.17465469241142273,,,,,,,547487.8048780488
25963,,66.12677764892578,,,,,,547512.1951219512
25972,0.17502540349960327,,,,,,,547731.7073170731
25973,,62.07069778442383,,,,,,547756.0975609756
25981,0.17550331354141235,,,,,,,547951.2195121951
25982,,72.79066467285156,,,,,,547975.6097560975
25986,,,0.8571459650993347,0.8622745871543884,-0.29848676919937134,0.990068256855011,67.31434631347656,548020.0
26000,0.17582564055919647,,,,,,,548300.0
26001,,57.233360290527344,,,,,,548320.0
26010,0.1763276755809784,,,,,,,548500.0
26011,,75.20362091064453,,,,,,548520.0
26020,0.1767175942659378,,,,,,,548700.0
26021,,63.9921989440918,,,,,,548720.0
26033,0.1771087944507599,,,,,,,548960.0
26034,,64.1192855834961,,,,,,548980.0
26039,,,0.8311132788658142,0.831144392490387,-0.10773710161447525,0.71776282787323,64.74172973632812,549047.619047619
26042,,,0.83464115858078,0.8353066444396973,-0.206703782081604,1.0193688869476318,68.60153198242188,549119.0476190476
26051,0.17745622992515564,,,,,,,549333.3333333334
26052,,59.744110107421875,,,,,,549357.1428571428
26060,0.1778554916381836,,,,,,,549547.619047619
26061,,64.9260025024414,,,,,,549571.4285714285
26069,0.17836977541446686,,,,,,,549761.9047619047
26070,,76.42833709716797,,,,,,549785.7142857143
26077,0.17884531617164612,,,,,,,549952.380952381
26078,,72.5545654296875,,,,,,549976.1904761905
26082,,,0.8463286757469177,0.8484863638877869,-0.04220353439450264,1.1249701976776123,64.36041259765625,550025.641025641
26089,0.1792418360710144,,,,,,,550205.1282051282
26090,,64.65180969238281,,,,,,550230.7692307692
26099,0.17963656783103943,,,,,,,550461.5384615385
26100,,64.47286224365234,,,,,,550487.1794871795
26106,0.18007130920886993,,,,,,,550641.0256410256
26107,,68.47356414794922,,,,,,550666.6666666666
26118,0.18053357303142548,,,,,,,550948.717948718
26119,,71.22637176513672,,,,,,550974.358974359
26123,,,0.8270481824874878,0.8288103938102722,-0.21969977021217346,0.712629497051239,48.547786712646484,551023.8095238095
26131,0.18078559637069702,,,,,,,551214.2857142857
26132,,50.202796936035156,,,,,,551238.0952380953
26139,0.181172177195549,,,,,,,551404.7619047619
26140,,63.65790557861328,,,,,,551428.5714285715
26149,0.18158985674381256,,,,,,,551642.8571428572
26150,,66.76722717285156,,,,,,551666.6666666666
26162,0.18204328417778015,,,,,,,551952.380952381
26163,,70.34239959716797,,,,,,551976.1904761905
26168,,,0.8347018361091614,0.8380407691001892,-0.05312217399477959,0.734264075756073,59.30449295043945,552044.4444444445
26178,0.1824285387992859,,,,,,,552266.6666666666
26179,,63.52498245239258,,,,,,552288.8888888889
26189,0.18278619647026062,,,,,,,552511.1111111111
26190,,60.76537322998047,,,,,,552533.3333333334
26196,0.18322966992855072,,,,,,,552666.6666666666
26197,,69.34713745117188,,,,,,552688.8888888889
26209,0.18362663686275482,,,,,,,552955.5555555555
26210,,64.69696044921875,,,,,,552977.7777777778
26216,,,0.8458925485610962,0.848017692565918,-0.04468895494937897,0.7814939618110657,66.63894653320312,553065.2173913043
26227,0.1840307116508484,,,,,,,553304.3478260869
26228,,65.4075927734375,,,,,,553326.0869565217
26236,0.18436099588871002,,,,,,,553500.0
26237,,58.02843475341797,,,,,,553521.7391304348
26246,0.1848236471414566,,,,,,,553717.3913043478
26247,,71.26586151123047,,,,,,553739.1304347826
26257,0.1851641833782196,,,,,,,553956.5217391305
26258,,59.05331039428711,,,,,,553978.2608695652
26262,,,0.8341801166534424,0.8354183435440063,-0.2688705325126648,1.0540679693222046,59.85462188720703,554020.8333333334
26265,,,0.8437839150428772,0.8445438146591187,-0.3215028941631317,0.9108825922012329,57.397422790527344,554083.3333333334
26273,0.18556290864944458,,,,,,,554250.0
26274,,64.8724136352539,,,,,,554270.8333333334
26289,0.18601946532726288,,,,,,,554583.3333333334
26290,,70.65533447265625,,,,,,554604.1666666666
26296,0.18634763360023499,,,,,,,554729.1666666666
26297,,57.816802978515625,,,,,,554750.0
26307,0.1867830455303192,,,,,,,554958.3333333334
26308,,68.5409927368164,,,,,,554979.1666666666
26315,,,0.8421317338943481,0.8498217463493347,-0.280748575925827,0.9984506368637085,55.33417510986328,555088.8888888889
26326,0.1871335208415985,,,,,,,555333.3333333334
26327,,60.0474853515625,,,,,,555355.5555555555
26335,0.18747951090335846,,,,,,,555533.3333333334
26336,,59.59881591796875,,,,,,555555.5555555555
26344,0.18782572448253632,,,,,,,555733.3333333334
26345,,59.62145233154297,,,,,,555755.5555555555
26354,0.18816304206848145,,,,,,,555955.5555555555
26355,,58.7315788269043,,,,,,555977.7777777778
26363,,,0.8657937049865723,0.8661744594573975,-0.35267606377601624,1.0145498514175415,66.66069793701172,556100.0
26372,0.1885644644498825,,,,,,,556280.0
26373,,65.14216613769531,,,,,,556300.0
26384,0.18894940614700317,,,,,,,556520.0
26385,,63.49397277832031,,,,,,556540.0
26395,0.18930014967918396,,,,,,,556740.0
26396,,60.07474136352539,,,,,,556760.0
26406,0.18978483974933624,,,,,,,556960.0
26407,,73.46878814697266,,,,,,556980.0
26413,,,0.8287984132766724,0.8316709995269775,-0.1925441324710846,0.681114137172699,62.363887786865234,557061.224489796
26424,0.1901940256357193,,,,,,,557285.7142857143
26425,,65.91925048828125,,,,,,557306.1224489796
26438,0.19066382944583893,,,,,,,557571.4285714285
26439,,71.98004913330078,,,,,,557591.8367346938
26445,0.190996915102005,,,,,,,557714.2857142857
26446,,58.30902862548828,,,,,,557734.693877551
26457,0.19132685661315918,,,,,,,557959.1836734693
26458,,57.994773864746094,,,,,,557979.5918367347
26464,,,0.8433201909065247,0.8477528095245361,0.03702791407704353,0.9477248191833496,70.7132797241211,558066.6666666666
26475,0.1917121559381485,,,,,,,558311.1111111111
26476,,63.52997970581055,,,,,,558333.3333333334
26485,0.1921190768480301,,,,,,,558533.3333333334
26486,,65.69139099121094,,,,,,558555.5555555555
26496,0.1925341933965683,,,,,,,558777.7777777778
26497,,66.51094818115234,,,,,,558800.0
26504,0.1929829716682434,,,,,,,558955.5555555555
26505,,69.87720489501953,,,,,,558977.7777777778
26511,,,0.8458479642868042,0.8479433059692383,0.24773292243480682,1.0057822465896606,61.20235824584961,559062.5
26514,,,0.8341048955917358,0.8347486853599548,0.2941727936267853,1.0590856075286865,56.79679870605469,559125.0
26522,0.19339624047279358,,,,,,,559291.6666666666
26523,,66.32705688476562,,,,,,559312.5
26533,0.19384978711605072,,,,,,,559520.8333333334
26534,,70.35519409179688,,,,,,559541.6666666666
26546,0.19428017735481262,,,,,,,559791.6666666666
26547,,68.03864288330078,,,,,,559812.5
26554,0.1946365237236023,,,,,,,559958.3333333334
26555,,60.63499450683594,,,,,,559979.1666666666
26560,,,0.8297976851463318,0.8333047032356262,-0.1166689321398735,0.8865715861320496,68.53854370117188,560043.4782608695
26576,0.19508934020996094,,,,,,,560391.304347826
26577,,70.28101348876953,,,,,,560413.0434782609
26585,0.19549140334129333,,,,,,,560586.9565217391
26586,,65.20693969726562,,,,,,560608.695652174
26592,0.195758655667305,,,,,,,560739.1304347826
26593,,51.72577667236328,,,,,,560760.8695652174
26602,0.19618307054042816,,,,,,,560956.5217391305
26603,,67.44170379638672,,,,,,560978.2608695652
26612,,,0.8431016802787781,0.8431215882301331,-0.13429200649261475,0.8743388056755066,62.91726303100586,561142.8571428572
26619,0.196625217795372,,,,,,,561309.5238095238
26620,,69.2147445678711,,,,,,561333.3333333334
26627,0.19693608582019806,,,,,,,561500.0
26628,,56.08747482299805,,,,,,561523.8095238095
26636,0.1974324733018875,,,,,,,561714.2857142857
26637,,74.63904571533203,,,,,,561738.0952380953
26646,0.1978558897972107,,,,,,,561952.380952381
26647,,67.34226989746094,,,,,,561976.1904761905
26651,,,0.8419498205184937,0.8431934118270874,-0.049033768475055695,0.8965397477149963,60.123287200927734,562023.2558139535
26662,0.19830650091171265,,,,,,,562279.0697674418
26663,,70.06055450439453,,,,,,562302.3255813953
26670,0.1986818164587021,,,,,,,562465.1162790698
26671,,62.53084182739258,,,,,,562488.3720930233
26678,0.1990056335926056,,,,,,,562651.1627906977
26679,,57.382362365722656,,,,,,562674.4186046511
26691,0.19939012825489044,,,,,,,562953.4883720931
26692,,63.45017623901367,,,,,,562976.7441860465
26697,,,0.8531811833381653,0.8565811514854431,-0.29910746216773987,0.8724836111068726,68.37566375732422,563042.5531914893
26704,0.19979403913021088,,,,,,,563191.4893617021
26705,,65.39082336425781,,,,,,563212.7659574468
26717,0.20010891556739807,,,,,,,563468.085106383
26718,,56.487606048583984,,,,,,563489.3617021276
26726,0.2005012482404709,,,,,,,563659.5744680851
26727,,64.23310852050781,,,,,,563680.8510638297
26740,0.20093683898448944,,,,,,,563957.4468085107
26741,,68.55900573730469,,,,,,563978.7234042553
26745,,,0.8531731963157654,0.8532087206840515,-0.1720294952392578,0.6744392514228821,51.855140686035156,564023.2558139535
26748,,,0.8539618849754333,0.8555793166160583,-0.25477564334869385,0.733008861541748,60.273807525634766,564093.023255814
26756,0.20129276812076569,,,,,,,564279.0697674418
26757,,60.593143463134766,,,,,,564302.3255813953
26766,0.2017345279455185,,,,,,,564511.6279069767
26767,,69.17523956298828,,,,,,564534.8837209302
26776,0.20216374099254608,,,,,,,564744.1860465116
26777,,67.92141723632812,,,,,,564767.4418604651
26785,0.20258650183677673,,,,,,,564953.4883720931
26786,,67.27609252929688,,,,,,564976.7441860465
26791,,,0.8431826233863831,0.8474846482276917,-0.2707943022251129,0.9731788039207458,58.476314544677734,565045.4545454546
26801,0.20302999019622803,,,,,,,565272.7272727273
26802,,69.34916687011719,,,,,,565295.4545454546
26809,0.20346873998641968,,,,,,,565454.5454545454
26810,,68.87470245361328,,,,,,565477.2727272727
26821,0.20384234189987183,,,,,,,565727.2727272727
26822,,62.35997009277344,,,,,,565750.0
26831,0.204236701130867,,,,,,,565954.5454545454
26832,,64.43663787841797,,,,,,565977.2727272727
26843,,,0.8410754799842834,0.8413686156272888,-0.3793468773365021,0.89007967710495,72.13795471191406,566181.8181818182
26849,0.20462636649608612,,,,,,,566318.1818181818
26850,,63.966121673583984,,,,,,566340.9090909091
26857,0.20502842962741852,,,,,,,566500.0
26858,,65.20660400390625,,,,,,566522.7272727273
26869,0.20548836886882782,,,,,,,566772.7272727273
26870,,70.99358367919922,,,,,,566795.4545454546
26877,0.20587261021137238,,,,,,,566954.5454545454
26878,,63.42448043823242,,,,,,566977.2727272727
26882,,,0.8437210917472839,0.8440580368041992,-0.2695750296115875,1.0659403800964355,64.27436065673828,567020.4081632653
26891,0.20633862912654877,,,,,,,567204.081632653
26892,,71.6024398803711,,,,,,567224.4897959183
26900,0.2066401094198227,,,,,,,567387.7551020408
26901,,55.147972106933594,,,,,,567408.1632653062
26913,0.2071174532175064,,,,,,,567653.0612244898
26914,,72.73456573486328,,,,,,567673.4693877551
26928,0.20751287043094635,,,,,,,567959.1836734693
26929,,64.54133605957031,,,,,,567979.5918367347
26933,,,0.8492030501365662,0.852391242980957,-0.1144251823425293,0.7515109777450562,64.76434326171875,568025.641025641
26940,0.20795556902885437,,,,,,,568205.1282051282
26941,,69.26935577392578,,,,,,568230.7692307692
26949,0.20840995013713837,,,,,,,568435.8974358974
26950,,70.43830108642578,,,,,,568461.5384615385
26960,0.20887480676174164,,,,,,,568717.9487179487
26961,,71.48567199707031,,,,,,568743.5897435897
26969,0.20920339226722717,,,,,,,568948.717948718
26970,,57.858055114746094,,,,,,568974.358974359
26974,,,0.834011971950531,0.8341025114059448,0.0066301836632192135,0.8280501365661621,66.97534942626953,569020.0
26979,,,0.8492223620414734,0.8498293161392212,-0.14047564566135406,0.9508503079414368,59.475929260253906,569120.0
26988,0.20956751704216003,,,,,,,569300.0
26989,,61.41200637817383,,,,,,569320.0
27001,0.2099590301513672,,,,,,,569560.0
27002,,64.15162658691406,,,,,,569580.0
27013,0.21037037670612335,,,,,,,569800.0
27014,,66.1351318359375,,,,,,569820.0
27021,0.21070414781570435,,,,,,,569960.0
27022,,58.37723159790039,,,,,,569980.0
27028,,,0.8510458469390869,0.8539297580718994,-0.06437549740076065,0.8212298154830933,63.39527893066406,570068.1818181818
27036,0.2110280990600586,,,,,,,570250.0
27037,,57.394527435302734,,,,,,570272.7272727273
27050,0.21138739585876465,,,,,,,570568.1818181818
27051,,60.929141998291016,,,,,,570590.9090909091
27059,0.2118424028158188,,,,,,,570772.7272727273
27060,,70.50054931640625,,,,,,570795.4545454546
27067,0.21232876181602478,,,,,,,570954.5454545454
27068,,73.63566589355469,,,,,,570977.2727272727
27073,,,0.8533801436424255,0.854173481464386,-0.24453788995742798,0.8301421999931335,69.51396942138672,571039.2156862745
27085,0.2127458155155182,,,,,,,571274.5098039216
27086,,66.70548248291016,,,,,,571294.1176470588
27097,0.21309185028076172,,,,,,,571509.8039215687
27098,,59.60411834716797,,,,,,571529.4117647059
27106,0.21356162428855896,,,,,,,571686.274509804
27107,,71.97734832763672,,,,,,571705.8823529412
27120,0.21395713090896606,,,,,,,571960.7843137255
27121,,64.55117797851562,,,,,,571980.3921568628
27127,,,0.8620269894599915,0.8661268353462219,-0.3803679645061493,1.2879090309143066,72.59051513671875,572071.4285714285
27131,0.2142869085073471,,,,,,,572166.6666666666
27132,,57.97737121582031,,,,,,572190.4761904762
27140,0.21465745568275452,,,,,,,572380.9523809524
27141,,62.0554313659668,,,,,,572404.7619047619
27148,0.2150617390871048,,,,,,,572571.4285714285
27149,,65.42760467529297,,,,,,572595.2380952381
27164,0.21552279591560364,,,,,,,572952.380952381
27165,,71.10556030273438,,,,,,572976.1904761905
27172,,,0.8548203110694885,0.8551929593086243,-0.1717391014099121,0.990340530872345,70.31755065917969,573102.5641025641
27181,0.2158602774143219,,,,,,,573333.3333333334
27182,,58.74760818481445,,,,,,573358.9743589744
27187,0.2162632942199707,,,,,,,573487.1794871795
27188,,65.30200958251953,,,,,,573512.8205128205
27194,0.21668896079063416,,,,,,,573666.6666666666
27195,,67.56674194335938,,,,,,573692.3076923077
27205,0.2172195315361023,,,,,,,573948.717948718
27206,,78.05662536621094,,,,,,573974.358974359
27210,,,0.8399283289909363,0.8400898575782776,-0.12993907928466797,1.1233701705932617,58.44219207763672,574019.2307692308
27214,,,0.8513891100883484,0.8546131253242493,-0.30610331892967224,0.8607733249664307,67.3104019165039,574096.1538461539
27223,0.21769800782203674,,,,,,,574269.2307692308
27224,,72.8478012084961,,,,,,574288.4615384615
27237,0.21815069019794464,,,,,,,574538.4615384615
27238,,70.26802825927734,,,,,,574557.6923076923
27248,0.21856321394443512,,,,,,,574750.0
27249,,66.25240325927734,,,,,,574769.2307692308
27259,0.2190629541873932,,,,,,,574961.5384615385
27260,,74.97470092773438,,,,,,574980.7692307692
27269,,,0.8361007571220398,0.8415001034736633,-0.14018411934375763,0.9468236565589905,66.43042755126953,575136.3636363636
27274,0.21941301226615906,,,,,,,575250.0
27275,,60.00572204589844,,,,,,575272.7272727273
27283,0.21978716552257538,,,,,,,575454.5454545454
27284,,62.41526794433594,,,,,,575477.2727272727
27294,0.22010032832622528,,,,,,,575704.5454545454
27295,,56.3155517578125,,,,,,575727.2727272727
27305,0.22045651078224182,,,,,,,575954.5454545454
27306,,60.61882400512695,,,,,,575977.2727272727
27314,,,0.8458130359649658,0.8505040407180786,-0.41709378361701965,1.055450677871704,64.89095306396484,576106.3829787234
27321,0.22071880102157593,,,,,,,576255.3191489362
27322,,51.22920608520508,,,,,,576276.5957446808
27332,0.22116750478744507,,,,,,,576489.3617021276
27333,,69.87075805664062,,,,,,576510.6382978724
27346,0.2215484231710434,,,,,,,576787.2340425532
27347,,63.09223937988281,,,,,,576808.5106382979
27354,0.22203123569488525,,,,,,,576957.4468085107
27355,,73.28053283691406,,,,,,576978.7234042553
27361,,,0.8558349609375,0.8559520840644836,-0.4679960608482361,1.1549657583236694,66.5600814819336,577058.8235294118
27375,0.2223808914422989,,,,,,,577333.3333333334
27376,,59.96527862548828,,,,,,577352.9411764706
27384,0.22265799343585968,,,,,,,577509.8039215687
27385,,52.71080017089844,,,,,,577529.4117647059
27398,0.22293239831924438,,,,,,,577784.3137254902
27399,,52.4404411315918,,,,,,577803.9215686275
27407,0.22322800755500793,,,,,,,577960.7843137255
27408,,54.560970306396484,,,,,,577980.3921568628
27414,,,0.8486974239349365,0.8497442007064819,-0.14418824017047882,0.6075186133384705,57.03950500488281,578062.5
27423,0.22342409193515778,,,,,,,578250.0
27424,,44.60903549194336,,,,,,578270.8333333334
27432,0.2237107902765274,,,,,,,578437.5
27433,,53.67039489746094,,,,,,578458.3333333334
27446,0.22389055788516998,,,,,,,578729.1666666666
27447,,42.97697067260742,,,,,,578750.0
27457,0.22412268817424774,,,,,,,578958.3333333334
27458,,48.21286392211914,,,,,,578979.1666666666
27464,,,0.8649842739105225,0.8658719658851624,-0.22503997385501862,0.7478737831115723,49.451148986816406,579065.2173913043
27469,,,0.8204494118690491,0.8214581608772278,-0.025853723287582397,0.5125628709793091,35.30952453613281,579173.9130434783
27476,0.22433823347091675,,,,,,,579326.0869565217
27477,,46.55449676513672,,,,,,579347.8260869565
27490,0.22454681992530823,,,,,,,579630.4347826086
27491,,45.858089447021484,,,,,,579652.1739130435
27496,0.22471973299980164,,,,,,,579760.8695652174
27497,,42.29180908203125,,,,,,579782.6086956522
27505,0.22489726543426514,,,,,,,579956.5217391305
27506,,42.75254440307617,,,,,,579978.2608695652
27511,,,0.8626778721809387,0.8658411502838135,-0.2315220981836319,0.7611984014511108,42.23733901977539,580045.4545454546
27519,0.22501973807811737,,,,,,,580227.2727272727
27520,,37.2479248046875,,,,,,580250.0
27530,0.2252180576324463,,,,,,,580477.2727272727
27531,,44.83124923706055,,,,,,580500.0
27539,0.2254028469324112,,,,,,,580681.8181818182
27540,,43.47844314575195,,,,,,580704.5454545454
27551,0.22549554705619812,,,,,,,580954.5454545454
27552,,34.26966094970703,,,,,,580977.2727272727
27557,,,0.8490303158760071,0.8519189953804016,-0.1984889656305313,0.6540970206260681,35.3272590637207,581044.4444444445
27568,0.22564490139484406,,,,,,,581288.8888888889
27569,,39.936100006103516,,,,,,581311.1111111111
27577,0.22581987082958221,,,,,,,581488.8888888889
27578,,42.49663543701172,,,,,,581511.1111111111
27588,0.22591660916805267,,,,,,,581733.3333333334
27589,,34.67422103881836,,,,,,581755.5555555555
27598,0.22604607045650482,,,,,,,581955.5555555555
27599,,37.94571304321289,,,,,,581977.7777777778
27606,,,0.8557462096214294,0.8583033084869385,-0.27015161514282227,0.8638052344322205,37.233543395996094,582074.074074074
27617,0.2261461615562439,,,,,,,582277.7777777778
27618,,35.0094108581543,,,,,,582296.2962962963
27633,0.22624439001083374,,,,,,,582574.074074074
27634,,34.82270812988281,,,,,,582592.5925925926
27644,0.22641530632972717,,,,,,,582777.7777777778
27645,,42.09111785888672,,,,,,582796.2962962963
27654,0.22652557492256165,,,,,,,582962.9629629629
27655,,36.02619934082031,,,,,,582981.4814814815
27661,,,0.8444150686264038,0.8447407484054565,-0.07151903212070465,0.6565346717834473,34.5584602355957,583068.1818181818
27676,0.22662894427776337,,,,,,,583409.0909090909
27677,,35.337093353271484,,,,,,583431.8181818182
27681,0.22675922513008118,,,,,,,583522.7272727273
27682,,38.027801513671875,,,,,,583545.4545454546
27689,0.22691309452056885,,,,,,,583704.5454545454
27690,,40.38672637939453,,,,,,583727.2727272727
27700,0.2270764410495758,,,,,,,583954.5454545454
27701,,41.333946228027344,,,,,,583977.2727272727
27705,,,0.8445375561714172,0.8476542830467224,-0.25046756863594055,0.7644319534301758,32.63101577758789,584019.6078431372
27709,,,0.8375264406204224,0.8387359380722046,-0.15928533673286438,0.7717383503913879,38.66556167602539,584098.0392156863
27718,0.2271570861339569,,,,,,,584274.5098039216
27719,,33.06400680541992,,,,,,584294.1176470588
27726,0.22726649045944214,,,,,,,584431.3725490196
27727,,35.94107437133789,,,,,,584450.9803921569
27736,0.22732067108154297,,,,,,,584627.4509803922
27737,,30.418201446533203,,,,,,584647.0588235294
27753,0.22736720740795135,,,,,,,584960.7843137255
27754,,29.654064178466797,,,,,,584980.3921568628
27760,,,0.8543408513069153,0.8574473857879639,-0.11773983389139175,0.8111519813537598,35.69987106323242,585088.2352941176
27769,0.22755029797554016,,,,,,,585352.9411764706
27770,,43.30859375,,,,,,585382.3529411765
27776,0.22770139575004578,,,,,,,585558.8235294118
27777,,40.11029815673828,,,,,,585588.2352941176
27783,0.22781461477279663,,,,,,,585764.7058823529
27784,,36.322601318359375,,,,,,585794.1176470588
27789,0.22795972228050232,,,,,,,585941.1764705882
27790,,39.51102828979492,,,,,,585970.5882352941
27794,,,0.8418332934379578,0.843655526638031,-0.15456725656986237,0.9127643704414368,36.37834548950195,586024.3902439025
27802,0.2281249612569809,,,,,,,586219.512195122
27803,,41.523555755615234,,,,,,586243.9024390244
27814,0.22822131216526031,,,,,,,586512.1951219512
27815,,34.635719299316406,,,,,,586536.5853658536
27824,0.22834646701812744,,,,,,,586756.0975609756
27825,,37.51528549194336,,,,,,586780.487804878
27832,0.22853530943393707,,,,,,,586951.2195121951
27833,,43.884735107421875,,,,,,586975.6097560975
27838,,,0.8412550687789917,0.8415302038192749,-0.2542196810245514,1.0286908149719238,38.570716857910156,587045.4545454546
27847,0.22868876159191132,,,,,,,587250.0
27848,,40.34546661376953,,,,,,587272.7272727273
27861,0.2288733869791031,,,,,,,587568.1818181818
27862,,43.4623908996582,,,,,,587590.9090909091
27869,0.22899268567562103,,,,,,,587750.0
27870,,36.93028259277344,,,,,,587772.7272727273
27878,0.2290627658367157,,,,,,,587954.5454545454
27879,,32.00729751586914,,,,,,587977.2727272727
27884,,,0.8357338309288025,0.8358278274536133,-0.2224649339914322,1.0655510425567627,39.94066619873047,588047.619047619
27891,0.22918221354484558,,,,,,,588214.2857142857
27892,,36.944541931152344,,,,,,588238.0952380953
27901,0.22930580377578735,,,,,,,588452.380952381
27902,,37.359004974365234,,,,,,588476.1904761905
27908,0.2294282466173172,,,,,,,588619.0476190476
27909,,37.244041442871094,,,,,,588642.8571428572
27922,0.2296157032251358,,,,,,,588952.380952381
27923,,43.74636459350586,,,,,,588976.1904761905
27927,,,0.8438459634780884,0.8443599939346313,-0.26802366971969604,1.153679370880127,44.13239288330078,589018.8679245283
27928,,,0.8448289632797241,0.8492931127548218,-0.08719127625226974,1.096842885017395,38.08475112915039,589037.7358490566
27940,0.229741632938385,,,,,,,589264.1509433963
27941,,37.5928955078125,,,,,,589283.0188679246
27949,0.22990064322948456,,,,,,,589433.962264151
27950,,40.901084899902344,,,,,,589452.8301886793
27961,0.23004354536533356,,,,,,,589660.3773584906
27962,,39.28973388671875,,,,,,589679.2452830189
27977,0.23021642863750458,,,,,,,589962.2641509434
27978,,42.28843688964844,,,,,,589981.1320754717
27984,,,0.8666942715644836,0.8675979375839233,-0.15946435928344727,1.135627031326294,41.44108581542969,590069.7674418605
27993,0.23038382828235626,,,,,,,590279.0697674418
27994,,41.74032211303711,,,,,,590302.3255813953
28003,0.23045878112316132,,,,,,,590511.6279069767
28004,,32.49494171142578,,,,,,590534.8837209302
28016,0.23057623207569122,,,,,,,590813.9534883721
28017,,36.74544906616211,,,,,,590837.2093023256
28022,0.23068569600582123,,,,,,,590953.4883720931
28023,,35.946170806884766,,,,,,590976.7441860465
28028,,,0.851641058921814,0.8577802777290344,-0.21181543171405792,1.1949294805526733,38.37641525268555,591040.8163265307
28043,0.23075750470161438,,,,,,,591346.9387755102
28044,,32.1813850402832,,,,,,591367.3469387755
28055,0.23086199164390564,,,,,,,591591.8367346938
28056,,35.448394775390625,,,,,,591612.2448979592
28064,0.23107649385929108,,,,,,,591775.5102040817
28065,,46.449607849121094,,,,,,591795.918367347
28073,0.2312723696231842,,,,,,,591959.1836734693
28074,,44.58799743652344,,,,,,591979.5918367347
28080,,,0.8443155884742737,0.8444119095802307,-0.16536346077919006,1.3382807970046997,45.931400299072266,592065.2173913043
28094,0.23140741884708405,,,,,,,592369.5652173914
28095,,38.50514221191406,,,,,,592391.304347826
28101,0.2315799742937088,,,,,,,592521.7391304348
28102,,42.255863189697266,,,,,,592543.4782608695
28113,0.23176392912864685,,,,,,,592782.6086956522
28114,,43.395931243896484,,,,,,592804.3478260869
28121,0.2318856120109558,,,,,,,592956.5217391305
28122,,37.168670654296875,,,,,,592978.2608695652
28126,,,0.85141921043396,0.8549953699111938,-0.36849406361579895,1.3397276401519775,45.274505615234375,593021.7391304348
28136,0.23208151757717133,,,,,,,593239.1304347826
28137,,44.5900993347168,,,,,,593260.8695652174
28144,0.23233576118946075,,,,,,,593413.0434782609
28145,,50.42460250854492,,,,,,593434.7826086957
28156,0.23256251215934753,,,,,,,593673.9130434783
28157,,47.6751823425293,,,,,,593695.6521739131
28169,0.23273548483848572,,,,,,,593956.5217391305
28170,,42.29737091064453,,,,,,593978.2608695652
28175,,,0.8372442126274109,0.8390421271324158,-0.2522030472755432,1.1317102909088135,49.993587493896484,594038.4615384615
28180,,,0.8451270461082458,0.8453937768936157,-0.4842205345630646,1.1945643424987793,38.93486785888672,594134.6153846154
28189,0.23298761248588562,,,,,,,594307.6923076923
28190,,50.21308898925781,,,,,,594326.9230769231
28199,0.23317338526248932,,,,,,,594500.0
28200,,43.57655715942383,,,,,,594519.2307692308
28212,0.23343397676944733,,,,,,,594750.0
28213,,51.05862045288086,,,,,,594769.2307692308
28223,0.233648881316185,,,,,,,594961.5384615385
28224,,46.489952087402344,,,,,,594980.7692307692
28230,,,0.8499135971069336,0.8509738445281982,-0.2538043260574341,1.3516291379928589,38.63656234741211,595066.6666666666
28241,0.23388643562793732,,,,,,,595311.1111111111
28242,,48.756011962890625,,,,,,595333.3333333334
28250,0.23415161669254303,,,,,,,595511.1111111111
28251,,51.518280029296875,,,,,,595533.3333333334
28262,0.2343645542860031,,,,,,,595777.7777777778
28263,,46.29309844970703,,,,,,595800.0
28270,0.23458370566368103,,,,,,,595955.5555555555
28271,,46.915733337402344,,,,,,595977.7777777778
28278,,,0.8462092280387878,0.8504218459129333,-0.009655025787651539,1.3533830642700195,48.583194732666016,596085.1063829787
28293,0.23479565978050232,,,,,,,596404.2553191489
28294,,46.19605255126953,,,,,,596425.5319148937
28303,0.23503801226615906,,,,,,,596617.0212765958
28304,,49.234947204589844,,,,,,596638.2978723404
28310,0.23532751202583313,,,,,,,596765.9574468085
28311,,53.94941329956055,,,,,,596787.2340425532
28319,0.23563998937606812,,,,,,,596957.4468085107
28320,,56.248390197753906,,,,,,596978.7234042553
28324,,,0.8623247742652893,0.8641535639762878,-0.33286285400390625,1.2012040615081787,44.621116638183594,597021.7391304348
28334,0.23583148419857025,,,,,,,597239.1304347826
28335,,44.14923095703125,,,,,,597260.8695652174
28343,0.23607367277145386,,,,,,,597434.7826086957
28344,,49.2182731628418,,,,,,597456.5217391305
28353,0.2363891750574112,,,,,,,597652.1739130435
28354,,56.55091094970703,,,,,,597673.9130434783
28367,0.2367066740989685,,,,,,,597956.5217391305
28368,,56.750125885009766,,,,,,597978.2608695652
28374,,,0.8391380310058594,0.8400457501411438,-0.18834355473518372,1.0864194631576538,53.10965347290039,598058.8235294118
28384,0.2370365560054779,,,,,,,598254.9019607843
28385,,57.988460540771484,,,,,,598274.5098039216
28395,0.23731236159801483,,,,,,,598470.5882352941
28396,,52.5811767578125,,,,,,598490.1960784313
28406,0.2375512421131134,,,,,,,598686.274509804
28407,,48.88777542114258,,,,,,598705.8823529412
28420,0.23781177401542664,,,,,,,598960.7843137255
28421,,51.05350875854492,,,,,,598980.3921568628
28425,,,0.8282859921455383,0.8304885625839233,-0.19046051800251007,0.9011297821998596,43.1953010559082,599023.8095238095
28428,,,0.8422602415084839,0.8452593684196472,-0.08132785558700562,0.9160640835762024,38.7269172668457,599095.2380952381
28436,0.2380114495754242,,,,,,,599285.7142857143
28437,,44.96823501586914,,,,,,599309.5238095238
28445,0.23823042213916779,,,,,,,599500.0
28446,,46.89671325683594,,,,,,599523.8095238095
28456,0.23851606249809265,,,,,,,599761.9047619047
28457,,53.56400680541992,,,,,,599785.7142857143
28464,0.2388300746679306,,,,,,,599952.380952381
28465,,56.40122985839844,,,,,,599976.1904761905
28470,,,0.8488064408302307,0.8503552079200745,-0.3877301514148712,1.3338258266448975,48.51703643798828,600035.0877192982
28485,0.23908817768096924,,,,,,,600298.245614035
28486,,50.81018829345703,,,,,,600315.7894736842
28500,0.2393113523721695,,,,,,,600561.4035087719
28501,,47.3168830871582,,,,,,600578.947368421
28514,0.23956039547920227,,,,,,,600807.0175438597
28515,,49.90372848510742,,,,,,600824.5614035088
28523,0.23978564143180847,,,,,,,600964.9122807018
28524,,47.52532958984375,,,,,,600982.4561403509
28529,,,0.8296794295310974,0.8302232027053833,-0.21031787991523743,1.100674033164978,56.553653717041016,601044.4444444445
28539,0.24005857110023499,,,,,,,601266.6666666666
28540,,52.29254150390625,,,,,,601288.8888888889
28548,0.2403411716222763,,,,,,,601466.6666666666
28549,,53.25968551635742,,,,,,601488.8888888889
28562,0.24063850939273834,,,,,,,601777.7777777778
28563,,54.733917236328125,,,,,,601800.0
28570,0.24098500609397888,,,,,,,601955.5555555555
28571,,59.64984130859375,,,,,,601977.7777777778
28576,,,0.8466393947601318,0.8500354886054993,-0.11598975956439972,0.8914830684661865,46.95864486694336,602048.7804878049
28586,0.24132247269153595,,,,,,,602292.6829268293
28587,,58.74667739868164,,,,,,602317.0731707317
28597,0.24162434041500092,,,,,,,602560.9756097561
28598,,55.18681335449219,,,,,,602585.3658536585
28605,0.24197575449943542,,,,,,,602756.0975609756
28606,,60.14191436767578,,,,,,602780.487804878
28613,0.2422783374786377,,,,,,,602951.2195121951
28614,,55.258079528808594,,,,,,602975.6097560975
28621,,,0.8354036211967468,0.8380191326141357,-0.05303983762860298,0.7992289066314697,50.534873962402344,603097.5609756098
28634,0.24255353212356567,,,,,,,603414.6341463415
28635,,52.51938247680664,,,,,,603439.0243902439
28640,0.2428223341703415,,,,,,,603560.9756097561
28641,,51.880496978759766,,,,,,603585.3658536585
28650,0.24312953650951385,,,,,,,603804.8780487805
28651,,55.72042465209961,,,,,,603829.268292683
28656,0.24337391555309296,,,,,,,603951.2195121951
28657,,49.438026428222656,,,,,,603975.6097560975
28663,,,0.8521857261657715,0.8526296019554138,-0.20227345824241638,1.121091604232788,51.804935455322266,604068.1818181818
28668,,,0.8516831994056702,0.8524650931358337,-0.13276860117912292,1.0877459049224854,57.30741500854492,604181.8181818182
28677,0.24370013177394867,,,,,,,604386.3636363636
28678,,57.621517181396484,,,,,,604409.0909090909
28685,0.24399082362651825,,,,,,,604568.1818181818
28686,,54.068931579589844,,,,,,604590.9090909091
28693,0.24423639476299286,,,,,,,604750.0
28694,,49.55647277832031,,,,,,604772.7272727273
28702,0.2445152997970581,,,,,,,604954.5454545454
28703,,52.890296936035156,,,,,,604977.2727272727
28711,,,0.8511097431182861,0.8527419567108154,-0.05352926626801491,1.0208549499511719,63.03611373901367,605106.3829787234
28724,0.24471259117126465,,,,,,,605382.9787234042
28725,,44.72953796386719,,,,,,605404.2553191489
28732,0.24490639567375183,,,,,,,605553.1914893617
28733,,44.380889892578125,,,,,,605574.4680851063
28740,0.24525772035121918,,,,,,,605723.4042553192
28741,,60.13272476196289,,,,,,605744.6808510638
28751,0.2455338090658188,,,,,,,605957.4468085107
28752,,52.6085090637207,,,,,,605978.7234042553
28759,,,0.8512506484985352,0.8539260625839233,-0.2723405361175537,1.1375173330307007,58.92512893676758,606095.2380952381
28770,0.24569591879844666,,,,,,,606357.1428571428
28771,,41.21040344238281,,,,,,606380.9523809524
28780,0.24602767825126648,,,,,,,606595.2380952381
28781,,58.17582702636719,,,,,,606619.0476190476
28788,0.24635134637355804,,,,,,,606785.7142857143
28789,,57.366661071777344,,,,,,606809.5238095238
28795,0.24667523801326752,,,,,,,606952.380952381
28796,,57.38932418823242,,,,,,606976.1904761905
28803,,,0.8461552858352661,0.8498818278312683,0.02044997736811638,1.0385611057281494,58.255245208740234,607074.074074074
28818,0.24707499146461487,,,,,,,607351.8518518518
28819,,64.97538757324219,,,,,,607370.3703703703
28827,0.2474047839641571,,,,,,,607518.5185185185
28828,,57.97853469848633,,,,,,607537.0370370371
28840,0.24772629141807556,,,,,,,607759.2592592592
28841,,57.15127944946289,,,,,,607777.7777777778
28851,0.24805708229541779,,,,,,,607962.9629629629
28852,,58.07952880859375,,,,,,607981.4814814815
28856,,,0.8369191288948059,0.8391944169998169,-0.21731792390346527,0.9686889052391052,54.517677307128906,608027.027027027
28863,0.24844050407409668,,,,,,,608216.2162162162
28864,,63.341705322265625,,,,,,608243.2432432432
28873,0.24880757927894592,,,,,,,608486.4864864865
28874,,61.70738983154297,,,,,,608513.5135135135
28883,0.2490673065185547,,,,,,,608756.7567567568
28884,,50.97239303588867,,,,,,608783.7837837838
28890,0.24941357970237732,,,,,,,608945.9459459459
28891,,59.62736892700195,,,,,,608972.972972973
28895,,,0.8436745405197144,0.8485446572303772,-0.21326875686645508,0.9466592669487,53.94757080078125,609020.0
28899,,,0.859723687171936,0.8608894944190979,-0.36192551255226135,1.1090272665023804,55.613956451416016,609100.0
28904,0.24965165555477142,,,,,,,609200.0
28905,,48.806884765625,,,,,,609220.0
28921,0.24995414912700653,,,,,,,609540.0
28922,,55.249664306640625,,,,,,609560.0
28933,0.2501739263534546,,,,,,,609780.0
28934,,46.97846603393555,,,,,,609800.0
28942,0.2505306005477905,,,,,,,609960.0
28943,,60.66621017456055,,,,,,609980.0
28950,,,0.8464965224266052,0.8509983420372009,-0.13975746929645538,0.8808298110961914,62.25236892700195,610085.1063829787
28962,0.2508387565612793,,,,,,,610340.4255319149
28963,,55.816505432128906,,,,,,610361.7021276596
28970,0.2511264681816101,,,,,,,610510.6382978724
28971,,53.772483825683594,,,,,,610531.914893617
28982,0.2514341175556183,,,,,,,610765.9574468085
28983,,55.76504135131836,,,,,,610787.2340425532
28991,0.2517775893211365,,,,,,,610957.4468085107
28992,,59.345947265625,,,,,,610978.7234042553
29001,,,0.8318567872047424,0.83406662940979,-0.11966053396463394,1.0598483085632324,57.0078010559082,611127.659574468
29012,0.2521629333496094,,,,,,,611361.7021276596
29013,,63.53473663330078,,,,,,611382.9787234042
29019,0.2524013817310333,,,,,,,611510.6382978724
29020,,48.84501647949219,,,,,,611531.914893617
29029,0.25270622968673706,,,,,,,611723.4042553192
29030,,55.48398971557617,,,,,,611744.6808510638
29040,0.2529370188713074,,,,,,,611957.4468085107
29041,,48.07943344116211,,,,,,611978.7234042553
29046,,,0.8610349297523499,0.8668034672737122,-0.32681065797805786,1.1298414468765259,54.33381652832031,612046.5116279069
29052,0.2532571852207184,,,,,,,612186.0465116279
29053,,57.0172004699707,,,,,,612209.3023255814
29067,0.25361576676368713,,,,,,,612534.8837209302
29068,,60.8569450378418,,,,,,612558.1395348837
29074,0.25392934679985046,,,,,,,612697.6744186047
29075,,56.358543395996094,,,,,,612720.9302325582
29085,0.2542508542537689,,,,,,,612953.4883720931
29086,,57.15080642700195,,,,,,612976.7441860465
29092,,,0.8471269011497498,0.8481404185295105,-0.29705384373664856,1.0516175031661987,50.610313415527344,613071.4285714285
29101,0.25453615188598633,,,,,,,613285.7142857143
29102,,53.53078079223633,,,,,,613309.5238095238
29114,0.2548564076423645,,,,,,,613595.2380952381
29115,,57.025203704833984,,,,,,613619.0476190476
29121,0.2551065981388092,,,,,,,613761.9047619047
29122,,50.018402099609375,,,,,,613785.7142857143
29129,0.2555096745491028,,,,,,,613952.380952381
29130,,65.30693054199219,,,,,,613976.1904761905
29135,,,0.8429509401321411,0.8443242311477661,-0.13482734560966492,1.191410779953003,64.67881774902344,614040.8163265307
29139,,,0.8394702076911926,0.8425071835517883,-0.28763341903686523,1.0599441528320312,59.701961517333984,614122.4489795918
29150,0.2557810842990875,,,,,,,614346.9387755102
29151,,52.13970947265625,,,,,,614367.3469387755
29163,0.25615453720092773,,,,,,,614612.2448979592
29164,,62.34564971923828,,,,,,614632.6530612245
29171,0.2564869821071625,,,,,,,614775.5102040817
29172,,58.24558639526367,,,,,,614795.918367347
29180,0.2568351924419403,,,,,,,614959.1836734693
29181,,59.820796966552734,,,,,,614979.5918367347
29187,,,0.8497419953346252,0.8505241274833679,-0.06527533382177353,0.7937132716178894,53.25432205200195,615071.4285714285
29196,0.2571622431278229,,,,,,,615285.7142857143
29197,,57.70503616333008,,,,,,615309.5238095238
29205,0.25757986307144165,,,,,,,615500.0
29206,,66.76102447509766,,,,,,615523.8095238095
29212,0.2578940987586975,,,,,,,615666.6666666666
29213,,56.424373626708984,,,,,,615690.4761904762
29224,0.2582738995552063,,,,,,,615952.380952381
29225,,62.980735778808594,,,,,,615976.1904761905
29232,,,0.8362479209899902,0.8369568586349487,-0.0980934128165245,1.0541374683380127,51.84033203125,616100.0
29241,0.2586897909641266,,,,,,,616325.0
29242,,66.58866882324219,,,,,,616350.0
29251,0.25913962721824646,,,,,,,616575.0
29252,,69.98443603515625,,,,,,616600.0
29259,0.2594820261001587,,,,,,,616775.0
29260,,59.2410774230957,,,,,,616800.0
29266,0.2597769796848297,,,,,,,616950.0
29267,,54.49567794799805,,,,,,616975.0
29273,,,0.8461900353431702,0.8506922125816345,-0.06068134680390358,1.0465104579925537,66.78389739990234,617076.9230769231
29282,0.2602235972881317,,,,,,,617307.6923076923
29283,,69.66282653808594,,,,,,617333.3333333334
29291,0.2606060802936554,,,,,,,617538.4615384615
29292,,63.24956512451172,,,,,,617564.1025641026
29300,0.26092833280563354,,,,,,,617769.2307692308
29301,,57.224517822265625,,,,,,617794.8717948718
29307,0.26136162877082825,,,,,,,617948.717948718
29308,,68.32998657226562,,,,,,617974.358974359
29312,,,0.8550174236297607,0.8567477464675903,-0.27126771211624146,1.1036522388458252,70.03683471679688,618020.8333333334
29325,0.26172852516174316,,,,,,,618291.6666666666
29326,,61.6889762878418,,,,,,618312.5
29335,0.2620416283607483,,,,,,,618500.0
29336,,56.31086349487305,,,,,,618520.8333333334
29348,0.2623829245567322,,,,,,,618770.8333333334
29349,,59.1289176940918,,,,,,618791.6666666666
29357,0.26280105113983154,,,,,,,618958.3333333334
29358,,66.81317138671875,,,,,,618979.1666666666
29364,,,0.8604563474655151,0.8605897426605225,-0.16036918759346008,1.079162359237671,57.90850830078125,619066.6666666666
29370,,,0.8512344360351562,0.8524085283279419,-0.2723504900932312,0.9598649740219116,65.85751342773438,619200.0
29381,0.2632083296775818,,,,,,,619444.4444444445
29382,,65.7281723022461,,,,,,619466.6666666666
29388,0.2635739743709564,,,,,,,619600.0
29389,,61.565673828125,,,,,,619622.2222222222
29397,0.2639418840408325,,,,,,,619800.0
29398,,61.791358947753906,,,,,,619822.2222222222
29404,0.26430419087409973,,,,,,,619955.5555555555
29405,,61.23111343383789,,,,,,619977.7777777778
29410,,,0.8532904982566833,0.8543930649757385,-0.071320541203022,1.0178622007369995,60.66609573364258,620045.4545454546
29422,0.26466941833496094,,,,,,,620318.1818181818
29423,,61.52238464355469,,,,,,620340.9090909091
29437,0.26502013206481934,,,,,,,620659.0909090909
29438,,60.07133102416992,,,,,,620681.8181818182
29443,0.2653799057006836,,,,,,,620795.4545454546
29444,,60.977203369140625,,,,,,620818.1818181818
29450,0.26568809151649475,,,,,,,620954.5454545454
29451,,55.81902313232422,,,,,,620977.2727272727
29457,,,0.8329718112945557,0.8348283171653748,-0.31531572341918945,0.8928046822547913,52.70237731933594,621060.0
29469,0.26611098647117615,,,,,,,621300.0
29470,,67.29039001464844,,,,,,621320.0
29480,0.26643192768096924,,,,,,,621520.0
29481,,57.0938606262207,,,,,,621540.0
29492,0.2666913866996765,,,,,,,621760.0
29493,,50.9460563659668,,,,,,621780.0
29502,0.2670728862285614,,,,,,,621960.0
29503,,63.14985656738281,,,,,,621980.0
29508,,,0.8452696800231934,0.8493643999099731,-0.47914648056030273,1.1970270872116089,59.72466278076172,622041.6666666666
29517,0.26735466718673706,,,,,,,622229.1666666666
29518,,53.179168701171875,,,,,,622250.0
29527,0.2677174508571625,,,,,,,622437.5
29528,,61.27858352661133,,,,,,622458.3333333334
29541,0.26809993386268616,,,,,,,622729.1666666666
29542,,63.24825668334961,,,,,,622750.0
29552,0.268463671207428,,,,,,,622958.3333333334
29553,,61.37468338012695,,,,,,622979.1666666666
29561,,,0.8429937958717346,0.843890368938446,-0.03498618304729462,1.0528192520141602,55.0579833984375,623111.1111111111
29567,0.2687915563583374,,,,,,,623244.4444444445
29568,,57.78792953491211,,,,,,623266.6666666666
29576,0.26917219161987305,,,,,,,623444.4444444445
29577,,63.064849853515625,,,,,,623466.6666666666
29584,0.26954251527786255,,,,,,,623622.2222222222
29585,,62.03256607055664,,,,,,623644.4444444445
29599,0.2699112892150879,,,,,,,623955.5555555555
29600,,61.87712860107422,,,,,,623977.7777777778
29604,,,0.8423611521720886,0.8423659801483154,-0.31914007663726807,0.7980322241783142,46.064048767089844,624020.0
29607,,,0.8445793390274048,0.8448795676231384,-0.3310333788394928,0.975634753704071,57.448577880859375,624080.0
29615,0.27026572823524475,,,,,,,624240.0
29616,,60.44263458251953,,,,,,624260.0
29624,0.27056726813316345,,,,,,,624420.0
29625,,55.153499603271484,,,,,,624440.0
29639,0.2709478437900543,,,,,,,624720.0
29640,,63.05885314941406,,,,,,624740.0
29651,0.2712841033935547,,,,,,,624960.0
29652,,58.626426696777344,,,,,,624980.0
29657,,,0.8402779698371887,0.8411318063735962,-0.23150847852230072,0.8503402471542358,62.5963020324707,625046.5116279069
29666,0.2716432809829712,,,,,,,625255.8139534884
29667,,60.917083740234375,,,,,,625279.0697674418
29681,0.27205583453178406,,,,,,,625604.6511627907
29682,,66.25421905517578,,,,,,625627.9069767442
29689,0.27244505286216736,,,,,,,625790.6976744186
29690,,63.92051315307617,,,,,,625813.9534883721
29696,0.272641122341156,,,,,,,625953.4883720931
29697,,44.60752487182617,,,,,,625976.7441860465
29705,,,0.8411670923233032,0.8413608074188232,-0.21988220512866974,1.0116745233535767,66.81559753417969,626098.0392156863
29716,0.27303075790405273,,,,,,,626313.725490196
29717,,63.96478271484375,,,,,,626333.3333333334
29731,0.27345967292785645,,,,,,,626607.8431372549
29732,,67.89142608642578,,,,,,626627.4509803922
29738,0.2737995386123657,,,,,,,626745.0980392157
29739,,58.9868049621582,,,,,,626764.7058823529
29749,0.274088591337204,,,,,,,626960.7843137255
29750,,53.90618133544922,,,,,,626980.3921568628
29754,,,0.8408944606781006,0.8431798815727234,-0.22799810767173767,0.8185513019561768,63.90114212036133,627025.641025641
29763,0.27445492148399353,,,,,,,627256.4102564103
29764,,61.6341667175293,,,,,,627282.0512820513
29774,0.27478721737861633,,,,,,,627538.4615384615
29775,,58.23033142089844,,,,,,627564.1025641026
29784,0.2752591073513031,,,,,,,627794.8717948718
29785,,72.1893310546875,,,,,,627820.5128205129
29790,0.27563220262527466,,,,,,,627948.717948718
29791,,62.309303283691406,,,,,,627974.358974359
29796,,,0.8349073529243469,0.8359466791152954,-0.22633737325668335,0.6573123335838318,60.73838806152344,628052.6315789474
29805,0.2760264575481415,,,,,,,628289.4736842106
29806,,64.42440795898438,,,,,,628315.7894736842
29814,0.2763642370700836,,,,,,,628526.3157894737
29815,,58.7772216796875,,,,,,628552.6315789474
29823,0.2766840159893036,,,,,,,628763.1578947369
29824,,56.97706604003906,,,,,,628789.4736842106
29830,0.2771247625350952,,,,,,,628947.3684210526
29831,,69.07467651367188,,,,,,628973.6842105263
29835,,,0.8407610058784485,0.8425236940383911,-0.29295700788497925,0.9774401187896729,55.44468307495117,629019.2307692308
29840,,,0.8451112508773804,0.8467457890510559,0.01783343404531479,0.8273958563804626,61.39337158203125,629115.3846153846
29855,0.27742618322372437,,,,,,,629403.8461538461
29856,,55.1414680480957,,,,,,629423.0769230769
29862,0.2776818573474884,,,,,,,629538.4615384615
29863,,50.568363189697266,,,,,,629557.6923076923
29877,0.2780414819717407,,,,,,,629826.9230769231
29878,,60.961246490478516,,,,,,629846.1538461539
29884,0.2784409523010254,,,,,,,629961.5384615385
29885,,64.94721984863281,,,,,,629980.7692307692
29891,,,0.8396835923194885,0.8405844569206238,-0.39687880873680115,1.171007752418518,58.84147262573242,630056.6037735849
29901,0.27881911396980286,,,,,,,630245.283018868
29902,,62.816566467285156,,,,,,630264.1509433963
29913,0.2792273163795471,,,,,,,630471.6981132076
29914,,65.8209228515625,,,,,,630490.5660377359
29929,0.2796402871608734,,,,,,,630773.5849056604
29930,,66.29601287841797,,,,,,630792.4528301887
29939,0.28003206849098206,,,,,,,630962.2641509434
29940,,64.17694854736328,,,,,,630981.1320754717
29947,,,0.8503663539886475,0.8505924940109253,-0.20588001608848572,0.8567630052566528,61.38294982910156,631083.3333333334
29962,0.2804260849952698,,,,,,,631395.8333333334
29963,,64.4005355834961,,,,,,631416.6666666666
29971,0.28083667159080505,,,,,,,631583.3333333334
29972,,66.06002044677734,,,,,,631604.1666666666
29983,0.28118762373924255,,,,,,,631833.3333333334
29984,,60.09410858154297,,,,,,631854.1666666666
29989,0.2815166413784027,,,,,,,631958.3333333334
29990,,57.90142822265625,,,,,,631979.1666666666
29995,,,0.8353710770606995,0.8379141688346863,-0.3119305372238159,0.8267659544944763,62.92363357543945,632042.5531914893
30007,0.28192535042762756,,,,,,,632297.8723404255
30008,,65.87162780761719,,,,,,632319.1489361703
30020,0.2823112905025482,,,,,,,632574.4680851063
30021,,63.592735290527344,,,,,,632595.7446808511
30028,0.2826026380062103,,,,,,,632744.6808510638
30029,,54.134674072265625,,,,,,632765.9574468085
30038,0.2829289734363556,,,,,,,632957.4468085107
30039,,57.63208770751953,,,,,,632978.7234042553
30043,,,0.8464779853820801,0.8510499596595764,-0.17963223159313202,0.9437099695205688,71.8162841796875,633024.3902439025
30051,0.2832432687282562,,,,,,,633219.512195122
30052,,56.428497314453125,,,,,,633243.9024390244
30064,0.28366929292678833,,,,,,,633536.5853658536
30065,,67.60164642333984,,,,,,633560.9756097561
30072,0.2840975821018219,,,,,,,633731.7073170731
30073,,67.82872009277344,,,,,,633756.0975609756
30081,0.28437626361846924,,,,,,,633951.2195121951
30082,,52.86789321899414,,,,,,633975.6097560975
30086,,,0.8459168076515198,0.8490419983863831,-0.18467655777931213,1.068469762802124,69.82601928710938,634025.0
30093,,,0.840008020401001,0.8405997157096863,-0.31994280219078064,1.0687928199768066,70.46536254882812,634200.0
30098,0.28476792573928833,,,,,,,634325.0
30099,,64.16618347167969,,,,,,634350.0
30108,0.28516799211502075,,,,,,,634575.0
30109,,65.0055160522461,,,,,,634600.0
30116,0.28565070033073425,,,,,,,634775.0
30117,,73.27053833007812,,,,,,634800.0
30123,0.28603246808052063,,,,,,,634950.0
30124,,63.17805099487305,,,,,,634975.0
30131,,,0.8472022414207458,0.8478032350540161,-0.3777712285518646,1.4855389595031738,70.96508026123047,635100.0
30137,0.2864173948764801,,,,,,,635250.0
30138,,63.49140548706055,,,,,,635275.0
30147,0.2868727147579193,,,,,,,635500.0
30148,,70.53271484375,,,,,,635525.0
30156,0.28734835982322693,,,,,,,635725.0
30157,,72.56439971923828,,,,,,635750.0
30165,0.2877345085144043,,,,,,,635950.0
30166,,63.61482620239258,,,,,,635975.0
30172,,,0.8378972411155701,0.8403306603431702,-0.2507422864437103,0.856238067150116,55.04719924926758,636066.6666666666
30185,0.2881932556629181,,,,,,,636355.5555555555
30186,,70.87421417236328,,,,,,636377.7777777778
30195,0.2885160744190216,,,,,,,636577.7777777778
30196,,57.28330993652344,,,,,,636600.0
30204,0.2890155017375946,,,,,,,636777.7777777778
30205,,74.94243621826172,,,,,,636800.0
30212,0.2894533574581146,,,,,,,636955.5555555555
30213,,68.78604888916016,,,,,,636977.7777777778
30217,,,0.8457463383674622,0.8514801263809204,-0.4499090611934662,1.0844109058380127,58.42194747924805,637023.2558139535
30229,0.28983694314956665,,,,,,,637302.3255813953
30230,,63.357540130615234,,,,,,637325.5813953489
30235,0.29018956422805786,,,,,,,637441.8604651163
30236,,60.260658264160156,,,,,,637465.1162790698
30244,0.2906988561153412,,,,,,,637651.1627906977
30245,,75.92865753173828,,,,,,637674.4186046511
30257,0.29109928011894226,,,,,,,637953.4883720931
30258,,65.0435562133789,,,,,,637976.7441860465
30262,,,0.8326412439346313,0.8332383632659912,-0.16884733736515045,0.8664988279342651,67.20087432861328,638024.3902439025
30273,0.29150864481925964,,,,,,,638292.6829268293
30274,,65.93527221679688,,,,,,638317.0731707317
30283,0.2919118404388428,,,,,,,638536.5853658536
30284,,65.31957244873047,,,,,,638560.9756097561
30293,0.29226019978523254,,,,,,,638780.487804878
30294,,59.83632278442383,,,,,,638804.8780487805
30300,0.29266658425331116,,,,,,,638951.2195121951
30301,,65.6388931274414,,,,,,638975.6097560975
30306,,,0.8459123373031616,0.84962397813797,-0.2597377300262451,0.756521999835968,63.39054870605469,639045.4545454546
30309,,,0.8278211951255798,0.8302154541015625,-0.112107053399086,0.8118589520454407,63.026649475097656,639113.6363636364
30317,0.29299792647361755,,,,,,,639295.4545454546
30318,,58.135189056396484,,,,,,639318.1818181818
30327,0.2933111786842346,,,,,,,639522.7272727273
30328,,56.324249267578125,,,,,,639545.4545454546
30335,0.2936897277832031,,,,,,,639704.5454545454
30336,,62.85521697998047,,,,,,639727.2727272727
30346,0.2941645681858063,,,,,,,639954.5454545454
30347,,72.4849624633789,,,,,,639977.2727272727
30354,,,0.8312350511550903,0.8358359932899475,-0.04897681996226311,0.8952727913856506,64.77539825439453,640090.9090909091
30364,0.2945912182331085,,,,,,,640318.1818181818
30365,,67.6640396118164,,,,,,640340.9090909091
30373,0.29509982466697693,,,,,,,640522.7272727273
30374,,75.86151123046875,,,,,,640545.4545454546
30381,0.2955237329006195,,,,,,,640704.5454545454
30382,,67.3911361694336,,,,,,640727.2727272727
30392,0.29599177837371826,,,,,,,640954.5454545454
30393,,71.80363464355469,,,,,,640977.2727272727
30401,,,0.8376308679580688,0.8412822484970093,-0.4626719355583191,1.0525226593017578,68.01634216308594,641111.1111111111
30410,0.29649966955184937,,,,,,,641311.1111111111
30411,,75.78959655761719,,,,,,641333.3333333334
30416,0.29690030217170715,,,,,,,641444.4444444445
30417,,65.06346130371094,,,,,,641466.6666666666
30427,0.2973468005657196,,,,,,,641688.8888888889
30428,,69.64888000488281,,,,,,641711.1111111111
30439,0.2976631820201874,,,,,,,641955.5555555555
30440,,56.63752746582031,,,,,,641977.7777777778
30446,,,0.843601644039154,0.8445812463760376,-0.22124354541301727,0.8416436314582825,77.38093566894531,642057.6923076923
30459,0.298074871301651,,,,,,,642307.6923076923
30460,,66.16896057128906,,,,,,642326.9230769231
30471,0.2984660267829895,,,,,,,642538.4615384615
30472,,64.1163558959961,,,,,,642557.6923076923
30485,0.2988168001174927,,,,,,,642807.6923076923
30486,,60.07813262939453,,,,,,642826.9230769231
30493,0.2992420494556427,,,,,,,642961.5384615385
30494,,67.52549743652344,,,,,,642980.7692307692
30498,,,0.8385368585586548,0.8388693928718567,-0.26871630549430847,0.9400094151496887,67.63713073730469,643025.641025641
30507,0.29967784881591797,,,,,,,643256.4102564103
30508,,68.58088684082031,,,,,,643282.0512820513
30514,0.30000853538513184,,,,,,,643435.8974358974
30515,,58.0693473815918,,,,,,643461.5384615385
30521,0.30048710107803345,,,,,,,643615.3846153846
30522,,72.85640716552734,,,,,,643641.0256410256
30534,0.300909161567688,,,,,,,643948.717948718
30535,,67.20494842529297,,,,,,643974.358974359
30539,,,0.8233764171600342,0.8238866329193115,-0.18924254179000854,0.6864849328994751,55.8126106262207,644022.7272727273
30543,,,0.826234757900238,0.8289986252784729,-0.1746983379125595,0.747728705406189,53.98786926269531,644113.6363636364
30552,0.3013436794281006,,,,,,,644318.1818181818
30553,,68.45210266113281,,,,,,644340.9090909091
30564,0.3017793893814087,,,,,,,644590.9090909091
30565,,68.56971740722656,,,,,,644613.6363636364
30570,0.3022904098033905,,,,,,,644727.2727272727
30571,,76.10347747802734,,,,,,644750.0
30580,0.30270665884017944,,,,,,,644954.5454545454
30581,,66.62538146972656,,,,,,644977.2727272727
30586,,,0.8412059545516968,0.8446689248085022,-0.15354016423225403,0.8561965227127075,75.79693603515625,645047.619047619
30595,0.30316945910453796,,,,,,,645261.9047619047
30596,,71.27955627441406,,,,,,645285.7142857143
30602,0.3035680651664734,,,,,,,645428.5714285715
30603,,64.86205291748047,,,,,,645452.380952381
30613,0.30405542254447937,,,,,,,645690.4761904762
30614,,73.73535919189453,,,,,,645714.2857142857
30624,0.3044421076774597,,,,,,,645952.380952381
30625,,63.66817855834961,,,,,,645976.1904761905
30630,,,0.8375573754310608,0.8412986993789673,-0.3534080684185028,1.0671038627624512,71.98934173583984,646050.0
30640,0.30495980381965637,,,,,,,646300.0
30641,,76.76852416992188,,,,,,646325.0
30645,0.3053060472011566,,,,,,,646425.0
30646,,59.62317657470703,,,,,,646450.0
30658,0.3057918846607208,,,,,,,646750.0
30659,,73.58393096923828,,,,,,646775.0
30666,0.30622628331184387,,,,,,,646950.0
30667,,68.43915557861328,,,,,,646975.0
30675,,,0.8343519568443298,0.83466637134552,-0.3513690233230591,0.9821681380271912,73.08671569824219,647108.695652174
30683,0.30672240257263184,,,,,,,647282.6086956522
30684,,74.612548828125,,,,,,647304.3478260869
30690,0.3071764409542084,,,,,,,647434.7826086957
30691,,70.40274047851562,,,,,,647456.5217391305
30701,0.3076382577419281,,,,,,,647673.9130434783
30702,,71.18142700195312,,,,,,647695.6521739131
30714,0.30807846784591675,,,,,,,647956.5217391305
30715,,69.02222442626953,,,,,,647978.2608695652
30719,,,0.8321563601493835,0.8357840776443481,-0.3046313524246216,0.7466611862182617,73.85417938232422,648026.3157894737
30727,0.30847644805908203,,,,,,,648236.8421052631
30728,,64.7974853515625,,,,,,648263.1578947369
30736,0.3089304268360138,,,,,,,648473.6842105263
30737,,70.39832305908203,,,,,,648500.0
30745,0.3094027042388916,,,,,,,648710.5263157894
30746,,72.22647857666016,,,,,,648736.8421052631
30754,0.30986732244491577,,,,,,,648947.3684210526
30755,,71.46129608154297,,,,,,648973.6842105263
30760,,,0.8269744515419006,0.8271129131317139,-0.2388041764497757,0.7891977429389954,57.955360412597656,649046.5116279069
30762,,,0.8406978845596313,0.8426810503005981,-0.183656707406044,1.025274395942688,73.5213623046875,649093.023255814
30767,0.3102988600730896,,,,,,,649209.3023255814
30768,,68.1539077758789,,,,,,649232.5581395349
30774,0.31073036789894104,,,,,,,649372.0930232558
30775,,68.15029907226562,,,,,,649395.3488372093
30787,0.3111557066440582,,,,,,,649674.4186046511
30788,,67.53438568115234,,,,,,649697.6744186047
30799,0.31154298782348633,,,,,,,649953.4883720931
30800,,63.728572845458984,,,,,,649976.7441860465
30809,,,0.8466213941574097,0.8489347696304321,-0.4252050817012787,1.3345118761062622,80.26110076904297,650146.3414634146
30817,0.312019407749176,,,,,,,650341.4634146341
30818,,72.64278411865234,,,,,,650365.8536585366
30824,0.31259483098983765,,,,,,,650512.1951219512
30825,,82.54159545898438,,,,,,650536.5853658536
30833,0.31301939487457275,,,,,,,650731.7073170731
30834,,67.45770263671875,,,,,,650756.0975609756
30842,0.3134704530239105,,,,,,,650951.2195121951
30843,,70.10704803466797,,,,,,650975.6097560975
30849,,,0.8344274759292603,0.836934506893158,-0.1490134596824646,0.9176758527755737,70.57756042480469,651069.7674418605
30856,0.3138830363750458,,,,,,,651232.5581395349
30857,,66.25888061523438,,,,,,651255.8139534884
30864,0.3144319951534271,,,,,,,651418.6046511628
30865,,79.8973388671875,,,,,,651441.8604651163
30876,0.3147433400154114,,,,,,,651697.6744186047
30877,,56.13530731201172,,,,,,651720.9302325582
30887,0.3150792717933655,,,,,,,651953.4883720931
30888,,58.59415817260742,,,,,,651976.7441860465
30896,,,0.8418087959289551,0.8420020341873169,0.02221601828932762,1.0862977504730225,75.12396240234375,652098.0392156863
30907,0.3156006634235382,,,,,,,652313.725490196
30908,,77.13860321044922,,,,,,652333.3333333334
30919,0.31605926156044006,,,,,,,652549.0196078431
30920,,70.86117553710938,,,,,,652568.6274509804
30929,0.31649404764175415,,,,,,,652745.0980392157
30930,,68.47776794433594,,,,,,652764.7058823529
30940,0.3170073926448822,,,,,,,652960.7843137255
30941,,76.33407592773438,,,,,,652980.3921568628
30946,,,0.8374081254005432,0.8397143483161926,-0.34054309129714966,1.0693564414978027,67.41049194335938,653048.7804878049
30956,0.31756171584129333,,,,,,,653292.6829268293
30957,,80.43342590332031,,,,,,653317.0731707317
30962,0.31794366240501404,,,,,,,653439.0243902439
30963,,63.19613265991211,,,,,,653463.4146341464
30972,0.3183942437171936,,,,,,,653682.9268292683
30973,,70.05804443359375,,,,,,653707.3170731707
30983,0.3189201354980469,,,,,,,653951.2195121951
30984,,77.58770751953125,,,,,,653975.6097560975
30988,,,0.8325803279876709,0.8330579996109009,-0.19537141919136047,1.1014690399169922,65.98869323730469,654023.8095238095
30991,,,0.8224037289619446,0.825721263885498,-0.2517802119255066,0.986295223236084,64.20626068115234,654095.2380952381
31000,0.3193977177143097,,,,,,,654309.5238095238
31001,,72.75777435302734,,,,,,654333.3333333334
31009,0.3197409212589264,,,,,,,654523.8095238095
31010,,59.32065963745117,,,,,,654547.619047619
31019,0.320272296667099,,,,,,,654761.9047619047
31020,,78.13748931884766,,,,,,654785.7142857143
31027,0.32076001167297363,,,,,,,654952.380952381
31028,,73.7710952758789,,,,,,654976.1904761905
31036,,,0.8286648392677307,0.8301289677619934,-0.21810480952262878,0.9097394943237305,64.46060943603516,655108.695652174
31047,0.32121166586875916,,,,,,,655347.8260869565
31048,,70.16442108154297,,,,,,655369.5652173914
31054,0.32172927260398865,,,,,,,655500.0
31055,,76.7613754272461,,,,,,655521.7391304348
31067,0.32214486598968506,,,,,,,655782.6086956522
31068,,66.55982208251953,,,,,,655804.3478260869
31075,0.32250750064849854,,,,,,,655956.5217391305
31076,,61.2636604309082,,,,,,655978.2608695652
31082,,,0.8278704881668091,0.8304625153541565,-0.2686811089515686,0.9082547426223755,65.7640151977539,656060.0
31091,0.32293829321861267,,,,,,,656240.0
31092,,68.08048248291016,,,,,,656260.0
31102,0.323344349861145,,,,,,,656460.0
31103,,65.60489654541016,,,,,,656480.0
31117,0.3239096999168396,,,,,,,656760.0
31118,,81.53555297851562,,,,,,656780.0
31127,0.3243429660797119,,,,,,,656960.0
31128,,68.32649993896484,,,,,,656980.0
31135,,,0.8378726243972778,0.8414647579193115,-0.4195575416088104,0.9888273477554321,64.96218872070312,657093.023255814
31144,0.324825257062912,,,,,,,657302.3255813953
31145,,73.22858428955078,,,,,,657325.5813953489
31152,0.3253682851791382,,,,,,,657488.3720930233
31153,,79.30218505859375,,,,,,657511.6279069767
31160,0.32582369446754456,,,,,,,657674.4186046511
31161,,70.54141235351562,,,,,,657697.6744186047
31172,0.3263285458087921,,,,,,,657953.4883720931
31173,,75.48583984375,,,,,,657976.7441860465
31178,,,0.8478879928588867,0.8479644060134888,-0.3784824013710022,1.21537446975708,80.34791564941406,658040.8163265307
31191,0.3267066776752472,,,,,,,658306.1224489796
31192,,62.813209533691406,,,,,,658326.5306122449
31202,0.32711586356163025,,,,,,,658530.612244898
31203,,65.91838073730469,,,,,,658551.0204081633
31216,0.3276263475418091,,,,,,,658816.3265306122
31217,,76.0486831665039,,,,,,658836.7346938775
31223,0.32813677191734314,,,,,,,658959.1836734693
31224,,76.04390716552734,,,,,,658979.5918367347
31228,,,0.8329969048500061,0.8341367840766907,-0.35773178935050964,1.0318357944488525,64.98126220703125,659017.2413793104
31232,,,0.8157732486724854,0.8163735270500183,-0.2003614902496338,0.8419936895370483,66.02277374267578,659086.2068965518
31242,0.3286619186401367,,,,,,,659258.6206896552
31243,,77.51350402832031,,,,,,659275.8620689656
31260,0.3290867805480957,,,,,,,659568.9655172414
31261,,67.48489379882812,,,,,,659586.2068965518
31272,0.3295953571796417,,,,,,,659775.8620689656
31273,,75.85746765136719,,,,,,659793.1034482758
31283,0.329969197511673,,,,,,,659965.5172413794
31284,,62.3835563659668,,,,,,659982.7586206896
31290,,,0.8117944598197937,0.81180739402771,-0.1269167959690094,0.6843599081039429,63.53748321533203,660063.8297872341
31300,0.3303900361061096,,,,,,,660276.5957446808
31301,,67.0853042602539,,,,,,660297.8723404255
31306,0.33090659976005554,,,,,,,660404.2553191489
31307,,76.65719604492188,,,,,,660425.5319148937
31317,0.3314337134361267,,,,,,,660638.2978723404
31318,,77.71146392822266,,,,,,660659.5744680851
31332,0.33193346858024597,,,,,,,660957.4468085107
31333,,74.97439575195312,,,,,,660978.7234042553
31342,,,0.8349344730377197,0.8360854983329773,-0.34863248467445374,1.000989556312561,76.3542251586914,661120.0
31352,0.33238744735717773,,,,,,,661320.0
31353,,70.39832305908203,,,,,,661340.0
31363,0.3328849971294403,,,,,,,661540.0
31364,,74.75576782226562,,,,,,661560.0
31374,0.3333524167537689,,,,,,,661760.0
31375,,71.74175262451172,,,,,,661780.0
31384,0.3337823748588562,,,,,,,661960.0
31385,,67.99532318115234,,,,,,661980.0
31389,,,0.8384689092636108,0.8385547399520874,-0.3316081464290619,1.040309190750122,73.77005767822266,662020.8333333334
31402,0.33416593074798584,,,,,,,662291.6666666666
31403,,63.3560905456543,,,,,,662312.5
31413,0.33458858728408813,,,,,,,662520.8333333334
31414,,67.2657470703125,,,,,,662541.6666666666
31424,0.33512356877326965,,,,,,,662750.0
31425,,78.4983901977539,,,,,,662770.8333333334
31434,0.3354566991329193,,,,,,,662958.3333333334
31435,,58.31159591674805,,,,,,662979.1666666666
31440,,,0.8433197140693665,0.8473125100135803,-0.21229378879070282,0.7875258326530457,71.79798126220703,663044.4444444445
31454,0.33590880036354065,,,,,,,663355.5555555555
31455,,70.20938873291016,,,,,,663377.7777777778
31465,0.33624762296676636,,,,,,,663600.0
31466,,58.88224411010742,,,,,,663622.2222222222
31476,0.3365907669067383,,,,,,,663844.4444444445
31477,,59.31290817260742,,,,,,663866.6666666666
31481,0.3370005488395691,,,,,,,663955.5555555555
31482,,65.9786605834961,,,,,,663977.7777777778
31487,,,0.82293701171875,0.8240270018577576,-0.10799643397331238,1.2242358922958374,75.90498352050781,664051.282051282
31488,,,0.8284174799919128,0.8289028406143188,-0.2163742184638977,0.9097758531570435,69.61060333251953,664076.9230769231
31493,0.337446391582489,,,,,,,664205.1282051282
31494,,69.58493041992188,,,,,,664230.7692307692
31503,0.33787959814071655,,,,,,,664461.5384615385
31504,,68.32063293457031,,,,,,664487.1794871795
31512,0.3383546769618988,,,,,,,664692.3076923077
31513,,72.50658416748047,,,,,,664717.9487179487
31522,0.3388633728027344,,,,,,,664948.717948718
31523,,75.86898803710938,,,,,,664974.358974359
31527,,,0.8172568678855896,0.8196784257888794,-0.28788822889328003,0.8003614544868469,68.07868194580078,665023.2558139535
31537,0.3393045663833618,,,,,,,665255.8139534884
31538,,69.11982727050781,,,,,,665279.0697674418
31546,0.33980458974838257,,,,,,,665465.1162790698
31547,,75.00111389160156,,,,,,665488.3720930233
31556,0.3402271866798401,,,,,,,665697.6744186047
31557,,67.26045227050781,,,,,,665720.9302325582
31567,0.3405117690563202,,,,,,,665953.4883720931
31568,,53.45711898803711,,,,,,665976.7441860465
31577,,,0.8352444171905518,0.8359761834144592,-0.37701526284217834,1.0195541381835938,61.925411224365234,666122.4489795918
31587,0.3409808576107025,,,,,,,666326.5306122449
31588,,71.90853881835938,,,,,,666346.9387755102
31596,0.34143492579460144,,,,,,,666510.2040816327
31597,,70.40747833251953,,,,,,666530.612244898
31609,0.34194833040237427,,,,,,,666775.5102040817
31610,,76.34025573730469,,,,,,666795.918367347
31618,0.3424164354801178,,,,,,,666959.1836734693
31619,,71.81065368652344,,,,,,666979.5918367347
31623,,,0.8218866586685181,0.8229113221168518,-0.015713883563876152,0.7345684766769409,66.54891967773438,667021.7391304348
31636,0.34275540709495544,,,,,,,667304.3478260869
31637,,58.898563385009766,,,,,,667326.0869565217
31647,0.34321650862693787,,,,,,,667543.4782608695
31648,,71.11038970947266,,,,,,667565.2173913043
31656,0.34365710616111755,,,,,,,667739.1304347826
31657,,69.06056213378906,,,,,,667760.8695652174
31666,0.34407687187194824,,,,,,,667956.5217391305
31667,,66.97718048095703,,,,,,667978.2608695652
31671,,,0.8367972373962402,0.8408011794090271,-0.2057615965604782,0.9916425347328186,70.14781188964844,668027.027027027
31679,0.34471121430397034,,,,,,,668243.2432432432
31680,,88.43512725830078,,,,,,668270.2702702703
31687,0.3452310860157013,,,,,,,668459.4594594594
31688,,76.988037109375,,,,,,668486.4864864865
31697,0.3457126319408417,,,,,,,668729.7297297297
31698,,73.15603637695312,,,,,,668756.7567567568
31705,0.3462172746658325,,,,,,,668945.9459459459
31706,,75.4644546508789,,,,,,668972.972972973
31711,,,0.8305224180221558,0.8306421041488647,-0.16781991720199585,0.7520881295204163,76.22513580322266,669040.8163265307
31714,,,0.8319300413131714,0.8333340287208557,-0.07992421090602875,0.7958461046218872,73.52025604248047,669102.0408163265
31726,0.3466815948486328,,,,,,,669346.9387755102
31727,,71.43318176269531,,,,,,669367.3469387755
31733,0.3472801446914673,,,,,,,669489.7959183673
31734,,84.85504913330078,,,,,,669510.2040816327
31746,0.3477930724620819,,,,,,,669755.1020408163
31747,,76.29408264160156,,,,,,669775.5102040817
31756,0.3482513427734375,,,,,,,669959.1836734693
31757,,70.8257064819336,,,,,,669979.5918367347
31763,,,0.8231724500656128,0.8258042335510254,-0.06781964004039764,0.5802227854728699,60.423274993896484,670065.2173913043
31773,0.3488035202026367,,,,,,,670282.6086956522
31774,,80.21867370605469,,,,,,670304.3478260869
31782,0.3493049442768097,,,,,,,670478.2608695652
31783,,75.14230346679688,,,,,,670500.0
31790,0.3498501181602478,,,,,,,670652.1739130435
31791,,79.51608276367188,,,,,,670673.9130434783
31804,0.35043659806251526,,,,,,,670956.5217391305
31805,,83.64669036865234,,,,,,670978.2608695652
31812,,,0.8286312818527222,0.8295568823814392,-0.17863404750823975,0.7583097815513611,68.29861450195312,671102.5641025641
31823,0.3509933650493622,,,,,,,671384.6153846154
31824,,80.67796325683594,,,,,,671410.2564102564
31832,0.35141023993492126,,,,,,,671615.3846153846
31833,,66.68746185302734,,,,,,671641.0256410256
31838,0.35185152292251587,,,,,,,671769.2307692308
31839,,69.12730407714844,,,,,,671794.8717948718
31845,0.3523120582103729,,,,,,,671948.717948718
31846,,71.0544204711914,,,,,,671974.358974359
31851,,,0.8353448510169983,0.8381657004356384,-0.23217535018920898,0.661080002784729,64.5759048461914,672051.282051282
31863,0.3527697026729584,,,,,,,672358.9743589744
31864,,70.76335144042969,,,,,,672384.6153846154
31870,0.3532237708568573,,,,,,,672538.4615384615
31871,,70.40657043457031,,,,,,672564.1025641026
31879,0.3538629114627838,,,,,,,672769.2307692308
31880,,88.91302490234375,,,,,,672794.8717948718
31886,0.35433143377304077,,,,,,,672948.717948718
31887,,71.85159301757812,,,,,,672974.358974359
31892,,,0.8242894411087036,0.8266279101371765,-0.11647015810012817,0.5739595890045166,66.41232299804688,673040.0
31903,0.35480642318725586,,,,,,,673260.0
31904,,72.49938201904297,,,,,,673280.0
31916,0.35530710220336914,,,,,,,673520.0
31917,,75.06670379638672,,,,,,673540.0
31927,0.35583168268203735,,,,,,,673740.0
31928,,77.45835876464844,,,,,,673760.0
31938,0.3563256561756134,,,,,,,673960.0
31939,,74.39776611328125,,,,,,673980.0
31945,,,0.833599865436554,0.8357935547828674,-0.20151259005069733,0.788887083530426,78.81526947021484,674066.6666666666
31950,,,0.8234927654266357,0.8280061483383179,-0.5000641345977783,0.9545503854751587,63.33327102661133,674177.7777777778
31955,0.35674142837524414,,,,,,,674288.8888888889
31956,,66.57669830322266,,,,,,674311.1111111111
31968,0.3572581708431244,,,,,,,674577.7777777778
31969,,76.67414855957031,,,,,,674600.0
31977,0.35773271322250366,,,,,,,674777.7777777778
31978,,72.45502471923828,,,,,,674800.0
31985,0.3582514226436615,,,,,,,674955.5555555555
31986,,76.86998748779297,,,,,,674977.7777777778
31993,,,0.8173494338989258,0.820224404335022,-0.04082871600985527,0.6550722122192383,65.69546508789062,675102.5641025641
32004,0.3586634695529938,,,,,,,675384.6153846154
32005,,66.20381164550781,,,,,,675410.2564102564
32013,0.35910141468048096,,,,,,,675615.3846153846
32014,,68.79492950439453,,,,,,675641.0256410256
32020,0.359636515378952,,,,,,,675794.8717948718
32021,,78.51072692871094,,,,,,675820.5128205129
32026,0.3601301312446594,,,,,,,675948.717948718
32027,,74.36190032958984,,,,,,675974.358974359
32033,,,0.8270645141601562,0.8298242092132568,-0.3875986635684967,0.8651753067970276,74.00624084472656,676066.6666666666
32047,0.3606373369693756,,,,,,,676377.7777777778
32048,,75.72175598144531,,,,,,676400.0
32058,0.3610140085220337,,,,,,,676622.2222222222
32059,,62.667572021484375,,,,,,676644.4444444445
32068,0.36150020360946655,,,,,,,676844.4444444445
32069,,73.62049102783203,,,,,,676866.6666666666
32073,0.3619055151939392,,,,,,,676955.5555555555
32074,,65.53154754638672,,,,,,676977.7777777778
32079,,,0.8417816162109375,0.8425194621086121,-0.6908344626426697,1.1964774131774902,66.3665771484375,677051.282051282
32093,0.36241939663887024,,,,,,,677410.2564102564
32094,,76.38697052001953,,,,,,677435.8974358974
32102,0.362936407327652,,,,,,,677641.0256410256
32103,,76.70178985595703,,,,,,677666.6666666666
32108,0.3634064495563507,,,,,,,677794.8717948718
32109,,72.00472259521484,,,,,,677820.5128205129
32114,0.3639744222164154,,,,,,,677948.717948718
32115,,81.79630279541016,,,,,,677974.358974359
32120,,,0.8339641094207764,0.835791289806366,-0.20466624200344086,0.605496883392334,72.69091796875,678039.2156862745
32132,0.36445680260658264,,,,,,,678274.5098039216
32133,,73.2381362915039,,,,,,678294.1176470588
32139,0.36496442556381226,,,,,,,678411.7647058824
32140,,75.7613754272461,,,,,,678431.3725490196
32152,0.36542457342147827,,,,,,,678666.6666666666
32153,,71.01475524902344,,,,,,678686.274509804
32167,0.3659374415874481,,,,,,,678960.7843137255
32168,,76.2856674194336,,,,,,678980.3921568628
32172,,,0.8343603014945984,0.837231457233429,-0.2565334141254425,0.8659626841545105,69.09394836425781,679024.3902439025
32175,,,0.8240532875061035,0.8251190185546875,-0.24951133131980896,0.8404644727706909,74.23381042480469,679097.5609756098
32185,0.36644217371940613,,,,,,,679341.4634146341
32186,,75.47456359863281,,,,,,679365.8536585366
32196,0.36694392561912537,,,,,,,679609.756097561
32197,,75.17447662353516,,,,,,679634.1463414634
32204,0.3674366772174835,,,,,,,679804.8780487805
32205,,74.27522277832031,,,,,,679829.268292683
32210,0.3679162263870239,,,,,,,679951.2195121951
32211,,72.95439147949219,,,,,,679975.6097560975
32218,,,0.8103479743003845,0.8115389943122864,-0.21876265108585358,0.5790501236915588,69.0440902709961,680076.9230769231
32228,0.3683933615684509,,,,,,,680269.2307692308
32229,,72.71212005615234,,,,,,680288.4615384615
32236,0.36880987882614136,,,,,,,680423.0769230769
32237,,66.65242767333984,,,,,,680442.3076923077
32252,0.36933398246765137,,,,,,,680730.7692307692
32253,,77.41148376464844,,,,,,680750.0
32264,0.3698338568210602,,,,,,,680961.5384615385
32265,,74.98741149902344,,,,,,680980.7692307692
32271,,,0.830389678478241,0.831647515296936,-0.3557504117488861,0.8842371106147766,72.52176666259766,681060.0
32283,0.37029311060905457,,,,,,,681300.0
32284,,70.926513671875,,,,,,681320.0
32293,0.3707807958126068,,,,,,,681500.0
32294,,73.76941680908203,,,,,,681520.0
32309,0.3712684214115143,,,,,,,681820.0
32310,,73.76202392578125,,,,,,681840.0
32316,0.3718189597129822,,,,,,,681960.0
32317,,80.0523681640625,,,,,,681980.0
32322,,,0.8228358626365662,0.8241137266159058,-0.2649458050727844,0.6601938009262085,72.29857635498047,682047.619047619
32332,0.3723350465297699,,,,,,,682285.7142857143
32333,,76.607666015625,,,,,,682309.5238095238
32342,0.37279507517814636,,,,,,,682523.8095238095
32343,,71.00386047363281,,,,,,682547.619047619
32351,0.373332679271698,,,,,,,682738.0952380953
32352,,78.76022338867188,,,,,,682761.9047619047
32360,0.3738537132740021,,,,,,,682952.380952381
32361,,77.1037368774414,,,,,,682976.1904761905
32367,,,0.8282111287117004,0.8287809491157532,-0.15637512505054474,0.9482030272483826,71.2818603515625,683062.5
32380,0.374307781457901,,,,,,,683333.3333333334
32381,,70.40666961669922,,,,,,683354.1666666666
32391,0.3748556673526764,,,,,,,683562.5
32392,,79.78720092773438,,,,,,683583.3333333334
32402,0.37538889050483704,,,,,,,683791.6666666666
32403,,78.32231140136719,,,,,,683812.5
32410,0.3758535385131836,,,,,,,683958.3333333334
32411,,71.46603393554688,,,,,,683979.1666666666
32415,,,0.8177632093429565,0.8191729187965393,-0.09066937118768692,0.4839411675930023,62.66987228393555,684019.2307692308
32418,,,0.8143087029457092,0.8150553107261658,-0.15995003283023834,0.5654264092445374,70.50554656982422,684076.9230769231
32430,0.37632039189338684,,,,,,,684307.6923076923
32431,,71.6849594116211,,,,,,684326.9230769231
32440,0.37686896324157715,,,,,,,684500.0
32441,,79.8569564819336,,,,,,684519.2307692308
32454,0.37728118896484375,,,,,,,684769.2307692308
32455,,66.22306823730469,,,,,,684788.4615384615
32464,0.37779778242111206,,,,,,,684961.5384615385
32465,,76.65812683105469,,,,,,684980.7692307692
32470,,,0.8236783146858215,0.824857234954834,-0.2693108916282654,0.7276808619499207,64.07291412353516,685051.282051282
32479,0.37832140922546387,,,,,,,685282.0512820513
32480,,77.36386108398438,,,,,,685307.6923076923
32489,0.3787609040737152,,,,,,,685538.4615384615
32490,,68.94902038574219,,,,,,685564.1025641026
32496,0.3791889548301697,,,,,,,685717.9487179487
32497,,67.80493927001953,,,,,,685743.5897435897
32505,0.379718542098999,,,,,,,685948.717948718
32506,,77.96019744873047,,,,,,685974.358974359
32511,,,0.8192496299743652,0.8227142095565796,-0.0829499214887619,0.8464925289154053,75.60063171386719,686048.7804878049
32520,0.38027313351631165,,,,,,,686268.2926829269
32521,,80.4585189819336,,,,,,686292.6829268293
32531,0.38067176938056946,,,,,,,686536.5853658536
32532,,64.86312866210938,,,,,,686560.9756097561
32543,0.3811541497707367,,,,,,,686829.268292683
32544,,73.23807525634766,,,,,,686853.6585365854
32548,0.38160961866378784,,,,,,,686951.2195121951
32549,,70.5482177734375,,,,,,686975.6097560975
32555,,,0.8213680982589722,0.8243897557258606,-0.24484266340732574,0.6215967535972595,67.5313491821289,687068.1818181818
32562,0.3820933401584625,,,,,,,687227.2727272727
32563,,73.37333679199219,,,,,,687250.0
32573,0.38247814774513245,,,,,,,687477.2727272727
32574,,63.481101989746094,,,,,,687500.0
32585,0.3829658329486847,,,,,,,687750.0
32586,,73.76898956298828,,,,,,687772.7272727273
32594,0.38341134786605835,,,,,,,687954.5454545454
32595,,69.55069732666016,,,,,,687977.2727272727
32599,,,0.8272609710693359,0.8290361166000366,-0.17089588940143585,0.5471562147140503,67.34832763671875,688021.7391304348
32613,0.3839820921421051,,,,,,,688326.0869565217
32614,,82.07520294189453,,,,,,688347.8260869565
32622,0.384488582611084,,,,,,,688521.7391304348
32623,,75.6500473022461,,,,,,688543.4782608695
32633,0.38500046730041504,,,,,,,688760.8695652174
32634,,76.18952178955078,,,,,,688782.6086956522
32642,0.3854731321334839,,,,,,,688956.5217391305
32643,,72.2676010131836,,,,,,688978.2608695652
32647,,,0.833588719367981,0.8357771039009094,-0.27765926718711853,0.7156570553779602,75.09171295166016,689023.8095238095
32650,,,0.8331747055053711,0.8342370986938477,-0.12681891024112701,0.5448248386383057,74.5210952758789,689095.2380952381
32661,0.38572192192077637,,,,,,,689357.1428571428
32662,,49.87784957885742,,,,,,689380.9523809524
32672,0.3861508369445801,,,,,,,689619.0476190476
32673,,67.89203643798828,,,,,,689642.8571428572
32677,0.386629194021225,,,,,,,689738.0952380953
32678,,72.83489227294922,,,,,,689761.9047619047
32686,0.38710761070251465,,,,,,,689952.380952381
32687,,72.84204864501953,,,,,,689976.1904761905
32694,,,0.8305014371871948,0.8328405618667603,-0.3684388995170593,0.7061737179756165,67.76364135742188,690080.0
32703,0.38765063881874084,,,,,,,690260.0
32704,,79.30248260498047,,,,,,690280.0
32715,0.38824641704559326,,,,,,,690500.0
32716,,84.57908630371094,,,,,,690520.0
32724,0.3887569010257721,,,,,,,690680.0
32725,,76.04788970947266,,,,,,690700.0
32738,0.3893211781978607,,,,,,,690960.0
32739,,81.42845153808594,,,,,,690980.0
32751,,,0.8193453550338745,0.8220100998878479,-0.0978308767080307,0.4715886414051056,80.40340423583984,691176.4705882353
32762,0.38990914821624756,,,,,,,691392.1568627451
32763,,83.79708862304688,,,,,,691411.7647058824
32773,0.3902631402015686,,,,,,,691607.8431372549
32774,,60.39924621582031,,,,,,691627.4509803922
32783,0.39081859588623047,,,,,,,691803.9215686275
32784,,80.54486846923828,,,,,,691823.5294117647
32791,0.39124202728271484,,,,,,,691960.7843137255
32792,,67.34174346923828,,,,,,691980.3921568628
32798,,,0.8209519386291504,0.8228224515914917,-0.21045109629631042,0.650886595249176,72.87633514404297,692054.5454545454
32814,0.39162972569465637,,,,,,,692345.4545454546
32815,,63.76953125,,,,,,692363.6363636364
32824,0.39221513271331787,,,,,,,692527.2727272727
32825,,83.54004669189453,,,,,,692545.4545454546
32837,0.3927007019519806,,,,,,,692763.6363636364
32838,,73.55570983886719,,,,,,692781.8181818182
32848,0.39310309290885925,,,,,,,692963.6363636364
32849,,65.2392807006836,,,,,,692981.8181818182
32856,,,0.8264744877815247,0.828238844871521,-0.1789778769016266,0.8336727619171143,55.85586929321289,693095.2380952381
32866,0.3936910629272461,,,,,,,693333.3333333334
32867,,83.79837799072266,,,,,,693357.1428571428
32877,0.3941516578197479,,,,,,,693595.2380952381
32878,,71.06067657470703,,,,,,693619.0476190476
32887,0.3946167230606079,,,,,,,693833.3333333334
32888,,71.50675201416016,,,,,,693857.1428571428
32892,0.3951607942581177,,,,,,,693952.380952381
32893,,79.40718078613281,,,,,,693976.1904761905
32898,,,0.8154334425926208,0.8180100917816162,-0.19725793600082397,0.6119804382324219,70.99253845214844,694047.619047619
32902,,,0.8206377625465393,0.8223351836204529,-0.23464246094226837,0.6246575713157654,65.00508880615234,694142.8571428572
32907,0.3956986963748932,,,,,,,694261.9047619047
32908,,78.78938293457031,,,,,,694285.7142857143
32920,0.3961467444896698,,,,,,,694571.4285714285
32921,,69.80357360839844,,,,,,694595.2380952381
32930,0.3965798318386078,,,,,,,694809.5238095238
32931,,68.30824279785156,,,,,,694833.3333333334
32936,0.39709973335266113,,,,,,,694952.380952381
32937,,76.99118041992188,,,,,,694976.1904761905
32942,,,0.8284900784492493,0.8297116756439209,-0.11293844878673553,0.529956042766571,79.7335205078125,695041.6666666666
32951,0.3976534605026245,,,,,,,695229.1666666666
32952,,80.37230682373047,,,,,,695250.0
32962,0.39813369512557983,,,,,,,695458.3333333334
32963,,73.02393341064453,,,,,,695479.1666666666
32974,0.39865583181381226,,,,,,,695708.3333333334
32975,,77.21297454833984,,,,,,695729.1666666666
32986,0.39917701482772827,,,,,,,695958.3333333334
32987,,77.11824035644531,,,,,,695979.1666666666
32994,,,0.8153151273727417,0.819896399974823,-0.14311516284942627,0.4776376783847809,79.81522369384766,696093.023255814
33007,0.3997083604335785,,,,,,,696395.3488372093
33008,,78.13359832763672,,,,,,696418.6046511628
33014,0.400214821100235,,,,,,,696558.1395348837
33015,,75.64713287353516,,,,,,696581.3953488372
33021,0.40066206455230713,,,,,,,696720.9302325582
33022,,69.72539520263672,,,,,,696744.1860465116
33031,0.4011389911174774,,,,,,,696953.4883720931
33032,,72.69384002685547,,,,,,696976.7441860465
33036,,,0.8141624331474304,0.8179600834846497,-0.1229986697435379,0.7065542340278625,74.09934997558594,697022.7272727273
33044,0.40145817399024963,,,,,,,697204.5454545454
33045,,56.91794967651367,,,,,,697227.2727272727
33058,0.40197402238845825,,,,,,,697522.7272727273
33059,,76.5843734741211,,,,,,697545.4545454546
33067,0.4024912714958191,,,,,,,697727.2727272727
33068,,76.7245864868164,,,,,,697750.0
33077,0.40300318598747253,,,,,,,697954.5454545454
33078,,76.19245147705078,,,,,,697977.2727272727
33082,,,0.8254520893096924,0.8270835280418396,-0.044770125299692154,0.5316599607467651,74.65210723876953,698020.4081632653
33096,0.4035293757915497,,,,,,,698306.1224489796
33097,,77.61982727050781,,,,,,698326.5306122449
33106,0.4039883613586426,,,,,,,698510.2040816327
33107,,70.90003967285156,,,,,,698530.612244898
33119,0.4044780135154724,,,,,,,698775.5102040817
33120,,73.96385192871094,,,,,,698795.918367347
33128,0.4050522744655609,,,,,,,698959.1836734693
33129,,82.42716979980469,,,,,,698979.5918367347
33134,,,0.829440712928772,0.8362600207328796,-0.11332421004772186,0.66983962059021,79.18701934814453,699037.0370370371
33138,,,0.8215115666389465,0.8216792941093445,-0.285724937915802,0.6399890780448914,75.54729461669922,699111.1111111111
33145,0.40556326508522034,,,,,,,699240.7407407408
33146,,76.09806823730469,,,,,,699259.2592592592
33158,0.40597134828567505,,,,,,,699481.4814814815
33159,,65.80960083007812,,,,,,699500.0
33170,0.40653303265571594,,,,,,,699703.7037037037
33171,,81.16881561279297,,,,,,699722.2222222222
33184,0.4069643020629883,,,,,,,699962.9629629629
33185,,68.12565612792969,,,,,,699981.4814814815
33191,,,0.8156457543373108,0.8174089193344116,-0.23673543334007263,0.6402863264083862,65.32255554199219,700071.4285714285
33203,0.40742671489715576,,,,,,,700357.1428571428
33204,,71.24007415771484,,,,,,700380.9523809524
33212,0.4078977108001709,,,,,,,700571.4285714285
33213,,72.10002899169922,,,,,,700595.2380952381
33219,0.40846148133277893,,,,,,,700738.0952380953
33220,,81.37609100341797,,,,,,700761.9047619047
33228,0.40889719128608704,,,,,,,700952.380952381
33229,,68.57083129882812,,,,,,700976.1904761905
33236,,,0.8102660775184631,0.8147335052490234,-0.4051257073879242,0.8600359559059143,64.70201873779297,701090.9090909091
33246,0.4093458950519562,,,,,,,701318.1818181818
33247,,69.8707504272461,,,,,,701340.9090909091
33253,0.4097900390625,,,,,,,701477.2727272727
33254,,69.41364288330078,,,,,,701500.0
33264,0.4103427529335022,,,,,,,701727.2727272727
33265,,80.27108001708984,,,,,,701750.0
33274,0.41091829538345337,,,,,,,701954.5454545454
33275,,82.55431365966797,,,,,,701977.2727272727
33281,,,0.8097051382064819,0.8109760880470276,-0.17529310286045074,0.4319061040878296,53.08861541748047,702058.8235294118
33294,0.41139450669288635,,,,,,,702313.725490196
33295,,72.62158966064453,,,,,,702333.3333333334
33305,0.41190826892852783,,,,,,,702529.4117647059
33306,,76.37480163574219,,,,,,702549.0196078431
33314,0.4124843180179596,,,,,,,702705.8823529412
33315,,82.60509490966797,,,,,,702725.4901960784
33327,0.4129742383956909,,,,,,,702960.7843137255
33328,,73.99158477783203,,,,,,702980.3921568628
33333,,,0.811242938041687,0.8112680315971375,-0.23140396177768707,0.6010604500770569,70.09037017822266,703040.8163265307
33341,0.41344913840293884,,,,,,,703204.081632653
33342,,72.49036407470703,,,,,,703224.4897959183
33350,0.4140651226043701,,,,,,,703387.7551020408
33351,,86.59823608398438,,,,,,703408.1632653062
33362,0.4145554304122925,,,,,,,703632.6530612245
33363,,74.03130340576172,,,,,,703653.0612244898
33378,0.41504812240600586,,,,,,,703959.1836734693
33379,,74.26931762695312,,,,,,703979.5918367347
33384,,,0.8150051832199097,0.8169366717338562,-0.13396041095256805,0.4920012950897217,70.7025146484375,704040.8163265307
33388,,,0.811643660068512,0.8143301010131836,-0.321780800819397,0.7598774433135986,76.58345031738281,704122.4489795918
33402,0.4156051278114319,,,,,,,704408.1632653062
33403,,80.70147705078125,,,,,,704428.5714285715
33413,0.4160573482513428,,,,,,,704632.6530612245
33414,,70.22283172607422,,,,,,704653.0612244898
33421,0.41651034355163574,,,,,,,704795.918367347
33422,,70.29962921142578,,,,,,704816.3265306122
33429,0.4170425534248352,,,,,,,704959.1836734693
33430,,78.2207260131836,,,,,,704979.5918367347
33437,,,0.8326891660690308,0.8369991779327393,-0.39577606320381165,0.8242960572242737,85.8363265991211,705085.1063829787
33446,0.4176240861415863,,,,,,,705276.5957446808
33447,,83.15263366699219,,,,,,705297.8723404255
33455,0.4181215763092041,,,,,,,705468.085106383
33456,,74.74958038330078,,,,,,705489.3617021276
33464,0.4187279939651489,,,,,,,705659.5744680851
33465,,85.640625,,,,,,705680.8510638297
33478,0.41917097568511963,,,,,,,705957.4468085107
33479,,69.29766082763672,,,,,,705978.7234042553
33487,,,0.82838374376297,0.8290128111839294,-0.23357410728931427,0.9307478070259094,78.58720397949219,706116.2790697674
33496,0.4196316599845886,,,,,,,706325.5813953489
33497,,71.06871032714844,,,,,,706348.8372093023
33505,0.42014360427856445,,,,,,,706534.8837209302
33506,,76.19308471679688,,,,,,706558.1395348837
33515,0.42055025696754456,,,,,,,706767.4418604651
33516,,65.66670989990234,,,,,,706790.6976744186
33523,0.4210306406021118,,,,,,,706953.4883720931
33524,,73.03840637207031,,,,,,706976.7441860465
33529,,,0.8299368023872375,0.8308533430099487,-0.1720520257949829,0.5181589126586914,83.12890625,707043.4782608695
33542,0.42161646485328674,,,,,,,707326.0869565217
33543,,83.581298828125,,,,,,707347.8260869565
33552,0.4221206605434418,,,,,,,707543.4782608695
33553,,75.4188003540039,,,,,,707565.2173913043
33561,0.4226524233818054,,,,,,,707739.1304347826
33562,,78.17635345458984,,,,,,707760.8695652174
33571,0.423148512840271,,,,,,,707956.5217391305
33572,,74.6076431274414,,,,,,707978.2608695652
33580,,,0.8291081786155701,0.8310015201568604,-0.18041323125362396,0.5219521522521973,73.31565856933594,708119.0476190476
33585,0.42361533641815186,,,,,,,708238.0952380953
33586,,71.6824722290039,,,,,,708261.9047619047
33594,0.4240116477012634,,,,,,,708452.380952381
33595,,64.63204193115234,,,,,,708476.1904761905
33603,0.4244941174983978,,,,,,,708666.6666666666
33604,,73.24699401855469,,,,,,708690.4761904762
33615,0.42499735951423645,,,,,,,708952.380952381
33616,,75.3243637084961,,,,,,708976.1904761905
33621,,,0.8112618327140808,0.811779797077179,-0.06299981474876404,0.5905154943466187,72.41095733642578,709041.6666666666
33623,,,0.8121774196624756,0.8130354285240173,-0.12339912354946136,0.5323628783226013,72.87975311279297,709083.3333333334
33636,0.42544984817504883,,,,,,,709354.1666666666
33637,,70.24890899658203,,,,,,709375.0
33647,0.42602846026420593,,,,,,,709583.3333333334
33648,,82.86045837402344,,,,,,709604.1666666666
33656,0.4265703856945038,,,,,,,709770.8333333334
33657,,79.19354248046875,,,,,,709791.6666666666
33665,0.4270998537540436,,,,,,,709958.3333333334
33666,,77.94580841064453,,,,,,709979.1666666666
33671,,,0.8268956542015076,0.8289282917976379,-0.22931340336799622,0.9196831583976746,72.59178924560547,710057.1428571428
33679,0.42757099866867065,,,,,,,710285.7142857143
33680,,72.1154556274414,,,,,,710314.2857142857
33687,0.4280232787132263,,,,,,,710514.2857142857
33688,,70.2288589477539,,,,,,710542.8571428572
33694,0.42851176857948303,,,,,,,710714.2857142857
33695,,73.84784698486328,,,,,,710742.8571428572
33702,0.42893245816230774,,,,,,,710942.8571428572
33703,,67.0689926147461,,,,,,710971.4285714285
33709,,,0.8212408423423767,0.8244825601577759,-0.19602271914482117,0.6694995760917664,76.10482788085938,711065.2173913043
33718,0.4293922185897827,,,,,,,711260.8695652174
33719,,70.97527313232422,,,,,,711282.6086956522
33729,0.4299214780330658,,,,,,,711500.0
33730,,77.92540740966797,,,,,,711521.7391304348
33741,0.4304790198802948,,,,,,,711760.8695652174
33742,,80.7538833618164,,,,,,711782.6086956522
33750,0.43102675676345825,,,,,,,711956.5217391305
33751,,79.77310180664062,,,,,,711978.2608695652
33758,,,0.814709484577179,0.8172842860221863,-0.13098584115505219,0.49443724751472473,63.942142486572266,712095.2380952381
33768,0.4315234124660492,,,,,,,712333.3333333334
33769,,74.66435241699219,,,,,,712357.1428571428
33776,0.43205711245536804,,,,,,,712523.8095238095
33777,,78.37006378173828,,,,,,712547.619047619
33785,0.43240249156951904,,,,,,,712738.0952380953
33786,,59.537681579589844,,,,,,712761.9047619047
33794,0.4329119920730591,,,,,,,712952.380952381
33795,,75.94974517822266,,,,,,712976.1904761905
33801,,,0.8060294389724731,0.808964729309082,-0.19067466259002686,0.4954322278499603,64.48241424560547,713060.0
33811,0.43340611457824707,,,,,,,713260.0
33812,,74.41312408447266,,,,,,713280.0
33820,0.43389180302619934,,,,,,,713440.0
33821,,73.56956481933594,,,,,,713460.0
33835,0.434326171875,,,,,,,713740.0
33836,,68.43647003173828,,,,,,713760.0
33846,0.4348078966140747,,,,,,,713960.0
33847,,73.17182159423828,,,,,,713980.0
33851,,,0.8334368467330933,0.8338432312011719,-0.5238750576972961,1.0454070568084717,70.71798706054688,714022.2222222222
33854,,,0.8107849359512329,0.8163076043128967,-0.3203491270542145,0.7562862634658813,75.69002532958984,714088.8888888889
33862,0.4352559447288513,,,,,,,714266.6666666666
33863,,69.80390930175781,,,,,,714288.8888888889
33872,0.43571144342422485,,,,,,,714488.8888888889
33873,,70.55107879638672,,,,,,714511.1111111111
33880,0.43610116839408875,,,,,,,714666.6666666666
33881,,63.972042083740234,,,,,,714688.8888888889
33893,0.4365977346897125,,,,,,,714955.5555555555
33894,,74.65608978271484,,,,,,714977.7777777778
33902,,,0.8293513059616089,0.8325244784355164,-0.3163382411003113,0.731687068939209,71.34674072265625,715090.9090909091
33912,0.43713679909706116,,,,,,,715272.7272727273
33913,,78.90733337402344,,,,,,715290.9090909091
33921,0.43765518069267273,,,,,,,715436.3636363636
33922,,76.83781433105469,,,,,,715454.5454545454
33937,0.4381273686885834,,,,,,,715727.2727272727
33938,,72.22006225585938,,,,,,715745.4545454546
33950,0.4387252628803253,,,,,,,715963.6363636364
33951,,84.78856658935547,,,,,,715981.8181818182
33956,,,0.8137226700782776,0.8138139247894287,-0.21129019558429718,0.7235174179077148,78.72003173828125,716047.619047619
33963,0.4391927123069763,,,,,,,716214.2857142857
33964,,71.74397277832031,,,,,,716238.0952380953
33971,0.43961623311042786,,,,,,,716404.7619047619
33972,,67.35064697265625,,,,,,716428.5714285715
33983,0.44006243348121643,,,,,,,716690.4761904762
33984,,69.62032318115234,,,,,,716714.2857142857
33994,0.44056347012519836,,,,,,,716952.380952381
33995,,75.10328674316406,,,,,,716976.1904761905
34000,,,0.8120880722999573,0.8135326504707336,-0.1560523808002472,0.4618091285228729,75.73655700683594,717050.0
34009,0.4410402774810791,,,,,,,717275.0
34010,,72.68220520019531,,,,,,717300.0
34017,0.44156113266944885,,,,,,,717475.0
34018,,77.0860595703125,,,,,,717500.0
34026,0.44210177659988403,,,,,,,717700.0
34027,,79.0637435913086,,,,,,717725.0
34036,0.4425369203090668,,,,,,,717950.0
34037,,68.51325988769531,,,,,,717975.0
34043,,,0.8110141158103943,0.8124947547912598,-0.16351550817489624,0.6725983023643494,76.70323944091797,718066.6666666666
34053,0.44293496012687683,,,,,,,718288.8888888889
34054,,64.80301666259766,,,,,,718311.1111111111
34059,0.44334888458251953,,,,,,,718422.2222222222
34060,,66.39102172851562,,,,,,718444.4444444445
34073,0.44372692704200745,,,,,,,718733.3333333334
34074,,62.803070068359375,,,,,,718755.5555555555
34083,0.44428181648254395,,,,,,,718955.5555555555
34084,,80.48784637451172,,,,,,718977.7777777778
34089,,,0.8180099129676819,0.8195102214813232,-0.214511439204216,0.619907796382904,66.38159942626953,719040.8163265307
34095,,,0.8118759393692017,0.816788911819458,-0.19898973405361176,0.42495864629745483,72.89820098876953,719163.2653061225
34103,0.4447981119155884,,,,,,,719326.5306122449
34104,,76.62926483154297,,,,,,719346.9387755102
34118,0.4452979564666748,,,,,,,719632.6530612245
34119,,74.9830322265625,,,,,,719653.0612244898
34125,0.44571343064308167,,,,,,,719775.5102040817
34126,,66.54784393310547,,,,,,719795.918367347
34134,0.4461416006088257,,,,,,,719959.1836734693
34135,,67.81687927246094,,,,,,719979.5918367347
34140,,,0.8144570589065552,0.8148885369300842,-0.1863574981689453,0.6359720826148987,73.62732696533203,720042.5531914893
34152,0.4466875493526459,,,,,,,720297.8723404255
34153,,79.59414672851562,,,,,,720319.1489361703
34161,0.4472532868385315,,,,,,,720489.3617021276
34162,,81.57431030273438,,,,,,720510.6382978724
34172,0.44772690534591675,,,,,,,720723.4042553192
34173,,72.36181640625,,,,,,720744.6808510638
34183,0.44821521639823914,,,,,,,720957.4468085107
34184,,73.82994842529297,,,,,,720978.7234042553
34192,,,0.8223363161087036,0.8254179358482361,-0.2009626179933548,0.6318471431732178,66.42658233642578,721119.0476190476
34201,0.4486900568008423,,,,,,,721333.3333333334
34202,,72.48260498046875,,,,,,721357.1428571428
34211,0.4491829574108124,,,,,,,721571.4285714285
34212,,74.2894515991211,,,,,,721595.2380952381
34219,0.4496234953403473,,,,,,,721761.9047619047
34220,,69.05429077148438,,,,,,721785.7142857143
34227,0.45004066824913025,,,,,,,721952.380952381
34228,,66.71704864501953,,,,,,721976.1904761905
34233,,,0.8257194757461548,0.8270901441574097,-0.26191192865371704,0.6739075183868408,72.71300506591797,722042.5531914893
34244,0.45061907172203064,,,,,,,722276.5957446808
34245,,82.84026336669922,,,,,,722297.8723404255
34251,0.4511812925338745,,,,,,,722425.5319148937
34252,,81.22174072265625,,,,,,722446.8085106383
34265,0.4517008066177368,,,,,,,722723.4042553192
34266,,76.95199584960938,,,,,,722744.6808510638
34276,0.4522642493247986,,,,,,,722957.4468085107
34277,,81.34456634521484,,,,,,722978.7234042553
34282,,,0.8248680830001831,0.8255438208580017,-0.33816877007484436,0.8706413507461548,70.17276763916016,723045.4545454546
34292,0.45278534293174744,,,,,,,723272.7272727273
34293,,77.11031341552734,,,,,,723295.4545454546
34302,0.45327627658843994,,,,,,,723500.0
34303,,74.0925064086914,,,,,,723522.7272727273
34312,0.45381131768226624,,,,,,,723727.2727272727
34313,,78.50283813476562,,,,,,723750.0
34322,0.45420897006988525,,,,,,,723954.5454545454
34323,,64.76376342773438,,,,,,723977.2727272727
34327,,,0.8136540651321411,0.8142512440681458,-0.1124328002333641,0.5400600433349609,70.35344696044922,724017.8571428572
34329,,,0.8076891899108887,0.8090417385101318,-0.25365081429481506,0.5994667410850525,69.84465026855469,724053.5714285715
34344,0.4546460807323456,,,,,,,724321.4285714285
34345,,68.71070098876953,,,,,,724339.2857142857
34354,0.45510566234588623,,,,,,,724500.0
34355,,70.95750427246094,,,,,,724517.8571428572
34364,0.45552897453308105,,,,,,,724678.5714285715
34365,,67.33030700683594,,,,,,724696.4285714285
34380,0.4560340642929077,,,,,,,724964.2857142857
34381,,75.51004791259766,,,,,,724982.1428571428
34388,,,0.817246675491333,0.8207411766052246,-0.1807394027709961,0.6115927696228027,73.96945190429688,725088.8888888889
34400,0.4565232992172241,,,,,,,725355.5555555555
34401,,73.9235610961914,,,,,,725377.7777777778
34412,0.4570831060409546,,,,,,,725622.2222222222
34413,,80.9804458618164,,,,,,725644.4444444445
34420,0.45759081840515137,,,,,,,725800.0
34421,,75.77128601074219,,,,,,725822.2222222222
34427,0.45806804299354553,,,,,,,725955.5555555555
34428,,72.72362518310547,,,,,,725977.7777777778
34432,,,0.8205000162124634,0.8222472071647644,-0.11318600922822952,0.4041494131088257,77.09536743164062,726022.2222222222
34445,0.45849934220314026,,,,,,,726311.1111111111
34446,,68.130126953125,,,,,,726333.3333333334
34455,0.45897626876831055,,,,,,,726533.3333333334
34456,,72.69246673583984,,,,,,726555.5555555555
34463,0.4594627022743225,,,,,,,726711.1111111111
34464,,73.64372253417969,,,,,,726733.3333333334
34474,0.45988065004348755,,,,,,,726955.5555555555
34475,,66.79464721679688,,,,,,726977.7777777778
34483,,,0.8092941045761108,0.8123421669006348,-0.20155277848243713,0.6039557456970215,69.76683807373047,727111.1111111111
34495,0.4604143798351288,,,,,,,727377.7777777778
34496,,78.3717269897461,,,,,,727400.0
34505,0.4608571231365204,,,,,,,727600.0
34506,,69.27352905273438,,,,,,727622.2222222222
34511,0.46132251620292664,,,,,,,727733.3333333334
34512,,71.54014587402344,,,,,,727755.5555555555
34521,0.4618399739265442,,,,,,,727955.5555555555
34522,,76.74620819091797,,,,,,727977.7777777778
34527,,,0.8161924481391907,0.8173536658287048,-0.20035420358181,0.7103723883628845,69.87859344482422,728051.282051282
34538,0.4623306691646576,,,,,,,728333.3333333334
34539,,74.07080841064453,,,,,,728358.9743589744
34545,0.46282729506492615,,,,,,,728512.8205128205
34546,,74.66402435302734,,,,,,728538.4615384615
34553,0.4633551836013794,,,,,,,728717.9487179487
34554,,77.78753662109375,,,,,,728743.5897435897
34562,0.4637949764728546,,,,,,,728948.717948718
34563,,68.97969055175781,,,,,,728974.358974359
34568,,,0.8014543056488037,0.8018739223480225,-0.06973040103912354,0.3116310238838196,64.17971801757812,729047.619047619
34571,,,0.8067381381988525,0.8083246946334839,-0.2389015257358551,0.528102457523346,70.86461639404297,729119.0476190476
34580,0.4642176330089569,,,,,,,729333.3333333334
34581,,67.26639556884766,,,,,,729357.1428571428
34588,0.4648014008998871,,,,,,,729523.8095238095
34589,,83.37730407714844,,,,,,729547.619047619
34596,0.4652775824069977,,,,,,,729714.2857142857
34597,,72.61686706542969,,,,,,729738.0952380953
34606,0.46567946672439575,,,,,,,729952.380952381
34607,,65.18705749511719,,,,,,729976.1904761905
34615,,,0.8198936581611633,0.8217156529426575,-0.061998456716537476,0.7843278050422668,78.83956146240234,730104.1666666666
34626,0.4661253094673157,,,,,,,730333.3333333334
34627,,69.58311462402344,,,,,,730354.1666666666
34640,0.46661266684532166,,,,,,,730625.0
34641,,73.73670196533203,,,,,,730645.8333333334
34647,0.4670041799545288,,,,,,,730770.8333333334
34648,,64.15202331542969,,,,,,730791.6666666666
34656,0.4674816429615021,,,,,,,730958.3333333334
34657,,72.74549865722656,,,,,,730979.1666666666
34664,,,0.8329262733459473,0.8358060121536255,-0.3915737271308899,0.8200515508651733,65.47340393066406,731097.5609756098
34675,0.46797770261764526,,,,,,,731365.8536585366
34676,,74.6056900024414,,,,,,731390.243902439
34682,0.46841728687286377,,,,,,,731536.5853658536
34683,,68.95916748046875,,,,,,731560.9756097561
34692,0.46886709332466125,,,,,,,731780.487804878
34693,,69.9808578491211,,,,,,731804.8780487805
34699,0.469299852848053,,,,,,,731951.2195121951
34700,,68.27692413330078,,,,,,731975.6097560975
34706,,,0.8036623001098633,0.8060372471809387,-0.1437404751777649,0.49438005685806274,72.15750122070312,732063.8297872341
34715,0.4697892963886261,,,,,,,732255.3191489362
34716,,73.94557189941406,,,,,,732276.5957446808
34727,0.4702421724796295,,,,,,,732510.6382978724
34728,,70.28832244873047,,,,,,732531.914893617
34735,0.47067752480506897,,,,,,,732680.8510638297
34736,,68.53408813476562,,,,,,732702.1276595745
34748,0.47113290429115295,,,,,,,732957.4468085107
34749,,70.53752899169922,,,,,,732978.7234042553
34754,,,0.8295358419418335,0.8299674987792969,-0.28096461296081543,0.5881462097167969,77.91991424560547,733040.8163265307
34762,0.4714754819869995,,,,,,,733204.081632653
34763,,59.25739288330078,,,,,,733224.4897959183
34775,0.47192466259002686,,,,,,,733469.387755102
34776,,69.91677856445312,,,,,,733489.7959183673
34786,0.47231003642082214,,,,,,,733693.8775510204
34787,,63.5359001159668,,,,,,733714.2857142857
34799,0.47287502884864807,,,,,,,733959.1836734693
34800,,81.50041961669922,,,,,,733979.5918367347
34805,,,0.8166104555130005,0.818195104598999,-0.21710656583309174,0.6436291933059692,69.11788940429688,734040.8163265307
34807,,,0.809395432472229,0.8095219135284424,-0.33636853098869324,0.613779604434967,74.48299407958984,734081.6326530612
34816,0.47336700558662415,,,,,,,734265.306122449
34817,,74.19761657714844,,,,,,734285.7142857143
34828,0.47379568219184875,,,,,,,734510.2040816327
34829,,67.86784362792969,,,,,,734530.612244898
34842,0.47429099678993225,,,,,,,734795.918367347
34843,,74.53140258789062,,,,,,734816.3265306122
34850,0.4747832715511322,,,,,,,734959.1836734693
34851,,74.22671508789062,,,,,,734979.5918367347
34857,,,0.80754554271698,0.8119348883628845,-0.1189776211977005,0.6428887248039246,79.48345184326172,735055.5555555555
34869,0.4752098619937897,,,,,,,735277.7777777778
34870,,67.65875244140625,,,,,,735296.2962962963
34879,0.4755285978317261,,,,,,,735462.9629629629
34880,,56.87356185913086,,,,,,735481.4814814815
34890,0.4760691523551941,,,,,,,735666.6666666666
34891,,79.05528259277344,,,,,,735685.1851851852
34906,0.47660988569259644,,,,,,,735962.9629629629
34907,,79.07239532470703,,,,,,735981.4814814815
34912,,,0.8052178025245667,0.8091422319412231,-0.2646632492542267,0.4518153667449951,66.76231384277344,736047.619047619
34924,0.4770857095718384,,,,,,,736333.3333333334
34925,,72.58258056640625,,,,,,736357.1428571428
34929,0.47752487659454346,,,,,,,736452.380952381
34930,,68.91666412353516,,,,,,736476.1904761905
34936,0.4780229926109314,,,,,,,736619.0476190476
34937,,74.81106567382812,,,,,,736642.8571428572
34950,0.4784782826900482,,,,,,,736952.380952381
34951,,70.52875518798828,,,,,,736976.1904761905
34958,,,0.8233522772789001,0.823786199092865,-0.22118470072746277,0.5818741917610168,74.68729400634766,737085.1063829787
34966,0.47890910506248474,,,,,,,737255.3191489362
34967,,68.08229064941406,,,,,,737276.5957446808
34973,0.4794067144393921,,,,,,,737404.2553191489
34974,,74.76094818115234,,,,,,737425.5319148937
34988,0.4797978103160858,,,,,,,737723.4042553192
34989,,64.10929870605469,,,,,,737744.6808510638
34999,0.48030635714530945,,,,,,,737957.4468085107
35000,,75.85415649414062,,,,,,737978.7234042553
35007,,,0.801423966884613,0.803040087223053,-0.17559990286827087,0.5647120475769043,66.46722412109375,738074.074074074
35025,0.4807073175907135,,,,,,,738407.4074074074
35026,,65.09748077392578,,,,,,738425.925925926
35036,0.48113691806793213,,,,,,,738611.1111111111
35037,,67.95985412597656,,,,,,738629.6296296297
35046,0.48156917095184326,,,,,,,738796.2962962963
35047,,68.22522735595703,,,,,,738814.8148148148
35055,0.48203045129776,,,,,,,738962.9629629629
35056,,71.12911987304688,,,,,,738981.4814814815
35061,,,0.8131766319274902,0.8160398602485657,-0.37942177057266235,0.6315281391143799,67.15734100341797,739048.7804878049
35064,,,0.8010924458503723,0.8039703369140625,-0.17120510339736938,0.41630271077156067,63.433658599853516,739121.9512195121
35072,0.4825468063354492,,,,,,,739317.0731707317
35073,,76.63623809814453,,,,,,739341.4634146341
35081,0.4829583168029785,,,,,,,739536.5853658536
35082,,66.15069580078125,,,,,,739560.9756097561
35090,0.4834499955177307,,,,,,,739756.0975609756
35091,,74.16741943359375,,,,,,739780.487804878
35098,0.48395371437072754,,,,,,,739951.2195121951
35099,,75.37041473388672,,,,,,739975.6097560975
35104,,,0.8147555589675903,0.8150090575218201,-0.1651788055896759,0.40887901186943054,70.2606201171875,740045.4545454546
35113,0.48448917269706726,,,,,,,740250.0
35114,,78.54600524902344,,,,,,740272.7272727273
35122,0.48497363924980164,,,,,,,740454.5454545454
35123,,73.44566345214844,,,,,,740477.2727272727
35135,0.4854280650615692,,,,,,,740750.0
35136,,70.44261932373047,,,,,,740772.7272727273
35144,0.4858911633491516,,,,,,,740954.5454545454
35145,,71.30963897705078,,,,,,740977.2727272727
35152,,,0.8204637765884399,0.8261204361915588,-0.1171872541308403,0.6138277649879456,77.65538787841797,741088.8888888889
35161,0.48631250858306885,,,,,,,741288.8888888889
35162,,67.13394165039062,,,,,,741311.1111111111
35172,0.4868175983428955,,,,,,,741533.3333333334
35173,,75.50760650634766,,,,,,741555.5555555555
35181,0.4874098598957062,,,,,,,741733.3333333334
35182,,84.22543334960938,,,,,,741755.5555555555
35191,0.48786020278930664,,,,,,,741955.5555555555
35192,,70.03507995605469,,,,,,741977.7777777778
35198,,,0.7983673810958862,0.800491988658905,-0.1046556755900383,0.4281260073184967,70.39521789550781,742058.8235294118
35206,0.48831260204315186,,,,,,,742215.6862745098
35207,,70.23958587646484,,,,,,742235.2941176471
35218,0.48868080973625183,,,,,,,742450.9803921569
35219,,61.81938171386719,,,,,,742470.5882352941
35232,0.4891642928123474,,,,,,,742725.4901960784
35233,,73.34886932373047,,,,,,742745.0980392157
35244,0.4896439015865326,,,,,,,742960.7843137255
35245,,72.960205078125,,,,,,742980.3921568628
35251,,,0.8177632093429565,0.8205476403236389,-0.23178522288799286,0.630405068397522,77.2966537475586,743068.1818181818
35265,0.4901084303855896,,,,,,,743386.3636363636
35266,,71.45285034179688,,,,,,743409.0909090909
35276,0.4905586242675781,,,,,,,743636.3636363636
35277,,70.01995849609375,,,,,,743659.0909090909
35284,0.49098894000053406,,,,,,,743818.1818181818
35285,,68.03157043457031,,,,,,743840.9090909091
35290,0.49151480197906494,,,,,,,743954.5454545454
35291,,77.5853042602539,,,,,,743977.2727272727
35295,,,0.8027974367141724,0.8052113056182861,-0.0960640087723732,0.34638386964797974,65.06319427490234,744023.2558139535
35299,,,0.806665301322937,0.8068636655807495,-0.05422082543373108,0.5594816207885742,82.04588317871094,744116.2790697674
35307,0.4920082092285156,,,,,,,744302.3255813953
35308,,74.3404769897461,,,,,,744325.5813953489
35312,0.4925000071525574,,,,,,,744418.6046511628
35313,,74.1788101196289,,,,,,744441.8604651163
35323,0.4928605556488037,,,,,,,744674.4186046511
35324,,61.054534912109375,,,,,,744697.6744186047
35335,0.49332356452941895,,,,,,,744953.4883720931
35336,,71.30120849609375,,,,,,744976.7441860465
35345,,,0.8144903779029846,0.8165975213050842,-0.17310845851898193,0.412482887506485,60.918785095214844,745111.1111111111
35360,0.49377965927124023,,,,,,,745388.8888888889
35361,,70.60883331298828,,,,,,745407.4074074074
35371,0.49422433972358704,,,,,,,745592.5925925926
35372,,69.46763610839844,,,,,,745611.1111111111
35378,0.49471229314804077,,,,,,,745722.2222222222
35379,,73.79486846923828,,,,,,745740.7407407408
35391,0.49508795142173767,,,,,,,745962.9629629629
35392,,62.56718826293945,,,,,,745981.4814814815
35396,,,0.79595947265625,0.7998512983322144,-0.10353101789951324,0.35858625173568726,79.07573699951172,746021.7391304348
35409,0.4955802857875824,,,,,,,746304.3478260869
35410,,74.23274993896484,,,,,,746326.0869565217
35420,0.496013343334198,,,,,,,746543.4782608695
35421,,68.30555725097656,,,,,,746565.2173913043
35428,0.4963999092578888,,,,,,,746717.3913043478
35429,,63.656227111816406,,,,,,746739.1304347826
35439,0.49682050943374634,,,,,,,746956.5217391305
35440,,67.05982971191406,,,,,,746978.2608695652
35445,,,0.8072373270988464,0.8075946569442749,-0.29376348853111267,0.5530363917350769,65.52130126953125,747048.7804878049
35452,0.49717986583709717,,,,,,,747219.512195122
35453,,60.935279846191406,,,,,,747243.9024390244
35460,0.49763819575309753,,,,,,,747414.6341463415
35461,,70.833984375,,,,,,747439.0243902439
35471,0.4981269836425781,,,,,,,747682.9268292683
35472,,73.87771606445312,,,,,,747707.3170731707
35482,0.49859198927879333,,,,,,,747951.2195121951
35483,,71.500732421875,,,,,,747975.6097560975
35488,,,0.8033718466758728,0.8061525225639343,-0.12691424787044525,0.5713037252426147,66.22532653808594,748042.5531914893
35501,0.49899351596832275,,,,,,,748319.1489361703
35502,,65.15208435058594,,,,,,748340.4255319149
35514,0.49943065643310547,,,,,,,748595.7446808511
35515,,68.71434783935547,,,,,,748617.0212765958
35522,0.4999757409095764,,,,,,,748765.9574468085
35523,,79.50721740722656,,,,,,748787.2340425532
35531,0.5003261566162109,,,,,,,748957.4468085107
35532,,60.04336166381836,,,,,,748978.7234042553
35539,,,0.8025916814804077,0.8057507276535034,-0.08742203563451767,0.4297923743724823,74.39334869384766,749095.2380952381
35543,,,0.7994284629821777,0.799791693687439,-0.2503778338432312,0.5815102458000183,65.74320220947266,749190.4761904762
35551,0.5007785558700562,,,,,,,749380.9523809524
35552,,70.24220275878906,,,,,,749404.7619047619
35559,0.5013282895088196,,,,,,,749571.4285714285
35560,,79.97039794921875,,,,,,749595.2380952381
35567,0.5017877221107483,,,,,,,749761.9047619047
35568,,70.94195556640625,,,,,,749785.7142857143
35575,0.5023614168167114,,,,,,,749952.380952381
35576,,82.3674087524414,,,,,,749976.1904761905
35582,,,0.8163760900497437,0.818042516708374,-0.18700973689556122,0.4895593225955963,64.3648910522461,750069.7674418605
35590,0.5027734041213989,,,,,,,750255.8139534884
35591,,66.19957733154297,,,,,,750279.0697674418
35601,0.5032970905303955,,,,,,,750511.6279069767
35602,,77.37065887451172,,,,,,750534.8837209302
35608,0.5036814212799072,,,,,,,750674.4186046511
35609,,63.433650970458984,,,,,,750697.6744186047
35620,0.5041823387145996,,,,,,,750953.4883720931
35621,,75.0943374633789,,,,,,750976.7441860465
35630,,,0.811346709728241,0.8137064576148987,-0.09930864721536636,0.4332562983036041,68.41484832763672,751136.3636363636
35638,0.5046207904815674,,,,,,,751318.1818181818
35639,,68.84647369384766,,,,,,751340.9090909091
35648,0.5051707625389099,,,,,,,751545.4545454546
35649,,79.9967041015625,,,,,,751568.1818181818
35657,0.5055378079414368,,,,,,,751750.0
35658,,61.705780029296875,,,,,,751772.7272727273
35666,0.5060973763465881,,,,,,,751954.5454545454
35667,,80.95841979980469,,,,,,751977.2727272727
35671,,,0.8156465291976929,0.8181158900260925,-0.08740361779928207,0.5406064987182617,69.45759582519531,752020.8333333334
35685,0.5065761208534241,,,,,,,752312.5
35686,,72.87184143066406,,,,,,752333.3333333334
35694,0.5069502592086792,,,,,,,752500.0
35695,,62.414825439453125,,,,,,752520.8333333334
35704,0.5073652863502502,,,,,,,752708.3333333334
35705,,66.50257110595703,,,,,,752729.1666666666
35716,0.5077943205833435,,,,,,,752958.3333333334
35717,,67.90609741210938,,,,,,752979.1666666666
35721,,,0.8128654360771179,0.8141157627105713,-0.10660284012556076,0.3999679684638977,65.76753234863281,753023.8095238095
35732,0.5082499980926514,,,,,,,753285.7142857143
35733,,70.56480407714844,,,,,,753309.5238095238
35742,0.5086449384689331,,,,,,,753523.8095238095
35743,,64.49690246582031,,,,,,753547.619047619
35749,0.5090992450714111,,,,,,,753690.4761904762
35750,,70.43122863769531,,,,,,753714.2857142857
35760,0.5096405148506165,,,,,,,753952.380952381
35761,,79.12448120117188,,,,,,753976.1904761905
35765,,,0.8091452717781067,0.8128301501274109,-0.051194556057453156,0.5858544707298279,73.95159912109375,754019.6078431372
35768,,,0.8093515038490295,0.809965193271637,-0.3338383734226227,0.6836732029914856,77.02604675292969,754078.431372549
35781,0.5099928975105286,,,,,,,754333.3333333334
35782,,60.235721588134766,,,,,,754352.9411764706
35792,0.5104762315750122,,,,,,,754549.0196078431
35793,,73.33243560791016,,,,,,754568.6274509804
35804,0.5108888745307922,,,,,,,754784.3137254902
35805,,66.26582336425781,,,,,,754803.9215686275
35813,0.5114211440086365,,,,,,,754960.7843137255
35814,,78.22795867919922,,,,,,754980.3921568628
35819,,,0.8143429756164551,0.8167062997817993,-0.12809881567955017,0.3923398554325104,72.43338775634766,755048.7804878049
35828,0.5118623375892639,,,,,,,755268.2926829269
35829,,69.11946868896484,,,,,,755292.6829268293
35836,0.5123801827430725,,,,,,,755463.4146341464
35837,,76.78366088867188,,,,,,755487.8048780488
35848,0.5129351019859314,,,,,,,755756.0975609756
35849,,80.48982238769531,,,,,,755780.487804878
35856,0.5134413838386536,,,,,,,755951.2195121951
35857,,75.63088989257812,,,,,,755975.6097560975
35864,,,0.8098577857017517,0.8115386962890625,-0.30336567759513855,0.7554978132247925,76.96106719970703,756093.023255814
35871,0.513926088809967,,,,,,,756255.8139534884
35872,,73.46900939941406,,,,,,756279.0697674418
35883,0.5142735242843628,,,,,,,756534.8837209302
35884,,59.74344253540039,,,,,,756558.1395348837
35891,0.5147383809089661,,,,,,,756720.9302325582
35892,,71.48712921142578,,,,,,756744.1860465116
35901,0.5151058435440063,,,,,,,756953.4883720931
35902,,61.7469367980957,,,,,,756976.7441860465
35907,,,0.8031442165374756,0.8033367395401001,-0.3243197500705719,0.6347982883453369,67.51764678955078,757048.7804878049
35919,0.5156140327453613,,,,,,,757341.4634146341
35920,,75.82086944580078,,,,,,757365.8536585366
35927,0.5160449743270874,,,,,,,757536.5853658536
35928,,68.09345245361328,,,,,,757560.9756097561
35933,0.5165594816207886,,,,,,,757682.9268292683
35934,,76.44927978515625,,,,,,757707.3170731707
35944,0.5170267820358276,,,,,,,757951.2195121951
35945,,71.73126983642578,,,,,,757975.6097560975
35949,,,0.8110123872756958,0.8167852759361267,-0.3382372558116913,0.6602063775062561,73.24349975585938,758022.7272727273
35962,0.5175663232803345,,,,,,,758318.1818181818
35963,,78.95271301269531,,,,,,758340.9090909091
35967,0.5179888606071472,,,,,,,758431.8181818182
35968,,67.25102233886719,,,,,,758454.5454545454
35979,0.518458902835846,,,,,,,758704.5454545454
35980,,72.00188446044922,,,,,,758727.2727272727
35990,0.5188546180725098,,,,,,,758954.5454545454
35991,,64.5730209350586,,,,,,758977.2727272727
35995,,,0.8013916015625,0.8046896457672119,-0.2684812843799591,0.6236435770988464,64.58318328857422,759027.7777777778
35997,,,0.7934333682060242,0.7953799962997437,-0.021562380716204643,0.4793463349342346,67.66649627685547,759083.3333333334
36004,0.519284725189209,,,,,,,759277.7777777778
36005,,68.01051330566406,,,,,,759305.5555555555
36013,0.5197597742080688,,,,,,,759527.7777777778
36014,,72.5019760131836,,,,,,759555.5555555555
36019,0.5202843546867371,,,,,,,759694.4444444445
36020,,77.45682525634766,,,,,,759722.2222222222
36028,0.5207651257514954,,,,,,,759944.4444444445
36029,,73.07566833496094,,,,,,759972.2222222222
36035,,,0.806970477104187,0.811948835849762,-0.12969288229942322,0.38485315442085266,74.21826171875,760069.7674418605
36042,0.5212684273719788,,,,,,,760232.5581395349
36043,,75.32868194580078,,,,,,760255.8139534884
36058,0.52179354429245,,,,,,,760604.6511627907
36059,,77.50892639160156,,,,,,760627.9069767442
36066,0.5221592783927917,,,,,,,760790.6976744186
36067,,61.570709228515625,,,,,,760813.9534883721
36073,0.5226053595542908,,,,,,,760953.4883720931
36074,,69.60551452636719,,,,,,760976.7441860465
36079,,,0.817892849445343,0.8196938037872314,-0.08525395393371582,0.47332724928855896,70.94278717041016,761037.7358490566
36094,0.5230312347412109,,,,,,,761320.7547169811
36095,,67.58976745605469,,,,,,761339.6226415094
36101,0.5235341191291809,,,,,,,761452.8301886793
36102,,75.28556823730469,,,,,,761471.6981132076
36112,0.5239049196243286,,,,,,,761660.3773584906
36113,,62.07836151123047,,,,,,761679.2452830189
36128,0.5244513750076294,,,,,,,761962.2641509434
36129,,79.64484405517578,,,,,,761981.1320754717
36135,,,0.8131886124610901,0.8170818090438843,-0.23769217729568481,0.4925498962402344,58.679046630859375,762063.8297872341
36146,0.5250616073608398,,,,,,,762297.8723404255
36147,,86.02550506591797,,,,,,762319.1489361703
36156,0.5255627632141113,,,,,,,762510.6382978724
36157,,75.11837768554688,,,,,,762531.914893617
36166,0.5259801149368286,,,,,,,762723.4042553192
36167,,66.73714447021484,,,,,,762744.6808510638
36177,0.5264756679534912,,,,,,,762957.4468085107
36178,,74.55406188964844,,,,,,762978.7234042553
36182,,,0.8261657357215881,0.8290984034538269,-0.19198323786258698,0.4116058051586151,69.68224334716797,763019.6078431372
36191,0.5268886089324951,,,,,,,763196.0784313725
36192,,66.29639434814453,,,,,,763215.6862745098
36200,0.5273486375808716,,,,,,,763372.5490196078
36201,,71.00053405761719,,,,,,763392.1568627451
36214,0.5278439521789551,,,,,,,763647.0588235294
36215,,74.53022766113281,,,,,,763666.6666666666
36230,0.5282490253448486,,,,,,,763960.7843137255
36231,,65.50926971435547,,,,,,763980.3921568628
36235,,,0.8054214715957642,0.8087310194969177,-0.20905038714408875,0.5898118019104004,80.05924224853516,764022.7272727273
36240,,,0.8074042201042175,0.8099014163017273,-0.09443922340869904,0.46411293745040894,67.7732162475586,764136.3636363636
36245,0.5287358164787292,,,,,,,764250.0
36246,,73.68073272705078,,,,,,764272.7272727273
36256,0.5292903184890747,,,,,,,764500.0
36257,,80.4483413696289,,,,,,764522.7272727273
36265,0.5298401713371277,,,,,,,764704.5454545454
36266,,79.98287200927734,,,,,,764727.2727272727
36276,0.5302081108093262,,,,,,,764954.5454545454
36277,,61.79276657104492,,,,,,764977.2727272727
36284,,,0.8023267984390259,0.805574357509613,-0.201777845621109,0.44575679302215576,60.06400680541992,765090.9090909091
36301,0.5306588411331177,,,,,,,765477.2727272727
36302,,70.0758285522461,,,,,,765500.0
36308,0.5311753153800964,,,,,,,765636.3636363636
36309,,76.6492919921875,,,,,,765659.0909090909
36316,0.5316112637519836,,,,,,,765818.1818181818
36317,,68.5945816040039,,,,,,765840.9090909091
36322,0.5321557521820068,,,,,,,765954.5454545454
36323,,79.45156860351562,,,,,,765977.2727272727
36332,,,0.8077555894851685,0.8098040819168091,-0.3138481676578522,0.6337274312973022,72.62165069580078,766115.3846153846
36342,0.5327305197715759,,,,,,,766307.6923076923
36343,,82.47433471679688,,,,,,766326.9230769231
36352,0.5332452058792114,,,,,,,766500.0
36353,,76.46759796142578,,,,,,766519.2307692308
36366,0.5335649847984314,,,,,,,766769.2307692308
36367,,56.976375579833984,,,,,,766788.4615384615
36376,0.5340903997421265,,,,,,,766961.5384615385
36377,,77.54447174072266,,,,,,766980.7692307692
36382,,,0.8099604249000549,0.8114147782325745,-0.06317977607250214,0.561098575592041,61.11029052734375,767040.0
36394,0.5345651507377625,,,,,,,767280.0
36395,,72.47332763671875,,,,,,767300.0
36408,0.5350720882415771,,,,,,,767560.0
36409,,75.69615936279297,,,,,,767580.0
36421,0.535525381565094,,,,,,,767820.0
36422,,70.3304672241211,,,,,,767840.0
36428,0.5358960628509521,,,,,,,767960.0
36429,,62.067447662353516,,,,,,767980.0
36435,,,0.8185830116271973,0.8193026781082153,-0.3446831703186035,0.7137656211853027,72.94053649902344,768075.0
36445,0.5363212823867798,,,,,,,768325.0
36446,,67.52027130126953,,,,,,768350.0
36457,0.5367061495780945,,,,,,,768625.0
36458,,63.48721694946289,,,,,,768650.0
36464,0.5371545553207397,,,,,,,768800.0
36465,,69.8413314819336,,,,,,768825.0
36470,0.5376175045967102,,,,,,,768950.0
36471,,71.29203796386719,,,,,,768975.0
36475,,,0.8085406422615051,0.8089984655380249,-0.13141630589962006,0.345467209815979,71.71060180664062,769021.7391304348
36479,,,0.8124064803123474,0.8151925206184387,-0.1355699896812439,0.331962913274765,73.79560089111328,769108.695652174
36490,0.5380371809005737,,,,,,,769347.8260869565
36491,,66.9648666381836,,,,,,769369.5652173914
36499,0.5384688973426819,,,,,,,769543.4782608695
36500,,68.17230987548828,,,,,,769565.2173913043
36509,0.5389768481254578,,,,,,,769760.8695652174
36510,,75.79401397705078,,,,,,769782.6086956522
36518,0.5393751263618469,,,,,,,769956.5217391305
36519,,64.82608795166016,,,,,,769978.2608695652
36525,,,0.7974748611450195,0.7995188236236572,0.039911139756441116,0.5022885799407959,64.06861877441406,770078.947368421
36530,0.5398387908935547,,,,,,,770210.5263157894
36531,,71.36710357666016,,,,,,770236.8421052631
36541,0.540309488773346,,,,,,,770500.0
36542,,72.06741333007812,,,,,,770526.3157894737
36548,0.5408023595809937,,,,,,,770684.2105263158
36549,,74.2887954711914,,,,,,770710.5263157894
36558,0.5413114428520203,,,,,,,770947.3684210526
36559,,75.90657043457031,,,,,,770973.6842105263
36564,,,0.8086594343185425,0.8100032806396484,-0.14163050055503845,0.4790879786014557,72.1457748413086,771043.4782608695
36577,0.5415871143341064,,,,,,,771326.0869565217
36578,,52.56534194946289,,,,,,771347.8260869565
36585,0.541978657245636,,,,,,,771500.0
36586,,64.15241241455078,,,,,,771521.7391304348
36595,0.5424259901046753,,,,,,,771717.3913043478
36596,,69.73426818847656,,,,,,771739.1304347826
36606,0.542930543422699,,,,,,,771956.5217391305
36607,,75.45246887207031,,,,,,771978.2608695652
36611,,,0.7993186712265015,0.8029868006706238,-0.1334334760904312,0.5040756464004517,73.29623413085938,772018.5185185185
36625,0.5434768199920654,,,,,,,772277.7777777778
36626,,79.62932586669922,,,,,,772296.2962962963
36639,0.5439859628677368,,,,,,,772537.0370370371
36640,,75.9123764038086,,,,,,772555.5555555555
36654,0.5444220304489136,,,,,,,772814.8148148148
36655,,68.60598754882812,,,,,,772833.3333333334
36662,0.5448011159896851,,,,,,,772962.9629629629
36663,,62.909671783447266,,,,,,772981.4814814815
36668,,,0.803945779800415,0.8076684474945068,-0.16931238770484924,0.3940257728099823,70.95075225830078,773037.0370370371
36681,0.5451772809028625,,,,,,,773277.7777777778
36682,,62.61845397949219,,,,,,773296.2962962963
36688,0.5456261038780212,,,,,,,773407.4074074074
36689,,69.88463592529297,,,,,,773425.925925926
36701,0.5460692048072815,,,,,,,773648.1481481482
36702,,69.31072998046875,,,,,,773666.6666666666
36718,0.5465103983879089,,,,,,,773962.9629629629
36719,,69.12129211425781,,,,,,773981.4814814815
36724,,,0.8110301494598389,0.8129808902740479,-0.040151238441467285,0.592046856880188,65.44813537597656,774048.7804878049
36727,,,0.8167397379875183,0.8186007142066956,-0.09016547352075577,0.36918067932128906,70.90218353271484,774121.9512195121
36734,0.546944260597229,,,,,,,774292.6829268293
36735,,68.38485717773438,,,,,,774317.0731707317
36742,0.5473811626434326,,,,,,,774487.8048780488
36743,,68.69195556640625,,,,,,774512.1951219512
36751,0.5477972030639648,,,,,,,774707.3170731707
36752,,66.60509490966797,,,,,,774731.7073170731
36761,0.5481799244880676,,,,,,,774951.2195121951
36762,,63.27239227294922,,,,,,774975.6097560975
36769,,,0.8207864761352539,0.8244104981422424,-0.18218325078487396,0.5375386476516724,70.3927993774414,775097.5609756098
36780,0.5486584901809692,,,,,,,775365.8536585366
36781,,72.85701751708984,,,,,,775390.243902439
36789,0.5490337610244751,,,,,,,775585.3658536585
36790,,62.52537155151367,,,,,,775609.756097561
36797,0.5495079159736633,,,,,,,775780.487804878
36798,,72.4148941040039,,,,,,775804.8780487805
36804,0.549979031085968,,,,,,,775951.2195121951
36805,,72.11083984375,,,,,,775975.6097560975
36813,,,0.815629243850708,0.8173787593841553,-0.18022888898849487,0.41590258479118347,77.59191131591797,776113.6363636364
36821,0.5503855347633362,,,,,,,776295.4545454546
36822,,65.64984130859375,,,,,,776318.1818181818
36833,0.5507842302322388,,,,,,,776568.1818181818
36834,,64.87008666992188,,,,,,776590.9090909091
36840,0.5513021945953369,,,,,,,776727.2727272727
36841,,76.79593658447266,,,,,,776750.0
36850,0.5516061782836914,,,,,,,776954.5454545454
36851,,55.39786911010742,,,,,,776977.2727272727
36855,,,0.8172589540481567,0.8185325264930725,-0.20601053535938263,0.5410959124565125,64.9218978881836,777026.3157894737
36863,0.5520159602165222,,,,,,,777236.8421052631
36864,,65.97697448730469,,,,,,777263.1578947369
36870,0.5523996353149414,,,,,,,777421.052631579
36871,,63.36860275268555,,,,,,777447.3684210526
36876,0.5527529716491699,,,,,,,777578.947368421
36877,,60.33306121826172,,,,,,777605.2631578947
36890,0.5532746911048889,,,,,,,777947.3684210526
36891,,77.17301177978516,,,,,,777973.6842105263
36897,,,0.8085383176803589,0.8087490797042847,-0.2504507601261139,0.5699119567871094,65.47460174560547,778060.0
36912,0.5537567734718323,,,,,,,778360.0
36913,,73.20608520507812,,,,,,778380.0
36920,0.5541906952857971,,,,,,,778520.0
36921,,68.39170837402344,,,,,,778540.0
36934,0.5545849204063416,,,,,,,778800.0
36935,,64.42414855957031,,,,,,778820.0
36942,0.55489581823349,,,,,,,778960.0
36943,,56.09141159057617,,,,,,778980.0
36947,,,0.82416832447052,0.8249170184135437,-0.07171161472797394,0.3412781059741974,71.8695297241211,779022.2222222222
36950,,,0.8213670253753662,0.8244010210037231,-0.0859503448009491,0.28961265087127686,72.5776596069336,779088.8888888889
36961,0.5553469657897949,,,,,,,779333.3333333334
36962,,70.11328125,,,,,,779355.5555555555
36972,0.5558322072029114,,,,,,,779577.7777777778
36973,,73.52193450927734,,,,,,779600.0
36981,0.556218683719635,,,,,,,779777.7777777778
36982,,63.646026611328125,,,,,,779800.0
36989,0.5566881895065308,,,,,,,779955.5555555555
36990,,71.95314025878906,,,,,,779977.7777777778
36996,,,0.8154047131538391,0.8157919645309448,-0.23471447825431824,0.5813084840774536,67.83910369873047,780088.2352941176
37003,0.5571802854537964,,,,,,,780294.1176470588
37004,,74.20771789550781,,,,,,780323.5294117647
37011,0.5576258897781372,,,,,,,780529.4117647059
37012,,69.56075286865234,,,,,,780558.8235294118
37019,0.5581170320510864,,,,,,,780764.7058823529
37020,,74.11125183105469,,,,,,780794.1176470588
37025,0.5586063861846924,,,,,,,780941.1764705882
37026,,73.93697357177734,,,,,,780970.5882352941
37031,,,0.8030685186386108,0.8040221333503723,-0.4160896837711334,0.548789381980896,63.83829116821289,781035.7142857143
37046,0.5590596199035645,,,,,,,781303.5714285715
37047,,70.32612609863281,,,,,,781321.4285714285
37058,0.5594969987869263,,,,,,,781517.8571428572
37059,,68.73760223388672,,,,,,781535.7142857143
37071,0.5599213242530823,,,,,,,781750.0
37072,,67.43196868896484,,,,,,781767.8571428572
37083,0.5603803396224976,,,,,,,781964.2857142857
37084,,70.90320587158203,,,,,,781982.1428571428
37091,,,0.8050069212913513,0.809156060218811,-0.41069260239601135,0.6556479334831238,71.56884002685547,782093.023255814
37099,0.5607897043228149,,,,,,,782279.0697674418
37100,,65.93495178222656,,,,,,782302.3255813953
37108,0.561321496963501,,,,,,,782488.3720930233
37109,,78.17989349365234,,,,,,782511.6279069767
37121,0.5617526769638062,,,,,,,782790.6976744186
37122,,68.11898040771484,,,,,,782813.9534883721
37128,0.562288761138916,,,,,,,782953.4883720931
37129,,78.60936737060547,,,,,,782976.7441860465
37133,,,0.8130359053611755,0.8161879777908325,-0.33747532963752747,0.7031440138816833,74.875,783021.7391304348
37142,0.5627645254135132,,,,,,,783217.3913043478
37143,,72.5767593383789,,,,,,783239.1304347826
37153,0.5631588101387024,,,,,,,783456.5217391305
37154,,64.43022918701172,,,,,,783478.2608695652
37166,0.5636550784111023,,,,,,,783739.1304347826
37167,,74.62635040283203,,,,,,783760.8695652174
37176,0.5640997290611267,,,,,,,783956.5217391305
37177,,69.4674301147461,,,,,,783978.2608695652
37181,,,0.7936623692512512,0.7972917556762695,-0.18233981728553772,0.3788710832595825,61.651268005371094,784022.2222222222
37187,,,0.8134394884109497,0.8135084509849548,-0.18985407054424286,0.4736586809158325,69.42272186279297,784155.5555555555
37197,0.5644944906234741,,,,,,,784377.7777777778
37198,,64.47738647460938,,,,,,784400.0
37204,0.5649353861808777,,,,,,,784533.3333333334
37205,,69.08956146240234,,,,,,784555.5555555555
37216,0.5653531551361084,,,,,,,784800.0
37217,,66.77914428710938,,,,,,784822.2222222222
37223,0.5657705664634705,,,,,,,784955.5555555555
37224,,66.7404556274414,,,,,,784977.7777777778
37235,,,0.8150275945663452,0.8163918256759644,-0.1996546983718872,0.9130237698554993,71.82670593261719,785156.8627450981
37244,0.5661796927452087,,,,,,,785333.3333333334
37245,,65.9105453491211,,,,,,785352.9411764706
37252,0.5665577054023743,,,,,,,785490.1960784313
37253,,62.79985046386719,,,,,,785509.8039215687
37265,0.5670746564865112,,,,,,,785745.0980392157
37266,,76.69601440429688,,,,,,785764.7058823529
37276,0.5674535632133484,,,,,,,785960.7843137255
37277,,62.89189147949219,,,,,,785980.3921568628
37283,,,0.8159611821174622,0.8164808750152588,-0.35127317905426025,0.6897809505462646,67.8364486694336,786056.6037735849
37297,0.5679560303688049,,,,,,,786320.7547169811
37298,,75.24589538574219,,,,,,786339.6226415094
37308,0.5684136152267456,,,,,,,786528.3018867924
37309,,70.7578353881836,,,,,,786547.1698113207
37322,0.5688971877098083,,,,,,,786792.4528301887
37323,,73.35504913330078,,,,,,786811.320754717
37331,0.5693074464797974,,,,,,,786962.2641509434
37332,,66.02710723876953,,,,,,786981.1320754717
37337,,,0.8126590251922607,0.8162050247192383,-0.0852317065000534,0.723357081413269,76.02906036376953,787044.4444444445
37348,0.5697799324989319,,,,,,,787288.8888888889
37349,,72.2503890991211,,,,,,787311.1111111111
37357,0.5702288150787354,,,,,,,787488.8888888889
37358,,69.89009094238281,,,,,,787511.1111111111
37369,0.5706915855407715,,,,,,,787755.5555555555
37370,,71.27864074707031,,,,,,787777.7777777778
37378,0.5711790323257446,,,,,,,787955.5555555555
37379,,73.74526977539062,,,,,,787977.7777777778
37385,,,0.8145830035209656,0.8154133558273315,-0.08247457444667816,0.5022419095039368,64.18854522705078,788062.5
37404,0.571673572063446,,,,,,,788458.3333333334
37405,,74.4554672241211,,,,,,788479.1666666666
37411,0.5721202492713928,,,,,,,788604.1666666666
37412,,69.66668701171875,,,,,,788625.0
37420,0.5725893378257751,,,,,,,788791.6666666666
37421,,71.91069030761719,,,,,,788812.5
37428,0.5730056166648865,,,,,,,788958.3333333334
37429,,66.62972259521484,,,,,,788979.1666666666
37433,,,0.7992759346961975,0.8005995154380798,-0.2785717844963074,0.5044599175453186,64.69830322265625,789025.641025641
37437,,,0.8030542731285095,0.8039630651473999,-0.17741838097572327,0.4150172173976898,72.26868438720703,789128.2051282051
37447,0.5733355283737183,,,,,,,789384.6153846154
37448,,57.98895263671875,,,,,,789410.2564102564
37453,0.5737361907958984,,,,,,,789538.4615384615
37454,,65.0683822631836,,,,,,789564.1025641026
37462,0.5742412805557251,,,,,,,789769.2307692308
37463,,75.51132202148438,,,,,,789794.8717948718
37469,0.5745959281921387,,,,,,,789948.717948718
37470,,60.4667854309082,,,,,,789974.358974359
37478,,,0.8317647576332092,0.8351133465766907,-0.2572140693664551,0.6567942500114441,65.53862762451172,790113.6363636364
37484,0.5751408934593201,,,,,,,790250.0
37485,,79.49678039550781,,,,,,790272.7272727273
37496,0.5755934715270996,,,,,,,790522.7272727273
37497,,70.25755310058594,,,,,,790545.4545454546
37507,0.5760346055030823,,,,,,,790772.7272727273
37508,,69.11375427246094,,,,,,790795.4545454546
37515,0.5764649510383606,,,,,,,790954.5454545454
37516,,68.03197479248047,,,,,,790977.2727272727
37524,,,0.8041184544563293,0.804625928401947,-0.20506790280342102,0.5075114965438843,62.123905181884766,791092.5925925926
37536,0.5768229961395264,,,,,,,791314.8148148148
37537,,60.805381774902344,,,,,,791333.3333333334
37550,0.5773401856422424,,,,,,,791574.074074074
37551,,76.71632385253906,,,,,,791592.5925925926
37557,0.5777732729911804,,,,,,,791703.7037037037
37558,,68.30886840820312,,,,,,791722.2222222222
37571,0.5782473683357239,,,,,,,791962.9629629629
37572,,72.40812683105469,,,,,,791981.4814814815
37576,,,0.7972212433815002,0.7990149855613708,-0.14899323880672455,0.502027153968811,69.25431060791016,792025.641025641
37587,0.5786556601524353,,,,,,,792307.6923076923
37588,,65.83201599121094,,,,,,792333.3333333334
37597,0.5791491866111755,,,,,,,792564.1025641026
37598,,74.3521499633789,,,,,,792589.7435897436
37602,0.5795214176177979,,,,,,,792692.3076923077
37603,,62.222389221191406,,,,,,792717.9487179487
37612,0.579951286315918,,,,,,,792948.717948718
37613,,67.98983001708984,,,,,,792974.358974359
37617,,,0.8272433876991272,0.8281511068344116,-0.2699877917766571,0.6584078073501587,54.28276824951172,793020.4081632653
37628,0.5803349614143372,,,,,,,793244.8979591837
37629,,63.367374420166016,,,,,,793265.306122449
37636,0.5807595252990723,,,,,,,793408.1632653062
37637,,67.45714569091797,,,,,,793428.5714285715
37651,0.5811738967895508,,,,,,,793714.2857142857
37652,,66.43666076660156,,,,,,793734.693877551
37663,0.5815814137458801,,,,,,,793959.1836734693
37664,,65.7533187866211,,,,,,793979.5918367347
37668,,,0.805012583732605,0.8060142993927002,-0.2414199262857437,0.6750580072402954,67.31249237060547,794025.0
37672,,,0.7945130467414856,0.7966705560684204,-0.1498616486787796,0.3608672320842743,52.05836486816406,794125.0
37680,0.5819006562232971,,,,,,,794325.0
37681,,56.926239013671875,,,,,,794350.0
37687,0.5823744535446167,,,,,,,794500.0
37688,,72.379638671875,,,,,,794525.0
37697,0.5827146172523499,,,,,,,794750.0
37698,,59.01692199707031,,,,,,794775.0
37705,0.5831307172775269,,,,,,,794950.0
37706,,66.60894775390625,,,,,,794975.0
37716,,,0.805353045463562,0.8063509464263916,-0.06094147264957428,0.3458877205848694,71.96686553955078,795152.1739130435
37726,0.5836288332939148,,,,,,,795369.5652173914
37727,,74.81439208984375,,,,,,795391.304347826
37734,0.5840619802474976,,,,,,,795543.4782608695
37735,,68.31708526611328,,,,,,795565.2173913043
37742,0.5845804214477539,,,,,,,795717.3913043478
37743,,76.84453582763672,,,,,,795739.1304347826
37753,0.5850138068199158,,,,,,,795956.5217391305
37754,,68.34019470214844,,,,,,795978.2608695652
37759,,,0.8136498332023621,0.8146883845329285,-0.09934332221746445,0.40613266825675964,66.77281188964844,796045.4545454546
37770,0.5854660868644714,,,,,,,796295.4545454546
37771,,70.2278060913086,,,,,,796318.1818181818
37782,0.585943877696991,,,,,,,796568.1818181818
37783,,72.77630615234375,,,,,,796590.9090909091
37789,0.5863696932792664,,,,,,,796727.2727272727
37790,,67.5818862915039,,,,,,796750.0
37799,0.5866969227790833,,,,,,,796954.5454545454
37800,,57.723785400390625,,,,,,796977.2727272727
37804,,,0.8134384155273438,0.8150255680084229,-0.22080203890800476,0.41901659965515137,71.45368194580078,797027.027027027
37811,0.5870313048362732,,,,,,,797216.2162162162
37812,,58.44111633300781,,,,,,797243.2432432432
37818,0.5874940156936646,,,,,,,797405.4054054054
37819,,71.2708740234375,,,,,,797432.4324324324
37827,0.5879292488098145,,,,,,,797648.6486486486
37828,,68.52145385742188,,,,,,797675.6756756756
37838,0.588254988193512,,,,,,,797945.9459459459
37839,,57.571380615234375,,,,,,797972.972972973
37844,,,0.7980872988700867,0.8060346245765686,-0.12048986554145813,0.6617389917373657,64.38644409179688,798048.7804878049
37855,0.5886268615722656,,,,,,,798317.0731707317
37856,,62.18612289428711,,,,,,798341.4634146341
37863,0.589124321937561,,,,,,,798512.1951219512
37864,,74.74539184570312,,,,,,798536.5853658536
37873,0.5893985033035278,,,,,,,798756.0975609756
37874,,52.415340423583984,,,,,,798780.487804878
37881,0.5897904634475708,,,,,,,798951.2195121951
37882,,64.19642639160156,,,,,,798975.6097560975
37887,,,0.8000470995903015,0.8003077507019043,0.05136654153466225,0.4718771278858185,66.30081176757812,799042.5531914893
37889,,,0.8034679889678955,0.8089761137962341,-0.0871988981962204,0.36417555809020996,57.9289665222168,799085.1063829787
37895,0.5900930166244507,,,,,,,799212.7659574468
37896,,55.25731658935547,,,,,,799234.0425531915
37906,0.5904786586761475,,,,,,,799446.8085106383
37907,,63.56581115722656,,,,,,799468.085106383
37919,0.5909082293510437,,,,,,,799723.4042553192
37920,,67.95759582519531,,,,,,799744.6808510638
37930,0.5912827253341675,,,,,,,799957.4468085107
37931,,62.44901657104492,,,,,,799978.7234042553
37937,,,0.8105548620223999,0.8150219321250916,-0.1372940093278885,0.4290774166584015,60.84884262084961,800066.6666666666
37946,0.5915912985801697,,,,,,,800266.6666666666
37947,,55.85873031616211,,,,,,800288.8888888889
37956,0.591947615146637,,,,,,,800488.8888888889
37957,,60.63340377807617,,,,,,800511.1111111111
37969,0.5923973321914673,,,,,,,800777.7777777778
37970,,69.97138977050781,,,,,,800800.0
37977,0.5928465127944946,,,,,,,800955.5555555555
37978,,69.9172134399414,,,,,,800977.7777777778
37982,,,0.8193550705909729,0.823432981967926,-0.210873544216156,0.820059061050415,71.2538833618164,801023.8095238095
37990,0.5932461023330688,,,,,,,801214.2857142857
37991,,64.95999908447266,,,,,,801238.0952380953
38003,0.5936269760131836,,,,,,,801523.8095238095
38004,,63.08866500854492,,,,,,801547.619047619
38012,0.5940967202186584,,,,,,,801738.0952380953
38013,,71.97583770751953,,,,,,801761.9047619047
38021,0.5944476127624512,,,,,,,801952.380952381
38022,,60.087093353271484,,,,,,801976.1904761905
38027,,,0.8141261339187622,0.816017210483551,0.011228207498788834,0.5458062887191772,65.42316436767578,802052.6315789474
38036,0.5948343873023987,,,,,,,802289.4736842106
38037,,63.677764892578125,,,,,,802315.7894736842
38043,0.5951499342918396,,,,,,,802473.6842105263
38044,,56.557281494140625,,,,,,802500.0
38052,0.5955020785331726,,,,,,,802710.5263157894
38053,,60.21242141723633,,,,,,802736.8421052631
38061,0.5958380103111267,,,,,,,802947.3684210526
38062,,58.591766357421875,,,,,,802973.6842105263
38068,,,0.8339797854423523,0.8386649489402771,-0.18793998658657074,0.5812755823135376,72.00209045410156,803066.6666666666
38075,0.5962477922439575,,,,,,,803222.2222222222
38076,,65.97578430175781,,,,,,803244.4444444445
38087,0.5965952277183533,,,,,,,803488.8888888889
38088,,59.746517181396484,,,,,,803511.1111111111
38097,0.597023606300354,,,,,,,803711.1111111111
38098,,67.83784484863281,,,,,,803733.3333333334
38108,0.5973942875862122,,,,,,,803955.5555555555
38109,,62.06557083129883,,,,,,803977.7777777778
38114,,,0.8022641539573669,0.8048571944236755,-0.013214843347668648,0.34693384170532227,63.23589324951172,804040.8163265307
38117,,,0.8215048909187317,0.8216386437416077,-0.2121167927980423,0.7305014729499817,59.67537307739258,804102.0408163265
38124,0.5978334546089172,,,,,,,804244.8979591837
38125,,68.91812133789062,,,,,,804265.306122449
38137,0.5983108282089233,,,,,,,804510.2040816327
38138,,72.73937225341797,,,,,,804530.612244898
38150,0.5986864566802979,,,,,,,804775.5102040817
38151,,62.56373977661133,,,,,,804795.918367347
38159,0.5990179777145386,,,,,,,804959.1836734693
38160,,58.15312576293945,,,,,,804979.5918367347
38166,,,0.8082430958747864,0.808351993560791,-0.21068474650382996,0.44949179887771606,58.783748626708984,805081.0810810811
38171,0.5994424819946289,,,,,,,805216.2162162162
38172,,67.45265197753906,,,,,,805243.2432432432
38179,0.5999664068222046,,,,,,,805432.4324324324
38180,,77.39111328125,,,,,,805459.4594594594
38191,0.6004250049591064,,,,,,,805756.7567567568
38192,,70.86180114746094,,,,,,805783.7837837838
38198,0.6008450388908386,,,,,,,805945.9459459459
38199,,67.00187683105469,,,,,,805972.972972973
38206,,,0.8001230359077454,0.8008630275726318,-0.16923196613788605,0.4448854327201843,67.59774017333984,806070.1754385965
38223,0.6013345122337341,,,,,,,806368.4210526316
38224,,73.94993591308594,,,,,,806385.9649122807
38236,0.601732075214386,,,,,,,806596.4912280702
38237,,64.75479125976562,,,,,,806614.0350877193
38246,0.6021712422370911,,,,,,,806771.9298245613
38247,,68.9168701171875,,,,,,806789.4736842106
38257,0.6026406288146973,,,,,,,806964.9122807018
38258,,71.94142150878906,,,,,,806982.4561403509
38264,,,0.8232949376106262,0.8267265558242798,-0.21732863783836365,0.543188750743866,56.880615234375,807061.224489796
38273,0.6029971241950989,,,,,,,807244.8979591837
38274,,60.65177536010742,,,,,,807265.306122449
38284,0.6034332513809204,,,,,,,807469.387755102
38285,,68.61013793945312,,,,,,807489.7959183673
38296,0.6038548946380615,,,,,,,807714.2857142857
38297,,67.163330078125,,,,,,807734.693877551
38308,0.6042835712432861,,,,,,,807959.1836734693
38309,,67.8689956665039,,,,,,807979.5918367347
38314,,,0.8190916180610657,0.8214099407196045,-0.055074192583560944,0.6089030504226685,54.566741943359375,808046.5116279069
38324,0.604742169380188,,,,,,,808279.0697674418
38325,,70.86235046386719,,,,,,808302.3255813953
38332,0.6051684617996216,,,,,,,808465.1162790698
38333,,67.626708984375,,,,,,808488.3720930233
38344,0.605584979057312,,,,,,,808744.1860465116
38345,,66.65413665771484,,,,,,808767.4418604651
38353,0.6059713363647461,,,,,,,808953.4883720931
38354,,63.638206481933594,,,,,,808976.7441860465
38358,,,0.8129730820655823,0.818999707698822,-0.07487040758132935,0.35363271832466125,73.01021575927734,809022.2222222222
38360,,,0.8195093870162964,0.8202094435691833,-0.23503774404525757,0.5837380886077881,60.16389846801758,809066.6666666666
38368,0.6064133048057556,,,,,,,809244.4444444445
38369,,69.19486999511719,,,,,,809266.6666666666
38380,0.6067935228347778,,,,,,,809511.1111111111
38381,,63.02311706542969,,,,,,809533.3333333334
38390,0.6072098016738892,,,,,,,809733.3333333334
38391,,66.62532043457031,,,,,,809755.5555555555
38400,0.6075353026390076,,,,,,,809955.5555555555
38401,,57.5476188659668,,,,,,809977.7777777778
38407,,,0.8134193420410156,0.8145197629928589,-0.16342449188232422,0.4810177981853485,67.90573120117188,810071.4285714285
38415,0.6079676151275635,,,,,,,810261.9047619047
38416,,68.2308349609375,,,,,,810285.7142857143
38426,0.6084691286087036,,,,,,,810523.8095238095
38427,,75.1498031616211,,,,,,810547.619047619
38432,0.608834445476532,,,,,,,810666.6666666666
38433,,61.53200912475586,,,,,,810690.4761904762
38444,0.6092824339866638,,,,,,,810952.380952381
38445,,69.7980728149414,,,,,,810976.1904761905
38452,,,0.8138312697410583,0.8174610733985901,-0.352033406496048,0.751368522644043,68.11189270019531,811088.8888888889
38464,0.609667956829071,,,,,,,811355.5555555555
38465,,63.55498504638672,,,,,,811377.7777777778
38472,0.6101405620574951,,,,,,,811533.3333333334
38473,,72.26280212402344,,,,,,811555.5555555555
38482,0.6105813384056091,,,,,,,811755.5555555555
38483,,69.07595825195312,,,,,,811777.7777777778
38491,0.6109195351600647,,,,,,,811955.5555555555
38492,,58.82122039794922,,,,,,811977.7777777778
38498,,,0.8158765435218811,0.8162713050842285,-0.20972196757793427,0.5284586548805237,63.46400451660156,812057.6923076923
38513,0.6114019155502319,,,,,,,812346.1538461539
38514,,73.24024963378906,,,,,,812365.3846153846
38524,0.6118336319923401,,,,,,,812557.6923076923
38525,,68.17059326171875,,,,,,812576.9230769231
38535,0.6123053431510925,,,,,,,812769.2307692308
38536,,72.17034149169922,,,,,,812788.4615384615
38545,0.6128174662590027,,,,,,,812961.5384615385
38546,,76.21359252929688,,,,,,812980.7692307692
38550,,,0.8241004943847656,0.8245747685432434,-0.18781737983226776,0.4328118562698364,60.57322692871094,813026.3157894737
38561,0.6133039593696594,,,,,,,813315.7894736842
38562,,73.64955139160156,,,,,,813342.1052631579
38568,0.6137353181838989,,,,,,,813500.0
38569,,68.13687133789062,,,,,,813526.3157894737
38576,0.614159107208252,,,,,,,813710.5263157894
38577,,67.37987518310547,,,,,,813736.8421052631
38585,0.6146065592765808,,,,,,,813947.3684210526
38586,,69.74528503417969,,,,,,813973.6842105263
38592,,,0.8298081755638123,0.8305445909500122,-0.2382822483778,0.5898953080177307,62.35898208618164,814052.6315789474
38597,,,0.8295163512229919,0.8308274149894714,-0.14516282081604004,0.464550256729126,74.78652954101562,814140.350877193
38608,0.6149701476097107,,,,,,,814333.3333333334
38609,,61.35893630981445,,,,,,814350.8771929825
38619,0.6152985692024231,,,,,,,814526.3157894737
38620,,57.84147644042969,,,,,,814543.8596491228
38630,0.6156877279281616,,,,,,,814719.298245614
38631,,63.917301177978516,,,,,,814736.8421052631
38644,0.6161372661590576,,,,,,,814964.9122807018
38645,,69.9529037475586,,,,,,814982.4561403509
38654,,,0.8151951432228088,0.8172541260719299,-0.28303319215774536,0.49361932277679443,45.99945831298828,815117.6470588235
38667,0.6165547370910645,,,,,,,815372.5490196078
38668,,66.74589538574219,,,,,,815392.1568627451
38676,0.6169494986534119,,,,,,,815549.0196078431
38677,,64.47765350341797,,,,,,815568.6274509804
38684,0.617448627948761,,,,,,,815705.8823529412
38685,,74.91475677490234,,,,,,815725.4901960784
38697,0.6179499626159668,,,,,,,815960.7843137255
38698,,75.13449096679688,,,,,,815980.3921568628
38702,,,0.8158201575279236,0.8197852969169617,-0.2546918988227844,0.971002459526062,58.85257339477539,816025.641025641
38710,0.6183999180793762,,,,,,,816230.7692307692
38711,,69.99512481689453,,,,,,816256.4102564103
38719,0.6187979578971863,,,,,,,816461.5384615385
38720,,64.80230712890625,,,,,,816487.1794871795
38728,0.6192756295204163,,,,,,,816692.3076923077
38729,,72.7679214477539,,,,,,816717.9487179487
38738,0.6196341514587402,,,,,,,816948.717948718
38739,,60.85272979736328,,,,,,816974.358974359
38745,,,0.8414337635040283,0.8435019254684448,-0.1269253045320511,0.451544851064682,59.08915328979492,817075.0
38751,0.6200353503227234,,,,,,,817225.0
38752,,65.1223373413086,,,,,,817250.0
38760,0.62046879529953,,,,,,,817450.0
38761,,68.3451919555664,,,,,,817475.0
38770,0.6208531260490417,,,,,,,817700.0
38771,,63.43423843383789,,,,,,817725.0
38780,0.621186375617981,,,,,,,817950.0
38781,,58.32255172729492,,,,,,817975.0
38787,,,0.8171602487564087,0.8214219212532043,-0.3780467212200165,0.8000016212463379,53.04807662963867,818071.4285714285
38796,0.6215816736221313,,,,,,,818285.7142857143
38797,,64.5274658203125,,,,,,818309.5238095238
38805,0.6219126582145691,,,,,,,818500.0
38806,,58.098697662353516,,,,,,818523.8095238095
38814,0.6222820281982422,,,,,,,818714.2857142857
38815,,61.939002990722656,,,,,,818738.0952380953
38824,0.6226108074188232,,,,,,,818952.380952381
38825,,57.87923049926758,,,,,,818976.1904761905
38829,,,0.827056884765625,0.8305040001869202,-0.0844825804233551,0.37087348103523254,52.16941833496094,819019.6078431372
38833,,,0.8069877624511719,0.8081871867179871,-0.06632909178733826,0.3241606056690216,73.58536529541016,819098.0392156863
38845,0.6230742931365967,,,,,,,819333.3333333334
38846,,71.35069274902344,,,,,,819352.9411764706
38856,0.6234514117240906,,,,,,,819549.0196078431
38857,,62.7130012512207,,,,,,819568.6274509804
38868,0.6237941384315491,,,,,,,819784.3137254902
38869,,59.272953033447266,,,,,,819803.9215686275
38877,0.6241610646247864,,,,,,,819960.7843137255
38878,,61.69078063964844,,,,,,819980.3921568628
38883,,,0.8313055038452148,0.8334701657295227,-0.24069622159004211,0.6038917303085327,65.63725280761719,820046.5116279069
38891,0.6245943307876587,,,,,,,820232.5581395349
38892,,68.32459259033203,,,,,,820255.8139534884
38903,0.6250643730163574,,,,,,,820511.6279069767
38904,,72.00332641601562,,,,,,820534.8837209302
38913,0.6254882216453552,,,,,,,820744.1860465116
38914,,67.38680267333984,,,,,,820767.4418604651
38922,0.6258381009101868,,,,,,,820953.4883720931
38923,,59.990230560302734,,,,,,820976.7441860465
38928,,,0.8060532212257385,0.8071085810661316,-0.2272922694683075,0.6469258069992065,65.22657012939453,821052.6315789474
38937,0.6262577176094055,,,,,,,821289.4736842106
38938,,66.96370697021484,,,,,,821315.7894736842
38946,0.6266560554504395,,,,,,,821526.3157894737
38947,,64.83081817626953,,,,,,821552.6315789474
38957,0.6270776391029358,,,,,,,821815.7894736842
38958,,67.16072082519531,,,,,,821842.1052631579
38962,0.6275288462638855,,,,,,,821947.3684210526
38963,,70.1197738647461,,,,,,821973.6842105263
38967,,,0.8130780458450317,0.8199343681335449,-0.24837270379066467,0.5524196028709412,66.92037963867188,822020.4081632653
38979,0.6279556155204773,,,,,,,822265.306122449
38980,,67.67925262451172,,,,,,822285.7142857143
38988,0.6284188032150269,,,,,,,822448.9795918367
38989,,71.31704711914062,,,,,,822469.387755102
39000,0.6286757588386536,,,,,,,822693.8775510204
39001,,50.6928596496582,,,,,,822714.2857142857
39013,0.6290991306304932,,,,,,,822959.1836734693
39014,,67.3375473022461,,,,,,822979.5918367347
39019,,,0.8233881592750549,0.8235439658164978,-0.24606221914291382,0.5040385723114014,64.47942352294922,823052.6315789474
39026,0.6294052004814148,,,,,,,823236.8421052631
39027,,55.604774475097656,,,,,,823263.1578947369
39033,0.6298552751541138,,,,,,,823421.052631579
39034,,70.00836181640625,,,,,,823447.3684210526
39043,0.6301455497741699,,,,,,,823684.2105263158
39044,,54.02857208251953,,,,,,823710.5263157894
39053,0.6305131316184998,,,,,,,823947.3684210526
39054,,61.75859451293945,,,,,,823973.6842105263
39059,,,0.8383817076683044,0.8404651284217834,-0.21809732913970947,0.575609028339386,70.0219497680664,824050.0
39063,,,0.8199163675308228,0.823767364025116,-0.15042082965373993,0.47219449281692505,66.9427261352539,824150.0
39068,0.6309183239936829,,,,,,,824275.0
39069,,65.51832580566406,,,,,,824300.0
39075,0.6313729882240295,,,,,,,824450.0
39076,,70.46715545654297,,,,,,824475.0
39086,0.6318355202674866,,,,,,,824725.0
39087,,71.25362396240234,,,,,,824750.0
39095,0.6323099136352539,,,,,,,824950.0
39096,,72.4419937133789,,,,,,824975.0
39101,,,0.8204046487808228,0.8213086724281311,-0.097598135471344,0.42779412865638733,70.23157501220703,825044.4444444445
39112,0.6327826976776123,,,,,,,825288.8888888889
39113,,72.27694702148438,,,,,,825311.1111111111
39124,0.6331654787063599,,,,,,,825555.5555555555
39125,,63.27998733520508,,,,,,825577.7777777778
39133,0.6335964202880859,,,,,,,825755.5555555555
39134,,68.09352111816406,,,,,,825777.7777777778
39142,0.6339737772941589,,,,,,,825955.5555555555
39143,,62.737892150878906,,,,,,825977.7777777778
39148,,,0.8102887272834778,0.8139772415161133,-0.09237377345561981,0.3901784121990204,76.24653625488281,826040.0
39161,0.6344437003135681,,,,,,,826300.0
39162,,71.99446105957031,,,,,,826320.0
39173,0.6348782777786255,,,,,,,826540.0
39174,,68.45729064941406,,,,,,826560.0
39184,0.635194718837738,,,,,,,826760.0
39185,,56.64337921142578,,,,,,826780.0
39194,0.6355921030044556,,,,,,,826960.0
39195,,64.74067687988281,,,,,,826980.0
39199,,,0.833292543888092,0.8410059809684753,-0.0847485363483429,0.7191885113716125,64.67570495605469,827023.2558139535
39212,0.6360046863555908,,,,,,,827325.5813953489
39213,,66.2555160522461,,,,,,827348.8372093023
39224,0.6364046931266785,,,,,,,827604.6511627907
39225,,65.00283813476562,,,,,,827627.9069767442
39232,0.6368004083633423,,,,,,,827790.6976744186
39233,,64.56895446777344,,,,,,827813.9534883721
39239,0.6373435854911804,,,,,,,827953.4883720931
39240,,79.31559753417969,,,,,,827976.7441860465
39244,,,0.8261264562606812,0.8288581967353821,-0.22972160577774048,0.5663912296295166,61.71717834472656,828022.7272727273
39255,0.6377217769622803,,,,,,,828272.7272727273
39256,,62.82172775268555,,,,,,828295.4545454546
39264,0.638059139251709,,,,,,,828477.2727272727
39265,,58.73440170288086,,,,,,828500.0
39273,0.63850337266922,,,,,,,828681.8181818182
39274,,69.42373657226562,,,,,,828704.5454545454
39285,0.6388546228408813,,,,,,,828954.5454545454
39286,,60.12513732910156,,,,,,828977.2727272727
39290,,,0.8333808183670044,0.8375328183174133,-0.32809320092201233,0.8424624800682068,62.63294219970703,829026.3157894737
39291,,,0.8104459047317505,0.8151705861091614,-0.40300238132476807,0.6812827587127686,66.89505004882812,829052.6315789474
39298,0.6392325758934021,,,,,,,829236.8421052631
39299,,62.79574203491211,,,,,,829263.1578947369
39307,0.63960200548172,,,,,,,829473.6842105263
39308,,61.94098663330078,,,,,,829500.0
39315,0.6400479078292847,,,,,,,829684.2105263158
39316,,69.59254455566406,,,,,,829710.5263157894
39325,0.6404737234115601,,,,,,,829947.3684210526
39326,,67.58271789550781,,,,,,829973.6842105263
39331,,,0.8384461402893066,0.8420141935348511,-0.2794934809207916,0.7400975227355957,60.4276237487793,830052.6315789474
39342,0.6408818364143372,,,,,,,830342.1052631579
39343,,65.81282043457031,,,,,,830368.4210526316
39353,0.641323447227478,,,,,,,830631.5789473684
39354,,69.1613998413086,,,,,,830657.8947368421
39360,0.641634464263916,,,,,,,830815.7894736842
39361,,56.103248596191406,,,,,,830842.1052631579
39365,0.6419478058815002,,,,,,,830947.3684210526
39366,,56.33400344848633,,,,,,830973.6842105263
39374,,,0.8323072791099548,0.8377424478530884,-0.2658576965332031,0.7656348347663879,49.07817840576172,831098.0392156863
39387,0.6422686576843262,,,,,,,831352.9411764706
39388,,57.08379364013672,,,,,,831372.5490196078
39399,0.6425911784172058,,,,,,,831588.2352941176
39400,,57.24945068359375,,,,,,831607.8431372549
39409,0.6430369019508362,,,,,,,831784.3137254902
39410,,69.57157897949219,,,,,,831803.9215686275
39418,0.6433523893356323,,,,,,,831960.7843137255
39419,,56.550384521484375,,,,,,831980.3921568628
39426,,,0.8100792765617371,0.8115963339805603,-0.21586203575134277,0.35679563879966736,61.2453727722168,832083.3333333334
39441,0.6436986327171326,,,,,,,832395.8333333334
39442,,59.62299346923828,,,,,,832416.6666666666
39450,0.6441224813461304,,,,,,,832583.3333333334
39451,,67.38225555419922,,,,,,832604.1666666666
39462,0.644525408744812,,,,,,,832833.3333333334
39463,,65.2947769165039,,,,,,832854.1666666666
39468,0.6449601054191589,,,,,,,832958.3333333334
39469,,68.47101593017578,,,,,,832979.1666666666
39474,,,0.8210652470588684,0.821408748626709,-0.06269878894090652,0.3635226786136627,69.18721008300781,833051.282051282
39483,0.6453872323036194,,,,,,,833282.0512820513
39484,,67.7155990600586,,,,,,833307.6923076923
39493,0.645835280418396,,,,,,,833538.4615384615
39494,,69.80467224121094,,,,,,833564.1025641026
39502,0.6462271213531494,,,,,,,833769.2307692308
39503,,64.18164825439453,,,,,,833794.8717948718
39509,0.6466588973999023,,,,,,,833948.717948718
39510,,68.1787338256836,,,,,,833974.358974359
39514,,,0.8158341646194458,0.8187915682792664,-0.1508655995130539,0.7235406637191772,65.9177474975586,834017.2413793104
39522,,,0.8079299330711365,0.8085294961929321,-0.05227731168270111,0.27286383509635925,59.59785842895508,834155.1724137932
39533,0.6470943093299866,,,,,,,834344.8275862068
39534,,68.539794921875,,,,,,834362.0689655172
39551,0.6474918127059937,,,,,,,834655.1724137932
39552,,64.75122833251953,,,,,,834672.4137931034
39561,0.6479366421699524,,,,,,,834827.5862068966
39562,,69.48252868652344,,,,,,834844.8275862068
39569,0.648381233215332,,,,,,,834965.5172413794
39570,,69.45983123779297,,,,,,834982.7586206896
39576,,,0.8163559436798096,0.8192870616912842,-0.10812778025865555,0.44823047518730164,53.750953674316406,835069.7674418605
39584,0.6487025618553162,,,,,,,835255.8139534884
39585,,57.13131332397461,,,,,,835279.0697674418
39598,0.6490521430969238,,,,,,,835581.3953488372
39599,,59.95697021484375,,,,,,835604.6511627907
39607,0.6495303511619568,,,,,,,835790.6976744186
39608,,72.8201904296875,,,,,,835813.9534883721
39614,0.6498910784721375,,,,,,,835953.4883720931
39615,,61.07148361206055,,,,,,835976.7441860465
39622,,,0.8328164219856262,0.8356587886810303,-0.20310461521148682,0.7507513165473938,68.61251068115234,836072.7272727273
39633,0.650273859500885,,,,,,,836272.7272727273
39634,,63.27539825439453,,,,,,836290.9090909091
39644,0.6506727337837219,,,,,,,836472.7272727273
39645,,64.88648223876953,,,,,,836490.9090909091
39659,0.6511011719703674,,,,,,,836745.4545454546
39660,,67.84513092041016,,,,,,836763.6363636364
39671,0.6514579057693481,,,,,,,836963.6363636364
39672,,60.67491912841797,,,,,,836981.8181818182
39678,,,0.8122813105583191,0.8161213994026184,-0.11106519401073456,0.3227480947971344,74.1268539428711,837071.4285714285
39689,0.6519208550453186,,,,,,,837333.3333333334
39690,,71.2936019897461,,,,,,837357.1428571428
39696,0.6522971391677856,,,,,,,837500.0
39697,,62.63116455078125,,,,,,837523.8095238095
39706,0.6525787711143494,,,,,,,837738.0952380953
39707,,53.162235260009766,,,,,,837761.9047619047
39715,0.6529954075813293,,,,,,,837952.380952381
39716,,66.66541290283203,,,,,,837976.1904761905
39724,,,0.822537899017334,0.8238610625267029,-0.12839695811271667,0.5776247978210449,65.46427917480469,838102.0408163265
39736,0.6533644199371338,,,,,,,838346.9387755102
39737,,61.90031051635742,,,,,,838367.3469387755
39746,0.6538465619087219,,,,,,,838551.0204081633
39747,,73.21353912353516,,,,,,838571.4285714285
39755,0.6542936563491821,,,,,,,838734.693877551
39756,,69.70846557617188,,,,,,838755.1020408163
39766,0.6546548008918762,,,,,,,838959.1836734693
39767,,61.116493225097656,,,,,,838979.5918367347
39771,,,0.8362674117088318,0.8391459584236145,-0.17705410718917847,0.5905807614326477,63.31980514526367,839020.4081632653
39775,,,0.8139960765838623,0.8140465021133423,-0.1821746826171875,0.5536262392997742,65.27262115478516,839102.0408163265
39785,0.6551264524459839,,,,,,,839306.1224489796
39786,,72.16675567626953,,,,,,839326.5306122449
39794,0.6555171012878418,,,,,,,839489.7959183673
39795,,64.06609344482422,,,,,,839510.2040816327
39804,0.6559213399887085,,,,,,,839693.8775510204
39805,,65.42279052734375,,,,,,839714.2857142857
39817,0.6563660502433777,,,,,,,839959.1836734693
39818,,69.46827697753906,,,,,,839979.5918367347
39825,,,0.822205126285553,0.8251418471336365,-0.17748714983463287,0.5989562273025513,63.90938949584961,840085.1063829787
39836,0.6568289399147034,,,,,,,840319.1489361703
39837,,71.28880310058594,,,,,,840340.4255319149
39844,0.6571836471557617,,,,,,,840489.3617021276
39845,,60.471675872802734,,,,,,840510.6382978724
39853,0.6575909852981567,,,,,,,840680.8510638297
39854,,65.73381805419922,,,,,,840702.1276595745
39866,0.6578659415245056,,,,,,,840957.4468085107
39867,,52.49733352661133,,,,,,840978.7234042553
39872,,,0.8351883888244629,0.8356636762619019,-0.024928322061896324,0.48155343532562256,71.03529357910156,841055.5555555555
39876,0.6582745909690857,,,,,,,841166.6666666666
39877,,65.86326599121094,,,,,,841194.4444444445
39885,0.6586461067199707,,,,,,,841416.6666666666
39886,,62.148921966552734,,,,,,841444.4444444445
39896,0.6591116786003113,,,,,,,841722.2222222222
39897,,71.5600357055664,,,,,,841750.0
39904,0.65949547290802,,,,,,,841944.4444444445
39905,,63.38236618041992,,,,,,841972.2222222222
39910,,,0.8337117433547974,0.8349429368972778,-0.32750630378723145,0.5446425080299377,56.62422561645508,842041.6666666666
39925,0.6598815321922302,,,,,,,842354.1666666666
39926,,63.60845947265625,,,,,,842375.0
39936,0.6602362990379333,,,,,,,842583.3333333334
39937,,60.476593017578125,,,,,,842604.1666666666
39943,0.660622775554657,,,,,,,842729.1666666666
39944,,63.64724349975586,,,,,,842750.0
39954,0.6610497236251831,,,,,,,842958.3333333334
39955,,67.69771575927734,,,,,,842979.1666666666
39960,,,0.8273244500160217,0.8284504413604736,-0.13979527354240417,0.41597387194633484,69.20687103271484,843036.3636363636
39975,0.6615369319915771,,,,,,,843309.0909090909
39976,,73.7193374633789,,,,,,843327.2727272727
39990,0.6619276404380798,,,,,,,843581.8181818182
39991,,64.06890869140625,,,,,,843600.0
40000,0.6623041033744812,,,,,,,843763.6363636364
40001,,62.64887237548828,,,,,,843781.8181818182
40011,0.6627029180526733,,,,,,,843963.6363636364
40012,,64.88383483886719,,,,,,843981.8181818182
40016,,,0.8160895109176636,0.8166741728782654,-0.2125292867422104,0.4809907078742981,60.26780319213867,844018.8679245283
40018,,,0.8133642077445984,0.817347526550293,-0.16353195905685425,0.46185174584388733,67.92984008789062,844056.6037735849
40028,0.6629926562309265,,,,,,,844245.283018868
40029,,53.97639083862305,,,,,,844264.1509433963
40041,0.6634441614151001,,,,,,,844490.5660377359
40042,,70.15033721923828,,,,,,844509.4339622641
40054,0.6637222170829773,,,,,,,844735.8490566037
40055,,52.806610107421875,,,,,,844754.716981132
40066,0.664146363735199,,,,,,,844962.2641509434
40067,,67.41437530517578,,,,,,844981.1320754717
40073,,,0.8356641530990601,0.8369528651237488,-0.1752704530954361,0.7976515293121338,60.11161804199219,845068.1818181818
40086,0.6645369529724121,,,,,,,845363.6363636364
40087,,64.05699920654297,,,,,,845386.3636363636
40093,0.664916455745697,,,,,,,845522.7272727273
40094,,62.95119094848633,,,,,,845545.4545454546
40101,0.6652347445487976,,,,,,,845704.5454545454
40102,,56.82909393310547,,,,,,845727.2727272727
40112,0.6656848192214966,,,,,,,845954.5454545454
40113,,70.00800323486328,,,,,,845977.2727272727
40121,,,0.8223739862442017,0.823380708694458,-0.144545316696167,0.4537349343299866,65.08434295654297,846092.5925925926
40132,0.6661093831062317,,,,,,,846296.2962962963
40133,,67.45405578613281,,,,,,846314.8148148148
40141,0.6665076017379761,,,,,,,846462.9629629629
40142,,64.82203674316406,,,,,,846481.4814814815
40152,0.6669045090675354,,,,,,,846666.6666666666
40153,,64.69338989257812,,,,,,846685.1851851852
40168,0.6672713160514832,,,,,,,846962.9629629629
40169,,61.678226470947266,,,,,,846981.4814814815
40176,,,0.8238491415977478,0.8290178775787354,-0.11279109120368958,0.4468821585178375,55.90304946899414,847083.3333333334
40185,0.6676788330078125,,,,,,,847270.8333333334
40186,,65.75138092041016,,,,,,847291.6666666666
40198,0.6680884957313538,,,,,,,847541.6666666666
40199,,65.96678161621094,,,,,,847562.5
40208,0.6684063673019409,,,,,,,847750.0
40209,,56.78879165649414,,,,,,847770.8333333334
40218,0.6688656806945801,,,,,,,847958.3333333334
40219,,70.92987823486328,,,,,,847979.1666666666
40228,,,0.8453750014305115,0.8471209406852722,-0.11983752250671387,0.42093873023986816,61.88996124267578,848120.0
40244,0.6692430377006531,,,,,,,848440.0
40245,,62.737178802490234,,,,,,848460.0
40252,0.6695876121520996,,,,,,,848600.0
40253,,59.45928192138672,,,,,,848620.0
40260,0.6698888540267944,,,,,,,848760.0
40261,,55.1256217956543,,,,,,848780.0
40270,0.6703499555587769,,,,,,,848960.0
40271,,71.1092529296875,,,,,,848980.0
40275,,,0.8230966925621033,0.826062023639679,-0.056000709533691406,0.3456953763961792,72.32926177978516,849022.7272727273
40277,,,0.8231422305107117,0.8262933492660522,-0.24047128856182098,0.45888403058052063,63.73542404174805,849068.1818181818
40287,0.6707485914230347,,,,,,,849295.4545454546
40288,,64.86082458496094,,,,,,849318.1818181818
40295,0.6711422801017761,,,,,,,849477.2727272727
40296,,64.37007904052734,,,,,,849500.0
40307,0.6716380715370178,,,,,,,849750.0
40308,,74.57770538330078,,,,,,849772.7272727273
40316,0.6720423102378845,,,,,,,849954.5454545454
40317,,65.42298889160156,,,,,,849977.2727272727
40326,,,0.8298570513725281,0.8326267600059509,-0.16253143548965454,0.7376853227615356,63.349708557128906,850113.2075471698
40340,0.6723880171775818,,,,,,,850377.358490566
40341,,59.572296142578125,,,,,,850396.2264150943
40352,0.6728062033653259,,,,,,,850603.7735849057
40353,,66.81929779052734,,,,,,850622.641509434
40362,0.6733435392379761,,,,,,,850792.4528301887
40363,,78.73445129394531,,,,,,850811.320754717
40371,0.6737256646156311,,,,,,,850962.2641509434
40372,,63.209678649902344,,,,,,850981.1320754717
40377,,,0.831544816493988,0.8327199816703796,-0.18843157589435577,0.6363060474395752,55.95469665527344,851043.4782608695
40387,0.6741060018539429,,,,,,,851260.8695652174
40388,,63.03410339355469,,,,,,851282.6086956522
40400,0.6744868755340576,,,,,,,851543.4782608695
40401,,63.08587646484375,,,,,,851565.2173913043
40410,0.6749270558357239,,,,,,,851760.8695652174
40411,,69.01859283447266,,,,,,851782.6086956522
40419,0.6753402352333069,,,,,,,851956.5217391305
40420,,66.31658172607422,,,,,,851978.2608695652
40426,,,0.8092319965362549,0.8106377720832825,-0.06851435452699661,0.21992608904838562,55.7070426940918,852075.0
40436,0.6758720278739929,,,,,,,852325.0
40437,,78.18183898925781,,,,,,852350.0
40444,0.6762479543685913,,,,,,,852525.0
40445,,62.59493637084961,,,,,,852550.0
40455,0.6765574812889099,,,,,,,852800.0
40456,,55.9554557800293,,,,,,852825.0
40461,0.6768789887428284,,,,,,,852950.0
40462,,57.15176010131836,,,,,,852975.0
40467,,,0.8175708651542664,0.8196431398391724,-0.06001606211066246,0.22148127853870392,63.030792236328125,853051.282051282
40475,0.6772580742835999,,,,,,,853256.4102564103
40476,,62.90619659423828,,,,,,853282.0512820513
40487,0.6777127981185913,,,,,,,853564.1025641026
40488,,70.47048950195312,,,,,,853589.7435897436
40496,0.6780813932418823,,,,,,,853794.8717948718
40497,,61.85881042480469,,,,,,853820.5128205129
40502,0.6784528493881226,,,,,,,853948.717948718
40503,,62.14848709106445,,,,,,853974.358974359
40508,,,0.8329672813415527,0.8369969725608826,-0.13006503880023956,0.7194132208824158,65.12690734863281,854035.0877192982
40513,,,0.8363661170005798,0.8394181728363037,-0.08115784078836441,0.5952737331390381,56.307952880859375,854122.8070175438
40527,0.6788425445556641,,,,,,,854368.4210526316
40528,,63.9680061340332,,,,,,854385.9649122807
40541,0.679148256778717,,,,,,,854614.0350877193
40542,,55.5738410949707,,,,,,854631.5789473684
40555,0.6796060800552368,,,,,,,854859.649122807
40556,,70.77954864501953,,,,,,854877.1929824562
40561,0.6799109578132629,,,,,,,854964.9122807018
40562,,55.48540496826172,,,,,,854982.4561403509
40568,,,0.8096401691436768,0.8123036623001099,-0.31884145736694336,0.5446663498878479,66.36286926269531,855076.9230769231
40574,0.6804144382476807,,,,,,,855230.7692307692
40575,,75.34950256347656,,,,,,855256.4102564103
40584,0.6807578802108765,,,,,,,855487.1794871795
40585,,59.34377670288086,,,,,,855512.8205128205
40594,0.681033194065094,,,,,,,855743.5897435897
40595,,52.52851104736328,,,,,,855769.2307692308
40602,0.681323230266571,,,,,,,855948.717948718
40603,,54.00070571899414,,,,,,855974.358974359
40612,,,0.8123140335083008,0.8153567314147949,-0.1568622589111328,0.44404512643814087,68.78311157226562,856127.659574468
40623,0.6816412210464478,,,,,,,856361.7021276596
40624,,56.80177307128906,,,,,,856382.9787234042
40634,0.6819941401481628,,,,,,,856595.7446808511
40635,,60.29458236694336,,,,,,856617.0212765958
40640,0.6823109984397888,,,,,,,856723.4042553192
40641,,56.687774658203125,,,,,,856744.6808510638
40651,0.6826702356338501,,,,,,,856957.4468085107
40652,,60.92441177368164,,,,,,856978.7234042553
40657,,,0.8150424957275391,0.8180504441261292,-0.20954841375350952,0.6665580868721008,52.49482345581055,857051.282051282
40666,0.6829977035522461,,,,,,,857282.0512820513
40667,,57.744285583496094,,,,,,857307.6923076923
40672,0.6833890080451965,,,,,,,857435.8974358974
40673,,64.12926483154297,,,,,,857461.5384615385
40682,0.6838194131851196,,,,,,,857692.3076923077
40683,,68.03865051269531,,,,,,857717.9487179487
40692,0.6841314435005188,,,,,,,857948.717948718
40693,,56.20333480834961,,,,,,857974.358974359
40699,,,0.8125160336494446,0.8139193058013916,-0.06288369745016098,0.3945315182209015,57.10209655761719,858055.5555555555
40709,0.6845186352729797,,,,,,,858240.7407407408
40710,,63.718997955322266,,,,,,858259.2592592592
40716,0.6849389672279358,,,,,,,858370.3703703703
40717,,67.03593444824219,,,,,,858388.8888888889
40730,0.6854265928268433,,,,,,,858629.6296296297
40731,,73.76049041748047,,,,,,858648.1481481482
40748,0.6858991980552673,,,,,,,858962.9629629629
40749,,72.25858306884766,,,,,,858981.4814814815
40754,,,0.8343031406402588,0.8402167558670044,-0.34335780143737793,0.8037038445472717,66.98321533203125,859039.2156862745
40758,,,0.8283907771110535,0.8288692831993103,-0.1640244573354721,0.569620668888092,61.34333038330078,859117.6470588235
40768,0.6863817572593689,,,,,,,859313.725490196
40769,,73.2532730102539,,,,,,859333.3333333334
40780,0.6867951154708862,,,,,,,859549.0196078431
40781,,66.33321380615234,,,,,,859568.6274509804
40789,0.687127947807312,,,,,,,859725.4901960784
40790,,58.286014556884766,,,,,,859745.0980392157
40801,0.6874982118606567,,,,,,,859960.7843137255
40802,,62.026004791259766,,,,,,859980.3921568628
40808,,,0.8140478134155273,0.8155215978622437,-0.06331591308116913,0.34077540040016174,58.80286407470703,860066.6666666666
40822,0.6878299117088318,,,,,,,860377.7777777778
40823,,58.16703796386719,,,,,,860400.0
40829,0.6881781816482544,,,,,,,860533.3333333334
40830,,59.82508850097656,,,,,,860555.5555555555
40841,0.6885218620300293,,,,,,,860800.0
40842,,59.368553161621094,,,,,,860822.2222222222
40848,0.6888957619667053,,,,,,,860955.5555555555
40849,,62.38911819458008,,,,,,860977.7777777778
40855,,,0.8148199915885925,0.8153104782104492,-0.08512464910745621,0.38383832573890686,72.20831298828125,861068.1818181818
40865,0.6891923546791077,,,,,,,861295.4545454546
40866,,54.660614013671875,,,,,,861318.1818181818
40875,0.6894867420196533,,,,,,,861522.7272727273
40876,,54.43735122680664,,,,,,861545.4545454546
40885,0.6898697018623352,,,,,,,861750.0
40886,,63.29753494262695,,,,,,861772.7272727273
40894,0.6902682185173035,,,,,,,861954.5454545454
40895,,64.84933471679688,,,,,,861977.2727272727
40900,,,0.8146952390670776,0.8185679912567139,-0.09814447909593582,0.425606906414032,65.2834243774414,862041.6666666666
40917,0.6905206441879272,,,,,,,862395.8333333334
40918,,50.24473571777344,,,,,,862416.6666666666
40926,0.6908664703369141,,,,,,,862583.3333333334
40927,,59.58053207397461,,,,,,862604.1666666666
40934,0.6912955045700073,,,,,,,862750.0
40935,,67.90137481689453,,,,,,862770.8333333334
40944,0.6916787028312683,,,,,,,862958.3333333334
40945,,63.32278060913086,,,,,,862979.1666666666
40951,,,0.8165313601493835,0.8176159262657166,-0.10536574572324753,0.4634065330028534,54.87993240356445,863054.5454545454
40962,0.6920531392097473,,,,,,,863254.5454545454
40963,,62.44221496582031,,,,,,863272.7272727273
40973,0.6924236416816711,,,,,,,863454.5454545454
40974,,62.053218841552734,,,,,,863472.7272727273
40989,0.6928231120109558,,,,,,,863745.4545454546
40990,,64.94747924804688,,,,,,863763.6363636364
41001,0.6931813359260559,,,,,,,863963.6363636364
41002,,60.82203674316406,,,,,,863981.8181818182
41007,,,0.8237226605415344,0.8256482481956482,-0.1021658331155777,0.3824482858181,59.30240249633789,864046.5116279069
41010,,,0.8256953358650208,0.8303470611572266,-0.14049506187438965,0.5805349349975586,64.51069641113281,864116.2790697674
41017,0.6936001181602478,,,,,,,864279.0697674418
41018,,66.87590789794922,,,,,,864302.3255813953
41026,0.6938600540161133,,,,,,,864488.3720930233
41027,,50.99119567871094,,,,,,864511.6279069767
41033,0.6941407322883606,,,,,,,864651.1627906977
41034,,53.069557189941406,,,,,,864674.4186046511
41046,0.6944801807403564,,,,,,,864953.4883720931
41047,,58.94330596923828,,,,,,864976.7441860465
41054,,,0.8336486220359802,0.8357328176498413,-0.29683253169059753,0.6461281776428223,71.8087158203125,865080.0
41069,0.6948273777961731,,,,,,,865380.0
41070,,59.71840286254883,,,,,,865400.0
41079,0.6952916979789734,,,,,,,865580.0
41080,,71.433349609375,,,,,,865600.0
41086,0.695595920085907,,,,,,,865720.0
41087,,55.4210205078125,,,,,,865740.0
41098,0.6960061192512512,,,,,,,865960.0
41099,,66.0179443359375,,,,,,865980.0
41104,,,0.815680980682373,0.8190284371376038,-0.23436179757118225,0.39575567841529846,58.74827194213867,866046.5116279069
41113,0.6963383555412292,,,,,,,866255.8139534884
41114,,58.22344970703125,,,,,,866279.0697674418
41122,0.6966382265090942,,,,,,,866465.1162790698
41123,,54.98902130126953,,,,,,866488.3720930233
41133,0.697025716304779,,,,,,,866720.9302325582
41134,,63.748809814453125,,,,,,866744.1860465116
41143,0.697397768497467,,,,,,,866953.4883720931
41144,,62.20512390136719,,,,,,866976.7441860465
41150,,,0.8209362626075745,0.8214765787124634,-0.29349106550216675,0.49439865350723267,65.1541976928711,867057.6923076923
41166,0.6978089809417725,,,,,,,867365.3846153846
41167,,66.12117004394531,,,,,,867384.6153846154
41177,0.6981990337371826,,,,,,,867576.9230769231
41178,,64.0031509399414,,,,,,867596.1538461539
41187,0.6985390186309814,,,,,,,867769.2307692308
41188,,58.99573516845703,,,,,,867788.4615384615
41197,0.6989261507987976,,,,,,,867961.5384615385
41198,,63.712799072265625,,,,,,867980.7692307692
41204,,,0.8314411640167236,0.8324989080429077,-0.19717802107334137,0.5966943502426147,64.5698471069336,868058.8235294118
41216,0.699307382106781,,,,,,,868294.1176470588
41217,,63.122928619384766,,,,,,868313.725490196
41225,0.6996725797653198,,,,,,,868470.5882352941
41226,,61.51704025268555,,,,,,868490.1960784313
41238,0.7000560164451599,,,,,,,868725.4901960784
41239,,63.3411979675293,,,,,,868745.0980392157
41250,0.7003999948501587,,,,,,,868960.7843137255
41251,,59.3975715637207,,,,,,868980.3921568628
41256,,,0.8252300024032593,0.8261845111846924,-0.5128315091133118,0.8212056756019592,50.917945861816406,869041.6666666666
41260,,,0.8245106339454651,0.8318552374839783,-0.2971225082874298,0.5966267585754395,61.74991226196289,869125.0
41267,0.7006853222846985,,,,,,,869270.8333333334
41268,,53.53250503540039,,,,,,869291.6666666666
41278,0.7010427713394165,,,,,,,869500.0
41279,,60.74352264404297,,,,,,869520.8333333334
41290,0.7014366388320923,,,,,,,869750.0
41291,,64.3842544555664,,,,,,869770.8333333334
41300,0.7017317414283752,,,,,,,869958.3333333334
41301,,54.51323318481445,,,,,,869979.1666666666
41308,,,0.8344004154205322,0.8344870805740356,-0.11417073011398315,0.6926882266998291,60.091121673583984,870095.2380952381
41316,0.7021529078483582,,,,,,,870285.7142857143
41317,,67.1178207397461,,,,,,870309.5238095238
41324,0.7024805545806885,,,,,,,870476.1904761905
41325,,57.764495849609375,,,,,,870500.0
41334,0.7027733325958252,,,,,,,870714.2857142857
41335,,54.278560638427734,,,,,,870738.0952380953
41344,0.7031347155570984,,,,,,,870952.380952381
41345,,61.137760162353516,,,,,,870976.1904761905
41349,,,0.8422644734382629,0.8457322716712952,-0.17667478322982788,0.6919179558753967,65.93417358398438,871023.8095238095
41359,0.7036325335502625,,,,,,,871261.9047619047
41360,,74.78245544433594,,,,,,871285.7142857143
41369,0.7039250135421753,,,,,,,871500.0
41370,,54.24615478515625,,,,,,871523.8095238095
41377,0.7042482495307922,,,,,,,871690.4761904762
41378,,57.3210563659668,,,,,,871714.2857142857
41388,0.704654335975647,,,,,,,871952.380952381
41389,,65.6068115234375,,,,,,871976.1904761905
41395,,,0.8189573287963867,0.8197498321533203,-0.16935835778713226,0.6854543089866638,58.414791107177734,872076.9230769231
41405,0.7049369812011719,,,,,,,872333.3333333334
41406,,53.26219177246094,,,,,,872358.9743589744
41412,0.7053007483482361,,,,,,,872512.8205128205
41413,,61.37784194946289,,,,,,872538.4615384615
41422,0.7057164907455444,,,,,,,872769.2307692308
41423,,66.57534790039062,,,,,,872794.8717948718
41429,0.706085741519928,,,,,,,872948.717948718
41430,,61.92325210571289,,,,,,872974.358974359
41434,,,0.8328485488891602,0.8335702419281006,-0.2235531508922577,0.5086814761161804,42.01595687866211,873022.7272727273
41446,0.7063958048820496,,,,,,,873295.4545454546
41447,,56.00373840332031,,,,,,873318.1818181818
41455,0.7066676020622253,,,,,,,873500.0
41456,,52.181697845458984,,,,,,873522.7272727273
41467,0.7070189118385315,,,,,,,873772.7272727273
41468,,60.13378143310547,,,,,,873795.4545454546
41475,0.7074266672134399,,,,,,,873954.5454545454
41476,,65.77302551269531,,,,,,873977.2727272727
41480,,,0.8243512511253357,0.8320621252059937,-0.42749062180519104,0.7565358281135559,66.75636291503906,874022.7272727273
41485,,,0.8185675740242004,0.8196121454238892,-0.31274276971817017,0.5149126052856445,63.28350067138672,874136.3636363636
41493,0.7076908946037292,,,,,,,874318.1818181818
41494,,51.42085266113281,,,,,,874340.9090909091
41500,0.7080183029174805,,,,,,,874477.2727272727
41501,,57.739566802978516,,,,,,874500.0
41509,0.7083901762962341,,,,,,,874681.8181818182
41510,,62.185359954833984,,,,,,874704.5454545454
41521,0.708795964717865,,,,,,,874954.5454545454
41522,,65.57874298095703,,,,,,874977.2727272727
41527,,,0.8120402097702026,0.8126465678215027,-0.13668674230575562,0.3548741340637207,72.93876647949219,875042.5531914893
41539,0.709304928779602,,,,,,,875297.8723404255
41540,,75.89407348632812,,,,,,875319.1489361703
41552,0.7096725702285767,,,,,,,875574.4680851063
41553,,61.76244354248047,,,,,,875595.7446808511
41562,0.7100732326507568,,,,,,,875787.2340425532
41563,,65.06876373291016,,,,,,875808.5106382979
41570,0.7104961276054382,,,,,,,875957.4468085107
41571,,67.28766632080078,,,,,,875978.7234042553
41577,,,0.8300879597663879,0.8308530449867249,-0.4910617172718048,0.789444088935852,45.082916259765625,876056.6037735849
41589,0.7108896970748901,,,,,,,876283.0188679246
41590,,64.35710144042969,,,,,,876301.8867924528
41598,0.7114325761795044,,,,,,,876452.8301886793
41599,,79.2874984741211,,,,,,876471.6981132076
41613,0.7118069529533386,,,,,,,876735.8490566037
41614,,62.43693161010742,,,,,,876754.716981132
41625,0.7123077511787415,,,,,,,876962.2641509434
41626,,75.08169555664062,,,,,,876981.1320754717
41633,,,0.8277909755706787,0.8291987776756287,-0.2262277752161026,0.6333280205726624,59.92346954345703,877083.3333333334
41643,0.7126986384391785,,,,,,,877291.6666666666
41644,,64.08584594726562,,,,,,877312.5
41653,0.713087260723114,,,,,,,877500.0
41654,,63.86362838745117,,,,,,877520.8333333334
41664,0.7134983539581299,,,,,,,877729.1666666666
41665,,66.11216735839844,,,,,,877750.0
41675,0.7139607071876526,,,,,,,877958.3333333334
41676,,71.23499298095703,,,,,,877979.1666666666
41682,,,0.847837507724762,0.8505809903144836,-0.2997094690799713,0.49509429931640625,65.77973175048828,878085.7142857143
41691,0.7142991423606873,,,,,,,878342.8571428572
41692,,58.845741271972656,,,,,,878371.4285714285
41696,0.7147282958030701,,,,,,,878485.7142857143
41697,,67.9141845703125,,,,,,878514.2857142857
41704,0.7151004672050476,,,,,,,878714.2857142857
41705,,62.21736145019531,,,,,,878742.8571428572
41712,0.715391218662262,,,,,,,878942.8571428572
41713,,54.073951721191406,,,,,,878971.4285714285
41719,,,0.819887638092041,0.8214828372001648,-0.1892886757850647,0.38433897495269775,57.31806182861328,879073.1707317074
41721,,,0.8173251748085022,0.8186125755310059,-0.11409491300582886,0.6606996059417725,65.94718170166016,879121.9512195121
41726,0.7156817317008972,,,,,,,879243.9024390244
41727,,54.052921295166016,,,,,,879268.2926829269
41734,0.7159186601638794,,,,,,,879439.0243902439
41735,,48.69481658935547,,,,,,879463.4146341464
41744,0.7162487506866455,,,,,,,879682.9268292683
41745,,58.010677337646484,,,,,,879707.3170731707
41755,0.7167276740074158,,,,,,,879951.2195121951
41756,,72.89163970947266,,,,,,879975.6097560975
41764,,,0.8234134316444397,0.824572741985321,-0.15116359293460846,0.7065831422805786,71.25870513916016,880108.695652174
41775,0.7171271443367004,,,,,,,880347.8260869565
41776,,64.94818115234375,,,,,,880369.5652173914
41784,0.7174367904663086,,,,,,,880543.4782608695
41785,,55.96746063232422,,,,,,880565.2173913043
41793,0.7177899479866028,,,,,,,880739.1304347826
41794,,60.31279754638672,,,,,,880760.8695652174
41803,0.7181648015975952,,,,,,,880956.5217391305
41804,,62.48240280151367,,,,,,880978.2608695652
41810,,,0.8281124830245972,0.8305670619010925,-0.18457792699337006,0.6254282593727112,55.30111312866211,881068.1818181818
41816,0.7185338735580444,,,,,,,881204.5454545454
41817,,61.90480041503906,,,,,,881227.2727272727
41826,0.7188788056373596,,,,,,,881431.8181818182
41827,,59.49509048461914,,,,,,881454.5454545454
41836,0.7191230654716492,,,,,,,881659.0909090909
41837,,49.428672790527344,,,,,,881681.8181818182
41849,0.7194940447807312,,,,,,,881954.5454545454
41850,,62.09961700439453,,,,,,881977.2727272727
41857,,,0.830712080001831,0.8341756463050842,-0.007528644986450672,0.6055670380592346,66.5296630859375,882097.5609756098
41866,0.7197966575622559,,,,,,,882317.0731707317
41867,,55.261051177978516,,,,,,882341.4634146341
41875,0.7200580835342407,,,,,,,882536.5853658536
41876,,51.144142150878906,,,,,,882560.9756097561
41882,0.7204607725143433,,,,,,,882707.3170731707
41883,,65.26961517333984,,,,,,882731.7073170731
41892,0.7207852602005005,,,,,,,882951.2195121951
41893,,57.44935607910156,,,,,,882975.6097560975
41898,,,0.8145611882209778,0.8148319721221924,-0.16608329117298126,0.3422005772590637,62.57734298706055,883042.5531914893
41910,0.7211347222328186,,,,,,,883297.8723404255
41911,,59.945133209228516,,,,,,883319.1489361703
41921,0.7214576005935669,,,,,,,883531.914893617
41922,,57.28495788574219,,,,,,883553.1914893617
41932,0.7218696475028992,,,,,,,883765.9574468085
41933,,66.20226287841797,,,,,,883787.2340425532
41941,0.7222021818161011,,,,,,,883957.4468085107
41942,,58.256038665771484,,,,,,883978.7234042553
41946,,,0.8257195353507996,0.8306796550750732,-0.004839981906116009,0.5779158473014832,55.14559555053711,884023.2558139535
41950,,,0.8110851645469666,0.8125362396240234,-0.31720003485679626,0.8590961694717407,65.07013702392578,884116.2790697674
41961,0.7225708365440369,,,,,,,884372.0930232558
41962,,61.868106842041016,,,,,,884395.3488372093
41970,0.7228736877441406,,,,,,,884581.3953488372
41971,,55.286930084228516,,,,,,884604.6511627907
41979,0.7232853770256042,,,,,,,884790.6976744186
41980,,66.16789245605469,,,,,,884813.9534883721
41986,0.723560631275177,,,,,,,884953.4883720931
41987,,52.528194427490234,,,,,,884976.7441860465
41994,,,0.8404349684715271,0.842371940612793,-0.22367748618125916,0.999445915222168,62.576175689697266,885071.4285714285
42009,0.7239623665809631,,,,,,,885339.2857142857
42010,,65.17157745361328,,,,,,885357.1428571428
42022,0.7242598533630371,,,,,,,885571.4285714285
42023,,54.749393463134766,,,,,,885589.2857142857
42033,0.7245416641235352,,,,,,,885767.8571428572
42034,,53.17847442626953,,,,,,885785.7142857143
42044,0.7249562740325928,,,,,,,885964.2857142857
42045,,66.46338653564453,,,,,,885982.1428571428
42050,,,0.817535936832428,0.8189550042152405,-0.11264949291944504,0.3264361321926117,67.02572631835938,886043.4782608695
42060,0.7253323793411255,,,,,,,886260.8695652174
42061,,62.608978271484375,,,,,,886282.6086956522
42071,0.7256485819816589,,,,,,,886500.0
42072,,56.62022018432617,,,,,,886521.7391304348
42083,0.7259587049484253,,,,,,,886760.8695652174
42084,,56.01443099975586,,,,,,886782.6086956522
42092,0.726289689540863,,,,,,,886956.5217391305
42093,,58.09738540649414,,,,,,886978.2608695652
42098,,,0.8426519632339478,0.843834400177002,-0.2481241524219513,0.6239026188850403,58.438899993896484,887052.6315789474
42104,0.7265747785568237,,,,,,,887210.5263157894
42105,,53.509735107421875,,,,,,887236.8421052631
42117,0.7269856929779053,,,,,,,887552.6315789474
42118,,66.08938598632812,,,,,,887578.947368421
42125,0.7273760437965393,,,,,,,887763.1578947369
42126,,64.03610229492188,,,,,,887789.4736842106
42132,0.7277418375015259,,,,,,,887947.3684210526
42133,,61.57894515991211,,,,,,887973.6842105263
42138,,,0.8361892700195312,0.8372220993041992,-0.18561823666095734,0.6531075239181519,71.19779968261719,888042.5531914893
42147,0.7280520796775818,,,,,,,888234.0425531915
42148,,56.02143096923828,,,,,,888255.3191489362
42156,0.7283591628074646,,,,,,,888425.5319148937
42157,,55.705780029296875,,,,,,888446.8085106383
42170,0.7287546396255493,,,,,,,888723.4042553192
42171,,64.54620361328125,,,,,,888744.6808510638
42181,0.7291516661643982,,,,,,,888957.4468085107
42182,,64.70265197753906,,,,,,888978.7234042553
42187,,,0.8290184736251831,0.8292645215988159,-0.027666738256812096,0.9343181848526001,56.19081115722656,889040.8163265307
42190,,,0.8261321783065796,0.8285070061683655,-0.30785077810287476,0.6306071877479553,50.25359344482422,889102.0408163265
42200,0.7293897271156311,,,,,,,889306.1224489796
42201,,48.807647705078125,,,,,,889326.5306122449
42212,0.7297416925430298,,,,,,,889551.0204081633
42213,,60.1967658996582,,,,,,889571.4285714285
42223,0.7299663424491882,,,,,,,889775.5102040817
42224,,47.464324951171875,,,,,,889795.918367347
42232,0.7303714156150818,,,,,,,889959.1836734693
42233,,65.50598907470703,,,,,,889979.5918367347
42237,,,0.8186612129211426,0.8208515048027039,-0.28474918007850647,0.5268051028251648,58.56925582885742,890027.7777777778
42245,0.730668842792511,,,,,,,890250.0
42246,,54.74010467529297,,,,,,890277.7777777778
42255,0.73095703125,,,,,,,890527.7777777778
42256,,53.82010269165039,,,,,,890555.5555555555
42260,0.7313151955604553,,,,,,,890666.6666666666
42261,,60.815242767333984,,,,,,890694.4444444445
42270,0.73157799243927,,,,,,,890944.4444444445
42271,,51.281105041503906,,,,,,890972.2222222222
42278,,,0.8213806748390198,0.82200026512146,-0.0017099326942116022,0.5364184975624084,56.15199661254883,891097.5609756098
42286,0.7319773435592651,,,,,,,891292.6829268293
42287,,64.93702697753906,,,,,,891317.0731707317
42295,0.7322784662246704,,,,,,,891512.1951219512
42296,,55.11457061767578,,,,,,891536.5853658536
42303,0.7325819730758667,,,,,,,891707.3170731707
42304,,55.35234451293945,,,,,,891731.7073170731
42313,0.7329867482185364,,,,,,,891951.2195121951
42314,,65.47604370117188,,,,,,891975.6097560975
42319,,,0.8293412923812866,0.8317572474479675,-0.31729891896247864,1.3343408107757568,59.39440155029297,892048.7804878049
42327,0.7333417534828186,,,,,,,892243.9024390244
42328,,60.49967956542969,,,,,,892268.2926829269
42337,0.7337412238121033,,,,,,,892487.8048780488
42338,,64.94749450683594,,,,,,892512.1951219512
42347,0.734154462814331,,,,,,,892731.7073170731
42348,,66.32521057128906,,,,,,892756.0975609756
42356,0.7343404293060303,,,,,,,892951.2195121951
42357,,43.59518051147461,,,,,,892975.6097560975
42361,,,0.8328075408935547,0.8351883292198181,-0.205776646733284,0.8870903849601746,53.24433135986328,893027.027027027
42371,0.7347540259361267,,,,,,,893297.2972972973
42372,,66.36035919189453,,,,,,893324.3243243244
42379,0.7350685000419617,,,,,,,893513.5135135135
42380,,56.448760986328125,,,,,,893540.5405405406
42385,0.7354521751403809,,,,,,,893675.6756756756
42386,,63.3682746887207,,,,,,893702.7027027027
42395,0.7358472943305969,,,,,,,893945.9459459459
42396,,64.5129623413086,,,,,,893972.972972973
42400,,,0.8312775492668152,0.832363486289978,-0.41106998920440674,0.8960150480270386,63.71503829956055,894019.6078431372
42404,,,0.836137056350708,0.8383491635322571,-0.4125099182128906,1.0415618419647217,59.990821838378906,894098.0392156863
42414,0.7362181544303894,,,,,,,894294.1176470588
42415,,62.08734130859375,,,,,,894313.725490196
42425,0.7365173697471619,,,,,,,894509.8039215687
42426,,54.9188117980957,,,,,,894529.4117647059
42440,0.7367705702781677,,,,,,,894803.9215686275
42441,,50.318634033203125,,,,,,894823.5294117647
42448,0.7371364831924438,,,,,,,894960.7843137255
42449,,61.59187316894531,,,,,,894980.3921568628
42454,,,0.8333733677864075,0.8346372246742249,-0.2850032150745392,0.6539761424064636,56.271419525146484,895042.5531914893
42466,0.7375030517578125,,,,,,,895297.8723404255
42467,,61.65859603881836,,,,,,895319.1489361703
42476,0.7378559708595276,,,,,,,895510.6382978724
42477,,60.28950881958008,,,,,,895531.914893617
42486,0.7382522225379944,,,,,,,895723.4042553192
42487,,64.62413024902344,,,,,,895744.6808510638
42497,0.738554060459137,,,,,,,895957.4468085107
42498,,55.18546676635742,,,,,,895978.7234042553
42503,,,0.8207457065582275,0.8227532505989075,-0.3460434377193451,0.8240916728973389,71.69552612304688,896050.0
42509,0.7388737797737122,,,,,,,896200.0
42510,,56.97165298461914,,,,,,896225.0
42520,0.7392133474349976,,,,,,,896475.0
42521,,58.955406188964844,,,,,,896500.0
42527,0.7396060824394226,,,,,,,896650.0
42528,,64.27593231201172,,,,,,896675.0
42539,0.7400673627853394,,,,,,,896950.0
42540,,71.12625122070312,,,,,,896975.0
42545,,,0.840059757232666,0.8406646847724915,-0.2043277770280838,0.6320559978485107,61.70882034301758,897040.8163265307
42552,0.7404869794845581,,,,,,,897183.6734693878
42553,,66.96348571777344,,,,,,897204.081632653
42565,0.7408196926116943,,,,,,,897448.9795918367
42566,,58.27309799194336,,,,,,897469.387755102
42579,0.7411088943481445,,,,,,,897734.693877551
42580,,53.92163848876953,,,,,,897755.1020408163
42590,0.7414640784263611,,,,,,,897959.1836734693
42591,,60.519012451171875,,,,,,897979.5918367347
42596,,,0.8196440935134888,0.8198580741882324,-0.39592480659484863,1.0396549701690674,64.2437744140625,898044.4444444445
42608,0.741774320602417,,,,,,,898311.1111111111
42609,,56.02326583862305,,,,,,898333.3333333334
42618,0.7422159314155579,,,,,,,898533.3333333334
42619,,69.16243743896484,,,,,,898555.5555555555
42627,0.7424910068511963,,,,,,,898733.3333333334
42628,,52.50542068481445,,,,,,898755.5555555555
42637,0.7428142428398132,,,,,,,898955.5555555555
42638,,57.32093811035156,,,,,,898977.7777777778
42642,,,0.8241130113601685,0.8275330066680908,-0.24725103378295898,0.6193350553512573,60.55323028564453,899025.641025641
42645,,,0.8277715444564819,0.8297581672668457,-0.3164576292037964,0.5383440852165222,47.67165756225586,899102.5641025641
42650,0.7432853579521179,,,,,,,899230.7692307692
42651,,72.11363983154297,,,,,,899256.4102564103
42662,0.7435364723205566,,,,,,,899538.4615384615
42663,,50.11026382446289,,,,,,899564.1025641026
42670,0.7438322901725769,,,,,,,899743.5897435897
42671,,54.58269500732422,,,,,,899769.2307692308
42678,0.7441418170928955,,,,,,,899948.717948718
42679,,55.95566177368164,,,,,,899974.358974359
42684,,,0.835290253162384,0.8385111093521118,-0.27087530493736267,0.6126488447189331,63.45941925048828,900047.619047619
42692,0.7445166707038879,,,,,,,900238.0952380953
42693,,62.48439407348633,,,,,,900261.9047619047
42703,0.7448917031288147,,,,,,,900500.0
42704,,62.50181198120117,,,,,,900523.8095238095
42710,0.7453146576881409,,,,,,,900666.6666666666
42711,,67.29266357421875,,,,,,900690.4761904762
42722,0.74558424949646,,,,,,,900952.380952381
42723,,51.96025085449219,,,,,,900976.1904761905
42729,,,0.8230574131011963,0.8241688013076782,-0.28521648049354553,0.620556116104126,64.98938751220703,901076.9230769231
42738,0.7458707094192505,,,,,,,901307.6923076923
42739,,53.64476013183594,,,,,,901333.3333333334
42745,0.7462865114212036,,,,,,,901487.1794871795
42746,,66.58235168457031,,,,,,901512.8205128205
42755,0.7466279864311218,,,,,,,901743.5897435897
42756,,59.15021896362305,,,,,,901769.2307692308
42763,0.7469742894172668,,,,,,,901948.717948718
42764,,59.632057189941406,,,,,,901974.358974359
42770,,,0.836820662021637,0.8418229222297668,-0.25480347871780396,0.5833162069320679,66.9554214477539,902057.6923076923
42781,0.7472543716430664,,,,,,,902269.2307692308
42782,,53.01065444946289,,,,,,902288.4615384615
42791,0.7475970983505249,,,,,,,902461.5384615385
42792,,59.27412796020508,,,,,,902480.7692307692
42806,0.7480757832527161,,,,,,,902750.0
42807,,72.86978912353516,,,,,,902769.2307692308
42817,0.748451292514801,,,,,,,902961.5384615385
42818,,62.55292892456055,,,,,,902980.7692307692
42823,,,0.8251973390579224,0.8293253779411316,-0.14336255192756653,0.6520668268203735,62.456825256347656,903044.4444444445
42833,0.7488040328025818,,,,,,,903266.6666666666
42834,,60.27224349975586,,,,,,903288.8888888889
42844,0.7491592764854431,,,,,,,903511.1111111111
42845,,60.52139663696289,,,,,,903533.3333333334
42851,0.7495900392532349,,,,,,,903666.6666666666
42852,,68.07572937011719,,,,,,903688.8888888889
42864,0.7499610781669617,,,,,,,903955.5555555555
42865,,62.10285186767578,,,,,,903977.7777777778
42869,,,0.8445500135421753,0.8479905128479004,-0.3129440248012543,0.7412717342376709,56.284088134765625,904020.0
42871,,,0.8113909959793091,0.8123923540115356,-0.4332054853439331,0.6623210310935974,53.66449737548828,904060.0
42882,0.7503328323364258,,,,,,,904280.0
42883,,62.17316436767578,,,,,,904300.0
42894,0.7506550550460815,,,,,,,904520.0
42895,,57.22068405151367,,,,,,904540.0
42906,0.7508779168128967,,,,,,,904760.0
42907,,47.288761138916016,,,,,,904780.0
42916,0.7511115670204163,,,,,,,904960.0
42917,,48.36271286010742,,,,,,904980.0
42923,,,0.8345903158187866,0.83714759349823,-0.0010907278629019856,0.769099235534668,60.114036560058594,905068.1818181818
42929,0.7514861822128296,,,,,,,905204.5454545454
42930,,62.4613151550293,,,,,,905227.2727272727
42940,0.7518301606178284,,,,,,,905454.5454545454
42941,,59.39845657348633,,,,,,905477.2727272727
42954,0.7521811723709106,,,,,,,905772.7272727273
42955,,60.0991096496582,,,,,,905795.4545454546
42962,0.7525597214698792,,,,,,,905954.5454545454
42963,,62.85390853881836,,,,,,905977.2727272727
42970,,,0.8179118037223816,0.8185878992080688,0.06678983569145203,0.42409902811050415,58.88361740112305,906083.3333333334
42980,0.7528834939002991,,,,,,,906291.6666666666
42981,,57.37971496582031,,,,,,906312.5
42990,0.7531561851501465,,,,,,,906500.0
42991,,52.26830291748047,,,,,,906520.8333333334
43002,0.7535409331321716,,,,,,,906750.0
43003,,63.47255325317383,,,,,,906770.8333333334
43012,0.7539432048797607,,,,,,,906958.3333333334
43013,,65.22900390625,,,,,,906979.1666666666
43017,,,0.8218708634376526,0.8228179812431335,-0.2920685112476349,0.5667068958282471,61.08981704711914,907021.2765957447
43029,0.7543420195579529,,,,,,,907276.5957446808
43030,,64.88408660888672,,,,,,907297.8723404255
43039,0.7546877264976501,,,,,,,907489.3617021276
43040,,59.571590423583984,,,,,,907510.6382978724
43047,0.7548609375953674,,,,,,,907659.5744680851
43048,,42.323848724365234,,,,,,907680.8510638297
43061,0.755298376083374,,,,,,,907957.4468085107
43062,,68.7457504272461,,,,,,907978.7234042553
43068,,,0.8165395259857178,0.8196800947189331,-0.18914303183555603,0.6793288588523865,61.99415588378906,908068.1818181818
43077,0.7557516694068909,,,,,,,908272.7272727273
43078,,70.32662200927734,,,,,,908295.4545454546
43086,0.7561689019203186,,,,,,,908477.2727272727
43087,,66.72344207763672,,,,,,908500.0
43096,0.7565221190452576,,,,,,,908704.5454545454
43097,,60.32191467285156,,,,,,908727.2727272727
43107,0.7568982243537903,,,,,,,908954.5454545454
43108,,62.61039352416992,,,,,,908977.2727272727
43114,,,0.8340939879417419,0.8377510905265808,-0.30312806367874146,0.676801323890686,64.95498657226562,909066.6666666666
43119,,,0.8242982625961304,0.8275729417800903,-0.06856310367584229,0.6379843950271606,62.25647735595703,909177.7777777778
43124,0.7573038339614868,,,,,,,909288.8888888889
43125,,65.56143188476562,,,,,,909311.1111111111
43134,0.7576913833618164,,,,,,,909511.1111111111
43135,,63.752811431884766,,,,,,909533.3333333334
43143,0.7580996155738831,,,,,,,909711.1111111111
43144,,65.8240966796875,,,,,,909733.3333333334
43154,0.7584134936332703,,,,,,,909955.5555555555
43155,,56.389522552490234,,,,,,909977.7777777778
43160,,,0.8322709798812866,0.8337900638580322,-0.058339331299066544,0.39004746079444885,61.35297393798828,910064.5161290322
43167,0.7586782574653625,,,,,,,910290.3225806452
43168,,51.47511672973633,,,,,,910322.5806451613
43174,0.7589501738548279,,,,,,,910516.1290322581
43175,,52.19336700439453,,,,,,910548.3870967742
43181,0.7592638731002808,,,,,,,910741.9354838709
43182,,56.37052536010742,,,,,,910774.1935483871
43187,0.7596418261528015,,,,,,,910935.4838709678
43188,,62.797794342041016,,,,,,910967.7419354839
43192,,,0.8358076214790344,0.8375398516654968,-0.2922729551792145,0.9858302474021912,63.03694534301758,911023.2558139535
43201,0.7600884437561035,,,,,,,911232.5581395349
43202,,69.65924835205078,,,,,,911255.8139534884
43211,0.760379433631897,,,,,,,911465.1162790698
43212,,54.09931182861328,,,,,,911488.3720930233
43222,0.7607316970825195,,,,,,,911720.9302325582
43223,,60.22347640991211,,,,,,911744.1860465116
43232,0.7610378861427307,,,,,,,911953.4883720931
43233,,55.62055969238281,,,,,,911976.7441860465
43238,,,0.8304763436317444,0.8342494964599609,-0.37705671787261963,0.6325623393058777,63.922454833984375,912046.5116279069
43251,0.7614720463752747,,,,,,,912348.8372093023
43252,,68.41850280761719,,,,,,912372.0930232558
43260,0.7618473768234253,,,,,,,912558.1395348837
43261,,62.53518295288086,,,,,,912581.3953488372
43270,0.7621806263923645,,,,,,,912790.6976744186
43271,,58.324951171875,,,,,,912813.9534883721
43277,0.7625089287757874,,,,,,,912953.4883720931
43278,,57.82746887207031,,,,,,912976.7441860465
43282,,,0.8282882571220398,0.8342200517654419,-0.3987220823764801,0.8286709189414978,62.50472640991211,913020.4081632653
43295,0.7628348469734192,,,,,,,913285.7142857143
43296,,57.5925407409668,,,,,,913306.1224489796
43307,0.763221800327301,,,,,,,913530.612244898
43308,,63.693824768066406,,,,,,913551.0204081633
43316,0.7636204957962036,,,,,,,913714.2857142857
43317,,64.8703842163086,,,,,,913734.693877551
43328,0.7638861536979675,,,,,,,913959.1836734693
43329,,51.564029693603516,,,,,,913979.5918367347
43333,,,0.8401885628700256,0.8417346477508545,-0.4153851270675659,0.9847510457038879,55.60615539550781,914022.2222222222
43337,,,0.8466005921363831,0.8515796065330505,-0.45519745349884033,1.1155098676681519,66.66727447509766,914111.1111111111
43346,0.7641237378120422,,,,,,,914311.1111111111
43347,,48.75748825073242,,,,,,914333.3333333334
43358,0.7645496129989624,,,,,,,914577.7777777778
43359,,67.5880355834961,,,,,,914600.0
43366,0.7648908495903015,,,,,,,914755.5555555555
43367,,59.12348175048828,,,,,,914777.7777777778
43375,0.7652419209480286,,,,,,,914955.5555555555
43376,,60.109153747558594,,,,,,914977.7777777778
43385,,,0.8306714296340942,0.8314898610115051,-0.30548933148384094,0.6120232939720154,57.241188049316406,915107.1428571428
43396,0.7655827403068542,,,,,,,915303.5714285715
43397,,59.08146286010742,,,,,,915321.4285714285
43407,0.7659508585929871,,,,,,,915500.0
43408,,61.811397552490234,,,,,,915517.8571428572
43420,0.7663108706474304,,,,,,,915732.1428571428
43421,,61.0023307800293,,,,,,915750.0
43433,0.7667911052703857,,,,,,,915964.2857142857
43434,,73.02349853515625,,,,,,915982.1428571428
43440,,,0.8261309862136841,0.8270788788795471,-0.03269316628575325,0.7728219032287598,65.65242767333984,916068.1818181818
43449,0.7672079205513,,,,,,,916272.7272727273
43450,,66.68440246582031,,,,,,916295.4545454546
43458,0.7676025629043579,,,,,,,916477.2727272727
43459,,64.4662857055664,,,,,,916500.0
43468,0.7679318785667419,,,,,,,916704.5454545454
43469,,57.932640075683594,,,,,,916727.2727272727
43479,0.7682276964187622,,,,,,,916954.5454545454
43480,,54.58428955078125,,,,,,916977.2727272727
43486,,,0.8370099663734436,0.8376704454421997,-0.04761747270822525,0.6838764548301697,65.25559997558594,917056.6037735849
43497,0.7686140537261963,,,,,,,917264.1509433963
43498,,63.63388442993164,,,,,,917283.0188679246
43513,0.7691172361373901,,,,,,,917566.037735849
43514,,75.317138671875,,,,,,917584.9056603773
43524,0.7694249749183655,,,,,,,917773.5849056604
43525,,55.775718688964844,,,,,,917792.4528301887
43534,0.7698100805282593,,,,,,,917962.2641509434
43535,,63.5101318359375,,,,,,917981.1320754717
43540,,,0.8349446058273315,0.8401232361793518,-0.3236980736255646,1.155982494354248,51.87168884277344,918047.619047619
43551,0.7702483534812927,,,,,,,918309.5238095238
43552,,68.82537078857422,,,,,,918333.3333333334
43561,0.7705860733985901,,,,,,,918547.619047619
43562,,58.77220916748047,,,,,,918571.4285714285
43570,0.7708571553230286,,,,,,,918761.9047619047
43571,,52.107913970947266,,,,,,918785.7142857143
43578,0.7712530493736267,,,,,,,918952.380952381
43579,,64.58647918701172,,,,,,918976.1904761905
43584,,,0.8186665773391724,0.8212619423866272,-0.08103463053703308,0.48446762561798096,53.892967224121094,919037.0370370371
43587,,,0.815008819103241,0.819490373134613,-0.3493894934654236,0.6431294083595276,55.61521911621094,919092.5925925926
43600,0.7716588377952576,,,,,,,919333.3333333334
43601,,65.57844543457031,,,,,,919351.8518518518
43611,0.7719194889068604,,,,,,,919537.0370370371
43612,,51.064083099365234,,,,,,919555.5555555555
43620,0.7722039222717285,,,,,,,919703.7037037037
43621,,53.44187927246094,,,,,,919722.2222222222
43634,0.7724244594573975,,,,,,,919962.9629629629
43635,,47.050777435302734,,,,,,919981.4814814815
43642,,,0.824828565120697,0.8250556588172913,-0.45225775241851807,0.7851166129112244,62.89501190185547,920095.2380952381
43650,0.7726868987083435,,,,,,,920285.7142857143
43651,,51.24222946166992,,,,,,920309.5238095238
43661,0.7730563282966614,,,,,,,920547.619047619
43662,,61.94419860839844,,,,,,920571.4285714285
43668,0.773595929145813,,,,,,,920714.2857142857
43669,,78.96212005615234,,,,,,920738.0952380953
43678,0.7739819884300232,,,,,,,920952.380952381
43679,,63.60466384887695,,,,,,920976.1904761905
43684,,,0.8175061345100403,0.8207936882972717,-0.42384201288223267,1.2181994915008545,67.42556762695312,921054.0540540541
43690,0.7743217945098877,,,,,,,921216.2162162162
43691,,58.982540130615234,,,,,,921243.2432432432
43697,0.7747132778167725,,,,,,,921405.4054054054
43698,,64.14788818359375,,,,,,921432.4324324324
43708,0.7750656008720398,,,,,,,921702.7027027027
43709,,60.23518371582031,,,,,,921729.7297297297
43717,0.7754581570625305,,,,,,,921945.9459459459
43718,,64.25801849365234,,,,,,921972.972972973
43723,,,0.8297286033630371,0.8308745622634888,-0.26549622416496277,0.8796691298484802,69.87567138671875,922050.0
43728,0.7756873369216919,,,,,,,922175.0
43729,,47.91593933105469,,,,,,922200.0
43737,0.775998055934906,,,,,,,922400.0
43738,,56.06984329223633,,,,,,922425.0
43752,0.7763426303863525,,,,,,,922775.0
43753,,59.455604553222656,,,,,,922800.0
43759,0.776646077632904,,,,,,,922950.0
43760,,55.34703826904297,,,,,,922975.0
43764,,,0.8336997032165527,0.8343015909194946,-0.25182610750198364,0.6844509840011597,62.64983367919922,923023.2558139535
43772,0.7770143151283264,,,,,,,923209.3023255814
43773,,61.824554443359375,,,,,,923232.5581395349
43784,0.7773421406745911,,,,,,,923488.3720930233
43785,,57.781089782714844,,,,,,923511.6279069767
43794,0.7775047421455383,,,,,,,923720.9302325582
43795,,41.26118469238281,,,,,,923744.1860465116
43804,0.7778220176696777,,,,,,,923953.4883720931
43805,,56.728572845458984,,,,,,923976.7441860465
43810,,,0.8326093554496765,0.8349510431289673,-0.08750800788402557,0.6250301599502563,58.001461029052734,924044.4444444445
43811,,,0.8403079509735107,0.8451065421104431,-0.4020862281322479,0.6735355257987976,55.61722946166992,924066.6666666666
43817,0.7781645655632019,,,,,,,924200.0
43818,,59.25764083862305,,,,,,924222.2222222222
43832,0.7785847187042236,,,,,,,924533.3333333334
43833,,67.0158462524414,,,,,,924555.5555555555
43842,0.779001772403717,,,,,,,924755.5555555555
43843,,66.70787811279297,,,,,,924777.7777777778
43851,0.7793369293212891,,,,,,,924955.5555555555
43852,,58.514217376708984,,,,,,924977.7777777778
43858,,,0.8399513959884644,0.8454268574714661,-0.26168832182884216,0.8765360713005066,53.43696594238281,925068.1818181818
43866,0.7795888185501099,,,,,,,925250.0
43867,,50.18819808959961,,,,,,925272.7272727273
43879,0.7799913287162781,,,,,,,925545.4545454546
43880,,65.24930572509766,,,,,,925568.1818181818
43886,0.7803574204444885,,,,,,,925704.5454545454
43887,,61.60772705078125,,,,,,925727.2727272727
43897,0.7806931138038635,,,,,,,925954.5454545454
43898,,58.56742477416992,,,,,,925977.2727272727
43902,,,0.8232633471488953,0.8258597254753113,-0.08826462924480438,0.5236144661903381,56.62367630004883,926023.8095238095
43914,0.7811154127120972,,,,,,,926309.5238095238
43915,,67.2274169921875,,,,,,926333.3333333334
43920,0.7814639210700989,,,,,,,926452.380952381
43921,,59.85182189941406,,,,,,926476.1904761905
43929,0.7817144989967346,,,,,,,926666.6666666666
43930,,50.06046676635742,,,,,,926690.4761904762
43941,0.7820918560028076,,,,,,,926952.380952381
43942,,62.73678207397461,,,,,,926976.1904761905
43947,,,0.8369922041893005,0.8377328515052795,-0.20799106359481812,0.5393893122673035,61.125606536865234,927047.619047619
43959,0.7823948264122009,,,,,,,927333.3333333334
43960,,55.299888610839844,,,,,,927357.1428571428
43967,0.7826273441314697,,,,,,,927523.8095238095
43968,,48.25377655029297,,,,,,927547.619047619
43977,0.7830475568771362,,,,,,,927761.9047619047
43978,,67.01893615722656,,,,,,927785.7142857143
43985,0.7834348082542419,,,,,,,927952.380952381
43986,,63.725521087646484,,,,,,927976.1904761905
43990,,,0.8331368565559387,0.8344820141792297,-0.13995808362960815,0.4093936085700989,62.957481384277344,928027.7777777778
43997,0.7837772965431213,,,,,,,928222.2222222222
43998,,59.245853424072266,,,,,,928250.0
44008,0.7841446995735168,,,,,,,928527.7777777778
44009,,61.73974609375,,,,,,928555.5555555555
44015,0.7844298481941223,,,,,,,928722.2222222222
44016,,53.5161018371582,,,,,,928750.0
44023,0.7847833633422852,,,,,,,928944.4444444445
44024,,60.34920883178711,,,,,,928972.2222222222
44028,,,0.8331462144851685,0.8331936597824097,-0.30136099457740784,1.059729814529419,58.19121170043945,929021.7391304348
44031,,,0.8277385830879211,0.8288865089416504,-0.2901809513568878,0.6434464454650879,48.84466552734375,929086.9565217391
44038,0.7850186824798584,,,,,,,929239.1304347826
44039,,48.53195571899414,,,,,,929260.8695652174
44049,0.7853706479072571,,,,,,,929478.2608695652
44050,,60.19831466674805,,,,,,929500.0
44057,0.7857414484024048,,,,,,,929652.1739130435
44058,,62.08094024658203,,,,,,929673.9130434783
44071,0.7859854102134705,,,,,,,929956.5217391305
44072,,49.39411544799805,,,,,,929978.2608695652
44078,,,0.8294567465782166,0.8332439661026001,-0.11595923453569412,0.9011571407318115,64.14683532714844,930060.0
44087,0.7863033413887024,,,,,,,930240.0
44088,,56.79288101196289,,,,,,930260.0
44099,0.7866379022598267,,,,,,,930480.0
44100,,58.45697021484375,,,,,,930500.0
44109,0.7869919538497925,,,,,,,930680.0
44110,,60.403907775878906,,,,,,930700.0
44123,0.7872596383094788,,,,,,,930960.0
44124,,51.77073669433594,,,,,,930980.0
44130,,,0.8228110671043396,0.8268089294433594,-0.325074702501297,0.682547926902771,59.92656326293945,931069.7674418605
44138,0.7875905632972717,,,,,,,931255.8139534884
44139,,58.0937385559082,,,,,,931279.0697674418
44152,0.7880166172981262,,,,,,,931581.3953488372
44153,,67.60311126708984,,,,,,931604.6511627907
44162,0.7883388996124268,,,,,,,931813.9534883721
44163,,57.22671127319336,,,,,,931837.2093023256
44168,0.7887097597122192,,,,,,,931953.4883720931
44169,,62.08666229248047,,,,,,931976.7441860465
44173,,,0.8188962340354919,0.8192142844200134,-0.31294605135917664,0.5846675038337708,60.59699630737305,932020.8333333334
44193,0.7888798117637634,,,,,,,932437.5
44194,,42.00563049316406,,,,,,932458.3333333334
44199,0.7891750931739807,,,,,,,932562.5
44200,,54.52543640136719,,,,,,932583.3333333334
44208,0.7894957065582275,,,,,,,932750.0
44209,,57.05955505371094,,,,,,932770.8333333334
44218,0.7899084091186523,,,,,,,932958.3333333334
44219,,66.26795959472656,,,,,,932979.1666666666
44223,,,0.8465678095817566,0.8503150939941406,-0.09309878945350647,1.0001873970031738,53.300777435302734,933020.8333333334
44237,0.7902419567108154,,,,,,,933312.5
44238,,58.355369567871094,,,,,,933333.3333333334
44247,0.7905173301696777,,,,,,,933520.8333333334
44248,,52.5401496887207,,,,,,933541.6666666666
44259,0.790799081325531,,,,,,,933770.8333333334
44260,,53.17304611206055,,,,,,933791.6666666666
44268,0.7909864187240601,,,,,,,933958.3333333334
44269,,43.73605728149414,,,,,,933979.1666666666
44273,,,0.8196768760681152,0.8214552402496338,-0.3392419219017029,0.6675185561180115,55.91756820678711,934020.8333333334
44280,,,0.8231952786445618,0.8293582797050476,0.020530929788947105,0.5463083982467651,50.68901062011719,934166.6666666666
44287,0.7911630868911743,,,,,,,934312.5
44288,,42.66593933105469,,,,,,934333.3333333334
44295,0.7914698719978333,,,,,,,934479.1666666666
44296,,55.677215576171875,,,,,,934500.0
44306,0.7918558120727539,,,,,,,934708.3333333334
44307,,63.59409713745117,,,,,,934729.1666666666
44318,0.7922909259796143,,,,,,,934958.3333333334
44319,,68.5138931274414,,,,,,934979.1666666666
44325,,,0.8388159871101379,0.8395137786865234,-0.6063228845596313,1.1584171056747437,50.68091583251953,935066.6666666666
44338,0.7925963401794434,,,,,,,935355.5555555555
44339,,55.53908920288086,,,,,,935377.7777777778
44348,0.7929733395576477,,,,,,,935577.7777777778
44349,,62.70073318481445,,,,,,935600.0
44359,0.7932748198509216,,,,,,,935822.2222222222
44360,,55.14938735961914,,,,,,935844.4444444445
44365,0.793654203414917,,,,,,,935955.5555555555
44366,,62.936519622802734,,,,,,935977.7777777778
44374,,,0.8293726444244385,0.8321797251701355,-0.2870343029499054,0.7121614217758179,59.51777267456055,936090.9090909091
44388,0.7940278053283691,,,,,,,936345.4545454546
44389,,62.36011505126953,,,,,,936363.6363636364
44402,0.7943198680877686,,,,,,,936600.0
44403,,54.20499801635742,,,,,,936618.1818181818
44410,0.7946199178695679,,,,,,,936745.4545454546
44411,,55.007789611816406,,,,,,936763.6363636364
44422,0.7948387861251831,,,,,,,936963.6363636364
44423,,46.8845100402832,,,,,,936981.8181818182
44428,,,0.8250279426574707,0.8266056776046753,-0.2210390567779541,0.5314798355102539,53.18159103393555,937050.0
44441,0.7952722907066345,,,,,,,937375.0
44442,,68.34915161132812,,,,,,937400.0
44449,0.7955842614173889,,,,,,,937575.0
44450,,56.19860076904297,,,,,,937600.0
44456,0.7958585023880005,,,,,,,937750.0
44457,,52.42497634887695,,,,,,937775.0
44464,0.7962475419044495,,,,,,,937950.0
44465,,63.90559387207031,,,,,,937975.0
44469,,,0.838827908039093,0.8388307094573975,-0.33830922842025757,0.6848762035369873,55.37425994873047,938020.8333333334
44482,0.7965390086174011,,,,,,,938291.6666666666
44483,,54.147457122802734,,,,,,938312.5
44492,0.7969520092010498,,,,,,,938500.0
44493,,66.29955291748047,,,,,,938520.8333333334
44502,0.7971981167793274,,,,,,,938708.3333333334
44503,,49.61082458496094,,,,,,938729.1666666666
44514,0.7974911332130432,,,,,,,938958.3333333334
44515,,54.30324172973633,,,,,,938979.1666666666
44519,,,0.8543612957000732,0.8544153571128845,-0.0008490145555697381,1.1105241775512695,52.34614944458008,939024.3902439025
44521,,,0.8297545909881592,0.8358443975448608,-0.2242518961429596,0.8007562756538391,64.0113525390625,939073.1707317074
44528,0.7977665662765503,,,,,,,939243.9024390244
44529,,52.54582214355469,,,,,,939268.2926829269
44536,0.7980556488037109,,,,,,,939439.0243902439
44537,,53.90528869628906,,,,,,939463.4146341464
44549,0.798416793346405,,,,,,,939756.0975609756
44550,,61.1132698059082,,,,,,939780.487804878
44557,0.7986310720443726,,,,,,,939951.2195121951
44558,,46.42612838745117,,,,,,939975.6097560975
44564,,,0.8392970561981201,0.8396070003509521,-0.26058781147003174,0.7628353834152222,40.423770904541016,940063.8297872341
44580,0.7990056872367859,,,,,,,940404.2553191489
44581,,62.460304260253906,,,,,,940425.5319148937
44590,0.7993200421333313,,,,,,,940617.0212765958
44591,,56.432777404785156,,,,,,940638.2978723404
44599,0.7996276617050171,,,,,,,940808.5106382979
44600,,55.759735107421875,,,,,,940829.7872340425
44606,0.7999395132064819,,,,,,,940957.4468085107
44607,,56.18238067626953,,,,,,940978.7234042553
44614,,,0.8436391353607178,0.8476173281669617,-0.2889705300331116,0.7445433735847473,60.33854293823242,941086.9565217391
44625,0.8003783226013184,,,,,,,941326.0869565217
44626,,68.88048553466797,,,,,,941347.8260869565
44631,0.800586998462677,,,,,,,941456.5217391305
44632,,45.867794036865234,,,,,,941478.2608695652
44643,0.8008570075035095,,,,,,,941717.3913043478
44644,,51.99894332885742,,,,,,941739.1304347826
44654,0.8011366128921509,,,,,,,941956.5217391305
44655,,52.96209716796875,,,,,,941978.2608695652
44660,,,0.8300380110740662,0.8367127776145935,-0.23665647208690643,0.5786685943603516,70.52293395996094,942042.5531914893
44668,0.8015433549880981,,,,,,,942212.7659574468
44669,,65.67224884033203,,,,,,942234.0425531915
44678,0.8018033504486084,,,,,,,942425.5319148937
44679,,50.99717712402344,,,,,,942446.8085106383
44688,0.80210280418396,,,,,,,942638.2978723404
44689,,54.94462585449219,,,,,,942659.5744680851
44703,0.8025274276733398,,,,,,,942957.4468085107
44704,,67.46258544921875,,,,,,942978.7234042553
44710,,,0.8373792767524719,0.8402059078216553,-0.10424332320690155,1.147288203239441,66.7265853881836,943075.0
44718,0.802870512008667,,,,,,,943275.0
44719,,59.30620574951172,,,,,,943300.0
44725,0.8031781911849976,,,,,,,943450.0
44726,,55.76628875732422,,,,,,943475.0
44735,0.8033944964408875,,,,,,,943700.0
44736,,46.62979507446289,,,,,,943725.0
44745,0.8037519454956055,,,,,,,943950.0
44746,,60.743343353271484,,,,,,943975.0
44751,,,0.8368884921073914,0.8380036354064941,-0.41112011671066284,0.7917991876602173,63.24185562133789,944040.8163265307
44755,,,0.8354676961898804,0.8358586430549622,-0.29128092527389526,0.8781834840774536,70.16039276123047,944122.4489795918
44761,0.8039699792861938,,,,,,,944244.8979591837
44762,,46.80232620239258,,,,,,944265.306122449
44771,0.8043147325515747,,,,,,,944448.9795918367
44772,,59.47358703613281,,,,,,944469.387755102
44782,0.8046057224273682,,,,,,,944673.4693877551
44783,,54.09889221191406,,,,,,944693.8775510204
44796,0.8049939870834351,,,,,,,944959.1836734693
44797,,63.825557708740234,,,,,,944979.5918367347
44805,,,0.828286349773407,0.8309674859046936,-0.28391945362091064,0.8043551445007324,49.5067138671875,945104.1666666666
44813,0.8051997423171997,,,,,,,945270.8333333334
44814,,45.574684143066406,,,,,,945291.6666666666
44824,0.8054895997047424,,,,,,,945500.0
44825,,53.98516845703125,,,,,,945520.8333333334
44834,0.8058000206947327,,,,,,,945708.3333333334
44835,,56.04176712036133,,,,,,945729.1666666666
44846,0.8059659004211426,,,,,,,945958.3333333334
44847,,41.588829040527344,,,,,,945979.1666666666
44854,,,0.8233314156532288,0.8290647268295288,-0.29153570532798767,0.9776626825332642,59.96158981323242,946090.9090909091
44862,0.80605149269104,,,,,,,946272.7272727273
44863,,33.55717849731445,,,,,,946295.4545454546
44872,0.8063791990280151,,,,,,,946500.0
44873,,57.76895523071289,,,,,,946522.7272727273
44882,0.8067178130149841,,,,,,,946727.2727272727
44883,,58.862247467041016,,,,,,946750.0
44892,0.8071043491363525,,,,,,,946954.5454545454
44893,,63.65225601196289,,,,,,946977.2727272727
44899,,,0.8208250403404236,0.820963442325592,-0.1715347170829773,0.5874335169792175,49.84046936035156,947061.224489796
44910,0.807498037815094,,,,,,,947285.7142857143
44911,,64.36991882324219,,,,,,947306.1224489796
44920,0.807839572429657,,,,,,,947489.7959183673
44921,,59.15591049194336,,,,,,947510.2040816327
44933,0.8082898259162903,,,,,,,947755.1020408163
44934,,70.02793884277344,,,,,,947775.5102040817
44943,0.8085365891456604,,,,,,,947959.1836734693
44944,,49.67408752441406,,,,,,947979.5918367347
44948,,,0.8387155532836914,0.8426138162612915,-0.20295269787311554,0.6022577881813049,64.2247314453125,948023.2558139535
44961,0.8088838458061218,,,,,,,948325.5813953489
44962,,59.728546142578125,,,,,,948348.8372093023
44969,0.8091995716094971,,,,,,,948511.6279069767
44970,,56.57338333129883,,,,,,948534.8837209302
44979,0.8095138669013977,,,,,,,948744.1860465116
44980,,56.428592681884766,,,,,,948767.4418604651
44988,0.8097279667854309,,,,,,,948953.4883720931
44989,,46.40970993041992,,,,,,948976.7441860465
44993,,,0.8489940762519836,0.851584255695343,-0.359884649515152,1.0287922620773315,48.54090118408203,949021.2765957447
44994,,,0.8372519612312317,0.8398061990737915,-0.4535548686981201,1.2863078117370605,59.533180236816406,949042.5531914893
45001,0.8099629282951355,,,,,,,949191.4893617021
45002,,48.49899673461914,,,,,,949212.7659574468
45013,0.8103030920028687,,,,,,,949446.8085106383
45014,,59.01417541503906,,,,,,949468.085106383
45024,0.8106080293655396,,,,,,,949680.8510638297
45025,,55.494972229003906,,,,,,949702.1276595745
45037,0.810793936252594,,,,,,,949957.4468085107
45038,,43.591976165771484,,,,,,949978.7234042553
45044,,,0.8117133378982544,0.8120415806770325,-0.32505303621292114,0.7113208174705505,59.616580963134766,950066.6666666666
45054,0.8111221790313721,,,,,,,950288.8888888889
45055,,57.82246017456055,,,,,,950311.1111111111
45065,0.8115294575691223,,,,,,,950533.3333333334
45066,,65.72918701171875,,,,,,950555.5555555555
45073,0.8119524717330933,,,,,,,950711.1111111111
45074,,67.2997055053711,,,,,,950733.3333333334
45084,0.812200129032135,,,,,,,950955.5555555555
45085,,49.764427185058594,,,,,,950977.7777777778
45089,,,0.8276633620262146,0.8308086395263672,-0.5981746315956116,1.0607868432998657,44.85026931762695,951026.3157894737
45102,0.8124745488166809,,,,,,,951368.4210526316
45103,,52.44416427612305,,,,,,951394.7368421053
45108,0.8128243684768677,,,,,,,951526.3157894737
45109,,59.98338317871094,,,,,,951552.6315789474
45119,0.8131566047668457,,,,,,,951815.7894736842
45120,,58.22555923461914,,,,,,951842.1052631579
45124,0.8134353160858154,,,,,,,951947.3684210526
45125,,52.870574951171875,,,,,,951973.6842105263
45131,,,0.821972131729126,0.8235220909118652,-0.377273291349411,0.8608599901199341,63.01966857910156,952085.7142857143
45141,0.813707172870636,,,,,,,952371.4285714285
45142,,52.18726348876953,,,,,,952400.0
45146,0.8139922618865967,,,,,,,952514.2857142857
45147,,53.510032653808594,,,,,,952542.8571428572
45153,0.8141822814941406,,,,,,,952714.2857142857
45154,,44.00416564941406,,,,,,952742.8571428572
45161,0.8145377039909363,,,,,,,952942.8571428572
45162,,60.54226303100586,,,,,,952971.4285714285
45167,,,0.82618248462677,0.8279499411582947,-0.11366802453994751,0.6262487769126892,49.58111572265625,953032.7868852459
45184,0.8148338198661804,,,,,,,953311.475409836
45185,,54.612823486328125,,,,,,953327.868852459
45194,0.8151848316192627,,,,,,,953475.4098360656
45195,,60.10321807861328,,,,,,953491.8032786886
45210,0.8155087828636169,,,,,,,953737.7049180327
45211,,57.392906188964844,,,,,,953754.0983606557
45224,0.8157474994659424,,,,,,,953967.2131147541
45225,,48.87371063232422,,,,,,953983.606557377
45229,,,0.8394306302070618,0.840907871723175,-0.30526721477508545,0.7154442667961121,54.08467102050781,954022.2222222222
45237,,,0.853266716003418,0.8568881750106812,-0.17494270205497742,0.5529707074165344,49.91800308227539,954200.0
45246,0.815889835357666,,,,,,,954400.0
45247,,39.23634719848633,,,,,,954422.2222222222
45255,0.8161921501159668,,,,,,,954600.0
45256,,55.23231887817383,,,,,,954622.2222222222
45262,0.8165321946144104,,,,,,,954755.5555555555
45263,,59.003150939941406,,,,,,954777.7777777778
45271,0.816836953163147,,,,,,,954955.5555555555
45272,,55.47353744506836,,,,,,954977.7777777778
45279,,,0.8598318099975586,0.8632722496986389,-0.5192753076553345,0.9782014489173889,54.686859130859375,955095.2380952381
45288,0.8171308040618896,,,,,,,955309.5238095238
45289,,54.38493347167969,,,,,,955333.3333333334
45299,0.8174473643302917,,,,,,,955571.4285714285
45300,,56.65678405761719,,,,,,955595.2380952381
45309,0.8177682161331177,,,,,,,955809.5238095238
45310,,57.08771896362305,,,,,,955833.3333333334
45315,0.818037748336792,,,,,,,955952.380952381
45316,,51.95089340209961,,,,,,955976.1904761905
45321,,,0.8195112347602844,0.8238006830215454,-0.016694623976945877,1.0249590873718262,54.368736267089844,956054.0540540541
45333,0.818264901638031,,,,,,,956378.3783783783
45334,,47.7127685546875,,,,,,956405.4054054054
45340,0.8184991478919983,,,,,,,956567.5675675676
45341,,48.42302703857422,,,,,,956594.5945945946
45349,0.8188204169273376,,,,,,,956810.8108108108
45350,,57.12610626220703,,,,,,956837.8378378379
45354,0.8190967440605164,,,,,,,956945.9459459459
45355,,52.631473541259766,,,,,,956972.972972973
45360,,,0.8179503083229065,0.8183403611183167,-0.6392338871955872,1.0365086793899536,44.38622283935547,957046.5116279069
45368,0.81938636302948,,,,,,,957232.5581395349
45369,,53.96153259277344,,,,,,957255.8139534884
45377,0.8196901679039001,,,,,,,957441.8604651163
45378,,55.38137435913086,,,,,,957465.1162790698
45387,0.8199029564857483,,,,,,,957674.4186046511
45388,,46.27872085571289,,,,,,957697.6744186047
45399,0.8202325701713562,,,,,,,957953.4883720931
45400,,57.961788177490234,,,,,,957976.7441860465
45404,,,0.8521092534065247,0.855265736579895,-0.2928454577922821,0.9534854292869568,52.10403060913086,958020.8333333334
45413,0.8206409215927124,,,,,,,958208.3333333334
45414,,65.8365478515625,,,,,,958229.1666666666
45422,0.8209740519523621,,,,,,,958395.8333333334
45423,,58.314945220947266,,,,,,958416.6666666666
45434,0.8213024139404297,,,,,,,958645.8333333334
45435,,57.8343505859375,,,,,,958666.6666666666
45449,0.8215377926826477,,,,,,,958958.3333333334
45450,,48.536441802978516,,,,,,958979.1666666666
45454,,,0.8371091485023499,0.8402255177497864,-0.3192485570907593,0.82370525598526,49.61126708984375,959020.0
45455,,,0.8208107352256775,0.8242238759994507,-0.18493638932704926,0.6651045083999634,50.72442626953125,959040.0
45463,0.8217785954475403,,,,,,,959200.0
45464,,49.082298278808594,,,,,,959220.0
45476,0.8220131397247314,,,,,,,959460.0
45477,,48.454322814941406,,,,,,959480.0
45489,0.822216272354126,,,,,,,959720.0
45490,,45.31047439575195,,,,,,959740.0
45501,0.8225781917572021,,,,,,,959960.0
45502,,61.189186096191406,,,,,,959980.0
45510,,,0.8468842506408691,0.8470608592033386,-0.34452834725379944,0.7992874979972839,63.740478515625,960092.5925925926
45522,0.8228475451469421,,,,,,,960314.8148148148
45523,,51.93454360961914,,,,,,960333.3333333334
45531,0.8231843113899231,,,,,,,960481.4814814815
45532,,58.67787170410156,,,,,,960500.0
45542,0.8235370516777039,,,,,,,960685.1851851852
45543,,60.275718688964844,,,,,,960703.7037037037
45557,0.823836088180542,,,,,,,960962.9629629629
45558,,54.903411865234375,,,,,,960981.4814814815
45564,,,0.8359940648078918,0.8375125527381897,-0.05881178751587868,0.8162165880203247,41.42338180541992,961060.0
45570,0.8241732120513916,,,,,,,961180.0
45571,,58.711708068847656,,,,,,961200.0
45587,0.8245043754577637,,,,,,,961520.0
45588,,58.11599349975586,,,,,,961540.0
45602,0.8247997164726257,,,,,,,961820.0
45603,,54.532527923583984,,,,,,961840.0
45609,0.8250312805175781,,,,,,,961960.0
45610,,48.15727233886719,,,,,,961980.0
45615,,,0.8458621501922607,0.8475266098976135,-0.03133963420987129,0.6976123452186584,46.087791442871094,962040.0
45628,0.8253183960914612,,,,,,,962300.0
45629,,53.71087646484375,,,,,,962320.0
45637,0.8256471157073975,,,,,,,962480.0
45638,,57.869136810302734,,,,,,962500.0
45647,0.8259528875350952,,,,,,,962680.0
45648,,55.575260162353516,,,,,,962700.0
45661,0.8261775374412537,,,,,,,962960.0
45662,,47.46498107910156,,,,,,962980.0
45667,,,0.8319894671440125,0.8331425786018372,-0.16818304359912872,0.8954039812088013,54.33271789550781,963051.282051282
45676,0.8265576362609863,,,,,,,963282.0512820513
45677,,63.011905670166016,,,,,,963307.6923076923
45684,0.8266751766204834,,,,,,,963487.1794871795
45685,,36.754966735839844,,,,,,963512.8205128205
45692,0.8268768191337585,,,,,,,963692.3076923077
45693,,45.16663360595703,,,,,,963717.9487179487
45702,0.8271570801734924,,,,,,,963948.717948718
45703,,53.02888107299805,,,,,,963974.358974359
45708,,,0.8365510702133179,0.8381173610687256,-0.22905249893665314,0.6713598966598511,47.6015739440918,964045.4545454546
45711,,,0.8417994379997253,0.8423492312431335,-0.12753638625144958,0.6871899366378784,63.20197296142578,964113.6363636364
45722,0.8274379372596741,,,,,,,964363.6363636364
45723,,53.088069915771484,,,,,,964386.3636363636
45728,0.8277838826179504,,,,,,,964500.0
45729,,59.59398651123047,,,,,,964522.7272727273
45738,0.8280541300773621,,,,,,,964727.2727272727
45739,,52.024169921875,,,,,,964750.0
45748,0.828315794467926,,,,,,,964954.5454545454
45749,,51.1671257019043,,,,,,964977.2727272727
45756,,,0.8308789730072021,0.832139790058136,-0.1461598426103592,0.5583076477050781,47.02505874633789,965076.9230769231
45763,0.8284924030303955,,,,,,,965211.5384615385
45764,,42.6622200012207,,,,,,965230.7692307692
45777,0.8287859559059143,,,,,,,965480.7692307692
45778,,54.354454040527344,,,,,,965500.0
45789,0.8289744853973389,,,,,,,965711.5384615385
45790,,43.85095977783203,,,,,,965730.7692307692
45802,0.8292156457901001,,,,,,,965961.5384615385
45803,,49.118350982666016,,,,,,965980.7692307692
45808,,,0.838047981262207,0.8398917317390442,-0.23530973494052887,0.6235030293464661,45.73575210571289,966047.619047619
45817,0.8294853568077087,,,,,,,966261.9047619047
45818,,51.97043228149414,,,,,,966285.7142857143
45827,0.8297552466392517,,,,,,,966500.0
45828,,51.9906120300293,,,,,,966523.8095238095
45837,0.8300774693489075,,,,,,,966738.0952380953
45838,,57.220882415771484,,,,,,966761.9047619047
45846,0.8304397463798523,,,,,,,966952.380952381
45847,,61.230594635009766,,,,,,966976.1904761905
45852,,,0.8258653283119202,0.8298066854476929,-0.10040318965911865,0.5487826466560364,39.80813980102539,967038.4615384615
45863,0.830635130405426,,,,,,,967250.0
45864,,44.54082107543945,,,,,,967269.2307692308
45874,0.8308822512626648,,,,,,,967461.5384615385
45875,,49.713966369628906,,,,,,967480.7692307692
45886,0.8311634659767151,,,,,,,967692.3076923077
45887,,53.12364959716797,,,,,,967711.5384615385
45900,0.8313107490539551,,,,,,,967961.5384615385
45901,,39.725563049316406,,,,,,967980.7692307692
45906,,,0.8249037265777588,0.825605034828186,-0.18367376923561096,0.7734906077384949,51.028411865234375,968042.5531914893
45918,0.8316198587417603,,,,,,,968297.8723404255
45919,,55.91170883178711,,,,,,968319.1489361703
45926,0.8318907618522644,,,,,,,968468.085106383
45927,,52.08933639526367,,,,,,968489.3617021276
45935,0.8321231007575989,,,,,,,968659.5744680851
45936,,48.23603057861328,,,,,,968680.8510638297
45949,0.8324365019798279,,,,,,,968957.4468085107
45950,,56.34184265136719,,,,,,968978.7234042553
45954,,,0.8349859714508057,0.8386403322219849,-0.35261163115501404,0.8716223835945129,48.912628173828125,969018.8679245283
45959,,,0.831600546836853,0.8342918753623962,-0.28319522738456726,0.7522768378257751,52.77412414550781,969113.2075471698
45967,0.8328317999839783,,,,,,,969264.1509433963
45968,,64.53265380859375,,,,,,969283.0188679246
45978,0.8331316113471985,,,,,,,969471.6981132076
45979,,54.9810905456543,,,,,,969490.5660377359
45993,0.8334965705871582,,,,,,,969754.716981132
45994,,61.498043060302734,,,,,,969773.5849056604
46004,0.8339250683784485,,,,,,,969962.2641509434
46005,,67.84966278076172,,,,,,969981.1320754717
46015,,,0.8344563841819763,0.8362879157066345,-0.1947149932384491,0.7921154499053955,58.563594818115234,970142.8571428572
46023,0.8342578411102295,,,,,,,970306.1224489796
46024,,58.27899932861328,,,,,,970326.5306122449
46034,0.8346484899520874,,,,,,,970530.612244898
46035,,64.06678009033203,,,,,,970551.0204081633
46043,0.8349735736846924,,,,,,,970714.2857142857
46044,,57.50593948364258,,,,,,970734.693877551
46055,0.8353872299194336,,,,,,,970959.1836734693
46056,,66.36785888671875,,,,,,970979.5918367347
46063,,,0.8429170250892639,0.8453425168991089,-0.29580429196357727,1.193696141242981,58.45549774169922,971072.7272727273
46075,0.8356168270111084,,,,,,,971290.9090909091
46076,,47.96210861206055,,,,,,971309.0909090909
46081,0.8357735276222229,,,,,,,971400.0
46082,,40.67170333862305,,,,,,971418.1818181818
46098,0.8361313939094543,,,,,,,971709.0909090909
46099,,60.78668975830078,,,,,,971727.2727272727
46112,0.8363670110702515,,,,,,,971963.6363636364
46113,,48.564334869384766,,,,,,971981.8181818182
46118,,,0.8384481072425842,0.838842511177063,-0.12551143765449524,0.8919312953948975,56.54098129272461,972041.6666666666
46133,0.8366631269454956,,,,,,,972354.1666666666
46134,,54.61322021484375,,,,,,972375.0
46140,0.8368730545043945,,,,,,,972500.0
46141,,45.9913444519043,,,,,,972520.8333333334
46153,0.8371825814247131,,,,,,,972770.8333333334
46154,,55.95022964477539,,,,,,972791.6666666666
46162,0.8374055027961731,,,,,,,972958.3333333334
46163,,47.29417419433594,,,,,,972979.1666666666
46167,,,0.8227338790893555,0.8255014419555664,-0.2764011323451996,1.07784903049469,48.64151382446289,973022.7272727273
46180,0.8375856280326843,,,,,,,973318.1818181818
46181,,43.01039123535156,,,,,,973340.9090909091
46188,0.8379968404769897,,,,,,,973500.0
46189,,66.11933898925781,,,,,,973522.7272727273
46197,0.8382759094238281,,,,,,,973704.5454545454
46198,,52.90452575683594,,,,,,973727.2727272727
46208,0.8385029435157776,,,,,,,973954.5454545454
46209,,47.706260681152344,,,,,,973977.2727272727
46213,,,0.8347041606903076,0.83709317445755,-0.12042785435914993,0.8694271445274353,53.676780700683594,974020.8333333334
46218,,,0.8296833634376526,0.8313891887664795,-0.36405742168426514,0.7844029068946838,50.244319915771484,974125.0
46229,0.8387401700019836,,,,,,,974354.1666666666
46230,,48.724464416503906,,,,,,974375.0
46241,0.8389995694160461,,,,,,,974604.1666666666
46242,,50.9398193359375,,,,,,974625.0
46251,0.8391833901405334,,,,,,,974812.5
46252,,43.38128662109375,,,,,,974833.3333333334
46258,0.8395103216171265,,,,,,,974958.3333333334
46259,,57.69032669067383,,,,,,974979.1666666666
46267,,,0.8163608312606812,0.8175968527793884,-3.989537617599126e-06,0.4761117696762085,52.754817962646484,975106.3829787234
46281,0.8398405313491821,,,,,,,975404.2553191489
46282,,58.01925277709961,,,,,,975425.5319148937
46291,0.8401208519935608,,,,,,,975617.0212765958
46292,,53.0302848815918,,,,,,975638.2978723404
46299,0.8405852317810059,,,,,,,975787.2340425532
46300,,71.4375,,,,,,975808.5106382979
46307,0.8407629132270813,,,,,,,975957.4468085107
46308,,42.765602111816406,,,,,,975978.7234042553
46315,,,0.8459904193878174,0.848112165927887,-0.35452941060066223,1.0271400213241577,48.70481872558594,976083.3333333334
46327,0.8411123752593994,,,,,,,976333.3333333334
46328,,59.944976806640625,,,,,,976354.1666666666
46336,0.8414174914360046,,,,,,,976520.8333333334
46337,,55.50974655151367,,,,,,976541.6666666666
46343,0.8417210578918457,,,,,,,976666.6666666666
46344,,55.3542594909668,,,,,,976687.5
46357,0.8420189023017883,,,,,,,976958.3333333334
46358,,54.78400421142578,,,,,,976979.1666666666
46363,,,0.8173207640647888,0.8213856816291809,-0.37220656871795654,0.8235236406326294,49.597190856933594,977045.4545454546
46377,0.8423753380775452,,,,,,,977363.6363636364
46378,,60.64155578613281,,,,,,977386.3636363636
46385,0.8425952196121216,,,,,,,977545.4545454546
46386,,46.990318298339844,,,,,,977568.1818181818
46396,0.842875599861145,,,,,,,977795.4545454546
46397,,53.03595733642578,,,,,,977818.1818181818
46403,0.8430987000465393,,,,,,,977954.5454545454
46404,,47.30854415893555,,,,,,977977.2727272727
46410,,,0.8283237218856812,0.8333418965339661,-0.3531111478805542,0.7911608219146729,35.07587814331055,978051.724137931
46426,0.8433212041854858,,,,,,,978327.5862068966
46427,,47.24966049194336,,,,,,978344.8275862068
46442,0.8436251282691956,,,,,,,978603.448275862
46443,,55.391300201416016,,,,,,978620.6896551724
46453,0.8439026474952698,,,,,,,978793.1034482758
46454,,52.74900436401367,,,,,,978810.3448275862
46463,0.8442100882530212,,,,,,,978965.5172413794
46464,,55.74580764770508,,,,,,978982.7586206896
46469,,,0.8316484093666077,0.8320850133895874,-0.3461490273475647,0.8736575841903687,53.75305938720703,979035.7142857143
46473,,,0.8227084875106812,0.8288235068321228,-0.2744982838630676,0.7612983584403992,55.27853775024414,979107.1428571428
46482,0.8444286584854126,,,,,,,979267.8571428572
46483,,46.85995101928711,,,,,,979285.7142857143
46493,0.8448322415351868,,,,,,,979464.2857142857
46494,,65.35810089111328,,,,,,979482.1428571428
46507,0.8449413776397705,,,,,,,979714.2857142857
46508,,35.91400146484375,,,,,,979732.1428571428
46521,0.8452152013778687,,,,,,,979964.2857142857
46522,,52.380374908447266,,,,,,979982.1428571428
46529,,,0.8506253957748413,0.8510985374450684,-0.19584137201309204,0.743087112903595,48.91893005371094,980081.6326530612
46542,0.8453987240791321,,,,,,,980346.9387755102
46543,,43.351497650146484,,,,,,980367.3469387755
46552,0.8456323146820068,,,,,,,980551.0204081633
46553,,48.35611343383789,,,,,,980571.4285714285
46562,0.8459450602531433,,,,,,,980755.1020408163
46563,,56.27317810058594,,,,,,980775.5102040817
46572,0.8460909724235535,,,,,,,980959.1836734693
46573,,39.58963394165039,,,,,,980979.5918367347
46577,,,0.8176558017730713,0.8179792761802673,-0.28266578912734985,0.5948006510734558,33.371726989746094,981025.0
46585,0.8463175892829895,,,,,,,981225.0
46586,,47.66164016723633,,,,,,981250.0
46595,0.8466023206710815,,,,,,,981475.0
46596,,53.47101974487305,,,,,,981500.0
46606,0.8468406796455383,,,,,,,981750.0
46607,,48.83501052856445,,,,,,981775.0
46614,0.8470765948295593,,,,,,,981950.0
46615,,48.59363555908203,,,,,,981975.0
46621,,,0.8257266283035278,0.8267247676849365,-0.12913289666175842,0.9439630508422852,48.151222229003906,982057.6923076923
46634,0.847312867641449,,,,,,,982307.6923076923
46635,,48.62738037109375,,,,,,982326.9230769231
46646,0.847463071346283,,,,,,,982538.4615384615
46647,,40.0218391418457,,,,,,982557.6923076923
46660,0.84774249792099,,,,,,,982807.6923076923
46661,,52.94314193725586,,,,,,982826.9230769231
46668,0.8480224609375,,,,,,,982961.5384615385
46669,,52.99875259399414,,,,,,982980.7692307692
46675,,,0.8339055180549622,0.836927056312561,-0.41302016377449036,0.9075873494148254,69.33757019042969,983061.224489796
46688,0.8482042551040649,,,,,,,983326.5306122449
46689,,43.18001937866211,,,,,,983346.9387755102
46697,0.8485203385353088,,,,,,,983510.2040816327
46698,,56.607086181640625,,,,,,983530.612244898
46708,0.8488632440567017,,,,,,,983734.693877551
46709,,59.29237365722656,,,,,,983755.1020408163
46719,0.8491671681404114,,,,,,,983959.1836734693
46720,,55.389732360839844,,,,,,983979.5918367347
46725,,,0.8444565534591675,0.8473923802375793,-0.4484299123287201,0.9777941703796387,59.43497085571289,984037.7358490566
46729,,,0.8312085270881653,0.834749162197113,-0.20469385385513306,0.7405184507369995,52.278175354003906,984113.2075471698
46739,0.8493624925613403,,,,,,,984301.8867924528
46740,,44.529876708984375,,,,,,984320.7547169811
46746,0.8497631549835205,,,,,,,984433.962264151
46747,,65.0636215209961,,,,,,984452.8301886793
46761,0.8498443961143494,,,,,,,984716.9811320754
46762,,33.12672424316406,,,,,,984735.8490566037
46774,0.8501661419868469,,,,,,,984962.2641509434
46775,,57.17526626586914,,,,,,984981.1320754717
46782,,,0.8273389339447021,0.8295983672142029,-0.5242705941200256,1.037936806678772,53.85860061645508,985100.0
46794,0.850456953048706,,,,,,,985400.0
46795,,54.08346939086914,,,,,,985425.0
46799,0.8507475256919861,,,,,,,985525.0
46800,,54.05441665649414,,,,,,985550.0
46807,0.8510072827339172,,,,,,,985725.0
46808,,50.978431701660156,,,,,,985750.0
46816,0.8512181043624878,,,,,,,985950.0
46817,,46.085018157958984,,,,,,985975.0
46824,,,0.8335596919059753,0.836428165435791,-0.4014163613319397,1.098450779914856,56.50243377685547,986088.8888888889
46835,0.8513795733451843,,,,,,,986333.3333333334
46836,,41.147281646728516,,,,,,986355.5555555555
46849,0.8516609072685242,,,,,,,986644.4444444445
46850,,53.136104583740234,,,,,,986666.6666666666
46858,0.8518487215042114,,,,,,,986844.4444444445
46859,,43.78160095214844,,,,,,986866.6666666666
46863,0.8520714640617371,,,,,,,986955.5555555555
46864,,47.27144241333008,,,,,,986977.7777777778
46869,,,0.8079099655151367,0.8082965612411499,-0.2780405580997467,0.8129911422729492,53.095367431640625,987046.5116279069
46875,0.8523185849189758,,,,,,,987186.0465116279
46876,,49.71171188354492,,,,,,987209.3023255814
46888,0.8525199890136719,,,,,,,987488.3720930233
46889,,45.1401481628418,,,,,,987511.6279069767
46897,0.8527293801307678,,,,,,,987697.6744186047
46898,,45.93901443481445,,,,,,987720.9302325582
46908,0.8530649542808533,,,,,,,987953.4883720931
46909,,58.55765914916992,,,,,,987976.7441860465
46915,,,0.8242617845535278,0.8253362774848938,-0.3028821051120758,0.8073529601097107,52.68719482421875,988060.0
46925,0.8532330393791199,,,,,,,988260.0
46926,,41.80946350097656,,,,,,988280.0
46939,0.8534625172615051,,,,,,,988540.0
46940,,47.9466438293457,,,,,,988560.0
46950,0.8537052273750305,,,,,,,988760.0
46951,,49.2725944519043,,,,,,988780.0
46960,0.853939414024353,,,,,,,988960.0
46961,,48.42104721069336,,,,,,988980.0
46965,,,0.8314787149429321,0.835308313369751,-0.21123425662517548,0.7112718224525452,64.7436294555664,989021.2765957447
46970,,,0.8167775273323059,0.8175281882286072,-0.2671635150909424,0.6933013200759888,70.94998931884766,989127.659574468
46976,0.8540387153625488,,,,,,,989255.3191489362
46977,,34.93308639526367,,,,,,989276.5957446808
46987,0.8542435765266418,,,,,,,989489.3617021276
46988,,45.48640823364258,,,,,,989510.6382978724
46998,0.8544830679893494,,,,,,,989723.4042553192
46999,,48.95062255859375,,,,,,989744.6808510638
47009,0.8547366261482239,,,,,,,989957.4468085107
47010,,50.35648727416992,,,,,,989978.7234042553
47018,,,0.8264656662940979,0.8280171155929565,-0.062232013791799545,0.7130516171455383,48.239261627197266,990121.9512195121
47026,0.8550158739089966,,,,,,,990317.0731707317
47027,,52.9243049621582,,,,,,990341.4634146341
47036,0.8553017973899841,,,,,,,990560.9756097561
47037,,53.59231948852539,,,,,,990585.3658536585
47046,0.8556379675865173,,,,,,,990804.8780487805
47047,,58.61450958251953,,,,,,990829.268292683
47052,0.8559023141860962,,,,,,,990951.2195121951
47053,,51.43464279174805,,,,,,990975.6097560975
47060,,,0.8158846497535706,0.8196397423744202,-0.03892236202955246,0.5166144371032715,46.887027740478516,991086.9565217391
47070,0.8561461567878723,,,,,,,991304.3478260869
47071,,49.38571548461914,,,,,,991326.0869565217
47079,0.8563459515571594,,,,,,,991500.0
47080,,44.97727584838867,,,,,,991521.7391304348
47090,0.8566448092460632,,,,,,,991739.1304347826
47091,,54.88702392578125,,,,,,991760.8695652174
47100,0.8570050001144409,,,,,,,991956.5217391305
47101,,61.02135467529297,,,,,,991978.2608695652
47106,,,0.8379308581352234,0.8384179472923279,-0.390840083360672,0.8141094446182251,41.88682174682617,992045.4545454546
47117,0.8571997284889221,,,,,,,992295.4545454546
47118,,44.47407531738281,,,,,,992318.1818181818
47125,0.8574167490005493,,,,,,,992477.2727272727
47126,,46.70039749145508,,,,,,992500.0
47135,0.8577002882957458,,,,,,,992704.5454545454
47136,,53.35499954223633,,,,,,992727.2727272727
47146,0.8580775856971741,,,,,,,992954.5454545454
47147,,62.72932434082031,,,,,,992977.2727272727
47152,,,0.8291675448417664,0.8298146724700928,-0.4064682126045227,1.0439172983169556,50.240936279296875,993038.4615384615
47165,0.8582566976547241,,,,,,,993288.4615384615
47166,,42.91133499145508,,,,,,993307.6923076923
47176,0.8582767844200134,,,,,,,993500.0
47177,,27.010652542114258,,,,,,993519.2307692308
47185,0.858630895614624,,,,,,,993673.0769230769
47186,,60.40899658203125,,,,,,993692.3076923077
47200,0.8588771224021912,,,,,,,993961.5384615385
47201,,49.621822357177734,,,,,,993980.7692307692
47205,,,0.823464572429657,0.8236403465270996,-0.19149281084537506,0.8050048351287842,51.18765640258789,994021.2765957447
47210,,,0.8186981678009033,0.8190749883651733,-0.4020044803619385,0.7857545614242554,51.63077163696289,994127.659574468
47218,0.8590278625488281,,,,,,,994297.8723404255
47219,,40.07199478149414,,,,,,994319.1489361703
47226,0.8592074513435364,,,,,,,994468.085106383
47227,,42.96147918701172,,,,,,994489.3617021276
47238,0.8593044281005859,,,,,,,994723.4042553192
47239,,34.6955680847168,,,,,,994744.6808510638
47249,0.859636127948761,,,,,,,994957.4468085107
47250,,58.17181396484375,,,,,,994978.7234042553
47257,,,0.8384828567504883,0.8405699729919434,-0.4200851321220398,0.8736385703086853,44.1446533203125,995086.9565217391
47269,0.8600104451179504,,,,,,,995347.8260869565
47270,,62.42918014526367,,,,,,995369.5652173914
47279,0.8602033853530884,,,,,,,995565.2173913043
47280,,44.29376983642578,,,,,,995586.9565217391
47290,0.8604642748832703,,,,,,,995804.3478260869
47291,,51.08695983886719,,,,,,995826.0869565217
47297,0.8607301712036133,,,,,,,995956.5217391305
47298,,51.5918083190918,,,,,,995978.2608695652
47306,,,0.8358802199363708,0.8368396162986755,-0.19827239215373993,0.6736545562744141,42.6097297668457,996111.1111111111
47315,0.8609969019889832,,,,,,,996311.1111111111
47316,,51.67593002319336,,,,,,996333.3333333334
47323,0.8612166047096252,,,,,,,996488.8888888889
47324,,46.96879959106445,,,,,,996511.1111111111
47334,0.861513078212738,,,,,,,996733.3333333334
47335,,54.650001525878906,,,,,,996755.5555555555
47344,0.8617663979530334,,,,,,,996955.5555555555
47345,,50.32914733886719,,,,,,996977.7777777778
47349,,,0.8390998244285583,0.8405858278274536,-0.49828004837036133,1.1233437061309814,45.22842788696289,997021.2765957447
47355,0.8619511127471924,,,,,,,997148.9361702128
47356,,43.469093322753906,,,,,,997170.2127659575
47371,0.8621828556060791,,,,,,,997489.3617021276
47372,,48.1727180480957,,,,,,997510.6382978724
47383,0.8624224066734314,,,,,,,997744.6808510638
47384,,48.95738983154297,,,,,,997765.9574468085
47393,0.862691342830658,,,,,,,997957.4468085107
47394,,51.891944885253906,,,,,,997978.7234042553
47398,,,0.8389071822166443,0.8419195413589478,-0.3031850755214691,1.0817123651504517,55.073062896728516,998020.8333333334
47411,0.8630410432815552,,,,,,,998291.6666666666
47412,,59.967063903808594,,,,,,998312.5
47420,0.8633080720901489,,,,,,,998479.1666666666
47421,,51.70318603515625,,,,,,998500.0
47432,0.8635531067848206,,,,,,,998729.1666666666
47433,,49.50138473510742,,,,,,998750.0
47443,0.8637954592704773,,,,,,,998958.3333333334
47444,,49.23750686645508,,,,,,998979.1666666666
47448,,,0.8102872371673584,0.8131054043769836,-0.2413729876279831,0.5081222057342529,45.7187614440918,999021.7391304348
47453,,,0.8215054869651794,0.8244710564613342,-0.21017958223819733,0.7078061103820801,49.29203414916992,999130.4347826086
47461,0.8641003966331482,,,,,,,999304.3478260869
47462,,55.491920471191406,,,,,,999326.0869565217
47469,0.8644516468048096,,,,,,,999478.2608695652
47470,,60.12602996826172,,,,,,999500.0
47478,0.8647175431251526,,,,,,,999673.9130434783
47479,,51.58955001831055,,,,,,999695.6521739131
47491,0.8649136424064636,,,,,,,999956.5217391305
47492,,44.60910415649414,,,,,,999978.2608695652
47497,,,0.8252976536750793,0.8291373252868652,-0.2814430594444275,0.861621081829071,42.29900360107422,1000055.5555555555
47505,0.8652183413505554,,,,,,,1000277.7777777778
47506,,55.471168518066406,,,,,,1000305.5555555555
47512,0.8654595017433167,,,,,,,1000472.2222222222
47513,,49.11467742919922,,,,,,1000500.0
47519,0.8657968640327454,,,,,,,1000666.6666666666
47520,,58.7342529296875,,,,,,1000694.4444444445
47529,0.86609947681427,,,,,,,1000944.4444444445
47530,,55.26405715942383,,,,,,1000972.2222222222
47538,,,0.8392683267593384,0.8401095271110535,-0.31368690729141235,1.1084402799606323,49.06773376464844,1001108.695652174
47548,0.8663437962532043,,,,,,,1001326.0869565217
47549,,49.43368148803711,,,,,,1001347.8260869565
47556,0.8667028546333313,,,,,,,1001500.0
47557,,60.90784454345703,,,,,,1001521.7391304348
47564,0.8669695258140564,,,,,,,1001673.9130434783
47565,,51.66960144042969,,,,,,1001695.6521739131
47577,0.8671941161155701,,,,,,,1001956.5217391305
47578,,47.45935821533203,,,,,,1001978.2608695652
47584,,,0.8081745505332947,0.8125416040420532,-0.23000818490982056,0.5689217448234558,48.90159606933594,1002073.1707317074
47595,0.8675001859664917,,,,,,,1002341.4634146341
47596,,55.604042053222656,,,,,,1002365.8536585366
47605,0.8678932785987854,,,,,,,1002585.3658536585
47606,,64.31150817871094,,,,,,1002609.756097561
47612,0.8681527376174927,,,,,,,1002756.0975609756
47613,,50.94437789916992,,,,,,1002780.487804878
47620,0.8683505654335022,,,,,,,1002951.2195121951
47621,,44.780513763427734,,,,,,1002975.6097560975
47625,,,0.8234997391700745,0.827192485332489,-0.30704739689826965,1.112760305404663,65.16201782226562,1003024.3902439025
47633,0.8686570525169373,,,,,,,1003219.512195122
47634,,55.649497985839844,,,,,,1003243.9024390244
47644,0.8689559102058411,,,,,,,1003487.8048780488
47645,,54.88577651977539,,,,,,1003512.1951219512
47655,0.8692259788513184,,,,,,,1003756.0975609756
47656,,52.009376525878906,,,,,,1003780.487804878
47663,0.8694664239883423,,,,,,,1003951.2195121951
47664,,49.04673767089844,,,,,,1003975.6097560975
47669,,,0.8207007050514221,0.823327362537384,-0.3734416961669922,0.8752949237823486,51.21879959106445,1004046.5116279069
47674,,,0.8326584696769714,0.83544921875,-0.6961234211921692,1.1746140718460083,51.037391662597656,1004162.7906976744
47685,0.8697248101234436,,,,,,,1004418.6046511628
47686,,50.83672332763672,,,,,,1004441.8604651163
47693,0.8699456453323364,,,,,,,1004604.6511627907
47694,,47.08403778076172,,,,,,1004627.9069767442
47701,0.8701467514038086,,,,,,,1004790.6976744186
47702,,45.10860824584961,,,,,,1004813.9534883721
47708,0.8703178763389587,,,,,,,1004953.4883720931
47709,,42.11454391479492,,,,,,1004976.7441860465
47713,,,0.8228014707565308,0.825663149356842,-0.33385786414146423,0.779053270816803,43.57389450073242,1005030.303030303
47718,0.8704959750175476,,,,,,,1005181.8181818182
47719,,42.8115234375,,,,,,1005212.1212121212
47725,0.8706912398338318,,,,,,,1005393.9393939395
47726,,44.526615142822266,,,,,,1005424.2424242424
47732,0.8707993626594543,,,,,,,1005606.0606060605
47733,,35.81105422973633,,,,,,1005636.3636363636
47743,0.8711206912994385,,,,,,,1005939.3939393939
47744,,57.13080596923828,,,,,,1005969.696969697
47748,,,0.8191028237342834,0.8193442225456238,-0.2816322147846222,0.5665807127952576,48.507591247558594,1006025.641025641
47754,0.8713878393173218,,,,,,,1006179.4871794871
47755,,51.71752166748047,,,,,,1006205.1282051282
47764,0.8716222643852234,,,,,,,1006435.8974358974
47765,,48.4410514831543,,,,,,1006461.5384615385
47775,0.8718578815460205,,,,,,,1006717.9487179487
47776,,48.558998107910156,,,,,,1006743.5897435897
47784,0.8719661831855774,,,,,,,1006948.717948718
47785,,35.832275390625,,,,,,1006974.358974359
47789,,,0.8254719376564026,0.828021228313446,-0.2615249752998352,0.5364779829978943,38.5217170715332,1007024.3902439025
47799,0.8721545338630676,,,,,,,1007268.2926829269
47800,,43.83219528198242,,,,,,1007292.6829268293
47809,0.8723105192184448,,,,,,,1007512.1951219512
47810,,40.598876953125,,,,,,1007536.5853658536
47821,0.8726081252098083,,,,,,,1007804.8780487805
47822,,54.76195526123047,,,,,,1007829.268292683
47827,0.8728322386741638,,,,,,,1007951.2195121951
47828,,47.41072082519531,,,,,,1007975.6097560975
47834,,,0.8328911066055298,0.8369550704956055,-0.3753708302974701,1.433389663696289,42.26194763183594,1008062.5
47847,0.872952401638031,,,,,,,1008333.3333333334
47848,,37.01762390136719,,,,,,1008354.1666666666
47859,0.8733087778091431,,,,,,,1008583.3333333334
47860,,60.63594436645508,,,,,,1008604.1666666666
47867,0.8734463453292847,,,,,,,1008750.0
47868,,38.75377655029297,,,,,,1008770.8333333334
47877,0.8737337589263916,,,,,,,1008958.3333333334
47878,,53.74251174926758,,,,,,1008979.1666666666
47882,,,0.8284966349601746,0.829128086566925,-0.5118842124938965,0.9470269680023193,42.90189743041992,1009022.2222222222
47884,,,0.8247767090797424,0.8262012600898743,-0.2829069495201111,0.7122940421104431,49.36805725097656,1009066.6666666666
47894,0.874026894569397,,,,,,,1009288.8888888889
47895,,54.313777923583984,,,,,,1009311.1111111111
47904,0.874211311340332,,,,,,,1009511.1111111111
47905,,43.44304275512695,,,,,,1009533.3333333334
47916,0.8743937015533447,,,,,,,1009777.7777777778
47917,,43.23768615722656,,,,,,1009800.0
47924,0.8746402263641357,,,,,,,1009955.5555555555
47925,,49.65315628051758,,,,,,1009977.7777777778
47932,,,0.8191146850585938,0.8217165470123291,-0.4019116163253784,0.9831637740135193,41.85198211669922,1010078.431372549
47942,0.874867856502533,,,,,,,1010274.5098039216
47943,,47.76176452636719,,,,,,1010294.1176470588
47951,0.8751136064529419,,,,,,,1010450.9803921569
47952,,49.57249450683594,,,,,,1010470.5882352941
47965,0.8755348920822144,,,,,,,1010725.4901960784
47966,,67.1268081665039,,,,,,1010745.0980392157
47977,0.8757687211036682,,,,,,,1010960.7843137255
47978,,48.385536193847656,,,,,,1010980.3921568628
47984,,,0.8125093579292297,0.8134728074073792,-0.3454713523387909,0.7793554663658142,41.49116897583008,1011063.8297872341
47998,0.8760440945625305,,,,,,,1011361.7021276596
47999,,52.537960052490234,,,,,,1011382.9787234042
48004,0.8762728571891785,,,,,,,1011489.3617021276
48005,,47.873870849609375,,,,,,1011510.6382978724
48013,0.8765866160392761,,,,,,,1011680.8510638297
48014,,56.378746032714844,,,,,,1011702.1276595745
48026,0.8768019080162048,,,,,,,1011957.4468085107
48027,,46.53168869018555,,,,,,1011978.7234042553
48031,,,0.8195291757583618,0.8252695202827454,-0.1848282665014267,0.7398850917816162,51.888633728027344,1012021.2765957447
48043,0.8770539164543152,,,,,,,1012276.5957446808
48044,,50.20063781738281,,,,,,1012297.8723404255
48053,0.8771616220474243,,,,,,,1012489.3617021276
48054,,35.77123260498047,,,,,,1012510.6382978724
48063,0.8774521946907043,,,,,,,1012702.1276595745
48064,,54.05801010131836,,,,,,1012723.4042553192
48075,0.8776886463165283,,,,,,,1012957.4468085107
48076,,48.647186279296875,,,,,,1012978.7234042553
48082,,,0.833146870136261,0.8355574607849121,-0.4061780869960785,1.0425416231155396,36.0809440612793,1013065.2173913043
48096,0.8779608011245728,,,,,,,1013369.5652173914
48097,,52.21414566040039,,,,,,1013391.304347826
48105,0.8781771659851074,,,,,,,1013565.2173913043
48106,,46.63438034057617,,,,,,1013586.9565217391
48116,0.8783883452415466,,,,,,,1013804.3478260869
48117,,46.119930267333984,,,,,,1013826.0869565217
48123,0.8784191608428955,,,,,,,1013956.5217391305
48124,,28.082210540771484,,,,,,1013978.2608695652
48128,,,0.821060836315155,0.8271540999412537,-0.44807034730911255,1.1415460109710693,61.586788177490234,1014023.2558139535
48130,,,0.8141834735870361,0.815355658531189,-0.2817710041999817,0.6824420094490051,37.67473220825195,1014069.7674418605
48141,0.8785369992256165,,,,,,,1014325.5813953489
48142,,36.782501220703125,,,,,,1014348.8372093023
48149,0.8786614537239075,,,,,,,1014511.6279069767
48150,,37.4442024230957,,,,,,1014534.8837209302
48160,0.8787619471549988,,,,,,,1014767.4418604651
48161,,35.051902770996094,,,,,,1014790.6976744186
48168,0.8789330720901489,,,,,,,1014953.4883720931
48169,,42.11317825317383,,,,,,1014976.7441860465
48177,,,0.8238228559494019,0.825165331363678,-0.7346695065498352,1.5545406341552734,35.97385025024414,1015121.9512195121
48185,0.8792133927345276,,,,,,,1015317.0731707317
48186,,53.034488677978516,,,,,,1015341.4634146341
48194,0.879347026348114,,,,,,,1015536.5853658536
48195,,38.36375427246094,,,,,,1015560.9756097561
48203,0.8795977830886841,,,,,,,1015756.0975609756
48204,,50.075138092041016,,,,,,1015780.487804878
48211,0.8797630071640015,,,,,,,1015951.2195121951
48212,,41.519432067871094,,,,,,1015975.6097560975
48217,,,0.8114907741546631,0.811869740486145,-0.30217060446739197,0.5826497673988342,42.149837493896484,1016047.619047619
48226,0.8799517750740051,,,,,,,1016261.9047619047
48227,,43.8770637512207,,,,,,1016285.7142857143
48235,0.8801224231719971,,,,,,,1016476.1904761905
48236,,42.067134857177734,,,,,,1016500.0
48245,0.8803146481513977,,,,,,,1016714.2857142857
48246,,44.220237731933594,,,,,,1016738.0952380953
48255,0.8805263042449951,,,,,,,1016952.380952381
48256,,46.16615295410156,,,,,,1016976.1904761905
48261,,,0.8231299519538879,0.8231996297836304,-0.7348137497901917,1.015265703201294,51.8422966003418,1017043.4782608695
48271,0.8809577822685242,,,,,,,1017260.8695652174
48272,,68.14889526367188,,,,,,1017282.6086956522
48280,0.8811586499214172,,,,,,,1017456.5217391305
48281,,45.08841323852539,,,,,,1017478.2608695652
48292,0.8814079165458679,,,,,,,1017717.3913043478
48293,,49.92797088623047,,,,,,1017739.1304347826
48303,0.8816104531288147,,,,,,,1017956.5217391305
48304,,45.25566101074219,,,,,,1017978.2608695652
48309,,,0.820446789264679,0.8226675391197205,-0.34512415528297424,0.8936910629272461,49.95327377319336,1018040.0
48322,0.8816651701927185,,,,,,,1018300.0
48323,,30.47163963317871,,,,,,1018320.0
48336,0.8818250894546509,,,,,,,1018580.0
48337,,40.99175262451172,,,,,,1018600.0
48344,0.8820762634277344,,,,,,,1018740.0
48345,,50.11894607543945,,,,,,1018760.0
48355,0.8822411894798279,,,,,,,1018960.0
48356,,41.49367141723633,,,,,,1018980.0
48361,,,0.8191726207733154,0.8229004740715027,-0.3495525121688843,1.107325553894043,42.379356384277344,1019045.4545454546
48366,,,0.8294562101364136,0.830363392829895,-0.338069349527359,0.7815964818000793,45.49348831176758,1019159.0909090909
48378,0.8825036883354187,,,,,,,1019431.8181818182
48379,,51.25201416015625,,,,,,1019454.5454545454
48385,0.8827846050262451,,,,,,,1019590.9090909091
48386,,53.093563079833984,,,,,,1019613.6363636364
48394,0.8830852508544922,,,,,,,1019795.4545454546
48395,,55.06468200683594,,,,,,1019818.1818181818
48401,0.8833298683166504,,,,,,,1019954.5454545454
48402,,49.462154388427734,,,,,,1019977.2727272727
48408,,,0.8251214027404785,0.8272520303726196,-0.24311412870883942,0.6696504950523376,50.274620056152344,1020065.2173913043
48420,0.883514404296875,,,,,,,1020326.0869565217
48421,,43.453433990478516,,,,,,1020347.8260869565
48430,0.8837723731994629,,,,,,,1020543.4782608695
48431,,50.797630310058594,,,,,,1020565.2173913043
48443,0.8839408755302429,,,,,,,1020826.0869565217
48444,,41.851226806640625,,,,,,1020847.8260869565
48449,0.8841373324394226,,,,,,,1020956.5217391305
48450,,44.64582061767578,,,,,,1020978.2608695652
48456,,,0.8246963620185852,0.8251209855079651,-0.2865576148033142,1.1410388946533203,42.308956146240234,1021056.6037735849
48469,0.8843044638633728,,,,,,,1021301.8867924528
48470,,41.71324920654297,,,,,,1021320.7547169811
48479,0.8844032287597656,,,,,,,1021490.5660377359
48480,,34.876121520996094,,,,,,1021509.4339622641
48492,0.8845281600952148,,,,,,,1021735.8490566037
48493,,37.49502182006836,,,,,,1021754.716981132
48504,0.8846753239631653,,,,,,,1021962.2641509434
48505,,39.7161750793457,,,,,,1021981.1320754717
48511,,,0.8086890578269958,0.8149737119674683,-0.4485824704170227,1.0896514654159546,36.343631744384766,1022068.1818181818
48519,0.8848282098770142,,,,,,,1022250.0
48520,,40.28700256347656,,,,,,1022272.7272727273
48530,0.8850207924842834,,,,,,,1022500.0
48531,,44.256019592285156,,,,,,1022522.7272727273
48539,0.8851935863494873,,,,,,,1022704.5454545454
48540,,42.2795524597168,,,,,,1022727.2727272727
48550,0.8852289915084839,,,,,,,1022954.5454545454
48551,,28.54105567932129,,,,,,1022977.2727272727
48556,,,0.8162017464637756,0.8167193531990051,-0.13121695816516876,0.8411906361579895,36.447147369384766,1023035.7142857143
48572,0.8853126764297485,,,,,,,1023321.4285714285
48573,,33.370601654052734,,,,,,1023339.2857142857
48581,0.8854068517684937,,,,,,,1023482.1428571428
48582,,34.419551849365234,,,,,,1023500.0
48593,0.8855448365211487,,,,,,,1023696.4285714285
48594,,38.79807662963867,,,,,,1023714.2857142857
48608,0.8857136964797974,,,,,,,1023964.2857142857
48609,,41.88642883300781,,,,,,1023982.1428571428
48615,,,0.8053990006446838,0.810591995716095,-0.19055432081222534,0.5841530561447144,50.22336196899414,1024061.224489796
48617,,,0.8178765773773193,0.8201828002929688,-0.347968727350235,0.7284268736839294,38.65922927856445,1024102.0408163265
48629,0.8858258128166199,,,,,,,1024346.9387755102
48630,,36.21391296386719,,,,,,1024367.3469387755
48637,0.8860557079315186,,,,,,,1024510.2040816327
48638,,47.98830032348633,,,,,,1024530.612244898
48647,0.8862114548683167,,,,,,,1024714.2857142857
48648,,40.575897216796875,,,,,,1024734.693877551
48659,0.8863340020179749,,,,,,,1024959.1836734693
48660,,37.25652313232422,,,,,,1024979.5918367347
48664,,,0.823965847492218,0.8256101012229919,-0.2435925304889679,0.9053564667701721,38.89903259277344,1025023.8095238095
48676,0.8864473104476929,,,,,,,1025309.5238095238
48677,,36.33052062988281,,,,,,1025333.3333333334
48685,0.886620819568634,,,,,,,1025523.8095238095
48686,,42.349735260009766,,,,,,1025547.619047619
48697,0.8868779540061951,,,,,,,1025809.5238095238
48698,,50.71475601196289,,,,,,1025833.3333333334
48703,0.8869274854660034,,,,,,,1025952.380952381
48704,,29.95321273803711,,,,,,1025976.1904761905
48709,,,0.8208604454994202,0.8239217400550842,-0.19917458295822144,0.848979651927948,36.455726623535156,1026055.5555555555
48718,0.8870556354522705,,,,,,,1026305.5555555555
48719,,37.817344665527344,,,,,,1026333.3333333334
48725,0.8873820304870605,,,,,,,1026500.0
48726,,57.64113235473633,,,,,,1026527.7777777778
48735,0.8875393867492676,,,,,,,1026777.7777777778
48736,,40.7385368347168,,,,,,1026805.5555555555
48741,0.8877578973770142,,,,,,,1026944.4444444445
48742,,46.84817886352539,,,,,,1026972.2222222222
48748,,,0.8333656191825867,0.8339663743972778,-0.582512378692627,1.4808474779129028,52.76084518432617,1027068.1818181818
48755,0.887913167476654,,,,,,,1027227.2727272727
48756,,40.52777099609375,,,,,,1027250.0
48766,0.8880499005317688,,,,,,,1027477.2727272727
48767,,38.673221588134766,,,,,,1027500.0
48778,0.8882491588592529,,,,,,,1027750.0
48779,,44.92681884765625,,,,,,1027772.7272727273
48787,0.8884322643280029,,,,,,,1027954.5454545454
48788,,43.31114196777344,,,,,,1027977.2727272727
48793,,,0.816809892654419,0.8185814023017883,-0.40448206663131714,0.9052646160125732,42.57069396972656,1028047.619047619
48802,0.8886228203773499,,,,,,,1028261.9047619047
48803,,44.05705642700195,,,,,,1028285.7142857143
48810,0.8887616395950317,,,,,,,1028452.380952381
48811,,38.88264083862305,,,,,,1028476.1904761905
48820,0.8888786435127258,,,,,,,1028690.4761904762
48821,,36.702884674072266,,,,,,1028714.2857142857
48831,0.889106035232544,,,,,,,1028952.380952381
48832,,47.738250732421875,,,,,,1028976.1904761905
48837,,,0.811915397644043,0.8166861534118652,-0.6041246056556702,0.9924017786979675,45.208126068115234,1029046.5116279069
48840,,,0.8153977394104004,0.8163881301879883,-0.2986021637916565,0.8167250156402588,39.970359802246094,1029116.2790697674
48848,0.88925701379776,,,,,,,1029302.3255813953
48849,,40.10038375854492,,,,,,1029325.5813953489
48860,0.889373242855072,,,,,,,1029581.3953488372
48861,,36.6207389831543,,,,,,1029604.6511627907
48870,0.8895524740219116,,,,,,,1029813.9534883721
48871,,42.921119689941406,,,,,,1029837.2093023256
48876,0.8896785378456116,,,,,,,1029953.4883720931
48877,,37.60566329956055,,,,,,1029976.7441860465
48882,,,0.8161455988883972,0.8215500116348267,-0.6089836955070496,1.1114373207092285,31.609880447387695,1030054.0540540541
48888,0.889855682849884,,,,,,,1030216.2162162162
48889,,42.71377944946289,,,,,,1030243.2432432432
48899,0.8900876641273499,,,,,,,1030513.5135135135
48900,,48.195335388183594,,,,,,1030540.5405405406
48909,0.8903719186782837,,,,,,,1030783.7837837838
48910,,53.42542266845703,,,,,,1030810.8108108108
48915,0.89043790102005,,,,,,,1030945.9459459459
48916,,31.59881019592285,,,,,,1030972.972972973
48923,,,0.802219033241272,0.803925096988678,-0.30100610852241516,0.7036172151565552,40.94770431518555,1031088.8888888889
48929,0.8906930685043335,,,,,,,1031222.2222222222
48930,,50.51613235473633,,,,,,1031244.4444444445
48939,0.8908439874649048,,,,,,,1031444.4444444445
48940,,40.09463882446289,,,,,,1031466.6666666666
48950,0.8910375237464905,,,,,,,1031688.8888888889
48951,,44.355072021484375,,,,,,1031711.1111111111
48962,0.891229510307312,,,,,,,1031955.5555555555
48963,,44.19638442993164,,,,,,1031977.7777777778
48968,,,0.8033809661865234,0.8039425015449524,-0.25857147574424744,0.7947854995727539,44.61840057373047,1032047.619047619
48976,0.891377329826355,,,,,,,1032238.0952380953
48977,,39.782039642333984,,,,,,1032261.9047619047
48987,0.8915117383003235,,,,,,,1032500.0
48988,,38.44147491455078,,,,,,1032523.8095238095
48999,0.8916852474212646,,,,,,,1032785.7142857143
49000,,42.34830856323242,,,,,,1032809.5238095238
49006,0.8917747735977173,,,,,,,1032952.380952381
49007,,33.95446014404297,,,,,,1032976.1904761905
49011,,,0.8202117085456848,0.8223096132278442,-0.5842059850692749,1.0534443855285645,38.49079895019531,1033023.2558139535
49021,0.8919093608856201,,,,,,,1033255.8139534884
49022,,38.458072662353516,,,,,,1033279.0697674418
49032,0.8920222520828247,,,,,,,1033511.6279069767
49033,,36.29086685180664,,,,,,1033534.8837209302
49043,0.8921366333961487,,,,,,,1033767.4418604651
49044,,36.43559265136719,,,,,,1033790.6976744186
49051,0.8923712968826294,,,,,,,1033953.4883720931
49052,,48.467533111572266,,,,,,1033976.7441860465
49059,,,0.822296679019928,0.8226058483123779,-0.35390836000442505,0.9506973028182983,53.10615158081055,1034105.2631578947
49064,,,0.8042293190956116,0.8063145279884338,-0.18989142775535583,0.43582502007484436,36.525718688964844,1034236.8421052631
49072,0.8926276564598083,,,,,,,1034447.3684210526
49073,,50.63869094848633,,,,,,1034473.6842105263
49080,0.8928097486495972,,,,,,,1034657.8947368421
49081,,43.20680618286133,,,,,,1034684.2105263158
49085,0.8930792808532715,,,,,,,1034789.4736842106
49086,,51.95167922973633,,,,,,1034815.7894736842
49091,0.8931401968002319,,,,,,,1034947.3684210526
49092,,31.090805053710938,,,,,,1034973.6842105263
49097,,,0.8317148685455322,0.83650141954422,-0.5487454533576965,1.1490744352340698,40.193397521972656,1035050.0
49103,0.8932576179504395,,,,,,,1035200.0
49104,,36.743255615234375,,,,,,1035225.0
49111,0.8935429453849792,,,,,,,1035400.0
49112,,53.530921936035156,,,,,,1035425.0
49122,0.8937806487083435,,,,,,,1035675.0
49123,,48.77077102661133,,,,,,1035700.0
49133,0.8938776254653931,,,,,,,1035950.0
49134,,34.69969177246094,,,,,,1035975.0
49140,,,0.8028337359428406,0.8051719069480896,-0.5262970924377441,1.0970120429992676,42.96354675292969,1036076.9230769231
49145,0.8940665125846863,,,,,,,1036205.1282051282
49146,,43.89149856567383,,,,,,1036230.7692307692
49156,0.8942238688468933,,,,,,,1036487.1794871795
49157,,40.735992431640625,,,,,,1036512.8205128205
49165,0.8944233059883118,,,,,,,1036717.9487179487
49166,,44.9443473815918,,,,,,1036743.5897435897
49174,0.8945923447608948,,,,,,,1036948.717948718
49175,,41.90126419067383,,,,,,1036974.358974359
49182,,,0.8411539793014526,0.8435080647468567,-0.7195029258728027,1.392399549484253,38.904296875,1037083.3333333334
49193,0.8947369456291199,,,,,,,1037312.5
49194,,39.46111297607422,,,,,,1037333.3333333334
49203,0.8949338793754578,,,,,,,1037520.8333333334
49204,,44.69593048095703,,,,,,1037541.6666666666
49213,0.8952412009239197,,,,,,,1037729.1666666666
49214,,55.73380661010742,,,,,,1037750.0
49224,0.8955028057098389,,,,,,,1037958.3333333334
49225,,51.15940856933594,,,,,,1037979.1666666666
49230,,,0.8160086870193481,0.8162597417831421,-0.7199667692184448,1.3308792114257812,35.701683044433594,1038044.4444444445
49242,0.895529568195343,,,,,,,1038311.1111111111
49243,,27.678804397583008,,,,,,1038333.3333333334
49251,0.8956798911094666,,,,,,,1038511.1111111111
49252,,40.03358459472656,,,,,,1038533.3333333334
49260,0.8957929611206055,,,,,,,1038711.1111111111
49261,,36.304725646972656,,,,,,1038733.3333333334
49271,0.8959888219833374,,,,,,,1038955.5555555555
49272,,44.58789825439453,,,,,,1038977.7777777778
49276,,,0.8094860315322876,0.8115924596786499,-0.11235091090202332,0.7217226624488831,45.57356262207031,1039021.7391304348
49277,,,0.8254472613334656,0.8306374549865723,-0.46655192971229553,1.1115177869796753,40.454105377197266,1039043.4782608695
49288,0.8961108922958374,,,,,,,1039282.6086956522
49289,,37.20738983154297,,,,,,1039304.3478260869
49300,0.8962226510047913,,,,,,,1039543.4782608695
49301,,36.17314529418945,,,,,,1039565.2173913043
49312,0.8964331746101379,,,,,,,1039804.3478260869
49313,,46.05517578125,,,,,,1039826.0869565217
49319,0.8966110348701477,,,,,,,1039956.5217391305
49320,,42.78639602661133,,,,,,1039978.2608695652
49325,,,0.8185580968856812,0.8202500939369202,-0.7335927486419678,1.1024198532104492,43.237831115722656,1040052.6315789474
49332,0.8967776894569397,,,,,,,1040236.8421052631
49333,,41.66811752319336,,,,,,1040263.1578947369
49340,0.8969452381134033,,,,,,,1040447.3684210526
49341,,41.75307846069336,,,,,,1040473.6842105263
49353,0.8970872759819031,,,,,,,1040789.4736842106
49354,,39.2039909362793,,,,,,1040815.7894736842
49359,0.8972768187522888,,,,,,,1040947.3684210526
49360,,43.953922271728516,,,,,,1040973.6842105263
49366,,,0.8186550736427307,0.8188291788101196,-0.43141090869903564,1.1033506393432617,40.757957458496094,1041063.8297872341
49376,0.8973817229270935,,,,,,,1041276.5957446808
49377,,35.49081039428711,,,,,,1041297.8723404255
49387,0.8975616693496704,,,,,,,1041510.6382978724
49388,,42.99601364135742,,,,,,1041531.914893617
49399,0.8978005647659302,,,,,,,1041765.9574468085
49400,,48.89080047607422,,,,,,1041787.2340425532
49408,0.8979632258415222,,,,,,,1041957.4468085107
49409,,41.26747131347656,,,,,,1041978.7234042553
49413,,,0.8213616013526917,0.8234963417053223,-0.7915682196617126,1.3432352542877197,35.488380432128906,1042023.8095238095
49422,0.8982202410697937,,,,,,,1042238.0952380953
49423,,50.702266693115234,,,,,,1042261.9047619047
49430,0.8984301090240479,,,,,,,1042428.5714285715
49431,,45.9862174987793,,,,,,1042452.380952381
49441,0.8985181450843811,,,,,,,1042690.4761904762
49442,,33.804935455322266,,,,,,1042714.2857142857
49452,0.8987916111946106,,,,,,,1042952.380952381
49453,,52.347023010253906,,,,,,1042976.1904761905
49458,,,0.8106405735015869,0.8108921051025391,-0.2832648754119873,0.6500527858734131,45.81413650512695,1043042.5531914893
49469,0.8989325165748596,,,,,,,1043276.5957446808
49470,,39.090545654296875,,,,,,1043297.8723404255
49480,0.8991701006889343,,,,,,,1043510.6382978724
49481,,48.760459899902344,,,,,,1043531.914893617
49489,0.8992727994918823,,,,,,,1043702.1276595745
49490,,35.26988983154297,,,,,,1043723.4042553192
49501,0.8993953466415405,,,,,,,1043957.4468085107
49502,,37.25458908081055,,,,,,1043978.7234042553
49506,,,0.8106454014778137,0.8128203749656677,-0.3910368084907532,0.7525178790092468,36.75055694580078,1044027.027027027
49507,,,0.8347473740577698,0.8387308120727539,-0.9240602254867554,1.5235704183578491,34.38188934326172,1044054.0540540541
49513,0.8996037244796753,,,,,,,1044216.2162162162
49514,,45.838436126708984,,,,,,1044243.2432432432
49520,0.8998509645462036,,,,,,,1044405.4054054054
49521,,49.72325897216797,,,,,,1044432.4324324324
49529,0.9000198245048523,,,,,,,1044648.6486486486
49530,,41.88717269897461,,,,,,1044675.6756756756
49540,0.9000921249389648,,,,,,,1044945.9459459459
49541,,32.229148864746094,,,,,,1044972.972972973
49549,,,0.7914518117904663,0.7918924689292908,-0.23990285396575928,0.6442237496376038,39.082576751708984,1045089.2857142857
49559,0.9002441167831421,,,,,,,1045267.8571428572
49560,,40.19795608520508,,,,,,1045285.7142857143
49573,0.9004600644111633,,,,,,,1045517.8571428572
49574,,46.59767532348633,,,,,,1045535.7142857143
49586,0.9007367491722107,,,,,,,1045750.0
49587,,52.67023849487305,,,,,,1045767.8571428572
49598,0.900995671749115,,,,,,,1045964.2857142857
49599,,50.893211364746094,,,,,,1045982.1428571428
49608,,,0.8083769679069519,0.8127537965774536,-0.4616084098815918,1.2525426149368286,43.61966323852539,1046130.4347826086
49615,0.9012442231178284,,,,,,,1046282.6086956522
49616,,49.85783767700195,,,,,,1046304.3478260869
49624,0.9014701843261719,,,,,,,1046478.2608695652
49625,,47.59379577636719,,,,,,1046500.0
49635,0.9017585515975952,,,,,,,1046717.3913043478
49636,,53.83406448364258,,,,,,1046739.1304347826
49646,0.901943027973175,,,,,,,1046956.5217391305
49647,,43.44969177246094,,,,,,1046978.2608695652
49654,,,0.8367881178855896,0.8371782302856445,-1.083844780921936,2.0527069568634033,47.66557693481445,1047100.0
49660,0.90232914686203,,,,,,,1047250.0
49661,,63.61300277709961,,,,,,1047275.0
49669,0.9024430513381958,,,,,,,1047475.0
49670,,36.39089584350586,,,,,,1047500.0
49679,0.9026491045951843,,,,,,,1047725.0
49680,,45.60759735107422,,,,,,1047750.0
49688,0.9028733968734741,,,,,,,1047950.0
49689,,47.426902770996094,,,,,,1047975.0
49694,,,0.813605010509491,0.8204779624938965,-0.4561385214328766,1.052139401435852,58.97867965698242,1048047.619047619
49702,0.9030690789222717,,,,,,,1048238.0952380953
49703,,44.565738677978516,,,,,,1048261.9047619047
49712,0.9032204747200012,,,,,,,1048476.1904761905
49713,,40.142189025878906,,,,,,1048500.0
49722,0.9034289717674255,,,,,,,1048714.2857142857
49723,,45.85015869140625,,,,,,1048738.0952380951
49732,0.9035625457763672,,,,,,,1048952.380952381
49733,,38.35487365722656,,,,,,1048976.1904761905
49737,,,0.8127082586288452,0.812944233417511,-0.2879360318183899,1.0224605798721313,44.30311965942383,1049023.8095238095
49741,,,0.8308286070823669,0.8341286182403564,-0.6001919507980347,1.2433849573135376,46.143157958984375,1049119.0476190476
49749,0.9036832451820374,,,,,,,1049309.5238095238
49750,,37.07098388671875,,,,,,1049333.3333333333
49755,0.9038214683532715,,,,,,,1049452.380952381
49756,,38.821205139160156,,,,,,1049476.1904761905
49767,0.9039470553398132,,,,,,,1049738.0952380951
49768,,37.556983947753906,,,,,,1049761.9047619049
49776,0.9040008187294006,,,,,,,1049952.380952381
49777,,30.377775192260742,,,,,,1049976.1904761905
